t,q_des_1,q_des_2,q_des_3,qd_des_1,qd_des_2,qd_des_3,qdd_des_1,qdd_des_2,qdd_des_3,q_act_1,q_act_2,q_act_3,qd_act_1,qd_act_2,qd_act_3,tau_fb_1,tau_fb_2,tau_fb_3,tau_total_1,tau_total_2,tau_total_3,tau_sensed_1,tau_sensed_2,tau_sensed_3,e_pos_1,e_pos_2,e_pos_3,e_vel_1,e_vel_2,e_vel_3
0.000,0.00000000,0.78539816,2.35619449,0.00000000,-0.00000000,0.00000000,0.00000000,-0.00000000,0.00000000,-0.00004944,0.78508214,2.36065909,-0.00247840,0.03099942,-0.01991631,0.03221531,-22.88234543,-0.47141951,0.03221531,-22.88234543,-0.47141951,0.00000000,-21.85438887,0.01050286,0.00004944,0.00031602,-0.00446460,0.00247840,-0.03099942,0.01991631
0.010,0.00000001,0.78539815,2.35619450,0.00000351,-0.00000290,0.00000236,0.00070122,-0.00058032,0.00047151,-0.00007497,0.78540236,2.36044760,-0.00249695,0.03125511,-0.02022435,0.03383077,-22.95550139,-0.43739478,0.03383077,-22.95550139,-0.43739478,0.00000000,-21.85437611,0.01057423,0.00007498,-0.00000421,-0.00425310,0.00250046,-0.03125801,0.02022671
0.020,0.00000009,0.78539809,2.35619455,0.00001401,-0.00001160,0.00000942,0.00139894,-0.00115774,0.00094066,-0.00009851,0.78571435,2.36019772,-0.00246121,0.03124113,-0.02141522,0.03478349,-23.01786377,-0.38867989,0.03478349,-23.01786377,-0.38867989,0.03221531,-22.89794503,-0.45892559,0.00009860,-0.00031626,-0.00400317,0.00247522,-0.03125273,0.02142464
0.030,0.00000032,0.78539790,2.35619470,0.00003148,-0.00002605,0.00002116,0.00209315,-0.00173226,0.00140746,-0.00011996,0.78601612,2.35991532,-0.00238217,0.03097506,-0.02312152,0.03520419,-23.06966080,-0.32981389,0.03520419,-23.06966080,-0.32981389,0.03383077,-22.97058981,-0.42327458,0.00012028,-0.00061822,-0.00372062,0.00241365,-0.03100111,0.02314268
0.040,0.00000075,0.78539755,2.35619499,0.00005586,-0.00004623,0.00003756,0.00278386,-0.00230389,0.00187191,-0.00013925,0.78630557,2.35960782,-0.00226888,0.03046764,-0.02502861,0.03519926,-23.11085210,-0.26504669,0.03519926,-23.11085210,-0.26504669,0.03478349,-23.03233645,-0.37330494,0.00014000,-0.00090802,-0.00341283,0.00232474,-0.03051387,0.02506617
0.050,0.00000146,0.78539696,2.35619547,0.00008714,-0.00007212,0.00005860,0.00347108,-0.00287262,0.00233401,-0.00015633,0.78658061,2.35928366,-0.00212874,0.02972662,-0.02687551,0.03485925,-23.14130043,-0.19824246,0.03485925,-23.14130043,-0.19824246,0.03520419,-23.08341257,-0.31360579,0.00015779,-0.00118365,-0.00308819,0.00221588,-0.02979874,0.02693411
0.060,0.00000251,0.78539608,2.35619618,0.00012527,-0.00010368,0.00008424,0.00415482,-0.00343847,0.00279376,-0.00017118,0.78683920,2.35895174,-0.00196788,0.02875964,-0.02845461,0.03425877,-23.16087185,-0.13280576,0.03425877,-23.16087185,-0.13280576,0.03519926,-23.12378147,-0.24845073,0.00017369,-0.00144312,-0.00275556,0.00209315,-0.02886332,0.02853885
0.070,0.00000398,0.78539487,2.35619717,0.00017023,-0.00014088,0.00011446,0.00483508,-0.00400144,0.00325117,-0.00018380,0.78707946,2.35862096,-0.00179139,0.02757623,-0.02961040,0.03346218,-23.16952579,-0.07161963,0.03346218,-23.16952579,-0.07161963,0.03485925,-23.15331343,-0.18170359,0.00018778,-0.00168459,-0.00242379,0.00196162,-0.02771711,0.02972486
0.080,0.00000594,0.78539325,2.35619848,0.00022196,-0.00018369,0.00014925,0.00551186,-0.00456154,0.00370625,-0.00019420,0.78729973,2.35829980,-0.00160346,0.02618900,-0.03023691,0.03252342,-23.16738231,-0.01701013,0.03252342,-23.16738231,-0.01701013,0.03425877,-23.17188550,-0.11674753,0.00020014,-0.00190648,-0.00210132,0.00182542,-0.02637269,0.03038616
0.090,0.00000845,0.78539117,2.35620017,0.00028045,-0.00023210,0.00018858,0.00618518,-0.00511877,0.00415900,-0.00020240,0.78749863,2.35799594,-0.00140764,0.02461433,-0.03027424,0.03148887,-23.15474228,0.02927543,0.03148887,-23.15474228,0.02927543,0.03346218,-23.17947094,-0.05642651,0.00021085,-0.00210746,-0.00179577,0.00168809,-0.02484643,0.03046282
0.100,0.00001157,0.78538859,2.35620227,0.00034566,-0.00028606,0.00023242,0.00685503,-0.00567313,0.00460942,-0.00020845,0.78767510,2.35771600,-0.00120686,0.02287246,-0.02970399,0.03039825,-23.13210253,0.06605847,0.03039825,-23.13210253,0.06605847,0.03252342,-23.17620574,-0.00301351,0.00022002,-0.00228651,-0.00151373,0.00155252,-0.02315852,0.02993641
0.110,0.00001538,0.78538543,2.35620483,0.00041754,-0.00034555,0.00028076,0.00752143,-0.00622463,0.00505751,-0.00021238,0.78782842,2.35746536,-0.00100358,0.02098728,-0.02854401,0.02928689,-23.10016465,0.09271485,0.02928689,-23.10016465,0.09271485,0.03148887,-23.16240814,0.04180746,0.00022776,-0.00244299,-0.00126053,0.00142112,-0.02133283,0.02882477
0.120,0.00001994,0.78538166,2.35620790,0.00049607,-0.00041054,0.00033357,0.00818437,-0.00677327,0.00550328,-0.00021427,0.78795823,2.35724798,-0.00079987,0.01898570,-0.02684256,0.02818511,-23.05979876,0.10913286,0.02818511,-23.05979876,0.10913286,0.03039825,-23.13859300,0.07692758,0.00023421,-0.00257657,-0.00104008,0.00129594,-0.01939624,0.02717613
0.130,0.00002532,0.78537721,2.35621152,0.00058122,-0.00048101,0.00039082,0.00884387,-0.00731907,0.00594674,-0.00021417,0.78806453,2.35706637,-0.00059745,0.01689690,-0.02467213,0.02711980,-23.01203476,0.11565867,0.02711980,-23.01203476,0.11565867,0.02928689,-23.10547991,0.10179526,0.00023949,-0.00268732,-0.00085485,0.00117867,-0.01737791,0.02506295
0.140,0.00003159,0.78537202,2.35621573,0.00067294,-0.00055692,0.00045249,0.00949994,-0.00786202,0.00638789,-0.00021216,0.78814768,2.35692161,-0.00039772,0.01475144,-0.02212309,0.02611433,-22.95801698,0.11303341,0.02611433,-22.95801698,0.11303341,0.02818511,-23.06395629,0.11637085,0.00024375,-0.00277566,-0.00070588,0.00107066,-0.01530836,0.02257558
0.150,0.00003880,0.78536605,2.35622058,0.00077120,-0.00063824,0.00051857,0.01015257,-0.00840212,0.00682673,-0.00020830,0.78820835,2.35681341,-0.00020186,0.01258027,-0.01929750,0.02518838,-22.89896428,0.10232219,0.02518838,-22.89896428,0.10232219,0.02711980,-23.01506814,0.12106903,0.00024710,-0.00284230,-0.00059283,0.00097306,-0.01321851,0.01981607
0.160,0.00004704,0.78535924,2.35622612,0.00087598,-0.00072495,0.00058902,0.01080177,-0.00893940,0.00726326,-0.00020268,0.78824749,2.35674020,-0.00001080,0.01041376,-0.01630314,0.02436118,-22.83613732,0.08483499,0.02436118,-22.83613732,0.08483499,0.02611433,-22.95997409,0.11669343,0.00024972,-0.00288825,-0.00051408,0.00088678,-0.01113871,0.01689216
0.170,0.00005635,0.78535153,2.35623238,0.00098723,-0.00081702,0.00066383,0.01144755,-0.00947384,0.00769749,-0.00019536,0.78826631,2.35669938,0.00017474,0.00828079,-0.01324805,0.02364670,-22.77079362,0.06204545,0.02364670,-22.77079362,0.06204545,0.02518838,-22.89990521,0.10436359,0.00025171,-0.00291478,-0.00046700,0.00081249,-0.00909781,0.01391188
0.180,0.00006680,0.78534288,2.35623941,0.00110492,-0.00091442,0.00074296,0.01208992,-0.01000545,0.00812943,-0.00018644,0.78826621,2.35668739,0.00035420,0.00620794,-0.01023569,0.02305852,-22.70414578,0.03551912,0.02305852,-22.70414578,0.03551912,0.02436118,-22.83613202,0.08543429,0.00025324,-0.00292333,-0.00044798,0.00075072,-0.00712236,0.01097865
0.190,0.00007847,0.78533323,2.35624725,0.00122902,-0.00101712,0.00082641,0.01272887,-0.01053424,0.00855907,-0.00017598,0.78824872,2.35670003,0.00052720,0.00421881,-0.00736077,0.02260875,-22.63733534,0.00683682,0.02260875,-22.63733534,0.00683682,0.02364670,-22.76991933,0.06141345,0.00025445,-0.00291549,-0.00045278,0.00070182,-0.00523593,0.00818718
0.200,0.00009140,0.78532252,2.35625595,0.00135948,-0.00112509,0.00091414,0.01336443,-0.01106022,0.00898643,-0.00016405,0.78821549,2.35673262,0.00069350,0.00233346,-0.00470595,0.02230542,-22.57139970,-0.02246939,0.02230542,-22.57139970,-0.02246939,0.02305852,-22.70248449,0.03388987,0.00025545,-0.00289297,-0.00047667,0.00066598,-0.00345855,0.00562009
0.210,0.00010568,0.78531071,2.35626555,0.00149629,-0.00123831,0.00100613,0.01399658,-0.01158338,0.00941150,-0.00015074,0.78816821,2.35678022,0.00085296,0.00056805,-0.00233937,0.02215792,-22.50724524,-0.05097636,0.02215792,-22.50724524,-0.05097636,0.02260875,-22.63497124,0.00445662,0.00025642,-0.00285750,-0.00051467,0.00064333,-0.00180636,0.00334550
0.220,0.00012135,0.78529774,2.35627609,0.00163941,-0.00135675,0.00110236,0.01462535,-0.01210374,0.00983429,-0.00013610,0.78810856,2.35683788,0.00100559,-0.00106539,-0.00031297,0.02217125,-22.44563774,-0.07741650,0.02217125,-22.44563774,-0.07741650,0.02230542,-22.56841685,-0.02535251,0.00025745,-0.00281082,-0.00056179,0.00063382,-0.00029136,0.00141533
0.230,0.00013849,0.78528355,2.35628761,0.00178879,-0.00148038,0.00120281,0.01525072,-0.01262129,0.01025480,-0.00012021,0.78803816,2.35690080,0.00115149,-0.00255897,0.00133826,0.02235096,-22.38718852,-0.10071478,0.02235096,-22.38718852,-0.10071478,0.02215792,-22.50372539,-0.05412234,0.00025870,-0.00275461,-0.00061319,0.00063730,0.00107859,-0.00013545
0.240,0.00015715,0.78526811,2.35630016,0.00194441,-0.00160917,0.00130745,0.01587272,-0.01313605,0.01067304,-0.00010312,0.78795857,2.35696451,0.00129082,-0.00390887,0.00259632,0.02270024,-22.33234455,-0.12001327,0.02270024,-22.33234455,-0.12001327,0.02217125,-22.44165846,-0.08060175,0.00026027,-0.00269046,-0.00066435,0.00065359,0.00229970,-0.00128887
0.250,0.00017739,0.78525135,2.35631377,0.00210623,-0.00174309,0.00141626,0.01649135,-0.01364801,0.01108901,-0.00008490,0.78787123,2.35702500,0.00142383,-0.00511509,0.00345953,0.02322146,-22.28140464,-0.13469022,0.02322146,-22.28140464,-0.13469022,0.02235096,-22.38282164,-0.10373937,0.00026229,-0.00261988,-0.00071123,0.00068240,0.00337200,-0.00204327
0.260,0.00019929,0.78523323,2.35632850,0.00227422,-0.00188212,0.00152922,0.01710660,-0.01415719,0.01150271,-0.00006558,0.78777744,2.35707886,0.00155083,-0.00618109,0.00394127,0.02391723,-22.23451347,-0.14435690,0.02391723,-22.23451347,-0.14435690,0.02270024,-22.32765500,-0.12270651,0.00026487,-0.00254421,-0.00075036,0.00072339,0.00429897,-0.00241205
0.270,0.00022290,0.78521369,2.35634437,0.00244835,-0.00202622,0.00164631,0.01771849,-0.01466358,0.01191416,-0.00004522,0.78767834,2.35712335,0.00167216,-0.00711334,0.00406817,0.02478782,-22.19168279,-0.14886248,0.02478782,-22.19168279,-0.14886248,0.02322146,-22.27644959,-0.13691465,0.00026812,-0.00246465,-0.00077898,0.00077619,0.00508712,-0.00242186
0.280,0.00024828,0.78519269,2.35636144,0.00262858,-0.00217538,0.00176750,0.01832703,-0.01516720,0.01232335,-0.00002385,0.78757491,2.35715643,0.00178821,-0.00792082,0.00387802,0.02583324,-22.15280125,-0.14826800,0.02583324,-22.15280125,-0.14826800,0.02391723,-22.22934185,-0.14601069,0.00027213,-0.00238222,-0.00079499,0.00084037,0.00574544,-0.00211052
0.290,0.00027549,0.78517017,2.35637973,0.00281488,-0.00232956,0.00189277,0.01893221,-0.01566804,0.01273028,-0.00000152,0.78746796,2.35717678,0.00189939,-0.00861443,0.00341734,0.02705308,-22.11765921,-0.14283658,0.02705308,-22.11765921,-0.14283658,0.02478782,-22.18633516,-0.14988012,0.00027701,-0.00229779,-0.00079705,0.00091549,0.00628487,-0.00152457
0.300,0.00030460,0.78514608,2.35639931,0.00300722,-0.00248873,0.00202209,0.01953405,-0.01616611,0.01313497,0.00002174,0.78735813,2.35718381,0.00200613,-0.00920646,0.00273885,0.02844695,-22.08596491,-0.13299306,0.02844695,-22.08596491,-0.13299306,0.02583324,-22.14730998,-0.14861970,0.00028286,-0.00221205,-0.00078450,0.00100109,0.00671773,-0.00071676
0.310,0.00033566,0.78512038,2.35642019,0.00320555,-0.00265287,0.00215546,0.02013255,-0.01666142,0.01353741,0.00004591,0.78724593,2.35717761,0.00210887,-0.00970998,0.00189896,0.03001290,-22.05736613,-0.11930856,0.03001290,-22.05736613,-0.11930856,0.02705308,-22.11204893,-0.14252622,0.00028975,-0.00212555,-0.00075742,0.00109668,0.00705711,0.00025650
0.320,0.00036873,0.78509301,2.35644243,0.00340986,-0.00282195,0.00229283,0.02072772,-0.01715398,0.01393760,0.00007097,0.78713169,2.35715885,0.00220804,-0.01013835,0.00095524,0.03174963,-22.03147703,-0.10245113,0.03174963,-22.03147703,-0.10245113,0.02844695,-22.08025319,-0.13205511,0.00029776,-0.00203868,-0.00071642,0.00120182,0.00731640,0.00133759
0.330,0.00040387,0.78506392,2.35646606,0.00362010,-0.00299594,0.00243420,0.02131956,-0.01764377,0.01433557,0.00009689,0.78701566,2.35712876,0.00230410,-0.01050467,-0.00003581,0.03365519,-22.00789338,-0.08316164,0.03365519,-22.00789338,-0.08316164,0.03001290,-22.05156433,-0.11780406,0.00030698,-0.00195174,-0.00066270,0.00131600,0.00750873,0.00247001
0.340,0.00044115,0.78503307,2.35649113,0.00383624,-0.00317482,0.00257954,0.02190808,-0.01813082,0.01473129,0.00012367,0.78689794,2.35708900,0.00239749,-0.01082136,-0.00102089,0.03572817,-21.98621206,-0.06221283,0.03572817,-21.98621206,-0.06221283,0.03174963,-22.02559131,-0.10046307,0.00031748,-0.00186487,-0.00059787,0.00143875,0.00764654,0.00360043
0.350,0.00048062,0.78500041,2.35651766,0.00405825,-0.00335855,0.00272882,0.02249328,-0.01861513,0.01512479,0.00015129,0.78677859,2.35704156,0.00248863,-0.01109982,-0.00195157,0.03796602,-21.96605108,-0.04038376,0.03796602,-21.96605108,-0.04038376,0.03365519,-22.00192578,-0.08078984,0.00032933,-0.00177818,-0.00052390,0.00156962,0.00774127,0.00468039
0.360,0.00052233,0.78496589,2.35654571,0.00428609,-0.00354711,0.00288203,0.02307517,-0.01909669,0.01551606,0.00017975,0.78665758,2.35698868,0.00257796,-0.01135011,-0.00278575,0.04036596,-21.94706341,-0.01841942,0.04036596,-21.94706341,-0.01841942,0.03572817,-21.98016156,-0.05956869,0.00034258,-0.00169169,-0.00044297,0.00170813,0.00780300,0.00566778
0.370,0.00056636,0.78492945,2.35657532,0.00451974,-0.00374047,0.00303913,0.02365376,-0.01957553,0.01590512,0.00020904,0.78653485,2.35693270,0.00266590,-0.01158078,-0.00348867,0.04292685,-21.92894951,0.00298596,0.04292685,-21.92894951,0.00298596,0.03796602,-21.95991470,-0.03758503,0.00035732,-0.00160540,-0.00035738,0.00185384,0.00784031,0.00652780
0.380,0.00061275,0.78489106,2.35660651,0.00475915,-0.00393861,0.00320012,0.02422905,-0.02005163,0.01629195,0.00023918,0.78641033,2.35687602,0.00275286,-0.01179868,-0.00403361,0.04564506,-21.91145846,0.02321107,0.04564506,-21.91145846,0.02321107,0.04036596,-21.94083721,-0.01558522,0.00037357,-0.00151927,-0.00026951,0.00200629,0.00786007,0.00723373
0.390,0.00066156,0.78485067,2.35663933,0.00500431,-0.00414150,0.00336497,0.02480105,-0.02052501,0.01667657,0.00027017,0.78628393,2.35682094,0.00283925,-0.01200899,-0.00440210,0.04851834,-21.89440244,0.04173103,0.04851834,-21.89440244,0.04173103,0.04292685,-21.92262955,0.00573976,0.00039139,-0.00143326,-0.00018161,0.00216506,0.00786749,0.00776707
0.400,0.00071285,0.78480822,2.35667382,0.00525516,-0.00434910,0.00353365,0.02536976,-0.02099566,0.01705898,0.00030201,0.78615559,2.35676965,0.00292548,-0.01221520,-0.00458398,0.05154371,-21.87765724,0.05812358,0.05154371,-21.87765724,0.05812358,0.04564506,-21.90504154,0.02577588,0.00041084,-0.00134737,-0.00009583,0.00232968,0.00786610,0.00811763
0.410,0.00076668,0.78476367,2.35671002,0.00551169,-0.00456140,0.00370614,0.02593519,-0.02146361,0.01743918,0.00033472,0.78602528,2.35672409,0.00301193,-0.01241922,-0.00457695,0.05471866,-21.86115702,0.07207721,0.05471866,-21.86115702,0.07207721,0.04851834,-21.88788682,0.04400897,0.00043196,-0.00126161,-0.00001407,0.00249976,0.00785782,0.00828309
0.420,0.00082311,0.78471697,2.35674796,0.00577386,-0.00477837,0.00388242,0.02649735,-0.02192884,0.01781718,0.00036832,0.78589300,2.35668596,0.00309900,-0.01262149,-0.00438600,0.05804013,-21.84489545,0.08339139,0.05804013,-21.84489545,0.08339139,0.05154371,-21.87104309,0.06003015,0.00045479,-0.00117603,0.00006200,0.00267486,0.00784312,0.00826842
0.430,0.00088218,0.78466808,2.35678768,0.00604163,-0.00499997,0.00406247,0.02705624,-0.02239137,0.01819299,0.00040284,0.78575879,2.35665664,0.00318710,-0.01282122,-0.00402251,0.06150388,-21.82891681,0.09197690,0.06150388,-21.82891681,0.09197690,0.05471866,-21.85444681,0.07354323,0.00047934,-0.00109071,0.00013104,0.00285453,0.00782125,0.00808498
0.440,0.00094396,0.78461696,2.35682922,0.00631497,-0.00522618,0.00424627,0.02761186,-0.02285120,0.01856660,0.00043829,0.78562276,2.35663718,0.00327661,-0.01301660,-0.00350328,0.06510711,-21.81331207,0.09784773,0.06510711,-21.81331207,0.09784773,0.05804013,-21.83809409,0.08436419,0.00050567,-0.00100580,0.00019204,0.00303836,0.00779042,0.00774955
0.450,0.00100850,0.78456355,2.35687262,0.00659385,-0.00545698,0.00443380,0.02816423,-0.02330833,0.01893802,0.00047471,0.78548506,2.35662831,0.00336793,-0.01320499,-0.00284936,0.06884578,-21.79821384,0.10111119,0.06884578,-21.79821384,0.10111119,0.06150388,-21.82203172,0.09242069,0.00053379,-0.00092151,0.00024431,0.00322592,0.00774801,0.00728316
0.460,0.00107585,0.78450780,2.35691791,0.00687825,-0.00569234,0.00462503,0.02871334,-0.02376277,0.01930725,0.00051213,0.78534588,2.35663039,0.00346147,-0.01338326,-0.00208487,0.07271573,-21.78378083,0.10195367,0.07271573,-21.78378083,0.10195367,0.06510711,-21.80635303,0.09774343,0.00056372,-0.00083808,0.00028752,0.00341678,0.00769092,0.00670990
0.470,0.00114608,0.78444968,2.35696513,0.00716811,-0.00593223,0.00481994,0.02925921,-0.02421452,0.01967430,0.00055059,0.78520546,2.35664350,0.00355761,-0.01354796,-0.00123582,0.07671311,-21.77018652,0.10062926,0.07671311,-21.77018652,0.10062926,0.06884578,-21.79119281,0.10045552,0.00059549,-0.00075578,0.00032163,0.00361050,0.00761573,0.00605576
0.480,0.00121923,0.78438914,2.35701432,0.00746342,-0.00617662,0.00501851,0.02980185,-0.02466360,0.02003917,0.00059013,0.78506408,2.35666742,0.00365678,-0.01369560,-0.00032891,0.08083290,-21.75761755,0.09744255,0.08083290,-21.75761755,0.09744255,0.07271573,-21.77671158,0.10075776,0.00062910,-0.00067494,0.00034690,0.00380664,0.00751898,0.00534742
0.490,0.00129537,0.78432614,2.35706551,0.00776414,-0.00642549,0.00522071,0.03034124,-0.02510999,0.02040187,0.00063080,0.78492203,2.35670167,0.00375938,-0.01382284,0.00060950,0.08507101,-21.74625887,0.09273082,0.08507101,-21.74625887,0.09273082,0.07671311,-21.76308423,0.09891689,0.00066457,-0.00059589,0.00036384,0.00400476,0.00739735,0.00461121
0.500,0.00137453,0.78426062,2.35711875,0.00807023,-0.00667881,0.00542654,0.03087741,-0.02555372,0.02076240,0.00067265,0.78477965,2.35674556,0.00386581,-0.01392673,0.00155442,0.08942109,-21.73629049,0.08685296,0.08942109,-21.73629049,0.08685296,0.08083290,-21.75049836,0.09524797,0.00070188,-0.00051903,0.00037319,0.00420442,0.00724792,0.00387212
0.510,0.00145679,0.78419255,2.35717405,0.00838167,-0.00693656,0.00563595,0.03141036,-0.02599478,0.02112076,0.00071574,0.78463726,2.35679825,0.00397648,-0.01400479,0.00248297,0.09387932,-21.72787074,0.08016454,0.09387932,-21.72787074,0.08016454,0.08507101,-21.73913937,0.09009650,0.00074105,-0.00044471,0.00037580,0.00440519,0.00706823,0.00315298
0.520,0.00154218,0.78412187,2.35723148,0.00869843,-0.00719870,0.00584894,0.03194009,-0.02643318,0.02147696,0.00076012,0.78449519,2.35685877,0.00409182,-0.01405522,0.00337515,0.09843908,-21.72114070,0.07301979,0.09843908,-21.72114070,0.07301979,0.08942109,-21.72918724,0.08382712,0.00078206,-0.00037332,0.00037271,0.00460661,0.00685652,0.00247379
0.530,0.00163077,0.78404856,2.35729105,0.00902047,-0.00746521,0.00606549,0.03246661,-0.02686892,0.02183100,0.00080585,0.78435377,2.35692608,0.00421222,-0.01407692,0.00421424,0.10309544,-21.71620688,0.06574101,0.10309544,-21.71620688,0.06574101,0.09387932,-21.72079972,0.07679878,0.00082492,-0.00030521,0.00036497,0.00480825,0.00661171,0.00185125
0.540,0.00172261,0.78397255,2.35735280,0.00934775,-0.00773607,0.00628556,0.03298993,-0.02730201,0.02218288,0.00085301,0.78421330,2.35699914,0.00433809,-0.01406957,0.00498719,0.10784233,-21.71315471,0.05862162,0.10784233,-21.71315471,0.05862162,0.09843908,-21.71411694,0.06936677,0.00086960,-0.00024075,0.00035366,0.00500966,0.00633350,0.00129837
0.550,0.00181775,0.78389382,2.35741677,0.00968025,-0.00801124,0.00650914,0.03351005,-0.02773245,0.02253262,0.00090166,0.78407404,2.35707691,0.00446982,-0.01403363,0.00568472,0.11267380,-21.71202596,0.05191453,0.11267380,-21.71202596,0.05191453,0.10309544,-21.70924397,0.06185234,0.00091609,-0.00018022,0.00033986,0.00521043,0.00602239,0.00082442
0.560,0.00191623,0.78381232,2.35748299,0.01001794,-0.00829071,0.00673620,0.03402697,-0.02816025,0.02288021,0.00095188,0.78393623,2.35715843,0.00460782,-0.01397034,0.00630136,0.11758319,-21.71283568,0.04582447,0.11758319,-21.71283568,0.04582447,0.10784233,-21.70626449,0.05454598,0.00096435,-0.00012391,0.00032456,0.00541012,0.00567963,0.00043484
0.570,0.00201812,0.78372799,2.35755150,0.01036078,-0.00857444,0.00696673,0.03454071,-0.02858542,0.02322565,0.00100374,0.78380008,2.35724280,0.00475244,-0.01388163,0.00683526,0.12256519,-21.71556673,0.04050815,0.12256519,-21.71556673,0.04050815,0.11267380,-21.70521822,0.04769606,0.00101438,-0.00007209,0.00030870,0.00560834,0.00530719,0.00013147
0.580,0.00212347,0.78364081,2.35762234,0.01070874,-0.00886241,0.00720071,0.03505127,-0.02900795,0.02356896,0.00105733,0.78366572,2.35732926,0.00490407,-0.01377008,0.00728792,0.12761357,-21.72016335,0.03607150,0.12761357,-21.72016335,0.03607150,0.11758319,-21.70611795,0.04150152,0.00106614,-0.00002491,0.00029308,0.00580467,0.00490767,-0.00008721
0.590,0.00223231,0.78355073,2.35769553,0.01106180,-0.00915459,0.00743811,0.03555865,-0.02942785,0.02391013,0.00111273,0.78353327,2.35741717,0.00506305,-0.01363883,0.00766381,0.13272125,-21.72654679,0.03256759,0.13272125,-21.72654679,0.03256759,0.12256519,-21.70894418,0.03611240,0.00111958,0.00001746,0.00027836,0.00599875,0.00448424,-0.00022570
0.600,0.00234472,0.78345771,2.35777111,0.01141991,-0.00945096,0.00767890,0.03606287,-0.02984513,0.02424917,0.00117003,0.78340278,2.35750605,0.00522972,-0.01349145,0.00796994,0.13788334,-21.73461169,0.03000568,0.13788334,-21.73461169,0.03000568,0.12761357,-21.71363870,0.03162734,0.00117469,0.00005493,0.00026506,0.00619019,0.00404049,-0.00029104
0.610,0.00246073,0.78336170,2.35784912,0.01178304,-0.00975148,0.00792308,0.03656392,-0.03025979,0.02458608,0.00122931,0.78327425,2.35759557,0.00540440,-0.01333180,0.00821528,0.14309275,-21.74423330,0.02835299,0.14309275,-21.74423330,0.02835299,0.13272125,-21.72012035,0.02809194,0.00123142,0.00008745,0.00025355,0.00637864,0.00358032,-0.00029220
0.620,0.00258040,0.78326266,2.35792958,0.01215118,-0.01005615,0.00817062,0.03706181,-0.03067184,0.02492087,0.00129067,0.78314765,2.35768552,0.00558738,-0.01316398,0.00841028,0.14834425,-21.75527011,0.02753675,0.14834425,-21.75527011,0.02753675,0.13788334,-21.72828144,0.02550804,0.00128973,0.00011501,0.00024406,0.00656380,0.00310783,-0.00023966
0.630,0.00270377,0.78316056,2.35801254,0.01252427,-0.01036491,0.00842149,0.03755655,-0.03108128,0.02525354,0.00135421,0.78302288,2.35777586,0.00577895,-0.01299212,0.00856629,0.15363115,-21.76756516,0.02745847,0.15363115,-21.76756516,0.02745847,0.14309275,-21.73799503,0.02383583,0.00134956,0.00013768,0.00023668,0.00674532,0.00262721,-0.00014480
0.640,0.00283090,0.78305535,2.35809803,0.01290230,-0.01067776,0.00867568,0.03804814,-0.03148812,0.02558410,0.00142002,0.78289983,2.35786667,0.00597936,-0.01282034,0.00869503,0.15894848,-21.78096110,0.02799388,0.15894848,-21.78096110,0.02799388,0.14834425,-21.74911761,0.02299612,0.00141088,0.00015552,0.00023136,0.00692294,0.00214258,-0.00001935
0.650,0.00296183,0.78294699,2.35818607,0.01328522,-0.01099467,0.00893317,0.03853660,-0.03189236,0.02591254,0.00148819,0.78277834,2.35795815,0.00618885,-0.01265259,0.00880812,0.16428997,-21.79529561,0.02900134,0.16428997,-21.79529561,0.02900134,0.15363115,-21.76149049,0.02288479,0.00147364,0.00016865,0.00022792,0.00709637,0.00165792,0.00012505
0.660,0.00309662,0.78283544,2.35827670,0.01367302,-0.01131560,0.00919393,0.03902192,-0.03229400,0.02623888,0.00155883,0.78265821,2.35805057,0.00640764,-0.01249260,0.00891658,0.16965103,-21.81040843,0.03033363,0.16965103,-21.81040843,0.03033363,0.15894848,-21.77495478,0.02337289,0.00153779,0.00017723,0.00022613,0.00726538,0.00117700,0.00027735
0.670,0.00323531,0.78272067,2.35836996,0.01406565,-0.01164054,0.00945794,0.03950411,-0.03269306,0.02656311,0.00163204,0.78253924,2.35814429,0.00663592,-0.01234377,0.00903054,0.17502576,-21.82614456,0.03184215,0.17502576,-21.82614456,0.03184215,0.16428997,-21.78934698,0.02431514,0.00160327,0.00018143,0.00022567,0.00742973,0.00070323,0.00042740
0.680,0.00337795,0.78260262,2.35846587,0.01446309,-0.01196945,0.00972518,0.03998318,-0.03308953,0.02688524,0.00170791,0.78242119,2.35823973,0.00687386,-0.01220911,0.00915882,0.18040932,-21.84236347,0.03338014,0.18040932,-21.84236347,0.03338014,0.16965103,-21.80450586,0.02556179,0.00167004,0.00018143,0.00022614,0.00758923,0.00023966,0.00056636
0.690,0.00352459,0.78248126,2.35856447,0.01486530,-0.01230232,0.00999563,0.04045913,-0.03348342,0.02720528,0.00178656,0.78230381,2.35833732,0.00712161,-0.01209122,0.00930881,0.18579683,-21.85893180,0.03481411,0.18579683,-21.85893180,0.03481411,0.17502576,-21.82027578,0.02696278,0.00173803,0.00017745,0.00022715,0.00774369,-0.00021110,0.00068682
0.700,0.00367527,0.78235656,2.35866579,0.01527226,-0.01263911,0.01026928,0.04093198,-0.03387474,0.02752323,0.00186809,0.78218686,2.35843750,0.00737931,-0.01199226,0.00948622,0.19118338,-21.87572925,0.03602417,0.19118338,-21.87572925,0.03602417,0.18040932,-21.83651579,0.02837090,0.00180718,0.00016970,0.00022829,0.00789295,-0.00064685,0.00078306
0.710,0.00383005,0.78222847,2.35876987,0.01568393,-0.01297981,0.01054609,0.04140172,-0.03426349,0.02783908,0.00195259,0.78207007,2.35854072,0.00764707,-0.01191390,0.00969511,0.19656500,-21.89265590,0.03691021,0.19656500,-21.89265590,0.03691021,0.18579683,-21.85309239,0.02965323,0.00187746,0.00015840,0.00022915,0.00803686,-0.00106591,0.00085098
0.720,0.00398896,0.78209695,2.35887672,0.01610029,-0.01332437,0.01082605,0.04186835,-0.03464967,0.02815286,0.00204018,0.78195319,2.35864738,0.00792498,-0.01185738,0.00993779,0.20193667,-21.90962454,0.03738899,0.20193667,-21.90962454,0.03738899,0.19118338,-21.86988533,0.03069126,0.00194878,0.00014376,0.00022934,0.00817531,-0.00146699,0.00088826
0.730,0.00415207,0.78196197,2.35898640,0.01652129,-0.01367279,0.01110914,0.04233190,-0.03503330,0.02846455,0.00213095,0.78183597,2.35875784,0.00821311,-0.01182351,0.01021497,0.20729520,-21.92656367,0.03740725,0.20729520,-21.92656367,0.03740725,0.19656500,-21.88679495,0.03138696,0.00202112,0.00012600,0.00022856,0.00830818,-0.00184928,0.00089417
0.740,0.00431941,0.78182348,2.35909892,0.01694691,-0.01402503,0.01139534,0.04279236,-0.03541437,0.02877417,0.00222502,0.78171817,2.35887243,0.00851153,-0.01181270,0.01052582,0.21263597,-21.94341997,0.03692735,0.21263597,-21.94341997,0.03692735,0.20193667,-21.90373442,0.03165980,0.00209439,0.00010531,0.00022649,0.00843538,-0.00221233,0.00086952
0.750,0.00449102,0.78168146,2.35921432,0.01737713,-0.01438107,0.01168462,0.04324974,-0.03579289,0.02908172,0.00232248,0.78159955,2.35899138,0.00882028,-0.01182498,0.01086822,0.21795503,-21.96014923,0.03593848,0.21795503,-21.96014923,0.03593848,0.20729520,-21.92063276,0.03145956,0.00216854,0.00008191,0.00022294,0.00855685,-0.00255609,0.00081640
0.760,0.00466696,0.78153585,2.35933262,0.01781190,-0.01474088,0.01197697,0.04370404,-0.03616886,0.02938720,0.00242345,0.78147990,2.35911489,0.00913939,-0.01186010,0.01123887,0.22324927,-21.97672799,0.03444833,0.22324927,-21.97672799,0.03444833,0.21263597,-21.93743723,0.03075194,0.00224351,0.00005595,0.00021773,0.00867251,-0.00288078,0.00073810
0.770,0.00484727,0.78138663,2.35945386,0.01825120,-0.01510444,0.01227236,0.04415527,-0.03654229,0.02969061,0.00252802,0.78135900,2.35924307,0.00946886,-0.01191755,0.01163361,0.22851510,-21.99313652,0.03248653,0.22851510,-21.99313652,0.03248653,0.21795503,-21.95410428,0.02952956,0.00231925,0.00002763,0.00021079,0.00878234,-0.00318689,0.00063875
0.780,0.00503200,0.78123375,2.35957808,0.01869499,-0.01547172,0.01257077,0.04460344,-0.03691319,0.02999197,0.00263631,0.78123666,2.35937596,0.00980871,-0.01199662,0.01204763,0.23374938,-22.00937017,0.03009947,0.23374938,-22.00937017,0.03009947,0.22324927,-21.97061108,0.02780348,0.00239569,-0.00000291,0.00020212,0.00888628,-0.00347510,0.00052314
0.790,0.00522119,0.78107718,2.35970529,0.01914326,-0.01584269,0.01287219,0.04504855,-0.03728156,0.03029127,0.00274840,0.78111270,2.35951356,0.01015892,-0.01209645,0.01247571,0.23894898,-22.02542774,0.02734263,0.23894898,-22.02542774,0.02734263,0.22851510,-21.98693854,0.02560655,0.00247279,-0.00003552,0.00019173,0.00898434,-0.00374624,0.00039648
0.800,0.00541488,0.78091688,2.35983553,0.01959595,-0.01621734,0.01317659,0.04549061,-0.03764740,0.03058851,0.00286441,0.78098695,2.35965579,0.01051947,-0.01221612,0.01291251,0.24411032,-22.04131603,0.02428601,0.24411032,-22.04131603,0.02428601,0.23374938,-22.00308261,0.02298802,0.00255047,-0.00007007,0.00017974,0.00907648,-0.00400122,0.00026408
0.810,0.00561312,0.78075282,2.35996883,0.02005306,-0.01659563,0.01348395,0.04592962,-0.03801072,0.03088371,0.00298444,0.78085925,2.35980253,0.01089033,-0.01235464,0.01335273,0.24923123,-22.05704223,0.02100511,0.24923123,-22.05704223,0.02100511,0.23894898,-22.01904263,0.02000594,0.00262868,-0.00010643,0.00016630,0.00916273,-0.00424099,0.00013122
0.820,0.00581596,0.78058496,2.36010522,0.02051454,-0.01697755,0.01379426,0.04636559,-0.03837152,0.03117686,0.00310859,0.78072944,2.35995360,0.01127145,-0.01251107,0.01379137,0.25430908,-22.07261815,0.01757908,0.25430908,-22.07261815,0.01757908,0.24411032,-22.03482586,0.01673237,0.00270737,-0.00014448,0.00015162,0.00924309,-0.00446648,0.00000289
0.830,0.00602343,0.78041326,2.36024473,0.02098036,-0.01736306,0.01410748,0.04679853,-0.03872982,0.03146797,0.00323696,0.78059740,2.36010881,0.01166279,-0.01268447,0.01422386,0.25934062,-22.08805445,0.01408704,0.25934062,-22.08805445,0.01408704,0.24923123,-22.05043989,0.01324443,0.00278647,-0.00018414,0.00013592,0.00931757,-0.00467859,-0.00011638
0.840,0.00623558,0.78023768,2.36038738,0.02145050,-0.01775213,0.01442361,0.04722844,-0.03908560,0.03175705,0.00336965,0.78046297,2.36026795,0.01206427,-0.01287401,0.01464627,0.26432388,-22.10336065,0.01060441,0.26432388,-22.10336065,0.01060441,0.25430908,-22.06589684,0.00962234,0.00286593,-0.00022529,0.00011943,0.00938623,-0.00487812,-0.00022266
0.850,0.00645245,0.78005820,2.36053321,0.02192492,-0.01814476,0.01474262,0.04765532,-0.03943889,0.03204409,0.00350675,0.78032603,2.36043077,0.01247584,-0.01307895,0.01505531,0.26925632,-22.11854067,0.00720411,0.26925632,-22.11854067,0.00720411,0.25934062,-22.08120757,0.00594582,0.00294570,-0.00026783,0.00010244,0.00944908,-0.00506581,-0.00031269
0.860,0.00667409,0.77987478,2.36068224,0.02240359,-0.01854090,0.01506448,0.04807919,-0.03978967,0.03232911,0.00364837,0.78018645,2.36059705,0.01289741,-0.01329865,0.01544850,0.27413613,-22.13359721,0.00394877,0.27413613,-22.13359721,0.00394877,0.26432388,-22.09638176,0.00229038,0.00302572,-0.00031167,0.00008519,0.00950618,-0.00524225,-0.00038402
0.870,0.00690054,0.77968737,2.36083451,0.02288649,-0.01894054,0.01538919,0.04850005,-0.04013797,0.03261210,0.00379461,0.78004411,2.36076656,0.01332890,-0.01353263,0.01582414,0.27896131,-22.14853237,0.00089527,0.27896131,-22.14853237,0.00089527,0.26925632,-22.11142339,-0.00127142,0.00310593,-0.00035674,0.00006795,0.00955759,-0.00540791,-0.00043495
0.880,0.00713184,0.77949595,2.36099003,0.02337358,-0.01934366,0.01571672,0.04891790,-0.04048378,0.03289307,0.00394555,0.77989887,2.36093909,0.01377020,-0.01378049,0.01618133,0.28372976,-22.16333765,-0.00191442,0.28372976,-22.16333765,-0.00191442,0.27413613,-22.12633517,-0.00467769,0.00318629,-0.00040292,0.00005094,0.00960338,-0.00556317,-0.00046461
0.890,0.00736802,0.77930049,2.36114885,0.02386484,-0.01975021,0.01604705,0.04933275,-0.04082710,0.03317202,0.00410129,0.77975060,2.36111445,0.01422123,-0.01404197,0.01651995,0.28843924,-22.17800117,-0.00444325,0.28843924,-22.17800117,-0.00444325,0.27896131,-22.14111916,-0.00787263,0.00326673,-0.00045011,0.00003440,0.00964361,-0.00570824,-0.00047290
0.900,0.00760915,0.77910094,2.36131098,0.02436023,-0.02016019,0.01638015,0.04974461,-0.04116795,0.03344896,0.00426193,0.77959919,2.36129247,0.01468186,-0.01431691,0.01684057,0.29308948,-22.19251286,-0.00667128,0.29308948,-22.19251286,-0.00667128,0.28372976,-22.15576679,-0.01081565,0.00334722,-0.00049825,0.00001851,0.00967837,-0.00584328,-0.00046042
0.910,0.00785524,0.77889727,2.36147646,0.02485972,-0.02057356,0.01671602,0.05015348,-0.04150633,0.03372389,0.00442755,0.77944449,2.36147303,0.01515199,-0.01460523,0.01714442,0.29767742,-22.20685368,-0.00858474,0.29767742,-22.20685368,-0.00858474,0.28843924,-22.17026607,-0.01347122,0.00342769,-0.00054722,0.00000343,0.00970773,-0.00596833,-0.00042840
0.920,0.00810635,0.77868946,2.36164531,0.02536329,-0.02099031,0.01705462,0.05055937,-0.04184224,0.03399682,0.00459825,0.77928636,2.36165603,0.01563148,-0.01490694,0.01743322,0.30220282,-22.22100077,-0.01018354,0.30220282,-22.22100077,-0.01018354,0.29308948,-22.18460682,-0.01582109,0.00350810,-0.00059690,-0.00001072,0.00973181,-0.00608337,-0.00037860
0.930,0.00836252,0.77847746,2.36181757,0.02587090,-0.02141040,0.01739595,0.05096229,-0.04217569,0.03426774,0.00477412,0.77912469,2.36184140,0.01612022,-0.01522208,0.01770915,0.30666432,-22.23493402,-0.01147359,0.30666432,-22.23493402,-0.01147359,0.29767742,-22.19876992,-0.01785321,0.00358840,-0.00064723,-0.00002383,0.00975068,-0.00618832,-0.00031320
0.940,0.00862379,0.77826124,2.36199324,0.02638252,-0.02183381,0.01773997,0.05136223,-0.04250667,0.03453667,0.00495523,0.77895932,2.36202911,0.01661806,-0.01555074,0.01797468,0.31106084,-22.24862881,-0.01247537,0.31106084,-22.24862881,-0.01247537,0.30220282,-22.21273242,-0.01956917,0.00366856,-0.00069808,-0.00003587,0.00976446,-0.00628307,-0.00023471
0.950,0.00889019,0.77804077,2.36217237,0.02689813,-0.02226052,0.01808668,0.05175921,-0.04283521,0.03480361,0.00514168,0.77879013,2.36221917,0.01712486,-0.01589298,0.01823248,0.31539107,-22.26206005,-0.01320830,0.31539107,-22.26206005,-0.01320830,0.30666432,-22.22647417,-0.02097654,0.00374851,-0.00074936,-0.00004680,0.00977327,-0.00636754,-0.00014580
0.960,0.00916176,0.77781602,2.36235498,0.02741770,-0.02269051,0.01843604,0.05215323,-0.04316129,0.03506855,0.00533356,0.77861696,2.36241161,0.01764047,-0.01624887,0.01848530,0.31965422,-22.27520321,-0.01370186,0.31965422,-22.27520321,-0.01370186,0.31106084,-22.23997053,-0.02209725,0.00382820,-0.00080094,-0.00005663,0.00977723,-0.00644164,-0.00004926
0.970,0.00943855,0.77758695,2.36254110,0.02794119,-0.02312374,0.01878804,0.05254430,-0.04348494,0.03533151,0.00553093,0.77843969,2.36260648,0.01816474,-0.01661844,0.01873585,0.32385003,-22.28803639,-0.01398747,0.32385003,-22.28803639,-0.01398747,0.31539107,-22.25319647,-0.02295206,0.00390762,-0.00085274,-0.00006538,0.00977645,-0.00650530,0.00005219
0.980,0.00972060,0.77735353,2.36273075,0.02846857,-0.02356020,0.01914266,0.05293242,-0.04380614,0.03559249,0.00573389,0.77825817,2.36280388,0.01869752,-0.01700168,0.01898674,0.32797798,-22.30053886,-0.01410028,0.32797798,-22.30053886,-0.01410028,0.31965422,-22.26612752,-0.02357156,0.00398671,-0.00090464,-0.00007313,0.00977105,-0.00655852,0.00015592
0.990,0.01000794,0.77711573,2.36292396,0.02899983,-0.02399986,0.01949988,0.05331760,-0.04412491,0.03585149,0.00594251,0.77807229,2.36300389,0.01923864,-0.01739848,0.01924036,0.33203744,-22.31269203,-0.01407464,0.33203744,-22.31269203,-0.01407464,0.32385003,-22.27874194,-0.02398807,0.00406543,-0.00095656,-0.00007993,0.00976119,-0.00660138,0.00025952
1.000,0.01030061,0.77687352,2.36312076,0.02953492,-0.02444269,0.01985969,0.05369985,-0.04444125,0.03610852,0.00615687,0.77788189,2.36320663,0.01978794,-0.01780869,0.01949883,0.33602793,-22.32448069,-0.01394405,0.33602793,-22.32448069,-0.01394405,0.32797798,-22.29101920,-0.02423740,0.00414374,-0.00100837,-0.00008587,0.00974698,-0.00663400,0.00036086
1.010,0.01059865,0.77662687,2.36332117,0.03007381,-0.02488867,0.02022205,0.05407917,-0.04475517,0.03636358,0.00637704,0.77768687,2.36341223,0.02034525,-0.01823207,0.01976395,0.33994930,-22.33589382,-0.01374191,0.33994930,-22.33589382,-0.01374191,0.33203744,-22.30294093,-0.02435430,0.00422161,-0.00106000,-0.00009106,0.00972856,-0.00665660,0.00045810
1.020,0.01090210,0.77637574,2.36352521,0.03061649,-0.02533779,0.02058695,0.05445556,-0.04506667,0.03661667,0.00660310,0.77748710,2.36362079,0.02091040,-0.01866828,0.02003719,0.34380181,-22.34692688,-0.01349842,0.34380181,-22.34692688,-0.01349842,0.33602793,-22.31449224,-0.02437250,0.00429900,-0.00111136,-0.00009558,0.00970609,-0.00666951,0.00054976
1.030,0.01121099,0.77612010,2.36373291,0.03116292,-0.02579000,0.02095437,0.05482904,-0.04537575,0.03686780,0.00683512,0.77728247,2.36383246,0.02148322,-0.01911690,0.02031962,0.34758492,-22.35757627,-0.01323863,0.34758492,-22.35757627,-0.01323863,0.33994930,-22.32566242,-0.02432536,0.00437587,-0.00116237,-0.00009955,0.00967970,-0.00667310,0.00063475
1.040,0.01152537,0.77585993,2.36394431,0.03171306,-0.02624529,0.02132430,0.05519960,-0.04568243,0.03711697,0.00707316,0.77707288,2.36404735,0.02206354,-0.01957745,0.02061194,0.35129923,-22.36784211,-0.01298164,0.35129923,-22.36784211,-0.01298164,0.34380181,-22.33644734,-0.02424288,0.00445221,-0.00121295,-0.00010304,0.00964952,-0.00666784,0.00071236
1.050,0.01184526,0.77559519,2.36415941,0.03226690,-0.02670364,0.02169671,0.05556726,-0.04598670,0.03736419,0.00731730,0.77685823,2.36426557,0.02265118,-0.02004934,0.02091451,0.35494427,-22.37773237,-0.01274809,0.35494427,-22.37773237,-0.01274809,0.34758492,-22.34684377,-0.02414974,0.00452796,-0.00126304,-0.00010616,0.00961572,-0.00665430,0.00078220
1.060,0.01217072,0.77532585,2.36437825,0.03282440,-0.02716502,0.02207158,0.05593202,-0.04628857,0.03760946,0.00756761,0.77663844,2.36448723,0.02324596,-0.02053194,0.02122735,0.35852132,-22.38725668,-0.01254781,0.35852132,-22.38725668,-0.01254781,0.35129923,-22.35685224,-0.02406457,0.00460311,-0.00131259,-0.00010898,0.00957844,-0.00663308,0.00084423
1.070,0.01250176,0.77505188,2.36460085,0.03338553,-0.02762940,0.02244889,0.05629389,-0.04658804,0.03785279,0.00782414,0.77641341,2.36471242,0.02384772,-0.02102454,0.02155017,0.36202936,-22.39642837,-0.01238885,0.36202936,-22.39642837,-0.01238885,0.35494427,-22.36648119,-0.02400740,0.00467762,-0.00136153,-0.00011157,0.00953781,-0.00660486,0.00089872
1.080,0.01283844,0.77477325,2.36482723,0.03395027,-0.02809677,0.02282863,0.05665286,-0.04688513,0.03809417,0.00808696,0.77618309,2.36494121,0.02445627,-0.02152642,0.02188244,0.36547007,-22.40526473,-0.01227470,0.36547007,-22.40526473,-0.01227470,0.35852132,-22.37574066,-0.02398744,0.00475148,-0.00140984,-0.00011398,0.00949400,-0.00657035,0.00094619
1.090,0.01318078,0.77448993,2.36505743,0.03451858,-0.02856710,0.02321077,0.05700896,-0.04717983,0.03833361,0.00835613,0.77594741,2.36517368,0.02507146,-0.02203679,0.02222342,0.36884295,-22.41378518,-0.01220195,0.36884295,-22.41378518,-0.01220195,0.36202936,-22.38464441,-0.02401203,0.00482465,-0.00145748,-0.00011625,0.00944712,-0.00653031,0.00098735
1.100,0.01352882,0.77420190,2.36529146,0.03509043,-0.02904036,0.02359529,0.05736218,-0.04747215,0.03857112,0.00863171,0.77570632,2.36540986,0.02569309,-0.02255488,0.02257222,0.37214868,-22.42200945,-0.01216804,0.37214868,-22.42200945,-0.01216804,0.36547007,-22.39321017,-0.02408400,0.00489711,-0.00150442,-0.00011840,0.00939734,-0.00648548,0.00102307
1.110,0.01388260,0.77390911,2.36552934,0.03566581,-0.02951653,0.02398218,0.05771253,-0.04776209,0.03880670,0.00891375,0.77545977,2.36564981,0.02632101,-0.02307987,0.02292784,0.37538828,-22.42996538,-0.01216593,0.37538828,-22.42996538,-0.01216593,0.36884295,-22.40145774,-0.02419930,0.00496885,-0.00155066,-0.00012047,0.00934480,-0.00643666,0.00105434
1.120,0.01424215,0.77361156,2.36577111,0.03624468,-0.02999559,0.02437142,0.05806001,-0.04804966,0.03904035,0.00920232,0.77520773,2.36589354,0.02695505,-0.02361100,0.02328924,0.37856192,-22.43767213,-0.01218338,0.37856192,-22.43767213,-0.01218338,0.37214868,-22.40940726,-0.02435477,0.00503983,-0.00159617,-0.00012243,0.00928963,-0.00638459,0.00108218
1.130,0.01460751,0.77330919,2.36601678,0.03682700,-0.03047752,0.02476298,0.05840464,-0.04833487,0.03927208,0.00949748,0.77495016,2.36614108,0.02759504,-0.02414748,0.02365539,0.38167034,-22.44516160,-0.01221116,0.38167034,-22.44516160,-0.01221116,0.37538828,-22.41708691,-0.02454284,0.00511003,-0.00164097,-0.00012430,0.00923196,-0.00633004,0.00110759
1.140,0.01497870,0.77300200,2.36626638,0.03741276,-0.03096228,0.02515686,0.05874641,-0.04861772,0.03950190,0.00979926,0.77468704,2.36639243,0.02824082,-0.02468859,0.02402527,0.38471369,-22.45245327,-0.01223588,0.38471369,-22.45245327,-0.01223588,0.37856192,-22.42451618,-0.02475085,0.00517944,-0.00168504,-0.00012605,0.00917194,-0.00627369,0.00113159
1.150,0.01535577,0.77268994,2.36651992,0.03800192,-0.03144986,0.02555302,0.05908533,-0.04889821,0.03972979,0.01010772,0.77441835,2.36664759,0.02889223,-0.02523361,0.02439799,0.38769329,-22.45957752,-0.01224738,0.38769329,-22.45957752,-0.01224738,0.38167034,-22.43172726,-0.02496922,0.00524805,-0.00172841,-0.00012767,0.00910969,-0.00621625,0.00115503
1.160,0.01573875,0.77237299,2.36677744,0.03859446,-0.03194024,0.02595144,0.05942142,-0.04917635,0.03995578,0.01042292,0.77414409,2.36690656,0.02954911,-0.02578190,0.02477272,0.39060975,-22.46655786,-0.01223114,0.39060975,-22.46655786,-0.01223114,0.38471369,-22.43873989,-0.02518435,0.00531583,-0.00177110,-0.00012912,0.00904535,-0.00615834,0.00117872
1.170,0.01612767,0.77205112,2.36703896,0.03919034,-0.03243338,0.02635212,0.05975467,-0.04945214,0.04017986,0.01074490,0.77386423,2.36716933,0.03021130,-0.02633284,0.02514880,0.39346347,-22.47341830,-0.01217635,0.39346347,-22.47341830,-0.01217635,0.38769329,-22.44558468,-0.02538590,0.00538277,-0.00181311,-0.00013037,0.00897904,-0.00610054,0.00120332
1.180,0.01652257,0.77172431,2.36730449,0.03978954,-0.03292927,0.02675504,0.06008508,-0.04972559,0.04040204,0.01107371,0.77357878,2.36743590,0.03087867,-0.02688589,0.02552570,0.39625562,-22.48018075,-0.01207530,0.39625562,-22.48018075,-0.01207530,0.39060975,-22.45228535,-0.02555934,0.00544886,-0.00185447,-0.00013141,0.00891087,-0.00604338,0.00122934
1.190,0.01692347,0.77139253,2.36757407,0.04039203,-0.03342789,0.02716016,0.06041268,-0.04999670,0.04062232,0.01140939,0.77328773,2.36770625,0.03155105,-0.02744054,0.02590306,0.39898628,-22.48686750,-0.01191779,0.39898628,-22.48686750,-0.01191779,0.39346347,-22.45886605,-0.02569391,0.00551408,-0.00189520,-0.00013218,0.00884098,-0.00598735,0.00125710
1.200,0.01733042,0.77105575,2.36784770,0.04099778,-0.03392920,0.02756748,0.06073746,-0.05026548,0.04084070,0.01175199,0.77299110,2.36798038,0.03222830,-0.02799636,0.02628067,0.40165708,-22.49349876,-0.01170110,0.40165708,-22.49349876,-0.01170110,0.39625562,-22.46534884,-0.02578205,0.00557843,-0.00193535,-0.00013268,0.00876948,-0.00593284,0.00128681
1.210,0.01774344,0.77071394,2.36812542,0.04160677,-0.03443319,0.02797697,0.06105942,-0.05053194,0.04105720,0.01210155,0.77268887,2.36825830,0.03291029,-0.02855296,0.02665847,0.40426825,-22.50009437,-0.01141903,0.40426825,-22.50009437,-0.01141903,0.39898628,-22.47175612,-0.02581374,0.00564189,-0.00197493,-0.00013288,0.00869648,-0.00588023,0.00131850
1.220,0.01816257,0.77036707,2.36840725,0.04221896,-0.03493983,0.02838861,0.06137858,-0.05079607,0.04127181,0.01245812,0.77238106,2.36854001,0.03359688,-0.02911000,0.02703656,0.40682085,-22.50667202,-0.01107034,0.40682085,-22.50667202,-0.01107034,0.40165708,-22.47810821,-0.02578651,0.00570445,-0.00201399,-0.00013276,0.00862208,-0.00582983,0.00135205
1.230,0.01858783,0.77001513,2.36869320,0.04283433,-0.03544910,0.02880240,0.06169494,-0.05105788,0.04148453,0.01282173,0.77206767,2.36882552,0.03428792,-0.02966719,0.02741514,0.40931517,-22.51324434,-0.01065729,0.40931517,-22.51324434,-0.01065729,0.40426825,-22.48442498,-0.02569447,0.00576610,-0.00205254,-0.00013232,0.00854641,-0.00578191,0.00138726
1.240,0.01901926,0.76965808,2.36898331,0.04345285,-0.03596098,0.02921830,0.06200851,-0.05131739,0.04169538,0.01319242,0.77174871,2.36911485,0.03498329,-0.03022430,0.02779454,0.41175243,-22.51982862,-0.01018010,0.41175243,-22.51982862,-0.01018010,0.40682085,-22.49072420,-0.02553670,0.00582684,-0.00209063,-0.00013154,0.00846956,-0.00573668,0.00142376
1.250,0.01945690,0.76929590,2.36927758,0.04407449,-0.03647544,0.02963630,0.06231928,-0.05157458,0.04190435,0.01357024,0.77142420,2.36940802,0.03568287,-0.03078112,0.02817516,0.41413383,-22.52643667,-0.00964641,0.41413383,-22.52643667,-0.00964641,0.40931517,-22.49701855,-0.02531579,0.00588666,-0.00212830,-0.00013044,0.00839162,-0.00569432,0.00146114
1.260,0.01990076,0.76892856,2.36957604,0.04469923,-0.03699247,0.03005638,0.06262728,-0.05182947,0.04211145,0.01395521,0.77109413,2.36970506,0.03638652,-0.03133748,0.02855745,0.41645925,-22.53308192,-0.00906112,0.41645925,-22.53308192,-0.00906112,0.41175243,-22.50332534,-0.02503226,0.00594555,-0.00216557,-0.00012902,0.00831271,-0.00565499,0.00149893
1.270,0.02035089,0.76855604,2.36987871,0.04532703,-0.03751203,0.03047852,0.06293250,-0.05208207,0.04231668,0.01434738,0.77075853,2.37000601,0.03709412,-0.03189324,0.02894192,0.41873031,-22.53977393,-0.00843183,0.41873031,-22.53977393,-0.00843183,0.41413383,-22.50965641,-0.02469407,0.00600351,-0.00220249,-0.00012730,0.00823291,-0.00561879,0.00153660
1.280,0.02080732,0.76817832,2.37018562,0.04595787,-0.03803410,0.03090271,0.06323494,-0.05233237,0.04252005,0.01474678,0.77041739,2.37031092,0.03780557,-0.03244827,0.02932907,0.42094792,-22.54652221,-0.00776546,0.42094792,-22.54652221,-0.00776546,0.41645925,-22.51602523,-0.02430639,0.00606054,-0.00223907,-0.00012530,0.00815230,-0.00558583,0.00157364
1.290,0.02127006,0.76779535,2.37049677,0.04659172,-0.03855866,0.03132892,0.06353462,-0.05258038,0.04272156,0.01515344,0.77007074,2.37061982,0.03852073,-0.03300249,0.02971940,0.42311186,-22.55334178,-0.00707426,0.42311186,-22.55334178,-0.00707426,0.41873031,-22.52244136,-0.02387703,0.00611662,-0.00227539,-0.00012305,0.00807099,-0.00555617,0.00160952
1.300,0.02173916,0.76740713,2.37081220,0.04722855,-0.03908570,0.03175713,0.06383155,-0.05282611,0.04292121,0.01556740,0.76971858,2.37093278,0.03923950,-0.03355579,0.03011339,0.42522392,-22.56023759,-0.00636469,0.42522392,-22.56023759,-0.00636469,0.42094792,-22.52891436,-0.02341314,0.00617176,-0.00231145,-0.00012058,0.00798905,-0.00552991,0.00164374
1.310,0.02221464,0.76701363,2.37113192,0.04786834,-0.03961518,0.03218733,0.06412571,-0.05306956,0.04311901,0.01598869,0.76936093,2.37124983,0.03996177,-0.03410811,0.03051145,0.42728454,-22.56721927,-0.00564755,0.42728454,-22.56721927,-0.00564755,0.42311186,-22.53545924,-0.02292707,0.00622595,-0.00234730,-0.00011791,0.00790657,-0.00550707,0.00167588
1.320,0.02269654,0.76661482,2.37145595,0.04851106,-0.04014708,0.03261950,0.06441714,-0.05331073,0.04331497,0.01641733,0.76899780,2.37157105,0.04068744,-0.03465937,0.03091395,0.42929504,-22.57429701,-0.00493193,0.42929504,-22.57429701,-0.00493193,0.42522392,-22.54208100,-0.02242541,0.00627921,-0.00238298,-0.00011510,0.00782362,-0.00548771,0.00170555
1.330,0.02318487,0.76621068,2.37178432,0.04915668,-0.04068139,0.03305363,0.06470582,-0.05354964,0.04350908,0.01685336,0.76862920,2.37189647,0.04141640,-0.03520952,0.03132118,0.43125526,-22.58147931,-0.00422478,0.43125526,-22.58147931,-0.00422478,0.42728454,-22.54878929,-0.02191898,0.00633151,-0.00241852,-0.00011215,0.00774028,-0.00547187,0.00173245
1.340,0.02367968,0.76580119,2.37211703,0.04980517,-0.04121807,0.03348968,0.06499176,-0.05378628,0.04370136,0.01729681,0.76825515,2.37222617,0.04214856,-0.03575849,0.03173336,0.43316702,-22.58877365,-0.00353701,0.43316702,-22.58877365,-0.00353701,0.42929504,-22.55559431,-0.02141688,0.00638287,-0.00245396,-0.00010914,0.00765661,-0.00545958,0.00175632
1.350,0.02418099,0.76538631,2.37245412,0.05045650,-0.04175710,0.03392765,0.06527497,-0.05402067,0.04389179,0.01774771,0.76787565,2.37256020,0.04288381,-0.03630622,0.03215062,0.43503068,-22.59619222,-0.00287225,0.43503068,-22.59619222,-0.00287225,0.43125526,-22.56250461,-0.02092599,0.00643328,-0.00248934,-0.00010608,0.00757269,-0.00545088,0.00177703
1.360,0.02468882,0.76496604,2.37279559,0.05111066,-0.04229847,0.03436751,0.06555546,-0.05425280,0.04408040,0.01820608,0.76749074,2.37289860,0.04362206,-0.03685264,0.03257303,0.43684683,-22.60373970,-0.00223928,0.43684683,-22.60373970,-0.00223928,0.43316702,-22.56952769,-0.02045712,0.00648274,-0.00252470,-0.00010301,0.00748860,-0.00544583,0.00179448
1.370,0.02520321,0.76454034,2.37314147,0.05176760,-0.04284215,0.03480925,0.06583323,-0.05448268,0.04426718,0.01867195,0.76710041,2.37324143,0.04436323,-0.03739772,0.03300055,0.43861659,-22.61142803,-0.00164109,0.43861659,-22.61142803,-0.00164109,0.43503068,-22.57667575,-0.02001381,0.00653126,-0.00256007,-0.00009996,0.00740437,-0.00544443,0.00180870
1.380,0.02572418,0.76410919,2.37349178,0.05242731,-0.04338812,0.03525285,0.06610829,-0.05471031,0.04445213,0.01914534,0.76670468,2.37358874,0.04510722,-0.03794138,0.03343309,0.44034056,-22.61926565,-0.00108100,0.44034056,-22.61926565,-0.00108100,0.43684683,-22.58395351,-0.01960464,0.00657884,-0.00259549,-0.00009696,0.00732009,-0.00544674,0.00181976
1.390,0.02625176,0.76367257,2.37384654,0.05308976,-0.04393635,0.03569829,0.06638065,-0.05493571,0.04463526,0.01962628,0.76630358,2.37394057,0.04585395,-0.03848358,0.03387050,0.44201962,-22.62726056,-0.00056120,0.44201962,-22.62726056,-0.00056120,0.43861659,-22.59137294,-0.01923244,0.00662548,-0.00263101,-0.00009403,0.00723581,-0.00545277,0.00182779
1.400,0.02678598,0.76323045,2.37420576,0.05375492,-0.04448683,0.03614555,0.06665030,-0.05515887,0.04481658,0.02011479,0.76589712,2.37429695,0.04660334,-0.03902428,0.03431255,0.44365462,-22.63542338,-0.00008429,0.44365462,-22.63542338,-0.00008429,0.44034056,-22.59894247,-0.01890035,0.00667119,-0.00266667,-0.00009119,0.00715158,-0.00546255,0.00183300
1.410,0.02732687,0.76278282,2.37456945,0.05442276,-0.04503952,0.03659461,0.06691726,-0.05537980,0.04499609,0.02061091,0.76548531,2.37465794,0.04735531,-0.03956342,0.03475899,0.44524645,-22.64375948,0.00034812,0.44524645,-22.64375948,0.00034812,0.44201962,-22.60667014,-0.01861036,0.00671596,-0.00270249,-0.00008849,0.00706745,-0.00547610,0.00183562
1.420,0.02787445,0.76232965,2.37493765,0.05509325,-0.04559442,0.03704546,0.06718153,-0.05559850,0.04517378,0.02111464,0.76506817,2.37502355,0.04810978,-0.04010098,0.03520954,0.44679549,-22.65227940,0.00073998,0.44679549,-22.65227940,0.00073998,0.44365462,-22.61456654,-0.01836488,0.00675981,-0.00273852,-0.00008590,0.00698347,-0.00549344,0.00183592
1.430,0.02842874,0.76187093,2.37531037,0.05576638,-0.04615148,0.03749808,0.06744311,-0.05581499,0.04534968,0.02162601,0.76464572,2.37539382,0.04886668,-0.04063694,0.03566387,0.44830235,-22.66098765,0.00109151,0.44830235,-22.66098765,0.00109151,0.44524645,-22.62263707,-0.01816530,0.00680273,-0.00277479,-0.00008345,0.00689970,-0.00551454,0.00183421
1.440,0.02898978,0.76140662,2.37568762,0.05644210,-0.04671071,0.03795245,0.06770202,-0.05602926,0.04552377,0.02214505,0.76421798,2.37576877,0.04962594,-0.04117128,0.03612166,0.44976817,-22.66989638,0.00140348,0.44976817,-22.66989638,0.00140348,0.44679549,-22.63089224,-0.01800753,0.00684473,-0.00281136,-0.00008115,0.00681616,-0.00553943,0.00183079
1.450,0.02955760,0.76093671,2.37606942,0.05712041,-0.04727206,0.03840855,0.06795826,-0.05624132,0.04569607,0.02267177,0.76378496,2.37614842,0.05038749,-0.04170401,0.03658258,0.45119420,-22.67900917,0.00167865,0.45119420,-22.67900917,0.00167865,0.44830235,-22.63933656,-0.01789116,0.00688583,-0.00284825,-0.00007900,0.00673292,-0.00556805,0.00182597
1.460,0.03013220,0.76046117,2.37645580,0.05780126,-0.04783553,0.03886637,0.06821183,-0.05645117,0.04586657,0.02320620,0.76334667,2.37653280,0.05115125,-0.04223513,0.03704632,0.45257959,-22.68833475,0.00192172,0.45257959,-22.68833475,0.00192172,0.44976817,-22.64798213,-0.01781530,0.00692600,-0.00288550,-0.00007700,0.00665001,-0.00560040,0.00182005
1.470,0.03071363,0.75997999,2.37684676,0.05848464,-0.04840108,0.03932588,0.06846274,-0.05665882,0.04603529,0.02374834,0.76290314,2.37692191,0.05191717,-0.04276468,0.03751259,0.45392646,-22.69787586,0.00213293,0.45392646,-22.69787586,0.00213293,0.45119420,-22.65683251,-0.01777705,0.00696529,-0.00292315,-0.00007515,0.00656747,-0.00563640,0.00181329
1.480,0.03130190,0.75949314,2.37724232,0.05917051,-0.04896870,0.03978707,0.06871100,-0.05686428,0.04620222,0.02429824,0.76245437,2.37731578,0.05268519,-0.04329269,0.03798111,0.45523459,-22.70763952,0.00231566,0.45523459,-22.70763952,0.00231566,0.45257959,-22.66589639,-0.01777161,0.00700366,-0.00296123,-0.00007346,0.00648532,-0.00567601,0.00180596
1.490,0.03189705,0.75900061,2.37764250,0.05985885,-0.04953836,0.04024991,0.06895661,-0.05706754,0.04636738,0.02485589,0.76200038,2.37771441,0.05345524,-0.04381923,0.03845164,0.45650550,-22.71762738,0.00247309,0.45650550,-22.71762738,0.00247309,0.45392646,-22.67517644,-0.01779868,0.00704116,-0.00299977,-0.00007191,0.00640361,-0.00571913,0.00179827
1.500,0.03249909,0.75850237,2.37804732,0.06054963,-0.05011004,0.04071441,0.06919958,-0.05726862,0.04653075,0.02542132,0.76154119,2.37811782,0.05422726,-0.04434436,0.03892396,0.45773909,-22.72784470,0.00260867,0.45773909,-22.72784470,0.00260867,0.45523459,-22.68467963,-0.01785481,0.00707777,-0.00303882,-0.00007050,0.00632237,-0.00576568,0.00179045
1.510,0.03310805,0.75799840,2.37845680,0.06124283,-0.05068372,0.04118052,0.06943991,-0.05746751,0.04669235,0.02599455,0.76107679,2.37852601,0.05500121,-0.04486818,0.03939791,0.45893638,-22.73829403,0.00272499,0.45893638,-22.73829403,0.00272499,0.45650550,-22.69440756,-0.01793678,0.00711350,-0.00307839,-0.00006921,0.00624162,-0.00581554,0.00178261
1.520,0.03372395,0.75748869,2.37887094,0.06193842,-0.05125938,0.04164825,0.06967761,-0.05766423,0.04685219,0.02657560,0.76060720,2.37893901,0.05577701,-0.04539078,0.03987334,0.46009778,-22.74897511,0.00282190,0.46009778,-22.74897511,0.00282190,0.45773909,-22.70436540,-0.01804115,0.00714835,-0.00311851,-0.00006807,0.00616141,-0.00586860,0.00177491
1.530,0.03434682,0.75697321,2.37928977,0.06263637,-0.05183700,0.04211756,0.06991269,-0.05785878,0.04701026,0.02716447,0.76013244,2.37935682,0.05655462,-0.04591229,0.04035015,0.46122421,-22.75989097,0.00290284,0.46122421,-22.75989097,0.00290284,0.45893638,-22.71455563,-0.01816531,0.00718235,-0.00315923,-0.00006705,0.00608175,-0.00592471,0.00176741
1.540,0.03497669,0.75645194,2.37971330,0.06333667,-0.05241655,0.04258845,0.07014515,-0.05805116,0.04716657,0.02776119,0.75965249,2.37977944,0.05733399,-0.04643281,0.04082828,0.46231684,-22.77104162,0.00296835,0.46231684,-22.77104162,0.00296835,0.46009778,-22.72497793,-0.01830943,0.00721550,-0.00320055,-0.00006614,0.00600268,-0.00598374,0.00176017
1.550,0.03561357,0.75592487,2.38014154,0.06403927,-0.05299801,0.04306089,0.07037499,-0.05824137,0.04732112,0.02836578,0.75916738,2.38020690,0.05811507,-0.04695248,0.04130769,0.46337535,-22.78242474,0.00301827,0.46337535,-22.78242474,0.00301827,0.46122421,-22.73563522,-0.01847011,0.00724779,-0.00324251,-0.00006536,0.00592420,-0.00604553,0.00175320
1.560,0.03625748,0.75539197,2.38057452,0.06474416,-0.05358137,0.04353486,0.07060223,-0.05842943,0.04747392,0.02897824,0.75867709,2.38063921,0.05889780,-0.04747145,0.04178835,0.46440042,-22.79404176,0.00305519,0.46440042,-22.79404176,0.00305519,0.46231684,-22.74652744,-0.01864682,0.00727924,-0.00328512,-0.00006469,0.00584636,-0.00610992,0.00174651
1.570,0.03690846,0.75485323,2.38101224,0.06545130,-0.05416660,0.04401036,0.07082687,-0.05861534,0.04762497,0.02959859,0.75818164,2.38107637,0.05968214,-0.04798986,0.04227027,0.46539338,-22.80588893,0.00307714,0.46539338,-22.80588893,0.00307714,0.46337535,-22.75765219,-0.01883976,0.00730987,-0.00332841,-0.00006413,0.00576916,-0.00617674,0.00174009
1.580,0.03756651,0.75430863,2.38145473,0.06616069,-0.05475367,0.04448736,0.07104891,-0.05879910,0.04777427,0.03022685,0.75768102,2.38151840,0.06046805,-0.04850787,0.04275349,0.46635403,-22.81796393,0.00308601,0.46635403,-22.81796393,0.00308601,0.46440042,-22.76901082,-0.01904637,0.00733966,-0.00337239,-0.00006367,0.00569264,-0.00624580,0.00173387
1.590,0.03823168,0.75375816,2.38190200,0.06687227,-0.05534257,0.04496584,0.07126837,-0.05898072,0.04792183,0.03086302,0.75717524,2.38196531,0.06125547,-0.04902562,0.04323802,0.46728399,-22.83026280,0.00308062,0.46728399,-22.83026280,0.00308062,0.46539338,-22.78059949,-0.01926867,0.00736866,-0.00341708,-0.00006331,0.00561680,-0.00631695,0.00172782
1.600,0.03890397,0.75320178,2.38235405,0.06758604,-0.05593328,0.04544579,0.07148524,-0.05916020,0.04806766,0.03150713,0.75666427,2.38241713,0.06204435,-0.04954327,0.04372392,0.46818309,-22.84278685,0.00305817,0.46818309,-22.84278685,0.00305817,0.46635403,-22.79241581,-0.01950480,0.00739684,-0.00346249,-0.00006308,0.00554169,-0.00639001,0.00172187
1.610,0.03958340,0.75263948,2.38281092,0.06830197,-0.05652577,0.04592719,0.07169953,-0.05933754,0.04821175,0.03215919,0.75614813,2.38287386,0.06283467,-0.05006098,0.04421123,0.46905181,-22.85553078,0.00302170,0.46905181,-22.85553078,0.00302170,0.46728399,-22.80445574,-0.01975596,0.00742421,-0.00350865,-0.00006294,0.00546730,-0.00646479,0.00171596
1.620,0.04027001,0.75207126,2.38327260,0.06902003,-0.05712002,0.04641002,0.07191125,-0.05951276,0.04835412,0.03281921,0.75562681,2.38333552,0.06362637,-0.05057890,0.04469998,0.46989164,-22.86848741,0.00296674,0.46989164,-22.86848741,0.00296674,0.46818309,-22.81672052,-0.02002495,0.00745080,-0.00355555,-0.00006292,0.00539366,-0.00654112,0.00171004
1.630,0.04096381,0.75149708,2.38373912,0.06974019,-0.05771602,0.04689426,0.07212041,-0.05968585,0.04849476,0.03348719,0.75510029,2.38380213,0.06441940,-0.05109718,0.04519022,0.47070259,-22.88165770,0.00289480,0.47070259,-22.88165770,0.00289480,0.46905181,-22.82920477,-0.02030877,0.00747662,-0.00360321,-0.00006301,0.00532079,-0.00661884,0.00170404
1.640,0.04166482,0.75091693,2.38421049,0.07046243,-0.05831373,0.04737991,0.07232700,-0.05985683,0.04863367,0.03416316,0.75456856,2.38427371,0.06521374,-0.05161597,0.04568197,0.47148530,-22.89503553,0.00280473,0.47148530,-22.89503553,0.00280473,0.46989164,-22.84190125,-0.02061186,0.00750166,-0.00365163,-0.00006322,0.00524869,-0.00669776,0.00169794
1.650,0.04237307,0.75033080,2.38468673,0.07118672,-0.05891315,0.04786693,0.07253104,-0.06002569,0.04877087,0.03484712,0.75403163,2.38475026,0.06600934,-0.05213539,0.04617524,0.47224078,-22.90861608,0.00269662,0.47224078,-22.90861608,0.00269662,0.47070259,-22.85481086,-0.02093274,0.00752595,-0.00370083,-0.00006353,0.00517738,-0.00677776,0.00169169
1.660,0.04308856,0.74973866,2.38516784,0.07191304,-0.05951424,0.04835532,0.07273254,-0.06019244,0.04890636,0.03553908,0.75348946,2.38523180,0.06680615,-0.05265560,0.04667004,0.47296871,-22.92239708,0.00256809,0.47296871,-22.92239708,0.00256809,0.47148530,-22.86792743,-0.02127249,0.00754948,-0.00375080,-0.00006396,0.00510689,-0.00685864,0.00168528
1.670,0.04381134,0.74914051,2.38565384,0.07264136,-0.06011699,0.04884505,0.07293149,-0.06035709,0.04904014,0.03623907,0.75294206,2.38571835,0.06760414,-0.05317670,0.04716637,0.47367112,-22.93637133,0.00241964,0.47367112,-22.93637133,0.00241964,0.47224078,-22.88124607,-0.02163104,0.00757227,-0.00380155,-0.00006451,0.00503722,-0.00694029,0.00167868
1.680,0.04454140,0.74853632,2.38614474,0.07337166,-0.06072137,0.04933612,0.07312790,-0.06051964,0.04917221,0.03694707,0.75238941,2.38620993,0.06840327,-0.05369884,0.04766419,0.47434720,-22.95053697,0.00225086,0.47434720,-22.95053697,0.00225086,0.47296871,-22.89476446,-0.02201073,0.00759433,-0.00385309,-0.00006519,0.00496839,-0.00702253,0.00167193
1.690,0.04527877,0.74792607,2.38664056,0.07410391,-0.06132737,0.04982849,0.07332178,-0.06068010,0.04930258,0.03766311,0.75183149,2.38670654,0.06920350,-0.05422211,0.04816346,0.47499802,-22.96489095,0.00206271,0.47499802,-22.96489095,0.00206271,0.47367112,-22.90847537,-0.02241100,0.00761566,-0.00390542,-0.00006598,0.00490041,-0.00710526,0.00166503
1.700,0.04602348,0.74730976,2.38714132,0.07483809,-0.06193497,0.05032216,0.07351314,-0.06083846,0.04943125,0.03838720,0.75126829,2.38720821,0.07000479,-0.05474663,0.04866414,0.47562479,-22.97942591,0.00185679,0.47562479,-22.97942591,0.00185679,0.47434720,-22.92237688,-0.02283223,0.00763628,-0.00395853,-0.00006689,0.00483330,-0.00718834,0.00165802
1.710,0.04677554,0.74668737,2.38764701,0.07557416,-0.06254414,0.05081711,0.07370198,-0.06099474,0.04955823,0.03911934,0.75069979,2.38771493,0.07080711,-0.05527249,0.04916617,0.47622749,-22.99413822,0.00163024,0.47622749,-22.99413822,0.00163024,0.47499802,-22.93646591,-0.02327342,0.00765620,-0.00401242,-0.00006792,0.00476705,-0.00727165,0.00165094
1.720,0.04753497,0.74605888,2.38815766,0.07631212,-0.06315486,0.05131332,0.07388830,-0.06114894,0.04968352,0.03985954,0.75012597,2.38822672,0.07161041,-0.05579979,0.04966948,0.47680708,-23.00902465,0.00138636,0.47680708,-23.00902465,0.00138636,0.47562479,-22.95073506,-0.02373291,0.00767543,-0.00406709,-0.00006906,0.00470171,-0.00735507,0.00164384
1.730,0.04830179,0.74542427,2.38867328,0.07705192,-0.06376711,0.05181077,0.07407212,-0.06130107,0.04980712,0.04060782,0.74954682,2.38874360,0.07241467,-0.05632862,0.05017399,0.47736395,-23.02408217,0.00112577,0.47736395,-23.02408217,0.00112577,0.47622749,-22.96518067,-0.02421352,0.00769397,-0.00412255,-0.00007032,0.00463725,-0.00743849,0.00163678
1.740,0.04907602,0.74478353,2.38919388,0.07779355,-0.06438087,0.05230946,0.07425344,-0.06145112,0.04992904,0.04136417,0.74896232,2.38926556,0.07321984,-0.05685905,0.05067962,0.47789896,-23.03930579,0.00084941,0.47789896,-23.03930579,0.00084941,0.47680708,-22.97979948,-0.02471190,0.00771185,-0.00417879,-0.00007168,0.00457371,-0.00752182,0.00162984
1.750,0.04985767,0.74413664,2.38971947,0.07853698,-0.06499612,0.05280935,0.07443226,-0.06159911,0.05004928,0.04212861,0.74837244,2.38979263,0.07402590,-0.05739116,0.05118630,0.47841228,-23.05469260,0.00055800,0.47841228,-23.05469260,0.00055800,0.47736395,-22.99458843,-0.02522739,0.00772906,-0.00423580,-0.00007316,0.00451108,-0.00760496,0.00162305
1.760,0.05064676,0.74348360,2.39025007,0.07928219,-0.06561285,0.05331044,0.07460859,-0.06174504,0.05016785,0.04290115,0.74777718,2.39032479,0.07483280,-0.05792501,0.05169393,0.47890466,-23.07023613,0.00025425,0.47890466,-23.07023613,0.00025425,0.47789896,-23.00954251,-0.02575900,0.00774561,-0.00429358,-0.00007472,0.00444939,-0.00768784,0.00161651
1.770,0.05144332,0.74282438,2.39078569,0.08002915,-0.06623102,0.05381270,0.07478244,-0.06188892,0.05028475,0.04368178,0.74717650,2.39086207,0.07564051,-0.05846067,0.05220244,0.47937728,-23.08593494,-0.00006081,0.47937728,-23.08593494,-0.00006081,0.47841228,-23.02465877,-0.02630598,0.00776154,-0.00435212,-0.00007638,0.00438864,-0.00777035,0.00161026
1.780,0.05224735,0.74215898,2.39132633,0.08077783,-0.06685062,0.05431613,0.07495381,-0.06203074,0.05039998,0.04447053,0.74657039,2.39140447,0.07644900,-0.05899821,0.05271176,0.47982981,-23.10178271,-0.00038734,0.47982981,-23.10178271,-0.00038734,0.47890466,-23.03993073,-0.02686560,0.00777682,-0.00441141,-0.00007814,0.00432883,-0.00785241,0.00160437
1.790,0.05305888,0.74148737,2.39187201,0.08152821,-0.06747163,0.05482070,0.07512271,-0.06217052,0.05051355,0.04526739,0.74595883,2.39195199,0.07725823,-0.05953766,0.05322181,0.48026358,-23.11777887,-0.00072278,0.48026358,-23.11777887,-0.00072278,0.47937728,-23.05535692,-0.02743680,0.00779149,-0.00447146,-0.00007998,0.00426998,-0.00793397,0.00159889
1.800,0.05387792,0.74080954,2.39242275,0.08228028,-0.06809402,0.05532639,0.07528914,-0.06230825,0.05062546,0.04607237,0.74534180,2.39250464,0.07806818,-0.06007909,0.05373254,0.48067902,-23.13391860,-0.00106443,0.48067902,-23.13391860,-0.00106443,0.47982981,-23.07093102,-0.02801970,0.00780555,-0.00453226,-0.00008189,0.00421210,-0.00801493,0.00159385
1.810,0.05470449,0.74012548,2.39297854,0.08303399,-0.06871778,0.05583320,0.07545311,-0.06244395,0.05073571,0.04688548,0.74471927,2.39306242,0.07887880,-0.06062254,0.05424388,0.48107659,-23.15019784,-0.00141391,0.48107659,-23.15019784,-0.00141391,0.48026358,-23.08665243,-0.02861174,0.00781901,-0.00459379,-0.00008388,0.00415519,-0.00809524,0.00158932
1.820,0.05553861,0.73943518,2.39353942,0.08378933,-0.06934289,0.05634110,0.07561463,-0.06257762,0.05084432,0.04770671,0.74409122,2.39362533,0.07969006,-0.06116804,0.05475580,0.48145728,-23.16661222,-0.00176578,0.48145728,-23.16661222,-0.00176578,0.48067902,-23.10251632,-0.02921021,0.00783190,-0.00465604,-0.00008591,0.00409927,-0.00817485,0.00158530
1.830,0.05638028,0.73873862,2.39410537,0.08454627,-0.06996933,0.05685008,0.07577370,-0.06270927,0.05095128,0.04853609,0.74345764,2.39419339,0.08050195,-0.06171565,0.05526826,0.48182081,-23.18315950,-0.00212337,0.48182081,-23.18315950,-0.00212337,0.48107659,-23.11851861,-0.02981672,0.00784419,-0.00471902,-0.00008802,0.00404432,-0.00825368,0.00158182
1.840,0.05722954,0.73803579,2.39467642,0.08530479,-0.07059707,0.05736012,0.07593032,-0.06283889,0.05105659,0.04937361,0.74281849,2.39476659,0.08131441,-0.06226538,0.05578123,0.48216903,-23.19983515,-0.00248285,0.48216903,-23.19983515,-0.00248285,0.48145728,-23.13465493,-0.03042584,0.00785593,-0.00478270,-0.00009017,0.00399038,-0.00833169,0.00157889
1.850,0.05808638,0.73732667,2.39525258,0.08606487,-0.07122610,0.05787121,0.07608451,-0.06296649,0.05116027,0.05021927,0.74217376,2.39534494,0.08212743,-0.06281728,0.05629469,0.48250134,-23.21663745,-0.00284324,0.48250134,-23.21663745,-0.00284324,0.48182081,-23.15092302,-0.03104091,0.00786711,-0.00484709,-0.00009236,0.00393744,-0.00840882,0.00157652
1.860,0.05895084,0.73661126,2.39583385,0.08682648,-0.07185639,0.05838332,0.07623627,-0.06309208,0.05126232,0.05107309,0.74152343,2.39592845,0.08294096,-0.06337136,0.05680863,0.48281948,-23.23356011,-0.00320542,0.48281948,-23.23356011,-0.00320542,0.48216903,-23.16731834,-0.03165807,0.00787775,-0.00491217,-0.00009460,0.00388552,-0.00848503,0.00157469
1.870,0.05982292,0.73588954,2.39642025,0.08758959,-0.07248794,0.05889645,0.07638560,-0.06321567,0.05136273,0.05193506,0.74086746,2.39651711,0.08375499,-0.06392765,0.05732305,0.48312324,-23.25060194,-0.00356712,0.48312324,-23.25060194,-0.00356712,0.48250134,-23.18383919,-0.03227639,0.00788786,-0.00497792,-0.00009686,0.00383460,-0.00856029,0.00157340
1.880,0.06070264,0.73516150,2.39701178,0.08835418,-0.07312070,0.05941057,0.07653251,-0.06333725,0.05146151,0.05280519,0.74020585,2.39711094,0.08456948,-0.06448617,0.05783795,0.48341350,-23.26775819,-0.00392940,0.48341350,-23.26775819,-0.00392940,0.48281948,-23.20047925,-0.03289675,0.00789745,-0.00504435,-0.00009916,0.00378470,-0.00863453,0.00157262
1.890,0.06159001,0.73442712,2.39760846,0.08912023,-0.07375467,0.05992567,0.07667701,-0.06345683,0.05155868,0.05368348,0.73953855,2.39770993,0.08538441,-0.06504693,0.05835335,0.48369069,-23.28502798,-0.00429026,0.48369069,-23.28502798,-0.00429026,0.48312324,-23.21723733,-0.03351689,0.00790653,-0.00511143,-0.00010147,0.00373582,-0.00870774,0.00157232
1.900,0.06248505,0.73368640,2.39821030,0.08988771,-0.07438983,0.06044174,0.07681910,-0.06357443,0.05165422,0.05456994,0.73886556,2.39831410,0.08619974,-0.06560994,0.05886925,0.48395559,-23.30240591,-0.00464921,0.48395559,-23.30240591,-0.00464921,0.48341350,-23.23410871,-0.03413788,0.00791511,-0.00517916,-0.00010380,0.00368797,-0.00877989,0.00157249
1.910,0.06338777,0.73293932,2.39881730,0.09065660,-0.07502616,0.06095875,0.07695879,-0.06369003,0.05174815,0.05546456,0.73818685,2.39892345,0.08701545,-0.06617520,0.05938567,0.48420864,-23.31989072,-0.00500760,0.48420864,-23.31989072,-0.00500760,0.48369069,-23.25109248,-0.03475773,0.00792321,-0.00524753,-0.00010615,0.00364115,-0.00885096,0.00157308
1.920,0.06429818,0.73218587,2.39942948,0.09142688,-0.07566363,0.06147670,0.07709608,-0.06380365,0.05184047,0.05636736,0.73750240,2.39953798,0.08783150,-0.06674272,0.05990264,0.48445025,-23.33747897,-0.00536354,0.48445025,-23.33747897,-0.00536354,0.48395559,-23.26818328,-0.03537598,0.00793082,-0.00531653,-0.00010850,0.00359538,-0.00892091,0.00157406
1.930,0.06521631,0.73142605,2.40004684,0.09219852,-0.07630222,0.06199556,0.07723098,-0.06391530,0.05193118,0.05727833,0.73681218,2.40015771,0.08864788,-0.06731249,0.06042017,0.48468176,-23.35516575,-0.00571846,0.48468176,-23.35516575,-0.00571846,0.48420864,-23.28537982,-0.03599398,0.00793798,-0.00538613,-0.00011087,0.00355064,-0.00898973,0.00157539
1.940,0.06614216,0.73065983,2.40066939,0.09297149,-0.07694192,0.06251531,0.07736350,-0.06402497,0.05202029,0.05819748,0.73611618,2.40078264,0.08946456,-0.06788450,0.06093828,0.48490298,-23.37295270,-0.00607226,0.48490298,-23.37295270,-0.00607226,0.48445025,-23.30267870,-0.03660985,0.00794468,-0.00545635,-0.00011325,0.00350693,-0.00905742,0.00157703
1.950,0.06707574,0.72988720,2.40129714,0.09374578,-0.07758271,0.06303596,0.07749364,-0.06413267,0.05210779,0.05912480,0.73541436,2.40141277,0.09028150,-0.06845875,0.06145700,0.48511449,-23.39083737,-0.00642450,0.48511449,-23.39083737,-0.00642450,0.48468176,-23.32007501,-0.03722503,0.00795094,-0.00552716,-0.00011563,0.00346428,-0.00912396,0.00157896
1.960,0.06801708,0.72910817,2.40193011,0.09452136,-0.07822457,0.06355746,0.07762141,-0.06423841,0.05219371,0.06006030,0.73470672,2.40204811,0.09109870,-0.06903521,0.06197633,0.48531762,-23.40881348,-0.00677384,0.48531762,-23.40881348,-0.00677384,0.48490298,-23.33757041,-0.03783942,0.00795678,-0.00559855,-0.00011800,0.00342266,-0.00918936,0.00158113
1.970,0.06896617,0.72832271,2.40256830,0.09529820,-0.07886748,0.06407982,0.07774681,-0.06434219,0.05227803,0.06100399,0.73399322,2.40268868,0.09191611,-0.06961386,0.06249629,0.48551171,-23.42688293,-0.00712132,0.48551171,-23.42688293,-0.00712132,0.48511449,-23.35516247,-0.03845260,0.00796218,-0.00567051,-0.00012038,0.00338209,-0.00925362,0.00158353
1.980,0.06992305,0.72753082,2.40321171,0.09607629,-0.07951141,0.06460302,0.07786985,-0.06444401,0.05236076,0.06195585,0.73327385,2.40333446,0.09273372,-0.07019468,0.06301691,0.48569884,-23.44504152,-0.00746834,0.48569884,-23.44504152,-0.00746834,0.48531762,-23.37284491,-0.03906321,0.00796720,-0.00574303,-0.00012275,0.00334257,-0.00931673,0.00158611
1.990,0.07088770,0.72673248,2.40386036,0.09685559,-0.08015635,0.06512703,0.07799053,-0.06454389,0.05244191,0.06291590,0.73254858,2.40398548,0.09355151,-0.07077763,0.06353818,0.48587774,-23.46328996,-0.00781337,0.48587774,-23.46328996,-0.00781337,0.48551171,-23.39061968,-0.03967232,0.00797180,-0.00581610,-0.00012512,0.00330408,-0.00937872,0.00158885
2.000,0.07186016,0.72592769,2.40451425,0.09763609,-0.08080228,0.06565185,0.07810887,-0.06464182,0.05252148,0.06388413,0.73181740,2.40464174,0.09436944,-0.07136269,0.06406012,0.48605050,-23.48162482,-0.00815748,0.48605050,-23.48162482,-0.00815748,0.48569884,-23.40848259,-0.04028131,0.00797603,-0.00588971,-0.00012749,0.00326665,-0.00943959,0.00159173
2.010,0.07284043,0.72511643,2.40517340,0.09841776,-0.08144918,0.06617746,0.07822486,-0.06473782,0.05259948,0.06486055,0.73108029,2.40530325,0.09518751,-0.07194982,0.06458272,0.48621698,-23.50004689,-0.00849895,0.48621698,-23.50004689,-0.00849895,0.48587774,-23.42643435,-0.04088865,0.00797988,-0.00596386,-0.00012985,0.00323025,-0.00949936,0.00159474
2.020,0.07382852,0.72429870,2.40583781,0.09920058,-0.08209703,0.06670384,0.07833852,-0.06483188,0.05267590,0.06584515,0.73033723,2.40597001,0.09600569,-0.07253898,0.06510600,0.48637765,-23.51855319,-0.00883896,0.48637765,-23.51855319,-0.00883896,0.48605050,-23.44447159,-0.04149540,0.00798337,-0.00603853,-0.00013220,0.00319489,-0.00955805,0.00159784
2.030,0.07482444,0.72347448,2.40650748,0.09998452,-0.08274581,0.06723097,0.07844984,-0.06492401,0.05275076,0.06683794,0.72958819,2.40664202,0.09682395,-0.07313013,0.06562995,0.48653286,-23.53714488,-0.00917876,0.48653286,-23.53714488,-0.00917876,0.48621698,-23.46259511,-0.04209985,0.00798650,-0.00611371,-0.00013454,0.00316057,-0.00961568,0.00160102
2.040,0.07582821,0.72264378,2.40718243,0.10076957,-0.08339550,0.06775885,0.07855884,-0.06501421,0.05282405,0.06783891,0.72883317,2.40731931,0.09764228,-0.07372322,0.06615457,0.48668371,-23.55581735,-0.00951631,0.48668371,-23.55581735,-0.00951631,0.48637765,-23.48080195,-0.04270317,0.00798930,-0.00618939,-0.00013688,0.00312729,-0.00967228,0.00160428
2.050,0.07683984,0.72180657,2.40786266,0.10155569,-0.08404609,0.06828745,0.07866552,-0.06510250,0.05289578,0.06884807,0.72807213,2.40800186,0.09846066,-0.07431820,0.06667985,0.48683045,-23.57457454,-0.00985280,0.48683045,-23.57457454,-0.00985280,0.48653286,-23.49909331,-0.04330660,0.00799177,-0.00626556,-0.00013920,0.00309503,-0.00972789,0.00160760
2.060,0.07785933,0.72096285,2.40854818,0.10234287,-0.08469755,0.06881676,0.07876988,-0.06518887,0.05296596,0.06986541,0.72730508,2.40868970,0.09927907,-0.07491503,0.06720578,0.48697316,-23.59341387,-0.01018770,0.48697316,-23.59341387,-0.01018770,0.48668371,-23.51746460,-0.04390810,0.00799392,-0.00634223,-0.00014152,0.00306380,-0.00978252,0.00161098
2.070,0.07888670,0.72011262,2.40923900,0.10313108,-0.08534986,0.06934676,0.07887194,-0.06527333,0.05303458,0.07089094,0.72653198,2.40938282,0.10009749,-0.07551365,0.06773236,0.48711272,-23.61233328,-0.01052055,0.48711272,-23.61233328,-0.01052055,0.48683045,-23.53591978,-0.04450885,0.00799576,-0.00641936,-0.00014382,0.00303359,-0.00983621,0.00161440
2.080,0.07992196,0.71925585,2.40993512,0.10392030,-0.08600301,0.06987744,0.07897169,-0.06535588,0.05310166,0.07192465,0.72575283,2.41008123,0.10091591,-0.07611401,0.06825958,0.48724959,-23.63133723,-0.01085225,0.48724959,-23.63133723,-0.01085225,0.48697316,-23.55445632,-0.04510831,0.00799731,-0.00649698,-0.00014611,0.00300439,-0.00988900,0.00161786
2.090,0.08096511,0.71839256,2.41063655,0.10471051,-0.08665697,0.07040879,0.07906915,-0.06543654,0.05316719,0.07296655,0.72496761,2.41078494,0.10173431,-0.07671605,0.06878742,0.48738375,-23.65041964,-0.01118222,0.48738375,-23.65041964,-0.01118222,0.48711272,-23.57307219,-0.04570602,0.00799856,-0.00657505,-0.00014839,0.00297620,-0.00994092,0.00162137
2.100,0.08201617,0.71752271,2.41134329,0.10550168,-0.08731173,0.07094078,0.07916432,-0.06551530,0.05323118,0.07401663,0.72417630,2.41149396,0.10255267,-0.07731973,0.06931588,0.48751606,-23.66958724,-0.01151153,0.48751606,-23.66958724,-0.01151153,0.48724959,-23.59177185,-0.04630288,0.00799954,-0.00665359,-0.00015067,0.00294901,-0.00999200,0.00162490
2.110,0.08307515,0.71664632,2.41205536,0.10629379,-0.08796727,0.07147341,0.07925720,-0.06559216,0.05329363,0.07507488,0.72337890,2.41220828,0.10337098,-0.07792499,0.06984494,0.48764700,-23.68883461,-0.01183793,0.48764700,-23.68883461,-0.01183793,0.48738375,-23.61054927,-0.04689829,0.00800027,-0.00673258,-0.00015292,0.00292281,-0.01004228,0.00162847
2.120,0.08414205,0.71576336,2.41277276,0.10708681,-0.08862357,0.07200665,0.07934780,-0.06566715,0.05335456,0.07614132,0.72257538,2.41292791,0.10418923,-0.07853176,0.07037460,0.48777640,-23.70816641,-0.01216245,0.48777640,-23.70816641,-0.01216245,0.48751606,-23.62941121,-0.04749332,0.00800073,-0.00681202,-0.00015515,0.00289758,-0.01009181,0.00163205
2.130,0.08521689,0.71487384,2.41349550,0.10788073,-0.08928061,0.07254049,0.07943613,-0.06574025,0.05341395,0.07721594,0.72176573,2.41365287,0.10500740,-0.07914000,0.07090485,0.48790536,-23.72757943,-0.01248443,0.48790536,-23.72757943,-0.01248443,0.48764700,-23.64835226,-0.04808573,0.00800095,-0.00689189,-0.00015737,0.00287333,-0.01014061,0.00163564
2.140,0.08629967,0.71397775,2.41422358,0.10867553,-0.08993837,0.07307492,0.07952220,-0.06581147,0.05347182,0.07829874,0.72094994,2.41438315,0.10582547,-0.07974964,0.07143568,0.48803386,-23.74707451,-0.01280478,0.48803386,-23.74707451,-0.01280478,0.48777640,-23.66737713,-0.04867653,0.00800093,-0.00697219,-0.00015957,0.00285006,-0.01018873,0.00163924
2.150,0.08739040,0.71307507,2.41495700,0.10947117,-0.09059683,0.07360993,0.07960600,-0.06588083,0.05352817,0.07938971,0.72012801,2.41511876,0.10664345,-0.08036064,0.07196708,0.48816209,-23.76665466,-0.01312440,0.48816209,-23.76665466,-0.01312440,0.48790536,-23.68648261,-0.04926508,0.00800069,-0.00705294,-0.00016176,0.00282772,-0.01023619,0.00164285
2.160,0.08848909,0.71216581,2.41569578,0.11026764,-0.09125598,0.07414548,0.07968754,-0.06594831,0.05358300,0.08048886,0.71929991,2.41585971,0.10746130,-0.08097293,0.07249906,0.48829066,-23.78631728,-0.01344150,0.48829066,-23.78631728,-0.01344150,0.48803386,-23.70566961,-0.04985228,0.00800023,-0.00713410,-0.00016393,0.00280634,-0.01028305,0.00164642
2.170,0.08959575,0.71124995,2.41643991,0.11106491,-0.09191579,0.07468158,0.07976684,-0.06601394,0.05363632,0.08159618,0.71846564,2.41660601,0.10827904,-0.08158647,0.07303161,0.48841989,-23.80606522,-0.01375825,0.48841989,-23.80606522,-0.01375825,0.48816209,-23.72494112,-0.05043902,0.00799957,-0.00721569,-0.00016610,0.00278587,-0.01032932,0.00164997
2.180,0.09071039,0.71032749,2.41718941,0.11186297,-0.09257625,0.07521820,0.07984390,-0.06607771,0.05368814,0.08271168,0.71762518,2.41735765,0.10909663,-0.08220119,0.07356473,0.48855036,-23.82589806,-0.01407276,0.48855036,-23.82589806,-0.01407276,0.48829066,-23.74429460,-0.05102353,0.00799871,-0.00729769,-0.00016824,0.00276634,-0.01037506,0.00165347
2.190,0.09183302,0.70939843,2.41794428,0.11266178,-0.09323734,0.07575534,0.07991871,-0.06613962,0.05373844,0.08383534,0.71677854,2.41811464,0.10991409,-0.08281705,0.07409840,0.48868228,-23.84581515,-0.01438582,0.48868228,-23.84581515,-0.01438582,0.48841989,-23.76373290,-0.05160796,0.00799768,-0.00738011,-0.00017036,0.00274769,-0.01042029,0.00165694
2.200,0.09296363,0.70846274,2.41870452,0.11346134,-0.09389904,0.07629297,0.07999129,-0.06619969,0.05378725,0.08496718,0.71592569,2.41887699,0.11073139,-0.08343399,0.07463264,0.48881532,-23.86582190,-0.01469853,0.48881532,-23.86582190,-0.01469853,0.48855036,-23.78325566,-0.05219044,0.00799645,-0.00746295,-0.00017247,0.00272995,-0.01046505,0.00166033
2.210,0.09410225,0.70752044,2.41947014,0.11426160,-0.09456133,0.07683108,0.08006165,-0.06625792,0.05383456,0.08610718,0.71506663,2.41964471,0.11154853,-0.08405196,0.07516744,0.48895057,-23.88591377,-0.01501034,0.48895057,-23.88591377,-0.01501034,0.48868228,-23.80286222,-0.05277173,0.00799507,-0.00754619,-0.00017457,0.00271307,-0.01050937,0.00166364
2.220,0.09524887,0.70657152,2.42024114,0.11506256,-0.09522419,0.07736965,0.08012979,-0.06631431,0.05388038,0.08725534,0.71420135,2.42041780,0.11236550,-0.08467090,0.07570279,0.48908770,-23.90609228,-0.01532225,0.48908770,-23.90609228,-0.01532225,0.48881532,-23.82255802,-0.05335296,0.00799353,-0.00762983,-0.00017666,0.00269706,-0.01055329,0.00166686
2.230,0.09640350,0.70561596,2.42101753,0.11586419,-0.09588761,0.07790868,0.08019571,-0.06636887,0.05392470,0.08841167,0.71332985,2.42119627,0.11318230,-0.08529078,0.07623871,0.48922701,-23.92636136,-0.01563358,0.48922701,-23.92636136,-0.01563358,0.48895057,-23.84233856,-0.05393356,0.00799183,-0.00771389,-0.00017874,0.00268189,-0.01059683,0.00166997
2.240,0.09756615,0.70465376,2.42179932,0.11666647,-0.09655156,0.07844814,0.08025943,-0.06642159,0.05396755,0.08957616,0.71245211,2.42198011,0.11399892,-0.08591154,0.07677517,0.48936895,-23.94672036,-0.01594388,0.48936895,-23.94672036,-0.01594388,0.48908770,-23.86220537,-0.05451454,0.00798999,-0.00779835,-0.00018079,0.00266755,-0.01064002,0.00167297
2.250,0.09873683,0.70368492,2.42258650,0.11746937,-0.09721603,0.07898803,0.08032094,-0.06647250,0.05400891,0.09074880,0.71156813,2.42276934,0.11481535,-0.08653313,0.07731219,0.48951379,-23.96716931,-0.01625545,0.48951379,-23.96716931,-0.01625545,0.48922701,-23.88216241,-0.05509520,0.00798803,-0.00788321,-0.00018284,0.00265402,-0.01068290,0.00167584
2.260,0.09991554,0.70270944,2.42337908,0.11827288,-0.09788100,0.07952832,0.08038025,-0.06652159,0.05404879,0.09192960,0.71067791,2.42356397,0.11563159,-0.08715550,0.07784976,0.48966159,-23.98770793,-0.01656793,0.48966159,-23.98770793,-0.01656793,0.48936895,-23.90220905,-0.05567511,0.00798594,-0.00796847,-0.00018489,0.00264129,-0.01072550,0.00167856
2.270,0.10110229,0.70172730,2.42417706,0.11907697,-0.09854646,0.08006900,0.08043738,-0.06656886,0.05408720,0.09311856,0.70978143,2.42436399,0.11644764,-0.08777862,0.07838788,0.48981263,-24.00834034,-0.01688216,0.48981263,-24.00834034,-0.01688216,0.48951379,-23.92234533,-0.05625656,0.00798373,-0.00805413,-0.00018693,0.00262933,-0.01076784,0.00168112
2.280,0.10229708,0.70073851,2.42498046,0.11988162,-0.09921238,0.08061006,0.08049232,-0.06661433,0.05412414,0.09431567,0.70887869,2.42516942,0.11726349,-0.08840243,0.07892653,0.48996681,-24.02906405,-0.01719596,0.48996681,-24.02906405,-0.01719596,0.48966159,-23.94257100,-0.05683917,0.00798141,-0.00814018,-0.00018896,0.00261813,-0.01080995,0.00168353
2.290,0.10349992,0.69974305,2.42578927,0.12068681,-0.09987874,0.08115148,0.08054508,-0.06665799,0.05415962,0.09552093,0.70796969,2.42598025,0.11807913,-0.08902689,0.07946572,0.49012454,-24.04988293,-0.01751171,0.49012454,-24.04988293,-0.01751171,0.48981263,-23.96289020,-0.05742380,0.00797899,-0.00822664,-0.00019098,0.00260768,-0.01085185,0.00168576
2.300,0.10471082,0.69874093,2.42660349,0.12149251,-0.10054553,0.08169324,0.08059566,-0.06669986,0.05419363,0.09673434,0.70705441,2.42679649,0.11889457,-0.08965196,0.08000543,0.49028609,-24.07079524,-0.01783032,0.49028609,-24.07079524,-0.01783032,0.48996681,-23.98330046,-0.05800825,0.00797648,-0.00831348,-0.00019300,0.00259794,-0.01089357,0.00168781
2.310,0.10592978,0.69773214,2.42742313,0.12229872,-0.10121273,0.08223534,0.08064408,-0.06673993,0.05422619,0.09795590,0.70613287,2.42761816,0.11970980,-0.09027761,0.08054567,0.49045159,-24.09180286,-0.01815096,0.49045159,-24.09180286,-0.01815096,0.49012454,-24.00380567,-0.05859489,0.00797388,-0.00840073,-0.00019503,0.00258892,-0.01093512,0.00168967
2.320,0.10715680,0.69671668,2.42824820,0.12310539,-0.10188032,0.08277776,0.08069034,-0.06677821,0.05425730,0.09918560,0.70520505,2.42844524,0.12052483,-0.09090378,0.08108641,0.49062056,-24.11290579,-0.01847293,0.49062056,-24.11290579,-0.01847293,0.49028609,-24.02440409,-0.05918463,0.00797120,-0.00848837,-0.00019704,0.00258056,-0.01097654,0.00169135
2.330,0.10839189,0.69569453,2.42907869,0.12391251,-0.10254829,0.08332048,0.08073444,-0.06681471,0.05428695,0.10042344,0.70427094,2.42927776,0.12133964,-0.09153044,0.08162765,0.49079351,-24.13410836,-0.01879848,0.49079351,-24.13410836,-0.01879848,0.49045159,-24.04509765,-0.05977664,0.00796845,-0.00857641,-0.00019907,0.00257287,-0.01101785,0.00169283
2.340,0.10963505,0.69466571,2.42991461,0.12472007,-0.10321661,0.08386350,0.08077639,-0.06684943,0.05431516,0.10166942,0.70333055,2.43011570,0.12215425,-0.09215756,0.08216937,0.49097043,-24.15540622,-0.01912670,0.49097043,-24.15540622,-0.01912670,0.49062056,-24.06588633,-0.06037020,0.00796563,-0.00866484,-0.00020109,0.00256582,-0.01105905,0.00169413
2.350,0.11088629,0.69363020,2.43075596,0.12552804,-0.10388527,0.08440678,0.08081620,-0.06688237,0.05434193,0.10292354,0.70238387,2.43095908,0.12296864,-0.09278510,0.08271156,0.49115157,-24.17680370,-0.01945850,0.49115157,-24.17680370,-0.01945850,0.49079351,-24.08677450,-0.06096755,0.00796275,-0.00875367,-0.00020312,0.00255940,-0.01110017,0.00169522
2.360,0.11214561,0.69258800,2.43160275,0.12633639,-0.10455425,0.08495033,0.08085387,-0.06691354,0.05436726,0.10418579,0.70143091,2.43180791,0.12378282,-0.09341303,0.08325421,0.49133668,-24.19830084,-0.01979276,0.49133668,-24.19830084,-0.01979276,0.49097043,-24.10775781,-0.06156778,0.00795982,-0.00884291,-0.00020516,0.00255357,-0.01114122,0.00169612
2.370,0.11341302,0.69153911,2.43245497,0.12714511,-0.10522354,0.08549412,0.08088940,-0.06694295,0.05439115,0.10545618,0.70047165,2.43266217,0.12459679,-0.09404131,0.08379730,0.49152624,-24.21989803,-0.02013170,0.49152624,-24.21989803,-0.02013170,0.49115157,-24.12884063,-0.06217179,0.00795684,-0.00893254,-0.00020720,0.00254832,-0.01118223,0.00169682
2.380,0.11468851,0.69048353,2.43331263,0.12795417,-0.10589311,0.08603815,0.08092281,-0.06697060,0.05441362,0.10673469,0.69950609,2.43352189,0.12541055,-0.09466991,0.08434082,0.49171949,-24.24159492,-0.02047428,0.49171949,-24.24159492,-0.02047428,0.49133668,-24.15002299,-0.06277845,0.00795382,-0.00902256,-0.00020926,0.00254362,-0.01122320,0.00169733
2.390,0.11597210,0.68942125,2.43417573,0.12876356,-0.10656294,0.08658239,0.08095410,-0.06699650,0.05443466,0.10802134,0.69853423,2.43438705,0.12622410,-0.09529880,0.08488475,0.49191740,-24.26339355,-0.02082114,0.49191740,-24.26339355,-0.02082114,0.49152624,-24.17130529,-0.06338997,0.00795076,-0.00911298,-0.00021132,0.00253946,-0.01126414,0.00169764
2.400,0.11726379,0.68835227,2.43504428,0.12957324,-0.10723303,0.08712684,0.08098328,-0.06702064,0.05445427,0.10931612,0.69755608,2.43525767,0.12703743,-0.09592796,0.08542907,0.49211960,-24.28529467,-0.02117112,0.49211960,-24.28529467,-0.02117112,0.49171949,-24.19268720,-0.06400530,0.00794767,-0.00920381,-0.00021339,0.00253581,-0.01130507,0.00169777
2.410,0.11856357,0.68727659,2.43591827,0.13038321,-0.10790335,0.08767147,0.08101034,-0.06704304,0.05447247,0.11061902,0.69657162,2.43613375,0.12785056,-0.09655735,0.08597377,0.49232565,-24.30729797,-0.02152628,0.49232565,-24.30729797,-0.02152628,0.49191740,-24.21417078,-0.06462506,0.00794455,-0.00929503,-0.00021548,0.00253265,-0.01134600,0.00169770
2.420,0.11987145,0.68619420,2.43679771,0.13119344,-0.10857388,0.08821628,0.08103531,-0.06706370,0.05448926,0.11193004,0.69558087,2.43701529,0.12866348,-0.09718696,0.08651882,0.49253580,-24.32940544,-0.02188545,0.49253580,-24.32940544,-0.02188545,0.49211960,-24.23575678,-0.06524810,0.00794141,-0.00938667,-0.00021758,0.00252996,-0.01138692,0.00169746
2.430,0.12118744,0.68510511,2.43768259,0.13200391,-0.10924462,0.08876125,0.08105817,-0.06708262,0.05450463,0.11324918,0.69458380,2.43790229,0.12947620,-0.09781676,0.08706420,0.49275037,-24.35161580,-0.02225054,0.49275037,-24.35161580,-0.02225054,0.49232565,-24.25744490,-0.06587646,0.00793826,-0.00947869,-0.00021970,0.00252771,-0.01142786,0.00169705
2.440,0.12251153,0.68400931,2.43857293,0.13281460,-0.10991553,0.08930637,0.08107895,-0.06709982,0.05451860,0.11457644,0.69358044,2.43879476,0.13028871,-0.09844672,0.08760991,0.49296871,-24.37393034,-0.02261890,0.49296871,-24.37393034,-0.02261890,0.49253580,-24.27923714,-0.06650896,0.00793509,-0.00957113,-0.00022183,0.00252589,-0.01146881,0.00169646
2.450,0.12384373,0.68290680,2.43946872,0.13362548,-0.11058661,0.08985162,0.08109763,-0.06711528,0.05453117,0.11591182,0.69257077,2.43969270,0.13110102,-0.09907682,0.08815591,0.49319103,-24.39634976,-0.02299234,0.49319103,-24.39634976,-0.02299234,0.49275037,-24.30113224,-0.06714750,0.00793191,-0.00966397,-0.00022398,0.00252446,-0.01150979,0.00169571
2.460,0.12518404,0.68179758,2.44036997,0.13443655,-0.11125783,0.09039699,0.08111424,-0.06712903,0.05454234,0.11725532,0.69155479,2.44059611,0.13191313,-0.09970705,0.08870219,0.49341742,-24.41887367,-0.02336965,0.49341742,-24.41887367,-0.02336965,0.49296871,-24.32313148,-0.06778942,0.00792872,-0.00975721,-0.00022614,0.00252342,-0.01155078,0.00169480
2.470,0.12653246,0.68068164,2.44127666,0.13524776,-0.11192918,0.09094246,0.08112878,-0.06714106,0.05455211,0.11860693,0.69053251,2.44150500,0.13272504,-0.10033738,0.08924874,0.49364733,-24.44150435,-0.02375417,0.49364733,-24.44150435,-0.02375417,0.49319103,-24.34523557,-0.06843653,0.00792553,-0.00985087,-0.00022834,0.00252272,-0.01159180,0.00169372
2.480,0.12788900,0.67955899,2.44218881,0.13605911,-0.11260065,0.09148803,0.08114124,-0.06715137,0.05456049,0.11996665,0.68950392,2.44241936,0.13353676,-0.10096781,0.08979553,0.49388135,-24.46424008,-0.02414308,0.49388135,-24.46424008,-0.02414308,0.49341742,-24.36744413,-0.06908761,0.00792235,-0.00994493,-0.00023055,0.00252235,-0.01163284,0.00169250
2.490,0.12925364,0.67842963,2.44310642,0.13687058,-0.11327220,0.09203367,0.08115165,-0.06715999,0.05456749,0.12133447,0.68846902,2.44333919,0.13434828,-0.10159830,0.09034256,0.49411829,-24.48708005,-0.02453670,0.49411829,-24.48708005,-0.02453670,0.49364733,-24.38975946,-0.06974599,0.00791917,-0.01003939,-0.00023277,0.00252230,-0.01167390,0.00169111
2.500,0.13062641,0.67729355,2.44402949,0.13768214,-0.11394384,0.09257937,0.08116000,-0.06716690,0.05457310,0.12271041,0.68742781,2.44426451,0.13515961,-0.10222886,0.09088979,0.49435938,-24.51002722,-0.02493519,0.49435938,-24.51002722,-0.02493519,0.49388135,-24.41217981,-0.07040882,0.00791600,-0.01013426,-0.00023502,0.00252253,-0.01171498,0.00168958
2.510,0.13200729,0.67615075,2.44495801,0.13849377,-0.11461554,0.09312512,0.08116630,-0.06717211,0.05457734,0.12409445,0.68638030,2.44519530,0.13597075,-0.10285946,0.09143721,0.49460343,-24.53308111,-0.02534021,0.49460343,-24.53308111,-0.02534021,0.49411829,-24.43470442,-0.07107644,0.00791284,-0.01022955,-0.00023729,0.00252302,-0.01175608,0.00168791
2.520,0.13339628,0.67500124,2.44589199,0.13930546,-0.11528728,0.09367091,0.08117055,-0.06717563,0.05458020,0.12548660,0.68532648,2.44613158,0.13678171,-0.10349009,0.09198482,0.49485040,-24.55623956,-0.02575039,0.49485040,-24.55623956,-0.02575039,0.49435938,-24.45733622,-0.07174900,0.00790968,-0.01032524,-0.00023959,0.00252375,-0.01179719,0.00168609
2.530,0.13479340,0.67384501,2.44683143,0.14011718,-0.11595904,0.09421672,0.08117277,-0.06717746,0.05458169,0.12688685,0.68426635,2.44707334,0.13759247,-0.10412075,0.09253258,0.49510100,-24.57950439,-0.02616593,0.49510100,-24.57950439,-0.02616593,0.49460343,-24.48007476,-0.07242814,0.00790655,-0.01042134,-0.00024191,0.00252471,-0.01183829,0.00168414
2.540,0.13619863,0.67268206,2.44777633,0.14092891,-0.11663082,0.09476254,0.08117295,-0.06717761,0.05458181,0.12829519,0.68319992,2.44802058,0.13840306,-0.10475141,0.09308048,0.49535405,-24.60287613,-0.02658689,0.49535405,-24.60287613,-0.02658689,0.49485040,-24.50291786,-0.07311249,0.00790344,-0.01051786,-0.00024425,0.00252585,-0.01187941,0.00168206
2.550,0.13761197,0.67151239,2.44872668,0.14174063,-0.11730259,0.09530835,0.08117110,-0.06717609,0.05458057,0.12971164,0.68212718,2.44897331,0.13921346,-0.10538207,0.09362851,0.49560937,-24.62635425,-0.02701491,0.49560937,-24.62635425,-0.02701491,0.49510100,-24.52586735,-0.07380223,0.00790033,-0.01061479,-0.00024663,0.00252717,-0.01192052,0.00167984
2.560,0.13903344,0.67033601,2.44968249,0.14255232,-0.11797434,0.09585415,0.08116724,-0.06717289,0.05457797,0.13113618,0.68104813,2.44993152,0.14002368,-0.10601273,0.09417665,0.49586782,-24.64993685,-0.02744844,0.49586782,-24.64993685,-0.02744844,0.49535405,-24.54892378,-0.07449742,0.00789726,-0.01071212,-0.00024903,0.00252864,-0.01196161,0.00167750
2.570,0.14046302,0.66915290,2.45064376,0.14336397,-0.11864604,0.09639991,0.08116136,-0.06716802,0.05457402,0.13256882,0.67996278,2.45089521,0.14083372,-0.10664337,0.09472487,0.49612832,-24.67362737,-0.02788764,0.49612832,-24.67362737,-0.02788764,0.49560937,-24.57208661,-0.07519969,0.00789420,-0.01080988,-0.00025145,0.00253025,-0.01200267,0.00167504
2.580,0.14190072,0.66796309,2.45161049,0.14417554,-0.11931769,0.09694562,0.08115347,-0.06716149,0.05456871,0.13400955,0.67887112,2.45186439,0.14164358,-0.10727399,0.09527317,0.49639099,-24.69742027,-0.02833246,0.49639099,-24.69742027,-0.02833246,0.49586782,-24.59535394,-0.07590748,0.00789117,-0.01090803,-0.00025390,0.00253196,-0.01204370,0.00167245
2.590,0.14334653,0.66676655,2.45258268,0.14498703,-0.11998927,0.09749128,0.08114358,-0.06715330,0.05456206,0.13545838,0.67777316,2.45283906,0.14245327,-0.10790457,0.09582153,0.49665539,-24.72132128,-0.02878273,0.49665539,-24.72132128,-0.02878273,0.49612832,-24.61872920,-0.07662094,0.00788815,-0.01100661,-0.00025638,0.00253376,-0.01208470,0.00166975
2.600,0.14480046,0.66556330,2.45356032,0.14579841,-0.12066075,0.09803686,0.08113168,-0.06714346,0.05455406,0.13691529,0.67666889,2.45381921,0.14326278,-0.10853512,0.09636992,0.49692174,-24.74532582,-0.02924009,0.49692174,-24.74532582,-0.02924009,0.49639099,-24.64220689,-0.07734001,0.00788517,-0.01110559,-0.00025889,0.00253563,-0.01212563,0.00166694
2.610,0.14626250,0.66435334,2.45454341,0.14660966,-0.12133213,0.09858236,0.08111780,-0.06713197,0.05454473,0.13838029,0.67555832,2.45480484,0.14407211,-0.10916562,0.09691834,0.49718939,-24.76943425,-0.02970437,0.49718939,-24.76943425,-0.02970437,0.49665539,-24.66579271,-0.07806453,0.00788221,-0.01120498,-0.00026143,0.00253755,-0.01216651,0.00166402
2.620,0.14773265,0.66313666,2.45553196,0.14742076,-0.12200339,0.09912775,0.08110193,-0.06711884,0.05453406,0.13985338,0.67444144,2.45579597,0.14488127,-0.10979608,0.09746676,0.49745818,-24.79364831,-0.03017411,0.49745818,-24.79364831,-0.03017411,0.49692174,-24.68948209,-0.07879611,0.00787927,-0.01130478,-0.00026401,0.00253949,-0.01220731,0.00166099
2.630,0.14921091,0.66191327,2.45652597,0.14823169,-0.12267450,0.09967303,0.08108408,-0.06710407,0.05452206,0.14133455,0.67331827,2.45679257,0.14569026,-0.11042648,0.09801517,0.49772796,-24.81796540,-0.03064899,0.49772796,-24.81796540,-0.03064899,0.49718939,-24.71327540,-0.07953456,0.00787636,-0.01140500,-0.00026660,0.00254143,-0.01224802,0.00165786
2.640,0.15069728,0.66068317,2.45752542,0.14904243,-0.12334546,0.10021819,0.08106426,-0.06708766,0.05450873,0.14282381,0.67218879,2.45779466,0.14649907,-0.11105683,0.09856354,0.49799857,-24.84238592,-0.03113183,0.49799857,-24.84238592,-0.03113183,0.49745818,-24.73717438,-0.08027844,0.00787347,-0.01150562,-0.00026924,0.00254336,-0.01228863,0.00165465
2.650,0.15219176,0.65944636,2.45853033,0.14985297,-0.12401625,0.10076320,0.08104247,-0.06706963,0.05449407,0.14432114,0.67105301,2.45880222,0.14730770,-0.11168711,0.09911187,0.49827001,-24.86690953,-0.03161964,0.49827001,-24.86690953,-0.03161964,0.49772796,-24.76117642,-0.08102742,0.00787062,-0.01160665,-0.00027189,0.00254527,-0.01232914,0.00165133
2.660,0.15369434,0.65820284,2.45954069,0.15066328,-0.12468685,0.10130807,0.08101872,-0.06704997,0.05447810,0.14582656,0.66991093,2.45981527,0.14811616,-0.11231733,0.09966013,0.49854151,-24.89153598,-0.03211343,0.49854151,-24.89153598,-0.03211343,0.49799857,-24.78528192,-0.08178428,0.00786778,-0.01170809,-0.00027458,0.00254712,-0.01236952,0.00164794
2.670,0.15520503,0.65695262,2.46055649,0.15147334,-0.12535724,0.10185276,0.08099300,-0.06702869,0.05446081,0.14734005,0.66876255,2.46083380,0.14892443,-0.11294748,0.10020831,0.49881343,-24.91626292,-0.03261476,0.49881343,-24.91626292,-0.03261476,0.49827001,-24.80949057,-0.08254606,0.00786498,-0.01180993,-0.00027731,0.00254891,-0.01240976,0.00164445
2.680,0.15672381,0.65569570,2.46157774,0.15228313,-0.12602742,0.10239728,0.08096534,-0.06700580,0.05444221,0.14886162,0.66760787,2.46185781,0.14973253,-0.11357756,0.10075639,0.49908465,-24.94109074,-0.03312167,0.49908465,-24.94109074,-0.03312167,0.49854151,-24.83380208,-0.08331374,0.00786219,-0.01191217,-0.00028007,0.00255060,-0.01244986,0.00164089
2.690,0.15825069,0.65443208,2.46260444,0.15309264,-0.12669735,0.10294160,0.08093574,-0.06698130,0.05442231,0.15039126,0.66644689,2.46288729,0.15054045,-0.11420756,0.10130435,0.49935566,-24.96601845,-0.03363399,0.49935566,-24.96601845,-0.03363399,0.49881343,-24.85821414,-0.08408888,0.00785943,-0.01201481,-0.00028285,0.00255219,-0.01248979,0.00163725
2.700,0.15978566,0.65316175,2.46363657,0.15390184,-0.12736704,0.10348572,0.08090419,-0.06695519,0.05440109,0.15192897,0.66527962,2.46392225,0.15134819,-0.11483748,0.10185218,0.49962573,-24.99104883,-0.03415428,0.49962573,-24.99104883,-0.03415428,0.49908465,-24.88272712,-0.08486949,0.00785669,-0.01211787,-0.00028568,0.00255365,-0.01252956,0.00163354
2.710,0.16132872,0.65188474,2.46467415,0.15471071,-0.12803645,0.10402962,0.08087071,-0.06692749,0.05437858,0.15347476,0.66410605,2.46496268,0.15215573,-0.11546731,0.10239985,0.49989475,-25.01617487,-0.03467930,0.49989475,-25.01617487,-0.03467930,0.49935566,-24.90734005,-0.08565543,0.00785396,-0.01222131,-0.00028853,0.00255498,-0.01256914,0.00162977
2.720,0.16287987,0.65060103,2.46571716,0.15551925,-0.12870558,0.10457329,0.08083531,-0.06689819,0.05435478,0.15502861,0.66292619,2.46600857,0.15296309,-0.11609706,0.10294736,0.50016285,-25.04140097,-0.03521162,0.50016285,-25.04140097,-0.03521162,0.49962573,-24.93205568,-0.08644922,0.00785126,-0.01232516,-0.00029141,0.00255616,-0.01260852,0.00162593
2.730,0.16443911,0.64931063,2.46676561,0.15632741,-0.12937441,0.10511671,0.08079798,-0.06686729,0.05432968,0.15659053,0.66174003,2.46705994,0.15377026,-0.11672672,0.10349468,0.50042958,-25.06672488,-0.03574944,0.50042958,-25.06672488,-0.03574944,0.49989475,-24.95686702,-0.08724762,0.00784858,-0.01242940,-0.00029433,0.00255715,-0.01264769,0.00162203
2.740,0.16600642,0.64801354,2.46781950,0.15713520,-0.13004292,0.10565988,0.08075874,-0.06683482,0.05430329,0.15816051,0.66054758,2.46811677,0.15457723,-0.11735628,0.10404179,0.50069421,-25.09214633,-0.03629219,0.50069421,-25.09214633,-0.03629219,0.50016285,-24.98177849,-0.08805319,0.00784591,-0.01253404,-0.00029727,0.00255797,-0.01268664,0.00161809
2.750,0.16758181,0.64670977,2.46887881,0.15794258,-0.13071110,0.10620277,0.08071759,-0.06680076,0.05427562,0.15973855,0.65934884,2.46917907,0.15538400,-0.11798575,0.10458869,0.50095692,-25.11766340,-0.03684262,0.50095692,-25.11766340,-0.03684262,0.50042958,-25.00678781,-0.08886413,0.00784326,-0.01263907,-0.00030026,0.00255858,-0.01272535,0.00161408
2.760,0.16916527,0.64539932,2.46994355,0.15874954,-0.13137893,0.10674538,0.08067453,-0.06676513,0.05424667,0.16132465,0.65814381,2.47024682,0.15619057,-0.11861511,0.10513535,0.50121724,-25.14327580,-0.03739871,0.50121724,-25.14327580,-0.03739871,0.50069421,-25.03189473,-0.08967986,0.00784062,-0.01274449,-0.00030327,0.00255897,-0.01276382,0.00161003
2.770,0.17075680,0.64408219,2.47101372,0.15955607,-0.13204640,0.10728770,0.08062957,-0.06672792,0.05421644,0.16291881,0.65693249,2.47132003,0.15699692,-0.11924437,0.10568176,0.50147524,-25.16898365,-0.03795994,0.50147524,-25.16898365,-0.03795994,0.50095692,-25.05709732,-0.09050312,0.00783799,-0.01285030,-0.00030631,0.00255915,-0.01280203,0.00160594
2.780,0.17235639,0.64275839,2.47208930,0.16036213,-0.13271349,0.10782971,0.08058273,-0.06668915,0.05418494,0.16452103,0.65571488,2.47239869,0.15780306,-0.11987353,0.10622791,0.50173011,-25.19478472,-0.03852889,0.50173011,-25.19478472,-0.03852889,0.50121724,-25.08239531,-0.09133189,0.00783536,-0.01295649,-0.00030939,0.00255907,-0.01283996,0.00160180
2.790,0.17396404,0.64142792,2.47317031,0.16116771,-0.13338018,0.10837139,0.08053399,-0.06664882,0.05415217,0.16613130,0.65449098,2.47348281,0.15860898,-0.12050257,0.10677378,0.50198194,-25.22067877,-0.03910216,0.50198194,-25.22067877,-0.03910216,0.50147524,-25.10778880,-0.09216563,0.00783274,-0.01306306,-0.00031250,0.00255873,-0.01287761,0.00159761
2.800,0.17557974,0.64009079,2.47425673,0.16197280,-0.13404646,0.10891275,0.08048338,-0.06660694,0.05411814,0.16774961,0.65326080,2.47457237,0.15941468,-0.12113149,0.10731936,0.50223028,-25.24666396,-0.03968196,0.50223028,-25.24666396,-0.03968196,0.50173011,-25.13327558,-0.09300693,0.00783013,-0.01317001,-0.00031564,0.00255812,-0.01291497,0.00159339
2.810,0.17720349,0.63874700,2.47534856,0.16277738,-0.13471231,0.10945375,0.08043089,-0.06656350,0.05408284,0.16937598,0.65202433,2.47566737,0.16022013,-0.12176030,0.10786462,0.50247513,-25.27274011,-0.04026804,0.50247513,-25.27274011,-0.04026804,0.50198194,-25.15885541,-0.09385237,0.00782751,-0.01327733,-0.00031881,0.00255725,-0.01295201,0.00158913
2.820,0.17883529,0.63739654,2.47644581,0.16358141,-0.13537772,0.10999440,0.08037654,-0.06651851,0.05404629,0.17101039,0.65078158,2.47676782,0.16102535,-0.12238898,0.10840956,0.50271620,-25.29890941,-0.04085810,0.50271620,-25.29890941,-0.04085810,0.50223028,-25.18452646,-0.09470415,0.00782490,-0.01338504,-0.00032201,0.00255606,-0.01298874,0.00158484
2.830,0.18047512,0.63603944,2.47754845,0.16438490,-0.13604268,0.11053467,0.08032032,-0.06647199,0.05400849,0.17265284,0.64953255,2.47787370,0.16183032,-0.12301753,0.10895417,0.50295286,-25.32516610,-0.04145621,0.50295286,-25.32516610,-0.04145621,0.50247513,-25.21028853,-0.09556202,0.00782228,-0.01349311,-0.00032525,0.00255458,-0.01302515,0.00158050
2.840,0.18212299,0.63467569,2.47865650,0.16518782,-0.13670716,0.11107457,0.08026224,-0.06642392,0.05396944,0.17430333,0.64827724,2.47898501,0.16263503,-0.12364594,0.10949842,0.50318547,-25.35151163,-0.04205864,0.50318547,-25.35151163,-0.04205864,0.50271620,-25.23614382,-0.09642369,0.00781966,-0.01360155,-0.00032851,0.00255279,-0.01306122,0.00157615
2.850,0.18377888,0.63330530,2.47976994,0.16599014,-0.13737115,0.11161406,0.08020231,-0.06637433,0.05392914,0.17596186,0.64701565,2.48010175,0.16343947,-0.12427421,0.11004231,0.50341293,-25.37794428,-0.04266799,0.50341293,-25.37794428,-0.04266799,0.50295286,-25.26208659,-0.09729320,0.00781702,-0.01371035,-0.00033181,0.00255067,-0.01309694,0.00157175
2.860,0.18544279,0.63192827,2.48088878,0.16679186,-0.13803464,0.11215314,0.08014054,-0.06632320,0.05388760,0.17762842,0.64574778,2.48122391,0.16424364,-0.12490234,0.11058582,0.50363549,-25.40446431,-0.04328203,0.50363549,-25.40446431,-0.04328203,0.50318547,-25.28811827,-0.09816682,0.00781437,-0.01381951,-0.00033513,0.00254822,-0.01313230,0.00156732
2.870,0.18711471,0.63054461,2.48201300,0.16759294,-0.13869761,0.11269181,0.08007692,-0.06627056,0.05384483,0.17930301,0.64447364,2.48235149,0.16504753,-0.12553031,0.11112894,0.50385243,-25.43106969,-0.04390296,0.50385243,-25.43106969,-0.04390296,0.50341293,-25.31423717,-0.09904714,0.00781170,-0.01392903,-0.00033849,0.00254541,-0.01316730,0.00156287
2.880,0.18879464,0.62915432,2.48314261,0.16839339,-0.13936004,0.11323004,0.08001148,-0.06621640,0.05380082,0.18098563,0.64319322,2.48348449,0.16585112,-0.12615813,0.11167166,0.50406416,-25.45776038,-0.04452880,0.50406416,-25.45776038,-0.04452880,0.50363549,-25.34044353,-0.09993194,0.00780901,-0.01403890,-0.00034188,0.00254227,-0.01320191,0.00155838
2.890,0.19048258,0.62775741,2.48427760,0.16919317,-0.14002193,0.11376782,0.07994420,-0.06616072,0.05375559,0.18267628,0.64190654,2.48462290,0.16665441,-0.12678578,0.11221395,0.50427049,-25.48453509,-0.04516031,0.50427049,-25.48453509,-0.04516031,0.50385243,-25.36673533,-0.10082338,0.00780630,-0.01414913,-0.00034530,0.00253876,-0.01323615,0.00155387
2.900,0.19217850,0.62635388,2.48541797,0.16999227,-0.14068325,0.11430514,0.07987511,-0.06610354,0.05370912,0.18437494,0.64061358,2.48576671,0.16745739,-0.12741325,0.11275582,0.50447010,-25.51139349,-0.04579676,0.50447010,-25.51139349,-0.04579676,0.50406416,-25.39311254,-0.10171951,0.00780356,-0.01425970,-0.00034874,0.00253488,-0.01327000,0.00154932
2.910,0.19388242,0.62494375,2.48656370,0.17079066,-0.14134400,0.11484200,0.07980420,-0.06604485,0.05366144,0.18608162,0.63931436,2.48691593,0.16826004,-0.12804055,0.11329724,0.50466392,-25.53833233,-0.04644032,0.50466392,-25.53833233,-0.04644032,0.50427049,-25.41957387,-0.10262106,0.00780080,-0.01437061,-0.00035223,0.00253062,-0.01330345,0.00154476
2.920,0.19559431,0.62352701,2.48771481,0.17158834,-0.14200415,0.11537837,0.07973147,-0.06598467,0.05361254,0.18779631,0.63800887,2.48807054,0.16906235,-0.12866766,0.11383820,0.50485080,-25.56535331,-0.04708747,0.50485080,-25.56535331,-0.04708747,0.50447010,-25.44611900,-0.10352731,0.00779800,-0.01448186,-0.00035573,0.00252599,-0.01333649,0.00154017
2.930,0.19731418,0.62210367,2.48887127,0.17238529,-0.14266369,0.11591424,0.07965695,-0.06592299,0.05356243,0.18951901,0.63669711,2.48923054,0.16986432,-0.12929457,0.11437870,0.50503132,-25.59245493,-0.04774188,0.50503132,-25.59245493,-0.04774188,0.50466392,-25.47274468,-0.10444042,0.00779517,-0.01459344,-0.00035927,0.00252097,-0.01336912,0.00153554
2.940,0.19904202,0.62067373,2.49003309,0.17318148,-0.14332260,0.11644961,0.07958062,-0.06585982,0.05351111,0.19124972,0.63537910,2.49039593,0.17066592,-0.12992127,0.11491872,0.50520497,-25.61963730,-0.04840123,0.50520497,-25.61963730,-0.04840123,0.50485080,-25.49945262,-0.10535686,0.00779230,-0.01470537,-0.00036284,0.00251556,-0.01340133,0.00153089
2.950,0.20077781,0.61923722,2.49120026,0.17397689,-0.14398088,0.11698446,0.07950250,-0.06579518,0.05345858,0.19298843,0.63405483,2.49156670,0.17146715,-0.13054777,0.11545824,0.50537087,-25.64689530,-0.04906626,0.50537087,-25.64689530,-0.04906626,0.50503132,-25.52624131,-0.10628030,0.00778938,-0.01481761,-0.00036644,0.00250974,-0.01343311,0.00152622
2.960,0.20252155,0.61779412,2.49237278,0.17477152,-0.14463850,0.11751878,0.07942260,-0.06572905,0.05340485,0.19473514,0.63272430,2.49274284,0.17226799,-0.13117404,0.11599727,0.50552937,-25.67423274,-0.04973618,0.50552937,-25.67423274,-0.04973618,0.50520497,-25.55311088,-0.10720839,0.00778641,-0.01493018,-0.00037006,0.00250353,-0.01346446,0.00152151
2.970,0.20427324,0.61634445,2.49355063,0.17556534,-0.14529545,0.11805256,0.07934091,-0.06566145,0.05334993,0.19648983,0.63138752,2.49392435,0.17306844,-0.13180008,0.11653577,0.50568051,-25.70164623,-0.05041312,0.50568051,-25.70164623,-0.05041312,0.50537087,-25.58005620,-0.10814191,0.00778341,-0.01504307,-0.00037372,0.00249690,-0.01349537,0.00151679
2.980,0.20603286,0.61488821,2.49473383,0.17635833,-0.14595172,0.11858578,0.07925745,-0.06559238,0.05329381,0.19825252,0.63004448,2.49511123,0.17386847,-0.13242587,0.11707375,0.50582343,-25.72913637,-0.05109336,0.50582343,-25.72913637,-0.05109336,0.50552937,-25.60708110,-0.10908002,0.00778034,-0.01515627,-0.00037740,0.00248986,-0.01352585,0.00151203
2.990,0.20780040,0.61342542,2.49592235,0.17715048,-0.14660730,0.11911843,0.07917222,-0.06552184,0.05323650,0.20002319,0.62869520,2.49630347,0.17466807,-0.13305142,0.11761119,0.50595791,-25.75669980,-0.05178048,0.50595791,-25.75669980,-0.05178048,0.50568051,-25.63418220,-0.11002488,0.00777721,-0.01526978,-0.00038112,0.00248241,-0.01355588,0.00150724
3.000,0.20957586,0.61195607,2.49711619,0.17794177,-0.14726216,0.11965050,0.07908523,-0.06544985,0.05317800,0.20180183,0.62733968,2.49750105,0.17546723,-0.13367671,0.11814809,0.50608414,-25.78433848,-0.05247366,0.50608414,-25.78433848,-0.05247366,0.50582343,-25.66136008,-0.11097274,0.00777403,-0.01538361,-0.00038486,0.00247454,-0.01358545,0.00150241
3.010,0.21135923,0.61048018,2.49831535,0.17873218,-0.14791629,0.12018198,0.07899648,-0.06537640,0.05311832,0.20358845,0.62597791,2.49870399,0.17626593,-0.13430172,0.11868442,0.50620180,-25.81204912,-0.05317198,0.50620180,-25.81204912,-0.05317198,0.50595791,-25.68861142,-0.11192719,0.00777078,-0.01549773,-0.00038864,0.00246625,-0.01361457,0.00149756
3.020,0.21315050,0.60899775,2.49951983,0.17952170,-0.14856968,0.12071286,0.07890598,-0.06530150,0.05305747,0.20538304,0.62460990,2.49991226,0.17706416,-0.13492645,0.11922017,0.50631072,-25.83983246,-0.05387447,0.50631072,-25.83983246,-0.05387447,0.50608414,-25.71593816,-0.11288738,0.00776746,-0.01561215,-0.00039243,0.00245754,-0.01364323,0.00149269
3.030,0.21494967,0.60750879,2.50072961,0.18031030,-0.14922231,0.12124313,0.07881373,-0.06522516,0.05299544,0.20718559,0.62323566,2.50112587,0.17786189,-0.13555089,0.11975534,0.50641098,-25.86768694,-0.05458319,0.50641098,-25.86768694,-0.05458319,0.50620180,-25.74333702,-0.11385240,0.00776408,-0.01572687,-0.00039626,0.00244841,-0.01367142,0.00148779
3.040,0.21675671,0.60601330,2.50194469,0.18109796,-0.14987418,0.12177277,0.07871974,-0.06514737,0.05293224,0.20899610,0.62185519,2.50234481,0.17865913,-0.13617502,0.12028992,0.50650132,-25.89561369,-0.05529733,0.50650132,-25.89561369,-0.05529733,0.50631072,-25.77080875,-0.11482129,0.00776061,-0.01584189,-0.00040012,0.00243883,-0.01369916,0.00148285
3.050,0.21857162,0.60451130,2.50316506,0.18188468,-0.15052526,0.12230177,0.07862402,-0.06506816,0.05286788,0.21081456,0.62046848,2.50356907,0.17945584,-0.13679883,0.12082388,0.50658220,-25.92360884,-0.05601744,0.50658220,-25.92360884,-0.05601744,0.50641098,-25.79835181,-0.11579609,0.00775706,-0.01595718,-0.00040401,0.00242884,-0.01372643,0.00147789
3.060,0.22039440,0.60300280,2.50439072,0.18267044,-0.15117554,0.12283012,0.07852657,-0.06498751,0.05280235,0.21264097,0.61907556,2.50479864,0.18025201,-0.13742232,0.12135724,0.50665388,-25.95167121,-0.05674255,0.50665388,-25.95167121,-0.05674255,0.50650132,-25.82596730,-0.11677598,0.00775343,-0.01607276,-0.00040792,0.00241843,-0.01375322,0.00147288
3.070,0.22222503,0.60148780,2.50562166,0.18345521,-0.15182500,0.12335781,0.07842740,-0.06490544,0.05273567,0.21447531,0.61767641,2.50603352,0.18104763,-0.13804546,0.12188996,0.50671550,-25.97980136,-0.05747315,0.50671550,-25.97980136,-0.05747315,0.50658220,-25.85365139,-0.11776151,0.00774972,-0.01618861,-0.00041186,0.00240758,-0.01377954,0.00146785
3.080,0.22406350,0.59996630,2.50685788,0.18423898,-0.15247364,0.12388483,0.07832651,-0.06482194,0.05266783,0.21631759,0.61627104,2.50727370,0.18184268,-0.13866826,0.12242205,0.50676695,-26.00800057,-0.05820823,0.50676695,-26.00800057,-0.05820823,0.50665388,-25.88140290,-0.11875171,0.00774591,-0.01630474,-0.00041582,0.00239630,-0.01380538,0.00146278
3.090,0.22590980,0.59843833,2.50809936,0.18502173,-0.15312144,0.12441117,0.07822391,-0.06473703,0.05259884,0.21816780,0.61485946,2.50851918,0.18263714,-0.13929068,0.12295349,0.50680804,-26.03626346,-0.05894977,0.50680804,-26.03626346,-0.05894977,0.50671550,-25.90922238,-0.11974705,0.00774200,-0.01642113,-0.00041982,0.00238459,-0.01383076,0.00145768
3.100,0.22776393,0.59690388,2.50934610,0.18580345,-0.15376838,0.12493681,0.07811961,-0.06465071,0.05252870,0.22002592,0.61344167,2.50976995,0.18343099,-0.13991273,0.12348427,0.50683916,-26.06459263,-0.05969689,0.50683916,-26.06459263,-0.05969689,0.50676695,-25.93711113,-0.12074654,0.00773801,-0.01653779,-0.00042385,0.00237246,-0.01385565,0.00145254
3.110,0.22962587,0.59536296,2.51059809,0.18658412,-0.15441445,0.12546174,0.07801361,-0.06456299,0.05245743,0.22189196,0.61201768,2.51102599,0.18422422,-0.14053439,0.12401438,0.50685965,-26.09298711,-0.06045003,0.50685965,-26.09298711,-0.06045003,0.50680804,-25.96506378,-0.12175213,0.00773391,-0.01665472,-0.00042790,0.00235990,-0.01388006,0.00144736
3.120,0.23149561,0.59381559,2.51185533,0.18736372,-0.15505963,0.12598595,0.07790591,-0.06447386,0.05238501,0.22376591,0.61058748,2.51228732,0.18501680,-0.14115565,0.12454382,0.50686932,-26.12144360,-0.06120811,0.50686932,-26.12144360,-0.06120811,0.50683916,-25.99308292,-0.12276295,0.00772970,-0.01677189,-0.00043199,0.00234692,-0.01390398,0.00144213
3.130,0.23337314,0.59226177,2.51311781,0.18814223,-0.15570392,0.12650943,0.07779653,-0.06438334,0.05231146,0.22564775,0.60915109,2.51355390,0.18580872,-0.14177649,0.12507256,0.50686802,-26.14996352,-0.06197154,0.50686802,-26.14996352,-0.06197154,0.50685965,-26.02116760,-0.12377943,0.00772539,-0.01688932,-0.00043609,0.00233351,-0.01392743,0.00143687
3.140,0.23525845,0.59070152,2.51438552,0.18891965,-0.15634729,0.12703218,0.07768547,-0.06429142,0.05223678,0.22753749,0.60770851,2.51482575,0.18659995,-0.14239691,0.12560061,0.50685582,-26.17854328,-0.06274063,0.50685582,-26.17854328,-0.06274063,0.50686932,-26.04931452,-0.12480048,0.00772096,-0.01700699,-0.00044023,0.00231970,-0.01395038,0.00143157
3.150,0.23715153,0.58913483,2.51565845,0.18969594,-0.15698974,0.12755416,0.07757273,-0.06419812,0.05216097,0.22943511,0.60625974,2.51610285,0.18739049,-0.14301688,0.12612794,0.50683237,-26.20718636,-0.06351607,0.50683237,-26.20718636,-0.06351607,0.50686802,-26.07752512,-0.12582652,0.00771642,-0.01712491,-0.00044440,0.00230545,-0.01397286,0.00142622
3.160,0.23905236,0.58756172,2.51693660,0.19047109,-0.15763125,0.12807539,0.07745832,-0.06410344,0.05208404,0.23134061,0.60480480,2.51738519,0.18818031,-0.14363639,0.12665456,0.50679715,-26.23588960,-0.06429645,0.50679715,-26.23588960,-0.06429645,0.50685582,-26.10579581,-0.12685783,0.00771175,-0.01724308,-0.00044859,0.00229078,-0.01399486,0.00142083
3.170,0.24096095,0.58598221,2.51821995,0.19124510,-0.15827181,0.12859584,0.07734224,-0.06400738,0.05200599,0.23325397,0.60334367,2.51867278,0.18896938,-0.14425544,0.12718044,0.50675129,-26.26465018,-0.06508380,0.50675129,-26.26465018,-0.06508380,0.50683237,-26.13413007,-0.12789512,0.00770698,-0.01736146,-0.00045283,0.00227572,-0.01401637,0.00141540
3.180,0.24287726,0.58439629,2.51950851,0.19201793,-0.15891139,0.12911551,0.07722451,-0.06390994,0.05192683,0.23517520,0.60187637,2.51996559,0.18975770,-0.14487400,0.12770559,0.50669295,-26.29347062,-0.06587539,0.50669295,-26.29347062,-0.06587539,0.50679715,-26.16252475,-0.12893696,0.00770206,-0.01748008,-0.00045708,0.00226023,-0.01403739,0.00140992
3.190,0.24480130,0.58280398,2.52080226,0.19278958,-0.15955000,0.12963437,0.07710513,-0.06381114,0.05184655,0.23710428,0.60040291,2.52126362,0.19054524,-0.14549207,0.12822997,0.50662329,-26.32234891,-0.06667317,0.50662329,-26.32234891,-0.06667317,0.50675129,-26.19097705,-0.12998537,0.00769702,-0.01759893,-0.00046136,0.00224434,-0.01405793,0.00140440
3.200,0.24673305,0.58120529,2.52210120,0.19356003,-0.16018761,0.13015243,0.07698410,-0.06371098,0.05176517,0.23904120,0.59892329,2.52256686,0.19133197,-0.14610963,0.12875360,0.50654174,-26.35128360,-0.06747580,0.50654174,-26.35128360,-0.06747580,0.50669295,-26.21948947,-0.13103762,0.00769185,-0.01771800,-0.00046566,0.00222806,-0.01407798,0.00139883
3.210,0.24867250,0.57960023,2.52340531,0.19432926,-0.16082421,0.13066967,0.07686143,-0.06360946,0.05168269,0.24098595,0.59743751,2.52387531,0.19211789,-0.14672666,0.12927645,0.50644822,-26.38027399,-0.06828516,0.50644822,-26.38027399,-0.06828516,0.50662329,-26.24806002,-0.13209567,0.00768655,-0.01783728,-0.00047000,0.00221137,-0.01409755,0.00139322
3.220,0.25061963,0.57798881,2.52471459,0.19509725,-0.16145980,0.13118608,0.07673713,-0.06350659,0.05159911,0.24293854,0.59594558,2.52518896,0.19290297,-0.14734316,0.12979852,0.50634220,-26.40931975,-0.06910010,0.50634220,-26.40931975,-0.06910010,0.50654174,-26.27668727,-0.13315816,0.00768109,-0.01795677,-0.00047437,0.00219428,-0.01411664,0.00138756
3.230,0.25257444,0.57637104,2.52602903,0.19586400,-0.16209434,0.13170165,0.07661120,-0.06340237,0.05151443,0.24489894,0.59444751,2.52650780,0.19368718,-0.14795911,0.13031980,0.50622438,-26.43841920,-0.06992086,0.50622438,-26.43841920,-0.06992086,0.50644822,-26.30537051,-0.13422698,0.00767550,-0.01807647,-0.00047877,0.00217682,-0.01413523,0.00138185
3.240,0.25453691,0.57474693,2.52734862,0.19662947,-0.16272784,0.13221637,0.07648364,-0.06329681,0.05142866,0.24686714,0.59294331,2.52783181,0.19447052,-0.14857450,0.13084028,0.50609399,-26.46757241,-0.07074769,0.50609399,-26.46757241,-0.07074769,0.50634220,-26.33410942,-0.13530095,0.00766977,-0.01819638,-0.00048319,0.00215895,-0.01415334,0.00137609
3.250,0.25650702,0.57311649,2.52867335,0.19739366,-0.16336027,0.13273022,0.07635447,-0.06318991,0.05134180,0.24884314,0.59143297,2.52916100,0.19525295,-0.14918931,0.13135994,0.50595075,-26.49677810,-0.07158094,0.50595075,-26.49677810,-0.07158094,0.50622438,-26.36290233,-0.13638032,0.00766388,-0.01831648,-0.00048765,0.00214071,-0.01417096,0.00137028
3.260,0.25848478,0.57147973,2.53000322,0.19815656,-0.16399163,0.13324320,0.07622369,-0.06308167,0.05125386,0.25082693,0.58991651,2.53049535,0.19603446,-0.14980353,0.13187878,0.50579580,-26.52603607,-0.07241921,0.50579580,-26.52603607,-0.07241921,0.50609399,-26.39174932,-0.13746534,0.00765785,-0.01843678,-0.00049213,0.00212210,-0.01418810,0.00136442
3.270,0.26047015,0.56983666,2.53133821,0.19891813,-0.16462190,0.13375530,0.07609130,-0.06297211,0.05116484,0.25281850,0.58839393,2.53183486,0.19681502,-0.15041714,0.13239678,0.50562740,-26.55534544,-0.07326419,0.50562740,-26.55534544,-0.07326419,0.50595075,-26.42064911,-0.13855634,0.00765165,-0.01855727,-0.00049665,0.00210311,-0.01420476,0.00135852
3.280,0.26246313,0.56818729,2.53267832,0.19967838,-0.16525107,0.13426650,0.07595732,-0.06286123,0.05107475,0.25481783,0.58686524,2.53317952,0.19759461,-0.15103014,0.13291394,0.50544644,-26.58470570,-0.07411468,0.50544644,-26.58470570,-0.07411468,0.50579580,-26.44960151,-0.13965193,0.00764530,-0.01867795,-0.00050120,0.00208377,-0.01422093,0.00135256
3.290,0.26446371,0.56653164,2.53402354,0.20043727,-0.16587912,0.13477679,0.07582173,-0.06274902,0.05098358,0.25682492,0.58533044,2.53452931,0.19837322,-0.15164250,0.13343025,0.50525271,-26.61411397,-0.07497084,0.50525271,-26.61411397,-0.07497084,0.50562740,-26.47860565,-0.14075377,0.00763879,-0.01879880,-0.00050577,0.00206405,-0.01423662,0.00134654
3.300,0.26647188,0.56486971,2.53537385,0.20119481,-0.16650605,0.13528616,0.07568457,-0.06263550,0.05089135,0.25883976,0.58378955,2.53588423,0.19915081,-0.15225422,0.13394569,0.50504662,-26.64357214,-0.07583436,0.50504662,-26.64357214,-0.07583436,0.50544644,-26.50766100,-0.14186069,0.00763212,-0.01891984,-0.00051038,0.00204400,-0.01425183,0.00134047
3.310,0.26848761,0.56320152,2.53672926,0.20195096,-0.16713183,0.13579461,0.07554582,-0.06252068,0.05079805,0.26086233,0.58224256,2.53724427,0.19992738,-0.15286528,0.13446026,0.50482700,-26.67307705,-0.07670229,0.50482700,-26.67307705,-0.07670229,0.50525271,-26.53676474,-0.14297282,0.00762528,-0.01904104,-0.00051501,0.00202358,-0.01426655,0.00133435
3.320,0.27051089,0.56152708,2.53808974,0.20270572,-0.16775646,0.13630212,0.07540549,-0.06240454,0.05070369,0.26289262,0.58068949,2.53860942,0.20070289,-0.15347568,0.13497394,0.50459414,-26.70262861,-0.07757784,0.50459414,-26.70262861,-0.07757784,0.50504662,-26.56591871,-0.14409185,0.00761827,-0.01916241,-0.00051968,0.00200283,-0.01428078,0.00132818
3.330,0.27254172,0.55984640,2.53945530,0.20345906,-0.16837992,0.13680868,0.07526360,-0.06228711,0.05060828,0.26493063,0.57913035,2.53997967,0.20147733,-0.15408539,0.13548673,0.50434853,-26.73222606,-0.07845817,0.50434853,-26.73222606,-0.07845817,0.50482700,-26.59511979,-0.14521484,0.00761109,-0.01928395,-0.00052437,0.00198173,-0.01429453,0.00132195
3.340,0.27458007,0.55815949,2.54082591,0.20421098,-0.16900219,0.13731428,0.07512014,-0.06216839,0.05051182,0.26697634,0.57756513,2.54135501,0.20225067,-0.15469440,0.13599861,0.50408948,-26.76186868,-0.07934635,0.50408948,-26.76186868,-0.07934635,0.50459414,-26.62436789,-0.14634497,0.00760373,-0.01940564,-0.00052910,0.00196031,-0.01430779,0.00131567
3.350,0.27662593,0.55646636,2.54220158,0.20496146,-0.16962328,0.13781891,0.07497512,-0.06204837,0.05041430,0.26902973,0.57599386,2.54273544,0.20302289,-0.15530271,0.13650958,0.50381711,-26.79155679,-0.08023950,0.50381711,-26.79155679,-0.08023950,0.50434853,-26.65366225,-0.14747942,0.00759620,-0.01952750,-0.00053386,0.00193857,-0.01432057,0.00130933
3.360,0.27867929,0.55476703,2.54358229,0.20571048,-0.17024316,0.13832257,0.07482855,-0.06192707,0.05031575,0.27109081,0.57441653,2.54412093,0.20379397,-0.15591029,0.13701962,0.50353154,-26.82128739,-0.08113905,0.50353154,-26.82128739,-0.08113905,0.50408948,-26.68300216,-0.14862123,0.00758848,-0.01964950,-0.00053864,0.00191651,-0.01433287,0.00130295
3.370,0.28074013,0.55306150,2.54496803,0.20645803,-0.17086182,0.13882523,0.07468043,-0.06180449,0.05021615,0.27315954,0.57283315,2.54551149,0.20456389,-0.15651714,0.13752873,0.50323251,-26.85106211,-0.08204529,0.50323251,-26.85106211,-0.08204529,0.50381711,-26.71238795,-0.14976753,0.00758059,-0.01977165,-0.00054346,0.00189414,-0.01434468,0.00129650
3.380,0.28280845,0.55134979,2.54635879,0.20720409,-0.17147924,0.13932688,0.07453077,-0.06168064,0.05011552,0.27523593,0.57124373,2.54690711,0.20533262,-0.15712324,0.13803690,0.50292068,-26.88087831,-0.08295828,0.50292068,-26.88087831,-0.08295828,0.50353154,-26.74181662,-0.15091975,0.00757252,-0.01989394,-0.00054832,0.00187147,-0.01435600,0.00128998
3.390,0.28488421,0.54963192,2.54775456,0.20794864,-0.17209542,0.13982753,0.07437958,-0.06155552,0.05001386,0.27731996,0.56964829,2.54830777,0.20610015,-0.15772858,0.13854411,0.50259468,-26.91073403,-0.08387785,0.50259468,-26.91073403,-0.08387785,0.50323251,-26.77128981,-0.15207817,0.00756425,-0.02001637,-0.00055321,0.00184849,-0.01436684,0.00128342
3.400,0.28696741,0.54790789,2.54915534,0.20869167,-0.17271035,0.14032716,0.07422686,-0.06142913,0.04991116,0.27941161,0.56804682,2.54971346,0.20686645,-0.15833315,0.13905036,0.50225531,-26.94063099,-0.08480260,0.50225531,-26.94063099,-0.08480260,0.50292068,-26.80080488,-0.15324284,0.00755580,-0.02013893,-0.00055812,0.00182522,-0.01437720,0.00127680
3.410,0.28905804,0.54617772,2.55056110,0.20943317,-0.17332400,0.14082575,0.07407262,-0.06130147,0.04980745,0.28151088,0.56643934,2.55112417,0.20763149,-0.15893694,0.13955563,0.50190285,-26.97056628,-0.08573560,0.50190285,-26.97056628,-0.08573560,0.50259468,-26.83035988,-0.15441358,0.00754716,-0.02026162,-0.00056307,0.00180168,-0.01438706,0.00127012
3.420,0.29115607,0.54444141,2.55197185,0.21017312,-0.17393637,0.14132330,0.07391685,-0.06117257,0.04970271,0.28361774,0.56482585,2.55253990,0.20839527,-0.15953993,0.14005992,0.50153650,-27.00054199,-0.08667377,0.50153650,-27.00054199,-0.08667377,0.50225531,-26.85995655,-0.15558900,0.00753833,-0.02038444,-0.00056805,0.00177785,-0.01439644,0.00126338
3.430,0.29326150,0.54269899,2.55338757,0.21091150,-0.17454745,0.14181980,0.07375958,-0.06104241,0.04959696,0.28573220,0.56320636,2.55396063,0.20915775,-0.16014211,0.14056322,0.50115694,-27.03055394,-0.08761853,0.50115694,-27.03055394,-0.08761853,0.50190285,-26.88959196,-0.15677215,0.00752930,-0.02050737,-0.00057306,0.00175375,-0.01440534,0.00125658
3.440,0.29537430,0.54095047,2.55480824,0.21164831,-0.17515722,0.14231524,0.07360080,-0.06091101,0.04949019,0.28785422,0.56158089,2.55538635,0.20991891,-0.16074347,0.14106551,0.50076363,-27.06060153,-0.08857137,0.50076363,-27.06060153,-0.08857137,0.50153650,-26.91926821,-0.15795996,0.00752008,-0.02063042,-0.00057811,0.00172940,-0.01441375,0.00124973
3.450,0.29749446,0.53919585,2.55623387,0.21238351,-0.17576567,0.14280960,0.07344052,-0.06077836,0.04938242,0.28998380,0.55994943,2.55681706,0.21067874,-0.16134400,0.14156678,0.50035654,-27.09068659,-0.08952934,0.50035654,-27.09068659,-0.08952934,0.50115694,-26.94898114,-0.15915383,0.00751066,-0.02075358,-0.00058319,0.00170477,-0.01442167,0.00124282
3.460,0.29962196,0.53743516,2.55766443,0.21311711,-0.17637278,0.14330288,0.07327875,-0.06064448,0.04927364,0.29212093,0.55831200,2.55825274,0.21143720,-0.16194369,0.14206703,0.49993575,-27.12080464,-0.09049522,0.49993575,-27.12080464,-0.09049522,0.50076363,-26.97873015,-0.16035526,0.00750103,-0.02087684,-0.00058831,0.00167991,-0.01442909,0.00123585
3.470,0.30175679,0.53566840,2.55909992,0.21384908,-0.17697855,0.14379507,0.07311549,-0.06050937,0.04916386,0.29426558,0.55666861,2.55969338,0.21219428,-0.16254253,0.14256624,0.49950139,-27.15095784,-0.09146744,0.49950139,-27.15095784,-0.09146744,0.50035654,-27.00851708,-0.16156128,0.00749121,-0.02100021,-0.00059346,0.00165480,-0.01443602,0.00122883
3.480,0.30389894,0.53389559,2.56054033,0.21457942,-0.17758296,0.14428616,0.07295075,-0.06037303,0.04905309,0.29641775,0.55501927,2.56113897,0.21294996,-0.16314050,0.14306441,0.49905395,-27.18114375,-0.09244584,0.49905395,-27.18114375,-0.09244584,0.49993575,-27.03833743,-0.16277467,0.00748119,-0.02112368,-0.00059864,0.00162946,-0.01444246,0.00122175
3.490,0.30604838,0.53211675,2.56198564,0.21530809,-0.17818601,0.14477613,0.07278453,-0.06023547,0.04894132,0.29857742,0.55336398,2.56258949,0.21370421,-0.16373759,0.14356151,0.49859244,-27.21136061,-0.09343192,0.49859244,-27.21136061,-0.09343192,0.49950139,-27.06819341,-0.16399385,0.00747096,-0.02124723,-0.00060385,0.00160388,-0.01444842,0.00121462
3.500,0.30820509,0.53033188,2.56343585,0.21603510,-0.17878767,0.14526498,0.07261684,-0.06009670,0.04882857,0.30074458,0.55170276,2.56404495,0.21445701,-0.16433379,0.14405755,0.49811699,-27.24160959,-0.09442393,0.49811699,-27.24160959,-0.09442393,0.49905395,-27.09808255,-0.16521868,0.00746051,-0.02137088,-0.00060910,0.00157809,-0.01445388,0.00120743
3.510,0.31036907,0.52854100,2.56489094,0.21676043,-0.17938794,0.14575270,0.07244769,-0.05995671,0.04871482,0.30291920,0.55003561,2.56550533,0.21520834,-0.16492910,0.14455252,0.49762839,-27.27188900,-0.09542320,0.49762839,-27.27188900,-0.09542320,0.49859244,-27.12800310,-0.16645062,0.00744987,-0.02149461,-0.00061439,0.00155209,-0.01445884,0.00120018
3.520,0.31254030,0.52674412,2.56635090,0.21748405,-0.17998680,0.14623928,0.07227708,-0.05981551,0.04860010,0.30510128,0.54836254,2.56697061,0.21595818,-0.16552349,0.14504639,0.49712629,-27.30219841,-0.09642958,0.49712629,-27.30219841,-0.09642958,0.49811699,-27.15795625,-0.16768794,0.00743902,-0.02161842,-0.00061971,0.00152587,-0.01446331,0.00119289
3.530,0.31471875,0.52494127,2.56781572,0.21820596,-0.18058424,0.14672470,0.07210501,-0.05967311,0.04848440,0.30729079,0.54668356,2.56844078,0.21670651,-0.16611697,0.14553917,0.49661024,-27.33253375,-0.09744299,0.49661024,-27.33253375,-0.09744299,0.49762839,-27.18794030,-0.16893195,0.00742796,-0.02174229,-0.00062506,0.00149945,-0.01446727,0.00118553
3.540,0.31690441,0.52313244,2.56928539,0.21892615,-0.18118026,0.14720896,0.07193150,-0.05952952,0.04836773,0.30948773,0.54499869,2.56991584,0.21745330,-0.16670951,0.14603084,0.49608066,-27.36289933,-0.09846313,0.49608066,-27.36289933,-0.09846313,0.49712629,-27.21795483,-0.17018251,0.00741668,-0.02186625,-0.00063045,0.00147285,-0.01447075,0.00117812
3.550,0.31909727,0.52131767,2.57075989,0.21964459,-0.18177483,0.14769205,0.07175654,-0.05938473,0.04825009,0.31169207,0.54330793,2.57139577,0.21819853,-0.16730111,0.14652139,0.49553776,-27.39328846,-0.09949124,0.49553776,-27.39328846,-0.09949124,0.49661024,-27.24799579,-0.17143951,0.00740520,-0.02199026,-0.00063588,0.00144606,-0.01447372,0.00117066
3.560,0.32129730,0.51949695,2.57223922,0.22036127,-0.18236795,0.14817396,0.07158016,-0.05923875,0.04813148,0.31390380,0.54161130,2.57288056,0.21894219,-0.16789176,0.14701081,0.49498098,-27.42370545,-0.10052563,0.49498098,-27.42370545,-0.10052563,0.49608066,-27.27806747,-0.17270267,0.00739350,-0.02211435,-0.00064134,0.00141908,-0.01447619,0.00116315
3.570,0.32350449,0.51767031,2.57372337,0.22107619,-0.18295960,0.14865468,0.07140234,-0.05909159,0.04801192,0.31612291,0.53990879,2.57437020,0.21968425,-0.16848145,0.14749909,0.49441088,-27.45414601,-0.10156599,0.49441088,-27.45414601,-0.10156599,0.49553776,-27.30816320,-0.17397322,0.00738158,-0.02223848,-0.00064683,0.00139194,-0.01447815,0.00115559
3.580,0.32571881,0.51583777,2.57521231,0.22178931,-0.18354978,0.14913419,0.07122310,-0.05894325,0.04789139,0.31834937,0.53820043,2.57586468,0.22042469,-0.16907017,0.14798623,0.49382659,-27.48460848,-0.10261516,0.49382659,-27.48460848,-0.10261516,0.49498098,-27.33828729,-0.17524944,0.00736944,-0.02236266,-0.00065237,0.00136462,-0.01447961,0.00114796
3.590,0.32794027,0.51399932,2.57670605,0.22250064,-0.18413846,0.14961250,0.07104244,-0.05879374,0.04776992,0.32058317,0.53648622,2.57736398,0.22116349,-0.16965790,0.14847220,0.49322981,-27.51509619,-0.10366971,0.49322981,-27.51509619,-0.10366971,0.49441088,-27.36843546,-0.17653105,0.00735710,-0.02248690,-0.00065793,0.00133715,-0.01448056,0.00114030
3.600,0.33016882,0.51215500,2.57820456,0.22321016,-0.18472565,0.15008959,0.07086037,-0.05864306,0.04764749,0.32282429,0.53476617,2.57886809,0.22190063,-0.17024464,0.14895700,0.49261891,-27.54560392,-0.10473242,0.49261891,-27.54560392,-0.10473242,0.49382659,-27.39860605,-0.17782086,0.00734453,-0.02261117,-0.00066353,0.00130953,-0.01448101,0.00113259
3.610,0.33240446,0.51030481,2.57970784,0.22391785,-0.18531132,0.15056545,0.07067689,-0.05849122,0.04752412,0.32507271,0.53304029,2.58037701,0.22263608,-0.17083038,0.14944063,0.49199476,-27.57613301,-0.10580153,0.49199476,-27.57613301,-0.10580153,0.49322981,-27.42880239,-0.17911547,0.00733175,-0.02273548,-0.00066917,0.00128177,-0.01448094,0.00112482
3.620,0.33464717,0.50844878,2.58121586,0.22462369,-0.18589547,0.15104007,0.07049201,-0.05833822,0.04739980,0.32732842,0.53130860,2.58189071,0.22336983,-0.17141511,0.14992307,0.49135724,-27.60667987,-0.10687973,0.49135724,-27.60667987,-0.10687973,0.49261891,-27.45901928,-0.18041762,0.00731875,-0.02285982,-0.00067485,0.00125386,-0.01448036,0.00111700
3.630,0.33689693,0.50658691,2.58272863,0.22532768,-0.18647808,0.15151344,0.07030574,-0.05818406,0.04727455,0.32959140,0.52957110,2.58340919,0.22410186,-0.17199881,0.15040432,0.49070648,-27.63724624,-0.10796371,0.49070648,-27.63724624,-0.10796371,0.49199476,-27.48925804,-0.18172556,0.00730553,-0.02298419,-0.00068056,0.00122582,-0.01447927,0.00110912
3.640,0.33915372,0.50471922,2.58424613,0.22602980,-0.18705915,0.15198556,0.07011808,-0.05802876,0.04714837,0.33186163,0.52782781,2.58493244,0.22483214,-0.17258149,0.15088435,0.49004238,-27.66783063,-0.10905445,0.49004238,-27.66783063,-0.10905445,0.49135724,-27.51951511,-0.18304196,0.00729209,-0.02310859,-0.00068631,0.00119766,-0.01447766,0.00110121
3.650,0.34141752,0.50284573,2.58576834,0.22673004,-0.18763865,0.15245640,0.06992904,-0.05787231,0.04702125,0.33413909,0.52607873,2.58646043,0.22556066,-0.17316312,0.15136317,0.48936497,-27.69843044,-0.11015331,0.48936497,-27.69843044,-0.11015331,0.49070648,-27.54979223,-0.18436352,0.00727843,-0.02323300,-0.00069209,0.00116938,-0.01447553,0.00109323
3.660,0.34368831,0.50096646,2.58729525,0.22742838,-0.18821659,0.15292598,0.06973862,-0.05771472,0.04689321,0.33642377,0.52432387,2.58799317,0.22628739,-0.17374371,0.15184077,0.48867416,-27.72904448,-0.11125967,0.48867416,-27.72904448,-0.11125967,0.49004238,-27.58008789,-0.18569122,0.00726454,-0.02335741,-0.00069792,0.00114099,-0.01447288,0.00108521
3.670,0.34596608,0.49908141,2.58882686,0.22812481,-0.18879294,0.15339427,0.06954683,-0.05755600,0.04676425,0.33871564,0.52256325,2.58953063,0.22701232,-0.17432324,0.15231713,0.48797048,-27.75967423,-0.11237182,0.48797048,-27.75967423,-0.11237182,0.48936497,-27.61039953,-0.18702642,0.00725044,-0.02348184,-0.00070377,0.00111249,-0.01446970,0.00107714
3.680,0.34825080,0.49719060,2.59036313,0.22881931,-0.18936770,0.15386126,0.06935368,-0.05739615,0.04663437,0.34101469,0.52079688,2.59107280,0.22773542,-0.17490170,0.15279224,0.48725339,-27.79031823,-0.11349383,0.48725339,-27.79031823,-0.11349383,0.48867416,-27.64072595,-0.18836846,0.00723611,-0.02360628,-0.00070967,0.00108389,-0.01446600,0.00106902
3.690,0.35054246,0.49529406,2.59190408,0.22951188,-0.18994086,0.15432695,0.06915917,-0.05723517,0.04650358,0.34332089,0.51902477,2.59261968,0.22845668,-0.17547908,0.15326610,0.48652354,-27.82097263,-0.11462075,0.48652354,-27.82097263,-0.11462075,0.48797048,-27.67106862,-0.18971566,0.00722157,-0.02373071,-0.00071560,0.00105520,-0.01446178,0.00106085
3.700,0.35284103,0.49339179,2.59344967,0.23020249,-0.19051240,0.15479133,0.06896330,-0.05707307,0.04637187,0.34563423,0.51724693,2.59417125,0.22917607,-0.17605537,0.15373869,0.48578028,-27.85163929,-0.11575659,0.48578028,-27.85163929,-0.11575659,0.48725339,-27.70142610,-0.19107207,0.00720680,-0.02385514,-0.00072158,0.00102642,-0.01445703,0.00105264
3.710,0.35514650,0.49148381,2.59499990,0.23089114,-0.19108232,0.15525438,0.06876608,-0.05690986,0.04623926,0.34795469,0.51546337,2.59572749,0.22989358,-0.17663057,0.15421002,0.48502429,-27.88231675,-0.11689956,0.48502429,-27.88231675,-0.11689956,0.48652354,-27.73179455,-0.19243274,0.00719181,-0.02397956,-0.00072759,0.00099756,-0.01445175,0.00104436
3.720,0.35745885,0.48957015,2.59655475,0.23157781,-0.19165060,0.15571611,0.06856753,-0.05674554,0.04610575,0.35028225,0.51367410,2.59728839,0.23060918,-0.17720466,0.15468005,0.48425554,-27.91300090,-0.11805049,0.48425554,-27.91300090,-0.11805049,0.48578028,-27.76217581,-0.19380168,0.00717660,-0.02410395,-0.00073364,0.00096863,-0.01444594,0.00103606
3.730,0.35977805,0.48765081,2.59811422,0.23226248,-0.19221723,0.15617650,0.06836764,-0.05658011,0.04597134,0.35261689,0.51187913,2.59885394,0.23132287,-0.17777765,0.15514880,0.48347349,-27.94369396,-0.11920751,0.48347349,-27.94369396,-0.11920751,0.48502429,-27.79256846,-0.19517708,0.00716116,-0.02422832,-0.00073972,0.00093961,-0.01443958,0.00102770
3.740,0.36210409,0.48572581,2.59967828,0.23294515,-0.19278220,0.15663553,0.06816642,-0.05641359,0.04583604,0.35495859,0.51007848,2.60042412,0.23203461,-0.17834950,0.15561624,0.48267887,-27.97439421,-0.12037320,0.48267887,-27.97439421,-0.12037320,0.48425554,-27.82296836,-0.19655977,0.00714550,-0.02435267,-0.00074584,0.00091054,-0.01443270,0.00101929
3.750,0.36443695,0.48379517,2.60124692,0.23362581,-0.19334550,0.15709321,0.06796387,-0.05624596,0.04569984,0.35730733,0.50827215,2.60199893,0.23274439,-0.17892023,0.15608238,0.48187177,-28.00509992,-0.12154690,0.48187177,-28.00509992,-0.12154690,0.48347349,-27.85337775,-0.19794789,0.00712962,-0.02447698,-0.00075201,0.00088142,-0.01442527,0.00101083
3.760,0.36677660,0.48185891,2.60282014,0.23430443,-0.19390711,0.15754953,0.06776001,-0.05607725,0.04556276,0.35966309,0.50646017,2.60357835,0.23345219,-0.17948982,0.15654719,0.48105158,-28.03580900,-0.12272660,0.48105158,-28.03580900,-0.12272660,0.48267887,-27.88379492,-0.19934401,0.00711351,-0.02460126,-0.00075821,0.00085224,-0.01441729,0.00100234
3.770,0.36912303,0.47991703,2.60439791,0.23498100,-0.19446704,0.15800447,0.06755483,-0.05590745,0.04542480,0.36202584,0.50464253,2.60516236,0.23415800,-0.18005826,0.15701067,0.48021890,-28.06652449,-0.12391483,0.48021890,-28.06652449,-0.12391483,0.48187177,-27.91421813,-0.20074746,0.00709719,-0.02472550,-0.00076445,0.00082300,-0.01440878,0.00099380
3.780,0.37147622,0.47796957,2.60598022,0.23565552,-0.19502526,0.15845802,0.06734835,-0.05573657,0.04528596,0.36439557,0.50281926,2.60675095,0.23486178,-0.18062554,0.15747281,0.47937398,-28.09724000,-0.12511108,0.47937398,-28.09724000,-0.12511108,0.48105158,-27.94464532,-0.20215621,0.00708065,-0.02484969,-0.00077073,0.00079374,-0.01439972,0.00098521
3.790,0.37383614,0.47601653,2.60756706,0.23632797,-0.19558176,0.15891018,0.06714057,-0.05556461,0.04514624,0.36677226,0.50099036,2.60834411,0.23556354,-0.18119165,0.15793360,0.47851634,-28.12795783,-0.12631470,0.47851634,-28.12795783,-0.12631470,0.48021890,-27.97507950,-0.20357281,0.00706388,-0.02497383,-0.00077705,0.00076443,-0.01439011,0.00097658
3.800,0.37620277,0.47405794,2.60915842,0.23699833,-0.19613655,0.15936094,0.06693149,-0.05539158,0.04500566,0.36915588,0.49915585,2.60994182,0.23626324,-0.18175659,0.15839302,0.47764600,-28.15867505,-0.12752509,0.47764600,-28.15867505,-0.12752509,0.47937398,-28.00551430,-0.20499673,0.00704689,-0.02509791,-0.00078340,0.00073509,-0.01437996,0.00096792
3.810,0.37857610,0.47209381,2.61075428,0.23766659,-0.19668959,0.15981029,0.06672113,-0.05521748,0.04486421,0.37154642,0.49731573,2.61154408,0.23696087,-0.18232034,0.15885108,0.47676359,-28.18939097,-0.12874317,0.47676359,-28.18939097,-0.12874317,0.47851634,-28.03595203,-0.20642733,0.00702968,-0.02522192,-0.00078980,0.00070572,-0.01436925,0.00095921
3.820,0.38095609,0.47012415,2.61235462,0.23833274,-0.19724089,0.16025822,0.06650948,-0.05504233,0.04472189,0.37394385,0.49547002,2.61315085,0.23765642,-0.18288290,0.15930776,0.47586827,-28.22010666,-0.12996988,0.47586827,-28.22010666,-0.12996988,0.47764600,-28.06638976,-0.20786400,0.00701224,-0.02534587,-0.00079623,0.00067632,-0.01435799,0.00095046
3.830,0.38334274,0.46814900,2.61395944,0.23899678,-0.19779044,0.16070473,0.06629655,-0.05486611,0.04457872,0.37634815,0.49361874,2.61476214,0.23834986,-0.18344426,0.15976306,0.47496132,-28.25081650,-0.13120301,0.47496132,-28.25081650,-0.13120301,0.47676359,-28.09682680,-0.20930765,0.00699459,-0.02546974,-0.00080270,0.00064692,-0.01434618,0.00094167
3.840,0.38573602,0.46616835,2.61556871,0.23965867,-0.19833821,0.16114980,0.06608235,-0.05468884,0.04443469,0.37875930,0.49176189,2.61637793,0.23904118,-0.18400441,0.16021696,0.47404205,-28.28152420,-0.13244505,0.47404205,-28.28152420,-0.13244505,0.47586827,-28.12726423,-0.21075921,0.00697672,-0.02559354,-0.00080922,0.00061749,-0.01433380,0.00093284
3.850,0.38813591,0.46418224,2.61718243,0.24031842,-0.19888421,0.16159342,0.06586689,-0.05451053,0.04428981,0.38117728,0.48989949,2.61799820,0.23973035,-0.18456334,0.16066946,0.47311087,-28.31222489,-0.13369388,0.47311087,-28.31222489,-0.13369388,0.47496132,-28.15769644,-0.21221649,0.00695863,-0.02571725,-0.00081577,0.00058807,-0.01432087,0.00092396
3.860,0.39054238,0.46219067,2.61880058,0.24097601,-0.19942842,0.16203559,0.06565017,-0.05433118,0.04414408,0.38360207,0.48803155,2.61962294,0.24041737,-0.18512104,0.16112054,0.47216734,-28.34292064,-0.13495026,0.47216734,-28.34292064,-0.13495026,0.47404205,-28.18812713,-0.21368195,0.00694031,-0.02584088,-0.00082236,0.00055864,-0.01430738,0.00091505
3.870,0.39295542,0.46019368,2.62042314,0.24163142,-0.19997083,0.16247630,0.06543219,-0.05415078,0.04399751,0.38603363,0.48615808,2.62125213,0.24110222,-0.18567751,0.16157020,0.47121201,-28.37360591,-0.13621503,0.47121201,-28.37360591,-0.13621503,0.47311087,-28.21855144,-0.21515348,0.00692179,-0.02596440,-0.00082899,0.00052920,-0.01429332,0.00090610
3.880,0.39537500,0.45819126,2.62205010,0.24228464,-0.20051143,0.16291554,0.06521297,-0.05396936,0.04385010,0.38847196,0.48427910,2.62288576,0.24178488,-0.18623273,0.16201844,0.47024458,-28.40428514,-0.13748757,0.47024458,-28.40428514,-0.13748757,0.47216734,-28.24897144,-0.21663183,0.00690304,-0.02608784,-0.00083566,0.00049976,-0.01427870,0.00089710
3.890,0.39780111,0.45618345,2.62368144,0.24293567,-0.20105021,0.16335330,0.06499251,-0.05378690,0.04370186,0.39091703,0.48239461,2.62452382,0.24246533,-0.18678670,0.16246524,0.46926586,-28.43495283,-0.13876869,0.46926586,-28.43495283,-0.13876869,0.47121201,-28.27938161,-0.21811784,0.00688408,-0.02621116,-0.00084238,0.00047034,-0.01426351,0.00088806
3.900,0.40023371,0.45417027,2.62531716,0.24358449,-0.20158716,0.16378957,0.06477080,-0.05360342,0.04355278,0.39336881,0.48050463,2.62616628,0.24314355,-0.18733941,0.16291059,0.46827494,-28.46560747,-0.14005620,0.46827494,-28.46560747,-0.14005620,0.47024458,-28.30978637,-0.21961090,0.00686490,-0.02633436,-0.00084912,0.00044094,-0.01424775,0.00087898
3.910,0.40267279,0.45215172,2.62695723,0.24423109,-0.20212228,0.16422435,0.06454787,-0.05341893,0.04340288,0.39582729,0.47860918,2.62781315,0.24381954,-0.18789084,0.16335448,0.46727251,-28.49625193,-0.14135226,0.46727251,-28.49625193,-0.14135226,0.46926586,-28.34018025,-0.22111178,0.00684550,-0.02645746,-0.00085592,0.00041155,-0.01423144,0.00086987
3.920,0.40511832,0.45012783,2.62860164,0.24487544,-0.20265554,0.16465763,0.06432372,-0.05323342,0.04325215,0.39829243,0.47670827,2.62946439,0.24449327,-0.18844100,0.16379691,0.46625806,-28.52688206,-0.14265617,0.46625806,-28.52688206,-0.14265617,0.46827494,-28.37056173,-0.22261830,0.00682589,-0.02658044,-0.00086275,0.00038217,-0.01421454,0.00086072
3.930,0.40757029,0.44809861,2.63025038,0.24551756,-0.20318694,0.16508939,0.06409834,-0.05304690,0.04310061,0.40076422,0.47480190,2.63112000,0.24516474,-0.18898988,0.16423787,0.46523266,-28.55749875,-0.14396730,0.46523266,-28.55749875,-0.14396730,0.46727251,-28.40093368,-0.22413263,0.00680607,-0.02670329,-0.00086962,0.00035282,-0.01419706,0.00085152
3.940,0.41002867,0.44606409,2.63190342,0.24615741,-0.20371647,0.16551964,0.06387176,-0.05285938,0.04294825,0.40324264,0.47289010,2.63277995,0.24583391,-0.18953745,0.16467734,0.46419567,-28.58809856,-0.14528772,0.46419567,-28.58809856,-0.14528772,0.46625806,-28.43129197,-0.22565405,0.00678603,-0.02682601,-0.00087653,0.00032350,-0.01417902,0.00084230
3.950,0.41249343,0.44402429,2.63356076,0.24679499,-0.20424413,0.16594835,0.06364396,-0.05267087,0.04279508,0.40572765,0.47097288,2.63444425,0.24650079,-0.19008372,0.16511532,0.46314693,-28.61868038,-0.14661540,0.46314693,-28.61868038,-0.14661540,0.46523266,-28.46163748,-0.22718194,0.00676578,-0.02694859,-0.00088349,0.00029420,-0.01416041,0.00083303
3.960,0.41496456,0.44197922,2.63522238,0.24743028,-0.20476989,0.16637553,0.06341497,-0.05248135,0.04264110,0.40821924,0.46905024,2.63611286,0.24716534,-0.19062868,0.16555181,0.46208707,-28.64924412,-0.14795084,0.46208707,-28.64924412,-0.14795084,0.46419567,-28.49196678,-0.22871835,0.00674532,-0.02707102,-0.00089048,0.00026494,-0.01414121,0.00082372
3.970,0.41744203,0.43992890,2.63688827,0.24806328,-0.20529375,0.16680117,0.06318478,-0.05229085,0.04248632,0.41071738,0.46712221,2.63778578,0.24782757,-0.19117232,0.16598679,0.46101594,-28.67978876,-0.14929326,0.46101594,-28.67978876,-0.14929326,0.46314693,-28.52227877,-0.23026126,0.00672465,-0.02719331,-0.00089751,0.00023571,-0.01412143,0.00081438
3.980,0.41992582,0.43787335,2.63855840,0.24869397,-0.20581570,0.16722526,0.06295340,-0.05209936,0.04233073,0.41322206,0.46518879,2.63946298,0.24848745,-0.19171462,0.16642025,0.45993366,-28.71031291,-0.15064487,0.45993366,-28.71031291,-0.15064487,0.46208707,-28.55257335,-0.23181115,0.00670376,-0.02731544,-0.00090458,0.00020652,-0.01410108,0.00080501
3.990,0.42241590,0.43581259,2.64023277,0.24932235,-0.20633573,0.16764778,0.06272084,-0.05190690,0.04217436,0.41573323,0.46325001,2.64114446,0.24914497,-0.19225559,0.16685218,0.45884010,-28.74081521,-0.15200352,0.45884010,-28.74081521,-0.15200352,0.46101594,-28.58284951,-0.23336726,0.00668267,-0.02743742,-0.00091169,0.00017738,-0.01408014,0.00079560
4.000,0.42491226,0.43374664,2.64191135,0.24994839,-0.20685384,0.16806874,0.06248710,-0.05171346,0.04201719,0.41825089,0.46130587,2.64283020,0.24980011,-0.19279521,0.16728259,0.45773578,-28.77129466,-0.15337119,0.45773578,-28.77129466,-0.15337119,0.45993366,-28.61310588,-0.23493177,0.00666137,-0.02755923,-0.00091885,0.00014828,-0.01405863,0.00078615
4.010,0.42741486,0.43167552,2.64359414,0.25057208,-0.20737000,0.16848813,0.06225219,-0.05151905,0.04185923,0.42077500,0.45935638,2.64452018,0.25045287,-0.19333348,0.16771146,0.45661995,-28.80174920,-0.15474558,0.45661995,-28.80174920,-0.15474558,0.45884010,-28.64334107,-0.23650255,0.00663986,-0.02768086,-0.00092604,0.00011921,-0.01403652,0.00077667
4.020,0.42992369,0.42959925,2.64528111,0.25119343,-0.20788422,0.16890592,0.06201611,-0.05132368,0.04170049,0.42330554,0.45740157,2.64621439,0.25110322,-0.19387038,0.16813878,0.45549361,-28.83217825,-0.15612905,0.45549361,-28.83217825,-0.15612905,0.45773578,-28.67355412,-0.23808156,0.00661815,-0.02780232,-0.00093328,0.00009021,-0.01401384,0.00076714
4.030,0.43243872,0.42751784,2.64697225,0.25181240,-0.20839647,0.16932213,0.06177887,-0.05112734,0.04154096,0.42584249,0.45544145,2.64791281,0.25175115,-0.19440591,0.16856455,0.45435617,-28.86258177,-0.15752049,0.45435617,-28.86258177,-0.15752049,0.45661995,-28.70374296,-0.23966651,0.00659623,-0.02792361,-0.00094056,0.00006125,-0.01399056,0.00075758
4.040,0.43495993,0.42543132,2.64866755,0.25242900,-0.20890676,0.16973674,0.06154048,-0.05093005,0.04138067,0.42838582,0.45347602,2.64961542,0.25239665,-0.19494005,0.16898876,0.45320814,-28.89295722,-0.15891914,0.45320814,-28.89295722,-0.15891914,0.45549361,-28.73390700,-0.24125974,0.00657411,-0.02804470,-0.00094787,0.00003235,-0.01396671,0.00074798
4.050,0.43748729,0.42333971,2.65036698,0.25304321,-0.20941507,0.17014974,0.06130094,-0.05073181,0.04121960,0.43093551,0.45150531,2.65132221,0.25303971,-0.19547281,0.16941139,0.45204918,-28.92330295,-0.16032712,0.45204918,-28.92330295,-0.16032712,0.45435617,-28.76404623,-0.24286015,0.00655178,-0.02816560,-0.00095523,0.00000350,-0.01394226,0.00073835
4.060,0.44002079,0.42124303,2.65207054,0.25365502,-0.20992139,0.17056113,0.06106026,-0.05053263,0.04105776,0.43349153,0.44952933,2.65303317,0.25368031,-0.19600417,0.16983246,0.45088007,-28.95361771,-0.16174199,0.45088007,-28.95361771,-0.16174199,0.45320814,-28.79415809,-0.24446695,0.00652926,-0.02828630,-0.00096263,-0.00002529,-0.01391722,0.00072867
4.070,0.44256039,0.41914129,2.65377820,0.25426441,-0.21042572,0.17097090,0.06081844,-0.05033250,0.04089516,0.43605386,0.44754809,2.65474827,0.25431843,-0.19653413,0.17025193,0.44969997,-28.98390262,-0.16316585,0.44969997,-28.98390262,-0.16316585,0.45204918,-28.82424096,-0.24608229,0.00650653,-0.02840680,-0.00097007,-0.00005402,-0.01389159,0.00071897
4.080,0.44510607,0.41703452,2.65548995,0.25487138,-0.21092804,0.17137903,0.06057549,-0.05013144,0.04073180,0.43862247,0.44556161,2.65646751,0.25495408,-0.19706266,0.17066981,0.44850929,-29.01415412,-0.16459791,0.44850929,-29.01415412,-0.16459791,0.45088007,-28.85429357,-0.24770372,0.00648360,-0.02852709,-0.00097756,-0.00008270,-0.01386538,0.00070922
4.090,0.44765781,0.41492274,2.65720577,0.25547592,-0.21142834,0.17178553,0.06033142,-0.04992945,0.04056768,0.44119734,0.44356990,2.65819086,0.25558722,-0.19758978,0.17108609,0.44730831,-29.04437101,-0.16603857,0.44730831,-29.04437101,-0.16603857,0.44969997,-28.88431706,-0.24933332,0.00646047,-0.02864716,-0.00098509,-0.00011130,-0.01383856,0.00069944
4.100,0.45021558,0.41280596,2.65892565,0.25607800,-0.21192662,0.17219038,0.06008623,-0.04972653,0.04040281,0.44377843,0.44157297,2.65991831,0.25621786,-0.19811546,0.17150077,0.44609661,-29.07455445,-0.16748699,0.44609661,-29.07455445,-0.16748699,0.44850929,-28.91430787,-0.25097030,0.00643715,-0.02876701,-0.00099266,-0.00013986,-0.01381116,0.00068961
4.110,0.45277936,0.41068421,2.66064958,0.25667764,-0.21242287,0.17259358,0.05983992,-0.04952269,0.04023719,0.44636574,0.43957085,2.66164983,0.25684597,-0.19863970,0.17191382,0.44487483,-29.10470131,-0.16894209,0.44487483,-29.10470131,-0.16894209,0.44730831,-28.94426480,-0.25261506,0.00641362,-0.02888664,-0.00100025,-0.00016833,-0.01378317,0.00067976
4.120,0.45534912,0.40855751,2.66237752,0.25727480,-0.21291708,0.17299512,0.05959251,-0.04931794,0.04007082,0.44895922,0.43756354,2.66338543,0.25747155,-0.19916248,0.17232524,0.44364242,-29.13481042,-0.17040745,0.44364242,-29.13481042,-0.17040745,0.44609661,-28.97418903,-0.25426675,0.00638990,-0.02900603,-0.00100791,-0.00019675,-0.01375460,0.00066988
4.130,0.45792485,0.40642588,2.66410947,0.25786948,-0.21340923,0.17339500,0.05934399,-0.04911227,0.03990372,0.45155886,0.43555106,2.66512507,0.25809458,-0.19968381,0.17273504,0.44240031,-29.16488026,-0.17188057,0.44240031,-29.16488026,-0.17188057,0.44487483,-29.00407741,-0.25592430,0.00636599,-0.02912518,-0.00101560,-0.00022510,-0.01372542,0.00065996
4.140,0.46050650,0.40428933,2.66584542,0.25846168,-0.21389932,0.17379320,0.05909438,-0.04890570,0.03973588,0.45416462,0.43353343,2.66686875,0.25871505,-0.20020367,0.17314320,0.44114744,-29.19491208,-0.17336056,0.44114744,-29.19491208,-0.17336056,0.44364242,-29.03392879,-0.25759128,0.00634188,-0.02924410,-0.00102333,-0.00025337,-0.01369565,0.00065000
4.150,0.46309407,0.40214790,2.66758533,0.25905137,-0.21438734,0.17418971,0.05884368,-0.04869822,0.03956730,0.45677649,0.43151066,2.66861644,0.25933295,-0.20072206,0.17354970,0.43988487,-29.22490078,-0.17485092,0.43988487,-29.22490078,-0.17485092,0.44240031,-29.06374165,-0.25926518,0.00631758,-0.02936276,-0.00103111,-0.00028158,-0.01366528,0.00064001
4.160,0.46568752,0.40000159,2.66932920,0.25963855,-0.21487328,0.17458454,0.05859190,-0.04848985,0.03939800,0.45939443,0.42948276,2.67036813,0.25994827,-0.20123896,0.17395455,0.43861205,-29.25484924,-0.17634905,0.43861205,-29.25484924,-0.17634905,0.44114744,-29.09351725,-0.26094512,0.00629309,-0.02948117,-0.00103893,-0.00030972,-0.01363432,0.00062999
4.170,0.46828683,0.39785044,2.67107702,0.26022320,-0.21535713,0.17497767,0.05833904,-0.04828058,0.03922798,0.46201842,0.42744975,2.67212381,0.26056100,-0.20175437,0.17435774,0.43732919,-29.28475241,-0.17785398,0.43732919,-29.28475241,-0.17785398,0.43988487,-29.12325049,-0.26263458,0.00626841,-0.02959931,-0.00104679,-0.00033780,-0.01360276,0.00061993
4.180,0.47089198,0.39569446,2.67282875,0.26080532,-0.21583889,0.17536910,0.05808511,-0.04807043,0.03905723,0.46464844,0.42541165,2.67388345,0.26117112,-0.20226828,0.17475926,0.43603672,-29.31461157,-0.17936911,0.43603672,-29.31461157,-0.17936911,0.43861205,-29.15294424,-0.26433096,0.00624354,-0.02971719,-0.00105470,-0.00036580,-0.01357061,0.00060984
4.190,0.47350293,0.39353367,2.67458439,0.26138490,-0.21631854,0.17575881,0.05783011,-0.04785940,0.03888576,0.46728445,0.42336848,2.67564703,0.26177863,-0.20278067,0.17515911,0.43473397,-29.34442532,-0.18089206,0.43473397,-29.34442532,-0.18089206,0.43732919,-29.18259347,-0.26603330,0.00621848,-0.02983481,-0.00106264,-0.00039373,-0.01353787,0.00059970
4.200,0.47611967,0.39136809,2.67634392,0.26196192,-0.21679607,0.17614681,0.05757405,-0.04764749,0.03871358,0.46992643,0.42132023,2.67741455,0.26238350,-0.20329155,0.17555726,0.43342167,-29.37419266,-0.18242309,0.43342167,-29.37419266,-0.18242309,0.43603672,-29.21219948,-0.26774497,0.00619324,-0.02995214,-0.00107063,-0.00042158,-0.01350452,0.00058955
4.210,0.47874216,0.38919775,2.67810732,0.26253638,-0.21727148,0.17653308,0.05731693,-0.04743470,0.03854070,0.47257435,0.41926694,2.67918598,0.26298574,-0.20380090,0.17595373,0.43209926,-29.40391091,-0.18396274,0.43209926,-29.40391091,-0.18396274,0.43473397,-29.24176085,-0.26946363,0.00616781,-0.03006919,-0.00107866,-0.00044936,-0.01347058,0.00057935
4.220,0.48137039,0.38702267,2.67987458,0.26310826,-0.21774476,0.17691762,0.05705877,-0.04722105,0.03836711,0.47522819,0.41720862,2.68096131,0.26358533,-0.20430871,0.17634849,0.43076747,-29.43357906,-0.18550988,0.43076747,-29.43357906,-0.18550988,0.43342167,-29.27127658,-0.27118948,0.00614220,-0.03018595,-0.00108673,-0.00047707,-0.01343605,0.00056913
4.230,0.48400432,0.38484287,2.68164567,0.26367755,-0.21821590,0.17730042,0.05679957,-0.04700654,0.03819281,0.47788793,0.41514528,2.68274052,0.26418227,-0.20481498,0.17674155,0.42942564,-29.46319612,-0.18706646,0.42942564,-29.46319612,-0.18706646,0.43209926,-29.30074402,-0.27292310,0.00611639,-0.03030241,-0.00109485,-0.00050472,-0.01340092,0.00055887
4.240,0.48664393,0.38265836,2.68342058,0.26424424,-0.21868489,0.17768147,0.05653932,-0.04679117,0.03801782,0.48055352,0.41307695,2.68452359,0.26477653,-0.20531970,0.17713290,0.42807411,-29.49276313,-0.18863146,0.42807411,-29.49276313,-0.18863146,0.43076747,-29.33016214,-0.27466335,0.00609041,-0.03041859,-0.00110301,-0.00053229,-0.01336519,0.00054857
4.250,0.48928919,0.38046918,2.68519929,0.26480833,-0.21915172,0.17806078,0.05627805,-0.04657494,0.03784214,0.48322495,0.41100362,2.68631050,0.26536811,-0.20582285,0.17752253,0.42671286,-29.52227515,-0.19020506,0.42671286,-29.52227515,-0.19020506,0.42942564,-29.35952997,-0.27641217,0.00606424,-0.03053444,-0.00111121,-0.00055978,-0.01332887,0.00053825
4.260,0.49194009,0.37827533,2.68698179,0.26536980,-0.21961639,0.17843832,0.05601575,-0.04635786,0.03766577,0.48590218,0.40892533,2.68810124,0.26595700,-0.20632444,0.17791043,0.42534262,-29.55173558,-0.19178640,0.42534262,-29.55173558,-0.19178640,0.42807411,-29.38884854,-0.27816852,0.00603791,-0.03065000,-0.00111945,-0.00058720,-0.01329195,0.00052789
4.270,0.49459658,0.37607685,2.68876805,0.26592864,-0.22007888,0.17881409,0.05575244,-0.04613995,0.03748871,0.48858520,0.40684209,2.68989579,0.26654319,-0.20682444,0.17829660,0.42396225,-29.58113918,-0.19337725,0.42396225,-29.58113918,-0.19337725,0.42671286,-29.41811292,-0.27993261,0.00601138,-0.03076524,-0.00112774,-0.00061455,-0.01325444,0.00051749
4.280,0.49725865,0.37387376,2.69055807,0.26648485,-0.22053918,0.17918809,0.05548810,-0.04592119,0.03731097,0.49127397,0.40475391,2.69169413,0.26712668,-0.20732286,0.17868102,0.42257271,-29.61048498,-0.19497495,0.42257271,-29.61048498,-0.19497495,0.42534262,-29.44732653,-0.28170355,0.00598468,-0.03088015,-0.00113606,-0.00064183,-0.01321632,0.00050707
4.290,0.49992627,0.37166608,2.69235181,0.26703840,-0.22099730,0.17956031,0.05522277,-0.04570160,0.03713255,0.49396847,0.40266080,2.69349625,0.26770744,-0.20781968,0.17906370,0.42117365,-29.63977281,-0.19658287,0.42117365,-29.63977281,-0.19658287,0.42396225,-29.47648410,-0.28348312,0.00595780,-0.03099472,-0.00114444,-0.00066904,-0.01317762,0.00049661
4.300,0.50259941,0.36945382,2.69414927,0.26758930,-0.22145321,0.17993074,0.05495643,-0.04548118,0.03695346,0.49666867,0.40056280,2.69530213,0.26828547,-0.20831490,0.17944463,0.41976516,-29.66900307,-0.19819842,0.41976516,-29.66900307,-0.19819842,0.42257271,-29.50558470,-0.28526865,0.00593074,-0.03110898,-0.00115286,-0.00069617,-0.01313831,0.00048611
4.310,0.50527805,0.36723702,2.69595042,0.26813753,-0.22190692,0.18029937,0.05468909,-0.04525994,0.03677370,0.49937453,0.39845991,2.69711174,0.26886077,-0.20880851,0.17982379,0.41834749,-29.69817163,-0.19982346,0.41834749,-29.69817163,-0.19982346,0.42117365,-29.53462814,-0.28706351,0.00590352,-0.03122289,-0.00116132,-0.00072324,-0.01309841,0.00047558
4.320,0.50796215,0.36501569,2.69775525,0.26868308,-0.22235841,0.18066621,0.05442076,-0.04503787,0.03659327,0.50208604,0.39635214,2.69892507,0.26943332,-0.20930049,0.18020119,0.41692002,-29.72727927,-0.20145666,0.41692002,-29.72727927,-0.20145666,0.41976516,-29.56361484,-0.28886512,0.00587611,-0.03133645,-0.00116982,-0.00075024,-0.01305792,0.00046502
4.330,0.51065170,0.36278986,2.69956374,0.26922594,-0.22280767,0.18103124,0.05415145,-0.04481499,0.03641218,0.50480317,0.39423952,2.70074211,0.27000311,-0.20979085,0.18057682,0.41548360,-29.75632317,-0.20309844,0.41548360,-29.75632317,-0.20309844,0.41834749,-29.59254067,-0.29067531,0.00584853,-0.03144966,-0.00117837,-0.00077717,-0.01301682,0.00045442
4.340,0.51334666,0.36055955,2.70137587,0.26976610,-0.22325471,0.18139445,0.05388116,-0.04459131,0.03623044,0.50752588,0.39212206,2.70256283,0.27057013,-0.21027957,0.18095066,0.41403763,-29.78530321,-0.20474915,0.41403763,-29.78530321,-0.20474915,0.41692002,-29.62140641,-0.29249276,0.00582078,-0.03156251,-0.00118696,-0.00080403,-0.01297514,0.00044379
4.350,0.51604701,0.35832477,2.70319162,0.27030356,-0.22369950,0.18175584,0.05360990,-0.04436682,0.03604804,0.51025415,0.38999979,2.70438722,0.27113438,-0.21076664,0.18132272,0.41258261,-29.81421989,-0.20640901,0.41258261,-29.81421989,-0.20640901,0.41548360,-29.65020924,-0.29431789,0.00579286,-0.03167502,-0.00119560,-0.00083082,-0.01293286,0.00043312
4.360,0.51875272,0.35608556,2.70501098,0.27083830,-0.22414204,0.18211541,0.05333767,-0.04414152,0.03586499,0.51298795,0.38787270,2.70621526,0.27169585,-0.21125206,0.18169298,0.41111828,-29.84306878,-0.20807675,0.41111828,-29.84306878,-0.20807675,0.41403763,-29.67894905,-0.29615103,0.00576477,-0.03178714,-0.00120428,-0.00085755,-0.01288998,0.00042243
4.370,0.52146377,0.35384194,2.70683392,0.27137031,-0.22458233,0.18247314,0.05306448,-0.04391544,0.03568129,0.51572726,0.38574083,2.70804693,0.27225452,-0.21173582,0.18206144,0.40964505,-29.87184946,-0.20975424,0.40964505,-29.87184946,-0.20975424,0.41258261,-29.70762635,-0.29799242,0.00573651,-0.03189889,-0.00121301,-0.00088421,-0.01284651,0.00041170
4.380,0.52418012,0.35159393,2.70866043,0.27189959,-0.22502035,0.18282903,0.05279034,-0.04368856,0.03549695,0.51847204,0.38360419,2.70988221,0.27281039,-0.21221790,0.18242809,0.40816242,-29.90056079,-0.21144020,0.40816242,-29.90056079,-0.21144020,0.41111828,-29.73623671,-0.29984077,0.00570808,-0.03201026,-0.00122178,-0.00091080,-0.01280245,0.00040094
4.390,0.52690175,0.34934154,2.71049050,0.27242611,-0.22545609,0.18318308,0.05251525,-0.04346090,0.03531198,0.52122226,0.38146279,2.71172108,0.27336346,-0.21269830,0.18279293,0.40667054,-29.92920407,-0.21313329,0.40667054,-29.92920407,-0.21313329,0.40964505,-29.76477970,-0.30169795,0.00567949,-0.03212125,-0.00123058,-0.00093735,-0.01275779,0.00039015
4.400,0.52962863,0.34708481,2.71232409,0.27294989,-0.22588956,0.18353527,0.05223921,-0.04323245,0.03512637,0.52397791,0.37931666,2.71356353,0.27391370,-0.21317702,0.18315593,0.40516966,-29.95777529,-0.21483687,0.40516966,-29.95777529,-0.21483687,0.40816242,-29.79325421,-0.30356268,0.00565072,-0.03223185,-0.00123944,-0.00096381,-0.01271254,0.00037934
4.410,0.53236074,0.34482376,2.71416119,0.27347090,-0.22632074,0.18388560,0.05196224,-0.04300323,0.03494013,0.52673894,0.37716581,2.71540954,0.27446112,-0.21365404,0.18351712,0.40365995,-29.98627332,-0.21654967,0.40365995,-29.98627332,-0.21654967,0.40667054,-29.82166152,-0.30543362,0.00562180,-0.03234205,-0.00124835,-0.00099022,-0.01266670,0.00036848
4.420,0.53509804,0.34255840,2.71600179,0.27398913,-0.22674962,0.18423407,0.05168434,-0.04277324,0.03475326,0.52950534,0.37501026,2.71725908,0.27500571,-0.21412935,0.18387646,0.40214079,-30.01469949,-0.21827034,0.40214079,-30.01469949,-0.21827034,0.40516966,-29.84999764,-0.30731412,0.00559270,-0.03245186,-0.00125729,-0.00101658,-0.01262027,0.00035761
4.430,0.53784051,0.34028877,2.71784587,0.27450458,-0.22717620,0.18458066,0.05140551,-0.04254249,0.03456577,0.53227706,0.37285002,2.71911215,0.27554745,-0.21460295,0.18423397,0.40061271,-30.04304948,-0.21999918,0.40061271,-30.04304948,-0.21999918,0.40365995,-29.87826145,-0.30920291,0.00556345,-0.03256125,-0.00126628,-0.00104287,-0.01257325,0.00034669
4.440,0.54058812,0.33801489,2.71969340,0.27501724,-0.22760047,0.18492538,0.05112576,-0.04231097,0.03437766,0.53505409,0.37068512,2.72096871,0.27608635,-0.21507483,0.18458962,0.39907562,-30.07132259,-0.22173777,0.39907562,-30.07132259,-0.22173777,0.40214079,-29.90645426,-0.31109863,0.00553403,-0.03267023,-0.00127531,-0.00106911,-0.01252564,0.00033576
4.450,0.54334085,0.33573677,2.72154437,0.27552709,-0.22802242,0.18526822,0.05084509,-0.04207870,0.03418894,0.53783640,0.36851556,2.72282876,0.27662238,-0.21554498,0.18494342,0.39752980,-30.09952013,-0.22348486,0.39752980,-30.09952013,-0.22348486,0.40061271,-29.93457176,-0.31300160,0.00550445,-0.03277879,-0.00128439,-0.00109529,-0.01247744,0.00032480
4.460,0.54609866,0.33345445,2.72339876,0.27603413,-0.22844204,0.18560916,0.05056352,-0.04184567,0.03399961,0.54062395,0.36634138,2.72469227,0.27715555,-0.21601340,0.18529536,0.39597478,-30.12763750,-0.22524078,0.39597478,-30.12763750,-0.22524078,0.39907562,-29.96261327,-0.31491336,0.00547471,-0.03288693,-0.00129351,-0.00112142,-0.01242864,0.00031380
4.470,0.54886152,0.33116794,2.72525655,0.27653836,-0.22885933,0.18594821,0.05028105,-0.04161190,0.03380967,0.54341672,0.36416258,2.72655923,0.27768585,-0.21648007,0.18564544,0.39441060,-30.15567638,-0.22700557,0.39441060,-30.15567638,-0.22700557,0.39752980,-29.99058010,-0.31683269,0.00544480,-0.03299464,-0.00130268,-0.00114749,-0.01237926,0.00030277
4.480,0.55162941,0.32887727,2.72711772,0.27703975,-0.22927428,0.18628535,0.04999768,-0.04137739,0.03361913,0.54621467,0.36197918,2.72842961,0.27821327,-0.21694498,0.18599364,0.39283743,-30.18363416,-0.22877953,0.39283743,-30.18363416,-0.22877953,0.39597478,-30.01846763,-0.31875991,0.00541474,-0.03310191,-0.00131189,-0.00117352,-0.01232930,0.00029171
4.490,0.55440231,0.32658246,2.72898225,0.27753831,-0.22968688,0.18662059,0.04971342,-0.04114214,0.03342799,0.54901779,0.35979120,2.73030340,0.27873779,-0.21740814,0.18633997,0.39125593,-30.21151024,-0.23056270,0.39125593,-30.21151024,-0.23056270,0.39441060,-30.04627758,-0.32069505,0.00538452,-0.03320874,-0.00132115,-0.00119948,-0.01227874,0.00028062
4.500,0.55718017,0.32428354,2.73085012,0.27803402,-0.23009712,0.18695391,0.04942827,-0.04090615,0.03323625,0.55182603,0.35759867,2.73218058,0.27925943,-0.21786952,0.18668442,0.38966489,-30.23930200,-0.23235537,0.38966489,-30.23930200,-0.23235537,0.39283743,-30.07400733,-0.32263841,0.00535414,-0.03331513,-0.00133046,-0.00122541,-0.01222760,0.00026949
4.510,0.55996298,0.32198053,2.73272132,0.27852687,-0.23050500,0.18728531,0.04914225,-0.04066944,0.03304392,0.55463937,0.35540159,2.73406113,0.27977816,-0.21832913,0.18702697,0.38806525,-30.26700922,-0.23415611,0.38806525,-30.26700922,-0.23415611,0.39125593,-30.10165626,-0.32459003,0.00532361,-0.03342106,-0.00133981,-0.00125129,-0.01217587,0.00025834
4.520,0.56275070,0.31967345,2.73459582,0.27901686,-0.23091050,0.18761479,0.04885535,-0.04043201,0.03285101,0.55745779,0.35319998,2.73594502,0.28029397,-0.21878695,0.18736764,0.38645654,-30.29463101,-0.23596647,0.38645654,-30.29463101,-0.23596647,0.38966489,-30.12922179,-0.32655018,0.00529291,-0.03352653,-0.00134920,-0.00127711,-0.01212355,0.00024715
4.530,0.56554331,0.31736232,2.73647361,0.27950398,-0.23131363,0.18794233,0.04856759,-0.04019386,0.03265751,0.56028124,0.35099387,2.73783225,0.28080688,-0.21924298,0.18770639,0.38483920,-30.32216752,-0.23778523,0.38483920,-30.32216752,-0.23778523,0.38806525,-30.15670369,-0.32851744,0.00526207,-0.03363155,-0.00135864,-0.00130290,-0.01207065,0.00023594
4.540,0.56834077,0.31504718,2.73835466,0.27998821,-0.23171438,0.18826793,0.04827896,-0.03995500,0.03246344,0.56310971,0.34878327,2.73972279,0.28131685,-0.21969721,0.18804324,0.38321253,-30.34961422,-0.23961393,0.38321253,-30.34961422,-0.23961393,0.38645654,-30.18410107,-0.33049336,0.00523106,-0.03373609,-0.00136813,-0.00132864,-0.01201717,0.00022469
4.550,0.57114306,0.31272804,2.74023896,0.28046955,-0.23211273,0.18859160,0.04798948,-0.03971543,0.03226879,0.56594316,0.34656820,2.74161662,0.28182390,-0.22014962,0.18837818,0.38157709,-30.37697219,-0.24145106,0.38157709,-30.37697219,-0.24145106,0.38483920,-30.21141408,-0.33247672,0.00519990,-0.03384016,-0.00137766,-0.00135435,-0.01196311,0.00021342
4.560,0.57395015,0.31040494,2.74212649,0.28094800,-0.23250869,0.18891331,0.04769915,-0.03947516,0.03207357,0.56878156,0.34434868,2.74351372,0.28232801,-0.22060022,0.18871119,0.37993293,-30.40423764,-0.24329694,0.37993293,-30.40423764,-0.24329694,0.38321253,-30.23863820,-0.33446905,0.00516859,-0.03394374,-0.00138723,-0.00138001,-0.01190847,0.00020212
4.570,0.57676201,0.30807788,2.74401722,0.28142353,-0.23290223,0.18923306,0.04740798,-0.03923419,0.03187778,0.57162489,0.34212473,2.74541407,0.28282917,-0.22104900,0.18904228,0.37827975,-30.43141337,-0.24515310,0.37827975,-30.43141337,-0.24515310,0.38157709,-30.26577452,-0.33646884,0.00513712,-0.03404685,-0.00139685,-0.00140564,-0.01185323,0.00019078
4.580,0.57957861,0.30574690,2.74591114,0.28189615,-0.23329337,0.18955086,0.04711597,-0.03899252,0.03168143,0.57447311,0.33989636,2.74731766,0.28332738,-0.22149594,0.18937144,0.37661773,-30.45849597,-0.24701800,0.37661773,-30.45849597,-0.24701800,0.37993293,-30.29281926,-0.33847640,0.00510550,-0.03414946,-0.00140652,-0.00143123,-0.01179743,0.00017942
4.590,0.58239992,0.30341202,2.74780823,0.28236585,-0.23368208,0.18986669,0.04682312,-0.03875017,0.03148451,0.57732620,0.33766360,2.74922447,0.28382263,-0.22194104,0.18969866,0.37494682,-30.48548426,-0.24889181,0.37494682,-30.48548426,-0.24889181,0.37827975,-30.31977520,-0.34049326,0.00507372,-0.03425158,-0.00141624,-0.00145678,-0.01174104,0.00016803
4.600,0.58522592,0.30107326,2.74970847,0.28283261,-0.23406837,0.19018055,0.04652945,-0.03850713,0.03128705,0.58018411,0.33542646,2.75113446,0.28431492,-0.22238429,0.19002393,0.37326735,-30.51237850,-0.25077453,0.37326735,-30.51237850,-0.25077453,0.37661773,-30.34663894,-0.34251787,0.00504181,-0.03435320,-0.00142599,-0.00148231,-0.01168408,0.00015662
4.610,0.58805657,0.29873066,2.75161184,0.28329643,-0.23445222,0.19049243,0.04623497,-0.03826342,0.03108903,0.58304683,0.33318496,2.75304764,0.28480423,-0.22282569,0.19034726,0.37157887,-30.53917388,-0.25266629,0.37157887,-30.53917388,-0.25266629,0.37494682,-30.37340932,-0.34455042,0.00500974,-0.03445430,-0.00143580,-0.00150780,-0.01162653,0.00014517
4.620,0.59089184,0.29638423,2.75351831,0.28375731,-0.23483363,0.19080233,0.04593966,-0.03801903,0.03089046,0.58591433,0.33093912,2.75496396,0.28529057,-0.22326522,0.19066863,0.36988147,-30.56587229,-0.25456858,0.36988147,-30.56587229,-0.25456858,0.37326735,-30.40008659,-0.34659090,0.00497751,-0.03455489,-0.00144565,-0.00153326,-0.01156841,0.00013370
4.630,0.59373170,0.29403400,2.75542788,0.28421523,-0.23521260,0.19111024,0.04564355,-0.03777397,0.03069135,0.58878657,0.32868896,2.75688343,0.28577392,-0.22370288,0.19098804,0.36817497,-30.59247169,-0.25647852,0.36817497,-30.59247169,-0.25647852,0.37157887,-30.42666595,-0.34863942,0.00494513,-0.03465496,-0.00145555,-0.00155869,-0.01150972,0.00012220
4.640,0.59657613,0.29167998,2.75734051,0.28467018,-0.23558911,0.19141615,0.04534664,-0.03752825,0.03049170,0.59166352,0.32643450,2.75880600,0.28625428,-0.22413866,0.19130548,0.36645983,-30.61897335,-0.25839913,0.36645983,-30.61897335,-0.25839913,0.36988147,-30.45314930,-0.35069749,0.00491261,-0.03475452,-0.00146549,-0.00158410,-0.01145045,0.00011067
4.650,0.59942510,0.28932222,2.75925619,0.28512216,-0.23596316,0.19172007,0.04504893,-0.03728187,0.03029152,0.59454516,0.32417576,2.76073168,0.28673164,-0.22457255,0.19162095,0.36473613,-30.64537121,-0.26032881,0.36473613,-30.64537121,-0.26032881,0.36817497,-30.47953458,-0.35276220,0.00487994,-0.03485354,-0.00147549,-0.00160948,-0.01139061,0.00009912
4.660,0.60227857,0.28696073,2.76117490,0.28557115,-0.23633475,0.19202198,0.04475042,-0.03703483,0.03009080,0.59743145,0.32191276,2.76266043,0.28720599,-0.22500454,0.19193445,0.36300321,-30.67166722,-0.26226770,0.36300321,-30.67166722,-0.26226770,0.36645983,-30.50582308,-0.35483659,0.00484712,-0.03495203,-0.00148553,-0.00163484,-0.01133021,0.00008753
4.670,0.60513651,0.28459553,2.76309663,0.28601716,-0.23670386,0.19232188,0.04445114,-0.03678715,0.02988956,0.60032236,0.31964551,2.76459223,0.28767734,-0.22543464,0.19224595,0.36126127,-30.69786071,-0.26421423,0.36126127,-30.69786071,-0.26421423,0.36473613,-30.53200875,-0.35691904,0.00481415,-0.03504998,-0.00149560,-0.00166018,-0.01126922,0.00007593
4.680,0.60799890,0.28222666,2.76502134,0.28646017,-0.23707049,0.19261977,0.04415107,-0.03653882,0.02968779,0.60321787,0.31737403,2.76652707,0.28814567,-0.22586282,0.19255547,0.35951067,-30.72394766,-0.26617134,0.35951067,-30.72394766,-0.26617134,0.36300321,-30.55809354,-0.35900971,0.00478103,-0.03514737,-0.00150573,-0.00168550,-0.01120767,0.00006430
4.690,0.61086570,0.27985413,2.76694901,0.28690018,-0.23743463,0.19291564,0.04385023,-0.03628985,0.02948550,0.60611794,0.31509835,2.76846493,0.28861097,-0.22628908,0.19286299,0.35775098,-30.74992971,-0.26813913,0.35775098,-30.74992971,-0.26813913,0.36126127,-30.58407677,-0.36110701,0.00474776,-0.03524422,-0.00151592,-0.00171079,-0.01114555,0.00005265
4.700,0.61373689,0.27747798,2.76887964,0.28733717,-0.23779628,0.19320948,0.04354862,-0.03604024,0.02928270,0.60902254,0.31281849,2.77040578,0.28907325,-0.22671342,0.19316852,0.35598257,-30.77580288,-0.27011462,0.35598257,-30.77580288,-0.27011462,0.35951067,-30.60995444,-0.36321388,0.00471435,-0.03534051,-0.00152614,-0.00173608,-0.01108286,0.00004096
4.710,0.61661244,0.27509822,2.77081320,0.28777115,-0.23815543,0.19350129,0.04324626,-0.03579001,0.02907938,0.61193164,0.31053446,2.77234960,0.28953249,-0.22713583,0.19347203,0.35420564,-30.80156890,-0.27209917,0.35420564,-30.80156890,-0.27209917,0.35775098,-30.63572819,-0.36533042,0.00468080,-0.03543624,-0.00153640,-0.00176134,-0.01101960,0.00002926
4.720,0.61949231,0.27271488,2.77274966,0.28820210,-0.23851208,0.19379107,0.04294313,-0.03553914,0.02887555,0.61484522,0.30824628,2.77429639,0.28998869,-0.22755629,0.19377354,0.35241956,-30.82722582,-0.27409420,0.35241956,-30.82722582,-0.27409420,0.35598257,-30.66139404,-0.36745364,0.00464709,-0.03553140,-0.00154673,-0.00178659,-0.01095579,0.00001753
4.730,0.62237647,0.27032798,2.77468901,0.28863001,-0.23886622,0.19407880,0.04263926,-0.03528766,0.02867123,0.61776323,0.30595398,2.77624610,0.29044184,-0.22797481,0.19407303,0.35062429,-30.85277334,-0.27609837,0.35062429,-30.85277334,-0.27609837,0.35420564,-30.68695372,-0.36958491,0.00461324,-0.03562600,-0.00155709,-0.00181183,-0.01089141,0.00000577
4.740,0.62526490,0.26793756,2.77663123,0.28905488,-0.23921783,0.19436449,0.04233464,-0.03503556,0.02846640,0.62068565,0.30365757,2.77819873,0.29089194,-0.22839137,0.19437049,0.34882045,-30.87820685,-0.27811144,0.34882045,-30.87820685,-0.27811144,0.35241956,-30.71240530,-0.37172565,0.00457925,-0.03572001,-0.00156750,-0.00183706,-0.01082646,-0.00000600
4.750,0.62815756,0.26554363,2.77857629,0.28947670,-0.23956692,0.19464813,0.04202928,-0.03478286,0.02826107,0.62361245,0.30135707,2.78015425,0.29133897,-0.22880596,0.19466593,0.34700752,-30.90352875,-0.28013491,0.34700752,-30.90352875,-0.28013491,0.35062429,-30.73774847,-0.37387449,0.00454511,-0.03581344,-0.00157796,-0.00186227,-0.01076096,-0.00001780
4.760,0.63105442,0.26314623,2.78052419,0.28989546,-0.23991349,0.19492971,0.04172320,-0.03452954,0.02805525,0.62654360,0.29905251,2.78211265,0.29178294,-0.22921859,0.19495934,0.34518548,-30.92873515,-0.28216578,0.34518548,-30.92873515,-0.28216578,0.34882045,-30.76297862,-0.37603122,0.00451082,-0.03590628,-0.00158846,-0.00188748,-0.01069490,-0.00002963
4.770,0.63395545,0.26074537,2.78247488,0.29031116,-0.24025751,0.19520923,0.04141638,-0.03427563,0.02784895,0.62947907,0.29674389,2.78407390,0.29222384,-0.22962923,0.19525070,0.34335444,-30.95382712,-0.28420840,0.34335444,-30.95382712,-0.28420840,0.34700752,-30.78809816,-0.37819732,0.00447638,-0.03599852,-0.00159902,-0.00191268,-0.01062828,-0.00004147
4.780,0.63686063,0.25834109,2.78442836,0.29072379,-0.24059900,0.19548669,0.04110885,-0.03402111,0.02764216,0.63241882,0.29443126,2.78603798,0.29266167,-0.23003789,0.19554003,0.34151491,-30.97880146,-0.28625971,0.34151491,-30.97880146,-0.28625971,0.34518548,-30.81310321,-0.38036979,0.00444181,-0.03609017,-0.00160962,-0.00193788,-0.01056111,-0.00005334
4.790,0.63976992,0.25593340,2.78638461,0.29113334,-0.24093793,0.19576207,0.04080060,-0.03376601,0.02743488,0.63536282,0.29211461,2.78800487,0.29309641,-0.23044456,0.19582731,0.33966636,-31.00365928,-0.28831973,0.33966636,-31.00365928,-0.28831973,0.34335444,-30.83799483,-0.38255298,0.00440710,-0.03618121,-0.00162026,-0.00196307,-0.01049337,-0.00006524
4.800,0.64268329,0.25352234,2.78834360,0.29153980,-0.24127432,0.19603538,0.04049164,-0.03351032,0.02722714,0.63831105,0.28979398,2.78997455,0.29352805,-0.23084923,0.19611254,0.33780881,-31.02839745,-0.29038969,0.33780881,-31.02839745,-0.29038969,0.34151491,-30.86276984,-0.38474382,0.00437224,-0.03627164,-0.00163095,-0.00198825,-0.01042509,-0.00007716
4.810,0.64560071,0.25110792,2.79030531,0.29194317,-0.24160814,0.19630661,0.04018198,-0.03325405,0.02701892,0.64126348,0.28746938,2.79194700,0.29395661,-0.23125189,0.19639571,0.33594237,-31.05301705,-0.29246959,0.33594237,-31.05301705,-0.29246959,0.33966636,-30.88742935,-0.38694234,0.00433723,-0.03636146,-0.00164169,-0.00201344,-0.01035625,-0.00008910
4.820,0.64852214,0.24869018,2.79226972,0.29234344,-0.24193939,0.19657576,0.03987162,-0.03299720,0.02681023,0.64422006,0.28514083,2.79392220,0.29438206,-0.23165253,0.19667682,0.33406654,-31.07751428,-0.29455927,0.33406654,-31.07751428,-0.29455927,0.33780881,-30.91197021,-0.38914976,0.00430208,-0.03645065,-0.00165248,-0.00203862,-0.01028686,-0.00010106
4.830,0.65144756,0.24626914,2.79423682,0.29274060,-0.24226808,0.19684282,0.03956057,-0.03273978,0.02660107,0.64718077,0.28280836,2.79590013,0.29480441,-0.23205116,0.19695586,0.33218183,-31.10188965,-0.29665717,0.33218183,-31.10188965,-0.29665717,0.33594237,-30.93639354,-0.39136608,0.00426679,-0.03653922,-0.00166331,-0.00206381,-0.01021692,-0.00011304
4.840,0.65437694,0.24384483,2.79620657,0.29313464,-0.24259419,0.19710778,0.03924883,-0.03248179,0.02639146,0.65014559,0.28047199,2.79788077,0.29522364,-0.23244775,0.19723283,0.33028825,-31.12614068,-0.29876619,0.33028825,-31.12614068,-0.29876619,0.33406654,-30.96069551,-0.39359114,0.00423135,-0.03662716,-0.00167420,-0.00208900,-0.01014644,-0.00012505
4.850,0.65731025,0.24141727,2.79817897,0.29352557,-0.24291771,0.19737064,0.03893642,-0.03222324,0.02618138,0.65311447,0.27813173,2.79986409,0.29563975,-0.23284231,0.19750773,0.32838605,-31.15026721,-0.30088319,0.32838605,-31.15026721,-0.30088319,0.33218183,-30.98487666,-0.39582338,0.00419578,-0.03671446,-0.00168512,-0.00211418,-0.01007540,-0.00013709
4.860,0.66024744,0.23898649,2.80015398,0.29391337,-0.24323865,0.19763140,0.03862333,-0.03196413,0.02597086,0.65608739,0.27578761,2.80185008,0.29605274,-0.23323482,0.19778054,0.32647411,-31.17426786,-0.30301095,0.32647411,-31.17426786,-0.30301095,0.33028825,-31.00893450,-0.39806568,0.00416005,-0.03680112,-0.00169610,-0.00213937,-0.01000383,-0.00014914
4.870,0.66318850,0.23655251,2.80213159,0.29429804,-0.24355700,0.19789006,0.03830957,-0.03170447,0.02575989,0.65906431,0.27343964,2.80383872,0.29646260,-0.23362528,0.19805127,0.32455359,-31.19814249,-0.30514782,0.32455359,-31.19814249,-0.30514782,0.32838605,-31.03286888,-0.40031491,0.00412419,-0.03688713,-0.00170713,-0.00216456,-0.00993172,-0.00016121
4.880,0.66613339,0.23411535,2.80411177,0.29467956,-0.24387274,0.19814660,0.03799515,-0.03144427,0.02554847,0.66204520,0.27108785,2.80582998,0.29686932,-0.23401368,0.19831990,0.32262388,-31.22189069,-0.30729527,0.32262388,-31.22189069,-0.30729527,0.32647411,-31.05667842,-0.40257386,0.00408819,-0.03697250,-0.00171821,-0.00218976,-0.00985906,-0.00017330
4.890,0.66908208,0.23167506,2.80609451,0.29505794,-0.24418588,0.19840103,0.03768008,-0.03118351,0.02533661,0.66503004,0.26873226,2.80782384,0.29727290,-0.23440001,0.19858644,0.32068523,-31.24550706,-0.30945152,0.32068523,-31.24550706,-0.30945152,0.32455359,-31.08036298,-0.40484085,0.00405204,-0.03705720,-0.00172933,-0.00221496,-0.00978587,-0.00018541
4.900,0.67203454,0.22923165,2.80807979,0.29543316,-0.24449641,0.19865333,0.03736435,-0.03092222,0.02512431,0.66801879,0.26637289,2.80982028,0.29767334,-0.23478428,0.19885088,0.31873756,-31.26899350,-0.31161653,0.31873756,-31.26899350,-0.31161653,0.32262388,-31.10392216,-0.40711737,0.00401575,-0.03714124,-0.00174049,-0.00224018,-0.00971213,-0.00019755
4.910,0.67499074,0.22678514,2.81006757,0.29580522,-0.24480432,0.19890351,0.03704799,-0.03066040,0.02491158,0.67101141,0.26400976,2.81181928,0.29807062,-0.23516646,0.19911321,0.31678101,-31.29234997,-0.31379297,0.31678101,-31.29234997,-0.31379297,0.32068523,-31.12735056,-0.40940163,0.00397933,-0.03722462,-0.00175171,-0.00226540,-0.00963786,-0.00020970
4.920,0.67795064,0.22433557,2.81205785,0.29617412,-0.24510961,0.19915156,0.03673098,-0.03039805,0.02469842,0.67400788,0.26164289,2.81382082,0.29846474,-0.23554655,0.19937344,0.31481524,-31.31557278,-0.31597776,0.31481524,-31.31557278,-0.31597776,0.31873756,-31.15065008,-0.41169358,0.00394276,-0.03730732,-0.00176297,-0.00229062,-0.00956306,-0.00022188
4.930,0.68091421,0.22188296,2.81405060,0.29653984,-0.24541228,0.19939748,0.03641334,-0.03013518,0.02448483,0.67700817,0.25927231,2.81582488,0.29885570,-0.23592455,0.19963154,0.31284014,-31.33866222,-0.31817214,0.31284014,-31.33866222,-0.31817214,0.31678101,-31.17382070,-0.41399590,0.00390604,-0.03738935,-0.00177428,-0.00231586,-0.00948773,-0.00023406
4.940,0.68388142,0.21942733,2.81604579,0.29690238,-0.24571232,0.19964126,0.03609507,-0.02987178,0.02427082,0.68001224,0.25689802,2.81783144,0.29924349,-0.23630045,0.19988753,0.31085588,-31.36161829,-0.32037749,0.31085588,-31.36161829,-0.32037749,0.31481524,-31.19685871,-0.41630551,0.00386918,-0.03747069,-0.00178565,-0.00234111,-0.00941187,-0.00024627
4.950,0.68685225,0.21696872,2.81804341,0.29726174,-0.24600971,0.19988289,0.03577618,-0.02960787,0.02405640,0.68302006,0.25452007,2.81984047,0.29962810,-0.23667424,0.20014140,0.30886312,-31.38443660,-0.32259220,0.30886312,-31.38443660,-0.32259220,0.31284014,-31.21976442,-0.41862364,0.00383219,-0.03755135,-0.00179706,-0.00236636,-0.00933547,-0.00025851
4.960,0.68982665,0.21450715,2.82004344,0.29761790,-0.24630447,0.20012238,0.03545668,-0.02934346,0.02384156,0.68603159,0.25213846,2.82185195,0.30000953,-0.23704591,0.20039313,0.30686077,-31.40711821,-0.32481587,0.30686077,-31.40711821,-0.32481587,0.31085588,-31.24253782,-0.42095167,0.00379506,-0.03763131,-0.00180851,-0.00239163,-0.00925856,-0.00027075
4.970,0.69280459,0.21204264,2.82204585,0.29797087,-0.24659658,0.20035972,0.03513657,-0.02907854,0.02362631,0.68904682,0.24975322,2.82386586,0.30038777,-0.23741546,0.20064274,0.30484913,-31.42966280,-0.32704983,0.30484913,-31.42966280,-0.32704983,0.30886312,-31.26517455,-0.42328797,0.00375777,-0.03771058,-0.00182001,-0.00241690,-0.00918112,-0.00028302
4.980,0.69578605,0.20957522,2.82405063,0.29832063,-0.24688604,0.20059491,0.03481585,-0.02881312,0.02341066,0.69206570,0.24736437,2.82588219,0.30076282,-0.23778287,0.20089020,0.30282861,-31.45206874,-0.32929234,0.30282861,-31.45206874,-0.32929234,0.30686077,-31.28767564,-0.42563216,0.00372035,-0.03778915,-0.00183156,-0.00244219,-0.00910317,-0.00029529
4.990,0.69877100,0.20710493,2.82605775,0.29866718,-0.24717284,0.20082793,0.03449454,-0.02854720,0.02319460,0.69508820,0.24497193,2.82790091,0.30113467,-0.23814816,0.20113552,0.30079939,-31.47433207,-0.33154482,0.30079939,-31.47433207,-0.33154482,0.30484913,-31.31004080,-0.42798557,0.00368280,-0.03786700,-0.00184316,-0.00246749,-0.00902468,-0.00030759
5.000,0.70175939,0.20463177,2.82806718,0.29901052,-0.24745698,0.20105880,0.03417263,-0.02828080,0.02297815,0.69811429,0.24257592,2.82992199,0.30150332,-0.23851129,0.20137870,0.29876063,-31.49645715,-0.33380835,0.29876063,-31.49645715,-0.33380835,0.30282861,-31.33226839,-0.43034645,0.00364510,-0.03794415,-0.00185481,-0.00249280,-0.00894569,-0.00031990
5.010,0.70475119,0.20215580,2.83007891,0.29935064,-0.24773846,0.20128750,0.03385014,-0.02801391,0.02276130,0.70114394,0.24017637,2.83194542,0.30186876,-0.23887228,0.20161973,0.29671240,-31.51843640,-0.33608138,0.29671240,-31.51843640,-0.33608138,0.30079939,-31.35435445,-0.43271623,0.00360725,-0.03802057,-0.00186651,-0.00251812,-0.00886618,-0.00033223
5.020,0.70774639,0.19967701,2.83209292,0.29968752,-0.24801726,0.20151402,0.03352707,-0.02774654,0.02254406,0.70417712,0.23777329,2.83397117,0.30223098,-0.23923111,0.20185861,0.29465563,-31.54027554,-0.33836368,0.29465563,-31.54027554,-0.33836368,0.29876063,-31.37630335,-0.43509597,0.00356927,-0.03809628,-0.00187825,-0.00254346,-0.00878615,-0.00034459
5.030,0.71074493,0.19719546,2.83410919,0.30002118,-0.24829339,0.20173838,0.03320342,-0.02747870,0.02232644,0.70721379,0.23536671,2.83599922,0.30258998,-0.23958777,0.20209532,0.29258924,-31.56196739,-0.34065475,0.29258924,-31.56196739,-0.34065475,0.29671240,-31.39810752,-0.43748412,0.00353114,-0.03817125,-0.00189003,-0.00256880,-0.00870562,-0.00035694
5.040,0.71374680,0.19471116,2.83612768,0.30035159,-0.24856683,0.20196055,0.03287921,-0.02721038,0.02210843,0.71025392,0.23295666,2.83802956,0.30294575,-0.23994226,0.20232988,0.29051405,-31.58351366,-0.34295760,0.29051405,-31.58351366,-0.34295760,0.29465563,-31.41977267,-0.43988046,0.00349288,-0.03824550,-0.00190188,-0.00259416,-0.00862457,-0.00036933
5.050,0.71675196,0.19222413,2.83814839,0.30067876,-0.24883759,0.20218054,0.03255443,-0.02694160,0.02189005,0.71329748,0.23054314,2.84006215,0.30329830,-0.24029458,0.20256227,0.28842987,-31.60491517,-0.34526887,0.28842987,-31.60491517,-0.34526887,0.29258924,-31.44129163,-0.44228447,0.00345448,-0.03831901,-0.00191376,-0.00261954,-0.00854301,-0.00038173
5.060,0.71976037,0.18973441,2.84017129,0.30100268,-0.24910566,0.20239835,0.03222910,-0.02667236,0.02167129,0.71634443,0.22812619,2.84209698,0.30364760,-0.24064470,0.20279249,0.28633627,-31.62616807,-0.34758971,0.28633627,-31.62616807,-0.34758971,0.29051405,-31.46266612,-0.44469917,0.00341594,-0.03839178,-0.00192569,-0.00264492,-0.00846096,-0.00039414
5.070,0.72277200,0.18724203,2.84219635,0.30132334,-0.24937104,0.20261397,0.03190322,-0.02640266,0.02145216,0.71939475,0.22570583,2.84413403,0.30399366,-0.24099263,0.20302054,0.28423331,-31.64727081,-0.34992142,0.28423331,-31.64727081,-0.34992142,0.28842987,-31.48389695,-0.44712121,0.00337725,-0.03846380,-0.00193768,-0.00267032,-0.00837841,-0.00040657
5.080,0.72578682,0.18474700,2.84422356,0.30164074,-0.24963371,0.20282739,0.03157679,-0.02613252,0.02123267,0.72244840,0.22328207,2.84617327,0.30433647,-0.24133837,0.20324641,0.28212119,-31.66822518,-0.35226234,0.28212119,-31.66822518,-0.35226234,0.28633627,-31.50498028,-0.44955171,0.00333842,-0.03853507,-0.00194971,-0.00269573,-0.00829534,-0.00041902
5.090,0.72880480,0.18224936,2.84625289,0.30195487,-0.24989369,0.20303862,0.03124983,-0.02586192,0.02101281,0.72550535,0.22085495,2.84821468,0.30467603,-0.24168190,0.20347009,0.27999999,-31.68902841,-0.35461349,0.27999999,-31.68902841,-0.35461349,0.28423331,-31.52591457,-0.45199200,0.00329945,-0.03860559,-0.00196179,-0.00272116,-0.00821179,-0.00043147
5.100,0.73182591,0.17974914,2.84828432,0.30226573,-0.25015095,0.20324765,0.03092233,-0.02559089,0.02079260,0.72856556,0.21842447,2.85025824,0.30501233,-0.24202321,0.20369160,0.27786991,-31.70967797,-0.35697466,0.27786991,-31.70967797,-0.35697466,0.28212119,-31.54670161,-0.45444039,0.00326035,-0.03867533,-0.00197392,-0.00274660,-0.00812774,-0.00044395
5.110,0.73485011,0.17724635,2.85031784,0.30257332,-0.25040550,0.20345447,0.03059430,-0.02531942,0.02057203,0.73162901,0.21599068,2.85230393,0.30534536,-0.24236230,0.20391091,0.27573065,-31.73017672,-0.35934411,0.27573065,-31.73017672,-0.35934411,0.27999999,-31.56733862,-0.45689791,0.00322110,-0.03874433,-0.00198609,-0.00277204,-0.00804320,-0.00045644
5.120,0.73787736,0.17474104,2.85235341,0.30287762,-0.25065734,0.20365909,0.03026575,-0.02504752,0.02035111,0.73469565,0.21355358,2.85435173,0.30567512,-0.24269917,0.20412802,0.27358167,-31.75051925,-0.36172438,0.27358167,-31.75051925,-0.36172438,0.27786991,-31.58782309,-0.45936435,0.00318171,-0.03881254,-0.00199832,-0.00279750,-0.00795817,-0.00046893
5.130,0.74090765,0.17223321,2.85439101,0.30317863,-0.25090645,0.20386149,0.02993669,-0.02477519,0.02012984,0.73776546,0.21111320,2.85640160,0.30600160,-0.24303380,0.20434294,0.27142419,-31.77070938,-0.36411537,0.27142419,-31.77070938,-0.36411537,0.27573065,-31.60815788,-0.46183797,0.00314219,-0.03887999,-0.00201059,-0.00282297,-0.00787265,-0.00048145
5.140,0.74394092,0.16972292,2.85643063,0.30347635,-0.25115284,0.20406168,0.02960711,-0.02450244,0.01990823,0.74083840,0.20866957,2.85845354,0.30632480,-0.24336619,0.20455566,0.26925690,-31.79074003,-0.36651514,0.26925690,-31.79074003,-0.36651514,0.27358167,-31.62833757,-0.46432129,0.00310252,-0.03894665,-0.00202291,-0.00284845,-0.00778665,-0.00049398
5.150,0.74697716,0.16721017,2.85847224,0.30377077,-0.25139650,0.20425966,0.02927704,-0.02422927,0.01968628,0.74391445,0.20622270,2.86050752,0.30664471,-0.24369633,0.20476618,0.26708092,-31.81061542,-0.36892480,0.26708092,-31.81061542,-0.36892480,0.27142419,-31.64836600,-0.46681423,0.00306271,-0.03901253,-0.00203528,-0.00287394,-0.00770017,-0.00050652
5.160,0.75001633,0.16469499,2.86051582,0.30406189,-0.25163742,0.20445541,0.02894646,-0.02395569,0.01946400,0.74699356,0.20377262,2.86256351,0.30696133,-0.24402422,0.20497448,0.26489594,-31.83033383,-0.37134420,0.26489594,-31.83033383,-0.37134420,0.26925690,-31.66823609,-0.46931484,0.00302277,-0.03907763,-0.00204769,-0.00289944,-0.00761320,-0.00051907
5.170,0.75305839,0.16217743,2.86256134,0.30434970,-0.25187561,0.20464893,0.02861539,-0.02368170,0.01924138,0.75007571,0.20131936,2.86462150,0.30727464,-0.24434985,0.20518057,0.26270158,-31.84989019,-0.37377449,0.26270158,-31.84989019,-0.37377449,0.26708092,-31.68795206,-0.47182423,0.00298268,-0.03914193,-0.00206016,-0.00292494,-0.00752576,-0.00053164
5.180,0.75610331,0.15965749,2.86460879,0.30463419,-0.25211106,0.20484023,0.02828384,-0.02340732,0.01901844,0.75316085,0.19886292,2.86668146,0.30758466,-0.24467321,0.20538445,0.26049792,-31.86928874,-0.37621373,0.26049792,-31.86928874,-0.37621373,0.26489594,-31.70751219,-0.47434225,0.00294246,-0.03920543,-0.00207267,-0.00295047,-0.00743785,-0.00054422
5.190,0.75915106,0.15713521,2.86665814,0.30491537,-0.25234376,0.20502930,0.02795181,-0.02313253,0.01879518,0.75624897,0.19640335,2.86874337,0.30789136,-0.24499429,0.20558611,0.25828532,-31.88852580,-0.37866310,0.25828532,-31.88852580,-0.37866310,0.26270158,-31.72691142,-0.47687003,0.00290209,-0.03926814,-0.00208523,-0.00297599,-0.00734947,-0.00055681
5.200,0.76220161,0.15461063,2.86870936,0.30519323,-0.25257371,0.20521614,0.02761930,-0.02285735,0.01857160,0.75934002,0.19394065,2.87080721,0.30819475,-0.24531309,0.20578554,0.25606388,-31.90759796,-0.38112374,0.25606388,-31.90759796,-0.38112374,0.26049792,-31.74615399,-0.47940565,0.00286159,-0.03933002,-0.00209785,-0.00300152,-0.00726062,-0.00056940
5.210,0.76525492,0.15208375,2.87076245,0.30546776,-0.25280090,0.20540073,0.02728632,-0.02258178,0.01834770,0.76243397,0.19147486,2.87287295,0.30849481,-0.24562961,0.20598275,0.25383322,-31.92650954,-0.38359248,0.25383322,-31.92650954,-0.38359248,0.25828532,-31.76523622,-0.48195028,0.00282095,-0.03939111,-0.00211050,-0.00302705,-0.00717129,-0.00058202
5.220,0.76831095,0.14955462,2.87281737,0.30573895,-0.25302534,0.20558309,0.02695288,-0.02230583,0.01812349,0.76553078,0.18900600,2.87494058,0.30879155,-0.24594382,0.20617772,0.25159293,-31.94525560,-0.38607164,0.25159293,-31.94525560,-0.38607164,0.25606388,-31.78415473,-0.48450506,0.00278017,-0.03945138,-0.00212321,-0.00305260,-0.00708152,-0.00059463
5.230,0.77136968,0.14702325,2.87487411,0.30600681,-0.25324702,0.20576320,0.02661898,-0.02202950,0.01789897,0.76863044,0.18653408,2.87701007,0.30908495,-0.24625574,0.20637046,0.24934388,-31.96383844,-0.38855958,0.24934388,-31.96383844,-0.38855958,0.25383322,-31.80291380,-0.48706681,0.00273924,-0.03951083,-0.00213596,-0.00307814,-0.00699128,-0.00060726
5.240,0.77443108,0.14448969,2.87693263,0.30627133,-0.25346593,0.20594107,0.02628463,-0.02175280,0.01767415,0.77173289,0.18405914,2.87908139,0.30937502,-0.24656535,0.20656096,0.24708619,-31.98225240,-0.39105880,0.24708619,-31.98225240,-0.39105880,0.25159293,-31.82150852,-0.48963787,0.00269819,-0.03956945,-0.00214876,-0.00310369,-0.00690058,-0.00061989
5.250,0.77749510,0.14195394,2.87899292,0.30653250,-0.25368207,0.20611668,0.02594984,-0.02147573,0.01744903,0.77483811,0.18158120,2.88115453,0.30966174,-0.24687264,0.20674922,0.24481897,-32.00050213,-0.39356764,0.24481897,-32.00050213,-0.39356764,0.24934388,-31.83994118,-0.49221659,0.00265699,-0.03962726,-0.00216161,-0.00312924,-0.00680943,-0.00063254
5.260,0.78056172,0.13941605,2.88105495,0.30679033,-0.25389544,0.20629005,0.02561461,-0.02119830,0.01722362,0.77794606,0.17910027,2.88322947,0.30994512,-0.24717761,0.20693524,0.24254309,-32.01858239,-0.39608698,0.24254309,-32.01858239,-0.39608698,0.24708619,-31.85820614,-0.49480544,0.00261566,-0.03968422,-0.00217452,-0.00315479,-0.00671783,-0.00064519
5.270,0.78363090,0.13687604,2.88311871,0.30704480,-0.25410604,0.20646116,0.02527894,-0.02092050,0.01699791,0.78105671,0.17661639,2.88530617,0.31022513,-0.24748025,0.20711901,0.24025805,-32.03649386,-0.39861511,0.24025805,-32.03649386,-0.39861511,0.24481897,-31.87630804,-0.49740280,0.00257419,-0.03974035,-0.00218746,-0.00318033,-0.00662579,-0.00065785
5.280,0.78670260,0.13433394,2.88518417,0.30729590,-0.25431385,0.20663000,0.02494285,-0.02064236,0.01677192,0.78417003,0.17412957,2.88738462,0.31050179,-0.24778056,0.20730052,0.23796348,-32.05423459,-0.40115318,0.23796348,-32.05423459,-0.40115318,0.24254309,-31.89424165,-0.50000952,0.00253257,-0.03979563,-0.00220045,-0.00320589,-0.00653329,-0.00067052
5.290,0.78977680,0.13178978,2.88725131,0.30754365,-0.25451888,0.20679659,0.02460633,-0.02036386,0.01654564,0.78728598,0.17163985,2.88946480,0.31077509,-0.24807852,0.20747979,0.23566037,-32.07180366,-0.40370060,0.23566037,-32.07180366,-0.40370060,0.24025805,-31.91200765,-0.50262390,0.00249082,-0.03985007,-0.00221349,-0.00323144,-0.00644036,-0.00068320
5.300,0.79285346,0.12924357,2.88932009,0.30778803,-0.25472113,0.20696092,0.02426940,-0.02008502,0.01631908,0.79040453,0.16914724,2.89154667,0.31104501,-0.24837414,0.20765679,0.23334823,-32.08920383,-0.40626007,0.23334823,-32.08920383,-0.40626007,0.23796348,-31.92960409,-0.50524709,0.00244893,-0.03990367,-0.00222658,-0.00325698,-0.00634699,-0.00069587
5.310,0.79593255,0.12669536,2.89139052,0.30802904,-0.25492058,0.20712297,0.02393206,-0.01980584,0.01609225,0.79352564,0.16665177,2.89363023,0.31131155,-0.24866741,0.20783154,0.23102733,-32.10642917,-0.40882688,0.23102733,-32.10642917,-0.40882688,0.23566037,-31.94703006,-0.50787850,0.00240691,-0.03995641,-0.00223971,-0.00328251,-0.00625317,-0.00070857
5.320,0.79901403,0.12414517,2.89346255,0.30826667,-0.25511724,0.20728276,0.02359432,-0.01952633,0.01586514,0.79664928,0.16415346,2.89571545,0.31157472,-0.24895831,0.20800403,0.22869730,-32.12348080,-0.41140486,0.22869730,-32.12348080,-0.41140486,0.23334823,-31.96428832,-0.51052081,0.00236475,-0.04000829,-0.00225290,-0.00330805,-0.00615893,-0.00072127
5.330,0.80209787,0.12159303,2.89553616,0.30850092,-0.25531111,0.20744028,0.02325617,-0.01924649,0.01563777,0.79977542,0.16165233,2.89780230,0.31183449,-0.24924684,0.20817425,0.22635839,-32.14035749,-0.41399374,0.22635839,-32.14035749,-0.41399374,0.23102733,-31.98137295,-0.51316934,0.00232245,-0.04005930,-0.00226614,-0.00333357,-0.00606427,-0.00073397
5.340,0.80518404,0.11903896,2.89761134,0.30873179,-0.25550217,0.20759552,0.02291763,-0.01896632,0.01541013,0.80290402,0.15914842,2.89989076,0.31209087,-0.24953300,0.20834221,0.22401088,-32.15705935,-0.41659166,0.22401088,-32.15705935,-0.41659166,0.22869730,-31.99828506,-0.51582790,0.00228002,-0.04010946,-0.00227942,-0.00335908,-0.00596917,-0.00074669
5.350,0.80827250,0.11648299,2.89968807,0.30895927,-0.25569043,0.20774848,0.02257871,-0.01868583,0.01518224,0.80603505,0.15664174,2.90198081,0.31234386,-0.24981678,0.20850789,0.22165440,-32.17358558,-0.41919815,0.22165440,-32.17358558,-0.41919815,0.22635839,-32.01502343,-0.51849621,0.00223745,-0.04015875,-0.00229274,-0.00338459,-0.00587365,-0.00075941
5.360,0.81136321,0.11392516,2.90176631,0.30918336,-0.25587589,0.20789916,0.02223941,-0.01840503,0.01495408,0.80916847,0.15413231,2.90407242,0.31259344,-0.25009817,0.20867130,0.21928873,-32.18993298,-0.42181574,0.21928873,-32.18993298,-0.42181574,0.22401088,-32.03158818,-0.52117242,0.00219474,-0.04020715,-0.00230611,-0.00341008,-0.00577772,-0.00077214
5.370,0.81445615,0.11136548,2.90384604,0.30940406,-0.25605853,0.20804756,0.02189973,-0.01812391,0.01472568,0.81230425,0.15162017,2.90616558,0.31283961,-0.25037717,0.20883243,0.21691464,-32.20610366,-0.42444406,0.21691464,-32.20610366,-0.42444406,0.22165440,-32.04797849,-0.52385606,0.00215190,-0.04025469,-0.00231954,-0.00343555,-0.00568136,-0.00078487
5.380,0.81755128,0.10880400,2.90592725,0.30962136,-0.25623837,0.20819367,0.02155968,-0.01784249,0.01449703,0.81544236,0.14910534,2.90826026,0.31308237,-0.25065377,0.20899129,0.21453178,-32.22209317,-0.42708126,0.21453178,-32.22209317,-0.42708126,0.21928873,-32.06419120,-0.52654967,0.00210892,-0.04030134,-0.00233301,-0.00346101,-0.00558460,-0.00079762
5.390,0.82064857,0.10624073,2.90800991,0.30983525,-0.25641538,0.20833750,0.02121927,-0.01756077,0.01426813,0.81858275,0.14658783,2.91035643,0.31332170,-0.25092796,0.20914786,0.21214031,-32.23790331,-0.42972823,0.21214031,-32.23790331,-0.42972823,0.21691464,-32.08022839,-0.52925285,0.00206582,-0.04034710,-0.00234652,-0.00348645,-0.00548742,-0.00081036
5.400,0.82374798,0.10367570,2.91009399,0.31004574,-0.25658958,0.20847903,0.02087850,-0.01727876,0.01403899,0.82172541,0.14406768,2.91245408,0.31355762,-0.25119974,0.20930215,0.20974012,-32.25353369,-0.43238623,0.20974012,-32.25353369,-0.43238623,0.21453178,-32.09608563,-0.53196376,0.00202257,-0.04039198,-0.00236009,-0.00351188,-0.00538984,-0.00082312
5.410,0.82684947,0.10110894,2.91217948,0.31025282,-0.25676096,0.20861828,0.02053738,-0.01699645,0.01380962,0.82487028,0.14154491,2.91455318,0.31379010,-0.25146910,0.20945414,0.20733087,-32.26898281,-0.43505310,0.20733087,-32.26898281,-0.43505310,0.21214031,-32.11176473,-0.53468330,0.00197919,-0.04043597,-0.00237370,-0.00353728,-0.00529186,-0.00083586
5.420,0.82995302,0.09854049,2.91426635,0.31045649,-0.25692951,0.20875523,0.02019592,-0.01671386,0.01358001,0.82801735,0.13901954,2.91665371,0.31401914,-0.25173603,0.20960385,0.20491335,-32.28424723,-0.43773004,0.20491335,-32.28424723,-0.43773004,0.20974012,-32.12726527,-0.53741271,0.00193567,-0.04047905,-0.00238736,-0.00356265,-0.00519348,-0.00084862
5.430,0.83305859,0.09597036,2.91635458,0.31065674,-0.25709523,0.20888988,0.01985411,-0.01643099,0.01335018,0.83116656,0.13649160,2.91875565,0.31424475,-0.25200054,0.20975126,0.20248723,-32.29932982,-0.44041661,0.20248723,-32.29932982,-0.44041661,0.20733087,-32.14258579,-0.54014985,0.00189203,-0.04052124,-0.00240107,-0.00358801,-0.00509469,-0.00086138
5.440,0.83616615,0.09339859,2.91844414,0.31085357,-0.25725813,0.20902223,0.01951197,-0.01614784,0.01312012,0.83431790,0.13396111,2.92085897,0.31446691,-0.25226260,0.20989638,0.20005278,-32.31422786,-0.44311384,0.20005278,-32.31422786,-0.44311384,0.20491335,-32.15772284,-0.54289590,0.00184825,-0.04056252,-0.00241483,-0.00361334,-0.00499553,-0.00087415
5.450,0.83927565,0.09082521,2.92053501,0.31104698,-0.25741819,0.20915228,0.01916950,-0.01586442,0.01288984,0.83747131,0.13142810,2.92296364,0.31468562,-0.25252222,0.21003920,0.19760930,-32.32893955,-0.44582126,0.19760930,-32.32893955,-0.44582126,0.20248723,-32.17267928,-0.54565044,0.00180434,-0.04060289,-0.00242863,-0.00363864,-0.00489597,-0.00088692
5.460,0.84238707,0.08825024,2.92262718,0.31123696,-0.25757541,0.20928002,0.01882671,-0.01558073,0.01265934,0.84062678,0.12889259,2.92506966,0.31490087,-0.25277938,0.21017971,0.19515746,-32.34346584,-0.44853698,0.19515746,-32.34346584,-0.44853698,0.20005278,-32.18745242,-0.54841447,0.00176029,-0.04064235,-0.00244248,-0.00366391,-0.00479603,-0.00089969
5.470,0.84550038,0.08567371,2.92472061,0.31142351,-0.25772980,0.20940546,0.01848361,-0.01529678,0.01242863,0.84378426,0.12635461,2.92717698,0.31511266,-0.25303409,0.21031793,0.19269756,-32.35780605,-0.45126337,0.19269756,-32.35780605,-0.45126337,0.19760930,-32.20204044,-0.55118754,0.00171612,-0.04068090,-0.00245637,-0.00368915,-0.00469571,-0.00091247
5.480,0.84861553,0.08309565,2.92681528,0.31160663,-0.25788135,0.20952860,0.01814019,-0.01501257,0.01219772,0.84694372,0.12381418,2.92928560,0.31532098,-0.25328634,0.21045383,0.19022890,-32.37195876,-0.45399999,0.19022890,-32.37195876,-0.45399999,0.19515746,-32.21644430,-0.55396775,0.00167181,-0.04071853,-0.00247032,-0.00371435,-0.00459501,-0.00092523
5.490,0.85173250,0.08051609,2.92891117,0.31178631,-0.25803005,0.20964942,0.01779647,-0.01472811,0.01196659,0.85010512,0.12127132,2.93139548,0.31552583,-0.25353611,0.21058743,0.18775214,-32.38592260,-0.45674656,0.18775214,-32.38592260,-0.45674656,0.19269756,-32.23066332,-0.55675748,0.00162738,-0.04075523,-0.00248431,-0.00373952,-0.00449394,-0.00093801
5.500,0.85485125,0.07793506,2.93100826,0.31196256,-0.25817591,0.20976793,0.01745245,-0.01444341,0.01173527,0.85326844,0.11872607,2.93350660,0.31572721,-0.25378341,0.21071871,0.18526722,-32.39969689,-0.45950247,0.18526722,-32.39969689,-0.45950247,0.19022890,-32.24469611,-0.55955627,0.00158281,-0.04079101,-0.00249834,-0.00376465,-0.00439250,-0.00095078
5.510,0.85797174,0.07535259,2.93310652,0.31213536,-0.25831892,0.20988412,0.01710814,-0.01415846,0.01150375,0.85643362,0.11617844,2.93561895,0.31592510,-0.25402823,0.21084768,0.18277369,-32.41328026,-0.46226882,0.18277369,-32.41328026,-0.46226882,0.18775214,-32.25854126,-0.56236386,0.00153812,-0.04082585,-0.00251243,-0.00378974,-0.00429069,-0.00096356
5.520,0.86109394,0.07276869,2.93520593,0.31230472,-0.25845908,0.20999800,0.01676354,-0.01387327,0.01127203,0.85960065,0.11362847,2.93773249,0.31611951,-0.25427056,0.21097434,0.18027198,-32.42667574,-0.46504500,0.18027198,-32.42667574,-0.46504500,0.18526722,-32.27219812,-0.56517962,0.00149329,-0.04085978,-0.00252656,-0.00381479,-0.00418852,-0.00097634
5.530,0.86421782,0.07018341,2.93730647,0.31247063,-0.25859638,0.21010956,0.01641866,-0.01358785,0.01104013,0.86276948,0.11107617,2.93984721,0.31631042,-0.25451039,0.21109867,0.17776227,-32.43987800,-0.46783059,0.17776227,-32.43987800,-0.46783059,0.18277369,-32.28566532,-0.56800465,0.00144834,-0.04089276,-0.00254074,-0.00383979,-0.00408599,-0.00098911
5.540,0.86734334,0.06759677,2.93940812,0.31263309,-0.25873084,0.21021880,0.01607350,-0.01330221,0.01080804,0.86594008,0.10852157,2.94196308,0.31649784,-0.25474772,0.21122068,0.17524439,-32.45288874,-0.47062509,0.17524439,-32.45288874,-0.47062509,0.18027198,-32.29894588,-0.57083836,0.00140326,-0.04092480,-0.00255496,-0.00386475,-0.00398312,-0.00100188
5.550,0.87047047,0.06500881,2.94151084,0.31279210,-0.25886243,0.21032572,0.01572808,-0.01301634,0.01057577,0.86911242,0.10596470,2.94408007,0.31668175,-0.25498254,0.21134037,0.17271863,-32.46570394,-0.47343099,0.17271863,-32.46570394,-0.47343099,0.17776227,-32.31203449,-0.57368031,0.00135805,-0.04095589,-0.00256923,-0.00388965,-0.00387989,-0.00101465
5.560,0.87359918,0.06241954,2.94361463,0.31294765,-0.25899116,0.21043032,0.01538239,-0.01273025,0.01034333,0.87228645,0.10340559,2.94619817,0.31686216,-0.25521485,0.21145774,0.17018519,-32.47832697,-0.47624483,0.17018519,-32.47832697,-0.47624483,0.17524439,-32.32493285,-0.57653000,0.00131273,-0.04098605,-0.00258354,-0.00391451,-0.00377631,-0.00102742
5.570,0.87672942,0.05982899,2.94571944,0.31309975,-0.25911703,0.21053259,0.01503644,-0.01244395,0.01011071,0.87546215,0.10084424,2.94831735,0.31703906,-0.25544464,0.21157277,0.16764351,-32.49075693,-0.47907066,0.16764351,-32.49075693,-0.47907066,0.17271863,-32.33763694,-0.57938993,0.00126727,-0.04101525,-0.00259791,-0.00393931,-0.00367239,-0.00104018
5.580,0.87986116,0.05723720,2.94782527,0.31324838,-0.25924004,0.21063253,0.01469024,-0.01215744,0.00987792,0.87863948,0.09828071,2.95043759,0.31721244,-0.25567191,0.21168548,0.16509366,-32.50299085,-0.48190503,0.16509366,-32.50299085,-0.48190503,0.17018519,-32.35015012,-0.58225664,0.00122168,-0.04104351,-0.00261232,-0.00396406,-0.00356813,-0.00105295
5.590,0.88299437,0.05464420,2.94993208,0.31339355,-0.25936018,0.21073015,0.01434379,-0.01187073,0.00964497,0.88181839,0.09571500,2.95255886,0.31738230,-0.25589664,0.21179586,0.16253609,-32.51502745,-0.48475028,0.16253609,-32.51502745,-0.48475028,0.16764351,-32.36247151,-0.58513416,0.00117598,-0.04107080,-0.00262678,-0.00398875,-0.00346354,-0.00106571
5.600,0.88612902,0.05205001,2.95203986,0.31353526,-0.25947745,0.21082543,0.01399711,-0.01158381,0.00941185,0.88499887,0.09314715,2.95468114,0.31754864,-0.25611884,0.21190391,0.15997110,-32.52686781,-0.48760460,0.15997110,-32.52686781,-0.48760460,0.16509366,-32.37459814,-0.58801906,0.00113015,-0.04109714,-0.00264128,-0.00401338,-0.00335861,-0.00107848
5.610,0.88926506,0.04945466,2.95414859,0.31367349,-0.25959186,0.21091838,0.01365019,-0.01129671,0.00917858,0.88818087,0.09057717,2.95680440,0.31771144,-0.25633849,0.21200962,0.15739780,-32.53851140,-0.49046733,0.15739780,-32.53851140,-0.49046733,0.16253609,-32.38652873,-0.59091365,0.00108419,-0.04112251,-0.00265581,-0.00403795,-0.00325337,-0.00109124
5.620,0.89240248,0.04685818,2.95625822,0.31380826,-0.25970339,0.21100900,0.01330304,-0.01100941,0.00894515,0.89136436,0.08800510,2.95892863,0.31787071,-0.25655559,0.21211299,0.15481773,-32.54995663,-0.49334246,0.15481773,-32.54995663,-0.49334246,0.15997110,-32.39826437,-0.59381615,0.00103812,-0.04114692,-0.00267041,-0.00406245,-0.00314780,-0.00110399
5.630,0.89554122,0.04426060,2.95836876,0.31393955,-0.25981204,0.21109729,0.01295567,-0.01072193,0.00871157,0.89454929,0.08543096,2.96105381,0.31802644,-0.25677013,0.21221403,0.15222949,-32.56120258,-0.49622501,0.15222949,-32.56120258,-0.49622501,0.15739780,-32.40980452,-0.59672590,0.00099193,-0.04117036,-0.00268505,-0.00408689,-0.00304191,-0.00111674
5.640,0.89868126,0.04166195,2.96048016,0.31406737,-0.25991783,0.21118323,0.01260808,-0.01043428,0.00847785,0.89773564,0.08285478,2.96317989,0.31817863,-0.25698212,0.21231273,0.14963402,-32.57224911,-0.49911911,0.14963402,-32.57224911,-0.49911911,0.15481773,-32.42114760,-0.59964686,0.00094562,-0.04119283,-0.00269973,-0.00411126,-0.00293571,-0.00112950
5.650,0.90182255,0.03906226,2.96259241,0.31419171,-0.26002073,0.21126684,0.01226029,-0.01014644,0.00824399,0.90092338,0.08027659,2.96530688,0.31832727,-0.25719153,0.21240908,0.14703054,-32.58309427,-0.50202256,0.14703054,-32.58309427,-0.50202256,0.15222949,-32.43229269,-0.60257409,0.00089917,-0.04121433,-0.00271447,-0.00413556,-0.00282920,-0.00114224
5.660,0.90496508,0.03646155,2.96470549,0.31431258,-0.26012075,0.21134811,0.01191228,-0.00985844,0.00800998,0.90411245,0.07769640,2.96743473,0.31847235,-0.25739838,0.21250309,0.14442050,-32.59373959,-0.50493489,0.14442050,-32.59373959,-0.50493489,0.14963402,-32.44323965,-0.60551167,0.00085263,-0.04123485,-0.00272924,-0.00415977,-0.00272237,-0.00115498
5.670,0.90810879,0.03385985,2.96681937,0.31442996,-0.26021790,0.21142704,0.01156408,-0.00957027,0.00777585,0.90730284,0.07511424,2.96956342,0.31861388,-0.25760264,0.21259475,0.14180248,-32.60418461,-0.50785705,0.14180248,-32.60418461,-0.50785705,0.14703054,-32.45398656,-0.60845743,0.00080595,-0.04125439,-0.00274405,-0.00418392,-0.00261526,-0.00116771
5.680,0.91125367,0.03125720,2.96893402,0.31454386,-0.26031216,0.21150363,0.01121568,-0.00928195,0.00754158,0.91049449,0.07253015,2.97169294,0.31875184,-0.25780431,0.21268407,0.13917795,-32.61442577,-0.51079002,0.13917795,-32.61442577,-0.51079002,0.14442050,-32.46453492,-0.61141090,0.00075918,-0.04127295,-0.00275892,-0.00420798,-0.00250785,-0.00118044
5.690,0.91439966,0.02865362,2.97104943,0.31465427,-0.26040354,0.21157787,0.01086710,-0.00899346,0.00730719,0.91368739,0.06994414,2.97382326,0.31888624,-0.25800340,0.21277104,0.13654562,-32.62446459,-0.51373189,0.13654562,-32.62446459,-0.51373189,0.14180248,-32.47488428,-0.61437302,0.00071227,-0.04129052,-0.00277383,-0.00423197,-0.00240014,-0.00119317
5.700,0.91754674,0.02604914,2.97316557,0.31476120,-0.26049203,0.21164977,0.01051834,-0.00870483,0.00707267,0.91688148,0.06735625,2.97595436,0.31901707,-0.25819989,0.21285565,0.13390644,-32.63429992,-0.51668348,0.13390644,-32.63429992,-0.51668348,0.13917795,-32.48503110,-0.61734477,0.00066526,-0.04130711,-0.00278879,-0.00425587,-0.00229214,-0.00120588
5.710,0.92069487,0.02344379,2.97528242,0.31486464,-0.26057763,0.21171933,0.01016940,-0.00841605,0.00683804,0.92007674,0.06476649,2.97808621,0.31914433,-0.25839377,0.21293791,0.13126014,-32.64393096,-0.51964423,0.13126014,-32.64393096,-0.51964423,0.13654562,-32.49497688,-0.62032424,0.00061813,-0.04132270,-0.00280379,-0.00427969,-0.00218386,-0.00121858
5.720,0.92384402,0.02083759,2.97739995,0.31496459,-0.26066035,0.21178653,0.00982028,-0.00812713,0.00660329,0.92327313,0.06217491,2.98021878,0.31926800,-0.25858504,0.21301781,0.12860705,-32.65335928,-0.52261532,0.12860705,-32.65335928,-0.52261532,0.13390644,-32.50472049,-0.62331224,0.00057089,-0.04133732,-0.00281883,-0.00430341,-0.00207531,-0.00123128
5.730,0.92699415,0.01823059,2.97951814,0.31506104,-0.26074017,0.21185139,0.00947101,-0.00783808,0.00636844,0.92647062,0.05958151,2.98235206,0.31938809,-0.25877370,0.21309536,0.12594691,-32.66257939,-0.52559602,0.12594691,-32.66257939,-0.52559602,0.13126014,-32.51426112,-0.62630824,0.00052353,-0.04135092,-0.00283392,-0.00432705,-0.00196647,-0.00124397
5.740,0.93014523,0.01562280,2.98163697,0.31515401,-0.26081711,0.21191390,0.00912158,-0.00754889,0.00613347,0.92966916,0.05698633,2.98448602,0.31950460,-0.25895974,0.21317056,0.12328028,-32.67159518,-0.52858587,0.12328028,-32.67159518,-0.52858587,0.12860705,-32.52360035,-0.62931339,0.00047607,-0.04136353,-0.00284905,-0.00435059,-0.00185737,-0.00125666
5.750,0.93329722,0.01301426,2.98375641,0.31524347,-0.26089115,0.21197406,0.00877199,-0.00725958,0.00589841,0.93286872,0.05438940,2.98662064,0.31961751,-0.25914315,0.21324339,0.12060667,-32.68040323,-0.53158582,0.12060667,-32.68040323,-0.53158582,0.12594691,-32.53273269,-0.63232697,0.00042850,-0.04137514,-0.00286423,-0.00437404,-0.00174800,-0.00126933
5.760,0.93645009,0.01040499,2.98587645,0.31532945,-0.26096230,0.21203187,0.00842226,-0.00697015,0.00566324,0.93606927,0.05179073,2.98875589,0.31972683,-0.25932393,0.21331387,0.11792676,-32.68900513,-0.53459381,0.11792676,-32.68900513,-0.53459381,0.12328028,-32.54166204,-0.63534852,0.00038082,-0.04138574,-0.00287944,-0.00439738,-0.00163837,-0.00128200
5.770,0.93960380,0.00779502,2.98799704,0.31541192,-0.26103055,0.21208732,0.00807239,-0.00668060,0.00542799,0.93927077,0.04919037,2.99089176,0.31983255,-0.25950207,0.21338198,0.11524005,-32.69739979,-0.53761389,0.11524005,-32.69739979,-0.53761389,0.12060667,-32.55038498,-0.63837898,0.00033303,-0.04139535,-0.00289472,-0.00442063,-0.00152848,-0.00129466
5.780,0.94275831,0.00518439,2.99011818,0.31549089,-0.26109591,0.21214043,0.00772238,-0.00639094,0.00519264,0.94247318,0.04658833,2.99302821,0.31993467,-0.25967757,0.21344774,0.11254651,-32.70558483,-0.54064237,0.11254651,-32.70558483,-0.54064237,0.11792676,-32.55890309,-0.64141631,0.00028513,-0.04140394,-0.00291003,-0.00444378,-0.00141834,-0.00130731
5.790,0.94591360,0.00257311,2.99223984,0.31556637,-0.26115837,0.21219118,0.00737225,-0.00610117,0.00495720,0.94567646,0.04398464,2.99516522,0.32003318,-0.25985042,0.21351112,0.10984711,-32.71356317,-0.54368031,0.10984711,-32.71356317,-0.54368031,0.11524005,-32.56721531,-0.64446454,0.00023714,-0.04141153,-0.00292538,-0.00446681,-0.00130795,-0.00131994
5.800,0.94906963,-0.00003877,2.99436200,0.31563834,-0.26121793,0.21223957,0.00702199,-0.00581130,0.00472168,0.94888059,0.04137933,2.99730277,0.32012809,-0.26002062,0.21357215,0.10714145,-32.72133013,-0.54672717,0.10714145,-32.72133013,-0.54672717,0.11254651,-32.57531923,-0.64751997,0.00018904,-0.04141810,-0.00294077,-0.00448975,-0.00119731,-0.00133258
5.810,0.95222636,-0.00265124,2.99648463,0.31570681,-0.26127460,0.21228561,0.00667161,-0.00552133,0.00448608,0.95208552,0.03877242,2.99944084,0.32021938,-0.26018815,0.21363080,0.10442951,-32.72888933,-0.54978379,0.10442951,-32.72888933,-0.54978379,0.10984711,-32.58321779,-0.65058370,0.00014084,-0.04142366,-0.00295621,-0.00451257,-0.00108645,-0.00134519
5.820,0.95538375,-0.00526425,2.99860770,0.31577177,-0.26132836,0.21232929,0.00632112,-0.00523128,0.00425041,0.95529123,0.03616394,3.00157940,0.32030705,-0.26035302,0.21368709,0.10171103,-32.73623538,-0.55285123,0.10171103,-32.73623538,-0.55285123,0.10714145,-32.59090632,-0.65365515,0.00009252,-0.04142819,-0.00297170,-0.00453528,-0.00097534,-0.00135780
5.830,0.95854178,-0.00787779,3.00073121,0.31583323,-0.26137922,0.21237062,0.00597053,-0.00494113,0.00401467,0.95849766,0.03355393,3.00371843,0.32039110,-0.26051521,0.21374102,0.09898696,-32.74337193,-0.55592586,0.09898696,-32.74337193,-0.55592586,0.10442951,-32.59838843,-0.65673518,0.00004412,-0.04143172,-0.00298722,-0.00455787,-0.00086401,-0.00137040
5.840,0.96170041,-0.01049183,3.00285511,0.31589118,-0.26142718,0.21240959,0.00561984,-0.00465090,0.00377886,0.96170479,0.03094239,3.00585790,0.32047152,-0.26067473,0.21379257,0.09625706,-32.75029836,-0.55901165,0.09625706,-32.75029836,-0.55901165,0.10171103,-32.60565874,-0.65982484,-0.00000438,-0.04143422,-0.00300279,-0.00458034,-0.00075245,-0.00138298
5.850,0.96485959,-0.01310633,3.00497939,0.31594562,-0.26147224,0.21244620,0.00526905,-0.00436060,0.00354298,0.96491257,0.02832937,3.00799779,0.32054832,-0.26083157,0.21384175,0.09352067,-32.75701198,-0.56210659,0.09352067,-32.75701198,-0.56210659,0.09898696,-32.61272089,-0.66292051,-0.00005298,-0.04143570,-0.00301840,-0.00460270,-0.00064067,-0.00139555
5.860,0.96801931,-0.01572126,3.00710403,0.31599656,-0.26151439,0.21248045,0.00491818,-0.00407022,0.00330705,0.96812098,0.02571489,3.01013808,0.32062149,-0.26098571,0.21388856,0.09077927,-32.76351177,-0.56521011,0.09077927,-32.76351177,-0.56521011,0.09625706,-32.61957428,-0.66602615,-0.00010167,-0.04143615,-0.00303405,-0.00462493,-0.00052868,-0.00140811
5.870,0.97117951,-0.01833661,3.00922899,0.31604399,-0.26155364,0.21251234,0.00456722,-0.00377977,0.00307106,0.97132998,0.02309897,3.01227875,0.32069102,-0.26113717,0.21393300,0.08803159,-32.76980145,-0.56832464,0.08803159,-32.76980145,-0.56832464,0.09352067,-32.62621621,-0.66913975,-0.00015047,-0.04143558,-0.00304976,-0.00464703,-0.00041647,-0.00142066
5.880,0.97434018,-0.02095233,3.01135426,0.31608790,-0.26158999,0.21254187,0.00421619,-0.00348926,0.00283503,0.97453953,0.02048165,3.01441976,0.32075692,-0.26128592,0.21397507,0.08527888,-32.77587640,-0.57144811,0.08527888,-32.77587640,-0.57144811,0.09077927,-32.63264568,-0.67226075,-0.00019935,-0.04143398,-0.00306550,-0.00466902,-0.00030407,-0.00143320
5.890,0.97750126,-0.02356840,3.01347982,0.31612831,-0.26162343,0.21256904,0.00386509,-0.00319869,0.00259894,0.97774958,0.01786295,3.01656110,0.32081918,-0.26143197,0.21401476,0.08252024,-32.78173763,-0.57457993,0.08252024,-32.78173763,-0.57457993,0.08803159,-32.63886639,-0.67539155,-0.00024832,-0.04143135,-0.00308128,-0.00469087,-0.00019146,-0.00144572
5.900,0.98066273,-0.02618479,3.01560564,0.31616521,-0.26165396,0.21259385,0.00351392,-0.00290807,0.00236281,0.98096012,0.01524290,3.01870274,0.32087779,-0.26157531,0.21405207,0.07975639,-32.78738455,-0.57772100,0.07975639,-32.78738455,-0.57772100,0.08527888,-32.64487374,-0.67853011,-0.00029739,-0.04142769,-0.00309710,-0.00471258,-0.00007865,-0.00145822
5.910,0.98382455,-0.02880147,3.01773169,0.31619859,-0.26168159,0.21261629,0.00316270,-0.00261740,0.00212664,0.98417110,0.01262152,3.02084466,0.32093275,-0.26171593,0.21408701,0.07698708,-32.79281688,-0.58087239,0.07698708,-32.79281688,-0.58087239,0.08252024,-32.65066873,-0.68167584,-0.00034655,-0.04142299,-0.00311297,-0.00473416,0.00003434,-0.00147072
5.920,0.98698669,-0.03141841,3.01985795,0.31622846,-0.26170631,0.21263638,0.00281142,-0.00232669,0.00189044,0.98738248,0.00999885,3.02298683,0.32098407,-0.26185383,0.21411957,0.07421280,-32.79803368,-0.58403335,0.07421280,-32.79803368,-0.58403335,0.07975639,-32.65625078,-0.68482963,-0.00039579,-0.04141726,-0.00312888,-0.00475561,0.00014752,-0.00148319
5.930,0.99014911,-0.03403558,3.02198441,0.31625482,-0.26172813,0.21265410,0.00246009,-0.00203594,0.00165420,0.99059422,0.00737490,3.02512923,0.32103173,-0.26198901,0.21414975,0.07143340,-32.80303471,-0.58720197,0.07143340,-32.80303471,-0.58720197,0.07698708,-32.66161962,-0.68799253,-0.00044511,-0.04141048,-0.00314482,-0.00477691,0.00026088,-0.00149565
5.940,0.99331178,-0.03665296,3.02411103,0.31627766,-0.26174703,0.21266946,0.00210873,-0.00174515,0.00141794,0.99380630,0.00474971,3.02727184,0.32107574,-0.26212145,0.21417755,0.06864912,-32.80782074,-0.59038055,0.06864912,-32.80782074,-0.59038055,0.07421280,-32.66677429,-0.69116382,-0.00049452,-0.04140267,-0.00316081,-0.00479808,0.00037442,-0.00150809
5.950,0.99647465,-0.03927051,3.02623779,0.31629699,-0.26176303,0.21268246,0.00175733,-0.00145434,0.00118165,0.99701867,0.00212331,3.02941463,0.32111610,-0.26225116,0.21420296,0.06585944,-32.81238987,-0.59356856,0.06585944,-32.81238987,-0.59356856,0.07143340,-32.67171458,-0.69434158,-0.00054402,-0.04139382,-0.00317684,-0.00481911,0.00048813,-0.00152050
5.960,0.99963770,-0.04188821,3.02836467,0.31631281,-0.26177612,0.21269310,0.00140590,-0.00116350,0.00094534,1.00023130,-0.00050428,3.03155758,0.32115279,-0.26237812,0.21422600,0.06306523,-32.81674320,-0.59676542,0.06306523,-32.81674320,-0.59676542,0.06864912,-32.67644123,-0.69752811,-0.00059360,-0.04138393,-0.00319291,-0.00483998,0.00060200,-0.00153290
5.970,1.00280090,-0.04450603,3.03049164,0.31632511,-0.26178630,0.21270137,0.00105444,-0.00087264,0.00070902,1.00344415,-0.00313303,3.03370067,0.32118581,-0.26250233,0.21424666,0.06026673,-32.82088019,-0.59997216,0.06026673,-32.82088019,-0.59997216,0.06585944,-32.68095238,-0.70072287,-0.00064325,-0.04137300,-0.00320903,-0.00486070,0.00071603,-0.00154529
5.980,1.00596419,-0.04712393,3.03261869,0.31633390,-0.26179357,0.21270728,0.00070297,-0.00058177,0.00047269,1.00665718,-0.00576291,3.03584387,0.32121518,-0.26262380,0.21426493,0.05746293,-32.82479828,-0.60318661,0.05746293,-32.82479828,-0.60318661,0.06306523,-32.68524911,-0.70392530,-0.00069299,-0.04136102,-0.00322518,-0.00488128,0.00083023,-0.00155765
5.990,1.00912756,-0.04974189,3.03474578,0.31633917,-0.26179793,0.21271082,0.00035149,-0.00029089,0.00023635,1.00987036,-0.00839390,3.03798715,0.32124087,-0.26274250,0.21428082,0.05465505,-32.82849894,-0.60641127,0.05465505,-32.82849894,-0.60641127,0.06026673,-32.68933088,-0.70713641,-0.00074280,-0.04134799,-0.00324137,-0.00490170,0.00094457,-0.00157000
6.000,1.01229097,-0.05235988,3.03687290,0.31634093,-0.26179939,0.21271200,0.00000000,-0.00000000,0.00000000,1.01308365,-0.01102596,3.04013050,0.32126290,-0.26285844,0.21429433,0.05184309,-32.83198198,-0.60964402,0.05184309,-32.83198198,-0.60964402,0.05746293,-32.69319515,-0.71035404,-0.00079268,-0.04133392,-0.00325760,-0.00492197,0.00105905,-0.00158233
6.010,1.01545437,-0.05497787,3.03900001,0.31633917,-0.26179793,0.21271082,-0.00035149,0.00029089,-0.00023635,1.01629702,-0.01365907,3.04227389,0.32128125,-0.26297161,0.21430546,0.04902630,-32.83524621,-0.61288726,0.04902630,-32.83524621,-0.61288726,0.05465505,-32.69684337,-0.71358069,-0.00084265,-0.04131880,-0.00327388,-0.00494208,0.00117368,-0.00159464
6.020,1.01861774,-0.05759583,3.04112711,0.31633390,-0.26179357,0.21270728,-0.00070297,0.00058177,-0.00047269,1.01951042,-0.01629320,3.04441729,0.32129593,-0.26308201,0.21431421,0.04620564,-32.83829179,-0.61613746,0.04620564,-32.83829179,-0.61613746,0.05184309,-32.70027538,-0.71681424,-0.00089268,-0.04130263,-0.00329018,-0.00496203,0.00128844,-0.00160693
6.030,1.02178104,-0.06021373,3.04325415,0.31632511,-0.26178630,0.21270137,-0.00105444,0.00087264,-0.00070902,1.02272382,-0.01892833,3.04656069,0.32130693,-0.26318963,0.21432057,0.04338088,-32.84111790,-0.61939859,0.04338088,-32.84111790,-0.61939859,0.04902630,-32.70348996,-0.72005709,-0.00094278,-0.04128540,-0.00330654,-0.00498182,0.00140333,-0.00161920
6.040,1.02494423,-0.06283154,3.04538113,0.31631281,-0.26177612,0.21269310,-0.00140590,0.00116350,-0.00094534,1.02593718,-0.02156442,3.04870406,0.32131426,-0.26329447,0.21432455,0.04055198,-32.84372402,-0.62266705,0.04055198,-32.84372402,-0.62266705,0.04620564,-32.70648730,-0.72330570,-0.00099295,-0.04126712,-0.00332293,-0.00500145,0.00151835,-0.00163145
6.050,1.02810728,-0.06544924,3.04750801,0.31629699,-0.26176303,0.21268246,-0.00175733,0.00145434,-0.00118165,1.02915047,-0.02420145,3.05084736,0.32131790,-0.26339652,0.21432614,0.03771920,-32.84611171,-0.62594532,0.03771920,-32.84611171,-0.62594532,0.04338088,-32.70926657,-0.72656406,-0.00104319,-0.04124779,-0.00333935,-0.00502091,0.00163349,-0.00164368
6.060,1.03127016,-0.06806679,3.04963477,0.31627766,-0.26174703,0.21266946,-0.00210873,0.00174515,-0.00141794,1.03236364,-0.02683938,3.05299059,0.32131786,-0.26349577,0.21432536,0.03488301,-32.84827849,-0.62923277,0.03488301,-32.84827849,-0.62923277,0.04055198,-32.71182726,-0.72982855,-0.00109348,-0.04122741,-0.00335582,-0.00504020,0.00174874,-0.00165590
6.070,1.03443282,-0.07068417,3.05176139,0.31625482,-0.26172813,0.21265410,-0.00246009,0.00203594,-0.00165420,1.03557667,-0.02947820,3.05513372,0.32131414,-0.26359223,0.21432219,0.03204278,-32.85022624,-0.63252883,0.03204278,-32.85022624,-0.63252883,0.03771920,-32.71417091,-0.73310167,-0.00114385,-0.04120597,-0.00337233,-0.00505932,0.00186410,-0.00166809
6.080,1.03759524,-0.07330135,3.05388784,0.31622846,-0.26170631,0.21263638,-0.00281142,0.00232669,-0.00189044,1.03878952,-0.03211787,3.05727672,0.32130673,-0.26368588,0.21431664,0.02919926,-32.85195383,-0.63583440,0.02919926,-32.85195383,-0.63583440,0.03488301,-32.71629507,-0.73638277,-0.00119428,-0.04118348,-0.00338888,-0.00507827,0.00197957,-0.00168026
6.090,1.04075738,-0.07591829,3.05601411,0.31619859,-0.26168159,0.21261629,-0.00316270,0.00261740,-0.00212664,1.04200214,-0.03475836,3.05941957,0.32129564,-0.26377673,0.21430871,0.02635242,-32.85345950,-0.63914752,0.02635242,-32.85345950,-0.63914752,0.03204278,-32.71820161,-0.73967128,-0.00124476,-0.04115993,-0.00340546,-0.00509705,0.00209514,-0.00169242
6.100,1.04391920,-0.07853497,3.05814016,0.31616521,-0.26165396,0.21259385,-0.00351392,0.00290807,-0.00236281,1.04521451,-0.03739965,3.06156224,0.32128085,-0.26386476,0.21429839,0.02350212,-32.85474446,-0.64247039,0.02350212,-32.85474446,-0.64247039,0.02919926,-32.71988940,-0.74296812,-0.00129531,-0.04113532,-0.00342208,-0.00511564,0.00221080,-0.00170454
6.110,1.04708067,-0.08115136,3.06026598,0.31612831,-0.26162343,0.21256904,-0.00386509,0.00319869,-0.00259894,1.04842658,-0.04004170,3.06370472,0.32126238,-0.26394997,0.21428568,0.02064862,-32.85580863,-0.64580116,0.02064862,-32.85580863,-0.64580116,0.02635242,-32.72135670,-0.74627131,-0.00134591,-0.04110966,-0.00343874,-0.00513407,0.00232654,-0.00171664
6.120,1.05024176,-0.08376743,3.06239153,0.31608790,-0.26158999,0.21254187,-0.00421619,0.00348926,-0.00283503,1.05163831,-0.04268450,3.06584697,0.32124021,-0.26403236,0.21427059,0.01779239,-32.85665126,-0.64914216,0.01779239,-32.85665126,-0.64914216,0.02350212,-32.72260470,-0.74958305,-0.00139655,-0.04108293,-0.00345544,-0.00515231,0.00244237,-0.00172872
6.130,1.05340242,-0.08638315,3.06451681,0.31604399,-0.26155364,0.21251234,-0.00456722,0.00377977,-0.00307106,1.05484968,-0.04532800,3.06798898,0.32121436,-0.26411192,0.21425312,0.01493291,-32.85727192,-0.65248983,0.01493291,-32.85727192,-0.65248983,0.02064862,-32.72363333,-0.75290152,-0.00144726,-0.04105515,-0.00347217,-0.00517037,0.00255828,-0.00174078
6.140,1.05656262,-0.08899849,3.06664177,0.31599656,-0.26151439,0.21248045,-0.00491818,0.00407022,-0.00330705,1.05806064,-0.04797219,3.07013072,0.32118480,-0.26418864,0.21423326,0.01207030,-32.85767057,-0.65584805,0.01207030,-32.85767057,-0.65584805,0.01779239,-32.72444185,-0.75622900,-0.00149802,-0.04102630,-0.00348895,-0.00518824,0.00267425,-0.00175281
6.150,1.05972234,-0.09161343,3.06876641,0.31594562,-0.26147224,0.21244620,-0.00526905,0.00436060,-0.00354298,1.06127116,-0.05061703,3.07227216,0.32115156,-0.26426254,0.21421102,0.00920554,-32.85784880,-0.65921331,0.00920554,-32.85784880,-0.65921331,0.01493291,-32.72502981,-0.75956197,-0.00154882,-0.04099640,-0.00350575,-0.00520594,0.00279030,-0.00176482
6.160,1.06288152,-0.09422793,3.07089069,0.31589118,-0.26142718,0.21240959,-0.00561984,0.00465090,-0.00377886,1.06448120,-0.05326250,3.07441329,0.32111462,-0.26433358,0.21418639,0.00633761,-32.85780392,-0.66258800,0.00633761,-32.85780392,-0.66258800,0.01207030,-32.72539720,-0.76290430,-0.00159968,-0.04096543,-0.00352260,-0.00522344,0.00290640,-0.00177680
6.170,1.06604015,-0.09684196,3.07301459,0.31583323,-0.26137922,0.21237062,-0.00597053,0.00494113,-0.00401467,1.06769072,-0.05590857,3.07655407,0.32107398,-0.26440178,0.21415938,0.00346775,-32.85753585,-0.66597158,0.00346775,-32.85753585,-0.66597158,0.00920554,-32.72554561,-0.76625249,-0.00165057,-0.04093339,-0.00353948,-0.00524075,0.00302256,-0.00178876
6.180,1.06919818,-0.09945550,3.07513809,0.31577177,-0.26132836,0.21232929,-0.00632112,0.00523128,-0.00425041,1.07089969,-0.05855520,3.07869449,0.32102964,-0.26446713,0.21412999,0.00059533,-32.85704623,-0.66936348,0.00059533,-32.85704623,-0.66936348,0.00633761,-32.72547233,-0.76960890,-0.00170151,-0.04090030,-0.00355640,-0.00525787,0.00313877,-0.00180070
6.190,1.07235557,-0.10206852,3.07726117,0.31570681,-0.26127460,0.21228561,-0.00667161,0.00552133,-0.00448608,1.07410806,-0.06120237,3.08083452,0.32098160,-0.26452963,0.21409820,-0.00227970,-32.85633472,-0.67276302,-0.00227970,-32.85633472,-0.67276302,0.00346775,-32.72517730,-0.77297301,-0.00175249,-0.04086615,-0.00357335,-0.00527479,0.00325503,-0.00181259
6.200,1.07551230,-0.10468098,3.07938380,0.31563834,-0.26121793,0.21223957,-0.00702199,0.00581130,-0.00472168,1.07731581,-0.06385005,3.08297413,0.32092987,-0.26458926,0.21406404,-0.00515658,-32.85539862,-0.67617120,-0.00515658,-32.85539862,-0.67617120,0.00059533,-32.72466215,-0.77634426,-0.00180351,-0.04083093,-0.00359033,-0.00529153,0.00337133,-0.00182447
6.210,1.07866833,-0.10729287,3.08150595,0.31556637,-0.26115837,0.21219118,-0.00737225,0.00610117,-0.00495720,1.08052289,-0.06649821,3.08511331,0.32087444,-0.26464602,0.21402749,-0.00803534,-32.85424226,-0.67958891,-0.00803534,-32.85424226,-0.67958891,-0.00227970,-32.72392656,-0.77972194,-0.00185456,-0.04079466,-0.00360736,-0.00530807,0.00348765,-0.00183631
6.220,1.08182362,-0.10990414,3.08362761,0.31549089,-0.26109591,0.21214043,-0.00772238,0.00639094,-0.00519264,1.08372927,-0.06914683,3.08725203,0.32081530,-0.26469992,0.21398856,-0.01091626,-32.85286097,-0.68301419,-0.01091626,-32.85286097,-0.68301419,-0.00515658,-32.72296782,-0.78310709,-0.00190565,-0.04075731,-0.00362442,-0.00532441,0.00360401,-0.00184813
6.230,1.08497813,-0.11251478,3.08574875,0.31541192,-0.26103055,0.21208732,-0.00807239,0.00668060,-0.00542799,1.08693491,-0.07179587,3.08939026,0.32075247,-0.26475094,0.21394725,-0.01379922,-32.85125840,-0.68644795,-0.01379922,-32.85125840,-0.68644795,-0.00803534,-32.72179026,-0.78650056,-0.00195678,-0.04071891,-0.00364151,-0.00534055,0.00372039,-0.00185993
6.240,1.08813184,-0.11512474,3.08786935,0.31532945,-0.26096230,0.21203187,-0.00842226,0.00697015,-0.00566324,1.09013977,-0.07444530,3.09152798,0.32068594,-0.26479908,0.21390355,-0.01668351,-32.84943059,-0.68988944,-0.01668351,-32.84943059,-0.68988944,-0.01091626,-32.72038922,-0.78990042,-0.00200793,-0.04067944,-0.00365863,-0.00535649,0.00383678,-0.00187168
6.250,1.09128471,-0.11773401,3.08998938,0.31524347,-0.26089115,0.21197406,-0.00877199,0.00725958,-0.00589841,1.09334382,-0.07709511,3.09366518,0.32061570,-0.26484434,0.21385747,-0.01956939,-32.84738085,-0.69333978,-0.01956939,-32.84738085,-0.69333978,-0.01379922,-32.71876834,-0.79330757,-0.00205911,-0.04063890,-0.00367580,-0.00537223,0.00395319,-0.00188341
6.260,1.09443670,-0.12034256,3.09210882,0.31515401,-0.26081711,0.21191390,-0.00912158,0.00754889,-0.00613347,1.09654702,-0.07974524,3.09580181,0.32054177,-0.26488671,0.21380901,-0.02245664,-32.84510925,-0.69679836,-0.02245664,-32.84510925,-0.69679836,-0.01668351,-32.71692368,-0.79672125,-0.00211032,-0.04059732,-0.00369299,-0.00538776,0.00406960,-0.00189511
6.270,1.09758778,-0.12295034,3.09422765,0.31506104,-0.26074017,0.21185139,-0.00947101,0.00783808,-0.00636844,1.09974933,-0.08239569,3.09793787,0.32046413,-0.26492619,0.21375817,-0.02534528,-32.84261112,-0.70026459,-0.02534528,-32.84261112,-0.70026459,-0.01956939,-32.71485854,-0.80014261,-0.00216155,-0.04055465,-0.00371022,-0.00540309,0.00418602,-0.00190678
6.280,1.10073791,-0.12555735,3.09634584,0.31496459,-0.26066035,0.21178653,-0.00982028,0.00812713,-0.00660329,1.10295072,-0.08504641,3.10007332,0.32038280,-0.26496277,0.21370496,-0.02823511,-32.83989286,-0.70373944,-0.02823511,-32.83989286,-0.70373944,-0.02245664,-32.71257299,-0.80357101,-0.00221281,-0.04051094,-0.00372748,-0.00541821,0.00430242,-0.00191843
6.290,1.10388706,-0.12816354,3.09846338,0.31486464,-0.26057763,0.21171933,-0.01016940,0.00841605,-0.00683804,1.10615115,-0.08769739,3.10220815,0.32029776,-0.26499645,0.21364936,-0.03112601,-32.83694950,-0.70722075,-0.03112601,-32.83694950,-0.70722075,-0.02534528,-32.71006238,-0.80700588,-0.00226409,-0.04046615,-0.00374477,-0.00543312,0.00441882,-0.00193003
6.300,1.10703519,-0.13076889,3.10058022,0.31476120,-0.26049203,0.21164977,-0.01051834,0.00870483,-0.00707267,1.10935058,-0.09034859,3.10434232,0.32020902,-0.26502722,0.21359138,-0.03401801,-32.83378344,-0.71071267,-0.03401801,-32.83378344,-0.71071267,-0.02823511,-32.70733308,-0.81044817,-0.00231539,-0.04042030,-0.00376210,-0.00544782,0.00453519,-0.00194161
6.310,1.11018227,-0.13337337,3.10269636,0.31465427,-0.26040354,0.21157787,-0.01086710,0.00899346,-0.00730719,1.11254897,-0.09299997,3.10647582,0.32011659,-0.26505509,0.21353104,-0.03691078,-32.83039404,-0.71421153,-0.03691078,-32.83039404,-0.71421153,-0.03112601,-32.70438015,-0.81389574,-0.00236670,-0.04037340,-0.00377946,-0.00546232,0.00465155,-0.00195317
6.320,1.11332827,-0.13597695,3.10481177,0.31454386,-0.26031216,0.21150363,-0.01121568,0.00928195,-0.00754158,1.11574629,-0.09565152,3.10860862,0.32002045,-0.26508005,0.21346831,-0.03980384,-32.82678106,-0.71771821,-0.03980384,-32.82678106,-0.71771821,-0.03401801,-32.70120599,-0.81735274,-0.00241802,-0.04032543,-0.00379685,-0.00547659,0.00476789,-0.00196468
6.330,1.11647314,-0.13857961,3.10692643,0.31442996,-0.26021790,0.21142704,-0.01156408,0.00957027,-0.00777585,1.11894250,-0.09830320,3.11074070,0.31992061,-0.26510208,0.21340321,-0.04269799,-32.82294658,-0.72123227,-0.04269799,-32.82294658,-0.72123227,-0.03691078,-32.69780994,-0.82081548,-0.00246936,-0.04027641,-0.00381427,-0.00549065,0.00488418,-0.00197617
6.340,1.11961685,-0.14118130,3.10904031,0.31431258,-0.26012075,0.21134811,-0.01191228,0.00985844,-0.00800998,1.12213757,-0.10095499,3.11287204,0.31981708,-0.26512120,0.21333574,-0.04559275,-32.81888600,-0.72475458,-0.04559275,-32.81888600,-0.72475458,-0.03980384,-32.69419179,-0.82428487,-0.00252072,-0.04022631,-0.00383173,-0.00550450,0.00500045,-0.00198763
6.350,1.12275938,-0.14378201,3.11115338,0.31419171,-0.26002073,0.21126684,-0.01226029,0.01014644,-0.00824399,1.12533145,-0.10360685,3.11500260,0.31970985,-0.26513739,0.21326590,-0.04848742,-32.81460374,-0.72828614,-0.04848742,-32.81460374,-0.72828614,-0.04269799,-32.69035360,-0.82776045,-0.00257207,-0.04017516,-0.00384922,-0.00551814,0.00511666,-0.00199906
6.360,1.12590068,-0.14638171,3.11326563,0.31406737,-0.25991783,0.21118323,-0.01260808,0.01043428,-0.00847785,1.12852411,-0.10625875,3.11713237,0.31959892,-0.26515065,0.21319368,-0.05138240,-32.81009924,-0.73182490,-0.05138240,-32.81009924,-0.73182490,-0.04559275,-32.68629079,-0.83124310,-0.00262343,-0.04012296,-0.00386674,-0.00553155,0.00523282,-0.00201045
6.370,1.12904071,-0.14898036,3.11537704,0.31393955,-0.25981204,0.21109729,-0.01295567,0.01072193,-0.00871157,1.13171551,-0.10891067,3.11926132,0.31948430,-0.26516097,0.21311910,-0.05427799,-32.80536992,-0.73537019,-0.05427799,-32.80536992,-0.73537019,-0.04848742,-32.68200777,-0.83473381,-0.00267480,-0.04006969,-0.00388428,-0.00554475,0.00534893,-0.00202181
6.380,1.13217946,-0.15157794,3.11748757,0.31380826,-0.25970339,0.21100900,-0.01330304,0.01100941,-0.00894515,1.13490562,-0.11156258,3.12138944,0.31936599,-0.26516836,0.21304214,-0.05717273,-32.80041860,-0.73892465,-0.05717273,-32.80041860,-0.73892465,-0.05138240,-32.67750398,-0.83823054,-0.00272616,-0.04001536,-0.00390187,-0.00555773,0.00546497,-0.00203314
6.390,1.13531687,-0.15417442,3.11959721,0.31367349,-0.25959186,0.21091838,-0.01365019,0.01129671,-0.00917858,1.13809440,-0.11421444,3.12351669,0.31924398,-0.26517281,0.21296281,-0.06006792,-32.79524435,-0.74248609,-0.06006792,-32.79524435,-0.74248609,-0.05427799,-32.67277684,-0.84173261,-0.00277753,-0.03995998,-0.00391948,-0.00557049,0.00558095,-0.00204443
6.400,1.13845291,-0.15676977,3.12170593,0.31353526,-0.25947745,0.21082543,-0.01399711,0.01158381,-0.00941185,1.14128181,-0.11686623,3.12564305,0.31911827,-0.26517431,0.21288112,-0.06296298,-32.78984697,-0.74605544,-0.06296298,-32.78984697,-0.74605544,-0.05717273,-32.66782919,-0.84524267,-0.00282890,-0.03990354,-0.00393712,-0.00558301,0.00569686,-0.00205569
6.410,1.14158756,-0.15936396,3.12381371,0.31339355,-0.25936018,0.21073015,-0.01434379,0.01187073,-0.00964497,1.14446782,-0.11951791,3.12776849,0.31898888,-0.26517286,0.21279706,-0.06585732,-32.78422695,-0.74963220,-0.06585732,-32.78422695,-0.74963220,-0.06006792,-32.66266009,-0.84875852,-0.00288026,-0.03984605,-0.00395478,-0.00559533,0.00581268,-0.00206691
6.420,1.14472077,-0.16195696,3.12592053,0.31324838,-0.25924004,0.21063253,-0.01469024,0.01215744,-0.00987792,1.14765239,-0.12216946,3.12989301,0.31885580,-0.26516846,0.21271063,-0.06875137,-32.77838374,-0.75321591,-0.06875137,-32.77838374,-0.75321591,-0.06296298,-32.65726934,-0.85228111,-0.00293162,-0.03978750,-0.00397248,-0.00560742,0.00592842,-0.00207810
6.430,1.14785252,-0.16454875,3.12802636,0.31309975,-0.25911703,0.21053259,-0.01503644,0.01244395,-0.01011071,1.15083547,-0.12482085,3.13201656,0.31871903,-0.26516111,0.21262183,-0.07164432,-32.77231915,-0.75680736,-0.07164432,-32.77231915,-0.75680736,-0.06585732,-32.65165743,-0.85580992,-0.00298295,-0.03972790,-0.00399020,-0.00561928,0.00604408,-0.00208924
6.440,1.15098276,-0.16713929,3.13013117,0.31294765,-0.25899116,0.21043032,-0.01538239,0.01273025,-0.01034333,1.15401705,-0.12747205,3.13413913,0.31857857,-0.26515079,0.21253068,-0.07453695,-32.76603133,-0.76040765,-0.07453695,-32.76603133,-0.76040765,-0.06875137,-32.64582382,-0.85934451,-0.00303429,-0.03966724,-0.00400796,-0.00563092,0.00615963,-0.00210036
6.450,1.15411146,-0.16972856,3.13223495,0.31279210,-0.25886243,0.21032572,-0.01572808,0.01301634,-0.01057577,1.15719707,-0.13012303,3.13626070,0.31843443,-0.26513751,0.21243716,-0.07742871,-32.75952211,-0.76401477,-0.07742871,-32.75952211,-0.76401477,-0.07164432,-32.63977032,-0.86288566,-0.00308561,-0.03960553,-0.00402575,-0.00564233,0.00627508,-0.00211144
6.460,1.15723859,-0.17231653,3.13433768,0.31263309,-0.25873084,0.21021880,-0.01607350,0.01330221,-0.01080804,1.16037550,-0.13277375,3.13838124,0.31828661,-0.26512126,0.21234128,-0.08031940,-32.75279132,-0.76762805,-0.08031940,-32.75279132,-0.76762805,-0.07453695,-32.63349508,-0.86643446,-0.00313691,-0.03954278,-0.00404356,-0.00565352,0.00639042,-0.00212248
6.470,1.16036411,-0.17490317,3.13643932,0.31247063,-0.25859638,0.21010956,-0.01641866,0.01358785,-0.01104013,1.16355230,-0.13542420,3.14050072,0.31813510,-0.26510203,0.21224303,-0.08320909,-32.74583846,-0.77124997,-0.08320909,-32.74583846,-0.77124997,-0.07742871,-32.62699992,-0.86998892,-0.00318819,-0.03947897,-0.00406140,-0.00566447,0.00650565,-0.00213347
6.480,1.16348799,-0.17748845,3.13853986,0.31230472,-0.25845908,0.20999800,-0.01676354,0.01387327,-0.01127203,1.16672745,-0.13807433,3.14261913,0.31797992,-0.26507984,0.21214243,-0.08609745,-32.73866438,-0.77487854,-0.08609745,-32.73866438,-0.77487854,-0.08031940,-32.62028470,-0.87354837,-0.00323946,-0.03941412,-0.00407927,-0.00567520,0.00662076,-0.00214443
6.490,1.16661019,-0.18007234,3.14063927,0.31213536,-0.25831892,0.20988412,-0.01710814,0.01415846,-0.01150375,1.16990089,-0.14072412,3.14473643,0.31782106,-0.26505466,0.21203947,-0.08898468,-32.73126823,-0.77851474,-0.08898468,-32.73126823,-0.77851474,-0.08320909,-32.61334889,-0.87711527,-0.00329070,-0.03934822,-0.00409716,-0.00568570,0.00673574,-0.00215535
6.500,1.16973068,-0.18265482,3.14273754,0.31196256,-0.25817591,0.20976793,-0.01745245,0.01444341,-0.01173527,1.17307260,-0.14337354,3.14685261,0.31765852,-0.26502650,0.21193416,-0.09187035,-32.72365221,-0.78215645,-0.09187035,-32.72365221,-0.78215645,-0.08609745,-32.60619337,-0.88068765,-0.00334192,-0.03928128,-0.00411507,-0.00569596,0.00685059,-0.00216623
6.510,1.17284943,-0.18523585,3.14483463,0.31178631,-0.25803005,0.20964942,-0.01779647,0.01472811,-0.01196659,1.17624254,-0.14602256,3.14896765,0.31749232,-0.26499536,0.21182648,-0.09475427,-32.71581418,-0.78580627,-0.09475427,-32.71581418,-0.78580627,-0.08898468,-32.59881727,-0.88426647,-0.00339311,-0.03921329,-0.00413302,-0.00570601,0.00696531,-0.00217706
6.520,1.17596640,-0.18781541,3.14693052,0.31160663,-0.25788135,0.20952860,-0.01814019,0.01501257,-0.01219772,1.17941067,-0.14867115,3.15108151,0.31732244,-0.26496122,0.21171646,-0.09763638,-32.70775631,-0.78946365,-0.09763638,-32.70775631,-0.78946365,-0.09187035,-32.59122280,-0.88784965,-0.00344427,-0.03914426,-0.00415099,-0.00571581,0.00707987,-0.00218786
6.530,1.17908155,-0.19039347,3.14902519,0.31142351,-0.25772980,0.20940546,-0.01848361,0.01529678,-0.01242863,1.18257695,-0.15131928,3.15319418,0.31714889,-0.26492410,0.21160409,-0.10051702,-32.69947811,-0.79312819,-0.10051702,-32.69947811,-0.79312819,-0.09475427,-32.58340782,-0.89143976,-0.00349540,-0.03907419,-0.00416899,-0.00572538,0.00719430,-0.00219863
6.540,1.18219486,-0.19297000,3.15111862,0.31123696,-0.25757541,0.20928002,-0.01882671,0.01558073,-0.01265934,1.18574135,-0.15396691,3.15530564,0.31697168,-0.26488398,0.21148937,-0.10339527,-32.69097982,-0.79679920,-0.10339527,-32.69097982,-0.79679920,-0.09763638,-32.57537450,-0.89503625,-0.00354649,-0.03900309,-0.00418702,-0.00573472,0.00730857,-0.00220935
6.550,1.18530628,-0.19554497,3.15321078,0.31104698,-0.25741819,0.20915228,-0.01916950,0.01586442,-0.01288984,1.18890383,-0.15661403,3.15741585,0.31679081,-0.26484086,0.21137231,-0.10627181,-32.68226164,-0.80047765,-0.10627181,-32.68226164,-0.80047765,-0.10051702,-32.56712236,-0.89863874,-0.00359755,-0.03893094,-0.00420507,-0.00574383,0.00742267,-0.00222003
6.560,1.18841579,-0.19811835,3.15530166,0.31085357,-0.25725813,0.20902223,-0.01951197,0.01614784,-0.01312012,1.19206436,-0.15926059,3.15952479,0.31660628,-0.26479474,0.21125289,-0.10914586,-32.67332310,-0.80416166,-0.10914586,-32.67332310,-0.80416166,-0.10339527,-32.55865163,-0.90224652,-0.00364857,-0.03885776,-0.00422313,-0.00575271,0.00753661,-0.00223066
6.570,1.19152334,-0.20069012,3.15739122,0.31065674,-0.25709523,0.20888988,-0.01985411,0.01643099,-0.01335018,1.19522289,-0.16190657,3.16163245,0.31641809,-0.26474561,0.21113114,-0.11201801,-32.66416610,-0.80785363,-0.11201801,-32.66416610,-0.80785363,-0.10627181,-32.54996252,-0.90586058,-0.00369955,-0.03878355,-0.00424123,-0.00576135,0.00765038,-0.00224126
6.580,1.19462891,-0.20326024,3.15947945,0.31045649,-0.25692951,0.20875523,-0.02019592,0.01671386,-0.01358001,1.19837940,-0.16455195,3.16373880,0.31622625,-0.26469348,0.21100704,-0.11488746,-32.65478921,-0.81155162,-0.11488746,-32.65478921,-0.81155162,-0.10914586,-32.54105456,-0.90947903,-0.00375049,-0.03870829,-0.00425935,-0.00576976,0.00776397,-0.00225181
6.590,1.19773246,-0.20582870,3.16156632,0.31025282,-0.25676096,0.20861828,-0.02053738,0.01699645,-0.01380962,1.20153384,-0.16719667,3.16584381,0.31603075,-0.26463833,0.21088060,-0.11775443,-32.64519599,-0.81525661,-0.11775443,-32.64519599,-0.81525661,-0.11201801,-32.53192965,-0.91310427,-0.00380138,-0.03863203,-0.00427749,-0.00577793,0.00787737,-0.00226232
6.600,1.20083395,-0.20839545,3.16365180,0.31004574,-0.25658958,0.20847903,-0.02087850,0.01727876,-0.01403899,1.20468618,-0.16984073,3.16794747,0.31583161,-0.26458017,0.21075182,-0.12061902,-32.63538233,-0.81896966,-0.12061902,-32.63538233,-0.81896966,-0.11488746,-32.52258636,-0.91673436,-0.00385223,-0.03855472,-0.00429567,-0.00578587,0.00799059,-0.00227279
6.610,1.20393336,-0.21096048,3.16573589,0.30983525,-0.25641538,0.20833750,-0.02121927,0.01756077,-0.01426813,1.20783639,-0.17248409,3.17004974,0.31562883,-0.26451900,0.21062071,-0.12348043,-32.62535246,-0.82268710,-0.12348043,-32.62535246,-0.82268710,-0.11775443,-32.51302825,-0.92037030,-0.00390303,-0.03847639,-0.00431385,-0.00579358,0.00810362,-0.00228321
6.620,1.20703065,-0.21352375,3.16781855,0.30962136,-0.25623837,0.20819367,-0.02155968,0.01784249,-0.01449703,1.21098442,-0.17512671,3.17215061,0.31542240,-0.26445480,0.21048726,-0.12633878,-32.61510469,-0.82641159,-0.12633878,-32.61510469,-0.82641159,-0.12061902,-32.50325122,-0.92401312,-0.00395377,-0.03839704,-0.00433206,-0.00580104,0.00821643,-0.00229359
6.630,1.21012578,-0.21608524,3.16989975,0.30940406,-0.25605853,0.20804756,-0.02189973,0.01812391,-0.01472568,1.21413024,-0.17776857,3.17425005,0.31521234,-0.26438758,0.21035148,-0.12919440,-32.60464018,-0.83014402,-0.12919440,-32.60464018,-0.83014402,-0.12348043,-32.49325950,-0.92765917,-0.00400446,-0.03831667,-0.00435030,-0.00580828,0.00832905,-0.00230392
6.640,1.21321872,-0.21864491,3.17197949,0.30918336,-0.25587589,0.20789916,-0.02223941,0.01840503,-0.01495408,1.21727382,-0.18040963,3.17634804,0.31499864,-0.26431733,0.21021337,-0.13204690,-32.59395790,-0.83388104,-0.13204690,-32.59395790,-0.83388104,-0.12633878,-32.48305139,-0.93131111,-0.00405510,-0.03823528,-0.00436855,-0.00581528,0.00844144,-0.00231421
6.650,1.21630943,-0.22120275,3.17405773,0.30895927,-0.25569043,0.20774848,-0.02257871,0.01868583,-0.01518224,1.22041511,-0.18304988,3.17844456,0.31478131,-0.26424406,0.21007293,-0.13489640,-32.58306106,-0.83762504,-0.13489640,-32.58306106,-0.83762504,-0.12919440,-32.47262806,-0.93496983,-0.00410568,-0.03815287,-0.00438683,-0.00582204,0.00855363,-0.00232445
6.660,1.21939789,-0.22375871,3.17613445,0.30873179,-0.25550217,0.20759552,-0.02291763,0.01896632,-0.01541013,1.22355409,-0.18568926,3.18053958,0.31456035,-0.26416775,0.20993017,-0.13774212,-32.57194630,-0.84137560,-0.13774212,-32.57194630,-0.84137560,-0.13204690,-32.46198848,-0.93863197,-0.00415620,-0.03806945,-0.00440513,-0.00582856,0.00866558,-0.00233465
6.670,1.22248406,-0.22631278,3.17820963,0.30850092,-0.25531111,0.20744028,-0.02325617,0.01924649,-0.01563777,1.22669071,-0.18832777,3.18263307,0.31433577,-0.26408842,0.20978508,-0.14058430,-32.56061750,-0.84513229,-0.14058430,-32.56061750,-0.84513229,-0.13489640,-32.45113587,-0.94229995,-0.00420665,-0.03798501,-0.00442344,-0.00583485,0.00877731,-0.00234480
6.680,1.22556790,-0.22886493,3.18028325,0.30826667,-0.25511724,0.20728276,-0.02359432,0.01952633,-0.01586514,1.22982494,-0.19096536,3.18472503,0.31410757,-0.26400604,0.20963767,-0.14342306,-32.54907428,-0.84889465,-0.14342306,-32.54907428,-0.84889465,-0.13774212,-32.44006684,-0.94597332,-0.00425704,-0.03789957,-0.00444178,-0.00584090,0.00888880,-0.00235491
6.690,1.22864938,-0.23141512,3.18235528,0.30802904,-0.25492058,0.20712297,-0.02393206,0.01980584,-0.01609225,1.23295674,-0.19360200,3.18681542,0.31387576,-0.26392063,0.20948794,-0.14625815,-32.53731525,-0.85266363,-0.14625815,-32.53731525,-0.85266363,-0.14058430,-32.42878531,-0.94965167,-0.00430736,-0.03781312,-0.00446014,-0.00584672,0.00900005,-0.00236497
6.700,1.23172847,-0.23396333,3.18442570,0.30778803,-0.25472113,0.20696092,-0.02426940,0.02008502,-0.01631908,1.23608608,-0.19623767,3.18890421,0.31364033,-0.26383217,0.20933590,-0.14908929,-32.52534232,-0.85643872,-0.14908929,-32.52534232,-0.85643872,-0.14342306,-32.41729088,-0.95333453,-0.00435761,-0.03772566,-0.00447851,-0.00585230,0.00911104,-0.00237498
6.710,1.23480513,-0.23650953,3.18649449,0.30754365,-0.25451888,0.20679659,-0.02460633,0.02036386,-0.01654564,1.23921292,-0.19887233,3.19099140,0.31340130,-0.26374067,0.20918154,-0.15191663,-32.51315508,-0.86021969,-0.15191663,-32.51315508,-0.86021969,-0.14625815,-32.40558216,-0.95702286,-0.00440779,-0.03763720,-0.00449691,-0.00585765,0.00922179,-0.00238495
6.720,1.23787933,-0.23905370,3.18856163,0.30729590,-0.25431385,0.20663000,-0.02494285,0.02064236,-0.01677192,1.24233723,-0.20150596,3.19307695,0.31315866,-0.26364613,0.20902487,-0.15473992,-32.50075619,-0.86400590,-0.15473992,-32.50075619,-0.86400590,-0.14908929,-32.39366107,-0.96071615,-0.00445790,-0.03754774,-0.00451532,-0.00586276,0.00933228,-0.00239487
6.730,1.24095104,-0.24159580,3.19062708,0.30704480,-0.25410604,0.20646116,-0.02527894,0.02092050,-0.01699791,1.24545897,-0.20413851,3.19516084,0.31291243,-0.26354853,0.20886589,-0.15755866,-32.48814359,-0.86779982,-0.15755866,-32.48814359,-0.86779982,-0.15191663,-32.38152721,-0.96441417,-0.00450793,-0.03745729,-0.00453376,-0.00586763,0.00944249,-0.00240473
6.740,1.24402022,-0.24413581,3.19269084,0.30679033,-0.25389544,0.20629005,-0.02561461,0.02119830,-0.01722362,1.24857810,-0.20676997,3.19724304,0.31266260,-0.26344789,0.20870461,-0.16037337,-32.47531886,-0.87159829,-0.16037337,-32.47531886,-0.87159829,-0.15473992,-32.36918321,-0.96811628,-0.00455788,-0.03736584,-0.00455220,-0.00587227,0.00955245,-0.00241456
6.750,1.24708683,-0.24667370,3.19475288,0.30653250,-0.25368207,0.20611668,-0.02594984,0.02147573,-0.01744903,1.25169459,-0.20940030,3.19932355,0.31240918,-0.26334419,0.20854103,-0.16318417,-32.46228267,-0.87540221,-0.16318417,-32.46228267,-0.87540221,-0.15755866,-32.35662704,-0.97182496,-0.00460776,-0.03727340,-0.00457067,-0.00587668,0.00966212,-0.00242435
6.760,1.25015085,-0.24920944,3.19681317,0.30627133,-0.25346593,0.20594107,-0.02628463,0.02175280,-0.01767415,1.25480840,-0.21202948,3.20140232,0.31215217,-0.26323744,0.20837514,-0.16599010,-32.44903497,-0.87921251,-0.16599010,-32.44903497,-0.87921251,-0.16037337,-32.34386026,-0.97553703,-0.00465755,-0.03717996,-0.00458915,-0.00588084,0.00977151,-0.00243407
6.770,1.25321225,-0.25174301,3.19887169,0.30600681,-0.25324702,0.20576320,-0.02661898,0.02202950,-0.01789897,1.25791950,-0.21465746,3.20347935,0.31189159,-0.26312764,0.20820696,-0.16879104,-32.43557770,-0.88302899,-0.16879104,-32.43557770,-0.88302899,-0.16318417,-32.33088356,-0.97925342,-0.00470725,-0.03708555,-0.00460766,-0.00588478,0.00988062,-0.00244376
6.780,1.25627098,-0.25427437,3.20092842,0.30573895,-0.25302534,0.20558309,-0.02695288,0.02230583,-0.01812349,1.26102785,-0.21728422,3.20555460,0.31162743,-0.26301477,0.20803648,-0.17158765,-32.42190884,-0.88685104,-0.17158765,-32.42190884,-0.88685104,-0.16599010,-32.31769689,-0.98297503,-0.00475687,-0.03699015,-0.00462618,-0.00588848,0.00998943,-0.00245339
6.790,1.25932702,-0.25680351,3.20298335,0.30546776,-0.25280090,0.20540073,-0.02728632,0.02258178,-0.01834770,1.26413341,-0.21990973,3.20762805,0.31135970,-0.26289884,0.20786370,-0.17437907,-32.40803269,-0.89067685,-0.17437907,-32.40803269,-0.89067685,-0.16879104,-32.30430218,-0.98670168,-0.00480639,-0.03689378,-0.00464470,-0.00589194,0.01009794,-0.00246297
6.800,1.26238032,-0.25933038,3.20503643,0.30519323,-0.25257371,0.20521614,-0.02761930,0.02285735,-0.01857160,1.26723616,-0.22253396,3.20969968,0.31108840,-0.26277985,0.20768864,-0.17716622,-32.39394560,-0.89451028,-0.17716622,-32.39394560,-0.89451028,-0.17158765,-32.29069741,-0.99043276,-0.00485584,-0.03679642,-0.00466325,-0.00589517,0.01020614,-0.00247250
6.810,1.26543087,-0.26185497,3.20708766,0.30491537,-0.25234376,0.20502930,-0.02795181,0.02313253,-0.01879518,1.27033605,-0.22515687,3.21176948,0.31081354,-0.26265779,0.20751129,-0.17994775,-32.37965112,-0.89834823,-0.17994775,-32.37965112,-0.89834823,-0.17437907,-32.27688689,-0.99416646,-0.00490518,-0.03669810,-0.00468182,-0.00589817,0.01031403,-0.00248199
6.820,1.26847862,-0.26437725,3.20913701,0.30463419,-0.25211106,0.20484023,-0.02828384,0.02340732,-0.01901844,1.27343304,-0.22777845,3.21383740,0.31053513,-0.26253266,0.20733165,-0.18272432,-32.36514962,-0.90219154,-0.18272432,-32.36514962,-0.90219154,-0.17716622,-32.26286695,-0.99790665,-0.00495442,-0.03659880,-0.00470039,-0.00590094,0.01042160,-0.00249142
6.830,1.27152354,-0.26689718,3.21118446,0.30434970,-0.25187561,0.20464893,-0.02861539,0.02368170,-0.01924138,1.27652712,-0.23039865,3.21590344,0.31025317,-0.26240447,0.20714972,-0.18549562,-32.35043906,-0.90603985,-0.18549562,-32.35043906,-0.90603985,-0.17994775,-32.24864118,-1.00165021,-0.00500358,-0.03649853,-0.00471898,-0.00590347,0.01052886,-0.00250079
6.840,1.27456560,-0.26941475,3.21322998,0.30406189,-0.25163742,0.20445541,-0.02894646,0.02395569,-0.01946400,1.27961823,-0.23301744,3.21796757,0.30996766,-0.26227321,0.20696552,-0.18826154,-32.33552374,-0.90989418,-0.18826154,-32.33552374,-0.90989418,-0.18272432,-32.23420991,-1.00539800,-0.00505263,-0.03639731,-0.00473759,-0.00590577,0.01063579,-0.00251011
6.850,1.27760477,-0.27192992,3.21527356,0.30377077,-0.25139650,0.20425966,-0.02927704,0.02422927,-0.01968628,1.28270634,-0.23563480,3.22002977,0.30967861,-0.26213887,0.20677904,-0.19102178,-32.32040201,-0.91375277,-0.19102178,-32.32040201,-0.91375277,-0.18549562,-32.21957113,-1.00914965,-0.00510157,-0.03629512,-0.00475621,-0.00590784,0.01074237,-0.00251938
6.860,1.28064101,-0.27444267,3.21731517,0.30347635,-0.25115284,0.20406168,-0.02960711,0.02450244,-0.01990823,1.28579143,-0.23825069,3.22209001,0.30938603,-0.26200146,0.20659029,-0.19377650,-32.30507548,-0.91761674,-0.19377650,-32.30507548,-0.91761674,-0.18826154,-32.20472912,-1.01290620,-0.00515042,-0.03619198,-0.00477484,-0.00590968,0.01084862,-0.00252861
6.870,1.28367429,-0.27695297,3.21935479,0.30317863,-0.25090645,0.20386149,-0.02993669,0.02477519,-0.02012984,1.28887344,-0.24086509,3.22414827,0.30908992,-0.26186097,0.20639927,-0.19652553,-32.28954449,-0.92148554,-0.19652553,-32.28954449,-0.92148554,-0.19102178,-32.18968225,-1.01666587,-0.00519915,-0.03608788,-0.00479348,-0.00591129,0.01095452,-0.00253778
6.880,1.28670457,-0.27946079,3.22139239,0.30287762,-0.25065734,0.20365909,-0.03026575,0.02504752,-0.02035111,1.29195236,-0.24347795,3.22620453,0.30879029,-0.26171741,0.20620597,-0.19926904,-32.27380936,-0.92536032,-0.19926904,-32.27380936,-0.92536032,-0.19377650,-32.17443212,-1.02042979,-0.00524779,-0.03598284,-0.00481214,-0.00591267,0.01106007,-0.00254688
6.890,1.28973183,-0.28196611,3.22342796,0.30257332,-0.25040550,0.20345447,-0.03059430,0.02531942,-0.02057203,1.29502813,-0.24608926,3.22825877,0.30848714,-0.26157077,0.20601042,-0.20200635,-32.25787169,-0.92923935,-0.20200635,-32.25787169,-0.92923935,-0.19652553,-32.15897907,-1.02419742,-0.00529630,-0.03587685,-0.00483081,-0.00591382,0.01116527,-0.00255595
6.900,1.29275602,-0.28446889,3.22546147,0.30226573,-0.25015095,0.20324765,-0.03092233,0.02559089,-0.02079260,1.29810074,-0.24869898,3.23031096,0.30818047,-0.26142105,0.20581260,-0.20473827,-32.24173019,-0.93312354,-0.20473827,-32.24173019,-0.93312354,-0.19926904,-32.14332341,-1.02796989,-0.00534472,-0.03576991,-0.00484949,-0.00591474,0.01127010,-0.00256495
6.910,1.29577713,-0.28696912,3.22749291,0.30195487,-0.24989369,0.20303862,-0.03124983,0.02586192,-0.02101281,1.30117014,-0.25130708,3.23236108,0.30787031,-0.26126825,0.20561252,-0.20746339,-32.22538882,-0.93701116,-0.20746339,-32.22538882,-0.93701116,-0.20200635,-32.12746676,-1.03174549,-0.00539301,-0.03566204,-0.00486817,-0.00591544,0.01137456,-0.00257390
6.920,1.29879511,-0.28946676,3.22952224,0.30164074,-0.24963371,0.20282739,-0.03157679,0.02613252,-0.02123267,1.30423629,-0.25391353,3.23440912,0.30755664,-0.26111237,0.20541019,-0.21018254,-32.20884524,-0.94090475,-0.21018254,-32.20884524,-0.94090475,-0.20473827,-32.11140783,-1.03552513,-0.00544118,-0.03555323,-0.00488688,-0.00591590,0.01147866,-0.00258280
6.930,1.30180993,-0.29196178,3.23154945,0.30132334,-0.24937104,0.20261397,-0.03190322,0.02640266,-0.02145216,1.30729917,-0.25651829,3.23645503,0.30723948,-0.26095340,0.20520560,-0.21289553,-32.19210045,-0.94480245,-0.21289553,-32.19210045,-0.94480245,-0.20746339,-32.09515057,-1.03930708,-0.00548924,-0.03544349,-0.00490558,-0.00591614,0.01158236,-0.00259163
6.940,1.30482157,-0.29445417,3.23357451,0.30100268,-0.24910566,0.20239835,-0.03222910,0.02667236,-0.02167129,1.31035874,-0.25912134,3.23849882,0.30691884,-0.26079135,0.20499877,-0.21560159,-32.17515772,-0.94870550,-0.21560159,-32.17515772,-0.94870550,-0.21018254,-32.07869264,-1.04309389,-0.00553717,-0.03533283,-0.00492431,-0.00591616,0.01168569,-0.00260042
6.950,1.30782998,-0.29694389,3.23559741,0.30067876,-0.24883759,0.20218054,-0.03255443,0.02694160,-0.02189005,1.31341496,-0.26172265,3.24054044,0.30659471,-0.26062622,0.20478969,-0.21830155,-32.15801577,-0.95261199,-0.21830155,-32.15801577,-0.95261199,-0.21289553,-32.06203504,-1.04688368,-0.00558498,-0.03522124,-0.00494303,-0.00591595,0.01178863,-0.00260915
6.960,1.31083513,-0.29943091,3.23761811,0.30035159,-0.24856683,0.20196055,-0.03287921,0.02721038,-0.02210843,1.31646781,-0.26432219,3.24257989,0.30626711,-0.26045800,0.20457837,-0.22099514,-32.14067456,-0.95652449,-0.22099514,-32.14067456,-0.95652449,-0.21560159,-32.04518106,-1.05067770,-0.00563268,-0.03510872,-0.00496178,-0.00591552,0.01189117,-0.00261782
6.970,1.31383700,-0.30191521,3.23963661,0.30002118,-0.24829339,0.20173838,-0.03320342,0.02747870,-0.02232644,1.31951724,-0.26691991,3.24461713,0.30593604,-0.26028669,0.20436481,-0.22368158,-32.12313642,-0.96043971,-0.22368158,-32.12313642,-0.96043971,-0.21830155,-32.02812939,-1.05447406,-0.00568024,-0.03499530,-0.00498052,-0.00591486,0.01199330,-0.00262643
6.980,1.31683554,-0.30439677,3.24165287,0.29968752,-0.24801726,0.20151402,-0.03352707,0.02774654,-0.02254406,1.32256321,-0.26951580,3.24665214,0.30560151,-0.26011229,0.20414902,-0.22636184,-32.10540302,-0.96436040,-0.22636184,-32.10540302,-0.96436040,-0.22099514,-32.01088001,-1.05827530,-0.00572767,-0.03488097,-0.00499927,-0.00591399,0.01209503,-0.00263500
6.990,1.31983074,-0.30687555,3.24366688,0.29935064,-0.24773846,0.20128750,-0.03385014,0.02801391,-0.02276130,1.32560571,-0.27210983,3.24868491,0.30526352,-0.25993480,0.20393099,-0.22903441,-32.08747303,-0.96828449,-0.22903441,-32.08747303,-0.96828449,-0.22368158,-31.99343525,-1.06207816,-0.00577497,-0.03476572,-0.00501803,-0.00591288,0.01219634,-0.00264349
7.000,1.32282255,-0.30935153,3.24567862,0.29901052,-0.24745698,0.20105880,-0.03417263,0.02828080,-0.02297815,1.32864469,-0.27470195,3.25071541,0.30492209,-0.25975423,0.20371073,-0.23170040,-32.06934808,-0.97221188,-0.23170040,-32.06934808,-0.97221188,-0.22636184,-31.97579677,-1.06588538,-0.00582214,-0.03464958,-0.00503679,-0.00591157,0.01229725,-0.00265193
7.010,1.32581094,-0.31182468,3.24768805,0.29866718,-0.24717284,0.20082793,-0.03449454,0.02854720,-0.02319460,1.33168011,-0.27729215,3.25274362,0.30457721,-0.25957056,0.20348824,-0.23435943,-32.05102884,-0.97614518,-0.23435943,-32.05102884,-0.97614518,-0.22903441,-31.95796325,-1.06969489,-0.00586917,-0.03453253,-0.00505557,-0.00591003,0.01239772,-0.00266031
7.020,1.32879588,-0.31429498,3.24969517,0.29832063,-0.24688604,0.20059491,-0.03481585,0.02881312,-0.02341066,1.33471195,-0.27988038,3.25476951,0.30422891,-0.25938381,0.20326354,-0.23701125,-32.03251727,-0.98008098,-0.23701125,-32.03251727,-0.98008098,-0.23170040,-31.93993631,-1.07350659,-0.00591607,-0.03441460,-0.00507434,-0.00590828,0.01249777,-0.00266863
7.030,1.33177734,-0.31676239,3.25169994,0.29797087,-0.24659658,0.20035972,-0.03513657,0.02907854,-0.02362631,1.33774017,-0.28246663,3.25679307,0.30387717,-0.25919396,0.20303662,-0.23965572,-32.01381138,-0.98402216,-0.23965572,-32.01381138,-0.98402216,-0.23435943,-31.92171663,-1.07732311,-0.00596283,-0.03429576,-0.00509313,-0.00590630,0.01259738,-0.00267690
7.040,1.33475529,-0.31922690,3.25370235,0.29761790,-0.24630447,0.20012238,-0.03545668,0.02934346,-0.02384156,1.34076474,-0.28505085,3.25881427,0.30352201,-0.25900102,0.20280749,-0.24229273,-31.99491547,-0.98796679,-0.24229273,-31.99491547,-0.98796679,-0.23701125,-31.90330617,-1.08114103,-0.00600945,-0.03417605,-0.00511192,-0.00590411,0.01269655,-0.00268511
7.050,1.33772969,-0.32168847,3.25570238,0.29726174,-0.24600971,0.19988289,-0.03577618,0.02960787,-0.02405640,1.34378562,-0.28763302,3.26083309,0.30316344,-0.25880499,0.20257615,-0.24492242,-31.97582755,-0.99191458,-0.24492242,-31.97582755,-0.99191458,-0.23965572,-31.88470293,-1.08496322,-0.00605593,-0.03405545,-0.00513071,-0.00590170,0.01279528,-0.00269326
7.060,1.34070051,-0.32414709,3.25770001,0.29690238,-0.24571232,0.19964126,-0.03609507,0.02987178,-0.02427082,1.34680277,-0.29021310,3.26284951,0.30280146,-0.25860587,0.20234260,-0.24754479,-31.95655229,-0.99586516,-0.24754479,-31.95655229,-0.99586516,-0.24229273,-31.86591122,-1.08878777,-0.00610226,-0.03393399,-0.00514950,-0.00589908,0.01289355,-0.00270134
7.070,1.34366772,-0.32660271,3.25969520,0.29653984,-0.24541228,0.19939748,-0.03641334,0.03013518,-0.02448483,1.34981617,-0.29279107,3.26486351,0.30243609,-0.25840365,0.20210685,-0.25015950,-31.93708496,-0.99982140,-0.25015950,-31.93708496,-0.99982140,-0.24492242,-31.84692904,-1.09261438,-0.00614845,-0.03381164,-0.00516831,-0.00589625,0.01299137,-0.00270937
7.080,1.34663130,-0.32905532,3.26168795,0.29617412,-0.24510961,0.19915156,-0.03673098,0.03039805,-0.02469842,1.35282578,-0.29536690,3.26687506,0.30206732,-0.25819835,0.20186890,-0.25276593,-31.91743019,-1.00378003,-0.25276593,-31.91743019,-1.00378003,-0.24754479,-31.82776107,-1.09644269,-0.00619448,-0.03368842,-0.00518711,-0.00589320,0.01308874,-0.00271734
7.090,1.34959120,-0.33150489,3.26367822,0.29580522,-0.24480432,0.19890351,-0.03704799,0.03066040,-0.02491158,1.35583157,-0.29794055,3.26888414,0.30169517,-0.25798995,0.20162876,-0.25536500,-31.89758834,-1.00774368,-0.25536500,-31.89758834,-1.00774368,-0.25015950,-31.80840258,-1.10027557,-0.00624037,-0.03356434,-0.00520592,-0.00588995,0.01318563,-0.00272525
7.100,1.35254739,-0.33395140,3.26566601,0.29543316,-0.24449641,0.19865333,-0.03736435,0.03092222,-0.02512431,1.35883350,-0.30051199,3.27089074,0.30131964,-0.25777846,0.20138644,-0.25795635,-31.87756138,-1.01170913,-0.25795635,-31.87756138,-1.01170913,-0.25276593,-31.78885820,-1.10410976,-0.00628611,-0.03343941,-0.00522473,-0.00588648,0.01328205,-0.00273311
7.110,1.35549985,-0.33639481,3.26765128,0.29505794,-0.24418588,0.19840103,-0.03768008,0.03118351,-0.02533661,1.36183154,-0.30308119,3.27289482,0.30094075,-0.25756387,0.20114192,-0.26053941,-31.85734730,-1.01567900,-0.26053941,-31.85734730,-1.01567900,-0.25536500,-31.76912828,-1.10794787,-0.00633169,-0.03331362,-0.00524354,-0.00588281,0.01337799,-0.00274089
7.120,1.35844854,-0.33883511,3.26963402,0.29467956,-0.24387274,0.19814660,-0.03799515,0.03144427,-0.02554847,1.36482566,-0.30564812,3.27489637,0.30055849,-0.25734620,0.20089523,-0.26311459,-31.83695039,-1.01965173,-0.26311459,-31.83695039,-1.01965173,-0.25795635,-31.74921479,-1.11178670,-0.00637712,-0.03318699,-0.00526235,-0.00587893,0.01347346,-0.00274863
7.130,1.36139343,-0.34127226,3.27161421,0.29429804,-0.24355700,0.19789006,-0.03830957,0.03170447,-0.02575989,1.36781582,-0.30821275,3.27689537,0.30017288,-0.25712543,0.20064636,-0.26568157,-31.81636897,-1.02362688,-0.26568157,-31.81636897,-1.02362688,-0.26053941,-31.72911574,-1.11562887,-0.00642239,-0.03305951,-0.00528116,-0.00587484,0.01356843,-0.00275630
7.140,1.36433449,-0.34370624,3.27359182,0.29391337,-0.24323865,0.19763140,-0.03862333,0.03196413,-0.02597086,1.37080199,-0.31077505,3.27889179,0.29978392,-0.25690157,0.20039531,-0.26824038,-31.79560466,-1.02760585,-0.26824038,-31.79560466,-1.02760585,-0.26311459,-31.70883539,-1.11947281,-0.00646750,-0.03293119,-0.00529997,-0.00587055,0.01366292,-0.00276391
7.150,1.36727169,-0.34613702,3.27556683,0.29352557,-0.24291771,0.19737064,-0.03893642,0.03222324,-0.02618138,1.37378414,-0.31333499,3.28088562,0.29939162,-0.25667462,0.20014210,-0.27079073,-31.77465809,-1.03158829,-0.27079073,-31.77465809,-1.03158829,-0.26568157,-31.68837209,-1.12331810,-0.00651245,-0.03280203,-0.00531879,-0.00586605,0.01375691,-0.00277146
7.160,1.37020499,-0.34856459,3.27753922,0.29313464,-0.24259419,0.19710778,-0.03924883,0.03248179,-0.02639146,1.37676223,-0.31589253,3.28287682,0.29899600,-0.25644458,0.19988672,-0.27333304,-31.75353357,-1.03557402,-0.27333304,-31.75353357,-1.03557402,-0.26824038,-31.66772743,-1.12716614,-0.00655724,-0.03267206,-0.00533760,-0.00586136,0.01385039,-0.00277894
7.170,1.37313437,-0.35098890,3.27950898,0.29274060,-0.24226808,0.19684282,-0.03956057,0.03273978,-0.02660107,1.37973623,-0.31844765,3.28486539,0.29859705,-0.25621145,0.19962918,-0.27586651,-31.73222674,-1.03956133,-0.27586651,-31.73222674,-1.03956133,-0.27079073,-31.64690206,-1.13101658,-0.00660186,-0.03254125,-0.00535641,-0.00585645,0.01394337,-0.00278636
7.180,1.37605979,-0.35340994,3.28147607,0.29234344,-0.24193939,0.19657576,-0.03987162,0.03299720,-0.02681023,1.38270611,-0.32100032,3.28685129,0.29819479,-0.25597523,0.19936948,-0.27839171,-31.71074186,-1.04355304,-0.27839171,-31.71074186,-1.04355304,-0.27333304,-31.62590029,-1.13486922,-0.00664632,-0.03240962,-0.00537522,-0.00585135,0.01403584,-0.00279372
7.190,1.37898123,-0.35582768,3.28344049,0.29194317,-0.24160814,0.19630661,-0.04018198,0.03325405,-0.02701892,1.38567183,-0.32355050,3.28883451,0.29778922,-0.25573592,0.19910764,-0.28090796,-31.68907960,-1.04754590,-0.28090796,-31.68907960,-1.04754590,-0.27586651,-31.60471774,-1.13872238,-0.00669060,-0.03227718,-0.00539402,-0.00584605,0.01412778,-0.00280103
7.200,1.38189864,-0.35824209,3.28540220,0.29153980,-0.24127432,0.19603538,-0.04049164,0.03351032,-0.02722714,1.38863337,-0.32609816,3.29081503,0.29738035,-0.25549352,0.19884364,-0.28341610,-31.66723955,-1.05154263,-0.28341610,-31.66723955,-1.05154263,-0.27839171,-31.58335870,-1.14257887,-0.00673473,-0.03214393,-0.00541283,-0.00584055,0.01421920,-0.00280826
7.210,1.38481201,-0.36065316,3.28736119,0.29113334,-0.24093793,0.19576207,-0.04080060,0.03376601,-0.02743488,1.39159069,-0.32864328,3.29279282,0.29696820,-0.25524803,0.19857751,-0.28591497,-31.64522565,-1.05554161,-0.28591497,-31.64522565,-1.05554161,-0.28090796,-31.56182381,-1.14643545,-0.00677868,-0.03200988,-0.00543163,-0.00583486,0.01431010,-0.00281544
7.220,1.38772130,-0.36306084,3.28931743,0.29072379,-0.24059900,0.19548669,-0.04110885,0.03402111,-0.02764216,1.39454375,-0.33118581,3.29476787,0.29655276,-0.25499946,0.19830923,-0.28840503,-31.62303490,-1.05954408,-0.28840503,-31.62303490,-1.05954408,-0.28341610,-31.54011268,-1.15029483,-0.00682245,-0.03187503,-0.00545044,-0.00582897,0.01440046,-0.00282254
7.230,1.39062648,-0.36546513,3.29127091,0.29031116,-0.24025751,0.19520923,-0.04141638,0.03427563,-0.02784895,1.39749253,-0.33372574,3.29674014,0.29613406,-0.25474780,0.19803882,-0.29088613,-31.60067251,-1.06354851,-0.29088613,-31.60067251,-1.06354851,-0.28591497,-31.51822924,-1.15415541,-0.00686605,-0.03173939,-0.00546923,-0.00582290,0.01449029,-0.00282959
7.240,1.39352751,-0.36786599,3.29322161,0.28989546,-0.23991349,0.19492971,-0.04172320,0.03452954,-0.02805525,1.40043699,-0.33626303,3.29870963,0.29571209,-0.25449306,0.19776628,-0.29335862,-31.57813750,-1.06755452,-0.29335862,-31.57813750,-1.06755452,-0.28840503,-31.49617048,-1.15801841,-0.00690948,-0.03160296,-0.00548802,-0.00581663,0.01457957,-0.00283657
7.250,1.39642438,-0.37026339,3.29516950,0.28947670,-0.23956692,0.19464813,-0.04202928,0.03478286,-0.02826107,1.40337711,-0.33879765,3.30067630,0.29528686,-0.25423523,0.19749161,-0.29582137,-31.55542908,-1.07156349,-0.29582137,-31.55542908,-1.07156349,-0.29088613,-31.47394163,-1.16188232,-0.00695273,-0.03146574,-0.00550680,-0.00581016,0.01466831,-0.00284348
7.260,1.39931704,-0.37265732,3.29711457,0.28905488,-0.23921783,0.19436449,-0.04233464,0.03503556,-0.02846640,1.40631284,-0.34132956,3.30264015,0.29485839,-0.25397432,0.19721482,-0.29827536,-31.53255220,-1.07557383,-0.29827536,-31.53255220,-1.07557383,-0.29335862,-31.45154170,-1.16574675,-0.00699580,-0.03132776,-0.00552558,-0.00580351,0.01475649,-0.00285033
7.270,1.40220546,-0.37504774,3.29905678,0.28863001,-0.23886622,0.19407880,-0.04263926,0.03528766,-0.02867123,1.40924415,-0.34385875,3.30460114,0.29442668,-0.25371033,0.19693592,-0.30072046,-31.50950481,-1.07958831,-0.30072046,-31.50950481,-1.07958831,-0.29582137,-31.42896990,-1.16961309,-0.00703869,-0.03118899,-0.00554436,-0.00579667,0.01484411,-0.00285712
7.280,1.40508963,-0.37743463,3.30099614,0.28820210,-0.23851208,0.19379107,-0.04294313,0.03553914,-0.02887555,1.41217102,-0.34638517,3.30655926,0.29399174,-0.25344327,0.19665490,-0.30315554,-31.48628842,-1.08360228,-0.30315554,-31.48628842,-1.08360228,-0.29827536,-31.40623117,-1.17347975,-0.00708139,-0.03104946,-0.00556312,-0.00578964,0.01493119,-0.00286383
7.290,1.40796950,-0.37981797,3.30293260,0.28777115,-0.23815543,0.19350129,-0.04324626,0.03579001,-0.02907938,1.41509341,-0.34890880,3.30851448,0.29355358,-0.25317312,0.19637178,-0.30558161,-31.46290568,-1.08762019,-0.30558161,-31.46290568,-1.08762019,-0.30072046,-31.38332347,-1.17734951,-0.00712391,-0.03090917,-0.00558188,-0.00578243,0.01501769,-0.00287049
7.300,1.41084504,-0.38219773,3.30486615,0.28733717,-0.23779628,0.19320948,-0.04354862,0.03604024,-0.02928270,1.41801129,-0.35142960,3.31046679,0.29311221,-0.25289989,0.19608655,-0.30799855,-31.43935684,-1.09164030,-0.30799855,-31.43935684,-1.09164030,-0.30315554,-31.36024831,-1.18121772,-0.00716625,-0.03076813,-0.00560064,-0.00577504,0.01510361,-0.00287707
7.310,1.41371623,-0.38457389,3.30679678,0.28690018,-0.23743463,0.19291564,-0.04385023,0.03628985,-0.02948550,1.42092463,-0.35394755,3.31241617,0.29266764,-0.25262359,0.19579923,-0.31040563,-31.41564380,-1.09566102,-0.31040563,-31.41564380,-1.09566102,-0.30558161,-31.33700834,-1.18508882,-0.00720840,-0.03062634,-0.00561939,-0.00576746,0.01518896,-0.00288359
7.320,1.41658303,-0.38694642,3.30872446,0.28646017,-0.23707049,0.19261977,-0.04415107,0.03653882,-0.02968779,1.42383340,-0.35646261,3.31436258,0.29221988,-0.25234422,0.19550981,-0.31280350,-31.39176682,-1.09968372,-0.31280350,-31.39176682,-1.09968372,-0.30799855,-31.31360379,-1.18896108,-0.00725037,-0.03048381,-0.00563812,-0.00575971,0.01527373,-0.00289004
7.330,1.41944542,-0.38931529,3.31064917,0.28601716,-0.23670386,0.19232188,-0.04445114,0.03678715,-0.02988956,1.42673756,-0.35897475,3.31630602,0.29176894,-0.25206178,0.19521830,-0.31519142,-31.36772575,-1.10370829,-0.31519142,-31.36772575,-1.10370829,-0.31040563,-31.29003658,-1.19283291,-0.00729214,-0.03034054,-0.00565685,-0.00575178,0.01535792,-0.00289642
7.340,1.42230337,-0.39168048,3.31257089,0.28557115,-0.23633475,0.19202198,-0.04475042,0.03703483,-0.03009080,1.42963708,-0.36148395,3.31824646,0.29131481,-0.25177626,0.19492472,-0.31756944,-31.34352282,-1.10773458,-0.31756944,-31.34352282,-1.10773458,-0.31280350,-31.26630696,-1.19670570,-0.00733371,-0.03019653,-0.00567557,-0.00574366,0.01544151,-0.00290274
7.350,1.42515684,-0.39404198,3.31448960,0.28512216,-0.23596316,0.19172007,-0.04504893,0.03728187,-0.03029152,1.43253194,-0.36399017,3.32018388,0.29085753,-0.25148768,0.19462905,-0.31993784,-31.31916191,-1.11176253,-0.31993784,-31.31916191,-1.11176253,-0.31519142,-31.24241478,-1.20057932,-0.00737510,-0.03005181,-0.00569428,-0.00573537,0.01552452,-0.00290898
7.360,1.42800580,-0.39639974,3.31640529,0.28467018,-0.23558911,0.19141615,-0.04534664,0.03752825,-0.03049170,1.43542210,-0.36649338,3.32211826,0.29039709,-0.25119603,0.19433131,-0.32229678,-31.29463961,-1.11579061,-0.32229678,-31.29463961,-1.11579061,-0.31756944,-31.21836227,-1.20445363,-0.00741630,-0.02990636,-0.00571297,-0.00572691,0.01560692,-0.00291516
7.370,1.43085023,-0.39875375,3.31831792,0.28421523,-0.23521260,0.19111024,-0.04564355,0.03777397,-0.03069135,1.43830753,-0.36899355,3.32404958,0.28993350,-0.25090132,0.19403151,-0.32464557,-31.26995976,-1.11982159,-0.32464557,-31.26995976,-1.11982159,-0.31993784,-31.19415332,-1.20832858,-0.00745730,-0.02976020,-0.00573166,-0.00571827,0.01568872,-0.00292127
7.380,1.43369009,-0.40110398,3.32022748,0.28375731,-0.23483363,0.19080233,-0.04593966,0.03801903,-0.03089046,1.44118819,-0.37149065,3.32597782,0.28946678,-0.25060355,0.19372964,-0.32698475,-31.24512221,-1.12385408,-0.32698475,-31.24512221,-1.12385408,-0.32229678,-31.16978450,-1.21220264,-0.00749810,-0.02961333,-0.00575034,-0.00570947,0.01576992,-0.00292731
7.390,1.43652537,-0.40345042,3.32213396,0.28329643,-0.23445222,0.19049243,-0.04623497,0.03826342,-0.03108903,1.44406407,-0.37398465,3.32790296,0.28899693,-0.25030272,0.19342572,-0.32931327,-31.22013151,-1.12788647,-0.32931327,-31.22013151,-1.12788647,-0.32464557,-31.14525965,-1.21607857,-0.00753870,-0.02946577,-0.00576900,-0.00570050,0.01585050,-0.00293329
7.400,1.43935601,-0.40579302,3.32403733,0.28283261,-0.23406837,0.19018055,-0.04652945,0.03850713,-0.03128705,1.44693512,-0.37647553,3.32982498,0.28852396,-0.24999883,0.19311975,-0.33163244,-31.19498354,-1.13192009,-0.33163244,-31.19498354,-1.13192009,-0.32698475,-31.12057863,-1.21995500,-0.00757911,-0.02931749,-0.00578765,-0.00569135,0.01593046,-0.00293920
7.410,1.44218201,-0.40813177,3.32593756,0.28236585,-0.23368208,0.18986669,-0.04682312,0.03875017,-0.03148451,1.44980131,-0.37896324,3.33174386,0.28804789,-0.24969189,0.19281173,-0.33394083,-31.16968207,-1.13595652,-0.33394083,-31.16968207,-1.13595652,-0.32931327,-31.09574598,-1.22383030,-0.00761930,-0.02916853,-0.00580630,-0.00568204,0.01600981,-0.00294504
7.420,1.44500332,-0.41046665,3.32783465,0.28189615,-0.23329337,0.18955086,-0.04711597,0.03899252,-0.03168143,1.45266262,-0.38144776,3.33365957,0.28756872,-0.24938189,0.19250167,-0.33623951,-31.14422965,-1.13999267,-0.33623951,-31.14422965,-1.13999267,-0.33163244,-31.07075758,-1.22770584,-0.00765930,-0.02901889,-0.00582492,-0.00567257,0.01608852,-0.00295081
7.430,1.44781992,-0.41279763,3.32972858,0.28142353,-0.23290223,0.18923306,-0.04740798,0.03923419,-0.03187778,1.45551902,-0.38392905,3.33557210,0.28708646,-0.24906885,0.19218958,-0.33852783,-31.11862579,-1.14402851,-0.33852783,-31.11862579,-1.14402851,-0.33394083,-31.04561721,-1.23158317,-0.00769910,-0.02886858,-0.00584352,-0.00566293,0.01616662,-0.00295652
7.440,1.45063178,-0.41512469,3.33161931,0.28094800,-0.23250869,0.18891331,-0.04769915,0.03947516,-0.03207357,1.45837047,-0.38640710,3.33748143,0.28660112,-0.24875276,0.19187545,-0.34080574,-31.09287334,-1.14806688,-0.34080574,-31.09287334,-1.14806688,-0.33623951,-31.02032741,-1.23545921,-0.00773869,-0.02871759,-0.00586212,-0.00565312,0.01624407,-0.00296214
7.450,1.45343887,-0.41744780,3.33350683,0.28046955,-0.23211273,0.18859160,-0.04798948,0.03971543,-0.03226879,1.46121695,-0.38888186,3.33938754,0.28611271,-0.24843363,0.19155930,-0.34307346,-31.06697139,-1.15210648,-0.34307346,-31.06697139,-1.15210648,-0.33852783,-30.99488768,-1.23933395,-0.00777808,-0.02856594,-0.00588071,-0.00564316,0.01632090,-0.00296770
7.460,1.45624116,-0.41976694,3.33539113,0.27998821,-0.23171438,0.18826793,-0.04827896,0.03995500,-0.03246344,1.46405842,-0.39135331,3.34129041,0.28562125,-0.24811146,0.19124114,-0.34533071,-31.04092277,-1.15614583,-0.34533071,-31.04092277,-1.15614583,-0.34080574,-30.96930087,-1.24321021,-0.00781726,-0.02841363,-0.00589928,-0.00563304,0.01639708,-0.00297321
7.470,1.45903863,-0.42208208,3.33727219,0.27950398,-0.23131363,0.18794233,-0.04856759,0.04019386,-0.03265751,1.46689485,-0.39382142,3.34319001,0.28512674,-0.24778624,0.19092096,-0.34757711,-31.01472695,-1.16018465,-0.34757711,-31.01472695,-1.16018465,-0.34307346,-30.94356608,-1.24708669,-0.00785622,-0.02826066,-0.00591782,-0.00562276,0.01647261,-0.00297863
7.480,1.46183123,-0.42439320,3.33914997,0.27901686,-0.23091050,0.18761479,-0.04885535,0.04043201,-0.03285101,1.46972621,-0.39628615,3.34508634,0.28462919,-0.24745800,0.19059877,-0.34981376,-30.98838639,-1.16422611,-0.34981376,-30.98838639,-1.16422611,-0.34533071,-30.91768614,-1.25096193,-0.00789498,-0.02810705,-0.00593637,-0.00561233,0.01654750,-0.00298398
7.490,1.46461895,-0.42670028,3.34102448,0.27852687,-0.23050500,0.18728531,-0.04914225,0.04066944,-0.03304392,1.47255248,-0.39874748,3.34697936,0.28412861,-0.24712672,0.19027459,-0.35203954,-30.96190322,-1.16826583,-0.35203954,-30.96190322,-1.16826583,-0.34757711,-30.89166050,-1.25483566,-0.00793353,-0.02795280,-0.00595488,-0.00560174,0.01662172,-0.00298928
7.500,1.46740176,-0.42900329,3.34289567,0.27803402,-0.23009712,0.18695391,-0.04942827,0.04090615,-0.03323625,1.47537362,-0.40120537,3.34886905,0.28362502,-0.24679242,0.18994840,-0.35425444,-30.93527687,-1.17230815,-0.35425444,-30.93527687,-1.17230815,-0.34981376,-30.86549164,-1.25871103,-0.00797186,-0.02779792,-0.00597338,-0.00559100,0.01669530,-0.00299449
7.510,1.47017962,-0.43130222,3.34476355,0.27753831,-0.22968688,0.18662059,-0.04971342,0.04114214,-0.03342799,1.47818961,-0.40365980,3.35075541,0.28311842,-0.24645509,0.18962023,-0.35645908,-30.90851178,-1.17634871,-0.35645908,-30.90851178,-1.17634871,-0.35203954,-30.83918167,-1.26258368,-0.00800999,-0.02764242,-0.00599186,-0.00558011,0.01676821,-0.00299964
7.520,1.47295252,-0.43359702,3.34662808,0.27703975,-0.22927428,0.18628535,-0.04999768,0.04137739,-0.03361913,1.48100041,-0.40611074,3.35263841,0.28260882,-0.24611474,0.18929007,-0.35865249,-30.88160373,-1.18039055,-0.35865249,-30.88160373,-1.18039055,-0.35425444,-30.81273003,-1.26645794,-0.00804789,-0.02748628,-0.00601033,-0.00556907,0.01684046,-0.00300472
7.530,1.47572041,-0.43588769,3.34848925,0.27653836,-0.22885933,0.18594821,-0.05028105,0.04161190,-0.03380967,1.48380600,-0.40855815,3.35451802,0.28209624,-0.24577137,0.18895793,-0.36083555,-30.85455875,-1.18443214,-0.36083555,-30.85455875,-1.18443214,-0.35645908,-30.78614115,-1.27032947,-0.00808559,-0.02732954,-0.00602877,-0.00555788,0.01691204,-0.00300972
7.540,1.47848328,-0.43817420,3.35034704,0.27603413,-0.22844204,0.18560916,-0.05056352,0.04184567,-0.03399961,1.48660634,-0.41100201,3.35639424,0.28158068,-0.24542499,0.18862381,-0.36300753,-30.82737696,-1.18847366,-0.36300753,-30.82737696,-1.18847366,-0.35865249,-30.75941080,-1.27420129,-0.00812306,-0.02717219,-0.00604720,-0.00554655,0.01698295,-0.00301465
7.550,1.48124108,-0.44045653,3.35220143,0.27552709,-0.22802242,0.18526822,-0.05084509,0.04207870,-0.03418894,1.48940140,-0.41344229,3.35826703,0.28106216,-0.24507560,0.18828773,-0.36516922,-30.80006044,-1.19251506,-0.36516922,-30.80006044,-1.19251506,-0.36083555,-30.73254504,-1.27807189,-0.00816032,-0.02701424,-0.00606560,-0.00553507,0.01705318,-0.00301951
7.560,1.48399381,-0.44273464,3.35405240,0.27501724,-0.22760047,0.18492538,-0.05112576,0.04231097,-0.03437766,1.49219116,-0.41587895,3.36013639,0.28054069,-0.24472320,0.18794969,-0.36731928,-30.77260689,-1.19655658,-0.36731928,-30.77260689,-1.19655658,-0.36300753,-30.70554396,-1.28194145,-0.00819735,-0.02685569,-0.00608399,-0.00552345,0.01712273,-0.00302431
7.570,1.48674142,-0.44500853,3.35589993,0.27450458,-0.22717620,0.18458066,-0.05140551,0.04254249,-0.03456577,1.49497559,-0.41831196,3.36200228,0.28001627,-0.24436779,0.18760970,-0.36945887,-30.74502232,-1.20059818,-0.36945887,-30.74502232,-1.20059818,-0.36516922,-30.67840965,-1.28580992,-0.00823417,-0.02669657,-0.00610235,-0.00551169,0.01719159,-0.00302904
7.580,1.48948389,-0.44727816,3.35774400,0.27398913,-0.22674962,0.18423407,-0.05168434,0.04277324,-0.03475326,1.49775466,-0.42074130,3.36386470,0.27948892,-0.24400939,0.18726775,-0.37158740,-30.71730482,-1.20463990,-0.37158740,-30.71730482,-1.20463990,-0.36731928,-30.65113979,-1.28967754,-0.00827077,-0.02653686,-0.00612070,-0.00549979,0.01725977,-0.00303368
7.590,1.49222119,-0.44954351,3.35958460,0.27347090,-0.22632074,0.18388560,-0.05196224,0.04300323,-0.03494013,1.50052834,-0.42316694,3.36572363,0.27895864,-0.24364800,0.18692386,-0.37370495,-30.68945640,-1.20868050,-0.37370495,-30.68945640,-1.20868050,-0.36945887,-30.62374042,-1.29354428,-0.00830715,-0.02637657,-0.00613903,-0.00548774,0.01732726,-0.00303826
7.600,1.49495330,-0.45180457,3.36142171,0.27294989,-0.22588956,0.18353527,-0.05223921,0.04323245,-0.03512637,1.50329660,-0.42558885,3.36757903,0.27842546,-0.24328361,0.18657803,-0.37581119,-30.66148075,-1.21271991,-0.37581119,-30.66148075,-1.21271991,-0.37158740,-30.59620960,-1.29741017,-0.00834330,-0.02621572,-0.00615732,-0.00547557,0.01739405,-0.00304276
7.610,1.49768018,-0.45406130,3.36325530,0.27242611,-0.22545609,0.18318308,-0.05251525,0.04346090,-0.03531198,1.50605941,-0.42800699,3.36943090,0.27788938,-0.24291624,0.18623027,-0.37790668,-30.63337590,-1.21675982,-0.37790668,-30.63337590,-1.21675982,-0.37370495,-30.56854935,-1.30127399,-0.00837923,-0.02605431,-0.00617560,-0.00546327,0.01746015,-0.00304719
7.620,1.50040181,-0.45631368,3.36508536,0.27189959,-0.22502035,0.18282903,-0.05279034,0.04368856,-0.03549695,1.50881675,-0.43042134,3.37127922,0.27735041,-0.24254588,0.18588058,-0.37999075,-30.60514414,-1.22079896,-0.37999075,-30.60514414,-1.22079896,-0.37581119,-30.54076335,-1.30513567,-0.00841494,-0.02589234,-0.00619386,-0.00545082,0.01752553,-0.00305155
7.630,1.50311816,-0.45856170,3.36691188,0.27137031,-0.22458233,0.18247314,-0.05306448,0.04391544,-0.03568129,1.51156858,-0.43283186,3.37312396,0.27680856,-0.24217255,0.18552897,-0.38206385,-30.57678878,-1.22483581,-0.38206385,-30.57678878,-1.22483581,-0.37790668,-30.51284962,-1.30899689,-0.00845042,-0.02572984,-0.00621208,-0.00543825,0.01759022,-0.00305583
7.640,1.50582921,-0.46080532,3.36873482,0.27083830,-0.22414204,0.18211541,-0.05333767,0.04414152,-0.03586499,1.51431487,-0.43523853,3.37496511,0.27626384,-0.24179624,0.18517544,-0.38412533,-30.54830782,-1.22887358,-0.38412533,-30.54830782,-1.22887358,-0.37999075,-30.48481048,-1.31285639,-0.00848566,-0.02556679,-0.00623029,-0.00542554,0.01765420,-0.00306003
7.650,1.50853492,-0.46304453,3.37055418,0.27030356,-0.22369950,0.18175584,-0.05360990,0.04436682,-0.03604804,1.51705561,-0.43764133,3.37680264,0.27571627,-0.24141697,0.18482001,-0.38617588,-30.51970553,-1.23290955,-0.38617588,-30.51970553,-1.23290955,-0.38206385,-30.45664921,-1.31671267,-0.00852069,-0.02540320,-0.00624846,-0.00541271,0.01771747,-0.00306417
7.660,1.51123527,-0.46527930,3.37236993,0.26976610,-0.22325471,0.18139445,-0.05388116,0.04459131,-0.03623044,1.51979076,-0.44004021,3.37863655,0.27516585,-0.24103473,0.18446268,-0.38821511,-30.49098154,-1.23694522,-0.38821511,-30.49098154,-1.23694522,-0.38412533,-30.42836382,-1.32056892,-0.00855549,-0.02523909,-0.00626662,-0.00539975,0.01778002,-0.00306823
7.670,1.51393023,-0.46750962,3.37418206,0.26922594,-0.22280767,0.18103124,-0.05415145,0.04481499,-0.03641218,1.52252028,-0.44243514,3.38046681,0.27461260,-0.24064953,0.18410346,-0.39024300,-30.46213944,-1.24097936,-0.39024300,-30.46213944,-1.24097936,-0.38617588,-30.39995856,-1.32442244,-0.00859005,-0.02507448,-0.00628475,-0.00538666,0.01784186,-0.00307222
7.680,1.51661978,-0.46973545,3.37599055,0.26868308,-0.22235841,0.18066621,-0.05442076,0.04503787,-0.03659327,1.52524417,-0.44482611,3.38229340,0.27405653,-0.24026138,0.18374234,-0.39225929,-30.43317786,-1.24501219,-0.39225929,-30.43317786,-1.24501219,-0.38821511,-30.37143308,-1.32827472,-0.00862439,-0.02490934,-0.00630285,-0.00537345,0.01790297,-0.00307613
7.690,1.51930389,-0.47195678,3.37779538,0.26813753,-0.22190692,0.18029937,-0.05468909,0.04525994,-0.03677370,1.52796238,-0.44721308,3.38411630,0.27349765,-0.23987028,0.18337935,-0.39426409,-30.40410001,-1.24904390,-0.39426409,-30.40410001,-1.24904390,-0.39024300,-30.34279095,-1.33212454,-0.00865849,-0.02474370,-0.00632092,-0.00536012,0.01796336,-0.00307998
7.700,1.52198252,-0.47417358,3.37959653,0.26758930,-0.22145321,0.17993074,-0.05495643,0.04548118,-0.03695346,1.53067489,-0.44959602,3.38593550,0.27293597,-0.23947623,0.18301448,-0.39625801,-30.37490580,-1.25307456,-0.39625801,-30.37490580,-1.25307456,-0.39225929,-30.31403081,-1.33597212,-0.00869237,-0.02457756,-0.00633897,-0.00534667,0.01802302,-0.00308374
7.710,1.52465566,-0.47638583,3.38139399,0.26703840,-0.22099730,0.17956031,-0.05522277,0.04570160,-0.03713255,1.53338167,-0.45197491,3.38775098,0.27237151,-0.23907925,0.18264774,-0.39824020,-30.34559745,-1.25710307,-0.39824020,-30.34559745,-1.25710307,-0.39426409,-30.28515586,-1.33981766,-0.00872601,-0.02441092,-0.00635699,-0.00533311,0.01808195,-0.00308743
7.720,1.52732328,-0.47859352,3.38318773,0.26648485,-0.22053918,0.17918809,-0.05548810,0.04592119,-0.03731097,1.53608269,-0.45434970,3.38956271,0.27180426,-0.23867933,0.18227914,-0.40021067,-30.31617817,-1.26113112,-0.40021067,-30.31617817,-1.26113112,-0.39625801,-30.25616601,-1.34366123,-0.00875941,-0.02424382,-0.00637498,-0.00531941,0.01814015,-0.00309105
7.730,1.52998535,-0.48079661,3.38497774,0.26592864,-0.22007888,0.17881409,-0.05575244,0.04613995,-0.03748871,1.53877794,-0.45672038,3.39137068,0.27123426,-0.23827649,0.18190868,-0.40216980,-30.28664652,-1.26515744,-0.40216980,-30.28664652,-1.26515744,-0.39824020,-30.22706347,-1.34750174,-0.00879259,-0.02407623,-0.00639294,-0.00530562,0.01819761,-0.00309459
7.740,1.53264185,-0.48299509,3.38676401,0.26536980,-0.21961639,0.17843832,-0.05601575,0.04635786,-0.03766577,1.54146737,-0.45908692,3.39317488,0.27066150,-0.23787072,0.18153638,-0.40411699,-30.25700565,-1.26918071,-0.40411699,-30.25700565,-1.26918071,-0.40021067,-30.19785146,-1.35134086,-0.00882552,-0.02390817,-0.00641087,-0.00529170,0.01825433,-0.00309806
7.750,1.53529274,-0.48518893,3.38854650,0.26480833,-0.21915172,0.17806078,-0.05627805,0.04657494,-0.03784214,1.54415096,-0.46144928,3.39497528,0.27008600,-0.23746203,0.18116224,-0.40605303,-30.22725540,-1.27320426,-0.40605303,-30.22725540,-1.27320426,-0.40216980,-30.16852853,-1.35517734,-0.00885822,-0.02373965,-0.00642878,-0.00527767,0.01831031,-0.00310146
7.760,1.53793800,-0.48737812,3.39032522,0.26424424,-0.21868489,0.17768147,-0.05653932,0.04679117,-0.03801782,1.54682869,-0.46380743,3.39677186,0.26950777,-0.23705044,0.18078626,-0.40797758,-30.19739993,-1.27722398,-0.40797758,-30.19739993,-1.27722398,-0.40411699,-30.13909782,-1.35900988,-0.00889069,-0.02357069,-0.00644664,-0.00526353,0.01836555,-0.00310479
7.770,1.54057761,-0.48956262,3.39210013,0.26367755,-0.21821590,0.17730042,-0.05679957,0.04700654,-0.03819281,1.54950053,-0.46616136,3.39856461,0.26892683,-0.23663594,0.18040845,-0.40989018,-30.16743673,-1.28124286,-0.40989018,-30.16743673,-1.28124286,-0.40605303,-30.10955918,-1.36284178,-0.00892292,-0.02340126,-0.00646448,-0.00524928,0.01842004,-0.00310803
7.780,1.54321155,-0.49174243,3.39387122,0.26310826,-0.21774476,0.17691762,-0.05705877,0.04722105,-0.03836711,1.55216646,-0.46851102,3.40035351,0.26834318,-0.23621854,0.18002883,-0.41179063,-30.13737156,-1.28525993,-0.41179063,-30.13737156,-1.28525993,-0.40797758,-30.07991676,-1.36666896,-0.00895491,-0.02323141,-0.00648229,-0.00523492,0.01847378,-0.00311121
7.790,1.54583977,-0.49391751,3.39563847,0.26253638,-0.21727148,0.17653308,-0.05731693,0.04743470,-0.03854070,1.55482643,-0.47085639,3.40213854,0.26775683,-0.23579824,0.17964739,-0.41368012,-30.10720223,-1.28927544,-0.41368012,-30.10720223,-1.28927544,-0.40989018,-30.05016805,-1.37049440,-0.00898666,-0.02306112,-0.00650007,-0.00522045,0.01852676,-0.00311431
7.800,1.54846226,-0.49608785,3.39740188,0.26196192,-0.21679607,0.17614681,-0.05757405,0.04764749,-0.03871358,1.55748044,-0.47319745,3.40391968,0.26716781,-0.23537506,0.17926415,-0.41555782,-30.07693251,-1.29328666,-0.41555782,-30.07693251,-1.29328666,-0.41179063,-30.02031880,-1.37431714,-0.00901818,-0.02289040,-0.00651780,-0.00520589,0.01857899,-0.00311734
7.810,1.55107900,-0.49825342,3.39916140,0.26138490,-0.21631854,0.17575881,-0.05783011,0.04785940,-0.03888576,1.56012845,-0.47553416,3.40569692,0.26657611,-0.23494900,0.17887910,-0.41742332,-30.04656215,-1.29729845,-0.41742332,-30.04656215,-1.29729845,-0.41368012,-29.99036683,-1.37813742,-0.00904945,-0.02271926,-0.00653552,-0.00519121,0.01863046,-0.00312029
7.820,1.55368995,-0.50041421,3.40091705,0.26080532,-0.21583889,0.17536910,-0.05808511,0.04807043,-0.03905723,1.56277044,-0.47786649,3.40747024,0.26598176,-0.23452006,0.17849226,-0.41927743,-30.01609455,-1.30130509,-0.41927743,-30.01609455,-1.30130509,-0.41555782,-29.96031588,-1.38195254,-0.00908049,-0.02254772,-0.00655319,-0.00517644,0.01868117,-0.00312316
7.830,1.55629510,-0.50257019,3.40266878,0.26022320,-0.21535713,0.17497767,-0.05833904,0.04828058,-0.03922798,1.56540638,-0.48019442,3.40923962,0.26538476,-0.23408826,0.17810364,-0.42111925,-29.98552945,-1.30531150,-0.42111925,-29.98552945,-1.30531150,-0.41742332,-29.93016574,-1.38576733,-0.00911128,-0.02237577,-0.00657084,-0.00516156,0.01873113,-0.00312597
7.840,1.55889441,-0.50472135,3.40441659,0.25963855,-0.21487328,0.17458454,-0.05859190,0.04848985,-0.03939800,1.56803624,-0.48251791,3.41100504,0.26478513,-0.23365359,0.17771323,-0.42294949,-29.95487089,-1.30931500,-0.42294949,-29.95487089,-1.30931500,-0.41927743,-29.89991976,-1.38957610,-0.00914183,-0.02220344,-0.00658845,-0.00514658,0.01878031,-0.00312869
7.850,1.56148786,-0.50686765,3.40616047,0.25905137,-0.21438734,0.17418971,-0.05884368,0.04869822,-0.03956730,1.57066000,-0.48483695,3.41276648,0.26418288,-0.23321606,0.17732106,-0.42476800,-29.92411623,-1.31331447,-0.42476800,-29.92411623,-1.31331447,-0.42111925,-29.86957771,-1.39338377,-0.00917214,-0.02203070,-0.00660601,-0.00513151,0.01882872,-0.00313135
7.860,1.56407543,-0.50900909,3.40790038,0.25846168,-0.21389932,0.17379320,-0.05909438,0.04890570,-0.03973588,1.57327763,-0.48715150,3.41452394,0.26357802,-0.23277569,0.17692712,-0.42657437,-29.89327115,-1.31731315,-0.42657437,-29.89327115,-1.31731315,-0.42294949,-29.83914361,-1.39718765,-0.00920220,-0.02185759,-0.00662356,-0.00511634,0.01887637,-0.00313392
7.870,1.56665709,-0.51114563,3.40963632,0.25786948,-0.21340923,0.17339500,-0.05934399,0.04911227,-0.03990372,1.57588912,-0.48946152,3.41627738,0.26297057,-0.23233247,0.17653142,-0.42836897,-29.86233329,-1.32130866,-0.42836897,-29.86233329,-1.32130866,-0.42476800,-29.80861482,-1.40098663,-0.00923203,-0.02168411,-0.00664106,-0.00510109,0.01892324,-0.00313642
7.880,1.56923281,-0.51327727,3.41136828,0.25727480,-0.21291708,0.17299512,-0.05959251,0.04931794,-0.04007082,1.57849442,-0.49176701,3.41802680,0.26236053,-0.23188642,0.17613397,-0.43015181,-29.83130830,-1.32529982,-0.43015181,-29.83130830,-1.32529982,-0.42657437,-29.77799701,-1.40478396,-0.00926161,-0.02151026,-0.00665852,-0.00508573,0.01896934,-0.00313885
7.890,1.57180257,-0.51540397,3.41309622,0.25667764,-0.21242287,0.17259358,-0.05983992,0.04952269,-0.04023719,1.58109352,-0.49406792,3.41977217,0.26174792,-0.23143754,0.17573478,-0.43192274,-29.80019350,-1.32928990,-0.43192274,-29.80019350,-1.32928990,-0.42836897,-29.74728784,-1.40857726,-0.00929095,-0.02133605,-0.00667595,-0.00507028,0.01901467,-0.00314120
7.900,1.57436635,-0.51752572,3.41482014,0.25607800,-0.21192662,0.17219038,-0.06008623,0.04972653,-0.04040281,1.58368639,-0.49636422,3.42151348,0.26113275,-0.23098584,0.17533385,-0.43368164,-29.76899279,-1.33327646,-0.43368164,-29.76899279,-1.33327646,-0.43015181,-29.71649294,-1.41236535,-0.00932004,-0.02116150,-0.00669334,-0.00505475,0.01905922,-0.00314347
7.910,1.57692413,-0.51964249,3.41654002,0.25547592,-0.21142834,0.17178553,-0.06033142,0.04992945,-0.04056768,1.58627301,-0.49865590,3.42325071,0.26051503,-0.23053132,0.17493119,-0.43542792,-29.73770581,-1.33725987,-0.43542792,-29.73770581,-1.33725987,-0.43192274,-29.68560961,-1.41615152,-0.00934888,-0.02098659,-0.00671069,-0.00503911,0.01910298,-0.00314566
7.920,1.57947586,-0.52175428,3.41825585,0.25487138,-0.21092804,0.17137903,-0.06057549,0.05013144,-0.04073180,1.58885335,-0.50094292,3.42498385,0.25989479,-0.23007400,0.17452682,-0.43716321,-29.70633814,-1.34123914,-0.43716321,-29.70633814,-1.34123914,-0.43368164,-29.65464178,-1.41993331,-0.00937749,-0.02081136,-0.00672800,-0.00502341,0.01914596,-0.00314779
7.930,1.58202155,-0.52386105,3.41996760,0.25426441,-0.21042572,0.17097090,-0.06081844,0.05033250,-0.04089516,1.59142739,-0.50322526,3.42671287,0.25927201,-0.22961388,0.17412072,-0.43888554,-29.67488701,-1.34521607,-0.43888554,-29.67488701,-1.34521607,-0.43542792,-29.62358905,-1.42371110,-0.00940584,-0.02063579,-0.00674527,-0.00500760,0.01918816,-0.00314982
7.940,1.58456114,-0.52596278,3.42167526,0.25365502,-0.20992139,0.17056113,-0.06106026,0.05053263,-0.04105776,1.59399510,-0.50550288,3.42843777,0.25864674,-0.22915097,0.17371293,-0.44059670,-29.64335394,-1.34918988,-0.44059670,-29.64335394,-1.34918988,-0.43716321,-29.59245702,-1.42748390,-0.00943396,-0.02045990,-0.00676251,-0.00499172,0.01922958,-0.00315180
7.950,1.58709464,-0.52805947,3.42337882,0.25304321,-0.20941507,0.17014974,-0.06130094,0.05073181,-0.04121960,1.59655646,-0.50777576,3.43015852,0.25801896,-0.22868527,0.17330343,-0.44229510,-29.61174481,-1.35315940,-0.44229510,-29.61174481,-1.35315940,-0.43888554,-29.56124293,-1.43125355,-0.00946182,-0.02028371,-0.00677970,-0.00497575,0.01927020,-0.00315369
7.960,1.58962200,-0.53015108,3.42507825,0.25242900,-0.20890676,0.16973674,-0.06154048,0.05093005,-0.04138067,1.59911143,-0.51004387,3.43187510,0.25738870,-0.22821679,0.17289225,-0.44398191,-29.58005682,-1.35712657,-0.44398191,-29.58005682,-1.35712657,-0.44059670,-29.52994826,-1.43501923,-0.00948943,-0.02010721,-0.00679685,-0.00495970,0.01931003,-0.00315551
7.970,1.59214321,-0.53223760,3.42677355,0.25181240,-0.20839647,0.16932213,-0.06177887,0.05112734,-0.04154096,1.60166001,-0.51230719,3.43358751,0.25675597,-0.22774555,0.17247938,-0.44565644,-29.54829343,-1.36108901,-0.44565644,-29.54829343,-1.36108901,-0.44229510,-29.49857890,-1.43877979,-0.00951680,-0.01993041,-0.00681396,-0.00494357,0.01934908,-0.00315725
7.980,1.59465824,-0.53431900,3.42846469,0.25119343,-0.20788422,0.16890592,-0.06201611,0.05132368,-0.04170049,1.60420216,-0.51456569,3.43529572,0.25612079,-0.22727155,0.17206484,-0.44731888,-29.51645447,-1.36504868,-0.44731888,-29.51645447,-1.36504868,-0.44398191,-29.46713205,-1.44253718,-0.00954392,-0.01975331,-0.00683103,-0.00492736,0.01938733,-0.00315892
7.990,1.59716707,-0.53639527,3.43015166,0.25057208,-0.20737000,0.16848813,-0.06225219,0.05151905,-0.04185923,1.60673787,-0.51681933,3.43699972,0.25548316,-0.22679479,0.17164863,-0.44896929,-29.48454270,-1.36900450,-0.44896929,-29.48454270,-1.36900450,-0.44565644,-29.43561117,-1.44628902,-0.00957080,-0.01957594,-0.00684806,-0.00491108,0.01942479,-0.00316050
8.000,1.59966967,-0.53846640,3.43183444,0.24994839,-0.20685384,0.16806874,-0.06248710,0.05171346,-0.04201719,1.60926710,-0.51906810,3.43869950,0.25484309,-0.22631529,0.17123077,-0.45060764,-29.45256228,-1.37295728,-0.45060764,-29.45256228,-1.37295728,-0.44731888,-29.40401608,-1.45003726,-0.00959743,-0.01939830,-0.00686506,-0.00489470,0.01946145,-0.00316203
8.010,1.60216603,-0.54053234,3.43351303,0.24932235,-0.20633573,0.16764778,-0.06272084,0.05190690,-0.04217436,1.61178983,-0.52131196,3.44039502,0.25420061,-0.22583305,0.17081124,-0.45223350,-29.42050794,-1.37690431,-0.45223350,-29.42050794,-1.37690431,-0.44896929,-29.37234954,-1.45378084,-0.00962380,-0.01922038,-0.00688199,-0.00487826,0.01949732,-0.00316346
8.020,1.60465611,-0.54259310,3.43518739,0.24869397,-0.20581570,0.16722526,-0.06295340,0.05209936,-0.04233073,1.61430604,-0.52355090,3.44208629,0.25355573,-0.22534808,0.17039008,-0.45384770,-29.38838776,-1.38084911,-0.45384770,-29.38838776,-1.38084911,-0.45060764,-29.34061569,-1.45752056,-0.00964993,-0.01904220,-0.00689890,-0.00486176,0.01953238,-0.00316482
8.030,1.60713990,-0.54464865,3.43685753,0.24806328,-0.20529375,0.16680117,-0.06318478,0.05229085,-0.04248632,1.61681571,-0.52578487,3.44377328,0.25290845,-0.22486039,0.16996727,-0.45544936,-29.35620081,-1.38478796,-0.45544936,-29.35620081,-1.38478796,-0.45223350,-29.30880928,-1.46125374,-0.00967581,-0.01886378,-0.00691575,-0.00484517,0.01956664,-0.00316610
8.040,1.60961737,-0.54669897,3.43852341,0.24743028,-0.20476989,0.16637553,-0.06341497,0.05248135,-0.04264110,1.61931880,-0.52801386,3.44545597,0.25225879,-0.22436999,0.16954284,-0.45703895,-29.32394845,-1.38872428,-0.45703895,-29.32394845,-1.38872428,-0.45384770,-29.27693837,-1.46498387,-0.00970143,-0.01868511,-0.00693256,-0.00482851,0.01960010,-0.00316731
8.050,1.61208850,-0.54874404,3.44018503,0.24679499,-0.20424413,0.16594835,-0.06364396,0.05267087,-0.04279508,1.62181531,-0.53023783,3.44713436,0.25160676,-0.22387688,0.16911678,-0.45861621,-29.29163201,-1.39265571,-0.45861621,-29.29163201,-1.39265571,-0.45544936,-29.24500203,-1.46870727,-0.00972681,-0.01850621,-0.00694933,-0.00481177,0.01963275,-0.00316843
8.060,1.61455326,-0.55078385,3.44184237,0.24615741,-0.20371647,0.16551964,-0.06387176,0.05285938,-0.04294825,1.62430520,-0.53245677,3.44880842,0.25095238,-0.22338108,0.16868911,-0.46018163,-29.25925446,-1.39658279,-0.46018163,-29.25925446,-1.39658279,-0.45703895,-29.21300161,-1.47242734,-0.00975194,-0.01832708,-0.00696605,-0.00479497,0.01966461,-0.00316947
8.070,1.61701164,-0.55281837,3.44349542,0.24551756,-0.20318694,0.16508939,-0.06409834,0.05304690,-0.04310061,1.62678846,-0.53467064,3.45047814,0.25029567,-0.22288259,0.16825984,-0.46173446,-29.22681582,-1.40050483,-0.46173446,-29.22681582,-1.40050483,-0.45861621,-29.18093844,-1.47614172,-0.00977682,-0.01814773,-0.00698272,-0.00477811,0.01969565,-0.00317045
8.080,1.61946361,-0.55484758,3.44514416,0.24487544,-0.20265554,0.16465763,-0.06432372,0.05323342,-0.04325215,1.62926505,-0.53687942,3.45214350,0.24963662,-0.22238143,0.16782896,-0.46327521,-29.19431701,-1.40442225,-0.46327521,-29.19431701,-1.40442225,-0.46018163,-29.14881549,-1.47985097,-0.00980144,-0.01796816,-0.00699934,-0.00476118,0.01972589,-0.00317133
8.090,1.62190914,-0.55687147,3.44678857,0.24423109,-0.20212228,0.16422435,-0.06454787,0.05341893,-0.04340288,1.63173496,-0.53908308,3.45380449,0.24897526,-0.22187760,0.16739650,-0.46480391,-29.16176127,-1.40833591,-0.46480391,-29.16176127,-1.40833591,-0.46173446,-29.11663277,-1.48355440,-0.00982582,-0.01778839,-0.00701592,-0.00474417,0.01975532,-0.00317215
8.100,1.62434822,-0.55889002,3.44842864,0.24358449,-0.20158716,0.16378957,-0.06477080,0.05360342,-0.04355278,1.63419817,-0.54128160,3.45546110,0.24831160,-0.22137111,0.16696247,-0.46632032,-29.12914951,-1.41224486,-0.46632032,-29.12914951,-1.41224486,-0.46327521,-29.08439118,-1.48725243,-0.00984995,-0.01760842,-0.00703246,-0.00472711,0.01978395,-0.00317290
8.110,1.62678082,-0.56090321,3.45006436,0.24293567,-0.20105021,0.16335330,-0.06499251,0.05378690,-0.04370186,1.63665465,-0.54347494,3.45711330,0.24764566,-0.22086198,0.16652686,-0.46782459,-29.09648365,-1.41614825,-0.46782459,-29.09648365,-1.41614825,-0.46480391,-29.05209399,-1.49094593,-0.00987383,-0.01742827,-0.00704894,-0.00470999,0.01981177,-0.00317356
8.120,1.62920693,-0.56291102,3.45169570,0.24228464,-0.20051143,0.16291554,-0.06521297,0.05396936,-0.04385010,1.63910438,-0.54566309,3.45876108,0.24697744,-0.22035020,0.16608969,-0.46931615,-29.06376455,-1.42004834,-0.46931615,-29.06376455,-1.42004834,-0.46632032,-29.01974207,-1.49463395,-0.00989745,-0.01724793,-0.00706538,-0.00469280,0.01983877,-0.00317415
8.130,1.63162651,-0.56491343,3.45332266,0.24163142,-0.19997083,0.16247630,-0.06543219,0.05415078,-0.04399751,1.64154733,-0.54784602,3.46040443,0.24630696,-0.21983579,0.16565097,-0.47079578,-29.03099338,-1.42394285,-0.47079578,-29.03099338,-1.42394285,-0.46782459,-28.98733736,-1.49831566,-0.00992082,-0.01706741,-0.00708177,-0.00467554,0.01986496,-0.00317467
8.140,1.63403955,-0.56691043,3.45494522,0.24097601,-0.19942842,0.16203559,-0.06565017,0.05433118,-0.04414408,1.64398349,-0.55002369,3.46204333,0.24563424,-0.21931876,0.16521070,-0.47226304,-28.99817331,-1.42783241,-0.47226304,-28.99817331,-1.42783241,-0.46931615,-28.95488071,-1.50199330,-0.00994394,-0.01688674,-0.00709811,-0.00465823,0.01989034,-0.00317511
8.150,1.63644602,-0.56890199,3.45656337,0.24031842,-0.19888421,0.16159342,-0.06586689,0.05451053,-0.04428981,1.64641284,-0.55219610,3.46367776,0.24495928,-0.21879912,0.16476890,-0.47371836,-28.96530349,-1.43171624,-0.47371836,-28.96530349,-1.43171624,-0.47079578,-28.92237328,-1.50566459,-0.00996682,-0.01670589,-0.00711439,-0.00464086,0.01991491,-0.00317548
8.160,1.63884591,-0.57088811,3.45817709,0.23965867,-0.19833821,0.16114980,-0.06608235,0.05468884,-0.04443469,1.64883534,-0.55436320,3.46530772,0.24428211,-0.21827688,0.16432556,-0.47516107,-28.93238904,-1.43559503,-0.47516107,-28.93238904,-1.43559503,-0.47226304,-28.88981823,-1.50933019,-0.00998943,-0.01652491,-0.00713063,-0.00462344,0.01993867,-0.00317576
8.170,1.64123919,-0.57286875,3.45978636,0.23899678,-0.19779044,0.16070473,-0.06629655,0.05486611,-0.04457872,1.65125099,-0.55652497,3.46693318,0.24360273,-0.21775205,0.16388071,-0.47659149,-28.89942740,-1.43946965,-0.47659149,-28.89942740,-1.43946965,-0.47371836,-28.85721472,-1.51298931,-0.01001180,-0.01634378,-0.00714682,-0.00460595,0.01996161,-0.00317598
8.180,1.64362584,-0.57484391,3.46139117,0.23833274,-0.19724089,0.16025822,-0.06650948,0.05504233,-0.04472189,1.65365975,-0.55868140,3.46855413,0.24292116,-0.21722463,0.16343434,-0.47800981,-28.86642293,-1.44333936,-0.47800981,-28.86642293,-1.44333936,-0.47516107,-28.82456785,-1.51664265,-0.01003391,-0.01616251,-0.00716296,-0.00458842,0.01998374,-0.00317612
8.190,1.64600584,-0.57681356,3.46299152,0.23766659,-0.19668959,0.15981029,-0.06672113,0.05521748,-0.04486421,1.65606161,-0.56083244,3.47017056,0.24223741,-0.21669464,0.16298647,-0.47941565,-28.83337540,-1.44720178,-0.47941565,-28.83337540,-1.44720178,-0.47659149,-28.79187506,-1.52029108,-0.01005577,-0.01598112,-0.00717904,-0.00457082,0.02000505,-0.00317618
8.200,1.64837916,-0.57877770,3.46458738,0.23699833,-0.19613655,0.15936094,-0.06693149,0.05539158,-0.04500566,1.65845655,-0.56297809,3.47178245,0.24155149,-0.21616209,0.16253710,-0.48080959,-28.80028987,-1.45105924,-0.48080959,-28.80028987,-1.45105924,-0.47800981,-28.75914071,-1.52393386,-0.01007739,-0.01579961,-0.00719507,-0.00455316,0.02002554,-0.00317616
8.210,1.65074580,-0.58073629,3.46617873,0.23632797,-0.19558176,0.15891018,-0.06714057,0.05556461,-0.04514624,1.66084454,-0.56511830,3.47338979,0.24086343,-0.21562699,0.16208625,-0.48219061,-28.76716261,-1.45491257,-0.48219061,-28.76716261,-1.45491257,-0.47941565,-28.72636456,-1.52756862,-0.01009874,-0.01561799,-0.00721106,-0.00453546,0.02004523,-0.00317607
8.220,1.65310572,-0.58268933,3.46776557,0.23565552,-0.19502526,0.15845802,-0.06734835,0.05573657,-0.04528596,1.66322557,-0.56725307,3.47499256,0.24017323,-0.21508935,0.16163391,-0.48355970,-28.73399965,-1.45875958,-0.48355970,-28.73399965,-1.45875958,-0.48080959,-28.69355166,-1.53119770,-0.01011985,-0.01543626,-0.00722699,-0.00451771,0.02006409,-0.00317589
8.230,1.65545890,-0.58463679,3.46934789,0.23498100,-0.19446704,0.15800447,-0.06755483,0.05590745,-0.04542480,1.66559961,-0.56938236,3.47659074,0.23948091,-0.21454918,0.16118011,-0.48491673,-28.70079926,-1.46259954,-0.48491673,-28.70079926,-1.46259954,-0.48219061,-28.66069829,-1.53482192,-0.01014071,-0.01525443,-0.00724285,-0.00449991,0.02008214,-0.00317564
8.240,1.65780533,-0.58657866,3.47092566,0.23430443,-0.19390711,0.15754953,-0.06776001,0.05607725,-0.04556276,1.66796664,-0.57150614,3.47818433,0.23878648,-0.21400648,0.16072484,-0.48626108,-28.66756438,-1.46643487,-0.48626108,-28.66756438,-1.46643487,-0.48355970,-28.62781045,-1.53843910,-0.01016131,-0.01507252,-0.00725867,-0.00448205,0.02009937,-0.00317531
8.250,1.66014498,-0.58851493,3.47249887,0.23362581,-0.19334550,0.15709321,-0.06796387,0.05624596,-0.04569984,1.67032665,-0.57362440,3.47977331,0.23808995,-0.21346128,0.16026812,-0.48759338,-28.63429861,-1.47026495,-0.48759338,-28.63429861,-1.47026495,-0.48491673,-28.59488643,-1.54204853,-0.01018167,-0.01489053,-0.00727444,-0.00446414,0.02011578,-0.00317491
8.260,1.66247784,-0.59044556,3.47406752,0.23294515,-0.19278220,0.15663553,-0.06816642,0.05641359,-0.04583604,1.67267960,-0.57573710,3.48135767,0.23739135,-0.21291357,0.15980996,-0.48891315,-28.60099816,-1.47408752,-0.48891315,-28.60099816,-1.47408752,-0.48626108,-28.56192915,-1.54565261,-0.01020176,-0.01470846,-0.00729015,-0.00444620,0.02013137,-0.00317443
8.270,1.66480388,-0.59237056,3.47563158,0.23226248,-0.19221723,0.15617650,-0.06836764,0.05658011,-0.04597134,1.67502549,-0.57784423,3.48293738,0.23669068,-0.21236338,0.15935037,-0.49022067,-28.56767023,-1.47790491,-0.49022067,-28.56767023,-1.47790491,-0.48759338,-28.52894221,-1.54925074,-0.01022161,-0.01452633,-0.00730580,-0.00442820,0.02014615,-0.00317387
8.280,1.66712308,-0.59428990,3.47719104,0.23157781,-0.19165060,0.15571611,-0.06856753,0.05674554,-0.04610575,1.67736429,-0.57994576,3.48451245,0.23598795,-0.21181071,0.15888935,-0.49151597,-28.53431368,-1.48171675,-0.49151597,-28.53431368,-1.48171675,-0.48891315,-28.49592180,-1.55284066,-0.01024121,-0.01434414,-0.00732141,-0.00441014,0.02016011,-0.00317324
8.290,1.66943543,-0.59620357,3.47874590,0.23089114,-0.19108232,0.15525438,-0.06876608,0.05690986,-0.04623926,1.67969597,-0.58204166,3.48608284,0.23528319,-0.21125558,0.15842691,-0.49279871,-28.50093133,-1.48552082,-0.49279871,-28.50093133,-1.48552082,-0.49022067,-28.46287514,-1.55642471,-0.01026054,-0.01416191,-0.00733694,-0.00439205,0.02017326,-0.00317253
8.300,1.67174090,-0.59811154,3.48029613,0.23020249,-0.19051240,0.15479133,-0.06896330,0.05707307,-0.04637187,1.68202054,-0.58413191,3.48764856,0.23457641,-0.21069799,0.15796306,-0.49406932,-28.46752198,-1.48931939,-0.49406932,-28.46752198,-1.48931939,-0.49151597,-28.42980108,-1.56000251,-0.01027964,-0.01397963,-0.00735243,-0.00437392,0.02018559,-0.00317173
8.310,1.67403947,-0.60001381,3.48184172,0.22951188,-0.18994086,0.15432695,-0.06915917,0.05723517,-0.04650358,1.68433795,-0.58621649,3.48920958,0.23386761,-0.21013795,0.15749782,-0.49532774,-28.43409072,-1.49311216,-0.49532774,-28.43409072,-1.49311216,-0.49279871,-28.39670241,-1.56357187,-0.01029848,-0.01379732,-0.00736786,-0.00435573,0.02019709,-0.00317087
8.320,1.67633113,-0.60191036,3.48338266,0.22881931,-0.18936770,0.15386126,-0.06935368,0.05739615,-0.04663437,1.68664819,-0.58829537,3.49076589,0.23315682,-0.20957548,0.15703119,-0.49657363,-28.40063795,-1.49689845,-0.49657363,-28.40063795,-1.49689845,-0.49406932,-28.36357794,-1.56713505,-0.01031706,-0.01361499,-0.00738323,-0.00433751,0.02020778,-0.00316993
8.330,1.67861585,-0.60380116,3.48491894,0.22812481,-0.18879294,0.15339427,-0.06954683,0.05755600,-0.04676425,1.68895125,-0.59036853,3.49231748,0.23244405,-0.20901060,0.15656318,-0.49780734,-28.36716274,-1.50067769,-0.49780734,-28.36716274,-1.50067769,-0.49532774,-28.33043275,-1.57069174,-0.01033540,-0.01343263,-0.00739854,-0.00431924,0.02021766,-0.00316891
8.340,1.68089362,-0.60568621,3.48645054,0.22742838,-0.18821659,0.15292598,-0.06973862,0.05771472,-0.04689321,1.69124710,-0.59243594,3.49386434,0.23172932,-0.20844330,0.15609380,-0.49902857,-28.33366977,-1.50445095,-0.49902857,-28.33366977,-1.50445095,-0.49657363,-28.29726725,-1.57424128,-0.01035348,-0.01325027,-0.00741380,-0.00430094,0.02022671,-0.00316782
8.350,1.68316441,-0.60756549,3.48797746,0.22673004,-0.18763865,0.15245640,-0.06992904,0.05787231,-0.04702125,1.69353573,-0.59449759,3.49540645,0.23101263,-0.20787360,0.15562306,-0.50023777,-28.30015936,-1.50821622,-0.50023777,-28.30015936,-1.50821622,-0.49780734,-28.26408048,-1.57778311,-0.01037132,-0.01306790,-0.00742899,-0.00428259,0.02023495,-0.00316666
8.360,1.68542821,-0.60943898,3.48949967,0.22602980,-0.18705915,0.15198556,-0.07011808,0.05802876,-0.04714837,1.69581711,-0.59655344,3.49694380,0.23029400,-0.20730152,0.15515097,-0.50143453,-28.26663286,-1.51197577,-0.50143453,-28.26663286,-1.51197577,-0.49902857,-28.23087713,-1.58131830,-0.01038890,-0.01288554,-0.00744413,-0.00426420,0.02024237,-0.00316541
8.370,1.68768500,-0.61130667,3.49101716,0.22532768,-0.18647808,0.15151344,-0.07030574,0.05818406,-0.04727455,1.69809123,-0.59860348,3.49847637,0.22957345,-0.20672707,0.15467754,-0.50261885,-28.23309216,-1.51572947,-0.50261885,-28.23309216,-1.51572947,-0.50023777,-28.19765751,-1.58484484,-0.01040623,-0.01270319,-0.00745921,-0.00424577,0.02024899,-0.00316410
8.380,1.68993476,-0.61316853,3.49252993,0.22462369,-0.18589547,0.15104007,-0.07049201,0.05833822,-0.04739980,1.70035806,-0.60064768,3.50000415,0.22885099,-0.20615025,0.15420278,-0.50379083,-28.19953654,-1.51947513,-0.50379083,-28.19953654,-1.51947513,-0.50143453,-28.16442296,-1.58836501,-0.01042330,-0.01252085,-0.00747422,-0.00422730,0.02025478,-0.00316271
8.390,1.69217747,-0.61502457,3.49403796,0.22391785,-0.18531132,0.15056545,-0.07067689,0.05849122,-0.04752412,1.70261760,-0.60268601,3.50152714,0.22812664,-0.20557109,0.15372669,-0.50495046,-28.16597224,-1.52321386,-0.50495046,-28.16597224,-1.52321386,-0.50261885,-28.13117536,-1.59187868,-0.01044013,-0.01233856,-0.00748918,-0.00420879,0.02025977,-0.00316124
8.400,1.69441311,-0.61687476,3.49554124,0.22321016,-0.18472565,0.15008959,-0.07086037,0.05864306,-0.04764749,1.70486981,-0.60471846,3.50304531,0.22740041,-0.20498958,0.15324929,-0.50609799,-28.13239816,-1.52694519,-0.50609799,-28.13239816,-1.52694519,-0.50379083,-28.09791400,-1.59538367,-0.01045670,-0.01215630,-0.00750407,-0.00419025,0.02026393,-0.00315970
8.410,1.69664167,-0.61871908,3.49703975,0.22250064,-0.18413846,0.14961250,-0.07104244,0.05879374,-0.04776992,1.70711469,-0.60674500,3.50455865,0.22667231,-0.20440576,0.15277058,-0.50723294,-28.09881446,-1.53067023,-0.50723294,-28.09881446,-1.53067023,-0.50495046,-28.06464510,-1.59888109,-0.01047302,-0.01197408,-0.00751890,-0.00417167,0.02026730,-0.00315808
8.420,1.69886312,-0.62055752,3.49853348,0.22178931,-0.18354978,0.14913419,-0.07122310,0.05894325,-0.04789139,1.70935222,-0.60876562,3.50606716,0.22594236,-0.20381961,0.15229058,-0.50835582,-28.06522427,-1.53438857,-0.50835582,-28.06522427,-1.53438857,-0.50609799,-28.03136757,-1.60237048,-0.01048910,-0.01179190,-0.00753368,-0.00415305,0.02026983,-0.00315639
8.430,1.70107745,-0.62239007,3.50002243,0.22107619,-0.18295960,0.14865468,-0.07140234,0.05909159,-0.04801192,1.71158237,-0.61078028,3.50757081,0.22521058,-0.20323117,0.15180929,-0.50946615,-28.03162939,-1.53809820,-0.50946615,-28.03162939,-1.53809820,-0.50723294,-27.99808154,-1.60585295,-0.01050492,-0.01160979,-0.00754838,-0.00413439,0.02027157,-0.00315461
8.440,1.70328464,-0.62421671,3.50150657,0.22036127,-0.18236795,0.14817396,-0.07158016,0.05923875,-0.04813148,1.71380513,-0.61278896,3.50906960,0.22447698,-0.20264044,0.15132673,-0.51056435,-27.99803095,-1.54180190,-0.51056435,-27.99803095,-1.54180190,-0.50835582,-27.96479015,-1.60932809,-0.01052049,-0.01142775,-0.00756303,-0.00411571,0.02027249,-0.00315277
8.450,1.70548467,-0.62603742,3.50298590,0.21964459,-0.18177483,0.14769205,-0.07175654,0.05938473,-0.04825009,1.71602049,-0.61479164,3.51056352,0.22374157,-0.20204743,0.15084290,-0.51165021,-27.96442899,-1.54549772,-0.51165021,-27.96442899,-1.54549772,-0.50946615,-27.93149518,-1.61279391,-0.01053582,-0.01124578,-0.00757762,-0.00409698,0.02027260,-0.00315085
8.460,1.70767752,-0.62785220,3.50446041,0.21892615,-0.18118026,0.14720896,-0.07193150,0.05952952,-0.04836773,1.71822841,-0.61678831,3.51205254,0.22300437,-0.20145216,0.15035781,-0.51272402,-27.93082823,-1.54918528,-0.51272402,-27.93082823,-1.54918528,-0.51056435,-27.89819777,-1.61625317,-0.01055089,-0.01106389,-0.00759213,-0.00407822,0.02027190,-0.00314885
8.470,1.70986318,-0.62966102,3.50593008,0.21820596,-0.18058424,0.14672470,-0.07210501,0.05967311,-0.04848440,1.72042890,-0.61877893,3.51353667,0.22226539,-0.20085465,0.14987148,-0.51378547,-27.89722670,-1.55286573,-0.51378547,-27.89722670,-1.55286573,-0.51165021,-27.86489794,-1.61970396,-0.01056572,-0.01088209,-0.00760659,-0.00405943,0.02027041,-0.00314678
8.480,1.71204163,-0.63146388,3.50739490,0.21748405,-0.17998680,0.14623928,-0.07227708,0.05981551,-0.04860010,1.72262192,-0.62076348,3.51501588,0.22152466,-0.20025489,0.14938391,-0.51483449,-27.86362938,-1.55653877,-0.51483449,-27.86362938,-1.55653877,-0.51272402,-27.83160042,-1.62314588,-0.01058029,-0.01070040,-0.00762098,-0.00404061,0.02026809,-0.00314463
8.490,1.71421286,-0.63326075,3.50885486,0.21676043,-0.17938794,0.14575270,-0.07244769,0.05995671,-0.04871482,1.72480747,-0.62274195,3.51649017,0.22078217,-0.19965291,0.14889511,-0.51587079,-27.83003422,-1.56020419,-0.51587079,-27.83003422,-1.56020419,-0.51378547,-27.79830321,-1.62658009,-0.01059461,-0.01051880,-0.00763531,-0.00402174,0.02026497,-0.00314241
8.500,1.71637684,-0.63505163,3.51030995,0.21603510,-0.17878767,0.14526498,-0.07261684,0.06009670,-0.04882857,1.72698552,-0.62471431,3.51795952,0.22003796,-0.19904872,0.14840509,-0.51689519,-27.79644548,-1.56386160,-0.51689519,-27.79644548,-1.56386160,-0.51483449,-27.76501130,-1.63000629,-0.01060868,-0.01033732,-0.00764957,-0.00400286,0.02026105,-0.00314011
8.510,1.71853355,-0.63683650,3.51176016,0.21530809,-0.17818601,0.14477613,-0.07278453,0.06023547,-0.04894132,1.72915607,-0.62668055,3.51942392,0.21929203,-0.19844233,0.14791387,-0.51790767,-27.76286374,-1.56751069,-0.51790767,-27.76286374,-1.56751069,-0.51587079,-27.73172264,-1.63342429,-0.01062252,-0.01015595,-0.00766376,-0.00398394,0.02025632,-0.00313774
8.520,1.72068299,-0.63861535,3.51320547,0.21457942,-0.17758296,0.14428616,-0.07295075,0.06037303,-0.04905309,1.73131908,-0.62864063,3.52088336,0.21854440,-0.19783376,0.14742145,-0.51890731,-27.72929087,-1.57115271,-0.51890731,-27.72929087,-1.57115271,-0.51689519,-27.69844146,-1.63683369,-0.01063609,-0.00997472,-0.00767789,-0.00396498,0.02025080,-0.00313529
8.530,1.72282514,-0.64038816,3.51464588,0.21384908,-0.17697855,0.14379507,-0.07311549,0.06050937,-0.04916386,1.73347455,-0.63059453,3.52233783,0.21779508,-0.19722302,0.14692784,-0.51989460,-27.69572770,-1.57478603,-0.51989460,-27.69572770,-1.57478603,-0.51790767,-27.66516835,-1.64023420,-0.01064941,-0.00979363,-0.00769195,-0.00394600,0.02024447,-0.00313277
8.540,1.72495997,-0.64215492,3.51608137,0.21311711,-0.17637278,0.14330288,-0.07327875,0.06064448,-0.04927364,1.73562246,-0.63254225,3.52378732,0.21704409,-0.19661012,0.14643306,-0.52086990,-27.66217605,-1.57841181,-0.52086990,-27.66217605,-1.57841181,-0.51890731,-27.63190516,-1.64362706,-0.01066249,-0.00961267,-0.00770595,-0.00392698,0.02023734,-0.00313018
8.550,1.72708747,-0.64391561,3.51751193,0.21238351,-0.17576567,0.14280960,-0.07344052,0.06077836,-0.04938242,1.73776280,-0.63448375,3.52523181,0.21629145,-0.19599507,0.14593711,-0.52183309,-27.62863634,-1.58202985,-0.52183309,-27.62863634,-1.58202985,-0.51989460,-27.59865273,-1.64701066,-0.01067533,-0.00943186,-0.00771988,-0.00390794,0.02022940,-0.00312751
8.560,1.72920763,-0.64567022,3.51893756,0.21164831,-0.17515722,0.14231524,-0.07360080,0.06091101,-0.04949019,1.73989554,-0.63641901,3.52667130,0.21553717,-0.19537790,0.14544000,-0.52278367,-27.59511033,-1.58563842,-0.52278367,-27.59511033,-1.58563842,-0.52086990,-27.56541285,-1.65038615,-0.01068791,-0.00925121,-0.00773374,-0.00388886,0.02022068,-0.00312476
8.570,1.73132044,-0.64741875,3.52035823,0.21091150,-0.17454745,0.14181980,-0.07375958,0.06104241,-0.04959696,1.74202068,-0.63834802,3.52810577,0.21478126,-0.19475862,0.14494175,-0.52372165,-27.56160243,-1.58924043,-0.52372165,-27.56160243,-1.58924043,-0.52183309,-27.53218596,-1.65375334,-0.01070024,-0.00907073,-0.00774754,-0.00386976,0.02021117,-0.00312195
8.580,1.73342586,-0.64916117,3.52177395,0.21017312,-0.17393637,0.14132330,-0.07391685,0.06117257,-0.04970271,1.74413819,-0.64027075,3.52953521,0.21402374,-0.19413723,0.14444235,-0.52464793,-27.52811067,-1.59283262,-0.52464793,-27.52811067,-1.59283262,-0.52278367,-27.49897379,-1.65711051,-0.01071233,-0.00889042,-0.00776126,-0.00385062,0.02020086,-0.00311905
8.590,1.73552389,-0.65089747,3.52318469,0.20943317,-0.17332400,0.14082575,-0.07407262,0.06130147,-0.04980745,1.74624806,-0.64218718,3.53095961,0.21326463,-0.19351375,0.14394184,-0.52556192,-27.49463740,-1.59641780,-0.52556192,-27.49463740,-1.59641780,-0.52372165,-27.46578076,-1.66046057,-0.01072417,-0.00871029,-0.00777492,-0.00383146,0.02018975,-0.00311609
8.600,1.73761452,-0.65262764,3.52459046,0.20869167,-0.17271035,0.14032716,-0.07422686,0.06142913,-0.04991116,1.74835028,-0.64409730,3.53237896,0.21250394,-0.19288820,0.14344020,-0.52646327,-27.46118457,-1.59999286,-0.52646327,-27.46118457,-1.59999286,-0.52464793,-27.43260489,-1.66380027,-0.01073576,-0.00853034,-0.00778850,-0.00381227,0.02017785,-0.00311304
8.610,1.73969772,-0.65435167,3.52599123,0.20794864,-0.17209542,0.13982753,-0.07437958,0.06155552,-0.05001386,1.75044483,-0.64600108,3.53379326,0.21174168,-0.19226060,0.14293746,-0.52735267,-27.42775379,-1.60356072,-0.52735267,-27.42775379,-1.60356072,-0.52556192,-27.39944852,-1.66713241,-0.01074711,-0.00835059,-0.00780203,-0.00379304,0.02016518,-0.00310993
8.620,1.74177349,-0.65606955,3.52738701,0.20720409,-0.17147924,0.13932688,-0.07453077,0.06168064,-0.05011552,1.75253170,-0.64789850,3.53520248,0.21097788,-0.19163094,0.14243361,-0.52822942,-27.39434766,-1.60711822,-0.52822942,-27.39434766,-1.60711822,-0.52646327,-27.36631358,-1.67045390,-0.01075821,-0.00817105,-0.00781547,-0.00377379,0.02015170,-0.00310673
8.630,1.74384180,-0.65778126,3.52877777,0.20645803,-0.17086182,0.13882523,-0.07468043,0.06180449,-0.05021615,1.75461086,-0.64978954,3.53660662,0.21021255,-0.19099926,0.14192869,-0.52909432,-27.36096604,-1.61066813,-0.52909432,-27.36096604,-1.61066813,-0.52735267,-27.33320169,-1.67376767,-0.01076906,-0.00799172,-0.00782885,-0.00375452,0.02013744,-0.00310346
8.640,1.74590264,-0.65948678,3.53016351,0.20571048,-0.17024316,0.13832257,-0.07482855,0.06192707,-0.05031575,1.75668231,-0.65167418,3.53800566,0.20944570,-0.19036556,0.14142269,-0.52994708,-27.32760840,-1.61420914,-0.52994708,-27.32760840,-1.61420914,-0.52822942,-27.30011543,-1.67707056,-0.01077967,-0.00781260,-0.00784215,-0.00373522,0.02012240,-0.00310012
8.650,1.74795600,-0.66118611,3.53154422,0.20496146,-0.16962328,0.13781891,-0.07497512,0.06204837,-0.05041430,1.75874604,-0.65355241,3.53939961,0.20867735,-0.18972986,0.14091562,-0.53078740,-27.29427886,-1.61774119,-0.53078740,-27.29427886,-1.61774119,-0.52909432,-27.26705466,-1.68036535,-0.01079004,-0.00763370,-0.00785539,-0.00371589,0.02010658,-0.00309671
8.660,1.75000187,-0.66287924,3.53291988,0.20421098,-0.16900219,0.13731428,-0.07512014,0.06216839,-0.05051182,1.76080202,-0.65542420,3.54078844,0.20790751,-0.18909217,0.14040751,-0.53161511,-27.26097925,-1.62126554,-0.53161511,-27.26097925,-1.62126554,-0.52994708,-27.23401884,-1.68365072,-0.01080015,-0.00745504,-0.00786856,-0.00369653,0.02008998,-0.00309323
8.670,1.75204022,-0.66456615,3.53429050,0.20345906,-0.16837992,0.13680868,-0.07526360,0.06228711,-0.05060828,1.76285024,-0.65728954,3.54217215,0.20713620,-0.18845252,0.13989835,-0.53243095,-27.22771000,-1.62477925,-0.53243095,-27.22771000,-1.62477925,-0.53078740,-27.20101209,-1.68692663,-0.01081002,-0.00727661,-0.00788165,-0.00367714,0.02007260,-0.00308967
8.680,1.75407104,-0.66624684,3.53565605,0.20270572,-0.16775646,0.13630212,-0.07540549,0.06240454,-0.05070369,1.76489069,-0.65914840,3.54355072,0.20636344,-0.18781090,0.13938816,-0.53323465,-27.19447414,-1.62828529,-0.53323465,-27.19447414,-1.62828529,-0.53161511,-27.16803622,-1.69019433,-0.01081965,-0.00709844,-0.00789467,-0.00365772,0.02005444,-0.00308604
8.690,1.75609433,-0.66792128,3.53701654,0.20195096,-0.16713183,0.13579461,-0.07554582,0.06252068,-0.05079805,1.76692336,-0.66100076,3.54492416,0.20558924,-0.18716735,0.13887695,-0.53402568,-27.16126969,-1.63178067,-0.53402568,-27.16126969,-1.63178067,-0.53243095,-27.13509166,-1.69345091,-0.01082903,-0.00692052,-0.00790762,-0.00363828,0.02003552,-0.00308234
8.700,1.75811006,-0.66958947,3.53837194,0.20119481,-0.16650605,0.13528616,-0.07568457,0.06263550,-0.05089135,1.76894822,-0.66284662,3.54629244,0.20481362,-0.18652186,0.13836472,-0.53480467,-27.12810063,-1.63526842,-0.53480467,-27.12810063,-1.63526842,-0.53323465,-27.10218143,-1.69669931,-0.01083816,-0.00674285,-0.00792050,-0.00361881,0.02001581,-0.00307856
8.710,1.76011822,-0.67125140,3.53972226,0.20043727,-0.16587912,0.13477679,-0.07582173,0.06274902,-0.05098358,1.77096528,-0.66468594,3.54765556,0.20403659,-0.18587447,0.13785150,-0.53557163,-27.09496823,-1.63874550,-0.53557163,-27.09496823,-1.63874550,-0.53402568,-27.06930354,-1.69993659,-0.01084706,-0.00656546,-0.00793330,-0.00359932,0.01999535,-0.00307471
8.720,1.76211880,-0.67290705,3.54106747,0.19967838,-0.16525107,0.13426650,-0.07595732,0.06286123,-0.05107475,1.77297451,-0.66651871,3.54901350,0.20325817,-0.18522518,0.13733728,-0.53632609,-27.06187277,-1.64221505,-0.53632609,-27.06187277,-1.64221505,-0.53480467,-27.03646197,-1.70316574,-0.01085571,-0.00638834,-0.00794603,-0.00357979,0.01997411,-0.00307078
8.730,1.76411178,-0.67455641,3.54240758,0.19891813,-0.16462190,0.13375530,-0.07609130,0.06297211,-0.05116484,1.77497590,-0.66834492,3.55036627,0.20247838,-0.18457402,0.13682209,-0.53706866,-27.02881544,-1.64567416,-0.53706866,-27.02881544,-1.64567416,-0.53557163,-27.00365797,-1.70638376,-0.01086412,-0.00621149,-0.00795869,-0.00356025,0.01995212,-0.00306679
8.740,1.76609716,-0.67619948,3.54374258,0.19815656,-0.16399163,0.13324320,-0.07622369,0.06308167,-0.05125386,1.77696944,-0.67016454,3.55171384,0.20169722,-0.18392098,0.13630593,-0.53779841,-26.99580014,-1.64912289,-0.53779841,-26.99580014,-1.64912289,-0.53632609,-26.97089183,-1.70959377,-0.01087228,-0.00603494,-0.00797126,-0.00354066,0.01992935,-0.00306273
8.750,1.76807491,-0.67783624,3.54507245,0.19739366,-0.16336027,0.13273022,-0.07635447,0.06318991,-0.05134180,1.77895511,-0.67197755,3.55305622,0.20091473,-0.18326610,0.13578881,-0.53851648,-26.96282635,-1.65256275,-0.53851648,-26.96282635,-1.65256275,-0.53706866,-26.93816472,-1.71279289,-0.01088020,-0.00585869,-0.00798377,-0.00352107,0.01990583,-0.00305859
8.760,1.77004502,-0.67946668,3.54639718,0.19662947,-0.16272784,0.13221637,-0.07648364,0.06329681,-0.05142866,1.78093290,-0.67378395,3.55439338,0.20013091,-0.18260939,0.13527075,-0.53922243,-26.92989586,-1.65599389,-0.53922243,-26.92989586,-1.65599389,-0.53779841,-26.90548052,-1.71598118,-0.01088788,-0.00568273,-0.00799620,-0.00350144,0.01988155,-0.00305438
8.770,1.77200749,-0.68109080,3.54771677,0.19586400,-0.16209434,0.13170165,-0.07661120,0.06340237,-0.05151443,1.78290281,-0.67558370,3.55572533,0.19934578,-0.18195085,0.13475176,-0.53991569,-26.89701173,-1.65941509,-0.53991569,-26.89701173,-1.65941509,-0.53851648,-26.87283872,-1.71916013,-0.01089532,-0.00550710,-0.00800856,-0.00348178,0.01985651,-0.00305011
8.780,1.77396230,-0.68270857,3.54903121,0.19509725,-0.16145980,0.13118608,-0.07673713,0.06350659,-0.05159911,1.78486481,-0.67737679,3.55705205,0.19855935,-0.18129052,0.13423184,-0.54059682,-26.86417205,-1.66282637,-0.54059682,-26.86417205,-1.66282637,-0.53922243,-26.84024111,-1.72232994,-0.01090251,-0.00533178,-0.00802084,-0.00346210,0.01983072,-0.00304576
8.790,1.77590943,-0.68431999,3.55034049,0.19432926,-0.16082421,0.13066967,-0.07686143,0.06360946,-0.05168269,1.78681889,-0.67916321,3.55837354,0.19777164,-0.18062840,0.13371101,-0.54126591,-26.83137945,-1.66622791,-0.54126591,-26.83137945,-1.66622791,-0.53991569,-26.80769071,-1.72548935,-0.01090946,-0.00515678,-0.00803305,-0.00344238,0.01980419,-0.00304134
8.800,1.77784888,-0.68592505,3.55164460,0.19356003,-0.16018761,0.13015243,-0.07698410,0.06371098,-0.05176517,1.78876505,-0.68094294,3.55968978,0.19698268,-0.17996451,0.13318928,-0.54192253,-26.79863628,-1.66961991,-0.54192253,-26.79863628,-1.66961991,-0.54059682,-26.77518563,-1.72863841,-0.01091617,-0.00498211,-0.00804518,-0.00342265,0.01977690,-0.00303685
8.810,1.77978063,-0.68752374,3.55294353,0.19278958,-0.15955000,0.12963437,-0.07710513,0.06381114,-0.05184655,1.79070327,-0.68271596,3.56100076,0.19619246,-0.17929887,0.13266666,-0.54256703,-26.76594349,-1.67300257,-0.54256703,-26.76594349,-1.67300257,-0.54126591,-26.74272848,-1.73177731,-0.01092264,-0.00480778,-0.00805723,-0.00340288,0.01974887,-0.00303229
8.820,1.78170467,-0.68911605,3.55423729,0.19201793,-0.15891139,0.12911551,-0.07722451,0.06390994,-0.05192683,1.79263354,-0.68448225,3.56230649,0.19540102,-0.17863149,0.13214315,-0.54319926,-26.73330233,-1.67637302,-0.54319926,-26.73330233,-1.67637302,-0.54192253,-26.71032161,-1.73490624,-0.01092887,-0.00463380,-0.00806920,-0.00338309,0.01972010,-0.00302764
8.830,1.78362099,-0.69070196,3.55552584,0.19124510,-0.15827181,0.12859584,-0.07734224,0.06400738,-0.05200599,1.79455584,-0.68624181,3.56360695,0.19460837,-0.17796238,0.13161878,-0.54381908,-26.70071272,-1.67973616,-0.54381908,-26.70071272,-1.67973616,-0.54256703,-26.67796595,-1.73802541,-0.01093485,-0.00446015,-0.00808111,-0.00336327,0.01969057,-0.00302294
8.840,1.78552957,-0.69228148,3.55680920,0.19047109,-0.15763125,0.12807539,-0.07745832,0.06410344,-0.05208404,1.79647017,-0.68799460,3.56490213,0.19381452,-0.17729158,0.13109356,-0.54442710,-26.66817909,-1.68308764,-0.54442710,-26.66817909,-1.68308764,-0.54319926,-26.64566275,-1.74113196,-0.01094060,-0.00428688,-0.00809293,-0.00334343,0.01966033,-0.00301817
8.850,1.78743040,-0.69385458,3.55808735,0.18969594,-0.15698974,0.12755416,-0.07757273,0.06419812,-0.05216097,1.79837651,-0.68974061,3.56619202,0.19301948,-0.17661908,0.13056749,-0.54502297,-26.63569933,-1.68642927,-0.54502297,-26.63569933,-1.68642927,-0.54381908,-26.61341191,-1.74423080,-0.01094611,-0.00411397,-0.00810467,-0.00332354,0.01962934,-0.00301333
8.860,1.78932348,-0.69542127,3.55936028,0.18891965,-0.15634729,0.12703218,-0.07768547,0.06429142,-0.05223678,1.80027486,-0.69147984,3.56747662,0.19222329,-0.17594492,0.13004058,-0.54560631,-26.60327853,-1.68976118,-0.54560631,-26.60327853,-1.68976118,-0.54442710,-26.58121788,-1.74731758,-0.01095138,-0.00394143,-0.00811634,-0.00330364,0.01959763,-0.00300840
8.870,1.79120879,-0.69698153,3.56062799,0.18814223,-0.15570392,0.12650943,-0.07779653,0.06438334,-0.05231146,1.80216520,-0.69321225,3.56875591,0.19142595,-0.17526910,0.12951286,-0.54617764,-26.57091613,-1.69308248,-0.54617764,-26.57091613,-1.69308248,-0.54502297,-26.54907851,-1.75039411,-0.01095641,-0.00376928,-0.00812792,-0.00328372,0.01956518,-0.00300343
8.880,1.79308632,-0.69853535,3.56189047,0.18736372,-0.15505963,0.12598595,-0.07790591,0.06447386,-0.05238501,1.80404752,-0.69493785,3.57002990,0.19062748,-0.17459164,0.12898432,-0.54673662,-26.53861279,-1.69639320,-0.54673662,-26.53861279,-1.69639320,-0.54560631,-26.51699890,-1.75346053,-0.01096120,-0.00359750,-0.00813943,-0.00326376,0.01953201,-0.00299837
8.890,1.79495606,-0.70008272,3.56314771,0.18658412,-0.15441445,0.12546174,-0.07801361,0.06456299,-0.05245743,1.80592181,-0.69665660,3.57129857,0.18982789,-0.17391256,0.12845498,-0.54728341,-26.50637020,-1.69969380,-0.54728341,-26.50637020,-1.69969380,-0.54617764,-26.48497846,-1.75651597,-0.01096575,-0.00342612,-0.00815086,-0.00324377,0.01949811,-0.00299324
8.900,1.79681800,-0.70162363,3.56439970,0.18580345,-0.15376838,0.12493681,-0.07811961,0.06465071,-0.05252870,1.80778806,-0.69836850,3.57256192,0.18902721,-0.17323188,0.12792486,-0.54781794,-26.47418896,-1.70298465,-0.54781794,-26.47418896,-1.70298465,-0.54673662,-26.45301787,-1.75956044,-0.01097006,-0.00325513,-0.00816222,-0.00322376,0.01946350,-0.00298805
8.910,1.79867213,-0.70315808,3.56564644,0.18502173,-0.15312144,0.12441117,-0.07822391,0.06473703,-0.05259884,1.80964626,-0.70007353,3.57381993,0.18822544,-0.17254961,0.12739396,-0.54834012,-26.44207235,-1.70626466,-0.54834012,-26.44207235,-1.70626466,-0.54728341,-26.42111879,-1.76259443,-0.01097413,-0.00308455,-0.00817349,-0.00320371,0.01942817,-0.00298279
8.920,1.80051843,-0.70468606,3.56688792,0.18423898,-0.15247364,0.12388483,-0.07832651,0.06482194,-0.05266783,1.81149641,-0.70177167,3.57507260,0.18742262,-0.17186577,0.12686229,-0.54885042,-26.41002130,-1.70953419,-0.54885042,-26.41002130,-1.70953419,-0.54781794,-26.38928183,-1.76561830,-0.01097798,-0.00291439,-0.00818468,-0.00318364,0.01939213,-0.00297746
8.930,1.80235691,-0.70620755,3.56812413,0.18345521,-0.15182500,0.12335781,-0.07842740,0.06490544,-0.05273567,1.81333848,-0.70346291,3.57631993,0.18661874,-0.17118038,0.12632987,-0.54934790,-26.37803499,-1.71279357,-0.54934790,-26.37803499,-1.71279357,-0.54834012,-26.35751025,-1.76863097,-0.01098157,-0.00274464,-0.00819580,-0.00316353,0.01935538,-0.00297206
8.940,1.80418753,-0.70772255,3.56935507,0.18267044,-0.15117554,0.12283012,-0.07852657,0.06498751,-0.05280235,1.81517247,-0.70514724,3.57756190,0.18581384,-0.17049346,0.12579671,-0.54983402,-26.34611660,-1.71604172,-0.54983402,-26.34611660,-1.71604172,-0.54885042,-26.32580496,-1.77163281,-0.01098494,-0.00257531,-0.00820683,-0.00314340,0.01931792,-0.00296659
8.950,1.80601031,-0.70923106,3.57058073,0.18188468,-0.15052526,0.12230177,-0.07862402,0.06506816,-0.05286788,1.81699837,-0.70682463,3.57879851,0.18500792,-0.16980501,0.12526282,-0.55030737,-26.31426857,-1.71927907,-0.55030737,-26.31426857,-1.71927907,-0.54934790,-26.29416516,-1.77462413,-0.01098806,-0.00240643,-0.00821778,-0.00312324,0.01927975,-0.00296105
8.960,1.80782522,-0.71073306,3.57180111,0.18109796,-0.14987418,0.12177277,-0.07871974,0.06514737,-0.05293224,1.81881617,-0.70849509,3.58002976,0.18420101,-0.16911506,0.12472820,-0.55076881,-26.28249001,-1.72250460,-0.55076881,-26.28249001,-1.72250460,-0.54983402,-26.26259399,-1.77760389,-0.01099095,-0.00223797,-0.00822865,-0.00310305,0.01924088,-0.00295543
8.970,1.80963227,-0.71222854,3.57301619,0.18031030,-0.14922231,0.12124313,-0.07881373,0.06522516,-0.05299544,1.82062587,-0.71015858,3.58125562,0.18339312,-0.16842364,0.12419288,-0.55121732,-26.25078158,-1.72572033,-0.55121732,-26.25078158,-1.72572033,-0.55030737,-26.23109390,-1.78057252,-0.01099360,-0.00206996,-0.00823943,-0.00308282,0.01920133,-0.00294975
8.980,1.81143143,-0.71371750,3.57422597,0.17952170,-0.14856968,0.12071286,-0.07890598,0.06530150,-0.05305747,1.82242744,-0.71181510,3.58247611,0.18258426,-0.16773074,0.12365686,-0.55165415,-26.21914664,-1.72892532,-0.55165415,-26.21914664,-1.72892532,-0.55076881,-26.19966398,-1.78352901,-0.01099601,-0.00190240,-0.00825014,-0.00306256,0.01916106,-0.00294400
8.990,1.81322270,-0.71519993,3.57543044,0.17873218,-0.14791629,0.12018198,-0.07899648,0.06537640,-0.05311832,1.82422089,-0.71346463,3.58369121,0.18177446,-0.16703640,0.12312016,-0.55207879,-26.18758549,-1.73211999,-0.55207879,-26.18758549,-1.73211999,-0.55121732,-26.16830489,-1.78647537,-0.01099819,-0.00173530,-0.00826077,-0.00304228,0.01912011,-0.00293818
9.000,1.81500607,-0.71667582,3.57662961,0.17794177,-0.14726216,0.11965050,-0.07908523,0.06544985,-0.05317800,1.82600621,-0.71510717,3.58490092,0.18096374,-0.16634063,0.12258280,-0.55249114,-26.15609905,-1.73530189,-0.55249114,-26.15609905,-1.73530189,-0.55165415,-26.13701998,-1.78941067,-0.01100014,-0.00156865,-0.00827131,-0.00302197,0.01907847,-0.00293230
9.010,1.81678153,-0.71814517,3.57782345,0.17715048,-0.14660730,0.11911843,-0.07917222,0.06552184,-0.05323650,1.82778338,-0.71674269,3.58610523,0.18015210,-0.16564345,0.12204477,-0.55289135,-26.12468992,-1.73847456,-0.55289135,-26.12468992,-1.73847456,-0.55207879,-26.10580953,-1.79233534,-0.01100185,-0.00140248,-0.00828178,-0.00300162,0.01903615,-0.00292634
9.020,1.81854908,-0.71960797,3.57901197,0.17635833,-0.14595172,0.11858578,-0.07925745,0.06559238,-0.05329381,1.82955240,-0.71837118,3.58730413,0.17933957,-0.16494488,0.12150610,-0.55327895,-26.09335858,-1.74163564,-0.55327895,-26.09335858,-1.74163564,-0.55249114,-26.07467448,-1.79524694,-0.01100332,-0.00123679,-0.00829216,-0.00298124,0.01899316,-0.00292032
9.030,1.82030869,-0.72106420,3.58019516,0.17556534,-0.14529545,0.11805256,-0.07934091,0.06566145,-0.05334993,1.83131326,-0.71999263,3.58849762,0.17852616,-0.16424493,0.12096679,-0.55365497,-26.06210422,-1.74478569,-0.55365497,-26.06210422,-1.74478569,-0.55289135,-26.04361738,-1.79814900,-0.01100457,-0.00107157,-0.00830246,-0.00296082,0.01894948,-0.00291423
9.040,1.82206038,-0.72251387,3.58137302,0.17477152,-0.14463850,0.11751878,-0.07942260,0.06572905,-0.05340485,1.83306595,-0.72160703,3.58968569,0.17771189,-0.16354362,0.12042686,-0.55401811,-26.03093127,-1.74792384,-0.55401811,-26.03093127,-1.74792384,-0.55327895,-26.01263873,-1.80103918,-0.01100557,-0.00090684,-0.00831267,-0.00294037,0.01890512,-0.00290808
9.050,1.82380412,-0.72395697,3.58254554,0.17397689,-0.14398088,0.11698446,-0.07950250,0.06579518,-0.05345858,1.83481047,-0.72321436,3.59086833,0.17689678,-0.16284097,0.11988632,-0.55436940,-25.99984017,-1.75105061,-0.55436940,-25.99984017,-1.75105061,-0.55365497,-25.98173770,-1.80391804,-0.01100635,-0.00074261,-0.00832279,-0.00291989,0.01886009,-0.00290186
9.060,1.82553991,-0.72539349,3.58371271,0.17318148,-0.14332260,0.11644961,-0.07958062,0.06585982,-0.05351111,1.83654680,-0.72481461,3.59204555,0.17608085,-0.16213701,0.11934518,-0.55470831,-25.96883127,-1.75416670,-0.55470831,-25.96883127,-1.75416670,-0.55401811,-25.95091872,-1.80678472,-0.01100689,-0.00057888,-0.00833284,-0.00289937,0.01881441,-0.00289557
9.070,1.82726775,-0.72682342,3.58487453,0.17238529,-0.14266369,0.11591424,-0.07965695,0.06592299,-0.05356243,1.83827494,-0.72640777,3.59321733,0.17526411,-0.16143174,0.11880346,-0.55503466,-25.93790555,-1.75727130,-0.55503466,-25.93790555,-1.75727130,-0.55436940,-25.92018221,-1.80963976,-0.01100719,-0.00041565,-0.00834280,-0.00287882,0.01876805,-0.00288922
9.080,1.82898762,-0.72824676,3.58603099,0.17158834,-0.14200415,0.11537837,-0.07973147,0.06598467,-0.05361254,1.83999488,-0.72799382,3.59438368,0.17444658,-0.16072518,0.11826117,-0.55534902,-25.90706497,-1.76036502,-0.55534902,-25.90706497,-1.76036502,-0.55470831,-25.88952850,-1.81248384,-0.01100726,-0.00025294,-0.00835269,-0.00285824,0.01872103,-0.00288280
9.090,1.83069951,-0.72966350,3.58718209,0.17079066,-0.14134400,0.11484200,-0.07980420,0.06604485,-0.05366144,1.84170661,-0.72957276,3.59554458,0.17362828,-0.16001737,0.11771831,-0.55565139,-25.87631013,-1.76344718,-0.55565139,-25.87631013,-1.76344718,-0.55503466,-25.85895859,-1.81531618,-0.01100710,-0.00009074,-0.00836249,-0.00283762,0.01867337,-0.00287631
9.100,1.83240343,-0.73107364,3.58832783,0.16999227,-0.14068325,0.11430514,-0.07987511,0.06610354,-0.05370912,1.84341013,-0.73114457,3.59670002,0.17280923,-0.15930831,0.11717491,-0.55594087,-25.84564323,-1.76651698,-0.55594087,-25.84564323,-1.76651698,-0.55534902,-25.82847442,-1.81813737,-0.01100670,0.00007093,-0.00837219,-0.00281696,0.01862506,-0.00286977
9.110,1.83409936,-0.73247717,3.58946820,0.16919317,-0.14002193,0.11376782,-0.07994420,0.06616072,-0.05375559,1.84510543,-0.73270924,3.59785001,0.17198944,-0.15859802,0.11663096,-0.55621832,-25.81506516,-1.76957498,-0.55621832,-25.81506516,-1.76957498,-0.55565139,-25.79807656,-1.82094675,-0.01100607,0.00023207,-0.00838181,-0.00279627,0.01857609,-0.00286314
9.120,1.83578729,-0.73387408,3.59060318,0.16839339,-0.13936004,0.11323004,-0.08001148,0.06621640,-0.05380082,1.84679250,-0.73426676,3.59899454,0.17116893,-0.15788652,0.11608650,-0.55648374,-25.78457567,-1.77262359,-0.55648374,-25.78457567,-1.77262359,-0.55594087,-25.76776722,-1.82374354,-0.01100521,0.00039268,-0.00839136,-0.00277554,0.01852648,-0.00285646
9.130,1.83746722,-0.73526436,3.59173279,0.16759294,-0.13869761,0.11269181,-0.08007692,0.06627056,-0.05384483,1.84847135,-0.73581712,3.60013361,0.17034771,-0.15717383,0.11554153,-0.55673690,-25.75417553,-1.77565912,-0.55673690,-25.75417553,-1.77565912,-0.55621832,-25.73754727,-1.82652829,-0.01100413,0.00055276,-0.00840082,-0.00275477,0.01847622,-0.00284972
9.140,1.83913915,-0.73664803,3.59285702,0.16679186,-0.13803464,0.11215314,-0.08014054,0.06632320,-0.05388760,1.85014195,-0.73736031,3.60126721,0.16952582,-0.15645997,0.11499605,-0.55697719,-25.72387047,-1.77868234,-0.55697719,-25.72387047,-1.77868234,-0.55648374,-25.70741647,-1.82930340,-0.01100280,0.00071228,-0.00841019,-0.00273396,0.01842533,-0.00284291
9.150,1.84080306,-0.73802506,3.59397586,0.16599014,-0.13737115,0.11161406,-0.08020231,0.06637433,-0.05392914,1.85180430,-0.73889630,3.60239533,0.16870326,-0.15574496,0.11445009,-0.55720563,-25.69365687,-1.78169387,-0.55720563,-25.69365687,-1.78169387,-0.55673690,-25.67737556,-1.83206523,-0.01100124,0.00087124,-0.00841947,-0.00271312,0.01837381,-0.00283603
9.160,1.84245895,-0.73939545,3.59508930,0.16518782,-0.13670716,0.11107457,-0.08026224,0.06642392,-0.05396944,1.85345841,-0.74042511,3.60351797,0.16788005,-0.15502882,0.11390365,-0.55742166,-25.66353702,-1.78469471,-0.55742166,-25.66353702,-1.78469471,-0.55697719,-25.64743027,-1.83481452,-0.01099946,0.00102966,-0.00842867,-0.00269223,0.01832166,-0.00282908
9.170,1.84410681,-0.74075920,3.59619735,0.16438490,-0.13604268,0.11053467,-0.08032032,0.06647199,-0.05400849,1.85510425,-0.74194671,3.60463513,0.16705621,-0.15431157,0.11335676,-0.55762568,-25.63351282,-1.78768285,-0.55762568,-25.63351282,-1.78768285,-0.55720563,-25.61757697,-1.83755191,-0.01099744,0.00118751,-0.00843778,-0.00267131,0.01826889,-0.00282209
9.180,1.84574664,-0.74211630,3.59729999,0.16358141,-0.13537772,0.10999440,-0.08037654,0.06651851,-0.05404629,1.85674184,-0.74346109,3.60574681,0.16623176,-0.15359322,0.11280942,-0.55781726,-25.60358419,-1.79066037,-0.55781726,-25.60358419,-1.79066037,-0.55742166,-25.58781793,-1.84027841,-0.01099520,0.00134479,-0.00844682,-0.00265035,0.01821550,-0.00281502
9.190,1.84737844,-0.74346675,3.59839723,0.16277738,-0.13471231,0.10945375,-0.08043089,0.06656350,-0.05408284,1.85837115,-0.74496824,3.60685299,0.16540672,-0.15287380,0.11226164,-0.55799596,-25.57375366,-1.79362539,-0.55799596,-25.57375366,-1.79362539,-0.55762568,-25.55815505,-1.84299201,-0.01099271,0.00150149,-0.00845576,-0.00262934,0.01816149,-0.00280789
9.200,1.84900219,-0.74481054,3.59948907,0.16197280,-0.13404646,0.10891275,-0.08048338,0.06660694,-0.05411814,1.85999220,-0.74646816,3.60795368,0.16458110,-0.15215332,0.11171344,-0.55816287,-25.54402107,-1.79657710,-0.55816287,-25.54402107,-1.79657710,-0.55781726,-25.52858824,-1.84569479,-0.01099001,0.00165762,-0.00846461,-0.00260830,0.01810686,-0.00280069
9.210,1.85061789,-0.74614768,3.60057549,0.16116771,-0.13338018,0.10837139,-0.08053399,0.06664882,-0.05415217,1.86160496,-0.74796084,3.60904887,0.16375493,-0.15143181,0.11116483,-0.55831744,-25.51439020,-1.79951813,-0.55831744,-25.51439020,-1.79951813,-0.55799596,-25.49912003,-1.84838489,-0.01098707,0.00181316,-0.00847338,-0.00258722,0.01805163,-0.00279344
9.220,1.85222554,-0.74747815,3.60165649,0.16036213,-0.13271349,0.10782971,-0.08058273,0.06668915,-0.05418494,1.86320944,-0.74944625,3.61013856,0.16292821,-0.15070928,0.11061582,-0.55845941,-25.48485910,-1.80244772,-0.55845941,-25.48485910,-1.80244772,-0.55816287,-25.46975023,-1.85106149,-0.01098390,0.00196810,-0.00848207,-0.00256608,0.01799579,-0.00278611
9.230,1.85382513,-0.74880195,3.60273208,0.15955607,-0.13204640,0.10728770,-0.08062957,0.06672792,-0.05421644,1.86480563,-0.75092440,3.61122274,0.16210097,-0.14998576,0.11006643,-0.55858913,-25.45542943,-1.80536404,-0.55858913,-25.45542943,-1.80536404,-0.55831744,-25.44048261,-1.85372726,-0.01098050,0.00212245,-0.00849066,-0.00254490,0.01793936,-0.00277873
9.240,1.85541666,-0.75011907,3.60380225,0.15874954,-0.13137893,0.10674538,-0.08067453,0.06676513,-0.05424667,1.86639353,-0.75239528,3.61230141,0.16127323,-0.14926125,0.10951666,-0.55870645,-25.42610121,-1.80826797,-0.55870645,-25.42610121,-1.80826797,-0.55845941,-25.41131522,-1.85638140,-0.01097687,0.00227621,-0.00849916,-0.00252369,0.01788232,-0.00277128
9.250,1.85700012,-0.75142952,3.60486699,0.15794258,-0.13071110,0.10620277,-0.08071759,0.06680076,-0.05427562,1.86797314,-0.75385888,3.61337457,0.16044501,-0.14853580,0.10896653,-0.55881140,-25.39687837,-1.81116046,-0.55881140,-25.39687837,-1.81116046,-0.55858913,-25.38224972,-1.85902212,-0.01097302,0.00242936,-0.00850758,-0.00250243,0.01782470,-0.00276376
9.260,1.85857551,-0.75273329,3.60592630,0.15713520,-0.13004292,0.10565988,-0.08075874,0.06683482,-0.05430329,1.86954444,-0.75531518,3.61444222,0.15961632,-0.14780941,0.10841606,-0.55890385,-25.36776049,-1.81404107,-0.55890385,-25.36776049,-1.81404107,-0.55870645,-25.35328609,-1.86165030,-0.01096893,0.00258189,-0.00851592,-0.00248112,0.01776649,-0.00275618
9.270,1.86014282,-0.75403038,3.60698018,0.15632741,-0.12937441,0.10511671,-0.08079798,0.06686729,-0.05432968,1.87110744,-0.75676418,3.61550435,0.15878718,-0.14708210,0.10786526,-0.55898421,-25.33874944,-1.81690948,-0.55898421,-25.33874944,-1.81690948,-0.55881140,-25.32442828,-1.86426688,-0.01096462,0.00273380,-0.00852417,-0.00245977,0.01770769,-0.00274855
9.280,1.86170206,-0.75532078,3.60802863,0.15551925,-0.12870558,0.10457329,-0.08083531,0.06689819,-0.05435478,1.87266213,-0.75820587,3.61656096,0.15795761,-0.14635389,0.10731413,-0.55905150,-25.30984471,-1.81976503,-0.55905150,-25.30984471,-1.81976503,-0.55890385,-25.29567585,-1.86687145,-0.01096007,0.00288509,-0.00853233,-0.00243836,0.01764831,-0.00274084
9.290,1.86325321,-0.75660449,3.60907165,0.15471071,-0.12803645,0.10402962,-0.08087071,0.06692749,-0.05437858,1.87420850,-0.75964025,3.61761204,0.15712763,-0.14562481,0.10676270,-0.55910689,-25.28104806,-1.82260744,-0.55910689,-25.28104806,-1.82260744,-0.55898421,-25.26703066,-1.86946367,-0.01095529,0.00303576,-0.00854039,-0.00241692,0.01758836,-0.00273308
9.300,1.86479627,-0.75788151,3.61010922,0.15390184,-0.12736704,0.10348572,-0.08090419,0.06695519,-0.05440109,1.87574656,-0.76106730,3.61865760,0.15629726,-0.14489487,0.10621097,-0.55914982,-25.25236123,-1.82543924,-0.55914982,-25.25236123,-1.82543924,-0.55905150,-25.23849218,-1.87204292,-0.01095029,0.00318579,-0.00854838,-0.00239542,0.01752783,-0.00272525
9.310,1.86633124,-0.75915183,3.61114136,0.15309264,-0.12669735,0.10294160,-0.08093574,0.06698130,-0.05442231,1.87727631,-0.76248702,3.61969763,0.15546652,-0.14416409,0.10565896,-0.55918034,-25.22378321,-1.82825711,-0.55918034,-25.22378321,-1.82825711,-0.55910689,-25.21006217,-1.87460891,-0.01094507,0.00333519,-0.00855627,-0.00237388,0.01746674,-0.00271736
9.320,1.86785812,-0.76041546,3.61216806,0.15228313,-0.12602742,0.10239728,-0.08096534,0.06700580,-0.05444221,1.87879773,-0.76389939,3.62073213,0.15463542,-0.14343251,0.10510668,-0.55919826,-25.19531835,-1.83106210,-0.55919826,-25.19531835,-1.83106210,-0.55914982,-25.18174236,-1.87716416,-0.01093961,0.00348393,-0.00856407,-0.00235229,0.01740509,-0.00270940
9.330,1.86937691,-0.76167238,3.61318931,0.15147334,-0.12535724,0.10185276,-0.08099300,0.06702869,-0.05446081,1.88031083,-0.76530442,3.62176109,0.15380398,-0.14270012,0.10455415,-0.55920332,-25.16696323,-1.83385551,-0.55920332,-25.16696323,-1.83385551,-0.55918034,-25.15353172,-1.87970539,-0.01093392,0.00363204,-0.00857178,-0.00233064,0.01734288,-0.00270139
9.340,1.87088759,-0.76292260,3.61420511,0.15066328,-0.12468685,0.10130807,-0.08101872,0.06704997,-0.05447810,1.88181560,-0.76670210,3.62278452,0.15297223,-0.14196697,0.10400138,-0.55919646,-25.13872206,-1.83663692,-0.55919646,-25.13872206,-1.83663692,-0.55919826,-25.12543460,-1.88223363,-0.01092801,0.00377950,-0.00857941,-0.00230895,0.01728012,-0.00269331
9.350,1.87239017,-0.76416612,3.61521547,0.14985297,-0.12401625,0.10076320,-0.08104247,0.06706963,-0.05449407,1.88331204,-0.76809241,3.62380242,0.15214018,-0.14123306,0.10344838,-0.55917704,-25.11059570,-1.83940474,-0.55917704,-25.11059570,-1.83940474,-0.55920332,-25.09744756,-1.88475021,-0.01092187,0.00392629,-0.00858695,-0.00228721,0.01721681,-0.00268518
9.360,1.87388465,-0.76540292,3.61622037,0.14904243,-0.12334546,0.10021819,-0.08106426,0.06708766,-0.05450873,1.88480014,-0.76947536,3.62481477,0.15130785,-0.14049841,0.10289517,-0.55914493,-25.08258164,-1.84216140,-0.55914493,-25.08258164,-1.84216140,-0.55919646,-25.06957482,-1.88725469,-0.01091549,0.00407244,-0.00859440,-0.00226542,0.01715295,-0.00267698
9.370,1.87537102,-0.76663302,3.61721983,0.14823169,-0.12267450,0.09967303,-0.08108408,0.06710407,-0.05452206,1.88627992,-0.77085093,3.62582159,0.15047525,-0.13976306,0.10234176,-0.55910037,-25.05468529,-1.84490391,-0.55910037,-25.05468529,-1.84490391,-0.55917704,-25.04181720,-1.88974551,-0.01090890,0.00421791,-0.00860176,-0.00224356,0.01708856,-0.00266873
9.380,1.87684928,-0.76785641,3.61821383,0.14742076,-0.12200339,0.09912775,-0.08110193,0.06711884,-0.05453406,1.88775136,-0.77221912,3.62682286,0.14964242,-0.13902702,0.10178817,-0.55904338,-25.02690610,-1.84763480,-0.55904338,-25.02690610,-1.84763480,-0.55914493,-25.01417220,-1.89222509,-0.01090208,0.00436271,-0.00860903,-0.00222166,0.01702363,-0.00266042
9.390,1.87831943,-0.76907309,3.61920238,0.14660966,-0.12133213,0.09858236,-0.08111780,0.06713197,-0.05454473,1.88921446,-0.77357992,3.62781859,0.14880936,-0.13829030,0.10123440,-0.55897384,-24.99924472,-1.85035243,-0.55897384,-24.99924472,-1.85035243,-0.55910037,-24.98664521,-1.89469045,-0.01089503,0.00450683,-0.00861621,-0.00219970,0.01695817,-0.00265204
9.400,1.87978147,-0.77028306,3.62018548,0.14579841,-0.12066075,0.09803686,-0.08113168,0.06714346,-0.05455406,1.89066922,-0.77493333,3.62880878,0.14797610,-0.13755294,0.10068046,-0.55889166,-24.97170280,-1.85305670,-0.55889166,-24.97170280,-1.85305670,-0.55904338,-24.95923568,-1.89714414,-0.01088775,0.00465027,-0.00862330,-0.00217769,0.01689219,-0.00264360
9.410,1.88123540,-0.77148631,3.62116312,0.14498703,-0.11998927,0.09749128,-0.08114358,0.06715330,-0.05456206,1.89211565,-0.77627934,3.62979342,0.14714266,-0.13681494,0.10012638,-0.55879675,-24.94427960,-1.85574878,-0.55879675,-24.94427960,-1.85574878,-0.55897384,-24.93194424,-1.89958450,-0.01088025,0.00479303,-0.00863030,-0.00215563,0.01682567,-0.00263510
9.420,1.88268121,-0.77268284,3.62213531,0.14417554,-0.11931769,0.09694562,-0.08115347,0.06716149,-0.05456871,1.89355373,-0.77761794,3.63077252,0.14630905,-0.13607634,0.09957217,-0.55868954,-24.91697561,-1.85842720,-0.55868954,-24.91697561,-1.85842720,-0.55889166,-24.90477253,-1.90201147,-0.01087252,0.00493510,-0.00863721,-0.00213351,0.01675865,-0.00262655
9.430,1.88411891,-0.77387266,3.62310203,0.14336397,-0.11864604,0.09639991,-0.08116136,0.06716802,-0.05457402,1.89498347,-0.77894914,3.63174606,0.14547529,-0.13533716,0.09901785,-0.55856934,-24.88979435,-1.86109465,-0.55856934,-24.88979435,-1.86109465,-0.55879675,-24.87771980,-1.90442621,-0.01086456,0.00507648,-0.00864403,-0.00211132,0.01669112,-0.00261794
9.440,1.88554849,-0.77505576,3.62406330,0.14255232,-0.11797434,0.09585415,-0.08116724,0.06717289,-0.05457797,1.89640487,-0.78027292,3.63271407,0.14464141,-0.13459741,0.09846341,-0.55843684,-24.86273498,-1.86374817,-0.55843684,-24.86273498,-1.86374817,-0.55868954,-24.85078653,-1.90682726,-0.01085638,0.00521716,-0.00865077,-0.00208909,0.01662307,-0.00260926
9.450,1.88696996,-0.77623215,3.62501912,0.14174063,-0.11730259,0.09530835,-0.08117110,0.06717609,-0.05458057,1.89781792,-0.78158928,3.63367652,0.14380742,-0.13385712,0.09790889,-0.55829125,-24.83579988,-1.86638767,-0.55829125,-24.83579988,-1.86638767,-0.55856934,-24.82397623,-1.90921731,-0.01084796,0.00535713,-0.00865740,-0.00206679,0.01655453,-0.00260054
9.460,1.88838331,-0.77740181,3.62596947,0.14092891,-0.11663082,0.09476254,-0.08117295,0.06717761,-0.05458181,1.89922263,-0.78289822,3.63463342,0.14297334,-0.13311630,0.09735429,-0.55813316,-24.80898647,-1.86901591,-0.55813316,-24.80898647,-1.86901591,-0.55843684,-24.79728805,-1.91159342,-0.01083932,0.00549641,-0.00866395,-0.00204443,0.01648548,-0.00259175
9.470,1.88978854,-0.77856476,3.62691437,0.14011718,-0.11595904,0.09421672,-0.08117277,0.06717746,-0.05458169,1.90061900,-0.78419973,3.63558478,0.14213920,-0.13237499,0.09679963,-0.55796255,-24.78229935,-1.87163004,-0.55796255,-24.78229935,-1.87163004,-0.55829125,-24.77072436,-1.91395550,-0.01083046,0.00563497,-0.00867041,-0.00202202,0.01641595,-0.00258291
9.480,1.89118565,-0.77972099,3.62785381,0.13930546,-0.11528728,0.09367091,-0.08117055,0.06717563,-0.05458020,1.90200702,-0.78549381,3.63653059,0.14130500,-0.13163319,0.09624492,-0.55777941,-24.75573787,-1.87423140,-0.55777941,-24.75573787,-1.87423140,-0.55813316,-24.74428257,-1.91630631,-0.01082137,0.00577282,-0.00867678,-0.00199954,0.01634591,-0.00257401
9.490,1.89257465,-0.78087051,3.62878779,0.13849377,-0.11461554,0.09312512,-0.08116630,0.06717211,-0.05457734,1.90338670,-0.78678045,3.63747085,0.14047078,-0.13089094,0.09569017,-0.55758323,-24.72930423,-1.87682008,-0.55758323,-24.72930423,-1.87682008,-0.55796255,-24.71796726,-1.91864300,-0.01081205,0.00590994,-0.00868306,-0.00197701,0.01627540,-0.00256505
9.500,1.89395552,-0.78201331,3.62971631,0.13768214,-0.11394384,0.09257937,-0.08116000,0.06716690,-0.05457310,1.90475804,-0.78805965,3.63840556,0.13963654,-0.13014826,0.09513541,-0.55737490,-24.70299729,-1.87939601,-0.55737490,-24.70299729,-1.87939601,-0.55777941,-24.69177777,-1.92096696,-0.01080252,0.00604634,-0.00868925,-0.00195440,0.01620442,-0.00255604
9.510,1.89532829,-0.78314939,3.63063937,0.13687058,-0.11327220,0.09203367,-0.08115165,0.06715999,-0.05456749,1.90475804,-0.78805965,3.63840556,0.13963654,-0.13014826,0.09513541,-0.49894577,-24.90547901,-1.74794668,-0.49894577,-24.90547901,-1.74794668,-0.55777941,-24.69177777,-1.92096696,-0.00942975,0.00491026,-0.00776619,-0.00276596,0.01687606,-0.00310174
9.520,1.89669294,-0.78427875,3.63155698,0.13605911,-0.11260065,0.09148803,-0.08114124,0.06715137,-0.05456049,1.90747570,-0.79059572,3.64025834,0.13796813,-0.12866167,0.09402587,-0.55685058,-24.65108496,-1.88432261,-0.55685058,-24.65108496,-1.88432261,-0.55737490,-24.63978169,-1.92557679,-0.01078276,0.00631697,-0.00870136,-0.00190902,0.01606102,-0.00253784
9.530,1.89804947,-0.78540140,3.63246913,0.13524776,-0.11192918,0.09094246,-0.08112878,0.06714106,-0.05455211,1.90882197,-0.79185304,3.64117705,0.13713304,-0.12792928,0.09348733,-0.55659057,-24.62467088,-1.88711876,-0.55659057,-24.62467088,-1.88711876,-0.55737490,-24.64013122,-1.92533187,-0.01077250,0.00645164,-0.00870792,-0.00188528,0.01600010,-0.00254487
9.540,1.89939789,-0.78651733,3.63337583,0.13443655,-0.11125783,0.09039699,-0.08111424,0.06712903,-0.05454234,1.91015991,-0.79310292,3.64209025,0.13629828,-0.12719385,0.09294529,-0.55632052,-24.59847928,-1.88986870,-0.55632052,-24.59847928,-1.88986870,-0.55685058,-24.58859117,-1.92998220,-0.01076202,0.00658559,-0.00871442,-0.00186173,0.01593602,-0.00254830
9.550,1.90073820,-0.78762656,3.63427707,0.13362548,-0.11058661,0.08985162,-0.08109763,0.06711528,-0.05453117,1.91148952,-0.79434534,3.64299788,0.13546382,-0.12645579,0.09239975,-0.55604047,-24.57250318,-1.89256874,-0.55604047,-24.57250318,-1.89256874,-0.55659057,-24.56255008,-1.93250033,-0.01075132,0.00671878,-0.00872081,-0.00183834,0.01586918,-0.00254813
9.560,1.90207040,-0.78872907,3.63517286,0.13281460,-0.10991553,0.08930637,-0.08107895,0.06709982,-0.05451860,1.91281079,-0.79558028,3.64389992,0.13462966,-0.12571546,0.09185085,-0.55574989,-24.54672884,-1.89521412,-0.55574989,-24.54672884,-1.89521412,-0.55632052,-24.53673204,-1.93497077,-0.01074039,0.00685121,-0.00872706,-0.00181506,0.01579993,-0.00254448
9.570,1.90339450,-0.78982487,3.63606320,0.13200391,-0.10924462,0.08876125,-0.08105817,0.06708262,-0.05450463,1.91412373,-0.79680774,3.64479635,0.13379580,-0.12497318,0.09129883,-0.55544835,-24.52115011,-1.89780352,-0.55544835,-24.52115011,-1.89780352,-0.55604047,-24.51113001,-1.93739013,-0.01072923,0.00698287,-0.00873315,-0.00179189,0.01572856,-0.00253758
9.580,1.90471048,-0.79091396,3.63694809,0.13119344,-0.10857388,0.08821628,-0.08103531,0.06706370,-0.05448926,1.91542835,-0.79802772,3.64568714,0.13296223,-0.12422924,0.09074402,-0.55513657,-24.49575853,-1.90033729,-0.55513657,-24.49575853,-1.90033729,-0.55574989,-24.48573012,-1.93975391,-0.01071787,0.00711376,-0.00873905,-0.00176879,0.01565536,-0.00252774
9.590,1.90601836,-0.79199635,3.63782753,0.13038321,-0.10790335,0.08767147,-0.08101034,0.06704304,-0.05447247,1.91672464,-0.79924020,3.64657229,0.13212896,-0.12348392,0.09018681,-0.55481339,-24.47054961,-1.90281739,-0.55481339,-24.47054961,-1.90281739,-0.55544835,-24.46052614,-1.94206112,-0.01070628,0.00724385,-0.00874476,-0.00174575,0.01558057,-0.00251534
9.600,1.90731815,-0.79307203,3.63870152,0.12957324,-0.10723303,0.08712684,-0.08098328,0.06702064,-0.05445427,1.91801261,-0.80044518,3.64745180,0.13129597,-0.12273744,0.08962765,-0.55447817,-24.44551399,-1.90524697,-0.55447817,-24.44551399,-1.90524697,-0.55513657,-24.43550952,-1.94431236,-0.01069446,0.00737315,-0.00875028,-0.00172273,0.01550441,-0.00250081
9.610,1.90860983,-0.79414101,3.63957007,0.12876356,-0.10656294,0.08658239,-0.08095410,0.06699650,-0.05443466,1.91929226,-0.80164266,3.64832565,0.13046326,-0.12199004,0.08906698,-0.55413166,-24.42064742,-1.90762894,-0.55413166,-24.42064742,-1.90762894,-0.55481339,-24.41067571,-1.94650988,-0.01068243,0.00750165,-0.00875558,-0.00169970,0.01542710,-0.00248459
9.620,1.90989342,-0.79520329,3.64043317,0.12795417,-0.10589311,0.08603815,-0.08092281,0.06697060,-0.05441362,1.92056360,-0.80283263,3.64919385,0.12963085,-0.12124190,0.08850528,-0.55377300,-24.39594447,-1.90996968,-0.55377300,-24.39594447,-1.90996968,-0.55447817,-24.38601525,-1.94865706,-0.01067018,0.00762934,-0.00876068,-0.00167668,0.01534879,-0.00246713
9.630,1.91116891,-0.79625887,3.64129083,0.12714511,-0.10522354,0.08549412,-0.08088940,0.06694295,-0.05439115,1.92182662,-0.80401510,3.65005641,0.12879871,-0.12049321,0.08794302,-0.55340235,-24.37139909,-1.91227349,-0.55340235,-24.37139909,-1.91227349,-0.55413166,-24.36152385,-1.95075704,-0.01065771,0.00775623,-0.00876558,-0.00165360,0.01526967,-0.00244890
9.640,1.91243632,-0.79730776,3.64214305,0.12633639,-0.10455425,0.08495033,-0.08085387,0.06691354,-0.05436726,1.92308133,-0.80519007,3.65091334,0.12796687,-0.11974413,0.08738061,-0.55301878,-24.34700838,-1.91454612,-0.55301878,-24.34700838,-1.91454612,-0.55377300,-24.33719603,-1.95281638,-0.01064501,0.00788231,-0.00877029,-0.00163048,0.01518988,-0.00243028
9.650,1.91369564,-0.79834996,3.64298984,0.12552804,-0.10388527,0.08440678,-0.08081620,0.06688237,-0.05434193,1.92432774,-0.80635754,3.65176466,0.12713533,-0.11899480,0.08681847,-0.55262263,-24.32276826,-1.91679227,-0.55262263,-24.32276826,-1.91679227,-0.55340235,-24.31302569,-1.95483952,-0.01063210,0.00800758,-0.00877482,-0.00160729,0.01510953,-0.00241169
9.660,1.91494688,-0.79938546,3.64383119,0.12472007,-0.10321661,0.08386350,-0.08077639,0.06684943,-0.05431516,1.92556584,-0.80751751,3.65261039,0.12630409,-0.11824534,0.08625696,-0.55221354,-24.29867244,-1.91901924,-0.55221354,-24.29867244,-1.91901924,-0.55301878,-24.28900989,-1.95683233,-0.01061896,0.00813205,-0.00877920,-0.00158402,0.01502873,-0.00239346
9.670,1.91619005,-0.80041429,3.64466711,0.12391251,-0.10254829,0.08332048,-0.08073444,0.06681471,-0.05428695,1.92679565,-0.80866998,3.65345053,0.12547316,-0.11749587,0.08569638,-0.55179090,-24.27472343,-1.92123150,-0.55179090,-24.27472343,-1.92123150,-0.55262263,-24.26514454,-1.95879959,-0.01060560,0.00825569,-0.00878342,-0.00156065,0.01494758,-0.00237590
9.680,1.91742514,-0.80143643,3.64549760,0.12310539,-0.10188032,0.08277776,-0.08069034,0.06677821,-0.05425730,1.92801715,-0.80981497,3.65428512,0.12464256,-0.11674647,0.08513699,-0.55135518,-24.25091393,-1.92343407,-0.55135518,-24.25091393,-1.92343407,-0.55221354,-24.24142331,-1.96074865,-0.01059201,0.00837854,-0.00878752,-0.00153717,0.01486615,-0.00235923
9.690,1.91865216,-0.80245190,3.64632266,0.12229872,-0.10121273,0.08223534,-0.08064408,0.06673993,-0.05422619,1.92923037,-0.81095246,3.65511417,0.12381230,-0.11599722,0.08457899,-0.55090610,-24.22724580,-1.92563186,-0.55090610,-24.22724580,-1.92563186,-0.55179090,-24.21784870,-1.96268398,-0.01057821,0.00850056,-0.00879151,-0.00151358,0.01478449,-0.00234365
9.700,1.91987111,-0.80346069,3.64714231,0.12149251,-0.10054553,0.08169324,-0.08059566,0.06669986,-0.05419363,1.93043530,-0.81208247,3.65593770,0.12298239,-0.11524818,0.08402250,-0.55044393,-24.20371467,-1.92782590,-0.55044393,-24.20371467,-1.92782590,-0.55135518,-24.19441341,-1.96461060,-0.01056419,0.00862178,-0.00879539,-0.00148988,0.01470265,-0.00232926
9.710,1.92108201,-0.80446281,3.64795653,0.12068681,-0.09987874,0.08115148,-0.08054508,0.06665799,-0.05415962,1.93163194,-0.81320500,3.65675573,0.12215286,-0.11449939,0.08346762,-0.54996750,-24.18032099,-1.93002255,-0.54996750,-24.18032099,-1.93002255,-0.55090610,-24.17111927,-1.96653334,-0.01054993,0.00874219,-0.00879920,-0.00146605,0.01462065,-0.00231614
9.720,1.92228485,-0.80545826,3.64876534,0.11988162,-0.09921238,0.08061006,-0.08049232,0.06661433,-0.05412414,1.93282030,-0.81432006,3.65756828,0.12132372,-0.11375090,0.08291437,-0.54947774,-24.15706360,-1.93222171,-0.54947774,-24.15706360,-1.93222171,-0.55044393,-24.14796195,-1.96845321,-0.01053545,0.00886180,-0.00880294,-0.00144210,0.01453852,-0.00230431
9.730,1.92347964,-0.80644706,3.64956873,0.11907697,-0.09854646,0.08006900,-0.08043738,0.06656886,-0.05408720,1.93400039,-0.81542764,3.65837536,0.12049499,-0.11300273,0.08236273,-0.54897429,-24.13394543,-1.93442678,-0.54897429,-24.13394543,-1.93442678,-0.54996750,-24.12494188,-1.97037646,-0.01052075,0.00898058,-0.00880663,-0.00141802,0.01445627,-0.00229373
9.740,1.92466639,-0.80742919,3.65036672,0.11827288,-0.09788100,0.07952832,-0.08038025,0.06652159,-0.05404879,1.93517221,-0.81652775,3.65917698,0.11966670,-0.11225489,0.08181264,-0.54845694,-24.11096207,-1.93663600,-0.54845694,-24.11096207,-1.93663600,-0.54947774,-24.10205792,-1.97230290,-0.01050582,0.00909856,-0.00881026,-0.00139382,0.01437389,-0.00228432
9.750,1.92584510,-0.80840468,3.65115930,0.11746937,-0.09721603,0.07898803,-0.08032094,0.06647250,-0.05400891,1.93633576,-0.81762040,3.65997316,0.11883888,-0.11150739,0.08126401,-0.54792598,-24.08811974,-1.93885148,-0.54792598,-24.08811974,-1.93885148,-0.54897429,-24.07931299,-1.97423583,-0.01049066,0.00921572,-0.00881386,-0.00136951,0.01429136,-0.00227598
9.760,1.92701578,-0.80937352,3.65194648,0.11666647,-0.09655156,0.07844814,-0.08025943,0.06642159,-0.05396755,1.93749106,-0.81870559,3.66076391,0.11801154,-0.11076024,0.08071670,-0.54738112,-24.06541620,-1.94107179,-0.54738112,-24.06541620,-1.94107179,-0.54845694,-24.05670268,-1.97617339,-0.01047528,0.00933207,-0.00881743,-0.00134507,0.01420868,-0.00226856
9.770,1.92817843,-0.81033571,3.65272826,0.11586419,-0.09588761,0.07790868,-0.08019571,0.06636887,-0.05392470,1.93863810,-0.81978332,3.66154923,0.11718472,-0.11001343,0.08017057,-0.54682285,-24.04285172,-1.94329624,-0.54682285,-24.04285172,-1.94329624,-0.54792598,-24.03423324,-1.97811757,-0.01045967,0.00944761,-0.00882097,-0.00132053,0.01412582,-0.00226189
9.780,1.92933307,-0.81129127,3.65350466,0.11506256,-0.09522419,0.07736965,-0.08012979,0.06631431,-0.05388038,1.93977690,-0.82085359,3.66232913,0.11635844,-0.10926696,0.07962545,-0.54625041,-24.02043036,-1.94552100,-0.54625041,-24.02043036,-1.94552100,-0.54738112,-24.01190243,-1.98006685,-0.01044383,0.00956232,-0.00882447,-0.00129588,0.01404277,-0.00225580
9.790,1.93047969,-0.81224020,3.65427566,0.11426160,-0.09456133,0.07683108,-0.08006165,0.06625792,-0.05383456,1.94090745,-0.82191642,3.66310362,0.11553272,-0.10852082,0.07908118,-0.54566469,-23.99815294,-1.94774755,-0.54566469,-23.99815294,-1.94774755,-0.54682285,-23.98971052,-1.98202043,-0.01042776,0.00967622,-0.00882796,-0.00127112,0.01395949,-0.00225010
9.800,1.93161830,-0.81318250,3.65504128,0.11346134,-0.09389904,0.07629297,-0.07999129,0.06619969,-0.05378725,1.94202977,-0.82297179,3.66387268,0.11470760,-0.10777500,0.07853759,-0.54506549,-23.97601958,-1.94997152,-0.54506549,-23.97601958,-1.94997152,-0.54625041,-23.96766157,-1.98397441,-0.01041147,0.00978929,-0.00883140,-0.00124626,0.01387596,-0.00224462
9.810,1.93274892,-0.81411818,3.65580152,0.11266178,-0.09323734,0.07575534,-0.07991871,0.06613962,-0.05373844,1.94314387,-0.82401972,3.66463634,0.11388310,-0.10702952,0.07799452,-0.54445245,-23.95403270,-1.95219110,-0.54445245,-23.95403270,-1.95219110,-0.54566469,-23.94575641,-1.98593019,-0.01039495,0.00990154,-0.00883482,-0.00122132,0.01379218,-0.00223918
9.820,1.93387154,-0.81504725,3.65655639,0.11186297,-0.09257625,0.07521820,-0.07984390,0.06607771,-0.05368814,1.94424975,-0.82506021,3.66539457,0.11305924,-0.10628435,0.07745181,-0.54382613,-23.93219468,-1.95440304,-0.54382613,-23.93219468,-1.95440304,-0.54506549,-23.92399515,-1.98788336,-0.01037821,0.01001296,-0.00883818,-0.00119627,0.01370810,-0.00223361
9.830,1.93498618,-0.81596971,3.65730589,0.11106491,-0.09191579,0.07468158,-0.07976684,0.06601394,-0.05363632,1.94534741,-0.82609326,3.66614739,0.11223605,-0.10553950,0.07690933,-0.54318622,-23.91050578,-1.95660541,-0.54318622,-23.91050578,-1.95660541,-0.54445245,-23.90238022,-1.98983205,-0.01036123,0.01012355,-0.00884150,-0.00117114,0.01362371,-0.00222775
9.840,1.93609284,-0.81688557,3.65805002,0.11026764,-0.09125598,0.07414548,-0.07968754,0.06594831,-0.05358300,1.94643687,-0.82711888,3.66689479,0.11141356,-0.10479498,0.07636696,-0.54253290,-23.88896807,-1.95879670,-0.54253290,-23.88896807,-1.95879670,-0.54382613,-23.88091398,-1.99177298,-0.01034403,0.01023331,-0.00884477,-0.00114592,0.01353900,-0.00222148
9.850,1.93719153,-0.81779483,3.65878880,0.10947117,-0.09059683,0.07360993,-0.07960600,0.06588083,-0.05352817,1.94751814,-0.82813706,3.66763677,0.11059179,-0.10405079,0.07582462,-0.54186624,-23.86758111,-1.96097229,-0.54186624,-23.86758111,-1.96097229,-0.54318622,-23.85959666,-1.99370421,-0.01032661,0.01034223,-0.00884797,-0.00112062,0.01345396,-0.00221469
9.860,1.93828227,-0.81869751,3.65952222,0.10867553,-0.08993837,0.07307492,-0.07952220,0.06581147,-0.05347182,1.94859121,-0.82914781,3.66837332,0.10977077,-0.10330695,0.07528223,-0.54118555,-23.84634901,-1.96313263,-0.54118555,-23.84634901,-1.96313263,-0.54253290,-23.83843036,-1.99562423,-0.01030894,0.01045030,-0.00885110,-0.00109524,0.01336858,-0.00220731
9.870,1.93936505,-0.81959360,3.66025030,0.10788073,-0.08928061,0.07254049,-0.07943613,0.06574025,-0.05341395,1.94965611,-0.83015114,3.66910444,0.10895051,-0.10256347,0.07473974,-0.54049191,-23.82526893,-1.96527355,-0.54049191,-23.82526893,-1.96527355,-0.54186624,-23.81741460,-1.99752843,-0.01029106,0.01055754,-0.00885414,-0.00106978,0.01328286,-0.00219925
9.880,1.94043988,-0.82048312,3.66097303,0.10708681,-0.08862357,0.07200665,-0.07934780,0.06566715,-0.05335456,1.95071284,-0.83114705,3.66983013,0.10813105,-0.10182037,0.07419714,-0.53978502,-23.80434420,-1.96739591,-0.53978502,-23.80434420,-1.96739591,-0.54118555,-23.79655347,-1.99941730,-0.01027296,0.01066393,-0.00885710,-0.00104424,0.01319680,-0.00219049
9.890,1.94150679,-0.82136607,3.66169043,0.10629379,-0.08796727,0.07147341,-0.07925720,0.06559216,-0.05329363,1.95176140,-0.83213555,3.67055040,0.10731240,-0.10107768,0.07365443,-0.53906384,-23.78357394,-1.96949648,-0.53906384,-23.78357394,-1.96949648,-0.54049191,-23.77584413,-2.00128669,-0.01025461,0.01076948,-0.00885997,-0.00101861,0.01311041,-0.00218102
9.900,1.94256576,-0.82224247,3.66240250,0.10550168,-0.08731173,0.07094078,-0.07916432,0.06551530,-0.05323118,1.95280181,-0.83311664,3.67126523,0.10649458,-0.10033541,0.07311162,-0.53832994,-23.76296110,-1.97157534,-0.53832994,-23.76296110,-1.97157534,-0.53978502,-23.75528989,-2.00313751,-0.01023605,0.01087417,-0.00886273,-0.00099290,0.01302368,-0.00217084
9.910,1.94361682,-0.82311231,3.66310925,0.10471051,-0.08665697,0.07040879,-0.07906915,0.06543654,-0.05316719,1.95383408,-0.83409032,3.67197463,0.10567762,-0.09959361,0.07256877,-0.53758216,-23.74250240,-1.97363121,-0.53758216,-23.74250240,-1.97363121,-0.53906384,-23.73488984,-2.00496659,-0.01021726,0.01097801,-0.00886538,-0.00096711,0.01293664,-0.00215998
9.920,1.94465998,-0.82397561,3.66381068,0.10392030,-0.08600301,0.06987744,-0.07897169,0.06535588,-0.05310166,1.95485821,-0.83505660,3.67267861,0.10486154,-0.09885231,0.07202593,-0.53682047,-23.72220040,-1.97566501,-0.53682047,-23.72220040,-1.97566501,-0.53832994,-23.71464689,-2.00677405,-0.01019823,0.01108099,-0.00886793,-0.00094124,0.01284930,-0.00214849
9.930,1.94569523,-0.82483237,3.66450680,0.10313108,-0.08534986,0.06934676,-0.07887194,0.06527333,-0.05303458,1.95587422,-0.83601549,3.67337716,0.10404635,-0.09811154,0.07148319,-0.53604571,-23.70205315,-1.97767616,-0.53604571,-23.70205315,-1.97767616,-0.53758216,-23.69455779,-2.00855869,-0.01017899,0.01118312,-0.00887036,-0.00091527,0.01276168,-0.00213643
9.940,1.94672260,-0.82568261,3.66519762,0.10234287,-0.08469755,0.06881676,-0.07876988,0.06518887,-0.05296596,1.95688211,-0.83696700,3.67407028,0.10323207,-0.09737134,0.07094062,-0.53525686,-23.68206328,-1.97966453,-0.53525686,-23.68206328,-1.97966453,-0.53682047,-23.67462504,-2.01032147,-0.01015951,0.01128439,-0.00887266,-0.00088920,0.01267379,-0.00212386
9.950,1.94774209,-0.82652633,3.66588314,0.10155569,-0.08404609,0.06828745,-0.07866552,0.06510250,-0.05289578,1.95788190,-0.83791113,3.67475800,0.10241874,-0.09663174,0.07039833,-0.53445441,-23.66222862,-1.98163179,-0.53445441,-23.66222862,-1.98163179,-0.53604571,-23.65484668,-2.01206187,-0.01013981,0.01138480,-0.00887486,-0.00086305,0.01258565,-0.00211088
9.960,1.94875372,-0.82736353,3.66656337,0.10076957,-0.08339550,0.06775885,-0.07855884,0.06501421,-0.05282405,1.95887359,-0.83884789,3.67544031,0.10160636,-0.09589279,0.06985640,-0.53363772,-23.64254721,-1.98357822,-0.53363772,-23.64254721,-1.98357822,-0.53525686,-23.63522532,-2.01377985,-0.01011987,0.01148436,-0.00887694,-0.00083679,0.01249729,-0.00209755
9.970,1.94975749,-0.82819424,3.66723832,0.09998452,-0.08274581,0.06723097,-0.07844984,0.06492401,-0.05275076,1.95985720,-0.83977729,3.67611721,0.10079496,-0.09515452,0.06931495,-0.53280744,-23.62302341,-1.98550436,-0.53280744,-23.62302341,-1.98550436,-0.53445441,-23.61575877,-2.01547709,-0.01009971,0.01158305,-0.00887889,-0.00081044,0.01240871,-0.00208398
9.980,1.95075341,-0.82901845,3.66790799,0.09920058,-0.08209703,0.06670384,-0.07833852,0.06483188,-0.05267590,1.96083273,-0.84069933,3.67678873,0.09998455,-0.09441696,0.06877407,-0.53196333,-23.60365286,-1.98741216,-0.53196333,-23.60365286,-1.98741216,-0.53363772,-23.59644506,-2.01715394,-0.01007932,0.01168088,-0.00888074,-0.00078397,0.01231993,-0.00207023
9.990,1.95174150,-0.82983618,3.66857240,0.09841776,-0.08144918,0.06617746,-0.07822486,0.06473782,-0.05259948,1.96180020,-0.84161403,3.67745486,0.09917516,-0.09368016,0.06823386,-0.53110505,-23.58443747,-1.98930100,-0.53110505,-23.58443747,-1.98930100,-0.53280744,-23.57728853,-2.01881097,-0.01005870,0.01177785,-0.00888246,-0.00075740,0.01223098,-0.00205640
10.000,1.95272177,-0.83064744,3.66923154,0.09763609,-0.08080228,0.06565185,-0.07810887,0.06464182,-0.05252148,1.96275962,-0.84252139,3.67811562,0.09836680,-0.09294416,0.06769440,-0.53023252,-23.56537716,-1.99117455,-0.53023252,-23.56537716,-1.99117455,-0.53196333,-23.55828480,-2.02045017,-0.01003785,0.01187395,-0.00888408,-0.00073071,0.01214188,-0.00204255
10.010,1.95369423,-0.83145223,3.66988544,0.09685559,-0.08015635,0.06512703,-0.07799053,0.06454389,-0.05244191,1.96371100,-0.84342142,3.67877102,0.09755951,-0.09220897,0.06715578,-0.52934580,-23.54646984,-1.99303057,-0.52934580,-23.54646984,-1.99303057,-0.53110505,-23.53943576,-2.02207096,-0.01001677,0.01196919,-0.00888558,-0.00070392,0.01205262,-0.00202875
10.020,1.95465889,-0.83225057,3.67053409,0.09607629,-0.07951141,0.06460302,-0.07786985,0.06444401,-0.05236076,1.96465434,-0.84431414,3.67942107,0.09675330,-0.09147463,0.06661806,-0.52844485,-23.52771744,-1.99487272,-0.52844485,-23.52771744,-1.99487272,-0.53023252,-23.52074134,-2.02367702,-0.00999545,0.01206357,-0.00888698,-0.00067701,0.01196322,-0.00201504
10.030,1.95561576,-0.83304246,3.67117750,0.09529820,-0.07886748,0.06407982,-0.07774681,0.06434219,-0.05227803,1.96558967,-0.84519955,3.68006578,0.09594818,-0.09074118,0.06608133,-0.52752989,-23.50911790,-1.99670189,-0.52752989,-23.50911790,-1.99670189,-0.52934580,-23.50219942,-2.02526613,-0.00997391,0.01215709,-0.00888828,-0.00064998,0.01187370,-0.00200151
10.040,1.95656486,-0.83382792,3.67181569,0.09452136,-0.07822457,0.06355746,-0.07762141,0.06423841,-0.05219371,1.96651700,-0.84607766,3.68070516,0.09514419,-0.09000864,0.06554561,-0.52660027,-23.49067282,-1.99851705,-0.52660027,-23.49067282,-1.99851705,-0.52844485,-23.48381193,-2.02684196,-0.00995214,0.01224974,-0.00888947,-0.00062283,0.01178407,-0.00198815
10.050,1.95750619,-0.83460696,3.67244865,0.09374578,-0.07758271,0.06303596,-0.07749364,0.06413267,-0.05210779,1.96743632,-0.84694848,3.68133923,0.09434135,-0.08927704,0.06501097,-0.52565675,-23.47238259,-2.00032165,-0.52565675,-23.47238259,-2.00032165,-0.52752989,-23.46557678,-2.02840540,-0.00993013,0.01234152,-0.00889058,-0.00059557,0.01169433,-0.00197501
10.060,1.95843977,-0.83537958,3.67307641,0.09297149,-0.07694192,0.06251531,-0.07736350,0.06402497,-0.05202029,1.96834767,-0.84781202,3.68196800,0.09353967,-0.08854640,0.06447742,-0.52469885,-23.45424522,-2.00211339,-0.52469885,-23.45424522,-2.00211339,-0.52660027,-23.44749559,-2.02995543,-0.00990790,0.01243244,-0.00889159,-0.00056818,0.01160448,-0.00196211
10.070,1.95936562,-0.83614580,3.67369896,0.09219852,-0.07630222,0.06199556,-0.07723098,0.06391530,-0.05193118,1.96925105,-0.84866830,3.68259148,0.09273919,-0.08781673,0.06394499,-0.52372610,-23.43626275,-2.00389520,-0.52372610,-23.43626275,-2.00389520,-0.52565675,-23.42956872,-2.03149549,-0.00988543,0.01252250,-0.00889252,-0.00054067,0.01151451,-0.00194943
10.080,1.96028375,-0.83690563,3.67431632,0.09142688,-0.07566363,0.06147670,-0.07709608,0.06380365,-0.05184047,1.97014647,-0.84951732,3.68320967,0.09193993,-0.08708807,0.06341368,-0.52273879,-23.41843527,-2.00566604,-0.52273879,-23.41843527,-2.00566604,-0.52469885,-23.41179417,-2.03302328,-0.00986272,0.01261169,-0.00889335,-0.00051305,0.01142444,-0.00193698
10.090,1.96119417,-0.83765908,3.67492850,0.09065660,-0.07502616,0.06095875,-0.07695879,0.06369003,-0.05174815,1.97103395,-0.85035910,3.68382260,0.09114190,-0.08636043,0.06288351,-0.52173701,-23.40076252,-2.00742590,-0.52173701,-23.40076252,-2.00742590,-0.52372610,-23.39417399,-2.03454170,-0.00983978,0.01270002,-0.00889410,-0.00048530,0.01133427,-0.00192476
10.100,1.96209689,-0.83840616,3.67553550,0.08988771,-0.07438983,0.06044174,-0.07681910,0.06357443,-0.05165422,1.97191350,-0.85119364,3.68443028,0.09034514,-0.08563383,0.06235447,-0.52072084,-23.38324458,-2.00917612,-0.52072084,-23.38324458,-2.00917612,-0.52273879,-23.37670825,-2.03604970,-0.00981661,0.01278748,-0.00889478,-0.00045743,0.01124400,-0.00191273
10.110,1.96299193,-0.83914688,3.67613734,0.08912023,-0.07375467,0.05992567,-0.07667701,0.06345683,-0.05155868,1.97278513,-0.85202096,3.68503271,0.08954967,-0.08490829,0.06182654,-0.51968999,-23.36588189,-2.01091522,-0.51968999,-23.36588189,-2.01091522,-0.52173701,-23.35939668,-2.03754729,-0.00979320,0.01287408,-0.00889537,-0.00042944,0.01115362,-0.00190087
10.120,1.96387930,-0.83988125,3.67673402,0.08835418,-0.07312070,0.05941057,-0.07653251,0.06333725,-0.05146151,1.97364886,-0.85284106,3.68562990,0.08875551,-0.08418382,0.06129972,-0.51864470,-23.34867454,-2.01264434,-0.51864470,-23.34867454,-2.01264434,-0.52072084,-23.34223937,-2.03903575,-0.00976956,0.01295981,-0.00889588,-0.00040133,0.01106312,-0.00188915
10.130,1.96475901,-0.84060930,3.67732555,0.08758959,-0.07248794,0.05889645,-0.07638560,0.06321567,-0.05136273,1.97450470,-0.85365396,3.68622187,0.08796268,-0.08346044,0.06077399,-0.51758511,-23.33162659,-2.01436325,-0.51758511,-23.33162659,-2.01436325,-0.51968999,-23.32523674,-2.04051362,-0.00974569,0.01304466,-0.00889632,-0.00037309,0.01097250,-0.00187754
10.140,1.96563109,-0.84133102,3.67791195,0.08682648,-0.07185639,0.05838332,-0.07623627,0.06309208,-0.05126232,1.97535267,-0.85445968,3.68680862,0.08717122,-0.08273817,0.06024932,-0.51651048,-23.31473339,-2.01607016,-0.51651048,-23.31473339,-2.01607016,-0.51864470,-23.30838886,-2.04198200,-0.00972158,0.01312866,-0.00889667,-0.00034474,0.01088178,-0.00186600
10.150,1.96649555,-0.84204643,3.67849322,0.08606487,-0.07122610,0.05787121,-0.07608451,0.06296649,-0.05116027,1.97619278,-0.85525821,3.68739017,0.08638115,-0.08201702,0.05972570,-0.51542108,-23.29799796,-2.01776602,-0.51542108,-23.29799796,-2.01776602,-0.51758511,-23.29169980,-2.04344067,-0.00969723,0.01321178,-0.00889695,-0.00031628,0.01079092,-0.00185449
10.160,1.96735240,-0.84275554,3.67906938,0.08530479,-0.07059707,0.05736012,-0.07593032,0.06283889,-0.05105659,1.97702504,-0.85604958,3.68796652,0.08559249,-0.08129701,0.05920311,-0.51431709,-23.28141955,-2.01944909,-0.51431709,-23.28141955,-2.01944909,-0.51651048,-23.27516490,-2.04488783,-0.00967264,0.01329404,-0.00889714,-0.00028770,0.01069994,-0.00184299
10.170,1.96820165,-0.84345837,3.67964043,0.08454627,-0.06996933,0.05685008,-0.07577370,0.06270927,-0.05095128,1.97784948,-0.85683380,3.68853769,0.08480527,-0.08057816,0.05868153,-0.51319868,-23.26500038,-2.02112034,-0.51319868,-23.26500038,-2.02112034,-0.51542108,-23.25878716,-2.04632442,-0.00964783,0.01337543,-0.00889726,-0.00025900,0.01060883,-0.00183145
10.180,1.96904333,-0.84415493,3.68020638,0.08378933,-0.06934289,0.05634110,-0.07561463,0.06257762,-0.05084432,1.97866610,-0.85761087,3.68910368,0.08401951,-0.07986048,0.05816095,-0.51206517,-23.24873994,-2.02277946,-0.51206517,-23.24873994,-2.02277946,-0.51431709,-23.24256582,-2.04774870,-0.00962277,0.01345594,-0.00889730,-0.00023018,0.01051759,-0.00181985
10.190,1.96987744,-0.84484524,3.68076725,0.08303399,-0.06871778,0.05583320,-0.07545311,0.06244395,-0.05073571,1.97947493,-0.85838082,3.68966451,0.08323523,-0.07914400,0.05764137,-0.51091738,-23.23264031,-2.02442458,-0.51091738,-23.23264031,-2.02442458,-0.51319868,-23.22650310,-2.04916164,-0.00959749,0.01353558,-0.00889726,-0.00020124,0.01042622,-0.00180817
10.200,1.97070401,-0.84552929,3.68132305,0.08228028,-0.06809402,0.05532639,-0.07528914,0.06230825,-0.05062546,1.98027597,-0.85914365,3.69022018,0.08245247,-0.07842873,0.05712276,-0.50975453,-23.21669718,-2.02605541,-0.50975453,-23.21669718,-2.02605541,-0.51206517,-23.21059847,-2.05056293,-0.00957196,0.01361436,-0.00889713,-0.00017219,0.01033471,-0.00179637
10.210,1.97152305,-0.84620712,3.68187378,0.08152821,-0.06747163,0.05482070,-0.07512271,0.06217052,-0.05051355,1.98106924,-0.85989937,3.69077070,0.08167124,-0.07771470,0.05660513,-0.50857709,-23.20091608,-2.02767311,-0.50857709,-23.20091608,-2.02767311,-0.51091738,-23.19485401,-2.05195070,-0.00954619,0.01369225,-0.00889692,-0.00014303,0.01024307,-0.00178443
10.220,1.97233458,-0.84687873,3.68241947,0.08077783,-0.06685062,0.05431613,-0.07495381,0.06203074,-0.05039998,1.98185477,-0.86064801,3.69131608,0.08089157,-0.07700193,0.05608849,-0.50738456,-23.18529420,-2.02927469,-0.50738456,-23.18529420,-2.02927469,-0.50975453,-23.17926537,-2.05332469,-0.00952019,0.01376928,-0.00889661,-0.00011374,0.01015131,-0.00177236
10.230,1.97313861,-0.84754414,3.68296011,0.08002915,-0.06623102,0.05381270,-0.07478244,0.06188892,-0.05028475,1.98263256,-0.86138957,3.69185634,0.08011349,-0.07629044,0.05557284,-0.50617742,-23.16983328,-2.03086300,-0.50617742,-23.16983328,-2.03086300,-0.50857709,-23.16383810,-2.05468605,-0.00949395,0.01384543,-0.00889623,-0.00008434,0.01005942,-0.00176014
10.240,1.97393517,-0.84820336,3.68349572,0.07928219,-0.06561285,0.05331044,-0.07460859,0.06174504,-0.05016785,1.98340264,-0.86212407,3.69239149,0.07933702,-0.07558025,0.05505819,-0.50495505,-23.15453263,-2.03243647,-0.50495505,-23.15453263,-2.03243647,-0.50738456,-23.14856935,-2.05603181,-0.00946747,0.01392071,-0.00889577,-0.00005483,0.00996740,-0.00174775
10.250,1.97472426,-0.84885640,3.68402632,0.07853698,-0.06499612,0.05280935,-0.07443226,0.06159911,-0.05004928,1.98416501,-0.86285151,3.69292152,0.07856218,-0.07487140,0.05454456,-0.50371823,-23.13939115,-2.03399381,-0.50371823,-23.13939115,-2.03399381,-0.50617742,-23.13346086,-2.05736484,-0.00944075,0.01399511,-0.00889520,-0.00002520,0.00987528,-0.00173521
10.260,1.97550592,-0.84950328,3.68455192,0.07779355,-0.06438087,0.05230946,-0.07425344,0.06145112,-0.04992904,1.98491971,-0.86357193,3.69344647,0.07778900,-0.07416390,0.05403198,-0.50246574,-23.12441070,-2.03553506,-0.50246574,-23.12441070,-2.03553506,-0.50495505,-23.11851193,-2.05868357,-0.00941379,0.01406865,-0.00889455,0.00000455,0.00978303,-0.00172252
10.270,1.97628014,-0.85014402,3.68507252,0.07705192,-0.06376711,0.05181077,-0.07407212,0.06130107,-0.04980712,1.98566674,-0.86428532,3.69396632,0.07701750,-0.07345778,0.05352045,-0.50119899,-23.10959202,-2.03706214,-0.50119899,-23.10959202,-2.03706214,-0.50371823,-23.10372144,-2.05998676,-0.00938660,0.01414130,-0.00889380,0.00003442,0.00969067,-0.00170968
10.280,1.97704696,-0.85077863,3.68558814,0.07631212,-0.06315486,0.05131332,-0.07388830,0.06114894,-0.04968352,1.98640612,-0.86499171,3.69448111,0.07624770,-0.07275307,0.05301003,-0.49991679,-23.09493411,-2.03857370,-0.49991679,-23.09493411,-2.03857370,-0.50246574,-23.08909123,-2.06127443,-0.00935916,0.01421308,-0.00889297,0.00006442,0.00959821,-0.00169671
10.290,1.97780639,-0.85140712,3.68609879,0.07557416,-0.06254414,0.05081711,-0.07370198,0.06099474,-0.04955823,1.98713788,-0.86569111,3.69499084,0.07547964,-0.07204980,0.05250072,-0.49861969,-23.08043588,-2.04007035,-0.49861969,-23.08043588,-2.04007035,-0.50119899,-23.07462203,-2.06254854,-0.00933149,0.01428399,-0.00889205,0.00009452,0.00950566,-0.00168361
10.300,1.97855845,-0.85202952,3.68660448,0.07483809,-0.06193497,0.05032216,-0.07351314,0.06083846,-0.04943125,1.98786202,-0.86638354,3.69549552,0.07471333,-0.07134799,0.05199257,-0.49730730,-23.06610019,-2.04155253,-0.49730730,-23.06610019,-2.04155253,-0.49991679,-23.06031282,-2.06380776,-0.00930357,0.01435402,-0.00889104,0.00012476,0.00941302,-0.00167041
10.310,1.97930316,-0.85264583,3.68710523,0.07410391,-0.06132737,0.04982849,-0.07332178,0.06068010,-0.04930258,1.98857857,-0.86706900,3.69599517,0.07394879,-0.07064768,0.05148561,-0.49597980,-23.05192384,-2.04301925,-0.49597980,-23.05192384,-2.04301925,-0.49861969,-23.04616252,-2.06505270,-0.00927541,0.01442317,-0.00888994,0.00015512,0.00932031,-0.00165712
10.320,1.98004053,-0.85325607,3.68760106,0.07337166,-0.06072137,0.04933612,-0.07312790,0.06051964,-0.04917221,1.98928755,-0.86774753,3.69648979,0.07318606,-0.06994888,0.05097986,-0.49463743,-23.03790792,-2.04446957,-0.49463743,-23.03790792,-2.04446957,-0.49730730,-23.03217394,-2.06628383,-0.00924702,0.01449146,-0.00888873,0.00018560,0.00922751,-0.00164374
10.330,1.98077060,-0.85386026,3.68809196,0.07264136,-0.06011699,0.04884505,-0.07293149,0.06035709,-0.04904014,1.98998898,-0.86841913,3.69697941,0.07242516,-0.06925163,0.05047535,-0.49327919,-23.02405309,-2.04590730,-0.49327919,-23.02405309,-2.04590730,-0.49597980,-23.01834390,-2.06750018,-0.00921838,0.01455887,-0.00888745,0.00021620,0.00913464,-0.00163030
10.340,1.98149337,-0.85445842,3.68857796,0.07191304,-0.05951424,0.04835532,-0.07273254,0.06019244,-0.04890636,1.99068286,-0.86908382,3.69746404,0.07166611,-0.06855596,0.04997213,-0.49190595,-23.01035961,-2.04732997,-0.49190595,-23.01035961,-2.04732997,-0.49463743,-23.00467344,-2.06870081,-0.00918949,0.01462540,-0.00888608,0.00024693,0.00904172,-0.00161681
10.350,1.98220886,-0.85505055,3.68905907,0.07118672,-0.05891315,0.04786693,-0.07253104,0.06002569,-0.04877087,1.99136924,-0.86974162,3.69794368,0.07090893,-0.06786189,0.04947023,-0.49051773,-22.99682441,-2.04873844,-0.49051773,-22.99682441,-2.04873844,-0.49327919,-22.99116324,-2.06988955,-0.00916038,0.01469107,-0.00888461,0.00027779,0.00894874,-0.00160330
10.360,1.98291711,-0.85563669,3.68953530,0.07046243,-0.05831373,0.04737991,-0.07232700,0.05985683,-0.04863367,1.99204812,-0.87039254,3.69841836,0.07015365,-0.06716945,0.04896966,-0.48911343,-22.98345164,-2.05013336,-0.48911343,-22.98345164,-2.05013336,-0.49190595,-22.97781354,-2.07106395,-0.00913101,0.01475585,-0.00888306,0.00030878,0.00885572,-0.00158975
10.370,1.98361812,-0.85621683,3.69000667,0.06974019,-0.05771602,0.04689426,-0.07212041,0.05968585,-0.04849476,1.99271952,-0.87103660,3.69888809,0.06940030,-0.06647868,0.04847047,-0.48769411,-22.97023649,-2.05151418,-0.48769411,-22.97023649,-2.05151418,-0.49051773,-22.96462124,-2.07222489,-0.00910140,0.01481977,-0.00888142,0.00033989,0.00876266,-0.00157621
10.380,1.98431192,-0.85679101,3.69047319,0.06902003,-0.05712002,0.04641002,-0.07191125,0.05951276,-0.04835412,1.99338347,-0.87167382,3.69935288,0.06864890,-0.06578958,0.04797268,-0.48625919,-22.95718267,-2.05288145,-0.48625919,-22.95718267,-2.05288145,-0.48911343,-22.95159049,-2.07337301,-0.00907155,0.01488281,-0.00887969,0.00037113,0.00866956,-0.00156266
10.390,1.98499853,-0.85735924,3.69093488,0.06830197,-0.05652577,0.04592719,-0.07169953,0.05933754,-0.04821175,1.99403998,-0.87230422,3.69981276,0.06789947,-0.06510221,0.04747630,-0.48480874,-22.94428928,-2.05423464,-0.48480874,-22.94428928,-2.05423464,-0.48769411,-22.93871646,-2.07450777,-0.00904145,0.01494498,-0.00887788,0.00040250,0.00857644,-0.00154911
10.400,1.98567797,-0.85792153,3.69139174,0.06758604,-0.05593328,0.04544579,-0.07148524,0.05916020,-0.04806766,1.99468908,-0.87292782,3.70026772,0.06715204,-0.06441657,0.04698138,-0.48334274,-22.93155431,-2.05557604,-0.48334274,-22.93155431,-2.05557604,-0.48625919,-22.92600284,-2.07562974,-0.00901111,0.01500629,-0.00887598,0.00043400,0.00848329,-0.00153559
10.410,1.98635026,-0.85847791,3.69184380,0.06687227,-0.05534257,0.04496584,-0.07126837,0.05898072,-0.04792183,1.99533078,-0.87354463,3.70071780,0.06640663,-0.06373270,0.04648792,-0.48186115,-22.91898003,-2.05690348,-0.48186115,-22.91898003,-2.05690348,-0.48480874,-22.91344874,-2.07673841,-0.00898052,0.01506672,-0.00887400,0.00046564,0.00839013,-0.00152208
10.420,1.98701542,-0.85902839,3.69229106,0.06616069,-0.05475367,0.04448736,-0.07104891,0.05879910,-0.04777427,1.99596511,-0.87415468,3.70116300,0.06566327,-0.06305062,0.04599595,-0.48036398,-22.90656506,-2.05821922,-0.48036398,-22.90656506,-2.05821922,-0.48334274,-22.90105212,-2.07783605,-0.00894969,0.01512629,-0.00887194,0.00049742,0.00829695,-0.00150859
10.430,1.98767348,-0.85957299,3.69273355,0.06545130,-0.05416660,0.04401036,-0.07082687,0.05861534,-0.04762497,1.99659209,-0.87475797,3.70160334,0.06492199,-0.06237036,0.04550548,-0.47885108,-22.89430961,-2.05952117,-0.47885108,-22.89430961,-2.05952117,-0.48186115,-22.88881523,-2.07892052,-0.00891861,0.01518498,-0.00886979,0.00052931,0.00820376,-0.00149512
10.440,1.98832445,-0.86011173,3.69317128,0.06474416,-0.05358137,0.04353486,-0.07060223,0.05842943,-0.04747392,1.99721175,-0.87535454,3.70203883,0.06418281,-0.06169195,0.04501653,-0.47732261,-22.88221350,-2.06081008,-0.47732261,-22.88221350,-2.06081008,-0.48036398,-22.87673671,-2.07999406,-0.00888730,0.01524281,-0.00886755,0.00056135,0.00811058,-0.00148167
10.450,1.98896837,-0.86064462,3.69360425,0.06403927,-0.05299801,0.04306089,-0.07037499,0.05824137,-0.04732112,1.99782409,-0.87594440,3.70246950,0.06344575,-0.06101541,0.04452911,-0.47577798,-22.87027518,-2.06208816,-0.47577798,-22.87027518,-2.06208816,-0.47885108,-22.86481672,-2.08105460,-0.00885572,0.01529978,-0.00886525,0.00059352,0.00801740,-0.00146822
10.460,1.98960525,-0.86117169,3.69403250,0.06333667,-0.05241655,0.04258845,-0.07014515,0.05805116,-0.04716657,1.99842915,-0.87652756,3.70289536,0.06271085,-0.06034076,0.04404324,-0.47421761,-22.85849708,-2.06335193,-0.47421761,-22.85849708,-2.06335193,-0.47732261,-22.85305509,-2.08210290,-0.00882390,0.01535587,-0.00886286,0.00062582,0.00792421,-0.00145479
10.470,1.99023511,-0.86169296,3.69445603,0.06263637,-0.05183700,0.04211756,-0.06991269,0.05785878,-0.04701026,1.99902695,-0.87710406,3.70331642,0.06197812,-0.05966804,0.04355893,-0.47264181,-22.84687891,-2.06460364,-0.47264181,-22.84687891,-2.06460364,-0.47577798,-22.84145025,-2.08314116,-0.00879184,0.01541110,-0.00886039,0.00065825,0.00783104,-0.00144137
10.480,1.99085798,-0.86220844,3.69487486,0.06193842,-0.05125938,0.04164825,-0.06967761,0.05766423,-0.04685219,1.99961751,-0.87767391,3.70373270,0.06124760,-0.05899726,0.04307618,-0.47104991,-22.83541862,-2.06584251,-0.47104991,-22.83541862,-2.06584251,-0.47421761,-22.83000462,-2.08416591,-0.00875953,0.01546547,-0.00885784,0.00069082,0.00773788,-0.00142793
10.490,1.99147388,-0.86271815,3.69528900,0.06124283,-0.05068372,0.04118052,-0.06943991,0.05746751,-0.04669235,2.00020086,-0.87823713,3.70414421,0.06051931,-0.05832846,0.04259502,-0.46944224,-22.82411647,-2.06706956,-0.46944224,-22.82411647,-2.06706956,-0.47264181,-22.81871788,-2.08517941,-0.00872698,0.01551898,-0.00885521,0.00072352,0.00764474,-0.00141450
10.500,1.99208284,-0.86322212,3.69569847,0.06054963,-0.05011004,0.04071441,-0.06919958,0.05726862,-0.04653075,2.00077701,-0.87879374,3.70455098,0.05979326,-0.05766165,0.04211545,-0.46781840,-22.81297433,-2.06828394,-0.46781840,-22.81297433,-2.06828394,-0.47104991,-22.80758800,-2.08618088,-0.00869417,0.01557162,-0.00885251,0.00075637,0.00755161,-0.00140104
10.510,1.99268489,-0.86372036,3.69610329,0.05985885,-0.04953836,0.04024991,-0.06895661,0.05706754,-0.04636738,2.00134599,-0.87934377,3.70495302,0.05906951,-0.05699687,0.04163749,-0.46617802,-22.80199004,-2.06948527,-0.46617802,-22.80199004,-2.06948527,-0.46944224,-22.79661521,-2.08717135,-0.00866110,0.01562341,-0.00884973,0.00078934,0.00745851,-0.00138758
10.520,1.99328003,-0.86421290,3.69650348,0.05917051,-0.04896870,0.03978707,-0.06871100,0.05686428,-0.04620222,2.00190783,-0.87988723,3.70535034,0.05834805,-0.05633414,0.04116113,-0.46452234,-22.79116533,-2.07067259,-0.46452234,-22.79116533,-2.07067259,-0.46781840,-22.78580136,-2.08814998,-0.00862780,0.01567433,-0.00884686,0.00082246,0.00736544,-0.00137406
10.530,1.99386830,-0.86469974,3.69689904,0.05848464,-0.04840108,0.03932588,-0.06846274,0.05665882,-0.04603529,2.00246254,-0.88042414,3.70574296,0.05762893,-0.05567349,0.04068640,-0.46285051,-22.78049590,-2.07184858,-0.46285051,-22.78049590,-2.07184858,-0.46617802,-22.77514427,-2.08911638,-0.00859424,0.01572440,-0.00884392,0.00085571,0.00727241,-0.00136052
10.540,1.99444973,-0.86518092,3.69729000,0.05780126,-0.04783553,0.03886637,-0.06821183,0.05645117,-0.04586657,2.00301016,-0.88095454,3.70613090,0.05691217,-0.05501494,0.04021331,-0.46116232,-22.76998570,-2.07301113,-0.46116232,-22.76998570,-2.07301113,-0.46452234,-22.76464569,-2.09006960,-0.00856043,0.01577362,-0.00884090,0.00088909,0.00717941,-0.00134694
10.550,1.99502434,-0.86565646,3.69767637,0.05712041,-0.04727206,0.03840855,-0.06795826,0.05624132,-0.04569607,2.00355071,-0.88147843,3.70651418,0.05619780,-0.05435852,0.03974187,-0.45945780,-22.75963400,-2.07416124,-0.45945780,-22.75963400,-2.07416124,-0.46285051,-22.75430128,-2.09101235,-0.00852637,0.01582197,-0.00883781,0.00092261,0.00708646,-0.00133332
10.560,1.99559215,-0.86612637,3.69805818,0.05644210,-0.04671071,0.03795245,-0.06770202,0.05602926,-0.04552377,2.00408421,-0.88199584,3.70689280,0.05548583,-0.05370425,0.03927209,-0.45773740,-22.74943899,-2.07529681,-0.45773740,-22.74943899,-2.07529681,-0.46116232,-22.74411498,-2.09194251,-0.00849206,0.01586947,-0.00883462,0.00095627,0.00699354,-0.00131964
10.570,1.99615319,-0.86659068,3.69843543,0.05576638,-0.04615148,0.03749808,-0.06744311,0.05581499,-0.04534968,2.00461069,-0.88250680,3.70726680,0.05477630,-0.05305217,0.03880399,-0.45600056,-22.73940143,-2.07642041,-0.45600056,-22.73940143,-2.07642041,-0.45945780,-22.73408604,-2.09286109,-0.00845750,0.01591612,-0.00883137,0.00099008,0.00690069,-0.00130591
10.580,1.99670748,-0.86704941,3.69880814,0.05509325,-0.04559442,0.03704546,-0.06718153,0.05559850,-0.04517378,2.00513017,-0.88301133,3.70763618,0.05406924,-0.05240229,0.03833759,-0.45424786,-22.72952174,-2.07753167,-0.45424786,-22.72952174,-2.07753167,-0.45773740,-22.72421265,-2.09376599,-0.00842269,0.01596192,-0.00882804,0.00102401,0.00680787,-0.00129213
10.590,1.99725506,-0.86750258,3.69917634,0.05442276,-0.04503952,0.03659461,-0.06691726,0.05537980,-0.04499609,2.00564268,-0.88350945,3.70800097,0.05336467,-0.05175466,0.03787290,-0.45247830,-22.71979819,-2.07862865,-0.45247830,-22.71979819,-2.07862865,-0.45600056,-22.71449555,-2.09465983,-0.00838762,0.01600687,-0.00882463,0.00105809,0.00671514,-0.00127829
10.600,1.99779595,-0.86795021,3.69954004,0.05375492,-0.04448683,0.03614555,-0.06665030,0.05515887,-0.04481658,2.00614824,-0.88400118,3.70836118,0.05266261,-0.05110928,0.03740993,-0.45069234,-22.71023109,-2.07971245,-0.45069234,-22.71023109,-2.07971245,-0.45424786,-22.70493515,-2.09554219,-0.00835229,0.01605097,-0.00882114,0.00109231,0.00662245,-0.00126438
10.610,1.99833017,-0.86839232,3.69989926,0.05308976,-0.04393635,0.03569829,-0.06638065,0.05493571,-0.04463526,2.00664689,-0.88448655,3.70871683,0.05196310,-0.05046620,0.03694872,-0.44889024,-22.70081893,-2.08078286,-0.44889024,-22.70081893,-2.08078286,-0.45247830,-22.69552971,-2.09641118,-0.00831672,0.01609423,-0.00881757,0.00112666,0.00652985,-0.00125043
10.620,1.99885775,-0.86882894,3.70025401,0.05242731,-0.04338812,0.03525285,-0.06610829,0.05471031,-0.04445213,2.00713864,-0.88496558,3.70906794,0.05126615,-0.04982544,0.03648927,-0.44707177,-22.69156354,-2.08184111,-0.44707177,-22.69156354,-2.08184111,-0.45069234,-22.68627951,-2.09726791,-0.00828089,0.01613664,-0.00881393,0.00116116,0.00643732,-0.00123642
10.630,1.99937872,-0.86926009,3.70060432,0.05176760,-0.04284215,0.03480925,-0.06583323,0.05448268,-0.04426718,2.00762353,-0.88543830,3.70941453,0.05057180,-0.04918703,0.03603160,-0.44523671,-22.68246365,-2.08288546,-0.44523671,-22.68246365,-2.08288546,-0.44889024,-22.67718304,-2.09811217,-0.00824481,0.01617821,-0.00881021,0.00119580,0.00634488,-0.00122235
10.640,1.99989311,-0.86968579,3.70095020,0.05111066,-0.04229847,0.03436751,-0.06555546,0.05425280,-0.04408040,2.00810157,-0.88590473,3.70975661,0.04988008,-0.04855099,0.03557575,-0.44338486,-22.67351862,-2.08391716,-0.44338486,-22.67351862,-2.08391716,-0.44707177,-22.66824210,-2.09894520,-0.00820846,0.01621894,-0.00880641,0.00123058,0.00625252,-0.00120824
10.650,2.00040095,-0.87010607,3.70129168,0.05045650,-0.04175710,0.03392765,-0.06527497,0.05402067,-0.04389179,2.00857281,-0.88636489,3.71009421,0.04919100,-0.04791736,0.03512172,-0.44151626,-22.66472940,-2.08493458,-0.44151626,-22.66472940,-2.08493458,-0.44523671,-22.65945542,-2.09976527,-0.00817186,0.01625882,-0.00880253,0.00126550,0.00616026,-0.00119407
10.660,2.00090225,-0.87052094,3.70162876,0.04980517,-0.04121807,0.03348968,-0.06499176,0.05378628,-0.04370136,2.00903727,-0.88681882,3.71042734,0.04850459,-0.04728616,0.03466954,-0.43963150,-22.65609323,-2.08594065,-0.43963150,-22.65609323,-2.08594065,-0.44338486,-22.65082234,-2.10057366,-0.00813502,0.01629788,-0.00879858,0.00130058,0.00606809,-0.00117986
10.670,2.00139706,-0.87093044,3.70196148,0.04915668,-0.04068139,0.03305363,-0.06470582,0.05354964,-0.04350908,2.00949496,-0.88726653,3.71075602,0.04782089,-0.04665742,0.03421923,-0.43772965,-22.64761257,-2.08693223,-0.43772965,-22.64761257,-2.08693223,-0.44151626,-22.64234380,-2.10136873,-0.00809790,0.01633609,-0.00879454,0.00133579,0.00597603,-0.00116560
10.680,2.00188540,-0.87133458,3.70228984,0.04851106,-0.04014708,0.03261950,-0.06441714,0.05331073,-0.04331497,2.00994593,-0.88770805,3.71108028,0.04713992,-0.04603117,0.03377082,-0.43581107,-22.63928420,-2.08791241,-0.43581107,-22.63928420,-2.08791241,-0.43963150,-22.63401702,-2.10215344,-0.00806053,0.01637347,-0.00879044,0.00137114,0.00588409,-0.00115132
10.690,2.00236729,-0.87173339,3.70261388,0.04786834,-0.03961518,0.03218733,-0.06412571,0.05306956,-0.04311901,2.01039020,-0.88814342,3.71140012,0.04646170,-0.04540744,0.03332432,-0.43387612,-22.63110950,-2.08887802,-0.43387612,-22.63110950,-2.08887802,-0.43772965,-22.62584445,-2.10292464,-0.00802291,0.01641003,-0.00878624,0.00140664,0.00579226,-0.00113699
10.700,2.00284277,-0.87212689,3.70293360,0.04722855,-0.03908570,0.03175713,-0.06383155,0.05282611,-0.04292121,2.01082780,-0.88857264,3.71171559,0.04578627,-0.04478625,0.03287976,-0.43192418,-22.62308680,-2.08983211,-0.43192418,-22.62308680,-2.08983211,-0.43581107,-22.61782285,-2.10368545,-0.00798503,0.01644575,-0.00878199,0.00144228,0.00570055,-0.00112263
10.710,2.00331187,-0.87251511,3.70324902,0.04659172,-0.03855866,0.03132892,-0.06353462,0.05258038,-0.04272156,2.01125876,-0.88899576,3.71202668,0.04511364,-0.04416764,0.03243715,-0.42995514,-22.61521669,-2.09077476,-0.42995514,-22.61521669,-2.09077476,-0.43387612,-22.60995360,-2.10443269,-0.00794689,0.01648065,-0.00877766,0.00147808,0.00560898,-0.00110823
10.720,2.00377462,-0.87289807,3.70356018,0.04595787,-0.03803410,0.03090271,-0.06323494,0.05233237,-0.04252005,2.01168311,-0.88941280,3.71233343,0.04444385,-0.04355162,0.03199653,-0.42796904,-22.60749841,-2.09170313,-0.42796904,-22.60749841,-2.09170313,-0.43192418,-22.60223501,-2.10516944,-0.00790849,0.01651473,-0.00877325,0.00151402,0.00551752,-0.00109382
10.730,2.00423104,-0.87327580,3.70386709,0.04532703,-0.03751203,0.03047852,-0.06293250,0.05208207,-0.04231668,2.01210087,-0.88982378,3.71263585,0.04377692,-0.04293824,0.03155790,-0.42596630,-22.59993213,-2.09261872,-0.42596630,-22.59993213,-2.09261872,-0.42995514,-22.59466764,-2.10589578,-0.00786983,0.01654798,-0.00876876,0.00155011,0.00542621,-0.00107938
10.740,2.00468117,-0.87364832,3.70416976,0.04469923,-0.03699247,0.03005638,-0.06262728,0.05182947,-0.04211145,2.01251208,-0.89022873,3.71293396,0.04311288,-0.04232752,0.03112130,-0.42394635,-22.59251627,-2.09352309,-0.42394635,-22.59251627,-2.09352309,-0.42796904,-22.58725073,-2.10660887,-0.00783091,0.01658041,-0.00876420,0.00158635,0.00533505,-0.00106492
10.750,2.00512503,-0.87401566,3.70446822,0.04407449,-0.03647544,0.02963630,-0.06231928,0.05157458,-0.04190435,2.01291676,-0.89062769,3.71322779,0.04245176,-0.04171948,0.03068673,-0.42190977,-22.58525121,-2.09441499,-0.42190977,-22.58525121,-2.09441499,-0.42596630,-22.57998444,-2.10731024,-0.00779173,0.01661203,-0.00875957,0.00162273,0.00524404,-0.00105043
10.760,2.00556267,-0.87437784,3.70476249,0.04345285,-0.03596098,0.02921830,-0.06200851,0.05131739,-0.04169538,2.01331495,-0.89102067,3.71351736,0.04179358,-0.04111416,0.03025423,-0.41985540,-22.57813597,-2.09529456,-0.41985540,-22.57813597,-2.09529456,-0.42394635,-22.57286717,-2.10800144,-0.00775228,0.01664283,-0.00875487,0.00165927,0.00515318,-0.00103593
10.770,2.00599410,-0.87473489,3.70505259,0.04283433,-0.03544910,0.02880240,-0.06169494,0.05105788,-0.04148453,2.01370668,-0.89140771,3.71380268,0.04113838,-0.04051158,0.02982380,-0.41778434,-22.57117046,-2.09616197,-0.41778434,-22.57117046,-2.09616197,-0.42190977,-22.56589928,-2.10868124,-0.00771258,0.01667282,-0.00875009,0.00169595,0.00506248,-0.00102140
10.780,2.00641936,-0.87508683,3.70533855,0.04221896,-0.03493983,0.02838861,-0.06137858,0.05079607,-0.04127181,2.01409197,-0.89178883,3.71408379,0.04048617,-0.03991178,0.02939546,-0.41569610,-22.56435327,-2.09701601,-0.41569610,-22.56435327,-2.09701601,-0.41985540,-22.55907979,-2.10934979,-0.00767261,0.01670200,-0.00874524,0.00173279,0.00497195,-0.00100685
10.790,2.00683849,-0.87543369,3.70562037,0.04160677,-0.03443319,0.02797697,-0.06105942,0.05053194,-0.04105720,2.01447087,-0.89216407,3.71436069,0.03983700,-0.03931477,0.02896925,-0.41359018,-22.55768455,-2.09785972,-0.41359018,-22.55768455,-2.09785972,-0.41778434,-22.55240860,-2.11000726,-0.00763238,0.01673038,-0.00874032,0.00176977,0.00488158,-0.00099228
10.800,2.00725151,-0.87577550,3.70589809,0.04099778,-0.03392920,0.02756748,-0.06073746,0.05026548,-0.04084070,2.01484339,-0.89253345,3.71463342,0.03919087,-0.03872058,0.02854516,-0.41146723,-22.55116440,-2.09869057,-0.41146723,-22.55116440,-2.09869057,-0.41569610,-22.54588426,-2.11065247,-0.00759188,0.01675795,-0.00873533,0.00180691,0.00479138,-0.00097768
10.810,2.00765846,-0.87611228,3.70617173,0.04039203,-0.03342789,0.02716016,-0.06041268,0.04999670,-0.04062232,2.01520958,-0.89289700,3.71490200,0.03854783,-0.03812925,0.02812323,-0.40932667,-22.54479123,-2.09950881,-0.40932667,-22.54479123,-2.09950881,-0.41359018,-22.53950692,-2.11128843,-0.00755112,0.01678472,-0.00873027,0.00184420,0.00470136,-0.00096307
10.820,2.00805936,-0.87644407,3.70644130,0.03978954,-0.03292927,0.02675504,-0.06008508,0.04972559,-0.04040204,2.01556946,-0.89325475,3.71516644,0.03790790,-0.03754081,0.02770347,-0.40716916,-22.53856670,-2.10031615,-0.40716916,-22.53856670,-2.10031615,-0.41146723,-22.53327666,-2.11191266,-0.00751010,0.01681068,-0.00872514,0.00188164,0.00461154,-0.00094843
10.830,2.00845426,-0.87677088,3.70670684,0.03919034,-0.03243338,0.02635212,-0.05975467,0.04945214,-0.04017986,2.01592307,-0.89360674,3.71542677,0.03727111,-0.03695527,0.02728589,-0.40499380,-22.53248744,-2.10111012,-0.40499380,-22.53248744,-2.10111012,-0.40932667,-22.52719190,-2.11252540,-0.00746881,0.01683586,-0.00871993,0.00191923,0.00452189,-0.00093377
10.840,2.00884318,-0.87709274,3.70696835,0.03859446,-0.03194024,0.02595144,-0.05942142,0.04917635,-0.03995578,2.01627043,-0.89395299,3.71568301,0.03663748,-0.03637267,0.02687052,-0.40280115,-22.52655330,-2.10189386,-0.40280115,-22.52655330,-2.10189386,-0.40716916,-22.52125427,-2.11312835,-0.00742725,0.01686025,-0.00871466,0.00195698,0.00443243,-0.00091908
10.850,2.00922616,-0.87740969,3.70722587,0.03800192,-0.03144986,0.02555302,-0.05908533,0.04889821,-0.03972979,2.01661159,-0.89429353,3.71593519,0.03600704,-0.03579304,0.02645738,-0.40059094,-22.52076576,-2.10266480,-0.40059094,-22.52076576,-2.10266480,-0.40499380,-22.51546037,-2.11371909,-0.00738543,0.01688384,-0.00870932,0.00199488,0.00434318,-0.00090436
10.860,2.00960323,-0.87772175,3.70747942,0.03741276,-0.03096228,0.02515686,-0.05874641,0.04861772,-0.03950190,2.01694657,-0.89462840,3.71618333,0.03537983,-0.03521640,0.02604647,-0.39836316,-22.51512332,-2.10342350,-0.39836316,-22.51512332,-2.10342350,-0.40280115,-22.50981006,-2.11430074,-0.00734334,0.01690665,-0.00870391,0.00203293,0.00425412,-0.00088961
10.870,2.00997443,-0.87802895,3.70772902,0.03682700,-0.03047752,0.02476298,-0.05840464,0.04833487,-0.03927208,2.01727541,-0.89495762,3.71642745,0.03475586,-0.03464278,0.02563783,-0.39611757,-22.50962567,-2.10417040,-0.39611757,-22.50962567,-2.10417040,-0.40059094,-22.50430480,-2.11487075,-0.00730098,0.01692867,-0.00869843,0.00207114,0.00416526,-0.00087485
10.880,2.01033978,-0.87833131,3.70797469,0.03624468,-0.02999559,0.02437142,-0.05806001,0.04804966,-0.03904035,2.01759814,-0.89528122,3.71666757,0.03413518,-0.03407221,0.02523146,-0.39385467,-22.50427009,-2.10490580,-0.39385467,-22.50427009,-2.10490580,-0.39836316,-22.49894307,-2.11542969,-0.00725836,0.01694991,-0.00869288,0.00210950,0.00407662,-0.00086004
10.890,2.01069933,-0.87862887,3.70821645,0.03566581,-0.02951653,0.02398218,-0.05771253,0.04776209,-0.03880670,2.01791480,-0.89559924,3.71690373,0.03351780,-0.03350472,0.02482740,-0.39157388,-22.49905885,-2.10563040,-0.39157388,-22.49905885,-2.10563040,-0.39611757,-22.49372455,-2.11597800,-0.00721547,0.01697037,-0.00868728,0.00214801,0.00398819,-0.00084522
10.900,2.01105311,-0.87892165,3.70845434,0.03509043,-0.02904036,0.02359529,-0.05736218,0.04747215,-0.03857112,2.01822542,-0.89591171,3.71713593,0.03290375,-0.03294033,0.02442564,-0.38927525,-22.49398950,-2.10634163,-0.38927525,-22.49398950,-2.10634163,-0.39385467,-22.48864650,-2.11651599,-0.00717231,0.01699006,-0.00868159,0.00218668,0.00389997,-0.00083035
10.910,2.01140115,-0.87920969,3.70868837,0.03451858,-0.02856710,0.02321077,-0.05700896,0.04717983,-0.03833361,2.01853003,-0.89621867,3.71736421,0.03229306,-0.03237908,0.02402623,-0.38695884,-22.48906353,-2.10704151,-0.38695884,-22.48906353,-2.10704151,-0.39157388,-22.48371119,-2.11704438,-0.00712888,0.01700898,-0.00867584,0.00222552,0.00381198,-0.00081546
10.920,2.01174349,-0.87949300,3.70891856,0.03395027,-0.02809677,0.02282863,-0.05665286,0.04688513,-0.03809417,2.01882867,-0.89652013,3.71758859,0.03168577,-0.03182099,0.02362916,-0.38462460,-22.48427632,-2.10773076,-0.38462460,-22.48427632,-2.10773076,-0.38927525,-22.47891614,-2.11756061,-0.00708518,0.01702713,-0.00867003,0.00226450,0.00372422,-0.00080053
10.930,2.01208017,-0.87977163,3.70914495,0.03338553,-0.02762940,0.02244889,-0.05629389,0.04658804,-0.03785279,2.01912137,-0.89681615,3.71780909,0.03108189,-0.03126609,0.02323447,-0.38227224,-22.47963158,-2.10840702,-0.38227224,-22.47963158,-2.10840702,-0.38695884,-22.47426283,-2.11806671,-0.00704120,0.01704452,-0.00866414,0.00230364,0.00363669,-0.00078558
10.940,2.01241122,-0.88004560,3.70936755,0.03282440,-0.02716502,0.02207158,-0.05593202,0.04628857,-0.03760946,2.01940817,-0.89710674,3.71802575,0.03048146,-0.03071441,0.02284217,-0.37990189,-22.47512698,-2.10907230,-0.37990189,-22.47512698,-2.10907230,-0.38462460,-22.46974664,-2.11856339,-0.00699695,0.01706114,-0.00865820,0.00234294,0.00354939,-0.00077059
10.950,2.01273667,-0.88031494,3.70958639,0.03226690,-0.02670364,0.02169671,-0.05556726,0.04598670,-0.03736419,2.01968911,-0.89739195,3.71823857,0.02988450,-0.03016598,0.02245228,-0.37751390,-22.47076138,-2.10972591,-0.37751390,-22.47076138,-2.10972591,-0.38227224,-22.46537124,-2.11904833,-0.00695244,0.01707701,-0.00865218,0.00238240,0.00346234,-0.00075557
10.960,2.01305657,-0.88057968,3.70980149,0.03171306,-0.02624529,0.02132430,-0.05519960,0.04568243,-0.03711697,2.01996421,-0.89767180,3.71844760,0.02929105,-0.02962082,0.02206482,-0.37510754,-22.46653432,-2.11036857,-0.37510754,-22.46653432,-2.11036857,-0.37990189,-22.46113430,-2.11952352,-0.00690764,0.01709212,-0.00864611,0.00242201,0.00337553,-0.00074052
10.970,2.01337094,-0.88083986,3.71001288,0.03116292,-0.02579000,0.02095437,-0.05482904,0.04537575,-0.03686780,2.02023353,-0.89794634,3.71865284,0.02870114,-0.02907897,0.02167981,-0.37268347,-22.46244726,-2.11099954,-0.37268347,-22.46244726,-2.11099954,-0.37751390,-22.45703468,-2.11998830,-0.00686259,0.01710648,-0.00863996,0.00246178,0.00328897,-0.00072544
10.980,2.01367984,-0.88109549,3.71022059,0.03061649,-0.02533779,0.02058695,-0.05445556,0.04506667,-0.03661667,2.02049708,-0.89821559,3.71885434,0.02811478,-0.02854045,0.02129727,-0.37024072,-22.45849527,-2.11161795,-0.37024072,-22.45849527,-2.11161795,-0.37510754,-22.45307188,-2.12044340,-0.00681724,0.01712010,-0.00863375,0.00250171,0.00320266,-0.00071032
10.990,2.01398328,-0.88134662,3.71042463,0.03007381,-0.02488867,0.02022205,-0.05407917,0.04475517,-0.03636358,2.02075492,-0.89847958,3.71905211,0.02753201,-0.02800529,0.02091722,-0.36778049,-22.45468098,-2.11222624,-0.36778049,-22.45468098,-2.11222624,-0.37268347,-22.44924736,-2.12088807,-0.00677164,0.01713296,-0.00862748,0.00254180,0.00311662,-0.00069517
11.000,2.01428132,-0.88159328,3.71062504,0.02953492,-0.02444269,0.01985969,-0.05369985,0.04444125,-0.03610852,2.02100708,-0.89873837,3.71924618,0.02695287,-0.02747352,0.02053968,-0.36530146,-22.45100439,-2.11282227,-0.36530146,-22.45100439,-2.11282227,-0.37024072,-22.44555617,-2.12132149,-0.00672576,0.01714509,-0.00862114,0.00258205,0.00303083,-0.00067999
11.010,2.01457400,-0.88183549,3.71082183,0.02899983,-0.02399986,0.01949988,-0.05331760,0.04412491,-0.03585149,2.02125358,-0.89899197,3.71943658,0.02637737,-0.02694516,0.02016467,-0.36280373,-22.44746203,-2.11340851,-0.36280373,-22.44746203,-2.11340851,-0.36778049,-22.44200093,-2.12174606,-0.00667958,0.01715648,-0.00861475,0.00262246,0.00294530,-0.00066479
11.020,2.01486133,-0.88207329,3.71101504,0.02846857,-0.02356020,0.01914266,-0.05293242,0.04380614,-0.03559249,2.02149449,-0.89924042,3.71962333,0.02580554,-0.02642026,0.01979222,-0.36028865,-22.44405469,-2.11398269,-0.36028865,-22.44405469,-2.11398269,-0.36530146,-22.43858162,-2.12215970,-0.00663316,0.01716713,-0.00860829,0.00266303,0.00286006,-0.00064956
11.030,2.01514338,-0.88230670,3.71120469,0.02794119,-0.02312374,0.01878804,-0.05254430,0.04348494,-0.03533151,2.02172982,-0.89948377,3.71980645,0.02523742,-0.02589883,0.01942233,-0.35775434,-22.44077949,-2.11454581,-0.35775434,-22.44077949,-2.11454581,-0.36280373,-22.43529476,-2.12256484,-0.00658644,0.01717707,-0.00860176,0.00270377,0.00277509,-0.00063429
11.040,2.01542017,-0.88253577,3.71139081,0.02741770,-0.02269051,0.01843604,-0.05215323,0.04316129,-0.03506855,2.02195961,-0.89972204,3.71998599,0.02467304,-0.02538090,0.01905504,-0.35520193,-22.43763949,-2.11509734,-0.35520193,-22.43763949,-2.11509734,-0.36028865,-22.43214113,-2.12295927,-0.00653944,0.01718627,-0.00859518,0.00274466,0.00269039,-0.00061900
11.050,2.01569175,-0.88276052,3.71157342,0.02689813,-0.02226052,0.01808668,-0.05175921,0.04283521,-0.03480361,2.02218392,-0.89995527,3.72016195,0.02411242,-0.02486650,0.01869035,-0.35263083,-22.43463101,-2.11563829,-0.35263083,-22.43463101,-2.11563829,-0.35775434,-22.42911784,-2.12334396,-0.00649217,0.01719475,-0.00858853,0.00278571,0.00260598,-0.00060367
11.060,2.01595815,-0.88298099,3.71175255,0.02638252,-0.02183381,0.01773997,-0.05136223,0.04250667,-0.03453667,2.02240277,-0.90018350,3.72033437,0.02355559,-0.02435567,0.01832830,-0.35004132,-22.43175532,-2.11616828,-0.35004132,-22.43175532,-2.11616828,-0.35520193,-22.42622791,-2.12371842,-0.00644462,0.01720251,-0.00858182,0.00282693,0.00252186,-0.00058833
11.070,2.01621941,-0.88319721,3.71192823,0.02587090,-0.02141040,0.01739595,-0.05096229,0.04217569,-0.03426774,2.02261621,-0.90040677,3.72050328,0.02300259,-0.02384842,0.01796891,-0.34743334,-22.42901095,-2.11668670,-0.34743334,-22.42901095,-2.11668670,-0.35263083,-22.42346767,-2.12408364,-0.00639680,0.01720956,-0.00857505,0.00286831,0.00243802,-0.00057296
11.080,2.01647558,-0.88340921,3.71210048,0.02536329,-0.02099031,0.01705462,-0.05055937,0.04184224,-0.03399682,2.02282427,-0.90062511,3.72066870,0.02245344,-0.02334479,0.01761218,-0.34480645,-22.42639636,-2.11719482,-0.34480645,-22.42639636,-2.11719482,-0.35004132,-22.42083837,-2.12443929,-0.00634869,0.01721590,-0.00856822,0.00290985,0.00235448,-0.00055756
11.090,2.01672669,-0.88361703,3.71226933,0.02485972,-0.02057356,0.01671602,-0.05015348,0.04150633,-0.03372389,2.02302699,-0.90083856,3.72083066,0.02190817,-0.02284481,0.01725815,-0.34216112,-22.42391195,-2.11769211,-0.34216112,-22.42391195,-2.11769211,-0.34743334,-22.41833851,-2.12478473,-0.00630030,0.01722153,-0.00856133,0.00295155,0.00227125,-0.00054213
11.100,2.01697279,-0.88382069,3.71243481,0.02436023,-0.02016019,0.01638015,-0.04974461,0.04116795,-0.03344896,2.02322442,-0.90104715,3.72098919,0.02136680,-0.02234850,0.01690684,-0.33949671,-22.42155476,-2.11817842,-0.33949671,-22.42155476,-2.11817842,-0.34480645,-22.41596657,-2.12512128,-0.00625163,0.01722646,-0.00855438,0.00299343,0.00218831,-0.00052669
11.110,2.01721391,-0.88402024,3.71259695,0.02386484,-0.01975021,0.01604705,-0.04933275,0.04082710,-0.03317202,2.02341659,-0.90125094,3.72114431,0.02082938,-0.02185590,0.01655826,-0.33681382,-22.41932673,-2.11865323,-0.33681382,-22.41932673,-2.11865323,-0.34216112,-22.41372290,-2.12544838,-0.00620268,0.01723070,-0.00854736,0.00303546,0.00210569,-0.00051121
11.120,2.01745010,-0.88421571,3.71275576,0.02337358,-0.01934366,0.01571672,-0.04891790,0.04048378,-0.03289307,2.02360354,-0.90144994,3.72129606,0.02029593,-0.02136703,0.01621244,-0.33411197,-22.41722680,-2.11911947,-0.33411197,-22.41722680,-2.11911947,-0.33949671,-22.41160455,-2.12576591,-0.00615344,0.01723423,-0.00854030,0.00307765,0.00202337,-0.00049572
11.130,2.01768139,-0.88440713,3.71291129,0.02288649,-0.01894054,0.01538919,-0.04850005,0.04013797,-0.03261210,2.02378533,-0.90164421,3.72144446,0.01976647,-0.02088193,0.01586940,-0.33139155,-22.41525242,-2.11957384,-0.33139155,-22.41525242,-2.11957384,-0.33681382,-22.40961342,-2.12607337,-0.00610394,0.01723708,-0.00853317,0.00312002,0.00194139,-0.00048021
11.140,2.01790784,-0.88459453,3.71306356,0.02240359,-0.01854090,0.01506448,-0.04807919,0.03978967,-0.03232911,2.02396197,-0.90183377,3.72158955,0.01924105,-0.02040061,0.01552916,-0.32865174,-22.41340276,-2.12001757,-0.32865174,-22.41340276,-2.12001757,-0.33411197,-22.40774847,-2.12637369,-0.00605413,0.01723924,-0.00852599,0.00316254,0.00185971,-0.00046468
11.150,2.01812948,-0.88477796,3.71321259,0.02192492,-0.01814476,0.01474262,-0.04765532,0.03943889,-0.03204409,2.02413353,-0.90201868,3.72173134,0.01871968,-0.01992311,0.01519174,-0.32589296,-22.41167986,-2.12045189,-0.32589296,-22.41167986,-2.12045189,-0.33139155,-22.40600711,-2.12666358,-0.00600405,0.01724072,-0.00851875,0.00320524,0.00177835,-0.00044912
11.160,2.01834635,-0.88495744,3.71335842,0.02145050,-0.01775213,0.01442361,-0.04722844,0.03908560,-0.03175705,2.02430003,-0.90219896,3.72186988,0.01820240,-0.01944947,0.01485716,-0.32311540,-22.41007939,-2.12087535,-0.32311540,-22.41007939,-2.12087535,-0.32865174,-22.40438850,-2.12694427,-0.00595368,0.01724152,-0.00851146,0.00324810,0.00169734,-0.00043355
11.170,2.01855850,-0.88513301,3.71350107,0.02098036,-0.01736306,0.01410748,-0.04679853,0.03872982,-0.03146797,2.02446153,-0.90237467,3.72200518,0.01768923,-0.01897970,0.01452543,-0.32031866,-22.40860230,-2.12128921,-0.32031866,-22.40860230,-2.12128921,-0.32589296,-22.40289467,-2.12721702,-0.00590303,0.01724166,-0.00850411,0.00329113,0.00161664,-0.00041795
11.180,2.01876597,-0.88530471,3.71364058,0.02051454,-0.01697755,0.01379426,-0.04636559,0.03837152,-0.03117686,2.02461806,-0.90254583,3.72213728,0.01718022,-0.01851383,0.01419659,-0.31750271,-22.40724778,-2.12169176,-0.31750271,-22.40724778,-2.12169176,-0.32311540,-22.40152127,-2.12748037,-0.00585209,0.01724112,-0.00849670,0.00333432,0.00153628,-0.00040233
11.190,2.01896881,-0.88547258,3.71377697,0.02005306,-0.01659563,0.01348395,-0.04592962,0.03801072,-0.03088371,2.02476967,-0.90271249,3.72226621,0.01667538,-0.01805190,0.01387064,-0.31466730,-22.40601602,-2.12208461,-0.31466730,-22.40601602,-2.12208461,-0.32031866,-22.40026924,-2.12773560,-0.00580086,0.01723991,-0.00848924,0.00337768,0.00145627,-0.00038669
11.200,2.01916705,-0.88563664,3.71391027,0.01959595,-0.01621734,0.01317659,-0.04549061,0.03764740,-0.03058851,2.02491640,-0.90287469,3.72239199,0.01617475,-0.01759393,0.01354761,-0.31181306,-22.40490346,-2.12246755,-0.31181306,-22.40490346,-2.12246755,-0.31750271,-22.39913777,-2.12798102,-0.00574935,0.01723805,-0.00848172,0.00342120,0.00137659,-0.00037102
11.210,2.01936074,-0.88579693,3.71404051,0.01914326,-0.01584269,0.01287219,-0.04504855,0.03728156,-0.03029127,2.02505829,-0.90303247,3.72251467,0.01567836,-0.01713996,0.01322752,-0.30893940,-22.40390943,-2.12284067,-0.30893940,-22.40390943,-2.12284067,-0.31466730,-22.39812700,-2.12821824,-0.00569755,0.01723554,-0.00847416,0.00346490,0.00129727,-0.00035533
11.220,2.01954993,-0.88595350,3.71416772,0.01869499,-0.01547172,0.01257077,-0.04460344,0.03691319,-0.02999197,2.02519539,-0.90318587,3.72263426,0.01518623,-0.01669001,0.01291040,-0.30604635,-22.40303626,-2.12320399,-0.30604635,-22.40303626,-2.12320399,-0.31181306,-22.39723339,-2.12844705,-0.00564546,0.01723237,-0.00846654,0.00350876,0.00121829,-0.00033963
11.230,2.01973466,-0.88610638,3.71429193,0.01825120,-0.01510444,0.01227236,-0.04415527,0.03654229,-0.02969061,2.02532774,-0.90333494,3.72275080,0.01469841,-0.01624411,0.01259625,-0.30313372,-22.40228123,-2.12355744,-0.30313372,-22.40228123,-2.12355744,-0.30893940,-22.39645623,-2.12866757,-0.00559308,0.01722856,-0.00845887,0.00355279,0.00113967,-0.00032389
11.240,2.01991497,-0.88625560,3.71441318,0.01781190,-0.01474088,0.01197697,-0.04370404,0.03616886,-0.02938720,2.02545538,-0.90347971,3.72286431,0.01421491,-0.01580228,0.01228510,-0.30020197,-22.40164218,-2.12389970,-0.30020197,-22.40164218,-2.12389970,-0.30604635,-22.39579786,-2.12887981,-0.00554041,0.01722411,-0.00845113,0.00359699,0.00106140,-0.00030813
11.250,2.02009091,-0.88640121,3.71453148,0.01737713,-0.01438107,0.01168462,-0.04324974,0.03579289,-0.02908172,2.02557837,-0.90362022,3.72297484,0.01373577,-0.01536456,0.01197696,-0.29725068,-22.40112091,-2.12423386,-0.29725068,-22.40112091,-2.12423386,-0.30313372,-22.39525552,-2.12908373,-0.00548746,0.01721901,-0.00844336,0.00364136,0.00098349,-0.00029234
11.260,2.02026253,-0.88654324,3.71464688,0.01694691,-0.01402503,0.01139534,-0.04279236,0.03541437,-0.02877417,2.02569674,-0.90375652,3.72308240,0.01326103,-0.01493099,0.01167187,-0.29427970,-22.40071483,-2.12455701,-0.29427970,-22.40071483,-2.12455701,-0.30020197,-22.39482705,-2.12927800,-0.00543421,0.01721328,-0.00843552,0.00368588,0.00090596,-0.00027653
11.270,2.02042986,-0.88668172,3.71475940,0.01652129,-0.01367279,0.01110914,-0.04233190,0.03503330,-0.02846455,2.02581053,-0.90388866,3.72318704,0.01279070,-0.01450157,0.01136984,-0.29128954,-22.40042160,-2.12487090,-0.29128954,-22.40042160,-2.12487090,-0.29725068,-22.39451425,-2.12946573,-0.00538067,0.01720694,-0.00842764,0.00373059,0.00082878,-0.00026070
11.280,2.02059297,-0.88681671,3.71486907,0.01610029,-0.01332437,0.01082605,-0.04186835,0.03464967,-0.02815286,2.02591981,-0.90401666,3.72328878,0.01232482,-0.01407635,0.01107090,-0.28827908,-22.40024449,-2.12517567,-0.28827908,-22.40024449,-2.12517567,-0.29427970,-22.39431448,-2.12964403,-0.00532684,0.01719995,-0.00841971,0.00377547,0.00075198,-0.00024485
11.290,2.02075189,-0.88694822,3.71497593,0.01568393,-0.01297981,0.01054609,-0.04140172,0.03426349,-0.02783908,2.02602460,-0.90414059,3.72338766,0.01186342,-0.01365536,0.01077505,-0.28524923,-22.40017741,-2.12547007,-0.28524923,-22.40017741,-2.12547007,-0.29128954,-22.39422541,-2.12981466,-0.00527271,0.01719237,-0.00841173,0.00382051,0.00067555,-0.00022896
11.300,2.02090666,-0.88707632,3.71508000,0.01527226,-0.01263911,0.01026928,-0.04093198,0.03387474,-0.02752323,2.02612496,-0.90426047,3.72348370,0.01140654,-0.01323862,0.01048233,-0.28220002,-22.40022480,-2.12575586,-0.28220002,-22.40022480,-2.12575586,-0.28827908,-22.39425028,-2.12997775,-0.00521830,0.01718415,-0.00840370,0.00386572,0.00059951,-0.00021305
11.310,2.02105735,-0.88720102,3.71518133,0.01486530,-0.01230232,0.00999563,-0.04045913,0.03348342,-0.02720528,2.02622093,-0.90437636,3.72357694,0.01095419,-0.01282617,0.01019275,-0.27913041,-22.40038082,-2.12603046,-0.27913041,-22.40038082,-2.12603046,-0.28524923,-22.39438301,-2.13013208,-0.00516358,0.01717534,-0.00839561,0.00391111,0.00052385,-0.00019712
11.320,2.02120398,-0.88732238,3.71527993,0.01446309,-0.01196945,0.00972518,-0.03998318,0.03308953,-0.02688524,2.02631256,-0.90448829,3.72366741,0.01050642,-0.01241802,0.00990634,-0.27604159,-22.40064812,-2.12629701,-0.27604159,-22.40064812,-2.12629701,-0.28220002,-22.39462801,-2.13027941,-0.00510858,0.01716591,-0.00838748,0.00395667,0.00044857,-0.00018116
11.330,2.02134662,-0.88744042,3.71537584,0.01406565,-0.01164054,0.00945794,-0.03950411,0.03269306,-0.02656311,2.02639990,-0.90459632,3.72375514,0.01006326,-0.01201422,0.00962312,-0.27293252,-22.40102235,-2.12655455,-0.27293252,-22.40102235,-2.12655455,-0.27913041,-22.39497941,-2.13041719,-0.00505328,0.01715590,-0.00837930,0.00400239,0.00037368,-0.00016518
11.340,2.02148531,-0.88755520,3.71546910,0.01367302,-0.01131560,0.00919393,-0.03902192,0.03229400,-0.02623888,2.02648299,-0.90470049,3.72384017,0.00962473,-0.01161479,0.00934311,-0.26980344,-22.40150605,-2.12680197,-0.26980344,-22.40150605,-2.12680197,-0.27604159,-22.39543986,-2.13054856,-0.00499768,0.01714529,-0.00837107,0.00404829,0.00029919,-0.00014918
11.350,2.02162010,-0.88766675,3.71555973,0.01328522,-0.01099467,0.00893317,-0.03853660,0.03189236,-0.02591254,2.02656188,-0.90480083,3.72392253,0.00919086,-0.01121976,0.00906633,-0.26665436,-22.40209681,-2.12704121,-0.26665436,-22.40209681,-2.12704121,-0.27293252,-22.39600501,-2.13067255,-0.00494178,0.01713408,-0.00836280,0.00409436,0.00022509,-0.00013316
11.360,2.02175103,-0.88777511,3.71564777,0.01290230,-0.01067776,0.00867568,-0.03804814,0.03148812,-0.02558410,2.02663662,-0.90489741,3.72400226,0.00876170,-0.01082916,0.00879281,-0.26348541,-22.40279302,-2.12727127,-0.26348541,-22.40279302,-2.12727127,-0.26980344,-22.39667737,-2.13078809,-0.00488559,0.01712230,-0.00835449,0.00414060,0.00015140,-0.00011713
11.370,2.02187816,-0.88788032,3.71573325,0.01252427,-0.01036491,0.00842149,-0.03755655,0.03108128,-0.02525354,2.02670726,-0.90499025,3.72407938,0.00833726,-0.01044303,0.00852256,-0.26029626,-22.40359412,-2.12749253,-0.26029626,-22.40359412,-2.12749253,-0.26665436,-22.39745450,-2.13089711,-0.00482910,0.01710993,-0.00834613,0.00418701,0.00007812,-0.00010107
11.380,2.02200154,-0.88798242,3.71581621,0.01215118,-0.01005615,0.00817062,-0.03706181,0.03067184,-0.02492087,2.02677385,-0.90507942,3.72415392,0.00791758,-0.01006138,0.00825560,-0.25708658,-22.40449909,-2.12770404,-0.25708658,-22.40449909,-2.12770404,-0.26348541,-22.39833481,-2.13099863,-0.00477231,0.01709700,-0.00833771,0.00423360,0.00000523,-0.00008498
11.390,2.02212120,-0.88808145,3.71589668,0.01178304,-0.00975148,0.00792308,-0.03656392,0.03025979,-0.02458608,2.02683643,-0.90516495,3.72422593,0.00750268,-0.00968424,0.00799196,-0.25385756,-22.40550586,-2.12790644,-0.25385756,-22.40550586,-2.12790644,-0.26029626,-22.39931769,-2.13109305,-0.00471523,0.01708350,-0.00832925,0.00428036,-0.00006724,-0.00006888
11.400,2.02223721,-0.88817746,3.71597469,0.01141991,-0.00945096,0.00767890,-0.03606287,0.02984513,-0.02424917,2.02689505,-0.90524689,3.72429544,0.00709262,-0.00931166,0.00773166,-0.25060779,-22.40661635,-2.12810027,-0.25060779,-22.40661635,-2.12810027,-0.25708658,-22.40040214,-2.13117941,-0.00465784,0.01706943,-0.00832075,0.00432729,-0.00013930,-0.00005276
11.410,2.02234962,-0.88827049,3.71605027,0.01106180,-0.00915459,0.00743811,-0.03555865,0.02942785,-0.02391013,2.02694977,-0.90532528,3.72436248,0.00668740,-0.00894366,0.00747471,-0.24733749,-22.40782834,-2.12828610,-0.24733749,-22.40782834,-2.12828610,-0.25385756,-22.40158604,-2.13125838,-0.00460015,0.01705479,-0.00831221,0.00437440,-0.00021093,-0.00003660
11.420,2.02245847,-0.88836057,3.71612346,0.01070874,-0.00886241,0.00720071,-0.03505127,0.02900795,-0.02356896,2.02700063,-0.90540018,3.72442708,0.00628707,-0.00858026,0.00722115,-0.24404715,-22.40913893,-2.12846331,-0.24404715,-22.40913893,-2.12846331,-0.25060779,-22.40287132,-2.13133051,-0.00454216,0.01703961,-0.00830362,0.00442167,-0.00028215,-0.00002044
11.430,2.02256381,-0.88844775,3.71619429,0.01036078,-0.00857444,0.00696673,-0.03454071,0.02858542,-0.02322565,2.02704768,-0.90547163,3.72448929,0.00589166,-0.00822150,0.00697100,-0.24073654,-22.41054845,-2.12863251,-0.24073654,-22.41054845,-2.12863251,-0.24733749,-22.40425573,-2.13139636,-0.00448387,0.01702388,-0.00829500,0.00446912,-0.00035294,-0.00000427
11.440,2.02266570,-0.88853207,3.71626280,0.01001794,-0.00829071,0.00673620,-0.03402697,0.02816025,-0.02288021,2.02709098,-0.90553969,3.72454913,0.00550119,-0.00786740,0.00672426,-0.23740530,-22.41205555,-2.12879282,-0.23740530,-22.41205555,-2.12879282,-0.24404715,-22.40573637,-2.13145535,-0.00442528,0.01700762,-0.00828633,0.00451675,-0.00042331,0.00001194
11.450,2.02276419,-0.88861358,3.71632903,0.00968025,-0.00801124,0.00650914,-0.03351005,0.02773245,-0.02253262,2.02713057,-0.90560438,3.72460664,0.00511570,-0.00751801,0.00648098,-0.23405348,-22.41366047,-2.12894347,-0.23405348,-22.41366047,-2.12894347,-0.24073654,-22.40731354,-2.13150807,-0.00436638,0.01699080,-0.00827761,0.00456455,-0.00049323,0.00002816
11.460,2.02285932,-0.88869231,3.71639300,0.00934775,-0.00773607,0.00628556,-0.03298993,0.02730201,-0.02218288,2.02716651,-0.90566578,3.72466186,0.00473522,-0.00717333,0.00624115,-0.23068150,-22.41536009,-2.12908686,-0.23068150,-22.41536009,-2.12908686,-0.23740530,-22.40898589,-2.13155366,-0.00430719,0.01697347,-0.00826886,0.00461253,-0.00056274,0.00004441
11.470,2.02295116,-0.88876831,3.71645475,0.00902047,-0.00746521,0.00606549,-0.03246661,0.02686892,-0.02183100,2.02719885,-0.90572391,3.72471482,0.00435979,-0.00683342,0.00600482,-0.22728845,-22.41715412,-2.12922227,-0.22728845,-22.41715412,-2.12922227,-0.23405348,-22.41075364,-2.13159138,-0.00424769,0.01695560,-0.00826007,0.00466068,-0.00063179,0.00006067
11.480,2.02303975,-0.88884163,3.71651432,0.00869843,-0.00719870,0.00584894,-0.03194009,0.02643318,-0.02147696,2.02722763,-0.90577884,3.72476555,0.00398943,-0.00649829,0.00577200,-0.22387503,-22.41904331,-2.12934918,-0.22387503,-22.41904331,-2.12934918,-0.23068150,-22.41261364,-2.13162362,-0.00418788,0.01693721,-0.00825123,0.00470900,-0.00070041,0.00007694
11.490,2.02312514,-0.88891230,3.71657174,0.00838167,-0.00693656,0.00563595,-0.03141036,0.02599478,-0.02112076,2.02725292,-0.90583061,3.72481410,0.00362418,-0.00616797,0.00554270,-0.22044123,-22.42102366,-2.12946826,-0.22044123,-22.42102366,-2.12946826,-0.22728845,-22.41456560,-2.13164969,-0.00412778,0.01691831,-0.00824236,0.00475749,-0.00076859,0.00009325
11.500,2.02320740,-0.88898037,3.71662705,0.00807023,-0.00667881,0.00542654,-0.03087741,0.02555372,-0.02076240,2.02727475,-0.90587927,3.72486050,0.00326406,-0.00584250,0.00531697,-0.21698606,-22.42309506,-2.12957895,-0.21698606,-22.42309506,-2.12957895,-0.22387503,-22.41661026,-2.13166905,-0.00406735,0.01689890,-0.00823345,0.00480617,-0.00083631,0.00010957
11.510,2.02328657,-0.88904589,3.71668028,0.00776414,-0.00642549,0.00522071,-0.03034124,0.02510999,-0.02040187,2.02729320,-0.90592488,3.72490478,0.00290912,-0.00552191,0.00509480,-0.21351015,-22.42525808,-2.12968242,-0.21351015,-22.42525808,-2.12968242,-0.22044123,-22.41874360,-2.13168241,-0.00400663,0.01687899,-0.00822450,0.00485502,-0.00090358,0.00012591
11.520,2.02336270,-0.88910890,3.71673148,0.00746342,-0.00617662,0.00501851,-0.02980185,0.02466360,-0.02003917,2.02730830,-0.90596747,3.72494699,0.00255937,-0.00520622,0.00487623,-0.21001379,-22.42751051,-2.12977637,-0.21001379,-22.42751051,-2.12977637,-0.21698606,-22.42096549,-2.13168922,-0.00394560,0.01685857,-0.00821551,0.00490405,-0.00097040,0.00014228
11.530,2.02343585,-0.88916944,3.71678067,0.00716811,-0.00593223,0.00481994,-0.02925921,0.02421452,-0.01967430,2.02732011,-0.90600710,3.72498715,0.00221487,-0.00489546,0.00466128,-0.20649652,-22.42985043,-2.12986351,-0.20649652,-22.42985043,-2.12986351,-0.21351015,-22.42327648,-2.13169064,-0.00388426,0.01683766,-0.00820648,0.00495324,-0.00103677,0.00015866
11.540,2.02350608,-0.88922756,3.71682789,0.00687825,-0.00569234,0.00462503,-0.02871334,0.02376277,-0.01930725,2.02732869,-0.90604382,3.72502531,0.00187562,-0.00458967,0.00444997,-0.20295793,-22.43227746,-2.12994338,-0.20295793,-22.43227746,-2.12994338,-0.21001379,-22.42567436,-2.13168439,-0.00382261,0.01681626,-0.00819742,0.00500263,-0.00110267,0.00017506
11.550,2.02357344,-0.88928330,3.71687318,0.00659385,-0.00545698,0.00443380,-0.02816423,0.02330833,-0.01893802,2.02733409,-0.90607769,3.72506150,0.00154168,-0.00428887,0.00424233,-0.19939846,-22.43478957,-2.13001558,-0.19939846,-22.43478957,-2.13001558,-0.20649652,-22.42815718,-2.13167321,-0.00376065,0.01679439,-0.00818832,0.00505217,-0.00116811,0.00019147
11.560,2.02363798,-0.88933671,3.71691658,0.00631497,-0.00522618,0.00424627,-0.02761186,0.02285120,-0.01856660,2.02733636,-0.90610874,3.72509577,0.00121307,-0.00399310,0.00403837,-0.19581797,-22.43738663,-2.13007972,-0.19581797,-22.43738663,-2.13007972,-0.20295793,-22.43072456,-2.13165663,-0.00369838,0.01677203,-0.00817919,0.00510190,-0.00123308,0.00020790
11.570,2.02369975,-0.88938784,3.71695812,0.00604163,-0.00499997,0.00406247,-0.02705624,0.02239137,-0.01819299,2.02733556,-0.90613705,3.72512814,0.00088982,-0.00370239,0.00383812,-0.19221683,-22.44006850,-2.13013687,-0.19221683,-22.44006850,-2.13013687,-0.19939846,-22.43337444,-2.13163426,-0.00363581,0.01674921,-0.00817002,0.00515181,-0.00129758,0.00022435
11.580,2.02375883,-0.88943673,3.71699784,0.00577386,-0.00477837,0.00388242,-0.02649735,0.02192884,-0.01781718,2.02733174,-0.90616265,3.72515866,0.00057197,-0.00341676,0.00364159,-0.18859380,-22.44283258,-2.13018673,-0.18859380,-22.44283258,-2.13018673,-0.19581797,-22.43610670,-2.13160573,-0.00357291,0.01672592,-0.00816082,0.00520189,-0.00136161,0.00024083
11.590,2.02381525,-0.88948342,3.71703578,0.00551169,-0.00456140,0.00370614,-0.02593519,0.02146361,-0.01743918,2.02732497,-0.90618559,3.72518737,0.00025954,-0.00313624,0.00344882,-0.18495014,-22.44567622,-2.13022905,-0.18495014,-22.44567622,-2.13022905,-0.19221683,-22.43892115,-2.13157211,-0.00350972,0.01670217,-0.00815159,0.00525215,-0.00142516,0.00025732
11.600,2.02386908,-0.88952797,3.71707197,0.00525516,-0.00434910,0.00353365,-0.02536976,0.02099566,-0.01705898,2.02731528,-0.90620594,3.72521430,-0.00004742,-0.00286088,0.00325982,-0.18128505,-22.44860138,-2.13026509,-0.18128505,-22.44860138,-2.13026509,-0.18859380,-22.44181520,-2.13153314,-0.00344620,0.01667797,-0.00814233,0.00530258,-0.00148822,0.00027383
11.610,2.02392037,-0.88957042,3.71710646,0.00500431,-0.00414150,0.00336497,-0.02480105,0.02052501,-0.01667657,2.02730275,-0.90622374,3.72523949,-0.00034889,-0.00259068,0.00307461,-0.17759871,-22.45160567,-2.13029314,-0.17759871,-22.45160567,-2.13029314,-0.18495014,-22.44478616,-2.13148854,-0.00338238,0.01665332,-0.00813303,0.00535320,-0.00155082,0.00029036
11.620,2.02396918,-0.88961082,3.71713929,0.00475915,-0.00393861,0.00320012,-0.02422905,0.02005163,-0.01629195,2.02728742,-0.90623905,3.72526298,-0.00064484,-0.00232570,0.00289321,-0.17389119,-22.45468791,-2.13031301,-0.17389119,-22.45468791,-2.13031301,-0.18128505,-22.44783602,-2.13143960,-0.00331824,0.01662823,-0.00812369,0.00540399,-0.00161291,0.00030691
11.630,2.02401557,-0.88964921,3.71717048,0.00451974,-0.00374047,0.00303913,-0.02365376,0.01957553,-0.01590512,2.02726936,-0.90625192,3.72528481,-0.00093522,-0.00206594,0.00271565,-0.17016197,-22.45784587,-2.13032747,-0.17016197,-22.45784587,-2.13032747,-0.17759871,-22.45096233,-2.13138463,-0.00325379,0.01660271,-0.00811433,0.00545496,-0.00167453,0.00032348
11.640,2.02405960,-0.88968564,3.71720008,0.00428609,-0.00354711,0.00288203,-0.02307517,0.01909669,-0.01551606,2.02724862,-0.90626240,3.72530501,-0.00122001,-0.00181146,0.00254196,-0.16641115,-22.46107891,-2.13033490,-0.16641115,-22.46107891,-2.13033490,-0.17389119,-22.45416390,-2.13132344,-0.00318902,0.01657676,-0.00810493,0.00550610,-0.00173565,0.00034007
11.650,2.02410132,-0.88972017,3.71722813,0.00405825,-0.00335855,0.00272882,-0.02249328,0.01861513,-0.01512479,2.02722525,-0.90627054,3.72532364,-0.00149918,-0.00156227,0.00237215,-0.16263887,-22.46438801,-2.13033540,-0.16263887,-22.46438801,-2.13033540,-0.17016197,-22.45743851,-2.13125883,-0.00312393,0.01655037,-0.00809551,0.00555743,-0.00179628,0.00035667
11.660,2.02414078,-0.88975283,3.71725467,0.00383624,-0.00317482,0.00257954,-0.02190808,0.01813082,-0.01473129,2.02719932,-0.90627641,3.72534073,-0.00177269,-0.00131841,0.00220624,-0.15884566,-22.46776846,-2.13032874,-0.15884566,-22.46776846,-2.13032874,-0.16641115,-22.46078549,-2.13118916,-0.00305854,0.01652358,-0.00808606,0.00560893,-0.00185641,0.00037330
11.670,2.02417806,-0.88978368,3.71727974,0.00362010,-0.00299594,0.00243420,-0.02131956,0.01764377,-0.01433557,2.02717088,-0.90628006,3.72535631,-0.00204051,-0.00107991,0.00204425,-0.15503031,-22.47122107,-2.13031501,-0.15503031,-22.47122107,-2.13031501,-0.16263887,-22.46420581,-2.13111456,-0.00299282,0.01649638,-0.00807657,0.00566061,-0.00191603,0.00038995
11.680,2.02421320,-0.88981276,3.71730337,0.00340986,-0.00282195,0.00229283,-0.02072772,0.01715398,-0.01393760,2.02713999,-0.90628153,3.72537043,-0.00230261,-0.00084679,0.00188622,-0.15119375,-22.47474331,-2.13029569,-0.15119375,-22.47474331,-2.13029569,-0.15884566,-22.46769474,-2.13103480,-0.00292679,0.01646877,-0.00806706,0.00571247,-0.00197516,0.00040661
11.690,2.02424628,-0.88984013,3.71732561,0.00320555,-0.00265287,0.00215546,-0.02013255,0.01666142,-0.01353741,2.02710671,-0.90628089,3.72538313,-0.00255895,-0.00061910,0.00173216,-0.14733492,-22.47833590,-2.13026927,-0.14733492,-22.47833590,-2.13026927,-0.15503031,-22.47125306,-2.13095001,-0.00286043,0.01644076,-0.00805752,0.00576450,-0.00203377,0.00042330
11.700,2.02427734,-0.88986584,3.71734649,0.00300722,-0.00248873,0.00202209,-0.01953405,0.01616611,-0.01313497,2.02707110,-0.90627819,3.72539445,-0.00280950,-0.00039685,0.00158210,-0.14345456,-22.48199786,-2.13023755,-0.14345456,-22.48199786,-2.13023755,-0.15119375,-22.47487825,-2.13086164,-0.00279376,0.01641235,-0.00804796,0.00581672,-0.00209188,0.00043999
11.710,2.02430644,-0.88988993,3.71736606,0.00281488,-0.00232956,0.00189277,-0.01893221,0.01566804,-0.01273028,2.02703321,-0.90627349,3.72540443,-0.00305422,-0.00018008,0.00143605,-0.13955289,-22.48572612,-2.13019889,-0.13955289,-22.48572612,-2.13019889,-0.14733492,-22.47857101,-2.13076823,-0.00272677,0.01638356,-0.00803837,0.00586910,-0.00214948,0.00045672
11.720,2.02433365,-0.88991245,3.71738436,0.00262858,-0.00217538,0.00176750,-0.01832703,0.01516720,-0.01232335,2.02699312,-0.90626684,3.72541311,-0.00329309,0.00003117,0.00129405,-0.13562917,-22.48951918,-2.13015365,-0.13562917,-22.48951918,-2.13015365,-0.14345456,-22.48233033,-2.13067157,-0.00265947,0.01635439,-0.00802875,0.00592167,-0.00220655,0.00047345
11.730,2.02435903,-0.88993345,3.71740143,0.00244835,-0.00202622,0.00164631,-0.01771849,0.01466358,-0.01191416,2.02695087,-0.90625830,3.72542053,-0.00352607,0.00023689,0.00115611,-0.13168342,-22.49337584,-2.13010194,-0.13168342,-22.49337584,-2.13010194,-0.13955289,-22.48615313,-2.13057003,-0.00259184,0.01632485,-0.00801910,0.00597442,-0.00226311,0.00049020
11.740,2.02438264,-0.88995299,3.71741730,0.00227422,-0.00188212,0.00152922,-0.01710660,0.01415719,-0.01150271,2.02690652,-0.90624792,3.72542674,-0.00375312,0.00043703,0.00102225,-0.12771568,-22.49729720,-2.13004553,-0.12771568,-22.49729720,-2.13004553,-0.13562917,-22.49003791,-2.13046399,-0.00252388,0.01629493,-0.00800944,0.00602734,-0.00231915,0.00050697
11.750,2.02440454,-0.88997111,3.71743202,0.00210623,-0.00174309,0.00141626,-0.01649135,0.01364801,-0.01108901,2.02686015,-0.90623577,3.72543177,-0.00397422,0.00063157,0.00089250,-0.12372587,-22.50127924,-2.12998314,-0.12372587,-22.50127924,-2.12998314,-0.13168342,-22.49398344,-2.13035357,-0.00245561,0.01626466,-0.00799975,0.00608045,-0.00237466,0.00052376
11.760,2.02442479,-0.88998787,3.71744564,0.00194441,-0.00160917,0.00130745,-0.01587272,0.01313605,-0.01067304,2.02681180,-0.90622190,3.72543567,-0.00418933,0.00082048,0.00076689,-0.11971408,-22.50532293,-2.12991354,-0.11971408,-22.50532293,-2.12991354,-0.12771568,-22.49799080,-2.13024055,-0.00238701,0.01623403,-0.00799003,0.00613374,-0.00242965,0.00054056
11.770,2.02444345,-0.89000331,3.71745819,0.00178879,-0.00148038,0.00120281,-0.01525072,0.01262129,-0.01025480,2.02676155,-0.90620637,3.72543848,-0.00439841,0.00100373,0.00064542,-0.11568039,-22.50942448,-2.12983857,-0.11568039,-22.50942448,-2.12983857,-0.12372587,-22.50205597,-2.13012365,-0.00231810,0.01620306,-0.00798029,0.00618720,-0.00248411,0.00055739
11.780,2.02446058,-0.89001749,3.71746971,0.00163941,-0.00135675,0.00110236,-0.01462535,0.01210374,-0.00983429,2.02670944,-0.90618923,3.72544025,-0.00460144,0.00118128,0.00052813,-0.11162480,-22.51358435,-2.12975866,-0.11162480,-22.51358435,-2.12975866,-0.11971408,-22.50617989,-2.13000167,-0.00224886,0.01617174,-0.00797054,0.00624085,-0.00253803,0.00057423
11.790,2.02447626,-0.89003046,3.71748025,0.00149629,-0.00123831,0.00100613,-0.01399658,0.01158338,-0.00941150,2.02665555,-0.90617054,3.72544100,-0.00479837,0.00135310,0.00041505,-0.10754654,-22.51780098,-2.12967264,-0.10754654,-22.51780098,-2.12967264,-0.11568039,-22.51035876,-2.12987646,-0.00217929,0.01614008,-0.00796075,0.00629466,-0.00259141,0.00059108
11.800,2.02449053,-0.89004227,3.71748985,0.00135948,-0.00112509,0.00091414,-0.01336443,0.01106022,-0.00898643,2.02659993,-0.90615037,3.72544080,-0.00498918,0.00151917,0.00030618,-0.10344652,-22.52207273,-2.12958095,-0.10344652,-22.52207273,-2.12958095,-0.11162480,-22.51459304,-2.12974845,-0.00210940,0.01610810,-0.00795095,0.00634866,-0.00264426,0.00060796
11.810,2.02450347,-0.89005298,3.71749855,0.00122902,-0.00101712,0.00082641,-0.01272887,0.01053424,-0.00855907,2.02654266,-0.90612876,3.72543968,-0.00517383,0.00167945,0.00020156,-0.09932378,-22.52639989,-2.12948409,-0.09932378,-22.52639989,-2.12948409,-0.10754654,-22.51888113,-2.12961649,-0.00203919,0.01607578,-0.00794113,0.00640285,-0.00269657,0.00062485
11.820,2.02451513,-0.89006263,3.71750639,0.00110492,-0.00091442,0.00074296,-0.01208992,0.01000545,-0.00812943,2.02648378,-0.90610579,3.72543768,-0.00535228,0.00183392,0.00010121,-0.09517924,-22.53077835,-2.12938260,-0.09517924,-22.53077835,-2.12938260,-0.10344652,-22.52322138,-2.12948102,-0.00196865,0.01604316,-0.00793129,0.00645720,-0.00274834,0.00064175
11.830,2.02452559,-0.89007129,3.71751342,0.00098723,-0.00081702,0.00066383,-0.01144755,0.00947384,-0.00769749,2.02642337,-0.90608151,3.72543485,-0.00552451,0.00198253,0.00000515,-0.09101185,-22.53521025,-2.12927535,-0.09101185,-22.53521025,-2.12927535,-0.09932378,-22.52761408,-2.12934257,-0.00189778,0.01601022,-0.00792143,0.00651174,-0.00279955,0.00065868
11.840,2.02453490,-0.89007899,3.71751968,0.00087598,-0.00072495,0.00058902,-0.01080177,0.00893940,-0.00726326,2.02636148,-0.90605597,3.72543123,-0.00569047,0.00212527,-0.00008660,-0.08682234,-22.53968970,-2.12916312,-0.08682234,-22.53968970,-2.12916312,-0.09517924,-22.53205509,-2.12920168,-0.00182658,0.01597698,-0.00791155,0.00656645,-0.00285022,0.00067562
11.850,2.02454313,-0.89008580,3.71752521,0.00077120,-0.00063824,0.00051857,-0.01015257,0.00840212,-0.00682673,2.02629819,-0.90602925,3.72542687,-0.00585014,0.00226209,-0.00017401,-0.08261042,-22.54421871,-2.12904634,-0.08261042,-22.54421871,-2.12904634,-0.09101185,-22.53654653,-2.12905723,-0.00175506,0.01594345,-0.00790166,0.00662134,-0.00290033,0.00069258
11.860,2.02455034,-0.89009178,3.71753007,0.00067294,-0.00055692,0.00045249,-0.00949994,0.00786202,-0.00638789,2.02623356,-0.90600139,3.72542180,-0.00600348,0.00239297,-0.00025706,-0.07837612,-22.54879727,-2.12892277,-0.07837612,-22.54879727,-2.12892277,-0.08682234,-22.54108251,-2.12891001,-0.00168322,0.01590961,-0.00789173,0.00667642,-0.00294989,0.00070955
11.870,2.02455661,-0.89009696,3.71753428,0.00058122,-0.00048101,0.00039082,-0.00884387,0.00731907,-0.00594674,2.02616764,-0.90597246,3.72541609,-0.00615046,0.00251789,-0.00033573,-0.07411882,-22.55341894,-2.12879588,-0.07411882,-22.55341894,-2.12879588,-0.08261042,-22.54566502,-2.12876047,-0.00161103,0.01587550,-0.00788181,0.00673168,-0.00299890,0.00072655
11.880,2.02456199,-0.89010141,3.71753790,0.00049607,-0.00041054,0.00033357,-0.00818437,0.00677327,-0.00550328,2.02610052,-0.90594253,3.72540976,-0.00629103,0.00263679,-0.00040999,-0.06983930,-22.55808551,-2.12866359,-0.06983930,-22.55808551,-2.12866359,-0.07837612,-22.55029402,-2.12860637,-0.00153853,0.01584112,-0.00787186,0.00678710,-0.00304733,0.00074356
11.890,2.02456655,-0.89010519,3.71754096,0.00041754,-0.00034555,0.00028076,-0.00752143,0.00622463,-0.00505751,2.02603224,-0.90591165,3.72540287,-0.00642518,0.00274966,-0.00047983,-0.06553714,-22.56279713,-2.12852816,-0.06553714,-22.56279713,-2.12852816,-0.07411882,-22.55496308,-2.12845122,-0.00146569,0.01580646,-0.00786191,0.00684272,-0.00309521,0.00076059
11.900,2.02457036,-0.89010834,3.71754353,0.00034566,-0.00028606,0.00023242,-0.00685503,0.00567313,-0.00460942,2.02596288,-0.90587988,3.72539545,-0.00655285,0.00285647,-0.00054521,-0.06121215,-22.56754916,-2.12838579,-0.06121215,-22.56754916,-2.12838579,-0.06983930,-22.55967395,-2.12829292,-0.00139252,0.01577154,-0.00785192,0.00689851,-0.00314253,0.00077763
11.910,2.02457349,-0.89011093,3.71754563,0.00028045,-0.00023210,0.00018858,-0.00618518,0.00511877,-0.00415900,2.02589250,-0.90584728,3.72538756,-0.00667402,0.00295717,-0.00060612,-0.05686429,-22.57234323,-2.12824018,-0.05686429,-22.57234323,-2.12824018,-0.06553714,-22.56442678,-2.12813374,-0.00131901,0.01573635,-0.00784193,0.00695447,-0.00318927,0.00079470
11.920,2.02457599,-0.89011300,3.71754731,0.00022196,-0.00018369,0.00014925,-0.00551186,0.00456154,-0.00370625,2.02582118,-0.90581393,3.72537925,-0.00678866,0.00305175,-0.00066253,-0.05249419,-22.57717458,-2.12809088,-0.05249419,-22.57717458,-2.12809088,-0.06121215,-22.56921690,-2.12796991,-0.00124519,0.01570093,-0.00783194,0.00701062,-0.00323544,0.00081178
11.930,2.02457795,-0.89011462,3.71754863,0.00017023,-0.00014088,0.00011446,-0.00483508,0.00400144,-0.00325117,2.02574897,-0.90577988,3.72537055,-0.00689672,0.00314017,-0.00071441,-0.04810059,-22.58204538,-2.12793569,-0.04810059,-22.58204538,-2.12793569,-0.05686429,-22.57404594,-2.12780515,-0.00117102,0.01566526,-0.00782192,0.00706695,-0.00328105,0.00082887
11.940,2.02457942,-0.89011584,3.71754962,0.00012527,-0.00010368,0.00008424,-0.00415482,0.00343847,-0.00279376,2.02567594,-0.90574518,3.72536151,-0.00699818,0.00322239,-0.00076175,-0.04368464,-22.58695242,-2.12777694,-0.04368464,-22.58695242,-2.12777694,-0.05249419,-22.57890911,-2.12763899,-0.00109652,0.01562934,-0.00781189,0.00712345,-0.00332607,0.00084599
11.950,2.02458048,-0.89011671,3.71755033,0.00008714,-0.00007212,0.00005860,-0.00347108,0.00287262,-0.00233401,2.02560217,-0.90570992,3.72535218,-0.00709300,0.00329840,-0.00080453,-0.03924539,-22.59189304,-2.12761425,-0.03924539,-22.59189304,-2.12761425,-0.04810059,-22.58380858,-2.12746927,-0.00102169,0.01559321,-0.00780185,0.00718014,-0.00337052,0.00086313
11.960,2.02458119,-0.89011730,3.71755081,0.00005586,-0.00004623,0.00003756,-0.00278386,0.00230389,-0.00187191,2.02552771,-0.90567415,3.72534261,-0.00718114,0.00336815,-0.00084270,-0.03478339,-22.59686854,-2.12744716,-0.03478339,-22.59686854,-2.12744716,-0.04368464,-22.58874111,-2.12729832,-0.00094652,0.01555685,-0.00779180,0.00723700,-0.00341438,0.00088026
11.970,2.02458162,-0.89011766,3.71755109,0.00003148,-0.00002605,0.00002116,-0.00209315,0.00173226,-0.00140746,2.02545265,-0.90563793,3.72533284,-0.00726257,0.00343161,-0.00087627,-0.03029835,-22.60187654,-2.12727802,-0.03029835,-22.60187654,-2.12727802,-0.03924539,-22.59370404,-2.12712577,-0.00087103,0.01552027,-0.00778175,0.00729405,-0.00345766,0.00089743
11.980,2.02458184,-0.89011784,3.71755124,0.00001401,-0.00001160,0.00000942,-0.00139894,0.00115774,-0.00094066,2.02537703,-0.90560132,3.72532292,-0.00733725,0.00348876,-0.00090519,-0.02579049,-22.60691384,-2.12710346,-0.02579049,-22.60691384,-2.12710346,-0.03478339,-22.59869863,-2.12695119,-0.00079519,0.01548348,-0.00777168,0.00735126,-0.00350036,0.00091461
11.990,2.02458192,-0.89011791,3.71755130,0.00000351,-0.00000290,0.00000236,-0.00070122,0.00058032,-0.00047151,2.02530094,-0.90556441,3.72531290,-0.00740515,0.00353955,-0.00092944,-0.02125942,-22.61198123,-2.12692454,-0.02125942,-22.61198123,-2.12692454,-0.03029835,-22.60372251,-2.12677691,-0.00071902,0.01544650,-0.00776160,0.00740866,-0.00354245,0.00093180
12.000,2.02458193,-0.89011792,3.71755131,0.00000000,-0.00000000,0.00000000,0.00000000,-0.00000000,0.00000000,2.02522445,-0.90552723,3.72530282,-0.00746624,0.00358397,-0.00094902,-0.01670527,-22.61707645,-2.12674244,-0.01670527,-22.61707645,-2.12674244,-0.02579049,-22.60877245,-2.12659959,-0.00064252,0.01540931,-0.00775151,0.00746624,-0.00358397,0.00094902
