t,q_des_1,q_des_2,q_des_3,qd_des_1,qd_des_2,qd_des_3,qdd_des_1,qdd_des_2,qdd_des_3,q_act_1,q_act_2,q_act_3,qd_act_1,qd_act_2,qd_act_3,tau_fb_1,tau_fb_2,tau_fb_3,tau_total_1,tau_total_2,tau_total_3,tau_sensed_1,tau_sensed_2,tau_sensed_3,e_pos_1,e_pos_2,e_pos_3,e_vel_1,e_vel_2,e_vel_3
0.000,0.00000000,0.78539816,2.35619449,-0.00000000,-0.00000000,-0.00000000,-0.00000000,-0.00000000,-0.00000000,0.00073711,0.77535076,2.36627893,-0.00147565,0.01791938,-0.00843649,-0.01918440,-20.47583646,-1.43031723,-0.01918440,-20.47583646,-1.43031723,0.00000000,-21.85167861,0.00637648,-0.00073711,0.01004740,-0.01008444,0.00147565,-0.01791938,0.00843649
0.010,-0.00000002,0.78539816,2.35619448,-0.00000451,-0.00000130,-0.00000166,-0.00090071,-0.00025994,-0.00033248,0.00071496,0.77562048,2.36614789,-0.00166046,0.02018232,-0.00960332,-0.01604025,-20.60660872,-1.40103522,-0.01604025,-20.60660872,-1.40103522,0.00000000,-21.85185060,0.00655191,-0.00071498,0.00977768,-0.00995341,0.00165595,-0.02018362,0.00960166
0.020,-0.00000012,0.78539813,2.35619445,-0.00001800,-0.00000519,-0.00000664,-0.00179691,-0.00051857,-0.00066329,0.00069140,0.77594327,2.36581354,-0.00183435,0.02320666,-0.01556116,-0.01306669,-20.77482420,-1.29331611,-0.01306669,-20.77482420,-1.29331611,-0.01918440,-20.49197630,-1.41359990,-0.00069152,0.00945486,-0.00961909,0.00181635,-0.02321185,0.01555452
0.030,-0.00000040,0.78539805,2.35619434,-0.00004043,-0.00001167,-0.00001492,-0.00268861,-0.00077591,-0.00099244,0.00066662,0.77631611,2.36528339,-0.00199535,0.02672582,-0.02492468,-0.01030115,-20.97055953,-1.12210796,-0.01030115,-20.97055953,-1.12210796,-0.01604025,-20.62525037,-1.37452759,-0.00066702,0.00908194,-0.00908905,0.00195492,-0.02673749,0.02490976
0.040,-0.00000096,0.78539789,2.35619414,-0.00007176,-0.00002071,-0.00002649,-0.00357582,-0.00103195,-0.00131993,0.00064080,0.77673379,2.36457524,-0.00214196,0.03048657,-0.03639718,-0.00777569,-21.18393137,-0.90301558,-0.00777569,-21.18393137,-0.90301558,-0.01306669,-20.79570861,-1.25790876,-0.00064176,0.00866410,-0.00838110,0.00207020,-0.03050728,0.03637069
0.050,-0.00000187,0.78539762,2.35619380,-0.00011193,-0.00003230,-0.00004132,-0.00445855,-0.00128670,-0.00164577,0.00061413,0.77718949,2.36371514,-0.00227311,0.03425724,-0.04880032,-0.00551515,-21.40547632,-0.65170574,-0.00551515,-21.40547632,-0.65170574,-0.01030115,-20.99334415,-1.07910309,-0.00061600,0.00820813,-0.00752134,0.00216118,-0.03428954,0.04875900
0.060,-0.00000323,0.78539723,2.35619330,-0.00016091,-0.00004644,-0.00005940,-0.00533680,-0.00154015,-0.00196996,0.00058680,0.77767514,2.36273522,-0.00238817,0.03783415,-0.06109826,-0.00354084,-21.62646559,-0.38333492,-0.00354084,-21.62646559,-0.38333492,-0.00777569,-21.20821381,-0.85401955,-0.00059003,0.00772209,-0.00654192,0.00222726,-0.03788059,0.06103886
0.070,-0.00000512,0.78539669,2.35619260,-0.00021865,-0.00006310,-0.00008071,-0.00621058,-0.00179231,-0.00229249,0.00055897,0.77818196,2.36167155,-0.00248690,0.04104624,-0.07241548,-0.00186760,-21.83916655,-0.11205816,-0.00186760,-21.83916655,-0.11205816,-0.00551515,-21.43081758,-0.59852217,-0.00056409,0.00721473,-0.00547895,0.00226825,-0.04110934,0.07233477
0.080,-0.00000763,0.78539596,2.35619167,-0.00028511,-0.00008228,-0.00010524,-0.00707989,-0.00204319,-0.00261338,0.00053080,0.77870089,2.36056209,-0.00256940,0.04375797,-0.08204803,-0.00050599,-22.03703196,0.14939492,-0.00050599,-22.03703196,0.14939492,-0.00354084,-21.65241217,-0.32786208,-0.00053843,0.00669507,-0.00437042,0.00228429,-0.04384025,0.08194279
0.090,-0.00001085,0.78539503,2.35619049,-0.00036024,-0.00010396,-0.00013297,-0.00794475,-0.00229278,-0.00293263,0.00050244,0.77922297,2.35944481,-0.00263612,0.04587052,-0.08946816,0.00053807,-22.21481427,0.39005195,0.00053807,-22.21481427,0.39005195,-0.00186760,-21.86527064,-0.05619388,-0.00051329,0.00617206,-0.00325432,0.00227588,-0.04597448,0.08933519
0.100,-0.00001486,0.78539387,2.35618900,-0.00044399,-0.00012813,-0.00016389,-0.00880517,-0.00254109,-0.00325023,0.00047401,0.77973972,2.35835595,-0.00268777,0.04732153,-0.09432263,0.00126324,-22.36863800,0.60092792,0.00126324,-22.36863800,0.60092792,-0.00050599,-22.06286924,0.20383795,-0.00048887,0.00565415,-0.00216695,0.00224378,-0.04744966,0.09415874
0.110,-0.00001976,0.78539246,2.35618720,-0.00053632,-0.00015478,-0.00019797,-0.00966114,-0.00278811,-0.00356619,0.00044563,0.78024341,2.35732862,-0.00272529,0.04808346,-0.09642527,0.00167063,-22.49599643,0.77518332,0.00167063,-22.49599643,0.77518332,0.00053807,-22.23999891,0.44141854,-0.00046539,0.00514905,-0.00114142,0.00218897,-0.04823824,0.09622730
0.120,-0.00002562,0.78539077,2.35618503,-0.00063720,-0.00018389,-0.00023521,-0.01051269,-0.00303386,-0.00388052,0.00041740,0.78072734,2.35639160,-0.00274981,0.04816083,-0.09574438,0.00176567,-22.59570578,0.90815632,0.00176567,-22.59570578,0.90815632,0.00126324,-22.39283447,0.64777878,-0.00044302,0.00466343,-0.00020657,0.00211261,-0.04834472,0.09550917
0.130,-0.00003253,0.78538878,2.35618248,-0.00074656,-0.00021545,-0.00027558,-0.01135980,-0.00327833,-0.00419322,0.00038939,0.78118598,2.35556849,-0.00276258,0.04758648,-0.09238596,0.00155572,-22.66780670,0.99734364,0.00155572,-22.66780670,0.99734364,0.00167063,-22.51892814,0.81633869,-0.00042192,0.00420280,0.00061399,0.00201602,-0.04780193,0.09211038
0.140,-0.00004058,0.78538645,2.35617951,-0.00086438,-0.00024945,-0.00031907,-0.01220250,-0.00352153,-0.00450428,0.00036167,0.78161507,2.35487713,-0.00276494,0.04641718,-0.08657365,0.00104931,-22.71343740,1.04227460,0.00104931,-22.71343740,1.04227460,0.00176567,-22.61716043,0.94272468,-0.00040225,0.00377138,0.00130238,0.00190056,-0.04666663,0.08625458
0.150,-0.00004984,0.78538378,2.35617609,-0.00099060,-0.00028588,-0.00036566,-0.01304080,-0.00376345,-0.00481372,0.00033428,0.78201170,2.35432928,-0.00275827,0.04472877,-0.07862630,0.00025768,-22.73466001,1.04433689,0.00025768,-22.73466001,1.04433689,0.00155572,-22.68763846,1.02473576,-0.00038412,0.00337208,0.00184681,0.00176767,-0.04501465,0.07826064
0.160,-0.00006042,0.78538073,2.35617219,-0.00112518,-0.00032472,-0.00041533,-0.01387469,-0.00400410,-0.00512153,0.00030728,0.78237428,2.35393070,-0.00274394,0.04261098,-0.06893434,-0.00080954,-22.73429477,1.00654090,-0.00080954,-22.73429477,1.00654090,0.00104931,-22.73156622,1.06220384,-0.00036770,0.00300645,0.00224149,0.00161876,-0.04293570,0.06851901
0.170,-0.00007238,0.78537728,2.35616777,-0.00126808,-0.00036596,-0.00046808,-0.01470418,-0.00424349,-0.00542772,0.00028066,0.78270245,2.35368129,-0.00272328,0.04016240,-0.05793591,-0.00214012,-22.71571618,0.93324367,-0.00214012,-22.71571618,0.93324367,0.00025768,-22.75106833,1.05680719,-0.00035304,0.00267483,0.00248648,0.00145520,-0.04052836,0.05746783
0.180,-0.00008581,0.78537340,2.35616282,-0.00141925,-0.00040958,-0.00052388,-0.01552929,-0.00448161,-0.00573229,0.00025446,0.78299699,2.35357563,-0.00269757,0.03748541,-0.04609347,-0.00372355,-22.68266303,0.82985491,-0.00372355,-22.68266303,0.82985491,-0.00080954,-22.74902200,1.01182397,-0.00034027,0.00237641,0.00258719,0.00127832,-0.03789499,0.04556959
0.190,-0.00010079,0.78536908,2.35615729,-0.00157865,-0.00045558,-0.00058272,-0.01635002,-0.00471846,-0.00603524,0.00022867,0.78325970,2.35360356,-0.00266795,0.03468168,-0.03387196,-0.00554972,-22.63904349,0.70251353,-0.00554972,-22.63904349,0.70251353,-0.00214012,-22.72885141,0.93184739,-0.00032946,0.00210938,0.00255373,0.00108930,-0.03513726,0.03328924
0.200,-0.00011741,0.78536428,2.35615115,-0.00174623,-0.00050395,-0.00064458,-0.01716638,-0.00495406,-0.00633658,0.00020329,0.78349316,2.35375095,-0.00263548,0.03184797,-0.02171905,-0.00760999,-22.58876609,0.55778517,-0.00760999,-22.58876609,0.55778517,-0.00372355,-22.69433645,0.82248506,-0.00032070,0.00187112,0.00240020,0.00088925,-0.03235192,0.02107447
0.210,-0.00013574,0.78535899,2.35614438,-0.00192196,-0.00055466,-0.00070945,-0.01797837,-0.00518839,-0.00663631,0.00017831,0.78370063,2.35400060,-0.00260106,0.02907271,-0.01004803,-0.00989625,-22.53556751,0.40236200,-0.00989625,-22.53556751,0.40236200,-0.00554972,-22.64941695,0.69003101,-0.00031405,0.00165836,0.00214378,0.00067910,-0.02962737,0.00933858
0.220,-0.00015587,0.78535318,2.35613695,-0.00210579,-0.00060771,-0.00077730,-0.01878601,-0.00542146,-0.00693443,0.00015372,0.78388578,2.35433309,-0.00256548,0.02643314,0.00077619,-0.01240258,-22.48288677,0.24278454,-0.01240258,-22.48288677,0.24278454,-0.00760999,-22.59802332,0.54116075,-0.00030959,0.00146740,0.00180386,0.00045969,-0.02704085,-0.00155349
0.230,-0.00017788,0.78534683,2.35612883,-0.00229767,-0.00066309,-0.00084813,-0.01958929,-0.00565329,-0.00723095,0.00012951,0.78405251,2.35472772,-0.00252938,0.02399326,0.01044778,-0.01512399,-22.43374616,0.08519903,-0.01512399,-22.43374616,0.08519903,-0.00989625,-22.54390433,0.38263072,-0.00030739,0.00129432,0.00140111,0.00023171,-0.02465635,-0.01129591
0.240,-0.00020185,0.78533991,2.35611998,-0.00249756,-0.00072077,-0.00092192,-0.02038824,-0.00588385,-0.00752586,0.00010566,0.78420481,2.35516338,-0.00249329,0.02180247,0.01872733,-0.01805702,-22.39067073,-0.06484897,-0.01805702,-22.39067073,-0.06484897,-0.01240258,-22.49050182,0.22100155,-0.00030751,0.00113510,0.00095660,-0.00000427,-0.02252324,-0.01964925
0.250,-0.00022786,0.78533241,2.35611038,-0.00270542,-0.00078076,-0.00099864,-0.02118285,-0.00611317,-0.00781917,0.00008215,0.78434654,2.35561939,-0.00245763,0.01989496,0.02544574,-0.02119943,-22.35562871,-0.20257288,-0.02119943,-22.35562871,-0.20257288,-0.01512399,-22.44083237,0.06239854,-0.00031001,0.00098587,0.00049099,-0.00024779,-0.02067572,-0.02644438
0.260,-0.00025599,0.78532429,2.35610000,-0.00292120,-0.00084303,-0.00107830,-0.02197313,-0.00634124,-0.00811089,0.00005897,0.78448128,2.35607622,-0.00242272,0.01828976,0.03050501,-0.02454990,-22.33001068,-0.32406772,-0.02454990,-22.33001068,-0.32406772,-0.01805702,-22.39740782,-0.08769037,-0.00031496,0.00084301,0.00002378,-0.00049848,-0.01913279,-0.03158331
0.270,-0.00028631,0.78531554,2.35608881,-0.00314487,-0.00090758,-0.00116086,-0.02275910,-0.00656806,-0.00840101,0.00003610,0.78461225,2.35651611,-0.00238884,0.01699143,0.03387603,-0.02810762,-22.31461825,-0.42638024,-0.02810762,-22.31461825,-0.42638024,-0.02119943,-22.36217693,-0.22456744,-0.00032241,0.00070329,-0.00042730,-0.00075603,-0.01789901,-0.03503689
0.280,-0.00031891,0.78530613,2.35607677,-0.00337637,-0.00097439,-0.00124631,-0.02354075,-0.00679364,-0.00868954,0.00001352,0.78474215,2.35692358,-0.00235621,0.01599123,0.03559395,-0.03187290,-22.30969418,-0.50753973,-0.03187290,-22.30969418,-0.50753973,-0.02454990,-22.33650598,-0.34444158,-0.00033243,0.00056398,-0.00084681,-0.00102016,-0.01696562,-0.03684026
0.290,-0.00035386,0.78529604,2.35606387,-0.00361567,-0.00104345,-0.00133464,-0.02431810,-0.00701798,-0.00897648,-0.00000880,0.78487316,2.35728582,-0.00232501,0.01526870,0.03575129,-0.03584561,-22.31495992,-0.56653947,-0.03584561,-22.31495992,-0.56653947,-0.02810762,-22.32116882,-0.44449189,-0.00034506,0.00042288,-0.00122195,-0.00129066,-0.01631215,-0.03708593
0.300,-0.00039125,0.78528525,2.35605007,-0.00386272,-0.00111474,-0.00142584,-0.02509115,-0.00724107,-0.00926184,-0.00003086,0.78500685,2.35759286,-0.00229546,0.01479366,0.03448950,-0.04002627,-22.32967626,-0.60329686,-0.04002627,-22.32967626,-0.60329686,-0.03187290,-22.31637844,-0.52289179,-0.00036039,0.00027840,-0.00154279,-0.00156726,-0.01590840,-0.03591534
0.310,-0.00043114,0.78527374,2.35603534,-0.00411748,-0.00118826,-0.00151987,-0.02585992,-0.00746293,-0.00954561,-0.00005271,0.78514417,2.35783775,-0.00226777,0.01452827,0.03198934,-0.04441365,-22.35271666,-0.61856724,-0.04441365,-22.35271666,-0.61856724,-0.03584561,-22.32182596,-0.57878391,-0.00037843,0.00012957,-0.00180241,-0.00184971,-0.01571653,-0.03350921
0.320,-0.00047362,0.78526148,2.35601966,-0.00437990,-0.00126400,-0.00161674,-0.02662440,-0.00768355,-0.00982780,-0.00007437,0.78528549,2.35801649,-0.00224219,0.01442931,0.02846059,-0.04900724,-22.38264928,-0.61383947,-0.04900724,-22.38264928,-0.61383947,-0.04002627,-22.33674249,-0.61223402,-0.00039925,-0.00002401,-0.00199683,-0.00213771,-0.01569331,-0.03007733
0.330,-0.00051877,0.78524845,2.35600300,-0.00464995,-0.00134193,-0.00171642,-0.02738461,-0.00790294,-0.01010841,-0.00009586,0.78543063,2.35812793,-0.00221905,0.01445047,0.02413153,-0.05380548,-22.41781857,-0.59121419,-0.05380548,-22.41781857,-0.59121419,-0.04441365,-22.35997362,-0.62413941,-0.00042291,-0.00018218,-0.00212493,-0.00243090,-0.01579240,-0.02584795
0.340,-0.00056665,0.78523463,2.35598532,-0.00492758,-0.00142205,-0.00181890,-0.02814055,-0.00812110,-0.01038745,-0.00011724,0.78557890,2.35817353,-0.00219869,0.01454443,0.01923869,-0.05880454,-22.45643585,-0.55326838,-0.05880454,-22.45643585,-0.55326838,-0.04900724,-22.39006243,-0.61611956,-0.00044941,-0.00034427,-0.00218821,-0.00272889,-0.01596648,-0.02105759
0.350,-0.00061734,0.78522000,2.35596661,-0.00521275,-0.00150435,-0.00192417,-0.02889223,-0.00833803,-0.01066492,-0.00013854,0.78572916,2.35815706,-0.00218156,0.01466494,0.01401718,-0.06400063,-22.49666227,-0.50290735,-0.06400063,-22.49666227,-0.50290735,-0.05380548,-22.42533181,-0.59039052,-0.00047880,-0.00050916,-0.00219045,-0.00303119,-0.01616929,-0.01594135
0.360,-0.00067093,0.78520454,2.35594683,-0.00550541,-0.00158881,-0.00203220,-0.02963966,-0.00855373,-0.01094081,-0.00015982,0.78587996,2.35808422,-0.00216816,0.01476859,0.00869195,-0.06938917,-22.53668759,-0.44323182,-0.06938917,-22.53668759,-0.44323182,-0.05880454,-22.46397562,-0.54962651,-0.00051111,-0.00067542,-0.00213739,-0.00333725,-0.01635740,-0.01072415
0.370,-0.00072748,0.78518822,2.35592596,-0.00580553,-0.00167542,-0.00214298,-0.03038285,-0.00876820,-0.01121515,-0.00018114,0.78602955,2.35796227,-0.00215906,0.01481630,0.00347022,-0.07496312,-22.57480352,-0.37739500,-0.07496312,-22.57480352,-0.37739500,-0.06400063,-22.50414199,-0.49680986,-0.00054634,-0.00084133,-0.00203631,-0.00364647,-0.01649172,-0.00561320
0.380,-0.00078706,0.78517102,2.35590396,-0.00611305,-0.00176417,-0.00225650,-0.03112180,-0.00898146,-0.01148791,-0.00020256,0.78617604,2.35779958,-0.00215488,0.01477456,-0.00146473,-0.08071445,-22.60945986,-0.30848282,-0.08071445,-22.60945986,-0.30848282,-0.06938917,-22.54401225,-0.43509704,-0.00058450,-0.00100502,-0.00189562,-0.00395817,-0.01653873,-0.00079177
0.390,-0.00084976,0.78515293,2.35588082,-0.00642795,-0.00185505,-0.00237273,-0.03185652,-0.00919349,-0.01175912,-0.00022417,0.78631746,2.35760519,-0.00215631,0.01461626,-0.00595823,-0.08663552,-22.63931339,-0.23939495,-0.08663552,-22.63931339,-0.23939495,-0.07496312,-22.58187421,-0.36767563,-0.00062559,-0.00116453,-0.00172437,-0.00427164,-0.01647131,0.00358550
0.400,-0.00091565,0.78513392,2.35585650,-0.00675017,-0.00194804,-0.00249167,-0.03258702,-0.00940431,-0.01202877,-0.00024604,0.78645182,2.35738844,-0.00216409,0.01432131,-0.00988749,-0.09271622,-22.66327007,-0.17276025,-0.09271622,-22.66327007,-0.17276025,-0.08071445,-22.61617808,-0.29764519,-0.00066961,-0.00131790,-0.00153194,-0.00458608,-0.01626935,0.00739582
0.410,-0.00098479,0.78511396,2.35583098,-0.00707967,-0.00204313,-0.00261330,-0.03331331,-0.00961391,-0.01229686,-0.00026828,0.78657725,2.35715853,-0.00217896,0.01387679,-0.01316321,-0.09894535,-22.68050562,-0.11085415,-0.09894535,-22.68050562,-0.11085415,-0.08663552,-22.64558502,-0.22789977,-0.00071651,-0.00146329,-0.00132755,-0.00490071,-0.01591992,0.01054991
0.420,-0.00105726,0.78509305,2.35580422,-0.00741642,-0.00214031,-0.00273760,-0.03403539,-0.00982229,-0.01256340,-0.00029098,0.78669203,2.35692424,-0.00220173,0.01327697,-0.01572987,-0.10531213,-22.69047043,-0.05555035,-0.10531213,-22.69047043,-0.05555035,-0.09271622,-22.66900881,-0.16104532,-0.00076628,-0.00159898,-0.00112002,-0.00521469,-0.01541728,0.01299227
0.430,-0.00113314,0.78507115,2.35577622,-0.00776037,-0.00223957,-0.00286457,-0.03475327,-0.01002947,-0.01282839,-0.00031425,0.78679463,2.35669355,-0.00223319,0.01252285,-0.01756467,-0.11180501,-22.69290318,-0.00827841,-0.11180501,-22.69290318,-0.00827841,-0.09894535,-22.68563587,-0.09931961,-0.00081889,-0.00172348,-0.00091733,-0.00552718,-0.01476242,0.01470010
0.440,-0.00121250,0.78504825,2.35574692,-0.00811147,-0.00234089,-0.00299417,-0.03546696,-0.01023543,-0.01309183,-0.00033822,0.78688382,2.35647347,-0.00227412,0.01162171,-0.01867528,-0.11841161,-22.68780536,0.02997575,-0.11841161,-22.68780536,0.02997575,-0.10531213,-22.69492957,-0.04454679,-0.00087428,-0.00183557,-0.00072655,-0.00583735,-0.01396260,0.01568111
0.450,-0.00129540,0.78502432,2.35571632,-0.00846969,-0.00244427,-0.00312640,-0.03617647,-0.01044019,-0.01335373,-0.00036301,0.78695861,2.35626987,-0.00232531,0.01058623,-0.01909668,-0.12511913,-22.67543171,0.05868185,-0.12511913,-22.67543171,0.05868185,-0.11180501,-22.69664309,0.00190203,-0.00093239,-0.00193429,-0.00055355,-0.00614438,-0.01303050,0.01597028
0.460,-0.00138191,0.78499936,2.35568439,-0.00883499,-0.00254969,-0.00326124,-0.03688180,-0.01064374,-0.01361409,-0.00038875,0.78701837,2.35608728,-0.00238750,0.00943367,-0.01888721,-0.13191515,-22.65625073,0.07773084,-0.13191515,-22.65625073,0.07773084,-0.11841161,-22.69079335,0.03910516,-0.00099316,-0.00201901,-0.00040289,-0.00644749,-0.01198336,0.01562597
0.470,-0.00147212,0.78497332,2.35565109,-0.00920731,-0.00265714,-0.00339867,-0.03758296,-0.01084609,-0.01387290,-0.00041558,0.78706276,2.35592893,-0.00246139,0.00818479,-0.01812412,-0.13878822,-22.63092752,0.08740135,-0.13878822,-22.63092752,0.08740135,-0.12511913,-22.67765078,0.06659926,-0.00105654,-0.00208944,-0.00027784,-0.00674592,-0.01084193,0.01472545
0.480,-0.00156608,0.78494621,2.35561641,-0.00958663,-0.00276661,-0.00353869,-0.03827996,-0.01104724,-0.01413019,-0.00044365,0.78709173,2.35579670,-0.00254764,0.00686284,-0.01689875,-0.14572569,-22.60026319,0.08831768,-0.14572569,-22.60026319,0.08831768,-0.13191515,-22.65769923,0.08434217,-0.00112243,-0.00214552,-0.00018029,-0.00703899,-0.00962945,0.01336006
0.490,-0.00166387,0.78491798,2.35558031,-0.00997290,-0.00287809,-0.00368127,-0.03897280,-0.01124719,-0.01438593,-0.00047309,0.78710554,2.35569120,-0.00264684,0.00549248,-0.01531172,-0.15271655,-22.56517836,0.08138481,-0.15271655,-22.56517836,0.08138481,-0.13878822,-22.63161823,0.09267667,-0.00119078,-0.00218756,-0.00011089,-0.00732606,-0.00837057,0.01163045
0.500,-0.00176556,0.78488864,2.35554277,-0.01036608,-0.00299155,-0.00382640,-0.03966150,-0.01144594,-0.01464015,-0.00050407,0.78710472,2.35561182,-0.00275954,0.00409879,-0.01346810,-0.15974999,-22.52664746,0.06773294,-0.15974999,-22.52664746,0.06773294,-0.14572569,-22.60022205,0.09228630,-0.00126149,-0.00221608,-0.00006905,-0.00760654,-0.00709034,0.00964170
0.510,-0.00187122,0.78485815,2.35550377,-0.01076612,-0.00310700,-0.00397407,-0.04034607,-0.01164350,-0.01489284,-0.00053673,0.78709000,2.35555695,-0.00288619,0.00270626,-0.01147292,-0.16681578,-22.48568289,0.04864962,-0.16681578,-22.48568289,0.04864962,-0.15271655,-22.56444270,0.08412850,-0.00133449,-0.00223185,-0.00005318,-0.00787993,-0.00581326,0.00749885
0.520,-0.00198091,0.78482649,2.35546328,-0.01117298,-0.00322442,-0.00412426,-0.04102650,-0.01183986,-0.01514401,-0.00057123,0.78706234,2.35552405,-0.00302719,0.00133802,-0.00942710,-0.17390406,-22.44328131,0.02551315,-0.17390406,-22.44328131,0.02551315,-0.15974999,-22.52526411,0.06937775,-0.00140968,-0.00223585,-0.00006077,-0.00814579,-0.00456244,0.00530284
0.530,-0.00209470,0.78479365,2.35542128,-0.01158663,-0.00334379,-0.00427694,-0.04170280,-0.01203504,-0.01539365,-0.00060773,0.78702280,2.35550991,-0.00318286,0.00001506,-0.00742388,-0.18100640,-22.40039295,-0.00026721,-0.18100640,-22.40039295,-0.00026721,-0.16681578,-22.48370599,0.04935673,-0.00148697,-0.00222915,-0.00008863,-0.00840377,-0.00335885,0.00314694
0.540,-0.00221266,0.78475961,2.35537773,-0.01200703,-0.00346511,-0.00443212,-0.04237500,-0.01222903,-0.01564178,-0.00064638,0.78697258,2.35551079,-0.00335345,-0.00124430,-0.00554594,-0.18811505,-22.35789743,-0.02731416,-0.18811505,-22.35789743,-0.02731416,-0.17390406,-22.44077012,0.02546921,-0.00156628,-0.00221297,-0.00013306,-0.00865358,-0.00222081,0.00111382
0.550,-0.00233486,0.78472434,2.35533263,-0.01243412,-0.00358837,-0.00458978,-0.04304308,-0.01242183,-0.01588838,-0.00068734,0.78691291,2.35552264,-0.00353914,-0.00242486,-0.00386315,-0.19522284,-22.31657914,-0.05432416,-0.19522284,-22.31657914,-0.05432416,-0.18100640,-22.39740968,-0.00085982,-0.00164752,-0.00218857,-0.00019001,-0.00889498,-0.00116351,-0.00072663
0.560,-0.00246137,0.78468784,2.35528593,-0.01286787,-0.00371355,-0.00474989,-0.04370706,-0.01261345,-0.01613348,-0.00073077,0.78684506,2.35554130,-0.00374007,-0.00351480,-0.00243105,-0.20232376,-22.27710158,-0.08012465,-0.20232376,-22.27710158,-0.08012465,-0.18811505,-22.35450511,-0.02824677,-0.00173060,-0.00215722,-0.00025537,-0.00912780,-0.00019875,-0.00231884
0.570,-0.00259224,0.78465007,2.35523762,-0.01330825,-0.00384063,-0.00491244,-0.04436695,-0.01280388,-0.01637706,-0.00077682,0.78677028,2.35556263,-0.00395628,-0.00450581,-0.00129003,-0.20941154,-22.24000963,-0.10369573,-0.20941154,-22.24000963,-0.10369573,-0.19522284,-22.31283973,-0.05539067,-0.00181542,-0.00212021,-0.00032501,-0.00935197,0.00066518,-0.00362241
0.580,-0.00272756,0.78461102,2.35518767,-0.01375520,-0.00396962,-0.00507742,-0.04502275,-0.01299314,-0.01661914,-0.00082564,0.78668973,2.35558272,-0.00418780,-0.00539303,-0.00046517,-0.21648222,-22.20571082,-0.12420406,-0.21648222,-22.20571082,-0.12420406,-0.20232376,-22.27307423,-0.08112937,-0.00190192,-0.00207871,-0.00039505,-0.00956740,0.00142341,-0.00461225
0.590,-0.00286737,0.78457067,2.35513607,-0.01420869,-0.00410049,-0.00524482,-0.04567448,-0.01318122,-0.01685971,-0.00087739,0.78660452,2.35559801,-0.00443459,-0.00617494,0.00003334,-0.22353035,-22.17448023,-0.14101289,-0.22353035,-22.17448023,-0.14101289,-0.20941154,-22.23574929,-0.10446016,-0.00198998,-0.00203385,-0.00046194,-0.00977410,0.00207445,-0.00527816
0.600,-0.00301175,0.78452900,2.35508277,-0.01466867,-0.00423324,-0.00541461,-0.04632213,-0.01336813,-0.01709877,-0.00093222,0.78651565,2.35560537,-0.00469657,-0.00685309,0.00020916,-0.23055274,-22.14646545,-0.15369741,-0.23055274,-22.14646545,-0.15369741,-0.21648222,-22.20126705,-0.12457237,-0.00207953,-0.00198665,-0.00052260,-0.00997210,0.00261985,-0.00562377
0.610,-0.00316076,0.78448600,2.35502776,-0.01513512,-0.00436785,-0.00558679,-0.04696572,-0.01355387,-0.01733634,-0.00099027,0.78642397,2.35560224,-0.00497366,-0.00743174,0.00007843,-0.23754606,-22.12169176,-0.16203129,-0.23754606,-22.12169176,-0.16203129,-0.22353035,-22.16989638,-0.14085600,-0.00217049,-0.00193797,-0.00057448,-0.01016146,0.00306389,-0.00566522
0.620,-0.00331447,0.78444164,2.35497103,-0.01560798,-0.00450431,-0.00576133,-0.04760525,-0.01373843,-0.01757241,-0.00105169,0.78633022,2.35558660,-0.00526571,-0.00791745,-0.00033210,-0.24450738,-22.10008170,-0.16598216,-0.24450738,-22.10008170,-0.16598216,-0.23055274,-22.14177817,-0.15291557,-0.00226278,-0.00188858,-0.00061557,-0.01034227,0.00341314,-0.00542923
0.630,-0.00347295,0.78439590,2.35491253,-0.01608721,-0.00464262,-0.00593823,-0.04824074,-0.01392182,-0.01780698,-0.00111662,0.78623500,2.35555708,-0.00557259,-0.00831859,-0.00098700,-0.25143432,-22.08146445,-0.16570188,-0.25143432,-22.08146445,-0.16570188,-0.23754606,-22.11693074,-0.16055542,-0.00235633,-0.00183910,-0.00064455,-0.01051462,0.00367597,-0.00495123
0.640,-0.00363624,0.78434878,2.35485225,-0.01657278,-0.00478275,-0.00611747,-0.04887218,-0.01410405,-0.01804007,-0.00118521,0.78613876,2.35551292,-0.00589414,-0.00864492,-0.00184444,-0.25832334,-22.06558953,-0.16149232,-0.25832334,-22.06558953,-0.16149232,-0.24450738,-22.09526976,-0.16377379,-0.00245103,-0.00178998,-0.00066067,-0.01067864,0.00386217,-0.00427303
0.650,-0.00380442,0.78430024,2.35479017,-0.01706464,-0.00492469,-0.00629903,-0.04949960,-0.01428512,-0.01827166,-0.00125759,0.78604183,2.35545392,-0.00623020,-0.00890701,-0.00285832,-0.26517288,-22.05215903,-0.15378701,-0.26517288,-22.05215903,-0.15378701,-0.25143432,-22.07661780,-0.16275189,-0.00254683,-0.00174159,-0.00066375,-0.01083444,0.00398232,-0.00344071
0.660,-0.00397755,0.78425028,2.35472627,-0.01756275,-0.00506845,-0.00648290,-0.05012298,-0.01446502,-0.01850177,-0.00133391,0.78594441,2.35538044,-0.00658060,-0.00911585,-0.00398056,-0.27198059,-22.04083033,-0.14312121,-0.27198059,-22.04083033,-0.14312121,-0.25832334,-22.06071835,-0.15781868,-0.00264364,-0.00169413,-0.00065417,-0.01098215,0.00404740,-0.00250234
0.670,-0.00415570,0.78419887,2.35466051,-0.01806708,-0.00521399,-0.00666906,-0.05074235,-0.01464377,-0.01873040,-0.00141430,0.78584659,2.35529334,-0.00694516,-0.00928233,-0.00516309,-0.27874483,-22.03124567,-0.13010495,-0.27874483,-22.03124567,-0.13010495,-0.26517288,-22.04726815,-0.14943167,-0.00274140,-0.00164772,-0.00063283,-0.01112192,0.00406834,-0.00150597
0.680,-0.00433892,0.78414599,2.35459288,-0.01857759,-0.00536132,-0.00685750,-0.05135771,-0.01482135,-0.01895754,-0.00149889,0.78574838,2.35519384,-0.00732373,-0.00941691,-0.00635974,-0.28546293,-22.02304486,-0.11538575,-0.28546293,-22.02304486,-0.11538575,-0.27198059,-22.03592000,-0.13814637,-0.00284003,-0.00160239,-0.00060096,-0.01125386,0.00405559,-0.00049776
0.690,-0.00452727,0.78409164,2.35452335,-0.01909423,-0.00551041,-0.00704820,-0.05196906,-0.01499778,-0.01918321,-0.00158783,0.78564972,2.35508352,-0.00771614,-0.00952925,-0.00752788,-0.29213257,-22.01587551,-0.09962702,-0.29213257,-22.01587551,-0.09962702,-0.27874483,-22.02631253,-0.12458881,-0.00293944,-0.00155808,-0.00056017,-0.01137809,0.00401884,0.00047968
0.700,-0.00472082,0.78403578,2.35445191,-0.01961696,-0.00566127,-0.00724116,-0.05257642,-0.01517306,-0.01940740,-0.00168123,0.78555048,2.35496416,-0.00812224,-0.00962796,-0.00862975,-0.29875211,-22.00942111,-0.08347576,-0.29875211,-22.00942111,-0.08347576,-0.28546293,-22.01808283,-0.10941808,-0.00303959,-0.00151470,-0.00051225,-0.01149472,0.00396669,0.00138859
0.710,-0.00491963,0.78397840,2.35437852,-0.02014574,-0.00581387,-0.00743635,-0.05317979,-0.01534719,-0.01963012,-0.00177924,0.78545051,2.35483772,-0.00854187,-0.00972034,-0.00963349,-0.30531943,-22.00339516,-0.06754578,-0.30531943,-22.00339516,-0.06754578,-0.29213257,-22.01087677,-0.09330466,-0.00314039,-0.00147211,-0.00045920,-0.01160387,0.00390647,0.00219714
0.720,-0.00512376,0.78391950,2.35430317,-0.02068054,-0.00596821,-0.00763376,-0.05377918,-0.01552017,-0.01985137,-0.00188198,0.78534962,2.35470617,-0.00897487,-0.00981233,-0.01051384,-0.31183254,-21.99755580,-0.05238920,-0.31183254,-21.99755580,-0.05238920,-0.29875211,-22.00437696,-0.07689831,-0.00324178,-0.00143012,-0.00040300,-0.01170567,0.00384412,0.00288008
0.730,-0.00533326,0.78385903,2.35422584,-0.02122131,-0.00612427,-0.00783337,-0.05437460,-0.01569200,-0.02007116,-0.00198958,0.78524766,2.35457148,-0.00942111,-0.00990837,-0.01125254,-0.31828875,-21.99172172,-0.03848595,-0.31828875,-21.99172172,-0.03848595,-0.30531943,-21.99829691,-0.06081146,-0.00334368,-0.00138863,-0.00034564,-0.01180020,0.00378410,0.00341917
0.740,-0.00554820,0.78379700,2.35414650,-0.02176802,-0.00628205,-0.00803517,-0.05496605,-0.01586268,-0.02028948,-0.00210216,0.78514445,2.35443552,-0.00988043,-0.01001146,-0.01183839,-0.32468667,-21.98575451,-0.02623229,-0.32468667,-21.98575451,-0.02623229,-0.31183254,-21.99239544,-0.04559124,-0.00344604,-0.00134745,-0.00028902,-0.01188759,0.00372941,0.00380322
0.750,-0.00576864,0.78373339,2.35406513,-0.02232062,-0.00644152,-0.00823915,-0.05555354,-0.01603223,-0.02050634,-0.00221985,0.78503987,2.35429999,-0.01035269,-0.01012316,-0.01226703,-0.33102425,-21.97957518,-0.01593038,-0.33102425,-21.97957518,-0.01593038,-0.31828875,-21.98649258,-0.03170947,-0.00354879,-0.00130648,-0.00023486,-0.01196793,0.00368164,0.00402788
0.760,-0.00599463,0.78366817,2.35398171,-0.02287908,-0.00660269,-0.00844530,-0.05613708,-0.01620063,-0.02072174,-0.00234278,0.78493381,2.35416638,-0.01083773,-0.01024377,-0.01254055,-0.33729928,-21.97316090,-0.00778650,-0.33729928,-21.97316090,-0.00778650,-0.32468667,-21.98045171,-0.01955174,-0.00365185,-0.00126564,-0.00018467,-0.01204135,0.00364108,0.00409525
0.770,-0.00622624,0.78360133,2.35389621,-0.02344335,-0.00676553,-0.00865358,-0.05671668,-0.01636790,-0.02093569,-0.00247107,0.78482623,2.35403593,-0.01133540,-0.01037241,-0.01266678,-0.34351045,-21.96653232,-0.00191308,-0.34351045,-21.96653232,-0.00191308,-0.33102425,-21.97419602,-0.00940764,-0.00375517,-0.00122490,-0.00013972,-0.01210795,0.00360688,0.00401320
0.780,-0.00646352,0.78353285,2.35380863,-0.02401340,-0.00693004,-0.00886401,-0.05729235,-0.01653403,-0.02114818,-0.00260483,0.78471711,2.35390959,-0.01184555,-0.01050724,-0.01265850,-0.34965583,-21.95975638,0.00167192,-0.34965583,-21.95975638,0.00167192,-0.33729928,-21.96770504,-0.00146966,-0.00385869,-0.00118426,-0.00010096,-0.01216785,0.00357720,0.00379449
0.790,-0.00670653,0.78346272,2.35371893,-0.02458918,-0.00709621,-0.00907654,-0.05786408,-0.01669903,-0.02135923,-0.00274418,0.78460650,2.35378804,-0.01236800,-0.01064566,-0.01253250,-0.35573392,-21.95293418,0.00302845,-0.35573392,-21.95293418,0.00302845,-0.34351045,-21.96100186,0.00416417,-0.00396235,-0.00114378,-0.00006911,-0.01222118,0.00354945,0.00345596
0.800,-0.00695532,0.78339092,2.35362709,-0.02517066,-0.00726402,-0.00929118,-0.05843190,-0.01686290,-0.02156882,-0.00288924,0.78449449,2.35367168,-0.01290257,-0.01078453,-0.01230857,-0.36174318,-21.94619720,0.00229190,-0.36174318,-21.94619720,0.00229190,-0.34965583,-21.95415581,0.00749029,-0.00406608,-0.00110357,-0.00004459,-0.01226809,0.00352051,0.00301739
0.810,-0.00720996,0.78331744,2.35353310,-0.02575781,-0.00743346,-0.00950792,-0.05899580,-0.01702563,-0.02177697,-0.00304013,0.78438121,2.35356060,-0.01344910,-0.01092036,-0.01200845,-0.36768327,-21.93969583,-0.00033933,-0.36768327,-21.93969583,-0.00033933,-0.35573392,-21.94727024,0.00858250,-0.00416983,-0.00106377,-0.00002750,-0.01230871,0.00348690,0.00250053
0.820,-0.00747050,0.78324225,2.35343692,-0.02635057,-0.00760453,-0.00972672,-0.05955580,-0.01718724,-0.02198368,-0.00319695,0.78426684,2.35345465,-0.01400737,-0.01104957,-0.01165489,-0.37355271,-21.93359700,-0.00462285,-0.37355271,-21.93359700,-0.00462285,-0.36174318,-21.94047861,0.00758900,-0.00427355,-0.00102459,-0.00001773,-0.01234320,0.00344504,0.00192817
0.830,-0.00773699,0.78316534,2.35333855,-0.02694891,-0.00777720,-0.00994758,-0.06011190,-0.01734773,-0.02218896,-0.00335982,0.78415158,2.35335347,-0.01457719,-0.01116862,-0.01127063,-0.37935060,-21.92806665,-0.01027632,-0.37935060,-21.92806665,-0.01027632,-0.36768327,-21.93393294,0.00471959,-0.00437717,-0.00098624,-0.00001492,-0.01237172,0.00339142,0.00132305
0.840,-0.00800949,0.78308670,2.35323797,-0.02755279,-0.00795148,-0.01017049,-0.06066411,-0.01750709,-0.02239279,-0.00352884,0.78403567,2.35325649,-0.01515834,-0.01127425,-0.01087756,-0.38507669,-21.92326849,-0.01699967,-0.38507669,-21.92326849,-0.01699967,-0.37355271,-21.92780144,0.00022633,-0.00448065,-0.00094897,-0.00001852,-0.01239445,0.00332277,0.00070707
0.850,-0.00828806,0.78300631,2.35313514,-0.02816218,-0.00812734,-0.01039544,-0.06121244,-0.01766533,-0.02259520,-0.00370411,0.78391936,2.35316298,-0.01575060,-0.01136357,-0.01049596,-0.39073103,-21.91935630,-0.02448864,-0.39073103,-21.91935630,-0.02448864,-0.37935060,-21.92225089,-0.00560073,-0.00458395,-0.00091305,-0.00002784,-0.01241158,0.00323623,0.00010052
0.860,-0.00857276,0.78292415,2.35303005,-0.02877703,-0.00830478,-0.01062239,-0.06175689,-0.01782246,-0.02279617,-0.00388574,0.78380289,2.35307210,-0.01635375,-0.01143423,-0.01014389,-0.39631371,-21.91646850,-0.03243932,-0.39631371,-21.91646850,-0.03243932,-0.38507669,-21.91744538,-0.01245583,-0.00468702,-0.00087874,-0.00004205,-0.01242328,0.00312945,-0.00047850
0.870,-0.00886362,0.78284021,2.35292268,-0.02939730,-0.00848379,-0.01085135,-0.06229747,-0.01797847,-0.02299571,-0.00407383,0.78368654,2.35298295,-0.01696754,-0.01148448,-0.00983669,-0.40182359,-21.91472002,-0.04056585,-0.40182359,-21.91472002,-0.04056585,-0.39073103,-21.91353869,-0.02003110,-0.00478979,-0.00084633,-0.00006027,-0.01242976,0.00300069,-0.00101466
0.880,-0.00916072,0.78275447,2.35281302,-0.03002296,-0.00866435,-0.01108230,-0.06283420,-0.01813336,-0.02319383,-0.00426847,0.78357055,2.35289459,-0.01759173,-0.01151321,-0.00958665,-0.40726238,-21.91420261,-0.04860603,-0.40726238,-21.91420261,-0.04860603,-0.39631371,-21.91066879,-0.02802105,-0.00489225,-0.00081608,-0.00008157,-0.01243123,0.00284886,-0.00149565
0.890,-0.00946410,0.78266691,2.35270103,-0.03065397,-0.00884645,-0.01131523,-0.06336707,-0.01828714,-0.02339053,-0.00446976,0.78345514,2.35280607,-0.01822607,-0.01152002,-0.00940286,-0.41262985,-21.91498126,-0.05633521,-0.41262985,-21.91498126,-0.05633521,-0.40182359,-21.90894979,-0.03614011,-0.00499434,-0.00078823,-0.00010504,-0.01242790,0.00267357,-0.00191237
0.900,-0.00977382,0.78257753,2.35258671,-0.03129029,-0.00903008,-0.01155011,-0.06389609,-0.01843981,-0.02358581,-0.00467779,0.78334054,2.35271651,-0.01887031,-0.01150518,-0.00929112,-0.41792690,-21.91708863,-0.06356113,-0.41792690,-21.91708863,-0.06356113,-0.40726238,-21.90847229,-0.04412809,-0.00509603,-0.00076301,-0.00012980,-0.01241998,0.00247510,-0.00225899
0.910,-0.01008992,0.78248631,2.35247002,-0.03193188,-0.00921524,-0.01178694,-0.06442128,-0.01859138,-0.02377967,-0.00489265,0.78322691,2.35262508,-0.01952422,-0.01146959,-0.00925405,-0.42315359,-21.92053353,-0.07013976,-0.42315359,-21.92053353,-0.07013976,-0.41262985,-21.90929985,-0.05176379,-0.00519727,-0.00074060,-0.00015506,-0.01240766,0.00225435,-0.00253289
0.920,-0.01041247,0.78239322,2.35235096,-0.03257871,-0.00940191,-0.01202570,-0.06494264,-0.01874184,-0.02397212,-0.00511443,0.78311441,2.35253105,-0.02018752,-0.01141476,-0.00929130,-0.42831169,-21.92529890,-0.07596451,-0.42831169,-21.92529890,-0.07596451,-0.41792690,-21.91146350,-0.05885960,-0.00529804,-0.00072119,-0.00018009,-0.01239119,0.00201285,-0.00273440
0.930,-0.01074151,0.78229826,2.35222950,-0.03323072,-0.00959007,-0.01226637,-0.06546018,-0.01889119,-0.02416315,-0.00534320,0.78300314,2.35243380,-0.02085999,-0.01134270,-0.00939984,-0.43340121,-21.93133659,-0.08097653,-0.43340121,-21.93133659,-0.08097653,-0.42315359,-21.91497027,-0.06527702,-0.00539831,-0.00070488,-0.00020430,-0.01237073,0.00175263,-0.00286653
0.940,-0.01107710,0.78220142,2.35210563,-0.03388790,-0.00977973,-0.01250896,-0.06597390,-0.01903945,-0.02435278,-0.00557906,0.78289319,2.35233282,-0.02154137,-0.01125586,-0.00957433,-0.43842381,-21.93857907,-0.08515570,-0.43842381,-21.93857907,-0.08515570,-0.42831169,-21.91980123,-0.07091561,-0.00549804,-0.00069177,-0.00022719,-0.01234653,0.00147613,-0.00293463
0.950,-0.01141929,0.78210266,2.35197932,-0.03455019,-0.00997086,-0.01275343,-0.06648381,-0.01918660,-0.02454100,-0.00582207,0.78278458,2.35222775,-0.02223143,-0.01115702,-0.00980755,-0.44338012,-21.94694444,-0.08852248,-0.44338012,-21.94694444,-0.08852248,-0.43340121,-21.92590635,-0.07572293,-0.00559722,-0.00068192,-0.00024843,-0.01231876,0.00118616,-0.00294588
0.960,-0.01176812,0.78200199,2.35185055,-0.03521756,-0.01016346,-0.01299977,-0.06698993,-0.01933266,-0.02472782,-0.00607233,0.78267733,2.35211834,-0.02292994,-0.01104916,-0.01009084,-0.44827061,-21.95632663,-0.09112967,-0.44827061,-21.95632663,-0.09112967,-0.43842381,-21.93321628,-0.07968535,-0.00569579,-0.00067534,-0.00026779,-0.01228762,0.00088570,-0.00290893
0.970,-0.01212366,0.78189939,2.35171931,-0.03588997,-0.01035751,-0.01324798,-0.06749225,-0.01947763,-0.02491325,-0.00632990,0.78257138,2.35200448,-0.02363667,-0.01093541,-0.01041460,-0.45309717,-21.96661368,-0.09305682,-0.45309717,-21.96661368,-0.09305682,-0.44338012,-21.94164735,-0.08282953,-0.00579376,-0.00067199,-0.00028517,-0.01225330,0.00057790,-0.00283338
0.980,-0.01248594,0.78179484,2.35158559,-0.03656739,-0.01055301,-0.01349803,-0.06799078,-0.01962150,-0.02509727,-0.00659485,0.78246669,2.35188617,-0.02435142,-0.01081891,-0.01076877,-0.45785980,-21.97768722,-0.09440535,-0.45785980,-21.97768722,-0.09440535,-0.44827061,-21.95109193,-0.08521404,-0.00589109,-0.00067185,-0.00030058,-0.01221597,0.00026590,-0.00272926
0.990,-0.01285502,0.78168832,2.35144935,-0.03724978,-0.01074994,-0.01374992,-0.06848554,-0.01976428,-0.02527990,-0.00686727,0.78236315,2.35176351,-0.02507398,-0.01070272,-0.01114319,-0.46255985,-21.98942512,-0.09529736,-0.46255985,-21.98942512,-0.09529736,-0.45309717,-21.96143660,-0.08692359,-0.00598775,-0.00067483,-0.00031416,-0.01217580,-0.00004722,-0.00260673
1.000,-0.01323095,0.78157983,2.35131058,-0.03793709,-0.01094829,-0.01400362,-0.06897653,-0.01990598,-0.02546114,-0.00714722,0.78226064,2.35163668,-0.02580415,-0.01058975,-0.01152810,-0.46719802,-22.00170212,-0.09585989,-0.46719802,-22.00170212,-0.09585989,-0.45785980,-21.97256181,-0.08806393,-0.00608373,-0.00068081,-0.00032610,-0.01213294,-0.00035854,-0.00247552
1.010,-0.01361378,0.78146935,2.35116927,-0.03862930,-0.01114805,-0.01425914,-0.06946376,-0.02004659,-0.02564098,-0.00743476,0.78215903,2.35150594,-0.02654174,-0.01048267,-0.01191441,-0.47177533,-22.01440103,-0.09622380,-0.47177533,-22.01440103,-0.09622380,-0.46255985,-21.98434440,-0.08876069,-0.00617902,-0.00068968,-0.00033667,-0.01208756,-0.00066538,-0.00234473
1.020,-0.01400355,0.78135687,2.35102539,-0.03932635,-0.01134922,-0.01451644,-0.06994723,-0.02018611,-0.02581945,-0.00772997,0.78205815,2.35137162,-0.02728658,-0.01038388,-0.01229403,-0.47629178,-22.02740999,-0.09652032,-0.47629178,-22.02740999,-0.09652032,-0.46719802,-21.99665837,-0.08914344,-0.00627358,-0.00070128,-0.00034623,-0.01203977,-0.00096534,-0.00222241
1.030,-0.01440032,0.78124237,2.35087893,-0.04002823,-0.01155177,-0.01477552,-0.07042695,-0.02032456,-0.02599653,-0.00803292,0.78195785,2.35123403,-0.02803851,-0.01029543,-0.01266009,-0.48074894,-22.04062747,-0.09687090,-0.48074894,-22.04062747,-0.09687090,-0.47177533,-22.00938599,-0.08934467,-0.00636740,-0.00071548,-0.00035510,-0.01198972,-0.00125634,-0.00211543
1.040,-0.01480414,0.78112583,2.35072988,-0.04073488,-0.01175570,-0.01503637,-0.07090294,-0.02046192,-0.02617222,-0.00834366,0.78185795,2.35109355,-0.02879736,-0.01021903,-0.01300707,-0.48514722,-22.05396427,-0.09738541,-0.48514722,-22.05396427,-0.09738541,-0.47629178,-22.02241508,-0.08949632,-0.00646048,-0.00073212,-0.00036367,-0.01193752,-0.00153667,-0.00202930
1.050,-0.01521504,0.78100725,2.35057820,-0.04144627,-0.01196101,-0.01529896,-0.07137519,-0.02059821,-0.02634655,-0.00866225,0.78175828,2.35095053,-0.02956298,-0.01015600,-0.01333091,-0.48948636,-22.06733974,-0.09816309,-0.48948636,-22.06733974,-0.09816309,-0.48074894,-22.03564402,-0.08971968,-0.00655279,-0.00075103,-0.00037233,-0.01188329,-0.00180501,-0.00196805
1.060,-0.01563308,0.78088660,2.35042389,-0.04216237,-0.01216766,-0.01556329,-0.07184372,-0.02073342,-0.02651949,-0.00898877,0.78165867,2.35080529,-0.03033524,-0.01010730,-0.01362904,-0.49376756,-22.08069100,-0.09928012,-0.49376756,-22.08069100,-0.09928012,-0.48514722,-22.04898367,-0.09012371,-0.00664431,-0.00077207,-0.00038140,-0.01182713,-0.00206036,-0.00193425
1.070,-0.01605830,0.78076389,2.35026693,-0.04288314,-0.01237567,-0.01582935,-0.07230853,-0.02086756,-0.02669107,-0.00932328,0.78155895,2.35065815,-0.03111399,-0.01007354,-0.01390030,-0.49799085,-22.09396280,-0.10079640,-0.49799085,-22.09396280,-0.10079640,-0.48948636,-22.06235362,-0.09080605,-0.00673502,-0.00079506,-0.00039122,-0.01176915,-0.00230213,-0.00192905
1.080,-0.01649075,0.78063909,2.35010730,-0.04360853,-0.01258501,-0.01609711,-0.07276963,-0.02100063,-0.02686127,-0.00966582,0.78145896,2.35050937,-0.03189912,-0.01005497,-0.01414490,-0.50215664,-22.10711917,-0.10275187,-0.50215664,-22.10711917,-0.10275187,-0.49376756,-22.07569137,-0.09184077,-0.00682493,-0.00081987,-0.00040207,-0.01170941,-0.00253004,-0.00195221
1.090,-0.01693049,0.78051218,2.34994498,-0.04433852,-0.01279568,-0.01636657,-0.07322703,-0.02113263,-0.02703011,-0.01001647,0.78135854,2.35035914,-0.03269049,-0.01005157,-0.01436426,-0.50626617,-22.12013562,-0.10516708,-0.50626617,-22.12013562,-0.10516708,-0.49799085,-22.08894211,-0.09328523,-0.00691402,-0.00084636,-0.00041416,-0.01164803,-0.00274411,-0.00200231
1.100,-0.01737754,0.78038317,2.34977996,-0.04507306,-0.01300766,-0.01663771,-0.07368073,-0.02126357,-0.02719758,-0.01037527,0.78125757,2.35020764,-0.03348800,-0.01006305,-0.01456084,-0.51031831,-22.13299214,-0.10804208,-0.51031831,-22.13299214,-0.10804208,-0.50215664,-22.10207044,-0.09517658,-0.00700227,-0.00087440,-0.00042768,-0.01158506,-0.00294461,-0.00207687
1.110,-0.01783196,0.78025203,2.34961222,-0.04581212,-0.01322095,-0.01691051,-0.07413075,-0.02139344,-0.02736370,-0.01074229,0.78115590,2.35005494,-0.03429152,-0.01008888,-0.01473795,-0.51431413,-22.14568723,-0.11136115,-0.51431413,-22.14568723,-0.11136115,-0.50626617,-22.11505242,-0.09753243,-0.00708967,-0.00090387,-0.00044272,-0.01152060,-0.00313207,-0.00217256
1.120,-0.01829380,0.78011875,2.34944175,-0.04655566,-0.01343553,-0.01718498,-0.07457708,-0.02152225,-0.02752845,-0.01111759,0.78105343,2.34990110,-0.03510096,-0.01012840,-0.01489955,-0.51825413,-22.15822295,-0.11509216,-0.51825413,-22.15822295,-0.11509216,-0.51031831,-22.12786866,-0.10034990,-0.00717621,-0.00093468,-0.00045935,-0.01145470,-0.00330713,-0.00228543
1.130,-0.01876309,0.77998331,2.34926852,-0.04730365,-0.01365139,-0.01746108,-0.07501975,-0.02164999,-0.02769185,-0.01150121,0.78095005,2.34974609,-0.03591621,-0.01018081,-0.01505002,-0.52213788,-22.17061012,-0.11919278,-0.52213788,-22.17061012,-0.11919278,-0.51431413,-22.14051821,-0.10361045,-0.00726188,-0.00096674,-0.00047757,-0.01138744,-0.00347058,-0.00241106
1.140,-0.01923988,0.77984571,2.34909252,-0.04805604,-0.01386852,-0.01773881,-0.07545875,-0.02177669,-0.02785390,-0.01189321,0.78084567,2.34958983,-0.03673717,-0.01024524,-0.01519393,-0.52596575,-22.18286029,-0.12360816,-0.52596575,-22.18286029,-0.12360816,-0.51825413,-22.15300369,-0.10727933,-0.00734667,-0.00099996,-0.00049731,-0.01131887,-0.00362328,-0.00254488
1.150,-0.01972423,0.77970594,2.34891374,-0.04881281,-0.01408692,-0.01801815,-0.07589409,-0.02190232,-0.02801460,-0.01229364,0.78074019,2.34943221,-0.03756374,-0.01032079,-0.01533588,-0.52973898,-22.19499024,-0.12827615,-0.52973898,-22.19499024,-0.12827615,-0.52213788,-22.16533640,-0.11131190,-0.00743059,-0.00103425,-0.00051847,-0.01124907,-0.00376613,-0.00268227
1.160,-0.02021616,0.77956397,2.34873215,-0.04957391,-0.01430657,-0.01829910,-0.07632579,-0.02202690,-0.02817395,-0.01270256,0.78063355,2.34927308,-0.03839583,-0.01040658,-0.01548031,-0.53345644,-22.20702145,-0.13313360,-0.53345644,-22.20702145,-0.13313360,-0.52596575,-22.17752832,-0.11565137,-0.00751360,-0.00106958,-0.00054093,-0.01117808,-0.00389999,-0.00281879
1.170,-0.02071572,0.77941980,2.34854775,-0.05033931,-0.01452745,-0.01858163,-0.07675384,-0.02215044,-0.02833195,-0.01312002,0.78052568,2.34911223,-0.03923334,-0.01050176,-0.01563130,-0.53711876,-22.21896917,-0.13811127,-0.53711876,-22.21896917,-0.13811127,-0.52973898,-22.18959660,-0.12023401,-0.00759570,-0.00110588,-0.00056448,-0.01110597,-0.00402569,-0.00295033
1.180,-0.02122296,0.77927342,2.34836051,-0.05110898,-0.01474957,-0.01886573,-0.07717826,-0.02227292,-0.02848862,-0.01354607,0.78041651,2.34894947,-0.04007619,-0.01060556,-0.01579249,-0.54072661,-22.23085022,-0.14314582,-0.54072661,-22.23085022,-0.14314582,-0.53345644,-22.20156296,-0.12499558,-0.00767689,-0.00114309,-0.00058896,-0.01103279,-0.00414401,-0.00307324
1.190,-0.02173791,0.77912481,2.34817043,-0.05188287,-0.01497291,-0.01915139,-0.07759905,-0.02239436,-0.02864394,-0.01398075,0.78030599,2.34878457,-0.04092427,-0.01071732,-0.01596692,-0.54427941,-22.24267981,-0.14817309,-0.54427941,-22.24267981,-0.14817309,-0.53711876,-22.21344287,-0.12986616,-0.00775716,-0.00118118,-0.00061414,-0.01095860,-0.00425559,-0.00318447
1.200,-0.02226063,0.77897396,2.34797748,-0.05266095,-0.01519745,-0.01943860,-0.07801622,-0.02251475,-0.02879793,-0.01442413,0.78019405,2.34861730,-0.04177752,-0.01083647,-0.01615703,-0.54777835,-22.25446779,-0.15313892,-0.54777835,-22.25446779,-0.15313892,-0.54072661,-22.22525327,-0.13478215,-0.00783650,-0.00122009,-0.00063982,-0.01088343,-0.00436098,-0.00328157
1.210,-0.02279114,0.77882085,2.34778165,-0.05344318,-0.01542320,-0.01972735,-0.07842978,-0.02263410,-0.02895059,-0.01487623,0.78008064,2.34844743,-0.04263584,-0.01096256,-0.01636455,-0.55122251,-22.26622309,-0.15799347,-0.55122251,-22.26622309,-0.15799347,-0.54427941,-22.23700940,-0.13967953,-0.00791491,-0.00125979,-0.00066578,-0.01080734,-0.00446064,-0.00336280
1.220,-0.02332950,0.77866549,2.34758293,-0.05422953,-0.01565013,-0.02001761,-0.07883973,-0.02275241,-0.02910191,-0.01533712,0.77996570,2.34827474,-0.04349914,-0.01109527,-0.01659054,-0.55461309,-22.27794300,-0.16269498,-0.55461309,-22.27794300,-0.16269498,-0.54777835,-22.24872110,-0.14450468,-0.00799238,-0.00130021,-0.00069181,-0.01073039,-0.00455486,-0.00342707
1.230,-0.02387575,0.77850785,2.34738129,-0.05501996,-0.01587824,-0.02030938,-0.07924609,-0.02286968,-0.02925191,-0.01580684,0.77984919,2.34809904,-0.04436736,-0.01123438,-0.01683536,-0.55795021,-22.28962951,-0.16721417,-0.55795021,-22.28962951,-0.16721417,-0.55122251,-22.26039723,-0.14920855,-0.00806891,-0.00134134,-0.00071775,-0.01065260,-0.00464386,-0.00347402
1.240,-0.02442992,0.77834792,2.34717674,-0.05581444,-0.01610752,-0.02060265,-0.07964886,-0.02298591,-0.02940059,-0.01628544,0.77973103,2.34792015,-0.04524041,-0.01137979,-0.01709879,-0.56123360,-22.30127613,-0.17152514,-0.56123360,-22.30127613,-0.17152514,-0.55461309,-22.27203498,-0.15375046,-0.00814448,-0.00138311,-0.00074341,-0.01057403,-0.00472773,-0.00350386
1.250,-0.02499205,0.77818569,2.34696924,-0.05661293,-0.01633796,-0.02089739,-0.08004805,-0.02310111,-0.02954794,-0.01677296,0.77961116,2.34773792,-0.04611822,-0.01153150,-0.01737998,-0.56446337,-22.31287257,-0.17561866,-0.56446337,-22.31287257,-0.17561866,-0.55795021,-22.28363621,-0.15810238,-0.00821909,-0.00142547,-0.00076868,-0.01049471,-0.00480646,-0.00351741
1.260,-0.02556219,0.77802116,2.34675878,-0.05741539,-0.01656954,-0.02119360,-0.08044366,-0.02321528,-0.02969397,-0.01726944,0.77948952,2.34755221,-0.04700070,-0.01168956,-0.01767765,-0.56764017,-22.32440280,-0.17949046,-0.56764017,-22.32440280,-0.17949046,-0.56123360,-22.29519426,-0.16223982,-0.00829275,-0.00146836,-0.00079343,-0.01041469,-0.00487998,-0.00351595
1.270,-0.02614037,0.77785430,2.34654536,-0.05822179,-0.01680226,-0.02149126,-0.08083571,-0.02332843,-0.02983868,-0.01777493,0.77936605,2.34736294,-0.04788780,-0.01185410,-0.01799007,-0.57076374,-22.33585486,-0.18314283,-0.57076374,-22.33585486,-0.18314283,-0.56446337,-22.30669871,-0.16615499,-0.00836544,-0.00151175,-0.00081758,-0.01033399,-0.00494816,-0.00350119
1.280,-0.02672664,0.77768511,2.34632895,-0.05903209,-0.01703611,-0.02179037,-0.08122419,-0.02344054,-0.02998208,-0.01828947,0.77924066,2.34717003,-0.04877944,-0.01202528,-0.01831524,-0.57383471,-22.34720854,-0.18659008,-0.57383471,-22.34720854,-0.18659008,-0.56764017,-22.31813338,-0.16984508,-0.00843717,-0.00155555,-0.00084108,-0.01025265,-0.00501083,-0.00347513
1.290,-0.02732103,0.77751357,2.34610955,-0.05984626,-0.01727107,-0.02209090,-0.08160913,-0.02355163,-0.03012417,-0.01881311,0.77911328,2.34697345,-0.04967555,-0.01220330,-0.01865096,-0.57685286,-22.35844606,-0.18984807,-0.57685286,-22.35844606,-0.18984807,-0.57076374,-22.32948619,-0.17331378,-0.00850792,-0.00159971,-0.00086390,-0.01017071,-0.00506777,-0.00343994
1.300,-0.02792358,0.77733968,2.34588713,-0.06066426,-0.01750714,-0.02239285,-0.08199052,-0.02366169,-0.03026496,-0.01934589,0.77898385,2.34677318,-0.05057607,-0.01238832,-0.01899490,-0.57981832,-22.36954593,-0.19294235,-0.57981832,-22.36954593,-0.19294235,-0.57383471,-22.34073685,-0.17657672,-0.00857769,-0.00164417,-0.00088605,-0.01008819,-0.00511882,-0.00339795
1.310,-0.02853432,0.77716343,2.34566169,-0.06148606,-0.01774430,-0.02269620,-0.08236837,-0.02377074,-0.03040443,-0.01988784,0.77885228,2.34656924,-0.05148094,-0.01258052,-0.01934474,-0.58273085,-22.38048836,-0.19589750,-0.58273085,-22.38048836,-0.19589750,-0.57685286,-22.35186749,-0.17965094,-0.00864648,-0.00168885,-0.00090755,-0.01000512,-0.00516378,-0.00335146
1.320,-0.02915331,0.77698479,2.34543320,-0.06231162,-0.01798255,-0.02300093,-0.08274270,-0.02387877,-0.03054261,-0.02043902,0.77871849,2.34636165,-0.05239009,-0.01278003,-0.01969823,-0.58559162,-22.39125936,-0.19874481,-0.58559162,-22.39125936,-0.19874481,-0.57981832,-22.36285665,-0.18256299,-0.00871429,-0.00173370,-0.00092845,-0.00992153,-0.00520252,-0.00330270
1.330,-0.02978057,0.77680377,2.34520166,-0.06314090,-0.01822187,-0.02330704,-0.08311350,-0.02398578,-0.03067948,-0.02099945,0.77858242,2.34615047,-0.05330347,-0.01298694,-0.02005328,-0.58839978,-22.40183801,-0.20151229,-0.58839978,-22.40183801,-0.20151229,-0.58273085,-22.37368453,-0.18533829,-0.00878112,-0.00177865,-0.00094881,-0.00983743,-0.00523493,-0.00325376
1.340,-0.03041614,0.77662035,2.34496706,-0.06397388,-0.01846226,-0.02361452,-0.08348079,-0.02409177,-0.03081506,-0.02156919,0.77844397,2.34593575,-0.05422101,-0.01320126,-0.02040799,-0.59115572,-22.41221239,-0.20422907,-0.59115572,-22.41221239,-0.20422907,-0.58559162,-22.38433724,-0.18800874,-0.00884695,-0.00182362,-0.00096869,-0.00975287,-0.00526100,-0.00320653
1.350,-0.03106006,0.77643452,2.34472937,-0.06481051,-0.01870370,-0.02392334,-0.08384458,-0.02419676,-0.03094934,-0.02214827,0.77830309,2.34571756,-0.05514267,-0.01342296,-0.02076075,-0.59385951,-22.42237061,-0.20692578,-0.59385951,-22.42237061,-0.20692578,-0.58839978,-22.39479397,-0.19060278,-0.00891179,-0.00186857,-0.00098819,-0.00966784,-0.00528074,-0.00316259
1.360,-0.03171236,0.77624627,2.34448858,-0.06565076,-0.01894619,-0.02423350,-0.08420486,-0.02430073,-0.03108233,-0.02273672,0.77815970,2.34549597,-0.05606839,-0.01365194,-0.02111021,-0.59651095,-22.43230457,-0.20962815,-0.59651095,-22.43230457,-0.20962815,-0.59115572,-22.40504295,-0.19314977,-0.00897564,-0.00191343,-0.00100739,-0.00958237,-0.00529425,-0.00312329
1.370,-0.03237309,0.77605559,2.34424469,-0.06649459,-0.01918971,-0.02454498,-0.08456166,-0.02440370,-0.03121403,-0.02333460,0.77801374,2.34527106,-0.05699811,-0.01388801,-0.02145536,-0.59911073,-22.44200874,-0.21235714,-0.59911073,-22.44200874,-0.21235714,-0.59385951,-22.41507250,-0.19568037,-0.00903849,-0.00195815,-0.00102637,-0.00949648,-0.00530170,-0.00308962
1.380,-0.03304227,0.77586248,2.34399768,-0.06734198,-0.01943426,-0.02485778,-0.08491496,-0.02450566,-0.03134445,-0.02394192,0.77786515,2.34504290,-0.05793178,-0.01413092,-0.02179551,-0.60165832,-22.45147969,-0.21513331,-0.60165832,-22.45147969,-0.21513331,-0.59651095,-22.42487474,-0.19822017,-0.00910035,-0.00200267,-0.00104522,-0.00941020,-0.00530334,-0.00306227
1.390,-0.03371994,0.77566691,2.34374753,-0.06819288,-0.01967982,-0.02517187,-0.08526480,-0.02460662,-0.03147358,-0.02455874,0.77771386,2.34481156,-0.05886935,-0.01438035,-0.02213027,-0.60415382,-22.46072262,-0.21797306,-0.60415382,-22.46072262,-0.21797306,-0.59911073,-22.43444441,-0.20078987,-0.00916120,-0.00204695,-0.00106403,-0.00932353,-0.00529947,-0.00304160
1.400,-0.03440614,0.77546888,2.34349424,-0.06904726,-0.01992639,-0.02548724,-0.08561116,-0.02470658,-0.03160144,-0.02518509,0.77755983,2.34457708,-0.05981076,-0.01463594,-0.02245954,-0.60659763,-22.46974064,-0.22088584,-0.60659763,-22.46974064,-0.22088584,-0.60165832,-22.44377835,-0.20340964,-0.00922105,-0.00209095,-0.00108284,-0.00923650,-0.00529045,-0.00302770
1.410,-0.03510089,0.77526838,2.34323778,-0.06990509,-0.02017395,-0.02580389,-0.08595406,-0.02480553,-0.03172801,-0.02582101,0.77740302,2.34433953,-0.06075597,-0.01489723,-0.02278350,-0.60898913,-22.47854116,-0.22388158,-0.60898913,-22.47854116,-0.22388158,-0.60415382,-22.45288206,-0.20609536,-0.00927988,-0.00213464,-0.00110175,-0.00914912,-0.00527672,-0.00302039
1.420,-0.03580425,0.77506539,2.34297816,-0.07076633,-0.02042250,-0.02612180,-0.08629351,-0.02490350,-0.03185331,-0.02646653,0.77724339,2.34409893,-0.06170491,-0.01516377,-0.02310257,-0.61132966,-22.48713695,-0.22696014,-0.61132966,-22.48713695,-0.22696014,-0.60659763,-22.46175894,-0.20885596,-0.00933772,-0.00217800,-0.00112077,-0.00906142,-0.00525873,-0.00301923
1.430,-0.03651623,0.77485992,2.34271534,-0.07163095,-0.02067202,-0.02644095,-0.08662951,-0.02500046,-0.03197734,-0.02712168,0.77708090,2.34385532,-0.06265754,-0.01543506,-0.02341732,-0.61361819,-22.49553644,-0.23012513,-0.61361819,-22.49553644,-0.23012513,-0.60898913,-22.47041671,-0.21170079,-0.00939455,-0.00222098,-0.00113998,-0.00897341,-0.00523696,-0.00302363
1.440,-0.03723688,0.77465195,2.34244933,-0.07249891,-0.02092250,-0.02676134,-0.08696208,-0.02509644,-0.03210010,-0.02778651,0.77691553,2.34360870,-0.06361380,-0.01571055,-0.02372850,-0.61585558,-22.50375626,-0.23336978,-0.61585558,-22.50375626,-0.23336978,-0.61132966,-22.47886843,-0.21462911,-0.00945037,-0.00226358,-0.00115937,-0.00888511,-0.00521195,-0.00303284
1.450,-0.03796622,0.77444147,2.34218011,-0.07337018,-0.02117394,-0.02708295,-0.08729121,-0.02519142,-0.03222159,-0.02846104,0.77674726,2.34335907,-0.06457363,-0.01598973,-0.02403696,-0.61804140,-22.51181300,-0.23668875,-0.61804140,-22.51181300,-0.23668875,-0.61361819,-22.48712281,-0.21764397,-0.00950518,-0.00230579,-0.00117896,-0.00879655,-0.00518421,-0.00304599
1.460,-0.03870429,0.77422847,2.34190767,-0.07424472,-0.02142633,-0.02740577,-0.08761692,-0.02528542,-0.03234182,-0.02914531,0.77657607,2.34310644,-0.06553699,-0.01627204,-0.02434359,-0.62017610,-22.51972396,-0.24007323,-0.62017610,-22.51972396,-0.24007323,-0.61585558,-22.49519676,-0.22073804,-0.00955898,-0.00234760,-0.00119877,-0.00870773,-0.00515429,-0.00306218
1.470,-0.03945113,0.77401294,2.34163199,-0.07512251,-0.02167965,-0.02772978,-0.08793921,-0.02537843,-0.03246078,-0.02983935,0.77640195,2.34285077,-0.06650381,-0.01655697,-0.02464929,-0.62226041,-22.52750672,-0.24351429,-0.62226041,-22.52750672,-0.24351429,-0.61804140,-22.50310712,-0.22390554,-0.00961178,-0.00238901,-0.00121878,-0.00861870,-0.00512268,-0.00308049
1.480,-0.04020675,0.77379487,2.34135307,-0.07600350,-0.02193389,-0.02805498,-0.08825809,-0.02547046,-0.03257849,-0.03054320,0.77622490,2.34259205,-0.06747404,-0.01684400,-0.02495496,-0.62429327,-22.53517946,-0.24699926,-0.62429327,-22.53517946,-0.24699926,-0.62017610,-22.51087141,-0.22713725,-0.00966355,-0.00243003,-0.00123898,-0.00852946,-0.00508989,-0.00310002
1.490,-0.04097121,0.77357426,2.34107089,-0.07688766,-0.02218906,-0.02838135,-0.08857358,-0.02556150,-0.03269494,-0.03125688,0.77604491,2.34233025,-0.06844761,-0.01713266,-0.02526141,-0.62627638,-22.54275894,-0.25051789,-0.62627638,-22.54275894,-0.25051789,-0.62226041,-22.51850741,-0.23042392,-0.00971433,-0.00247065,-0.00125936,-0.00844005,-0.00505640,-0.00311994
1.500,-0.04174452,0.77335109,2.34078544,-0.07777496,-0.02244512,-0.02870888,-0.08888566,-0.02565157,-0.03281014,-0.03198043,0.77586199,2.34206531,-0.06942447,-0.01742249,-0.02556936,-0.62820900,-22.55026374,-0.25405878,-0.62820900,-22.55026374,-0.25405878,-0.62429327,-22.52603347,-0.23375265,-0.00976409,-0.00251090,-0.00127987,-0.00835049,-0.00502263,-0.00313952
1.510,-0.04252672,0.77312535,2.34049671,-0.07866536,-0.02270208,-0.02903755,-0.08919437,-0.02574066,-0.03292410,-0.03271388,0.77567614,2.34179722,-0.07040457,-0.01771308,-0.02587945,-0.63009179,-22.55771146,-0.25761109,-0.63009179,-22.55771146,-0.25761109,-0.62627638,-22.53346651,-0.23711304,-0.00981284,-0.00255079,-0.00130051,-0.00826079,-0.00498900,-0.00315810
1.520,-0.04331783,0.77289704,2.34020469,-0.07955883,-0.02295993,-0.02936735,-0.08949969,-0.02582877,-0.03303680,-0.03345726,0.77548737,2.34152591,-0.07138782,-0.01800407,-0.02619215,-0.63192461,-22.56511611,-0.26116519,-0.63192461,-22.56511611,-0.26116519,-0.62820900,-22.54082523,-0.24049365,-0.00986057,-0.00259033,-0.00132122,-0.00817101,-0.00495586,-0.00317520
1.530,-0.04411790,0.77266615,2.33990936,-0.08045534,-0.02321866,-0.02969828,-0.08980164,-0.02591591,-0.03314826,-0.03421059,0.77529569,2.34125137,-0.07237418,-0.01829512,-0.02650782,-0.63370883,-22.57249256,-0.26471452,-0.63370883,-22.57249256,-0.26471452,-0.63009179,-22.54812733,-0.24388367,-0.00990731,-0.00262954,-0.00134201,-0.00808116,-0.00492354,-0.00319046
1.540,-0.04492695,0.77243267,2.33961072,-0.08135485,-0.02347825,-0.03003032,-0.09010023,-0.02600208,-0.03325848,-0.03497391,0.77510111,2.34097353,-0.07336358,-0.01858594,-0.02682668,-0.63544427,-22.57985414,-0.26825102,-0.63544427,-22.57985414,-0.26825102,-0.63192461,-22.55538690,-0.24727356,-0.00995304,-0.00266844,-0.00136281,-0.00799127,-0.00489231,-0.00320364
1.550,-0.04574501,0.77219658,2.33930875,-0.08225734,-0.02373869,-0.03036345,-0.09039547,-0.02608728,-0.03336745,-0.03574724,0.77490363,2.34069238,-0.07435596,-0.01887631,-0.02714881,-0.63713153,-22.58721533,-0.27177143,-0.63713153,-22.58721533,-0.27177143,-0.63370883,-22.56261886,-0.25065693,-0.00999777,-0.00270705,-0.00138363,-0.00790138,-0.00486238,-0.00321464
1.560,-0.04657211,0.77195789,2.33900344,-0.08316275,-0.02399999,-0.03069766,-0.09068735,-0.02617152,-0.03347520,-0.03653061,0.77470328,2.34040788,-0.07535124,-0.01916600,-0.02747415,-0.63877076,-22.59458407,-0.27527306,-0.63877076,-22.59458407,-0.27527306,-0.63544427,-22.56983659,-0.25402594,-0.01004150,-0.00274539,-0.00140444,-0.00781151,-0.00483399,-0.00322351
1.570,-0.04740827,0.77171658,2.33869479,-0.08407107,-0.02426212,-0.03103295,-0.09097590,-0.02625479,-0.03358171,-0.03732405,0.77450007,2.34012000,-0.07634937,-0.01945487,-0.02780253,-0.64036226,-22.60197164,-0.27875373,-0.64036226,-22.60197164,-0.27875373,-0.63713153,-22.57705460,-0.25737758,-0.01008422,-0.00278349,-0.00142521,-0.00772170,-0.00480725,-0.00323042
1.580,-0.04825354,0.77147265,2.33838278,-0.08498226,-0.02452508,-0.03136929,-0.09126111,-0.02633710,-0.03368699,-0.03812758,0.77429400,2.33982873,-0.07735027,-0.01974277,-0.02813371,-0.64190752,-22.60938533,-0.28221574,-0.64190752,-22.60938533,-0.28221574,-0.63877076,-22.58428083,-0.26070945,-0.01012596,-0.00282135,-0.00144595,-0.00763199,-0.00478231,-0.00323558
1.590,-0.04910793,0.77122608,2.33806740,-0.08589628,-0.02478886,-0.03170668,-0.09154299,-0.02641845,-0.03379104,-0.03894122,0.77408510,2.33953405,-0.07835389,-0.02002960,-0.02846732,-0.64340605,-22.61683502,-0.28566197,-0.64340605,-22.61683502,-0.28566197,-0.64036226,-22.59152658,-0.26401964,-0.01016671,-0.00285902,-0.00146665,-0.00754239,-0.00475926,-0.00323936
1.600,-0.04997147,0.77097687,2.33774864,-0.08681311,-0.02505345,-0.03204511,-0.09182156,-0.02649884,-0.03389386,-0.03976501,0.77387338,2.33923595,-0.07936014,-0.02031530,-0.02880297,-0.64485867,-22.62432573,-0.28909666,-0.64485867,-22.62432573,-0.28909666,-0.64190752,-22.59879914,-0.26731078,-0.01020646,-0.00289651,-0.00148731,-0.00745297,-0.00473815,-0.00324214
1.610,-0.05084420,0.77072500,2.33742650,-0.08773270,-0.02531883,-0.03238455,-0.09209681,-0.02657827,-0.03399547,-0.04059897,0.77365884,2.33893443,-0.08036897,-0.02059980,-0.02914021,-0.64626635,-22.63186542,-0.29252359,-0.64626635,-22.63186542,-0.29252359,-0.64340605,-22.60610837,-0.27058601,-0.01024523,-0.00293384,-0.00150793,-0.00736373,-0.00471903,-0.00324434
1.620,-0.05172614,0.77047049,2.33710095,-0.08865503,-0.02558501,-0.03272501,-0.09236876,-0.02665676,-0.03409585,-0.04144311,0.77344151,2.33862949,-0.08138031,-0.02088306,-0.02947856,-0.64762947,-22.63945449,-0.29595243,-0.64762947,-22.63945449,-0.29595243,-0.64485867,-22.61345931,-0.27384984,-0.01028303,-0.00297102,-0.00152854,-0.00727472,-0.00470195,-0.00324645
1.630,-0.05261731,0.77021330,2.33677199,-0.08958007,-0.02585197,-0.03306647,-0.09263742,-0.02673429,-0.03419502,-0.04229747,0.77322140,2.33832115,-0.08239408,-0.02116506,-0.02981757,-0.64894834,-22.64710383,-0.29938882,-0.64894834,-22.64710383,-0.29938882,-0.64626635,-22.62085989,-0.27710630,-0.01031984,-0.00300810,-0.00154916,-0.00718599,-0.00468691,-0.00324890
1.640,-0.05351775,0.76995344,2.33643962,-0.09050777,-0.02611969,-0.03340891,-0.09290279,-0.02681087,-0.03429298,-0.04316205,0.77299853,2.33800940,-0.08341022,-0.02144577,-0.03015678,-0.65022405,-22.65481418,-0.30283870,-0.65022405,-22.65481418,-0.30283870,-0.64762947,-22.62831053,-0.28036522,-0.01035570,-0.00304509,-0.00156978,-0.00709755,-0.00467392,-0.00325213
1.650,-0.05442747,0.76969091,2.33610381,-0.09143811,-0.02638818,-0.03375232,-0.09316487,-0.02688651,-0.03438972,-0.04403689,0.77277289,2.33769428,-0.08442866,-0.02172518,-0.03049579,-0.65145658,-22.66258908,-0.30631275,-0.65145658,-22.66258908,-0.30631275,-0.64894834,-22.63582212,-0.28363241,-0.01039058,-0.00308198,-0.00159047,-0.00700945,-0.00466300,-0.00325653
1.660,-0.05534652,0.76942568,2.33576457,-0.09237106,-0.02665742,-0.03409670,-0.09342369,-0.02696120,-0.03448525,-0.04492200,0.77254452,2.33737578,-0.08544933,-0.02200328,-0.03083423,-0.65264784,-22.67043702,-0.30981570,-0.65264784,-22.67043702,-0.30981570,-0.65022405,-22.64339539,-0.28691393,-0.01042452,-0.00311884,-0.00161121,-0.00692173,-0.00465414,-0.00326247
1.670,-0.05627490,0.76915775,2.33542187,-0.09330657,-0.02692740,-0.03444202,-0.09367924,-0.02703495,-0.03457958,-0.04581741,0.77231341,2.33705394,-0.08647217,-0.02228005,-0.03117178,-0.65379704,-22.67836096,-0.31335755,-0.65379704,-22.67836096,-0.31335755,-0.65145658,-22.65103390,-0.29022052,-0.01045749,-0.00315566,-0.00163207,-0.00683440,-0.00464735,-0.00327024
1.680,-0.05721266,0.76888713,2.33507572,-0.09424463,-0.02719811,-0.03478829,-0.09393153,-0.02710776,-0.03467271,-0.04672313,0.77207959,2.33672876,-0.08749710,-0.02255547,-0.03150821,-0.65490639,-22.68636191,-0.31694220,-0.65490639,-22.68636191,-0.31694220,-0.65264784,-22.65874614,-0.29355696,-0.01048953,-0.00319246,-0.00165304,-0.00674753,-0.00464264,-0.00328008
1.690,-0.05815981,0.76861379,2.33472611,-0.09518519,-0.02746955,-0.03513547,-0.09418057,-0.02717963,-0.03476464,-0.04763918,0.77184308,2.33640027,-0.08852405,-0.02282953,-0.03184333,-0.65597565,-22.69444948,-0.32057525,-0.65597565,-22.69444948,-0.32057525,-0.65379704,-22.66653511,-0.29693321,-0.01052063,-0.00322929,-0.00167416,-0.00666114,-0.00464002,-0.00329214
1.700,-0.05911637,0.76833773,2.33437301,-0.09612823,-0.02774170,-0.03548358,-0.09442636,-0.02725056,-0.03485537,-0.04856558,0.77160388,2.33606849,-0.08955296,-0.02310219,-0.03217704,-0.65700548,-22.70262676,-0.32426514,-0.65700548,-22.70262676,-0.32426514,-0.65490639,-22.67440182,-0.30035311,-0.01055079,-0.00326615,-0.00169548,-0.00657527,-0.00463951,-0.00330654
1.710,-0.06008238,0.76805895,2.33401643,-0.09707371,-0.02801456,-0.03583258,-0.09466892,-0.02732056,-0.03494490,-0.04950234,0.77136200,2.33573343,-0.09058376,-0.02337344,-0.03250930,-0.65799733,-22.71089771,-0.32801282,-0.65799733,-22.71089771,-0.32801282,-0.65597565,-22.68235589,-0.30382222,-0.01058004,-0.00330305,-0.00171700,-0.00648995,-0.00464112,-0.00332328
1.720,-0.06105785,0.76777744,2.33365636,-0.09802160,-0.02828811,-0.03618247,-0.09490825,-0.02738963,-0.03503325,-0.05044948,0.77111748,2.33539511,-0.09161638,-0.02364323,-0.03284012,-0.65895130,-22.71926782,-0.33182163,-0.65895130,-22.71926782,-0.33182163,-0.65700548,-22.69040045,-0.30734883,-0.01060837,-0.00334004,-0.00173875,-0.00640522,-0.00464488,-0.00334235
1.730,-0.06204282,0.76749319,2.33329278,-0.09897186,-0.02856235,-0.03653324,-0.09514437,-0.02745777,-0.03512040,-0.05140702,0.77087031,2.33505353,-0.09265075,-0.02391155,-0.03316960,-0.65986890,-22.72774341,-0.33569538,-0.65986890,-22.72774341,-0.33569538,-0.65799733,-22.69853947,-0.31093381,-0.01063580,-0.00337712,-0.00176075,-0.00632111,-0.00465080,-0.00336364
1.740,-0.06303730,0.76720619,2.33292569,-0.09992448,-0.02883726,-0.03688487,-0.09537726,-0.02752498,-0.03520637,-0.05237497,0.77062053,2.33470870,-0.09368681,-0.02417834,-0.03349786,-0.66075053,-22.73633023,-0.33963389,-0.66075053,-22.73633023,-0.33963389,-0.65895130,-22.70677845,-0.31458032,-0.01066233,-0.00341434,-0.00178301,-0.00623767,-0.00465892,-0.00338701
1.750,-0.06404132,0.76691644,2.33255508,-0.10087940,-0.02911285,-0.03723736,-0.09560696,-0.02759127,-0.03529116,-0.05335334,0.77036813,2.33436063,-0.09472449,-0.02444359,-0.03382506,-0.66159703,-22.74503308,-0.34363779,-0.66159703,-22.74503308,-0.34363779,-0.65986890,-22.71512375,-0.31829204,-0.01068798,-0.00345169,-0.00180555,-0.00615491,-0.00466926,-0.00341230
1.760,-0.06505489,0.76662393,2.33218094,-0.10183660,-0.02938909,-0.03759069,-0.09583345,-0.02765663,-0.03537476,-0.05434216,0.77011315,2.33400933,-0.09576373,-0.02470726,-0.03415142,-0.66240871,-22.75385734,-0.34770677,-0.66240871,-22.75385734,-0.34770677,-0.66075053,-22.72358109,-0.32206864,-0.01071273,-0.00348922,-0.00182839,-0.00607287,-0.00468183,-0.00343927
1.770,-0.06607806,0.76632866,2.33180326,-0.10279606,-0.02966598,-0.03794485,-0.09605676,-0.02772108,-0.03545719,-0.05534142,0.76985559,2.33365478,-0.09680445,-0.02496933,-0.03447716,-0.66318795,-22.76280732,-0.35183999,-0.66318795,-22.76280732,-0.35183999,-0.66159703,-22.73215532,-0.32591060,-0.01073664,-0.00352693,-0.00185152,-0.00599161,-0.00469665,-0.00346769
1.780,-0.06711082,0.76603061,2.33142204,-0.10375773,-0.02994351,-0.03829983,-0.09627688,-0.02778460,-0.03553845,-0.05635115,0.76959548,2.33329700,-0.09784659,-0.02522977,-0.03480251,-0.66393377,-22.77189078,-0.35603456,-0.66393377,-22.77189078,-0.35603456,-0.66240871,-22.74085180,-0.32981749,-0.01075967,-0.00356487,-0.00187496,-0.00591114,-0.00471374,-0.00349732
1.790,-0.06815322,0.76572979,2.33103726,-0.10472158,-0.03022167,-0.03865562,-0.09649382,-0.02784721,-0.03561853,-0.05737136,0.76933283,2.33293596,-0.09889009,-0.02548857,-0.03512771,-0.66464846,-22.78110926,-0.36029019,-0.66464846,-22.78110926,-0.36029019,-0.66318795,-22.74967483,-0.33378832,-0.01078186,-0.00360304,-0.00189870,-0.00583149,-0.00473310,-0.00352791
1.800,-0.06920526,0.76542618,2.33064892,-0.10568759,-0.03050045,-0.03901220,-0.09670760,-0.02790891,-0.03569744,-0.05840205,0.76906766,2.33257168,-0.09993488,-0.02574574,-0.03545300,-0.66533196,-22.79046991,-0.36460327,-0.66533196,-22.79046991,-0.36460327,-0.66393377,-22.75863217,-0.33782013,-0.01080321,-0.00364148,-0.00192276,-0.00575271,-0.00475471,-0.00355920
1.810,-0.07026698,0.76511977,2.33025702,-0.10665573,-0.03077984,-0.03936956,-0.09691822,-0.02796969,-0.03577518,-0.05944324,0.76879998,2.33220412,-0.10098091,-0.02600126,-0.03577859,-0.66598610,-22.79997753,-0.36897011,-0.66598610,-22.79997753,-0.36897011,-0.66464846,-22.76772534,-0.34191250,-0.01082374,-0.00368021,-0.00194710,-0.00567482,-0.00477858,-0.00359097
1.820,-0.07133838,0.76481058,2.32986153,-0.10762595,-0.03105984,-0.03972770,-0.09712569,-0.02802956,-0.03585176,-0.06049494,0.76852981,2.33183329,-0.10202810,-0.02625517,-0.03610469,-0.66661050,-22.80963081,-0.37339162,-0.66661050,-22.80963081,-0.37339162,-0.66533196,-22.77696146,-0.34606179,-0.01084344,-0.00371923,-0.00197176,-0.00559785,-0.00480467,-0.00362301
1.830,-0.07241950,0.76449858,2.32946246,-0.10859823,-0.03134043,-0.04008659,-0.09733001,-0.02808853,-0.03592718,-0.06155715,0.76825717,2.33145918,-0.10307640,-0.02650748,-0.03643145,-0.66720715,-22.81943719,-0.37786261,-0.66720715,-22.81943719,-0.37786261,-0.66598610,-22.78634532,-0.35026423,-0.01086235,-0.00375859,-0.00199672,-0.00552183,-0.00483295,-0.00365514
1.840,-0.07351035,0.76418377,2.32905980,-0.10957254,-0.03162161,-0.04044624,-0.09753119,-0.02814658,-0.03600145,-0.06262989,0.76798206,2.33108176,-0.10412575,-0.02675824,-0.03675904,-0.66777644,-22.82939838,-0.38238135,-0.66777644,-22.82939838,-0.38238135,-0.66661050,-22.79587556,-0.35452072,-0.01088046,-0.00379829,-0.00202196,-0.00544679,-0.00486337,-0.00368720
1.850,-0.07461096,0.76386614,2.32865353,-0.11054884,-0.03190336,-0.04080662,-0.09772924,-0.02820374,-0.03607455,-0.06371316,0.76770451,2.33070103,-0.10517608,-0.02700749,-0.03708756,-0.66831967,-22.83951686,-0.38694752,-0.66831967,-22.83951686,-0.38694752,-0.66720715,-22.80555957,-0.35882605,-0.01089780,-0.00383837,-0.00204750,-0.00537276,-0.00489587,-0.00371906
1.860,-0.07572134,0.76354570,2.32824366,-0.11152711,-0.03218568,-0.04116773,-0.09792417,-0.02825999,-0.03614651,-0.06480697,0.76742453,2.33031697,-0.10622735,-0.02725528,-0.03741711,-0.66883739,-22.84979122,-0.39155694,-0.66883739,-22.84979122,-0.39155694,-0.66777644,-22.81539905,-0.36317848,-0.01091437,-0.00387883,-0.00207331,-0.00529976,-0.00493040,-0.00375062
1.870,-0.07684151,0.76322243,2.32783018,-0.11250732,-0.03246855,-0.04152955,-0.09811598,-0.02831535,-0.03621731,-0.06591133,0.76714212,2.32992957,-0.10727948,-0.02750169,-0.03774773,-0.66933052,-22.86022487,-0.39620853,-0.66933052,-22.86022487,-0.39620853,-0.66831967,-22.82539640,-0.36757773,-0.01093018,-0.00391969,-0.00209939,-0.00522784,-0.00496686,-0.00378182
1.880,-0.07797149,0.76289632,2.32741307,-0.11348942,-0.03275198,-0.04189207,-0.09830469,-0.02836981,-0.03628697,-0.06702625,0.76685730,2.32953883,-0.10833244,-0.02774680,-0.03807945,-0.66979978,-22.87081977,-0.40090324,-0.66979978,-22.87081977,-0.40090324,-0.66883739,-22.83555017,-0.37201964,-0.01094524,-0.00396098,-0.00212576,-0.00515698,-0.00500518,-0.00381262
1.890,-0.07911130,0.76256738,2.32699233,-0.11447340,-0.03303595,-0.04225528,-0.09849029,-0.02842337,-0.03635548,-0.06815172,0.76657007,2.32914472,-0.10938615,-0.02799068,-0.03841226,-0.67024636,-22.88157232,-0.40563943,-0.67024636,-22.88157232,-0.40563943,-0.66933052,-22.84586371,-0.37650317,-0.01095958,-0.00400269,-0.00215239,-0.00508725,-0.00504527,-0.00384302
1.900,-0.08026096,0.76223560,2.32656796,-0.11545922,-0.03332045,-0.04261917,-0.09867281,-0.02847604,-0.03642285,-0.06928776,0.76628046,2.32874724,-0.11044057,-0.02823342,-0.03874615,-0.67067114,-22.89248284,-0.41041578,-0.67067114,-22.89248284,-0.41041578,-0.66979978,-22.85633894,-0.38102933,-0.01097320,-0.00404486,-0.00217928,-0.00501865,-0.00508703,-0.00387302
1.910,-0.08142049,0.76190097,2.32613995,-0.11644685,-0.03360547,-0.04298373,-0.09885224,-0.02852783,-0.03648908,-0.07043437,0.76598845,2.32834638,-0.11149565,-0.02847513,-0.03908108,-0.67107507,-22.90355128,-0.41523281,-0.67107507,-22.90355128,-0.41523281,-0.67024636,-22.86697220,-0.38559651,-0.01098612,-0.00408748,-0.00220643,-0.00495120,-0.00513034,-0.00390265
1.920,-0.08258991,0.76156349,2.32570828,-0.11743625,-0.03389100,-0.04334895,-0.09902859,-0.02857872,-0.03655418,-0.07159155,0.76569407,2.32794214,-0.11255133,-0.02871590,-0.03941697,-0.67145903,-22.91477521,-0.42009287,-0.67145903,-22.91477521,-0.42009287,-0.67067114,-22.87776374,-0.39020345,-0.01099836,-0.00413058,-0.00223386,-0.00488492,-0.00517510,-0.00393198
1.930,-0.08376922,0.76122315,2.32527296,-0.11842741,-0.03417704,-0.04371481,-0.09920187,-0.02862873,-0.03661814,-0.07275931,0.76539731,2.32753449,-0.11360757,-0.02895583,-0.03975377,-0.67182326,-22.92615426,-0.42499398,-0.67182326,-22.92615426,-0.42499398,-0.67107507,-22.88871346,-0.39485073,-0.01100991,-0.00417416,-0.00226153,-0.00481984,-0.00522121,-0.00396104
1.940,-0.08495846,0.76087995,2.32483398,-0.11942028,-0.03446357,-0.04408131,-0.09937208,-0.02867785,-0.03668097,-0.07393766,0.76509819,2.32712345,-0.11466432,-0.02919503,-0.04009139,-0.67216950,-22.93768517,-0.42993748,-0.67216950,-22.93768517,-0.42993748,-0.67145903,-22.89981890,-0.39954073,-0.01102080,-0.00421824,-0.00228947,-0.00475596,-0.00526854,-0.00398992
1.950,-0.08615763,0.76053388,2.32439134,-0.12041484,-0.03475059,-0.04444843,-0.09953925,-0.02872609,-0.03674267,-0.07512659,0.76479670,2.32670900,-0.11572153,-0.02943359,-0.04042977,-0.67249789,-22.94936712,-0.43492321,-0.67249789,-22.94936712,-0.43492321,-0.67182326,-22.91107962,-0.40427152,-0.01103104,-0.00426282,-0.00231766,-0.00469331,-0.00531700,-0.00401866
1.960,-0.08736676,0.76018494,2.32394501,-0.12141105,-0.03503809,-0.04481616,-0.09970336,-0.02877345,-0.03680325,-0.07632611,0.76449284,2.32629114,-0.11677916,-0.02967162,-0.04076883,-0.67280980,-22.96119682,-0.43995570,-0.67280980,-22.96119682,-0.43995570,-0.67216950,-22.92249231,-0.40904448,-0.01104065,-0.00430790,-0.00234613,-0.00463189,-0.00536647,-0.00404733
1.970,-0.08858586,0.75983312,2.32349501,-0.12240890,-0.03532606,-0.04518449,-0.09986444,-0.02881994,-0.03686271,-0.07753622,0.76418662,2.32586987,-0.11783716,-0.02990922,-0.04110849,-0.67310597,-22.97317283,-0.44503209,-0.67310597,-22.97317283,-0.44503209,-0.67249789,-22.93405612,-0.41385947,-0.01104964,-0.00435350,-0.00237486,-0.00457174,-0.00541684,-0.00407600
1.980,-0.08981495,0.75947841,2.32304132,-0.12340833,-0.03561449,-0.04555341,-0.10002248,-0.02886555,-0.03692105,-0.07875693,0.76387804,2.32544517,-0.11889550,-0.03014648,-0.04144870,-0.67338707,-22.98529370,-0.45015536,-0.67338707,-22.98529370,-0.45015536,-0.67280980,-22.94576769,-0.41872104,-0.01105802,-0.00439963,-0.00240385,-0.00451283,-0.00546801,-0.00410471
1.990,-0.09105403,0.75912082,2.32258394,-0.12440933,-0.03590337,-0.04592291,-0.10017750,-0.02891028,-0.03697827,-0.07998823,0.76356709,2.32501706,-0.11995412,-0.03038350,-0.04178939,-0.67365332,-22.99755392,-0.45532552,-0.67365332,-22.99755392,-0.45532552,-0.67310597,-22.95762556,-0.42362635,-0.01106580,-0.00444627,-0.00243312,-0.00445521,-0.00551987,-0.00413352
2.000,-0.09230314,0.75876035,2.32212286,-0.12541187,-0.03619269,-0.04629297,-0.10032950,-0.02895415,-0.03703438,-0.08123012,0.76325378,2.32458552,-0.12101301,-0.03062036,-0.04213054,-0.67390674,-23.00994996,-0.46054388,-0.67390674,-23.00994996,-0.46054388,-0.67338707,-22.96962823,-0.42857837,-0.01107302,-0.00449343,-0.00246266,-0.00439886,-0.00557233,-0.00416243
2.010,-0.09356228,0.75839697,2.32165808,-0.12641591,-0.03648245,-0.04666359,-0.10047849,-0.02899715,-0.03708937,-0.08248262,0.76293811,2.32415055,-0.12207210,-0.03085714,-0.04247210,-0.67414721,-23.02248470,-0.46581028,-0.67414721,-23.02248470,-0.46581028,-0.67365332,-22.98177017,-0.43357713,-0.01107966,-0.00454114,-0.00249247,-0.00434381,-0.00562531,-0.00419149
2.020,-0.09483146,0.75803069,2.32118959,-0.12742143,-0.03677263,-0.04703476,-0.10062448,-0.02903928,-0.03714326,-0.08374571,0.76262006,2.32371215,-0.12313139,-0.03109393,-0.04281407,-0.67437535,-23.03515241,-0.47112578,-0.67437535,-23.03515241,-0.47112578,-0.67390674,-22.99404782,-0.43862390,-0.01108575,-0.00458937,-0.00252256,-0.00429004,-0.00567870,-0.00422069
2.030,-0.09611071,0.75766152,2.32071738,-0.12842839,-0.03706323,-0.04740645,-0.10076747,-0.02908055,-0.03719605,-0.08501940,0.76229965,2.32327032,-0.12419081,-0.03133079,-0.04315643,-0.67459253,-23.04794805,-0.47649113,-0.67459253,-23.04794805,-0.47649113,-0.67414721,-23.00646401,-0.44371852,-0.01109131,-0.00463813,-0.00255294,-0.00423758,-0.00573244,-0.00425002
2.040,-0.09740003,0.75728943,2.32024146,-0.12943677,-0.03735424,-0.04777867,-0.10090748,-0.02912095,-0.03724773,-0.08630369,0.76197686,2.32282504,-0.12525036,-0.03156780,-0.04349920,-0.67479888,-23.06087432,-0.48190428,-0.67479888,-23.06087432,-0.48190428,-0.67437535,-23.01901300,-0.44886203,-0.01109634,-0.00468743,-0.00258358,-0.00418641,-0.00578644,-0.00427947
2.050,-0.09869945,0.75691443,2.31976181,-0.13044653,-0.03764564,-0.04815141,-0.10104450,-0.02916049,-0.03729831,-0.08759858,0.76165169,2.32237632,-0.12630999,-0.03180502,-0.04384239,-0.67499576,-23.07392571,-0.48736723,-0.67499576,-23.07392571,-0.48736723,-0.67459253,-23.03168972,-0.45405514,-0.01110087,-0.00473726,-0.00261451,-0.00413654,-0.00584062,-0.00430902
2.060,-0.10000897,0.75653651,2.31927843,-0.13145765,-0.03793744,-0.04852464,-0.10117856,-0.02919918,-0.03734779,-0.08890407,0.76132414,2.32192415,-0.12736967,-0.03204250,-0.04418604,-0.67518329,-23.08710175,-0.49287871,-0.67518329,-23.08710175,-0.49287871,-0.67479888,-23.04449685,-0.45929579,-0.01110490,-0.00478763,-0.00264572,-0.00408798,-0.00589494,-0.00433860
2.070,-0.10132861,0.75615568,2.31879131,-0.13247010,-0.03822962,-0.04889836,-0.10130965,-0.02923701,-0.03739618,-0.09022015,0.76099421,2.32146853,-0.12842938,-0.03228030,-0.04453017,-0.67536242,-23.10039704,-0.49843905,-0.67536242,-23.10039704,-0.49843905,-0.67499576,-23.05742886,-0.46458595,-0.01110846,-0.00483853,-0.00267722,-0.00404072,-0.00594932,-0.00436819
2.080,-0.10265838,0.75577192,2.31830046,-0.13348383,-0.03852218,-0.04927256,-0.10143778,-0.02927399,-0.03744347,-0.09154683,0.76066188,2.32100944,-0.12948910,-0.03251847,-0.04487482,-0.67553341,-23.11381292,-0.50404535,-0.67553341,-23.11381292,-0.50404535,-0.67518329,-23.07048526,-0.46992432,-0.01111155,-0.00488996,-0.00270898,-0.00399473,-0.00600371,-0.00439774
2.090,-0.10399829,0.75538523,2.31780586,-0.13449884,-0.03881510,-0.04964722,-0.10156296,-0.02931012,-0.03748968,-0.09288411,0.76032715,2.32054688,-0.13054878,-0.03275705,-0.04522005,-0.67569708,-23.12734615,-0.50969896,-0.67569708,-23.12734615,-0.50969896,-0.67536242,-23.08366063,-0.47531119,-0.01111418,-0.00494192,-0.00274102,-0.00395006,-0.00605805,-0.00442717
2.100,-0.10534836,0.75499562,2.31730751,-0.13551508,-0.03910838,-0.05002235,-0.10168520,-0.02934539,-0.03753481,-0.09423199,0.75999002,2.32008085,-0.13160842,-0.03299610,-0.04556588,-0.67585416,-23.14099219,-0.51539852,-0.67585416,-23.14099219,-0.51539852,-0.67553341,-23.09695631,-0.48074366,-0.01111637,-0.00499440,-0.00277334,-0.00390666,-0.00611228,-0.00445647
2.110,-0.10670859,0.75460307,2.31680541,-0.13653254,-0.03940201,-0.05039792,-0.10180451,-0.02937982,-0.03757884,-0.09559045,0.75965047,2.31961133,-0.13266799,-0.03323563,-0.04591237,-0.67600483,-23.15475221,-0.52114218,-0.67600483,-23.15475221,-0.52114218,-0.67569708,-23.11036903,-0.48622304,-0.01111814,-0.00504740,-0.00280592,-0.00386455,-0.00616638,-0.00448555
2.120,-0.10807901,0.75420758,2.31629955,-0.13755116,-0.03969597,-0.05077392,-0.10192088,-0.02941341,-0.03762180,-0.09695951,0.75930852,2.31913832,-0.13372747,-0.03347570,-0.04625955,-0.67615019,-23.16862309,-0.52692976,-0.67615019,-23.16862309,-0.52692976,-0.67585416,-23.12389423,-0.49174797,-0.01111950,-0.00510094,-0.00283877,-0.00382369,-0.00622027,-0.00451437
2.130,-0.10945962,0.75380915,2.31578993,-0.13857094,-0.03999027,-0.05115035,-0.10203434,-0.02944615,-0.03766368,-0.09833916,0.75896413,2.31866181,-0.13478684,-0.03371634,-0.04660746,-0.67629054,-23.18260279,-0.53275970,-0.67629054,-23.18260279,-0.53275970,-0.67600483,-23.13753308,-0.49731658,-0.01112046,-0.00515498,-0.00287188,-0.00378410,-0.00627393,-0.00454289
2.140,-0.11085043,0.75340777,2.31527654,-0.13959184,-0.04028489,-0.05152719,-0.10214489,-0.02947806,-0.03770449,-0.09972940,0.75861732,2.31818179,-0.13584608,-0.03395758,-0.04695613,-0.67642619,-23.19669023,-0.53863179,-0.67642619,-23.19669023,-0.53863179,-0.67615019,-23.15128245,-0.50292868,-0.01112103,-0.00520955,-0.00290525,-0.00374576,-0.00632731,-0.00457106
2.150,-0.11225146,0.75300345,2.31475939,-0.14061383,-0.04057983,-0.05190443,-0.10225253,-0.02950912,-0.03774422,-0.10113022,0.75826807,2.31769825,-0.13690517,-0.03419944,-0.04730559,-0.67655808,-23.21088104,-0.54454295,-0.67655808,-23.21088104,-0.54454295,-0.67629054,-23.16514027,-0.50858272,-0.01112124,-0.00526462,-0.00293886,-0.00370866,-0.00638039,-0.00459884
2.160,-0.11366271,0.75259617,2.31423845,-0.14163688,-0.04087507,-0.05228207,-0.10235728,-0.02953935,-0.03778289,-0.10254163,0.75791637,2.31721118,-0.13796410,-0.03444196,-0.04765585,-0.67668611,-23.22517619,-0.55049629,-0.67668611,-23.22517619,-0.55049629,-0.67642619,-23.17910547,-0.51427848,-0.01112108,-0.00532020,-0.00297273,-0.00367278,-0.00643311,-0.00462622
2.170,-0.11508420,0.75218594,2.31371374,-0.14266097,-0.04117061,-0.05266009,-0.10245913,-0.02956874,-0.03782049,-0.10396362,0.75756223,2.31672058,-0.13902285,-0.03468517,-0.04800691,-0.67681131,-23.23957135,-0.55648738,-0.67681131,-23.23957135,-0.55648738,-0.67655808,-23.19317365,-0.52001290,-0.01112058,-0.00537629,-0.00300684,-0.00363812,-0.00648544,-0.00465318
2.180,-0.11651594,0.75177276,2.31318525,-0.14368606,-0.04146645,-0.05303848,-0.10255811,-0.02959731,-0.03785702,-0.10539619,0.75720562,2.31622644,-0.14008141,-0.03492908,-0.04835878,-0.67693398,-23.25406424,-0.56251637,-0.67693398,-23.25406424,-0.56251637,-0.67668611,-23.20734578,-0.52578910,-0.01111975,-0.00543286,-0.00304119,-0.00360465,-0.00653737,-0.00467970
2.190,-0.11795793,0.75135661,2.31265297,-0.14471212,-0.04176256,-0.05341723,-0.10265421,-0.02962504,-0.03789249,-0.10683936,0.75684666,2.31572919,-0.14114019,-0.03517081,-0.04870024,-0.67704821,-23.26878097,-0.56876314,-0.67704821,-23.26878097,-0.56876314,-0.67668611,-23.20722820,-0.52563399,-0.01111857,-0.00549005,-0.00307622,-0.00357193,-0.00659175,-0.00471699
2.200,-0.11941018,0.75093751,2.31211691,-0.14573913,-0.04205894,-0.05379632,-0.10274744,-0.02965195,-0.03792691,-0.10829310,0.75648522,2.31522838,-0.14219864,-0.03541401,-0.04904536,-0.67716152,-23.28356471,-0.57501638,-0.67716152,-23.28356471,-0.57501638,-0.67693398,-23.23599243,-0.53747600,-0.01111708,-0.00554771,-0.00311147,-0.00354049,-0.00664493,-0.00475096
2.210,-0.12087271,0.75051543,2.31157705,-0.14676706,-0.04235559,-0.05417576,-0.10283781,-0.02967803,-0.03796027,-0.10975741,0.75612130,2.31472399,-0.14325679,-0.03565848,-0.04939392,-0.67727459,-23.29842714,-0.58127763,-0.67727459,-23.29842714,-0.58127763,-0.67704821,-23.25058501,-0.54354336,-0.01111530,-0.00560587,-0.00314694,-0.00351027,-0.00669711,-0.00478184
2.220,-0.12234553,0.75009039,2.31103339,-0.14779588,-0.04265250,-0.05455553,-0.10292533,-0.02970328,-0.03799257,-0.11123229,0.75575489,2.31421598,-0.14431463,-0.03590409,-0.04974562,-0.67738763,-23.31336755,-0.58754601,-0.67738763,-23.31336755,-0.58754601,-0.67716152,-23.26524426,-0.54961602,-0.01111324,-0.00566450,-0.00318259,-0.00348125,-0.00674841,-0.00480991
2.230,-0.12382863,0.74966238,2.31048593,-0.14882556,-0.04294966,-0.05493561,-0.10301001,-0.02972772,-0.03802383,-0.11271774,0.75538599,2.31370434,-0.14537218,-0.03615074,-0.05010016,-0.67749987,-23.32838954,-0.59382146,-0.67749987,-23.32838954,-0.59382146,-0.67727459,-23.27998181,-0.55569573,-0.01111089,-0.00572361,-0.00321841,-0.00345338,-0.00679892,-0.00483545
2.240,-0.12532204,0.74923140,2.30993468,-0.14985607,-0.04324705,-0.05531600,-0.10309185,-0.02975134,-0.03805404,-0.11421375,0.75501458,2.31318906,-0.14642943,-0.03639836,-0.05045723,-0.67761254,-23.34349308,-0.60010339,-0.67761254,-23.34349308,-0.60010339,-0.67738763,-23.29479694,-0.56178179,-0.01110829,-0.00578318,-0.00325438,-0.00342664,-0.00684869,-0.00485877
2.250,-0.12682576,0.74879744,2.30937961,-0.15088738,-0.04354468,-0.05569669,-0.10317086,-0.02977414,-0.03808320,-0.11572033,0.75464065,2.31267011,-0.14748638,-0.03664692,-0.05081649,-0.67772540,-23.35868015,-0.60639786,-0.67772540,-23.35868015,-0.60639786,-0.67749987,-23.30969323,-0.56787433,-0.01110543,-0.00584321,-0.00329050,-0.00340100,-0.00689776,-0.00488020
2.260,-0.12833979,0.74836051,2.30882074,-0.15191948,-0.04384253,-0.05607766,-0.10324705,-0.02979613,-0.03811133,-0.11723746,0.75426420,2.31214751,-0.14854303,-0.03689642,-0.05117758,-0.67783845,-23.37394684,-0.61270409,-0.67783845,-23.37394684,-0.61270409,-0.67761254,-23.32467063,-0.57397297,-0.01110233,-0.00590369,-0.00332677,-0.00337645,-0.00694611,-0.00490008
2.270,-0.12986415,0.74792059,2.30825806,-0.15295232,-0.04414060,-0.05645891,-0.10332042,-0.02981730,-0.03813841,-0.11876514,0.75388522,2.31162123,-0.14959940,-0.03714685,-0.05154015,-0.67795219,-23.38929542,-0.61902639,-0.67795219,-23.38929542,-0.61902639,-0.67772540,-23.33973109,-0.58008392,-0.01109901,-0.00596463,-0.00336317,-0.00335292,-0.00699375,-0.00491876
2.280,-0.13139884,0.74747769,2.30769156,-0.15398587,-0.04443888,-0.05684042,-0.10339099,-0.02983767,-0.03816446,-0.12030338,0.75350370,2.31109128,-0.15065547,-0.03739821,-0.05190387,-0.67806641,-23.40472144,-0.62536935,-0.67806641,-23.40472144,-0.62536935,-0.67783845,-23.35487069,-0.58620658,-0.01109546,-0.00602601,-0.00339972,-0.00333040,-0.00704067,-0.00493655
2.290,-0.13294387,0.74703181,2.30712125,-0.15502013,-0.04473735,-0.05722219,-0.10345876,-0.02985723,-0.03818948,-0.12185216,0.75311962,2.31055766,-0.15171125,-0.03765052,-0.05226840,-0.67818172,-23.42022188,-0.63173496,-0.67818172,-23.42022188,-0.63173496,-0.67795219,-23.37009169,-0.59234539,-0.01109171,-0.00608781,-0.00343641,-0.00330888,-0.00708683,-0.00495379
2.300,-0.13449924,0.74658295,2.30654712,-0.15605504,-0.04503602,-0.05760421,-0.10352374,-0.02987598,-0.03821346,-0.12341150,0.75273298,2.31002037,-0.15276674,-0.03790380,-0.05263346,-0.67829752,-23.43579473,-0.63812817,-0.67829752,-23.43579473,-0.63812817,-0.67806641,-23.38538963,-0.59850503,-0.01108774,-0.00615003,-0.00347325,-0.00328830,-0.00713222,-0.00497075
2.310,-0.13606497,0.74613109,2.30596917,-0.15709059,-0.04533487,-0.05798646,-0.10358593,-0.02989393,-0.03823642,-0.12498137,0.75234378,2.30947942,-0.15382194,-0.03815805,-0.05299877,-0.67841484,-23.45144104,-0.64455229,-0.67841484,-23.45144104,-0.64455229,-0.67818172,-23.40076148,-0.60468760,-0.01108360,-0.00621269,-0.00351025,-0.00326865,-0.00717682,-0.00498769
2.320,-0.13764106,0.74567625,2.30538739,-0.15812675,-0.04563389,-0.05836893,-0.10364535,-0.02991107,-0.03825835,-0.12656179,0.75195199,2.30893482,-0.15487686,-0.03841328,-0.05336412,-0.67853342,-23.46715441,-0.65101204,-0.67853342,-23.46715441,-0.65101204,-0.67829752,-23.41620525,-0.61089810,-0.01107927,-0.00627574,-0.00354743,-0.00324989,-0.00722061,-0.00500481
2.330,-0.13922751,0.74521841,2.30480179,-0.15916349,-0.04593309,-0.05875162,-0.10370199,-0.02992742,-0.03827926,-0.12815274,0.75155761,2.30838657,-0.15593148,-0.03866949,-0.05372930,-0.67865302,-23.48293733,-0.65750893,-0.67865302,-23.48293733,-0.65750893,-0.67841484,-23.43172199,-0.61713987,-0.01107477,-0.00633920,-0.00358478,-0.00323201,-0.00726360,-0.00502232
2.340,-0.14082433,0.74475759,2.30421236,-0.16020078,-0.04623244,-0.05913452,-0.10375588,-0.02994297,-0.03829915,-0.12975423,0.75116062,2.30783469,-0.15698582,-0.03892667,-0.05409417,-0.67877391,-23.49878331,-0.66404695,-0.67877391,-23.49878331,-0.66404695,-0.67853342,-23.44730531,-0.62341764,-0.01107010,-0.00640303,-0.00362233,-0.00321496,-0.00730577,-0.00504035
2.350,-0.14243153,0.74429376,2.30361909,-0.16123860,-0.04653194,-0.05951760,-0.10380701,-0.02995773,-0.03831802,-0.13136625,0.75076103,2.30727917,-0.15803988,-0.03918480,-0.05445864,-0.67889645,-23.51469719,-0.67062945,-0.67889645,-23.51469719,-0.67062945,-0.67865302,-23.46295774,-0.62973292,-0.01106528,-0.00646727,-0.00366008,-0.00319872,-0.00734714,-0.00505896
2.360,-0.14404910,0.74382695,2.30302200,-0.16227691,-0.04683159,-0.05990087,-0.10385540,-0.02997169,-0.03833588,-0.13298880,0.75035882,2.30672002,-0.15909365,-0.03944385,-0.05482263,-0.67901977,-23.53067222,-0.67725517,-0.67901977,-23.53067222,-0.67725517,-0.67877391,-23.47867280,-0.63608964,-0.01106030,-0.00653187,-0.00369802,-0.00318326,-0.00738774,-0.00507824
2.370,-0.14567707,0.74335713,2.30242108,-0.16331570,-0.04713138,-0.06028432,-0.10390104,-0.02998486,-0.03835273,-0.13462188,0.74995399,2.30615725,-0.16014714,-0.03970381,-0.05518614,-0.67914537,-23.54671369,-0.68392656,-0.67914537,-23.54671369,-0.68392656,-0.67889645,-23.49445535,-0.64249113,-0.01105519,-0.00659686,-0.00373617,-0.00316856,-0.00742757,-0.00509818
2.380,-0.14731542,0.74288432,2.30181632,-0.16435492,-0.04743129,-0.06066792,-0.10394396,-0.02999725,-0.03836858,-0.13626547,0.74954651,2.30559087,-0.16120035,-0.03996462,-0.05554916,-0.67927175,-23.56281687,-0.69064544,-0.67927175,-23.56281687,-0.69064544,-0.67901977,-23.51029870,-0.64893605,-0.01104995,-0.00666219,-0.00377455,-0.00315457,-0.00746667,-0.00511876
2.390,-0.14896417,0.74240850,2.30120772,-0.16539457,-0.04773132,-0.06105169,-0.10398415,-0.03000885,-0.03838341,-0.13791960,0.74913640,2.30502087,-0.16225329,-0.04022624,-0.05591175,-0.67940001,-23.57898603,-0.69741216,-0.67940001,-23.57898603,-0.69741216,-0.67914537,-23.52620813,-0.65542682,-0.01104457,-0.00672790,-0.00381315,-0.00314128,-0.00750508,-0.00513994
2.400,-0.15062331,0.74192969,2.30059528,-0.16643460,-0.04803146,-0.06143559,-0.10402162,-0.03001966,-0.03839724,-0.13958424,0.74872365,2.30444727,-0.16330595,-0.04048863,-0.05627396,-0.67952915,-23.59521742,-0.70422598,-0.67952915,-23.59521742,-0.70422598,-0.67927175,-23.54217898,-0.66196515,-0.01103907,-0.00679396,-0.00385199,-0.00312865,-0.00754283,-0.00516163
2.410,-0.15229286,0.74144788,2.29997901,-0.16747499,-0.04833171,-0.06181963,-0.10405639,-0.03002970,-0.03841008,-0.14125939,0.74830824,2.30387005,-0.16435834,-0.04075172,-0.05663587,-0.67966004,-23.61151389,-0.71108473,-0.67966004,-23.61151389,-0.71108473,-0.67940001,-23.55821553,-0.66855135,-0.01103347,-0.00686036,-0.00389104,-0.00311665,-0.00757999,-0.00518376
2.420,-0.15397281,0.74096306,2.29935889,-0.16851572,-0.04863205,-0.06220379,-0.10408845,-0.03003895,-0.03842191,-0.14294506,0.74789017,2.30328922,-0.16541046,-0.04101547,-0.05699760,-0.67979204,-23.62787780,-0.71799009,-0.67979204,-23.62787780,-0.71799009,-0.67952915,-23.57431406,-0.67518459,-0.01102775,-0.00692711,-0.00393033,-0.00310526,-0.00761658,-0.00520619
2.430,-0.15566317,0.74047523,2.29873493,-0.16955675,-0.04893248,-0.06258806,-0.10411782,-0.03004743,-0.03843275,-0.14464124,0.74746944,2.30270478,-0.16646232,-0.04127982,-0.05735925,-0.67992526,-23.64431039,-0.72493915,-0.67992526,-23.64431039,-0.72493915,-0.67966004,-23.59047745,-0.68186264,-0.01102193,-0.00699421,-0.00396985,-0.00309443,-0.00765266,-0.00522881
2.440,-0.15736395,0.73998441,2.29810713,-0.17059806,-0.04923300,-0.06297244,-0.10414451,-0.03005513,-0.03844260,-0.14634792,0.74704605,2.30211672,-0.16751390,-0.04154471,-0.05772091,-0.68006006,-23.66080898,-0.73193036,-0.68006006,-23.66080898,-0.73193036,-0.67979204,-23.60670812,-0.68858714,-0.01101603,-0.00706164,-0.00400959,-0.00308416,-0.00768829,-0.00525153
2.450,-0.15907514,0.73949057,2.29747548,-0.17163963,-0.04953358,-0.06335691,-0.10416851,-0.03006205,-0.03845146,-0.14806512,0.74661998,2.30152504,-0.16856523,-0.04181008,-0.05808270,-0.68019581,-23.67737988,-0.73896340,-0.68019581,-23.67737988,-0.73896340,-0.67992526,-23.62300729,-0.69535512,-0.01101002,-0.00712941,-0.00404956,-0.00307440,-0.00772350,-0.00527421
2.460,-0.16079674,0.73899373,2.29683999,-0.17268143,-0.04983424,-0.06374147,-0.10418985,-0.03006821,-0.03845934,-0.14979281,0.74619125,2.30092974,-0.16961629,-0.04207589,-0.05844470,-0.68033224,-23.69402120,-0.74603510,-0.68033224,-23.69402120,-0.74603510,-0.68006006,-23.63937233,-0.70216500,-0.01100393,-0.00719752,-0.00408975,-0.00306514,-0.00775835,-0.00529677
2.470,-0.16252876,0.73849389,2.29620065,-0.17372342,-0.05013495,-0.06412609,-0.10420852,-0.03007360,-0.03846623,-0.15153101,0.74575984,2.30033080,-0.17066709,-0.04234207,-0.05880701,-0.68046947,-23.71073326,-0.75314505,-0.68046947,-23.71073326,-0.75314505,-0.68019581,-23.65580956,-0.70901643,-0.01099775,-0.00726595,-0.00413015,-0.00305633,-0.00779288,-0.00531908
2.480,-0.16427121,0.73799104,2.29555747,-0.17476559,-0.05043571,-0.06451079,-0.10422453,-0.03007822,-0.03847214,-0.15327970,0.74532576,2.29972822,-0.17171764,-0.04260859,-0.05916969,-0.68060799,-23.72751939,-0.76029042,-0.68060799,-23.72751939,-0.76029042,-0.68033224,-23.67231712,-0.71590624,-0.01099151,-0.00733472,-0.00417075,-0.00304795,-0.00782712,-0.00534110
2.490,-0.16602408,0.73748517,2.29491043,-0.17580790,-0.05073651,-0.06489553,-0.10423789,-0.03008208,-0.03847708,-0.15503889,0.74488900,2.29912200,-0.17276793,-0.04287541,-0.05953279,-0.68074693,-23.74438250,-0.76747246,-0.68074693,-23.74438250,-0.76747246,-0.68046947,-23.68889534,-0.72283400,-0.01098519,-0.00740383,-0.00421157,-0.00303997,-0.00786110,-0.00536274
2.500,-0.16778737,0.73697631,2.29425956,-0.17685034,-0.05103735,-0.06528033,-0.10424862,-0.03008517,-0.03848103,-0.15680857,0.74444957,2.29851213,-0.17381797,-0.04314248,-0.05989635,-0.68088626,-23.76131774,-0.77468572,-0.68088626,-23.76131774,-0.77468572,-0.68060799,-23.70554754,-0.72979691,-0.01097880,-0.00747326,-0.00425257,-0.00303237,-0.00789487,-0.00538398
2.510,-0.16956108,0.73646443,2.29360483,-0.17789286,-0.05133821,-0.06566515,-0.10425671,-0.03008751,-0.03848402,-0.15858874,0.74400745,2.29789860,-0.17486775,-0.04340977,-0.06026039,-0.68102550,-23.77833147,-0.78193335,-0.68102550,-23.77833147,-0.78193335,-0.68074693,-23.72227668,-0.73679621,-0.01097234,-0.00754302,-0.00429377,-0.00302511,-0.00792844,-0.00540476
2.520,-0.17134523,0.73594954,2.29294625,-0.17893546,-0.05163909,-0.06605000,-0.10426217,-0.03008908,-0.03848604,-0.16037940,0.74356265,2.29728142,-0.17591728,-0.04367725,-0.06062490,-0.68116576,-23.79542260,-0.78921333,-0.68116576,-23.79542260,-0.78921333,-0.68088626,-23.73907790,-0.74382650,-0.01096583,-0.00761311,-0.00433517,-0.00301818,-0.00796184,-0.00542510
2.530,-0.17313979,0.73543165,2.29228383,-0.17997810,-0.05193999,-0.06643487,-0.10426502,-0.03008990,-0.03848709,-0.16218054,0.74311518,2.29666057,-0.17696655,-0.04394489,-0.06098987,-0.68130517,-23.81258996,-0.79652364,-0.68130517,-23.81258996,-0.79652364,-0.68102550,-23.75595756,-0.75089096,-0.01095925,-0.00768353,-0.00437674,-0.00301155,-0.00799510,-0.00544500
2.540,-0.17494479,0.73491074,2.29161756,-0.18102075,-0.05224089,-0.06681974,-0.10426525,-0.03008997,-0.03848717,-0.16399217,0.74266502,2.29603606,-0.17801558,-0.04421267,-0.06135526,-0.68144499,-23.82983757,-0.80386543,-0.68144499,-23.82983757,-0.80386543,-0.68116576,-23.77291459,-0.75798760,-0.01095262,-0.00775428,-0.00441850,-0.00300517,-0.00802822,-0.00546448
2.550,-0.17676021,0.73438683,2.29094743,-0.18206340,-0.05254179,-0.06720461,-0.10426288,-0.03008929,-0.03848630,-0.16581427,0.74221217,2.29540787,-0.17906435,-0.04448058,-0.06172104,-0.68158423,-23.84716204,-0.81124033,-0.68158423,-23.84716204,-0.81124033,-0.68130517,-23.78994782,-0.76511446,-0.01094594,-0.00782534,-0.00446044,-0.00299905,-0.00806121,-0.00548357
2.560,-0.17858606,0.73385991,2.29027346,-0.18310600,-0.05284267,-0.06758946,-0.10425792,-0.03008786,-0.03848447,-0.16764686,0.74175665,2.29477602,-0.18011287,-0.04474859,-0.06208714,-0.68172292,-23.86456519,-0.81864552,-0.68172292,-23.86456519,-0.81864552,-0.68144499,-23.80706126,-0.77227271,-0.01093920,-0.00789674,-0.00450256,-0.00299313,-0.00809408,-0.00550232
2.570,-0.18042233,0.73332997,2.28959564,-0.18414855,-0.05314354,-0.06797430,-0.10425037,-0.03008568,-0.03848168,-0.16948992,0.74129844,2.29414049,-0.18116114,-0.04501669,-0.06245350,-0.68186067,-23.88204988,-0.82608308,-0.68186067,-23.88204988,-0.82608308,-0.68158423,-23.82425154,-0.77946403,-0.01093241,-0.00796847,-0.00454485,-0.00298741,-0.00812685,-0.00552080
2.580,-0.18226903,0.73279704,2.28891398,-0.18519100,-0.05344438,-0.06835909,-0.10424023,-0.03008275,-0.03847794,-0.17134345,0.74083754,2.29350130,-0.18220916,-0.04528488,-0.06282006,-0.68199753,-23.89960984,-0.83355186,-0.68199753,-23.89960984,-0.83355186,-0.68172292,-23.84152047,-0.78668565,-0.01092558,-0.00804050,-0.00458732,-0.00298184,-0.00815950,-0.00553903
2.590,-0.18412615,0.73226109,2.28822846,-0.18623334,-0.05374519,-0.06874385,-0.10422752,-0.03007908,-0.03847325,-0.17320745,0.74037396,2.29285843,-0.18325692,-0.04555313,-0.06318675,-0.68213302,-23.91725147,-0.84105593,-0.68213302,-23.91725147,-0.84105593,-0.68186067,-23.85887093,-0.79393968,-0.01091870,-0.00811287,-0.00462997,-0.00297642,-0.00819206,-0.00555710
2.600,-0.18599369,0.73172213,2.28753910,-0.18727554,-0.05404596,-0.06912856,-0.10421225,-0.03007468,-0.03846761,-0.17508192,0.73990770,2.29221189,-0.18430443,-0.04582144,-0.06355348,-0.68226693,-23.93497282,-0.84859310,-0.68226693,-23.93497282,-0.84859310,-0.68199753,-23.87629666,-0.80122501,-0.01091177,-0.00818557,-0.00467279,-0.00297111,-0.00822452,-0.00557508
2.610,-0.18787166,0.73118017,2.28684589,-0.18831758,-0.05434668,-0.06951320,-0.10419442,-0.03006953,-0.03846103,-0.17696686,0.73943875,2.29156169,-0.18535168,-0.04608979,-0.06392021,-0.68239967,-23.95277198,-0.85616570,-0.68239967,-23.95277198,-0.85616570,-0.68213302,-23.89380404,-0.80854574,-0.01090480,-0.00825858,-0.00471580,-0.00296590,-0.00825689,-0.00559299
2.620,-0.18976004,0.73063520,2.28614884,-0.18935942,-0.05464735,-0.06989777,-0.10417403,-0.03006365,-0.03845350,-0.17886225,0.73896712,2.29090782,-0.18639867,-0.04635819,-0.06428685,-0.68252991,-23.97065137,-0.86377332,-0.68252991,-23.97065137,-0.86377332,-0.68226693,-23.91139114,-0.81589971,-0.01089779,-0.00833192,-0.00475898,-0.00296075,-0.00828916,-0.00561092
2.630,-0.19165885,0.73008722,2.28544794,-0.19040105,-0.05494795,-0.07028227,-0.10415111,-0.03005703,-0.03844504,-0.18076811,0.73849280,2.29025029,-0.18744539,-0.04662660,-0.06465336,-0.68265871,-23.98861079,-0.87141854,-0.68265871,-23.98861079,-0.87141854,-0.68239967,-23.92905605,-0.82328926,-0.01089074,-0.00840558,-0.00480235,-0.00295566,-0.00832135,-0.00562891
2.640,-0.19356806,0.72953624,2.28474319,-0.19144244,-0.05524849,-0.07066667,-0.10412565,-0.03004968,-0.03843564,-0.18268442,0.73801580,2.28958910,-0.18849186,-0.04689503,-0.06501968,-0.68278437,-24.00664913,-0.87910213,-0.68278437,-24.00664913,-0.87910213,-0.68252991,-23.94680120,-0.83071401,-0.01088364,-0.00847956,-0.00484591,-0.00295058,-0.00835346,-0.00564699
2.650,-0.19548769,0.72898225,2.28403460,-0.19248355,-0.05554895,-0.07105098,-0.10409765,-0.03004160,-0.03842531,-0.18461119,0.73753611,2.28892426,-0.18953805,-0.04716346,-0.06538577,-0.68290760,-24.02476829,-0.88682371,-0.68290760,-24.02476829,-0.88682371,-0.68265871,-23.96462641,-0.83817652,-0.01087650,-0.00855386,-0.00488966,-0.00294550,-0.00838549,-0.00566521
2.660,-0.19741773,0.72842526,2.28332217,-0.19352438,-0.05584932,-0.07143517,-0.10406714,-0.03003280,-0.03841405,-0.18654840,0.73705374,2.28825577,-0.19058397,-0.04743188,-0.06575159,-0.68302809,-24.04296662,-0.89458383,-0.68302809,-24.04296662,-0.89458383,-0.68278437,-23.98253056,-0.84567760,-0.01086933,-0.00862848,-0.00493360,-0.00294041,-0.00841744,-0.00568358
2.670,-0.19935818,0.72786527,2.28260590,-0.19456489,-0.05614960,-0.07181925,-0.10403412,-0.03002327,-0.03840186,-0.18849607,0.73656868,2.28758364,-0.19162961,-0.04770027,-0.06611713,-0.68314554,-24.06124486,-0.90238343,-0.68314554,-24.06124486,-0.90238343,-0.68290760,-24.00051557,-0.85321683,-0.01086211,-0.00870341,-0.00497774,-0.00293528,-0.00844933,-0.00570212
2.680,-0.20130903,0.72730227,2.28188579,-0.19560505,-0.05644978,-0.07220321,-0.10399859,-0.03001302,-0.03838874,-0.19045418,0.73608095,2.28690785,-0.19267497,-0.04796861,-0.06648237,-0.68325931,-24.07960550,-0.91022313,-0.68325931,-24.07960550,-0.91022313,-0.68302809,-24.01857980,-0.86079479,-0.01085485,-0.00877868,-0.00502206,-0.00293008,-0.00848117,-0.00572084
2.690,-0.20327028,0.72673627,2.28116184,-0.19664485,-0.05674986,-0.07258703,-0.10396056,-0.03000204,-0.03837470,-0.19242273,0.73559053,2.28622843,-0.19372004,-0.04823690,-0.06684730,-0.68336949,-24.09804740,-0.91810337,-0.68336949,-24.09804740,-0.91810337,-0.68314554,-24.03672399,-0.86841239,-0.01084755,-0.00885426,-0.00506659,-0.00292481,-0.00851296,-0.00573973
2.700,-0.20524193,0.72616727,2.28043405,-0.19768426,-0.05704982,-0.07297070,-0.10392004,-0.02999035,-0.03835975,-0.19440172,0.73509743,2.28554538,-0.19476482,-0.04850510,-0.06721191,-0.68347593,-24.11657081,-0.92602458,-0.68347593,-24.11657081,-0.92602458,-0.68325931,-24.05495064,-0.87607026,-0.01084021,-0.00893016,-0.00511133,-0.00291944,-0.00854472,-0.00575879
2.710,-0.20722396,0.72559527,2.27970242,-0.19872324,-0.05734966,-0.07335422,-0.10387704,-0.02997794,-0.03834387,-0.19639115,0.73460166,2.28485868,-0.19580930,-0.04877321,-0.06757622,-0.68357740,-24.13517670,-0.93398719,-0.68357740,-24.13517670,-0.93398719,-0.68336949,-24.07325864,-0.88376880,-0.01083281,-0.00900639,-0.00515626,-0.00291394,-0.00857645,-0.00577800
2.720,-0.20921639,0.72502028,2.27896696,-0.19976179,-0.05764938,-0.07373757,-0.10383156,-0.02996481,-0.03832709,-0.19839101,0.73410320,2.28416836,-0.19685347,-0.04904120,-0.06794023,-0.68367513,-24.15386411,-0.94198981,-0.68367513,-24.15386411,-0.94198981,-0.68347593,-24.09164822,-0.89150845,-0.01082538,-0.00908292,-0.00520140,-0.00290832,-0.00860818,-0.00579734
2.730,-0.21121920,0.72444229,2.27822767,-0.20079987,-0.05794896,-0.07412076,-0.10378361,-0.02995098,-0.03830939,-0.20040130,0.73360208,2.28347441,-0.19789734,-0.04930907,-0.06830396,-0.68376789,-24.17263540,-0.95003273,-0.68376789,-24.17263540,-0.95003273,-0.68357740,-24.11012037,-0.89928961,-0.01081790,-0.00915979,-0.00524674,-0.00290253,-0.00863989,-0.00581680
2.740,-0.21323239,0.72386130,2.27748455,-0.20183745,-0.05824839,-0.07450376,-0.10373321,-0.02993643,-0.03829078,-0.20242202,0.73309828,2.28277683,-0.19894088,-0.04957678,-0.06866743,-0.68385560,-24.19149134,-0.95811583,-0.68385560,-24.19149134,-0.95811583,-0.68367513,-24.12867414,-0.90711089,-0.01081037,-0.00923698,-0.00529228,-0.00289657,-0.00867161,-0.00583633
2.750,-0.21525595,0.72327732,2.27673760,-0.20287452,-0.05854768,-0.07488657,-0.10368035,-0.02992117,-0.03827127,-0.20445315,0.73259181,2.28207563,-0.19998409,-0.04984433,-0.06903066,-0.68393790,-24.21043136,-0.96623922,-0.68393790,-24.21043136,-0.96623922,-0.68376789,-24.14731191,-0.91497255,-0.01080280,-0.00931449,-0.00533803,-0.00289043,-0.00870335,-0.00585591
2.760,-0.21728987,0.72269035,2.27598682,-0.20391105,-0.05884681,-0.07526918,-0.10362504,-0.02990521,-0.03825085,-0.20649471,0.73208267,2.28137080,-0.20102696,-0.05011170,-0.06939367,-0.68401421,-24.22945583,-0.97440294,-0.68401421,-24.22945583,-0.97440294,-0.68385560,-24.16603443,-0.92287448,-0.01079516,-0.00939232,-0.00538398,-0.00288409,-0.00873511,-0.00587551
2.770,-0.21933416,0.72210038,2.27523221,-0.20494702,-0.05914578,-0.07565158,-0.10356730,-0.02988855,-0.03822954,-0.20854668,0.73157087,2.28066235,-0.20206949,-0.05037888,-0.06975648,-0.68408509,-24.24856781,-0.98260695,-0.68408509,-24.24856781,-0.98260695,-0.68393790,-24.18484116,-0.93081678,-0.01078748,-0.00947049,-0.00543014,-0.00287753,-0.00876690,-0.00589510
2.780,-0.22138881,0.72150743,2.27447379,-0.20598239,-0.05944458,-0.07603377,-0.10350712,-0.02987118,-0.03820733,-0.21060906,0.73105640,2.27995028,-0.20311166,-0.05064584,-0.07011910,-0.68414987,-24.26776402,-0.99084830,-0.68414987,-24.26776402,-0.99084830,-0.68401421,-24.20373246,-0.93879946,-0.01077975,-0.00954897,-0.00547649,-0.00287073,-0.00879874,-0.00591467
2.790,-0.22345381,0.72091149,2.27371154,-0.20701715,-0.05974320,-0.07641573,-0.10344453,-0.02985312,-0.03818422,-0.21268185,0.73053927,2.27923459,-0.20415346,-0.05091259,-0.07048155,-0.68420826,-24.28704712,-0.99912985,-0.68420826,-24.28704712,-0.99912985,-0.68408509,-24.22271140,-0.94682250,-0.01077196,-0.00962778,-0.00552305,-0.00286369,-0.00883061,-0.00593418
2.800,-0.22552915,0.72031257,2.27294547,-0.20805127,-0.06004164,-0.07679745,-0.10337951,-0.02983436,-0.03816022,-0.21476504,0.73001948,2.27851529,-0.20519489,-0.05117910,-0.07084384,-0.68425972,-24.30641608,-1.00745014,-0.68425972,-24.30641608,-1.00745014,-0.68414987,-24.24177470,-0.95488295,-0.01076411,-0.00970691,-0.00556982,-0.00285638,-0.00886254,-0.00595361
2.810,-0.22761483,0.71971066,2.27217559,-0.20908473,-0.06033989,-0.07717893,-0.10331209,-0.02981490,-0.03813534,-0.21685863,0.72949704,2.27779236,-0.20623592,-0.05144538,-0.07120598,-0.68430435,-24.32587348,-1.01580780,-0.68430435,-24.32587348,-1.01580780,-0.68420826,-24.26092502,-0.96298365,-0.01075620,-0.00978638,-0.00561677,-0.00284881,-0.00889451,-0.00597295
2.820,-0.22971085,0.71910577,2.27140190,-0.21011751,-0.06063794,-0.07756015,-0.10324227,-0.02979475,-0.03810956,-0.21896262,0.72897195,2.27706582,-0.20727656,-0.05171140,-0.07156798,-0.68434227,-24.34541791,-1.02420278,-0.68434227,-24.34541791,-1.02420278,-0.68425972,-24.28016134,-0.97112316,-0.01074823,-0.00986618,-0.00566392,-0.00284095,-0.00892654,-0.00599217
2.830,-0.23181718,0.71849790,2.27062439,-0.21114957,-0.06093578,-0.07794112,-0.10317006,-0.02977391,-0.03808291,-0.22107699,0.72844420,2.27633567,-0.20831678,-0.05197717,-0.07192983,-0.68437187,-24.36504984,-1.03263695,-0.68437187,-24.36504984,-1.03263695,-0.68430435,-24.29948624,-0.97930011,-0.01074019,-0.00994630,-0.00571128,-0.00283279,-0.00895861,-0.00601129
2.840,-0.23393383,0.71788706,2.26984307,-0.21218090,-0.06123341,-0.07832181,-0.10309546,-0.02975238,-0.03805537,-0.22320175,0.72791381,2.27560190,-0.20935658,-0.05224269,-0.07229153,-0.68439391,-24.38476803,-1.04110884,-0.68439391,-24.38476803,-1.04110884,-0.68434227,-24.31889830,-0.98751446,-0.01073208,-0.01002675,-0.00575883,-0.00282432,-0.00899072,-0.00603028
2.850,-0.23606080,0.71727324,2.26905795,-0.21321147,-0.06153083,-0.07870222,-0.10301849,-0.02973017,-0.03802696,-0.22533689,0.72738077,2.27486453,-0.21039594,-0.05250794,-0.07265309,-0.68440842,-24.40457526,-1.04961729,-0.68440842,-24.40457526,-1.04961729,-0.68437187,-24.33839799,-0.99576808,-0.01072391,-0.01010753,-0.00580658,-0.00281553,-0.00902289,-0.00604913
2.860,-0.23819806,0.71665644,2.26826903,-0.21424126,-0.06182802,-0.07908235,-0.10293914,-0.02970727,-0.03799767,-0.22748241,0.72684510,2.27412354,-0.21143485,-0.05277292,-0.07301448,-0.68441407,-24.42447157,-1.05816266,-0.68441407,-24.42447157,-1.05816266,-0.68439391,-24.35798409,-1.00405951,-0.01071565,-0.01018866,-0.00585451,-0.00280641,-0.00905510,-0.00606787
2.870,-0.24034562,0.71603668,2.26747631,-0.21527025,-0.06212497,-0.07946217,-0.10285743,-0.02968369,-0.03796751,-0.22963829,0.72630678,2.27337895,-0.21247329,-0.05303764,-0.07337570,-0.68441153,-24.44445327,-1.06674515,-0.68441153,-24.44445327,-1.06674515,-0.68440842,-24.37765936,-1.01238761,-0.01070733,-0.01027010,-0.00590264,-0.00279696,-0.00908733,-0.00608647
2.880,-0.24250346,0.71541394,2.26667979,-0.21629840,-0.06242169,-0.07984169,-0.10277336,-0.02965943,-0.03793648,-0.23180454,0.72576582,2.27263075,-0.21351125,-0.05330209,-0.07373673,-0.68439977,-24.46452530,-1.07536540,-0.68439977,-24.46452530,-1.07536540,-0.68441407,-24.39742385,-1.02075275,-0.01069892,-0.01035188,-0.00595096,-0.00278715,-0.00911960,-0.00610496
2.890,-0.24467158,0.71478824,2.26587948,-0.21732571,-0.06271816,-0.08022090,-0.10268695,-0.02963449,-0.03790458,-0.23398116,0.72522223,2.27187895,-0.21454872,-0.05356628,-0.07409755,-0.68437923,-24.48468357,-1.08402242,-0.68437923,-24.48468357,-1.08402242,-0.68441153,-24.41727385,-1.02915513,-0.01069042,-0.01043399,-0.00599947,-0.00277699,-0.00915188,-0.00612335
2.900,-0.24684997,0.71415958,2.26507537,-0.21835213,-0.06301437,-0.08059978,-0.10259820,-0.02960888,-0.03787182,-0.23616812,0.72467601,2.27112355,-0.21558567,-0.05383020,-0.07445815,-0.68434927,-24.50492827,-1.09271814,-0.68434927,-24.50492827,-1.09271814,-0.68439977,-24.43721431,-1.03759542,-0.01068185,-0.01051643,-0.00604818,-0.00276646,-0.00918417,-0.00614163
2.910,-0.24903862,0.71352796,2.26426748,-0.21937766,-0.06331033,-0.08097833,-0.10250711,-0.02958259,-0.03783820,-0.23836543,0.72412717,2.27036455,-0.21662210,-0.05409386,-0.07481851,-0.68430986,-24.52526029,-1.10145021,-0.68430986,-24.52526029,-1.10145021,-0.68437923,-24.45724115,-1.04607263,-0.01067319,-0.01059921,-0.00609707,-0.00275556,-0.00921647,-0.00615982
2.920,-0.25123753,0.71289337,2.26345581,-0.22040227,-0.06360602,-0.08135654,-0.10241370,-0.02955563,-0.03780372,-0.24057309,0.72357569,2.26960196,-0.21765798,-0.05435726,-0.07517862,-0.68426113,-24.54568152,-1.11021917,-0.68426113,-24.54568152,-1.11021917,-0.68434927,-24.47735454,-1.05458867,-0.01066444,-0.01068232,-0.00614615,-0.00274429,-0.00924876,-0.00617792
2.930,-0.25344667,0.71225584,2.26264035,-0.22142593,-0.06390144,-0.08173440,-0.10231797,-0.02952801,-0.03776838,-0.24279108,0.72302159,2.26883578,-0.21869331,-0.05462039,-0.07553845,-0.68420172,-24.56618648,-1.11902711,-0.68420172,-24.56618648,-1.11902711,-0.68430986,-24.49755539,-1.06314124,-0.01065559,-0.01076575,-0.00619543,-0.00273262,-0.00928105,-0.00619595
2.940,-0.25566604,0.71161535,2.26182112,-0.22244862,-0.06419658,-0.08211191,-0.10221994,-0.02949971,-0.03773219,-0.24501941,0.72246487,2.26806602,-0.21972806,-0.05488327,-0.07589798,-0.68413190,-24.58677928,-1.12787180,-0.68413190,-24.58677928,-1.12787180,-0.68426113,-24.51784556,-1.07173087,-0.01064663,-0.01084952,-0.00624490,-0.00272056,-0.00931331,-0.00621393
2.950,-0.25789564,0.71097191,2.26099811,-0.22347032,-0.06449143,-0.08248904,-0.10211960,-0.02947076,-0.03769515,-0.24725805,0.72190554,2.26729267,-0.22076221,-0.05514590,-0.07625722,-0.68405197,-24.60745816,-1.13675508,-0.68405197,-24.60745816,-1.13675508,-0.68420172,-24.53821959,-1.08035965,-0.01063759,-0.01093363,-0.00629456,-0.00270811,-0.00934553,-0.00623182
2.960,-0.26013544,0.71032552,2.26017134,-0.22449100,-0.06478599,-0.08286581,-0.10201696,-0.02944114,-0.03765727,-0.24950702,0.72134358,2.26651574,-0.22179575,-0.05540827,-0.07661613,-0.68396060,-24.62822360,-1.14567489,-0.68396060,-24.62822360,-1.14567489,-0.68413190,-24.55868159,-1.08902536,-0.01062842,-0.01101806,-0.00634440,-0.00269525,-0.00937772,-0.00624968
2.970,-0.26238545,0.70967619,2.25934080,-0.22551065,-0.06508026,-0.08324219,-0.10191204,-0.02941086,-0.03761854,-0.25176629,0.72077902,2.26573523,-0.22282866,-0.05567039,-0.07697472,-0.68385874,-24.64907417,-1.15463310,-0.68385874,-24.64907417,-1.15463310,-0.68405197,-24.57922979,-1.09772984,-0.01061916,-0.01110283,-0.00639443,-0.00268199,-0.00940987,-0.00626747
2.980,-0.26464565,0.70902391,2.25850650,-0.22652924,-0.06537421,-0.08361818,-0.10180483,-0.02937992,-0.03757897,-0.25403587,0.72021184,2.26495116,-0.22386092,-0.05593225,-0.07733297,-0.68374559,-24.67001129,-1.16362895,-0.68374559,-24.67001129,-1.16362895,-0.68396060,-24.59986468,-1.10647104,-0.01060978,-0.01118793,-0.00644466,-0.00266832,-0.00944196,-0.00628521
2.990,-0.26691603,0.70836870,2.25766844,-0.22754674,-0.06566785,-0.08399376,-0.10169536,-0.02934832,-0.03753855,-0.25631574,0.71964205,2.26416351,-0.22489252,-0.05619387,-0.07769087,-0.68362089,-24.69103187,-1.17266292,-0.68362089,-24.69103187,-1.17266292,-0.68385874,-24.62058481,-1.11525082,-0.01060029,-0.01127335,-0.00649507,-0.00265422,-0.00947398,-0.00630289
3.000,-0.26919658,0.70771056,2.25682662,-0.22856314,-0.06596117,-0.08436894,-0.10158362,-0.02931608,-0.03749731,-0.25860590,0.71906966,2.26337230,-0.22592342,-0.05645524,-0.07804840,-0.68348461,-24.71213607,-1.18173581,-0.68348461,-24.71213607,-1.18173581,-0.68374559,-24.64139162,-1.12406844,-0.01059068,-0.01135910,-0.00654568,-0.00263972,-0.00950593,-0.00632054
3.010,-0.27148729,0.70704948,2.25598106,-0.22957841,-0.06625417,-0.08474371,-0.10146962,-0.02928318,-0.03745523,-0.26090634,0.71849466,2.26257753,-0.22695362,-0.05671636,-0.07840558,-0.68333651,-24.73332645,-1.19084517,-0.68333651,-24.73332645,-1.19084517,-0.68362089,-24.66228201,-1.13292436,-0.01058095,-0.01144518,-0.00659647,-0.00262479,-0.00953781,-0.00633813
3.020,-0.27378815,0.70638548,2.25513175,-0.23059252,-0.06654684,-0.08511805,-0.10135337,-0.02924963,-0.03741232,-0.26321706,0.71791706,2.26177920,-0.22798309,-0.05697723,-0.07876239,-0.68317636,-24.75459929,-1.19999289,-0.68317636,-24.75459929,-1.19999289,-0.68348461,-24.68325615,-1.14181939,-0.01057109,-0.01153158,-0.00664745,-0.00260943,-0.00956961,-0.00635566
3.030,-0.27609914,0.70571855,2.25427870,-0.23160547,-0.06683916,-0.08549195,-0.10123488,-0.02921544,-0.03736858,-0.26553804,0.71733686,2.26097732,-0.22901181,-0.05723785,-0.07911884,-0.68300380,-24.77595642,-1.20917801,-0.68300380,-24.77595642,-1.20917801,-0.68333651,-24.70431659,-1.15075108,-0.01056110,-0.01161831,-0.00669862,-0.00259366,-0.00960131,-0.00637311
3.040,-0.27842025,0.70504869,2.25342191,-0.23261721,-0.06713114,-0.08586541,-0.10111415,-0.02918060,-0.03732402,-0.26786928,0.71675407,2.26017189,-0.23003977,-0.05749822,-0.07947492,-0.68281839,-24.79739883,-1.21840115,-0.68281839,-24.79739883,-1.21840115,-0.68317636,-24.72545961,-1.15972131,-0.01055097,-0.01170538,-0.00674998,-0.00257744,-0.00963292,-0.00639049
3.050,-0.28075148,0.70437592,2.25256139,-0.23362774,-0.06742277,-0.08623843,-0.10099120,-0.02914511,-0.03727863,-0.27021076,0.71616868,2.25936291,-0.23106693,-0.05775835,-0.07983063,-0.68262080,-24.81892274,-1.22766139,-0.68262080,-24.81892274,-1.22766139,-0.68300380,-24.74668706,-1.16872914,-0.01054072,-0.01179276,-0.00680152,-0.00256081,-0.00966442,-0.00640780
3.060,-0.28309280,0.70370024,2.25169715,-0.23463703,-0.06771404,-0.08661098,-0.10086603,-0.02910899,-0.03723243,-0.27256248,0.71558070,2.25855039,-0.23209329,-0.05801822,-0.08018597,-0.68240988,-24.84052838,-1.23695755,-0.68240988,-24.84052838,-1.23695755,-0.68281839,-24.76799990,-1.17777515,-0.01053032,-0.01188046,-0.00685324,-0.00254374,-0.00969582,-0.00642501
3.070,-0.28544422,0.70302164,2.25082918,-0.23564505,-0.06800495,-0.08698307,-0.10073865,-0.02907223,-0.03718541,-0.27492444,0.71499014,2.25773433,-0.23311881,-0.05827785,-0.08054094,-0.68218644,-24.86221838,-1.24629180,-0.68218644,-24.86221838,-1.24629180,-0.68262080,-24.78939438,-1.18685847,-0.01051978,-0.01196850,-0.00690515,-0.00252624,-0.00972710,-0.00644213
3.080,-0.28780570,0.70234014,2.24995749,-0.23665179,-0.06829548,-0.08735469,-0.10060906,-0.02903483,-0.03713757,-0.27729661,0.71439698,2.25691474,-0.23414347,-0.05853722,-0.08089553,-0.68194911,-24.88398863,-1.25566321,-0.68194911,-24.88398863,-1.25566321,-0.68240988,-24.81087071,-1.19597789,-0.01050909,-0.01205684,-0.00695725,-0.00250832,-0.00975826,-0.00645916
3.090,-0.29017725,0.70165574,2.24908208,-0.23765723,-0.06858564,-0.08772582,-0.10047727,-0.02899680,-0.03708892,-0.27967900,0.71380125,2.25609162,-0.23516726,-0.05879634,-0.08124976,-0.68169886,-24.90584007,-1.26507217,-0.68169886,-24.90584007,-1.26507217,-0.68218644,-24.83243152,-1.20513559,-0.01049825,-0.01214551,-0.00700954,-0.00248997,-0.00978930,-0.00647606
3.100,-0.29255884,0.70096843,2.24820297,-0.23866133,-0.06887542,-0.08809647,-0.10034329,-0.02895813,-0.03703947,-0.28207159,0.71320293,2.25526496,-0.23619015,-0.05905521,-0.08160361,-0.68143447,-24.92777500,-1.27451638,-0.68143447,-24.92777500,-1.27451638,-0.68194911,-24.85407271,-1.21433063,-0.01048725,-0.01223450,-0.00706199,-0.00247118,-0.00982021,-0.00649286
3.110,-0.29495047,0.70027823,2.24732016,-0.23966409,-0.06916480,-0.08846661,-0.10020713,-0.02891884,-0.03698921,-0.28447437,0.71260203,2.25443479,-0.23721211,-0.05931383,-0.08195709,-0.68115671,-24.94978938,-1.28399609,-0.68115671,-24.94978938,-1.28399609,-0.68169886,-24.87579523,-1.22356341,-0.01047610,-0.01232380,-0.00711463,-0.00245198,-0.00985097,-0.00650952
3.120,-0.29735212,0.69958514,2.24643364,-0.24066547,-0.06945379,-0.08883625,-0.10006880,-0.02887892,-0.03693815,-0.28688733,0.71199856,2.25360109,-0.23823313,-0.05957219,-0.08231019,-0.68086486,-24.97188415,-1.29351356,-0.68086486,-24.97188415,-1.29351356,-0.68143447,-24.89760136,-1.23283163,-0.01046479,-0.01241342,-0.00716745,-0.00243234,-0.00988160,-0.00652606
3.130,-0.29976377,0.69888915,2.24554343,-0.24166546,-0.06974238,-0.08920537,-0.09992830,-0.02883837,-0.03688629,-0.28931046,0.71139251,2.25276388,-0.23925318,-0.05983030,-0.08266292,-0.68055860,-24.99406157,-1.30306628,-0.68055860,-24.99406157,-1.30306628,-0.68115671,-24.91948707,-1.24213555,-0.01045331,-0.01250336,-0.00722045,-0.00241228,-0.00991208,-0.00654245
3.140,-0.30218542,0.69819029,2.24464954,-0.24266403,-0.07003056,-0.08957397,-0.09978564,-0.02879720,-0.03683363,-0.29174376,0.71078390,2.25192316,-0.24027223,-0.06008815,-0.08301526,-0.68023838,-25.01631594,-1.31265337,-0.68023838,-25.01631594,-1.31265337,-0.68086486,-24.94145330,-1.25147741,-0.01044166,-0.01259361,-0.00727362,-0.00239180,-0.00994241,-0.00655871
3.150,-0.30461705,0.69748854,2.24375195,-0.24366116,-0.07031832,-0.08994204,-0.09964083,-0.02875541,-0.03678017,-0.29418720,0.71017271,2.25107893,-0.24129027,-0.06034575,-0.08336722,-0.67990378,-25.03865149,-1.32227843,-0.67990378,-25.03865149,-1.32227843,-0.68055860,-24.96350231,-1.26085474,-0.01042985,-0.01268417,-0.00732698,-0.00237089,-0.00997257,-0.00657482
3.160,-0.30705864,0.69678392,2.24285070,-0.24465684,-0.07060566,-0.09030957,-0.09949387,-0.02871300,-0.03672593,-0.29664078,0.70955896,2.25023119,-0.24230727,-0.06060309,-0.08371878,-0.67955453,-25.06106485,-1.33193612,-0.67955453,-25.06106485,-1.33193612,-0.68023838,-24.98562839,-1.27026664,-0.01041786,-0.01277504,-0.00738049,-0.00234957,-0.01000257,-0.00659079
3.170,-0.30951018,0.69607643,2.24194577,-0.24565103,-0.07089258,-0.09067656,-0.09934478,-0.02866997,-0.03667089,-0.29910449,0.70894265,2.24937996,-0.24332320,-0.06086017,-0.08406994,-0.67919049,-25.08355664,-1.34163010,-0.67919049,-25.08355664,-1.34163010,-0.67990378,-25.00783579,-1.27971672,-0.01040569,-0.01286622,-0.00743419,-0.00232783,-0.01003241,-0.00660662
3.180,-0.31197166,0.69536607,2.24103717,-0.24664372,-0.07117906,-0.09104299,-0.09919356,-0.02862633,-0.03661507,-0.30157832,0.70832377,2.24852523,-0.24433805,-0.06111699,-0.08442069,-0.67881191,-25.10612679,-1.35135951,-0.67881191,-25.10612679,-1.35135951,-0.67955453,-25.03012112,-1.28919965,-0.01039334,-0.01295770,-0.00748806,-0.00230567,-0.01006207,-0.00662230
3.190,-0.31444305,0.69465285,2.24012491,-0.24763490,-0.07146510,-0.09140885,-0.09904021,-0.02858207,-0.03655847,-0.30406228,0.70770251,2.24766775,-0.24535262,-0.06136920,-0.08475247,-0.67840630,-25.12896132,-1.36142042,-0.67840630,-25.12896132,-1.36142042,-0.67955453,-25.03000194,-1.28906220,-0.01038077,-0.01304966,-0.00754284,-0.00228228,-0.01009590,-0.00665638
3.200,-0.31692435,0.69393677,2.23920899,-0.24862452,-0.07175070,-0.09177415,-0.09888475,-0.02853721,-0.03650108,-0.30655634,0.70707870,2.24680678,-0.24636584,-0.06162222,-0.08508859,-0.67798817,-25.15183591,-1.37146866,-0.67798817,-25.15183591,-1.37146866,-0.67881191,-25.07493614,-1.30831104,-0.01036801,-0.01314193,-0.00759779,-0.00225868,-0.01012848,-0.00668556
3.210,-0.31941554,0.69321784,2.23828943,-0.24961258,-0.07203585,-0.09213887,-0.09872719,-0.02849174,-0.03644292,-0.30906047,0.70645234,2.24594229,-0.24737773,-0.06187572,-0.08542867,-0.67755700,-25.17476124,-1.38150050,-0.67755700,-25.17476124,-1.38150050,-0.67840630,-25.09764321,-1.31819597,-0.01035507,-0.01323450,-0.00765286,-0.00223485,-0.01016013,-0.00671020
3.220,-0.32191660,0.69249606,2.23736622,-0.25059906,-0.07232053,-0.09250301,-0.09856752,-0.02844566,-0.03638398,-0.31157467,0.70582343,2.24507426,-0.24838829,-0.06212945,-0.08577229,-0.67711213,-25.19774633,-1.39151810,-0.67711213,-25.19774633,-1.39151810,-0.67798817,-25.12039058,-1.32806708,-0.01034193,-0.01332737,-0.00770804,-0.00221077,-0.01019108,-0.00673072
3.230,-0.32442751,0.69177143,2.23643937,-0.25158393,-0.07260476,-0.09286655,-0.09840576,-0.02839898,-0.03632428,-0.31409892,0.70519198,2.24420267,-0.24939753,-0.06238325,-0.08611901,-0.67665286,-25.22079880,-1.40152181,-0.67665286,-25.22079880,-1.40152181,-0.67755700,-25.14318893,-1.33792092,-0.01032859,-0.01342055,-0.00776330,-0.00218640,-0.01022151,-0.00674754
3.240,-0.32694827,0.69104396,2.23550889,-0.25256717,-0.07288851,-0.09322949,-0.09824192,-0.02835170,-0.03626380,-0.31663321,0.70455800,2.24332751,-0.25040544,-0.06263699,-0.08646832,-0.67617966,-25.24392028,-1.41151341,-0.67617966,-25.24392028,-1.41151341,-0.67711213,-25.16604722,-1.34775997,-0.01031506,-0.01351404,-0.00781862,-0.00216173,-0.01025152,-0.00676117
3.250,-0.32947885,0.69031366,2.23457478,-0.25354876,-0.07317179,-0.09359182,-0.09807600,-0.02830381,-0.03620255,-0.31917753,0.70392149,2.24244877,-0.25141200,-0.06289063,-0.08681970,-0.67569158,-25.26711196,-1.42149723,-0.67569158,-25.26711196,-1.42149723,-0.67665286,-25.18897304,-1.35758488,-0.01030132,-0.01360783,-0.00787399,-0.00213676,-0.01028116,-0.00677212
3.260,-0.33201924,0.68958053,2.23363705,-0.25452868,-0.07345459,-0.09395354,-0.09790802,-0.02825533,-0.03614054,-0.32173186,0.70328244,2.24156646,-0.25241721,-0.06314413,-0.08717263,-0.67518872,-25.29037495,-1.43147724,-0.67518872,-25.29037495,-1.43147724,-0.67617966,-25.21196797,-1.36739770,-0.01028738,-0.01370191,-0.00792941,-0.00211147,-0.01031046,-0.00678091
3.270,-0.33456942,0.68884457,2.23269571,-0.25550691,-0.07373689,-0.09431463,-0.09773797,-0.02820626,-0.03607777,-0.32429619,0.70264087,2.24068057,-0.25342106,-0.06339748,-0.08752657,-0.67467070,-25.31370897,-1.44145791,-0.67467070,-25.31370897,-1.44145791,-0.67569158,-25.23503318,-1.37720305,-0.01027323,-0.01379630,-0.00798486,-0.00208585,-0.01033941,-0.00678806
3.280,-0.33712937,0.68810579,2.23175076,-0.25648343,-0.07401871,-0.09467509,-0.09756586,-0.02815659,-0.03601424,-0.32687049,0.70199676,2.23979113,-0.25442352,-0.06365072,-0.08788099,-0.67413718,-25.33711243,-1.45144604,-0.67413718,-25.33711243,-1.45144604,-0.67518872,-25.25816974,-1.38700510,-0.01025888,-0.01389097,-0.00804037,-0.00205991,-0.01036799,-0.00679410
3.290,-0.33969908,0.68736420,2.23080221,-0.25745822,-0.07430002,-0.09503491,-0.09739171,-0.02810633,-0.03594996,-0.32945477,0.70135013,2.23889814,-0.25542458,-0.06390385,-0.08823542,-0.67358838,-25.36058150,-1.46144715,-0.67358838,-25.36058150,-1.46144715,-0.67467070,-25.28137734,-1.39680856,-0.01024431,-0.01398593,-0.00809593,-0.00203364,-0.01039617,-0.00679949
3.300,-0.34227853,0.68661980,2.22985007,-0.25843126,-0.07458083,-0.09539409,-0.09721552,-0.02805549,-0.03588492,-0.33204900,0.70070097,2.23800163,-0.25642422,-0.06415692,-0.08858940,-0.67302400,-25.38411551,-1.47146694,-0.67302400,-25.38411551,-1.47146694,-0.67413718,-25.30465438,-1.40662037,-0.01022953,-0.01408117,-0.00815156,-0.00200704,-0.01042391,-0.00680469
3.310,-0.34486770,0.68587259,2.22889433,-0.25940253,-0.07486113,-0.09575261,-0.09703730,-0.02800405,-0.03581914,-0.33465317,0.70004928,2.23710161,-0.25742241,-0.06440994,-0.08894254,-0.67244382,-25.40771314,-1.48151378,-0.67244382,-25.40771314,-1.48151378,-0.67358838,-25.32799699,-1.41644618,-0.01021453,-0.01417669,-0.00820728,-0.00198012,-0.01045119,-0.00681007
3.320,-0.34746657,0.68512257,2.22793502,-0.26037200,-0.07514091,-0.09611047,-0.09685705,-0.02795204,-0.03575260,-0.33726727,0.69939506,2.23619811,-0.25841914,-0.06466295,-0.08929448,-0.67184747,-25.43137318,-1.49158991,-0.67184747,-25.43137318,-1.49158991,-0.67302400,-25.35140453,-1.42629178,-0.01019930,-0.01427249,-0.00826309,-0.00195286,-0.01047796,-0.00681599
3.330,-0.35007513,0.68436977,2.22697213,-0.26133966,-0.07542017,-0.09646766,-0.09667479,-0.02789944,-0.03568533,-0.33989127,0.69873831,2.23529114,-0.25941438,-0.06491596,-0.08964497,-0.67123537,-25.45508903,-1.50170290,-0.67123537,-25.45508903,-1.50170290,-0.67244382,-25.37487566,-1.43616557,-0.01018386,-0.01436854,-0.00831901,-0.00192528,-0.01050421,-0.00682269
3.340,-0.35269336,0.68361417,2.22600567,-0.26230549,-0.07569890,-0.09682417,-0.09649052,-0.02784626,-0.03561731,-0.34252516,0.69807903,2.23438074,-0.26040812,-0.06516897,-0.08999378,-0.67060735,-25.47886407,-1.51185673,-0.67060735,-25.47886407,-1.51185673,-0.67184747,-25.39840918,-1.44606980,-0.01016820,-0.01446486,-0.00837507,-0.00189737,-0.01052993,-0.00683039
3.350,-0.35532124,0.68285579,2.22503564,-0.26326946,-0.07597709,-0.09718000,-0.09630425,-0.02779250,-0.03554855,-0.34516893,0.69741722,2.23346692,-0.26140032,-0.06542198,-0.09034078,-0.66996311,-25.50269415,-1.52205619,-0.66996311,-25.50269415,-1.52205619,-0.67123537,-25.42199852,-1.45601200,-0.01015231,-0.01456143,-0.00843128,-0.00186914,-0.01055511,-0.00683922
3.360,-0.35795874,0.68209463,2.22406207,-0.26423157,-0.07625475,-0.09753514,-0.09611598,-0.02773817,-0.03547905,-0.34782256,0.69675288,2.23254971,-0.26239096,-0.06567498,-0.09068590,-0.66930225,-25.52658026,-1.53230060,-0.66930225,-25.52658026,-1.53230060,-0.67060735,-25.44564707,-1.46599610,-0.01013618,-0.01465825,-0.00848764,-0.00184061,-0.01057977,-0.00684924
3.370,-0.36060586,0.68133070,2.22308494,-0.26519178,-0.07653186,-0.09788958,-0.09592573,-0.02768326,-0.03540883,-0.35048603,0.69608601,2.23162912,-0.26338002,-0.06592795,-0.09102913,-0.66862540,-25.55052082,-1.54259588,-0.66862540,-25.55052082,-1.54259588,-0.66996311,-25.46935072,-1.47602679,-0.01011983,-0.01475531,-0.00854418,-0.00181176,-0.01060391,-0.00686045
3.380,-0.36326257,0.68056400,2.22210428,-0.26615007,-0.07680841,-0.09824332,-0.09573349,-0.02762779,-0.03533787,-0.35315933,0.69541661,2.23070517,-0.26436748,-0.06618086,-0.09137049,-0.66793194,-25.57451700,-1.55293979,-0.66793194,-25.57451700,-1.55293979,-0.66930225,-25.49311048,-1.48610330,-0.01010324,-0.01485261,-0.00860089,-0.00178259,-0.01062755,-0.00687283
3.390,-0.36592886,0.67979453,2.22112008,-0.26710644,-0.07708441,-0.09859634,-0.09553929,-0.02757174,-0.03526618,-0.35584244,0.69474469,2.22977789,-0.26535330,-0.06643365,-0.09171010,-0.66722252,-25.59857109,-1.56333498,-0.66722252,-25.59857109,-1.56333498,-0.66862540,-25.51692481,-1.49623143,-0.01008642,-0.01495016,-0.00865781,-0.00175314,-0.01065076,-0.00688624
3.400,-0.36860470,0.67902231,2.22013235,-0.26806085,-0.07735984,-0.09894864,-0.09534312,-0.02751513,-0.03519377,-0.35853534,0.69407025,2.22884727,-0.26633747,-0.06668629,-0.09204806,-0.66649632,-25.62268066,-1.57378062,-0.66649632,-25.62268066,-1.57378062,-0.66793194,-25.54079489,-1.50640881,-0.01006936,-0.01504794,-0.00871492,-0.00172338,-0.01067355,-0.00690058
3.410,-0.37129007,0.67824734,2.21914111,-0.26901330,-0.07763471,-0.09930021,-0.09514500,-0.02745795,-0.03512064,-0.36123801,0.69339329,2.22791333,-0.26731995,-0.06693872,-0.09238455,-0.66575351,-25.64684859,-1.58427360,-0.66575351,-25.64684859,-1.58427360,-0.66722252,-25.56472307,-1.51663797,-0.01005206,-0.01514595,-0.00877222,-0.00169335,-0.01069599,-0.00691566
3.420,-0.37398496,0.67746962,2.21814635,-0.26996375,-0.07790900,-0.09965105,-0.09494492,-0.02740021,-0.03504678,-0.36395044,0.69271382,2.22697607,-0.26830073,-0.06719090,-0.09271973,-0.66499430,-25.67107697,-1.59481482,-0.66499430,-25.67107697,-1.59481482,-0.66649632,-25.58870694,-1.52691798,-0.01003452,-0.01524420,-0.00882972,-0.00166302,-0.01071810,-0.00693132
3.430,-0.37668934,0.67668916,2.21714809,-0.27091219,-0.07818271,-0.10000114,-0.09474291,-0.02734191,-0.03497221,-0.36667261,0.69203183,2.22603551,-0.26927977,-0.06744277,-0.09305380,-0.66421829,-25.69536667,-1.60540008,-0.66421829,-25.69536667,-1.60540008,-0.66575351,-25.61274941,-1.53724560,-0.01001673,-0.01534267,-0.00888742,-0.00163242,-0.01073994,-0.00694734
3.440,-0.37940319,0.67590597,2.21614633,-0.27185860,-0.07845584,-0.10035049,-0.09453896,-0.02728306,-0.03489693,-0.36940450,0.69134735,2.22509165,-0.27025704,-0.06769427,-0.09338694,-0.66342545,-25.71971866,-1.61602816,-0.66342545,-25.71971866,-1.61602816,-0.66499430,-25.63685259,-1.54762163,-0.00999869,-0.01544138,-0.00894532,-0.00160156,-0.01076157,-0.00696355
3.450,-0.38212650,0.67512005,2.21514108,-0.27280296,-0.07872837,-0.10069908,-0.09433309,-0.02722364,-0.03482094,-0.37214609,0.69066036,2.22414448,-0.27123254,-0.06794535,-0.09371934,-0.66261629,-25.74413517,-1.62669585,-0.66261629,-25.74413517,-1.62669585,-0.66421829,-25.66101737,-1.55804182,-0.00998041,-0.01554031,-0.00900340,-0.00157042,-0.01078302,-0.00697974
3.460,-0.38485924,0.67433140,2.21413235,-0.27374525,-0.07900031,-0.10104691,-0.09412529,-0.02716367,-0.03474424,-0.37489736,0.68997088,2.22319402,-0.27220622,-0.06819597,-0.09405117,-0.66179032,-25.76861943,-1.63740006,-0.66179032,-25.76861943,-1.63740006,-0.66342545,-25.68524474,-1.56850483,-0.00996188,-0.01563948,-0.00906167,-0.00153903,-0.01080434,-0.00699574
3.470,-0.38760140,0.67354004,2.21312015,-0.27468546,-0.07927164,-0.10139396,-0.09391559,-0.02710316,-0.03466683,-0.37765830,0.68927892,2.22224025,-0.27317805,-0.06844609,-0.09438257,-0.66094818,-25.79316951,-1.64813755,-0.66094818,-25.79316951,-1.64813755,-0.66261629,-25.70953694,-1.57900745,-0.00994310,-0.01573888,-0.00912010,-0.00150741,-0.01082555,-0.00701139
3.480,-0.39035295,0.67274597,2.21210448,-0.27562356,-0.07954237,-0.10174024,-0.09370398,-0.02704209,-0.03458872,-0.38042888,0.68858447,2.22128318,-0.27414802,-0.06869568,-0.09471369,-0.66008931,-25.81778830,-1.65890705,-0.66008931,-25.81778830,-1.65890705,-0.66179032,-25.73389722,-1.58954654,-0.00992407,-0.01583850,-0.00917870,-0.00147554,-0.01084669,-0.00702655
3.490,-0.39311386,0.67194920,2.21108535,-0.27655953,-0.07981248,-0.10208573,-0.09349047,-0.02698047,-0.03450991,-0.38320908,0.68788755,2.22032281,-0.27511610,-0.06894470,-0.09504461,-0.65921325,-25.84247544,-1.66970575,-0.65921325,-25.84247544,-1.66970575,-0.66094818,-25.75832364,-1.60011885,-0.00990478,-0.01593835,-0.00923746,-0.00144343,-0.01086778,-0.00704112
3.500,-0.39588413,0.67114972,2.21006276,-0.27749336,-0.08008198,-0.10243044,-0.09327508,-0.02691831,-0.03443040,-0.38599889,0.68718817,2.21935913,-0.27608226,-0.06919313,-0.09537542,-0.65832120,-25.86723542,-1.68053292,-0.65832120,-25.86723542,-1.68053292,-0.66008931,-25.78281909,-1.61072314,-0.00988524,-0.01603845,-0.00929637,-0.00141110,-0.01088885,-0.00705502
3.510,-0.39866372,0.67034756,2.20903674,-0.27842503,-0.08035085,-0.10277434,-0.09305781,-0.02685561,-0.03435020,-0.38879828,0.68648633,2.21839214,-0.27704647,-0.06944095,-0.09570614,-0.65741225,-25.89206345,-1.69138325,-0.65741225,-25.89206345,-1.69138325,-0.65921325,-25.80738322,-1.62135659,-0.00986544,-0.01613877,-0.00935540,-0.00137856,-0.01090990,-0.00706820
3.520,-0.40145262,0.66954271,2.20800728,-0.27935451,-0.08061909,-0.10311744,-0.09283866,-0.02679236,-0.03426930,-0.39160723,0.68578203,2.21742186,-0.27800870,-0.06968817,-0.09603681,-0.65648686,-25.91696319,-1.70225818,-0.65648686,-25.91696319,-1.70225818,-0.65832120,-25.83202051,-1.63201851,-0.00984539,-0.01623932,-0.00941458,-0.00134581,-0.01093092,-0.00708063
3.530,-0.40425081,0.66873518,2.20697439,-0.28028180,-0.08088669,-0.10345972,-0.09261764,-0.02672858,-0.03418772,-0.39442573,0.68507528,2.21644826,-0.27896893,-0.06993477,-0.09636741,-0.65554539,-25.94193368,-1.71315632,-0.65554539,-25.94193368,-1.71315632,-0.65741225,-25.85672617,-1.64270365,-0.00982508,-0.01634010,-0.00947387,-0.00131287,-0.01095192,-0.00709231
3.540,-0.40705825,0.66792498,2.20593809,-0.28120686,-0.08115366,-0.10380119,-0.09239477,-0.02666426,-0.03410545,-0.39725375,0.68436609,2.21547137,-0.27992713,-0.07018076,-0.09669790,-0.65458673,-25.96697446,-1.72407547,-0.65458673,-25.96697446,-1.72407547,-0.65648686,-25.88150383,-1.65341349,-0.00980450,-0.01644111,-0.00953328,-0.00127973,-0.01097290,-0.00710329
3.550,-0.40987494,0.66711211,2.20489837,-0.28212969,-0.08141998,-0.10414183,-0.09217004,-0.02659941,-0.03402250,-0.40009126,0.68365447,2.21449118,-0.28088328,-0.07042614,-0.09702823,-0.65361224,-25.99208584,-1.73501797,-0.65361224,-25.99208584,-1.73501797,-0.65554539,-25.90635254,-1.66414671,-0.00978368,-0.01654236,-0.00959281,-0.00124641,-0.01099384,-0.00711360
3.560,-0.41270084,0.66629658,2.20385525,-0.28305025,-0.08168564,-0.10448164,-0.09194348,-0.02653402,-0.03393887,-0.40293826,0.68294042,2.21350769,-0.28183735,-0.07067093,-0.09735833,-0.65262085,-26.01726626,-1.74598228,-0.65262085,-26.01726626,-1.74598228,-0.65458673,-25.93127182,-1.67490116,-0.00976258,-0.01664384,-0.00965244,-0.00121290,-0.01101471,-0.00712331
3.570,-0.41553593,0.66547840,2.20280874,-0.28396855,-0.08195066,-0.10482061,-0.09171507,-0.02646811,-0.03385456,-0.40579471,0.68222394,2.21252092,-0.28278931,-0.07091513,-0.09768811,-0.65161306,-26.04251511,-1.75696851,-0.65161306,-26.04251511,-1.75696851,-0.65361224,-25.95626197,-1.68567924,-0.00974122,-0.01674554,-0.00971218,-0.00117924,-0.01103553,-0.00713250
3.580,-0.41838020,0.66465757,2.20175885,-0.28488455,-0.08221500,-0.10515873,-0.09148484,-0.02640167,-0.03376957,-0.40866060,0.68150505,2.21153086,-0.28373914,-0.07115877,-0.09801748,-0.65058930,-26.06783158,-1.76797705,-0.65058930,-26.06783158,-1.76797705,-0.65262085,-25.98132142,-1.69647949,-0.00971960,-0.01684748,-0.00977201,-0.00114541,-0.01105623,-0.00714125
3.590,-0.42123362,0.66383410,2.20070557,-0.28579824,-0.08247869,-0.10549599,-0.09125279,-0.02633470,-0.03368391,-0.41153589,0.68078373,2.21053753,-0.28468680,-0.07140185,-0.09834634,-0.64954939,-26.09321522,-1.77901150,-0.64954939,-26.09321522,-1.77901150,-0.65161306,-26.00644955,-1.70730206,-0.00969773,-0.01694963,-0.00983196,-0.00111144,-0.01107684,-0.00714965
3.600,-0.42409616,0.66300800,2.19964893,-0.28670960,-0.08274170,-0.10583240,-0.09101892,-0.02626721,-0.03359759,-0.41442058,0.68006001,2.20954094,-0.28563228,-0.07164440,-0.09867459,-0.64849302,-26.11866344,-1.79006989,-0.64849302,-26.11866344,-1.79006989,-0.65058930,-26.03164555,-1.71814738,-0.00967558,-0.01705201,-0.00989201,-0.00107732,-0.01109730,-0.00715781
3.610,-0.42696780,0.66217927,2.19858893,-0.28761861,-0.08300403,-0.10616794,-0.09078325,-0.02619919,-0.03351059,-0.41731463,0.67933389,2.20854109,-0.28657554,-0.07188643,-0.09900213,-0.64742038,-26.14417674,-1.80115442,-0.64742038,-26.14417674,-1.80115442,-0.64954939,-26.05690896,-1.72901912,-0.00965317,-0.01715462,-0.00995216,-0.00104307,-0.01111760,-0.00716581
3.620,-0.42984852,0.66134792,2.19752557,-0.28852526,-0.08326568,-0.10650261,-0.09054578,-0.02613066,-0.03342294,-0.42021803,0.67860536,2.20753800,-0.28751657,-0.07212796,-0.09932889,-0.64633182,-26.16975365,-1.81226757,-0.64633182,-26.16975365,-1.81226757,-0.64849302,-26.08223718,-1.73991532,-0.00963049,-0.01725744,-0.01001243,-0.00100869,-0.01113772,-0.00717372
3.630,-0.43273830,0.66051396,2.19645888,-0.28942952,-0.08352664,-0.10683640,-0.09030651,-0.02606161,-0.03333462,-0.42313075,0.67787444,2.20653168,-0.28845533,-0.07236898,-0.09965477,-0.64522745,-26.19539238,-1.82340724,-0.64522745,-26.19539238,-1.82340724,-0.64742038,-26.10763071,-1.75083821,-0.00960755,-0.01736048,-0.01007280,-0.00097419,-0.01115766,-0.00718163
3.640,-0.43563711,0.65967739,2.19538885,-0.29033138,-0.08378691,-0.10716930,-0.09006547,-0.02599205,-0.03324564,-0.42605276,0.67714113,2.20552213,-0.28939180,-0.07260952,-0.09997972,-0.64410712,-26.22109363,-1.83457716,-0.64410712,-26.22109363,-1.83457716,-0.64633182,-26.13308808,-1.76179029,-0.00958435,-0.01746374,-0.01013328,-0.00093958,-0.01117739,-0.00718958
3.650,-0.43854492,0.65883822,2.19431549,-0.29123082,-0.08404648,-0.10750131,-0.08982265,-0.02592197,-0.03315601,-0.42898404,0.67640543,2.20450937,-0.29032596,-0.07284958,-0.10030368,-0.64297058,-26.24685578,-1.84577818,-0.64297058,-26.24685578,-1.84577818,-0.64522745,-26.15860750,-1.77276946,-0.00956088,-0.01756721,-0.01019388,-0.00090486,-0.01119690,-0.00719763
3.660,-0.44146171,0.65799646,2.19323882,-0.29212783,-0.08430535,-0.10783242,-0.08957806,-0.02585139,-0.03306573,-0.43192458,0.67566735,2.20349342,-0.29125777,-0.07308916,-0.10062660,-0.64181821,-26.27267771,-1.85700936,-0.64181821,-26.27267771,-1.85700936,-0.64410712,-26.18418967,-1.78377947,-0.00953713,-0.01767089,-0.01025460,-0.00087006,-0.01121619,-0.00720582
3.670,-0.44438747,0.65715212,2.19215885,-0.29302238,-0.08456351,-0.10816262,-0.08933171,-0.02578029,-0.03297479,-0.43487433,0.67492690,2.20247428,-0.29218722,-0.07332827,-0.10094847,-0.64065067,-26.29855806,-1.86827106,-0.64065067,-26.29855806,-1.86827106,-0.64297058,-26.20983299,-1.79482114,-0.00951314,-0.01777478,-0.01031543,-0.00083516,-0.01123524,-0.00721415
3.680,-0.44732215,0.65630519,2.19107557,-0.29391446,-0.08482095,-0.10849191,-0.08908360,-0.02570869,-0.03288321,-0.43783329,0.67418407,2.20145196,-0.29311428,-0.07356690,-0.10126927,-0.63946685,-26.32449958,-1.87956662,-0.63946685,-26.32449958,-1.87956662,-0.64181821,-26.23553633,-1.80589353,-0.00948886,-0.01787888,-0.01037639,-0.00080018,-0.01125405,-0.00722264
3.690,-0.45026575,0.65545570,2.18998901,-0.29480405,-0.08507768,-0.10882029,-0.08883376,-0.02563659,-0.03279098,-0.44080141,0.67343888,2.20042648,-0.29403892,-0.07380504,-0.10158899,-0.63826804,-26.35049782,-1.89089327,-0.63826804,-26.35049782,-1.89089327,-0.64065067,-26.26129833,-1.81699698,-0.00946434,-0.01798318,-0.01043747,-0.00076513,-0.01127264,-0.00723130
3.700,-0.45321823,0.65460364,2.18889917,-0.29569113,-0.08533368,-0.10914773,-0.08858217,-0.02556398,-0.03269812,-0.44377869,0.67269132,2.19939785,-0.29496112,-0.07404269,-0.10190764,-0.63705355,-26.37655539,-1.90225215,-0.63705355,-26.37655539,-1.90225215,-0.63946685,-26.28712176,-1.82813482,-0.00943954,-0.01808768,-0.01049868,-0.00073001,-0.01129099,-0.00724009
3.710,-0.45617956,0.65374903,2.18780606,-0.29657568,-0.08558896,-0.10947425,-0.08832885,-0.02549088,-0.03260461,-0.44676509,0.67194141,2.19836606,-0.29588086,-0.07427984,-0.10222525,-0.63582319,-26.40267005,-1.91364329,-0.63582319,-26.40267005,-1.91364329,-0.63826804,-26.31300217,-1.83930423,-0.00941447,-0.01819238,-0.01056000,-0.00069482,-0.01130912,-0.00724900
3.720,-0.45914973,0.65289187,2.18670969,-0.29745770,-0.08584350,-0.10979982,-0.08807381,-0.02541727,-0.03251047,-0.44976059,0.67118914,2.19733115,-0.29679810,-0.07451648,-0.10254184,-0.63457801,-26.42884257,-1.92506610,-0.63457801,-26.42884257,-1.92506610,-0.63705355,-26.33894218,-1.85050635,-0.00938914,-0.01829727,-0.01062146,-0.00065960,-0.01132702,-0.00725798
3.730,-0.46212871,0.65203216,2.18561007,-0.29833715,-0.08609730,-0.11012445,-0.08781705,-0.02534318,-0.03241569,-0.45276516,0.67043453,2.19629311,-0.29771283,-0.07475261,-0.10285743,-0.63331761,-26.45507451,-1.93652023,-0.63331761,-26.45507451,-1.93652023,-0.63582319,-26.36493956,-1.86174118,-0.00936355,-0.01840237,-0.01068304,-0.00062432,-0.01134469,-0.00726702
3.740,-0.46511647,0.65116992,2.18450720,-0.29921403,-0.08635036,-0.11044813,-0.08755859,-0.02526859,-0.03232028,-0.45577878,0.66967758,2.19525195,-0.29862503,-0.07498820,-0.10317208,-0.63204208,-26.48136346,-1.94800651,-0.63204208,-26.48136346,-1.94800651,-0.63457801,-26.39099508,-1.87300810,-0.00933769,-0.01850766,-0.01074475,-0.00058900,-0.01136216,-0.00727605
3.750,-0.46811298,0.65030516,2.18340111,-0.30008832,-0.08660267,-0.11077086,-0.08729842,-0.02519350,-0.03222425,-0.45880141,0.66891830,2.19420768,-0.29953466,-0.07522324,-0.10348580,-0.63075126,-26.50770867,-1.95952134,-0.63075126,-26.50770867,-1.95952134,-0.63331761,-26.41711031,-1.88430674,-0.00931157,-0.01861314,-0.01080657,-0.00055366,-0.01137943,-0.00728506
3.760,-0.47111822,0.64943787,2.18229179,-0.30096000,-0.08685423,-0.11109262,-0.08703656,-0.02511793,-0.03212759,-0.46183304,0.66815669,2.19316031,-0.30044171,-0.07545774,-0.10379864,-0.62944551,-26.53411381,-1.97106676,-0.62944551,-26.53411381,-1.97106676,-0.63204208,-26.44328286,-1.89563792,-0.00928518,-0.01871882,-0.01086852,-0.00051829,-0.01139649,-0.00729398
3.770,-0.47413217,0.64856807,2.18117926,-0.30182905,-0.08710503,-0.11141341,-0.08677302,-0.02504188,-0.03203031,-0.46487364,0.66739275,2.19210984,-0.30134614,-0.07569166,-0.10411064,-0.62812521,-26.56057617,-1.98264059,-0.62812521,-26.56057617,-1.98264059,-0.63075126,-26.46951196,-1.90699802,-0.00925853,-0.01882468,-0.01093058,-0.00048291,-0.01141337,-0.00730277
3.780,-0.47715480,0.64769577,2.18006353,-0.30269545,-0.08735506,-0.11173322,-0.08650780,-0.02496534,-0.03193241,-0.46792317,0.66662650,2.19105628,-0.30224795,-0.07592501,-0.10442183,-0.62679023,-26.58709500,-1.99424198,-0.62679023,-26.58709500,-1.99424198,-0.62944551,-26.49580129,-1.91838907,-0.00923163,-0.01893073,-0.01099275,-0.00044750,-0.01143005,-0.00731139
3.790,-0.48018607,0.64682098,2.17894460,-0.30355920,-0.08760433,-0.11205205,-0.08624090,-0.02488831,-0.03183389,-0.47098162,0.66585794,2.18999965,-0.30314710,-0.07615777,-0.10473223,-0.62544020,-26.61367025,-2.00587174,-0.62544020,-26.61367025,-2.00587174,-0.62812521,-26.52214814,-1.92980887,-0.00920445,-0.01903696,-0.01105505,-0.00041210,-0.01144656,-0.00731982
3.800,-0.48322597,0.64594369,2.17782249,-0.30442026,-0.08785283,-0.11236990,-0.08597235,-0.02481081,-0.03173476,-0.47404894,0.66508708,2.18893994,-0.30404357,-0.07638993,-0.10504188,-0.62407579,-26.64030513,-2.01752771,-0.62407579,-26.64030513,-2.01752771,-0.62679023,-26.54855178,-1.94125658,-0.00917703,-0.01914339,-0.01111745,-0.00037669,-0.01146290,-0.00732802
3.810,-0.48627447,0.64506392,2.17669720,-0.30527864,-0.08810055,-0.11268675,-0.08570214,-0.02473283,-0.03163502,-0.47712513,0.66431392,2.18787717,-0.30493734,-0.07662150,-0.10535077,-0.62269725,-26.66699687,-2.02921056,-0.62269725,-26.66699687,-2.02921056,-0.62544020,-26.57501215,-1.95273301,-0.00914934,-0.01925000,-0.01117997,-0.00034130,-0.01147905,-0.00733598
3.820,-0.48933153,0.64418168,2.17556876,-0.30613430,-0.08834748,-0.11300259,-0.08543028,-0.02465438,-0.03153467,-0.48021015,0.66353846,2.18681133,-0.30582838,-0.07685246,-0.10565894,-0.62130376,-26.69374457,-2.04091663,-0.62130376,-26.69374457,-2.04091663,-0.62407579,-26.60153247,-1.96423600,-0.00912138,-0.01935678,-0.01124257,-0.00030592,-0.01149502,-0.00734365
3.830,-0.49239714,0.64329697,2.17443716,-0.30698724,-0.08859363,-0.11331744,-0.08515678,-0.02457545,-0.03143371,-0.48330396,0.66276072,2.18574245,-0.30671668,-0.07708280,-0.10596638,-0.61989649,-26.72055003,-2.05264863,-0.61989649,-26.72055003,-2.05264863,-0.62269725,-26.62810995,-1.97576621,-0.00909318,-0.01946375,-0.01130529,-0.00027056,-0.01151083,-0.00735106
3.840,-0.49547127,0.64240981,2.17330241,-0.30783743,-0.08883899,-0.11363127,-0.08488164,-0.02449605,-0.03133215,-0.48640655,0.66198071,2.18467051,-0.30760221,-0.07731254,-0.10627309,-0.61847524,-26.74741026,-2.06440596,-0.61847524,-26.74741026,-2.06440596,-0.62130376,-26.65474370,-1.98732002,-0.00906472,-0.01957090,-0.01136810,-0.00023522,-0.01152645,-0.00735818
3.850,-0.49855388,0.64152020,2.17216453,-0.30868487,-0.08908355,-0.11394408,-0.08460489,-0.02441618,-0.03122999,-0.48951788,0.66119842,2.18359554,-0.30848495,-0.07754166,-0.10657906,-0.61703971,-26.77432623,-2.07618684,-0.61703971,-26.77432623,-2.07618684,-0.61989649,-26.68143552,-1.99890014,-0.00903600,-0.01967822,-0.01143101,-0.00019992,-0.01154189,-0.00736502
3.860,-0.50164496,0.64062814,2.17102353,-0.30952952,-0.08932731,-0.11425586,-0.08432651,-0.02433584,-0.03112724,-0.49263793,0.66041386,2.18251754,-0.30936487,-0.07777016,-0.10688429,-0.61559059,-26.80129928,-2.08799094,-0.61559059,-26.80129928,-2.08799094,-0.61847524,-26.70818242,-2.01050597,-0.00900703,-0.01978572,-0.01149401,-0.00016465,-0.01155715,-0.00737157
3.870,-0.50474446,0.63973365,2.16987942,-0.31037139,-0.08957027,-0.11456662,-0.08404653,-0.02425504,-0.03102389,-0.49576666,0.65962704,2.18143652,-0.31024196,-0.07799805,-0.10718876,-0.61412720,-26.82832669,-2.09981823,-0.61412720,-26.82832669,-2.09981823,-0.61703971,-26.73498538,-2.02213576,-0.00897780,-0.01989339,-0.01155710,-0.00012943,-0.01157222,-0.00737786
3.880,-0.50785238,0.63883674,2.16873220,-0.31121045,-0.08981241,-0.11487634,-0.08376494,-0.02417377,-0.03091994,-0.49890405,0.65883797,2.18035249,-0.31111620,-0.07822532,-0.10749244,-0.61265088,-26.85540695,-2.11167001,-0.61265088,-26.85540695,-2.11167001,-0.61559059,-26.76184571,-2.03378919,-0.00894833,-0.02000123,-0.01162029,-0.00009425,-0.01158709,-0.00738390
3.890,-0.51096866,0.63793741,2.16758190,-0.31204668,-0.09005374,-0.11518502,-0.08348175,-0.02409205,-0.03081541,-0.50205007,0.65804665,2.17926545,-0.31198756,-0.07845198,-0.10779532,-0.61116010,-26.88254161,-2.12354337,-0.61116010,-26.88254161,-2.12354337,-0.61412720,-26.78876071,-2.04546625,-0.00891859,-0.02010924,-0.01168355,-0.00005912,-0.01160176,-0.00738970
3.900,-0.51409330,0.63703567,2.16642851,-0.31288008,-0.09029425,-0.11549265,-0.08319698,-0.02400987,-0.03071030,-0.50520468,0.65725309,2.17817541,-0.31285602,-0.07867803,-0.10809737,-0.60965658,-26.90972954,-2.13544127,-0.60965658,-26.90972954,-2.13544127,-0.61265088,-26.81572887,-2.05716825,-0.00888862,-0.02021742,-0.01174690,-0.00002406,-0.01161622,-0.00739528
3.910,-0.51722626,0.63613153,2.16527205,-0.31371062,-0.09053394,-0.11579922,-0.08291063,-0.02392723,-0.03060460,-0.50836786,0.65645729,2.17708239,-0.31372157,-0.07890347,-0.10839856,-0.60813969,-26.93696991,-2.14736234,-0.60813969,-26.93696991,-2.14736234,-0.61116010,-26.84275172,-2.06889230,-0.00885840,-0.02032576,-0.01181034,0.00001095,-0.01163047,-0.00740066
3.920,-0.52036750,0.63522499,2.16411253,-0.31453829,-0.09077279,-0.11610474,-0.08262271,-0.02384414,-0.03049831,-0.51153958,0.65565926,2.17598639,-0.31458418,-0.07912830,-0.10869887,-0.60660904,-26.96426319,-2.15930686,-0.60660904,-26.96426319,-2.15930686,-0.60965658,-26.86982815,-2.08064137,-0.00882792,-0.02043427,-0.01187386,0.00004589,-0.01164449,-0.00740587
3.930,-0.52351701,0.63431607,2.16294996,-0.31536307,-0.09101082,-0.11640919,-0.08233322,-0.02376059,-0.03039146,-0.51471981,0.65485901,2.17488743,-0.31544383,-0.07935253,-0.10899828,-0.60506562,-26.99160729,-2.17127485,-0.60506562,-26.99160729,-2.17127485,-0.60813969,-26.89695730,-2.09241409,-0.00879720,-0.02054294,-0.01193747,0.00008076,-0.01165829,-0.00741091
3.940,-0.52667475,0.63340478,2.16178435,-0.31618495,-0.09124800,-0.11671256,-0.08204217,-0.02367660,-0.03028402,-0.51790852,0.65405654,2.17378551,-0.31630050,-0.07957615,-0.10929676,-0.60350906,-27.01900034,-2.18326645,-0.60350906,-27.01900034,-2.18326645,-0.60660904,-26.92413968,-2.10421076,-0.00876623,-0.02065176,-0.01200116,0.00011555,-0.01167185,-0.00741580
3.950,-0.52984070,0.63249112,2.16061571,-0.31700391,-0.09148435,-0.11701486,-0.08174957,-0.02359216,-0.03017602,-0.52110567,0.65325186,2.17268064,-0.31715418,-0.07979917,-0.10959429,-0.60193988,-27.04644427,-2.19528198,-0.60193988,-27.04644427,-2.19528198,-0.60506562,-26.95137318,-2.11603141,-0.00873503,-0.02076074,-0.01206493,0.00015027,-0.01168518,-0.00742057
3.960,-0.53301482,0.63157509,2.15944405,-0.31781993,-0.09171985,-0.11731608,-0.08145543,-0.02350727,-0.03006744,-0.52431124,0.65244497,2.17157283,-0.31800483,-0.08002158,-0.10989086,-0.60035759,-27.07393965,-2.20732156,-0.60035759,-27.07393965,-2.20732156,-0.60350906,-26.97865593,-2.12787617,-0.00870358,-0.02086988,-0.01212878,0.00018490,-0.01169827,-0.00742522
3.970,-0.53619709,0.63065672,2.15826939,-0.31863301,-0.09195449,-0.11761621,-0.08115976,-0.02342194,-0.02995830,-0.52752519,0.65163588,2.17046210,-0.31885245,-0.08024339,-0.11018645,-0.59876296,-27.10148144,-2.21938377,-0.59876296,-27.10148144,-2.21938377,-0.60193988,-27.00598986,-2.13974537,-0.00867190,-0.02097916,-0.01219271,0.00021944,-0.01171110,-0.00742976
3.980,-0.53938747,0.62973601,2.15709173,-0.31944312,-0.09218828,-0.11791525,-0.08086256,-0.02333617,-0.02984859,-0.53074750,0.65082460,2.16934845,-0.31969702,-0.08046459,-0.11048105,-0.59715540,-27.12907126,-2.23147026,-0.59715540,-27.12907126,-2.23147026,-0.60035759,-27.03337556,-2.15163914,-0.00863997,-0.02108859,-0.01225672,0.00025390,-0.01172369,-0.00743420
3.990,-0.54258594,0.62881296,2.15591109,-0.32025025,-0.09242121,-0.11821318,-0.08056383,-0.02324997,-0.02973833,-0.53397813,0.65001113,2.16823190,-0.32053851,-0.08068518,-0.11077465,-0.59553556,-27.15671011,-2.24357950,-0.59553556,-27.15671011,-2.24357950,-0.59876296,-27.06080796,-2.16355604,-0.00860781,-0.02119817,-0.01232081,0.00028826,-0.01173603,-0.00743853
4.000,-0.54579247,0.62788759,2.15472747,-0.32105439,-0.09265328,-0.11851001,-0.08026360,-0.02316332,-0.02962750,-0.53721705,0.64919548,2.16711245,-0.32137692,-0.08090516,-0.11106725,-0.59390362,-27.18439540,-2.25571319,-0.59390362,-27.18439540,-2.25571319,-0.59715540,-27.08828871,-2.17549774,-0.00857542,-0.02130789,-0.01238498,0.00032253,-0.01174812,-0.00744276
4.010,-0.54900702,0.62695990,2.15354089,-0.32185552,-0.09288448,-0.11880573,-0.07996186,-0.02307624,-0.02951612,-0.54046423,0.64837765,2.16599011,-0.32221221,-0.08112452,-0.11135883,-0.59225912,-27.21212815,-2.26786984,-0.59225912,-27.21212815,-2.26786984,-0.59553556,-27.11581880,-2.18746270,-0.00854279,-0.02141775,-0.01244922,0.00035669,-0.01175996,-0.00744690
4.020,-0.55222957,0.62602990,2.15235136,-0.32265363,-0.09311480,-0.11910033,-0.07965862,-0.02298873,-0.02940419,-0.54371964,0.64755766,2.16486490,-0.32304437,-0.08134327,-0.11164941,-0.59060274,-27.23990747,-2.28004940,-0.59060274,-27.23990747,-2.28004940,-0.59390362,-27.14339565,-2.19945262,-0.00850993,-0.02152776,-0.01251354,0.00039074,-0.01177153,-0.00745092
4.030,-0.55546008,0.62509760,2.15115889,-0.32344869,-0.09334425,-0.11939381,-0.07935389,-0.02290079,-0.02929171,-0.54698324,0.64673550,2.16373682,-0.32387338,-0.08156139,-0.11193897,-0.58893391,-27.26773316,-2.29225188,-0.58893391,-27.26773316,-2.29225188,-0.59225912,-27.17102028,-2.21146601,-0.00847684,-0.02163790,-0.01257793,0.00042469,-0.01178286,-0.00745484
4.040,-0.55869853,0.62416302,2.14996349,-0.32424070,-0.09357282,-0.11968616,-0.07904769,-0.02281242,-0.02917868,-0.55025501,0.64591119,2.16260589,-0.32469924,-0.08177888,-0.11222753,-0.58725345,-27.29560232,-2.30447721,-0.58725345,-27.29560232,-2.30447721,-0.59060274,-27.19869179,-2.22350280,-0.00844352,-0.02174817,-0.01264240,0.00045854,-0.01179394,-0.00745863
4.050,-0.56194489,0.62322615,2.14876517,-0.32502964,-0.09380050,-0.11997738,-0.07874000,-0.02272362,-0.02906510,-0.55353491,0.64508472,2.16147211,-0.32552191,-0.08199574,-0.11251508,-0.58556143,-27.32351809,-2.31672539,-0.58556143,-27.32351809,-2.31672539,-0.58893391,-27.22640999,-2.23556302,-0.00840998,-0.02185857,-0.01270694,0.00049227,-0.01180476,-0.00746230
4.060,-0.56519911,0.62228701,2.14756394,-0.32581549,-0.09402729,-0.12026746,-0.07843085,-0.02263441,-0.02895098,-0.55682291,0.64425612,2.16033550,-0.32634138,-0.08221197,-0.11280162,-0.58385692,-27.35147800,-2.32899629,-0.58385692,-27.35147800,-2.32899629,-0.58725345,-27.25417200,-2.24764658,-0.00837620,-0.02196911,-0.01277156,0.00052589,-0.01181532,-0.00746584
4.070,-0.56846119,0.62134561,2.14635982,-0.32659825,-0.09425319,-0.12055640,-0.07812024,-0.02254477,-0.02883633,-0.56011897,0.64342538,2.15919606,-0.32715764,-0.08242755,-0.11308716,-0.58214176,-27.37948158,-2.34128835,-0.58214176,-27.37948158,-2.34128835,-0.58556143,-27.28198094,-2.25975349,-0.00834222,-0.02207977,-0.01283624,0.00055939,-0.01182564,-0.00746924
4.080,-0.57173107,0.62040195,2.14515282,-0.32737789,-0.09447818,-0.12084419,-0.07780817,-0.02245471,-0.02872114,-0.56342307,0.64259250,2.15805381,-0.32797067,-0.08264248,-0.11337171,-0.58041442,-27.40752968,-2.35360139,-0.58041442,-27.40752968,-2.35360139,-0.58385692,-27.30983436,-2.27188361,-0.00830800,-0.02219055,-0.01290099,0.00059278,-0.01183570,-0.00747248
4.090,-0.57500873,0.61945605,2.14394294,-0.32815441,-0.09470228,-0.12113082,-0.07749467,-0.02236423,-0.02860541,-0.56673517,0.64175751,2.15690875,-0.32878045,-0.08285676,-0.11365527,-0.57867572,-27.43562055,-2.36593675,-0.57867572,-27.43562055,-2.36593675,-0.58214176,-27.33773178,-2.28403537,-0.00827356,-0.02230146,-0.01296581,0.00062604,-0.01184552,-0.00747555
4.100,-0.57829415,0.61850791,2.14273021,-0.32892778,-0.09492547,-0.12141630,-0.07717972,-0.02227334,-0.02848916,-0.57005523,0.64092039,2.15576089,-0.32958697,-0.08307038,-0.11393784,-0.57692615,-27.46375503,-2.37829152,-0.57692615,-27.46375503,-2.37829152,-0.58041442,-27.36567406,-2.29620861,-0.00823892,-0.02241248,-0.01303068,0.00065919,-0.01185509,-0.00747846
4.110,-0.58158728,0.61755754,2.14151462,-0.32969800,-0.09514774,-0.12170060,-0.07686335,-0.02218204,-0.02837238,-0.57338323,0.64008117,2.15461025,-0.33039021,-0.08328334,-0.11421943,-0.57516505,-27.49193233,-2.39066834,-0.57516505,-27.49193233,-2.39066834,-0.57867572,-27.39365945,-2.30840466,-0.00820405,-0.02252363,-0.01309563,0.00069221,-0.01186440,-0.00748117
4.120,-0.58488810,0.61660495,2.14029620,-0.33046504,-0.09536911,-0.12198374,-0.07654555,-0.02209033,-0.02825507,-0.57671913,0.63923985,2.15345683,-0.33119015,-0.08349563,-0.11450003,-0.57339292,-27.52015267,-2.40306444,-0.57339292,-27.52015267,-2.40306444,-0.57692615,-27.42168878,-2.32062061,-0.00816897,-0.02263490,-0.01316063,0.00072511,-0.01187348,-0.00748371
4.130,-0.58819657,0.61565016,2.13907495,-0.33122890,-0.09558955,-0.12226570,-0.07622634,-0.02199820,-0.02813724,-0.58006290,0.63839643,2.15230065,-0.33198678,-0.08370725,-0.11477964,-0.57160960,-27.54841256,-2.41548109,-0.57160960,-27.54841256,-2.41548109,-0.57516505,-27.44976128,-2.33285911,-0.00813367,-0.02274627,-0.01322570,0.00075788,-0.01188230,-0.00748606
4.140,-0.59151266,0.61469317,2.13785089,-0.33198957,-0.09580907,-0.12254648,-0.07590572,-0.02190568,-0.02801889,-0.58341450,0.63755092,2.15114171,-0.33278008,-0.08391819,-0.11505826,-0.56981534,-27.57671386,-2.42791683,-0.56981534,-27.57671386,-2.42791683,-0.57339292,-27.47787716,-2.34511738,-0.00809816,-0.02285775,-0.01329082,0.00079051,-0.01189088,-0.00748822
4.150,-0.59483635,0.61373398,2.13662403,-0.33274701,-0.09602766,-0.12282608,-0.07558370,-0.02181274,-0.02790002,-0.58677390,0.63670332,2.14998002,-0.33357005,-0.08412845,-0.11533589,-0.56801053,-27.60505778,-2.44037169,-0.56801053,-27.60505778,-2.44037169,-0.57160960,-27.50603293,-2.35739670,-0.00806245,-0.02296934,-0.01335599,0.00082304,-0.01189921,-0.00749019
4.160,-0.59816759,0.61277262,2.13539437,-0.33350124,-0.09624532,-0.12310448,-0.07526029,-0.02171941,-0.02778064,-0.59014106,0.63585366,2.14881560,-0.33435665,-0.08433804,-0.11561252,-0.56619477,-27.63343987,-2.45284704,-0.56619477,-27.63343987,-2.45284704,-0.56981534,-27.53423046,-2.36969563,-0.00802653,-0.02308104,-0.01342123,0.00085541,-0.01190728,-0.00749196
4.170,-0.60150636,0.61180908,2.13416194,-0.33425222,-0.09646205,-0.12338169,-0.07493549,-0.02162568,-0.02766075,-0.59351596,0.63500192,2.14764845,-0.33513989,-0.08454693,-0.11588815,-0.56436846,-27.66186363,-2.46534010,-0.56436846,-27.66186363,-2.46534010,-0.56801053,-27.56247097,-2.38201417,-0.00799040,-0.02319284,-0.01348651,0.00088767,-0.01191512,-0.00749354
4.180,-0.60485263,0.61084338,2.13292674,-0.33499994,-0.09667784,-0.12365770,-0.07460932,-0.02153155,-0.02754035,-0.59689855,0.63414812,2.14647858,-0.33591973,-0.08475514,-0.11616277,-0.56253186,-27.69032629,-2.47785233,-0.56253186,-27.69032629,-2.47785233,-0.56619477,-27.59074999,-2.39435372,-0.00795408,-0.02330474,-0.01355184,0.00091979,-0.01192270,-0.00749493
4.190,-0.60820635,0.60987553,2.13168879,-0.33574440,-0.09689268,-0.12393250,-0.07428178,-0.02143702,-0.02741945,-0.60028880,0.63329227,2.14530601,-0.33669618,-0.08496265,-0.11643638,-0.56068435,-27.71882701,-2.49038227,-0.56068435,-27.71882701,-2.49038227,-0.56436846,-27.61907103,-2.40671150,-0.00791755,-0.02341674,-0.01361722,0.00095178,-0.01193003,-0.00749612
4.200,-0.61156750,0.60890553,2.13044810,-0.33648557,-0.09710657,-0.12420608,-0.07395287,-0.02134210,-0.02729804,-0.60368669,0.63243437,2.14413074,-0.33746922,-0.08516947,-0.11670897,-0.55882646,-27.74736732,-2.50292998,-0.55882646,-27.74736732,-2.50292998,-0.56253186,-27.64743132,-2.41908896,-0.00788081,-0.02352884,-0.01368264,0.00098365,-0.01193710,-0.00749711
4.210,-0.61493605,0.60793340,2.12920467,-0.33722345,-0.09731952,-0.12447845,-0.07362261,-0.02124679,-0.02717613,-0.60709216,0.63157443,2.14295279,-0.33823883,-0.08537560,-0.11698053,-0.55695857,-27.77594510,-2.51549723,-0.55695857,-27.77594510,-2.51549723,-0.56068435,-27.67583003,-2.43148467,-0.00784389,-0.02364103,-0.01374812,0.00101538,-0.01194392,-0.00749792
4.220,-0.61831196,0.60695914,2.12795853,-0.33795802,-0.09753151,-0.12474960,-0.07329101,-0.02115110,-0.02705373,-0.61050520,0.63071246,2.14177216,-0.33900499,-0.08558102,-0.11725104,-0.55508036,-27.80456118,-2.52808117,-0.55508036,-27.80456118,-2.52808117,-0.55882646,-27.70426867,-2.44389868,-0.00780676,-0.02375332,-0.01381363,0.00104697,-0.01195049,-0.00749856
4.230,-0.62169520,0.60598277,2.12670968,-0.33868927,-0.09774254,-0.12501953,-0.07295806,-0.02105501,-0.02693083,-0.61392576,0.62984846,2.14058887,-0.33976770,-0.08578574,-0.11752051,-0.55319208,-27.83321310,-2.54068345,-0.55319208,-27.83321310,-2.54068345,-0.55695857,-27.73274515,-2.45633277,-0.00776944,-0.02386569,-0.01387919,0.00107843,-0.01195680,-0.00749902
4.240,-0.62508574,0.60500429,2.12545814,-0.33941718,-0.09795261,-0.12528822,-0.07262379,-0.02095854,-0.02680744,-0.61735380,0.62898244,2.13940293,-0.34052695,-0.08598975,-0.11778892,-0.55129393,-27.86190239,-2.55330261,-0.55129393,-27.86190239,-2.55330261,-0.55508036,-27.76126028,-2.46878409,-0.00773194,-0.02397815,-0.01394479,0.00110977,-0.01196286,-0.00749930
4.250,-0.62848353,0.60402372,2.12420392,-0.34014174,-0.09816171,-0.12555567,-0.07228819,-0.02086169,-0.02668356,-0.62078930,0.62811441,2.13821435,-0.34128271,-0.08619306,-0.11805627,-0.54938517,-27.89062627,-2.56593886,-0.54938517,-27.89062627,-2.56593886,-0.55319208,-27.78981161,-2.48125429,-0.00769423,-0.02409069,-0.01401043,0.00114097,-0.01196865,-0.00749940
4.260,-0.63188856,0.60304106,2.12294704,-0.34086294,-0.09836984,-0.12582189,-0.07195127,-0.02076446,-0.02655919,-0.62423222,0.62724438,2.13702314,-0.34203497,-0.08639565,-0.11832255,-0.54746710,-27.91938628,-2.57859103,-0.54746710,-27.91938628,-2.57859103,-0.55129393,-27.81840067,-2.49374192,-0.00765634,-0.02420332,-0.01407610,0.00117203,-0.01197419,-0.00749934
4.270,-0.63530078,0.60205633,2.12168749,-0.34158076,-0.09857700,-0.12608686,-0.07161304,-0.02066685,-0.02643434,-0.62768252,0.62637235,2.13582930,-0.34278373,-0.08659753,-0.11858774,-0.54553890,-27.94817999,-2.59126220,-0.54553890,-27.94817999,-2.59126220,-0.54938517,-27.84702468,-2.50624720,-0.00761826,-0.02431602,-0.01414181,0.00120297,-0.01197947,-0.00749912
4.280,-0.63872016,0.60106953,2.12042530,-0.34229519,-0.09878318,-0.12635057,-0.07127351,-0.02056887,-0.02630902,-0.63114017,0.62549832,2.13463286,-0.34352897,-0.08679869,-0.11885184,-0.54360087,-27.97700860,-2.60394957,-0.54360087,-27.97700860,-2.60394957,-0.54746710,-27.87568518,-2.51876896,-0.00757999,-0.02442879,-0.01420756,0.00123378,-0.01198449,-0.00749873
4.290,-0.64214667,0.60008067,2.11916048,-0.34300622,-0.09898837,-0.12661304,-0.07093269,-0.02047051,-0.02618321,-0.63460513,0.62462232,2.13343382,-0.34427068,-0.08699914,-0.11911484,-0.54165331,-28.00587139,-2.61665353,-0.54165331,-28.00587139,-2.61665353,-0.54553890,-27.90437976,-2.53131027,-0.00754154,-0.02454165,-0.01427334,0.00126446,-0.01198923,-0.00749820
4.300,-0.64558028,0.59908976,2.11789305,-0.34371384,-0.09919259,-0.12687424,-0.07059058,-0.02037178,-0.02605693,-0.63807736,0.62374434,2.13223220,-0.34500885,-0.08719885,-0.11937675,-0.53969653,-28.03476867,-2.62937253,-0.53969653,-28.03476867,-2.62937253,-0.54360087,-27.93310960,-2.54386834,-0.00750292,-0.02465458,-0.01433915,0.00129501,-0.01199374,-0.00749749
4.310,-0.64902094,0.59809682,2.11662300,-0.34441803,-0.09939581,-0.12713417,-0.07024719,-0.02027268,-0.02593017,-0.64155683,0.62286439,2.13102800,-0.34574346,-0.08739785,-0.11963754,-0.53772973,-28.06369699,-2.64210979,-0.53772973,-28.06369699,-2.64210979,-0.54165331,-27.96187398,-2.55644357,-0.00746411,-0.02476757,-0.01440500,0.00132543,-0.01199796,-0.00749663
4.320,-0.65246863,0.59710185,2.11535037,-0.34511878,-0.09959804,-0.12739284,-0.06990253,-0.02017321,-0.02580295,-0.64504351,0.62198248,2.12982124,-0.34647450,-0.08759611,-0.11989722,-0.53575372,-28.09265829,-2.65486123,-0.53575372,-28.09265829,-2.65486123,-0.53969653,-27.99067322,-2.56903439,-0.00742512,-0.02488063,-0.01447087,0.00135572,-0.01200193,-0.00749562
4.330,-0.65592330,0.59610486,2.11407515,-0.34581608,-0.09979927,-0.12765023,-0.06955661,-0.02007338,-0.02567526,-0.64853735,0.62109862,2.12861192,-0.34720196,-0.08779364,-0.12015579,-0.53376782,-28.12165188,-2.66762983,-0.53376782,-28.12165188,-2.66762983,-0.53772973,-28.01950388,-2.58164404,-0.00738595,-0.02499376,-0.01453677,0.00138588,-0.01200563,-0.00749444
4.340,-0.65938494,0.59510587,2.11279737,-0.34650991,-0.09999950,-0.12790634,-0.06920942,-0.01997319,-0.02554710,-0.65203833,0.62021281,2.12740006,-0.34792583,-0.08799043,-0.12041323,-0.53177322,-28.15067540,-2.68041288,-0.53177322,-28.15067540,-2.68041288,-0.53575372,-28.04836789,-2.59426845,-0.00734661,-0.02510694,-0.01460269,0.00141592,-0.01200907,-0.00749311
4.350,-0.66285349,0.59410487,2.11151703,-0.34720026,-0.10019873,-0.12816117,-0.06886099,-0.01987264,-0.02541849,-0.65554640,0.61932507,2.12618568,-0.34864610,-0.08818648,-0.12066955,-0.52976877,-28.17973250,-2.69321208,-0.52976877,-28.17973250,-2.69321208,-0.53376782,-28.07726457,-2.60691057,-0.00730709,-0.02522020,-0.01466865,0.00144584,-0.01201225,-0.00749162
4.360,-0.66632893,0.59310190,2.11023415,-0.34788712,-0.10039696,-0.12841471,-0.06851132,-0.01977172,-0.02528941,-0.65906152,0.61843539,2.12496878,-0.34936275,-0.08838178,-0.12092474,-0.52775528,-28.20881685,-2.70602609,-0.52775528,-28.20881685,-2.70602609,-0.53177322,-28.10619156,-2.61956772,-0.00726741,-0.02533349,-0.01473463,0.00147563,-0.01201518,-0.00748997
4.370,-0.66981122,0.59209694,2.10894874,-0.34857048,-0.10059417,-0.12866696,-0.06816042,-0.01967046,-0.02515989,-0.66258367,0.61754379,2.12374937,-0.35007578,-0.08857633,-0.12117881,-0.52573260,-28.23793341,-2.71885515,-0.52573260,-28.23793341,-2.71885515,-0.52976877,-28.13515250,-2.63224158,-0.00722755,-0.02544685,-0.01480063,0.00150530,-0.01201784,-0.00748815
4.380,-0.67330033,0.59109002,2.10766081,-0.34925033,-0.10079036,-0.12891791,-0.06780828,-0.01956883,-0.02502990,-0.66611281,0.61665027,2.12252746,-0.35078518,-0.08877013,-0.12143174,-0.52370105,-28.26707788,-2.73169936,-0.52370105,-28.26707788,-2.73169936,-0.52775528,-28.16414108,-2.64493082,-0.00718752,-0.02556025,-0.01486665,0.00153485,-0.01202023,-0.00748617
4.390,-0.67679622,0.59008113,2.10637038,-0.34992665,-0.10098554,-0.12916755,-0.06745493,-0.01946686,-0.02489947,-0.66964889,0.61575485,2.12130307,-0.35149092,-0.08896318,-0.12168354,-0.52166037,-28.29625430,-2.74455738,-0.52166037,-28.29625430,-2.74455738,-0.52573260,-28.19316226,-2.65763568,-0.00714733,-0.02567372,-0.01493269,0.00156427,-0.01202236,-0.00748401
4.400,-0.68029885,0.58907031,2.10507747,-0.35059942,-0.10117970,-0.12941589,-0.06710037,-0.01936454,-0.02476859,-0.67319188,0.61485753,2.12007621,-0.35219301,-0.08915546,-0.12193420,-0.51961027,-28.32545604,-2.75742799,-0.51961027,-28.32545604,-2.75742799,-0.52370105,-28.22221173,-2.67035627,-0.00710697,-0.02578722,-0.01499874,0.00159359,-0.01202424,-0.00748169
4.410,-0.68380819,0.58805754,2.10378207,-0.35126865,-0.10137283,-0.12966292,-0.06674460,-0.01926186,-0.02463727,-0.67674175,0.61395831,2.11884689,-0.35289144,-0.08934697,-0.12218373,-0.51755133,-28.35468840,-2.77031435,-0.51755133,-28.35468840,-2.77031435,-0.52166037,-28.25129354,-2.68309122,-0.00706644,-0.02590077,-0.01506482,0.00162279,-0.01202586,-0.00747919
4.420,-0.68732421,0.58704285,2.10248421,-0.35193431,-0.10156494,-0.12990864,-0.06638764,-0.01915885,-0.02450550,-0.68029845,0.61305721,2.11761511,-0.35358618,-0.08953772,-0.12243212,-0.51548369,-28.38394745,-2.78321377,-0.51548369,-28.38394745,-2.78321377,-0.51961027,-28.28040105,-2.69583935,-0.00702576,-0.02601436,-0.01513090,0.00165187,-0.01202722,-0.00747652
4.430,-0.69084687,0.58602625,2.10118390,-0.35259640,-0.10175601,-0.13015303,-0.06602948,-0.01905549,-0.02437330,-0.68386196,0.61215424,2.11638090,-0.35427724,-0.08972770,-0.12267936,-0.51340730,-28.41323217,-2.79612627,-0.51340730,-28.41323217,-2.79612627,-0.51755133,-28.30953959,-2.70860380,-0.00698491,-0.02612799,-0.01519700,0.00168084,-0.01202831,-0.00747367
4.440,-0.69437613,0.58500774,2.09988116,-0.35325490,-0.10194604,-0.13039610,-0.06567015,-0.01895179,-0.02424066,-0.68743222,0.61124939,2.11514427,-0.35496460,-0.08991690,-0.12292546,-0.51132191,-28.44254429,-2.80905071,-0.51132191,-28.44254429,-2.80905071,-0.51548369,-28.33870520,-2.72138189,-0.00694391,-0.02624165,-0.01526311,0.00170970,-0.01202914,-0.00747064
4.450,-0.69791195,0.58398733,2.09857598,-0.35390980,-0.10213504,-0.13063784,-0.06530964,-0.01884775,-0.02410759,-0.69100921,0.61034269,2.11390521,-0.35564825,-0.09010532,-0.12317041,-0.50922737,-28.47188388,-2.82199026,-0.50922737,-28.47188388,-2.82199026,-0.51340730,-28.36789689,-2.73417364,-0.00690274,-0.02635536,-0.01532923,0.00173845,-0.01202972,-0.00746743
4.460,-0.70145431,0.58296504,2.09726840,-0.35456109,-0.10232300,-0.13087825,-0.06494797,-0.01874337,-0.02397408,-0.69459289,0.60943413,2.11266376,-0.35632819,-0.09029295,-0.12341421,-0.50712455,-28.50124829,-2.83494074,-0.50712455,-28.50124829,-2.83494074,-0.51132191,-28.39711636,-2.74697792,-0.00686142,-0.02646909,-0.01539536,0.00176710,-0.01203005,-0.00746404
4.470,-0.70500316,0.58194088,2.09595842,-0.35520875,-0.10250991,-0.13111732,-0.06458514,-0.01863866,-0.02384015,-0.69818322,0.60852372,2.11141991,-0.35700439,-0.09047980,-0.12365685,-0.50501270,-28.53063690,-2.84790379,-0.50501270,-28.53063690,-2.84790379,-0.50922737,-28.42636370,-2.75979788,-0.00681994,-0.02658284,-0.01546149,0.00179564,-0.01203011,-0.00746047
4.480,-0.70855847,0.58091485,2.09464606,-0.35585279,-0.10269577,-0.13135506,-0.06422115,-0.01853362,-0.02370579,-0.70178017,0.60761148,2.11017368,-0.35767686,-0.09066586,-0.12389833,-0.50289243,-28.56005142,-2.86087832,-0.50289243,-28.56005142,-2.86087832,-0.50712455,-28.45563626,-2.77262936,-0.00677830,-0.02669663,-0.01552762,0.00182407,-0.01202991,-0.00745673
4.490,-0.71212021,0.57988696,2.09333133,-0.35649317,-0.10288058,-0.13159144,-0.06385602,-0.01842825,-0.02357102,-0.70538368,0.60669741,2.10892509,-0.35834559,-0.09085113,-0.12413864,-0.50076375,-28.58949160,-2.87386434,-0.50076375,-28.58949160,-2.87386434,-0.50501270,-28.48493343,-2.78547400,-0.00673653,-0.02681045,-0.01559376,0.00185242,-0.01202945,-0.00745280
4.500,-0.71568832,0.57885724,2.09201424,-0.35712990,-0.10306433,-0.13182647,-0.06348976,-0.01832255,-0.02343582,-0.70899374,0.60578152,2.10767413,-0.35901055,-0.09103560,-0.12437779,-0.49862578,-28.61895279,-2.88686227,-0.49862578,-28.61895279,-2.88686227,-0.50289243,-28.51425691,-2.79833071,-0.00669458,-0.02692428,-0.01565989,0.00188065,-0.01202873,-0.00744868
4.510,-0.71926279,0.57782568,2.09069480,-0.35776296,-0.10324703,-0.13206015,-0.06312237,-0.01821652,-0.02330020,-0.71261029,0.60486382,2.10642084,-0.35967175,-0.09121928,-0.12461576,-0.49647978,-28.64843902,-2.89987251,-0.49647978,-28.64843902,-2.89987251,-0.50076375,-28.54360645,-2.81119950,-0.00665250,-0.02703814,-0.01572604,0.00190879,-0.01202775,-0.00744439
4.520,-0.72284357,0.57679230,2.08937304,-0.35839235,-0.10342866,-0.13229248,-0.06275385,-0.01811017,-0.02316417,-0.71623331,0.60394431,2.10516521,-0.36032918,-0.09140215,-0.12485255,-0.49432526,-28.67794735,-2.91289237,-0.49432526,-28.67794735,-2.91289237,-0.49862578,-28.57297741,-2.82408081,-0.00661026,-0.02715201,-0.01579217,0.00193683,-0.01202651,-0.00743993
4.530,-0.72643063,0.57575711,2.08804896,-0.35901804,-0.10360923,-0.13252344,-0.06238423,-0.01800350,-0.02302773,-0.71986275,0.60302301,2.10390726,-0.36098283,-0.09158422,-0.12508816,-0.49216236,-28.70747787,-2.92592346,-0.49216236,-28.70747787,-2.92592346,-0.49647978,-28.60237381,-2.83697502,-0.00656788,-0.02726590,-0.01585830,0.00196479,-0.01202501,-0.00743528
4.540,-0.73002392,0.57472012,2.08672257,-0.35964003,-0.10378873,-0.13275303,-0.06201349,-0.01789651,-0.02289089,-0.72349857,0.60209992,2.10264700,-0.36163268,-0.09176548,-0.12532257,-0.48999058,-28.73702994,-2.93896618,-0.48999058,-28.73702994,-2.93896618,-0.49432526,-28.63179272,-2.84987946,-0.00652535,-0.02737980,-0.01592443,0.00199265,-0.01202325,-0.00743046
4.550,-0.73362341,0.57368134,2.08539390,-0.36025830,-0.10396716,-0.13298125,-0.06164166,-0.01778920,-0.02275363,-0.72714074,0.60117504,2.10138445,-0.36227873,-0.09194593,-0.12555579,-0.48781021,-28.76660331,-2.95201786,-0.48781021,-28.76660331,-2.95201786,-0.49216236,-28.66123422,-2.86279574,-0.00648267,-0.02749370,-0.01599055,0.00202043,-0.01202123,-0.00742546
4.560,-0.73722907,0.57264078,2.08406295,-0.36087286,-0.10414452,-0.13320810,-0.06126874,-0.01768158,-0.02261598,-0.73078921,0.60024840,2.10011961,-0.36292097,-0.09212557,-0.12578782,-0.48562187,-28.79619775,-2.96508033,-0.48562187,-28.79619775,-2.96508033,-0.48999058,-28.69069770,-2.87572423,-0.00643986,-0.02760762,-0.01605666,0.00204811,-0.01201895,-0.00742028
4.570,-0.74084086,0.57159845,2.08272974,-0.36148367,-0.10432079,-0.13343357,-0.06089473,-0.01757365,-0.02247792,-0.73444396,0.59931999,2.09885249,-0.36355940,-0.09230439,-0.12601864,-0.48342511,-28.82581230,-2.97815238,-0.48342511,-28.82581230,-2.97815238,-0.48781021,-28.72018288,-2.88866231,-0.00639690,-0.02772154,-0.01612275,0.00207573,-0.01201640,-0.00741493
4.580,-0.74445873,0.57055437,2.08139429,-0.36209075,-0.10449599,-0.13365766,-0.06051965,-0.01746540,-0.02233947,-0.73810494,0.59838983,2.09758312,-0.36419399,-0.09248240,-0.12624826,-0.48121969,-28.85544541,-2.99123287,-0.48121969,-28.85544541,-2.99123287,-0.48562187,-28.74968955,-2.90161178,-0.00635379,-0.02783546,-0.01618883,0.00210324,-0.01201359,-0.00740940
4.590,-0.74808266,0.56950854,2.08005660,-0.36269406,-0.10467010,-0.13388036,-0.06014349,-0.01735685,-0.02220062,-0.74177211,0.59745791,2.09631151,-0.36482476,-0.09265958,-0.12647666,-0.47900616,-28.88509813,-3.00432358,-0.47900616,-28.88509813,-3.00432358,-0.48342511,-28.77921674,-2.91457144,-0.00631055,-0.02794937,-0.01625491,0.00213070,-0.01201052,-0.00740370
4.600,-0.75171260,0.56846097,2.07871668,-0.36329361,-0.10484312,-0.13410167,-0.05976628,-0.01724799,-0.02206138,-0.74544543,0.59652426,2.09503765,-0.36545168,-0.09283594,-0.12670385,-0.47678416,-28.91477022,-3.01742494,-0.47678416,-28.91477022,-3.01742494,-0.48121969,-28.80876290,-2.92754016,-0.00626717,-0.02806329,-0.01632097,0.00215807,-0.01200718,-0.00739782
4.610,-0.75534852,0.56741168,2.07737457,-0.36388939,-0.10501506,-0.13432159,-0.05938802,-0.01713882,-0.02192175,-0.74912487,0.59558888,2.09376157,-0.36607474,-0.09301147,-0.12692982,-0.47455410,-28.94445980,-3.03053284,-0.47455410,-28.94445980,-3.03053284,-0.47900616,-28.83832910,-2.94051972,-0.00622365,-0.02817720,-0.01638700,0.00218535,-0.01200359,-0.00739177
4.620,-0.75899038,0.56636067,2.07603026,-0.36448137,-0.10518590,-0.13454010,-0.05900870,-0.01702936,-0.02178174,-0.75281039,0.59465178,2.09248329,-0.36669395,-0.09318617,-0.12715456,-0.47231566,-28.97416796,-3.04365040,-0.47231566,-28.97416796,-3.04365040,-0.47678416,-28.86791509,-2.95351054,-0.00617999,-0.02829111,-0.01645303,0.00221258,-0.01199973,-0.00738554
4.630,-0.76263814,0.56530796,2.07468377,-0.36506956,-0.10535564,-0.13475722,-0.05862835,-0.01691959,-0.02164134,-0.75650194,0.59371296,2.09120280,-0.36730929,-0.09336004,-0.12737808,-0.47006900,-29.00389247,-3.05677677,-0.47006900,-29.00389247,-3.05677677,-0.47455410,-28.89751898,-2.96650853,-0.00613620,-0.02840500,-0.01651903,0.00223973,-0.01199560,-0.00737914
4.640,-0.76629176,0.56425356,2.07333512,-0.36565393,-0.10552429,-0.13497293,-0.05824697,-0.01680953,-0.02150056,-0.76019949,0.59277244,2.08992013,-0.36792075,-0.09353307,-0.12760036,-0.46781378,-29.03363343,-3.06991064,-0.46781378,-29.03363343,-3.06991064,-0.47231566,-28.92714188,-2.97951680,-0.00609227,-0.02851888,-0.01658501,0.00226682,-0.01199122,-0.00737257
4.650,-0.76995120,0.56319748,2.07198432,-0.36623449,-0.10569183,-0.13518723,-0.05786457,-0.01669917,-0.02135940,-0.76390300,0.59183022,2.08863528,-0.36852833,-0.09370526,-0.12782141,-0.46555019,-29.06338996,-3.08305239,-0.46555019,-29.06338996,-3.08305239,-0.47006900,-28.95678154,-2.99253449,-0.00604820,-0.02863274,-0.01665096,0.00229384,-0.01198657,-0.00736582
4.660,-0.77361643,0.56213973,2.07063138,-0.36681122,-0.10585827,-0.13540012,-0.05748115,-0.01658852,-0.02121787,-0.76761243,0.59088632,2.08734828,-0.36913202,-0.09387662,-0.12804122,-0.46327852,-29.09316218,-3.09620244,-0.46327852,-29.09316218,-3.09620244,-0.46781378,-28.98643809,-3.00556032,-0.00600400,-0.02874659,-0.01671690,0.00232080,-0.01198165,-0.00735890
4.670,-0.77728741,0.56108032,2.06927632,-0.36738411,-0.10602360,-0.13561159,-0.05709672,-0.01647758,-0.02107597,-0.77132775,0.58994073,2.08605912,-0.36973181,-0.09404713,-0.12825979,-0.46099870,-29.12294956,-3.10935958,-0.46099870,-29.12294956,-3.10935958,-0.46555019,-29.01611063,-3.01859465,-0.00595966,-0.02886041,-0.01678280,0.00234770,-0.01197647,-0.00735180
4.680,-0.78096410,0.56001926,2.06791915,-0.36795315,-0.10618782,-0.13582163,-0.05671129,-0.01636635,-0.02093370,-0.77504890,0.58899347,2.08476783,-0.37032769,-0.09421679,-0.12847712,-0.45871067,-29.15275191,-3.12252410,-0.45871067,-29.15275191,-3.12252410,-0.46327852,-29.04579929,-3.03163789,-0.00591520,-0.02897421,-0.01684868,0.00237454,-0.01197103,-0.00734451
4.690,-0.78464646,0.55895657,2.06655989,-0.36851833,-0.10635093,-0.13603026,-0.05632487,-0.01625483,-0.02079106,-0.77877585,0.58804455,2.08347442,-0.37091965,-0.09438561,-0.12869319,-0.45641436,-29.18256705,-3.13569511,-0.45641436,-29.18256705,-3.13569511,-0.46099870,-29.07550354,-3.04468886,-0.00587061,-0.02908798,-0.01691453,0.00240132,-0.01196532,-0.00733707
4.700,-0.78833446,0.55789225,2.06519855,-0.36907965,-0.10651292,-0.13623745,-0.05593746,-0.01614302,-0.02064805,-0.78250857,0.58709398,2.08217889,-0.37150769,-0.09455357,-0.12890802,-0.45411033,-29.21239642,-3.14887269,-0.45411033,-29.21239642,-3.14887269,-0.45871067,-29.10522319,-3.05774784,-0.00582589,-0.02920173,-0.01698034,0.00242804,-0.01195935,-0.00732943
4.710,-0.79202804,0.55682631,2.06383515,-0.36963708,-0.10667379,-0.13644322,-0.05554907,-0.01603094,-0.02050469,-0.78624701,0.58614176,2.08088127,-0.37209181,-0.09472067,-0.12912160,-0.45179728,-29.24223986,-3.16205597,-0.45179728,-29.24223986,-3.16205597,-0.45641436,-29.13495605,-3.07081394,-0.00578103,-0.02931545,-0.01704612,0.00245473,-0.01195312,-0.00732162
4.720,-0.79572719,0.55575877,2.06246969,-0.37019063,-0.10683354,-0.13664755,-0.05515971,-0.01591857,-0.02036097,-0.78999114,0.58518790,2.07958156,-0.37267198,-0.09488692,-0.12933393,-0.44947689,-29.27209519,-3.17524667,-0.44947689,-29.27209519,-3.17524667,-0.45411033,-29.16470359,-3.08388724,-0.00573605,-0.02942913,-0.01711187,0.00248135,-0.01194662,-0.00731362
4.730,-0.79943184,0.55468964,2.06110220,-0.37074027,-0.10699216,-0.13685044,-0.05476939,-0.01580593,-0.02021689,-0.79374091,0.58423242,2.07827978,-0.37324821,-0.09505231,-0.12954499,-0.44714737,-29.30196184,-3.18844226,-0.44714737,-29.30196184,-3.18844226,-0.45179728,-29.19446563,-3.09696688,-0.00569093,-0.02954278,-0.01717758,0.00250794,-0.01193985,-0.00730545
4.740,-0.80314198,0.55361893,2.05973269,-0.37128601,-0.10714965,-0.13705188,-0.05437812,-0.01569301,-0.02007246,-0.79749628,0.58327531,2.07697593,-0.37382049,-0.09521683,-0.12975480,-0.44481041,-29.33183964,-3.20164302,-0.44481041,-29.33183964,-3.20164302,-0.44947689,-29.22423999,-3.11005457,-0.00564570,-0.02965638,-0.01724324,0.00253448,-0.01193282,-0.00729708
4.750,-0.80685755,0.55254666,2.05836117,-0.37182783,-0.10730602,-0.13725188,-0.05398589,-0.01557982,-0.01992768,-0.80125722,0.58231660,2.07567004,-0.37438881,-0.09538049,-0.12996333,-0.44246485,-29.36172676,-3.21484952,-0.44246485,-29.36172676,-3.21484952,-0.44714737,-29.25402611,-3.12314778,-0.00560033,-0.02976994,-0.01730887,0.00256098,-0.01192553,-0.00728855
4.760,-0.81057852,0.55147282,2.05698765,-0.37236572,-0.10746125,-0.13745044,-0.05359273,-0.01546636,-0.01978255,-0.80502368,0.58135628,2.07436212,-0.37495316,-0.09554328,-0.13017060,-0.44011113,-29.39162634,-3.22806220,-0.44011113,-29.39162634,-3.22806220,-0.44481041,-29.28382381,-3.13624682,-0.00555484,-0.02988346,-0.01737447,0.00258744,-0.01191797,-0.00727984
4.770,-0.81430485,0.55039743,2.05561216,-0.37289968,-0.10761534,-0.13764753,-0.05319863,-0.01535262,-0.01963708,-0.80879563,0.58039437,2.07305217,-0.37551354,-0.09570520,-0.13037660,-0.43774935,-29.42153624,-3.24127821,-0.43774935,-29.42153624,-3.24127821,-0.44246485,-29.31363128,-3.14935222,-0.00550922,-0.02999694,-0.01744001,0.00261386,-0.01191014,-0.00727093
4.780,-0.81803650,0.54932052,2.05423471,-0.37342969,-0.10776830,-0.13784318,-0.05280361,-0.01523862,-0.01949126,-0.81257302,0.57943088,2.07174022,-0.37606993,-0.09586625,-0.13058132,-0.43537933,-29.45145266,-3.25449824,-0.43537933,-29.45145266,-3.25449824,-0.44011113,-29.34345165,-3.16246445,-0.00546348,-0.03011036,-0.01750551,0.00264024,-0.01190205,-0.00726186
4.790,-0.82177343,0.54824207,2.05285530,-0.37395575,-0.10792012,-0.13803736,-0.05240766,-0.01512436,-0.01934511,-0.81635581,0.57846581,2.07042627,-0.37662234,-0.09602642,-0.13078477,-0.43300117,-29.48138106,-3.26772397,-0.43300117,-29.48138106,-3.26772397,-0.43774935,-29.37328278,-3.17558065,-0.00541762,-0.03022374,-0.01757097,0.00266659,-0.01189370,-0.00725259
4.800,-0.82551560,0.54716212,2.05147397,-0.37447784,-0.10807079,-0.13823008,-0.05201081,-0.01500983,-0.01919862,-0.82014397,0.57749917,2.06911033,-0.37717075,-0.09618571,-0.13098694,-0.43061471,-29.51131494,-3.28095149,-0.43061471,-29.51131494,-3.28095149,-0.43537933,-29.40312087,-3.18870152,-0.00537163,-0.03033705,-0.01763636,0.00269291,-0.01188508,-0.00724314
4.810,-0.82926298,0.54608066,2.05009071,-0.37499596,-0.10822031,-0.13842133,-0.05161306,-0.01489504,-0.01905180,-0.82393746,0.57653098,2.06779243,-0.37771516,-0.09634412,-0.13118782,-0.42822055,-29.54125815,-3.29418413,-0.42822055,-29.54125815,-3.29418413,-0.43300117,-29.43297138,-3.20182874,-0.00532552,-0.03045032,-0.01770172,0.00271920,-0.01187619,-0.00723351
4.820,-0.83301551,0.54499771,2.04870554,-0.37551010,-0.10836869,-0.13861111,-0.05121441,-0.01478000,-0.01890465,-0.82773623,0.57556124,2.06647257,-0.37825556,-0.09650165,-0.13138741,-0.42581765,-29.57120887,-3.30742094,-0.42581765,-29.57120887,-3.30742094,-0.43061471,-29.46282783,-3.21495840,-0.00527928,-0.03056353,-0.01776703,0.00274546,-0.01186704,-0.00722370
4.830,-0.83677316,0.54391329,2.04731849,-0.37602025,-0.10851591,-0.13879942,-0.05081487,-0.01466469,-0.01875717,-0.83154024,0.57458996,2.06515076,-0.37879194,-0.09665829,-0.13158571,-0.42340649,-29.60116425,-3.32065937,-0.42340649,-29.60116425,-3.32065937,-0.42822055,-29.49269404,-3.22809383,-0.00523292,-0.03067667,-0.01783227,0.00277169,-0.01185762,-0.00721371
4.840,-0.84053590,0.54282740,2.04592956,-0.37652640,-0.10866198,-0.13898625,-0.05041445,-0.01454914,-0.01860936,-0.83534945,0.57361714,2.06382702,-0.37932430,-0.09681405,-0.13178271,-0.42098755,-29.63112650,-3.33390126,-0.42098755,-29.63112650,-3.33390126,-0.42581765,-29.52256822,-3.24123408,-0.00518645,-0.03078974,-0.01789746,0.00279790,-0.01184793,-0.00720354
4.850,-0.84430368,0.54174005,2.04453877,-0.37702854,-0.10880689,-0.13917161,-0.05001316,-0.01443333,-0.01846123,-0.83916383,0.57264281,2.06250137,-0.37985263,-0.09696891,-0.13197842,-0.41856032,-29.66109513,-3.34714573,-0.41856032,-29.66109513,-3.34714573,-0.42340649,-29.55244750,-3.25437660,-0.00513985,-0.03090276,-0.01796260,0.00282409,-0.01183798,-0.00719319
4.860,-0.84807646,0.54065127,2.04314613,-0.37752666,-0.10895065,-0.13935548,-0.04961100,-0.01431727,-0.01831279,-0.84298333,0.57166696,2.06117381,-0.38037693,-0.09712289,-0.13217282,-0.41612478,-29.69106636,-3.36039307,-0.41612478,-29.69106636,-3.36039307,-0.42098755,-29.58233410,-3.26752325,-0.00509313,-0.03101569,-0.01802768,0.00285027,-0.01182776,-0.00718266
4.870,-0.85185420,0.53956105,2.04175167,-0.37802075,-0.10909324,-0.13953786,-0.04920799,-0.01420096,-0.01816402,-0.84680790,0.57068961,2.05984436,-0.38089718,-0.09727596,-0.13236591,-0.41368092,-29.72104334,-3.37364077,-0.41368092,-29.72104334,-3.37364077,-0.41856032,-29.61222753,-3.28067313,-0.00504630,-0.03112856,-0.01809269,0.00287643,-0.01181728,-0.00717195
4.880,-0.85563686,0.53846941,2.04035538,-0.37851081,-0.10923466,-0.13971876,-0.04880412,-0.01408441,-0.01801494,-0.85063752,0.56971076,2.05851303,-0.38141338,-0.09742815,-0.13255770,-0.41122885,-29.75102398,-3.38689241,-0.41122885,-29.75102398,-3.38689241,-0.41612478,-29.64212402,-3.29382654,-0.00499934,-0.03124135,-0.01815765,0.00290257,-0.01180651,-0.00716106
4.890,-0.85942440,0.53737636,2.03895729,-0.37899683,-0.10937492,-0.13989816,-0.04839941,-0.01396762,-0.01786555,-0.85447221,0.56873065,2.05718086,-0.38192721,-0.09757392,-0.13272242,-0.40874488,-29.78124563,-3.40055764,-0.40874488,-29.78124563,-3.40055764,-0.41612478,-29.64206075,-3.29378478,-0.00495219,-0.03135429,-0.01822357,0.00293038,-0.01180100,-0.00717574
4.900,-0.86321678,0.53628191,2.03755742,-0.37947880,-0.10951402,-0.14007607,-0.04799387,-0.01385058,-0.01771586,-0.85831186,0.56774906,2.05584684,-0.38243656,-0.09772014,-0.13289243,-0.40625763,-29.81142358,-3.41415638,-0.40625763,-29.81142358,-3.41415638,-0.41122885,-29.70194456,-3.32019118,-0.00490492,-0.03146715,-0.01828942,0.00295776,-0.01179388,-0.00718364
4.910,-0.86701396,0.53518608,2.03615578,-0.37995671,-0.10965194,-0.14025248,-0.04758750,-0.01373330,-0.01756586,-0.86215642,0.56676601,2.05451092,-0.38294152,-0.09786638,-0.13306725,-0.40376614,-29.84157170,-3.42768679,-0.40376614,-29.84157170,-3.42768679,-0.40874488,-29.73209309,-3.33376179,-0.00485754,-0.03157993,-0.01835514,0.00298481,-0.01178556,-0.00718523
4.920,-0.87081590,0.53408888,2.03475238,-0.38043055,-0.10978868,-0.14042738,-0.04718031,-0.01361579,-0.01741555,-0.86600586,0.56578151,2.05317308,-0.38344213,-0.09801229,-0.13324631,-0.40126962,-29.87170192,-3.44114895,-0.40126962,-29.87170192,-3.44114895,-0.40625763,-29.76219856,-3.34726462,-0.00481004,-0.03169263,-0.01842070,0.00301158,-0.01177639,-0.00718107
4.930,-0.87462256,0.53299031,2.03334724,-0.38090031,-0.10992425,-0.14060079,-0.04677230,-0.01349805,-0.01726494,-0.86986014,0.56479557,2.05183331,-0.38393846,-0.09815767,-0.13342901,-0.39876748,-29.90182470,-3.45454364,-0.39876748,-29.90182470,-3.45454364,-0.40376614,-29.79227480,-3.36069824,-0.00476242,-0.03180526,-0.01848607,0.00303815,-0.01176658,-0.00717178
4.940,-0.87843390,0.53189039,2.03194037,-0.38136599,-0.11005864,-0.14077268,-0.04636350,-0.01338007,-0.01711404,-0.87371920,0.56380821,2.05049160,-0.38443052,-0.09830236,-0.13361465,-0.39625936,-29.93194270,-3.46787443,-0.39625936,-29.93194270,-3.46787443,-0.40126962,-29.82233369,-3.37406317,-0.00471470,-0.03191782,-0.01855123,0.00306453,-0.01175628,-0.00715803
4.950,-0.88224987,0.53078914,2.03053179,-0.38182758,-0.11019185,-0.14094307,-0.04595389,-0.01326186,-0.01696284,-0.87758302,0.56281942,2.04914794,-0.38491836,-0.09844631,-0.13380252,-0.39374438,-29.96205638,-3.48114558,-0.39374438,-29.96205638,-3.48114558,-0.39876748,-29.85238562,-3.38736058,-0.00466685,-0.03203028,-0.01861615,0.00309078,-0.01174554,-0.00714055
4.960,-0.88607043,0.52968656,2.02912151,-0.38228507,-0.11032388,-0.14111194,-0.04554349,-0.01314342,-0.01681136,-0.88145155,0.56182923,2.04780234,-0.38540198,-0.09858948,-0.13399187,-0.39122226,-29.99216827,-3.49436387,-0.39122226,-29.99216827,-3.49436387,-0.39625936,-29.88243320,-3.40059446,-0.00461888,-0.03214267,-0.01868083,0.00311691,-0.01173440,-0.00712007
4.970,-0.88989556,0.52858267,2.02770955,-0.38273844,-0.11045472,-0.14127929,-0.04513231,-0.01302476,-0.01665958,-0.88532475,0.56083764,2.04645481,-0.38588141,-0.09873189,-0.13418197,-0.38869364,-30.02227511,-3.50753589,-0.38869364,-30.02227511,-3.50753589,-0.39374438,-29.91247682,-3.41376945,-0.00457081,-0.03225497,-0.01874526,0.00314297,-0.01172283,-0.00709732
4.980,-0.89372519,0.52747747,2.02629593,-0.38318771,-0.11058437,-0.14144513,-0.04472036,-0.01290588,-0.01650751,-0.88920257,0.55984466,2.04510539,-0.38635665,-0.09887356,-0.13437209,-0.38615721,-30.05237701,-3.52066912,-0.38615721,-30.05237701,-3.52066912,-0.39122226,-29.94251897,-3.42689265,-0.00452262,-0.03236719,-0.01880946,0.00316894,-0.01171081,-0.00707304
4.990,-0.89755930,0.52637098,2.02488066,-0.38363285,-0.11071284,-0.14160944,-0.04430764,-0.01278677,-0.01635517,-0.89308498,0.55885028,2.04375409,-0.38682772,-0.09901455,-0.13456155,-0.38361359,-30.08246978,-3.53377267,-0.38361359,-30.08246978,-3.53377267,-0.38869364,-29.97255636,-3.43997093,-0.00447432,-0.03247930,-0.01887343,0.00319487,-0.01169829,-0.00704789
5.000,-0.90139783,0.52526322,2.02346375,-0.38407386,-0.11084011,-0.14177223,-0.04389416,-0.01266744,-0.01620254,-0.89697193,0.55785452,2.04240095,-0.38729461,-0.09915490,-0.13474972,-0.38106179,-30.11254786,-3.54685614,-0.38106179,-30.11254786,-3.54685614,-0.38615721,-30.00258903,-3.45301200,-0.00442590,-0.03259130,-0.01893720,0.00322075,-0.01168521,-0.00702251
5.010,-0.90524076,0.52415419,2.02204522,-0.38451073,-0.11096618,-0.14193349,-0.04347992,-0.01254790,-0.01604964,-0.90086339,0.55685738,2.04104600,-0.38775733,-0.09929467,-0.13493605,-0.37850273,-30.14261038,-3.55992721,-0.37850273,-30.14261038,-3.55992721,-0.38361359,-30.03261279,-3.46602515,-0.00437737,-0.03270319,-0.01900078,0.00324660,-0.01167151,-0.00699744
5.020,-0.90908803,0.52304390,2.02062508,-0.38494346,-0.11109106,-0.14209322,-0.04306494,-0.01242814,-0.01589646,-0.90475930,0.55585887,2.03968928,-0.38821589,-0.09943389,-0.13512008,-0.37593547,-30.17265511,-3.57299455,-0.37593547,-30.17265511,-3.57299455,-0.38106179,-30.06262208,-3.47902007,-0.00432873,-0.03281497,-0.01906420,0.00327243,-0.01165717,-0.00697314
5.030,-0.91293961,0.52193237,2.01920336,-0.38537203,-0.11121475,-0.14225142,-0.04264923,-0.01230817,-0.01574300,-0.90865964,0.55485898,2.03833082,-0.38867028,-0.09957259,-0.13530142,-0.37336036,-30.20267783,-3.58606312,-0.37336036,-30.20267783,-3.58606312,-0.37850273,-30.09261603,-3.49200448,-0.00427997,-0.03292661,-0.01912746,0.00329825,-0.01164216,-0.00695000
5.040,-0.91679546,0.52081961,2.01778006,-0.38579644,-0.11133723,-0.14240808,-0.04223278,-0.01218798,-0.01558928,-0.91256435,0.55385773,2.03697067,-0.38912050,-0.09971080,-0.13547980,-0.37077747,-30.23267616,-3.59914125,-0.37077747,-30.23267616,-3.59914125,-0.37593547,-30.12259240,-3.50498708,-0.00423111,-0.03303812,-0.01919061,0.00332406,-0.01162643,-0.00692828
5.050,-0.92065553,0.51970563,2.01635520,-0.38621668,-0.11145850,-0.14256320,-0.04181561,-0.01206759,-0.01543529,-0.91647340,0.55285511,2.03560886,-0.38956655,-0.09984850,-0.13565503,-0.36818630,-30.26264899,-3.61223335,-0.36818630,-30.26264899,-3.61223335,-0.37336036,-30.15254702,-3.51797275,-0.00418213,-0.03314948,-0.01925366,0.00334987,-0.01161000,-0.00690817
5.060,-0.92451978,0.51859044,2.01492880,-0.38663275,-0.11157858,-0.14271679,-0.04139773,-0.01194699,-0.01528104,-0.92038674,0.55185114,2.03424543,-0.39000842,-0.09998570,-0.13582703,-0.36558695,-30.29259659,-3.62534264,-0.36558695,-30.29259659,-3.62534264,-0.37077747,-30.18247752,-3.53096974,-0.00413304,-0.03326070,-0.01931663,0.00337567,-0.01159288,-0.00688976
5.070,-0.92838817,0.51747406,2.01350087,-0.38704463,-0.11169744,-0.14286882,-0.04097914,-0.01182619,-0.01512653,-0.92430433,0.55084581,2.03288041,-0.39044613,-0.10012235,-0.13599579,-0.36297931,-30.32251612,-3.63847222,-0.36297931,-30.32251612,-3.63847222,-0.36818630,-30.21238284,-3.54398232,-0.00408384,-0.03337175,-0.01937954,0.00340150,-0.01157509,-0.00687303
5.080,-0.93226066,0.51635650,2.01207143,-0.38745233,-0.11181510,-0.14301932,-0.04055984,-0.01170519,-0.01497175,-0.92822613,0.54983915,2.03151383,-0.39087965,-0.10025842,-0.13616138,-0.36036364,-30.35240908,-3.65162305,-0.36036364,-30.35240908,-3.65162305,-0.36558695,-30.24226328,-3.55701356,-0.00403453,-0.03348265,-0.01944240,0.00342732,-0.01155668,-0.00685794
5.090,-0.93613720,0.51523776,2.01064049,-0.38785583,-0.11193155,-0.14316826,-0.04013986,-0.01158399,-0.01481673,-0.93215210,0.54883115,2.03014572,-0.39130899,-0.10039386,-0.13632395,-0.35773932,-30.38227850,-3.66479584,-0.35773932,-30.38227850,-3.66479584,-0.36297931,-30.27211604,-3.57006639,-0.00398510,-0.03359339,-0.01950523,0.00345316,-0.01153769,-0.00684431
5.100,-0.94001776,0.51411787,2.00920807,-0.38825512,-0.11204678,-0.14331565,-0.03971919,-0.01146259,-0.01466145,-0.93608220,0.54782182,2.02877609,-0.39173414,-0.10052859,-0.13648369,-0.35510690,-30.41212188,-3.67798909,-0.35510690,-30.41212188,-3.67798909,-0.36036364,-30.30194267,-3.58314160,-0.00393556,-0.03370395,-0.01956802,0.00347902,-0.01151819,-0.00683196
5.110,-0.94390229,0.51299683,2.00777418,-0.38865021,-0.11216080,-0.14346149,-0.03929785,-0.01134099,-0.01450592,-0.94001638,0.54681117,2.02740496,-0.39215510,-0.10066257,-0.13664083,-0.35246613,-30.44194379,-3.69120178,-0.35246613,-30.44194379,-3.69120178,-0.35773932,-30.33174624,-3.59623971,-0.00388591,-0.03381434,-0.01963078,0.00350489,-0.01149823,-0.00682066
5.120,-0.94779075,0.51187466,2.00633884,-0.38904108,-0.11227360,-0.14360577,-0.03887583,-0.01121920,-0.01435014,-0.94395460,0.54579922,2.02603236,-0.39257186,-0.10079572,-0.13679564,-0.34981694,-30.47174439,-3.70443051,-0.34981694,-30.47174439,-3.70443051,-0.35510690,-30.36152431,-3.60935905,-0.00383615,-0.03392456,-0.01969352,0.00353078,-0.01147788,-0.00681013
5.130,-0.95168310,0.51075136,2.00490207,-0.38942772,-0.11238518,-0.14374849,-0.03845316,-0.01109722,-0.01419412,-0.94789682,0.54478597,2.02465830,-0.39298442,-0.10092796,-0.13694839,-0.34715938,-30.50152837,-3.71767131,-0.34715938,-30.50152837,-3.71767131,-0.35246613,-30.39128145,-3.62249845,-0.00378628,-0.03403461,-0.01975623,0.00355670,-0.01145722,-0.00680010
5.140,-0.95557929,0.50962696,2.00346388,-0.38981014,-0.11249554,-0.14388965,-0.03802983,-0.01097505,-0.01403786,-0.95184300,0.54377144,2.02328277,-0.39339278,-0.10105922,-0.13709937,-0.34449324,-30.53129446,-3.73092131,-0.34449324,-30.53129446,-3.73092131,-0.34981694,-30.42101788,-3.63565435,-0.00373629,-0.03414448,-0.01981889,0.00358264,-0.01143632,-0.00679028
5.150,-0.95947929,0.50850146,2.00202428,-0.39018832,-0.11260468,-0.14402924,-0.03760585,-0.01085269,-0.01388135,-0.95579309,0.54275564,2.02190580,-0.39379692,-0.10118945,-0.13724884,-0.34181895,-30.56104735,-3.74417732,-0.34181895,-30.56104735,-3.74417732,-0.34715938,-30.45073829,-3.64882269,-0.00368620,-0.03425418,-0.01988152,0.00360860,-0.01141523,-0.00678040
5.160,-0.96338304,0.50737487,2.00058330,-0.39056225,-0.11271260,-0.14416727,-0.03718123,-0.01073015,-0.01372461,-0.95974706,0.54173858,2.02052738,-0.39419684,-0.10131859,-0.13739704,-0.33913557,-30.59078961,-3.75743328,-0.33913557,-30.59078961,-3.75743328,-0.34449324,-30.48044147,-3.66200048,-0.00363598,-0.03436371,-0.01994408,0.00363459,-0.01139401,-0.00677023
5.170,-0.96729052,0.50624721,1.99914094,-0.39093194,-0.11281928,-0.14430374,-0.03675598,-0.01060743,-0.01356764,-0.96370485,0.54072028,2.01914753,-0.39459254,-0.10144657,-0.13754420,-0.33644442,-30.62052090,-3.77068755,-0.33644442,-30.62052090,-3.77068755,-0.34181895,-30.51013209,-3.67518449,-0.00358567,-0.03447307,-0.02000659,0.00366060,-0.01137271,-0.00675954
5.180,-0.97120167,0.50511849,1.99769723,-0.39129737,-0.11292474,-0.14443863,-0.03633010,-0.01048453,-0.01341044,-0.96766644,0.53970074,2.01776623,-0.39498401,-0.10157337,-0.13769049,-0.33374444,-30.65024398,-3.78393409,-0.33374444,-30.65024398,-3.78393409,-0.33913557,-30.53981273,-3.68836860,-0.00353523,-0.03458225,-0.02006900,0.00368664,-0.01135137,-0.00674814
5.190,-0.97511645,0.50398872,1.99625218,-0.39165854,-0.11302897,-0.14457194,-0.03590361,-0.01036145,-0.01325301,-0.97163177,0.53867998,2.01638351,-0.39537124,-0.10169894,-0.13783606,-0.33103582,-30.67996028,-3.79717034,-0.33103582,-30.67996028,-3.79717034,-0.33644442,-30.56948308,-3.70155116,-0.00348468,-0.03469126,-0.02013133,0.00371270,-0.01133003,-0.00673588
5.200,-0.97903482,0.50285791,1.99480580,-0.39201544,-0.11313197,-0.14470369,-0.03547651,-0.01023819,-0.01309536,-0.97560080,0.53765802,2.01499935,-0.39575423,-0.10182326,-0.13798101,-0.32831865,-30.70967118,-3.81039444,-0.32831865,-30.70967118,-3.81039444,-0.33374444,-30.59914587,-3.71472615,-0.00343402,-0.03480011,-0.02019355,0.00373879,-0.01130871,-0.00672268
5.210,-0.98295675,0.50172608,1.99335811,-0.39236807,-0.11323374,-0.14483385,-0.03504881,-0.01011476,-0.01293748,-0.97957349,0.53663487,2.01361376,-0.39613297,-0.10194632,-0.13812541,-0.32559363,-30.73937571,-3.82360306,-0.32559363,-30.73937571,-3.82360306,-0.33103582,-30.62880252,-3.72789105,-0.00338326,-0.03490879,-0.02025565,0.00376490,-0.01128742,-0.00670844
5.220,-0.98688217,0.50059324,1.99190912,-0.39271641,-0.11333427,-0.14496243,-0.03462051,-0.00999115,-0.01277938,-0.98354980,0.53561053,2.01222675,-0.39650745,-0.10206812,-0.13826926,-0.32285923,-30.76907416,-3.83679525,-0.32285923,-30.76907416,-3.83679525,-0.32831865,-30.65845442,-3.74104403,-0.00333237,-0.03501729,-0.02031763,0.00379104,-0.01126615,-0.00669317
5.230,-0.99081106,0.49945940,1.99045886,-0.39306048,-0.11343356,-0.14508944,-0.03419162,-0.00986738,-0.01262107,-0.98752968,0.53458503,2.01083833,-0.39687767,-0.10218866,-0.13841257,-0.32011689,-30.79876686,-3.84996766,-0.32011689,-30.79876686,-3.84996766,-0.32559363,-30.68810057,-3.75418182,-0.00328138,-0.03512563,-0.02037947,0.00381719,-0.01124490,-0.00667687
5.240,-0.99474337,0.49832457,1.98900734,-0.39340025,-0.11353161,-0.14521486,-0.03376216,-0.00974344,-0.01246254,-0.99151310,0.53355837,2.00944849,-0.39724363,-0.10230796,-0.13855527,-0.31736597,-30.82845382,-3.86312013,-0.31736597,-30.82845382,-3.86312013,-0.32285923,-30.71774125,-3.76730356,-0.00323027,-0.03523380,-0.02044115,0.00384338,-0.01122365,-0.00665959
5.250,-0.99867905,0.49718877,1.98755457,-0.39373572,-0.11362843,-0.14533869,-0.03333212,-0.00961934,-0.01230380,-0.99550000,0.53253057,2.00805726,-0.39760531,-0.10242602,-0.13869730,-0.31460618,-30.85813307,-3.87625329,-0.31460618,-30.85813307,-3.87625329,-0.32011689,-30.74737676,-3.78040598,-0.00317905,-0.03534180,-0.02050269,0.00386959,-0.01120241,-0.00664139
5.260,-1.00261807,0.49605201,1.98610057,-0.39406689,-0.11372400,-0.14546093,-0.03290152,-0.00949507,-0.01214486,-0.99949035,0.53150163,2.00666464,-0.39796272,-0.10254287,-0.13883854,-0.31183825,-30.88780334,-3.88936678,-0.31183825,-30.88780334,-3.88936678,-0.31736597,-30.77700710,-3.79348899,-0.00312772,-0.03544962,-0.02056407,0.00389583,-0.01118113,-0.00662239
5.270,-1.00656037,0.49491430,1.98464536,-0.39439375,-0.11381833,-0.14558158,-0.03247037,-0.00937064,-0.01198571,-1.00348410,0.53047158,2.00527064,-0.39831583,-0.10265854,-0.13897888,-0.30906127,-30.91746423,-3.90246063,-0.30906127,-30.91746423,-3.90246063,-0.31460618,-30.80663029,-3.80655333,-0.00307627,-0.03555728,-0.02062528,0.00392208,-0.01115979,-0.00660270
5.280,-1.01050593,0.49377565,1.98318895,-0.39471629,-0.11391141,-0.14570064,-0.03203866,-0.00924606,-0.01182635,-1.00748121,0.52944041,2.00387528,-0.39866466,-0.10277305,-0.13911820,-0.30627634,-30.94711451,-3.91553670,-0.30627634,-30.94711451,-3.91553670,-0.31183825,-30.83624504,-3.81959871,-0.00302472,-0.03566476,-0.02068633,0.00394837,-0.01113836,-0.00658244
5.290,-1.01445469,0.49263607,1.98173135,-0.39503452,-0.11400325,-0.14581811,-0.03160641,-0.00912131,-0.01166680,-1.01148164,0.52840815,2.00247857,-0.39900919,-0.10288644,-0.13925635,-0.30348282,-30.97675353,-3.92859716,-0.30348282,-30.97675353,-3.92859716,-0.30906127,-30.86585092,-3.83262523,-0.00297305,-0.03577208,-0.02074722,0.00397467,-0.01111681,-0.00656176
5.300,-1.01840660,0.49149559,1.98027259,-0.39534842,-0.11409384,-0.14593398,-0.03117363,-0.00899642,-0.01150704,-1.01548534,0.52737479,2.00108053,-0.39934941,-0.10299874,-0.13939320,-0.30068018,-31.00637590,-3.94164124,-0.30068018,-31.00637590,-3.94164124,-0.30627634,-30.89544670,-3.84563481,-0.00292126,-0.03587920,-0.02080794,0.00400099,-0.01109510,-0.00654078
5.310,-1.02236164,0.49035420,1.97881268,-0.39565799,-0.11418318,-0.14604825,-0.03074032,-0.00887137,-0.01134710,-1.01949227,0.52634035,1.99968118,-0.39968532,-0.10310997,-0.13952864,-0.29786966,-31.03598460,-3.95467134,-0.29786966,-31.03598460,-3.95467134,-0.30348282,-30.92503171,-3.85862968,-0.00286937,-0.03598615,-0.02086850,0.00402733,-0.01107321,-0.00651961
5.320,-1.02631975,0.48921193,1.97735163,-0.39596322,-0.11427127,-0.14616092,-0.03030649,-0.00874617,-0.01118696,-1.02350239,0.52530485,1.99828054,-0.40001692,-0.10322015,-0.13966255,-0.29505038,-31.06557466,-3.96768989,-0.29505038,-31.06557466,-3.96768989,-0.30068018,-30.95460055,-3.87160912,-0.00281736,-0.03609292,-0.02092891,0.00405370,-0.01105112,-0.00649837
5.330,-1.03028089,0.48806878,1.97588946,-0.39626412,-0.11435810,-0.14627199,-0.02987215,-0.00862082,-0.01102663,-1.02751565,0.52426828,1.99687862,-0.40034420,-0.10332931,-0.13979481,-0.29222269,-31.09514683,-3.98069778,-0.29222269,-31.09514683,-3.98069778,-0.29786966,-30.98415620,-3.88457553,-0.00276524,-0.03619950,-0.02098916,0.00408008,-0.01102879,-0.00647718
5.340,-1.03424502,0.48692477,1.97442620,-0.39656066,-0.11444368,-0.14638145,-0.02943731,-0.00849533,-0.01086612,-1.03153201,0.52323066,1.99547545,-0.40066715,-0.10343747,-0.13992536,-0.28938646,-31.12469871,-3.99369415,-0.28938646,-31.12469871,-3.99369415,-0.29505038,-31.01369369,-3.89753138,-0.00271301,-0.03630589,-0.02104925,0.00410649,-0.01100621,-0.00645609
5.350,-1.03821209,0.48577991,1.97296184,-0.39685286,-0.11452801,-0.14648931,-0.02900197,-0.00836969,-0.01070542,-1.03555143,0.52219200,1.99407105,-0.40098576,-0.10354463,-0.14005413,-0.28654167,-31.15422969,-4.00668417,-0.28654167,-31.15422969,-4.00668417,-0.29222269,-31.04321377,-3.91047756,-0.00266066,-0.03641209,-0.02110921,0.00413290,-0.01098338,-0.00643518
5.360,-1.04218206,0.48463421,1.97149641,-0.39714070,-0.11461107,-0.14659556,-0.02856614,-0.00824392,-0.01054455,-1.03957386,0.52115230,1.99266543,-0.40130004,-0.10365082,-0.14018107,-0.28368834,-31.18373855,-4.01966667,-0.28368834,-31.18373855,-4.01966667,-0.28938646,-31.07271403,-3.92341321,-0.00260820,-0.03651809,-0.02116902,0.00415934,-0.01096025,-0.00641449
5.370,-1.04615489,0.48348769,1.97002993,-0.39742418,-0.11469288,-0.14670020,-0.02812982,-0.00811800,-0.01038349,-1.04359925,0.52011159,1.99125862,-0.40160997,-0.10375602,-0.14030616,-0.28082669,-31.21322368,-4.03264176,-0.28082669,-31.21322368,-4.03264176,-0.28654167,-31.10219386,-3.93634347,-0.00255564,-0.03662390,-0.02122869,0.00418579,-0.01093686,-0.00639404
5.380,-1.05013053,0.48234036,1.96856242,-0.39770330,-0.11477343,-0.14680323,-0.02769304,-0.00799195,-0.01022226,-1.04762758,0.51906986,1.98985063,-0.40191555,-0.10386026,-0.14042938,-0.27795649,-31.24268459,-4.04560928,-0.27795649,-31.24268459,-4.04560928,-0.28368834,-31.13165207,-3.94926715,-0.00250295,-0.03672950,-0.02128821,0.00421225,-0.01091317,-0.00637385
5.390,-1.05410894,0.48119223,1.96709388,-0.39797804,-0.11485272,-0.14690465,-0.02725579,-0.00786576,-0.01006086,-1.05165878,0.51802713,1.98844148,-0.40221677,-0.10396352,-0.14055075,-0.27507774,-31.27212125,-4.05857186,-0.27507774,-31.27212125,-4.05857186,-0.28082669,-31.16108704,-3.96218433,-0.00245016,-0.03683490,-0.02134760,0.00423873,-0.01088920,-0.00635390
5.400,-1.05809007,0.48004331,1.96562433,-0.39824841,-0.11493075,-0.14700445,-0.02681807,-0.00773944,-0.00989929,-1.05569282,0.51698340,1.98703119,-0.40251363,-0.10406579,-0.14067029,-0.27219032,-31.30153379,-4.07152882,-0.27219032,-31.30153379,-4.07152882,-0.27795649,-31.19049828,-3.97509483,-0.00239725,-0.03694009,-0.02140686,0.00426522,-0.01086496,-0.00633416
5.410,-1.06207389,0.47889362,1.96415379,-0.39851440,-0.11500751,-0.14710263,-0.02637991,-0.00761299,-0.00973755,-1.05972966,0.51593869,1.98561978,-0.40280613,-0.10416708,-0.14078804,-0.26929485,-31.33092009,-4.08447927,-0.26929485,-31.33092009,-4.08447927,-0.27507774,-31.21988578,-3.98800122,-0.00234423,-0.03704507,-0.02146599,0.00429173,-0.01084043,-0.00631459
5.420,-1.06606035,0.47774316,1.96268228,-0.39877601,-0.11508301,-0.14719920,-0.02594131,-0.00748642,-0.00957565,-1.06376924,0.51489301,1.98420726,-0.40309425,-0.10426737,-0.14090404,-0.26639111,-31.36028287,-4.09742220,-0.26639111,-31.36028287,-4.09742220,-0.27219032,-31.24924967,-4.00090279,-0.00229111,-0.03714985,-0.02152498,0.00431824,-0.01081564,-0.00629516
5.430,-1.07004940,0.47659196,1.96120981,-0.39903323,-0.11515724,-0.14729414,-0.02550226,-0.00735971,-0.00941359,-1.06781154,0.51384636,1.98279364,-0.40337799,-0.10436664,-0.14101835,-0.26347872,-31.38961822,-4.11035759,-0.26347872,-31.38961822,-4.11035759,-0.26929485,-31.27858786,-4.01379862,-0.00223786,-0.03725440,-0.02158383,0.00434476,-0.01079060,-0.00627579
5.440,-1.07404100,0.47544002,1.95973640,-0.39928605,-0.11523020,-0.14738747,-0.02506279,-0.00723289,-0.00925137,-1.07185649,0.51279877,1.98137895,-0.40365735,-0.10446490,-0.14113103,-0.26055784,-31.41892858,-4.12328424,-0.26055784,-31.41892858,-4.12328424,-0.26639111,-31.30790304,-4.02668766,-0.00218451,-0.03735875,-0.02164255,0.00437130,-0.01076530,-0.00625644
5.450,-1.07803510,0.47428736,1.95826207,-0.39953448,-0.11530190,-0.14747917,-0.02462290,-0.00710594,-0.00908899,-1.07590406,0.51175023,1.97996320,-0.40393232,-0.10456212,-0.14124214,-0.25762834,-31.44821283,-4.13620038,-0.25762834,-31.44821283,-4.13620038,-0.26347872,-31.33719133,-4.03956985,-0.00213104,-0.03746287,-0.02170113,0.00439784,-0.01073978,-0.00623703
5.460,-1.08203167,0.47313399,1.95678683,-0.39977851,-0.11537232,-0.14756925,-0.02418259,-0.00697887,-0.00892646,-1.07995421,0.51070076,1.97854639,-0.40420289,-0.10465829,-0.14135175,-0.25469088,-31.47747079,-4.14910600,-0.25469088,-31.47747079,-4.14910600,-0.26055784,-31.36645517,-4.05244396,-0.00207746,-0.03756677,-0.02175956,0.00442438,-0.01071403,-0.00621750
5.470,-1.08603066,0.47197992,1.95531069,-0.40001813,-0.11544147,-0.14765770,-0.02374188,-0.00685168,-0.00876378,-1.08400689,0.50965037,1.97712855,-0.40446906,-0.10475341,-0.14145989,-0.25174512,-31.50670327,-4.16200088,-0.25174512,-31.50670327,-4.16200088,-0.25762834,-31.39569345,-4.06530822,-0.00202377,-0.03767045,-0.02181786,0.00445093,-0.01068806,-0.00619781
5.480,-1.09003202,0.47082516,1.95383368,-0.40025334,-0.11550935,-0.14774452,-0.02330076,-0.00672438,-0.00860095,-1.08806205,0.50859908,1.97570968,-0.40473082,-0.10484746,-0.14156662,-0.24879081,-31.53591076,-4.17488190,-0.24879081,-31.53591076,-4.17488190,-0.25469088,-31.42490598,-4.07816258,-0.00196997,-0.03777392,-0.02187600,0.00447748,-0.01066189,-0.00617790
5.490,-1.09403571,0.46966974,1.95235580,-0.40048414,-0.11557596,-0.14782972,-0.02285926,-0.00659697,-0.00843798,-1.09211965,0.50754688,1.97428980,-0.40498817,-0.10494044,-0.14167200,-0.24582824,-31.56508968,-4.18775051,-0.24582824,-31.56508968,-4.18775051,-0.25174512,-31.45409358,-4.09100683,-0.00191606,-0.03787714,-0.02193400,0.00450403,-0.01063552,-0.00615772
5.500,-1.09804169,0.46851365,1.95087709,-0.40071053,-0.11564129,-0.14791328,-0.02241737,-0.00646944,-0.00827487,-1.09617965,0.50649380,1.97286892,-0.40524111,-0.10503234,-0.14177604,-0.24285769,-31.59424400,-4.20060197,-0.24285769,-31.59424400,-4.20060197,-0.24879081,-31.48325674,-4.10383782,-0.00186204,-0.03798015,-0.02199183,0.00453058,-0.01060895,-0.00613724
5.510,-1.10204991,0.46735691,1.94939754,-0.40093249,-0.11570535,-0.14799521,-0.02197511,-0.00634181,-0.00811162,-1.10024200,0.50543985,1.97144705,-0.40548961,-0.10512315,-0.14187879,-0.23987870,-31.62337244,-4.21343937,-0.23987870,-31.62337244,-4.21343937,-0.24582824,-31.51239188,-4.11665700,-0.00180791,-0.03808294,-0.02204951,0.00455712,-0.01058220,-0.00611642
5.520,-1.10606032,0.46619955,1.94791719,-0.40115003,-0.11576813,-0.14807551,-0.02153248,-0.00621407,-0.00794823,-1.10430666,0.50438503,1.97002420,-0.40573369,-0.10521288,-0.14198025,-0.23689117,-31.65247079,-4.22625838,-0.23689117,-31.65247079,-4.22625838,-0.24285769,-31.54150298,-4.12945966,-0.00175366,-0.03818548,-0.02210701,0.00458366,-0.01055525,-0.00609526
5.530,-1.11007289,0.46504156,1.94643604,-0.40136314,-0.11582963,-0.14815418,-0.02108948,-0.00608623,-0.00778471,-1.10837358,0.50332935,1.96860039,-0.40597334,-0.10530152,-0.14208043,-0.23389576,-31.68154320,-4.23906073,-0.23389576,-31.68154320,-4.23906073,-0.23987870,-31.57058872,-4.14224887,-0.00169931,-0.03828779,-0.02216435,0.00461020,-0.01052811,-0.00607375
5.540,-1.11408757,0.46388296,1.94495411,-0.40157182,-0.11588985,-0.14823121,-0.02064614,-0.00595828,-0.00762106,-1.11244272,0.50227283,1.96717563,-0.40620855,-0.10538907,-0.14217935,-0.23089226,-31.71058774,-4.25184523,-0.23089226,-31.71058774,-4.25184523,-0.23689117,-31.59964492,-4.15502034,-0.00164485,-0.03838987,-0.02222152,0.00463673,-0.01050078,-0.00605186
5.550,-1.11810432,0.46272376,1.94347142,-0.40177606,-0.11594880,-0.14830660,-0.02020244,-0.00583023,-0.00745728,-1.11651404,0.50121548,1.96574993,-0.40643931,-0.10547554,-0.14227697,-0.22788084,-31.73960475,-4.26461088,-0.22788084,-31.73960475,-4.26461088,-0.23389576,-31.62867572,-4.16777580,-0.00159028,-0.03849172,-0.02227851,0.00466325,-0.01047326,-0.00602963
5.560,-1.12212308,0.46156399,1.94198798,-0.40197586,-0.11600646,-0.14838035,-0.01975841,-0.00570209,-0.00729337,-1.12058748,0.50015731,1.96432331,-0.40666562,-0.10556093,-0.14237331,-0.22486079,-31.76858945,-4.27735828,-0.22486079,-31.76858945,-4.27735828,-0.23089226,-31.65767919,-4.18051408,-0.00153560,-0.03859332,-0.02233533,0.00468976,-0.01044553,-0.00600704
5.570,-1.12614382,0.46040364,1.94050382,-0.40217123,-0.11606284,-0.14845247,-0.01931405,-0.00557385,-0.00712935,-1.12466301,0.49909833,1.96289577,-0.40688748,-0.10564525,-0.14246832,-0.22183302,-31.79754603,-4.29008529,-0.22183302,-31.79754603,-4.29008529,-0.22788084,-31.68665564,-4.19323420,-0.00148081,-0.03869469,-0.02239195,0.00471625,-0.01041759,-0.00598415
5.580,-1.13016649,0.45924273,1.93901894,-0.40236214,-0.11611793,-0.14852294,-0.01886936,-0.00544552,-0.00696520,-1.12874059,0.49803855,1.96146734,-0.40710488,-0.10572850,-0.14256199,-0.21879697,-31.82647202,-4.30279400,-0.21879697,-31.82647202,-4.30279400,-0.22486079,-31.71560032,-4.20593677,-0.00142590,-0.03879582,-0.02244840,0.00474274,-0.01038943,-0.00596095
5.590,-1.13419105,0.45808128,1.93753337,-0.40254861,-0.11617175,-0.14859177,-0.01842436,-0.00531710,-0.00680094,-1.13282015,0.49697798,1.96003803,-0.40731781,-0.10581069,-0.14265430,-0.21575316,-31.85536588,-4.31548249,-0.21575316,-31.85536588,-4.31548249,-0.22183302,-31.74451740,-4.21861969,-0.00137090,-0.03889670,-0.02250466,0.00476920,-0.01036106,-0.00593747
5.600,-1.13821745,0.45691930,1.93604711,-0.40273063,-0.11622428,-0.14865896,-0.01797905,-0.00518858,-0.00663656,-1.13690167,0.49591662,1.95860785,-0.40752627,-0.10589183,-0.14274520,-0.21270128,-31.88422667,-4.32815323,-0.21270128,-31.88422667,-4.32815323,-0.21879697,-31.77340440,-4.23128505,-0.00131578,-0.03899732,-0.02256074,0.00479564,-0.01033245,-0.00591376
5.610,-1.14224564,0.45575680,1.93456019,-0.40290819,-0.11627552,-0.14872450,-0.01753343,-0.00505998,-0.00647207,-1.14098509,0.49485450,1.95717682,-0.40773026,-0.10597192,-0.14283467,-0.20964101,-31.91305413,-4.34080420,-0.20964101,-31.91305413,-4.34080420,-0.21575316,-31.80225978,-4.24393095,-0.00126055,-0.03909770,-0.02261663,0.00482207,-0.01030360,-0.00588983
5.620,-1.14627559,0.45459380,1.93307263,-0.40308130,-0.11632548,-0.14878840,-0.01708753,-0.00493130,-0.00630748,-1.14507037,0.49379162,1.95574496,-0.40792977,-0.10605097,-0.14292268,-0.20657326,-31.94184642,-4.35343503,-0.20657326,-31.94184642,-4.35343503,-0.21270128,-31.83108261,-4.25655987,-0.00120522,-0.03919782,-0.02267233,0.00484847,-0.01027451,-0.00586572
5.630,-1.15030725,0.45343030,1.93158443,-0.40324994,-0.11637414,-0.14885065,-0.01664134,-0.00480253,-0.00614278,-1.14915747,0.49272799,1.95431227,-0.40812479,-0.10612898,-0.14300920,-0.20349760,-31.97060462,-4.36604819,-0.20349760,-31.97060462,-4.36604819,-0.20964101,-31.85987263,-4.26916981,-0.00114978,-0.03929769,-0.02272784,0.00487485,-0.01024516,-0.00584145
5.640,-1.15434058,0.45226632,1.93009562,-0.40341412,-0.11642153,-0.14891125,-0.01619487,-0.00467369,-0.00597797,-1.15324634,0.49166362,1.95287877,-0.40831532,-0.10620596,-0.14309422,-0.20041444,-31.99932757,-4.37864180,-0.20041444,-31.99932757,-4.37864180,-0.20657326,-31.88862797,-4.28176040,-0.00109424,-0.03939730,-0.02278315,0.00490120,-0.01021557,-0.00581703
5.650,-1.15837552,0.45110187,1.92860621,-0.40357384,-0.11646762,-0.14897021,-0.01574813,-0.00454476,-0.00581307,-1.15733694,0.49059852,1.95144449,-0.40850137,-0.10628191,-0.14317770,-0.19732311,-32.02801408,-4.39121700,-0.19732311,-32.02801408,-4.39121700,-0.20349760,-31.91734973,-4.29433411,-0.00103858,-0.03949665,-0.02283828,0.00492753,-0.01018571,-0.00579251
5.660,-1.16241204,0.44993697,1.92711622,-0.40372909,-0.11651242,-0.14902751,-0.01530112,-0.00441576,-0.00564806,-1.16142921,0.48953271,1.95000944,-0.40868291,-0.10635684,-0.14325964,-0.19422427,-32.05666233,-4.40377314,-0.19422427,-32.05666233,-4.40377314,-0.20041444,-31.94603676,-4.30688908,-0.00098283,-0.03959574,-0.02289322,0.00495382,-0.01015558,-0.00576787
5.670,-1.16645009,0.44877163,1.92562567,-0.40387986,-0.11655593,-0.14908317,-0.01485386,-0.00428668,-0.00548297,-1.16552312,0.48846618,1.94857363,-0.40885995,-0.10643075,-0.14334001,-0.19111761,-32.08527222,-4.41630992,-0.19111761,-32.08527222,-4.41630992,-0.19732311,-31.97468784,-4.31942644,-0.00092697,-0.03969455,-0.02294796,0.00498009,-0.01012518,-0.00574316
5.680,-1.17048962,0.44760586,1.92413456,-0.40402616,-0.11659815,-0.14913717,-0.01440635,-0.00415754,-0.00531778,-1.16961862,0.48739896,1.94713708,-0.40903248,-0.10650363,-0.14341881,-0.18800307,-32.11384369,-4.42882958,-0.18800307,-32.11384369,-4.42882958,-0.19422427,-32.00330118,-4.33194554,-0.00087100,-0.03979310,-0.02300252,0.00500632,-0.01009452,-0.00571836
5.690,-1.17453060,0.44643967,1.92264293,-0.40416799,-0.11663908,-0.14918953,-0.01395860,-0.00402832,-0.00515250,-1.17371567,0.48633105,1.94569980,-0.40920050,-0.10657550,-0.14349603,-0.18488145,-32.14237673,-4.44132876,-0.18488145,-32.14237673,-4.44132876,-0.19111761,-32.03187667,-4.34444607,-0.00081493,-0.03989138,-0.02305687,0.00503251,-0.01006358,-0.00569350
5.700,-1.17857297,0.44527308,1.92115078,-0.40430533,-0.11667872,-0.14924022,-0.01351062,-0.00389904,-0.00498714,-1.17781421,0.48526246,1.94426181,-0.40936401,-0.10664634,-0.14357168,-0.18175182,-32.17086938,-4.45380945,-0.18175182,-32.17086938,-4.45380945,-0.18800307,-32.06041426,-4.35693027,-0.00075876,-0.03998938,-0.02311103,0.00505868,-0.01003238,-0.00566854
5.710,-1.18261669,0.44410610,1.91965813,-0.40443820,-0.11671706,-0.14928927,-0.01306241,-0.00376969,-0.00482170,-1.18191421,0.48419320,1.94282313,-0.40952300,-0.10671616,-0.14364575,-0.17861474,-32.19932131,-4.46627128,-0.17861474,-32.19932131,-4.46627128,-0.18488145,-32.08891393,-4.36939478,-0.00070248,-0.04008710,-0.02316500,0.00508480,-0.01000090,-0.00564352
5.720,-1.18666172,0.44293874,1.91816500,-0.40456658,-0.11675411,-0.14933666,-0.01261399,-0.00364028,-0.00465617,-1.18601562,0.48312329,1.94138378,-0.40967746,-0.10678495,-0.14371824,-0.17547027,-32.22773296,-4.47871330,-0.17547027,-32.22773296,-4.47871330,-0.18175182,-32.11737372,-4.38184158,-0.00064610,-0.04018455,-0.02321878,0.00511088,-0.00996916,-0.00561842
5.730,-1.19070801,0.44177102,1.91667140,-0.40469048,-0.11678987,-0.14938239,-0.01216535,-0.00351081,-0.00449057,-1.19011839,0.48205273,1.93994376,-0.40982740,-0.10685271,-0.14378918,-0.17231836,-32.25610246,-4.49113620,-0.17231836,-32.25610246,-4.49113620,-0.17861474,-32.14579331,-4.39427029,-0.00058962,-0.04028171,-0.02327236,0.00513692,-0.00993716,-0.00559321
5.740,-1.19475551,0.44060295,1.91517736,-0.40480989,-0.11682433,-0.14942647,-0.01171651,-0.00338127,-0.00432489,-1.19422248,0.48098154,1.93850309,-0.40997280,-0.10691943,-0.14385856,-0.16915869,-32.28442959,-4.50353773,-0.16915869,-32.28442959,-4.50353773,-0.17547027,-32.17417315,-4.40667995,-0.00053303,-0.04037859,-0.02332573,0.00516291,-0.00990490,-0.00556791
5.750,-1.19880419,0.43943454,1.91368288,-0.40492481,-0.11685749,-0.14946889,-0.01126747,-0.00325169,-0.00415913,-1.19832785,0.47990971,1.93706179,-0.41011367,-0.10698512,-0.14392640,-0.16599208,-32.31271454,-4.51591991,-0.16599208,-32.31271454,-4.51591991,-0.17231836,-32.20251136,-4.41907124,-0.00047634,-0.04047517,-0.02337891,0.00518886,-0.00987237,-0.00554249
5.760,-1.20285399,0.43826580,1.91218798,-0.40503524,-0.11688936,-0.14950965,-0.01081825,-0.00312204,-0.00399331,-1.20243444,0.47883728,1.93561987,-0.41025000,-0.10704977,-0.14399270,-0.16281785,-32.34095781,-4.52828185,-0.16281785,-32.34095781,-4.52828185,-0.16915869,-32.23080774,-4.43144193,-0.00041955,-0.04057148,-0.02343189,0.00521476,-0.00983959,-0.00551695
5.770,-1.20690488,0.43709676,1.91069269,-0.40514117,-0.11691994,-0.14954875,-0.01036884,-0.00299235,-0.00382743,-1.20654221,0.47776423,1.93417736,-0.41038178,-0.10711337,-0.14405748,-0.15963670,-32.36915562,-4.54062113,-0.15963670,-32.36915562,-4.54062113,-0.16599208,-32.25906245,-4.44379399,-0.00036267,-0.04066747,-0.02348467,0.00524061,-0.00980657,-0.00549127
5.780,-1.21095680,0.43592741,1.90919701,-0.40524261,-0.11694921,-0.14958620,-0.00991927,-0.00286261,-0.00366147,-1.21065112,0.47669060,1.93273425,-0.41050902,-0.10717592,-0.14412076,-0.15644808,-32.39731147,-4.55293986,-0.15644808,-32.39731147,-4.55293986,-0.16281785,-32.28727603,-4.45612656,-0.00030568,-0.04076319,-0.02353724,0.00526641,-0.00977329,-0.00546544
5.790,-1.21500972,0.43475778,1.90770097,-0.40533956,-0.11697719,-0.14962198,-0.00946952,-0.00273282,-0.00349546,-1.21476111,0.47561638,1.93129057,-0.41063171,-0.10723742,-0.14418253,-0.15325278,-32.42542225,-4.56523544,-0.15325278,-32.42542225,-4.56523544,-0.15963670,-32.31544467,-4.46843720,-0.00024861,-0.04085860,-0.02358960,0.00529215,-0.00973977,-0.00543945
5.800,-1.21906358,0.43358787,1.90620458,-0.40543200,-0.11700387,-0.14965611,-0.00901962,-0.00260298,-0.00332939,-1.21887216,0.47454159,1.92984633,-0.41074985,-0.10729786,-0.14424282,-0.15004991,-32.45348982,-4.57750862,-0.15004991,-32.45348982,-4.57750862,-0.15644808,-32.34357188,-4.48072802,-0.00019142,-0.04095372,-0.02364175,0.00531785,-0.00970601,-0.00541329
5.810,-1.22311834,0.43241770,1.90470785,-0.40551995,-0.11702925,-0.14968857,-0.00856957,-0.00247310,-0.00316326,-1.22298420,0.47346623,1.92840155,-0.41086342,-0.10735723,-0.14430162,-0.14684002,-32.48151237,-4.58975978,-0.14684002,-32.48151237,-4.58975978,-0.15325278,-32.37165457,-4.49299643,-0.00013414,-0.04104853,-0.02369370,0.00534347,-0.00967202,-0.00538695
5.820,-1.22717396,0.43124729,1.90321081,-0.40560339,-0.11705333,-0.14971937,-0.00811938,-0.00234318,-0.00299708,-1.22709719,0.47239033,1.92695624,-0.41097244,-0.10741555,-0.14435894,-0.14362319,-32.50948804,-4.60198667,-0.14362319,-32.50948804,-4.60198667,-0.15004991,-32.39969458,-4.50524316,-0.00007677,-0.04114304,-0.02374543,0.00536905,-0.00963778,-0.00536043
5.830,-1.23123039,0.43007664,1.90171347,-0.40568234,-0.11707611,-0.14974851,-0.00766905,-0.00221321,-0.00283086,-1.23121109,0.47131388,1.92551042,-0.41107689,-0.10747279,-0.14441479,-0.14039948,-32.53741901,-4.61418988,-0.14039948,-32.53741901,-4.61418988,-0.14684002,-32.42769010,-4.51746862,-0.00001930,-0.04123724,-0.02379695,0.00539455,-0.00960332,-0.00533372
5.840,-1.23528759,0.42890577,1.90021585,-0.40575677,-0.11709759,-0.14977599,-0.00721859,-0.00208322,-0.00266458,-1.23532586,0.47023691,1.92406410,-0.41117677,-0.10752897,-0.14446916,-0.13716887,-32.56530344,-4.62636855,-0.13716887,-32.56530344,-4.62636855,-0.14362319,-32.45563929,-4.52967054,0.00003827,-0.04133114,-0.02384825,0.00542000,-0.00956862,-0.00530683
5.850,-1.23934551,0.42773469,1.89871796,-0.40582671,-0.11711777,-0.14980180,-0.00676801,-0.00195318,-0.00249826,-1.23944144,0.46915942,1.92261729,-0.41127209,-0.10758407,-0.14452206,-0.13393154,-32.59314148,-4.63852329,-0.13393154,-32.59314148,-4.63852329,-0.14039948,-32.48354431,-4.54184950,0.00009593,-0.04142473,-0.02389933,0.00544538,-0.00953370,-0.00527974
5.860,-1.24340411,0.42656342,1.89721982,-0.40589213,-0.11713666,-0.14982596,-0.00631732,-0.00182312,-0.00233190,-1.24355779,0.46808141,1.92117001,-0.41136282,-0.10763810,-0.14457348,-0.13068744,-32.62093160,-4.65065352,-0.13068744,-32.62093160,-4.65065352,-0.13716887,-32.51140334,-4.55400469,0.00015368,-0.04151799,-0.02395019,0.00547069,-0.00949856,-0.00525248
5.870,-1.24746334,0.42539196,1.89572144,-0.40595305,-0.11715424,-0.14984844,-0.00586652,-0.00169302,-0.00216549,-1.24767486,0.46700291,1.91972228,-0.41144899,-0.10769106,-0.14462341,-0.12743665,-32.64867521,-4.66275970,-0.12743665,-32.64867521,-4.66275970,-0.13393154,-32.53921651,-4.56613668,0.00021152,-0.04161095,-0.02400084,0.00549594,-0.00946318,-0.00522503
5.880,-1.25152316,0.42422034,1.89422285,-0.40600946,-0.11717052,-0.14986927,-0.00541563,-0.00156290,-0.00199906,-1.25179262,0.46592393,1.91827411,-0.41153057,-0.10774295,-0.14467186,-0.12417938,-32.67636878,-4.67483986,-0.12417938,-32.67636878,-4.67483986,-0.13068744,-32.56698230,-4.57824493,0.00026946,-0.04170359,-0.02405126,0.00552111,-0.00942757,-0.00519741
5.890,-1.25558352,0.42304856,1.89272406,-0.40606137,-0.11718549,-0.14988842,-0.00496464,-0.00143275,-0.00183259,-1.25591100,0.46484447,1.91682551,-0.41160757,-0.10779375,-0.14471881,-0.12091557,-32.70401410,-4.68689444,-0.12091557,-32.70401410,-4.68689444,-0.12743665,-32.59470212,-4.59032986,0.00032748,-0.04179591,-0.02410145,0.00554620,-0.00939174,-0.00516961
5.900,-1.25964437,0.42187663,1.89122509,-0.40610876,-0.11719917,-0.14990592,-0.00451357,-0.00130257,-0.00166608,-1.26002998,0.46376454,1.91537651,-0.41167998,-0.10784348,-0.14476427,-0.11764480,-32.73161199,-4.69892305,-0.11764480,-32.73161199,-4.69892305,-0.12417938,-32.62237245,-4.60238954,0.00038561,-0.04188791,-0.02415142,0.00557122,-0.00935569,-0.00514165
5.910,-1.26370568,0.42070458,1.88972595,-0.40615164,-0.11721155,-0.14992175,-0.00406243,-0.00117238,-0.00149955,-1.26414949,0.46268416,1.91392711,-0.41174780,-0.10789213,-0.14480822,-0.11436802,-32.75915820,-4.71092630,-0.11436802,-32.75915820,-4.71092630,-0.12091557,-32.64999506,-4.61442440,0.00044381,-0.04197958,-0.02420116,0.00559616,-0.00931942,-0.00511353
5.920,-1.26776739,0.41953241,1.88822666,-0.40619000,-0.11722262,-0.14993591,-0.00361122,-0.00104216,-0.00133300,-1.26826950,0.46160333,1.91247733,-0.41181104,-0.10793971,-0.14485066,-0.11108444,-32.78665446,-4.72290356,-0.11108444,-32.78665446,-4.72290356,-0.11764480,-32.67757078,-4.62643406,0.00050211,-0.04207092,-0.02425067,0.00562104,-0.00928291,-0.00508525
5.930,-1.27182946,0.41836013,1.88672724,-0.40622386,-0.11723239,-0.14994840,-0.00315995,-0.00091193,-0.00116642,-1.27238995,0.46052208,1.91102718,-0.41186968,-0.10798620,-0.14489157,-0.10779463,-32.81410125,-4.73485418,-0.10779463,-32.81410125,-4.73485418,-0.11436802,-32.70509536,-4.63841914,0.00056049,-0.04216195,-0.02429994,0.00564582,-0.00924619,-0.00505683
5.940,-1.27589185,0.41718776,1.88522770,-0.40625320,-0.11724086,-0.14995924,-0.00270863,-0.00078168,-0.00099983,-1.27651081,0.45944040,1.90957669,-0.41192372,-0.10803161,-0.14493096,-0.10449868,-32.84149668,-4.74677919,-0.10449868,-32.84149668,-4.74677919,-0.11108444,-32.73257054,-4.65037900,0.00061896,-0.04225264,-0.02434899,0.00567052,-0.00920925,-0.00502828
5.950,-1.27995451,0.41601532,1.88372806,-0.40627803,-0.11724802,-0.14996840,-0.00225726,-0.00065142,-0.00083322,-1.28063202,0.45835831,1.90812587,-0.41197317,-0.10807594,-0.14496880,-0.10119653,-32.86883850,-4.75867768,-0.10119653,-32.86883850,-4.75867768,-0.10779463,-32.75999678,-4.66231300,0.00067751,-0.04234299,-0.02439781,0.00569514,-0.00917208,-0.00499960
5.960,-1.28401740,0.41484281,1.88222834,-0.40629835,-0.11725389,-0.14997590,-0.00180585,-0.00052115,-0.00066659,-1.28475355,0.45727582,1.90667473,-0.41201801,-0.10811919,-0.14500511,-0.09788852,-32.89612952,-4.77054921,-0.09788852,-32.89612952,-4.77054921,-0.10449868,-32.78737221,-4.67422217,0.00073615,-0.04243301,-0.02444639,0.00571966,-0.00913470,-0.00497079
5.970,-1.28808046,0.41367024,1.88072855,-0.40631415,-0.11725845,-0.14998173,-0.00135441,-0.00039087,-0.00049995,-1.28887534,0.45619294,1.90522329,-0.41205825,-0.10816136,-0.14503987,-0.09457385,-32.92336923,-4.78239449,-0.09457385,-32.92336923,-4.78239449,-0.10119653,-32.81469457,-4.68610561,0.00079488,-0.04252270,-0.02449474,0.00574410,-0.00909709,-0.00494186
5.980,-1.29214366,0.41249764,1.87922871,-0.40632544,-0.11726170,-0.14998590,-0.00090296,-0.00026058,-0.00033331,-1.29299735,0.45510969,1.90377156,-0.41209389,-0.10820244,-0.14507307,-0.09125347,-32.95055374,-4.79421300,-0.09125347,-32.95055374,-4.79421300,-0.09788852,-32.84196668,-4.69796286,0.00085369,-0.04261205,-0.02454285,0.00576845,-0.00905926,-0.00491283
5.990,-1.29620696,0.41132502,1.87772884,-0.40633221,-0.11726366,-0.14998840,-0.00045148,-0.00013029,-0.00016665,-1.29711953,0.45402606,1.90231956,-0.41212492,-0.10824244,-0.14510472,-0.08792759,-32.97768390,-4.80600397,-0.08792759,-32.97768390,-4.80600397,-0.09457385,-32.86918801,-4.70979465,0.00091257,-0.04270104,-0.02459072,0.00579271,-0.00902122,-0.00488368
6.000,-1.30027029,0.41015237,1.87622895,-0.40633447,-0.11726431,-0.14998923,-0.00000000,-0.00000000,-0.00000000,-1.30124183,0.45294208,1.90086731,-0.41215133,-0.10828134,-0.14513482,-0.08459516,-33.00476320,-4.81776821,-0.08459516,-33.00476320,-4.81776821,-0.09125347,-32.89635471,-4.72160045,0.00097154,-0.04278971,-0.02463836,0.00581686,-0.00898297,-0.00485441
6.010,-1.30433363,0.40897973,1.87472906,-0.40633221,-0.11726366,-0.14998840,0.00045148,0.00013029,0.00016665,-1.30536422,0.45185775,1.89941482,-0.41217314,-0.10831916,-0.14516335,-0.08125738,-33.03178619,-4.82950512,-0.08125738,-33.03178619,-4.82950512,-0.08792759,-32.92346760,-4.73337949,0.00103059,-0.04287802,-0.02468576,0.00584093,-0.00894450,-0.00482505
6.020,-1.30839692,0.40780711,1.87322918,-0.40632544,-0.11726170,-0.14998590,0.00090296,0.00026058,0.00033331,-1.30948664,0.45077309,1.89796211,-0.41219034,-0.10835588,-0.14519033,-0.07791370,-33.05875268,-4.84121542,-0.07791370,-33.05875268,-4.84121542,-0.08459516,-32.95053018,-4.74513258,0.00108972,-0.04296598,-0.02473293,0.00586490,-0.00890582,-0.00479557
6.030,-1.31246012,0.40663450,1.87172934,-0.40631415,-0.11725845,-0.14998173,0.00135441,0.00039087,0.00049995,-1.31360905,0.44968811,1.89650919,-0.41220292,-0.10839151,-0.14521574,-0.07456434,-33.08566757,-4.85289689,-0.07456434,-33.08566757,-4.85289689,-0.08125738,-32.97753700,-4.75685913,0.00114893,-0.04305361,-0.02477985,0.00588877,-0.00886694,-0.00476599
6.040,-1.31652319,0.40546194,1.87022955,-0.40629835,-0.11725389,-0.14997590,0.00180585,0.00052115,0.00066659,-1.31773139,0.44860281,1.89505608,-0.41221088,-0.10842604,-0.14523960,-0.07120974,-33.11252444,-4.86455032,-0.07120974,-33.11252444,-4.86455032,-0.07791370,-33.00448786,-4.76855983,0.00120820,-0.04314087,-0.02482653,0.00591253,-0.00882785,-0.00473630
6.050,-1.32058608,0.40428943,1.86872983,-0.40627803,-0.11724802,-0.14996840,0.00225726,0.00065142,0.00083322,-1.32185364,0.44751722,1.89360279,-0.41221423,-0.10845946,-0.14526191,-0.06784961,-33.13932546,-4.87617491,-0.06784961,-33.13932546,-4.87617491,-0.07456434,-33.03138770,-4.78023247,0.00126756,-0.04322779,-0.02487296,0.00593620,-0.00878856,-0.00470649
6.060,-1.32464874,0.40311698,1.86723019,-0.40625320,-0.11724086,-0.14995924,0.00270863,0.00078168,0.00099983,-1.32597573,0.44643133,1.89214934,-0.41221295,-0.10849179,-0.14528267,-0.06448389,-33.16607157,-4.88777151,-0.06448389,-33.16607157,-4.88777151,-0.07120974,-33.05823006,-4.79187786,0.00132699,-0.04331435,-0.02491915,0.00595975,-0.00874907,-0.00467657
6.070,-1.32871112,0.40194462,1.86573065,-0.40622386,-0.11723239,-0.14994840,0.00315995,0.00091193,0.00116642,-1.33009762,0.44534516,1.89069575,-0.41220706,-0.10852301,-0.14530187,-0.06111241,-33.19275828,-4.89933922,-0.06111241,-33.19275828,-4.89933922,-0.06784961,-33.08501713,-4.80349517,0.00138650,-0.04340054,-0.02496510,0.00598320,-0.00870938,-0.00464653
6.080,-1.33277320,0.40077234,1.86423123,-0.40619000,-0.11722262,-0.14993591,0.00361122,0.00104216,0.00133300,-1.33421927,0.44425873,1.88924202,-0.41219654,-0.10855312,-0.14531952,-0.05773638,-33.21939015,-4.91087757,-0.05773638,-33.21939015,-4.91087757,-0.06448389,-33.11174985,-4.81508527,0.00144607,-0.04348639,-0.02501079,0.00600654,-0.00866950,-0.00461639
6.090,-1.33683491,0.39960017,1.86273194,-0.40615164,-0.11721155,-0.14992175,0.00406243,0.00117238,0.00149955,-1.33834063,0.44317204,1.88778818,-0.41218140,-0.10858212,-0.14533563,-0.05435487,-33.24596344,-4.92238714,-0.05435487,-33.24596344,-4.92238714,-0.06111241,-33.13842372,-4.82664725,0.00150572,-0.04357187,-0.02505624,0.00602976,-0.00862943,-0.00458612
6.100,-1.34089622,0.39842811,1.86123280,-0.40610876,-0.11719917,-0.14990592,0.00451357,0.00130257,0.00166608,-1.34246165,0.44208510,1.88633424,-0.41216163,-0.10861000,-0.14535018,-0.05096845,-33.27248000,-4.93386718,-0.05096845,-33.27248000,-4.93386718,-0.05773638,-33.16504332,-4.83818065,0.00156543,-0.04365699,-0.02510144,0.00605287,-0.00858917,-0.00455574
6.110,-1.34495707,0.39725619,1.85973383,-0.40606137,-0.11718549,-0.14988842,0.00496464,0.00143275,0.00183259,-1.34658229,0.44099793,1.88488022,-0.41213724,-0.10863677,-0.14536318,-0.04757658,-33.29893642,-4.94531696,-0.04757658,-33.29893642,-4.94531696,-0.05435487,-33.19160489,-4.84968604,0.00162522,-0.04374174,-0.02514639,0.00607587,-0.00854872,-0.00452524
6.120,-1.34901743,0.39608441,1.85823504,-0.40600946,-0.11717052,-0.14986927,0.00541563,0.00156290,0.00199906,-1.35070251,0.43991053,1.88342613,-0.41210822,-0.10866243,-0.14537464,-0.04417996,-33.32533526,-4.95673743,-0.04417996,-33.32533526,-4.95673743,-0.05096845,-33.21811030,-4.86116267,0.00168508,-0.04382612,-0.02519109,0.00609876,-0.00850809,-0.00449463
6.130,-1.35307724,0.39491278,1.85673645,-0.40595305,-0.11715424,-0.14984844,0.00586652,0.00169302,0.00216549,-1.35482224,0.43882293,1.88197199,-0.41207457,-0.10868697,-0.14538455,-0.04077815,-33.35167606,-4.96812758,-0.04077815,-33.35167606,-4.96812758,-0.04757658,-33.24455613,-4.87260982,0.00174500,-0.04391015,-0.02523554,0.00612152,-0.00846727,-0.00446389
6.140,-1.35713647,0.39374133,1.85523807,-0.40589213,-0.11713666,-0.14982596,0.00631732,0.00182312,0.00233190,-1.35894146,0.43773512,1.88051781,-0.41203630,-0.10871038,-0.14539292,-0.03737186,-33.37795541,-4.97948845,-0.03737186,-33.37795541,-4.97948845,-0.04417996,-33.27094494,-4.88402843,0.00180499,-0.04399379,-0.02527974,0.00614417,-0.00842628,-0.00443304
6.150,-1.36119507,0.39257006,1.85373993,-0.40582671,-0.11711777,-0.14980180,0.00676801,0.00195318,0.00249826,-1.36306010,0.43664713,1.87906361,-0.41199339,-0.10873267,-0.14539973,-0.03396102,-33.40417515,-4.99081752,-0.03396102,-33.40417515,-4.99081752,-0.04077815,-33.29727629,-4.89541749,0.00186503,-0.04407707,-0.02532368,0.00616668,-0.00838510,-0.00440207
6.160,-1.36525299,0.39139898,1.85224204,-0.40575677,-0.11709759,-0.14977599,0.00721859,0.00208322,0.00266458,-1.36717814,0.43555895,1.87760940,-0.41194586,-0.10875384,-0.14540500,-0.03054523,-33.43033626,-5.00211580,-0.03054523,-33.43033626,-5.00211580,-0.03737186,-33.32354674,-4.90677803,0.00192515,-0.04415997,-0.02536736,0.00618909,-0.00834375,-0.00437099
6.170,-1.36931019,0.39022811,1.85074442,-0.40568234,-0.11707611,-0.14974851,0.00766905,0.00221321,0.00283086,-1.37129551,0.43447061,1.87615520,-0.41189369,-0.10877388,-0.14540873,-0.02712516,-33.45643663,-5.01338236,-0.02712516,-33.45643663,-5.01338236,-0.03396102,-33.34975815,-4.91810756,0.00198532,-0.04424250,-0.02541078,0.00621135,-0.00830223,-0.00433978
6.180,-1.37336662,0.38905746,1.84924708,-0.40560339,-0.11705333,-0.14971937,0.00811938,0.00234318,0.00299708,-1.37541217,0.43338212,1.87470102,-0.41183689,-0.10879280,-0.14541091,-0.02370028,-33.48247644,-5.02461811,-0.02370028,-33.48247644,-5.02461811,-0.03054523,-33.37591149,-4.92940707,0.00204555,-0.04432466,-0.02545394,0.00623350,-0.00826053,-0.00430846
6.190,-1.37742224,0.38788705,1.84775004,-0.40551995,-0.11702925,-0.14968857,0.00856957,0.00247310,0.00316326,-1.37952808,0.43229348,1.87324689,-0.41177546,-0.10881058,-0.14541155,-0.02027125,-33.50845390,-5.03582237,-0.02027125,-33.50845390,-5.03582237,-0.02712516,-33.40200466,-4.94067564,0.00210584,-0.04440643,-0.02549685,0.00625551,-0.00821867,-0.00427702
6.200,-1.38147701,0.38671688,1.84625331,-0.40543200,-0.11700387,-0.14965611,0.00901962,0.00260298,0.00332939,-1.38364320,0.43120471,1.87179281,-0.41170940,-0.10882724,-0.14541063,-0.01683817,-33.53437121,-5.04699594,-0.01683817,-33.53437121,-5.04699594,-0.02370028,-33.42803784,-4.95191418,0.00216619,-0.04448783,-0.02553950,0.00627740,-0.00817663,-0.00424548
6.210,-1.38553087,0.38554697,1.84475692,-0.40533956,-0.11697719,-0.14962198,0.00946952,0.00273282,0.00349546,-1.38775746,0.43011581,1.87033880,-0.41163871,-0.10884276,-0.14540816,-0.01340058,-33.56022660,-5.05813652,-0.01340058,-33.56022660,-5.05813652,-0.02027125,-33.45400923,-4.96312200,0.00222659,-0.04456884,-0.02558188,0.00629915,-0.00813443,-0.00421382
6.220,-1.38958378,0.38437734,1.84326088,-0.40524261,-0.11694921,-0.14958620,0.00991927,0.00286261,0.00366147,-1.39187084,0.42902681,1.86888488,-0.41156338,-0.10885716,-0.14540413,-0.00995856,-33.58601829,-5.06924508,-0.00995856,-33.58601829,-5.06924508,-0.01683817,-33.47992105,-4.97429991,0.00228706,-0.04464947,-0.02562400,0.00632077,-0.00809205,-0.00418207
6.230,-1.39363571,0.38320799,1.84176520,-0.40514117,-0.11691994,-0.14954875,0.01036884,0.00299235,0.00382743,-1.39598327,0.42793771,1.86743107,-0.41148342,-0.10887042,-0.14539855,-0.00651317,-33.61174880,-5.08032225,-0.00651317,-33.61174880,-5.08032225,-0.01340058,-33.50577151,-4.98544562,0.00234756,-0.04472972,-0.02566587,0.00634225,-0.00804952,-0.00415020
6.240,-1.39768659,0.38203895,1.84026991,-0.40503524,-0.11688936,-0.14950965,0.01081825,0.00312204,0.00399331,-1.40009472,0.42684852,1.86597737,-0.41139883,-0.10888254,-0.14539141,-0.00306321,-33.63741367,-5.09136605,-0.00306321,-33.63741367,-5.09136605,-0.00995856,-33.53155883,-4.99656009,0.00240813,-0.04480957,-0.02570746,0.00636359,-0.00800682,-0.00411824
6.250,-1.40173640,0.38087021,1.83877501,-0.40492481,-0.11685749,-0.14946889,0.01126747,0.00325169,0.00415913,-1.40420514,0.42575925,1.86452380,-0.41130961,-0.10889353,-0.14538272,0.00039010,-33.66301780,-5.10237865,0.00039010,-33.66301780,-5.10237865,-0.00651317,-33.55728555,-5.00764394,0.00246874,-0.04488904,-0.02574879,0.00638480,-0.00796396,-0.00408617
6.260,-1.40578507,0.37970180,1.83728054,-0.40480989,-0.11682433,-0.14942647,0.01171651,0.00338127,0.00432489,-1.40831448,0.42466992,1.86307038,-0.41121575,-0.10890339,-0.14537246,0.00384786,-33.68855743,-5.11335638,0.00384786,-33.68855743,-5.11335638,-0.00306321,-33.58294719,-5.01869520,0.00252941,-0.04496812,-0.02578984,0.00640586,-0.00792094,-0.00405401
6.270,-1.40983258,0.37853373,1.83578649,-0.40469048,-0.11678987,-0.14938239,0.01216535,0.00351081,0.00449057,-1.41242270,0.42358054,1.86161713,-0.41111727,-0.10891211,-0.14536064,0.00730874,-33.71403242,-5.12430301,0.00730874,-33.71403242,-5.12430301,0.00039010,-33.60854867,-5.02971605,0.00259012,-0.04504681,-0.02583064,0.00642679,-0.00787776,-0.00402175
6.280,-1.41387887,0.37736601,1.83429289,-0.40456658,-0.11675411,-0.14933666,0.01261399,0.00364028,0.00465617,-1.41652975,0.42249112,1.86016406,-0.41101415,-0.10891969,-0.14534726,0.01077344,-33.73944296,-5.13521652,0.01077344,-33.73944296,-5.13521652,0.00384786,-33.63408622,-5.04070282,0.00265088,-0.04512511,-0.02587117,0.00644757,-0.00783442,-0.00398940
6.290,-1.41792390,0.37619865,1.83279976,-0.40443820,-0.11671706,-0.14928927,0.01306241,0.00376969,0.00482170,-1.42063558,0.42140166,1.85871118,-0.41090640,-0.10892613,-0.14533232,0.01424152,-33.76478963,-5.14609606,0.01424152,-33.76478963,-5.14609606,0.00730874,-33.65955970,-5.05165927,0.00271168,-0.04520301,-0.02591142,0.00646820,-0.00779093,-0.00395695
6.300,-1.42196762,0.37503167,1.83130711,-0.40430533,-0.11667872,-0.14924022,0.01351062,0.00389904,0.00498714,-1.42474015,0.42031219,1.85725852,-0.41079402,-0.10893143,-0.14531581,0.01771331,-33.79007066,-5.15694242,0.01771331,-33.79007066,-5.15694242,0.01077344,-33.68496929,-5.06258337,0.00277253,-0.04528052,-0.02595141,0.00648869,-0.00774729,-0.00392441
6.310,-1.42600999,0.37386508,1.82981496,-0.40416799,-0.11663908,-0.14918953,0.01395860,0.00402832,0.00515250,-1.42884341,0.41922271,1.85580609,-0.41067702,-0.10893559,-0.14529774,0.02118826,-33.81528591,-5.16775512,0.02118826,-33.81528591,-5.16775512,0.01424152,-33.71031559,-5.07347430,0.00283342,-0.04535763,-0.02599113,0.00650903,-0.00770349,-0.00389179
6.320,-1.43005096,0.37269889,1.82832333,-0.40402616,-0.11659815,-0.14913717,0.01440635,0.00415754,0.00531778,-1.43294532,0.41813323,1.85435389,-0.41055538,-0.10893861,-0.14527811,0.02466681,-33.84043594,-5.17853315,0.02466681,-33.84043594,-5.17853315,0.01771331,-33.73559682,-5.08433282,0.00289436,-0.04543434,-0.02603056,0.00652922,-0.00765954,-0.00385906
6.330,-1.43409050,0.37153312,1.82683223,-0.40387986,-0.11655593,-0.14908317,0.01485386,0.00428668,0.00548297,-1.43704582,0.41704377,1.85290196,-0.41042912,-0.10894049,-0.14525691,0.02814791,-33.86551897,-5.18927762,0.02814791,-33.86551897,-5.18927762,0.02118826,-33.76081285,-5.09515847,0.00295532,-0.04551065,-0.02606973,0.00654926,-0.00761544,-0.00382626
6.340,-1.43812854,0.37036778,1.82534167,-0.40372909,-0.11651242,-0.14902751,0.01530112,0.00441576,0.00564806,-1.44114487,0.41595434,1.85145030,-0.41029822,-0.10894123,-0.14523414,0.03163277,-33.89053519,-5.19998916,0.03163277,-33.89053519,-5.19998916,0.02466681,-33.78596422,-5.10595024,0.00301633,-0.04558656,-0.02610863,0.00656913,-0.00757119,-0.00379337
6.350,-1.44216506,0.36920288,1.82385168,-0.40357384,-0.11646762,-0.14897021,0.01574813,0.00454476,0.00581307,-1.44524244,0.41486494,1.84999893,-0.41016271,-0.10894082,-0.14520980,0.03512021,-33.91548482,-5.21066579,0.03512021,-33.91548482,-5.21066579,0.02814791,-33.81104917,-5.11670922,0.00307738,-0.04566206,-0.02614725,0.00658887,-0.00752680,-0.00376041
6.360,-1.44620001,0.36803843,1.82236227,-0.40341412,-0.11642153,-0.14891125,0.01619487,0.00467369,0.00597797,-1.44933846,0.41377559,1.84854787,-0.41002256,-0.10893927,-0.14518390,0.03861031,-33.94036812,-5.22130805,0.03861031,-33.94036812,-5.22130805,0.03163277,-33.83606788,-5.12743606,0.00313845,-0.04573716,-0.02618560,0.00660844,-0.00748226,-0.00372735
6.370,-1.45023333,0.36687445,1.82087346,-0.40324994,-0.11637414,-0.14885065,0.01664134,0.00480253,0.00614278,-1.45343289,0.41268631,1.84709713,-0.40987780,-0.10893658,-0.14515643,0.04210365,-33.96518296,-5.23191541,0.04210365,-33.96518296,-5.23191541,0.03512021,-33.86102058,-5.13812877,0.00319956,-0.04581186,-0.02622367,0.00662786,-0.00743756,-0.00369422
6.380,-1.45426499,0.36571095,1.81938527,-0.40308130,-0.11632548,-0.14878840,0.01708753,0.00493130,0.00630748,-1.45752569,0.41159710,1.84564673,-0.40972841,-0.10893273,-0.14512740,0.04559945,-33.98993060,-5.24248707,0.04559945,-33.98993060,-5.24248707,0.03861031,-33.88590752,-5.14878789,0.00326070,-0.04588615,-0.02626146,0.00664711,-0.00739275,-0.00366100
6.390,-1.45829494,0.36454795,1.81789770,-0.40290819,-0.11627552,-0.14872450,0.01753343,0.00505998,0.00647207,-1.46161682,0.41050797,1.84419668,-0.40957440,-0.10892774,-0.14509681,0.04909804,-34.01460823,-5.25302532,0.04909804,-34.01460823,-5.25302532,0.04210365,-33.91072657,-5.15941290,0.00332188,-0.04596002,-0.02629898,0.00666621,-0.00734778,-0.00362769
6.400,-1.46232314,0.36338545,1.81641078,-0.40273063,-0.11622428,-0.14865896,0.01797905,0.00518858,0.00663656,-1.46570622,0.40941894,1.84274700,-0.40941577,-0.10892161,-0.14506465,0.05259888,-34.03921872,-5.26352807,0.05259888,-34.03921872,-5.26352807,0.04559945,-33.93547900,-5.17000299,0.00338308,-0.04603349,-0.02633622,0.00668514,-0.00730267,-0.00359431
6.410,-1.46634954,0.36222346,1.81492453,-0.40254861,-0.11617175,-0.14859177,0.01842436,0.00531710,0.00680094,-1.46979385,0.40833001,1.84129770,-0.40925253,-0.10891432,-0.14503092,0.05610231,-34.06376200,-5.27399447,0.05610231,-34.06376200,-5.27399447,0.04909804,-33.96016199,-5.18056044,0.00344431,-0.04610655,-0.02637317,0.00670392,-0.00725743,-0.00356085
6.420,-1.47037410,0.36106201,1.81343895,-0.40236214,-0.11611793,-0.14852294,0.01886936,0.00544552,0.00696520,-1.47387966,0.40724121,1.83984880,-0.40908467,-0.10890589,-0.14499564,0.05960792,-34.08823430,-5.28442689,0.05960792,-34.08823430,-5.28442689,0.05259888,-33.98477843,-5.19108318,0.00350556,-0.04617920,-0.02640985,0.00672253,-0.00721204,-0.00352730
6.430,-1.47439677,0.35990111,1.81195407,-0.40217123,-0.11606284,-0.14845247,0.01931405,0.00557385,0.00712935,-1.47796360,0.40615253,1.83840032,-0.40891219,-0.10889630,-0.14495879,0.06311582,-34.11263648,-5.29482316,0.06311582,-34.11263648,-5.29482316,0.05610231,-34.00932823,-5.20157035,0.00356683,-0.04625142,-0.02644625,0.00674096,-0.00716654,-0.00349368
6.440,-1.47841751,0.35874076,1.81046991,-0.40197586,-0.11600646,-0.14838035,0.01975841,0.00570209,0.00729337,-1.48204564,0.40506400,1.83695227,-0.40873510,-0.10888557,-0.14492038,0.06662596,-34.13697010,-5.30518239,0.06662596,-34.13697010,-5.30518239,0.05960792,-34.03380761,-5.21202432,0.00362813,-0.04632324,-0.02648236,0.00675924,-0.00712089,-0.00345997
6.450,-1.48243627,0.35758098,1.80898647,-0.40177606,-0.11594880,-0.14830660,0.02020244,0.00583023,0.00745728,-1.48612573,0.40397562,1.83550466,-0.40855340,-0.10887369,-0.14488041,0.07013820,-34.16123374,-5.31550707,0.07013820,-34.16123374,-5.31550707,0.06311582,-34.05821747,-5.22244290,0.00368946,-0.04639464,-0.02651819,0.00677734,-0.00707511,-0.00342619
6.460,-1.48645301,0.35642179,1.80750378,-0.40157182,-0.11588985,-0.14823121,0.02064614,0.00595828,0.00762106,-1.49020381,0.40288740,1.83405752,-0.40836709,-0.10886065,-0.14483888,0.07365239,-34.18542524,-5.32579491,0.07365239,-34.18542524,-5.32579491,0.06662596,-34.08255932,-5.23282525,0.00375080,-0.04646561,-0.02655374,0.00679527,-0.00702920,-0.00339233
6.470,-1.49046769,0.35526319,1.80602185,-0.40136314,-0.11582963,-0.14815418,0.02108948,0.00608623,0.00778471,-1.49427984,0.40179936,1.83261085,-0.40817618,-0.10884646,-0.14479579,0.07716825,-34.20954752,-5.33604666,0.07716825,-34.20954752,-5.33604666,0.07013820,-34.10683178,-5.24317381,0.00381215,-0.04653617,-0.02658900,0.00681304,-0.00698317,-0.00335839
6.480,-1.49448026,0.35410520,1.80454070,-0.40115003,-0.11576813,-0.14807551,0.02153248,0.00621407,0.00794823,-1.49835378,0.40071151,1.83116468,-0.40798066,-0.10883112,-0.14475114,0.08068589,-34.23359848,-5.34626159,0.08068589,-34.23359848,-5.34626159,0.07365239,-34.13103268,-5.25348631,0.00387352,-0.04660631,-0.02662398,0.00683063,-0.00693701,-0.00332437
6.490,-1.49849068,0.35294783,1.80306035,-0.40093249,-0.11570535,-0.14799521,0.02197511,0.00634181,0.00811162,-1.50242558,0.39962386,1.82971902,-0.40778054,-0.10881463,-0.14470494,0.08420505,-34.25757832,-5.35643909,0.08420505,-34.25757832,-5.35643909,0.07716825,-34.15516494,-5.26376350,0.00393490,-0.04667603,-0.02665867,0.00684805,-0.00689072,-0.00329027
6.500,-1.50249890,0.35179110,1.80158080,-0.40071053,-0.11564129,-0.14791328,0.02241737,0.00646944,0.00827487,-1.50649520,0.39853642,1.82827388,-0.40757583,-0.10879699,-0.14465717,0.08772583,-34.28148526,-5.36658143,0.08772583,-34.28148526,-5.36658143,0.08068589,-34.17922645,-5.27400466,0.00399630,-0.04674532,-0.02669308,0.00686530,-0.00684430,-0.00325611
6.510,-1.50650487,0.35063501,1.80010209,-0.40048414,-0.11557596,-0.14782972,0.02285926,0.00659697,0.00843798,-1.51056259,0.39744920,1.82682928,-0.40736651,-0.10877819,-0.14460784,0.09124859,-34.30532182,-5.37668494,0.09124859,-34.30532182,-5.37668494,0.08420505,-34.20321743,-5.28420916,0.00405772,-0.04681419,-0.02672719,0.00688237,-0.00679777,-0.00322188
6.520,-1.51050856,0.34947958,1.79862421,-0.40025334,-0.11550935,-0.14774452,0.02330076,0.00672438,0.00860095,-1.51462770,0.39636222,1.82538524,-0.40715260,-0.10875824,-0.14455696,0.09477233,-34.32908592,-5.38675324,0.09477233,-34.32908592,-5.38675324,0.08772583,-34.22713607,-5.29437928,0.00411914,-0.04688264,-0.02676103,0.00689926,-0.00675111,-0.00318756
6.530,-1.51450993,0.34832483,1.79714720,-0.40001813,-0.11544147,-0.14765770,0.02374188,0.00685168,0.00876378,-1.51869048,0.39527548,1.82394177,-0.40693410,-0.10873713,-0.14450451,0.09829679,-34.35277607,-5.39678287,0.09829679,-34.35277607,-5.39678287,0.09124859,-34.25098491,-5.30451135,0.00418055,-0.04695065,-0.02679457,0.00691597,-0.00670434,-0.00315319
6.540,-1.51850891,0.34717076,1.79567107,-0.39977851,-0.11537232,-0.14756925,0.02418259,0.00697887,0.00892646,-1.52275090,0.39418900,1.82249888,-0.40671101,-0.10871488,-0.14445051,0.10182321,-34.37639450,-5.40677447,0.10182321,-34.37639450,-5.40677447,0.09477233,-34.27476187,-5.31460899,0.00424199,-0.04701824,-0.02682781,0.00693250,-0.00665744,-0.00311874
6.550,-1.52250548,0.34601739,1.79419582,-0.39953448,-0.11530190,-0.14747917,0.02462290,0.00710594,0.00908899,-1.52680890,0.39310279,1.82105660,-0.40648334,-0.10869146,-0.14439494,0.10535035,-34.39993943,-5.41673033,0.10535035,-34.39993943,-5.41673033,0.09829679,-34.29846546,-5.32466875,0.00430342,-0.04708540,-0.02686078,0.00694886,-0.00661044,-0.00308423
6.560,-1.52649959,0.34486473,1.79272149,-0.39928605,-0.11523020,-0.14738747,0.02506279,0.00723289,0.00925137,-1.53086445,0.39201685,1.81961494,-0.40625108,-0.10866690,-0.14433782,0.10887832,-34.42341069,-5.42664688,0.10887832,-34.42341069,-5.42664688,0.10182321,-34.32209790,-5.33469125,0.00436486,-0.04715212,-0.02689345,0.00696503,-0.00656330,-0.00304965
6.570,-1.53049119,0.34371279,1.79124808,-0.39903323,-0.11515724,-0.14729414,0.02550226,0.00735971,0.00941359,-1.53491748,0.39093121,1.81817391,-0.40601425,-0.10864118,-0.14427913,0.11240726,-34.44680921,-5.43652625,0.11240726,-34.44680921,-5.43652625,0.10535035,-34.34565742,-5.34467879,0.00442629,-0.04721842,-0.02692583,0.00698102,-0.00651606,-0.00301501
6.580,-1.53448024,0.34256158,1.78977561,-0.39877601,-0.11508301,-0.14719920,0.02594131,0.00748642,0.00957565,-1.53896797,0.38984588,1.81673352,-0.40577284,-0.10861430,-0.14421889,0.11593705,-34.47013483,-5.44636796,0.11593705,-34.47013483,-5.44636796,0.10887832,-34.36914385,-5.35462780,0.00448773,-0.04728430,-0.02695791,0.00699683,-0.00646871,-0.00298031
6.590,-1.53846669,0.34141113,1.78830410,-0.39851440,-0.11500751,-0.14710263,0.02637991,0.00761299,0.00973755,-1.54301586,0.38876086,1.81529381,-0.40552685,-0.10858627,-0.14415708,0.11946782,-34.49338376,-5.45617108,0.11946782,-34.49338376,-5.45617108,0.11240726,-34.39255811,-5.36454042,0.00454917,-0.04734973,-0.02698971,0.00701245,-0.00642124,-0.00294555
6.600,-1.54245051,0.34026144,1.78683356,-0.39824841,-0.11493075,-0.14700445,0.02681807,0.00773944,0.00989929,-1.54706110,0.38767616,1.81385477,-0.40527630,-0.10855709,-0.14409371,0.12299871,-34.51655853,-5.46593660,0.12299871,-34.51655853,-5.46593660,0.11593705,-34.41590006,-5.37441615,0.00461059,-0.04741472,-0.02702121,0.00702789,-0.00637366,-0.00291074
6.610,-1.54643165,0.33911252,1.78536402,-0.39797804,-0.11485272,-0.14690465,0.02725579,0.00786576,0.01006086,-1.55110366,0.38659180,1.81241643,-0.40502118,-0.10852675,-0.14402879,0.12652998,-34.53965901,-5.47566218,0.12652998,-34.53965901,-5.47566218,0.11946782,-34.43916589,-5.38425408,0.00467201,-0.04747928,-0.02705241,0.00704314,-0.00632597,-0.00287586
6.620,-1.55041006,0.33796439,1.78389548,-0.39770330,-0.11477343,-0.14680323,0.02769304,0.00799195,0.01022226,-1.55514349,0.38550780,1.81097880,-0.40476149,-0.10849526,-0.14396230,0.13006178,-34.56268377,-5.48535008,0.13006178,-34.56268377,-5.48535008,0.12299871,-34.46235814,-5.39405518,0.00473343,-0.04754341,-0.02708332,0.00705819,-0.00627817,-0.00284093
6.630,-1.55438570,0.33681706,1.78242796,-0.39742418,-0.11469288,-0.14670020,0.02812982,0.00811800,0.01038349,-1.55918053,0.38442415,1.80954190,-0.40449725,-0.10846261,-0.14389426,0.13359400,-34.58563299,-5.49499971,0.13359400,-34.58563299,-5.49499971,0.12652998,-34.48547667,-5.40381712,0.00479483,-0.04760709,-0.02711394,0.00707307,-0.00623027,-0.00280594
6.640,-1.55835853,0.33567054,1.78096148,-0.39714070,-0.11461107,-0.14659556,0.02856614,0.00824392,0.01054455,-1.56321475,0.38334087,1.80810574,-0.40422845,-0.10842881,-0.14382465,0.13712617,-34.60850688,-5.50461036,0.13712617,-34.60850688,-5.50461036,0.13006178,-34.50852006,-5.41354216,0.00485622,-0.04767033,-0.02714426,0.00708775,-0.00618226,-0.00277091
6.650,-1.56232850,0.33452484,1.77949605,-0.39685286,-0.11452801,-0.14648931,0.02900197,0.00836969,0.01070542,-1.56724610,0.38225798,1.80667034,-0.40395511,-0.10839385,-0.14375349,0.14065857,-34.63130601,-5.51418277,0.14065857,-34.63130601,-5.51418277,0.13359400,-34.53148849,-5.42322971,0.00491760,-0.04773314,-0.02717429,0.00710225,-0.00613416,-0.00273582
6.660,-1.56629557,0.33337998,1.77803170,-0.39656066,-0.11444368,-0.14638145,0.02943731,0.00849533,0.01086612,-1.57127454,0.38117549,1.80523572,-0.40367721,-0.10835774,-0.14368077,0.14419097,-34.65402790,-5.52371471,0.14419097,-34.65402790,-5.52371471,0.13712617,-34.55438217,-5.43287906,0.00497897,-0.04779551,-0.02720402,0.00711655,-0.00608594,-0.00270068
6.670,-1.57025970,0.33223597,1.77656843,-0.39626412,-0.11435810,-0.14627199,0.02987215,0.00862082,0.01102663,-1.57530001,0.38009340,1.80380188,-0.40339477,-0.10832047,-0.14360649,0.14772291,-34.67667343,-5.53320852,0.14772291,-34.67667343,-5.53320852,0.14065857,-34.57720168,-5.44249094,0.00504031,-0.04785743,-0.02723345,0.00713065,-0.00603763,-0.00266550
6.680,-1.57422084,0.33109282,1.77510626,-0.39596322,-0.11427127,-0.14616092,0.03030649,0.00874617,0.01118696,-1.57932248,0.37901174,1.80236885,-0.40310779,-0.10828205,-0.14353066,0.15125493,-34.69924281,-5.54266339,0.15125493,-34.69924281,-5.54266339,0.14419097,-34.59994451,-5.45206313,0.00510164,-0.04791892,-0.02726259,0.00714457,-0.00598922,-0.00263026
6.690,-1.57817895,0.32995055,1.77364521,-0.39565799,-0.11418318,-0.14604825,0.03074032,0.00887137,0.01134710,-1.58334190,0.37793050,1.80093664,-0.40281628,-0.10824247,-0.14345327,0.15478644,-34.72173388,-5.55207869,0.15478644,-34.72173388,-5.55207869,0.14772291,-34.62261156,-5.46159796,0.00516295,-0.04797995,-0.02729143,0.00715829,-0.00594071,-0.00259498
6.700,-1.58213398,0.32880916,1.77218530,-0.39534842,-0.11409384,-0.14593398,0.03117363,0.00899642,0.01150704,-1.58735822,0.37684970,1.79950526,-0.40252024,-0.10820174,-0.14337433,0.15831786,-34.74414921,-5.56145364,0.15831786,-34.74414921,-5.56145364,0.15125493,-34.64520304,-5.47109464,0.00522424,-0.04804054,-0.02731996,0.00717182,-0.00589210,-0.00255965
6.710,-1.58608590,0.32766868,1.77072654,-0.39503452,-0.11400325,-0.14581811,0.03160641,0.00912131,0.01166680,-1.59137140,0.37576936,1.79807474,-0.40221967,-0.10815985,-0.14329384,0.16184836,-34.76648503,-5.57078896,0.16184836,-34.76648503,-5.57078896,0.15478644,-34.66771679,-5.48055251,0.00528550,-0.04810068,-0.02734820,0.00718515,-0.00584340,-0.00252427
6.720,-1.59003466,0.32652910,1.76926895,-0.39471629,-0.11391141,-0.14570064,0.03203866,0.00924606,0.01182635,-1.59538139,0.37468948,1.79664508,-0.40191458,-0.10811680,-0.14321179,0.16537824,-34.78874551,-5.58008397,0.16537824,-34.78874551,-5.58008397,0.15831786,-34.69015538,-5.48997080,0.00534673,-0.04816038,-0.02737613,0.00719829,-0.00579461,-0.00248885
6.730,-1.59398021,0.32539045,1.76781253,-0.39439375,-0.11381833,-0.14558158,0.03247037,0.00937064,0.01198571,-1.59938815,0.37361008,1.79521631,-0.40160497,-0.10807260,-0.14312820,0.16890757,-34.81092722,-5.58934100,0.16890757,-34.81092722,-5.58934100,0.16184836,-34.71251503,-5.49935026,0.00540794,-0.04821963,-0.02740378,0.00721122,-0.00574573,-0.00245338
6.740,-1.59792252,0.32425274,1.76635732,-0.39406689,-0.11372400,-0.14546093,0.03290152,0.00949507,0.01214486,-1.60339164,0.37253117,1.79378843,-0.40129085,-0.10802725,-0.14304305,0.17243576,-34.83302997,-5.59855638,0.17243576,-34.83302997,-5.59855638,0.16537824,-34.73479992,-5.50869016,0.00546912,-0.04827843,-0.02743111,0.00722396,-0.00569675,-0.00241788
6.750,-1.60186153,0.32311598,1.76490332,-0.39373572,-0.11362843,-0.14533869,0.03333212,0.00961934,0.01230380,-1.60739180,0.37145276,1.79236147,-0.40097222,-0.10798073,-0.14295635,0.17596351,-34.85505433,-5.60773230,0.17596351,-34.85505433,-5.60773230,0.16890757,-34.75700662,-5.51799287,0.00553027,-0.04833678,-0.02745815,0.00723650,-0.00564770,-0.00238234
6.760,-1.60579722,0.32198017,1.76345055,-0.39340025,-0.11353161,-0.14521486,0.03376216,0.00974344,0.01246254,-1.61138860,0.37037486,1.79093544,-0.40064909,-0.10793306,-0.14286811,0.17948950,-34.87700216,-5.61686804,0.17948950,-34.87700216,-5.61686804,0.17243576,-34.77913494,-5.52725470,0.00559138,-0.04839469,-0.02748489,0.00724884,-0.00559855,-0.00234675
6.770,-1.60972953,0.32084535,1.76199903,-0.39306048,-0.11343356,-0.14508944,0.03419162,0.00986738,0.01262107,-1.61538205,0.36929765,1.78951103,-0.40032307,-0.10788000,-0.14276112,0.18303703,-34.89905062,-5.62623797,0.18303703,-34.89905062,-5.62623797,0.17243576,-34.77916956,-5.52733630,0.00565252,-0.04845230,-0.02751200,0.00726259,-0.00555356,-0.00232832
6.780,-1.61365841,0.31971151,1.76054877,-0.39271641,-0.11333427,-0.14496243,0.03462051,0.00999115,0.01277938,-1.61937204,0.36822098,1.78808759,-0.39999215,-0.10782683,-0.14265700,0.18657918,-34.92098476,-5.63552314,0.18657918,-34.92098476,-5.63552314,0.17948950,-34.82316850,-5.54569573,0.00571363,-0.04850947,-0.02753882,0.00727574,-0.00550744,-0.00230543
6.790,-1.61758384,0.31857867,1.75909978,-0.39236807,-0.11323374,-0.14483385,0.03504881,0.01011476,0.01293748,-1.62335854,0.36714486,1.78666508,-0.39965644,-0.10777322,-0.14255540,0.19011544,-34.94281487,-5.64472318,0.19011544,-34.94281487,-5.64472318,0.18303703,-34.84524442,-5.55511267,0.00577470,-0.04856619,-0.02756530,0.00728837,-0.00546052,-0.00227845
6.800,-1.62150576,0.31744684,1.75765210,-0.39201544,-0.11313197,-0.14470369,0.03547651,0.01023819,0.01309536,-1.62734148,0.36606929,1.78524351,-0.39931601,-0.10771894,-0.14245595,0.19364768,-34.96454997,-5.65383413,0.19364768,-34.96454997,-5.65383413,0.18657918,-34.86720671,-5.56444433,0.00583572,-0.04862245,-0.02759141,0.00730057,-0.00541303,-0.00224774
6.810,-1.62542413,0.31631603,1.75620572,-0.39165854,-0.11302897,-0.14457194,0.03590361,0.01036145,0.01325301,-1.63132084,0.36499431,1.78382285,-0.39897091,-0.10766382,-0.14235825,0.19717610,-34.98619671,-5.66286065,0.19717610,-34.98619671,-5.66286065,0.19011544,-34.88906565,-5.57369062,0.00589671,-0.04867828,-0.02761713,0.00731237,-0.00536515,-0.00221369
6.820,-1.62933892,0.31518626,1.75476066,-0.39129737,-0.11292474,-0.14443863,0.03633010,0.01048453,0.01341044,-1.63529656,0.36391991,1.78240313,-0.39862118,-0.10760775,-0.14226183,0.20070052,-35.00775715,-5.67180463,0.20070052,-35.00775715,-5.67180463,0.19364768,-34.91083020,-5.58284785,0.00595764,-0.04873365,-0.02764247,0.00732381,-0.00531699,-0.00217680
6.830,-1.63325007,0.31405754,1.75331695,-0.39093194,-0.11281928,-0.14430374,0.03675598,0.01060743,0.01356764,-1.63926860,0.36284612,1.78098433,-0.39826688,-0.10755067,-0.14216622,0.20422204,-35.02923358,-5.68066697,0.20422204,-35.02923358,-5.68066697,0.19717610,-34.93250698,-5.59192095,0.00601853,-0.04878858,-0.02766738,0.00733494,-0.00526861,-0.00213752
6.840,-1.63715754,0.31292988,1.75187459,-0.39056225,-0.11271260,-0.14416727,0.03718123,0.01073015,0.01372461,-1.64323691,0.36177294,1.77956648,-0.39790802,-0.10749257,-0.14207094,0.20774077,-35.05062730,-5.68945415,0.20774077,-35.05062730,-5.68945415,0.20070052,-34.95409802,-5.60091209,0.00607937,-0.04884306,-0.02769189,0.00734577,-0.00522003,-0.00209633
6.850,-1.64106130,0.31180329,1.75043361,-0.39018832,-0.11260468,-0.14402924,0.03760585,0.01085269,0.01388135,-1.64720146,0.36070038,1.77814959,-0.39754464,-0.10743344,-0.14197549,0.21125606,-35.07193748,-5.69816915,0.21125606,-35.07193748,-5.69816915,0.20422204,-34.97560555,-5.60982240,0.00614016,-0.04889709,-0.02771598,0.00735632,-0.00517124,-0.00205375
6.860,-1.64496129,0.31067779,1.74899401,-0.38981014,-0.11249554,-0.14388965,0.03802983,0.01097505,0.01403786,-1.65116219,0.35962845,1.77673368,-0.39717675,-0.10737331,-0.14187940,0.21476905,-35.09316199,-5.70681972,0.21476905,-35.09316199,-5.70681972,0.20774077,-34.99703085,-5.61865858,0.00620090,-0.04895066,-0.02773967,0.00736661,-0.00512223,-0.00201025
6.870,-1.64885749,0.30955339,1.74755582,-0.38942772,-0.11238518,-0.14374849,0.03845316,0.01109722,0.01419412,-1.65511906,0.35855716,1.77531877,-0.39680438,-0.10731219,-0.14178222,0.21827862,-35.11429953,-5.71540936,0.21827862,-35.11429953,-5.71540936,0.21125606,-35.01837306,-5.62742381,0.00626157,-0.04900377,-0.02776295,0.00737666,-0.00507299,-0.00196627
6.880,-1.65274983,0.30843009,1.74611905,-0.38904108,-0.11227360,-0.14360577,0.03887583,0.01121920,0.01435014,-1.65907203,0.35748652,1.77390490,-0.39642753,-0.10725012,-0.14168354,0.22178599,-35.13535060,-5.72394473,0.22178599,-35.13535060,-5.72394473,0.21476905,-35.03963003,-5.63612597,0.00632220,-0.04905643,-0.02778585,0.00738645,-0.00502348,-0.00192223
6.890,-1.65663829,0.30730792,1.74468371,-0.38865021,-0.11216080,-0.14346149,0.03929785,0.01134099,0.01450592,-1.66302106,0.35641654,1.77249209,-0.39604622,-0.10718714,-0.14158301,0.22529024,-35.15630967,-5.73243230,0.22529024,-35.15630967,-5.73243230,0.21827862,-35.06080043,-5.64476866,0.00638277,-0.04910862,-0.02780838,0.00739601,-0.00497366,-0.00187848
6.900,-1.66052282,0.30618688,1.74324982,-0.38825512,-0.11204678,-0.14331565,0.03971919,0.01146259,0.01466145,-1.66696609,0.35534722,1.77108036,-0.39566047,-0.10712326,-0.14148030,0.22879168,-35.17717728,-5.74087669,0.22879168,-35.17717728,-5.74087669,0.22178599,-35.08188478,-5.65335863,0.00644327,-0.04916034,-0.02783054,0.00740535,-0.00492352,-0.00183535
6.910,-1.66440338,0.30506699,1.74181740,-0.38785583,-0.11193155,-0.14316826,0.04013986,0.01158399,0.01481673,-1.67090708,0.35427858,1.76966976,-0.39527028,-0.10705851,-0.14137519,0.23229000,-35.19795064,-5.74928207,0.23229000,-35.19795064,-5.74928207,0.22529024,-35.10287753,-5.66190237,0.00650370,-0.04921159,-0.02785236,0.00741445,-0.00487304,-0.00179307
6.920,-1.66827993,0.30394825,1.74038646,-0.38745233,-0.11181510,-0.14301932,0.04055984,0.01170519,0.01497175,-1.67484400,0.35321062,1.76826032,-0.39487567,-0.10699290,-0.14126749,0.23578524,-35.21863057,-5.75765334,0.23578524,-35.21863057,-5.75765334,0.22879168,-35.12377924,-5.67040449,0.00656407,-0.04926237,-0.02787386,0.00742334,-0.00482220,-0.00175183
6.930,-1.67215242,0.30283069,1.73895702,-0.38704463,-0.11169744,-0.14286882,0.04097914,0.01182619,0.01512653,-1.67877680,0.35214335,1.76685206,-0.39447664,-0.10692643,-0.14115709,0.23927770,-35.23921297,-5.76599311,0.23927770,-35.23921297,-5.76599311,0.23229000,-35.14458713,-5.67886913,0.00662438,-0.04931266,-0.02789504,0.00743201,-0.00477101,-0.00171173
6.940,-1.67602081,0.30171431,1.73752909,-0.38663275,-0.11157858,-0.14271679,0.04139773,0.01194699,0.01528104,-1.68270543,0.35107678,1.76544502,-0.39407320,-0.10685909,-0.14104392,0.24276705,-35.25970017,-5.77430504,0.24276705,-35.25970017,-5.77430504,0.23578524,-35.16530203,-5.68730113,0.00668462,-0.04936247,-0.02791593,0.00744045,-0.00471949,-0.00167287
6.950,-1.67988506,0.30059912,1.73610269,-0.38621668,-0.11145850,-0.14256320,0.04181561,0.01206759,0.01543529,-1.68662985,0.35001092,1.76403922,-0.39366536,-0.10679086,-0.14092800,0.24625333,-35.28009188,-5.78258992,0.24625333,-35.28009188,-5.78258992,0.23927770,-35.18591988,-5.69570299,0.00674479,-0.04941180,-0.02793653,0.00744868,-0.00466764,-0.00163520
6.960,-1.68374513,0.29948514,1.73467783,-0.38579644,-0.11133723,-0.14240808,0.04223278,0.01218798,0.01558928,-1.69055007,0.34894593,1.76263529,-0.39325468,-0.10671767,-0.14079408,0.24975777,-35.30056221,-5.79109449,0.24975777,-35.30056221,-5.79109449,0.23927770,-35.18596393,-5.69579694,0.00680494,-0.04946079,-0.02795746,0.00745824,-0.00461956,-0.00161400
6.970,-1.68760097,0.29837238,1.73325453,-0.38537203,-0.11121475,-0.14225142,0.04264923,0.01230817,0.01574300,-1.69446600,0.34788168,1.76123266,-0.39283923,-0.10664453,-0.14066147,0.25325467,-35.32090239,-5.79953375,0.25325467,-35.32090239,-5.79953375,0.24625333,-35.22687932,-5.71245809,0.00686503,-0.04950930,-0.02797813,0.00746720,-0.00457022,-0.00158995
6.980,-1.69145255,0.29726085,1.73183281,-0.38494346,-0.11109106,-0.14209322,0.04306494,0.01242814,0.01589646,-1.69837759,0.34681818,1.75983130,-0.39241912,-0.10657110,-0.14053001,0.25674431,-35.34112506,-5.80790536,0.25674431,-35.34112506,-5.80790536,0.24975777,-35.24738681,-5.72102668,0.00692504,-0.04955733,-0.02799849,0.00747566,-0.00451996,-0.00156321
6.990,-1.69529983,0.29615056,1.73041268,-0.38451073,-0.11096618,-0.14193349,0.04347992,0.01254790,0.01604964,-1.70228479,0.34575542,1.75843122,-0.39199440,-0.10649711,-0.14039950,0.26022738,-35.36124081,-5.81620898,0.26022738,-35.36124081,-5.81620898,0.25325467,-35.26776482,-5.72952975,0.00698496,-0.04960486,-0.02801854,0.00748367,-0.00446907,-0.00153399
7.000,-1.69914275,0.29504153,1.72899415,-0.38407386,-0.11084011,-0.14177223,0.04389416,0.01266744,0.01620254,-1.70618757,0.34469344,1.75703241,-0.39156515,-0.10642237,-0.14026977,0.26370517,-35.38125523,-5.82444476,0.26370517,-35.38125523,-5.82444476,0.25674431,-35.28802599,-5.73796508,0.00704482,-0.04965191,-0.02803826,0.00749129,-0.00441774,-0.00150246
7.010,-1.70298129,0.29393376,1.72757724,-0.38363285,-0.11071284,-0.14160944,0.04430764,0.01278677,0.01635517,-1.71008587,0.34363225,1.75563488,-0.39113141,-0.10634672,-0.14014058,0.26717707,-35.40117563,-5.83261198,0.26717707,-35.40117563,-5.83261198,0.26022738,-35.30818092,-5.74633247,0.00710458,-0.04969849,-0.02805764,0.00749856,-0.00436612,-0.00146886
7.020,-1.70681540,0.29282728,1.72616196,-0.38318771,-0.11058437,-0.14144513,0.04472036,0.01290588,0.01650751,-1.71397965,0.34257184,1.75423863,-0.39069322,-0.10627006,-0.14001171,0.27064375,-35.42100215,-5.84071211,0.27064375,-35.42100215,-5.84071211,0.26370517,-35.32823518,-5.75463222,0.00716425,-0.04974456,-0.02807667,0.00750551,-0.00431431,-0.00143342
7.030,-1.71064503,0.29172208,1.72474834,-0.38273844,-0.11045472,-0.14127929,0.04513231,0.01302476,0.01665958,-1.71786888,0.34151225,1.75284367,-0.39025061,-0.10619233,-0.13988289,0.27410592,-35.44074227,-5.84874412,0.27410592,-35.44074227,-5.84874412,0.26717707,-35.34819606,-5.76286376,0.00722385,-0.04979017,-0.02809533,0.00751217,-0.00426239,-0.00139640
7.040,-1.71447015,0.29061819,1.72333638,-0.38228507,-0.11032388,-0.14111194,0.04554349,0.01314342,0.01681136,-1.72175351,0.34045348,1.75145000,-0.38980360,-0.10611349,-0.13975386,0.27756288,-35.46039349,-5.85671229,0.27756288,-35.46039349,-5.85671229,0.27064375,-35.36806367,-5.77102873,0.00728336,-0.04983529,-0.02811362,0.00751853,-0.00421039,-0.00135808
7.050,-1.71829072,0.28951561,1.72192610,-0.38182758,-0.11019185,-0.14094307,0.04595389,0.01326186,0.01696284,-1.72563349,0.33939555,1.75005764,-0.38935222,-0.10603351,-0.13962434,0.28101497,-35.47995874,-5.86461820,0.28101497,-35.47995874,-5.86461820,0.27410592,-35.38784549,-5.77912623,0.00734277,-0.04987994,-0.02813154,0.00752464,-0.00415834,-0.00131873
7.060,-1.72210669,0.28841435,1.72051752,-0.38136599,-0.11005864,-0.14077268,0.04636350,0.01338007,0.01711404,-1.72950878,0.33833846,1.74866661,-0.38889650,-0.10595239,-0.13949407,0.28446255,-35.49943873,-5.87246389,0.28446255,-35.49943873,-5.87246389,0.27756288,-35.40753898,-5.78716067,0.00740209,-0.04992411,-0.02814909,0.00753051,-0.00410625,-0.00127861
7.070,-1.72591802,0.28731444,1.71911066,-0.38090031,-0.10992425,-0.14060079,0.04677230,0.01349805,0.01726494,-1.73337934,0.33728222,1.74727692,-0.38843643,-0.10587013,-0.13936277,0.28790553,-35.51882939,-5.88025186,0.28790553,-35.51882939,-5.88025186,0.28101497,-35.42714705,-5.79513377,0.00746132,-0.04996778,-0.02816626,0.00753612,-0.00405412,-0.00123802
7.080,-1.72972468,0.28621587,1.71770551,-0.38043055,-0.10978868,-0.14042738,0.04718031,0.01361579,0.01741555,-1.73724513,0.33622686,1.74588860,-0.38797205,-0.10578676,-0.13923019,0.29134334,-35.53813433,-5.88798894,0.29134334,-35.53813433,-5.88798894,0.28446255,-35.44667041,-5.80304767,0.00752045,-0.05001099,-0.02818309,0.00754150,-0.00400192,-0.00119719
7.090,-1.73352662,0.28511867,1.71630211,-0.37995671,-0.10965194,-0.14025248,0.04758750,0.01373330,0.01756586,-1.74110611,0.33517237,1.74450166,-0.38750336,-0.10570227,-0.13909610,0.29477649,-35.55734936,-5.89567501,0.29477649,-35.55734936,-5.89567501,0.28790553,-35.46610498,-5.81090495,0.00757949,-0.05005370,-0.02819955,0.00754665,-0.00394967,-0.00115638
7.100,-1.73732380,0.28402284,1.71490047,-0.37947880,-0.10951402,-0.14007607,0.04799387,0.01385058,0.01771586,-1.74496222,0.33411877,1.74311613,-0.38703038,-0.10561670,-0.13896029,0.29820490,-35.57647558,-5.90331374,0.29820490,-35.57647558,-5.90331374,0.29134334,-35.48545434,-5.81871250,0.00763842,-0.05009593,-0.02821566,0.00755158,-0.00389732,-0.00111578
7.110,-1.74111618,0.28292839,1.71350060,-0.37899683,-0.10937492,-0.13989816,0.04839941,0.01396762,0.01786555,-1.74881343,0.33306607,1.74173203,-0.38655312,-0.10553005,-0.13882261,0.30162843,-35.59551250,-5.91090898,0.30162843,-35.59551250,-5.91090898,0.29477649,-35.50471431,-5.82647023,0.00769725,-0.05013768,-0.02823143,0.00755629,-0.00384487,-0.00107555
7.120,-1.74490373,0.28183534,1.71210251,-0.37851081,-0.10923466,-0.13971876,0.04880412,0.01408441,0.01801494,-1.75265970,0.33201428,1.74034940,-0.38607158,-0.10544232,-0.13868290,0.30504649,-35.61445842,-5.91846428,0.30504649,-35.61445842,-5.91846428,0.29820490,-35.52388600,-5.83418185,0.00775597,-0.05017894,-0.02824689,0.00756077,-0.00379234,-0.00103586
7.130,-1.74868639,0.28074370,1.71070623,-0.37802075,-0.10909324,-0.13953786,0.04920799,0.01420096,0.01816402,-1.75650099,0.33096341,1.73896824,-0.38558578,-0.10535354,-0.13854108,0.30845996,-35.63331310,-5.92597965,0.30845996,-35.63331310,-5.92597965,0.30162843,-35.54296891,-5.84185118,0.00781460,-0.05021971,-0.02826201,0.00756503,-0.00373970,-0.00099678
7.140,-1.75246413,0.27965348,1.70931176,-0.37752666,-0.10895065,-0.13935548,0.04961100,0.01431727,0.01831279,-1.76033724,0.32991346,1.73758859,-0.38509573,-0.10526369,-0.13839706,0.31186822,-35.65207619,-5.93345941,0.31186822,-35.65207619,-5.93345941,0.30504649,-35.56196135,-5.84948176,0.00787311,-0.05025998,-0.02827683,0.00756907,-0.00368696,-0.00095842
7.150,-1.75623691,0.27856469,1.70791912,-0.37702854,-0.10880689,-0.13917161,0.05001316,0.01443333,0.01846123,-1.76416843,0.32886446,1.73621047,-0.38460145,-0.10517278,-0.13825084,0.31527129,-35.67074789,-5.94090419,0.31527129,-35.67074789,-5.94090419,0.30845996,-35.58086308,-5.85707358,0.00793152,-0.05029977,-0.02829135,0.00757291,-0.00363411,-0.00092077
7.160,-1.76000468,0.27747735,1.70652833,-0.37652640,-0.10866198,-0.13898625,0.05041445,0.01454914,0.01860936,-1.76799450,0.32781642,1.73483390,-0.38410293,-0.10508078,-0.13810240,0.31866954,-35.68932733,-5.94831419,0.31866954,-35.68932733,-5.94831419,0.31186822,-35.59967379,-5.86463087,0.00798982,-0.05033907,-0.02830557,0.00757653,-0.00358120,-0.00088385
7.170,-1.76376742,0.27639146,1.70513940,-0.37602025,-0.10851591,-0.13879942,0.05081487,0.01466469,0.01875717,-1.77181542,0.32676933,1.73345890,-0.38360019,-0.10498770,-0.13795177,0.32206189,-35.70781681,-5.95569086,0.32206189,-35.70781681,-5.95569086,0.31527129,-35.61839366,-5.87215423,0.00804800,-0.05037787,-0.02831950,0.00757994,-0.00352821,-0.00084765
7.180,-1.76752508,0.27530703,1.70375235,-0.37551010,-0.10836869,-0.13861111,0.05121441,0.01478000,0.01890465,-1.77563115,0.32572322,1.73208549,-0.38309324,-0.10489351,-0.13779903,0.32544871,-35.72621754,-5.96303342,0.32544871,-35.72621754,-5.96303342,0.31866954,-35.63702186,-5.87964380,0.00810607,-0.05041619,-0.02833314,0.00758314,-0.00347518,-0.00081208
7.190,-1.77127761,0.27422409,1.70236718,-0.37499596,-0.10822031,-0.13842133,0.05161306,0.01489504,0.01905180,-1.77944163,0.32467810,1.73071369,-0.38258208,-0.10479818,-0.13764423,0.32883042,-35.74452614,-5.97034390,0.32883042,-35.74452614,-5.97034390,0.32206189,-35.65556071,-5.88710094,0.00816402,-0.05045401,-0.02834651,0.00758612,-0.00342213,-0.00077710
7.200,-1.77502498,0.27314263,1.70098393,-0.37447784,-0.10807079,-0.13823008,0.05201081,0.01500983,0.01919862,-1.78324684,0.32363398,1.72934352,-0.38206673,-0.10470171,-0.13748747,0.33220641,-35.76274839,-5.97761791,0.33220641,-35.76274839,-5.97761791,0.32544871,-35.67401140,-5.89452482,0.00822186,-0.05049135,-0.02835959,0.00758889,-0.00336908,-0.00074261
7.210,-1.77876715,0.27206268,1.69960259,-0.37395575,-0.10792012,-0.13803736,0.05240766,0.01512436,0.01934511,-1.78704672,0.32259087,1.72797499,-0.38154720,-0.10460406,-0.13732886,0.33557661,-35.78088118,-5.98485816,0.33557661,-35.78088118,-5.98485816,0.32883042,-35.69237059,-5.90191739,0.00827957,-0.05052819,-0.02837240,0.00759145,-0.00331606,-0.00070850
7.220,-1.78250408,0.27098423,1.69822318,-0.37342969,-0.10776830,-0.13784318,0.05280361,0.01523862,0.01949126,-1.79084125,0.32154878,1.72660812,-0.38102350,-0.10450520,-0.13716849,0.33894103,-35.79892971,-5.99206289,0.33894103,-35.79892971,-5.99206289,0.33220641,-35.71064406,-5.90927422,0.00833717,-0.05056455,-0.02838494,0.00759381,-0.00326310,-0.00067469
7.230,-1.78623573,0.26990731,1.69684573,-0.37289968,-0.10761534,-0.13764753,0.05319863,0.01535262,0.01963708,-1.79463037,0.32050773,1.72524291,-0.38049563,-0.10440513,-0.13700647,0.34229947,-35.81689159,-5.99922836,0.34229947,-35.81689159,-5.99922836,0.33557661,-35.72882873,-5.91659796,0.00839464,-0.05060042,-0.02839718,0.00759595,-0.00321021,-0.00064106
7.240,-1.78996206,0.26883193,1.69547024,-0.37236572,-0.10746125,-0.13745044,0.05359273,0.01546636,0.01978255,-1.79841404,0.31946773,1.72387939,-0.37996361,-0.10430381,-0.13684290,0.34565199,-35.83476840,-6.00635563,0.34565199,-35.83476840,-6.00635563,0.33894103,-35.74692978,-5.92388679,0.00845198,-0.05063580,-0.02840915,0.00759789,-0.00315744,-0.00060754
7.250,-1.79368304,0.26775809,1.69409673,-0.37182783,-0.10730602,-0.13725188,0.05398589,0.01557982,0.01992768,-1.80219223,0.31842880,1.72251756,-0.37942744,-0.10420123,-0.13667788,0.34899787,-35.85256292,-6.01344221,0.34899787,-35.85256292,-6.01344221,0.34229947,-35.76494484,-5.93113696,0.00850919,-0.05067071,-0.02842083,0.00759961,-0.00310479,-0.00057400
7.260,-1.79739861,0.26668581,1.69272521,-0.37128601,-0.10714965,-0.13705188,0.05437812,0.01569301,0.02007246,-1.80596490,0.31739094,1.72115744,-0.37888713,-0.10409738,-0.13651148,0.35233819,-35.87027420,-6.02048770,0.35233819,-35.87027420,-6.02048770,0.34565199,-35.78287549,-5.93834949,0.00856629,-0.05070513,-0.02843223,0.00760112,-0.00305227,-0.00054040
7.270,-1.80110874,0.26561510,1.69135569,-0.37074027,-0.10699216,-0.13685044,0.05476939,0.01580593,0.02021689,-1.80973199,0.31635417,1.71979903,-0.37834270,-0.10399224,-0.13634378,0.35567238,-35.88790388,-6.02749149,0.35567238,-35.88790388,-6.02749149,0.34899787,-35.80072451,-5.94552187,0.00862325,-0.05073907,-0.02844334,0.00760243,-0.00299992,-0.00050666
7.280,-1.80481340,0.26454597,1.68998820,-0.37019063,-0.10683354,-0.13664755,0.05515971,0.01591857,0.02036097,-1.81349348,0.31531851,1.71844235,-0.37779415,-0.10388580,-0.13617483,0.35899976,-35.90545242,-6.03444997,0.35899976,-35.90545242,-6.03444997,0.35233819,-35.81849096,-5.95265370,0.00868008,-0.05077254,-0.02845415,0.00760352,-0.00294774,-0.00047272
7.290,-1.80851254,0.26347844,1.68862275,-0.36963708,-0.10667379,-0.13644322,0.05554907,0.01603094,0.02050469,-1.81724931,0.31428396,1.71708741,-0.37724150,-0.10377806,-0.13600469,0.36232101,-35.92291850,-6.04136285,0.36232101,-35.92291850,-6.04136285,0.35567238,-35.83617646,-5.95974436,0.00873677,-0.05080552,-0.02846466,0.00760442,-0.00289573,-0.00043853
7.300,-1.81220613,0.26241250,1.68725934,-0.36907965,-0.10651292,-0.13623745,0.05593746,0.01614302,0.02064805,-1.82099946,0.31325054,1.71573422,-0.37668474,-0.10366902,-0.13583336,0.36563536,-35.94030697,-6.04823147,0.36563536,-35.94030697,-6.04823147,0.35899976,-35.85378147,-5.96679028,0.00879333,-0.05083804,-0.02847488,0.00760509,-0.00284390,-0.00040409
7.310,-1.81589412,0.26134818,1.68589800,-0.36851833,-0.10635093,-0.13603026,0.05632487,0.01625483,0.02079106,-1.82474387,0.31221826,1.71438278,-0.37612390,-0.10355868,-0.13566087,0.36894349,-35.95761422,-6.05505310,0.36894349,-35.95761422,-6.05505310,0.36232101,-35.87130467,-5.97379116,0.00884975,-0.05087008,-0.02848478,0.00760557,-0.00279225,-0.00036939
7.320,-1.81957648,0.26028549,1.68453874,-0.36795315,-0.10618782,-0.13582163,0.05671129,0.01636635,0.02093370,-1.82848251,0.31118714,1.71303312,-0.37555898,-0.10344705,-0.13548720,0.37224464,-35.97484046,-6.06182775,0.37224464,-35.97484046,-6.06182775,0.36563536,-35.88875090,-5.98074837,0.00890603,-0.05090165,-0.02849438,0.00760583,-0.00274077,-0.00033443
7.330,-1.82325317,0.25922443,1.68318157,-0.36738411,-0.10602360,-0.13561159,0.05709672,0.01647758,0.02107597,-1.83221534,0.31015719,1.71168524,-0.37498998,-0.10333413,-0.13531235,0.37553888,-35.99198812,-6.06855614,0.37553888,-35.99198812,-6.06855614,0.36894349,-35.90611653,-5.98765920,0.00896217,-0.05093276,-0.02850367,0.00760587,-0.00268947,-0.00029924
7.340,-1.82692415,0.25816502,1.68182651,-0.36681122,-0.10585827,-0.13540012,0.05748115,0.01658852,0.02121787,-1.83594232,0.30912841,1.71033916,-0.37441693,-0.10321994,-0.13513629,0.37882620,-36.00905520,-6.07523720,0.37882620,-36.00905520,-6.07523720,0.37224464,-35.92340177,-5.99452369,0.00901817,-0.05096339,-0.02851265,0.00760571,-0.00263833,-0.00026383
7.350,-1.83058938,0.25710727,1.68047358,-0.36623449,-0.10569183,-0.13518723,0.05786457,0.01669917,0.02135940,-1.83966340,0.30810083,1.70899489,-0.37383984,-0.10310449,-0.13495899,0.38210658,-36.02604155,-6.08187030,0.38210658,-36.02604155,-6.08187030,0.37553888,-35.94060905,-6.00134259,0.00907402,-0.05099356,-0.02852131,0.00760535,-0.00258734,-0.00022824
7.360,-1.83424883,0.25605119,1.67912277,-0.36565393,-0.10552429,-0.13497293,0.05824697,0.01680953,0.02150056,-1.84337856,0.30707445,1.70765244,-0.37325870,-0.10298780,-0.13478041,0.38537950,-36.04294731,-6.08845949,0.38537950,-36.04294731,-6.08845949,0.37882620,-35.95773634,-6.00811487,0.00912973,-0.05102326,-0.02852967,0.00760477,-0.00253649,-0.00019252
7.370,-1.83790245,0.25499679,1.67777412,-0.36506956,-0.10535564,-0.13475722,0.05862835,0.01691959,0.02164134,-1.84708774,0.30604929,1.70631184,-0.37267353,-0.10286987,-0.13460049,0.38864534,-36.05977184,-6.09500137,0.38864534,-36.05977184,-6.09500137,0.38210658,-35.97478350,-6.01483993,0.00918529,-0.05105250,-0.02853772,0.00760397,-0.00248577,-0.00015673
7.380,-1.84155021,0.25394408,1.67642764,-0.36448137,-0.10518590,-0.13454010,0.05900870,0.01702936,0.02178174,-1.85079091,0.30502536,1.70497308,-0.37208434,-0.10275073,-0.13441921,0.39190383,-36.07651554,-6.10149703,0.39190383,-36.07651554,-6.10149703,0.38537950,-35.99175066,-6.02152181,0.00924070,-0.05108128,-0.02854544,0.00760297,-0.00243517,-0.00012089
7.390,-1.84519206,0.25289307,1.67508333,-0.36388939,-0.10501506,-0.13432159,0.05938802,0.01713882,0.02192175,-1.85448802,0.30400267,1.70363620,-0.37149114,-0.10263039,-0.13423651,0.39515525,-36.09317773,-6.10794937,0.39515525,-36.09317773,-6.10794937,0.38864534,-36.00863715,-6.02815717,0.00929596,-0.05110960,-0.02855287,0.00760175,-0.00238467,-0.00008508
7.400,-1.84882798,0.25184378,1.67374121,-0.36329361,-0.10484312,-0.13410167,0.05976628,0.01724799,0.02206138,-1.85817904,0.30298122,1.70230120,-0.37089395,-0.10250887,-0.13405235,0.39839883,-36.10975601,-6.11435799,0.39839883,-36.10975601,-6.11435799,0.39190383,-36.02544340,-6.03474709,0.00935106,-0.05113744,-0.02855999,0.00760034,-0.00233425,-0.00004932
7.410,-1.85245792,0.25079621,1.67240130,-0.36269406,-0.10467010,-0.13388036,0.06014349,0.01735685,0.02220062,-1.86186394,0.30196104,1.70096810,-0.37029277,-0.10238618,-0.13386669,0.40163486,-36.12625275,-6.12072279,0.40163486,-36.12625275,-6.12072279,0.39515525,-36.04216868,-6.04129451,0.00940602,-0.05116483,-0.02856680,0.00759871,-0.00228392,-0.00001367
7.420,-1.85608185,0.24975038,1.67106361,-0.36209075,-0.10449599,-0.13365766,0.06051965,0.01746540,0.02233947,-1.86554266,0.30094213,1.69963692,-0.36968761,-0.10226232,-0.13367951,0.40486287,-36.14266532,-6.12704494,0.40486287,-36.14266532,-6.12704494,0.39839883,-36.05881063,-6.04779901,0.00946081,-0.05119175,-0.02857331,0.00759686,-0.00223367,0.00002185
7.430,-1.85969973,0.24870630,1.66972815,-0.36148367,-0.10432079,-0.13343357,0.06089473,0.01757365,0.02247792,-1.86921517,0.29992451,1.69830768,-0.36907848,-0.10213732,-0.13349078,0.40808312,-36.15899344,-6.13332556,0.40808312,-36.15899344,-6.13332556,0.40163486,-36.07537159,-6.05426050,0.00951544,-0.05121821,-0.02857953,0.00759481,-0.00218347,0.00005721
7.440,-1.86331151,0.24766397,1.66839494,-0.36087286,-0.10414452,-0.13320810,0.06126874,0.01768158,0.02261598,-1.87288143,0.29890818,1.69698038,-0.36846539,-0.10201118,-0.13330048,0.41129578,-36.17523958,-6.13956433,0.41129578,-36.17523958,-6.13956433,0.40486287,-36.09184894,-6.06068015,0.00956992,-0.05124421,-0.02858544,0.00759253,-0.00213334,0.00009238
7.450,-1.86691717,0.24662341,1.66706399,-0.36025830,-0.10396716,-0.13298125,0.06164166,0.01778920,0.02275363,-1.87654140,0.29789316,1.69565505,-0.36784836,-0.10188391,-0.13310859,0.41450027,-36.19140092,-6.14576219,0.41450027,-36.19140092,-6.14576219,0.40808312,-36.10824239,-6.06705909,0.00962423,-0.05126975,-0.02859106,0.00759006,-0.00208325,0.00012734
7.460,-1.87051667,0.24558463,1.66573532,-0.35964003,-0.10378873,-0.13275303,0.06201349,0.01789651,0.02289089,-1.88019505,0.29687946,1.69433171,-0.36722740,-0.10175552,-0.13291513,0.41769627,-36.20747801,-6.15191861,0.41769627,-36.20747801,-6.15191861,0.41129578,-36.12455442,-6.07339697,0.00967838,-0.05129483,-0.02859639,0.00758737,-0.00203321,0.00016210
7.470,-1.87410996,0.24454764,1.66440893,-0.35901804,-0.10360923,-0.13252344,0.06238423,0.01800350,0.02302773,-1.88384233,0.29586708,1.69301036,-0.36660251,-0.10162600,-0.13272008,0.42088458,-36.22347080,-6.15803586,0.42088458,-36.22347080,-6.15803586,0.41450027,-36.14078219,-6.07969472,0.00973237,-0.05131944,-0.02860143,0.00758447,-0.00198323,0.00019664
7.480,-1.87769701,0.24351245,1.66308485,-0.35839235,-0.10342866,-0.13229248,0.06275385,0.01811017,0.02316417,-1.88748320,0.29485605,1.69169102,-0.36597370,-0.10149537,-0.13252346,0.42406464,-36.23937925,-6.16411162,0.42406464,-36.23937925,-6.16411162,0.41769627,-36.15692627,-6.08595181,0.00978619,-0.05134360,-0.02860617,0.00758135,-0.00193329,0.00023098
7.490,-1.88127779,0.24247907,1.66176309,-0.35776296,-0.10324703,-0.13206015,0.06312237,0.01821652,0.02330020,-1.89111763,0.29384637,1.69037371,-0.36534100,-0.10136362,-0.13232529,0.42723615,-36.25520377,-6.17014643,0.42723615,-36.25520377,-6.17014643,0.42088458,-36.17298661,-6.09217047,0.00983984,-0.05136730,-0.02861062,0.00757804,-0.00188341,0.00026514
7.500,-1.88485226,0.24144751,1.66044366,-0.35712990,-0.10306433,-0.13182647,0.06348976,0.01832255,0.02343582,-1.89474557,0.29283804,1.68905845,-0.36470440,-0.10123076,-0.13212558,0.43039893,-36.27094406,-6.17614098,0.43039893,-36.27094406,-6.17614098,0.42406464,-36.18896316,-6.09834840,0.00989331,-0.05139053,-0.02861479,0.00757450,-0.00183357,0.00029911
7.510,-1.88842038,0.24041779,1.65912656,-0.35649317,-0.10288058,-0.13159144,0.06385602,0.01842825,0.02357102,-1.89836700,0.29183110,1.68774524,-0.36406393,-0.10109679,-0.13192435,0.43355319,-36.28659888,-6.18209723,0.43355319,-36.28659888,-6.18209723,0.42723615,-36.20485634,-6.10448610,0.00994662,-0.05141331,-0.02861868,0.00757076,-0.00178379,0.00033291
7.520,-1.89198211,0.23938990,1.65781183,-0.35585279,-0.10269577,-0.13135506,0.06422115,0.01853362,0.02370579,-1.90198186,0.29082553,1.68643411,-0.36341958,-0.10096171,-0.13172162,0.43669890,-36.30217196,-6.18801105,0.43669890,-36.30217196,-6.18801105,0.43039893,-36.22066584,-6.11058426,0.00999975,-0.05143563,-0.02862228,0.00756679,-0.00173406,0.00036656
7.530,-1.89553742,0.23836387,1.65649947,-0.35520875,-0.10250991,-0.13111732,0.06458514,0.01863866,0.02384015,-1.90559013,0.28982136,1.68512506,-0.36277138,-0.10082551,-0.13151742,0.43983590,-36.31765984,-6.19388403,0.43983590,-36.31765984,-6.19388403,0.43355319,-36.23639042,-6.11664481,0.01005271,-0.05145749,-0.02862559,0.00756263,-0.00168440,0.00040010
7.540,-1.89908628,0.23733971,1.65518949,-0.35456109,-0.10232300,-0.13087825,0.06494797,0.01874337,0.02397408,-1.90919176,0.28881860,1.68381811,-0.36211934,-0.10068820,-0.13131178,0.44296343,-36.33306258,-6.19971677,0.44296343,-36.33306258,-6.19971677,0.43669890,-36.25203383,-6.12266362,0.01010548,-0.05147889,-0.02862862,0.00755825,-0.00163480,0.00043353
7.550,-1.90262863,0.23631742,1.65388191,-0.35390980,-0.10213504,-0.13063784,0.06530964,0.01884775,0.02410759,-1.91278672,0.28781725,1.68251327,-0.36146346,-0.10054977,-0.13110472,0.44608283,-36.34838230,-6.20550788,0.44608283,-36.34838230,-6.20550788,0.43983590,-36.26759258,-6.12864226,0.01015809,-0.05149983,-0.02863136,0.00755366,-0.00158527,0.00046688
7.560,-1.90616446,0.23529701,1.65257674,-0.35325490,-0.10194604,-0.13039610,0.06567015,0.01895179,0.02424066,-1.91637497,0.28681734,1.68121057,-0.36080376,-0.10041024,-0.13089627,0.44919262,-36.36361949,-6.21125766,0.44919262,-36.36361949,-6.21125766,0.44296343,-36.28306677,-6.13458132,0.01021051,-0.05152033,-0.02863383,0.00754886,-0.00153580,0.00050017
7.570,-1.90969372,0.23427850,1.65127399,-0.35259640,-0.10175601,-0.13015303,0.06602948,0.01905549,0.02437330,-1.91995647,0.28581886,1.67991000,-0.36014024,-0.10026959,-0.13068643,0.45229341,-36.37877258,-6.21696630,0.45229341,-36.37877258,-6.21696630,0.44608283,-36.29845848,-6.14047941,0.01026275,-0.05154036,-0.02863601,0.00754384,-0.00148642,0.00053340
7.580,-1.91321638,0.23326189,1.64997368,-0.35193431,-0.10156494,-0.12990864,0.06638764,0.01915885,0.02450550,-1.92353118,0.28482184,1.67861158,-0.35947293,-0.10012783,-0.13047525,0.45538483,-36.39384329,-6.22263260,0.45538483,-36.39384329,-6.22263260,0.44919262,-36.31376822,-6.14633682,0.01031480,-0.05155995,-0.02863790,0.00753862,-0.00143711,0.00056661
7.590,-1.91673239,0.23224720,1.64867582,-0.35126865,-0.10137283,-0.12966292,0.06674460,0.01926186,0.02463727,-1.92709906,0.28382627,1.67731533,-0.35880184,-0.09998496,-0.13026272,0.45846740,-36.40882966,-6.22825666,0.45846740,-36.40882966,-6.22825666,0.45229341,-36.32899441,-6.15215372,0.01036667,-0.05157907,-0.02863951,0.00753319,-0.00138787,0.00059980
7.600,-1.92024174,0.23123444,1.64738043,-0.35059942,-0.10117970,-0.12941589,0.06710037,0.01936454,0.02476859,-1.93066009,0.28283218,1.67602125,-0.35812697,-0.09984098,-0.13004887,0.46153989,-36.42373239,-6.23383742,0.46153989,-36.42373239,-6.23383742,0.45538483,-36.34413876,-6.15792894,0.01041835,-0.05159774,-0.02864082,0.00752755,-0.00133872,0.00063298
7.610,-1.92374437,0.23022361,1.64608751,-0.34992665,-0.10098554,-0.12916755,0.06745493,0.01946686,0.02489947,-1.93421421,0.28183958,1.67472937,-0.35744834,-0.09969590,-0.12983370,0.46460321,-36.43855312,-6.23937666,0.46460321,-36.43855312,-6.23937666,0.45846740,-36.35919933,-6.16366256,0.01046984,-0.05161597,-0.02864186,0.00752169,-0.00128964,0.00066615
7.620,-1.92724026,0.22921473,1.64479708,-0.34925033,-0.10079036,-0.12891791,0.06780828,0.01956883,0.02502990,-1.93776140,0.28084846,1.67343969,-0.35676595,-0.09954972,-0.12961723,0.46765675,-36.45329015,-6.24487333,0.46765675,-36.45329015,-6.24487333,0.46153989,-36.37417681,-6.16935352,0.01052114,-0.05163373,-0.02864261,0.00751562,-0.00124064,0.00069932
7.630,-1.93072936,0.22820781,1.64350915,-0.34857048,-0.10059417,-0.12866696,0.06816042,0.01967046,0.02515989,-1.94130161,0.27985886,1.67215223,-0.35607983,-0.09940243,-0.12939944,0.47070107,-36.46794374,-6.25032766,0.47070107,-36.46794374,-6.25032766,0.46460321,-36.38907283,-6.17500362,0.01057225,-0.05165105,-0.02864308,0.00750935,-0.00119174,0.00073248
7.640,-1.93421166,0.22720285,1.64222374,-0.34788712,-0.10039696,-0.12841471,0.06851132,0.01977172,0.02528941,-1.94483482,0.27887077,1.67086700,-0.35538999,-0.09925406,-0.12918035,0.47373471,-36.48251544,-6.25573865,0.47373471,-36.48251544,-6.25573865,0.46765675,-36.40388568,-6.18061179,0.01062316,-0.05166792,-0.02864326,0.00750287,-0.00114290,0.00076564
7.650,-1.93768710,0.22619987,1.64094086,-0.34720026,-0.10019873,-0.12816117,0.06886099,0.01987264,0.02541849,-1.94836097,0.27788421,1.66958402,-0.35469643,-0.09910460,-0.12895996,0.47675886,-36.49700314,-6.26110676,0.47675886,-36.49700314,-6.26110676,0.47070107,-36.41861563,-6.18617828,0.01067387,-0.05168434,-0.02864316,0.00749617,-0.00109413,0.00079879
7.660,-1.94115565,0.22519888,1.63966053,-0.34650991,-0.09999950,-0.12790634,0.06920942,0.01997319,0.02554710,-1.95188005,0.27689918,1.66830328,-0.35399917,-0.09895405,-0.12873825,0.47977320,-36.51140736,-6.26643099,0.47977320,-36.51140736,-6.26643099,0.47373471,-36.43326423,-6.19170208,0.01072440,-0.05170030,-0.02864275,0.00748926,-0.00104545,0.00083191
7.670,-1.94461728,0.22419989,1.63838274,-0.34581608,-0.09979927,-0.12765023,0.06955661,0.02007338,0.02567526,-1.95539200,0.27591571,1.66702482,-0.35329822,-0.09880243,-0.12851523,0.48277744,-36.52572793,-6.27171493,0.48277744,-36.52572793,-6.27171493,0.47675886,-36.44782936,-6.19718368,0.01077472,-0.05171582,-0.02864208,0.00748214,-0.00099684,0.00086500
7.680,-1.94807196,0.22320290,1.63710753,-0.34511878,-0.09959804,-0.12739284,0.06990253,0.02017321,0.02580295,-1.95889680,0.27493379,1.66574864,-0.35259360,-0.09864974,-0.12829089,0.48577128,-36.53996663,-6.27695467,0.48577128,-36.53996663,-6.27695467,0.47977320,-36.46231154,-6.20262206,0.01082484,-0.05173089,-0.02864111,0.00747482,-0.00094830,0.00089805
7.690,-1.95151965,0.22220793,1.63583489,-0.34441803,-0.09939581,-0.12713417,0.07024719,0.02027268,0.02593017,-1.96239440,0.27395344,1.66447476,-0.35188531,-0.09849597,-0.12806521,0.48875479,-36.55412130,-6.28215369,0.48875479,-36.55412130,-6.28215369,0.48277744,-36.47671059,-6.20802084,0.01087475,-0.05174551,-0.02863987,0.00746728,-0.00089984,0.00093104
7.700,-1.95496031,0.22121499,1.63456485,-0.34371384,-0.09919259,-0.12687424,0.07059058,0.02037178,0.02605693,-1.96588478,0.27297468,1.66320319,-0.35117338,-0.09834115,-0.12783820,0.49172821,-36.56819203,-6.28730980,0.49172821,-36.56819203,-6.28730980,0.48577128,-36.49102829,-6.21337609,0.01092447,-0.05175969,-0.02863834,0.00745954,-0.00085144,0.00096396
7.710,-1.95839391,0.22022408,1.63329741,-0.34300622,-0.09898837,-0.12661304,0.07093269,0.02047051,0.02618321,-1.96936789,0.27199750,1.66193394,-0.35045781,-0.09818527,-0.12760984,0.49469126,-36.58218030,-6.29242490,0.49469126,-36.58218030,-6.29242490,0.48875479,-36.50526248,-6.21869131,0.01097398,-0.05177342,-0.02863653,0.00745159,-0.00080310,0.00099680
7.720,-1.96182042,0.21923522,1.63203259,-0.34229519,-0.09878318,-0.12635057,0.07127351,0.02056887,0.02630902,-1.97284370,0.27102192,1.66066703,-0.34973861,-0.09802834,-0.12738013,0.49764355,-36.59608493,-6.29749808,0.49764355,-36.59608493,-6.29749808,0.49172821,-36.51941326,-6.22396429,0.01102328,-0.05178670,-0.02863444,0.00744342,-0.00075484,0.00102956
7.730,-1.96523980,0.21824842,1.63077040,-0.34158076,-0.09857700,-0.12608686,0.07161304,0.02066685,0.02643434,-1.97631218,0.27004808,1.65940282,-0.34901595,-0.09786735,-0.12714039,0.50058734,-36.61003482,-6.30266903,0.50058734,-36.61003482,-6.30266903,0.49469126,-36.51949985,-6.22409920,0.01107238,-0.05179966,-0.02863242,0.00743519,-0.00070965,0.00105353
7.740,-1.96865203,0.21726369,1.62951086,-0.34086294,-0.09836984,-0.12582189,0.07195127,0.02076446,0.02655919,-1.97977329,0.26907586,1.65814097,-0.34828966,-0.09770606,-0.12690152,0.50351943,-36.62387421,-6.30777524,0.50351943,-36.62387421,-6.30777524,0.49764355,-36.54747383,-6.23440563,0.01112126,-0.05181217,-0.02863011,0.00742672,-0.00066378,0.00107963
7.750,-1.97205705,0.21628103,1.62825397,-0.34014174,-0.09816171,-0.12555567,0.07228819,0.02086169,0.02668356,-1.98322699,0.26810527,1.65688148,-0.34755976,-0.09754427,-0.12666333,0.50644118,-36.63761267,-6.31281844,0.50644118,-36.63761267,-6.31281844,0.50058734,-36.56150536,-6.23969466,0.01116994,-0.05182424,-0.02862751,0.00741802,-0.00061744,0.00110766
7.760,-1.97545485,0.21530046,1.62699975,-0.33941718,-0.09795261,-0.12528822,0.07262379,0.02095854,0.02680744,-1.98667325,0.26713632,1.65562436,-0.34682626,-0.09738184,-0.12642561,0.50935128,-36.65125352,-6.31779801,0.50935128,-36.65125352,-6.31779801,0.50351943,-36.57542694,-6.24491901,0.01121840,-0.05183586,-0.02862461,0.00740908,-0.00057077,0.00113739
7.770,-1.97884538,0.21432198,1.62574821,-0.33868927,-0.09774254,-0.12501953,0.07295806,0.02105501,0.02693083,-1.99011203,0.26616903,1.65436960,-0.34608918,-0.09721865,-0.12618815,0.51225055,-36.66480257,-6.32271495,0.51225055,-36.66480257,-6.32271495,0.50644118,-36.58924812,-6.25008055,0.01126665,-0.05184705,-0.02862139,0.00739991,-0.00052389,0.00116862
7.780,-1.98222862,0.21334561,1.62449936,-0.33795802,-0.09753151,-0.12474960,0.07329101,0.02115110,0.02705373,-1.99354329,0.26520341,1.65311722,-0.34534855,-0.09705464,-0.12595073,0.51513831,-36.67826074,-6.32757088,0.51513831,-36.67826074,-6.32757088,0.50935128,-36.60297222,-6.25517877,0.01131467,-0.05185780,-0.02861786,0.00739053,-0.00047687,0.00120113
7.790,-1.98560453,0.21237135,1.62325322,-0.33722345,-0.09731952,-0.12447845,0.07362261,0.02124679,0.02717613,-1.99696701,0.26423946,1.65186721,-0.34460438,-0.09688975,-0.12571313,0.51801476,-36.69163158,-6.33236655,0.51801476,-36.69163158,-6.33236655,0.51225055,-36.61660503,-6.26021480,0.01136248,-0.05186811,-0.02861399,0.00738093,-0.00042977,0.00123468
7.800,-1.98897308,0.21139922,1.62200980,-0.33648557,-0.09710657,-0.12420608,0.07395287,0.02134210,0.02729804,-2.00038315,0.26327719,1.65061960,-0.34385667,-0.09672395,-0.12547510,0.52087973,-36.70491390,-6.33710440,0.52087973,-36.70491390,-6.33710440,0.51513831,-36.63014745,-6.26519037,0.01141007,-0.05187797,-0.02860980,0.00737110,-0.00038262,0.00126902
7.810,-1.99233423,0.21042922,1.62076910,-0.33574440,-0.09689268,-0.12393250,0.07428178,0.02143702,0.02741945,-2.00379167,0.26231662,1.64937440,-0.34310546,-0.09655725,-0.12523641,0.52373341,-36.71811057,-6.34178883,0.52373341,-36.71811057,-6.34178883,0.51801476,-36.64360302,-6.27010637,0.01145744,-0.05188740,-0.02860530,0.00736106,-0.00033543,0.00130391
7.820,-1.99568796,0.20946137,1.61953115,-0.33499994,-0.09667784,-0.12365770,0.07460932,0.02153155,0.02754035,-2.00719253,0.26135775,1.64813162,-0.34235076,-0.09638963,-0.12499685,0.52657525,-36.73121901,-6.34641973,0.52657525,-36.73121901,-6.34641973,0.52087973,-36.65697052,-6.27496533,0.01150457,-0.05189638,-0.02860047,0.00735082,-0.00028821,0.00133915
7.830,-1.99903422,0.20849567,1.61829595,-0.33425222,-0.09646205,-0.12338169,0.07493549,0.02162568,0.02766075,-2.01058571,0.26040060,1.64689128,-0.34159257,-0.09622110,-0.12475620,0.52940586,-36.74424072,-6.35100175,0.52940586,-36.74424072,-6.35100175,0.52373341,-36.67025281,-6.27977170,0.01155149,-0.05190493,-0.02859533,0.00734035,-0.00024095,0.00137451
7.840,-2.00237299,0.20753213,1.61706352,-0.33350124,-0.09624532,-0.12310448,0.07526029,0.02171941,0.02778064,-2.01397117,0.25944516,1.64565339,-0.34083092,-0.09605167,-0.12451428,0.53222468,-36.75717538,-6.35553660,0.53222468,-36.75717538,-6.35553660,0.52657525,-36.68344732,-6.28452548,0.01159818,-0.05191303,-0.02858987,0.00732968,-0.00019365,0.00140980
7.850,-2.00570424,0.20657077,1.61583387,-0.33274701,-0.09602766,-0.12282608,0.07558370,0.02181274,0.02790002,-2.01734888,0.25849146,1.64441798,-0.34006582,-0.09588134,-0.12427091,0.53503156,-36.77002062,-6.36002739,0.53503156,-36.77002062,-6.36002739,0.52940586,-36.69655553,-6.28923134,0.01164464,-0.05192069,-0.02858411,0.00731881,-0.00014632,0.00144483
7.860,-2.00902792,0.20561158,1.61460700,-0.33198957,-0.09580907,-0.12254648,0.07590572,0.02190568,0.02801889,-2.02071879,0.25753949,1.64318507,-0.33929728,-0.09571014,-0.12402597,0.53782700,-36.78277972,-6.36447838,0.53782700,-36.78277972,-6.36447838,0.53222468,-36.70957712,-6.29389104,0.01169087,-0.05192791,-0.02857807,0.00730771,-0.00009893,0.00147949
7.870,-2.01234402,0.20465459,1.61338294,-0.33122890,-0.09558955,-0.12226570,0.07622634,0.02199820,0.02813724,-2.02408089,0.25658928,1.64195468,-0.33852533,-0.09553806,-0.12377933,0.54061021,-36.79544804,-6.36888938,0.54061021,-36.79544804,-6.36888938,0.53503156,-36.72250971,-6.29850769,0.01173687,-0.05193469,-0.02857174,0.00729643,-0.00005149,0.00151363
7.880,-2.01565249,0.20369979,1.61216169,-0.33046504,-0.09536911,-0.12198374,0.07654555,0.02209033,0.02825507,-2.02743513,0.25564081,1.64072682,-0.33774997,-0.09536511,-0.12353091,0.54338170,-36.80802945,-6.37326415,0.54338170,-36.80802945,-6.37326415,0.53782700,-36.73535659,-6.30308554,0.01178264,-0.05194102,-0.02856513,0.00728493,-0.00000400,0.00154717
7.890,-2.01895331,0.20274721,1.61094327,-0.32969800,-0.09514774,-0.12170060,0.07686335,0.02218204,0.02837238,-2.03078148,0.25469411,1.63950152,-0.33697122,-0.09519129,-0.12328067,0.54614085,-36.82051925,-6.37760313,0.54614085,-36.82051925,-6.37760313,0.54061021,-36.74811314,-6.30762440,0.01182817,-0.05194690,-0.02855825,0.00727322,0.00004355,0.00158007
7.900,-2.02224644,0.20179684,1.60972768,-0.32892778,-0.09492547,-0.12141630,0.07717972,0.02227334,0.02848916,-2.03411990,0.25374919,1.63827880,-0.33618909,-0.09501659,-0.12302859,0.54888815,-36.83292233,-6.38190958,0.54888815,-36.83292233,-6.38190958,0.54338170,-36.76078321,-6.31212799,0.01187346,-0.05195235,-0.02855112,0.00726131,0.00009112,0.00161229
7.910,-2.02553185,0.20084870,1.60851495,-0.32815441,-0.09470228,-0.12113082,0.07749467,0.02236423,0.02860541,-2.03745037,0.25280605,1.63705867,-0.33540361,-0.09484100,-0.12277465,0.55162325,-36.84523600,-6.38618149,0.55162325,-36.84523600,-6.38618149,0.54614085,-36.77336213,-6.31659671,0.01191852,-0.05195735,-0.02854372,0.00724920,0.00013872,0.00164383
7.920,-2.02880952,0.19990280,1.60730507,-0.32737789,-0.09447818,-0.12084419,0.07780817,0.02245471,0.02872114,-2.04077286,0.25186470,1.63584115,-0.33461478,-0.09466451,-0.12251890,0.55434569,-36.85746082,-6.39042292,0.55434569,-36.85746082,-6.39042292,0.54888815,-36.78585480,-6.32103377,0.01196334,-0.05196190,-0.02853608,0.00723689,0.00018633,0.00167471
7.930,-2.03207940,0.19895914,1.60609807,-0.32659825,-0.09425319,-0.12055640,0.07812024,0.02254477,0.02883633,-2.04408732,0.25092515,1.63462627,-0.33382262,-0.09448711,-0.12226137,0.55705612,-36.86959980,-6.39463124,0.55705612,-36.86959980,-6.39463124,0.55162325,-36.79825854,-6.32543710,0.01200792,-0.05196601,-0.02852820,0.00722437,0.00023392,0.00170497
7.940,-2.03534147,0.19801774,1.60489395,-0.32581549,-0.09402729,-0.12026746,0.07843085,0.02263441,0.02895098,-2.04739373,0.24998741,1.63341402,-0.33302714,-0.09430878,-0.12200213,0.55975407,-36.88165075,-6.39880812,0.55975407,-36.88165075,-6.39880812,0.55434569,-36.81057392,-6.32981071,0.01205226,-0.05196967,-0.02852007,0.00721165,0.00028149,0.00173467
7.950,-2.03859570,0.19707860,1.60369272,-0.32502964,-0.09380050,-0.11997738,0.07874000,0.02272362,0.02906510,-2.05069205,0.24905149,1.63220444,-0.33222837,-0.09412950,-0.12174126,0.56243925,-36.89361693,-6.40295348,0.56243925,-36.89361693,-6.40295348,0.55705612,-36.82280397,-6.33415192,0.01209635,-0.05197289,-0.02851172,0.00719873,0.00032900,0.00176388
7.960,-2.04184205,0.19614173,1.60249440,-0.32424070,-0.09357282,-0.11968616,0.07904769,0.02281242,0.02917868,-2.05398225,0.24811741,1.63099752,-0.33142631,-0.09394925,-0.12147884,0.56511218,-36.90549901,-6.40706540,0.56511218,-36.90549901,-6.40706540,0.55975407,-36.83494650,-6.33846233,0.01214020,-0.05197568,-0.02850312,0.00718561,0.00037643,0.00179268
7.970,-2.04508050,0.19520715,1.60129900,-0.32344869,-0.09334425,-0.11939381,0.07935389,0.02290079,0.02929171,-2.05726430,0.24718517,1.62979329,-0.33062098,-0.09376801,-0.12121496,0.56777220,-36.91729570,-6.41114329,0.56777220,-36.91729570,-6.41114329,0.56243925,-36.84700479,-6.34274183,0.01218380,-0.05197802,-0.02849429,0.00717229,0.00042376,0.00182115
7.980,-2.04831102,0.19427485,1.60010653,-0.32265363,-0.09311480,-0.11910033,0.07965862,0.02298873,0.02940419,-2.06053816,0.24625478,1.62859175,-0.32981240,-0.09358575,-0.12094971,0.57041914,-36.92901206,-6.41518639,0.57041914,-36.92901206,-6.41518639,0.56511218,-36.85897952,-6.34698842,0.01222714,-0.05197993,-0.02848522,0.00715877,0.00047095,0.00184938
7.990,-2.05153356,0.19334485,1.59891700,-0.32185552,-0.09288448,-0.11880573,0.07996186,0.02307624,0.02951612,-2.06380382,0.24532625,1.62739291,-0.32900059,-0.09340247,-0.12068317,0.57305408,-36.94064713,-6.41919394,0.57305408,-36.94064713,-6.41919394,0.56777220,-36.87086939,-6.35120151,0.01227026,-0.05198140,-0.02847591,0.00714507,0.00051799,0.00187744
8.000,-2.05474812,0.19241716,1.59773042,-0.32105439,-0.09265328,-0.11851001,0.08026360,0.02316332,0.02962750,-2.06706122,0.24439960,1.62619679,-0.32818555,-0.09321814,-0.12041542,0.57567523,-36.95220117,-6.42316511,0.57567523,-36.95220117,-6.42316511,0.57041914,-36.88267948,-6.35538030,0.01231310,-0.05198244,-0.02846637,0.00713116,0.00056486,0.00190541
8.010,-2.05795464,0.19149179,1.59654680,-0.32025025,-0.09242121,-0.11821318,0.08056383,0.02324997,0.02973833,-2.07031035,0.24347483,1.62500339,-0.32736731,-0.09303276,-0.12014653,0.57828407,-36.96367508,-6.42709915,0.57828407,-36.96367508,-6.42709915,0.57305408,-36.89440883,-6.35952401,0.01235571,-0.05198304,-0.02845659,0.00711706,0.00061155,0.00193335
8.020,-2.06115311,0.19056874,1.59536616,-0.31944312,-0.09218828,-0.11791525,0.08086256,0.02333617,0.02984859,-2.07355116,0.24255196,1.62381272,-0.32654587,-0.09284630,-0.11987656,0.58087948,-36.97507168,-6.43099387,0.58087948,-36.97507168,-6.43099387,0.57567523,-36.90605770,-6.36363178,0.01239805,-0.05198322,-0.02844656,0.00710275,0.00065802,0.00196131
8.030,-2.06434350,0.18964803,1.59418850,-0.31863301,-0.09195449,-0.11761621,0.08115976,0.02342194,0.02995830,-2.07678364,0.24163100,1.62262480,-0.32572126,-0.09265877,-0.11960556,0.58346142,-36.98638935,-6.43484996,0.58346142,-36.98638935,-6.43484996,0.57828407,-36.91762699,-6.36770287,0.01244014,-0.05198297,-0.02843630,0.00708825,0.00070428,0.00198935
8.040,-2.06752576,0.18872965,1.59301384,-0.31781993,-0.09171985,-0.11731608,0.08145543,0.02350727,0.03006744,-2.08000774,0.24071196,1.62143962,-0.32489349,-0.09247016,-0.11933356,0.58603092,-36.99763266,-6.43866557,0.58603092,-36.99763266,-6.43866557,0.58087948,-36.92911951,-6.37173509,0.01248198,-0.05198231,-0.02842578,0.00707356,0.00075031,0.00201748
8.050,-2.07069988,0.18781363,1.59184218,-0.31700391,-0.09148435,-0.11701486,0.08174957,0.02359216,0.03017602,-2.08322344,0.23979484,1.62025721,-0.32406258,-0.09228047,-0.11906058,0.58858673,-37.00879741,-6.44244178,0.58858673,-37.00879741,-6.44244178,0.58346142,-36.94053365,-6.37572913,0.01252356,-0.05198121,-0.02841503,0.00705867,0.00079612,0.00204572
8.060,-2.07386583,0.18689997,1.59067355,-0.31618495,-0.09124800,-0.11671256,0.08204217,0.02367660,0.03028402,-2.08643070,0.23887967,1.61907756,-0.32322854,-0.09208970,-0.11878664,0.59112899,-37.01988591,-6.44617546,0.59112899,-37.01988591,-6.44617546,0.58603092,-36.95187397,-6.37968316,0.01256487,-0.05197970,-0.02840401,0.00704359,0.00084170,0.00207408
8.070,-2.07702357,0.18598868,1.58950794,-0.31536307,-0.09101082,-0.11640919,0.08233322,0.02376059,0.03039146,-2.08962950,0.23796645,1.61790069,-0.32239139,-0.09189785,-0.11851174,0.59365811,-37.03089878,-6.44986957,0.59365811,-37.03089878,-6.44986957,0.58858673,-36.96313626,-6.38359827,0.01260593,-0.05197777,-0.02839275,0.00702832,0.00088703,0.00210255
8.080,-2.08017308,0.18507976,1.58834537,-0.31453829,-0.09077279,-0.11610474,0.08262271,0.02384414,0.03049831,-2.09281980,0.23705518,1.61672661,-0.32155114,-0.09170493,-0.11823585,0.59617350,-37.04183706,-6.45352263,0.59617350,-37.04183706,-6.45352263,0.59112899,-36.97432283,-6.38747135,0.01264672,-0.05197542,-0.02838124,0.00701285,0.00093214,0.00213111
8.090,-2.08331433,0.18417322,1.58718585,-0.31371062,-0.09053394,-0.11579922,0.08291063,0.02392723,0.03060460,-2.09600158,0.23614589,1.61555532,-0.32070782,-0.09151095,-0.11795898,0.59867520,-37.05270153,-6.45713494,0.59867520,-37.05270153,-6.45713494,0.59365811,-36.98543427,-6.39130539,0.01268725,-0.05197267,-0.02836947,0.00699720,0.00097701,0.00215976
8.100,-2.08644729,0.18326908,1.58602938,-0.31288008,-0.09029425,-0.11549265,0.08319698,0.02400987,0.03071030,-2.09917481,0.23523859,1.61438685,-0.31986143,-0.09131591,-0.11768108,0.60116314,-37.06348907,-6.46070854,0.60116314,-37.06348907,-6.46070854,0.59617350,-36.99647166,-6.39509894,0.01272752,-0.05196951,-0.02835747,0.00698135,0.00102166,0.00218843
8.110,-2.08957192,0.18236734,1.58487600,-0.31204668,-0.09005374,-0.11518502,0.08348175,0.02409205,0.03081541,-2.10233944,0.23433327,1.61322120,-0.31901199,-0.09111984,-0.11740213,0.60363789,-37.07420190,-6.46423930,0.60363789,-37.07420190,-6.46423930,0.59867520,-37.00743572,-6.39885230,0.01276752,-0.05196593,-0.02834520,0.00696531,0.00106610,0.00221711
8.120,-2.09268821,0.18146801,1.58372569,-0.31121045,-0.08981241,-0.11487634,0.08376494,0.02417377,0.03091994,-2.10549546,0.23342996,1.61205838,-0.31815952,-0.09092273,-0.11712211,0.60609828,-37.08483955,-6.46773229,0.60609828,-37.08483955,-6.46773229,0.60116314,-37.01832337,-6.40256753,0.01280725,-0.05196195,-0.02833269,0.00694907,0.00111032,0.00224577
8.130,-2.09579612,0.18057109,1.58257847,-0.31037139,-0.08957027,-0.11456662,0.08404653,0.02425504,0.03102389,-2.10864284,0.23252865,1.61089840,-0.31730404,-0.09072461,-0.11684097,0.60854499,-37.09540378,-6.47118678,0.60854499,-37.09540378,-6.47118678,0.60363789,-37.02913678,-6.40624053,0.01284672,-0.05195756,-0.02831993,0.00693265,0.00115434,0.00227435
8.140,-2.09889563,0.17967661,1.58143436,-0.30952952,-0.08932731,-0.11425586,0.08432651,0.02433584,0.03112724,-2.11178154,0.23162937,1.60974128,-0.31644556,-0.09052548,-0.11655868,0.61097751,-37.10588969,-6.47460191,0.61097751,-37.10588969,-6.47460191,0.60609828,-37.03987551,-6.40987638,0.01288591,-0.05195276,-0.02830692,0.00691604,0.00119817,0.00230282
8.150,-2.10198670,0.17878455,1.58029336,-0.30868487,-0.08908355,-0.11394408,0.08460489,0.02441618,0.03122999,-2.11491154,0.23073212,1.60858703,-0.31558410,-0.09032535,-0.11627521,0.61339619,-37.11630340,-6.47798003,0.61339619,-37.11630340,-6.47798003,0.60854499,-37.05054129,-6.41347437,0.01292484,-0.05194757,-0.02829367,0.00689923,0.00124180,0.00233113
8.160,-2.10506932,0.17789494,1.57915548,-0.30783743,-0.08883899,-0.11363127,0.08488164,0.02449605,0.03133215,-2.11803280,0.22983691,1.60743567,-0.31471967,-0.09012424,-0.11599054,0.61580036,-37.12664035,-6.48132173,0.61580036,-37.12664035,-6.48132173,0.61097751,-37.06112924,-6.41703365,0.01296348,-0.05194197,-0.02828019,0.00688224,0.00128525,0.00235927
8.170,-2.10814344,0.17700777,1.57802074,-0.30698724,-0.08859363,-0.11331744,0.08515678,0.02457545,0.03143371,-2.12114530,0.22894376,1.60628720,-0.31385229,-0.08992216,-0.11570463,0.61819080,-37.13690398,-6.48462625,0.61819080,-37.13690398,-6.48462625,0.61339619,-37.07164545,-6.42055658,0.01300186,-0.05193599,-0.02826646,0.00686505,0.00132853,0.00238719
8.180,-2.11120905,0.17612307,1.57688914,-0.30613430,-0.08834748,-0.11300259,0.08543028,0.02465438,0.03153467,-2.12424901,0.22805266,1.60514164,-0.31298198,-0.08971911,-0.11541748,0.62056675,-37.14709013,-6.48789566,0.62056675,-37.14709013,-6.48789566,0.61580036,-37.08208537,-6.42404372,0.01303996,-0.05192959,-0.02825250,0.00684768,0.00137163,0.00241489
8.190,-2.11426612,0.17524083,1.57576069,-0.30527864,-0.08810055,-0.11268675,0.08570214,0.02473283,0.03163502,-2.12734390,0.22716363,1.60399900,-0.31210876,-0.08951510,-0.11512906,0.62292809,-37.15720262,-6.49113084,0.62292809,-37.15720262,-6.49113084,0.61819080,-37.09245245,-6.42749435,0.01307778,-0.05192280,-0.02823831,0.00683012,0.00141455,0.00244231
8.200,-2.11731462,0.17436106,1.57463540,-0.30442026,-0.08785283,-0.11236990,0.08597235,0.02481081,0.03173476,-2.13042995,0.22627667,1.60285930,-0.31123263,-0.08931014,-0.11483937,0.62527509,-37.16724066,-6.49433204,0.62527509,-37.16724066,-6.49433204,0.62056675,-37.10274250,-6.43091050,0.01311533,-0.05191561,-0.02822390,0.00681237,0.00145731,0.00246947
8.210,-2.12035451,0.17348377,1.57351329,-0.30355920,-0.08760433,-0.11205205,0.08624090,0.02488831,0.03183389,-2.13350711,0.22539181,1.60172254,-0.31035363,-0.08910423,-0.11454842,0.62760806,-37.17720420,-6.49749820,0.62760806,-37.17720420,-6.49749820,0.62292809,-37.11295937,-6.43429306,0.01315260,-0.05190804,-0.02820925,0.00679443,0.00149990,0.00249637
8.220,-2.12338579,0.17260898,1.57239437,-0.30269545,-0.08735506,-0.11173322,0.08650780,0.02496534,0.03193241,-2.13657537,0.22450904,1.60058875,-0.30947176,-0.08889738,-0.11425620,0.62992588,-37.18709122,-6.50062979,0.62992588,-37.18709122,-6.50062979,0.62527509,-37.12310225,-6.43764226,0.01318958,-0.05190006,-0.02819438,0.00677631,0.00154232,0.00252298
8.230,-2.12640841,0.17173667,1.57127863,-0.30182905,-0.08710503,-0.11141341,0.08677302,0.02504188,0.03203031,-2.13963470,0.22362838,1.59945792,-0.30858705,-0.08868959,-0.11396273,0.63222938,-37.19690770,-6.50373002,0.63222938,-37.19690770,-6.50373002,0.62760806,-37.13317110,-6.44095705,0.01322629,-0.05189171,-0.02817929,0.00675800,0.00158456,0.00254932
8.240,-2.12942236,0.17086688,1.57016610,-0.30096000,-0.08685423,-0.11109262,0.08703656,0.02511793,0.03212759,-2.14268507,0.22274983,1.59833009,-0.30769950,-0.08848086,-0.11366801,0.63451786,-37.20664698,-6.50679605,0.63451786,-37.20664698,-6.50679605,0.62992588,-37.14316388,-6.44423786,0.01326271,-0.05188295,-0.02816399,0.00673950,0.00162663,0.00257539
8.250,-2.13242761,0.16999959,1.56905678,-0.30008832,-0.08660267,-0.11077086,0.08729842,0.02519350,0.03222425,-2.14572645,0.22187341,1.59720524,-0.30680914,-0.08827119,-0.11337207,0.63679139,-37.21631510,-6.50982949,0.63679139,-37.21631510,-6.50982949,0.63222938,-37.15308660,-6.44748789,0.01329884,-0.05187382,-0.02814846,0.00672082,0.00166852,0.00260121
8.260,-2.13542412,0.16913483,1.56795069,-0.29921403,-0.08635036,-0.11044813,0.08755859,0.02526859,0.03232028,-2.14875882,0.22099912,1.59608341,-0.30591599,-0.08806059,-0.11307493,0.63905055,-37.22590816,-6.51282881,0.63905055,-37.22590816,-6.51282881,0.63451786,-37.16293258,-6.45070430,0.01333470,-0.05186429,-0.02813272,0.00670196,0.00171023,0.00262680
8.270,-2.13841188,0.16827259,1.56684782,-0.29833715,-0.08609730,-0.11012445,0.08781705,0.02534318,0.03241569,-2.15178214,0.22012698,1.59496459,-0.30502006,-0.08784906,-0.11277661,0.64129444,-37.23542989,-6.51579710,0.64129444,-37.23542989,-6.51579710,0.63679139,-37.17270786,-6.45388867,0.01337026,-0.05185439,-0.02811677,0.00668291,0.00175176,0.00265216
8.280,-2.14139085,0.16741288,1.56574820,-0.29745770,-0.08584350,-0.10979982,0.08807381,0.02541727,0.03251047,-2.15479639,0.21925698,1.59384880,-0.30412137,-0.08763660,-0.11247712,0.64352366,-37.24488037,-6.51873126,0.64352366,-37.24488037,-6.51873126,0.63905055,-37.18240856,-6.45703947,0.01340554,-0.05184410,-0.02810060,0.00666367,0.00179310,0.00267730
8.290,-2.14436102,0.16655572,1.56465183,-0.29657568,-0.08558896,-0.10947425,0.08832885,0.02549088,0.03260461,-2.15780155,0.21838915,1.59273606,-0.30321994,-0.08742320,-0.11217651,0.64573756,-37.25425737,-6.52163265,0.64573756,-37.25425737,-6.52163265,0.64129444,-37.19203838,-6.46015977,0.01344053,-0.05183343,-0.02808423,0.00664426,0.00183424,0.00270226
8.300,-2.14732236,0.16570111,1.56355872,-0.29569113,-0.08533368,-0.10914773,0.08858217,0.02556398,0.03269812,-2.16079758,0.21752349,1.59162636,-0.30231578,-0.08720887,-0.11187478,0.64793601,-37.26356258,-6.52450099,0.64793601,-37.26356258,-6.52450099,0.64352366,-37.20159743,-6.46324646,0.01347522,-0.05182238,-0.02806764,0.00662465,0.00187519,0.00272705
8.310,-2.15027484,0.16484905,1.56246888,-0.29480405,-0.08507768,-0.10882029,0.08883376,0.02563659,0.03279098,-2.16378447,0.21666002,1.59051973,-0.30140891,-0.08699361,-0.11157197,0.65011940,-37.27279843,-6.52733634,0.65011940,-37.27279843,-6.52733634,0.64573756,-37.21108345,-6.46630089,0.01350963,-0.05181097,-0.02805085,0.00660486,0.00191593,0.00275168
8.320,-2.15321843,0.16399956,1.56138232,-0.29391446,-0.08482095,-0.10849191,0.08908360,0.02570869,0.03288321,-2.16676217,0.21579873,1.58941616,-0.30049936,-0.08677743,-0.11126808,0.65228787,-37.28196227,-6.53013826,0.65228787,-37.28196227,-6.53013826,0.64793601,-37.22049815,-6.46932277,0.01354374,-0.05179917,-0.02803384,0.00658490,0.00195648,0.00277617
8.330,-2.15615312,0.16315263,1.56029904,-0.29302238,-0.08456351,-0.10816262,0.08933171,0.02578029,0.03297479,-2.16973068,0.21493964,1.58831568,-0.29958714,-0.08656031,-0.11096315,0.65444056,-37.29105845,-6.53290831,0.65444056,-37.29105845,-6.53290831,0.65011940,-37.22984394,-6.47231216,0.01357756,-0.05178701,-0.02801664,0.00656476,0.00199680,0.00280053
8.340,-2.15907887,0.16230829,1.55921907,-0.29212783,-0.08430535,-0.10783242,0.08957806,0.02585139,0.03306573,-2.17268995,0.21408276,1.58721829,-0.29867226,-0.08634228,-0.11065719,0.65657815,-37.30008226,-6.53564327,0.65657815,-37.30008226,-6.53564327,0.65228787,-37.23911818,-6.47526861,0.01361108,-0.05177447,-0.02799922,0.00654443,0.00203693,0.00282477
8.350,-2.16199567,0.16146653,1.55814240,-0.29123082,-0.08404648,-0.10750131,0.08982265,0.02592197,0.03315601,-2.17563998,0.21322809,1.58612399,-0.29775475,-0.08612332,-0.11035021,0.65869991,-37.30903766,-6.53834588,0.65869991,-37.30903766,-6.53834588,0.65444056,-37.24832522,-6.47819368,0.01364431,-0.05176156,-0.02798159,0.00652393,0.00207684,0.00284890
8.360,-2.16490348,0.16062736,1.55706904,-0.29033138,-0.08378691,-0.10716930,0.09006547,0.02599205,0.03324564,-2.17858072,0.21237565,1.58503281,-0.29683462,-0.08590345,-0.11004222,0.66080641,-37.31792456,-6.54101608,0.66080641,-37.31792456,-6.54101608,0.65657815,-37.25746034,-6.48108414,0.01367724,-0.05174829,-0.02796377,0.00650324,0.00211654,0.00287292
8.370,-2.16780229,0.15979079,1.55599902,-0.28942952,-0.08352664,-0.10683640,0.09030651,0.02606161,0.03333462,-2.18151216,0.21152545,1.58394475,-0.29591189,-0.08568267,-0.10973323,0.66289697,-37.32674251,-6.54365080,0.66289697,-37.32674251,-6.54365080,0.65869991,-37.26652750,-6.48394274,0.01370987,-0.05173466,-0.02794573,0.00648237,0.00215603,0.00289683
8.380,-2.17069206,0.15895683,1.55493232,-0.28852526,-0.08326568,-0.10650261,0.09054578,0.02613066,0.03342294,-2.18443426,0.21067749,1.58285982,-0.29498659,-0.08546098,-0.10942325,0.66497229,-37.33549137,-6.54625434,0.66497229,-37.33549137,-6.54625434,0.66080641,-37.27552660,-6.48676942,0.01374220,-0.05172066,-0.02792750,0.00646133,0.00219530,0.00292064
8.390,-2.17357278,0.15812548,1.55386897,-0.28761861,-0.08300403,-0.10616794,0.09078325,0.02619919,0.03351059,-2.18734701,0.20983178,1.58177802,-0.29405872,-0.08523840,-0.10911229,0.66703169,-37.34417258,-6.54882376,0.66703169,-37.34417258,-6.54882376,0.66289697,-37.28445719,-6.48956110,0.01377423,-0.05170630,-0.02790905,0.00644011,0.00223437,0.00294435
8.400,-2.17644443,0.15729675,1.55280896,-0.28670960,-0.08274170,-0.10583240,0.09101892,0.02626721,0.03359759,-2.19025038,0.20898834,1.58069938,-0.29312831,-0.08501492,-0.10880034,0.66907478,-37.35278594,-6.55136202,0.66907478,-37.35278594,-6.55136202,0.66497229,-37.29331913,-6.49232210,0.01380595,-0.05169159,-0.02789042,0.00641871,0.00227322,0.00296794
8.410,-2.17930697,0.15647065,1.55175232,-0.28579824,-0.08247869,-0.10549599,0.09125279,0.02633470,0.03368391,-2.19314435,0.20814717,1.57962389,-0.29219537,-0.08479055,-0.10848740,0.67110241,-37.36133088,-6.55386608,0.67110241,-37.36133088,-6.55386608,0.66703169,-37.30211385,-6.49504946,0.01383738,-0.05167652,-0.02787157,0.00639713,0.00231186,0.00299141
8.420,-2.18216038,0.15564718,1.55069905,-0.28488455,-0.08221500,-0.10515873,0.09148484,0.02640167,0.03376957,-2.19602889,0.20730827,1.57855157,-0.29125993,-0.08456531,-0.10817348,0.67311432,-37.36980880,-6.55633752,0.67311432,-37.36980880,-6.55633752,0.66907478,-37.31084116,-6.49774616,0.01386851,-0.05166109,-0.02785252,0.00637538,0.00235031,0.00301475
8.430,-2.18500465,0.15482635,1.54964915,-0.28396855,-0.08195066,-0.10482061,0.09171507,0.02646811,0.03385456,-2.19890397,0.20647166,1.57748243,-0.29032200,-0.08433919,-0.10785858,0.67510978,-37.37822012,-6.55877771,0.67510978,-37.37822012,-6.55877771,0.67110241,-37.31950047,-6.50040915,0.01389932,-0.05164531,-0.02783328,0.00635345,0.00238853,0.00303797
8.440,-2.18783975,0.15400817,1.54860264,-0.28305025,-0.08168564,-0.10448164,0.09194348,0.02653402,0.03393887,-2.20176957,0.20563735,1.57641648,-0.28938161,-0.08411220,-0.10754269,0.67708915,-37.38656314,-6.56118526,0.67708915,-37.38656314,-6.56118526,0.67311432,-37.32809318,-6.50304001,0.01392982,-0.05162918,-0.02781384,0.00633136,0.00242656,0.00306105
8.450,-2.19066565,0.15319264,1.54755952,-0.28212969,-0.08141998,-0.10414183,0.09217004,0.02659941,0.03402250,-2.20462568,0.20480534,1.57535373,-0.28843876,-0.08388436,-0.10722580,0.67905248,-37.39484059,-6.56356172,0.67905248,-37.39484059,-6.56356172,0.67510978,-37.33661971,-6.50564013,0.01396003,-0.05161270,-0.02779421,0.00630907,0.00246438,0.00308397
8.460,-2.19348233,0.15237977,1.54651980,-0.28120686,-0.08115366,-0.10380119,0.09239477,0.02666426,0.03410545,-2.20747225,0.20397564,1.57429419,-0.28749348,-0.08365566,-0.10690793,0.68099991,-37.40305112,-6.56590716,0.68099991,-37.40305112,-6.56590716,0.67708915,-37.34507835,-6.50820810,0.01398992,-0.05159587,-0.02777439,0.00628662,0.00250200,0.00310674
8.470,-2.19628978,0.15156957,1.54548350,-0.28028180,-0.08088669,-0.10345972,0.09261764,0.02672858,0.03418772,-2.21030928,0.20314827,1.57323786,-0.28654579,-0.08342612,-0.10658907,0.68293050,-37.41119439,-6.56822003,0.68293050,-37.41119439,-6.56822003,0.67905248,-37.35347185,-6.51074548,0.01401950,-0.05157870,-0.02775436,0.00626399,0.00253943,0.00312935
8.480,-2.19908796,0.15076204,1.54445061,-0.27935451,-0.08061909,-0.10311744,0.09283866,0.02679236,0.03426930,-2.21313673,0.20232322,1.57218477,-0.28559571,-0.08319574,-0.10626921,0.68484528,-37.41927244,-6.57050346,0.68484528,-37.41927244,-6.57050346,0.68099991,-37.36179882,-6.51325233,0.01404877,-0.05156118,-0.02773416,0.00624120,0.00257665,0.00315177
8.490,-2.20187686,0.14995719,1.54342115,-0.27842503,-0.08035085,-0.10277434,0.09305781,0.02685561,0.03435020,-2.21595459,0.20150052,1.57113491,-0.28464326,-0.08296452,-0.10594837,0.68674335,-37.42728422,-6.57275582,0.68674335,-37.42728422,-6.57275582,0.68293050,-37.37005895,-6.51572711,0.01407773,-0.05154333,-0.02771376,0.00621823,0.00261367,0.00317403
8.500,-2.20465646,0.14915503,1.54239513,-0.27749336,-0.08008198,-0.10243044,0.09327508,0.02691831,0.03443040,-2.21876283,0.20068015,1.57008830,-0.28368845,-0.08273249,-0.10562654,0.68862475,-37.43522940,-6.57497720,0.68862475,-37.43522940,-6.57497720,0.68484528,-37.37825426,-6.51817294,0.01410637,-0.05152512,-0.02769317,0.00619509,0.00265051,0.00319610
8.510,-2.20742672,0.14835555,1.54137255,-0.27655953,-0.07981248,-0.10208573,0.09349047,0.02698047,0.03450991,-2.22156143,0.19986214,1.56904495,-0.28273131,-0.08249963,-0.10530372,0.69049022,-37.44311129,-6.57716889,0.69049022,-37.44311129,-6.57716889,0.68674335,-37.38638369,-6.52058818,0.01413471,-0.05150659,-0.02767240,0.00617178,0.00268715,0.00321799
8.520,-2.21018764,0.14755878,1.54035342,-0.27562356,-0.07954237,-0.10174024,0.09370398,0.02704209,0.03458872,-2.22435037,0.19904649,1.56800486,-0.28177185,-0.08226595,-0.10497992,0.69233861,-37.45092590,-6.57933110,0.69233861,-37.45092590,-6.57933110,0.68862475,-37.39444693,-6.52297293,0.01416273,-0.05148771,-0.02765144,0.00614829,0.00272358,0.00323968
8.530,-2.21293919,0.14676471,1.53933774,-0.27468546,-0.07927164,-0.10139396,0.09391559,0.02710316,0.03466683,-2.22712961,0.19823321,1.56696805,-0.28081010,-0.08203147,-0.10465514,0.69417038,-37.45867618,-6.58146509,0.69417038,-37.45867618,-6.58146509,0.69049022,-37.40244727,-6.52532848,0.01419042,-0.05146850,-0.02763031,0.00612464,0.00275983,0.00326118
8.540,-2.21568134,0.14597335,1.53832554,-0.27374525,-0.07900031,-0.10104691,0.09412529,0.02716367,0.03474424,-2.22989915,0.19742231,1.56593453,-0.27984607,-0.08179619,-0.10432940,0.69598591,-37.46636215,-6.58356787,0.69598591,-37.46636215,-6.58356787,0.69233861,-37.41038074,-6.52765502,0.01421781,-0.05144896,-0.02760899,0.00610082,0.00279588,0.00328249
8.550,-2.21841408,0.14518470,1.53731681,-0.27280296,-0.07872837,-0.10069908,0.09433309,0.02722364,0.03482094,-2.23265896,0.19661379,1.56490431,-0.27887979,-0.08156010,-0.10400269,0.69778447,-37.47398480,-6.58564207,0.69778447,-37.47398480,-6.58564207,0.69417038,-37.41825026,-6.52995380,0.01424488,-0.05142909,-0.02758750,0.00607683,0.00283173,0.00330361
8.560,-2.22113739,0.14439878,1.53631156,-0.27185860,-0.07845584,-0.10035049,0.09453896,0.02728306,0.03489693,-2.23540902,0.19580766,1.56387739,-0.27791127,-0.08132322,-0.10367504,0.69956606,-37.48154214,-6.58768770,0.69956606,-37.48154214,-6.58768770,0.69598591,-37.42605586,-6.53222184,0.01427163,-0.05140888,-0.02756583,0.00605267,0.00286738,0.00332455
8.570,-2.22385125,0.14361559,1.53530980,-0.27091219,-0.07818271,-0.10000114,0.09474291,0.02734191,0.03497221,-2.23814930,0.19500394,1.56285378,-0.27694053,-0.08108555,-0.10334644,0.70133059,-37.48903508,-6.58970450,0.70133059,-37.48903508,-6.58970450,0.69778447,-37.43379853,-6.53446175,0.01429805,-0.05138835,-0.02754398,0.00602834,0.00290284,0.00334530
8.580,-2.22655563,0.14283513,1.53431154,-0.26996375,-0.07790900,-0.09965105,0.09494492,0.02740021,0.03504678,-2.24087979,0.19420262,1.56183350,-0.27596759,-0.08084710,-0.10301691,0.70307847,-37.49646566,-6.59169240,0.70307847,-37.49646566,-6.59169240,0.69956606,-37.44147627,-6.53667354,0.01432416,-0.05136749,-0.02752196,0.00600384,0.00293810,0.00336586
8.590,-2.22925052,0.14205741,1.53331678,-0.26901330,-0.07763471,-0.09930021,0.09514500,0.02745795,0.03512064,-2.24360046,0.19340372,1.56081654,-0.27499248,-0.08060787,-0.10268645,0.70480912,-37.50383318,-6.59365246,0.70480912,-37.50383318,-6.59365246,0.70133059,-37.44909000,-6.53885696,0.01434994,-0.05134631,-0.02749976,0.00597918,0.00297316,0.00338624
8.600,-2.23193589,0.14128244,1.53232554,-0.26806085,-0.07735984,-0.09894864,0.09534312,0.02751513,0.03519377,-2.24631130,0.19260724,1.55980294,-0.27401522,-0.08036786,-0.10235509,0.70652311,-37.51113693,-6.59558310,0.70652311,-37.51113693,-6.59558310,0.70307847,-37.45664175,-6.54101190,0.01437541,-0.05132480,-0.02747740,0.00595437,0.00300802,0.00340645
8.610,-2.23461173,0.14051022,1.53133781,-0.26710644,-0.07708441,-0.09859634,0.09553929,0.02757174,0.03526618,-2.24901227,0.19181319,1.55879267,-0.27303581,-0.08012707,-0.10202282,0.70821964,-37.51837890,-6.59748694,0.70821964,-37.51837890,-6.59748694,0.70480912,-37.46413082,-6.54313945,0.01440054,-0.05130297,-0.02745486,0.00592937,0.00304266,0.00342648
8.620,-2.23727801,0.13974075,1.53035361,-0.26615007,-0.07680841,-0.09824332,0.09573349,0.02762779,0.03533787,-2.25170337,0.19102159,1.55778577,-0.27205430,-0.07988552,-0.10168966,0.70989941,-37.52556001,-6.59936228,0.70989941,-37.52556001,-6.59936228,0.70652311,-37.47155650,-6.54523800,0.01442536,-0.05128084,-0.02743216,0.00590423,0.00307711,0.00344634
8.630,-2.23993472,0.13897405,1.52937295,-0.26519178,-0.07653186,-0.09788958,0.09592573,0.02768326,0.03540883,-2.25438457,0.19023242,1.55678224,-0.27107068,-0.07964321,-0.10135563,0.71156165,-37.53267824,-6.60120872,0.71156165,-37.53267824,-6.60120872,0.70821964,-37.47892077,-6.54731018,0.01444985,-0.05125837,-0.02740929,0.00587890,0.00311135,0.00346605
8.640,-2.24258184,0.13821012,1.52839582,-0.26423157,-0.07625475,-0.09753514,0.09611598,0.02773817,0.03547905,-2.25705585,0.18944571,1.55578208,-0.27008499,-0.07940014,-0.10102072,0.71320658,-37.53973446,-6.60302910,0.71320658,-37.53973446,-6.60302910,0.70989941,-37.48622455,-6.54935428,0.01447401,-0.05123559,-0.02738626,0.00585342,0.00314539,0.00348558
8.650,-2.24521935,0.13744896,1.52742225,-0.26326946,-0.07597709,-0.09718000,0.09630425,0.02779250,0.03554855,-2.25971719,0.18866146,1.55478530,-0.26909725,-0.07915631,-0.10068495,0.71483418,-37.54673025,-6.60482008,0.71483418,-37.54673025,-6.60482008,0.71156165,-37.49346582,-6.55136990,0.01449784,-0.05121250,-0.02736305,0.00582779,0.00317922,0.00350495
8.660,-2.24784722,0.13669058,1.52645223,-0.26230549,-0.07569890,-0.09682417,0.09649052,0.02784626,0.03561731,-2.26236857,0.18787968,1.55379192,-0.26810747,-0.07891174,-0.10034833,0.71644473,-37.55366557,-6.60658433,0.71644473,-37.55366557,-6.60658433,0.71320658,-37.50064546,-6.55335986,0.01452135,-0.05118910,-0.02733969,0.00580198,0.00321284,0.00352416
8.670,-2.25046545,0.13593498,1.52548577,-0.26133966,-0.07542017,-0.09646766,0.09667479,0.02789944,0.03568533,-2.26500997,0.18710038,1.55280193,-0.26711567,-0.07866642,-0.10001087,0.71803749,-37.56054124,-6.60832162,0.71803749,-37.56054124,-6.60832162,0.71483418,-37.50776502,-6.55532085,0.01454452,-0.05116540,-0.02731616,0.00577601,0.00324625,0.00354321
8.680,-2.25307401,0.13518217,1.52452288,-0.26037200,-0.07514091,-0.09611047,0.09685705,0.02795204,0.03575260,-2.26764138,0.18632356,1.55181536,-0.26612189,-0.07842036,-0.09967256,0.71961284,-37.56735680,-6.61003156,0.71961284,-37.56735680,-6.61003156,0.71644473,-37.51482447,-6.55725551,0.01456737,-0.05114139,-0.02729248,0.00574989,0.00327945,0.00356209
8.690,-2.25567289,0.13443216,1.52356356,-0.25940253,-0.07486113,-0.09575261,0.09703730,0.02800405,0.03581914,-2.27026277,0.18554923,1.55083220,-0.26512613,-0.07817358,-0.09933343,0.72117034,-37.57411177,-6.61171536,0.72117034,-37.57411177,-6.61171536,0.71803749,-37.52182463,-6.55916361,0.01458988,-0.05111707,-0.02726864,0.00572360,0.00331245,0.00358082
8.700,-2.25826206,0.13368495,1.52260783,-0.25843126,-0.07458083,-0.09539409,0.09721552,0.02805549,0.03588492,-2.27287412,0.18477739,1.54985246,-0.26412842,-0.07792606,-0.09899347,0.72271064,-37.58080730,-6.61337124,0.72271064,-37.58080730,-6.61337124,0.71961284,-37.52876505,-6.56104477,0.01461206,-0.05109244,-0.02724463,0.00569716,0.00334523,0.00359938
8.710,-2.26084150,0.13294055,1.52165568,-0.25745822,-0.07430002,-0.09503491,0.09739171,0.02810633,0.03594996,-2.27547542,0.18400806,1.54887616,-0.26312878,-0.07767782,-0.09865269,0.72423370,-37.58744291,-6.61500175,0.72423370,-37.58744291,-6.61500175,0.72117034,-37.53564522,-6.56290018,0.01463392,-0.05106751,-0.02722048,0.00567056,0.00337780,0.00361778
8.720,-2.26341121,0.13219895,1.52070713,-0.25648343,-0.07401871,-0.09467509,0.09756586,0.02815659,0.03601424,-2.27806664,0.18324124,1.54790329,-0.26212724,-0.07742886,-0.09831110,0.72573859,-37.59402208,-6.61660521,0.72573859,-37.59402208,-6.61660521,0.72271064,-37.54246630,-6.56472807,0.01465543,-0.05104229,-0.02719616,0.00564381,0.00341015,0.00363601
8.730,-2.26597117,0.13146018,1.51976218,-0.25550691,-0.07373689,-0.09431463,0.09773797,0.02820626,0.03607777,-2.28064780,0.18247701,1.54693394,-0.26112437,-0.07717734,-0.09796709,0.72723337,-37.60061946,-6.61820865,0.72723337,-37.60061946,-6.61820865,0.72271064,-37.54259592,-6.56490371,0.01467663,-0.05101683,-0.02717176,0.00561746,0.00344045,0.00365246
8.740,-2.26852135,0.13072422,1.51882084,-0.25452868,-0.07345459,-0.09395354,0.09790802,0.02825533,0.03614054,-2.28321885,0.18171531,1.54596805,-0.26011949,-0.07692557,-0.09762270,0.72870894,-37.60714510,-6.61978159,0.72870894,-37.60714510,-6.61978159,0.72573859,-37.55593694,-6.56831046,0.01469750,-0.05099109,-0.02714721,0.00559081,0.00347098,0.00366916
8.750,-2.27106174,0.12999109,1.51788311,-0.25354876,-0.07317179,-0.09359182,0.09807600,0.02830381,0.03620255,-2.28577977,0.18095614,1.54500561,-0.25911266,-0.07667347,-0.09727786,0.73016529,-37.61359869,-6.62132551,0.73016529,-37.61359869,-6.62132551,0.72723337,-37.56266087,-6.57008697,0.01471803,-0.05096505,-0.02712250,0.00556390,0.00350168,0.00368604
8.760,-2.27359232,0.12926078,1.51694900,-0.25256717,-0.07288851,-0.09322949,0.09824192,0.02835170,0.03626380,-2.28833055,0.18019950,1.54404665,-0.25810392,-0.07642097,-0.09693254,0.73160282,-37.61998656,-6.62284051,0.73160282,-37.61998656,-6.62284051,0.72870894,-37.56931338,-6.57183331,0.01473823,-0.05093872,-0.02709765,0.00553675,0.00353246,0.00370305
8.770,-2.27611307,0.12853332,1.51601852,-0.25158393,-0.07260476,-0.09286655,0.09840576,0.02839898,0.03632428,-2.29087116,0.17944541,1.54309116,-0.25709331,-0.07616800,-0.09658669,0.73302191,-37.62630620,-6.62432639,0.73302191,-37.62630620,-6.62432639,0.73016529,-37.57589414,-6.57355095,0.01475809,-0.05091209,-0.02707264,0.00550938,0.00356324,0.00372014
8.780,-2.27862399,0.12780869,1.51509168,-0.25059906,-0.07232053,-0.09250301,0.09856752,0.02844566,0.03638398,-2.29340160,0.17869387,1.54213915,-0.25608087,-0.07591453,-0.09624028,0.73442186,-37.63256392,-6.62578305,0.73442186,-37.63256392,-6.62578305,0.73160282,-37.58240950,-6.57523999,0.01477761,-0.05088518,-0.02704747,0.00548181,0.00359400,0.00373727
8.790,-2.28112505,0.12708691,1.51416847,-0.24961258,-0.07203585,-0.09213887,0.09872719,0.02849174,0.03644292,-2.29592184,0.17794489,1.54119062,-0.25506663,-0.07566053,-0.09589328,0.73580346,-37.63875911,-6.62721327,0.73580346,-37.63875911,-6.62721327,0.73302191,-37.58885694,-6.57690025,0.01479679,-0.05085798,-0.02702215,0.00545405,0.00362468,0.00375441
8.800,-2.28361624,0.12636797,1.51324890,-0.24862452,-0.07175070,-0.09177415,0.09888475,0.02853721,0.03650108,-2.29843186,0.17719846,1.54024559,-0.25405061,-0.07540597,-0.09554566,0.73716636,-37.64489505,-6.62861709,0.73716636,-37.64489505,-6.62861709,0.73442186,-37.59524278,-6.57853165,0.01481562,-0.05083049,-0.02699669,0.00542609,0.00365527,0.00377151
8.810,-2.28609753,0.12565190,1.51233298,-0.24763490,-0.07146510,-0.09140885,0.09904021,0.02858207,0.03655847,-2.30093166,0.17645461,1.53930407,-0.25303286,-0.07515083,-0.09519739,0.73851132,-37.65096825,-6.62999429,0.73851132,-37.65096825,-6.62999429,0.73580346,-37.60156640,-6.58013697,0.01483413,-0.05080271,-0.02697109,0.00539796,0.00368573,0.00378854
8.820,-2.28856893,0.12493867,1.51142072,-0.24664372,-0.07117906,-0.09104299,0.09919356,0.02862633,0.03661507,-2.30342121,0.17571333,1.53836605,-0.25201339,-0.07489510,-0.09484847,0.73983733,-37.65698667,-6.63134481,0.73983733,-37.65698667,-6.63134481,0.73716636,-37.60783109,-6.58171625,0.01485228,-0.05077466,-0.02694533,0.00536967,0.00371604,0.00380548
8.830,-2.29103040,0.12422832,1.51051213,-0.24565103,-0.07089258,-0.09067656,0.09934478,0.02866997,0.03667089,-2.30590050,0.17497463,1.53743155,-0.25099224,-0.07463878,-0.09449887,0.74114528,-37.66294381,-6.63266825,0.74114528,-37.66294381,-6.63266825,0.73851132,-37.61403335,-6.58326926,0.01487010,-0.05074631,-0.02691942,0.00534121,0.00374620,0.00382231
8.840,-2.29348194,0.12352082,1.50960720,-0.24465684,-0.07060566,-0.09030957,0.09949387,0.02871300,0.03672593,-2.30836951,0.17423852,1.53650057,-0.24996942,-0.07438185,-0.09414857,0.74243453,-37.66884700,-6.63396750,0.74243453,-37.66884700,-6.63396750,0.73983733,-37.62018113,-6.58479597,0.01488757,-0.05071770,-0.02689337,0.00531258,0.00377619,0.00383900
8.850,-2.29592354,0.12281620,1.50870594,-0.24366116,-0.07031832,-0.08994204,0.09964083,0.02875541,0.03678017,-2.31082822,0.17350500,1.53557313,-0.24894497,-0.07412432,-0.09379756,0.74370497,-37.67469216,-6.63524255,0.74370497,-37.67469216,-6.63524255,0.74114528,-37.62626795,-6.58629599,0.01490468,-0.05068880,-0.02686719,0.00528381,0.00380600,0.00385552
8.860,-2.29835516,0.12211446,1.50780836,-0.24266403,-0.07003056,-0.08957397,0.09978564,0.02879720,0.03683363,-2.31327663,0.17277409,1.53464922,-0.24791890,-0.07386619,-0.09344582,0.74495760,-37.68048047,-6.63649314,0.74495760,-37.68048047,-6.63649314,0.74243453,-37.63230111,-6.58777220,0.01492147,-0.05065963,-0.02684086,0.00525487,0.00383563,0.00387185
8.870,-2.30077681,0.12141559,1.50691446,-0.24166546,-0.06974238,-0.08920537,0.09992830,0.02883837,0.03688629,-2.31571471,0.17204577,1.53372886,-0.24689124,-0.07360745,-0.09309335,0.74619132,-37.68621505,-6.63772054,0.74619132,-37.68621505,-6.63772054,0.74370497,-37.63827655,-6.58922458,0.01493790,-0.05063018,-0.02681440,0.00522578,0.00386507,0.00388798
8.880,-2.30318847,0.12071961,1.50602425,-0.24066547,-0.06945379,-0.08883625,0.10006880,0.02887892,0.03693815,-2.31814246,0.17132007,1.53281206,-0.24586201,-0.07334810,-0.09274014,0.74740640,-37.69189338,-6.63892451,0.74740640,-37.69189338,-6.63892451,0.74495760,-37.64419543,-6.59065288,0.01495399,-0.05060046,-0.02678781,0.00519654,0.00389431,0.00390389
8.890,-2.30559012,0.12002652,1.50513774,-0.23966409,-0.06916480,-0.08846661,0.10020713,0.02891884,0.03698921,-2.32055985,0.17059699,1.53189882,-0.24483124,-0.07308816,-0.09238619,0.74860300,-37.69751685,-6.64010466,0.74860300,-37.69751685,-6.64010466,0.74619132,-37.65006090,-6.59205836,0.01496973,-0.05057047,-0.02676108,0.00516715,0.00392336,0.00391958
8.900,-2.30798174,0.11933632,1.50425492,-0.23866133,-0.06887542,-0.08809647,0.10034329,0.02895813,0.03703947,-2.32296687,0.16987653,1.53098914,-0.24379895,-0.07282761,-0.09203151,0.74978154,-37.70308687,-6.64126373,0.74978154,-37.70308687,-6.64126373,0.74740640,-37.65587039,-6.59344079,0.01498513,-0.05054021,-0.02673422,0.00513762,0.00395219,0.00393504
8.910,-2.31036334,0.11864901,1.50337581,-0.23765723,-0.06858564,-0.08772582,0.10047727,0.02899680,0.03708892,-2.32536351,0.16915870,1.53008304,-0.24276516,-0.07256646,-0.09167609,0.75094058,-37.70860414,-6.64239970,0.75094058,-37.70860414,-6.64239970,0.74860300,-37.66162533,-6.59479974,0.01500017,-0.05050969,-0.02670723,0.00510793,0.00398082,0.00395027
8.920,-2.31273488,0.11796461,1.50250041,-0.23665179,-0.06829548,-0.08735469,0.10060906,0.02903483,0.03713757,-2.32774975,0.16844350,1.52918053,-0.24172990,-0.07230472,-0.09131994,0.75208167,-37.71406637,-6.64351381,0.75208167,-37.71406637,-6.64351381,0.74978154,-37.66732712,-6.59613798,0.01501487,-0.05047889,-0.02668012,0.00507811,0.00400924,0.00396525
8.930,-2.31509637,0.11728310,1.50162872,-0.23564505,-0.06800495,-0.08698307,0.10073865,0.02907223,0.03718541,-2.33012558,0.16773095,1.52828160,-0.24069318,-0.07204239,-0.09096307,0.75320339,-37.71947893,-6.64460693,0.75320339,-37.71947893,-6.64460693,0.75094058,-37.67297644,-6.59745347,0.01502921,-0.05044785,-0.02665288,0.00504813,0.00403744,0.00398000
8.940,-2.31744778,0.11660451,1.50076075,-0.23463703,-0.06771404,-0.08661098,0.10086603,0.02910899,0.03723243,-2.33249098,0.16702104,1.52738628,-0.23965504,-0.07177947,-0.09060549,0.75430659,-37.72483647,-6.64567865,0.75430659,-37.72483647,-6.64567865,0.75208167,-37.67857102,-6.59874744,0.01504320,-0.05041653,-0.02662553,0.00501801,0.00406543,0.00399451
8.950,-2.31978911,0.11592882,1.49989650,-0.23362774,-0.06742277,-0.08623843,0.10099120,0.02914511,0.03727863,-2.33484595,0.16631379,1.52649455,-0.23861549,-0.07151596,-0.09024720,0.75539073,-37.73014468,-6.64672993,0.75539073,-37.73014468,-6.64672993,0.75320339,-37.68411622,-6.60002075,0.01505684,-0.05038497,-0.02659805,0.00498775,0.00409319,0.00400877
8.960,-2.32212033,0.11525605,1.49903598,-0.23261721,-0.06713114,-0.08586541,0.10111415,0.02918060,0.03732402,-2.33719047,0.16560919,1.52560644,-0.23757455,-0.07125186,-0.08988824,0.75645655,-37.73540056,-6.64775996,0.75645655,-37.73540056,-6.64775996,0.75430659,-37.68960668,-6.60127298,0.01507014,-0.05035314,-0.02657046,0.00495734,0.00412072,0.00402283
8.970,-2.32444145,0.11458620,1.49817919,-0.23160547,-0.06683916,-0.08549195,0.10123488,0.02921544,0.03736858,-2.33952452,0.16490726,1.52472194,-0.23653226,-0.07098718,-0.08952860,0.75750282,-37.74060545,-6.64876981,0.75750282,-37.74060545,-6.64876981,0.75539073,-37.69504810,-6.60250508,0.01508307,-0.05032106,-0.02654275,0.00492679,0.00414802,0.00403665
8.980,-2.32675244,0.11391927,1.49732614,-0.23059252,-0.06654684,-0.08511805,0.10135337,0.02924963,0.03741232,-2.34184810,0.16420800,1.52384107,-0.23548863,-0.07072193,-0.08916831,0.75853064,-37.74576067,-6.64975869,0.75853064,-37.74576067,-6.64975869,0.75645655,-37.70043748,-6.60371625,0.01509566,-0.05028873,-0.02651493,0.00489611,0.00417509,0.00405026
8.990,-2.32905329,0.11325527,1.49647683,-0.22957841,-0.06625417,-0.08474371,0.10146962,0.02928318,0.03745523,-2.34416119,0.16351141,1.52296382,-0.23444368,-0.07045609,-0.08880738,0.75953956,-37.75086484,-6.65072730,0.75953956,-37.75086484,-6.65072730,0.75750282,-37.70577615,-6.60490751,0.01510790,-0.05025614,-0.02648699,0.00486527,0.00420192,0.00406367
9.000,-2.33134400,0.11259419,1.49563127,-0.22856314,-0.06596117,-0.08436894,0.10158362,0.02931608,0.03749731,-2.34646378,0.16281751,1.52209021,-0.23339745,-0.07018969,-0.08844583,0.76052922,-37.75592162,-6.65167491,0.76052922,-37.75592162,-6.65167491,0.75853064,-37.71106543,-6.60607810,0.01511978,-0.05022332,-0.02645894,0.00483431,0.00422852,0.00407689
9.010,-2.33362455,0.11193604,1.49478945,-0.22754674,-0.06566785,-0.08399376,0.10169536,0.02934832,0.03753855,-2.34875585,0.16212629,1.52122024,-0.23234994,-0.06992271,-0.08808367,0.76149993,-37.76093029,-6.65260388,0.76149993,-37.76093029,-6.65260388,0.75953956,-37.71630395,-6.60722870,0.01513130,-0.05019025,-0.02643079,0.00480320,0.00425486,0.00408991
9.020,-2.33589493,0.11128083,1.49395139,-0.22652924,-0.06537421,-0.08361818,0.10180483,0.02937992,0.03757897,-2.35103740,0.16143777,1.52035391,-0.23130119,-0.06965517,-0.08772092,0.76245150,-37.76588973,-6.65351200,0.76245150,-37.76588973,-6.65351200,0.76052922,-37.72149534,-6.60835857,0.01514247,-0.05015694,-0.02640252,0.00477195,0.00428096,0.00410274
9.030,-2.33815513,0.11062856,1.49311709,-0.22551065,-0.06508026,-0.08324219,0.10191204,0.02941086,0.03761854,-2.35330841,0.16075194,1.51949123,-0.23025123,-0.06938707,-0.08735760,0.76338400,-37.77080117,-6.65439978,0.76338400,-37.77080117,-6.65439978,0.76149993,-37.72663890,-6.60947007,0.01515328,-0.05012338,-0.02637414,0.00474058,0.00430681,0.00411541
9.040,-2.34040514,0.10997923,1.49228655,-0.22449100,-0.06478599,-0.08286581,0.10201696,0.02944114,0.03765727,-2.35556888,0.16006881,1.51863221,-0.22920006,-0.06911842,-0.08699371,0.76429726,-37.77566512,-6.65526803,0.76429726,-37.77566512,-6.65526803,0.76245150,-37.73173350,-6.61056098,0.01516374,-0.05008958,-0.02634566,0.00470906,0.00433243,0.00412790
9.050,-2.34264495,0.10933284,1.49145978,-0.22347032,-0.06449143,-0.08248904,0.10211960,0.02947076,0.03769515,-2.35781879,0.15938840,1.51777685,-0.22814772,-0.06884921,-0.08662927,0.76519114,-37.78048345,-6.65611593,0.76519114,-37.78048345,-6.65611593,0.76338400,-37.73678037,-6.61163180,0.01517384,-0.05005556,-0.02631707,0.00467740,0.00435778,0.00414023
9.060,-2.34487455,0.10868940,1.49063677,-0.22244862,-0.06419658,-0.08211191,0.10221994,0.02949971,0.03773219,-2.36005812,0.15871070,1.51692516,-0.22709423,-0.06857946,-0.08626429,0.76606573,-37.78525499,-6.65694589,0.76606573,-37.78525499,-6.65694589,0.76429726,-37.74178001,-6.61268336,0.01518357,-0.05002130,-0.02628839,0.00464561,0.00438288,0.00415238
9.070,-2.34709392,0.10804891,1.48981754,-0.22142593,-0.06390144,-0.08173440,0.10231797,0.02952801,0.03776838,-2.36228688,0.15803571,1.51607714,-0.22603961,-0.06830917,-0.08589878,0.76692142,-37.78998047,-6.65775540,0.76692142,-37.78998047,-6.65775540,0.76519114,-37.74673430,-6.61371482,0.01519296,-0.04998680,-0.02625960,0.00461368,0.00440773,0.00416438
9.080,-2.34930306,0.10741137,1.48900209,-0.22040227,-0.06360602,-0.08135654,0.10241370,0.02955563,0.03780372,-2.36450505,0.15736345,1.51523279,-0.22498389,-0.06803835,-0.08553274,0.76775772,-37.79466103,-6.65854533,0.76775772,-37.79466103,-6.65854533,0.76606573,-37.75164205,-6.61472858,0.01520199,-0.04995208,-0.02623070,0.00458162,0.00443233,0.00417620
9.090,-2.35150196,0.10677679,1.48819041,-0.21937766,-0.06331033,-0.08097833,0.10250711,0.02958259,0.03783820,-2.36671261,0.15669392,1.51439213,-0.22392709,-0.06776700,-0.08516619,0.76857463,-37.79929573,-6.65931784,0.76857463,-37.79929573,-6.65931784,0.76692142,-37.75650399,-6.61572213,0.01521065,-0.04991713,-0.02620172,0.00454943,0.00445667,0.00418786
9.100,-2.35369061,0.10614517,1.48738252,-0.21835213,-0.06301437,-0.08059978,0.10259820,0.02960888,0.03787182,-2.36890957,0.15602713,1.51355515,-0.22286923,-0.06749514,-0.08479913,0.76937209,-37.80388524,-6.66007070,0.76937209,-37.80388524,-6.66007070,0.76775772,-37.76132126,-6.61669636,0.01521896,-0.04988196,-0.02617263,0.00451710,0.00448077,0.00419935
9.110,-2.35586900,0.10551651,1.48657842,-0.21732571,-0.06271816,-0.08022090,0.10268695,0.02963449,0.03790458,-2.37109591,0.15536307,1.51272186,-0.22181034,-0.06722276,-0.08443157,0.77015002,-37.80843099,-6.66080458,0.77015002,-37.80843099,-6.66080458,0.76857463,-37.76609292,-6.61765340,0.01522691,-0.04984656,-0.02614344,0.00448463,0.00450460,0.00421067
9.120,-2.35803712,0.10489081,1.48577810,-0.21629840,-0.06242169,-0.07984169,0.10277336,0.02965943,0.03793648,-2.37327161,0.15470176,1.51189226,-0.22075044,-0.06694987,-0.08406352,0.77090870,-37.81293328,-6.66152161,0.77090870,-37.81293328,-6.66152161,0.76937209,-37.77081963,-6.61859102,0.01523449,-0.04981095,-0.02611416,0.00445204,0.00452818,0.00422183
9.130,-2.36019497,0.10426807,1.48498158,-0.21527025,-0.06212497,-0.07946217,0.10285743,0.02968369,0.03796751,-2.37543668,0.15404320,1.51106637,-0.21968956,-0.06667649,-0.08369498,0.77164737,-37.81739310,-6.66221963,0.77164737,-37.81739310,-6.66221963,0.77015002,-37.77550281,-6.61950990,0.01524171,-0.04977513,-0.02608479,0.00441931,0.00455152,0.00423281
9.140,-2.36234252,0.10364831,1.48418886,-0.21424126,-0.06182802,-0.07908235,0.10293914,0.02970727,0.03799767,-2.37759111,0.15338739,1.51024418,-0.21862772,-0.06640262,-0.08332596,0.77236734,-37.82180779,-6.66289931,0.77236734,-37.82180779,-6.66289931,0.77090870,-37.78014278,-6.62041216,0.01524859,-0.04973908,-0.02605532,0.00438646,0.00457460,0.00424361
9.150,-2.36447979,0.10303151,1.48339994,-0.21321147,-0.06153083,-0.07870222,0.10301849,0.02973017,0.03802696,-2.37973487,0.15273434,1.50942570,-0.21756494,-0.06612827,-0.08295647,0.77306697,-37.82618156,-6.66356116,0.77306697,-37.82618156,-6.66356116,0.77164737,-37.78474050,-6.62129563,0.01525508,-0.04970283,-0.02602576,0.00435347,0.00459744,0.00425425
9.160,-2.36660675,0.10241769,1.48261482,-0.21218090,-0.06123341,-0.07832181,0.10309546,0.02975238,0.03805537,-2.38186797,0.15208405,1.50861094,-0.21650125,-0.06585344,-0.08258651,0.77374737,-37.83051136,-6.66420611,0.77374737,-37.83051136,-6.66420611,0.77236734,-37.78929331,-6.62216100,0.01526122,-0.04966636,-0.02599612,0.00432035,0.00462003,0.00426470
9.170,-2.36872340,0.10180685,1.48183350,-0.21114957,-0.06093578,-0.07794112,0.10317006,0.02977391,0.03808291,-2.38399040,0.15143652,1.50779989,-0.21543667,-0.06557814,-0.08221608,0.77440816,-37.83479841,-6.66483476,0.77440816,-37.83479841,-6.66483476,0.77306697,-37.79380543,-6.62300876,0.01526700,-0.04962967,-0.02596639,0.00428710,0.00464236,0.00427496
9.180,-2.37082974,0.10119898,1.48105600,-0.21011751,-0.06063794,-0.07756015,0.10324227,0.02979475,0.03810956,-2.38610215,0.15079177,1.50699256,-0.21437123,-0.06530239,-0.08184520,0.77504887,-37.83904528,-6.66544469,0.77504887,-37.83904528,-6.66544469,0.77374737,-37.79827380,-6.62383983,0.01527241,-0.04959279,-0.02593656,0.00425372,0.00466445,0.00428505
9.190,-2.37292575,0.10059409,1.48028230,-0.20908473,-0.06033989,-0.07717893,0.10331209,0.02981490,0.03813534,-2.38820321,0.15014980,1.50618896,-0.21330495,-0.06502618,-0.08147387,0.77567027,-37.84325054,-6.66603969,0.77567027,-37.84325054,-6.66603969,0.77440816,-37.80269963,-6.62465482,0.01527746,-0.04955571,-0.02590666,0.00422022,0.00468629,0.00429494
9.200,-2.37501143,0.09999218,1.47951242,-0.20805127,-0.06004164,-0.07679745,0.10337951,0.02983436,0.03816022,-2.39029358,0.14951060,1.50538910,-0.21223785,-0.06474953,-0.08110210,0.77627177,-37.84741503,-6.66661727,0.77627177,-37.84741503,-6.66661727,0.77504887,-37.80708549,-6.62545129,0.01528215,-0.04951842,-0.02587668,0.00418658,0.00470789,0.00430465
9.210,-2.37708677,0.09939326,1.47874635,-0.20701715,-0.05974320,-0.07641573,0.10344453,0.02985312,0.03818422,-2.39237324,0.14887419,1.50459296,-0.21116996,-0.06447244,-0.08072990,0.77685355,-37.85153763,-6.66717960,0.77685355,-37.85153763,-6.66717960,0.77567027,-37.81142995,-6.62623305,0.01528647,-0.04948093,-0.02584661,0.00415281,0.00472924,0.00431417
9.220,-2.37915177,0.09879732,1.47798410,-0.20598239,-0.05944458,-0.07603377,0.10350712,0.02987118,0.03820733,-2.39444220,0.14824056,1.50380057,-0.21010131,-0.06419493,-0.08035727,0.77741530,-37.85562115,-6.66772571,0.77741530,-37.85562115,-6.66772571,0.77627177,-37.81573384,-6.62699758,0.01529043,-0.04944324,-0.02581647,0.00411892,0.00475035,0.00432350
9.230,-2.38120642,0.09820436,1.47722568,-0.20494702,-0.05914578,-0.07565158,0.10356730,0.02988855,0.03822954,-2.39650043,0.14760973,1.50301192,-0.20903192,-0.06391699,-0.07998422,0.77795711,-37.85966612,-6.66825462,0.77795711,-37.85966612,-6.66825462,0.77685355,-37.81999603,-6.62774705,0.01529401,-0.04940537,-0.02578624,0.00408490,0.00477121,0.00433264
9.240,-2.38325071,0.09761440,1.47647107,-0.20391105,-0.05884681,-0.07526918,0.10362504,0.02990521,0.03825085,-2.39854795,0.14698170,1.50222701,-0.20796181,-0.06363865,-0.07961078,0.77847931,-37.86366936,-6.66877000,0.77847931,-37.86366936,-6.66877000,0.77741530,-37.82421935,-6.62848049,0.01529724,-0.04936730,-0.02575594,0.00405076,0.00479184,0.00434160
9.250,-2.38528464,0.09702743,1.47572029,-0.20287452,-0.05854768,-0.07488657,0.10368035,0.02992117,0.03827127,-2.40058473,0.14635646,1.50144586,-0.20689101,-0.06335989,-0.07923693,0.77898138,-37.86763360,-6.66926935,0.77898138,-37.86763360,-6.66926935,0.77795711,-37.82840431,-6.62919693,0.01530009,-0.04932903,-0.02572557,0.00401649,0.00481221,0.00435036
9.260,-2.38730820,0.09644345,1.47497334,-0.20183745,-0.05824839,-0.07450376,0.10373321,0.02993643,0.03829078,-2.40261079,0.14573403,1.50066846,-0.20581954,-0.06308074,-0.07886270,0.77946358,-37.87155934,-6.66975313,0.77946358,-37.87155934,-6.66975313,0.77847931,-37.83254772,-6.62990000,0.01530259,-0.04929058,-0.02569512,0.00398209,0.00483235,0.00435894
9.270,-2.38932139,0.09586246,1.47423022,-0.20079987,-0.05794896,-0.07412076,0.10378361,0.02995098,0.03830939,-2.40462610,0.14511440,1.49989482,-0.20474743,-0.06280120,-0.07848809,0.77992554,-37.87544771,-6.67022183,0.77992554,-37.87544771,-6.67022183,0.77898138,-37.83665232,-6.63058721,0.01530471,-0.04925194,-0.02566460,0.00394756,0.00485224,0.00436733
9.280,-2.39132420,0.09528447,1.47349093,-0.19976179,-0.05764938,-0.07373757,0.10383156,0.02996481,0.03832709,-2.40663066,0.14449759,1.49912494,-0.20367470,-0.06252127,-0.07811312,0.78036765,-37.87929677,-6.67067584,0.78036765,-37.87929677,-6.67067584,0.77946358,-37.84071860,-6.63125902,0.01530646,-0.04921312,-0.02563401,0.00391291,0.00487189,0.00437555
9.290,-2.39331662,0.09470947,1.47275547,-0.19872324,-0.05734966,-0.07335422,0.10387704,0.02997794,0.03834387,-2.40862448,0.14388359,1.49835882,-0.20260138,-0.06224097,-0.07773780,0.78079006,-37.88310923,-6.67111586,0.78079006,-37.88310923,-6.67111586,0.77992554,-37.84474768,-6.63191592,0.01530786,-0.04917412,-0.02560335,0.00387814,0.00489131,0.00438358
9.300,-2.39529866,0.09413748,1.47202384,-0.19768426,-0.05704982,-0.07297070,0.10392004,0.02999035,0.03835975,-2.41060753,0.14327240,1.49759647,-0.20152749,-0.06196030,-0.07736213,0.78119185,-37.88688219,-6.67154214,0.78119185,-37.88688219,-6.67154214,0.78036765,-37.84873762,-6.63255828,0.01530887,-0.04913492,-0.02557263,0.00384323,0.00491048,0.00439143
9.310,-2.39727031,0.09356848,1.47129606,-0.19664485,-0.05674986,-0.07258703,0.10396056,0.03000204,0.03837470,-2.41257983,0.14266404,1.49683788,-0.20045307,-0.06167927,-0.07698612,0.78157355,-37.89062000,-6.67195219,0.78157355,-37.89062000,-6.67195219,0.78079006,-37.85269114,-6.63318680,0.01530952,-0.04909556,-0.02554182,0.00380822,0.00492941,0.00439909
9.320,-2.39923155,0.09300248,1.47057210,-0.19560505,-0.05644978,-0.07220321,0.10399859,0.03001302,0.03838874,-2.41454136,0.14205850,1.49608308,-0.19937812,-0.06139788,-0.07660980,0.78193574,-37.89432106,-6.67235077,0.78193574,-37.89432106,-6.67235077,0.78119185,-37.85660532,-6.63380172,0.01530981,-0.04905602,-0.02551098,0.00377307,0.00494810,0.00440659
9.330,-2.40118240,0.09243948,1.46985199,-0.19456489,-0.05614960,-0.07181925,0.10403412,0.03002327,0.03840186,-2.41649213,0.14145580,1.49533204,-0.19830268,-0.06111616,-0.07623316,0.78227715,-37.89798637,-6.67273383,0.78227715,-37.89798637,-6.67273383,0.78157355,-37.86048451,-6.63440056,0.01530973,-0.04901632,-0.02548005,0.00373779,0.00496656,0.00441391
9.340,-2.40312285,0.09187949,1.46913572,-0.19352438,-0.05584932,-0.07143517,0.10406714,0.03003280,0.03841405,-2.41843212,0.14085592,1.49458479,-0.19722678,-0.06083409,-0.07585623,0.78259825,-37.90161426,-6.67310330,0.78259825,-37.90161426,-6.67310330,0.78193574,-37.86432711,-6.63498805,0.01530927,-0.04897643,-0.02544907,0.00370240,0.00498477,0.00442106
9.350,-2.40505289,0.09132250,1.46842329,-0.19248355,-0.05554895,-0.07105098,0.10409765,0.03004160,0.03842531,-2.42036133,0.14025887,1.49384132,-0.19615044,-0.06055169,-0.07547901,0.78289926,-37.90520737,-6.67345955,0.78289926,-37.90520737,-6.67345955,0.78227715,-37.86813411,-6.63556016,0.01530844,-0.04893637,-0.02541803,0.00366689,0.00500274,0.00442803
9.360,-2.40697252,0.09076851,1.46771470,-0.19144244,-0.05524849,-0.07066667,0.10412565,0.03004968,0.03843564,-2.42227977,0.13966466,1.49310163,-0.19507368,-0.06026898,-0.07510151,0.78317985,-37.90876598,-6.67380275,0.78317985,-37.90876598,-6.67380275,0.78259825,-37.87190385,-6.63611879,0.01530725,-0.04889615,-0.02538693,0.00363124,0.00502049,0.00443484
9.370,-2.40888174,0.09021753,1.46700996,-0.19040105,-0.05494795,-0.07028227,0.10415111,0.03005703,0.03844504,-2.42418742,0.13907329,1.49236572,-0.19399653,-0.05998594,-0.07472375,0.78344013,-37.91228870,-6.67413193,0.78344013,-37.91228870,-6.67413193,0.78289926,-37.87563894,-6.63666432,0.01530568,-0.04885576,-0.02535576,0.00359548,0.00503799,0.00444148
9.380,-2.41078054,0.08966955,1.46630906,-0.18935942,-0.05464735,-0.06989777,0.10417403,0.03006365,0.03845350,-2.42608428,0.13848477,1.49163360,-0.19291902,-0.05970261,-0.07434573,0.78368026,-37.91577848,-6.67444871,0.78368026,-37.91577848,-6.67444871,0.78317985,-37.87933968,-6.63719692,0.01530374,-0.04881522,-0.02532454,0.00355960,0.00505526,0.00444796
9.390,-2.41266893,0.08912458,1.46561200,-0.18831758,-0.05434668,-0.06951320,0.10419442,0.03006953,0.03846103,-2.42797036,0.13789909,1.49090528,-0.19184117,-0.05941897,-0.07396746,0.78389956,-37.91923319,-6.67475361,0.78389956,-37.91923319,-6.67475361,0.78344013,-37.88300467,-6.63771560,0.01530143,-0.04877451,-0.02529328,0.00352359,0.00507229,0.00445426
9.400,-2.41454689,0.08858262,1.46491879,-0.18727554,-0.05404596,-0.06912856,0.10421225,0.03007468,0.03846761,-2.42984564,0.13731626,1.49018074,-0.19076301,-0.05913505,-0.07358895,0.78409906,-37.92265371,-6.67504536,0.78409906,-37.92265371,-6.67504536,0.78368026,-37.88663684,-6.63822199,0.01529875,-0.04873364,-0.02526195,0.00348747,0.00508909,0.00446039
9.410,-2.41641444,0.08804366,1.46422943,-0.18623334,-0.05374519,-0.06874385,0.10422752,0.03007908,0.03847325,-2.43171014,0.13673627,1.48946000,-0.18968456,-0.05885084,-0.07321022,0.78427748,-37.92604226,-6.67532409,0.78427748,-37.92604226,-6.67532409,0.78389956,-37.89023408,-6.63871660,0.01529570,-0.04869261,-0.02523057,0.00345122,0.00510565,0.00446637
9.420,-2.41827156,0.08750771,1.46354391,-0.18519100,-0.05344438,-0.06835909,0.10424023,0.03008275,0.03847794,-2.43356383,0.13615914,1.48874306,-0.18860585,-0.05856636,-0.07283128,0.78443577,-37.92939737,-6.67559165,0.78443577,-37.92939737,-6.67559165,0.78409906,-37.89379725,-6.63919815,0.01529227,-0.04865143,-0.02519915,0.00341485,0.00512198,0.00447219
9.430,-2.42011826,0.08697477,1.46286225,-0.18414855,-0.05314354,-0.06797430,0.10425037,0.03008568,0.03848168,-2.43540673,0.13558487,1.48802991,-0.18752690,-0.05828161,-0.07245212,0.78457328,-37.93271951,-6.67584543,0.78457328,-37.93271951,-6.67584543,0.78427748,-37.89732857,-6.63966676,0.01528847,-0.04861010,-0.02516766,0.00337835,0.00513807,0.00447782
9.440,-2.42195453,0.08644484,1.46218443,-0.18310600,-0.05284267,-0.06758946,0.10425792,0.03008786,0.03848447,-2.43723884,0.13501345,1.48732056,-0.18644775,-0.05799661,-0.07207278,0.78469063,-37.93600884,-6.67608835,0.78469063,-37.93600884,-6.67608835,0.78443577,-37.90082656,-6.64012428,0.01528431,-0.04856861,-0.02513613,0.00334175,0.00515394,0.00448332
9.450,-2.42378038,0.08591792,1.46151046,-0.18206340,-0.05254179,-0.06720461,0.10426288,0.03008929,0.03848630,-2.43906014,0.13444490,1.48661502,-0.18536841,-0.05771136,-0.07169324,0.78478696,-37.93926614,-6.67631949,0.78478696,-37.93926614,-6.67631949,0.78457328,-37.90429171,-6.64056812,0.01527976,-0.04852698,-0.02510456,0.00330501,0.00516957,0.00448863
9.460,-2.42559580,0.08539401,1.46084034,-0.18102075,-0.05224089,-0.06681974,0.10426525,0.03008997,0.03848717,-2.44087065,0.13387920,1.48591327,-0.18428891,-0.05742587,-0.07131352,0.78486301,-37.94249116,-6.67653888,0.78486301,-37.94249116,-6.67653888,0.78469063,-37.90772414,-6.64100116,0.01527485,-0.04848519,-0.02507293,0.00326816,0.00518498,0.00449378
9.470,-2.42740079,0.08487310,1.46017406,-0.17997810,-0.05193999,-0.06643487,0.10426502,0.03008990,0.03848709,-2.44267035,0.13331637,1.48521533,-0.18320929,-0.05714015,-0.07093364,0.78491846,-37.94568670,-6.67674830,0.78491846,-37.94568670,-6.67674830,0.78478696,-37.91112464,-6.64142250,0.01526956,-0.04844327,-0.02504127,0.00323119,0.00520016,0.00449877
9.480,-2.42919536,0.08435521,1.45951164,-0.17893546,-0.05163909,-0.06605000,0.10426217,0.03008908,0.03848604,-2.44445925,0.13275641,1.48452120,-0.18212956,-0.05685421,-0.07055360,0.78495297,-37.94884881,-6.67694487,0.78495297,-37.94884881,-6.67694487,0.78486301,-37.91449297,-6.64183214,0.01526389,-0.04840120,-0.02500956,0.00319410,0.00521512,0.00450360
9.490,-2.43097950,0.08384032,1.45885306,-0.17789286,-0.05133821,-0.06566515,0.10425671,0.03008751,0.03848402,-2.44623736,0.13219936,1.48383083,-0.18104978,-0.05656686,-0.07017442,0.78496749,-37.95203344,-6.67711556,0.78496749,-37.95203344,-6.67711556,0.78486301,-37.91463875,-6.64202043,0.01525786,-0.04835904,-0.02497777,0.00315692,0.00522865,0.00450927
9.500,-2.43275322,0.08332844,1.45819834,-0.17685034,-0.05103735,-0.06528033,0.10424862,0.03008517,0.03848103,-2.44800466,0.13164518,1.48314427,-0.17996995,-0.05627961,-0.06979484,0.78496072,-37.95517694,-6.67727647,0.78496072,-37.95517694,-6.67727647,0.78495297,-37.92113989,-6.64261681,0.01525144,-0.04831674,-0.02494593,0.00311961,0.00524226,0.00451451
9.510,-2.43451651,0.08281957,1.45754746,-0.17580790,-0.05073651,-0.06489553,0.10423789,0.03008208,0.03847708,-2.44800466,0.13164518,1.48314427,-0.17996995,-0.05627961,-0.06979484,0.70997884,-38.05862825,-6.77618023,0.70997884,-38.05862825,-6.77618023,0.78495297,-37.92113989,-6.64261681,0.01348815,-0.04882561,-0.02559681,0.00416205,0.00554310,0.00489931
9.520,-2.43626938,0.08231371,1.45690043,-0.17476559,-0.05043571,-0.06451079,0.10422453,0.03007822,0.03847214,-2.44976117,0.13109387,1.48246152,-0.17889009,-0.05599241,-0.06941486,0.71038316,-38.06125794,-6.77588747,0.71038316,-38.06125794,-6.77588747,0.78496749,-37.92446803,-6.64297810,0.01349179,-0.04878016,-0.02556109,0.00412450,0.00555670,0.00490407
9.530,-2.43801182,0.08181086,1.45625724,-0.17372342,-0.05013495,-0.06412609,0.10420852,0.03007360,0.03846623,-2.45324178,0.12999992,1.48110743,-0.17673037,-0.05541689,-0.06865489,0.78464129,-37.96470133,-6.67797506,0.78464129,-37.96470133,-6.67797506,0.78496072,-37.92790103,-6.64351842,0.01522996,-0.04818906,-0.02485019,0.00300695,0.00528194,0.00452880
9.540,-2.43974384,0.08131101,1.45561790,-0.17268143,-0.04983424,-0.06374147,0.10418985,0.03006821,0.03845934,-2.45496692,0.12945772,1.48042587,-0.17567630,-0.05511766,-0.06853004,0.78491160,-37.96821665,-6.67400744,0.78491160,-37.96821665,-6.67400744,0.71038316,-38.03414795,-6.74180973,0.01522308,-0.04814671,-0.02480797,0.00299487,0.00528342,0.00478857
9.550,-2.44146545,0.08081417,1.45498241,-0.17163963,-0.04953358,-0.06335691,0.10416851,0.03006205,0.03845146,-2.45668127,0.12891838,1.47974818,-0.17461593,-0.05482168,-0.06833986,0.78508440,-37.97158012,-6.67068706,0.78508440,-37.97158012,-6.67068706,0.78464129,-37.93773446,-6.64409039,0.01521582,-0.04810421,-0.02476577,0.00297630,0.00528810,0.00498295
9.560,-2.44317664,0.08032034,1.45435076,-0.17059806,-0.04923300,-0.06297244,0.10414451,0.03005513,0.03844260,-2.45838482,0.12838181,1.47907487,-0.17355075,-0.05453046,-0.06808759,0.78517713,-37.97472103,-6.66806220,0.78517713,-37.97472103,-6.66806220,0.78491160,-37.94138826,-6.64034206,0.01520818,-0.04806147,-0.02472411,0.00295269,0.00529746,0.00511515
9.570,-2.44487741,0.07982951,1.45372296,-0.16955675,-0.04893248,-0.06258806,0.10411782,0.03004743,0.03843275,-2.46007758,0.12784794,1.47840638,-0.17248188,-0.05424473,-0.06777783,0.78520291,-37.97759972,-6.66615071,0.78520291,-37.97759972,-6.66615071,0.78508440,-37.94488635,-6.63726277,0.01520017,-0.04801843,-0.02468342,0.00292513,0.00531225,0.00518977
9.580,-2.44656777,0.07934169,1.45309900,-0.16851572,-0.04863205,-0.06220379,0.10408845,0.03003895,0.03842191,-2.46175953,0.12731670,1.47774306,-0.17141022,-0.05396458,-0.06741646,0.78517155,-37.98020037,-6.66494723,0.78517155,-37.98020037,-6.66494723,0.78517713,-37.94815897,-6.63489604,0.01519176,-0.04797501,-0.02464406,0.00289450,0.00533253,0.00521267
9.590,-2.44824773,0.07885687,1.45247889,-0.16747499,-0.04833171,-0.06181963,0.10405639,0.03002970,0.03841008,-2.46343068,0.12678805,1.47708514,-0.17033645,-0.05368959,-0.06701027,0.78509060,-37.98253159,-6.66441879,0.78509060,-37.98253159,-6.66441879,0.78520291,-37.95116741,-6.63325485,0.01518295,-0.04793118,-0.02460625,0.00286146,0.00535788,0.00519064
9.600,-2.44991727,0.07837506,1.45186261,-0.16643460,-0.04803146,-0.06143559,0.10402162,0.03001966,0.03839724,-2.46509103,0.12626198,1.47643278,-0.16926112,-0.05341897,-0.06656682,0.78496711,-37.98461506,-6.66451551,0.78496711,-37.98461506,-6.66451551,0.78517155,-37.95389682,-6.63232899,0.01517376,-0.04788692,-0.02457017,0.00282652,0.00538751,0.00513123
9.610,-2.45157642,0.07789624,1.45125017,-0.16539457,-0.04773132,-0.06105169,0.10398415,0.03000885,0.03838341,-2.46674058,0.12573848,1.47578602,-0.16818466,-0.05315166,-0.06609405,0.78480457,-37.98649196,-6.66516526,0.78480457,-37.98649196,-6.66516526,0.78509060,-37.95635672,-6.63208093,0.01516416,-0.04784224,-0.02453585,0.00279009,0.00542034,0.00504236
9.620,-2.45322517,0.07742043,1.45064158,-0.16435492,-0.04743129,-0.06066792,0.10394396,0.02999725,0.03836858,-2.46837934,0.12521757,1.47514484,-0.16710741,-0.05288646,-0.06560001,0.78460745,-37.98820363,-6.66628171,0.78460745,-37.98820363,-6.66628171,0.78496711,-37.95856963,-6.63245656,0.01515417,-0.04779714,-0.02450326,0.00275249,0.00545517,0.00493209
9.630,-2.45486352,0.07694762,1.45003681,-0.16331570,-0.04713138,-0.06028432,0.10390104,0.02998486,0.03835273,-2.47000730,0.12469928,1.47450914,-0.16602965,-0.05262209,-0.06509261,0.78437854,-37.98980284,-6.66777563,0.78437854,-37.98980284,-6.66777563,0.78480457,-37.96057746,-6.63338005,0.01514378,-0.04775166,-0.02447233,0.00271395,0.00549071,0.00480829
9.640,-2.45649148,0.07647780,1.44943589,-0.16227691,-0.04683159,-0.05990087,0.10385540,0.02997169,0.03833588,-2.47162448,0.12418366,1.47387875,-0.16495160,-0.05235730,-0.06457932,0.78412017,-37.99134375,-6.66954316,0.78412017,-37.99134375,-6.66954316,0.78460745,-37.96242216,-6.63476199,0.01513300,-0.04770586,-0.02444286,0.00267469,0.00552571,0.00467845
9.650,-2.45810906,0.07601099,1.44883880,-0.16123860,-0.04653194,-0.05951760,0.10380701,0.02995773,0.03831802,-2.47323087,0.12367074,1.47325345,-0.16387343,-0.05209092,-0.06406696,0.78383357,-37.99287416,-6.67148743,0.78383357,-37.99287416,-6.67148743,0.78437854,-37.96415695,-6.63651069,0.01512181,-0.04765975,-0.02441465,0.00263483,0.00555898,0.00454936
9.660,-2.45971626,0.07554716,1.44824554,-0.16020078,-0.04623244,-0.05913452,0.10375588,0.02994297,0.03829915,-2.47482648,0.12316059,1.47263299,-0.16279529,-0.05182192,-0.06356152,0.78352059,-37.99444783,-6.67351155,0.78352059,-37.99444783,-6.67351155,0.78412017,-37.96583630,-6.63852055,0.01511022,-0.04761343,-0.02438745,0.00259451,0.00558948,0.00442700
9.670,-2.46131308,0.07508634,1.44765611,-0.15916349,-0.04593309,-0.05875162,0.10370199,0.02992742,0.03827926,-2.47641131,0.12265327,1.47201712,-0.16171730,-0.05154944,-0.06306803,0.78318240,-37.99610063,-6.67552481,0.78318240,-37.99610063,-6.67552481,0.78383357,-37.96750816,-6.64069365,0.01509823,-0.04756693,-0.02436101,0.00255381,0.00561635,0.00431641
9.680,-2.46289953,0.07462850,1.44707050,-0.15812675,-0.04563389,-0.05836893,0.10364535,0.02991107,0.03825835,-2.47798537,0.12214884,1.47140554,-0.16063956,-0.05127284,-0.06259045,0.78281972,-37.99787333,-6.67744773,0.78281972,-37.99787333,-6.67744773,0.78352059,-37.96922631,-6.64293270,0.01508584,-0.04752034,-0.02433504,0.00251281,0.00563895,0.00422152
9.690,-2.46447561,0.07417366,1.44648873,-0.15709059,-0.04533487,-0.05798646,0.10358593,0.02989393,0.03823642,-2.47954867,0.12164736,1.47079799,-0.15956216,-0.05099168,-0.06213165,0.78243343,-37.99978974,-6.67920771,0.78243343,-37.99978974,-6.67920771,0.78318240,-37.97102652,-6.64514718,0.01507306,-0.04747370,-0.02430926,0.00247157,0.00565681,0.00414519
9.700,-2.46604134,0.07372180,1.44591077,-0.15605504,-0.04503602,-0.05760421,0.10352374,0.02987598,0.03821346,-2.48110121,0.12114888,1.47019420,-0.15848515,-0.05070576,-0.06169341,0.78202328,-38.00187168,-6.68075266,0.78202328,-38.00187168,-6.68075266,0.78281972,-37.97294932,-6.64725840,0.01505987,-0.04742708,-0.02428343,0.00243011,0.00566974,0.00408920
9.710,-2.46759672,0.07327294,1.44533664,-0.15502013,-0.04473735,-0.05722219,0.10345876,0.02985723,0.03818948,-2.48264300,0.12065345,1.46959395,-0.15740860,-0.05041508,-0.06127643,0.78158988,-38.00412496,-6.68203730,0.78158988,-38.00412496,-6.68203730,0.78243343,-37.97501822,-6.64919496,0.01504628,-0.04738051,-0.02425731,0.00238847,0.00567773,0.00405424
9.720,-2.46914175,0.07282706,1.44476633,-0.15398587,-0.04443888,-0.05684042,0.10339099,0.02983767,0.03816446,-2.48417405,0.12016110,1.46899702,-0.15633255,-0.05011984,-0.06088049,0.78113401,-38.00655538,-6.68303522,0.78113401,-38.00655538,-6.68303522,0.78202328,-37.97725463,-6.65090634,0.01503230,-0.04733404,-0.02423069,0.00234668,0.00568096,0.00404007
9.730,-2.47067644,0.07238416,1.44419983,-0.15295232,-0.04414060,-0.05645891,0.10332042,0.02981730,0.03813841,-2.48569435,0.11967188,1.46840326,-0.15525706,-0.04982039,-0.06050446,0.78065525,-38.00915597,-6.68373408,0.78065525,-38.00915597,-6.68373408,0.78158988,-37.97966393,-6.65234910,0.01501791,-0.04728772,-0.02420343,0.00230474,0.00567979,0.00404555
9.740,-2.47220080,0.07194424,1.44363715,-0.15191948,-0.04384253,-0.05607766,0.10324705,0.02979613,0.03811133,-2.48720393,0.11918581,1.46781253,-0.15418214,-0.04951726,-0.06014652,0.78015386,-38.01191388,-6.68413166,0.78015386,-38.01191388,-6.68413166,0.78113401,-37.98225145,-6.65349887,0.01500313,-0.04724157,-0.02417538,0.00226266,0.00567473,0.00406886
9.750,-2.47371483,0.07150731,1.44307828,-0.15088738,-0.04354468,-0.05569669,0.10317086,0.02977414,0.03808320,-2.48870278,0.11870288,1.46722475,-0.15310784,-0.04921106,-0.05980427,0.77963020,-38.01480821,-6.68424087,0.77963020,-38.01480821,-6.68424087,0.78065525,-37.98500973,-6.65434533,0.01498795,-0.04719557,-0.02414647,0.00222046,0.00566638,0.00410758
9.760,-2.47521855,0.07107335,1.44252321,-0.14985607,-0.04324705,-0.05531600,0.10309185,0.02975134,0.03805404,-2.49019091,0.11822311,1.46663989,-0.15203418,-0.04890250,-0.05947486,0.77908334,-38.01781913,-6.68408482,0.77908334,-38.01781913,-6.68408482,0.78015386,-37.98792548,-6.65488834,0.01497236,-0.04714976,-0.02411668,0.00217811,0.00565545,0.00415886
9.770,-2.47671195,0.07064236,1.44197196,-0.14882556,-0.04294966,-0.05493561,0.10301001,0.02972772,0.03802383,-2.49166833,0.11774650,1.46605793,-0.15096119,-0.04859230,-0.05915521,0.77851433,-38.02092036,-6.68369071,0.77851433,-38.02092036,-6.68369071,0.77963020,-37.99097735,-6.65514274,0.01495638,-0.04710414,-0.02408597,0.00213563,0.00564264,0.00421960
9.780,-2.47819506,0.07021435,1.44142450,-0.14779588,-0.04265250,-0.05455553,0.10292533,0.02970328,0.03799257,-2.49313505,0.11727302,1.46547890,-0.14988890,-0.04828122,-0.05884213,0.77792198,-38.02408067,-6.68309950,0.77792198,-38.02408067,-6.68309950,0.77908334,-37.99414514,-6.65513339,0.01493999,-0.04705867,-0.02405440,0.00209302,0.00562872,0.00428660
9.790,-2.47966787,0.06978931,1.44088085,-0.14676706,-0.04235559,-0.05417576,0.10283781,0.02967803,0.03796027,-2.49459108,0.11680265,1.46490286,-0.14881732,-0.04796999,-0.05853242,0.77730708,-38.02727319,-6.68234899,0.77730708,-38.02727319,-6.68234899,0.77851433,-37.99740221,-6.65488905,0.01492321,-0.04701334,-0.02402201,0.00205026,0.00561440,0.00435666
9.800,-2.48113040,0.06936724,1.44034099,-0.14573913,-0.04205894,-0.05379632,0.10274744,0.02965195,0.03792691,-2.49603642,0.11633538,1.46432991,-0.14774648,-0.04765929,-0.05822310,0.77666895,-38.03046937,-6.68148526,0.77666895,-38.03046937,-6.68148526,0.77792198,-38.00071708,-6.65445194,0.01490602,-0.04696814,-0.02398892,0.00200735,0.00560035,0.00442678
9.810,-2.48258266,0.06894813,1.43980492,-0.14471212,-0.04176256,-0.05341723,0.10265421,0.02962504,0.03789249,-2.49747108,0.11587117,1.46376015,-0.14667641,-0.04734972,-0.05791141,0.77600741,-38.03364422,-6.68055178,0.77600741,-38.03364422,-6.68055178,0.77730708,-38.00406268,-6.65386082,0.01488842,-0.04692304,-0.02395523,0.00196429,0.00558716,0.00449418
9.820,-2.48402465,0.06853199,1.43927264,-0.14368606,-0.04146645,-0.05303848,0.10255811,0.02959731,0.03785702,-2.49889507,0.11540999,1.46319369,-0.14560713,-0.04704182,-0.05759496,0.77532281,-38.03677095,-6.67959009,0.77532281,-38.03677095,-6.67959009,0.77666895,-38.00741031,-6.65316246,0.01487042,-0.04687800,-0.02392105,0.00192107,0.00557537,0.00455648
9.830,-2.48545638,0.06811880,1.43874415,-0.14266097,-0.04117061,-0.05266009,0.10245913,0.02956874,0.03782049,-2.50030840,0.11495180,1.46263067,-0.14453867,-0.04673601,-0.05727179,0.77461516,-38.03983197,-6.67863897,0.77461516,-38.03983197,-6.67863897,0.77600741,-38.01073494,-6.65240064,0.01485202,-0.04683300,-0.02388652,0.00187770,0.00556540,0.00461170
9.840,-2.48687787,0.06770858,1.43821944,-0.14163688,-0.04087507,-0.05228207,0.10235728,0.02953935,0.03778289,-2.50171109,0.11449658,1.46207121,-0.14347104,-0.04643260,-0.05694038,0.77388386,-38.04280651,-6.67773423,0.77388386,-38.04280651,-6.67773423,0.77532281,-38.01400976,-6.65161701,0.01483322,-0.04678800,-0.02385177,0.00183416,0.00555753,0.00465831
9.850,-2.48828912,0.06730130,1.43769850,-0.14061383,-0.04057983,-0.05190443,0.10225253,0.02950912,0.03774422,-2.50310313,0.11404429,1.46151543,-0.14240430,-0.04613181,-0.05659970,0.77312923,-38.04568673,-6.67690636,0.77312923,-38.04568673,-6.67690636,0.77461516,-38.01721726,-6.65085014,0.01481401,-0.04674299,-0.02381693,0.00179047,0.00555198,0.00469527
9.860,-2.48969015,0.06689698,1.43718135,-0.13959184,-0.04028489,-0.05152719,0.10214489,0.02947806,0.03770449,-2.50448453,0.11359489,1.46096346,-0.14133845,-0.04583373,-0.05624920,0.77235086,-38.04845901,-6.67617539,0.77235086,-38.04845901,-6.67617539,0.77388386,-38.02033675,-6.65013539,0.01479438,-0.04669791,-0.02378211,0.00174661,0.00554884,0.00472201
9.870,-2.49108097,0.06649560,1.43666796,-0.13857094,-0.03999027,-0.05115035,0.10203434,0.02944615,0.03766368,-2.50585532,0.11314837,1.46041538,-0.14027354,-0.04553838,-0.05588876,0.77154875,-38.05112256,-6.67556223,0.77154875,-38.05112256,-6.67556223,0.77312923,-38.02336057,-6.64950263,0.01477435,-0.04665277,-0.02374742,0.00170260,0.00554811,0.00473841
9.880,-2.49246157,0.06609717,1.43615834,-0.13755116,-0.03969597,-0.05077392,0.10192088,0.02941341,0.03762180,-2.50721550,0.11270469,1.45987130,-0.13920959,-0.04524565,-0.05551870,0.77072395,-38.05367371,-6.67507548,0.77072395,-38.05367371,-6.67507548,0.77235086,-38.02627528,-6.64897112,0.01475393,-0.04660752,-0.02371296,0.00165843,0.00554968,0.00474478
9.890,-2.49383199,0.06570168,1.43565248,-0.13653254,-0.03940201,-0.05039792,0.10180451,0.02937982,0.03757884,-2.50856508,0.11226385,1.45933127,-0.13814664,-0.04495538,-0.05513970,0.76987489,-38.05611713,-6.67472049,0.76987489,-38.05611713,-6.67472049,0.77154875,-38.02908026,-6.64856088,0.01473309,-0.04656217,-0.02367879,0.00161410,0.00555337,0.00474178
9.900,-2.49519223,0.06530913,1.43515038,-0.13551508,-0.03910838,-0.05002235,0.10168520,0.02934539,0.03753481,-2.50990407,0.11182581,1.45879535,-0.13708472,-0.04466735,-0.05475274,0.76900252,-38.05845749,-6.67449506,0.76900252,-38.05845749,-6.67449506,0.77072395,-38.03177209,-6.64827955,0.01471184,-0.04651668,-0.02364497,0.00156964,0.00555897,0.00473039
9.910,-2.49654230,0.06491951,1.43465203,-0.13449884,-0.03881510,-0.04964722,0.10156296,0.02931012,0.03748968,-2.51123248,0.11139058,1.45826357,-0.13602387,-0.04438126,-0.05435903,0.76810662,-38.06070510,-6.67439330,0.76810662,-38.06070510,-6.67439330,0.76987489,-38.03435563,-6.64813154,0.01469018,-0.04647107,-0.02361154,0.00152503,0.00556616,0.00471181
9.920,-2.49788221,0.06453283,1.43415743,-0.13348383,-0.03852218,-0.04927256,0.10143778,0.02927399,0.03744347,-2.51255033,0.11095815,1.45773594,-0.13496412,-0.04409680,-0.05395996,0.76718757,-38.06286790,-6.67440354,0.76718757,-38.06286790,-6.67440354,0.76900252,-38.03683577,-6.64811368,0.01466812,-0.04642532,-0.02357851,0.00148029,0.00557462,0.00468740
9.930,-2.49921198,0.06414907,1.43366658,-0.13247010,-0.03822962,-0.04889836,0.10130965,0.02923701,0.03739618,-2.51385763,0.11052851,1.45721246,-0.13390550,-0.04381365,-0.05355702,0.76624479,-38.06496085,-6.67451009,0.76624479,-38.06496085,-6.67451009,0.76810662,-38.03922300,-6.64821920,0.01464565,-0.04637944,-0.02354588,0.00143540,0.00558403,0.00465866
9.940,-2.50053162,0.06376823,1.43317946,-0.13145765,-0.03793744,-0.04852464,0.10117856,0.02919918,0.03734779,-2.51515438,0.11010166,1.45669310,-0.13284807,-0.04353147,-0.05315171,0.76527883,-38.06699637,-6.67469784,0.76527883,-38.06699637,-6.67469784,0.76718757,-38.04152545,-6.64843565,0.01462276,-0.04633343,-0.02351364,0.00139042,0.00559403,0.00462707
9.950,-2.50184114,0.06339032,1.43269608,-0.13044653,-0.03764564,-0.04815141,0.10104450,0.02916049,0.03729831,-2.51644062,0.10967761,1.45617783,-0.13179183,-0.04324993,-0.05274552,0.76428965,-38.06898434,-6.67494542,0.76428965,-38.06898434,-6.67494542,0.76624479,-38.04375819,-6.64874662,0.01459948,-0.04628729,-0.02348175,0.00134530,0.00560429,0.00459411
9.960,-2.50314055,0.06301532,1.43221643,-0.12943677,-0.03735424,-0.04777867,0.10090748,0.02912095,0.03724773,-2.51771633,0.10925635,1.45566661,-0.13073685,-0.04296873,-0.05233982,0.76327746,-38.07094098,-6.67523351,0.76327746,-38.07094098,-6.67523351,0.76527883,-38.04593379,-6.64913647,0.01457578,-0.04624103,-0.02345018,0.00130008,0.00561449,0.00456115
9.970,-2.50442988,0.06264323,1.43174051,-0.12842839,-0.03706323,-0.04740645,0.10076747,0.02908055,0.03719605,-2.51898155,0.10883791,1.45515937,-0.12968314,-0.04268762,-0.05193587,0.76224162,-38.07287669,-6.67554167,0.76224162,-38.07287669,-6.67554167,0.76428965,-38.04806220,-6.64958341,0.01455167,-0.04619468,-0.02341886,0.00125475,0.00562439,0.00452942
9.980,-2.50570912,0.06227405,1.43126830,-0.12742143,-0.03677263,-0.04703476,0.10062448,0.02903928,0.03714326,-2.52023629,0.10842229,1.45465605,-0.12863075,-0.04240636,-0.05153475,0.76118323,-38.07480166,-6.67585316,0.76118323,-38.07480166,-6.67585316,0.76327746,-38.05015968,-6.65006781,0.01452717,-0.04614824,-0.02338775,0.00120932,0.00563373,0.00449999
9.990,-2.50697831,0.06190778,1.43079981,-0.12641591,-0.03648245,-0.04666359,0.10047849,0.02899715,0.03708937,-2.52148056,0.10800949,1.45415660,-0.12757970,-0.04212478,-0.05113735,0.76010117,-38.07672421,-6.67614812,0.76010117,-38.07672421,-6.67614812,0.76224162,-38.05223667,-6.65056911,0.01450225,-0.04610171,-0.02335679,0.00116379,0.00564233,0.00447376
10.000,-2.50823745,0.06154440,1.43033503,-0.12541187,-0.03619269,-0.04629297,0.10032950,0.02895415,0.03703438,-2.52271437,0.10759952,1.45366095,-0.12653003,-0.04184275,-0.05074431,0.75899607,-38.07865464,-6.67641208,0.75899607,-38.07865464,-6.67641208,0.76118323,-38.05430334,-6.65107055,0.01447692,-0.04605512,-0.02332592,0.00111816,0.00565006,0.00445134
10.010,-2.50948655,0.06118392,1.42987395,-0.12440933,-0.03590337,-0.04592291,0.10017750,0.02891028,0.03697827,-2.52393774,0.10719239,1.45316903,-0.12548177,-0.04156018,-0.05035611,0.75786831,-38.08059606,-6.67663297,0.75786831,-38.08059606,-6.67663297,0.76010117,-38.05636798,-6.65155238,0.01445119,-0.04600847,-0.02329508,0.00107244,0.00565681,0.00443320
10.020,-2.51072564,0.06082633,1.42941657,-0.12340833,-0.03561449,-0.04555341,0.10002248,0.02886555,0.03692105,-2.52515068,0.10678812,1.45268080,-0.12443495,-0.04127703,-0.04997295,0.75671704,-38.08255300,-6.67679989,0.75671704,-38.08255300,-6.67679989,0.75899607,-38.05844083,-6.65200034,0.01442504,-0.04596179,-0.02326423,0.00102662,0.00566254,0.00441954
10.030,-2.51195472,0.06047163,1.42896288,-0.12240890,-0.03532606,-0.04518449,0.09986444,0.02881994,0.03686271,-2.52635322,0.10638670,1.45219619,-0.12338961,-0.04099333,-0.04959487,0.75554303,-38.08452649,-6.67690654,0.75554303,-38.08452649,-6.67690654,0.75786831,-38.06052495,-6.65240265,0.01439850,-0.04591507,-0.02323331,0.00098071,0.00566727,0.00441038
10.040,-2.51317382,0.06011981,1.42851288,-0.12141105,-0.03503809,-0.04481616,0.09970336,0.02877345,0.03680325,-2.52754536,0.10598813,1.45171517,-0.12234578,-0.04070911,-0.04922171,0.75434581,-38.08651783,-6.67694797,0.75434581,-38.08651783,-6.67694797,0.75671704,-38.06262476,-6.65274878,0.01437154,-0.04586832,-0.02320229,0.00093473,0.00567102,0.00440555
10.050,-2.51438295,0.05977087,1.42806656,-0.12041484,-0.03475059,-0.04444843,0.09953925,0.02872609,0.03674267,-2.52872712,0.10559243,1.45123770,-0.12130348,-0.04042447,-0.04885313,0.75312532,-38.08852476,-6.67692353,0.75312532,-38.08852476,-6.67692353,0.75554303,-38.06474121,-6.65303283,0.01434417,-0.04582156,-0.02317114,0.00088864,0.00567388,0.00440470
10.060,-2.51558212,0.05942480,1.42762391,-0.11942028,-0.03446357,-0.04408131,0.09937208,0.02867785,0.03668097,-2.52989853,0.10519958,1.45076374,-0.12026274,-0.04013952,-0.04848870,0.75188210,-38.09054567,-6.67683522,0.75188210,-38.09054567,-6.67683522,0.75434581,-38.06687550,-6.65325027,0.01431641,-0.04577478,-0.02313983,0.00084246,0.00567595,0.00440739
10.070,-2.51677136,0.05908160,1.42718493,-0.11842741,-0.03417704,-0.04371481,0.09920187,0.02862873,0.03661814,-2.53105959,0.10480959,1.45029329,-0.11922360,-0.03985438,-0.04812784,0.75061534,-38.09257582,-6.67668581,0.75061534,-38.09257582,-6.67668581,0.75312532,-38.06902527,-6.65340089,0.01428823,-0.04572799,-0.02310836,0.00079619,0.00567734,0.00441303
10.080,-2.51795068,0.05874126,1.42674961,-0.11743625,-0.03389100,-0.04334895,0.09902859,0.02857872,0.03655418,-2.53221033,0.10442245,1.44982633,-0.11818609,-0.03956921,-0.04776994,0.74932549,-38.09461134,-6.67648159,0.74932549,-38.09461134,-6.67648159,0.75188210,-38.07118882,-6.65348710,0.01425965,-0.04568119,-0.02307672,0.00074984,0.00567821,0.00442099
10.090,-2.51912009,0.05840377,1.42631795,-0.11644685,-0.03360547,-0.04298373,0.09885224,0.02852783,0.03648908,-2.53335075,0.10403816,1.44936285,-0.11715022,-0.03928416,-0.04741433,0.74801266,-38.09664846,-6.67622874,0.74801266,-38.09664846,-6.67622874,0.75061534,-38.07336133,-6.65351205,0.01423066,-0.04563439,-0.02304490,0.00070337,0.00567869,0.00443060
10.100,-2.52027962,0.05806915,1.42588993,-0.11545922,-0.03332045,-0.04261917,0.09867281,0.02847604,0.03642285,-2.53448089,0.10365671,1.44890287,-0.11611604,-0.03899937,-0.04706034,0.74667643,-38.09867645,-6.67593767,0.74667643,-38.09867645,-6.67593767,0.74932549,-38.07553884,-6.65348241,0.01420127,-0.04558756,-0.02301294,0.00065682,0.00567892,0.00444117
10.110,-2.52142928,0.05773736,1.42546556,-0.11447340,-0.03303595,-0.04225528,0.09849029,0.02842337,0.03635548,-2.53560075,0.10327809,1.44844639,-0.11508358,-0.03871499,-0.04670732,0.74531706,-38.10069686,-6.67561498,0.74531706,-38.10069686,-6.67561498,0.74801266,-38.07771753,-6.65340460,0.01417147,-0.04554073,-0.02298083,0.00061018,0.00567904,0.00445204
10.120,-2.52256910,0.05740842,1.42504482,-0.11348942,-0.03275198,-0.04189207,0.09830469,0.02836981,0.03628697,-2.53671036,0.10290230,1.44799342,-0.11405285,-0.03843116,-0.04635467,0.74393395,-38.10269954,-6.67527187,0.74393395,-38.10269954,-6.67527187,0.74667643,-38.07988662,-6.65328931,0.01414126,-0.04549388,-0.02294860,0.00056343,0.00567918,0.00446260
10.130,-2.52369908,0.05708232,1.42462772,-0.11250732,-0.03246855,-0.04152955,0.09811598,0.02831535,0.03621731,-2.53780973,0.10252931,1.44754399,-0.11302390,-0.03814799,-0.04600185,0.74252787,-38.10468066,-6.67491501,0.74252787,-38.10468066,-6.67491501,0.74531706,-38.08204762,-6.65314328,0.01411065,-0.04544699,-0.02291627,0.00051658,0.00567944,0.00447230
10.140,-2.52481925,0.05675905,1.42421423,-0.11152711,-0.03218568,-0.04116773,0.09792417,0.02825999,0.03614651,-2.53889888,0.10215913,1.44709810,-0.11199674,-0.03786558,-0.04564841,0.74109849,-38.10663739,-6.67455655,0.74109849,-38.10663739,-6.67455655,0.74393395,-38.08419036,-6.65297784,0.01407963,-0.04540008,-0.02288387,0.00046963,0.00567990,0.00448068
10.150,-2.52592963,0.05643861,1.42380436,-0.11054884,-0.03190336,-0.04080662,0.09772924,0.02820374,0.03607455,-2.53997784,0.10179174,1.44665580,-0.11097142,-0.03758401,-0.04529396,0.73964553,-38.10856451,-6.67420189,0.73964553,-38.10856451,-6.67420189,0.74252787,-38.08631101,-6.65279970,0.01404821,-0.04535313,-0.02285144,0.00042258,0.00568065,0.00448734
10.160,-2.52703023,0.05612098,1.42339810,-0.10957254,-0.03162161,-0.04044624,0.09753119,0.02814658,0.03600145,-2.54104661,0.10142712,1.44621709,-0.10994796,-0.03730333,-0.04493826,0.73816945,-38.11046268,-6.67385846,0.73816945,-38.11046268,-6.67385846,0.74109849,-38.08840674,-6.65262097,0.01401638,-0.04530614,-0.02281899,0.00037542,0.00568172,0.00449202
10.170,-2.52812108,0.05580617,1.42299543,-0.10859823,-0.03134043,-0.04008659,0.09733001,0.02808853,0.03592718,-2.54210523,0.10106528,1.44578199,-0.10892640,-0.03702358,-0.04458114,0.73666985,-38.11232672,-6.67353381,0.73666985,-38.11232672,-6.67353381,0.73964553,-38.09047235,-6.65244701,0.01398415,-0.04525911,-0.02278656,0.00032817,0.00568315,0.00449455
10.180,-2.52920220,0.05549417,1.42259636,-0.10762595,-0.03105984,-0.03972770,0.09712569,0.02802956,0.03585176,-2.54315371,0.10070620,1.44535052,-0.10790676,-0.03674476,-0.04422252,0.73514661,-38.11415691,-6.67323000,0.73514661,-38.11415691,-6.67323000,0.73816945,-38.09250853,-6.65228513,0.01395151,-0.04521203,-0.02275416,0.00028081,0.00568492,0.00449482
10.190,-2.53027361,0.05518497,1.42220088,-0.10665573,-0.03077984,-0.03936956,0.09691822,0.02796969,0.03577518,-2.54419205,0.10034990,1.44492262,-0.10688858,-0.03646595,-0.04386440,0.73359269,-38.11599332,-6.67291864,0.73359269,-38.11599332,-6.67291864,0.73816945,-38.09264792,-6.65246343,0.01391844,-0.04516493,-0.02272174,0.00023285,0.00568611,0.00449484
10.200,-2.53133532,0.05487857,1.42180897,-0.10568759,-0.03050045,-0.03901220,0.09670760,0.02790891,0.03569744,-2.54522029,0.09999635,1.44449838,-0.10587250,-0.03618828,-0.04350442,0.73201734,-38.11778814,-6.67264032,0.73201734,-38.11778814,-6.67264032,0.73514661,-38.09647928,-6.65201777,0.01388497,-0.04511778,-0.02268941,0.00018491,0.00568783,0.00449222
10.210,-2.53238737,0.05457496,1.42142063,-0.10472158,-0.03022167,-0.03865562,0.09649382,0.02784721,0.03561853,-2.54623846,0.09964553,1.44407780,-0.10485855,-0.03591168,-0.04314275,0.73041904,-38.11954389,-6.67239497,0.73041904,-38.11954389,-6.67239497,0.73359269,-38.09845237,-6.65188978,0.01385109,-0.04507057,-0.02265717,0.00013697,0.00569001,0.00448713
10.220,-2.53342976,0.05427414,1.42103585,-0.10375773,-0.02994351,-0.03829983,0.09627688,0.02778460,0.03553845,-2.54724657,0.09929744,1.44366090,-0.10384672,-0.03563607,-0.04277965,0.72879861,-38.12126210,-6.67218253,0.72879861,-38.12126210,-6.67218253,0.73201734,-38.10038351,-6.65179514,0.01381681,-0.04502330,-0.02262505,0.00008899,0.00569256,0.00447982
10.230,-2.53446253,0.05397609,1.42065463,-0.10279606,-0.02966598,-0.03794485,0.09605676,0.02772108,0.03545719,-2.54824465,0.09895206,1.44324767,-0.10283704,-0.03536138,-0.04241545,0.72715506,-38.12294878,-6.67200023,0.72715506,-38.12294878,-6.67200023,0.73041904,-38.10227525,-6.65173355,0.01378212,-0.04497597,-0.02259304,0.00004098,0.00569540,0.00447060
10.240,-2.53548569,0.05368082,1.42027695,-0.10183660,-0.02938909,-0.03759069,0.09583345,0.02765663,0.03537476,-2.54923272,0.09860941,1.44283811,-0.10182952,-0.03508750,-0.04205050,0.72548886,-38.12460434,-6.67184705,0.72548886,-38.12460434,-6.67184705,0.72879861,-38.10412917,-6.65170469,0.01374703,-0.04492859,-0.02256116,-0.00000708,0.00569841,0.00445981
10.250,-2.53649927,0.05338831,1.41990281,-0.10087940,-0.02911285,-0.03723736,0.09560696,0.02759127,0.03529116,-2.55021080,0.09826946,1.44243222,-0.10082419,-0.03481434,-0.04168520,0.72379928,-38.12623537,-6.67171812,0.72379928,-38.12623537,-6.67171812,0.72715506,-38.10595134,-6.65170559,0.01371153,-0.04488115,-0.02252941,-0.00005521,0.00570149,0.00444784
10.260,-2.53750329,0.05309856,1.41953220,-0.09992448,-0.02883726,-0.03688487,0.09537726,0.02752498,0.03520637,-2.55117892,0.09793221,1.44202998,-0.09982107,-0.03454183,-0.04131992,0.72208650,-38.12784426,-6.67160933,0.72208650,-38.12784426,-6.67160933,0.72548886,-38.10774220,-6.65173500,0.01367563,-0.04483365,-0.02249778,-0.00010341,0.00570457,0.00443505
10.270,-2.53849777,0.05281156,1.41916511,-0.09897186,-0.02856235,-0.03653324,0.09514437,0.02745777,0.03512040,-2.55213709,0.09759767,1.44163137,-0.09882018,-0.03426986,-0.04095506,0.72035076,-38.12943637,-6.67151631,0.72035076,-38.12943637,-6.67151631,0.72379928,-38.10950838,-6.65178788,0.01363932,-0.04478611,-0.02246626,-0.00015168,0.00570751,0.00442182
10.280,-2.53948273,0.05252731,1.41880154,-0.09802160,-0.02828811,-0.03618247,0.09490825,0.02738963,0.03503325,-2.55308535,0.09726584,1.44123639,-0.09782156,-0.03399838,-0.04059096,0.71859181,-38.13101348,-6.67143276,0.71859181,-38.13101348,-6.67143276,0.72208650,-38.11125230,-6.65186000,0.01360262,-0.04473853,-0.02243485,-0.00020004,0.00571027,0.00440849
10.290,-2.54045821,0.05224579,1.41844146,-0.09707371,-0.02801456,-0.03583258,0.09466892,0.02732056,0.03494490,-2.55402371,0.09693669,1.44084500,-0.09682524,-0.03372731,-0.04022795,0.71680908,-38.13258217,-6.67135714,0.71680908,-38.13258217,-6.67135714,0.72035076,-38.11297932,-6.65194685,0.01356550,-0.04469090,-0.02240354,-0.00024847,0.00571275,0.00439537
10.300,-2.54142421,0.05196701,1.41808488,-0.09612823,-0.02774170,-0.03548358,0.09442636,0.02725056,0.03485537,-2.55495220,0.09661025,1.44045718,-0.09583124,-0.03345660,-0.03986630,0.71500361,-38.13414192,-6.67128209,0.71500361,-38.13414192,-6.67128209,0.71859181,-38.11469125,-6.65204209,0.01352799,-0.04464324,-0.02237230,-0.00029699,0.00571490,0.00438272
10.310,-2.54238078,0.05169096,1.41773179,-0.09518519,-0.02746955,-0.03513547,0.09418057,0.02717963,0.03476464,-2.55587085,0.09628650,1.44007292,-0.09483960,-0.03318620,-0.03950623,0.71317412,-38.13569649,-6.67120341,0.71317412,-38.13569649,-6.67120341,0.71680908,-38.11639467,-6.65214413,0.01349007,-0.04459554,-0.02234113,-0.00034559,0.00571665,0.00437076
10.320,-2.54332793,0.05141762,1.41738217,-0.09424463,-0.02719811,-0.03478829,0.09393153,0.02710776,0.03467271,-2.55677968,0.09596544,1.43969219,-0.09385034,-0.03291609,-0.03914792,0.71132122,-38.13725048,-6.67111939,0.71132122,-38.13725048,-6.67111939,0.71500361,-38.11808903,-6.65224559,0.01345175,-0.04454782,-0.02231002,-0.00039429,0.00571798,0.00435963
10.330,-2.54426568,0.05114699,1.41703602,-0.09330657,-0.02692740,-0.03444202,0.09367924,0.02703495,0.03457958,-2.55767871,0.09564707,1.43931497,-0.09286350,-0.03264626,-0.03879149,0.70944526,-38.13880468,-6.67102535,0.70944526,-38.13880468,-6.67102535,0.71317412,-38.11977811,-6.65234232,0.01341303,-0.04450008,-0.02227895,-0.00044307,0.00571886,0.00434947
10.340,-2.54519407,0.05087907,1.41669332,-0.09237106,-0.02665742,-0.03409670,0.09342369,0.02696120,0.03448525,-2.55856797,0.09533139,1.43894124,-0.09187911,-0.03237669,-0.03843699,0.70754529,-38.14035867,-6.67092088,0.70754529,-38.14035867,-6.67092088,0.71132122,-38.12146648,-6.65243263,0.01337390,-0.04445232,-0.02224792,-0.00049195,0.00571927,0.00434029
10.350,-2.54611311,0.05061384,1.41635408,-0.09143811,-0.02638818,-0.03375232,0.09316487,0.02688651,0.03438972,-2.55944748,0.09501840,1.43857097,-0.09089719,-0.03210740,-0.03808444,0.70562231,-38.14191584,-6.67080130,0.70562231,-38.14191584,-6.67080130,0.70944526,-38.12315491,-6.65251195,0.01333437,-0.04440456,-0.02221689,-0.00054092,0.00571922,0.00433212
10.360,-2.54702284,0.05035130,1.41601827,-0.09050777,-0.02611969,-0.03340891,0.09290279,0.02681087,0.03429298,-2.56031728,0.09470808,1.43820415,-0.08991779,-0.03183841,-0.03773381,0.70367539,-38.14347519,-6.67066897,0.70367539,-38.14347519,-6.67066897,0.70754529,-38.12484295,-6.65257992,0.01329444,-0.04435678,-0.02218588,-0.00058998,0.00571872,0.00432490
10.370,-2.54792327,0.05009145,1.41568590,-0.08958007,-0.02585197,-0.03306647,0.09263742,0.02673429,0.03419502,-2.56117738,0.09440045,1.43784076,-0.08894094,-0.03156975,-0.03738502,0.70170535,-38.14503557,-6.67052075,0.70170535,-38.14503557,-6.67052075,0.70562231,-38.12653396,-6.65263197,0.01325411,-0.04430900,-0.02215486,-0.00063913,0.00571778,0.00431855
10.380,-2.54881445,0.04983426,1.41535694,-0.08865503,-0.02558501,-0.03272501,0.09236876,0.02665676,0.03409585,-2.56202782,0.09409548,1.43748079,-0.08796665,-0.03130145,-0.03703797,0.69971112,-38.14660046,-6.67036014,0.69971112,-38.14660046,-6.67036014,0.70367539,-38.12822692,-6.65267056,0.01321337,-0.04426122,-0.02212385,-0.00068838,0.00571644,0.00431296
10.390,-2.54969638,0.04957974,1.41503140,-0.08773270,-0.02531883,-0.03238455,0.09209681,0.02657827,0.03399547,-2.56286862,0.09379318,1.43712423,-0.08699497,-0.03103355,-0.03669252,0.69769382,-38.14816606,-6.67018538,0.69769382,-38.14816606,-6.67018538,0.70170535,-38.12992064,-6.65269266,0.01317224,-0.04421344,-0.02209283,-0.00073773,0.00571472,0.00430797
10.400,-2.55056911,0.04932788,1.41470925,-0.08681311,-0.02505345,-0.03204511,0.09182156,0.02649884,0.03389386,-2.56369981,0.09349355,1.43677107,-0.08602593,-0.03076610,-0.03634853,0.69565231,-38.14973235,-6.67000111,0.69565231,-38.14973235,-6.67000111,0.69971112,-38.13161858,-6.65270187,0.01313070,-0.04416567,-0.02206182,-0.00078718,0.00571265,0.00430342
10.410,-2.55143266,0.04907867,1.41439049,-0.08589628,-0.02478886,-0.03170668,0.09154299,0.02641845,0.03379104,-2.56452141,0.09319656,1.43642129,-0.08505956,-0.03049915,-0.03600583,0.69358708,-38.15129805,-6.66980759,0.69358708,-38.15129805,-6.66980759,0.69769382,-38.13331692,-6.65269651,0.01308875,-0.04411789,-0.02203080,-0.00083672,0.00571029,0.00429915
10.420,-2.55228705,0.04883210,1.41407511,-0.08498226,-0.02452508,-0.03136929,0.09126111,0.02633710,0.03368699,-2.56533346,0.09290223,1.43607489,-0.08409588,-0.03023273,-0.03566428,0.69149831,-38.15286291,-6.66960714,0.69149831,-38.15286291,-6.66960714,0.69565231,-38.13501560,-6.65268130,0.01304641,-0.04407013,-0.02199978,-0.00088638,0.00570765,0.00429499
10.430,-2.55313231,0.04858817,1.41376310,-0.08407107,-0.02426212,-0.03103295,0.09097590,0.02625479,0.03358171,-2.56613598,0.09261053,1.43573187,-0.08313494,-0.02996691,-0.03532372,0.68938601,-38.15442427,-6.66940203,0.68938601,-38.15442427,-6.66940203,0.69358708,-38.13671334,-6.65265656,0.01300367,-0.04402236,-0.02196877,-0.00093613,0.00570479,0.00429077
10.440,-2.55396848,0.04834686,1.41345445,-0.08316275,-0.02399999,-0.03069766,0.09068735,0.02617152,0.03347520,-2.56692900,0.09232147,1.43539222,-0.08217676,-0.02970171,-0.03498402,0.68724950,-38.15598350,-6.66919448,0.68724950,-38.15598350,-6.66919448,0.69149831,-38.13840986,-6.65262468,0.01296052,-0.04397461,-0.02193777,-0.00098599,0.00570172,0.00428636
10.450,-2.55479558,0.04810817,1.41314914,-0.08225734,-0.02373869,-0.03036345,0.09039547,0.02608728,0.03336745,-2.56771255,0.09203504,1.43505594,-0.08122138,-0.02943717,-0.03464506,0.68508911,-38.15753772,-6.66898843,0.68508911,-38.15753772,-6.66898843,0.68938601,-38.14010248,-6.65258795,0.01291697,-0.04392687,-0.02190680,-0.00103596,0.00569848,0.00428161
10.460,-2.55561363,0.04787208,1.41284718,-0.08135485,-0.02347825,-0.03003032,0.09010023,0.02600208,0.03325848,-2.56848667,0.09175122,1.43472302,-0.08026883,-0.02917334,-0.03430672,0.68290555,-38.15908918,-6.66878291,0.68290555,-38.15908918,-6.66878291,0.68724950,-38.14179258,-6.65254861,0.01287304,-0.04387914,-0.02187584,-0.00108602,0.00569509,0.00427640
10.470,-2.55642268,0.04763860,1.41254853,-0.08045534,-0.02321866,-0.02969828,0.08980164,0.02591591,0.03314826,-2.56925137,0.09147001,1.43439347,-0.07931913,-0.02891023,-0.03396895,0.68069743,-38.16063293,-6.66858426,0.68069743,-38.16063293,-6.66858426,0.68508911,-38.14347726,-6.65251061,0.01282869,-0.04383141,-0.02184494,-0.00113621,0.00569157,0.00427067
10.480,-2.55722275,0.04740771,1.41225321,-0.07955883,-0.02295993,-0.02936735,0.08949969,0.02582877,0.03303680,-2.57000669,0.09119140,1.43406727,-0.07837233,-0.02864788,-0.03363169,0.67846539,-38.16217080,-6.66838973,0.67846539,-38.16217080,-6.66838973,0.68290555,-38.14515877,-6.65247297,0.01278394,-0.04378369,-0.02181406,-0.00118650,0.00568795,0.00426434
10.490,-2.55801387,0.04717940,1.41196118,-0.07866536,-0.02270208,-0.02903755,0.08919437,0.02574066,0.03292410,-2.57075265,0.09091539,1.43374442,-0.07742845,-0.02838629,-0.03329491,0.67620931,-38.16370325,-6.66820516,0.67620931,-38.16370325,-6.66820516,0.68069743,-38.14683216,-6.65244198,0.01273878,-0.04373599,-0.02178324,-0.00123691,0.00568421,0.00425736
10.500,-2.55879607,0.04695366,1.41167245,-0.07777496,-0.02244512,-0.02870888,0.08888566,0.02565157,0.03281014,-2.57148930,0.09064196,1.43342493,-0.07648753,-0.02812549,-0.03295860,0.67392923,-38.16523053,-6.66802841,0.67392923,-38.16523053,-6.66802841,0.67846539,-38.14849925,-6.65241490,0.01269323,-0.04368830,-0.02175248,-0.00128743,0.00568037,0.00424972
10.510,-2.55956938,0.04673049,1.41138700,-0.07688766,-0.02218906,-0.02838135,0.08857358,0.02556150,0.03269494,-2.57221666,0.09037110,1.43310877,-0.07554960,-0.02786548,-0.03262279,0.67162523,-38.16675108,-6.66786150,0.67162523,-38.16675108,-6.66786150,0.67620931,-38.15016053,-6.65239747,0.01264728,-0.04364061,-0.02172177,-0.00133806,0.00567642,0.00424144
10.520,-2.56033383,0.04650988,1.41110482,-0.07600350,-0.02193389,-0.02805498,0.08825809,0.02547046,0.03257849,-2.57293476,0.09010281,1.43279596,-0.07461469,-0.02760626,-0.03228752,0.66929724,-38.16826477,-6.66770476,0.66929724,-38.16826477,-6.66770476,0.67392923,-38.15181622,-6.65238755,0.01260093,-0.04359293,-0.02169114,-0.00138881,0.00567237,0.00423254
10.530,-2.56108946,0.04629181,1.41082590,-0.07512251,-0.02167965,-0.02772978,0.08793921,0.02537843,0.03246078,-2.57364363,0.08983709,1.43248647,-0.07368284,-0.02734784,-0.03195285,0.66694486,-38.16977539,-6.66755807,0.66694486,-38.16977539,-6.66755807,0.67162523,-38.15346479,-6.65238708,0.01255417,-0.04354528,-0.02166057,-0.00143967,0.00566819,0.00422307
10.540,-2.56183629,0.04607628,1.41055022,-0.07424472,-0.02142633,-0.02740577,0.08761692,0.02528542,0.03234182,-2.57434331,0.08957392,1.43218030,-0.07275408,-0.02709022,-0.03161886,0.66456869,-38.17128109,-6.66742259,0.66456869,-38.17128109,-6.66742259,0.66929724,-38.15510610,-6.65239633,0.01250702,-0.04349764,-0.02163008,-0.00149064,0.00566389,0.00421309
10.550,-2.56257436,0.04586328,1.41027778,-0.07337018,-0.02117394,-0.02708295,0.08729121,0.02519142,0.03222159,-2.57503383,0.08931329,1.43187744,-0.07182844,-0.02683338,-0.03128561,0.66216814,-38.17278278,-6.66729603,0.66216814,-38.17278278,-6.66729603,0.66694486,-38.15674395,-6.65241514,0.01245947,-0.04345001,-0.02159966,-0.00154174,0.00565944,0.00420266
10.560,-2.56330371,0.04565280,1.41000856,-0.07249891,-0.02092250,-0.02676134,0.08696208,0.02509644,0.03210010,-2.57571521,0.08905519,1.43157788,-0.07090595,-0.02657734,-0.03095320,0.65974295,-38.17428180,-6.66717902,0.65974295,-38.17428180,-6.66717902,0.66456869,-38.15837650,-6.65244459,0.01241150,-0.04340239,-0.02156932,-0.00159296,0.00565484,0.00419186
10.570,-2.56402435,0.04544483,1.40974255,-0.07163095,-0.02067202,-0.02644095,0.08662951,0.02500046,0.03197734,-2.57638750,0.08879963,1.43128161,-0.06998665,-0.02632207,-0.03062173,0.65729417,-38.17577916,-6.66707046,0.65729417,-38.17577916,-6.66707046,0.66216814,-38.16000465,-6.65248237,0.01236315,-0.04335480,-0.02153906,-0.00164430,0.00565005,0.00418078
10.580,-2.56473634,0.04523935,1.40947973,-0.07076633,-0.02042250,-0.02612180,0.08629351,0.02490350,0.03185331,-2.57705072,0.08854659,1.43098861,-0.06907058,-0.02606758,-0.03029128,0.65482049,-38.17727749,-6.66697069,0.65482049,-38.17727749,-6.66697069,0.65974295,-38.16162975,-6.65252905,0.01231438,-0.04330724,-0.02150888,-0.00169575,0.00564508,0.00416948
10.590,-2.56543969,0.04503637,1.40922011,-0.06990509,-0.02017395,-0.02580389,0.08595406,0.02480553,0.03172801,-2.57770491,0.08829606,1.43069887,-0.06815775,-0.02581386,-0.02996195,0.65232297,-38.17877376,-6.66687525,0.65232297,-38.17877376,-6.66687525,0.65729417,-38.16325281,-6.65258348,0.01226522,-0.04325969,-0.02147876,-0.00174734,0.00563991,0.00415806
10.600,-2.56613445,0.04483587,1.40896365,-0.06904726,-0.01992639,-0.02548724,0.08561116,0.02470658,0.03160144,-2.57835011,0.08804804,1.43041237,-0.06724822,-0.02556091,-0.02963382,0.64980084,-38.18027120,-6.66678732,0.64980084,-38.18027120,-6.66678732,0.65482049,-38.16487646,-6.65264597,0.01221566,-0.04321217,-0.02144872,-0.00179904,0.00563452,0.00414658
10.610,-2.56682065,0.04463784,1.40871036,-0.06819288,-0.01967982,-0.02517187,0.08526480,0.02460662,0.03147358,-2.57898634,0.08780252,1.43012911,-0.06634201,-0.02530873,-0.02930696,0.64725420,-38.18177026,-6.66670269,0.64725420,-38.18177026,-6.66670269,0.65232297,-38.16649766,-6.65271206,0.01216569,-0.04316468,-0.02141875,-0.00185087,0.00562891,0.00413509
10.620,-2.56749832,0.04444227,1.40846021,-0.06734198,-0.01943426,-0.02485778,0.08491496,0.02450566,0.03134445,-2.57961365,0.08755949,1.42984906,-0.06543915,-0.02505732,-0.02898144,0.64468331,-38.18327202,-6.66662288,0.64468331,-38.18327202,-6.66662288,0.64980084,-38.16811965,-6.65278489,0.01211533,-0.04311722,-0.02138885,-0.00190283,0.00562306,0.00412366
10.630,-2.56816750,0.04424915,1.40821320,-0.06649459,-0.01918971,-0.02454498,0.08456166,0.02440370,0.03121403,-2.58023206,0.08731894,1.42957221,-0.06453969,-0.02480670,-0.02865731,0.64208792,-38.18477668,-6.66654517,0.64208792,-38.18477668,-6.66654517,0.64725420,-38.16974285,-6.65286024,0.01206456,-0.04306979,-0.02135901,-0.00195490,0.00561699,0.00411233
10.640,-2.56882822,0.04405847,1.40796931,-0.06565076,-0.01894619,-0.02423350,0.08420486,0.02430073,0.03108233,-2.58084162,0.08708087,1.42929855,-0.06364364,-0.02455686,-0.02833461,0.63946809,-38.18628509,-6.66647007,0.63946809,-38.18628509,-6.66647007,0.64468331,-38.17136835,-6.65293962,0.01201340,-0.04302240,-0.02132924,-0.00200712,0.00561067,0.00410111
10.650,-2.56948053,0.04387023,1.40772852,-0.06481051,-0.01870370,-0.02392334,0.08384458,0.02419676,0.03094934,-2.58144235,0.08684526,1.42902805,-0.06275105,-0.02430782,-0.02801338,0.63682322,-38.18779520,-6.66639799,0.63682322,-38.18779520,-6.66639799,0.64208792,-38.17299634,-6.65302033,0.01196182,-0.04297503,-0.02129953,-0.00205946,0.00560412,0.00409004
10.660,-2.57012445,0.04368440,1.40749084,-0.06397388,-0.01846226,-0.02361452,0.08348079,0.02409177,0.03081506,-2.58203430,0.08661211,1.42876071,-0.06186195,-0.02405958,-0.02769363,0.63415402,-38.18931157,-6.66632512,0.63415402,-38.18931157,-6.66632512,0.63946809,-38.17462765,-6.65310288,0.01190985,-0.04292771,-0.02126987,-0.00211193,0.00559732,0.00407911
10.670,-2.57076002,0.04350098,1.40725623,-0.06314090,-0.01822187,-0.02330704,0.08311350,0.02398578,0.03067948,-2.58261749,0.08638141,1.42849650,-0.06097638,-0.02381218,-0.02737538,0.63146033,-38.19083199,-6.66625502,0.63146033,-38.19083199,-6.66625502,0.63682322,-38.17626022,-6.65318768,0.01185747,-0.04288043,-0.02124027,-0.00216452,0.00559031,0.00406834
10.680,-2.57138728,0.04331996,1.40702469,-0.06231162,-0.01798255,-0.02300093,0.08274270,0.02387877,0.03054261,-2.58319198,0.08615315,1.42823542,-0.06009436,-0.02356561,-0.02705862,0.62874174,-38.19235674,-6.66618582,0.62874174,-38.19235674,-6.66618582,0.63415402,-38.17789861,-6.65327095,0.01180470,-0.04283319,-0.02121073,-0.00221726,0.00558306,0.00405769
10.690,-2.57200626,0.04314132,1.40679621,-0.06148606,-0.01774430,-0.02269620,0.08236837,0.02377074,0.03040443,-2.58375778,0.08592733,1.42797744,-0.05921593,-0.02331991,-0.02674335,0.62599876,-38.19388734,-6.66611696,0.62599876,-38.19388734,-6.66611696,0.63146033,-38.17954059,-6.65335625,0.01175152,-0.04278601,-0.02118123,-0.00227013,0.00557561,0.00404715
10.700,-2.57261701,0.04296507,1.40657076,-0.06066426,-0.01750714,-0.02239285,0.08199052,0.02366169,0.03026496,-2.58431495,0.08570392,1.42772256,-0.05834112,-0.02307508,-0.02642956,0.62323065,-38.19541992,-6.66605091,0.62323065,-38.19541992,-6.66605091,0.62874174,-38.18118643,-6.65344173,0.01169794,-0.04273885,-0.02115180,-0.00232314,0.00556794,0.00403671
10.710,-2.57321956,0.04279118,1.40634834,-0.05984626,-0.01727107,-0.02209090,0.08160913,0.02355163,0.03012417,-2.58486352,0.08548293,1.42747076,-0.05746997,-0.02283116,-0.02611722,0.62043768,-38.19695779,-6.66598600,0.62043768,-38.19695779,-6.66598600,0.62599876,-38.18283764,-6.65352685,0.01164396,-0.04269175,-0.02112242,-0.00237629,0.00556009,0.00402632
10.720,-2.57381395,0.04261964,1.40612894,-0.05903209,-0.01703611,-0.02179037,0.08122419,0.02344054,0.02998208,-2.58540352,0.08526433,1.42722202,-0.05660251,-0.02258817,-0.02580633,0.61761979,-38.19850098,-6.66592201,0.61761979,-38.19850098,-6.66592201,0.62323065,-38.18449033,-6.65361409,0.01158957,-0.04264469,-0.02109308,-0.00242958,0.00555206,0.00401596
10.730,-2.57440021,0.04245045,1.40591253,-0.05822179,-0.01680226,-0.02149126,0.08083571,0.02332843,0.02983868,-2.58593499,0.08504813,1.42697634,-0.05573878,-0.02234612,-0.02549685,0.61477729,-38.20004672,-6.66586159,0.61477729,-38.20004672,-6.66586159,0.62043768,-38.18614781,-6.65370179,0.01153478,-0.04259768,-0.02106381,-0.00248301,0.00554386,0.00400559
10.740,-2.57497840,0.04228359,1.40569911,-0.05741539,-0.01656954,-0.02119360,0.08044366,0.02321528,0.02969397,-2.58645798,0.08483432,1.42673369,-0.05487881,-0.02210503,-0.02518878,0.61190914,-38.20159689,-6.66580333,0.61190914,-38.20159689,-6.66580333,0.61761979,-38.18781009,-6.65378973,0.01147958,-0.04255073,-0.02103458,-0.00253658,0.00553549,0.00399518
10.750,-2.57554853,0.04211906,1.40548866,-0.05661293,-0.01633796,-0.02089739,0.08004805,0.02310111,0.02954794,-2.58697252,0.08462287,1.42649407,-0.05402263,-0.02186494,-0.02488208,0.60901669,-38.20314902,-6.66574841,0.60901669,-38.20314902,-6.66574841,0.61477729,-38.18947440,-6.65388060,0.01142399,-0.04250381,-0.02100541,-0.00259030,0.00552698,0.00398469
10.760,-2.57611067,0.04195683,1.40528116,-0.05581444,-0.01610752,-0.02060265,0.07964886,0.02298591,0.02940059,-2.58747865,0.08441378,1.42625746,-0.05317028,-0.02162585,-0.02457674,0.60609844,-38.20470626,-6.66569825,0.60609844,-38.20470626,-6.66569825,0.61190914,-38.19114259,-6.65397296,0.01136798,-0.04245695,-0.02097630,-0.00264416,0.00551833,0.00397409
10.770,-2.57666484,0.04179690,1.40507660,-0.05501996,-0.01587824,-0.02030938,0.07924609,0.02286968,0.02925191,-2.58797642,0.08420705,1.42602386,-0.05232179,-0.02138779,-0.02427276,0.60315528,-38.20626652,-6.66565252,0.60315528,-38.20626652,-6.66565252,0.60901669,-38.19281221,-6.65406801,0.01131158,-0.04241015,-0.02094726,-0.00269817,0.00550955,0.00396338
10.780,-2.57721108,0.04163926,1.40487496,-0.05422953,-0.01565013,-0.02001761,0.07883973,0.02275241,0.02910191,-2.58846585,0.08400265,1.42579323,-0.05147719,-0.02115077,-0.02397012,0.60018712,-38.20782930,-6.66561262,0.60018712,-38.20782930,-6.66561262,0.60609844,-38.19448640,-6.65416716,0.01125477,-0.04236339,-0.02091827,-0.00275234,0.00550064,0.00395251
10.790,-2.57774944,0.04148390,1.40467624,-0.05344318,-0.01542320,-0.01972735,0.07842978,0.02263410,0.02895059,-2.58894700,0.08380058,1.42556559,-0.05063653,-0.02091482,-0.02366882,0.59719352,-38.20939417,-6.66557666,0.59719352,-38.20939417,-6.66557666,0.60315528,-38.19616304,-6.65427007,0.01119756,-0.04231668,-0.02088935,-0.00280665,0.00549162,0.00394147
10.800,-2.57827996,0.04133079,1.40448041,-0.05266095,-0.01519745,-0.01943860,0.07801622,0.02251475,0.02879793,-2.58941989,0.08360083,1.42534090,-0.04979983,-0.02067995,-0.02336886,0.59417440,-38.21096435,-6.66554705,0.59417440,-38.21096435,-6.66554705,0.60018712,-38.19784164,-6.65437812,0.01113993,-0.04227004,-0.02086049,-0.00286112,0.00548250,0.00393026
10.810,-2.57880267,0.04117994,1.40428746,-0.05188287,-0.01497291,-0.01915139,0.07759905,0.02239436,0.02864394,-2.58988459,0.08340338,1.42511915,-0.04896713,-0.02044616,-0.02307026,0.59113037,-38.21253615,-6.66552347,0.59113037,-38.21253615,-6.66552347,0.59719352,-38.19952176,-6.65448943,0.01108192,-0.04222344,-0.02083169,-0.00291574,0.00547325,0.00391887
10.820,-2.57931763,0.04103133,1.40409738,-0.05110898,-0.01474957,-0.01886573,0.07717826,0.02227292,0.02848862,-2.59034111,0.08320823,1.42490034,-0.04813847,-0.02021349,-0.02277303,0.58806040,-38.21411044,-6.66550530,0.58806040,-38.21411044,-6.66550530,0.59417440,-38.20120663,-6.65460638,0.01102348,-0.04217690,-0.02080296,-0.00297051,0.00546392,0.00390730
10.830,-2.57982487,0.04088495,1.40391014,-0.05033931,-0.01452745,-0.01858163,0.07675384,0.02215044,0.02833195,-2.59078951,0.08301535,1.42468444,-0.04731387,-0.01998193,-0.02247719,0.58496512,-38.21568720,-6.66549481,0.58496512,-38.21568720,-6.66549481,0.59113037,-38.20289253,-6.65472865,0.01096464,-0.04213040,-0.02077430,-0.00302544,0.00545448,0.00389556
10.840,-2.58032443,0.04074078,1.40372574,-0.04957391,-0.01430657,-0.01829910,0.07632579,0.02202690,0.02817395,-2.59122983,0.08282475,1.42447145,-0.04649338,-0.01975149,-0.02218275,0.58184444,-38.21726842,-6.66548972,0.58184444,-38.21726842,-6.66548972,0.58806040,-38.20458034,-6.65485559,0.01090540,-0.04208397,-0.02074571,-0.00308053,0.00544492,0.00388365
10.850,-2.58081636,0.04059881,1.40354416,-0.04881281,-0.01408692,-0.01801815,0.07589409,0.02190232,0.02801460,-2.59166211,0.08263641,1.42426134,-0.04567703,-0.01952220,-0.02188974,0.57869800,-38.21885307,-6.66549060,0.57869800,-38.21885307,-6.66549060,0.58496512,-38.20627004,-6.65498945,0.01084575,-0.04203760,-0.02071718,-0.00313578,0.00543528,0.00387159
10.860,-2.58130070,0.04045904,1.40336537,-0.04805604,-0.01386852,-0.01773881,0.07545875,0.02177669,0.02785390,-2.59208639,0.08245031,1.42405410,-0.04486485,-0.01929406,-0.02159819,0.57552599,-38.22043913,-6.66549970,0.57552599,-38.22043913,-6.66549970,0.58184444,-38.20796360,-6.65512795,0.01078569,-0.04199127,-0.02068873,-0.00319119,0.00542554,0.00385938
10.870,-2.58177750,0.04032144,1.40318937,-0.04730365,-0.01365139,-0.01746108,0.07501975,0.02164999,0.02769185,-2.59250272,0.08226645,1.42384972,-0.04405688,-0.01906708,-0.02130812,0.57232788,-38.22203057,-6.66551442,0.57232788,-38.22203057,-6.66551442,0.57869800,-38.20966000,-6.65527163,0.01072522,-0.04194501,-0.02066035,-0.00324677,0.00541569,0.00384704
10.880,-2.58224679,0.04018600,1.40301615,-0.04655566,-0.01343553,-0.01718498,0.07457708,0.02152225,0.02752845,-2.59291114,0.08208481,1.42364819,-0.04325315,-0.01884127,-0.02101958,0.56910448,-38.22362675,-6.66553370,0.56910448,-38.22362675,-6.66553370,0.57552599,-38.21135721,-6.65542272,0.01066435,-0.04189881,-0.02063204,-0.00330251,0.00540574,0.00383460
10.890,-2.58270862,0.04005272,1.40284567,-0.04581212,-0.01322095,-0.01691051,0.07413075,0.02139344,0.02736370,-2.59331170,0.08190538,1.42344947,-0.04245370,-0.01861663,-0.02073258,0.56585530,-38.22522526,-6.66556079,0.56585530,-38.22522526,-6.66556079,0.57232788,-38.21305921,-6.65557862,0.01060308,-0.04185266,-0.02060380,-0.00335842,0.00539568,0.00382207
10.900,-2.58316305,0.03992158,1.40267793,-0.04507306,-0.01300766,-0.01663771,0.07368073,0.02126357,0.02719758,-2.59370438,0.08172818,1.42325353,-0.04165747,-0.01839256,-0.02044791,0.56256414,-38.22685454,-6.66558141,0.56256414,-38.22685454,-6.66558141,0.57232788,-38.21317040,-6.65571748,0.01054133,-0.04180660,-0.02057560,-0.00341559,0.00538490,0.00381020
10.910,-2.58361010,0.03979256,1.40251291,-0.04433852,-0.01279568,-0.01636657,0.07322703,0.02113263,0.02703011,-2.59408929,0.08155316,1.42306038,-0.04086586,-0.01816985,-0.02016465,0.55925091,-38.22848415,-6.66560952,0.55925091,-38.22848415,-6.66560952,0.56585530,-38.21647441,-6.65590335,0.01047919,-0.04176060,-0.02054747,-0.00347266,0.00537417,0.00379808
10.920,-2.58404983,0.03966566,1.40235059,-0.04360853,-0.01258501,-0.01609711,0.07276963,0.02100063,0.02686127,-2.59446647,0.08138032,1.42287001,-0.04007885,-0.01794847,-0.01988284,0.55591415,-38.23011193,-6.66564579,0.55591415,-38.23011193,-6.66564579,0.56256414,-38.21821237,-6.65606272,0.01041664,-0.04171466,-0.02051942,-0.00352968,0.00536346,0.00378573
10.930,-2.58448229,0.03954086,1.40219096,-0.04288314,-0.01237567,-0.01582935,0.07230853,0.02086756,0.02669107,-2.59483596,0.08120964,1.42268239,-0.03929642,-0.01772843,-0.01960249,0.55255286,-38.23174033,-6.66568926,0.55255286,-38.23174033,-6.66568926,0.55925091,-38.21994999,-6.65622879,0.01035367,-0.04166878,-0.02049143,-0.00358672,0.00535276,0.00377314
10.940,-2.58490751,0.03941814,1.40203400,-0.04216237,-0.01216766,-0.01556329,0.07184372,0.02073342,0.02651949,-2.59519781,0.08104110,1.42249752,-0.03851858,-0.01750972,-0.01932366,0.54916752,-38.23337105,-6.66574008,0.54916752,-38.23337105,-6.66574008,0.55591415,-38.22168515,-6.65640220,0.01029030,-0.04162296,-0.02046352,-0.00364379,0.00534206,0.00376037
10.950,-2.58532555,0.03929750,1.40187969,-0.04144627,-0.01196101,-0.01529896,0.07137519,0.02059821,0.02634655,-2.59555207,0.08087470,1.42231538,-0.03774532,-0.01729232,-0.01904638,0.54575692,-38.23500273,-6.66579862,0.54575692,-38.23500273,-6.66579862,0.55255286,-38.22342027,-6.65658198,0.01022652,-0.04157720,-0.02043569,-0.00370095,0.00533131,0.00374742
10.960,-2.58573645,0.03917892,1.40172802,-0.04073488,-0.01175570,-0.01503637,0.07090294,0.02046192,0.02617222,-2.59589878,0.08071042,1.42213594,-0.03697667,-0.01707624,-0.01877071,0.54232104,-38.23663622,-6.66586346,0.54232104,-38.23663622,-6.66586346,0.54916752,-38.22515705,-6.65676824,0.01016233,-0.04153150,-0.02040792,-0.00375821,0.00532054,0.00373434
10.970,-2.58614026,0.03906238,1.40157896,-0.04002823,-0.01155177,-0.01477552,0.07042695,0.02032456,0.02599653,-2.59623798,0.08054825,1.42195919,-0.03621264,-0.01686147,-0.01849668,0.53885956,-38.23827437,-6.66593598,0.53885956,-38.23827437,-6.66593598,0.54575692,-38.22689415,-6.65696132,0.01009772,-0.04148587,-0.02038023,-0.00381559,0.00530970,0.00372116
10.980,-2.58653703,0.03894788,1.40143250,-0.03932635,-0.01134922,-0.01451644,0.06994723,0.02018611,0.02581945,-2.59656973,0.08038817,1.42178512,-0.03545326,-0.01664802,-0.01822434,0.53537223,-38.23991461,-6.66601485,0.53537223,-38.23991461,-6.66601485,0.54232104,-38.22863239,-6.65715980,0.01003270,-0.04144029,-0.02035262,-0.00387309,0.00529880,0.00370790
10.990,-2.58692681,0.03883539,1.40128862,-0.03862930,-0.01114805,-0.01425914,0.06946376,0.02004659,0.02564098,-2.59689408,0.08023018,1.42161370,-0.03469855,-0.01643588,-0.01795373,0.53185851,-38.24156025,-6.66609996,0.53185851,-38.24156025,-6.66609996,0.53885956,-38.23037464,-6.65736503,0.00996727,-0.04139479,-0.02032508,-0.00393075,0.00528783,0.00369459
11.000,-2.58730963,0.03872491,1.40114731,-0.03793709,-0.01094829,-0.01400362,0.06897653,0.01990598,0.02546114,-2.59721106,0.08007425,1.42144492,-0.03394853,-0.01622506,-0.01768489,0.52831947,-38.24320965,-6.66618957,0.52831947,-38.24320965,-6.66618957,0.53537223,-38.23211831,-6.65757566,0.00990143,-0.04134934,-0.02029761,-0.00398856,0.00527677,0.00368127
11.010,-2.58768556,0.03861642,1.40100854,-0.03724978,-0.01074994,-0.01374992,0.06848554,0.01976428,0.02527990,-2.59752074,0.07992038,1.42127875,-0.03320325,-0.01601556,-0.01741786,0.52475367,-38.24486397,-6.66628535,0.52475367,-38.24486397,-6.66628535,0.53185851,-38.23386673,-6.65779157,0.00983518,-0.04130396,-0.02027021,-0.00404653,0.00526562,0.00366794
11.020,-2.58805464,0.03850991,1.40087231,-0.03656739,-0.01055301,-0.01349803,0.06799078,0.01962150,0.02509727,-2.59782315,0.07976855,1.42111518,-0.03246273,-0.01580738,-0.01715267,0.52116165,-38.24652268,-6.66638404,0.52116165,-38.24652268,-6.66638404,0.52831947,-38.23561821,-6.65801102,0.00976851,-0.04125864,-0.02024287,-0.00410466,0.00525437,0.00365464
11.030,-2.58841693,0.03840536,1.40073858,-0.03588997,-0.01035751,-0.01324798,0.06749225,0.01947763,0.02491325,-2.59811835,0.07961875,1.42095418,-0.03172701,-0.01560055,-0.01688935,0.51754262,-38.24818718,-6.66648875,0.51754262,-38.24818718,-6.66648875,0.52475367,-38.23737396,-6.65823566,0.00970142,-0.04121339,-0.02021560,-0.00416296,0.00524304,0.00364137
11.040,-2.58877246,0.03830276,1.40060734,-0.03521756,-0.01016346,-0.01299977,0.06698993,0.01933266,0.02472782,-2.59840638,0.07947097,1.42079575,-0.03099611,-0.01539505,-0.01662791,0.51389746,-38.24985712,-6.66659792,0.51389746,-38.24985712,-6.66659792,0.52116165,-38.23913340,-6.65846225,0.00963392,-0.04116821,-0.02018841,-0.00422145,0.00523159,0.00362814
11.050,-2.58912130,0.03820208,1.40047858,-0.03455019,-0.00997086,-0.01275343,0.06648381,0.01918660,0.02454100,-2.59868730,0.07932518,1.42063985,-0.03027008,-0.01519091,-0.01636837,0.51022519,-38.25153540,-6.66671026,0.51022519,-38.25153540,-6.66671026,0.51754262,-38.24089794,-6.65869388,0.00956600,-0.04112310,-0.02016127,-0.00428011,0.00522005,0.00361494
11.060,-2.58946348,0.03810333,1.40035227,-0.03388790,-0.00977973,-0.01250896,0.06597390,0.01903945,0.02435278,-2.59896116,0.07918138,1.42048647,-0.02954894,-0.01498814,-0.01611074,0.50652672,-38.25321756,-6.66682720,0.50652672,-38.25321756,-6.66682720,0.51389746,-38.24266721,-6.65892899,0.00949768,-0.04107805,-0.02013420,-0.00433896,0.00520841,0.00360178
11.070,-2.58979907,0.03800649,1.40022839,-0.03323072,-0.00959007,-0.01226637,0.06546018,0.01889119,0.02416315,-2.59922800,0.07903956,1.42033559,-0.02883274,-0.01478674,-0.01585503,0.50280112,-38.25490431,-6.66694890,0.50280112,-38.25490431,-6.66694890,0.51022519,-38.24444412,-6.65916630,0.00942893,-0.04103307,-0.02010720,-0.00439798,0.00519667,0.00358866
11.080,-2.59012811,0.03791153,1.40010693,-0.03257871,-0.00940191,-0.01202570,0.06494264,0.01874184,0.02397212,-2.59948788,0.07889969,1.42018719,-0.02812151,-0.01458674,-0.01560125,0.49904861,-38.25659941,-6.66707429,0.49904861,-38.25659941,-6.66707429,0.50652672,-38.24622420,-6.65940724,0.00935977,-0.04098816,-0.02008026,-0.00445720,0.00518483,0.00357555
11.090,-2.59045066,0.03781844,1.39998787,-0.03193188,-0.00921524,-0.01178694,0.06442128,0.01859138,0.02377967,-2.59974084,0.07876177,1.42004126,-0.02741529,-0.01438814,-0.01534940,0.49526905,-38.25830121,-6.66720330,0.49526905,-38.25830121,-6.66720330,0.50280112,-38.24800814,-6.65965197,0.00929018,-0.04094333,-0.02005339,-0.00451659,0.00517290,0.00356246
11.100,-2.59076677,0.03772722,1.39987119,-0.03129029,-0.00903008,-0.01155011,0.06389609,0.01843981,0.02358581,-2.59998695,0.07862577,1.41989776,-0.02671410,-0.01419095,-0.01509949,0.49146221,-38.26000701,-6.66733622,0.49146221,-38.26000701,-6.66733622,0.49904861,-38.24979971,-6.65989942,0.00922018,-0.04089855,-0.02002657,-0.00457619,0.00516087,0.00354938
11.110,-2.59107649,0.03763784,1.39975686,-0.03065397,-0.00884645,-0.01131523,0.06336707,0.01828714,0.02339053,-2.60022624,0.07849169,1.41975668,-0.02601800,-0.01399520,-0.01485151,0.48762823,-38.26172004,-6.66747488,0.48762823,-38.26172004,-6.66747488,0.49526905,-38.25159724,-6.66014952,0.00914975,-0.04085385,-0.01999982,-0.00463597,0.00514875,0.00353628
11.120,-2.59137987,0.03755028,1.39964488,-0.03002296,-0.00866435,-0.01108230,0.06283420,0.01813336,0.02319383,-2.60045878,0.07835951,1.41961801,-0.02532701,-0.01380090,-0.01460546,0.48376718,-38.26344084,-6.66761643,0.48376718,-38.26344084,-6.66761643,0.49146221,-38.25339801,-6.66040257,0.00907891,-0.04080923,-0.01997313,-0.00469595,0.00513655,0.00352316
11.130,-2.59167696,0.03746454,1.39953521,-0.02939730,-0.00848379,-0.01085135,0.06229747,0.01797847,0.02299571,-2.60068462,0.07822922,1.41948172,-0.02464118,-0.01360806,-0.01436134,0.47987913,-38.26516630,-6.66776424,0.47987913,-38.26516630,-6.66776424,0.48762823,-38.25520527,-6.66066039,0.00900766,-0.04076468,-0.01994651,-0.00475612,0.00512427,0.00350999
11.140,-2.59196783,0.03738060,1.39942784,-0.02877703,-0.00830478,-0.01062239,0.06175689,0.01782246,0.02279617,-2.60090381,0.07810079,1.41934779,-0.02396053,-0.01341669,-0.01411915,0.47596316,-38.26689718,-6.66791708,0.47596316,-38.26689718,-6.66791708,0.48376718,-38.25701954,-6.66092014,0.00893598,-0.04072019,-0.01991995,-0.00481650,0.00511191,0.00349676
11.150,-2.59225252,0.03729844,1.39932275,-0.02816218,-0.00812734,-0.01039544,0.06121244,0.01766533,0.02259520,-2.60111640,0.07797422,1.41921621,-0.02328511,-0.01322682,-0.01387890,0.47202003,-38.26863469,-6.66807520,0.47202003,-38.26863469,-6.66807520,0.47987913,-38.25883770,-6.66118517,0.00886388,-0.04067578,-0.01989346,-0.00487707,0.00509948,0.00348346
11.160,-2.59253109,0.03721805,1.39921993,-0.02755279,-0.00795148,-0.01017049,0.06066411,0.01750709,0.02239279,-2.60132244,0.07784949,1.41908696,-0.02261496,-0.01303845,-0.01364058,0.46804935,-38.27037764,-6.66823702,0.46804935,-38.27037764,-6.66823702,0.47596316,-38.26066052,-6.66145426,0.00879135,-0.04063144,-0.01986703,-0.00493783,0.00508697,0.00347009
11.170,-2.59280360,0.03713941,1.39911934,-0.02694891,-0.00777720,-0.00994758,0.06011190,0.01734773,0.02218896,-2.60152200,0.07772658,1.41896000,-0.02195011,-0.01285159,-0.01340422,0.46405067,-38.27212650,-6.66840593,0.46405067,-38.27212650,-6.66840593,0.47202003,-38.26248918,-6.66172764,0.00871840,-0.04058717,-0.01984066,-0.00499880,0.00507439,0.00345664
11.180,-2.59307009,0.03706250,1.39902097,-0.02635057,-0.00760453,-0.00972672,0.05955580,0.01718724,0.02198368,-2.60171512,0.07760547,1.41883534,-0.02129060,-0.01266626,-0.01316980,0.46002478,-38.27388275,-6.66858058,0.46002478,-38.27388275,-6.66858058,0.46804935,-38.26432250,-6.66200374,0.00864503,-0.04054297,-0.01981437,-0.00505997,0.00506173,0.00344308
11.190,-2.59333063,0.03698731,1.39892480,-0.02575781,-0.00743346,-0.00950792,0.05899580,0.01702563,0.02177697,-2.60190186,0.07748616,1.41871294,-0.02063646,-0.01248247,-0.01293735,0.45597089,-38.27564448,-6.66876096,0.45597089,-38.27564448,-6.66876096,0.46405067,-38.26616094,-6.66228594,0.00857123,-0.04049885,-0.01978814,-0.00512135,0.00504901,0.00342943
11.200,-2.59358526,0.03691383,1.39883080,-0.02517066,-0.00726402,-0.00929118,0.05843190,0.01686290,0.02156882,-2.60208227,0.07736863,1.41859279,-0.01998775,-0.01230024,-0.01270686,0.45188982,-38.27741118,-6.66894845,0.45188982,-38.27741118,-6.66894845,0.46002478,-38.26800598,-6.66257287,0.00849701,-0.04045480,-0.01976199,-0.00518291,0.00503622,0.00341568
11.210,-2.59383406,0.03684203,1.39873897,-0.02458918,-0.00709621,-0.00907654,0.05786408,0.01669903,0.02135923,-2.60225642,0.07725285,1.41847486,-0.01934448,-0.01211957,-0.01247837,0.44778008,-38.27918528,-6.66914027,0.44778008,-38.27918528,-6.66914027,0.45597089,-38.26985570,-6.66286451,0.00842236,-0.04041082,-0.01973589,-0.00524470,0.00502336,0.00340183
11.220,-2.59407707,0.03677190,1.39864926,-0.02401340,-0.00693004,-0.00886401,0.05729235,0.01653403,0.02114818,-2.60242435,0.07713882,1.41835913,-0.01870671,-0.01194047,-0.01225189,0.44364254,-38.28096560,-6.66934075,0.44364254,-38.28096560,-6.66934075,0.45188982,-38.27170959,-6.66316223,0.00834728,-0.04036692,-0.01970987,-0.00530669,0.00501043,0.00338788
11.230,-2.59431434,0.03670342,1.39856168,-0.02344335,-0.00676553,-0.00865358,0.05671668,0.01636790,0.02093569,-2.60258613,0.07702652,1.41824559,-0.01807446,-0.01176296,-0.01202742,0.43947761,-38.28275323,-6.66954505,0.43947761,-38.28275323,-6.66954505,0.44778008,-38.27357007,-6.66346325,0.00827179,-0.04032310,-0.01968391,-0.00536889,0.00499743,0.00337384
11.240,-2.59454595,0.03663658,1.39847619,-0.02287908,-0.00660269,-0.00844530,0.05613708,0.01620063,0.02072174,-2.60274181,0.07691592,1.41813421,-0.01744779,-0.01158704,-0.01180501,0.43528396,-38.28454696,-6.66975626,0.43528396,-38.28454696,-6.66975626,0.44364254,-38.27543596,-6.66377187,0.00819586,-0.04027934,-0.01965802,-0.00543129,0.00498435,0.00335971
11.250,-2.59477195,0.03657136,1.39839277,-0.02232062,-0.00644152,-0.00823915,0.05555354,0.01603223,0.02050634,-2.60289144,0.07680703,1.41802498,-0.01682672,-0.01141273,-0.01158466,0.43106203,-38.28634716,-6.66997387,0.43106203,-38.28634716,-6.66997387,0.43947761,-38.27730833,-6.66408325,0.00811949,-0.04023567,-0.01963221,-0.00549390,0.00497121,0.00334551
11.260,-2.59499238,0.03650774,1.39831140,-0.02176802,-0.00628205,-0.00803517,0.05496605,0.01586268,0.02028948,-2.60303509,0.07669981,1.41791786,-0.01621130,-0.01124003,-0.01136639,0.42681254,-38.28815525,-6.67019788,0.42681254,-38.28815525,-6.67019788,0.43528396,-38.27918599,-6.66440047,0.00804271,-0.04019207,-0.01960646,-0.00555672,0.00495798,0.00333122
11.270,-2.59520733,0.03644571,1.39823205,-0.02122131,-0.00612427,-0.00783337,0.05437460,0.01569200,0.02007116,-2.60317282,0.07659425,1.41781285,-0.01560156,-0.01106896,-0.01115022,0.42253397,-38.28996926,-6.67042943,0.42253397,-38.28996926,-6.67042943,0.43106203,-38.28106929,-6.66472300,0.00796549,-0.04014854,-0.01958080,-0.00561975,0.00494469,0.00331685
11.280,-2.59541683,0.03638525,1.39815472,-0.02068054,-0.00596821,-0.00763376,0.05377918,0.01552017,0.01985137,-2.60330461,0.07649036,1.41770990,-0.01499608,-0.01089892,-0.01093639,0.41820717,-38.29181639,-6.67066179,0.41820717,-38.29181639,-6.67066179,0.43106203,-38.28115276,-6.66482642,0.00788778,-0.04010511,-0.01955518,-0.00568446,0.00493071,0.00330263
11.290,-2.59562096,0.03632634,1.39807937,-0.02014574,-0.00581387,-0.00743635,0.05317979,0.01534719,0.01963012,-2.60343060,0.07638810,1.41760900,-0.01439673,-0.01073067,-0.01072466,0.41385594,-38.29366591,-6.67090135,0.41385594,-38.29366591,-6.67090135,0.42253397,-38.28485629,-6.66538469,0.00780964,-0.04006176,-0.01952963,-0.00574901,0.00491680,0.00328831
11.300,-2.59581976,0.03626897,1.39800599,-0.01961696,-0.00566127,-0.00724116,0.05257642,0.01517306,0.01940740,-2.60355084,0.07628745,1.41751014,-0.01380346,-0.01056421,-0.01051504,0.40948010,-38.29551760,-6.67114653,0.40948010,-38.29551760,-6.67114653,0.41820717,-38.28678399,-6.66571870,0.00773108,-0.04001848,-0.01950415,-0.00581350,0.00490294,0.00327388
11.310,-2.59601332,0.03621311,1.39793454,-0.01909423,-0.00551041,-0.00704820,0.05196906,0.01499778,0.01918321,-2.60366538,0.07618840,1.41741329,-0.01321624,-0.01039951,-0.01030754,0.40507745,-38.29737442,-6.67140000,0.40507745,-38.29737442,-6.67140000,0.41385594,-38.28871320,-6.66605882,0.00765206,-0.03997529,-0.01947875,-0.00587799,0.00488910,0.00325934
11.320,-2.59620167,0.03615876,1.39786501,-0.01857759,-0.00536132,-0.00685750,0.05135771,0.01482135,0.01895754,-2.60377430,0.07609092,1.41731843,-0.01263507,-0.01023657,-0.01010219,0.40064885,-38.29923422,-6.67166007,0.40064885,-38.29923422,-6.67166007,0.40948010,-38.29064372,-6.66640346,0.00757263,-0.03993216,-0.01945342,-0.00594252,0.00487525,0.00324469
11.330,-2.59638489,0.03610588,1.39779738,-0.01806708,-0.00521399,-0.00666906,0.05074235,0.01464377,0.01873040,-2.60387764,0.07599500,1.41722553,-0.01205995,-0.01007539,-0.00989901,0.39619286,-38.30110140,-6.67192610,0.39619286,-38.30110140,-6.67192610,0.40507745,-38.29257849,-6.66675526,0.00749275,-0.03988912,-0.01942815,-0.00600713,0.00486140,0.00322995
11.340,-2.59656303,0.03605447,1.39773163,-0.01756275,-0.00506845,-0.00648290,0.05012298,0.01446502,0.01850177,-2.60397548,0.07590063,1.41713458,-0.01149088,-0.00991596,-0.00969803,0.39170950,-38.30297368,-6.67219754,0.39170950,-38.30297368,-6.67219754,0.40064885,-38.29451539,-6.66711252,0.00741245,-0.03984616,-0.01940295,-0.00607187,0.00484751,0.00321513
11.350,-2.59673616,0.03600451,1.39766772,-0.01706464,-0.00492469,-0.00629903,0.04949960,0.01428512,0.01827166,-2.60406787,0.07580777,1.41704555,-0.01092788,-0.00975828,-0.00949929,0.38719804,-38.30485121,-6.67247678,0.38719804,-38.30485121,-6.67247678,0.39619286,-38.29645878,-6.66747457,0.00733171,-0.03980326,-0.01937783,-0.00613676,0.00483359,0.00320026
11.360,-2.59690435,0.03595597,1.39760564,-0.01657278,-0.00478275,-0.00611747,0.04887218,0.01410405,0.01804007,-2.60415487,0.07571643,1.41695842,-0.01037098,-0.00960235,-0.00930280,0.38265794,-38.30673784,-6.67276178,0.38265794,-38.30673784,-6.67276178,0.39170950,-38.29840639,-6.66784087,0.00725052,-0.03976046,-0.01935278,-0.00620180,0.00481960,0.00318533
11.370,-2.59706764,0.03590884,1.39754536,-0.01608721,-0.00464262,-0.00593823,0.04824074,0.01392182,0.01780698,-2.60423655,0.07562657,1.41687316,-0.00982019,-0.00944818,-0.00910860,0.37809013,-38.30863166,-6.67305330,0.37809013,-38.30863166,-6.67305330,0.38719804,-38.30035838,-6.66821378,0.00716891,-0.03971773,-0.01932780,-0.00626702,0.00480556,0.00317037
11.380,-2.59722611,0.03586311,1.39748687,-0.01560798,-0.00450431,-0.00576133,0.04760525,0.01373843,0.01757241,-2.60431297,0.07553819,1.41678975,-0.00927556,-0.00929577,-0.00891671,0.37349344,-38.31053131,-6.67334919,0.37349344,-38.31053131,-6.67334919,0.38265794,-38.30231858,-6.66859126,0.00708686,-0.03967508,-0.01930288,-0.00633242,0.00479146,0.00315538
11.390,-2.59737982,0.03581875,1.39743013,-0.01513512,-0.00436785,-0.00558679,0.04696572,0.01355387,0.01733634,-2.60438419,0.07545125,1.41670816,-0.00873711,-0.00914512,-0.00872715,0.36886801,-38.31244009,-6.67365179,0.36886801,-38.31244009,-6.67365179,0.37809013,-38.30428507,-6.66897405,0.00700437,-0.03963250,-0.01927803,-0.00639801,0.00477727,0.00314036
11.400,-2.59752883,0.03577575,1.39737512,-0.01466867,-0.00423324,-0.00541461,0.04632213,0.01336813,0.01709877,-2.60445027,0.07536576,1.41662838,-0.00820488,-0.00899624,-0.00853996,0.36421392,-38.31435621,-6.67396027,0.36421392,-38.31435621,-6.67396027,0.37349344,-38.30625650,-6.66936000,0.00692144,-0.03959001,-0.01925326,-0.00646379,0.00476300,0.00312535
11.410,-2.59767322,0.03573408,1.39732183,-0.01420869,-0.00410049,-0.00524482,0.04567448,0.01318122,0.01685971,-2.60451128,0.07528168,1.41655037,-0.00767890,-0.00884915,-0.00835515,0.35953001,-38.31628214,-6.67427257,0.35953001,-38.31628214,-6.67427257,0.36886801,-38.30823616,-6.66975144,0.00683806,-0.03954760,-0.01922854,-0.00652979,0.00474866,0.00311033
11.420,-2.59781303,0.03569373,1.39727022,-0.01375520,-0.00396962,-0.00507742,0.04502275,0.01299314,0.01661914,-2.60456728,0.07519900,1.41647412,-0.00715921,-0.00870384,-0.00817273,0.35481767,-38.31821670,-6.67459078,0.35481767,-38.31821670,-6.67459078,0.36421392,-38.31022225,-6.67014752,0.00675425,-0.03950527,-0.01920390,-0.00659599,0.00473422,0.00309531
11.430,-2.59794834,0.03565468,1.39722027,-0.01330825,-0.00384063,-0.00491244,0.04436695,0.01280388,0.01637706,-2.60461834,0.07511770,1.41639959,-0.00664584,-0.00856034,-0.00799274,0.35007593,-38.32015986,-6.67491441,0.35007593,-38.32015986,-6.67491441,0.35953001,-38.31221724,-6.67054619,0.00667000,-0.03946302,-0.01917932,-0.00666241,0.00471971,0.00308030
11.440,-2.59807922,0.03561691,1.39717196,-0.01286787,-0.00371355,-0.00474989,0.04370706,0.01261345,0.01613348,-2.60466451,0.07503777,1.41632677,-0.00613883,-0.00841864,-0.00781517,0.34530460,-38.32211263,-6.67524272,0.34530460,-38.32211263,-6.67524272,0.35481767,-38.31421992,-6.67094955,0.00658529,-0.03942086,-0.01915481,-0.00672904,0.00470509,0.00306528
11.450,-2.59820572,0.03558040,1.39712526,-0.01243412,-0.00358837,-0.00458978,0.04304308,0.01242183,0.01588838,-2.60470588,0.07495918,1.41625562,-0.00563823,-0.00827876,-0.00764004,0.34050418,-38.32407460,-6.67557648,0.34050418,-38.32407460,-6.67557648,0.35007593,-38.31623029,-6.67135708,0.00650016,-0.03937878,-0.01913036,-0.00679589,0.00469039,0.00305026
11.460,-2.59832792,0.03554514,1.39708016,-0.01200703,-0.00346511,-0.00443212,0.04237500,0.01222903,0.01564178,-2.60474249,0.07488191,1.41618613,-0.00514406,-0.00814072,-0.00746737,0.33567402,-38.32604430,-6.67591346,0.33567402,-38.32604430,-6.67591346,0.34530460,-38.31824934,-6.67176805,0.00641457,-0.03933677,-0.01910597,-0.00686297,0.00467561,0.00303525
11.470,-2.59844588,0.03551110,1.39703661,-0.01158663,-0.00334379,-0.00427694,0.04170280,0.01203504,0.01539365,-2.60477443,0.07480595,1.41611826,-0.00465638,-0.00800452,-0.00729716,0.33081450,-38.32802427,-6.67625763,0.33081450,-38.32802427,-6.67625763,0.34050418,-38.32027663,-6.67218322,0.00632855,-0.03929485,-0.01908165,-0.00693025,0.00466073,0.00302022
11.480,-2.59855968,0.03547826,1.39699461,-0.01117298,-0.00322442,-0.00412426,0.04102650,0.01183986,0.01514401,-2.60480174,0.07473128,1.41605200,-0.00417522,-0.00787018,-0.00712941,0.32592470,-38.33001463,-6.67660544,0.32592470,-38.33001463,-6.67660544,0.33567402,-38.32231072,-6.67260037,0.00624206,-0.03925302,-0.01905739,-0.00699776,0.00464576,0.00300515
11.490,-2.59866937,0.03544660,1.39695412,-0.01076612,-0.00310700,-0.00397407,0.04034607,0.01164350,0.01489284,-2.60482451,0.07465788,1.41598731,-0.00370062,-0.00773771,-0.00696415,0.32100542,-38.33201516,-6.67695892,0.32100542,-38.33201516,-6.67695892,0.33081450,-38.32435412,-6.67302346,0.00615514,-0.03921128,-0.01903319,-0.00706550,0.00463071,0.00299008
11.500,-2.59877502,0.03541611,1.39691512,-0.01036608,-0.00299155,-0.00382640,0.03966150,0.01144594,0.01464015,-2.60484280,0.07458572,1.41592418,-0.00323262,-0.00760713,-0.00680137,0.31605662,-38.33402423,-6.67731758,0.31605662,-38.33402423,-6.67731758,0.32592470,-38.32640694,-6.67344893,0.00606778,-0.03916961,-0.01900906,-0.00713346,0.00461558,0.00297497
11.510,-2.59887671,0.03538676,1.39687758,-0.00997290,-0.00287809,-0.00368127,0.03897280,0.01124719,0.01438593,-2.60485667,0.07451480,1.41586258,-0.00277126,-0.00747845,-0.00664108,0.31107768,-38.33604422,-6.67768230,0.31107768,-38.33604422,-6.67768230,0.32100542,-38.32846896,-6.67387882,0.00597996,-0.03912804,-0.01898500,-0.00720164,0.00460036,0.00295981
11.520,-2.59897450,0.03535854,1.39684149,-0.00958663,-0.00276661,-0.00353869,0.03827996,0.01104724,0.01413019,-2.60486620,0.07444508,1.41580248,-0.00231658,-0.00735167,-0.00648328,0.30606884,-38.33807243,-6.67805081,0.30606884,-38.33807243,-6.67805081,0.31605662,-38.33053856,-6.67431263,0.00589170,-0.03908654,-0.01896099,-0.00727005,0.00458506,0.00294459
11.530,-2.59906847,0.03533142,1.39680680,-0.00920731,-0.00265714,-0.00339867,0.03758296,0.01084609,0.01387290,-2.60487144,0.07437656,1.41574386,-0.00186862,-0.00722682,-0.00632800,0.30102953,-38.34011154,-6.67842682,0.30102953,-38.34011154,-6.67842682,0.31107768,-38.33261808,-6.67475122,0.00580297,-0.03904514,-0.01893706,-0.00733869,0.00456968,0.00292933
11.540,-2.59915867,0.03530539,1.39677350,-0.00883499,-0.00254969,-0.00326124,0.03688180,0.01064374,0.01361409,-2.60487248,0.07430921,1.41568669,-0.00142743,-0.00710391,-0.00617524,0.29596056,-38.34215951,-6.67880827,0.29596056,-38.34215951,-6.67880827,0.30606884,-38.33470484,-6.67519234,0.00571381,-0.03900382,-0.01891319,-0.00740756,0.00455422,0.00291400
11.550,-2.59924519,0.03528042,1.39674157,-0.00846969,-0.00244427,-0.00312640,0.03617647,0.01044019,0.01335373,-2.60486938,0.07424301,1.41563095,-0.00099304,-0.00698295,-0.00602500,0.29086111,-38.34421828,-6.67919418,0.29086111,-38.34421828,-6.67919418,0.30102953,-38.33680151,-6.67563967,0.00562419,-0.03896259,-0.01888938,-0.00747665,0.00453868,0.00289860
11.560,-2.59932809,0.03525650,1.39671097,-0.00811147,-0.00234089,-0.00299417,0.03546696,0.01023543,0.01309183,-2.60486221,0.07417794,1.41557661,-0.00056550,-0.00686395,-0.00587731,0.28573142,-38.34628581,-6.67958675,0.28573142,-38.34628581,-6.67958675,0.29596056,-38.33890603,-6.67609115,0.00553412,-0.03892144,-0.01886564,-0.00754597,0.00452306,0.00288314
11.570,-2.59940744,0.03523360,1.39668168,-0.00776037,-0.00223957,-0.00286457,0.03475327,0.01002947,0.01282839,-2.60485104,0.07411398,1.41552364,-0.00014484,-0.00674693,-0.00573218,0.28057149,-38.34836432,-6.67998521,0.28057149,-38.34836432,-6.67998521,0.29086111,-38.34102035,-6.67654580,0.00544360,-0.03888038,-0.01884196,-0.00761553,0.00450736,0.00286761
11.580,-2.59948332,0.03521170,1.39665367,-0.00741642,-0.00214031,-0.00273760,0.03403539,0.00982229,0.01256340,-2.60483594,0.07405111,1.41547202,0.00026889,-0.00663190,-0.00558961,0.27538096,-38.35045339,-6.68039001,0.27538096,-38.35045339,-6.68039001,0.28573142,-38.34314241,-6.67700580,0.00535262,-0.03883941,-0.01881835,-0.00768531,0.00449159,0.00285201
11.590,-2.59955580,0.03519079,1.39662691,-0.00707967,-0.00204313,-0.00261330,0.03331331,0.00961391,0.01229686,-2.60481698,0.07398932,1.41542172,0.00067564,-0.00651886,-0.00544962,0.27015976,-38.35255121,-6.68080194,0.27015976,-38.35255121,-6.68080194,0.28057149,-38.34527444,-6.67747038,0.00526118,-0.03879853,-0.01879481,-0.00775531,0.00447573,0.00283632
11.600,-2.59962494,0.03517083,1.39660139,-0.00675017,-0.00194804,-0.00249167,0.03258702,0.00940431,0.01202877,-2.60479423,0.07392857,1.41537272,0.00107539,-0.00640784,-0.00531224,0.26490832,-38.35466167,-6.68121838,0.26490832,-38.35466167,-6.68121838,0.27538096,-38.34741600,-6.67793996,0.00516929,-0.03875774,-0.01877133,-0.00782556,0.00445980,0.00282057
11.610,-2.59969082,0.03515182,1.39657707,-0.00642795,-0.00185505,-0.00237273,0.03185652,0.00919349,0.01175912,-2.60476777,0.07386885,1.41532499,0.00146808,-0.00629884,-0.00517749,0.25962635,-38.35678065,-6.68164127,0.25962635,-38.35678065,-6.68164127,0.27015976,-38.34956529,-6.67841534,0.00507695,-0.03871703,-0.01874792,-0.00789603,0.00444379,0.00280476
11.620,-2.59975352,0.03513372,1.39655393,-0.00611305,-0.00176417,-0.00225650,0.03112180,0.00898146,0.01148791,-2.60473767,0.07381014,1.41527850,0.00185368,-0.00619188,-0.00504537,0.25431347,-38.35891193,-6.68206964,0.25431347,-38.35891193,-6.68206964,0.26490832,-38.35172618,-6.67889387,0.00498415,-0.03867642,-0.01872457,-0.00796673,0.00442771,0.00278887
11.630,-2.59981311,0.03511653,1.39653193,-0.00580553,-0.00167542,-0.00214298,0.03038285,0.00876820,0.01121515,-2.60470399,0.07375242,1.41523322,0.00223214,-0.00608696,-0.00491591,0.24896956,-38.36105168,-6.68250522,0.24896956,-38.36105168,-6.68250522,0.25962635,-38.35389455,-6.67937750,0.00489088,-0.03863589,-0.01870129,-0.00803767,0.00441154,0.00277293
11.640,-2.59986966,0.03510021,1.39651106,-0.00550541,-0.00158881,-0.00203220,0.02963966,0.00855373,0.01094081,-2.60466682,0.07369566,1.41518914,0.00260343,-0.00598410,-0.00478913,0.24359502,-38.36320365,-6.68294557,0.24359502,-38.36320365,-6.68294557,0.25431347,-38.35607417,-6.67986524,0.00479716,-0.03859545,-0.01867808,-0.00810884,0.00439529,0.00275693
11.650,-2.59992324,0.03508474,1.39649128,-0.00521275,-0.00150435,-0.00192417,0.02889223,0.00833803,0.01066492,-2.60462622,0.07363985,1.41514621,0.00296749,-0.00588331,-0.00466505,0.23818978,-38.36536765,-6.68339242,0.23818978,-38.36536765,-6.68339242,0.24896956,-38.35826121,-6.68035881,0.00470298,-0.03855511,-0.01865493,-0.00818024,0.00437896,0.00274088
11.660,-2.59997394,0.03507011,1.39647257,-0.00492758,-0.00142205,-0.00181890,0.02814055,0.00812110,0.01038745,-2.60458227,0.07358497,1.41510441,0.00332428,-0.00578460,-0.00454369,0.23275316,-38.36754137,-6.68384455,0.23275316,-38.36754137,-6.68384455,0.24359502,-38.36045941,-6.68085576,0.00460833,-0.03851486,-0.01863184,-0.00825186,0.00436255,0.00272479
11.670,-2.60002182,0.03505630,1.39645489,-0.00464995,-0.00134193,-0.00171642,0.02738461,0.00790294,0.01010841,-2.60453505,0.07353099,1.41506372,0.00367378,-0.00568799,-0.00442507,0.22728576,-38.36972485,-6.68430391,0.22728576,-38.36972485,-6.68430391,0.23818978,-38.36266857,-6.68135782,0.00451323,-0.03847469,-0.01860883,-0.00832373,0.00434606,0.00270865
11.680,-2.60006696,0.03504327,1.39643823,-0.00437990,-0.00126400,-0.00161674,0.02662440,0.00768355,0.00982780,-2.60448463,0.07347789,1.41502410,0.00401592,-0.00559348,-0.00430919,0.22178733,-38.37192177,-6.68476770,0.22178733,-38.37192177,-6.68476770,0.23275316,-38.36488639,-6.68186377,0.00441767,-0.03843462,-0.01858587,-0.00839582,0.00432948,0.00269245
11.690,-2.60010944,0.03503101,1.39642255,-0.00411748,-0.00118826,-0.00151987,0.02585992,0.00746293,0.00954561,-2.60443108,0.07342565,1.41498554,0.00435067,-0.00550109,-0.00419610,0.21625751,-38.37412948,-6.68523755,0.21625751,-38.37412948,-6.68523755,0.22728576,-38.36711289,-6.68237550,0.00432164,-0.03839464,-0.01856299,-0.00846815,0.00431283,0.00267623
11.700,-2.60014934,0.03501950,1.39640782,-0.00386272,-0.00111474,-0.00142584,0.02509115,0.00724107,0.00926184,-2.60437448,0.07337425,1.41494799,0.00467799,-0.00541083,-0.00408580,0.21069620,-38.37634826,-6.68571384,0.21069620,-38.37634826,-6.68571384,0.22178733,-38.36935175,-6.68289026,0.00422514,-0.03835475,-0.01854017,-0.00854071,0.00429609,0.00265996
11.710,-2.60018672,0.03500871,1.39639402,-0.00361567,-0.00104345,-0.00133464,0.02431810,0.00701798,0.00897648,-2.60431491,0.07332366,1.41491143,0.00499784,-0.00532271,-0.00397831,0.20510410,-38.37857970,-6.68619500,0.20510410,-38.37857970,-6.68619500,0.21625751,-38.37160030,-6.68340963,0.00412819,-0.03831495,-0.01851741,-0.00861351,0.00427926,0.00264367
11.720,-2.60022168,0.03499862,1.39638112,-0.00337637,-0.00097439,-0.00124631,0.02354075,0.00679364,0.00868954,-2.60425243,0.07327388,1.41487583,0.00531016,-0.00523674,-0.00387365,0.19948005,-38.38082304,-6.68668141,0.19948005,-38.38082304,-6.68668141,0.21069620,-38.37385884,-6.68393400,0.00403075,-0.03827526,-0.01849471,-0.00868653,0.00426235,0.00262734
11.730,-2.60025428,0.03498921,1.39636909,-0.00314487,-0.00090758,-0.00116086,0.02275910,0.00656806,0.00840101,-2.60418714,0.07322486,1.41484117,0.00561492,-0.00515294,-0.00377184,0.19382477,-38.38307814,-6.68717317,0.19382477,-38.38307814,-6.68717317,0.20510410,-38.37612893,-6.68446179,0.00393286,-0.03823565,-0.01847208,-0.00875979,0.00424536,0.00261098
11.740,-2.60028460,0.03498046,1.39635789,-0.00292120,-0.00084303,-0.00107830,0.02197313,0.00634124,0.00811089,-2.60411911,0.07317660,1.41480741,0.00591208,-0.00507132,-0.00367289,0.18813826,-38.38534447,-6.68767189,0.18813826,-38.38534447,-6.68767189,0.19948005,-38.37840982,-6.68499338,0.00383451,-0.03819614,-0.01844952,-0.00883328,0.00422829,0.00259459
11.750,-2.60031273,0.03497234,1.39634751,-0.00270542,-0.00078076,-0.00099864,0.02118285,0.00611317,0.00781917,-2.60404841,0.07312906,1.41477452,0.00620159,-0.00499189,-0.00357682,0.18241970,-38.38762382,-6.68817465,0.18241970,-38.38762382,-6.68817465,0.19382477,-38.38070134,-6.68552886,0.00373568,-0.03815672,-0.01842701,-0.00890701,0.00421113,0.00257818
11.760,-2.60033873,0.03496484,1.39633791,-0.00249756,-0.00072077,-0.00092192,0.02038824,0.00588385,0.00752586,-2.60397512,0.07308223,1.41474248,0.00648341,-0.00491466,-0.00348365,0.17667011,-38.38991332,-6.68868324,0.17667011,-38.38991332,-6.68868324,0.18813826,-38.38300297,-6.68606982,0.00363639,-0.03811739,-0.01840457,-0.00898097,0.00419389,0.00256173
11.770,-2.60036270,0.03495792,1.39632906,-0.00229767,-0.00066309,-0.00084813,0.01958929,0.00565329,0.00723095,-2.60389932,0.07303608,1.41471125,0.00675749,-0.00483966,-0.00339338,0.17088834,-38.39221703,-6.68919752,0.17088834,-38.39221703,-6.68919752,0.18241970,-38.38531650,-6.68661335,0.00353662,-0.03807816,-0.01838219,-0.00905516,0.00417657,0.00254525
11.780,-2.60038471,0.03495157,1.39632094,-0.00210579,-0.00060771,-0.00077730,0.01878601,0.00542146,0.00693443,-2.60382109,0.07299060,1.41468081,0.00702380,-0.00476688,-0.00330605,0.16507483,-38.39453166,-6.68971617,0.16507483,-38.39453166,-6.68971617,0.17667011,-38.38763904,-6.68716122,0.00343638,-0.03803903,-0.01835987,-0.00912959,0.00415917,0.00252875
11.790,-2.60040485,0.03494576,1.39631351,-0.00192196,-0.00055466,-0.00070945,0.01797837,0.00518839,0.00663631,-2.60374051,0.07294575,1.41465113,0.00728229,-0.00469635,-0.00322165,0.15922910,-38.39685924,-6.69024078,0.15922910,-38.39685924,-6.69024078,0.17088834,-38.38997465,-6.68771329,0.00333566,-0.03799999,-0.01833762,-0.00920425,0.00414169,0.00251220
11.800,-2.60042318,0.03494047,1.39630674,-0.00174623,-0.00050395,-0.00064458,0.01716638,0.00495406,0.00633658,-2.60365767,0.07290152,1.41462217,0.00753291,-0.00462808,-0.00314021,0.15335203,-38.39919907,-6.69077125,0.15335203,-38.39919907,-6.69077125,0.16507483,-38.39232003,-6.68826823,0.00323449,-0.03796105,-0.01831543,-0.00927914,0.00412413,0.00249563
11.810,-2.60043980,0.03493567,1.39630061,-0.00157865,-0.00045558,-0.00058272,0.01635002,0.00471846,0.00603524,-2.60357263,0.07285788,1.41459391,0.00777562,-0.00456208,-0.00306173,0.14744254,-38.40155209,-6.69130623,0.14744254,-38.40155209,-6.69130623,0.15922910,-38.39467720,-6.68882763,0.00313283,-0.03792221,-0.01829330,-0.00935427,0.00410650,0.00247901
11.820,-2.60045478,0.03493135,1.39629507,-0.00141925,-0.00040958,-0.00052388,0.01552929,0.00448161,0.00573229,-2.60348548,0.07281480,1.41456631,0.00801039,-0.00449836,-0.00298624,0.14150131,-38.40391627,-6.69184862,0.14150131,-38.40391627,-6.69184862,0.15335203,-38.39704546,-6.68939137,0.00303070,-0.03788345,-0.01827124,-0.00942964,0.00408878,0.00246236
11.830,-2.60046821,0.03492747,1.39629012,-0.00126808,-0.00036596,-0.00046808,0.01470418,0.00424349,0.00542772,-2.60339631,0.07277228,1.41453935,0.00823715,-0.00443695,-0.00291375,0.13552782,-38.40629482,-6.69239395,0.13552782,-38.40629482,-6.69239395,0.14744254,-38.39942575,-6.68995810,0.00292810,-0.03784481,-0.01824923,-0.00950523,0.00407099,0.00244567
11.840,-2.60048017,0.03492402,1.39628570,-0.00112518,-0.00032472,-0.00041533,0.01387469,0.00400410,0.00512153,-2.60330519,0.07273027,1.41451299,0.00845588,-0.00437784,-0.00284427,0.12952215,-38.40868463,-6.69294652,0.12952215,-38.40868463,-6.69294652,0.14150131,-38.40181601,-6.69053070,0.00282502,-0.03780625,-0.01822729,-0.00958106,0.00405312,0.00242894
11.850,-2.60049074,0.03492097,1.39628180,-0.00099060,-0.00028588,-0.00036566,0.01304080,0.00376345,0.00481372,-2.60321220,0.07268877,1.41448720,0.00866653,-0.00432106,-0.00277782,0.12348434,-38.41108720,-6.69350344,0.12348434,-38.41108720,-6.69350344,0.13552782,-38.40421946,-6.69110471,0.00272146,-0.03776780,-0.01820540,-0.00965713,0.00403518,0.00241216
11.860,-2.60050001,0.03491829,1.39627838,-0.00086438,-0.00024945,-0.00031907,0.01220250,0.00352153,0.00450428,-2.60311744,0.07264773,1.41446196,0.00886904,-0.00426661,-0.00271442,0.11741402,-38.41350371,-6.69406589,0.11741402,-38.41350371,-6.69406589,0.12952215,-38.40663299,-6.69168441,0.00261743,-0.03772944,-0.01818358,-0.00973342,0.00401716,0.00239535
11.870,-2.60050806,0.03491597,1.39627541,-0.00074656,-0.00021545,-0.00027558,0.01135980,0.00327833,0.00419322,-2.60302097,0.07260715,1.41443723,0.00906339,-0.00421452,-0.00265408,0.11131138,-38.41593163,-6.69463377,0.11131138,-38.41593163,-6.69463377,0.12348434,-38.40905808,-6.69226691,0.00251291,-0.03769118,-0.01816182,-0.00980995,0.00399907,0.00237850
11.880,-2.60051497,0.03491398,1.39627286,-0.00063720,-0.00018389,-0.00023521,0.01051269,0.00303386,0.00388052,-2.60292289,0.07256699,1.41441298,0.00924952,-0.00416479,-0.00259682,0.10517638,-38.41837205,-6.69520698,0.10517638,-38.41837205,-6.69520698,0.11741402,-38.41149591,-6.69285338,0.00240792,-0.03765301,-0.01814012,-0.00988672,0.00398090,0.00236161
11.890,-2.60052083,0.03491229,1.39627069,-0.00053632,-0.00015478,-0.00019797,0.00966114,0.00278811,0.00356619,-2.60282328,0.07252724,1.41438918,0.00942739,-0.00411744,-0.00254264,0.09900897,-38.42082606,-6.69578675,0.09900897,-38.42082606,-6.69578675,0.11131138,-38.41394394,-6.69344371,0.00230245,-0.03761495,-0.01811849,-0.00996371,0.00396266,0.00234467
11.900,-2.60052572,0.03491087,1.39626889,-0.00044399,-0.00012813,-0.00016389,0.00880517,0.00254109,0.00325023,-2.60272223,0.07248786,1.41436580,0.00959695,-0.00407248,-0.00249158,0.09280906,-38.42329473,-6.69637000,0.09280906,-38.42329473,-6.69637000,0.10517638,-38.41640325,-6.69403779,0.00219651,-0.03757699,-0.01809691,-0.01004094,0.00394435,0.00232769
11.910,-2.60052974,0.03490972,1.39626741,-0.00036024,-0.00010396,-0.00013297,0.00794475,0.00229278,0.00293263,-2.60261981,0.07244884,1.41434280,0.00975817,-0.00402992,-0.00244364,0.08657602,-38.42577347,-6.69695925,0.08657602,-38.42577347,-6.69695925,0.09900897,-38.41887494,-6.69463683,0.00209007,-0.03753912,-0.01807539,-0.01011841,0.00392596,0.00231067
11.920,-2.60053296,0.03490879,1.39626622,-0.00028511,-0.00008228,-0.00010524,0.00707989,0.00204319,0.00261338,-2.60251611,0.07241015,1.41432015,0.00991099,-0.00398978,-0.00239885,0.08031065,-38.42826722,-6.69755443,0.08031065,-38.42826722,-6.69755443,0.09280906,-38.42136005,-6.69523777,0.00198315,-0.03750136,-0.01805393,-0.01019610,0.00390750,0.00229361
11.930,-2.60053547,0.03490806,1.39626529,-0.00021865,-0.00006310,-0.00008071,0.00621058,0.00179231,0.00229249,-2.60241123,0.07237176,1.41429783,0.01005538,-0.00395206,-0.00235721,0.07401264,-38.43077501,-6.69815516,0.07401264,-38.43077501,-6.69815516,0.08657602,-38.42385400,-6.69584310,0.00187576,-0.03746370,-0.01803254,-0.01027403,0.00388896,0.00227650
11.940,-2.60053736,0.03490752,1.39626459,-0.00016091,-0.00004644,-0.00005940,0.00533680,0.00154015,0.00196996,-2.60230524,0.07233365,1.41427580,0.01019128,-0.00391679,-0.00231875,0.06768173,-38.43329414,-6.69876113,0.06768173,-38.43329414,-6.69876113,0.08031065,-38.42636173,-6.69645275,0.00176788,-0.03742613,-0.01801121,-0.01035219,0.00387035,0.00225935
11.950,-2.60053872,0.03490712,1.39626409,-0.00011193,-0.00003230,-0.00004132,0.00445855,0.00128670,0.00164577,-2.60219823,0.07229579,1.41425402,0.01031865,-0.00388398,-0.00228348,0.06131777,-38.43582917,-6.69937190,0.06131777,-38.43582917,-6.69937190,0.07401264,-38.42888224,-6.69706632,0.00165951,-0.03738867,-0.01798993,-0.01043058,0.00385168,0.00224216
11.960,-2.60053963,0.03490686,1.39626376,-0.00007176,-0.00002071,-0.00002649,0.00357582,0.00103195,0.00131993,-2.60209029,0.07225817,1.41423247,0.01043745,-0.00385363,-0.00225143,0.05492103,-38.43837574,-6.69998708,0.05492103,-38.43837574,-6.69998708,0.06768173,-38.43141284,-6.69768350,0.00155066,-0.03735131,-0.01796871,-0.01050921,0.00383292,0.00222494
11.970,-2.60054018,0.03490670,1.39626355,-0.00004043,-0.00001167,-0.00001492,0.00268861,0.00077591,0.00099244,-2.60198151,0.07222075,1.41421111,0.01054764,-0.00382577,-0.00222260,0.04849154,-38.44093635,-6.70060922,0.04849154,-38.44093635,-6.70060922,0.06131777,-38.43395808,-6.69830384,0.00144133,-0.03731405,-0.01794756,-0.01058807,0.00381410,0.00220768
11.980,-2.60054047,0.03490662,1.39626345,-0.00001800,-0.00000519,-0.00000664,0.00179691,0.00051857,0.00066329,-2.60187197,0.07218350,1.41418990,0.01064916,-0.00380040,-0.00219702,0.04202850,-38.44350984,-6.70123506,0.04202850,-38.44350984,-6.70123506,0.05492103,-38.43651360,-6.69892695,0.00133150,-0.03727688,-0.01792645,-0.01066716,0.00379521,0.00219038
11.990,-2.60054057,0.03490659,1.39626341,-0.00000451,-0.00000130,-0.00000166,0.00090071,0.00025994,0.00033248,-2.60176177,0.07214641,1.41416883,0.01074197,-0.00377754,-0.00217470,0.03553286,-38.44609774,-6.70186701,0.03553286,-38.44609774,-6.70186701,0.04849154,-38.43908188,-6.69955535,0.00122120,-0.03723982,-0.01790542,-0.01074648,0.00377624,0.00217304
12.000,-2.60054059,0.03490659,1.39626340,-0.00000000,-0.00000000,-0.00000000,-0.00000000,-0.00000000,-0.00000000,-2.60165099,0.07210945,1.41414784,0.01082603,-0.00375720,-0.00215566,0.02900361,-38.44869851,-6.70250465,0.02900361,-38.44869851,-6.70250465,0.04202850,-38.44166175,-6.70018579,0.00111040,-0.03720286,-0.01788444,-0.01082603,0.00375720,0.00215566
