t,q_des_1,q_des_2,q_des_3,qd_des_1,qd_des_2,qd_des_3,qdd_des_1,qdd_des_2,qdd_des_3,q_act_1,q_act_2,q_act_3,qd_act_1,qd_act_2,qd_act_3,tau_delan_1,tau_delan_2,tau_delan_3,tau_dnn_1,tau_dnn_2,tau_dnn_3,tau_fb_1,tau_fb_2,tau_fb_3,tau_total_1,tau_total_2,tau_total_3,tau_sensed_1,tau_sensed_2,tau_sensed_3,e_pos_1,e_pos_2,e_pos_3,e_vel_1,e_vel_2,e_vel_3,gru_active
0.000,0.00000000,0.78539816,2.35619449,0.00000000,0.00000000,-0.00000000,-0.00000000,0.00000000,-0.00000000,0.00035684,0.78152200,2.35635673,0.00138209,-0.01788656,0.01392216,-0.00165734,-21.86057281,-0.00157482,-0.00165734,-21.86057281,-0.00157482,-0.00811707,0.18634453,-0.03691474,-0.00977440,-21.67422829,-0.03848956,0.00000000,-21.82936558,-0.00716522,-0.00035684,0.00387616,-0.00016224,-0.00138209,0.01788656,-0.01392216,0
0.010,0.00000001,0.78539815,2.35619450,0.00000302,-0.00000426,0.00000194,0.00060395,-0.00085095,0.00038680,0.00035684,0.78152200,2.35635673,0.00138209,-0.01788656,0.01392216,0.00158151,-21.86629295,-0.00216742,0.00158151,-21.86629295,-0.00216742,-0.00811123,0.18633073,-0.03690992,-0.00652972,-21.67996223,-0.03907734,0.00000000,-21.82936558,-0.00716522,-0.00035683,0.00387615,-0.00016223,-0.00137907,0.01788230,-0.01392022,0
0.020,0.00000008,0.78539805,2.35619454,0.00001207,-0.00001700,0.00000773,0.00120449,-0.00169608,0.00077094,0.00042368,0.78064837,2.35706853,0.00134065,-0.01749316,0.01414535,0.00480289,-21.87197113,-0.00275651,0.00480289,-21.87197113,-0.00275651,-0.00901227,0.20614791,-0.04670716,-0.00420938,-21.66582322,-0.04946367,0.00000000,-21.82981467,-0.00707779,-0.00042360,0.00474968,-0.00087399,-0.00132858,0.01747616,-0.01413762,0
0.030,0.00000027,0.78539778,2.35619466,0.00002710,-0.00003816,0.00001735,0.00180163,-0.00253539,0.00115245,0.00043627,0.78048268,2.35720178,0.00132036,-0.01726211,0.01394011,0.00800635,-21.87762260,-0.00334089,0.00800635,-21.87762260,-0.00334089,-0.00912814,0.20903218,-0.04790161,-0.00112179,-21.66859043,-0.05124250,-0.00652972,-21.67167775,-0.04573953,-0.00043600,0.00491510,-0.00100712,-0.00129326,0.01722395,-0.01392276,0
0.040,0.00000064,0.78539726,2.35619490,0.00004809,-0.00006769,0.00003077,0.00239536,-0.00336889,0.00153132,0.00044845,0.78032278,2.35732518,0.00129465,-0.01694396,0.01354009,0.01119211,-21.88323021,-0.00392215,0.01119211,-21.88323021,-0.00392215,-0.00921224,0.21128830,-0.04847023,0.00197987,-21.67194191,-0.05239237,-0.00420938,-21.65782847,-0.05563369,-0.00044781,0.00507448,-0.00113028,-0.00124656,0.01687627,-0.01350932,0
0.050,0.00000125,0.78539640,2.35619529,0.00007500,-0.00010552,0.00004796,0.00298571,-0.00419661,0.00190755,0.00046025,0.78016871,2.35743859,0.00126613,-0.01655971,0.01299037,0.01436006,-21.88881683,-0.00450355,0.01436006,-21.88881683,-0.00450355,-0.00926978,0.21301857,-0.04852350,0.00509028,-21.67579826,-0.05302704,-0.00112179,-21.66088696,-0.05691312,-0.00045900,0.00522769,-0.00124330,-0.00119113,0.01645419,-0.01294241,0
0.060,0.00000216,0.78539512,2.35619587,0.00010779,-0.00015160,0.00006891,0.00357268,-0.00501856,0.00228116,0.00047174,0.78002048,2.35754196,0.00123679,-0.01612570,0.01232712,0.01751062,-21.89436913,-0.00507912,0.01751062,-21.89436913,-0.00507912,-0.00930468,0.21430281,-0.04815065,0.00820594,-21.68006632,-0.05322977,0.00197987,-21.66453007,-0.05756106,-0.00046958,0.00537464,-0.00134609,-0.00112900,0.01597410,-0.01225821,0
0.070,0.00000343,0.78539334,2.35619668,0.00014644,-0.00020587,0.00009358,0.00415627,-0.00583474,0.00265215,0.00048296,0.77987806,2.35763533,0.00120815,-0.01565472,0.01157940,0.02064356,-21.89989853,-0.00565410,0.02064356,-21.89989853,-0.00565410,-0.00931985,0.21520351,-0.04742431,0.01132371,-21.68469502,-0.05307841,0.00509028,-21.66867738,-0.05769517,-0.00047953,0.00551528,-0.00143865,-0.00106171,0.01544885,-0.01148582,0
0.080,0.00000511,0.78539098,2.35619776,0.00019091,-0.00026828,0.00012194,0.00473649,-0.00664517,0.00302053,0.00049397,0.77974143,2.35771877,0.00118134,-0.01515677,0.01077067,0.02375898,-21.90540695,-0.00622680,0.02375898,-21.90540695,-0.00622680,-0.00931770,0.21576975,-0.04640384,0.01444127,-21.68963720,-0.05263064,0.00820594,-21.67323485,-0.05740201,-0.00048886,0.00564955,-0.00152101,-0.00099043,0.01488849,-0.01064873,0
0.090,0.00000727,0.78538795,2.35619913,0.00024116,-0.00033876,0.00015398,0.00531334,-0.00744987,0.00338630,0.00050482,0.77961054,2.35779244,0.00115721,-0.01463974,0.00991987,0.02685656,-21.91089630,-0.00679998,0.02685656,-21.91089630,-0.00679998,-0.00929978,0.21604017,-0.04513831,0.01755679,-21.69485613,-0.05193829,0.01132371,-21.67815069,-0.05676216,-0.00049755,0.00577741,-0.00159331,-0.00091605,0.01430098,-0.00976589,0
0.100,0.00000995,0.78538417,2.35620085,0.00029716,-0.00041725,0.00018966,0.00588685,-0.00824885,0.00374948,0.00051556,0.77948534,2.35785654,0.00113643,-0.01410986,0.00904239,0.02993722,-21.91636086,-0.00736756,0.02993722,-21.91636086,-0.00736756,-0.00926765,0.21604567,-0.04366798,0.02066957,-21.70031518,-0.05103554,0.01444127,-21.68337709,-0.05583561,-0.00050561,0.00589883,-0.00165569,-0.00083927,0.01369261,-0.00885273,0
0.110,0.00001323,0.78537958,2.35620294,0.00035888,-0.00050371,0.00022896,0.00645700,-0.00904212,0.00411005,0.00052625,0.77936575,2.35791130,0.00111950,-0.01357209,0.00815073,0.03300035,-21.92181015,-0.00793791,0.03300035,-21.92181015,-0.00793791,-0.00922196,0.21581147,-0.04202696,0.02377839,-21.70599868,-0.04996487,0.01755679,-21.68887675,-0.05467615,-0.00051302,0.00601383,-0.00170836,-0.00076062,0.01306838,-0.00792177,0
0.120,0.00001715,0.78537407,2.35620544,0.00042629,-0.00059808,0.00027185,0.00702381,-0.00982969,0.00446804,0.00053694,0.77925170,2.35795698,0.00110679,-0.01303038,0.00725511,0.03604597,-21.92724991,-0.00850497,0.03604597,-21.92724991,-0.00850497,-0.00916374,0.21535691,-0.04024381,0.02688222,-21.71189300,-0.04874878,0.02066957,-21.69461255,-0.05331966,-0.00051979,0.00612237,-0.00175154,-0.00068050,0.01243230,-0.00698326,0
0.130,0.00002177,0.78536759,2.35620839,0.00049935,-0.00070029,0.00031831,0.00758729,-0.01061158,0.00482344,0.00054768,0.77914309,2.35799389,0.00109860,-0.01248793,0.00636390,0.03907447,-21.93267250,-0.00907341,0.03907447,-21.93267250,-0.00907341,-0.00909356,0.21469922,-0.03834280,0.02998091,-21.71797328,-0.04741621,0.02377839,-21.70056838,-0.05181000,-0.00052591,0.00622450,-0.00178550,-0.00059925,0.01178764,-0.00604559,0
0.140,0.00002715,0.78536004,2.35621182,0.00057803,-0.00081029,0.00036831,0.00814744,-0.01138780,0.00517627,0.00055852,0.77903984,2.35802233,0.00109514,-0.01194734,0.00548398,0.04208564,-21.93808556,-0.00964047,0.04208564,-21.93808556,-0.00964047,-0.00901183,0.21385152,-0.03634499,0.03307382,-21.72423403,-0.04598546,0.02688222,-21.70673023,-0.05017090,-0.00053137,0.00632020,-0.00181051,-0.00051711,0.01113705,-0.00511567,0
0.150,0.00003335,0.78535136,2.35621577,0.00066229,-0.00092803,0.00042183,0.00870427,-0.01215837,0.00552653,0.00056953,0.77894183,2.35804265,0.00109658,-0.01141071,0.00462104,0.04507930,-21.94349480,-0.01020950,0.04507930,-21.94349480,-0.01020950,-0.00891887,0.21282571,-0.03426850,0.03616043,-21.73066908,-0.04447800,0.02998091,-21.71307286,-0.04843232,-0.00053618,0.00640953,-0.00182688,-0.00043429,0.01048268,-0.00419921,0
0.160,0.00004042,0.78534146,2.35622027,0.00075210,-0.00105344,0.00047884,0.00925779,-0.01292329,0.00587422,0.00058076,0.77884896,2.35805521,0.00110307,-0.01087980,0.00377976,0.04805636,-21.94889641,-0.01077737,0.04805636,-21.94889641,-0.01077737,-0.00881509,0.21163137,-0.03212938,0.03924128,-21.73726504,-0.04290675,0.03307382,-21.71959050,-0.04661342,-0.00054034,0.00649250,-0.00183494,-0.00035097,0.00982636,-0.00330092,0
0.170,0.00004841,0.78533026,2.35622535,0.00084743,-0.00118647,0.00053931,0.00980799,-0.01368259,0.00621936,0.00059225,0.77876111,2.35806038,0.00111469,-0.01035607,0.00296402,0.05101563,-21.95429039,-0.01134856,0.05101563,-21.95429039,-0.01134856,-0.00870080,0.21027692,-0.02994185,0.04231484,-21.74401347,-0.04129040,0.03616043,-21.72627665,-0.04473641,-0.00054384,0.00656915,-0.00183503,-0.00026726,0.00916960,-0.00242471,0
0.180,0.00005739,0.78531770,2.35623106,0.00094825,-0.00132707,0.00060321,0.01035490,-0.01443627,0.00656194,0.00060407,0.77867816,2.35805854,0.00113153,-0.00984074,0.00217705,0.05395806,-21.95968819,-0.01191872,0.05395806,-21.95968819,-0.01191872,-0.00857600,0.20877024,-0.02771836,0.04538206,-21.75091794,-0.03963708,0.03924128,-21.73311766,-0.04281481,-0.00054668,0.00663954,-0.00182748,-0.00018328,0.00851367,-0.00157384,0
0.190,0.00006740,0.78530370,2.35623743,0.00105452,-0.00147518,0.00067054,0.01089852,-0.01518435,0.00690198,0.00061627,0.77859999,2.35805009,0.00115366,-0.00933486,0.00142150,0.05688365,-21.96508598,-0.01249075,0.05688365,-21.96508598,-0.01249075,-0.00844111,0.20711797,-0.02547028,0.04844254,-21.75796801,-0.03796102,0.04231484,-21.74010487,-0.04086782,-0.00054887,0.00670371,-0.00181266,-0.00009914,0.00785968,-0.00075096,0
0.200,0.00007849,0.78528817,2.35624449,0.00116621,-0.00163074,0.00074125,0.01143885,-0.01592684,0.00723947,0.00062891,0.77852646,2.35803543,0.00118112,-0.00883931,0.00069956,0.05979216,-21.97048569,-0.01306196,0.05979216,-21.97048569,-0.01306196,-0.00829638,0.20532586,-0.02320806,0.05149578,-21.76515983,-0.03627003,0.04538206,-21.74724161,-0.03890396,-0.00055042,0.00676171,-0.00179094,-0.00001491,0.00720857,0.00004169,0
0.210,0.00009074,0.78527106,2.35625227,0.00128328,-0.00179370,0.00081532,0.01197591,-0.01666376,0.00757443,0.00064203,0.77845745,2.35801496,0.00121396,-0.00835486,0.00001305,0.06268384,-21.97589111,-0.01363941,0.06268384,-21.97589111,-0.01363941,-0.00814159,0.20340012,-0.02094119,0.05454225,-21.77249100,-0.03458060,0.04844254,-21.75451724,-0.03693778,-0.00055129,0.00681361,-0.00176269,0.00006932,0.00656116,0.00080227,0
0.220,0.00010418,0.78525227,2.35626080,0.00140572,-0.00196400,0.00089273,0.01250969,-0.01739511,0.00790687,0.00065570,0.77839281,2.35798911,0.00125221,-0.00788221,-0.00063657,0.06555828,-21.98130035,-0.01421731,0.06555828,-21.98130035,-0.01421731,-0.00797722,0.20134536,-0.01867836,0.05758106,-21.77995500,-0.03289566,0.05149578,-21.76192771,-0.03497732,-0.00055152,0.00685946,-0.00172831,0.00015351,0.00591821,0.00152930,0
0.230,0.00011887,0.78523175,2.35627013,0.00153347,-0.00214158,0.00097345,0.01304021,-0.01812091,0.00823678,0.00066997,0.77833240,2.35795828,0.00129591,-0.00742192,-0.00124811,0.06841641,-21.98671913,-0.01479715,0.06841641,-21.98671913,-0.01479715,-0.00780336,0.19916710,-0.01642733,0.06061305,-21.78755203,-0.03122448,0.05454225,-21.76947046,-0.03303922,-0.00055110,0.00689935,-0.00168815,0.00023756,0.00528034,0.00222156,0
0.240,0.00013486,0.78520942,2.35628028,0.00166651,-0.00232640,0.00105745,0.01356746,-0.01884118,0.00856417,0.00068490,0.77827607,2.35792290,0.00134507,-0.00697453,-0.00182068,0.07125736,-21.99215508,-0.01537965,0.07125736,-21.99215508,-0.01537965,-0.00762018,0.19686975,-0.01419562,0.06363718,-21.79528532,-0.02957528,0.05758106,-21.77713882,-0.03112648,-0.00055004,0.00693335,-0.00164262,0.00032144,0.00464813,0.00287813,0
0.250,0.00015222,0.78518520,2.35629129,0.00180481,-0.00251839,0.00114472,0.01409147,-0.01955593,0.00888906,0.00070054,0.77822369,2.35788337,0.00139972,-0.00654050,-0.00235355,0.07408188,-21.99760246,-0.01596637,0.07408188,-21.99760246,-0.01596637,-0.00742759,0.19445767,-0.01198993,0.06665429,-21.80314480,-0.02795630,0.06061305,-21.78493283,-0.02924838,-0.00054832,0.00696151,-0.00159208,0.00040509,0.00402211,0.00349827,0
0.260,0.00017098,0.78515903,2.35630319,0.00194833,-0.00271750,0.00123523,0.01461224,-0.02026517,0.00921144,0.00071694,0.77817509,2.35784013,0.00145988,-0.00612024,-0.00284624,0.07688951,-22.00306511,-0.01655592,0.07688951,-22.00306511,-0.01655592,-0.00722608,0.19193541,-0.00981662,0.06966344,-21.81112970,-0.02637254,0.06363718,-21.79285559,-0.02741313,-0.00054596,0.00698394,-0.00153694,0.00048845,0.00340274,0.00408147,0
0.270,0.00019120,0.78513083,2.35631601,0.00209704,-0.00292367,0.00132894,0.01512976,-0.02096891,0.00953132,0.00073417,0.77813014,2.35779358,0.00152558,-0.00571413,-0.00329842,0.07968055,-22.00854111,-0.01714950,0.07968055,-22.00854111,-0.01714950,-0.00701568,0.18930695,-0.00768158,0.07266487,-21.81923416,-0.02483108,0.06665429,-21.80089690,-0.02562883,-0.00054297,0.00700069,-0.00147757,0.00057146,0.00279046,0.00462736,0
0.280,0.00021294,0.78510053,2.35632978,0.00225091,-0.00313686,0.00142584,0.01564406,-0.02166717,0.00984871,0.00075227,0.77808866,2.35774414,0.00159681,-0.00532249,-0.00370992,0.08245503,-22.01403999,-0.01774729,0.08245503,-22.01403999,-0.01774729,-0.00679643,0.18657624,-0.00559022,0.07565860,-21.82746375,-0.02333751,0.06966344,-21.80905590,-0.02390034,-0.00053933,0.00701187,-0.00141436,0.00065410,0.00218563,0.00513576,0
0.290,0.00023624,0.78506807,2.35634453,0.00240991,-0.00335700,0.00152591,0.01615514,-0.02235996,0.01016362,0.00077131,0.77805051,2.35769221,0.00167361,-0.00494563,-0.00408072,0.08521331,-22.01955795,-0.01834943,0.08521331,-22.01955795,-0.01834943,-0.00656866,0.18374754,-0.00354750,0.07864465,-21.83581041,-0.02189693,0.07266487,-21.81732663,-0.02223451,-0.00053507,0.00701756,-0.00134768,0.00073630,0.00158863,0.00560663,0
0.300,0.00026115,0.78503337,2.35636031,0.00257400,-0.00358404,0.00162911,0.01666300,-0.02304730,0.01047605,0.00079134,0.77801553,2.35763819,0.00175598,-0.00458382,-0.00441096,0.08795469,-22.02509880,-0.01895520,0.08795469,-22.02509880,-0.01895520,-0.00633258,0.18082437,-0.00155784,0.08162211,-21.84427443,-0.02051303,0.07565860,-21.82571457,-0.02063667,-0.00053019,0.00701784,-0.00127788,0.00081802,0.00099978,0.00604007,0
0.310,0.00028773,0.78499636,2.35637713,0.00274316,-0.00381793,0.00173542,0.01716764,-0.02372920,0.01078600,0.00081242,0.77798355,2.35758248,0.00184395,-0.00423728,-0.00470086,0.09067991,-22.03066826,-0.01956560,0.09067991,-22.03066826,-0.01956560,-0.00608819,0.17781042,0.00037432,0.08459172,-21.85285783,-0.01919127,0.07864465,-21.83421158,-0.01911165,-0.00052469,0.00701281,-0.00120535,0.00089921,0.00041935,0.00643628,0
0.320,0.00031603,0.78495699,2.35639503,0.00291735,-0.00405860,0.00184482,0.01766909,-0.02440566,0.01109348,0.00083460,0.77795442,2.35752548,0.00193752,-0.00390623,-0.00495078,0.09338867,-22.03625870,-0.02018111,0.09338867,-22.03625870,-0.02018111,-0.00583569,0.17470989,0.00224525,0.08755297,-21.86154881,-0.01793586,0.08162211,-21.84281788,-0.01766277,-0.00051857,0.00700257,-0.00113045,0.00097983,-0.00015237,0.00679560,0
0.330,0.00034610,0.78491517,2.35641403,0.00309653,-0.00430602,0.00195728,0.01816734,-0.02507671,0.01139851,0.00085795,0.77792797,2.35746756,0.00203670,-0.00359088,-0.00516116,0.09608130,-22.04187965,-0.02080246,0.09608130,-22.04187965,-0.02080246,-0.00557530,0.17152567,0.00405130,0.09050600,-21.87035398,-0.01675117,0.08459172,-21.85153543,-0.01629513,-0.00051185,0.00698720,-0.00105353,0.00105983,-0.00071514,0.00711844,0
0.340,0.00037798,0.78487084,2.35643418,0.00328068,-0.00456012,0.00207278,0.01866241,-0.02574236,0.01170107,0.00088251,0.77790404,2.35740909,0.00214151,-0.00329137,-0.00533255,0.09875743,-22.04753304,-0.02142856,0.09875743,-22.04753304,-0.02142856,-0.00530732,0.16826155,0.00578957,0.09345011,-21.87927149,-0.01563898,0.08755297,-21.86035238,-0.01501250,-0.00050453,0.00696680,-0.00097491,0.00113917,-0.00126875,0.00740533,0
0.350,0.00041173,0.78482394,2.35645550,0.00346977,-0.00482085,0.00219130,0.01915429,-0.02640262,0.01200119,0.00090834,0.77788247,2.35735044,0.00225197,-0.00300787,-0.00546559,0.10141774,-22.05322075,-0.02206081,0.10141774,-22.05322075,-0.02206081,-0.00503180,0.16492109,0.00745715,0.09638595,-21.88829966,-0.01460366,0.09050600,-21.86927531,-0.01381881,-0.00049661,0.00694147,-0.00089494,0.00121780,-0.00181298,0.00765689,0
0.360,0.00044739,0.78477440,2.35647802,0.00366376,-0.00508816,0.00231280,0.01964300,-0.02705750,0.01229887,0.00093550,0.77786308,2.35729197,0.00236807,-0.00274049,-0.00556099,0.10406160,-22.05894089,-0.02269907,0.10406160,-22.05894089,-0.02269907,-0.00474907,0.16150757,0.00905149,0.09931253,-21.89743331,-0.01364758,0.09345011,-21.87830231,-0.01271539,-0.00048811,0.00691132,-0.00081395,0.00129569,-0.00234767,0.00787379,0
0.370,0.00048502,0.78472216,2.35650176,0.00386262,-0.00536198,0.00243726,0.02012854,-0.02770702,0.01259410,0.00096405,0.77784572,2.35723402,0.00248984,-0.00248935,-0.00561954,0.10668959,-22.06469917,-0.02334335,0.10668959,-22.06469917,-0.02334335,-0.00445919,0.15802454,0.01057028,0.10223041,-21.90667463,-0.01277307,0.09638595,-21.88743168,-0.01170606,-0.00047903,0.00687644,-0.00073226,0.00137278,-0.00287263,0.00805680,0
0.380,0.00052466,0.78466714,2.35652677,0.00406632,-0.00564228,0.00256467,0.02061093,-0.02835120,0.01288691,0.00099405,0.77783022,2.35717692,0.00261728,-0.00225456,-0.00564211,0.10930152,-22.07049179,-0.02399365,0.10930152,-22.07049179,-0.02399365,-0.00416248,0.15447476,0.01201197,0.10513904,-21.91601703,-0.01198169,0.09931253,-21.89665824,-0.01079269,-0.00046939,0.00683692,-0.00065015,0.00144904,-0.00338772,0.00820678,0
0.390,0.00056636,0.78460929,2.35655307,0.00427483,-0.00592899,0.00269499,0.02109015,-0.02899004,0.01317729,0.00102555,0.77781641,2.35712100,0.00275040,-0.00203617,-0.00562960,0.11189733,-22.07633018,-0.02465243,0.11189733,-22.07633018,-0.02465243,-0.00385914,0.15086187,0.01337479,0.10803819,-21.92546831,-0.01127763,0.10223041,-21.90598412,-0.00997703,-0.00045919,0.00679288,-0.00056793,0.00152443,-0.00389282,0.00832459,0
0.400,0.00061017,0.78454854,2.35658068,0.00448811,-0.00622206,0.00282821,0.02156624,-0.02962355,0.01346525,0.00105860,0.77780413,2.35706657,0.00288922,-0.00183426,-0.00558299,0.11447739,-22.08220482,-0.02531800,0.11447739,-22.08220482,-0.02531800,-0.00354936,0.14718886,0.01465739,0.11092803,-21.93501596,-0.01066061,0.10513904,-21.91540276,-0.00926010,-0.00044843,0.00674441,-0.00048589,0.00159889,-0.00438780,0.00841120,0
0.410,0.00065614,0.78448483,2.35660964,0.00470614,-0.00652144,0.00296429,0.02203918,-0.03025176,0.01375080,0.00109328,0.77779320,2.35701392,0.00303374,-0.00164889,-0.00550332,0.11704177,-22.08812523,-0.02599029,0.11704177,-22.08812523,-0.02599029,-0.00323332,0.14345889,0.01585885,0.11380845,-21.94466634,-0.01013144,0.10803819,-21.92492194,-0.00864548,-0.00043714,0.00669163,-0.00040428,0.00167240,-0.00487255,0.00846761,0
0.420,0.00070431,0.78441809,2.35663998,0.00492888,-0.00682708,0.00310322,0.02250899,-0.03087467,0.01403394,0.00112962,0.77778346,2.35696336,0.00318397,-0.00148007,-0.00539167,0.11959022,-22.09409142,-0.02666987,0.11959022,-22.09409142,-0.02666987,-0.00291137,0.13967479,0.01697851,0.11667885,-21.95441662,-0.00969136,0.11092803,-21.93452914,-0.00813225,-0.00042531,0.00663463,-0.00032338,0.00174491,-0.00534701,0.00849489,0
0.430,0.00075473,0.78434827,2.35667172,0.00515631,-0.00713892,0.00324496,0.02297567,-0.03149230,0.01431468,0.00116770,0.77777475,2.35691514,0.00333991,-0.00132784,-0.00524914,0.12212290,-22.10010529,-0.02735586,0.12212290,-22.10010529,-0.02735586,-0.00258367,0.13583990,0.01801573,0.11953923,-21.96426539,-0.00934014,0.11380845,-21.94423076,-0.00772065,-0.00041297,0.00657352,-0.00024342,0.00181640,-0.00581108,0.00849410,0
0.440,0.00080745,0.78427529,2.35670489,0.00538839,-0.00745691,0.00338950,0.02343924,-0.03210466,0.01459303,0.00120757,0.77776690,2.35686954,0.00350158,-0.00119222,-0.00507690,0.12463996,-22.10616302,-0.02805231,0.12463996,-22.10616302,-0.02805231,-0.00225044,0.13195667,0.01897033,0.12238952,-21.97420635,-0.00908198,0.11667885,-21.95402395,-0.00741128,-0.00040012,0.00650839,-0.00016465,0.00188681,-0.00626469,0.00846640,0
0.450,0.00086252,0.78419911,2.35673951,0.00562508,-0.00778099,0.00353682,0.02389970,-0.03271176,0.01486898,0.00124928,0.77775974,2.35682680,0.00366898,-0.00107320,-0.00487611,0.12714149,-22.11227226,-0.02875523,0.12714149,-22.11227226,-0.02875523,-0.00191187,0.12802858,0.01984223,0.12522962,-21.98424368,-0.00891300,0.11953923,-21.96390732,-0.00720326,-0.00038676,0.00643937,-0.00008729,0.00195610,-0.00670779,0.00841293,0
0.460,0.00091997,0.78411965,2.35677563,0.00586637,-0.00811112,0.00368687,0.02435705,-0.03331362,0.01514256,0.00129289,0.77775310,2.35678716,0.00384212,-0.00097077,-0.00464801,0.12962750,-22.11844254,-0.02946727,0.12962750,-22.11844254,-0.02946727,-0.00156842,0.12405791,0.02063192,0.12805908,-21.99438463,-0.00883535,0.12238952,-21.97387461,-0.00710014,-0.00037292,0.00636655,-0.00001153,0.00202425,-0.00714035,0.00833488,0
0.470,0.00097986,0.78403687,2.35681326,0.00611221,-0.00844725,0.00383966,0.02481130,-0.03391025,0.01541375,0.00133847,0.77774683,2.35675085,0.00402100,-0.00088492,-0.00439381,0.13209796,-22.12466049,-0.03018626,0.13209796,-22.12466049,-0.03018626,-0.00122015,0.12004793,0.02133972,0.13087781,-22.00461256,-0.00884654,0.12522962,-21.98393000,-0.00709739,-0.00035861,0.00629004,0.00006241,0.00209121,-0.00756233,0.00823347,0
0.480,0.00104223,0.78395069,2.35685243,0.00636259,-0.00878931,0.00399514,0.02526246,-0.03450167,0.01568258,0.00138607,0.77774075,2.35671808,0.00420562,-0.00081562,-0.00411478,0.13455254,-22.13093567,-0.03091664,0.13455254,-22.13093567,-0.03091664,-0.00086735,0.11600099,0.02196627,0.13368519,-22.01493468,-0.00895037,0.12805908,-21.99408076,-0.00719652,-0.00034384,0.00620994,0.00013435,0.00215697,-0.00797369,0.00810992,0
0.490,0.00110712,0.78386106,2.35689317,0.00661745,-0.00913726,0.00415330,0.02571054,-0.03508789,0.01594904,0.00143574,0.77773471,2.35668903,0.00439599,-0.00076284,-0.00381216,0.13699253,-22.13726234,-0.03165527,0.13699253,-22.13726234,-0.03165527,-0.00051042,0.11191997,0.02251252,0.13648211,-22.02534237,-0.00914275,0.13087781,-22.00431031,-0.00739438,-0.00032862,0.00612635,0.00020414,0.00222146,-0.00837442,0.00796546,0
0.500,0.00117459,0.78376792,2.35693551,0.00687679,-0.00949105,0.00431411,0.02615554,-0.03566891,0.01621314,0.00148754,0.77772853,2.35666391,0.00459212,-0.00072654,-0.00348725,0.13941677,-22.14365387,-0.03240253,0.13941677,-22.14365387,-0.03240253,-0.00014932,0.10780750,0.02297959,0.13926745,-22.03584637,-0.00942294,0.13368519,-22.01462586,-0.00769411,-0.00031295,0.00603939,0.00027160,0.00228467,-0.00876451,0.00780136,0
0.510,0.00124467,0.78367122,2.35697946,0.00714055,-0.00985063,0.00447756,0.02659747,-0.03624476,0.01647489,0.00154154,0.77772206,2.35664287,0.00479399,-0.00070666,-0.00314133,0.14182602,-22.15010452,-0.03316041,0.14182602,-22.15010452,-0.03316041,0.00021540,0.10366636,0.02336856,0.14204142,-22.04643816,-0.00979185,0.13648211,-22.02501885,-0.00809097,-0.00029687,0.00594916,0.00033659,0.00234656,-0.00914397,0.00761889,0
0.520,0.00131742,0.78357089,2.35702507,0.00740873,-0.01021593,0.00464360,0.02703634,-0.03681545,0.01673430,0.00159778,0.77771513,2.35662608,0.00500162,-0.00070316,-0.00277568,0.14422013,-22.15661621,-0.03392626,0.14422013,-22.15661621,-0.03392626,0.00058379,0.09949895,0.02368109,0.14480392,-22.05711727,-0.01024517,0.13926745,-22.03550006,-0.00858357,-0.00028036,0.00585576,0.00039899,0.00240711,-0.00951277,0.00741928,0
0.530,0.00139286,0.78346688,2.35707234,0.00768127,-0.01058692,0.00481223,0.02747216,-0.03738099,0.01699136,0.00165633,0.77770759,2.35661369,0.00521501,-0.00071596,-0.00239159,0.14659904,-22.16318893,-0.03470225,0.14659904,-22.16318893,-0.03470225,0.00095516,0.09530786,0.02391852,0.14755420,-22.06788107,-0.01078373,0.14204142,-22.04606098,-0.00917220,-0.00026347,0.00575929,0.00045865,0.00246626,-0.00987096,0.00720382,0
0.540,0.00147106,0.78335914,2.35712132,0.00795816,-0.01096353,0.00498342,0.02790492,-0.03794139,0.01724609,0.00171725,0.77769927,2.35660583,0.00543415,-0.00074500,-0.00199033,0.14896274,-22.16983414,-0.03549001,0.14896274,-22.16983414,-0.03549001,0.00132968,0.09109588,0.02408286,0.15029241,-22.07873826,-0.01140715,0.14480392,-22.05670120,-0.00985189,-0.00024619,0.00565987,0.00051549,0.00252401,-0.01021853,0.00697375,0
0.550,0.00155204,0.78324759,2.35717202,0.00823936,-0.01134573,0.00515715,0.02833465,-0.03849667,0.01749849,0.00178059,0.77769001,2.35660261,0.00565904,-0.00079021,-0.00157318,0.15131141,-22.17654228,-0.03628890,0.15131141,-22.17654228,-0.03628890,0.00170671,0.08686477,0.02417580,0.15301812,-22.08967751,-0.01211310,0.14755420,-22.06741815,-0.01062287,-0.00022855,0.00555758,0.00056941,0.00258032,-0.01055552,0.00673033,0
0.560,0.00163586,0.78313220,2.35722447,0.00852484,-0.01173345,0.00533339,0.02876134,-0.03904685,0.01774857,0.00184640,0.77767966,2.35660415,0.00588968,-0.00085152,-0.00114140,0.15364540,-22.18331909,-0.03709447,0.15364540,-22.18331909,-0.03709447,0.00208624,0.08261772,0.02419941,0.15573164,-22.10070137,-0.01289505,0.15029241,-22.07822054,-0.01148412,-0.00021054,0.00545254,0.00062032,0.00263516,-0.01088193,0.00647479,0
0.570,0.00172255,0.78301291,2.35727870,0.00881458,-0.01212665,0.00551211,0.02918500,-0.03959192,0.01799633,0.00191476,0.77766805,2.35661054,0.00612607,-0.00092884,-0.00069625,0.15596418,-22.19016647,-0.03791280,0.15596418,-22.19016647,-0.03791280,0.00246782,0.07835695,0.02415589,0.15843200,-22.11180952,-0.01375691,0.15301812,-22.08909711,-0.01243271,-0.00019221,0.00534486,0.00066816,0.00268851,-0.01119781,0.00620836,0
0.580,0.00181216,0.78288965,2.35733472,0.00910853,-0.01252527,0.00569331,0.02960564,-0.04013192,0.01824178,0.00198570,0.77765503,2.35662187,0.00636819,-0.00102209,-0.00023894,0.15826824,-22.19708252,-0.03874367,0.15826824,-22.19708252,-0.03874367,0.00285126,0.07408452,0.02404731,0.16111950,-22.12299800,-0.01469636,0.15573164,-22.10005046,-0.01346154,-0.00017354,0.00523462,0.00071285,0.00274034,-0.01150318,0.00593225,0
0.590,0.00190474,0.78276238,2.35739257,0.00940668,-0.01292927,0.00587694,0.03002326,-0.04066684,0.01848493,0.00205930,0.77764044,2.35663821,0.00661605,-0.00113118,0.00022930,0.16055779,-22.20407486,-0.03958422,0.16055779,-22.20407486,-0.03958422,0.00323644,0.06980307,0.02387616,0.16379423,-22.13427179,-0.01570806,0.15843200,-22.11108030,-0.01457393,-0.00015456,0.00512194,0.00075436,0.00279063,-0.01179809,0.00564764,0
0.600,0.00200031,0.78263105,2.35745227,0.00970899,-0.01333859,0.00606300,0.03043788,-0.04119671,0.01872578,0.00213560,0.77762414,2.35665962,0.00686964,-0.00125602,0.00070729,0.16283232,-22.21114159,-0.04043779,0.16283232,-22.21114159,-0.04043779,0.00362273,0.06551507,0.02364488,0.16645505,-22.14562652,-0.01679291,0.16111950,-22.12218273,-0.01576698,-0.00013529,0.00500691,0.00079265,0.00283935,-0.01208257,0.00535571,0
0.610,0.00209893,0.78249559,2.35751384,0.01001543,-0.01375319,0.00625145,0.03084950,-0.04172154,0.01896433,0.00221467,0.77760596,2.35668616,0.00712895,-0.00139651,0.00119384,0.16509220,-22.21827888,-0.04129961,0.16509220,-22.21827888,-0.04129961,0.00401015,0.06122233,0.02335589,0.16910235,-22.15705656,-0.01794372,0.16379423,-22.13336279,-0.01703482,-0.00011574,0.00488963,0.00082768,0.00288648,-0.01235668,0.00505761,0
0.620,0.00220063,0.78235597,2.35757731,0.01032597,-0.01417301,0.00644228,0.03125813,-0.04224133,0.01920061,0.00229656,0.77758575,2.35671786,0.00739397,-0.00155257,0.00168783,0.16733782,-22.22549820,-0.04217526,0.16733782,-22.22549820,-0.04217526,0.00439823,0.05692774,0.02301189,0.17173605,-22.16857046,-0.01916337,0.16645505,-22.14461615,-0.01837781,-0.00009593,0.00477022,0.00085945,0.00293200,-0.01262044,0.00475445,0
0.630,0.00230546,0.78221212,2.35764269,0.01064058,-0.01459800,0.00663545,0.03166377,-0.04275611,0.01943460,0.00238133,0.77756337,2.35675475,0.00766469,-0.00172409,0.00218814,0.16956884,-22.23279953,-0.04306431,0.16956884,-22.23279953,-0.04306431,0.00478686,0.05263310,0.02261530,0.17435569,-22.18016643,-0.02044901,0.16910235,-22.15593723,-0.01978825,-0.00007587,0.00464875,0.00088794,0.00297589,-0.01287391,0.00444731,0
0.640,0.00241346,0.78206399,2.35771002,0.01095923,-0.01502811,0.00683096,0.03206643,-0.04326589,0.01966632,0.00246903,0.77753865,2.35679685,0.00794111,-0.00191097,0.00269368,0.17178531,-22.24017525,-0.04396320,0.17178531,-22.24017525,-0.04396320,0.00517573,0.04834067,0.02216910,0.17696104,-22.19183458,-0.02179411,0.17173605,-22.16733465,-0.02126852,-0.00005557,0.00452534,0.00091317,0.00301812,-0.01311714,0.00413728,0
0.650,0.00252466,0.78191154,2.35777932,0.01128190,-0.01546330,0.00702877,0.03246612,-0.04377068,0.01989577,0.00255973,0.77751145,2.35684417,0.00822319,-0.00211312,0.00320339,0.17398722,-22.24763680,-0.04487723,0.17398722,-22.24763680,-0.04487723,0.00556444,0.04405289,0.02167593,0.17955166,-22.20358391,-0.02320130,0.17435569,-22.17880666,-0.02281528,-0.00003507,0.00440009,0.00093515,0.00305871,-0.01335018,0.00382538,0
0.660,0.00263911,0.78175471,2.35785061,0.01160854,-0.01590351,0.00722887,0.03286284,-0.04427050,0.02012295,0.00265347,0.77748163,2.35689672,0.00851095,-0.00233042,0.00371627,0.17617510,-22.25518036,-0.04579936,0.17617510,-22.25518036,-0.04579936,0.00595282,0.03977174,0.02113858,0.18212792,-22.21540862,-0.02466078,0.17696104,-22.19034341,-0.02442155,-0.00001436,0.00427308,0.00095389,0.00309759,-0.01357309,0.00351260,0
0.670,0.00275685,0.78159345,2.35792390,0.01193914,-0.01634869,0.00743122,0.03325661,-0.04476535,0.02034789,0.00275031,0.77744903,2.35695449,0.00880435,-0.00256278,0.00423131,0.17834862,-22.26280785,-0.04673737,0.17834862,-22.26280785,-0.04673737,0.00634064,0.03549940,0.02055965,0.18468925,-22.22730844,-0.02617772,0.17955166,-22.20195398,-0.02608952,0.00000654,0.00414442,0.00096941,0.00313479,-0.01378591,0.00319991,0
0.680,0.00287791,0.78142772,2.35799924,0.01227367,-0.01679880,0.00763582,0.03364742,-0.04525525,0.02057057,0.00285032,0.77741351,2.35701745,0.00910338,-0.00281010,0.00474758,0.18050788,-22.27052116,-0.04768731,0.18050788,-22.27052116,-0.04768731,0.00672748,0.03123821,0.01994234,0.18723536,-22.23928296,-0.02774497,0.18212792,-22.21363260,-0.02780898,0.00002759,0.00401421,0.00098179,0.00317029,-0.01398870,0.00288824,0
0.690,0.00300233,0.78125746,2.35807663,0.01261208,-0.01725378,0.00784263,0.03403529,-0.04574022,0.02079101,0.00295354,0.77737492,2.35708559,0.00940804,-0.00307226,0.00526417,0.18265298,-22.27832413,-0.04865194,0.18265298,-22.27832413,-0.04865194,0.00711304,0.02699006,0.01928916,0.18976602,-22.25133407,-0.02936278,0.18468925,-22.22537907,-0.02958467,0.00004879,0.00388254,0.00099104,0.00320404,-0.01418152,0.00257846,0
0.700,0.00313016,0.78108263,2.35815610,0.01295436,-0.01771359,0.00805163,0.03442023,-0.04622026,0.02100921,0.00306003,0.77733313,2.35715887,0.00971829,-0.00334916,0.00578019,0.18478420,-22.28621101,-0.04962674,0.18478420,-22.28621101,-0.04962674,0.00749727,0.02275722,0.01860305,0.19228147,-22.26345380,-0.03102369,0.18723536,-22.23719303,-0.03140909,0.00007013,0.00374950,0.00099723,0.00323607,-0.01436443,0.00227144,0
0.710,0.00326143,0.78090317,2.35823767,0.01330048,-0.01817817,0.00826280,0.03480223,-0.04669540,0.02122518,0.00316985,0.77728797,2.35723726,0.01003412,-0.00364069,0.00629480,0.18690129,-22.29419518,-0.05061727,0.18690129,-22.29419518,-0.05061727,0.00787975,0.01854153,0.01788682,0.19478103,-22.27565364,-0.03273045,0.18976602,-22.24907643,-0.03328211,0.00009158,0.00361520,0.00100041,0.00326636,-0.01453748,0.00196800,0
0.720,0.00339618,0.78071905,2.35832136,0.01365040,-0.01864748,0.00847613,0.03518131,-0.04716564,0.02143893,0.00328304,0.77723932,2.35732070,0.01035551,-0.00394675,0.00680722,0.18900388,-22.30225945,-0.05162020,0.18900388,-22.30225945,-0.05162020,0.00826022,0.01434546,0.01714329,0.19726411,-22.28791398,-0.03447691,0.19228147,-22.26102134,-0.03519593,0.00011314,0.00347973,0.00100066,0.00329489,-0.01470073,0.00166891,0
0.730,0.00353445,0.78053021,2.35840720,0.01400409,-0.01912146,0.00869157,0.03555747,-0.04763099,0.02165045,0.00339968,0.77718704,2.35740915,0.01068243,-0.00426722,0.00731668,0.19109316,-22.31042480,-0.05263624,0.19109316,-22.31042480,-0.05263624,0.00863845,0.01017080,0.01637529,0.19973161,-22.30025401,-0.03626095,0.19478103,-22.27303931,-0.03715299,0.00013477,0.00334317,0.00099805,0.00332166,-0.01485424,0.00137489,0
0.740,0.00367628,0.78033660,2.35849520,0.01436154,-0.01960008,0.00890913,0.03593072,-0.04809148,0.02185976,0.00351980,0.77713097,2.35750255,0.01101487,-0.00460201,0.00782247,0.19316845,-22.31868172,-0.05366696,0.19316845,-22.31868172,-0.05366696,0.00901425,0.00601937,0.01558553,0.20218270,-22.31266235,-0.03808143,0.19726411,-22.28511080,-0.03914683,0.00015648,0.00320563,0.00099265,0.00334667,-0.01499807,0.00108666,0
0.750,0.00382170,0.78013819,2.35858539,0.01472270,-0.02008328,0.00912876,0.03630107,-0.04854711,0.02206687,0.00364346,0.77707099,2.35760084,0.01135280,-0.00495099,0.00832391,0.19522980,-22.32703209,-0.05471432,0.19522980,-22.32703209,-0.05471432,0.00938720,0.00189367,0.01477679,0.20461700,-22.32513842,-0.03993754,0.19973161,-22.29725503,-0.04117507,0.00017824,0.00306720,0.00098455,0.00336990,-0.01513229,0.00080485,0
0.760,0.00397074,0.77993492,2.35867778,0.01508755,-0.02057101,0.00935046,0.03666853,-0.04899790,0.02227177,0.00377073,0.77700696,2.35770393,0.01169619,-0.00531407,0.00882037,0.19727752,-22.33548164,-0.05577295,0.19727752,-22.33548164,-0.05577295,0.00975696,-0.00220467,0.01395167,0.20703448,-22.33768631,-0.04182128,0.20218270,-22.30946069,-0.04323630,0.00020001,0.00292796,0.00097385,0.00339136,-0.01525694,0.00053009,0
0.770,0.00412346,0.77972675,2.35877240,0.01545606,-0.02106322,0.00957419,0.03703310,-0.04944386,0.02247448,0.00390164,0.77693874,2.35781177,0.01204502,-0.00569113,0.00931124,0.19931173,-22.34402466,-0.05684711,0.19931173,-22.34402466,-0.05684711,0.01012361,-0.00627353,0.01311294,0.20943535,-22.35029819,-0.04373418,0.20461700,-22.32172727,-0.04532946,0.00022182,0.00278801,0.00096063,0.00341104,-0.01537209,0.00026295,0
0.780,0.00427988,0.77951364,2.35886927,0.01582820,-0.02155987,0.00979994,0.03739478,-0.04988500,0.02267500,0.00403626,0.77686619,2.35792427,0.01239926,-0.00608205,0.00979597,0.20133202,-22.35267067,-0.05793547,0.20133202,-22.35267067,-0.05793547,0.01048666,-0.01031089,0.01226322,0.21181868,-22.36298156,-0.04567225,0.20703448,-22.33405889,-0.04744636,0.00024362,0.00264745,0.00094500,0.00342894,-0.01547782,0.00000397,0
0.790,0.00444003,0.77929554,2.35896841,0.01620395,-0.02206090,0.01002768,0.03775359,-0.05032134,0.02287334,0.00417464,0.77678918,2.35804136,0.01275888,-0.00648674,0.01027405,0.20333910,-22.36141586,-0.05903866,0.20333910,-22.36141586,-0.05903866,0.01084577,-0.01431489,0.01140505,0.21418487,-22.37573075,-0.04763361,0.20943535,-22.34644779,-0.04958831,0.00026539,0.00250636,0.00092705,0.00344507,-0.01557416,-0.00024637,0
0.800,0.00460397,0.77907241,2.35906983,0.01658326,-0.02256628,0.01025740,0.03810954,-0.05075289,0.02306950,0.00431683,0.77670758,2.35816293,0.01312386,-0.00690508,0.01074500,0.20533268,-22.37026215,-0.06015743,0.20533268,-22.37026215,-0.06015743,0.01120103,-0.01828360,0.01054082,0.21653371,-22.38854575,-0.04961660,0.21181868,-22.35890151,-0.05175117,0.00028714,0.00236483,0.00090690,0.00345940,-0.01566120,-0.00048760,0
0.810,0.00477171,0.77884420,2.35917356,0.01696613,-0.02307595,0.01048907,0.03846262,-0.05117967,0.02326349,0.00446288,0.77662125,2.35828892,0.01349414,-0.00733695,0.01120838,0.20731273,-22.37921143,-0.06129082,0.20731273,-22.37921143,-0.06129082,0.01155184,-0.02221524,0.00967310,0.21886458,-22.40142666,-0.05161772,0.21418487,-22.37141446,-0.05393289,0.00030883,0.00222295,0.00088464,0.00347199,-0.01573900,-0.00071931,0
0.820,0.00494330,0.77861088,2.35927962,0.01735251,-0.02358986,0.01072266,0.03881285,-0.05160168,0.02345531,0.00461284,0.77653007,2.35841922,0.01386972,-0.00778226,0.01166381,0.20927928,-22.38826370,-0.06243805,0.20927928,-22.38826370,-0.06243805,0.01189817,-0.02610757,0.00880423,0.22117745,-22.41437128,-0.05363382,0.21653371,-22.38398667,-0.05613165,0.00033046,0.00208081,0.00086040,0.00348279,-0.01580760,-0.00094115,0
0.830,0.00511877,0.77837239,2.35938802,0.01774237,-0.02410796,0.01095817,0.03916023,-0.05201894,0.02364497,0.00476677,0.77643391,2.35855374,0.01425055,-0.00824087,0.01211093,0.21123269,-22.39741707,-0.06360213,0.21123269,-22.39741707,-0.06360213,0.01223968,-0.02995919,0.00793645,0.22347237,-22.42737625,-0.05566568,0.21886458,-22.39661830,-0.05834386,0.00035200,0.00193848,0.00083428,0.00349182,-0.01586709,-0.00115276,0
0.840,0.00529816,0.77812870,2.35949879,0.01813570,-0.02463022,0.01119555,0.03950477,-0.05243147,0.02383249,0.00492472,0.77633262,2.35869239,0.01463659,-0.00871269,0.01254942,0.21317306,-22.40668106,-0.06478047,0.21317306,-22.40668106,-0.06478047,0.01257627,-0.03376802,0.00707206,0.22574933,-22.44044908,-0.05770841,0.22117745,-22.40930720,-0.06056627,0.00037344,0.00179608,0.00080640,0.00349911,-0.01591753,-0.00135387,0
0.850,0.00548150,0.77787977,2.35961194,0.01853246,-0.02515658,0.01143481,0.03984648,-0.05283928,0.02401785,0.00508673,0.77622610,2.35883507,0.01502781,-0.00919760,0.01297900,0.21509948,-22.41605377,-0.06597473,0.21509948,-22.41605377,-0.06597473,0.01290761,-0.03753216,0.00621318,0.22800710,-22.45358593,-0.05976155,0.22347237,-22.42205010,-0.06279955,0.00039477,0.00165367,0.00077687,0.00350465,-0.01595898,-0.00154419,0
0.860,0.00566882,0.77762556,2.35972749,0.01893262,-0.02568699,0.01167590,0.04018537,-0.05324237,0.02420108,0.00525287,0.77611421,2.35898168,0.01542418,-0.00969547,0.01339943,0.21701348,-22.42553520,-0.06718744,0.21701348,-22.42553520,-0.06718744,0.01323342,-0.04124977,0.00536183,0.23024690,-22.46678497,-0.06182562,0.22574933,-22.43485452,-0.06503877,0.00041595,0.00151135,0.00074581,0.00350844,-0.01599152,-0.00172353,0
0.870,0.00586016,0.77736602,2.35984546,0.01933616,-0.02622141,0.01191882,0.04052143,-0.05364077,0.02438217,0.00542317,0.77599683,2.35913211,0.01582565,-0.01020621,0.01381051,0.21891406,-22.43511772,-0.06841337,0.21891406,-22.43511772,-0.06841337,0.01355359,-0.04491935,0.00452006,0.23246765,-22.48003707,-0.06389331,0.22800710,-22.44771672,-0.06728342,0.00043699,0.00136919,0.00071335,0.00351051,-0.01601520,-0.00189169,0
0.880,0.00605556,0.77710112,2.35996587,0.01974304,-0.02675979,0.01216354,0.04085469,-0.05403449,0.02456113,0.00559769,0.77587382,2.35928628,0.01623219,-0.01072969,0.01421207,0.22080199,-22.44480896,-0.06965639,0.22080199,-22.44480896,-0.06965639,0.01386796,-0.04853887,0.00368981,0.23466996,-22.49334783,-0.06596658,0.23024690,-22.46063491,-0.06953398,0.00045787,0.00122730,0.00067959,0.00351085,-0.01603010,-0.00204853,0
0.890,0.00625503,0.77683081,2.36008874,0.02015324,-0.02730208,0.01241004,0.04118513,-0.05442353,0.02473797,0.00577647,0.77574508,2.35944408,0.01664375,-0.01126579,0.01460395,0.22267672,-22.45462036,-0.07091329,0.22267672,-22.45462036,-0.07091329,0.01417601,-0.05210688,0.00287294,0.23685273,-22.50672724,-0.06804035,0.23246765,-22.47360002,-0.07178312,0.00047856,0.00108573,0.00064466,0.00350949,-0.01603629,-0.00219391,0
0.900,0.00645863,0.77655506,2.36021408,0.02056673,-0.02784824,0.01265829,0.04151279,-0.05480793,0.02491269,0.00595957,0.77561048,2.35960540,0.01706029,-0.01181439,0.01498607,0.22453843,-22.46453857,-0.07218903,0.22453843,-22.46453857,-0.07218903,0.01447792,-0.05562149,0.00207109,0.23901635,-22.52016006,-0.07011795,0.23466996,-22.48661774,-0.07403279,0.00049906,0.00094458,0.00060868,0.00350644,-0.01603385,-0.00232778,0
0.910,0.00666638,0.77627383,2.36034191,0.02098349,-0.02839823,0.01290828,0.04183764,-0.05518767,0.02508531,0.00614703,0.77546990,2.35977015,0.01748177,-0.01237537,0.01535835,0.22638763,-22.47457123,-0.07347981,0.22638763,-22.47457123,-0.07347981,0.01477332,-0.05908109,0.00128594,0.24116095,-22.53365231,-0.07219387,0.23685273,-22.49969808,-0.07627795,0.00051935,0.00080393,0.00057176,0.00350172,-0.01602286,-0.00245007,0
0.920,0.00687831,0.77598709,2.36047225,0.02140348,-0.02895198,0.01315999,0.04215972,-0.05556279,0.02525581,0.00633890,0.77532322,2.35993823,0.01790814,-0.01294861,0.01572076,0.22822377,-22.48472595,-0.07478717,0.22822377,-22.48472595,-0.07478717,0.01506195,-0.06248371,0.00051912,0.24328572,-22.54720967,-0.07426805,0.23901635,-22.51282589,-0.07852194,0.00053941,0.00066387,0.00053402,0.00349534,-0.01600337,-0.00256077,0
0.930,0.00709446,0.77569478,2.36060512,0.02182667,-0.02950947,0.01341339,0.04247902,-0.05593329,0.02542422,0.00653523,0.77517031,2.36010954,0.01833936,-0.01353399,0.01607328,0.23004749,-22.49498749,-0.07611439,0.23004749,-22.49498749,-0.07611439,0.01534374,-0.06582845,-0.00022789,0.24539124,-22.56081593,-0.07634228,0.24116095,-22.52600725,-0.08075929,0.00055923,0.00052447,0.00049558,0.00348731,-0.01597548,-0.00265989,0
0.940,0.00731486,0.77539688,2.36074053,0.02225305,-0.03007063,0.01366847,0.04279555,-0.05629919,0.02559054,0.00673607,0.77501108,2.36028398,0.01877539,-0.01413138,0.01641594,0.23185839,-22.50536728,-0.07745405,0.23185839,-22.50536728,-0.07745405,0.01561852,-0.06911314,-0.00095376,0.24747690,-22.57448041,-0.07840781,0.24328572,-22.53924789,-0.08299001,0.00057879,0.00038580,0.00045655,0.00347766,-0.01593925,-0.00274747,0
0.950,0.00753953,0.77509336,2.36087849,0.02268258,-0.03063544,0.01392520,0.04310931,-0.05666050,0.02575477,0.00694145,0.77484539,2.36046145,0.01921617,-0.01474065,0.01674878,0.23365670,-22.51586342,-0.07881224,0.23365670,-22.51586342,-0.07881224,0.01588589,-0.07233620,-0.00165728,0.24954260,-22.58819962,-0.08046952,0.24539124,-22.55253170,-0.08521593,0.00059808,0.00024797,0.00041704,0.00346641,-0.01589479,-0.00282358,0
0.960,0.00776852,0.77478416,2.36101904,0.02311523,-0.03120383,0.01418356,0.04342032,-0.05701724,0.02591693,0.00715143,0.77467315,2.36064187,0.01966165,-0.01536168,0.01707187,0.23544215,-22.52648163,-0.08018549,0.23544215,-22.52648163,-0.08018549,0.01614598,-0.07549660,-0.00233694,0.25158812,-22.60197823,-0.08252242,0.24747690,-22.56586803,-0.08742838,0.00061709,0.00011101,0.00037717,0.00345358,-0.01584215,-0.00288831,0
0.970,0.00800185,0.77446927,2.36116217,0.02355097,-0.03177577,0.01444353,0.04372858,-0.05736941,0.02607700,0.00736606,0.77449422,2.36082512,0.02011179,-0.01599433,0.01738532,0.23721561,-22.53721619,-0.08157906,0.23721561,-22.53721619,-0.08157906,0.01639843,-0.07859227,-0.00299195,0.25361404,-22.61580846,-0.08457101,0.24954260,-22.57925348,-0.08963236,0.00063579,-0.00002495,0.00033705,0.00343918,-0.01578144,-0.00294179,0
0.980,0.00823955,0.77414864,2.36130791,0.02398979,-0.03235120,0.01470509,0.04403410,-0.05771703,0.02623501,0.00758536,0.77430851,2.36101113,0.02056654,-0.01663847,0.01768926,0.23897646,-22.54806900,-0.08298869,0.23897646,-22.54806900,-0.08298869,0.01664311,-0.08162206,-0.00362112,0.25561958,-22.62969106,-0.08660982,0.25158812,-22.59269278,-0.09182296,0.00065419,-0.00015987,0.00029678,0.00342325,-0.01571273,-0.00298417,0
0.990,0.00848165,0.77382223,2.36145628,0.02443165,-0.03293009,0.01496822,0.04433688,-0.05806012,0.02639096,0.00780940,0.77411591,2.36119981,0.02102584,-0.01729397,0.01798383,0.24072471,-22.55904007,-0.08441514,0.24072471,-22.55904007,-0.08441514,0.01687984,-0.08458475,-0.00422343,0.25760455,-22.64362482,-0.08863857,0.25361404,-22.60617823,-0.09400478,0.00067225,-0.00029368,0.00025647,0.00340581,-0.01563612,-0.00301561,0
1.000,0.00872819,0.77349002,2.36160728,0.02487652,-0.03351239,0.01523290,0.04463694,-0.05839868,0.02654485,0.00803821,0.77391630,2.36139106,0.02148964,-0.01796068,0.01826919,0.24246062,-22.57014084,-0.08586217,0.24246062,-22.57014084,-0.08586217,0.01710861,-0.08747860,-0.00479821,0.25956923,-22.65761943,-0.09066038,0.25561958,-22.61971065,-0.09617246,0.00068998,-0.00042628,0.00021622,0.00338688,-0.01555171,-0.00303629,0
1.010,0.00897919,0.77315197,2.36176094,0.02532438,-0.03409805,0.01549911,0.04493427,-0.05873273,0.02669670,0.00827184,0.77370958,2.36158481,0.02195789,-0.01863846,0.01854554,0.24418466,-22.58136368,-0.08732419,0.24418466,-22.58136368,-0.08732419,0.01732913,-0.09030239,-0.00534450,0.26151379,-22.67166607,-0.09266869,0.25760455,-22.63328891,-0.09832586,0.00070735,-0.00055761,0.00017613,0.00336649,-0.01545959,-0.00304643,0
1.020,0.00923469,0.77280805,2.36191727,0.02577519,-0.03468703,0.01576683,0.04522889,-0.05906229,0.02684650,0.00851032,0.77349565,2.36178096,0.02243054,-0.01932718,0.01881308,0.24589641,-22.59270477,-0.08880303,0.24589641,-22.59270477,-0.08880303,0.01754141,-0.09305478,-0.00586165,0.26343783,-22.68575955,-0.09466468,0.25956923,-22.64692278,-0.10046822,0.00072437,-0.00068760,0.00013631,0.00334465,-0.01535985,-0.00304625,0
1.030,0.00949471,0.77245822,2.36207628,0.02622894,-0.03527928,0.01603604,0.04552080,-0.05938736,0.02699426,0.00875371,0.77327440,2.36197945,0.02290753,-0.02002667,0.01907203,0.24759628,-22.60417175,-0.09030152,0.24759628,-22.60417175,-0.09030152,0.01774521,-0.09573464,-0.00634912,0.26534149,-22.69990640,-0.09665064,0.26151379,-22.66060349,-0.10259312,0.00074100,-0.00081618,0.00009683,0.00332141,-0.01525261,-0.00303599,0
1.040,0.00975928,0.77210245,2.36223799,0.02668560,-0.03587476,0.01630671,0.04581001,-0.05970797,0.02713999,0.00900203,0.77304573,2.36218020,0.02338879,-0.02073680,0.01932263,0.24928352,-22.61576843,-0.09181717,0.24928352,-22.61576843,-0.09181717,0.01794041,-0.09834073,-0.00680636,0.26722393,-22.71410916,-0.09862353,0.26343783,-22.67432596,-0.10470191,0.00075725,-0.00094328,0.00005779,0.00329681,-0.01513796,-0.00301592,0
1.050,0.01002843,0.77174072,2.36240242,0.02714514,-0.03647342,0.01657883,0.04609653,-0.06002412,0.02728369,0.00925534,0.77280953,2.36238313,0.02387429,-0.02145741,0.01956515,0.25095877,-22.62748718,-0.09335096,0.25095877,-22.62748718,-0.09335096,0.01812690,-0.10087155,-0.00723280,0.26908567,-22.72835873,-0.10058376,0.26534149,-22.68809677,-0.10679700,0.00077309,-0.00106881,0.00001929,0.00327085,-0.01501601,-0.00298632,0
1.060,0.01030219,0.77137298,2.36256958,0.02760752,-0.03707523,0.01685238,0.04638036,-0.06033582,0.02742537,0.00951367,0.77256572,2.36258816,0.02436396,-0.02218835,0.01979986,0.25262219,-22.63933372,-0.09490323,0.25262219,-22.63933372,-0.09490323,0.01830458,-0.10332649,-0.00762814,0.27092676,-22.74266022,-0.10253137,0.26722393,-22.70191858,-0.10887551,0.00078852,-0.00119274,-0.00001858,0.00324356,-0.01488688,-0.00294748,0
1.070,0.01058059,0.77099920,2.36273947,0.02807273,-0.03768013,0.01712733,0.04666151,-0.06064310,0.02756504,0.00977706,0.77231419,2.36279525,0.02485773,-0.02292946,0.02002703,0.25427359,-22.65131187,-0.09647410,0.25427359,-22.65131187,-0.09647410,0.01847339,-0.10570439,-0.00799229,0.27274698,-22.75701626,-0.10446640,0.26908567,-22.71578234,-0.11093803,0.00080353,-0.00131499,-0.00005578,0.00321500,-0.01475067,-0.00289970,0
1.080,0.01086365,0.77061936,2.36291213,0.02854074,-0.03828808,0.01740367,0.04693999,-0.06094596,0.02770271,0.01004555,0.77205486,2.36300432,0.02535556,-0.02368058,0.02024697,0.25591350,-22.66341400,-0.09806135,0.25591350,-22.66341400,-0.09806135,0.01863312,-0.10800395,-0.00832468,0.27454661,-22.77141795,-0.10638603,0.27092676,-22.72969326,-0.11298476,0.00081810,-0.00143550,-0.00009219,0.00318518,-0.01460750,-0.00284330,0
1.090,0.01115141,0.77023343,2.36308755,0.02901153,-0.03889903,0.01768138,0.04721581,-0.06124441,0.02783837,0.01031918,0.77178761,2.36321531,0.02585738,-0.02444154,0.02045997,0.25754130,-22.67564774,-0.09966809,0.25754130,-22.67564774,-0.09966809,0.01878386,-0.11022415,-0.00862546,0.27632516,-22.78587188,-0.10829355,0.27274698,-22.74365405,-0.11501589,0.00083223,-0.00155418,-0.00012776,0.00315415,-0.01445749,-0.00277859,0
1.100,0.01144389,0.76984137,2.36326576,0.02948505,-0.03951295,0.01796043,0.04748896,-0.06153848,0.02797204,0.01059798,0.77151237,2.36342816,0.02636313,-0.02521218,0.02066637,0.25915739,-22.68800545,-0.10129614,0.25915739,-22.68800545,-0.10129614,0.01892538,-0.11236438,-0.00889437,0.27808277,-22.80036982,-0.11019051,0.27454661,-22.75765590,-0.11702881,0.00084591,-0.00167100,-0.00016240,0.00312192,-0.01430077,-0.00270594,0
1.110,0.01174112,0.76944316,2.36344676,0.02996130,-0.04012979,0.01824081,0.04775946,-0.06182817,0.02810371,0.01088200,0.77122904,2.36364283,0.02687276,-0.02599232,0.02086647,0.26076150,-22.70050049,-0.10293967,0.26076150,-22.70050049,-0.10293967,0.01905770,-0.11442349,-0.00913156,0.27981920,-22.81492398,-0.11207123,0.27632516,-22.77170550,-0.11902695,0.00085912,-0.00178588,-0.00019607,0.00308854,-0.01413747,-0.00262566,0
1.120,0.01204313,0.76903877,2.36363058,0.03044023,-0.04074950,0.01852250,0.04802732,-0.06211350,0.02823341,0.01117127,0.77093754,2.36385926,0.02738619,-0.02678179,0.02106061,0.26235449,-22.71312523,-0.10460319,0.26235449,-22.71312523,-0.10460319,0.01918075,-0.11640066,-0.00933684,0.28153524,-22.82952589,-0.11394003,0.27808277,-22.78579472,-0.12101202,0.00087186,-0.00189877,-0.00022868,0.00305404,-0.01396771,-0.00253811,0
1.130,0.01234994,0.76862816,2.36381722,0.03092183,-0.04137204,0.01880547,0.04829254,-0.06239447,0.02836112,0.01146581,0.77063778,2.36407741,0.02790337,-0.02758042,0.02124912,0.26393527,-22.72587776,-0.10628566,0.26393527,-22.72587776,-0.10628566,0.01929439,-0.11829542,-0.00951052,0.28322966,-22.84417319,-0.11579618,0.27981920,-22.79993583,-0.12297855,0.00088413,-0.00200962,-0.00026019,0.00301846,-0.01379162,-0.00244365,0
1.140,0.01266157,0.76821132,2.36400669,0.03140607,-0.04199737,0.01908971,0.04855514,-0.06267112,0.02848687,0.01176568,0.77032967,2.36429723,0.02842423,-0.02838802,0.02143233,0.26550493,-22.73876953,-0.10798584,0.26550493,-22.73876953,-0.10798584,0.01939846,-0.12010661,-0.00965280,0.28490339,-22.85887614,-0.11763864,0.28153524,-22.81412048,-0.12493102,0.00089589,-0.00211835,-0.00029054,0.00298184,-0.01360935,-0.00234262,0
1.150,0.01297807,0.76778820,2.36419902,0.03189293,-0.04262545,0.01937520,0.04881510,-0.06294343,0.02861065,0.01207090,0.77001313,2.36451868,0.02894872,-0.02920441,0.02161060,0.26706302,-22.75179482,-0.10970724,0.26706302,-22.75179482,-0.10970724,0.01949330,-0.12183414,-0.00976367,0.28655632,-22.87362895,-0.11947091,0.28322966,-22.82834640,-0.12686888,0.00090717,-0.00222493,-0.00031966,0.00294421,-0.01342104,-0.00223540,0
1.160,0.01329944,0.76735880,2.36439420,0.03238237,-0.04325623,0.01966192,0.04907245,-0.06321144,0.02873247,0.01238151,0.76968809,2.36474173,0.02947676,-0.03002939,0.02178426,0.26860943,-22.76494980,-0.11144602,0.26860943,-22.76494980,-0.11144602,0.01957843,-0.12347667,-0.00984373,0.28818786,-22.88842647,-0.12128975,0.28490339,-22.84262396,-0.12879127,0.00091793,-0.00232929,-0.00034753,0.00290561,-0.01322684,-0.00212234,0
1.170,0.01362572,0.76692307,2.36459226,0.03287437,-0.04388966,0.01994985,0.04932719,-0.06347515,0.02885234,0.01269754,0.76935446,2.36496635,0.03000829,-0.03086279,0.02195368,0.27014482,-22.77824020,-0.11320309,0.27014482,-22.77824020,-0.11320309,0.01965405,-0.12503420,-0.00989308,0.28979887,-22.90327440,-0.12309617,0.28655632,-22.85694746,-0.13070186,0.00092818,-0.00243139,-0.00037409,0.00286608,-0.01302687,-0.00200383,0
1.180,0.01395694,0.76648100,2.36479320,0.03336890,-0.04452572,0.02023896,0.04957933,-0.06373458,0.02897027,0.01301902,0.76901217,2.36519251,0.03054326,-0.03170440,0.02211919,0.27166870,-22.79166603,-0.11497961,0.27166870,-22.79166603,-0.11497961,0.01972020,-0.12650593,-0.00991230,0.29138890,-22.91817197,-0.12489191,0.28818786,-22.87131185,-0.13259760,0.00093792,-0.00253117,-0.00039931,0.00282564,-0.01282132,-0.00188023,0
1.190,0.01429311,0.76603255,2.36499704,0.03386595,-0.04516434,0.02052925,0.04982887,-0.06398974,0.02908625,0.01334599,0.76866114,2.36542018,0.03108158,-0.03255404,0.02228114,0.27318147,-22.80522919,-0.11677703,0.27318147,-22.80522919,-0.11677703,0.01977666,-0.12789165,-0.00990168,0.29295813,-22.93312084,-0.12667871,0.28979887,-22.88572294,-0.13447968,0.00094712,-0.00262859,-0.00042314,0.00278437,-0.01261030,-0.00175189,0
1.200,0.01463426,0.76557770,2.36520379,0.03436547,-0.04580550,0.02082068,0.05007582,-0.06424065,0.02920029,0.01367847,0.76830130,2.36564934,0.03162321,-0.03341149,0.02243989,0.27468270,-22.81893158,-0.11859567,0.27468270,-22.81893158,-0.11859567,0.01982344,-0.12919094,-0.00986178,0.29450614,-22.94812252,-0.12845746,0.29138890,-22.90018005,-0.13634999,0.00095579,-0.00272360,-0.00044555,0.00274226,-0.01239401,-0.00161921,0
1.210,0.01498043,0.76511643,2.36541346,0.03486745,-0.04644914,0.02111325,0.05032019,-0.06448731,0.02931241,0.01401650,0.76793258,2.36587998,0.03216807,-0.03427655,0.02259579,0.27617270,-22.83276749,-0.12043165,0.27617270,-22.83276749,-0.12043165,0.01986080,-0.13040327,-0.00979310,0.29603350,-22.96317075,-0.13022475,0.29295813,-22.91468497,-0.13821045,0.00096393,-0.00281615,-0.00046652,0.00269938,-0.01217259,-0.00148254,0
1.220,0.01533162,0.76464871,2.36562606,0.03537187,-0.04709523,0.02140692,0.05056199,-0.06472974,0.02942261,0.01436010,0.76755492,2.36611207,0.03271609,-0.03514902,0.02274916,0.27765182,-22.84673882,-0.12228683,0.27765182,-22.84673882,-0.12228683,0.01988839,-0.13152857,-0.00969625,0.29754020,-22.97826738,-0.13198307,0.29450614,-22.92923930,-0.14006210,0.00097152,-0.00290621,-0.00048601,0.00265578,-0.01194621,-0.00134224,0
1.230,0.01568787,0.76417452,2.36584160,0.03587868,-0.04774372,0.02170169,0.05080122,-0.06496795,0.02953089,0.01470930,0.76716824,2.36634561,0.03326722,-0.03602869,0.02290035,0.27911988,-22.86085129,-0.12416201,0.27911988,-22.86085129,-0.12416201,0.01990640,-0.13256649,-0.00957179,0.29902627,-22.99341778,-0.13373380,0.29603350,-22.94383691,-0.14190171,0.00097857,-0.00299372,-0.00050401,0.00261146,-0.01171503,-0.00119866,0
1.240,0.01604920,0.76369383,2.36606010,0.03638788,-0.04839457,0.02199753,0.05103788,-0.06520196,0.02963725,0.01506414,0.76677249,2.36658059,0.03382138,-0.03691534,0.02304970,0.28057697,-22.87510490,-0.12605844,0.28057697,-22.87510490,-0.12605844,0.01991483,-0.13351708,-0.00942028,0.30049181,-23.00862198,-0.13547872,0.29754020,-22.95847974,-0.14373194,0.00098506,-0.00307866,-0.00052049,0.00256650,-0.01147923,-0.00105217,0
1.250,0.01641564,0.76320662,2.36628156,0.03689943,-0.04904775,0.02229443,0.05127200,-0.06543178,0.02974172,0.01542464,0.76636760,2.36681700,0.03437851,-0.03780876,0.02319753,0.28202292,-22.88949203,-0.12797523,0.28202292,-22.88949203,-0.12797523,0.01991378,-0.13438021,-0.00924249,0.30193671,-23.02387224,-0.13721772,0.29902627,-22.97317328,-0.14555431,0.00099100,-0.00316098,-0.00053544,0.00252092,-0.01123899,-0.00090310,0
1.260,0.01678720,0.76271287,2.36650599,0.03741331,-0.04970320,0.02259236,0.05150356,-0.06565742,0.02984428,0.01579083,0.76595351,2.36705484,0.03493854,-0.03870872,0.02334416,0.28345805,-22.90402031,-0.12990773,0.28345805,-22.90402031,-0.12990773,0.01990309,-0.13515571,-0.00903915,0.30336114,-23.03917602,-0.13894688,0.30049181,-22.98791767,-0.14737076,0.00099637,-0.00324064,-0.00054885,0.00247477,-0.01099448,-0.00075180,0
1.270,0.01716391,0.76221255,2.36673341,0.03792950,-0.05036088,0.02289131,0.05173259,-0.06587890,0.02994496,0.01616273,0.76553017,2.36729411,0.03550140,-0.03961501,0.02348992,0.28488207,-22.91869164,-0.13186517,0.28543450,-22.91728383,-0.13153020,0.01988289,-0.13584382,-0.00881082,0.30531739,-23.05312766,-0.14034101,0.30193671,-23.00270530,-0.14918132,0.00100118,-0.00331762,-0.00056070,0.00242810,-0.01074587,-0.00059861,1
1.280,0.01754580,0.76170564,2.36696382,0.03844796,-0.05102076,0.02319125,0.05195908,-0.06609624,0.03004374,0.01616273,0.76553017,2.36729411,0.03550140,-0.03961501,0.02348992,0.28629518,-22.93350029,-0.13384047,0.28684949,-22.93209200,-0.13350491,0.02664954,-0.15182362,-0.00506597,0.31349903,-23.08391562,-0.13857088,0.30193671,-23.00270530,-0.14918132,0.00138307,-0.00382453,-0.00033029,0.00294656,-0.01140575,-0.00029867,1
1.290,0.01793288,0.76119212,2.36719723,0.03896867,-0.05168279,0.02349218,0.05218305,-0.06630943,0.03014065,0.01654037,0.76509753,2.36753482,0.03606703,-0.04052740,0.02363513,0.28769806,-22.94845009,-0.13583489,0.28825423,-22.94704138,-0.13549876,0.02670270,-0.15260148,-0.00477185,0.31495693,-23.09964286,-0.14027062,0.30336114,-23.01754373,-0.15098225,0.00139251,-0.00390541,-0.00033759,0.00290164,-0.01115539,-0.00014295,1
1.300,0.01832518,0.76067198,2.36743367,0.03949161,-0.05234693,0.02379406,0.05240449,-0.06651850,0.03023568,0.01692373,0.76465574,2.36777688,0.03663434,-0.04144024,0.02377792,0.28908989,-22.96354294,-0.13784945,0.28964787,-22.96213383,-0.13751281,0.02674943,-0.15332480,-0.00444757,0.31639730,-23.11545863,-0.14196038,0.30336114,-23.01708665,-0.15105003,0.00140145,-0.00398376,-0.00034321,0.00285727,-0.01090669,0.00001614,1
1.310,0.01872272,0.76014518,2.36767312,0.04001675,-0.05301315,0.02409689,0.05262343,-0.06672346,0.03032885,0.01731280,0.76420498,2.36802022,0.03720250,-0.04234919,0.02391696,0.29047099,-22.97877884,-0.13988620,0.29103075,-22.97736940,-0.13954905,0.02679186,-0.15402021,-0.00408902,0.31782261,-23.13138961,-0.14363807,0.30336114,-23.01663798,-0.15111392,0.00140992,-0.00405980,-0.00034710,0.00281425,-0.01066396,0.00017993,1
1.320,0.01912552,0.75961171,2.36791561,0.04054407,-0.05368139,0.02440063,0.05283986,-0.06692433,0.03042015,0.01770761,0.76374522,2.36826486,0.03777208,-0.04325600,0.02405377,0.29184157,-22.99415779,-0.14194438,0.29240308,-22.99274807,-0.14160676,0.02682862,-0.15467827,-0.00370003,0.31923170,-23.14742633,-0.14530679,0.30531739,-23.03013944,-0.15257312,0.00141791,-0.00413351,-0.00034925,0.00277199,-0.01042539,0.00034686,1
1.330,0.01953361,0.75907154,2.36816113,0.04107354,-0.05435162,0.02470528,0.05305379,-0.06712111,0.03050960,0.01810831,0.76327608,2.36851154,0.03834652,-0.04417041,0.02420718,0.29320118,-23.00967598,-0.14402087,0.29376442,-23.00826601,-0.14368282,0.02685099,-0.15524165,-0.00333729,0.32061540,-23.16350766,-0.14702011,0.31349903,-23.06045881,-0.15090459,0.00142530,-0.00420454,-0.00035041,0.00272702,-0.01018121,0.00049810,1
1.340,0.01994700,0.75852467,2.36840971,0.04160514,-0.05502380,0.02501082,0.05326523,-0.06731382,0.03059719,0.01851492,0.76279753,2.36876026,0.03892521,-0.04509164,0.02437350,0.29455060,-23.02533531,-0.14612038,0.29511552,-23.02392516,-0.14578190,0.02685989,-0.15571286,-0.00299147,0.32197541,-23.17963802,-0.14877337,0.31495693,-23.07571520,-0.15270684,0.00143208,-0.00427286,-0.00035055,0.00267993,-0.00993216,0.00063732,1
1.350,0.02036572,0.75797106,2.36866135,0.04213884,-0.05569788,0.02531722,0.05347418,-0.06750248,0.03068294,0.01892743,0.76230974,2.36901096,0.03950665,-0.04601344,0.02454756,0.29588956,-23.04114342,-0.14823760,0.29645615,-23.03973313,-0.14789873,0.02685900,-0.15612846,-0.00264870,0.32331515,-23.19586159,-0.15054742,0.31495693,-23.07525343,-0.15280548,0.00143829,-0.00433868,-0.00034961,0.00263219,-0.00968444,0.00076966,1
1.360,0.02078978,0.75741071,2.36891606,0.04267461,-0.05637383,0.02562447,0.05368066,-0.06768709,0.03076686,0.01934586,0.76181267,2.36926365,0.04009075,-0.04693669,0.02472801,0.29721799,-23.05709076,-0.15037780,0.29778621,-23.05568037,-0.15003856,0.02684823,-0.15648290,-0.00230583,0.32463444,-23.21216328,-0.15234439,0.31639730,-23.09060541,-0.15459506,0.00144392,-0.00440196,-0.00034759,0.00258386,-0.00943714,0.00089646,1
1.370,0.02121921,0.75684358,2.36917385,0.04321244,-0.05705161,0.02593255,0.05388467,-0.06786767,0.03084894,0.01977023,0.76130629,2.36951837,0.04067743,-0.04786201,0.02491395,0.29853585,-23.07318497,-0.15253691,0.29910567,-23.07177456,-0.15219734,0.02682781,-0.15677289,-0.00196090,0.32593348,-23.22854745,-0.15415824,0.31782261,-23.10607062,-0.15637397,0.00144898,-0.00446271,-0.00034452,0.00253501,-0.00918960,0.00101860,1
1.380,0.02165404,0.75626967,2.36943472,0.04375230,-0.05773117,0.02624144,0.05408621,-0.06804424,0.03092920,0.02020053,0.76079079,2.36977504,0.04126557,-0.04878410,0.02510216,0.29984355,-23.08942413,-0.15471697,0.30041493,-23.08801373,-0.15437709,0.02680065,-0.15702945,-0.00160490,0.32721558,-23.24504318,-0.15598199,0.31782261,-23.10561442,-0.15647146,0.00145351,-0.00452112,-0.00034032,0.00248673,-0.00894707,0.00113928,1
1.390,0.02209427,0.75568895,2.36969868,0.04429416,-0.05841248,0.02655113,0.05428530,-0.06821680,0.03100764,0.02063678,0.76026613,2.37003369,0.04185538,-0.04970464,0.02529290,0.30114073,-23.10580444,-0.15691981,0.30171364,-23.10439409,-0.15657964,0.02676594,-0.15724386,-0.00123885,0.32847958,-23.26163795,-0.15781848,0.31923170,-23.12119319,-0.15823935,0.00145749,-0.00457718,-0.00033501,0.00243878,-0.00870784,0.00125823,1
1.400,0.02253993,0.75510141,2.36996574,0.04483800,-0.05909550,0.02686159,0.05448194,-0.06838537,0.03108426,0.02107900,0.75973227,2.37029435,0.04244698,-0.05062483,0.02548628,0.30242813,-23.12232780,-0.15914333,0.30300254,-23.12091757,-0.15880290,0.02672352,-0.15740948,-0.00086335,0.32972606,-23.27832704,-0.15966626,0.32061540,-23.13681498,-0.16005333,0.00146093,-0.00463086,-0.00032861,0.00239102,-0.00847067,0.00137531,1
1.410,0.02299103,0.75450703,2.37023591,0.04538379,-0.05978018,0.02717281,0.05467613,-0.06854996,0.03115907,0.02152721,0.75918920,2.37055706,0.04304045,-0.05154545,0.02568232,0.30370459,-23.13900375,-0.16138794,0.30428048,-23.13759366,-0.16104726,0.02667298,-0.15752180,-0.00047866,0.33095346,-23.29511545,-0.16152593,0.32197541,-23.15248436,-0.16190859,0.00146382,-0.00468217,-0.00032115,0.00234334,-0.00823473,0.00149049,1
1.420,0.02344761,0.75390580,2.37050920,0.04593151,-0.06046648,0.02748477,0.05486789,-0.06871060,0.03123209,0.02198139,0.75863711,2.37082173,0.04363483,-0.05246131,0.02587858,0.30497122,-23.15582466,-0.16365258,0.30554854,-23.15441477,-0.16331170,0.02661715,-0.15761200,-0.00007771,0.33216569,-23.31202677,-0.16338942,0.32197541,-23.15203358,-0.16200705,0.00146622,-0.00473131,-0.00031253,0.00229668,-0.00800517,0.00160619,1
1.430,0.02390967,0.75329770,2.37078561,0.04648114,-0.06115438,0.02779744,0.05505722,-0.06886728,0.03130331,0.02244156,0.75807598,2.37108840,0.04423038,-0.05337418,0.02607572,0.30622768,-23.17278481,-0.16593742,0.30680642,-23.17137518,-0.16559637,0.02655510,-0.15767096,0.00033743,0.33336153,-23.32904614,-0.16525894,0.32331515,-23.16780518,-0.16388098,0.00146811,-0.00477828,-0.00030279,0.00225076,-0.00778020,0.00172172,1
1.440,0.02437724,0.75268271,2.37106515,0.04703265,-0.06184382,0.02811083,0.05524413,-0.06902002,0.03137274,0.02290774,0.75750579,2.37135710,0.04482732,-0.05428536,0.02627420,0.30747434,-23.18988800,-0.16824500,0.30805445,-23.18847866,-0.16790378,0.02648655,-0.15769197,0.00076537,0.33454100,-23.34617064,-0.16713841,0.32463444,-23.18365384,-0.16577921,0.00146950,-0.00482308,-0.00029195,0.00220533,-0.00755846,0.00183663,1
1.450,0.02485033,0.75206082,2.37134783,0.04758601,-0.06253476,0.02842489,0.05542863,-0.06916885,0.03144038,0.02337995,0.75692653,2.37162785,0.04542577,-0.05519573,0.02647440,0.30871063,-23.20714378,-0.17057300,0.30929209,-23.20573480,-0.17023164,0.02641102,-0.15767006,0.00120484,0.33570312,-23.36340487,-0.16902681,0.32593348,-23.19958402,-0.16769573,0.00147038,-0.00486571,-0.00028002,0.00216024,-0.00733903,0.00195049,1
1.460,0.02532896,0.75143201,2.37163365,0.04814121,-0.06322718,0.02873963,0.05561071,-0.06931376,0.03150625,0.02385817,0.75633839,2.37190059,0.04602482,-0.05610011,0.02667421,0.30993700,-23.22454262,-0.17292324,0.31051977,-23.22313403,-0.17258179,0.02633096,-0.15763703,0.00166196,0.33685074,-23.38077105,-0.17091983,0.32593348,-23.19914083,-0.16779507,0.00147079,-0.00490638,-0.00026694,0.00211639,-0.00712707,0.00206542,1
1.470,0.02581316,0.75079627,2.37192262,0.04869822,-0.06392103,0.02905501,0.05579040,-0.06945477,0.03157035,0.02434242,0.75574138,2.37217534,0.04662477,-0.05700036,0.02687453,0.31115341,-23.24208069,-0.17529574,0.31173748,-23.24067254,-0.17495422,0.02624586,-0.15758313,0.00213417,0.33798334,-23.39825567,-0.17282005,0.32721558,-23.21519262,-0.16971972,0.00147074,-0.00494511,-0.00025272,0.00207345,-0.00692067,0.00218048,1
1.480,0.02630293,0.75015359,2.37221475,0.04925701,-0.06461626,0.02937103,0.05596769,-0.06959190,0.03163268,0.02483271,0.75513548,2.37245215,0.04722584,-0.05789785,0.02707603,0.31235987,-23.25977516,-0.17769076,0.31294519,-23.25836751,-0.17734918,0.02615495,-0.15750123,0.00261946,0.33910014,-23.41586874,-0.17472972,0.32847958,-23.23134279,-0.17165874,0.00147022,-0.00498189,-0.00023740,0.00203117,-0.00671841,0.00229500,1
1.490,0.02679831,0.74950394,2.37251005,0.04981756,-0.06531285,0.02968766,0.05614260,-0.06972517,0.03169326,0.02532906,0.75452067,2.37273103,0.04782819,-0.05879355,0.02727925,0.31355643,-23.27762032,-0.18010569,0.31414298,-23.27621320,-0.17976408,0.02605824,-0.15738680,0.00311609,0.34020122,-23.43360000,-0.17664800,0.32972606,-23.24758672,-0.17361072,0.00146925,-0.00501673,-0.00022098,0.00198937,-0.00651930,0.00240841,1
1.500,0.02729929,0.74884732,2.37280851,0.05037985,-0.06601075,0.03000489,0.05631512,-0.06985457,0.03175208,0.02583145,0.75389719,2.37301195,0.04843092,-0.05968221,0.02748220,0.31474301,-23.29560280,-0.18254201,0.31533074,-23.29419628,-0.18220041,0.02595766,-0.15727152,0.00362973,0.34128840,-23.45146780,-0.17857068,0.32972606,-23.24715294,-0.17371178,0.00146784,-0.00504987,-0.00020344,0.00194893,-0.00632854,0.00252269,1
1.510,0.02780591,0.74818372,2.37311015,0.05094386,-0.06670993,0.03032270,0.05648527,-0.06998013,0.03180915,0.02685442,0.75262417,2.37357998,0.04918614,-0.06078300,0.02773826,0.31591979,-23.31373596,-0.18500027,0.31650869,-23.31233007,-0.18465868,0.01783102,-0.14003691,0.00032053,0.33433971,-23.45236698,-0.18433815,0.33216569,-23.27998409,-0.17764264,0.00095149,-0.00444045,-0.00046983,0.00175772,-0.00592693,0.00258444,1
1.520,0.02831817,0.74751312,2.37341496,0.05150955,-0.06741034,0.03064106,0.05665306,-0.07010186,0.03186448,0.02737502,0.75197462,2.37386718,0.04990472,-0.06182593,0.02798374,0.31708699,-23.33201218,-0.18748000,0.31767702,-23.33060697,-0.18713845,0.01740100,-0.13885956,0.00073119,0.33507802,-23.46946653,-0.18640726,0.33336153,-23.29656878,-0.17961902,0.00094315,-0.00446150,-0.00045222,0.00160483,-0.00558441,0.00265732,1
1.530,0.02883610,0.74683551,2.37372297,0.05207691,-0.06811195,0.03095998,0.05681849,-0.07021978,0.03191808,0.02790173,0.75131638,2.37415656,0.05059621,-0.06282555,0.02822234,0.31824410,-23.35043907,-0.18998343,0.31883522,-23.34903460,-0.18964196,0.01702203,-0.13786262,0.00117374,0.33585726,-23.48689722,-0.18846822,0.33454100,-23.31325843,-0.18160748,0.00093437,-0.00448087,-0.00043359,0.00148070,-0.00528640,0.00273764,1
1.540,0.02935972,0.74615088,2.37403417,0.05264591,-0.06881473,0.03127942,0.05698156,-0.07033389,0.03196995,0.02897339,0.74997453,2.37474173,0.05141907,-0.06399798,0.02850845,0.31939211,-23.36900902,-0.19250843,0.31998432,-23.36760531,-0.19216704,0.00829410,-0.11909147,-0.00230526,0.32827842,-23.48669678,-0.19447230,0.33570312,-23.32964723,-0.18371020,0.00038633,-0.00382365,-0.00070756,0.00122684,-0.00481675,0.00277097,1
1.550,0.02988903,0.74545921,2.37434856,0.05321654,-0.06951862,0.03159937,0.05714229,-0.07044421,0.03202009,0.02951837,0.74929092,2.37503761,0.05218885,-0.06508862,0.02877838,0.32053021,-23.38772774,-0.19505386,0.32112345,-23.38632485,-0.19471261,0.00766107,-0.11736699,-0.00194029,0.32878453,-23.50369184,-0.19665290,0.33685074,-23.34659078,-0.18571391,0.00037066,-0.00383171,-0.00068905,0.00102769,-0.00443000,0.00282099,1
1.560,0.03042405,0.74476050,2.37466615,0.05378875,-0.07022360,0.03191982,0.05730069,-0.07055075,0.03206852,0.03006947,0.74859887,2.37533576,0.05291918,-0.06611786,0.02903742,0.32165864,-23.40659332,-0.19762208,0.32225290,-23.40519132,-0.19728098,0.00710398,-0.11591973,-0.00153464,0.32935688,-23.52111105,-0.19881562,0.33798334,-23.36365288,-0.18772731,0.00035458,-0.00383837,-0.00066961,0.00086957,-0.00410574,0.00288240,1
1.570,0.03096481,0.74405474,2.37498696,0.05436254,-0.07092962,0.03224074,0.05745675,-0.07065353,0.03211524,0.03062667,0.74789862,2.37563611,0.05361927,-0.06709471,0.02928688,0.32277745,-23.42560768,-0.20021470,0.32337268,-23.42420660,-0.19987377,0.00660519,-0.11471093,-0.00109072,0.32997787,-23.53891753,-0.20096448,0.33798334,-23.36324303,-0.18783769,0.00033814,-0.00384388,-0.00064915,0.00074327,-0.00383491,0.00295386,1
1.580,0.03151131,0.74334191,2.37531097,0.05493788,-0.07163666,0.03256212,0.05761048,-0.07075256,0.03216026,0.03175939,0.74647354,2.37624365,0.05444998,-0.06823674,0.02958837,0.32388684,-23.44475555,-0.20282775,0.32448303,-23.44335543,-0.20248701,-0.00269916,-0.09473621,-0.00472783,0.32178387,-23.53809164,-0.20721484,0.34020122,-23.39776859,-0.19189441,-0.00024808,-0.00313163,-0.00093268,0.00048790,-0.00339992,0.00297375,1
1.590,0.03206357,0.74262200,2.37563820,0.05551474,-0.07234466,0.03288394,0.05776190,-0.07084786,0.03220357,0.03233490,0.74574899,2.37655084,0.05522534,-0.06929134,0.02987101,0.32498685,-23.46407127,-0.20546080,0.32558395,-23.46267214,-0.20512030,-0.00344525,-0.09289343,-0.00437027,0.32213870,-23.55556557,-0.20949057,0.34020122,-23.39737243,-0.19200747,-0.00027133,-0.00312699,-0.00091264,0.00028940,-0.00305332,0.00301293,1
1.600,0.03262161,0.74189501,2.37596865,0.05609311,-0.07305360,0.03320618,0.05791101,-0.07093943,0.03224519,0.03291652,0.74501653,2.37686035,0.05595949,-0.07028013,0.03014098,0.32607695,-23.48352242,-0.20811802,0.32667494,-23.48212437,-0.20777775,-0.00411078,-0.09136357,-0.00396825,0.32256416,-23.57348793,-0.21174600,0.34128840,-23.41484456,-0.19404613,-0.00029491,-0.00312152,-0.00089170,0.00013362,-0.00277347,0.00306520,1
1.610,0.03318544,0.74116093,2.37630233,0.05667296,-0.07376344,0.03352883,0.05805782,-0.07102729,0.03228513,0.03409767,0.74352900,2.37748417,0.05680862,-0.07139815,0.03042370,0.32715762,-23.50312042,-0.21079832,0.32775646,-23.50172346,-0.21045832,-0.01391002,-0.07049115,-0.00764138,0.31384644,-23.57221461,-0.21809970,0.33507802,-23.43209042,-0.20204319,-0.00091223,-0.00236807,-0.00118184,-0.00013566,-0.00236529,0.00310513,1
1.620,0.03375507,0.74041974,2.37663923,0.05725426,-0.07447413,0.03385188,0.05820233,-0.07111145,0.03232339,0.03469718,0.74277423,2.37779846,0.05759412,-0.07241776,0.03067513,0.32822952,-23.52286720,-0.21350187,0.32882920,-23.52147139,-0.21316216,-0.01476751,-0.06861184,-0.00716960,0.31406169,-23.59008323,-0.22033177,0.33507802,-23.43172823,-0.20212197,-0.00094211,-0.00235449,-0.00115923,-0.00033986,-0.00205637,0.00317675,1
1.630,0.03433053,0.73967144,2.37697936,0.05783700,-0.07518565,0.03417530,0.05834455,-0.07119193,0.03235997,0.03530264,0.74201225,2.37811437,0.05833203,-0.07336286,0.03090414,0.32929176,-23.54275513,-0.21622643,0.32989224,-23.54136050,-0.21588703,-0.01552879,-0.06710656,-0.00661986,0.31436345,-23.60846706,-0.22250690,0.33585726,-23.44879813,-0.20426380,-0.00097211,-0.00234081,-0.00113501,-0.00049503,-0.00182279,0.00327116,1
1.640,0.03491182,0.73891602,2.37732274,0.05842114,-0.07589796,0.03449907,0.05848449,-0.07126874,0.03239488,0.03591390,0.74124345,2.37843113,0.05903054,-0.07424205,0.03109705,0.33034474,-23.56279373,-0.21897322,0.33094599,-23.56140035,-0.21863417,-0.01620807,-0.06594243,-0.00594776,0.31473791,-23.62734278,-0.22458193,0.32827842,-23.44825698,-0.21031021,-0.00100208,-0.00232743,-0.00110839,-0.00060940,-0.00165591,0.00340202,1
1.650,0.03549896,0.73815348,2.37766935,0.05900668,-0.07661102,0.03482319,0.05862215,-0.07134189,0.03242813,0.03715383,0.73968558,2.37906730,0.05984460,-0.07523919,0.03128635,0.33138835,-23.58297729,-0.22174285,0.33199034,-23.58158521,-0.22140416,-0.02645864,-0.04464170,-0.00937642,0.30553170,-23.62622691,-0.23078058,0.32935688,-23.48199574,-0.21474274,-0.00165487,-0.00153210,-0.00139795,-0.00083792,-0.00137183,0.00353684,1
1.660,0.03609196,0.73738380,2.37801920,0.05959358,-0.07732479,0.03514763,0.05875755,-0.07141140,0.03245973,0.03778247,0.73889681,2.37938672,0.06059956,-0.07614849,0.03145025,0.33242270,-23.60331154,-0.22453685,0.33302541,-23.60192076,-0.22419855,-0.02733112,-0.04319002,-0.00858083,0.30569429,-23.64511078,-0.23277938,0.32935688,-23.48167287,-0.21478660,-0.00169051,-0.00151301,-0.00136752,-0.00100598,-0.00117630,0.00369738,1
1.670,0.03669083,0.73660698,2.37837230,0.06018182,-0.07803923,0.03547238,0.05889068,-0.07147728,0.03248967,0.03841689,0.73810163,2.37970707,0.06131026,-0.07699106,0.03159635,0.33344793,-23.62378502,-0.22735418,0.33405132,-23.62239563,-0.22701629,-0.02811107,-0.04209313,-0.00770977,0.30594025,-23.66448876,-0.23472606,0.32997787,-23.49915814,-0.21698182,-0.00172606,-0.00149465,-0.00133477,-0.00112844,-0.00104817,0.00387603,1
1.680,0.03729560,0.73582301,2.37872865,0.06077138,-0.07875432,0.03579742,0.05902156,-0.07153954,0.03251797,0.03905694,0.73730044,2.38002754,0.06198375,-0.07777295,0.03170911,0.33446386,-23.64440536,-0.23019052,0.33506790,-23.64301740,-0.22985306,-0.02880978,-0.04133168,-0.00671397,0.30625812,-23.68434908,-0.23656703,0.32178387,-23.49803232,-0.22323853,-0.00176134,-0.00147743,-0.00129889,-0.00121237,-0.00098137,0.00408831,1
1.690,0.03790626,0.73503189,2.37908825,0.06136224,-0.07947001,0.03612273,0.05915019,-0.07159819,0.03254463,0.04035387,0.73568024,2.38066903,0.06276966,-0.07865613,0.03180310,0.33547065,-23.66517067,-0.23305227,0.33607530,-23.66378417,-0.23271527,-0.03949641,-0.01976860,-0.00980178,0.29657889,-23.68355277,-0.24251705,0.32256416,-23.53283510,-0.22778852,-0.00244761,-0.00064835,-0.00158078,-0.00140742,-0.00081388,0.00431963,1
1.700,0.03852285,0.73423361,2.37945110,0.06195438,-0.08018627,0.03644830,0.05927658,-0.07165326,0.03256966,0.04101073,0.73486156,2.38099007,0.06349875,-0.07945923,0.03187839,0.33646861,-23.68608284,-0.23593560,0.33707385,-23.68469786,-0.23559909,-0.04037686,-0.01882552,-0.00863413,0.29669699,-23.70352338,-0.24423321,0.32256416,-23.53255366,-0.22779813,-0.00248788,-0.00062795,-0.00153897,-0.00154437,-0.00072704,0.00456991,1
1.710,0.03914536,0.73342816,2.37981722,0.06254777,-0.08090306,0.03677412,0.05940074,-0.07170475,0.03259307,0.04167301,0.73403768,2.38131050,0.06418100,-0.08019124,0.03191943,0.33745724,-23.70713997,-0.23884273,0.33806306,-23.70575655,-0.23850673,-0.04115362,-0.01829006,-0.00732967,0.29690944,-23.72404660,-0.24583639,0.31384644,-23.53102097,-0.23412099,-0.00252765,-0.00060952,-0.00149328,-0.00163323,-0.00071182,0.00485469,1
1.720,0.03977381,0.73261555,2.38018659,0.06314239,-0.08162035,0.03710016,0.05952267,-0.07175268,0.03261485,0.04234070,0.73320867,2.38163037,0.06482799,-0.08086888,0.03193636,0.33843708,-23.72834778,-0.24177489,0.33904343,-23.72696596,-0.24143943,-0.04184952,-0.01807930,-0.00591484,0.29719392,-23.74504526,-0.24735427,0.31406169,-23.54863233,-0.23632533,-0.00256689,-0.00059312,-0.00144378,-0.00168560,-0.00075147,0.00516380,1
1.730,0.04040821,0.73179576,2.38055922,0.06373822,-0.08233811,0.03742641,0.05964238,-0.07179705,0.03263502,0.04369230,0.73153532,2.38226880,0.06558364,-0.08163201,0.03192796,0.33940750,-23.74968910,-0.24472585,0.34001436,-23.74830893,-0.24439094,-0.05293050,0.00348686,-0.00853525,0.28708386,-23.74482208,-0.25292620,0.31473791,-23.58538209,-0.24053331,-0.00328409,0.00026044,-0.00170958,-0.00184542,-0.00070610,0.00549845,1
1.740,0.04104857,0.73096878,2.38093512,0.06433523,-0.08305628,0.03775286,0.05975988,-0.07183789,0.03265359,0.04437619,0.73069132,2.38258745,0.06628482,-0.08232413,0.03191224,0.34036905,-23.77118683,-0.24770409,0.34097638,-23.76980835,-0.24736977,-0.05379504,0.00378282,-0.00693724,0.28718134,-23.76602554,-0.25430701,0.31473791,-23.58514253,-0.24051447,-0.00332762,0.00027746,-0.00165233,-0.00194959,-0.00073215,0.00584062,1
1.750,0.04169492,0.73013463,2.38131428,0.06493341,-0.08377485,0.03807948,0.05987518,-0.07187521,0.03267055,0.04506527,0.72984296,2.38290495,0.06694072,-0.08295196,0.03187172,0.34132186,-23.79281998,-0.25070509,0.34192964,-23.79144324,-0.25037137,-0.05455486,0.00368478,-0.00521944,0.28737478,-23.78775846,-0.25559081,0.30553170,-23.58380919,-0.24665566,-0.00337035,0.00029167,-0.00159067,-0.00200731,-0.00082289,0.00620776,1
1.760,0.04234725,0.72929329,2.38169671,0.06553272,-0.08449378,0.03840626,0.05998827,-0.07190901,0.03268592,0.04575955,0.72899029,2.38322143,0.06756252,-0.08353088,0.03181572,0.34226575,-23.81459999,-0.25372624,0.34287395,-23.81322504,-0.25339314,-0.05523248,0.00326874,-0.00340662,0.28764147,-23.80995629,-0.25679976,0.30569429,-23.60247696,-0.24860324,-0.00341230,0.00030300,-0.00152472,-0.00202980,-0.00096290,0.00659054,1
1.770,0.04300557,0.72844475,2.38208240,0.06613316,-0.08521302,0.03873319,0.06009917,-0.07193932,0.03269969,0.04716368,0.72727204,2.38385190,0.06828838,-0.08417994,0.03173368,0.34320030,-23.83651924,-0.25677314,0.34380889,-23.83514612,-0.25644069,-0.06667462,0.02466296,-0.00556810,0.27713426,-23.81048316,-0.26200880,0.30625812,-23.64128552,-0.25231081,-0.00415811,0.00117271,-0.00176950,-0.00215522,-0.00103308,0.00699951,1
1.780,0.04366991,0.72758902,2.38247137,0.06673470,-0.08593255,0.03906025,0.06020789,-0.07196615,0.03271188,0.04787350,0.72640677,2.38416606,0.06896176,-0.08476657,0.03165436,0.34412661,-23.85859299,-0.25984246,0.34473556,-23.85722173,-0.25951067,-0.06750469,0.02423920,-0.00358137,0.27723086,-23.83298253,-0.26309204,0.30625812,-23.64108585,-0.25227523,-0.00420359,0.00118225,-0.00169469,-0.00222706,-0.00116598,0.00740589,1
1.790,0.04434027,0.72672610,2.38286361,0.06733731,-0.08665233,0.03938742,0.06031443,-0.07198950,0.03272250,0.04858829,0.72553795,2.38447879,0.06959115,-0.08529545,0.03155903,0.34504399,-23.88080025,-0.26293802,0.34565327,-23.87943091,-0.26260693,-0.06822900,0.02343459,-0.00149310,0.27742427,-23.85599632,-0.26410002,0.29657889,-23.64011173,-0.25815356,-0.00424802,0.00118815,-0.00161518,-0.00225384,-0.00135688,0.00782839,1
1.800,0.04501666,0.72585598,2.38325912,0.06794098,-0.08737233,0.03971469,0.06041880,-0.07200940,0.03273154,0.05003278,0.72378967,2.38510074,0.07031153,-0.08586953,0.03143091,0.34595263,-23.90315056,-0.26605356,0.34656222,-23.90178319,-0.26572317,-0.07998892,0.04466327,-0.00330025,0.26657330,-23.85711992,-0.26902341,0.29690944,-23.68025072,-0.26135967,-0.00501612,0.00206631,-0.00184162,-0.00237055,-0.00150280,0.00828378,1
1.810,0.04569910,0.72497865,2.38365790,0.06854568,-0.08809251,0.04004205,0.06052100,-0.07202585,0.03273902,0.05076244,0.72291050,2.38541020,0.07097521,-0.08638128,0.03130968,0.34685206,-23.92565155,-0.26919267,0.34746192,-23.92428618,-0.26886302,-0.08082026,0.04367115,-0.00101936,0.26664166,-23.88061502,-0.26988239,0.29690944,-23.68008833,-0.26130939,-0.00506334,0.00206815,-0.00175230,-0.00242953,-0.00171123,0.00873237,1
1.820,0.04638758,0.72409413,2.38405996,0.06915139,-0.08881283,0.04036947,0.06062105,-0.07203887,0.03274494,0.05149704,0.72202808,2.38571890,0.07159630,-0.08684652,0.03119962,0.34774309,-23.94828415,-0.27235717,0.34835320,-23.94692083,-0.27202829,-0.08154787,0.04234745,0.00128643,0.26680533,-23.90457337,-0.27074186,0.29719392,-23.70092413,-0.26278899,-0.00510946,0.00206605,-0.00165894,-0.00244491,-0.00196631,0.00916985,1
1.830,0.04708213,0.72320240,2.38446529,0.06975810,-0.08953327,0.04069694,0.06071895,-0.07204848,0.03274931,0.05298045,0.72025472,2.38633230,0.07229906,-0.08733745,0.03105281,0.34862563,-23.97106171,-0.27554473,0.34923595,-23.96970047,-0.27521664,-0.09357879,0.06324644,-0.00023463,0.25565716,-23.90645403,-0.27545127,0.28718134,-23.72162043,-0.26961320,-0.00589832,0.00294768,-0.00186701,-0.00254096,-0.00219582,0.00964413,1
1.840,0.04778274,0.72230346,2.38487390,0.07036577,-0.09025379,0.04102445,0.06081471,-0.07205468,0.03275213,0.05372925,0.71936375,2.38663756,0.07294447,-0.08777742,0.03092116,0.34949905,-23.99397850,-0.27875638,0.35010956,-23.99261942,-0.27842908,-0.09438317,0.06165042,0.00225504,0.25572639,-23.93096900,-0.27617404,0.28737478,-23.74320979,-0.27085390,-0.00594651,0.00293971,-0.00176366,-0.00257870,-0.00247637,0.01010329,1
1.850,0.04848944,0.72139732,2.38528578,0.07097438,-0.09097436,0.04135198,0.06090832,-0.07205749,0.03275340,0.05448279,0.71846987,2.38694227,0.07354683,-0.08817998,0.03080856,0.35036385,-24.01704407,-0.28199100,0.35097452,-24.01568716,-0.28166454,-0.09507925,0.05975967,0.00474693,0.25589528,-23.95592749,-0.27691761,0.28764147,-23.76526245,-0.27203515,-0.00599335,0.00292745,-0.00165649,-0.00257245,-0.00279438,0.01054342,1
1.860,0.04920224,0.72048397,2.38570094,0.07158393,-0.09169493,0.04167951,0.06099981,-0.07205692,0.03275315,0.05524104,0.71757340,2.38724645,0.07411616,-0.08854686,0.03071093,0.35122022,-24.04024124,-0.28524953,0.35183102,-24.03888655,-0.28492392,-0.09568646,0.05757513,0.00725102,0.25614456,-23.98131141,-0.27767290,0.28764147,-23.76513255,-0.27200878,-0.00603880,0.00291057,-0.00154551,-0.00253223,-0.00314807,0.01096858,1
1.870,0.04992113,0.71956342,2.38611937,0.07219437,-0.09241548,0.04200704,0.06108918,-0.07205299,0.03275136,0.05677103,0.71577384,2.38785180,0.07476829,-0.08893246,0.03059040,0.35206816,-24.06358719,-0.28853148,0.35267907,-24.06223477,-0.28820673,-0.10794323,0.07788313,0.00593942,0.24473584,-23.98435164,-0.28226730,0.27723086,-23.78793791,-0.27820644,-0.00684990,0.00378958,-0.00173243,-0.00257392,-0.00348302,0.01141664,1
1.880,0.05064613,0.71863566,2.38654108,0.07280570,-0.09313598,0.04233454,0.06117644,-0.07204571,0.03274805,0.05754275,0.71487102,2.38815335,0.07536916,-0.08926971,0.03048139,0.35290760,-24.08706284,-0.29183754,0.35351859,-24.08571274,-0.29151369,-0.10862999,0.07535079,0.00859125,0.24488859,-24.01036194,-0.28292244,0.27723086,-23.78784180,-0.27816922,-0.00689662,0.00376464,-0.00161227,-0.00256346,-0.00386627,0.01185315,1
1.890,0.05137724,0.71770070,2.38696606,0.07341789,-0.09385639,0.04266199,0.06126158,-0.07203509,0.03274322,0.05831893,0.71396624,2.38845450,0.07593156,-0.08957189,0.03038991,0.35373786,-24.11068344,-0.29516774,0.35434890,-24.10933568,-0.29484481,-0.10921351,0.07251275,0.01124681,0.24513539,-24.03682294,-0.28359801,0.27742427,-23.81075710,-0.27915777,-0.00694169,0.00373446,-0.00148844,-0.00251367,-0.00428450,0.01227208,1
1.900,0.05211449,0.71675854,2.38739432,0.07403093,-0.09457667,0.04298940,0.06134462,-0.07202115,0.03273689,0.05988411,0.71215189,2.38905443,0.07656662,-0.08987874,0.03028483,0.35455969,-24.13444519,-0.29852039,0.35517075,-24.13309983,-0.29819838,-0.12168416,0.09225963,0.01009470,0.23348659,-24.04084020,-0.28810368,0.26664166,-23.83521538,-0.28486718,-0.00776962,0.00460665,-0.00166011,-0.00253569,-0.00469793,0.01270457,1
1.910,0.05285786,0.71580917,2.38782585,0.07464478,-0.09529680,0.04331673,0.06142557,-0.07200390,0.03272905,0.06067306,0.71124257,2.38935363,0.07714878,-0.09014205,0.03019358,0.35537365,-24.15834427,-0.30189785,0.35598471,-24.15700135,-0.30157682,-0.12231232,0.08898336,0.01285993,0.23367239,-24.06801800,-0.28871689,0.26664166,-23.83514905,-0.28484231,-0.00781520,0.00456660,-0.00152778,-0.00250400,-0.00515475,0.01312315,1
1.920,0.05360738,0.71485260,2.38826065,0.07525943,-0.09601674,0.04364397,0.06150444,-0.07198335,0.03271970,0.06146624,0.71033186,2.38965272,0.07769122,-0.09037431,0.03012261,0.35617894,-24.18237686,-0.30530068,0.35678996,-24.18103641,-0.30498064,-0.12283076,0.08540757,0.01561819,0.23395920,-24.09562884,-0.28936244,0.26680533,-23.85903781,-0.28569671,-0.00785886,0.00452074,-0.00139207,-0.00243179,-0.00564243,0.01352136,1
1.930,0.05436306,0.71388884,2.38869873,0.07587486,-0.09673645,0.04397112,0.06158122,-0.07195952,0.03270887,0.06226346,0.70942013,2.38995123,0.07819873,-0.09057384,0.03005460,0.35697567,-24.20655251,-0.30872530,0.35758663,-24.20521457,-0.30840625,-0.12324580,0.08151467,0.01841931,0.23434083,-24.12369989,-0.28998694,0.25565716,-23.86086782,-0.29037655,-0.00790040,0.00446871,-0.00125250,-0.00232387,-0.00616261,0.01391652,1
1.940,0.05512488,0.71291787,2.38914008,0.07649105,-0.09745592,0.04429814,0.06165593,-0.07193241,0.03269655,0.06386996,0.70759333,2.39054818,0.07878060,-0.09078005,0.03000610,0.35776418,-24.23085976,-0.31217366,0.35837505,-24.22952440,-0.31185563,-0.13585611,0.10035482,0.01733395,0.22251895,-24.12916958,-0.29452168,0.25589528,-23.91022814,-0.29184791,-0.00874508,0.00532454,-0.00140810,-0.00228955,-0.00667587,0.01429204,1
1.950,0.05589288,0.71193972,2.38958469,0.07710797,-0.09817509,0.04462504,0.06172857,-0.07190205,0.03268275,0.06467921,0.70667848,2.39084709,0.07931691,-0.09095635,0.02997732,0.35854378,-24.25530624,-0.31564739,0.35915454,-24.25397349,-0.31533040,-0.13632253,0.09606857,0.02011599,0.22283201,-24.15790492,-0.29521441,0.25589528,-23.91018486,-0.29186310,-0.00878633,0.00526124,-0.00126240,-0.00220894,-0.00721874,0.01464772,1
1.960,0.05666705,0.71095437,2.39003258,0.07772561,-0.09889395,0.04495179,0.06179915,-0.07186845,0.03266748,0.06630951,0.70484627,2.39144667,0.07991380,-0.09112739,0.02998132,0.35931581,-24.27988625,-0.31914523,0.35992642,-24.27855615,-0.31882931,-0.14913264,0.11451323,0.01894945,0.21079377,-24.16404291,-0.29987987,0.24473584,-23.93853140,-0.29726397,-0.00964246,0.00610810,-0.00141409,-0.00218819,-0.00776656,0.01497047,1
1.970,0.05744739,0.70996184,2.39048373,0.07834395,-0.09961245,0.04527839,0.06186768,-0.07183161,0.03265073,0.06713035,0.70392916,2.39174735,0.08045622,-0.09127314,0.03000295,0.36007896,-24.30460548,-0.32266805,0.36068939,-24.30327808,-0.32235321,-0.14959791,0.10977591,0.02166675,0.21109147,-24.19350218,-0.30068646,0.24488859,-23.96450675,-0.29795635,-0.00968296,0.00603268,-0.00126362,-0.00211227,-0.00833931,0.01527544,1
1.980,0.05823393,0.70896213,2.39093814,0.07896296,-0.10033057,0.04560480,0.06193417,-0.07179156,0.03263253,0.06878331,0.70209367,2.39235151,0.08105120,-0.09140477,0.03006988,0.36083391,-24.32945824,-0.32621282,0.36144413,-24.32813356,-0.32589909,-0.16255665,0.12775174,0.02036719,0.19888748,-24.20038182,-0.30553190,0.24513539,-23.99092311,-0.29873334,-0.01054938,0.00686846,-0.00141337,-0.00208824,-0.00892580,0.01553492,1
1.990,0.05902666,0.70795523,2.39139582,0.07958263,-0.10104827,0.04593103,0.06199861,-0.07174830,0.03261286,0.06961522,0.70117551,2.39265504,0.08158627,-0.09150749,0.03014054,0.36158085,-24.35444641,-0.32978162,0.36219085,-24.35312451,-0.32946902,-0.16298582,0.12247183,0.02300886,0.19920503,-24.23065267,-0.30646016,0.23348659,-23.99493237,-0.30327995,-0.01058856,0.00677972,-0.00125922,-0.00200364,-0.00954078,0.01579049,1
2.000,0.05982558,0.70694116,2.39185676,0.08020293,-0.10176552,0.04625706,0.06206103,-0.07170185,0.03259175,0.07045069,0.70025707,2.39295987,0.08207649,-0.09159160,0.03022614,0.36231935,-24.37956429,-0.33337429,0.36292910,-24.37824520,-0.33306285,-0.16328456,0.11692871,0.02563829,0.19964454,-24.26131649,-0.30742456,0.23367239,-24.02209604,-0.30395835,-0.01062511,0.00668409,-0.00110311,-0.00187356,-0.01017392,0.01603092,1
2.010,0.06063072,0.70591992,2.39232096,0.08082384,-0.10248230,0.04658286,0.06212142,-0.07165223,0.03256919,0.07128973,0.69933822,2.39326649,0.08253321,-0.09166495,0.03033507,0.36304954,-24.40481758,-0.33699337,0.36365900,-24.40350136,-0.33668310,-0.16347524,0.11116501,0.02822806,0.20018377,-24.29233635,-0.30845504,0.23395920,-24.04968633,-0.30469338,-0.01065901,0.00658170,-0.00094553,-0.00170937,-0.01081735,0.01624779,1
2.020,0.06144206,0.70489152,2.39278842,0.08144535,-0.10319856,0.04690844,0.06217979,-0.07159944,0.03254520,0.07297840,0.69750007,2.39388568,0.08305263,-0.09172858,0.03052007,0.36377138,-24.43021011,-0.34063506,0.36438053,-24.42889678,-0.34032598,-0.17644265,0.12816035,0.02660596,0.18793788,-24.30073642,-0.31372002,0.23434083,-24.07774016,-0.30552446,-0.01153634,0.00739145,-0.00109726,-0.00160728,-0.01146998,0.01638837,1
2.030,0.06225962,0.70385595,2.39325913,0.08206743,-0.10391428,0.04723376,0.06223615,-0.07154350,0.03251977,0.07382784,0.69658096,2.39419833,0.08352544,-0.09177438,0.03070631,0.36448550,-24.45572662,-0.34430140,0.36509432,-24.45441624,-0.34399352,-0.17663387,0.12191398,0.02900748,0.18846045,-24.33250225,-0.31498604,0.22251895,-24.08321369,-0.31015420,-0.01156822,0.00727499,-0.00093920,-0.00145801,-0.01213990,0.01652745,1
2.040,0.06308341,0.70281323,2.39373309,0.08269006,-0.10462942,0.04755883,0.06229051,-0.07148442,0.03249292,0.07468062,0.69566177,2.39451337,0.08396348,-0.09181047,0.03090586,0.36519074,-24.48138046,-0.34799054,0.36579920,-24.48007306,-0.34768391,-0.17671107,0.11544470,0.03138638,0.18908814,-24.36462835,-0.31629753,0.22283201,-24.11194556,-0.31096667,-0.01159721,0.00715146,-0.00078028,-0.00127342,-0.01281895,0.01665297,1
2.050,0.06391343,0.70176337,2.39421031,0.08331323,-0.10534395,0.04788362,0.06234287,-0.07142222,0.03246465,0.07639589,0.69382441,2.39515030,0.08445215,-0.09181799,0.03116595,0.36588824,-24.50715828,-0.35170406,0.36649630,-24.50585391,-0.35139868,-0.18973325,0.13161296,0.02947105,0.17676305,-24.37424094,-0.32192763,0.21079377,-24.11812263,-0.31585296,-0.01248246,0.00793896,-0.00093999,-0.00113892,-0.01352596,0.01671767,1
2.060,0.06474968,0.70070636,2.39469077,0.08393691,-0.10605785,0.04820811,0.06239325,-0.07135691,0.03243496,0.07725817,0.69290640,2.39547225,0.08489626,-0.09181395,0.03142327,0.36657783,-24.53307152,-0.35544279,0.36718549,-24.53177020,-0.35513868,-0.18977715,0.12456406,0.03169878,0.17740834,-24.40720614,-0.32343990,0.21109147,-24.14760126,-0.31678408,-0.01250849,0.00779996,-0.00078148,-0.00095935,-0.01424390,0.01678484,1
2.070,0.06559217,0.69964221,2.39517447,0.08456109,-0.10677108,0.04853231,0.06244164,-0.07128850,0.03240386,0.07812353,0.69198907,2.39579671,0.08530627,-0.09179361,0.03167900,0.36725876,-24.55911636,-0.35920250,0.36786597,-24.55781816,-0.35889968,-0.18970445,0.11724093,0.03393943,0.17816153,-24.44057723,-0.32496025,0.21109147,-24.14763587,-0.31690955,-0.01253136,0.00765314,-0.00062224,-0.00074518,-0.01497747,0.01685331,1
2.080,0.06644090,0.69857094,2.39566141,0.08518574,-0.10748361,0.04885619,0.06248805,-0.07121701,0.03237137,0.07986286,0.69015722,2.39645236,0.08575715,-0.09173310,0.03198699,0.36793154,-24.58528709,-0.36298981,0.36853828,-24.58399204,-0.36268831,-0.20272924,0.13240709,0.03178513,0.16580904,-24.45158495,-0.33090318,0.19920503,-24.18487689,-0.32291563,-0.01342196,0.00841372,-0.00079095,-0.00057141,-0.01575051,0.01686920,1
2.090,0.06729588,0.69749254,2.39615159,0.08581085,-0.10819541,0.04917973,0.06253250,-0.07114244,0.03233747,0.08073684,0.68924235,2.39678453,0.08616743,-0.09167161,0.03229433,0.36859697,-24.61158752,-0.36680156,0.36920322,-24.61029565,-0.36650140,-0.20259806,0.12446890,0.03387920,0.16660515,-24.48582675,-0.33262220,0.19964454,-24.21557293,-0.32403275,-0.01344096,0.00825019,-0.00063294,-0.00035658,-0.01652380,0.01688540,1
2.100,0.06815712,0.69640703,2.39664500,0.08643638,-0.10890645,0.04950293,0.06257498,-0.07106482,0.03230219,0.08161368,0.68832842,2.39711975,0.08654661,-0.09160180,0.03260144,0.36925372,-24.63801575,-0.37063369,0.36985945,-24.63672710,-0.37033488,-0.20235283,0.11629119,0.03597532,0.16750662,-24.52043591,-0.33435956,0.19964454,-24.21562030,-0.32418594,-0.01345656,0.00807861,-0.00047475,-0.00011023,-0.01730465,0.01690149,1
2.110,0.06902461,0.69531442,2.39714165,0.08706234,-0.10961670,0.04982577,0.06261551,-0.07098416,0.03226553,0.08249340,0.68741527,2.39745852,0.08690282,-0.09153029,0.03292033,0.36990240,-24.66457176,-0.37449142,0.37050758,-24.66328637,-0.37419398,-0.20201017,0.10791187,0.03803731,0.16849742,-24.55537451,-0.33615667,0.20018377,-24.24667848,-0.32539354,-0.01346879,0.00789915,-0.00031687,0.00015952,-0.01808641,0.01690544,1
2.120,0.06989837,0.69421470,2.39764152,0.08768869,-0.11032612,0.05014824,0.06265409,-0.07090046,0.03222748,0.08426082,0.68559190,2.39814575,0.08730338,-0.09142911,0.03332481,0.37054345,-24.69125366,-0.37837589,0.37114805,-24.68997159,-0.37807985,-0.21497793,0.12196727,0.03539613,0.15617012,-24.56800432,-0.34268372,0.18846045,-24.28693948,-0.33225516,-0.01436245,0.00862280,-0.00050423,0.00038531,-0.01889701,0.01682343,1
2.130,0.07077839,0.69310790,2.39814461,0.08831541,-0.11103470,0.05047032,0.06269073,-0.07081375,0.03218807,0.08514857,0.68468130,2.39849513,0.08767113,-0.09133668,0.03372798,0.37117612,-24.71806335,-0.38227907,0.37178012,-24.71678464,-0.38198444,-0.21459022,0.11307395,0.03719136,0.15718989,-24.60371069,-0.34479308,0.18908814,-24.31909865,-0.33376627,-0.01437018,0.00842660,-0.00035052,0.00064428,-0.01969802,0.01674234,1
2.140,0.07166468,0.69199401,2.39865092,0.08894250,-0.11174239,0.05079199,0.06272543,-0.07072403,0.03214729,0.08603898,0.68377167,2.39884849,0.08801365,-0.09124330,0.03412998,0.37180090,-24.74499702,-0.38620982,0.37240427,-24.74372169,-0.38591661,-0.21409727,0.10397855,0.03897867,0.15830700,-24.63974314,-0.34693794,0.18908814,-24.31914678,-0.33396554,-0.01437430,0.00822234,-0.00019757,0.00092885,-0.02049909,0.01666201,1
2.150,0.07255724,0.69087305,2.39916045,0.08956992,-0.11244917,0.05111326,0.06275821,-0.07063132,0.03210514,0.08693185,0.68286327,2.39920533,0.08833193,-0.09114257,0.03451865,0.37241766,-24.77206230,-0.39016277,0.37302038,-24.77079039,-0.38987102,-0.21349800,0.09464311,0.04079502,0.15952238,-24.67614728,-0.34907600,0.17676305,-24.32882076,-0.33976995,-0.01437461,0.00800978,-0.00004488,0.00123799,-0.02130660,0.01659461,1
2.160,0.07345608,0.68974503,2.39967319,0.09019765,-0.11315500,0.05143409,0.06278907,-0.07053563,0.03206165,0.08872503,0.68104931,2.39993125,0.08869495,-0.09102128,0.03501759,0.37302640,-24.79924202,-0.39414093,0.37362843,-24.79797358,-0.39385065,-0.22639901,0.10767335,0.03757817,0.14722942,-24.69030023,-0.35627248,0.17816153,-24.39524852,-0.34321745,-0.01526895,0.00869572,-0.00025806,0.00150270,-0.02213372,0.01641650,1
2.170,0.07436119,0.68860995,2.40018913,0.09082569,-0.11385987,0.05175449,0.06281802,-0.07043698,0.03201681,0.08962534,0.68014384,2.40030075,0.08902902,-0.09090263,0.03550056,0.37362695,-24.82655144,-0.39814088,0.37422828,-24.82528650,-0.39785209,-0.22575436,0.09783236,0.03907543,0.14847392,-24.72745414,-0.35877666,0.17816153,-24.39530389,-0.34343498,-0.01526415,0.00846611,-0.00011162,0.00179667,-0.02295724,0.01625393,1
2.180,0.07527259,0.68746784,2.40070828,0.09145401,-0.11456373,0.05207442,0.06284506,-0.07033538,0.03197063,0.09143278,0.67833675,2.40105165,0.08939327,-0.09075159,0.03606488,0.37421942,-24.85398102,-0.40216753,0.37482001,-24.85271962,-0.40188026,-0.23868291,0.11020081,0.03545134,0.13613710,-24.74251881,-0.36642891,0.16660515,-24.44067751,-0.35150112,-0.01616019,0.00913109,-0.00034337,0.00206074,-0.02381214,0.01600954,1
2.190,0.07619027,0.68631868,2.40123062,0.09208259,-0.11526657,0.05239389,0.06287020,-0.07023084,0.03192311,0.09233995,0.67743466,2.40143391,0.08972425,-0.09061588,0.03660517,0.37480474,-24.88153267,-0.40621570,0.37540458,-24.88027485,-0.40592996,-0.23794623,0.09984900,0.03672011,0.13745835,-24.78042585,-0.36920986,0.16750662,-24.47533154,-0.35347259,-0.01614968,0.00888402,-0.00020329,0.00235834,-0.02465069,0.01578872,1
2.200,0.07711424,0.68516251,2.40175615,0.09271141,-0.11596834,0.05271288,0.06289344,-0.07012338,0.03187426,0.09324946,0.67653323,2.40182127,0.09003096,-0.09049755,0.03713794,0.37538114,-24.90920067,-0.41028914,0.37598020,-24.90794648,-0.41000494,-0.23710126,0.08939712,0.03798177,0.13887894,-24.81854936,-0.37202317,0.16849742,-24.51030324,-0.35552479,-0.01613522,0.00862928,-0.00006512,0.00268045,-0.02547079,0.01557494,1
2.210,0.07804450,0.68399932,2.40228487,0.09334045,-0.11666903,0.05303138,0.06291481,-0.07001300,0.03182409,0.09507522,0.67473349,2.40261060,0.09037158,-0.09035510,0.03777614,0.37595019,-24.93699265,-0.41438657,0.37654844,-24.93574210,-0.41410394,-0.24997396,0.10111384,0.03379424,0.12657448,-24.83462827,-0.38030970,0.15617012,-24.52304044,-0.36252908,-0.01703072,0.00926583,-0.00032573,0.00296887,-0.02631393,0.01525524,1
2.220,0.07898105,0.68282913,2.40281678,0.09396970,-0.11736859,0.05334936,0.06293429,-0.06989973,0.03177261,0.09599129,0.67383516,2.40301238,0.09068049,-0.09022465,0.03837653,0.37651122,-24.96490669,-0.41850457,0.37710863,-24.96365986,-0.41822352,-0.24904312,0.09018534,0.03477975,0.12806552,-24.87347452,-0.38344378,0.15718989,-24.55879405,-0.36488193,-0.01701024,0.00899397,-0.00019560,0.00328921,-0.02714394,0.01497283,1
2.230,0.07992390,0.68165195,2.40335186,0.09459913,-0.11806701,0.05366682,0.06295190,-0.06978358,0.03171981,0.09690953,0.67293752,2.40341941,0.09096640,-0.09010940,0.03895818,0.37706417,-24.99294090,-0.42264941,0.37766073,-24.99169780,-0.42236998,-0.24800393,0.07914585,0.03578384,0.12965680,-24.91255196,-0.38658614,0.15830700,-24.59486131,-0.36728950,-0.01698563,0.00871443,-0.00006755,0.00363273,-0.02795761,0.01470864,1
2.240,0.08087304,0.68046779,2.40389011,0.09522873,-0.11876425,0.05398375,0.06296765,-0.06966455,0.03166570,0.09875249,0.67114497,2.40424946,0.09128895,-0.08997976,0.03966408,0.37760955,-25.02108955,-0.42681628,0.37820523,-25.01985022,-0.42653845,-0.26081491,0.09023992,0.03101764,0.11739032,-24.92961030,-0.39552081,0.15952238,-24.63135186,-0.36996689,-0.01787945,0.00932282,-0.00035935,0.00393978,-0.02878449,0.01431967,1
2.250,0.08182847,0.67927667,2.40443153,0.09585847,-0.11946029,0.05430013,0.06298155,-0.06954266,0.03161030,0.09967703,0.67025001,2.40467221,0.09158026,-0.08985873,0.04031679,0.37814596,-25.04935646,-0.43100542,0.37874074,-25.04812095,-0.43072923,-0.25969257,0.07876855,0.03171929,0.11904817,-24.96935240,-0.39900994,0.14722942,-24.64555240,-0.37740994,-0.01784856,0.00902666,-0.00024068,0.00427821,-0.02960156,0.01398334,1
2.260,0.08279021,0.67807859,2.40497611,0.09648835,-0.12015510,0.05461595,0.06299359,-0.06941794,0.03155361,0.10060352,0.66935630,2.40509983,0.09184756,-0.08973683,0.04092809,0.37867552,-25.07773781,-0.43521982,0.37926935,-25.07650614,-0.43494531,-0.25845654,0.06709323,0.03250094,0.12081281,-25.00941291,-0.40244437,0.14722942,-24.64561466,-0.37765348,-0.01781331,0.00872229,-0.00012372,0.00464079,-0.03041827,0.01368786,1
2.270,0.08375824,0.67687357,2.40552385,0.09711834,-0.12084864,0.05493120,0.06300379,-0.06929038,0.03149563,0.10246227,0.66757203,2.40597002,0.09214239,-0.08959109,0.04162992,0.37919673,-25.10624313,-0.43945780,0.37978960,-25.10501535,-0.43918496,-0.27116574,0.07739660,0.02734220,0.10862386,-25.02761875,-0.41184277,0.13613710,-24.69794188,-0.38829661,-0.01870403,0.00930154,-0.00044617,0.00497595,-0.03125755,0.01330128,1
2.280,0.08473257,0.67566162,2.40607474,0.09774842,-0.12154090,0.05524586,0.06301215,-0.06916000,0.03143636,0.10339437,0.66668141,2.40641221,0.09240909,-0.08945881,0.04227728,0.37971005,-25.13485527,-0.44371775,0.38030192,-25.13363142,-0.44344660,-0.26982408,0.06525858,0.02792318,0.11047784,-25.06837284,-0.41552342,0.13745835,-24.73589488,-0.39131953,-0.01866180,0.00898021,-0.00033747,0.00533933,-0.03208209,0.01296858,1
2.290,0.08571321,0.67444276,2.40662876,0.09837858,-0.12223183,0.05555992,0.06301868,-0.06902682,0.03137583,0.10432826,0.66579200,2.40685917,0.09265415,-0.08932934,0.04288196,0.38021505,-25.16358948,-0.44800004,0.38080592,-25.16236959,-0.44773062,-0.26837129,0.05293763,0.02858818,0.11243463,-25.10943196,-0.41914245,0.13745835,-24.73595539,-0.39155785,-0.01861505,0.00865076,-0.00023041,0.00572443,-0.03290249,0.01267796,1
2.300,0.08670015,0.67321699,2.40718593,0.09900879,-0.12292142,0.05587337,0.06302339,-0.06889085,0.03131402,0.10620137,0.66401619,2.40776757,0.09292498,-0.08918045,0.04357029,0.38071343,-25.19242477,-0.45230794,0.38130328,-25.19120888,-0.45204023,-0.28096458,0.06251468,0.02308448,0.10033870,-25.12869421,-0.42895574,0.12657448,-24.79026137,-0.40312734,-0.01950122,0.00920080,-0.00058164,0.00608381,-0.03374097,0.01230308,1
2.310,0.08769338,0.67198434,2.40774623,0.09963904,-0.12360964,0.05618620,0.06302628,-0.06875209,0.03125095,0.10714043,0.66312971,2.40822852,0.09317018,-0.08904743,0.04420149,0.38120228,-25.22138786,-0.45663667,0.38179106,-25.22017602,-0.45637072,-0.27940134,0.04977199,0.02357962,0.10238972,-25.17040403,-0.43279109,0.12806552,-24.82915034,-0.40649131,-0.01944705,0.00885463,-0.00048229,0.00646886,-0.03456221,0.01198471,1
2.320,0.08869293,0.67074480,2.40830965,0.10026931,-0.12429646,0.05649839,0.06302737,-0.06861058,0.03118663,0.10808114,0.66224437,2.40869398,0.09339561,-0.08891908,0.04478773,0.38168401,-25.25045395,-0.46099246,0.38227170,-25.24924617,-0.46072827,-0.27772856,0.03685817,0.02416753,0.10454314,-25.21238799,-0.43656073,0.12806552,-24.82920749,-0.40671700,-0.01938821,0.00850043,-0.00038433,0.00687370,-0.03537738,0.01171066,1
2.330,0.08969877,0.66949841,2.40887620,0.10089958,-0.12498184,0.05680993,0.06302665,-0.06846631,0.03112105,0.10902357,0.66135988,2.40916424,0.09360729,-0.08880140,0.04534729,0.38215727,-25.27963066,-0.46536925,0.38274385,-25.27842699,-0.46510684,-0.27595948,0.02381149,0.02479898,0.10678438,-25.25461550,-0.44030787,0.12965680,-24.86832778,-0.41009912,-0.01932480,0.00813853,-0.00028804,0.00729229,-0.03618044,0.01146264,1
2.340,0.09071092,0.66824517,2.40944585,0.10152984,-0.12566577,0.05712081,0.06302414,-0.06831931,0.03105423,0.10996750,0.66047645,2.40963846,0.09380375,-0.08868685,0.04586588,0.38262352,-25.30891609,-0.46976644,0.38320897,-25.30771656,-0.46950584,-0.27408784,0.01058945,0.02552013,0.10912113,-25.29712711,-0.44398571,0.11739032,-24.88543870,-0.41923164,-0.01925658,0.00776872,-0.00019261,0.00772609,-0.03697892,0.01125493,1
2.350,0.09172937,0.66698510,2.41001861,0.10216006,-0.12634822,0.05743101,0.06301985,-0.06816958,0.03098617,0.11186003,0.65871215,2.41059942,0.09402894,-0.08855585,0.04646279,0.38308111,-25.33831215,-0.47418779,0.38366541,-25.33711682,-0.47392902,-0.28640910,0.01914449,0.01975619,0.09725630,-25.31797233,-0.45417283,0.12081281,-24.92527099,-0.42313670,-0.02013066,0.00827295,-0.00058081,0.00813112,-0.03779237,0.01096822,1
2.360,0.09275412,0.66571821,2.41059447,0.10279023,-0.12702916,0.05774053,0.06301377,-0.06801714,0.03091688,0.11280865,0.65783127,2.41108632,0.09423733,-0.08843892,0.04701969,0.38353097,-25.36781693,-0.47863284,0.38411409,-25.36662579,-0.47837590,-0.28444373,0.00552071,0.02029367,0.09967036,-25.36110508,-0.45808223,0.12081281,-24.96536884,-0.42678957,-0.02005453,0.00788694,-0.00049185,0.00855290,-0.03859024,0.01072084,1
2.370,0.09378517,0.66444452,2.41117342,0.10342033,-0.12770855,0.05804934,0.06300591,-0.06786201,0.03084637,0.11375867,0.65695132,2.41157671,0.09442827,-0.08832799,0.04752458,0.38397238,-25.39743423,-0.48310342,0.38455428,-25.39624737,-0.48284835,-0.28236981,-0.00825934,0.02095434,0.10218447,-25.40450671,-0.46189401,0.10862386,-24.98362114,-0.43636238,-0.01997350,0.00749320,-0.00040329,0.00899206,-0.03938056,0.01052476,1
2.380,0.09482253,0.66316405,2.41175545,0.10405034,-0.12838639,0.05835745,0.06299629,-0.06770419,0.03077463,0.11471011,0.65607199,2.41207083,0.09460739,-0.08822924,0.04799638,0.38440597,-25.42714882,-0.48759091,0.38498664,-25.42596623,-0.48733772,-0.28019921,-0.02215662,0.02168765,0.10478743,-25.44812285,-0.46565007,0.11047784,-25.02440634,-0.44022932,-0.01988758,0.00709206,-0.00031538,0.00944295,-0.04015715,0.01036107,1
2.390,0.09586618,0.66187680,2.41234056,0.10468025,-0.12906263,0.05866483,0.06298492,-0.06754370,0.03070168,0.11566298,0.65519356,2.41256857,0.09477710,-0.08813252,0.04844085,0.38483217,-25.45697403,-0.49210343,0.38541159,-25.45579576,-0.49185211,-0.27793681,-0.03622872,0.02248046,0.10747478,-25.49202449,-0.46937165,0.11047784,-25.02445166,-0.44041056,-0.01979680,0.00668324,-0.00022801,0.00990315,-0.04093011,0.01022398,1
2.400,0.09691613,0.66058280,2.41292875,0.10531003,-0.12973725,0.05897148,0.06297178,-0.06738055,0.03062752,0.11757291,0.65343867,2.41357475,0.09497299,-0.08802609,0.04894477,0.38525000,-25.48690224,-0.49663758,0.38582814,-25.48572834,-0.49638817,-0.28998949,-0.02859717,0.01655280,0.09583865,-25.51432551,-0.47983538,0.10033870,-25.08484080,-0.45418401,-0.02065678,0.00714413,-0.00064600,0.01033704,-0.04171116,0.01002671,1
2.410,0.09797238,0.65928206,2.41351999,0.10593968,-0.13041023,0.05927738,0.06295691,-0.06721475,0.03055216,0.11852985,0.65256204,2.41408250,0.09515319,-0.08793525,0.04940230,0.38565972,-25.51693344,-0.50119424,0.38623656,-25.51576393,-0.50094675,-0.28762146,-0.04300570,0.01725856,0.09861510,-25.55876963,-0.48368820,0.10238972,-25.12657268,-0.45817853,-0.02055747,0.00672002,-0.00056251,0.01078649,-0.04247498,0.00987508,1
2.420,0.09903492,0.65797460,2.41411429,0.10656916,-0.13108154,0.05958252,0.06294029,-0.06704633,0.03047560,0.11948818,0.65168552,2.41459367,0.09532303,-0.08786427,0.04983103,0.38606164,-25.54707146,-0.50577492,0.38663715,-25.54590636,-0.50552936,-0.28515942,-0.05747820,0.01802977,0.10147773,-25.60338456,-0.48749959,0.10454314,-25.16856232,-0.46211934,-0.02045326,0.00628908,-0.00047938,0.01124613,-0.04321727,0.00975149,1
2.430,0.10010376,0.65666044,2.41471164,0.10719848,-0.13175115,0.05988689,0.06292194,-0.06687528,0.03039786,0.12044795,0.65080879,2.41510851,0.09548655,-0.08781650,0.05024423,0.38645554,-25.57730484,-0.51037610,0.38702969,-25.57614422,-0.51013251,-0.28261212,-0.07198911,0.01882993,0.10441757,-25.64813333,-0.49130257,0.10678438,-25.21077891,-0.46604979,-0.02034419,0.00585165,-0.00039687,0.01171193,-0.04393465,0.00964266,1
2.440,0.10117889,0.65533958,2.41531203,0.10782760,-0.13241903,0.06019047,0.06290187,-0.06670163,0.03031892,0.12237198,0.64905394,2.41614983,0.09568391,-0.08780139,0.05074714,0.38684073,-25.60764313,-0.51500171,0.38741350,-25.60648700,-0.51476009,-0.29450339,-0.06454178,0.01259873,0.09291011,-25.67102878,-0.50216137,0.10912113,-25.25324908,-0.47011365,-0.02119309,0.00628564,-0.00083780,0.01214369,-0.04461764,0.00944333,1
2.450,0.10226031,0.65401206,2.41591545,0.10845651,-0.13308517,0.06049326,0.06288008,-0.06652540,0.03023882,0.12333604,0.64817626,2.41667524,0.09586441,-0.08779310,0.05119573,0.38721851,-25.63807297,-0.51964760,0.38778988,-25.63692138,-0.51940798,-0.29186722,-0.07914821,0.01324755,0.09592266,-25.71606959,-0.50616043,0.09725630,-25.27408821,-0.48044357,-0.02107573,0.00583580,-0.00075979,0.01259210,-0.04529207,0.00929753,1
2.460,0.10334802,0.65267789,2.41652189,0.10908519,-0.13374953,0.06079524,0.06285657,-0.06634658,0.03015754,0.12430146,0.64729811,2.41720375,0.09603379,-0.08779854,0.05160946,0.38758823,-25.66860962,-0.52431655,0.38815818,-25.66746261,-0.52407895,-0.28913521,-0.09383260,0.01398062,0.09902297,-25.76129521,-0.51009833,0.09967036,-25.31719766,-0.48450756,-0.02095344,0.00537978,-0.00068186,0.01305140,-0.04595099,0.00918578,1
2.470,0.10444202,0.65133708,2.41713135,0.10971363,-0.13441210,0.06109641,0.06283137,-0.06616520,0.03007509,0.12623663,0.64553901,2.41827104,0.09623362,-0.08785230,0.05209320,0.38794935,-25.69923973,-0.52900565,0.38851786,-25.69809732,-0.52877007,-0.30091739,-0.08640775,0.00757124,0.08760046,-25.78450507,-0.52119883,0.10478743,-25.40411605,-0.49242228,-0.02179461,0.00579807,-0.00113969,0.01348001,-0.04655980,0.00900321,1
2.480,0.10554229,0.64998965,2.41774381,0.11034181,-0.13507283,0.06139674,0.06280446,-0.06598127,0.02999148,0.12720652,0.64465735,2.41881034,0.09642235,-0.08793088,0.05255247,0.38830298,-25.72997093,-0.53371680,0.38887002,-25.72883315,-0.53348325,-0.29810439,-0.10095195,0.00812387,0.09076563,-25.82978510,-0.52535939,0.10747478,-25.44794118,-0.49633679,-0.02166423,0.00533230,-0.00106653,0.01391946,-0.04714195,0.00884427,1
2.490,0.10664885,0.64863563,2.41835928,0.11096972,-0.13573171,0.06169623,0.06277587,-0.06579480,0.02990673,0.12817794,0.64377443,2.41935338,0.09660223,-0.08802097,0.05299014,0.38864753,-25.76079559,-0.53845114,0.38921307,-25.75966247,-0.53821964,-0.29520273,-0.11556384,0.00871912,0.09401033,-25.87522631,-0.52950052,0.10747478,-25.44787886,-0.49652323,-0.02152909,0.00486120,-0.00099410,0.01436749,-0.04771074,0.00870609,1
2.500,0.10776169,0.64727502,2.41897774,0.11159733,-0.13638872,0.06199487,0.06274559,-0.06560580,0.02982082,0.13012490,0.64200490,2.42044800,0.09680649,-0.08815334,0.05346316,0.38898507,-25.79170990,-0.54320711,0.38954909,-25.79058149,-0.54297771,-0.30689028,-0.10795350,0.00209160,0.08265881,-25.89853498,-0.54088611,0.09861510,-25.51449440,-0.51112931,-0.02236321,0.00527012,-0.00147026,0.01479084,-0.04823538,0.00853171,1
2.510,0.10888080,0.64590786,2.41959917,0.11222462,-0.13704382,0.06229265,0.06271364,-0.06541429,0.02973377,0.13110059,0.64111755,2.42100010,0.09699695,-0.08829881,0.05390005,0.38931432,-25.82272148,-0.54798448,0.38987681,-25.82159778,-0.54775717,-0.30388744,-0.12248727,0.00264364,0.08598936,-25.94408505,-0.54511353,0.10147773,-25.55901695,-0.51510494,-0.02221979,0.00479031,-0.00140093,0.01522767,-0.04874501,0.00839260,1
2.520,0.11000618,0.64453415,2.42022359,0.11285159,-0.13769699,0.06258954,0.06268002,-0.06522029,0.02964559,0.13207783,0.64022798,2.42155576,0.09717883,-0.08846336,0.05431636,0.38963455,-25.85382271,-0.55278337,0.39019547,-25.85270378,-0.55255816,-0.30079729,-0.13702525,0.00323773,0.08939818,-25.98972903,-0.54932043,0.10441757,-25.60365482,-0.51908522,-0.02207165,0.00430617,-0.00133217,0.01567276,-0.04923363,0.00827318,1
2.530,0.11113783,0.64315392,2.42085096,0.11347822,-0.13834822,0.06288555,0.06264474,-0.06502380,0.02955627,0.13403676,0.63844318,2.42267629,0.09738779,-0.08868010,0.05477401,0.38994730,-25.88501549,-0.55760217,0.39050663,-25.88390135,-0.55737908,-0.31239406,-0.12907389,-0.00357931,0.07811257,-26.01297524,-0.56095839,0.09291011,-25.62636363,-0.53023485,-0.02289893,0.00471074,-0.00182533,0.01609043,-0.04966812,0.00811154,1
2.540,0.11227574,0.64176719,2.42148129,0.11410448,-0.13899746,0.06318066,0.06260780,-0.06482484,0.02946584,0.13501834,0.63754770,2.42324041,0.09758036,-0.08889694,0.05518353,0.39025143,-25.91629791,-0.56244314,0.39080916,-25.91518861,-0.56222221,-0.30920450,-0.14350886,-0.00300638,0.08160465,-26.05869747,-0.56522859,0.09592266,-25.67129587,-0.53436648,-0.02274260,0.00421949,-0.00175912,0.01652412,-0.05010052,0.00799713,1
2.550,0.11341992,0.64037398,2.42211457,0.11473037,-0.13964471,0.06347487,0.06256921,-0.06462342,0.02937428,0.13600134,0.63665034,2.42380705,0.09776012,-0.08910672,0.05555363,0.39054731,-25.94766998,-0.56730562,0.39110340,-25.94656555,-0.56708683,-0.30591703,-0.15808500,-0.00233148,0.08518637,-26.10465055,-0.56941831,0.09592266,-25.67120156,-0.53449240,-0.02258142,0.00372364,-0.00169248,0.01697025,-0.05053799,0.00792124,1
2.560,0.11457035,0.63897431,2.42275079,0.11535586,-0.14028992,0.06376815,0.06252898,-0.06441956,0.02928162,0.13797161,0.63484897,2.42494762,0.09796487,-0.08937376,0.05594413,0.39083511,-25.97912979,-0.57218933,0.39138955,-25.97803025,-0.57197272,-0.31739656,-0.14992510,-0.00913323,0.07399299,-26.12795535,-0.58110595,0.08760046,-25.73941763,-0.54975664,-0.02340126,0.00412534,-0.00219683,0.01739099,-0.05091616,0.00782402,1
2.570,0.11572703,0.63756819,2.42338993,0.11598094,-0.14093309,0.06406049,0.06248712,-0.06421327,0.02918785,0.13895878,0.63394472,2.42552075,0.09815305,-0.08963650,0.05628640,0.39111483,-26.01067734,-0.57709444,0.39166760,-26.00958272,-0.57688000,-0.31400343,-0.16436679,-0.00840208,0.07766416,-26.17394951,-0.58528208,0.09076563,-25.78457273,-0.55401599,-0.02323175,0.00362347,-0.00213082,0.01782789,-0.05129659,0.00777409,1
2.580,0.11688996,0.63615565,2.42403200,0.11660560,-0.14157418,0.06435190,0.06244363,-0.06400456,0.02909298,0.13994732,0.63303826,2.42609573,0.09832827,-0.08988887,0.05658922,0.39138636,-26.04230690,-0.58202058,0.39193743,-26.04121723,-0.58180834,-0.31051176,-0.17895619,-0.00756045,0.08142567,-26.22017342,-0.58936878,0.09076563,-25.78446212,-0.55410822,-0.02305736,0.00311739,-0.00206373,0.01827733,-0.05168531,0.00776268,1
2.590,0.11805914,0.63473671,2.42467697,0.11722981,-0.14221317,0.06464235,0.06239851,-0.06379344,0.02899702,0.14093730,0.63212922,2.42667278,0.09849566,-0.09014277,0.05686831,0.39164880,-26.07402229,-0.58696759,0.39219814,-26.07293760,-0.58675756,-0.30693297,-0.19362378,-0.00665116,0.08526517,-26.26656138,-0.59340873,0.09401033,-25.82977407,-0.55835331,-0.02287816,0.00260749,-0.00199581,0.01873415,-0.05207040,0.00777404,1
2.600,0.11923456,0.63331140,2.42532484,0.11785356,-0.14285004,0.06493184,0.06235179,-0.06357993,0.02889997,0.14292113,0.63030341,2.42783019,0.09868635,-0.09046489,0.05713458,0.39190385,-26.10581779,-0.59193414,0.39245145,-26.10473812,-0.59172636,-0.31821663,-0.18517916,-0.01321967,0.07423482,-26.28991729,-0.60494603,0.08598936,-25.89836943,-0.57408022,-0.02368657,0.00300799,-0.00250535,0.01916721,-0.05238515,0.00779726,1
2.610,0.12041621,0.63187972,2.42597560,0.11847684,-0.14348476,0.06522035,0.06230346,-0.06336405,0.02880184,0.14491033,0.62846682,2.42899248,0.09889727,-0.09084244,0.05739653,0.39214933,-26.13769913,-0.59692270,0.39269515,-26.13662451,-0.59671716,-0.32952973,-0.17633527,-0.01980614,0.06316543,-26.31295978,-0.61652329,0.08939818,-25.94374148,-0.57841163,-0.02449412,0.00341290,-0.00301688,0.01957957,-0.05264232,0.00782382,1
2.620,0.12160409,0.63044171,2.42662924,0.11909963,-0.14411731,0.06550787,0.06225353,-0.06314580,0.02870264,0.14590686,0.62754431,2.42957458,0.09908606,-0.09119463,0.05760002,0.39238769,-26.16965866,-0.60192990,0.39293174,-26.16858912,-0.60172662,-0.32581569,-0.19061871,-0.01866905,0.06711604,-26.35920783,-0.62039567,0.07811257,-25.96684964,-0.59006364,-0.02430277,0.00289740,-0.00294534,0.02001357,-0.05292268,0.00790785,1
2.630,0.12279820,0.62899738,2.42728576,0.11972191,-0.14474767,0.06579440,0.06220200,-0.06292520,0.02860236,0.14690468,0.62661866,2.43015721,0.09926022,-0.09153714,0.05776554,0.39261705,-26.20169830,-0.60696113,0.39315927,-26.20063388,-0.60676014,-0.32199930,-0.20502031,-0.01740870,0.07115997,-26.40565418,-0.62416884,0.08160465,-26.01241514,-0.59435963,-0.02410648,0.00237872,-0.00287145,0.02046169,-0.05321053,0.00802886,1
2.640,0.12399853,0.62754676,2.42794513,0.12034366,-0.14537581,0.06607991,0.06214890,-0.06270226,0.02850103,0.14790379,0.62569017,2.43074022,0.09942285,-0.09186515,0.05789957,0.39283806,-26.23381615,-0.61201030,0.39337845,-26.23275686,-0.61181160,-0.31808663,-0.21957046,-0.01604022,0.07529182,-26.45232732,-0.62785182,0.08160465,-26.01227289,-0.59437943,-0.02390526,0.00185659,-0.00279509,0.02092081,-0.05351066,0.00818034,1
2.650,0.12520507,0.62608987,2.42860735,0.12096488,-0.14600171,0.06636441,0.06209421,-0.06247699,0.02839863,0.14990592,0.62382366,2.43190712,0.09960854,-0.09226862,0.05800545,0.39305052,-26.26600838,-0.61708063,0.39358905,-26.26495426,-0.61688424,-0.32917404,-0.21043772,-0.02215770,0.06441501,-26.47539198,-0.63904194,0.07399299,-26.08121583,-0.61026748,-0.02470085,0.00226621,-0.00329977,0.02135634,-0.05373309,0.00835896,1
2.660,0.12641783,0.62462673,2.42927241,0.12158554,-0.14662534,0.06664788,0.06203795,-0.06224942,0.02829519,0.15090884,0.62288542,2.43249017,0.09977956,-0.09265757,0.05808053,0.39325425,-26.29827690,-0.62217098,0.39379090,-26.29722798,-0.62197692,-0.32515173,-0.22473005,-0.02057393,0.06863917,-26.52195802,-0.64255085,0.07766416,-26.12703731,-0.61443497,-0.02449101,0.00174131,-0.00321776,0.02180598,-0.05396777,0.00856735,1
2.670,0.12763678,0.62315737,2.42994030,0.12220563,-0.14724669,0.06693031,0.06198013,-0.06201954,0.02819070,0.15291873,0.62099772,2.43365648,0.09997486,-0.09313376,0.05813913,0.39345038,-26.33062172,-0.62728214,0.39398513,-26.32957803,-0.62709042,-0.33619147,-0.21499294,-0.02649751,0.05779366,-26.54457097,-0.65358793,0.08142567,-26.17289225,-0.61852625,-0.02528195,0.00215965,-0.00371618,0.02223077,-0.05411293,0.00879118,1
2.680,0.12886194,0.62168181,2.43061102,0.12282514,-0.14786573,0.06721169,0.06192074,-0.06178738,0.02808517,0.15392575,0.62004816,2.43423991,0.10015666,-0.09358908,0.05818994,0.39363730,-26.36304283,-0.63241190,0.39417013,-26.36200439,-0.63222253,-0.33206903,-0.22895846,-0.02478988,0.06210110,-26.59096286,-0.65701240,0.08526517,-26.21908384,-0.62257992,-0.02506381,0.00163365,-0.00362889,0.02266848,-0.05427665,0.00902175,1
2.690,0.13009328,0.62020007,2.43128453,0.12344404,-0.14848243,0.06749201,0.06185981,-0.06155295,0.02797862,0.15493401,0.61909483,2.43482255,0.10032408,-0.09402510,0.05820866,0.39381593,-26.39553070,-0.63756448,0.39434682,-26.39449755,-0.63737748,-0.32784476,-0.24306986,-0.02295821,0.06650206,-26.63756741,-0.66033568,0.07423482,-26.24225070,-0.63407844,-0.02484073,0.00110524,-0.00353802,0.02311996,-0.05445733,0.00928335,1
2.700,0.13133082,0.61871217,2.43196085,0.12406233,-0.14909678,0.06777126,0.06179734,-0.06131627,0.02787103,0.15695403,0.61717786,2.43598417,0.10050634,-0.09452267,0.05815264,0.39398620,-26.42809105,-0.64273506,0.39451512,-26.42706320,-0.64255044,-0.33873545,-0.23292392,-0.02843290,0.05577967,-26.65998712,-0.67098334,0.06316543,-26.26495210,-0.64551557,-0.02562321,0.00153431,-0.00402332,0.02355599,-0.05457411,0.00961862,1
2.710,0.13257453,0.61721814,2.43263996,0.12467998,-0.14970875,0.06804943,0.06173332,-0.06107733,0.02776242,0.15796569,0.61621399,2.43656241,0.10067137,-0.09498882,0.05807053,0.39414772,-26.46072006,-0.64792484,0.39467466,-26.45969756,-0.64774262,-0.33437490,-0.24690492,-0.02622486,0.06029976,-26.70660248,-0.67396748,0.06711604,-26.31101419,-0.64930778,-0.02539116,0.00100415,-0.00392245,0.02400861,-0.05471993,0.00997890,1
2.720,0.13382441,0.61571800,2.43332184,0.12529699,-0.15031832,0.06832651,0.06166778,-0.06083617,0.02765280,0.15897857,0.61524601,2.43713939,0.10082560,-0.09544112,0.05797733,0.39430109,-26.49341583,-0.65313572,0.39482600,-26.49239870,-0.65295591,-0.32991956,-0.26099432,-0.02393922,0.06490645,-26.75339302,-0.67689514,0.07115997,-26.35725517,-0.65301769,-0.02515416,0.00047199,-0.00381755,0.02447139,-0.05487720,0.01034918,1
2.730,0.13508047,0.61421178,2.43400648,0.12591333,-0.15092546,0.06860248,0.06160071,-0.06059279,0.02754218,0.15999265,0.61427422,2.43771501,0.10097116,-0.09587562,0.05787359,0.39444548,-26.52617836,-0.65836835,0.39496838,-26.52516662,-0.65819097,-0.32537319,-0.27521838,-0.02157645,0.06959519,-26.80038500,-0.67976743,0.07115997,-26.35706463,-0.65295002,-0.02491218,-0.00006244,-0.00370853,0.02494217,-0.05504984,0.01072889,1
2.740,0.13634268,0.61269950,2.43469388,0.12652900,-0.15153016,0.06887735,0.06153213,-0.06034720,0.02743054,0.16202449,0.61231817,2.43886228,0.10114022,-0.09640793,0.05772123,0.39458060,-26.55900764,-0.66361845,0.39510144,-26.55800135,-0.66344351,-0.33605001,-0.26448553,-0.02649084,0.05905143,-26.82248688,-0.68993434,0.06441501,-26.42638956,-0.66767401,-0.02568181,0.00038133,-0.00416840,0.02538878,-0.05512223,0.01115612,1
2.750,0.13761104,0.61118118,2.43538403,0.12714397,-0.15213240,0.06915109,0.06146204,-0.06009942,0.02731792,0.16304216,0.61133368,2.43943332,0.10129704,-0.09691833,0.05756693,0.39470857,-26.59190559,-0.66888744,0.39522734,-26.59090474,-0.66871496,-0.33139887,-0.27829065,-0.02387636,0.06382847,-26.86919538,-0.69259131,0.06863917,-26.47273326,-0.67110286,-0.02543112,-0.00015250,-0.00404929,0.02584693,-0.05521407,0.01158416,1
2.760,0.13888555,0.60965686,2.43607690,0.12775824,-0.15273215,0.06942370,0.06139045,-0.05984946,0.02720430,0.16406101,0.61034504,2.44000269,0.10144408,-0.09740481,0.05740928,0.39482743,-26.62486076,-0.67417657,0.39534410,-26.62386540,-0.67400656,-0.32665470,-0.29225030,-0.02119906,0.06868939,-26.91611569,-0.69520562,0.06863917,-26.47252590,-0.67101902,-0.02517546,-0.00068818,-0.00392579,0.02631416,-0.05532734,0.01201442,1
2.770,0.14016621,0.60812655,2.43677250,0.12837178,-0.15332938,0.06969517,0.06131736,-0.05959734,0.02708970,0.16610183,0.60835538,2.44113389,0.10160694,-0.09797907,0.05716903,0.39493662,-26.65787697,-0.67948639,0.39545118,-26.65688710,-0.67931888,-0.33718160,-0.28088202,-0.02558695,0.05826957,-26.93776912,-0.70490583,0.06210110,-26.54111194,-0.68523653,-0.02593562,-0.00022883,-0.00436139,0.02676484,-0.05535031,0.01252614,1
2.780,0.14145299,0.60659028,2.43747080,0.12898458,-0.15392409,0.06996549,0.06124279,-0.05934307,0.02697412,0.16712397,0.60735359,2.44169656,0.10175873,-0.09852916,0.05694341,0.39503849,-26.69095802,-0.68481356,0.39555091,-26.68997370,-0.68464854,-0.33231566,-0.29446854,-0.02258808,0.06323525,-26.98444224,-0.70723662,0.06650206,-26.58747770,-0.68846896,-0.02567098,-0.00076331,-0.00422576,0.02722585,-0.05539493,0.01302208,1
2.790,0.14274589,0.60504808,2.43817180,0.12959663,-0.15451624,0.07023465,0.06116673,-0.05908666,0.02685757,0.16814727,0.60634732,2.44225734,0.10190159,-0.09905355,0.05672723,0.39513120,-26.72409630,-0.69016147,0.39564146,-26.72311753,-0.68999896,-0.32735871,-0.30820826,-0.01955605,0.06828275,-27.03132579,-0.70955501,0.06650206,-26.58725405,-0.68837503,-0.02540138,-0.00129924,-0.00408554,0.02769504,-0.05546269,0.01350742,1
2.800,0.14404492,0.60349996,2.43887549,0.13020791,-0.15510581,0.07050264,0.06108920,-0.05882812,0.02674005,0.17019694,0.60432143,2.44337103,0.10206063,-0.09967279,0.05643762,0.39521477,-26.75729179,-0.69552821,0.39572286,-26.75631863,-0.69536822,-0.33774001,-0.29611723,-0.02349652,0.05798285,-27.05243586,-0.71886474,0.06029976,-26.65583722,-0.70175188,-0.02615202,-0.00082147,-0.00449554,0.02814728,-0.05543302,0.01406502,1
2.810,0.14535005,0.60194597,2.43958185,0.13081841,-0.15569279,0.07076945,0.06101020,-0.05856747,0.02662158,0.17122349,0.60330101,2.44392489,0.10220929,-0.10026518,0.05617476,0.39529073,-26.79054451,-0.70091492,0.39579663,-26.78957695,-0.70075747,-0.33266354,-0.30943206,-0.02019422,0.06313309,-27.09900901,-0.72095169,0.06490645,-26.70237185,-0.70458823,-0.02587344,-0.00135504,-0.00434304,0.02860912,-0.05542761,0.01459469,1
2.820,0.14666128,0.60038612,2.44029087,0.13142811,-0.15627715,0.07103507,0.06092974,-0.05830473,0.02650215,0.17225120,0.60227577,2.44447688,0.10234953,-0.10082976,0.05593077,0.39535671,-26.82384872,-0.70631921,0.39586039,-26.82288681,-0.70616431,-0.32749730,-0.32290013,-0.01688294,0.06836309,-27.14578694,-0.72304725,0.06490645,-26.70213128,-0.70449452,-0.02558992,-0.00188965,-0.00418601,0.02907858,-0.05544739,0.01510430,1
2.830,0.14797861,0.59882044,2.44100255,0.13203700,-0.15685888,0.07129949,0.06084783,-0.05803989,0.02638177,0.17431016,0.60020981,2.44557589,0.10251268,-0.10151002,0.05565796,0.39541537,-26.85721016,-0.71174240,0.39591679,-26.85625390,-0.71159008,-0.33775669,-0.30990334,-0.02057971,0.05816010,-27.16615724,-0.73216979,0.05905143,-26.77071148,-0.71735410,-0.02633155,-0.00138937,-0.00457334,0.02952432,-0.05534886,0.01564153,1
2.840,0.14930202,0.59724895,2.44171686,0.13264506,-0.15743794,0.07156270,0.06076448,-0.05777299,0.02626045,0.17534135,0.59916885,2.44612259,0.10266427,-0.10215669,0.05541111,0.39546418,-26.89062119,-0.71718615,0.39596336,-26.88967062,-0.71703642,-0.33248651,-0.32283217,-0.01713012,0.06347685,-27.21250279,-0.73416654,0.06382847,-26.81714702,-0.71992660,-0.02603933,-0.00191990,-0.00440573,0.02998079,-0.05528125,0.01615159,1
2.850,0.15063151,0.59567169,2.44243380,0.13325228,-0.15801433,0.07182470,0.06067968,-0.05750403,0.02613820,0.17637377,0.59812273,2.44666757,0.10280848,-0.10277050,0.05518276,0.39550516,-26.92408562,-0.72264755,0.39600205,-26.92314076,-0.72250039,-0.32713005,-0.33592847,-0.01367295,0.06887200,-27.25906924,-0.73617335,0.06868939,-26.81688941,-0.71984016,-0.02574226,-0.00245104,-0.00423377,0.03044380,-0.05524383,0.01664194,1
2.860,0.15196706,0.59408867,2.44315335,0.13385865,-0.15858802,0.07208546,0.06059345,-0.05723302,0.02601501,0.17740741,0.59707106,2.44721136,0.10294759,-0.10336960,0.05498189,0.39553639,-26.95760345,-0.72812819,0.39603098,-26.95666435,-0.72798365,-0.32169245,-0.34909117,-0.01023809,0.07433853,-27.30575551,-0.73822174,0.06868939,-26.86353224,-0.72239526,-0.02544035,-0.00298239,-0.00405801,0.03091106,-0.05521842,0.01710357,1
2.870,0.15330868,0.59249993,2.44387550,0.13446415,-0.15915899,0.07234499,0.06050580,-0.05695999,0.02589090,0.17947802,0.59495114,2.44829362,0.10310787,-0.10409857,0.05474729,0.39555988,-26.99116135,-0.73362839,0.39605214,-26.99022800,-0.73348647,-0.33176301,-0.33502669,-0.01368861,0.06428913,-27.32525470,-0.74717507,0.06323525,-26.93129951,-0.73425836,-0.02616934,-0.00245121,-0.00441812,0.03135628,-0.05506042,0.01759770,1
2.880,0.15465634,0.59090550,2.44460025,0.13506876,-0.15972721,0.07260328,0.06041672,-0.05668493,0.02576588,0.18051505,0.59388281,2.44883264,0.10325659,-0.10478222,0.05453597,0.39557394,-27.02477455,-0.73914635,0.39606387,-27.02384700,-0.73900705,-0.32621759,-0.34760794,-0.01010434,0.06984627,-27.37145494,-0.74911139,0.06323525,-26.93102565,-0.73418763,-0.02585871,-0.00297731,-0.00423239,0.03181217,-0.05494499,0.01806731,1
2.890,0.15601005,0.58930540,2.44532756,0.13567248,-0.16029268,0.07286031,0.06032624,-0.05640787,0.02563994,0.18259265,0.59172867,2.44990746,0.10342581,-0.10558482,0.05431768,0.39557949,-27.05843353,-0.74468386,0.39606705,-27.05751180,-0.74454722,-0.33623350,-0.33257621,-0.01343825,0.05983355,-27.39008801,-0.75798546,0.05798285,-26.99843955,-0.74569614,-0.02658260,-0.00242327,-0.00457990,0.03224667,-0.05470786,0.01854263,1
2.900,0.15736979,0.58769966,2.44605745,0.13627528,-0.16085536,0.07311607,0.06023435,-0.05612882,0.02551310,0.18363315,0.59064263,2.45044314,0.10358191,-0.10633963,0.05413024,0.39557663,-27.09212875,-0.75023746,0.39606181,-27.09121285,-0.75010346,-0.33057781,-0.34461394,-0.00980989,0.06548400,-27.43582679,-0.75991335,0.06313309,-27.04470698,-0.74773564,-0.02626336,-0.00294297,-0.00438569,0.03269337,-0.05451573,0.01898583,1
2.910,0.15873555,0.58608830,2.44678988,0.13687716,-0.16141525,0.07337057,0.06014107,-0.05584779,0.02538536,0.18467492,0.58955008,2.45097849,0.10373064,-0.10706859,0.05398136,0.39556453,-27.12587547,-0.75581020,0.39604731,-27.12496544,-0.75567887,-0.32483756,-0.35674563,-0.00624357,0.07120976,-27.48171107,-0.76192244,0.06836309,-27.09115920,-0.74981462,-0.02593937,-0.00346178,-0.00418861,0.03314652,-0.05434666,0.01938921,1
2.920,0.16010733,0.58447136,2.44752485,0.13747810,-0.16197231,0.07362378,0.06004639,-0.05556479,0.02525672,0.18676200,0.58734657,2.45204742,0.10389995,-0.10792041,0.05383432,0.39554399,-27.15965652,-0.76140338,0.39602436,-27.15875238,-0.76127475,-0.33473054,-0.34061348,-0.00958897,0.06129382,-27.49936586,-0.77086371,0.05816010,-27.11091930,-0.75886640,-0.02665467,-0.00287521,-0.00452257,0.03357815,-0.05405190,0.01978946,1
2.930,0.16148511,0.58284886,2.44826235,0.13807808,-0.16252654,0.07387570,0.05995033,-0.05527984,0.02512720,0.18780725,0.58623541,2.45258092,0.10405622,-0.10871939,0.05371313,0.39551446,-27.19348145,-0.76701283,0.39599239,-27.19258320,-0.76688690,-0.32888148,-0.35217992,-0.00600843,0.06711091,-27.54476312,-0.77289533,0.06347685,-27.15694462,-0.76084131,-0.02632214,-0.00338655,-0.00431857,0.03402186,-0.05380715,0.02016257,1
2.940,0.16286889,0.58122084,2.44900236,0.13867710,-0.16307790,0.07412632,0.05985289,-0.05499296,0.02499680,0.18885377,0.58511745,2.45311461,0.10420518,-0.10948855,0.05362711,0.39547658,-27.22734642,-0.77264309,0.39595205,-27.22645412,-0.77251985,-0.32294846,-0.36385019,-0.00248879,0.07300359,-27.59030431,-0.77500864,0.06887200,-27.20317122,-0.76285787,-0.02598488,-0.00389661,-0.00411225,0.03447192,-0.05358935,0.02049921,1
2.950,0.16425865,0.57958732,2.44974488,0.13927513,-0.16362639,0.07437563,0.05975409,-0.05470415,0.02486552,0.18990154,0.58399302,2.45364849,0.10434796,-0.11022712,0.05356726,0.39542887,-27.26124763,-0.77828777,0.39590186,-27.26036130,-0.77816726,-0.31693365,-0.37563595,0.00099255,0.07896821,-27.63599725,-0.77717470,0.06887200,-27.20284784,-0.76286721,-0.02564289,-0.00440570,-0.00390361,0.03492717,-0.05339927,0.02080837,1
2.960,0.16565439,0.57794832,2.45048987,0.13987217,-0.16417198,0.07462363,0.05965392,-0.05441342,0.02473337,0.19200093,0.58172379,2.45471798,0.10451806,-0.11111903,0.05354549,0.39537433,-27.29518890,-0.78395414,0.39584482,-27.29430854,-0.78383638,-0.32666086,-0.35815603,-0.00255584,0.06918395,-27.65246457,-0.78639222,0.06428913,-27.26835731,-0.77391517,-0.02634654,-0.00377547,-0.00422811,0.03535411,-0.05305295,0.02107814,1
2.970,0.16705609,0.57630389,2.45123734,0.14046821,-0.16471465,0.07487030,0.05955239,-0.05412080,0.02460036,0.19305249,0.58057880,2.45525353,0.10467761,-0.11196406,0.05354785,0.39530885,-27.32916069,-0.78963715,0.39577683,-27.32828635,-0.78952211,-0.32056181,-0.36913874,0.00080591,0.07521502,-27.69742509,-0.78871620,0.06984627,-27.31420536,-0.77588884,-0.02599640,-0.00427491,-0.00401619,0.03579060,-0.05275059,0.02132245,1
2.980,0.16846375,0.57465404,2.45198727,0.14106322,-0.16525439,0.07511563,0.05944952,-0.05382630,0.02446650,0.19410530,0.57942710,2.45578983,0.10482852,-0.11276554,0.05356824,0.39523661,-27.36316490,-0.79533792,0.39570205,-27.36229657,-0.79522564,-0.31437653,-0.38029338,0.00414170,0.08132552,-27.74258995,-0.79108394,0.06984627,-27.31386996,-0.77592611,-0.02564155,-0.00477306,-0.00380256,0.03623470,-0.05248885,0.02154739,1
2.990,0.16987735,0.57299881,2.45273965,0.14165719,-0.16579117,0.07535962,0.05934531,-0.05352992,0.02433178,0.19621428,0.57710384,2.45686317,0.10499847,-0.11370070,0.05360140,0.39515483,-27.39720535,-0.80105561,0.39561772,-27.39634308,-0.80094611,-0.32398555,-0.36160899,0.00049219,0.07163217,-27.75795207,-0.80045392,0.06548400,-27.37757369,-0.78676377,-0.02633693,-0.00410503,-0.00412352,0.03665872,-0.05209047,0.02175822,1
3.000,0.17129689,0.57133822,2.45349446,0.14225012,-0.16632498,0.07560226,0.05923976,-0.05323168,0.02419622,0.19727052,0.57593225,2.45740086,0.10515487,-0.11456525,0.05364335,0.39506418,-27.43127632,-0.80679226,0.39552448,-27.43042012,-0.80668554,-0.31768896,-0.37218948,0.00381254,0.07783553,-27.80260961,-0.80287300,0.06548400,-27.37724733,-0.78679795,-0.02597363,-0.00459403,-0.00390640,0.03709525,-0.05175973,0.02195891,1
3.010,0.17272235,0.56967232,2.45425169,0.14284198,-0.16685580,0.07584354,0.05913288,-0.05293160,0.02405982,0.19832802,0.57475377,2.45793987,0.10530365,-0.11538605,0.05370773,0.39496428,-27.46537209,-0.81254643,0.39542199,-27.46452199,-0.81244250,-0.31130901,-0.38293512,0.00708798,0.08411299,-27.84745711,-0.80535452,0.07120976,-27.42278684,-0.78887287,-0.02560567,-0.00508145,-0.00368818,0.03753833,-0.05146975,0.02213581,1
3.020,0.17415372,0.56800112,2.45501133,0.14343277,-0.16738361,0.07608346,0.05902468,-0.05262969,0.02392258,0.20044641,0.57237646,2.45902027,0.10547254,-0.11634362,0.05380106,0.39485645,-27.49950790,-0.81831884,0.39531156,-27.49866391,-0.81821772,-0.32079675,-0.36314241,0.00328047,0.07451481,-27.86180632,-0.81493725,0.06711091,-27.48515497,-0.79993586,-0.02629269,-0.00437534,-0.00400894,0.03796023,-0.05103999,0.02228240,1
3.030,0.17559100,0.56632466,2.45577336,0.14402247,-0.16790839,0.07632199,0.05891517,-0.05232595,0.02378452,0.20150750,0.57117692,2.45956291,0.10563174,-0.11724613,0.05391682,0.39473924,-27.53366089,-0.82410902,0.39519172,-27.53282304,-0.82401071,-0.31431886,-0.37318651,0.00643566,0.08087286,-27.90600955,-0.81757505,0.07300359,-27.53032747,-0.80214069,-0.02591650,-0.00485226,-0.00378955,0.03839073,-0.05066226,0.02240517,1
3.040,0.17703417,0.56464296,2.45653776,0.14461107,-0.16843012,0.07655915,0.05880435,-0.05202042,0.02364564,0.20363361,0.56875641,2.46065433,0.10581734,-0.11828319,0.05411097,0.39461392,-27.56784248,-0.82991517,0.39506375,-27.56701080,-0.82981967,-0.32378351,-0.35214793,0.00228788,0.07128024,-27.91915873,-0.82753179,0.07896821,-27.57530007,-0.80452141,-0.02659944,-0.00411345,-0.00411657,0.03879373,-0.05014693,0.02244818,1
3.050,0.17848322,0.56295606,2.45730454,0.14519856,-0.16894879,0.07679490,0.05869223,-0.05171309,0.02350595,0.20469856,0.56753536,2.46120293,0.10598684,-0.11923881,0.05429834,0.39448044,-27.60204887,-0.83574075,0.39492759,-27.60122336,-0.83564810,-0.31721231,-0.36161845,0.00524121,0.07771528,-27.96284181,-0.83040690,0.06918395,-27.59141175,-0.81382245,-0.02621534,-0.00457930,-0.00389839,0.03921172,-0.04970998,0.02249656,1
3.060,0.17993814,0.56126400,2.45807366,0.14578491,-0.16946438,0.07702926,0.05857882,-0.05140398,0.02336545,0.20576483,0.56630685,2.46175379,0.10614690,-0.12014175,0.05449523,0.39433709,-27.63627434,-0.84158301,0.39478156,-27.63545503,-0.84149323,-0.31055581,-0.37128060,0.00816859,0.08422575,-28.00673563,-0.83332464,0.07521502,-27.63599980,-0.81625916,-0.02582669,-0.00504285,-0.00368013,0.03963801,-0.04932263,0.02253403,1
3.070,0.18139891,0.55956679,2.45884512,0.14637013,-0.16997686,0.07726221,0.05846412,-0.05109311,0.02322414,0.20683239,0.56507125,2.46230692,0.10629912,-0.12099636,0.05469961,0.39418548,-27.67052460,-0.84744197,0.39462725,-27.66971150,-0.84735504,-0.30381706,-0.38112119,0.01107487,0.09081019,-28.05083269,-0.83628016,0.07521502,-27.63564500,-0.81637258,-0.02543348,-0.00550446,-0.00346180,0.04007101,-0.04898050,0.02256260,1
3.080,0.18286554,0.55786447,2.45961890,0.14695419,-0.17048623,0.07749374,0.05834814,-0.05078048,0.02308204,0.20897152,0.56257805,2.46342091,0.10647883,-0.12200154,0.05497498,0.39402488,-27.70479584,-0.85332072,0.39446393,-27.70398899,-0.85323665,-0.31312198,-0.35887945,0.00653876,0.08134195,-28.06286844,-0.84669789,0.07163217,-27.69544353,-0.82835446,-0.02610598,-0.00471358,-0.00380201,0.04047536,-0.04848469,0.02251876,1
3.090,0.18433799,0.55615707,2.46039499,0.14753709,-0.17099247,0.07772385,0.05823090,-0.05046612,0.02293915,0.21004304,0.56132041,2.46398152,0.10664702,-0.12294197,0.05524659,0.39385623,-27.73908806,-0.85921174,0.39429254,-27.73828749,-0.85913057,-0.30630424,-0.36796303,0.00923262,0.08798830,-28.10625052,-0.84989795,0.07783553,-27.73972799,-0.83090370,-0.02570505,-0.00516334,-0.00358653,0.04089007,-0.04805050,0.02247726,1
3.100,0.18581627,0.55444463,2.46117337,0.14811880,-0.17149555,0.07795252,0.05811238,-0.05015003,0.02279547,0.21111586,0.56005568,2.46454476,0.10680579,-0.12382484,0.05551582,0.39367852,-27.77339172,-0.86512524,0.39411207,-27.77259742,-0.86504696,-0.29940177,-0.37726792,0.01192471,0.09471030,-28.14986535,-0.85312225,0.07783553,-27.73937288,-0.83103477,-0.02529959,-0.00561105,-0.00337139,0.04131301,-0.04767071,0.02243670,1
3.110,0.18730037,0.55272717,2.46195403,0.14869933,-0.17199546,0.07817975,0.05799261,-0.04983223,0.02265101,0.21326558,0.55750426,2.46567993,0.10699143,-0.12485024,0.05585564,0.39349163,-27.80771255,-0.87105191,0.39392240,-27.80692455,-0.87097652,-0.30862223,-0.35380090,0.00703086,0.08530017,-28.16072546,-0.86394567,0.07451481,-27.79784310,-0.84337479,-0.02596521,-0.00477709,-0.00372590,0.04170790,-0.04714522,0.02232411,1
3.120,0.18879026,0.55100473,2.46273696,0.14927865,-0.17249219,0.07840554,0.05787159,-0.04951273,0.02250579,0.21434242,0.55621758,2.46625155,0.10716461,-0.12580460,0.05618218,0.39329740,-27.84205246,-0.87699819,0.39372539,-27.84127081,-0.87692571,-0.30163978,-0.36241730,0.00952252,0.09208561,-28.20368811,-0.86740319,0.08087286,-27.84167573,-0.84615595,-0.02555216,-0.00521285,-0.00351459,0.04211404,-0.04668759,0.02222336,1
3.130,0.19028594,0.54927734,2.46352214,0.14985676,-0.17298571,0.07862987,0.05774932,-0.04919155,0.02235980,0.21542059,0.55492386,2.46682606,0.10732767,-0.12669654,0.05649932,0.39309323,-27.87639809,-0.88295889,0.39351841,-27.87562278,-0.88288935,-0.29457214,-0.37127813,0.01202594,0.09894627,-28.24690091,-0.87086341,0.08087286,-27.84132337,-0.84630041,-0.02513465,-0.00564652,-0.00330392,0.04252909,-0.04628917,0.02213055,1
3.140,0.19178739,0.54754503,2.46430955,0.15043363,-0.17347601,0.07885273,0.05762582,-0.04886869,0.02221304,0.21758052,0.55231602,2.46798149,0.10751085,-0.12770766,0.05684835,0.39288029,-27.91076088,-0.88893890,0.39330263,-27.90999193,-0.88887230,-0.30368784,-0.34679555,0.00692256,0.08961479,-28.25678748,-0.88194974,0.07771528,-27.89747131,-0.85935462,-0.02579313,-0.00477099,-0.00367194,0.04292278,-0.04576835,0.02200438,1
3.150,0.19329460,0.54580783,2.46509919,0.15100927,-0.17396308,0.07907413,0.05750108,-0.04854418,0.02206554,0.21866251,0.55100133,2.46856342,0.10768279,-0.12864801,0.05718465,0.39265883,-27.94513321,-0.89493477,0.39307832,-27.94437066,-0.89487111,-0.29652744,-0.35510225,0.00933199,0.09655088,-28.29947292,-0.88553912,0.08422575,-27.94100109,-0.86242142,-0.02536791,-0.00519350,-0.00346423,0.04332648,-0.04531507,0.02188948,1
3.160,0.19480757,0.54406578,2.46589103,0.15158365,-0.17444689,0.07929404,0.05737512,-0.04821802,0.02191728,0.21974584,0.54967973,2.46914837,0.10784551,-0.12952605,0.05751210,0.39242977,-27.97951889,-0.90094727,0.39284640,-27.97876274,-0.90088656,-0.28928456,-0.36365354,0.01174953,0.10356184,-28.34241628,-0.88913702,0.08422575,-27.94065554,-0.86257186,-0.02493827,-0.00561395,-0.00325734,0.04373814,-0.04492084,0.02178194,1
3.170,0.19632627,0.54231890,2.46668506,0.15215677,-0.17492743,0.07951247,0.05724795,-0.04789023,0.02176829,0.22191674,0.54701530,2.47032780,0.10803657,-0.13053515,0.05790841,0.39219117,-28.01391029,-0.90697598,0.39260492,-28.01316056,-0.90691825,-0.29832897,-0.33808144,0.00629100,0.09427595,-28.35124200,-0.90062725,0.08134195,-27.99608722,-0.87624656,-0.02559047,-0.00469640,-0.00364274,0.04412020,-0.04439228,0.02160406,1
3.180,0.19785070,0.54056724,2.46748127,0.15272861,-0.17540469,0.07972940,0.05711956,-0.04756082,0.02161855,0.22300425,0.54567258,2.47092175,0.10821512,-0.13146931,0.05828021,0.39194447,-28.04830360,-0.91302246,0.39235532,-28.04756031,-0.91296768,-0.29101372,-0.34603068,0.00852969,0.10134160,-28.39359099,-0.90443799,0.08798830,-28.03911462,-0.87959575,-0.02515355,-0.00510534,-0.00344048,0.04451349,-0.04393538,0.02144919,1
3.190,0.19938084,0.53881082,2.46827965,0.15329916,-0.17587864,0.07994484,0.05698998,-0.04722980,0.02146809,0.22409328,0.54432250,2.47151916,0.10838710,-0.13235415,0.05864523,0.39168817,-28.08270645,-0.91908425,0.39209609,-28.08196961,-0.91903245,-0.28362465,-0.35414557,0.01076520,0.10847145,-28.43611518,-0.90826725,0.09471030,-28.08236100,-0.88299239,-0.02471244,-0.00551168,-0.00323951,0.04491206,-0.04352449,0.02129961,1
3.200,0.20091668,0.53704968,2.46908017,0.15386840,-0.17634928,0.08015876,0.05685920,-0.04689719,0.02131691,0.22518380,0.54296542,2.47212004,0.10855336,-0.13319261,0.05900593,0.39142406,-28.11711311,-0.92516339,0.39182907,-28.11638276,-0.92511457,-0.27616318,-0.36241983,0.01299053,0.11566589,-28.47880259,-0.91212404,0.09471030,-28.08201136,-0.88316626,-0.02426712,-0.00591574,-0.00303987,0.04531504,-0.04315667,0.02115283,1
3.210,0.20245820,0.53528385,2.46988282,0.15443634,-0.17681658,0.08037117,0.05672723,-0.04656301,0.02116500,0.22736894,0.54023126,2.47332948,0.10874730,-0.13415687,0.05940816,0.39115122,-28.15151978,-0.93125927,0.39155327,-28.15079592,-0.93121348,-0.28509441,-0.33573680,0.00722416,0.10645886,-28.48653272,-0.92398932,0.09208561,-28.13516329,-0.89771062,-0.02491074,-0.00494741,-0.00344666,0.04568904,-0.04265971,0.02096301,1
3.220,0.20400540,0.53351336,2.47068758,0.15500294,-0.17728054,0.08058206,0.05659408,-0.04622726,0.02101239,0.22846364,0.53885431,2.47393852,0.10892801,-0.13504154,0.05978205,0.39086932,-28.18593216,-0.93736917,0.39126841,-28.18521482,-0.93732639,-0.27755959,-0.34348227,0.00935780,0.11370882,-28.52869709,-0.92796859,0.09208561,-28.13484033,-0.89785506,-0.02445824,-0.00534095,-0.00325094,0.04607493,-0.04223900,0.02080001,1
3.230,0.20555826,0.53173825,2.47149445,0.15556821,-0.17774112,0.08079142,0.05645975,-0.04588995,0.02085907,0.22955987,0.53747063,2.47455088,0.10910163,-0.13587302,0.06014558,0.39057887,-28.22033882,-0.94349712,0.39097497,-28.21962801,-0.94345736,-0.26995076,-0.35142515,0.01149794,0.12102420,-28.57105316,-0.93195942,0.09894627,-28.17771719,-0.90148149,-0.02400161,-0.00573238,-0.00305643,0.04646658,-0.04186810,0.02064584,1
3.240,0.20711676,0.52995855,2.47230341,0.15613213,-0.17819833,0.08099924,0.05632426,-0.04555111,0.02070505,0.23175652,0.53468419,2.47578269,0.10930280,-0.13681688,0.06053973,0.39028051,-28.25475121,-0.94963968,0.39067362,-28.25404696,-0.94960294,-0.27882217,-0.32383284,0.00553163,0.11185145,-28.57787980,-0.94407131,0.09655088,-28.22964869,-0.91640022,-0.02463976,-0.00472564,-0.00347928,0.04682933,-0.04138145,0.02045951,1
3.250,0.20868090,0.52817429,2.47311443,0.15669469,-0.17865214,0.08120552,0.05618760,-0.04521074,0.02055034,0.23285717,0.53328093,2.47640297,0.10949348,-0.13769425,0.06091178,0.38997197,-28.28915215,-0.95579886,0.39036206,-28.28845446,-0.95576517,-0.27115031,-0.33125016,0.00759355,0.11921175,-28.61970462,-0.94817162,0.10356184,-28.27225310,-0.92015099,-0.02417627,-0.00510664,-0.00328854,0.04720121,-0.04095789,0.02029374,1
3.260,0.21025065,0.52638551,2.47392751,0.15725588,-0.17910254,0.08141025,0.05604979,-0.04486886,0.02039494,0.23395939,0.53187127,2.47702635,0.10967550,-0.13851218,0.06126836,0.38965663,-28.32355499,-0.96197486,0.39004369,-28.32286391,-0.96194420,-0.26340265,-0.33890148,0.00967692,0.12664104,-28.66176538,-0.95226728,0.10356184,-28.27193329,-0.92030607,-0.02370874,-0.00548576,-0.00309884,0.04758038,-0.04059036,0.02014189,1
3.270,0.21182601,0.52459225,2.47474263,0.15781569,-0.17954951,0.08161341,0.05591084,-0.04452548,0.02023886,0.23616813,0.52903392,2.47827932,0.10988485,-0.13942806,0.06164249,0.38933155,-28.35795021,-0.96816665,0.38971554,-28.35726573,-0.96813906,-0.27222683,-0.31046363,0.00355394,0.11748871,-28.66772936,-0.96458512,0.10134160,-28.32250315,-0.93582043,-0.02434212,-0.00444167,-0.00353669,0.04793084,-0.04012145,0.01997092,1
3.280,0.21340696,0.52279454,2.47555978,0.15837410,-0.17999304,0.08181502,0.05577075,-0.04418062,0.02008210,0.23727489,0.52760576,2.47890969,0.11008266,-0.14027503,0.06199109,0.38899821,-28.39233589,-0.97437441,0.38937915,-28.39165802,-0.97434989,-0.26441665,-0.31769482,0.00561127,0.12496250,-28.70935284,-0.96873862,0.10847145,-28.36470721,-0.93978570,-0.02386793,-0.00481122,-0.00334991,0.04829144,-0.03971801,0.01982393,1
3.290,0.21499349,0.52099240,2.47637893,0.15893110,-0.18043312,0.08201505,0.05562952,-0.04383428,0.01992467,0.23949333,0.52473115,2.48017913,0.11031395,-0.14121703,0.06240095,0.38865614,-28.42671204,-0.98059767,0.38903400,-28.42604081,-0.98057622,-0.27326837,-0.28838102,-0.00077099,0.11576562,-28.71442183,-0.98134721,0.11566589,-28.40678107,-0.94393932,-0.02449984,-0.00373875,-0.00380020,0.04861715,-0.03921609,0.01961410,1
3.300,0.21658558,0.51918589,2.47720007,0.15948668,-0.18086972,0.08221351,0.05548717,-0.04348649,0.01976659,0.24060497,0.52328496,2.48081738,0.11052635,-0.14206754,0.06275689,0.38830552,-28.46108246,-0.98683643,0.38868027,-28.46041789,-0.98681807,-0.26539921,-0.29532764,0.00120931,0.12328106,-28.75574552,-0.98560876,0.10645886,-28.41422318,-0.95590168,-0.02401939,-0.00409907,-0.00361731,0.04896033,-0.03880218,0.01945662,1
3.310,0.21818322,0.51737502,2.47802319,0.16004084,-0.18130284,0.08241038,0.05534370,-0.04313725,0.01960784,0.24171828,0.52183279,2.48145794,0.11072752,-0.14285508,0.06308174,0.38794619,-28.49543571,-0.99308795,0.38831784,-28.49477782,-0.99307267,-0.25745183,-0.30253180,0.00325918,0.13086601,-28.79730962,-0.98981350,0.11370882,-28.45608825,-0.95999673,-0.02353506,-0.00445777,-0.00343475,0.04931332,-0.03844776,0.01932864,1
3.320,0.21978639,0.51555984,2.47884827,0.16059355,-0.18173246,0.08260567,0.05519911,-0.04278658,0.01944844,0.24394995,0.51891141,2.48274658,0.11096356,-0.14373134,0.06345366,0.38757837,-28.52977753,-0.99935842,0.38794689,-28.52912632,-0.99934623,-0.26627017,-0.27265036,-0.00321251,0.12167672,-28.80177668,-1.00255874,0.12102420,-28.49787310,-0.96424413,-0.02416356,-0.00335157,-0.00389831,0.04962999,-0.03800112,0.01915201,1
3.330,0.22139508,0.51374038,2.47967530,0.16114482,-0.18215857,0.08279935,0.05505343,-0.04243448,0.01928840,0.24506827,0.51744250,2.48339377,0.11118065,-0.14452133,0.06376998,0.38720196,-28.56411362,-1.00564373,0.38756734,-28.56346912,-1.00563466,-0.25826992,-0.27960203,-0.00118489,0.12929741,-28.84307115,-1.00681955,0.11185145,-28.50443415,-0.97643077,-0.02367319,-0.00370212,-0.00371847,0.04996417,-0.03763724,0.01902937,1
3.340,0.22300928,0.51191668,2.48050426,0.16169462,-0.18258115,0.08299143,0.05490664,-0.04208099,0.01912772,0.24618831,0.51596806,2.48404281,0.11138652,-0.14525203,0.06405364,0.38681638,-28.59842300,-1.01194358,0.38717860,-28.59778522,-1.01193763,-0.25019284,-0.28680102,0.00092148,0.13698575,-28.88458624,-1.01101615,0.11921175,-28.54598256,-0.98062395,-0.02317903,-0.00405138,-0.00353855,0.05030810,-0.03732912,0.01893779,1
3.350,0.22462897,0.51008877,2.48133512,0.16224295,-0.18300019,0.08318190,0.05475876,-0.04172610,0.01896641,0.24843358,0.51300354,2.48534706,0.11162844,-0.14606251,0.06437205,0.38642210,-28.63272476,-1.01825678,0.38678114,-28.63209372,-1.01825395,-0.25898758,-0.25643437,-0.00555643,0.12779356,-28.88852809,-1.02381038,0.12664104,-28.58751840,-0.98493093,-0.02380461,-0.00291477,-0.00401194,0.05061451,-0.03693768,0.01880985,1
3.360,0.22625413,0.50825669,2.48216789,0.16278979,-0.18341567,0.08337076,0.05460980,-0.04136983,0.01880447,0.24955877,0.51151377,2.48600134,0.11185115,-0.14679103,0.06463605,0.38602006,-28.66700554,-1.02458620,0.38637592,-28.66638124,-1.02458650,-0.25086312,-0.26343354,-0.00342775,0.13551279,-28.92981478,-1.02801425,0.11748871,-28.59324106,-0.99729915,-0.02330464,-0.00325708,-0.00383345,0.05093864,-0.03662464,0.01873471,1
3.370,0.22788476,0.50642047,2.48300253,0.16333514,-0.18382758,0.08355799,0.05445977,-0.04101220,0.01864191,0.25068574,0.51001897,2.48665699,0.11206247,-0.14746337,0.06486831,0.38560876,-28.70125961,-1.03093231,0.38596142,-28.70064206,-1.03093574,-0.24266287,-0.27067401,-0.00121711,0.14329855,-28.97131607,-1.03215285,0.12496250,-28.63461265,-1.00152115,-0.02280098,-0.00359850,-0.00365446,0.05127267,-0.03636421,0.01868968,1
3.380,0.22952083,0.50458015,2.48383904,0.16387898,-0.18423591,0.08374359,0.05430866,-0.04065321,0.01847873,0.25294473,0.50701596,2.48797132,0.11230395,-0.14818627,0.06508194,0.38518885,-28.73550034,-1.03729165,0.38553828,-28.73488959,-1.03729823,-0.25142534,-0.24003897,-0.00750300,0.13411293,-28.97492855,-1.04480123,0.11576562,-28.63924434,-1.01420862,-0.02342390,-0.00243581,-0.00413228,0.05157503,-0.03604964,0.01866165,1
3.390,0.23116233,0.50273576,2.48467740,0.16442131,-0.18464064,0.08392756,0.05415649,-0.04029289,0.01831495,0.25407671,0.50550811,2.48862903,0.11252757,-0.14883601,0.06525418,0.38475999,-28.76971626,-1.04366493,0.38510619,-28.76911231,-1.04367466,-0.24316812,-0.24723289,-0.00512917,0.14193807,-29.01634520,-1.04880384,0.12328106,-28.68035291,-1.01849422,-0.02291438,-0.00277235,-0.00395163,0.05189374,-0.03580463,0.01867338,1
3.400,0.23280925,0.50088735,2.48551759,0.16496211,-0.18504176,0.08410989,0.05400326,-0.03993124,0.01815056,0.25634612,0.50247926,2.48994709,0.11278567,-0.14953923,0.06542818,0.38432217,-28.80391121,-1.05005372,0.38466511,-28.80331407,-1.05006664,-0.25196356,-0.21621447,-0.01132508,0.13270156,-29.01952854,-1.06139172,0.13086601,-28.72148517,-1.02278859,-0.02353687,-0.00159191,-0.00442950,0.05217644,-0.03550253,0.01868171,1
3.410,0.23446157,0.49903494,2.48635959,0.16550137,-0.18543926,0.08429057,0.05384899,-0.03956828,0.01798558,0.25748335,0.50095921,2.49060620,0.11302003,-0.15015567,0.06554871,0.38387650,-28.83808136,-1.05645669,0.38421618,-28.83749104,-1.05647276,-0.24365045,-0.22343262,-0.00880129,0.14056573,-29.06092365,-1.06527405,0.12167672,-28.72577418,-1.03551390,-0.02302178,-0.00192427,-0.00424661,0.05248134,-0.03528359,0.01874186,1
3.420,0.23611928,0.49717858,2.48720339,0.16603908,-0.18583312,0.08446960,0.05369367,-0.03920401,0.01782001,0.25862234,0.49943539,2.49126527,0.11323966,-0.15071218,0.06563836,0.38342136,-28.87221146,-1.06287336,0.38375775,-28.87162796,-1.06289261,-0.23525592,-0.23093749,-0.00618046,0.14850184,-29.10256546,-1.06907307,0.12929741,-28.76688031,-1.03977321,-0.02250306,-0.00225681,-0.00406188,0.05279942,-0.03512094,0.01883124,1
3.430,0.23778235,0.49531829,2.48804898,0.16657524,-0.18622333,0.08464697,0.05353732,-0.03883847,0.01765385,0.26090591,0.49637621,2.49258458,0.11349751,-0.15131873,0.06572588,0.38295746,-28.90633202,-1.06930566,0.38329056,-28.90575538,-1.06932809,-0.24402998,-0.19988569,-0.01211871,0.13926058,-29.10564107,-1.08144680,0.13698575,-28.80801704,-1.04401037,-0.02312356,-0.00105792,-0.00453560,0.05307773,-0.03490460,0.01892109,1
3.440,0.23945077,0.49345412,2.48889633,0.16710983,-0.18660989,0.08482268,0.05337993,-0.03847165,0.01748711,0.26205031,0.49484181,2.49324358,0.11373307,-0.15184912,0.06576941,0.38248485,-28.94041252,-1.07575059,0.38281465,-28.93984274,-1.07577621,-0.23559419,-0.20741350,-0.00934405,0.14722045,-29.14725623,-1.08512026,0.12779356,-28.81180795,-1.05676038,-0.02259954,-0.00138769,-0.00434725,0.05337676,-0.03476077,0.01905327,1
3.450,0.24112454,0.49158610,2.48974543,0.16764283,-0.18699276,0.08499671,0.05322153,-0.03810357,0.01731980,0.26434451,0.49176371,2.49456022,0.11399954,-0.15239865,0.06578038,0.38200435,-28.97446442,-1.08221126,0.38233082,-28.97390152,-1.08224007,-0.24439078,-0.17632847,-0.01501922,0.13794004,-29.15022998,-1.09725929,0.13551279,-28.85279115,-1.06092090,-0.02321997,-0.00017761,-0.00481479,0.05364329,-0.03459411,0.01921633,1
3.460,0.24280363,0.48971428,2.49059626,0.16817425,-0.18737195,0.08516907,0.05306212,-0.03773425,0.01715193,0.26549440,0.49022018,2.49521838,0.11424705,-0.15288719,0.06578941,0.38151404,-29.00848007,-1.08868301,0.38183717,-29.00792406,-1.08871505,-0.23590773,-0.18399001,-0.01211084,0.14592944,-29.19191407,-1.10082589,0.14329855,-28.89413966,-1.06506109,-0.02269077,-0.00050590,-0.00462212,0.05392720,-0.03448476,0.01937966,1
3.470,0.24448802,0.48783868,2.49144880,0.16870407,-0.18774744,0.08533975,0.05290169,-0.03736369,0.01698350,0.26664604,0.48867417,2.49587526,0.11447633,-0.15331572,0.06576398,0.38101509,-29.04246712,-1.09516811,0.38133487,-29.04191801,-1.09520335,-0.22733759,-0.19196621,-0.00908139,0.15399729,-29.23388422,-1.10428473,0.13411293,-28.89762792,-1.07764509,-0.02215802,-0.00083549,-0.00442646,0.05422774,-0.03443172,0.01957577,1
3.480,0.24617770,0.48595934,2.49230305,0.16923228,-0.18811922,0.08550874,0.05274027,-0.03699192,0.01681451,0.26779940,0.48712605,2.49653098,0.11469120,-0.15368966,0.06571616,0.38050744,-29.07641792,-1.10166919,0.38082385,-29.07587574,-1.10170765,-0.21868771,-0.20023838,-0.00596280,0.16213614,-29.27611412,-1.10767045,0.13411293,-28.89752282,-1.07758759,-0.02162170,-0.00116671,-0.00422793,0.05454108,-0.03442956,0.01979258,1
3.490,0.24787266,0.48407631,2.49315897,0.16975888,-0.18848728,0.08567604,0.05257785,-0.03661894,0.01664497,0.27011148,0.48402344,2.49783898,0.11494047,-0.15407173,0.06561175,0.37999037,-29.11033249,-1.10818183,0.38030339,-29.10979723,-1.10822352,-0.22741211,-0.16967861,-0.01116516,0.15289128,-29.27947584,-1.11938868,0.13270156,-28.94191956,-1.09404097,-0.02223882,0.00005287,-0.00468001,0.05481841,-0.03441555,0.02006429,1
3.500,0.24957287,0.48218961,2.49401656,0.17028384,-0.18885160,0.08584164,0.05241445,-0.03624476,0.01647489,0.27127017,0.48246929,2.49849040,0.11517262,-0.15440746,0.06549428,0.37946555,-29.14421272,-1.11470985,0.37977518,-29.14368440,-1.11475477,-0.21872540,-0.17813595,-0.00778172,0.16104978,-29.32182036,-1.12253649,0.14056573,-28.98321632,-1.09784498,-0.02169730,-0.00027968,-0.00447384,0.05511122,-0.03444414,0.02034736,1
3.510,0.25127833,0.48029929,2.49487580,0.17080716,-0.18921217,0.08600553,0.05225006,-0.03586941,0.01630428,0.27243080,0.48091295,2.49914072,0.11539512,-0.15471411,0.06537880,0.37893087,-29.17805099,-1.12124801,0.37923710,-29.17752966,-1.12129616,-0.20997241,-0.18675625,-0.00437164,0.16926469,-29.36428591,-1.12566780,0.14850184,-29.02474842,-1.10158924,-0.02115247,-0.00061366,-0.00426492,0.05541204,-0.03449806,0.02062673,1
3.520,0.25298901,0.47840538,2.49573667,0.17132884,-0.18956898,0.08616772,0.05208471,-0.03549289,0.01613313,0.27359333,0.47935480,2.49979010,0.11560964,-0.15498947,0.06526859,0.37838802,-29.21184921,-1.12780130,0.37869081,-29.21133481,-1.12785270,-0.20115649,-0.19555929,-0.00094534,0.17753431,-29.40689410,-1.12879804,0.14850184,-29.02465769,-1.10154206,-0.02060432,-0.00094942,-0.00405343,0.05571920,-0.03457951,0.02089913,1
3.530,0.25470490,0.47650792,2.49659915,0.17184885,-0.18992202,0.08632819,0.05191839,-0.03511522,0.01596147,0.27592376,0.47623451,2.50108273,0.11586104,-0.15526412,0.06508785,0.37783611,-29.24560547,-1.13436830,0.37813547,-29.24509805,-1.13442295,-0.20985861,-0.16538012,-0.00568867,0.16827686,-29.41047817,-1.14011162,0.14722045,-29.06921220,-1.11739308,-0.02121886,0.00027341,-0.00448358,0.05598781,-0.03465790,0.02124034,1
3.540,0.25642598,0.47460695,2.49746322,0.17236720,-0.19027128,0.08648695,0.05175111,-0.03473642,0.01578928,0.27826144,0.47311000,2.50236777,0.11613785,-0.15551121,0.06484426,0.37727422,-29.27931595,-1.14094555,0.37757012,-29.27881552,-1.14100347,-0.21864636,-0.13529954,-0.01016036,0.15892377,-29.41411506,-1.15116383,0.13794004,-29.07210375,-1.12931603,-0.02183546,0.00149695,-0.00490455,0.05622935,-0.03476007,0.02164269,1
3.550,0.25815224,0.47270251,2.49832888,0.17288387,-0.19061675,0.08664398,0.05158288,-0.03435648,0.01561658,0.27943294,0.47154670,2.50300666,0.11639079,-0.15571603,0.06460538,0.37670439,-29.31298828,-1.14753449,0.37699684,-29.31249485,-1.14759567,-0.20981872,-0.14452882,-0.00622721,0.16717812,-29.45702367,-1.15382288,0.14592944,-29.11374882,-1.13277025,-0.02128070,0.00115581,-0.00467778,0.05649308,-0.03490072,0.02203860,1
3.560,0.25988366,0.47079463,2.49919610,0.17339885,-0.19095841,0.08679928,0.05141370,-0.03397543,0.01544338,0.28060638,0.46998237,2.50364384,0.11662907,-0.15589531,0.06438364,0.37612528,-29.34660912,-1.15413785,0.37641424,-29.34612270,-1.15420230,-0.20091633,-0.15392780,-0.00229860,0.17549791,-29.50005050,-1.15650090,0.15399729,-29.15566764,-1.13614394,-0.02072272,0.00081226,-0.00444774,0.05676978,-0.03506310,0.02241564,1
3.570,0.26162021,0.46888335,2.50006486,0.17391214,-0.19129625,0.08695284,0.05124359,-0.03359329,0.01526968,0.28295913,0.46685149,2.50491419,0.11690679,-0.15606883,0.06415503,0.37553686,-29.38018799,-1.16075289,0.37582234,-29.37970858,-1.16082063,-0.20970958,-0.12425537,-0.00656871,0.16611275,-29.50396395,-1.16738934,0.16213614,-29.19781944,-1.13940506,-0.02133892,0.00203186,-0.00484933,0.05700535,-0.03522742,0.02279781,1
3.580,0.26336189,0.46696871,2.50093515,0.17442372,-0.19163027,0.08710467,0.05107254,-0.03321006,0.01509548,0.28413842,0.46528523,2.50554676,0.11716225,-0.15620808,0.06393044,0.37493929,-29.41371346,-1.16737926,0.37522126,-29.41324108,-1.16745029,-0.20078221,-0.13393536,-0.00254188,0.17443905,-29.54717644,-1.16999216,0.15289128,-29.20116292,-1.15101703,-0.02077653,0.00168348,-0.00461161,0.05726147,-0.03542219,0.02317423,1
3.590,0.26510868,0.46505076,2.50180695,0.17493359,-0.19196045,0.08725475,0.05090058,-0.03282575,0.01492080,0.28650318,0.46215057,2.50680791,0.11745802,-0.15635048,0.06370070,0.37433314,-29.44719124,-1.17401874,0.37461160,-29.44672591,-1.17409305,-0.20964491,-0.10445067,-0.00665894,0.16496669,-29.55117658,-1.18075199,0.16926469,-29.28589707,-1.15717354,-0.02139450,0.00290019,-0.00500096,0.05747557,-0.03560997,0.02355405,1
3.600,0.26686056,0.46312952,2.50268024,0.17544173,-0.19228678,0.08740308,0.05072769,-0.03244039,0.01474563,0.28768875,0.46058227,2.50743729,0.11773289,-0.15647037,0.06350989,0.37371817,-29.48061943,-1.18066740,0.37399310,-29.48016115,-1.18074501,-0.20070461,-0.11430126,-0.00264494,0.17328848,-29.59446241,-1.18338995,0.16926469,-29.28587089,-1.15713653,-0.02082819,0.00254725,-0.00475705,0.05770884,-0.03581641,0.02389319,1
3.610,0.26861751,0.46120504,2.50355500,0.17594814,-0.19260926,0.08754966,0.05055390,-0.03205398,0.01456999,0.28887658,0.45901317,2.50806653,0.11799540,-0.15658009,0.06336336,0.37309396,-29.51399231,-1.18732846,0.37336535,-29.51354109,-1.18740936,-0.19170026,-0.12424539,0.00127513,0.18166509,-29.63778648,-1.18613424,0.17753431,-29.32843948,-1.16025991,-0.02025907,0.00219187,-0.00451153,0.05795274,-0.03602917,0.02418630,1
3.620,0.27037952,0.45927735,2.50443123,0.17645281,-0.19292786,0.08769448,0.05037920,-0.03166654,0.01439388,0.29125876,0.45587424,2.50932404,0.11829967,-0.15667050,0.06322836,0.37245980,-29.54731369,-1.19400191,0.37272762,-29.54686954,-1.19408612,-0.20062293,-0.09509838,-0.00298698,0.17210469,-29.64196792,-1.19707310,0.16827686,-29.33200730,-1.17152331,-0.02087924,0.00340311,-0.00489281,0.05815314,-0.03625736,0.02446612,1
3.630,0.27214656,0.45734649,2.50530889,0.17695572,-0.19324258,0.08783754,0.05020361,-0.03127808,0.01421731,0.29245280,0.45430544,2.50995017,0.11857563,-0.15672287,0.06307443,0.37181661,-29.58058357,-1.20068586,0.37208086,-29.58014650,-1.20077337,-0.19159424,-0.10545559,0.00102079,0.18048662,-29.68560209,-1.19975259,0.15892377,-29.33567508,-1.18247015,-0.02030624,0.00304105,-0.00464128,0.05838009,-0.03651971,0.02476311,1
3.640,0.27391862,0.45541251,2.50618797,0.17745688,-0.19355342,0.08797883,0.05002713,-0.03088861,0.01404028,0.29364887,0.45273697,2.51057487,0.11883365,-0.15675390,0.06292337,0.37116483,-29.61379242,-1.20738065,0.37142551,-29.61336242,-1.20747150,-0.18248796,-0.11598702,0.00505419,0.18893755,-29.72934945,-1.20241732,0.16717812,-29.37860017,-1.18505798,-0.01973025,0.00267554,-0.00438690,0.05862323,-0.03679952,0.02505546,1
3.650,0.27569569,0.45347544,2.50706846,0.17795626,-0.19386035,0.08811834,0.04984976,-0.03049815,0.01386280,0.29604721,0.44960181,2.51182129,0.11913133,-0.15675001,0.06276597,0.37050354,-29.64694595,-1.21408296,0.37076063,-29.64652305,-1.21417712,-0.19142390,-0.08758100,0.00103466,0.17933673,-29.73410406,-1.21314246,0.17549791,-29.42168133,-1.18764779,-0.02035152,0.00387363,-0.00475283,0.05882493,-0.03711034,0.02535237,1
3.660,0.27747774,0.45153531,2.50795033,0.17845387,-0.19416338,0.08825608,0.04967152,-0.03010671,0.01368487,0.29724945,0.44803532,2.51244266,0.11940436,-0.15672453,0.06260873,0.36983341,-29.68003845,-1.22079742,0.37008688,-29.67962264,-1.22089493,-0.18229730,-0.09855776,0.00515411,0.18778957,-29.77818041,-1.21574081,0.16611275,-29.42563989,-1.19845785,-0.01977171,0.00349999,-0.00449233,0.05904951,-0.03743885,0.02564735,1
3.670,0.27926476,0.44959218,2.50883357,0.17894969,-0.19446248,0.08839204,0.04949242,-0.02971431,0.01350650,0.29845381,0.44646945,2.51306316,0.11966228,-0.15669034,0.06246910,0.36915329,-29.71307373,-1.22752333,0.36940315,-29.71266502,-1.22762416,-0.17310079,-0.10964928,0.00925447,0.19630236,-29.82231430,-1.21836968,0.17443905,-29.46888256,-1.20101726,-0.01918905,0.00312273,-0.00422959,0.05928741,-0.03777214,0.02592294,1
3.680,0.28105673,0.44764608,2.50971817,0.17944371,-0.19475766,0.08852621,0.04931245,-0.02932095,0.01332771,0.30086867,0.44334106,2.51430117,0.11995672,-0.15660438,0.06230619,0.36846438,-29.74604416,-1.23425913,0.36871060,-29.74564257,-1.23436332,-0.18206481,-0.08198927,0.00539821,0.18664579,-29.82763184,-1.22896511,0.16496669,-29.47300333,-1.21166072,-0.01981194,0.00430502,-0.00458300,0.05948699,-0.03815328,0.02622002,1
3.690,0.28285363,0.44569704,2.51060409,0.17993593,-0.19504890,0.08865859,0.04913163,-0.02892666,0.01314848,0.30207914,0.44177875,2.51491839,0.12022943,-0.15651115,0.06215994,0.36776492,-29.77895737,-1.24100387,0.36800751,-29.77856290,-1.24111141,-0.17284865,-0.09357193,0.00958365,0.19515886,-29.87213483,-1.23152775,0.17328848,-29.51634668,-1.21425056,-0.01922551,0.00391829,-0.00431430,0.05970650,-0.03853775,0.02649865,1
3.700,0.28465544,0.44374511,2.51149133,0.18042634,-0.19533619,0.08878918,0.04894996,-0.02853143,0.01296883,0.30329183,0.44021728,2.51553532,0.12048922,-0.15642004,0.06204337,0.36705795,-29.81180573,-1.24775958,0.36729688,-29.81141840,-1.24787047,-0.16356918,-0.10521842,0.01371146,0.20372769,-29.91663682,-1.23415900,0.18166509,-29.55971312,-1.21698106,-0.01863639,0.00352783,-0.00404399,0.05993712,-0.03891615,0.02674581,1
3.710,0.28646215,0.44179033,2.51237987,0.18091493,-0.19561952,0.08891797,0.04876745,-0.02813530,0.01278877,0.30572360,0.43709843,2.51676798,0.12078935,-0.15627958,0.06192711,0.36634037,-29.84458733,-1.25452185,0.36657563,-29.84420713,-1.25463609,-0.17258740,-0.07822617,0.00984623,0.19398824,-29.92243330,-1.24478985,0.17210469,-29.56403881,-1.22786227,-0.01926145,0.00469190,-0.00438811,0.06012558,-0.03933994,0.02699086,1
3.720,0.28827374,0.43983274,2.51326968,0.18140169,-0.19589889,0.08904495,0.04858411,-0.02773827,0.01260830,0.30694266,0.43554122,2.51738338,0.12106849,-0.15613988,0.06183040,0.36561397,-29.87730217,-1.26129675,0.36584556,-29.87692913,-1.26141436,-0.16330286,-0.09032249,0.01396864,0.20254270,-29.96725162,-1.24744572,0.18048662,-29.60774170,-1.23052272,-0.01866892,0.00429152,-0.00411370,0.06033320,-0.03975901,0.02721455,1
3.730,0.29009018,0.43787237,2.51416076,0.18188661,-0.19617429,0.08917013,0.04839994,-0.02734035,0.01242743,0.30816401,0.43398507,2.51799911,0.12133531,-0.15600867,0.06176597,0.36487707,-29.90995216,-1.26807725,0.36510497,-29.90958626,-1.26819823,-0.15395851,-0.10245327,0.01801843,0.21114646,-30.01203953,-1.25017979,0.18893755,-29.65154193,-1.23320365,-0.01807383,0.00388730,-0.00383835,0.06055130,-0.04016562,0.02740416,1
3.740,0.29191146,0.43590926,2.51505308,0.18236969,-0.19644570,0.08929350,0.04821496,-0.02694155,0.01224616,0.31061339,0.43087745,2.51923117,0.12164518,-0.15582835,0.06171972,0.36413181,-29.94253159,-1.27486789,0.36435600,-29.94217283,-1.27499224,-0.16305228,-0.07608906,0.01402156,0.20130372,-30.01826190,-1.26097068,0.17933673,-29.65646037,-1.24393296,-0.01870193,0.00503181,-0.00417809,0.06072451,-0.04061735,0.02757378,1
3.750,0.29373757,0.43394347,2.51594663,0.18285091,-0.19671311,0.08941505,0.04802916,-0.02654190,0.01206450,0.31184139,0.42932612,2.51984726,0.12193390,-0.15565444,0.06169185,0.36337695,-29.97504997,-1.28166902,0.36359742,-29.97469839,-1.28179677,-0.15371374,-0.08864801,0.01799831,0.20988369,-30.06334640,-1.26379846,0.18778957,-29.70061406,-1.24654492,-0.01810382,0.00461735,-0.00390063,0.06091701,-0.04105867,0.02772320,1
3.760,0.29556847,0.43197501,2.51684138,0.18333027,-0.19697653,0.08953479,0.04784255,-0.02614140,0.01188246,0.31307179,0.42777601,2.52046432,0.12221021,-0.15549355,0.06169560,0.36261261,-30.00748253,-1.28847563,0.36282936,-30.00713810,-1.28860675,-0.14431753,-0.10121989,0.02189452,0.21851183,-30.10835799,-1.26671223,0.19630236,-29.74480885,-1.24922311,-0.01750332,0.00419900,-0.00362294,0.06112006,-0.04148298,0.02783919,1
3.770,0.29740417,0.43000395,2.51773732,0.18380776,-0.19723594,0.08965270,0.04765515,-0.02574007,0.01170003,0.31553951,0.42468092,2.52170108,0.12253186,-0.15528364,0.06173409,0.36183909,-30.03985405,-1.29529119,0.36205210,-30.03951679,-1.29542570,-0.15350439,-0.07545508,0.01765846,0.20854772,-30.11497187,-1.27776723,0.18664579,-29.75030489,-1.25988990,-0.01813534,0.00532303,-0.00396376,0.06127590,-0.04195230,0.02791861,1
3.780,0.29924462,0.42803031,2.51863442,0.18428337,-0.19749133,0.08976879,0.04746696,-0.02533793,0.01151724,0.31677683,0.42313605,2.52232054,0.12283179,-0.15508440,0.06178708,0.36105469,-30.07215500,-1.30211723,0.36126396,-30.07182491,-1.30225515,-0.14412353,-0.08843779,0.02142185,0.21714043,-30.16026270,-1.28083330,0.19515886,-29.79489150,-1.26250078,-0.01753221,0.00489426,-0.00368612,0.06145158,-0.04240693,0.02798171,1
3.790,0.30108983,0.42605413,2.51953269,0.18475709,-0.19774270,0.08988304,0.04727798,-0.02493497,0.01133408,0.31801663,0.42159252,2.52294168,0.12311891,-0.15490165,0.06186884,0.36026195,-30.10437202,-1.30894721,0.36046746,-30.10404911,-1.30908851,-0.13468616,-0.10141559,0.02510234,0.22578130,-30.20546470,-1.28398617,0.20372769,-29.83946011,-1.26521606,-0.01692680,0.00446161,-0.00340899,0.06163818,-0.04284105,0.02801420,1
3.800,0.30293976,0.42407547,2.52043208,0.18522892,-0.19799003,0.08999547,0.04708823,-0.02453122,0.01115056,0.32050347,0.41851089,2.52418865,0.12345350,-0.15467018,0.06200033,0.35945898,-30.13652229,-1.31578481,0.35966073,-30.13620655,-1.31592953,-0.14398290,-0.07622433,0.02053237,0.21567784,-30.21243088,-1.29539716,0.19398824,-29.84544541,-1.27598726,-0.01756371,0.00556458,-0.00375657,0.06177542,-0.04331985,0.02799514,1
3.810,0.30479440,0.42209435,2.52133259,0.18569885,-0.19823332,0.09010605,0.04689770,-0.02412669,0.01096668,0.32175049,0.41697290,2.52481425,0.12376558,-0.15445255,0.06214003,0.35864720,-30.16859627,-1.32263231,0.35884516,-30.16828773,-1.32278045,-0.13456983,-0.08959676,0.02403005,0.22427533,-30.25788449,-1.29875040,0.20254270,-29.89035178,-1.27872527,-0.01695609,0.00512145,-0.00348166,0.06193327,-0.04378077,0.02796602,1
3.820,0.30665373,0.42011081,2.52223419,0.18616688,-0.19847256,0.09021480,0.04670641,-0.02372140,0.01078246,0.32299993,0.41543699,2.52544168,0.12406023,-0.15423708,0.06229090,0.35782507,-30.20058441,-1.32948411,0.35801924,-30.20028306,-1.32963564,-0.12509109,-0.10305182,0.02748568,0.23292815,-30.30333488,-1.30214996,0.20254270,-29.89045629,-1.27881747,-0.01634620,0.00467382,-0.00320749,0.06210665,-0.04423548,0.02792390,1
3.830,0.30851773,0.41812491,2.52313688,0.18663298,-0.19870774,0.09032170,0.04651437,-0.02331536,0.01059789,0.32550635,0.41237083,2.52670321,0.12440546,-0.15397757,0.06250691,0.35699362,-30.23250198,-1.33634305,0.35718399,-30.23220781,-1.33649801,-0.13450260,-0.07850737,0.02254441,0.22268138,-30.31071518,-1.31395360,0.20130372,-29.94166238,-1.29254816,-0.01698862,0.00575408,-0.00356633,0.06222752,-0.04473017,0.02781479,1
3.840,0.31038638,0.41613667,2.52404062,0.18709716,-0.19893886,0.09042676,0.04632157,-0.02290857,0.01041299,0.32676331,0.41084066,2.52733702,0.12472804,-0.15373744,0.06272553,0.35615215,-30.26433754,-1.34320962,0.35633871,-30.26405058,-1.34336802,-0.12506039,-0.09230477,0.02576625,0.23127832,-30.35635535,-1.31760176,0.20988369,-29.98683788,-1.29548916,-0.01637693,0.00529601,-0.00329640,0.06236912,-0.04520142,0.02770123,1
3.850,0.31225967,0.41414615,2.52494541,0.18755941,-0.19916591,0.09052996,0.04612803,-0.02250106,0.01022775,0.32802279,0.40931264,2.52797330,0.12503309,-0.15350375,0.06295095,0.35530156,-30.29608917,-1.35008192,0.35548431,-30.29580939,-1.35024375,-0.11555465,-0.10616114,0.02894843,0.23992966,-30.40197053,-1.32129532,0.20988369,-29.98694506,-1.29561205,-0.01576312,0.00483351,-0.00302789,0.06252632,-0.04566216,0.02757901,1
3.860,0.31413756,0.41215337,2.52585121,0.18801972,-0.19938888,0.09063131,0.04593376,-0.02209283,0.01004220,0.33054959,0.40626238,2.52925423,0.12539123,-0.15322833,0.06325146,0.35444108,-30.32776260,-1.35696149,0.35461999,-30.32749002,-1.35712675,-0.12510044,-0.08220431,0.02357038,0.22951955,-30.40969433,-1.33355637,0.20854772,-30.03877082,-1.30984373,-0.01641203,0.00589099,-0.00340302,0.06262849,-0.04616055,0.02737985,1
3.870,0.31602005,0.41015838,2.52675803,0.18847808,-0.19960777,0.09073080,0.04573876,-0.02168391,0.00985632,0.33181690,0.40474021,2.52989855,0.12572605,-0.15297534,0.06354650,0.35357049,-30.35935783,-1.36384737,0.35374555,-30.35909245,-1.36401609,-0.11564139,-0.09637354,0.02649092,0.23810416,-30.45546599,-1.33752517,0.21714043,-30.08415451,-1.31304911,-0.01579685,0.00541817,-0.00314052,0.06275203,-0.04663243,0.02718430,1
3.880,0.31790712,0.40816123,2.52766582,0.18893449,-0.19982256,0.09082844,0.04554303,-0.02127430,0.00967014,0.33308700,0.40321955,2.53054629,0.12604694,-0.15274809,0.06385350,0.35269153,-30.39086533,-1.37073553,0.35286274,-30.39060715,-1.37090766,-0.10613093,-0.11048602,0.02934520,0.24673182,-30.50109316,-1.34156246,0.22578130,-30.12943153,-1.31637343,-0.01517988,0.00494168,-0.00288047,0.06288755,-0.04707447,0.02697494,1
3.890,0.31979874,0.40616194,2.52857459,0.18938894,-0.20003325,0.09092420,0.04534660,-0.02086402,0.00948364,0.33563534,0.40018410,2.53185155,0.12642212,-0.15247615,0.06423781,0.35180193,-30.42229080,-1.37763083,0.35196927,-30.42203984,-1.37780642,-0.11583907,-0.08698326,0.02346618,0.23613020,-30.50902310,-1.35434024,0.21567784,-30.13660072,-1.32809253,-0.01583660,0.00597784,-0.00327696,0.06296682,-0.04755710,0.02668639,1
3.900,0.32169489,0.40416058,2.52948430,0.18984142,-0.20023984,0.09101811,0.04514945,-0.02045308,0.00929685,0.33691357,0.39866938,2.53250863,0.12677232,-0.15222520,0.06460542,0.35090256,-30.45362663,-1.38453352,0.35106602,-30.45338289,-1.38471258,-0.10638092,-0.10142591,0.02606308,0.24468510,-30.55480880,-1.35864950,0.22427533,-30.18214833,-1.33160451,-0.01521868,0.00549120,-0.00302433,0.06306910,-0.04801464,0.02641269,1
3.910,0.32359556,0.40215716,2.53039495,0.19029193,-0.20044231,0.09111014,0.04495160,-0.02004149,0.00910977,0.33819453,0.39715685,2.53316907,0.12710328,-0.15198215,0.06496487,0.34999374,-30.48487663,-1.39143884,0.35015332,-30.48464008,-1.39162134,-0.09686079,-0.11591574,0.02864456,0.25329252,-30.60055581,-1.36297678,0.22427533,-30.18225799,-1.33177202,-0.01459897,0.00500031,-0.00277412,0.06318865,-0.04846016,0.02614527,1
3.920,0.32550072,0.40015174,2.53130650,0.19074045,-0.20064066,0.09120030,0.04475306,-0.01962927,0.00892239,0.34076492,0.39413770,2.53450070,0.12749127,-0.15169789,0.06540473,0.34907490,-30.51604080,-1.39835131,0.34923059,-30.51581146,-1.39853727,-0.10673344,-0.09297348,0.02230607,0.24249716,-30.60878494,-1.37623120,0.22268138,-30.23529262,-1.34731575,-0.01526420,0.00601404,-0.00319420,0.06324918,-0.04894277,0.02579557,1
3.930,0.32741036,0.39814436,2.53221895,0.19118699,-0.20083489,0.09128859,0.04455384,-0.01921643,0.00873474,0.34205433,0.39263113,2.53517137,0.12785370,-0.15143759,0.06582044,0.34814647,-30.54711533,-1.40526450,0.34829826,-30.54689317,-1.40545394,-0.09727642,-0.10775543,0.02462762,0.25102183,-30.65464861,-1.38082632,0.23127832,-30.28102700,-1.35113556,-0.01464397,0.00551323,-0.00295242,0.06333329,-0.04939730,0.02546815,1
3.940,0.32932446,0.39613506,2.53313226,0.19163152,-0.20102499,0.09137500,0.04435393,-0.01880298,0.00854681,0.34334674,0.39112608,2.53584605,0.12820056,-0.15120436,0.06623220,0.34720877,-30.57809830,-1.41218495,0.34735664,-30.57788336,-1.41237786,-0.08776976,-0.12246841,0.02691380,0.25958688,-30.70035177,-1.38546406,0.23992966,-30.32671820,-1.35502906,-0.01402228,0.00500898,-0.00271379,0.06343096,-0.04982063,0.02514280,1
3.950,0.33124299,0.39412388,2.53404644,0.19207406,-0.20121095,0.09145952,0.04415335,-0.01838894,0.00835861,0.34464213,0.38962287,2.53652488,0.12853525,-0.15098374,0.06664499,0.34626043,-30.60898972,-1.41910934,0.34640438,-30.60878199,-1.41930573,-0.07822041,-0.13719132,0.02915016,0.26818398,-30.74597330,-1.39015556,0.23992966,-30.32680959,-1.35523699,-0.01339914,0.00450101,-0.00247844,0.06353881,-0.05022721,0.02481453,1
3.960,0.33316593,0.39211085,2.53496145,0.19251459,-0.20139277,0.09154217,0.04395211,-0.01797432,0.00817015,0.34724152,0.38662279,2.53789208,0.12893085,-0.15071523,0.06711789,0.34530354,-30.63980103,-1.42603707,0.34544356,-30.63960049,-1.42623693,-0.08829136,-0.11475596,0.02229313,0.25715220,-30.75435645,-1.40394380,0.23810416,-30.38051114,-1.37179347,-0.01407559,0.00548806,-0.00293063,0.06358374,-0.05067754,0.02442428,1
3.970,0.33509327,0.39009603,2.53587728,0.19295310,-0.20157044,0.09162293,0.04375020,-0.01755914,0.00798143,0.34854581,0.38512521,2.53858150,0.12930521,-0.15047597,0.06757378,0.34433523,-30.67051125,-1.43296909,0.34447131,-30.67031793,-1.43317245,-0.07883068,-0.12976164,0.02429602,0.26564063,-30.80007956,-1.40887643,0.24673182,-30.42621408,-1.37603318,-0.01345254,0.00497082,-0.00270422,0.06364789,-0.05109447,0.02404915,1
3.980,0.33702499,0.38807946,2.53679390,0.19338959,-0.20174395,0.09170179,0.04354764,-0.01714340,0.00779245,0.34985318,0.38362945,2.53927511,0.12966319,-0.15025109,0.06802067,0.34335846,-30.70113182,-1.43990469,0.34349059,-30.70094571,-1.44011153,-0.06932125,-0.14476482,0.02627253,0.27416934,-30.84571054,-1.41383900,0.24673182,-30.42630494,-1.37624314,-0.01282819,0.00445001,-0.00248121,0.06372640,-0.05149286,0.02368112,1
3.990,0.33896106,0.38606117,2.53771131,0.19382405,-0.20191330,0.09177877,0.04334444,-0.01672712,0.00760324,0.35247684,0.38064426,2.54067174,0.13008149,-0.14997984,0.06851665,0.34237200,-30.73164940,-1.44684327,0.34250017,-30.73147048,-1.44705359,-0.07961628,-0.12278448,0.01899217,0.26288389,-30.85425496,-1.42806142,0.24468510,-30.48022576,-1.39365179,-0.01351578,0.00541691,-0.00296043,0.06374256,-0.05193346,0.02326212,1
4.000,0.34090146,0.38404121,2.53862947,0.19425648,-0.20207849,0.09185386,0.04314060,-0.01631032,0.00741378,0.35379341,0.37915410,2.54137572,0.13047550,-0.14973878,0.06898694,0.34137538,-30.76207924,-1.45378363,0.34149959,-30.76190751,-1.45399744,-0.07019496,-0.13805101,0.02078579,0.27130463,-30.89995852,-1.43321165,0.25329252,-30.52604800,-1.39817569,-0.01289195,0.00488711,-0.00274625,0.06378098,-0.05233971,0.02286692,1
4.010,0.34284618,0.38201961,2.53954838,0.19468686,-0.20223951,0.09192705,0.04293613,-0.01589300,0.00722409,0.35643598,0.37617961,2.54279462,0.13092655,-0.14945754,0.06951136,0.34037006,-30.79241562,-1.46073008,0.34049029,-30.79225110,-1.46094739,-0.08071759,-0.11642835,0.01315460,0.25977269,-30.90867945,-1.44779279,0.24249716,-30.53447805,-1.41177351,-0.01358980,0.00584000,-0.00324624,0.06376031,-0.05278197,0.02241569,1
4.020,0.34479519,0.37999643,2.54046800,0.19511520,-0.20239635,0.09199834,0.04273104,-0.01547519,0.00703418,0.35776195,0.37469532,2.54350870,0.13134414,-0.14920034,0.06998555,0.33935487,-30.82264137,-1.46767616,0.33947112,-30.82248405,-1.46789698,-0.07136343,-0.13196026,0.01481630,0.26810770,-30.95444430,-1.45308069,0.25102183,-30.58043424,-1.41653039,-0.01296676,0.00530111,-0.00304070,0.06377106,-0.05319601,0.02201279,1
4.030,0.34674848,0.37797170,2.54138834,0.19554148,-0.20254901,0.09206773,0.04252533,-0.01505688,0.00684404,0.35909123,0.37321252,2.54422645,0.13174020,-0.14897026,0.07043282,0.33832949,-30.85278511,-1.47462749,0.33844174,-30.85263500,-1.47485182,-0.06195524,-0.14741265,0.01650248,0.27648650,-31.00004764,-1.45834934,0.25958688,-30.62621175,-1.42135137,-0.01234275,0.00475918,-0.00283811,0.06380128,-0.05357875,0.02163491,1
4.040,0.34870601,0.37594546,2.54230935,0.19596570,-0.20269748,0.09213522,0.04231901,-0.01463811,0.00665369,0.36175984,0.37025189,2.54567376,0.13220571,-0.14871788,0.07096871,0.33729455,-30.88282585,-1.48157990,0.33740279,-30.88268293,-1.48180775,-0.07271699,-0.12604581,0.00848620,0.26468581,-31.00872873,-1.47332155,0.26818398,-30.67199294,-1.42644375,-0.01305383,0.00569357,-0.00336441,0.06375999,-0.05397960,0.02116651,1
4.050,0.35066778,0.37391776,2.54323103,0.19638786,-0.20284177,0.09220080,0.04211208,-0.01421887,0.00646312,0.36309913,0.36877412,2.54640239,0.13263670,-0.14848279,0.07144213,0.33624968,-30.91276360,-1.48853457,0.33635391,-30.91262787,-1.48876593,-0.06340998,-0.14168052,0.00997316,0.27294393,-31.05430839,-1.47879278,0.25715220,-30.68046769,-1.44037499,-0.01243135,0.00514364,-0.00317136,0.06375116,-0.05435898,0.02075867,1
4.060,0.35263376,0.37188864,2.54415336,0.19680794,-0.20298186,0.09226448,0.04190456,-0.01379919,0.00627236,0.36578796,0.36582326,2.54786951,0.13313035,-0.14822592,0.07196292,0.33519498,-30.94260216,-1.49549103,0.33529519,-30.94247361,-1.49572591,-0.07441297,-0.12060969,0.00174433,0.26088221,-31.06308330,-1.49398158,0.26564063,-30.72635191,-1.44563907,-0.01315420,0.00606538,-0.00371615,0.06367759,-0.05475594,0.02030156,1
4.070,0.35460394,0.36985814,2.54507632,0.19722595,-0.20311775,0.09232625,0.04169645,-0.01337908,0.00608140,0.36713761,0.36435009,2.54860852,0.13358916,-0.14799851,0.07244742,0.33413163,-30.97234344,-1.50244904,0.33422781,-30.97222207,-1.50268744,-0.06519924,-0.13634862,0.00307534,0.26902856,-31.10857070,-1.49961210,0.27416934,-30.77205240,-1.45078946,-0.01253367,0.00550805,-0.00353220,0.06363679,-0.05511924,0.01987883,1
4.080,0.35657828,0.36782630,2.54599988,0.19764187,-0.20324944,0.09238611,0.04148776,-0.01295854,0.00589025,0.36849064,0.36287874,2.54934988,0.13401759,-0.14778277,0.07286950,0.33305871,-31.00197601,-1.50941098,0.33315086,-31.00186183,-1.50965290,-0.05591651,-0.15208799,0.00453508,0.27723435,-31.15394982,-1.50511782,0.26288389,-30.78068719,-1.46512928,-0.01191236,0.00494756,-0.00335000,0.06362428,-0.05546667,0.01951661,1
4.090,0.35855677,0.36579317,2.54692403,0.19805570,-0.20337692,0.09244405,0.04127849,-0.01253760,0.00569891,0.37120723,0.35994063,2.55084084,0.13451423,-0.14754183,0.07332457,0.33197588,-31.03151131,-1.51637256,0.33206399,-31.03140429,-1.51661801,-0.06716619,-0.13129406,-0.00383021,0.26489780,-31.16269836,-1.52044823,0.27130463,-30.82654902,-1.47055654,-0.01265046,0.00585254,-0.00391681,0.06354147,-0.05583509,0.01911948,1
4.100,0.36053938,0.36375878,2.54784876,0.19846744,-0.20350019,0.09250009,0.04106865,-0.01211627,0.00550740,0.37257059,0.35847458,2.55158913,0.13496984,-0.14730766,0.07370060,0.33088294,-31.06093979,-1.52333736,0.33096700,-31.06083994,-1.52358635,-0.05797732,-0.14727914,-0.00234018,0.27298969,-31.20811909,-1.52592653,0.25977269,-30.83537687,-1.48520714,-0.01203121,0.00528420,-0.00374037,0.06349760,-0.05619253,0.01879949,1
4.110,0.36252611,0.36172318,2.54877403,0.19887707,-0.20361924,0.09255420,0.04085826,-0.01169456,0.00531571,0.37393743,0.35701030,2.55233915,0.13539820,-0.14708777,0.07402599,0.32978109,-31.09026146,-1.53030109,0.32986109,-31.09016879,-1.53055362,-0.04872773,-0.16324737,-0.00074371,0.28113336,-31.25341616,-1.53129733,0.26810770,-30.88123025,-1.49058176,-0.01141132,0.00471288,-0.00356512,0.06347887,-0.05653147,0.01852821,1
4.120,0.36451692,0.35968641,2.54969983,0.19928460,-0.20373408,0.09260640,0.04064730,-0.01127248,0.00512385,0.37530771,0.35554807,2.55309103,0.13580571,-0.14687172,0.07431669,0.32867065,-31.11948204,-1.53726625,0.32874659,-31.11939653,-1.53752233,-0.03943058,-0.17925694,0.00091751,0.28931601,-31.29865347,-1.53660482,0.26810770,-30.88133253,-1.49067508,-0.01079079,0.00413834,-0.00339120,0.06347889,-0.05686236,0.01828971,1
4.130,0.36651179,0.35764851,2.55062615,0.19969002,-0.20384469,0.09265668,0.04043580,-0.01085005,0.00493184,0.37805887,0.35262905,2.55459993,0.13628652,-0.14661535,0.07460768,0.32754955,-31.14859581,-1.54423249,0.32762142,-31.14851746,-1.54449210,-0.05093729,-0.15905377,-0.00726179,0.27668413,-31.30757123,-1.55175390,0.26468581,-30.93580561,-1.51106188,-0.01154708,0.00501946,-0.00397378,0.06340350,-0.05722934,0.01804900,1
4.140,0.36851071,0.35560953,2.55155296,0.20009332,-0.20395108,0.09270504,0.04022376,-0.01042727,0.00473967,0.37943972,0.35117231,2.55535577,0.13673599,-0.14637988,0.07485176,0.32641938,-31.17759514,-1.55120027,0.32648717,-31.17752395,-1.55146344,-0.04176943,-0.17531035,-0.00553229,0.28471774,-31.35283430,-1.55699573,0.27294393,-30.98147166,-1.51658478,-0.01092901,0.00443722,-0.00380281,0.06335733,-0.05757120,0.01785328,1
4.150,0.37051365,0.35356950,2.55248025,0.20049449,-0.20405324,0.09275147,0.04001119,-0.01000417,0.00454735,0.38221184,0.34826525,2.55686944,0.13724558,-0.14609304,0.07505541,0.32528028,-31.20649529,-1.55816793,0.32534397,-31.20643125,-1.55843465,-0.05353576,-0.15556892,-0.01355265,0.27180822,-31.36200017,-1.57198730,0.26088221,-30.99046704,-1.53181475,-0.01169819,0.00530425,-0.00438919,0.06324891,-0.05796020,0.01769606,1
4.160,0.37252059,0.35152848,2.55340798,0.20089354,-0.20415116,0.09279598,0.03979809,-0.00958076,0.00435489,0.38360309,0.34681497,2.55762607,0.13771522,-0.14582681,0.07520719,0.32413128,-31.23529053,-1.56513810,0.32419088,-31.23523364,-1.56540838,-0.04445255,-0.17214870,-0.01160068,0.27973833,-31.40738235,-1.57700906,0.26902856,-31.03605664,-1.53744337,-0.01108250,0.00471351,-0.00421809,0.06317832,-0.05832435,0.01758879,1
4.170,0.37453152,0.34948649,2.55433616,0.20129045,-0.20424485,0.09283857,0.03958447,-0.00915705,0.00416230,0.38499781,0.34536699,2.55838280,0.13815452,-0.14556944,0.07532358,0.32297328,-31.26396751,-1.57210600,0.32302879,-31.26391777,-1.57237982,-0.03530471,-0.18874619,-0.00956035,0.28772408,-31.45266395,-1.58194017,0.26902856,-31.03617203,-1.53744848,-0.01046629,0.00411950,-0.00404664,0.06313593,-0.05867541,0.01751499,1
4.180,0.37654640,0.34744359,2.55526475,0.20168523,-0.20433430,0.09287923,0.03937034,-0.00873305,0.00396957,0.38779794,0.34247727,2.55989598,0.13866050,-0.14526927,0.07539369,0.32180622,-31.29253197,-1.57907414,0.32185761,-31.29248936,-1.57935154,-0.04731711,-0.16951375,-0.01723836,0.27454050,-31.46200311,-1.59658989,0.26489780,-31.09051397,-1.55825024,-0.01125154,0.00496632,-0.00463123,0.06302473,-0.05906503,0.01748554,1
4.190,0.37856521,0.34539982,2.55619374,0.20207786,-0.20441951,0.09291796,0.03915570,-0.00830878,0.00377672,0.38920330,0.34103556,2.56065125,0.13912937,-0.14499483,0.07542684,0.32062939,-31.32098961,-1.58604288,0.32067666,-31.32095413,-1.58632383,-0.03827849,-0.18635467,-0.01497042,0.28239817,-31.50730880,-1.60129425,0.27298969,-31.13603334,-1.56368968,-0.01063809,0.00436426,-0.00445751,0.06294849,-0.05942468,0.01749112,1
4.200,0.38058795,0.34335522,2.55712310,0.20246834,-0.20450048,0.09295476,0.03894057,-0.00788425,0.00358375,0.39061237,0.33959544,2.56140607,0.13957385,-0.14474909,0.07544066,0.31944349,-31.34933662,-1.59301078,0.31948664,-31.34930827,-1.59329529,-0.02919149,-0.20309270,-0.01264824,0.29029514,-31.55240097,-1.60594353,0.28113336,-31.18141022,-1.56903839,-0.01002442,0.00375978,-0.00428297,0.06289449,-0.05975139,0.01751410,1
4.210,0.38261457,0.34130983,2.55805283,0.20285667,-0.20457720,0.09298963,0.03872494,-0.00745948,0.00339067,0.39344175,0.33672038,2.56291516,0.14009551,-0.14448159,0.07544463,0.31824893,-31.37757111,-1.59998012,0.31828795,-31.37754986,-1.60026819,-0.04151031,-0.18406294,-0.02010752,0.27677764,-31.56161280,-1.62037571,0.28931601,-31.22681391,-1.57433309,-0.01082718,0.00458945,-0.00486233,0.06276116,-0.06009561,0.01754500,1
4.220,0.38464507,0.33926369,2.55898289,0.20324283,-0.20464967,0.09302258,0.03850883,-0.00703447,0.00319748,0.39486200,0.33528546,2.56366827,0.14057796,-0.14423414,0.07541135,0.31704494,-31.40568733,-1.60694742,0.31707982,-31.40567319,-1.60723905,-0.03255940,-0.20093517,-0.01764635,0.28452041,-31.60660836,-1.62488540,0.27668413,-31.23582535,-1.58940965,-0.01021693,0.00397823,-0.00468538,0.06266487,-0.06041553,0.01761123,1
4.230,0.38667942,0.33721685,2.55991327,0.20362684,-0.20471788,0.09305358,0.03829224,-0.00660924,0.00300420,0.39628589,0.33385267,2.56442009,0.14103063,-0.14399540,0.07535395,0.31583220,-31.43369102,-1.61391592,0.31586294,-31.43368399,-1.61421112,-0.02354936,-0.21781437,-0.01510854,0.29231358,-31.65149836,-1.62931966,0.27668413,-31.23593163,-1.58934477,-0.00960647,0.00336418,-0.00450682,0.06259621,-0.06072248,0.01769963,1
4.240,0.38871760,0.33516934,2.56084395,0.20400868,-0.20478185,0.09308266,0.03807517,-0.00618380,0.00281082,0.39914477,0.33099269,2.56591944,0.14155377,-0.14371967,0.07522741,0.31460950,-31.46158218,-1.62088227,0.31463608,-31.46158225,-1.62118106,-0.03615299,-0.19919287,-0.02211732,0.27848309,-31.66077513,-1.64329839,0.27180822,-31.29055394,-1.60941118,-0.01042717,0.00417665,-0.00507549,0.06245491,-0.06106218,0.01785525,1
4.250,0.39075959,0.33312122,2.56177492,0.20438834,-0.20484156,0.09310980,0.03785765,-0.00575817,0.00261735,0.40057972,0.32956550,2.56666592,0.14203890,-0.14346957,0.07508238,0.31337881,-31.48935699,-1.62784767,0.31340124,-31.48936417,-1.62815003,-0.02726805,-0.21625801,-0.01929334,0.28613320,-31.70562218,-1.64744337,0.27973833,-31.33602272,-1.61433271,-0.00982013,0.00355572,-0.00489100,0.06234944,-0.06137199,0.01802742,1
4.260,0.39280536,0.33107253,2.56270614,0.20476583,-0.20489701,0.09313501,0.03763967,-0.00533236,0.00242380,0.40201850,0.32813964,2.56741079,0.14249886,-0.14324858,0.07493354,0.31213930,-31.51701164,-1.63481331,0.31215757,-31.51702589,-1.63511924,-0.01833747,-0.23320518,-0.01644038,0.29382010,-31.75023106,-1.65155962,0.28772408,-31.38137114,-1.61918368,-0.00921314,0.00293289,-0.00470465,0.06226697,-0.06164843,0.01820147,1
4.270,0.39485490,0.32902330,2.56363761,0.20514113,-0.20494821,0.09315828,0.03742124,-0.00490638,0.00223017,0.40490737,0.32529305,2.56889479,0.14303044,-0.14299441,0.07471461,0.31089050,-31.54455566,-1.64177787,0.31090460,-31.54457697,-1.64208739,-0.03125000,-0.21479051,-0.02302307,0.27965460,-31.75936747,-1.66511046,0.27454050,-31.39088716,-1.63361879,-0.01005247,0.00373025,-0.00525718,0.06211069,-0.06195380,0.01844367,1
4.280,0.39690818,0.32697358,2.56456930,0.20551425,-0.20499514,0.09317961,0.03720236,-0.00448026,0.00203648,0.40635739,0.32387228,2.56963296,0.14352327,-0.14276503,0.07449018,0.30963284,-31.57197762,-1.64874196,0.30964278,-31.57200599,-1.64905506,-0.02244995,-0.23188959,-0.01989796,0.28719283,-31.80389559,-1.66895302,0.28239817,-31.43627034,-1.63820269,-0.00944921,0.00310130,-0.00506366,0.06199098,-0.06223011,0.01868943,1
4.290,0.39896518,0.32492341,2.56550120,0.20588518,-0.20503781,0.09319901,0.03698305,-0.00405399,0.00184272,0.40781116,0.32245331,2.57036889,0.14398668,-0.14254822,0.07426587,0.30836734,-31.59927940,-1.65570223,0.30837310,-31.59931485,-1.65601892,-0.01359529,-0.24896185,-0.01674594,0.29477781,-31.84827670,-1.67276486,0.28239817,-31.43635990,-1.63809072,-0.00884598,0.00247010,-0.00486769,0.06189850,-0.06248959,0.01893314,1
4.300,0.40102587,0.32287284,2.56643328,0.20625391,-0.20507622,0.09321646,0.03676331,-0.00362759,0.00164890,0.41073015,0.31961987,2.57183398,0.14452339,-0.14230715,0.07397346,0.30709240,-31.62646866,-1.66266429,0.30709396,-31.62651116,-1.66298457,-0.02681541,-0.23078124,-0.02290587,0.28027855,-31.85729241,-1.68589045,0.27677764,-31.49082083,-1.65692382,-0.00970428,0.00325297,-0.00540070,0.06173052,-0.06276907,0.01924300,1
4.310,0.40309025,0.32082190,2.56736552,0.20662044,-0.20511036,0.09323198,0.03654315,-0.00320108,0.00145504,0.41219529,0.31820538,2.57256224,0.14502123,-0.14209277,0.07368656,0.30580914,-31.65353394,-1.66962302,0.30580652,-31.65358349,-1.66994688,-0.01809864,-0.24792971,-0.01950327,0.28770788,-31.90151320,-1.68945015,0.28452041,-31.53588355,-1.66129834,-0.00910504,0.00261652,-0.00519672,0.06159921,-0.06301759,0.01954542,1
4.320,0.40515827,0.31877064,2.56829791,0.20698477,-0.20514024,0.09324556,0.03632257,-0.00277447,0.00126112,0.41513711,0.31538071,2.57401166,0.14558771,-0.14186326,0.07335698,0.30451685,-31.68047905,-1.67657971,0.30451004,-31.68053564,-1.67690717,-0.03161986,-0.22988478,-0.02537241,0.27289018,-31.91042042,-1.70227959,0.29231358,-31.58091099,-1.66550377,-0.00997884,0.00338993,-0.00571375,0.06139706,-0.06327698,0.01988858,1
4.330,0.40722993,0.31671911,2.56923042,0.20734690,-0.20516585,0.09325721,0.03610159,-0.00234778,0.00106717,0.41661370,0.31397049,2.57473198,0.14610562,-0.14165313,0.07302584,0.30321613,-31.70729446,-1.68353617,0.30320511,-31.70735808,-1.68386722,-0.02301481,-0.24709054,-0.02176253,0.28019030,-31.95444861,-1.70562974,0.27848309,-31.59026375,-1.67931460,-0.00938377,0.00274862,-0.00550156,0.06124128,-0.06351272,0.02023137,1
4.340,0.40930520,0.31466734,2.57016305,0.20770680,-0.20518720,0.09326691,0.03588020,-0.00192101,0.00087319,0.41809415,0.31256136,2.57544946,0.14659027,-0.14146798,0.07270642,0.30190712,-31.73399544,-1.69048953,0.30189190,-31.73406608,-1.69082417,-0.01435069,-0.26418494,-0.01814810,0.28754121,-31.99825102,-1.70897227,0.28613320,-31.63516592,-1.68331746,-0.00878895,0.00210598,-0.00528641,0.06111653,-0.06371922,0.02056049,1
4.350,0.41138406,0.31261538,2.57109576,0.20806450,-0.20520427,0.09327467,0.03565842,-0.00149418,0.00067917,0.41957842,0.31115357,2.57616429,0.14704961,-0.14129578,0.07240051,0.30058974,-31.76057243,-1.69744182,0.30057032,-31.76065008,-1.69778004,-0.00564341,-0.28123261,-0.01453651,0.29492691,-32.04188268,-1.71231655,0.28613320,-31.63523260,-1.68318475,-0.00819436,0.00146181,-0.00506853,0.06101489,-0.06390849,0.02087416,1
4.360,0.41346649,0.31056327,2.57202853,0.20841997,-0.20521708,0.09328049,0.03543625,-0.00106730,0.00048514,0.42255865,0.30834108,2.57758628,0.14758691,-0.14111223,0.07203289,0.29926336,-31.78702736,-1.70439029,0.29923972,-31.78711200,-1.70473212,-0.01948309,-0.26320045,-0.01996831,0.27975664,-32.05031245,-1.72470043,0.27965460,-31.68908668,-1.70057548,-0.00909216,0.00222219,-0.00555775,0.06083306,-0.06410485,0.02124760,1
4.370,0.41555246,0.30851105,2.57296136,0.20877322,-0.20522562,0.09328437,0.03521371,-0.00064040,0.00029109,0.42555423,0.30553258,2.57899658,0.14818327,-0.14092713,0.07162045,0.29792991,-31.81335831,-1.71133995,0.29790206,-31.81344996,-1.71168538,-0.03362355,-0.24525575,-0.02514065,0.26427851,-32.05870571,-1.73682603,0.28719283,-31.73370968,-1.70414459,-0.01000177,0.00297847,-0.00603522,0.06058995,-0.06429849,0.02166392,1
4.380,0.41764194,0.30645877,2.57389421,0.20912424,-0.20522989,0.09328631,0.03499079,-0.00021347,0.00009703,0.42705794,0.30412950,2.57969833,0.14873016,-0.14077229,0.07125910,0.29658756,-31.83955765,-1.71828449,0.29655548,-31.83965630,-1.71863351,-0.02523813,-0.26227670,-0.02123393,0.27131735,-32.10193300,-1.73986744,0.29477781,-31.77812282,-1.70785239,-0.00941600,0.00232927,-0.00580412,0.06039408,-0.06445760,0.02202721,1
4.390,0.41973493,0.30440647,2.57482708,0.20947304,-0.20522989,0.09328631,0.03476750,0.00021347,-0.00009703,0.42856542,0.30272740,2.58039681,0.14923456,-0.14063190,0.07090632,0.29523671,-31.86563492,-1.72522700,0.29520039,-31.86574052,-1.72557961,-0.01677549,-0.27923008,-0.01731048,0.27842491,-32.14497060,-1.74289009,0.28027855,-31.78718703,-1.72081444,-0.00883049,0.00167907,-0.00556973,0.06023848,-0.06459799,0.02237999,1
4.400,0.42183140,0.30235419,2.57575993,0.20981959,-0.20522562,0.09328437,0.03454385,0.00064040,-0.00029109,0.43159203,0.29992503,2.58178593,0.14980705,-0.14049387,0.07051287,0.29387859,-31.89159012,-1.73217034,0.29383805,-31.89170270,-1.73252656,-0.03118929,-0.26114201,-0.02226929,0.26264876,-32.15284471,-1.75479585,0.28770788,-31.83147333,-1.72411640,-0.00976063,0.00242916,-0.00602600,0.06001254,-0.06473175,0.02277150,1
4.410,0.42393132,0.30030197,2.57669276,0.21016391,-0.20521708,0.09328049,0.03431985,0.00106730,-0.00048514,0.43311094,0.29852533,2.58247564,0.15032782,-0.14036312,0.07012727,0.29251125,-31.91741371,-1.73910940,0.29246648,-31.91753325,-1.73946923,-0.02283609,-0.27806227,-0.01816014,0.26963040,-32.19559552,-1.75762937,0.27289018,-31.84043498,-1.73676482,-0.00917962,0.00177664,-0.00578288,0.05983609,-0.06485396,0.02315322,1
4.420,0.42603467,0.29824986,2.57762554,0.21050599,-0.20520427,0.09327467,0.03409551,0.00149418,-0.00067917,0.43463361,0.29712627,2.58316235,0.15081278,-0.14024862,0.06976311,0.29113677,-31.94311142,-1.74604368,0.29108776,-31.94323790,-1.74640710,-0.01442035,-0.29489494,-0.01407087,0.27666741,-32.23813284,-1.76047797,0.28019030,-31.88449605,-1.73996506,-0.00859894,0.00112359,-0.00553681,0.05969321,-0.06495565,0.02351156,1
4.430,0.42814143,0.29619790,2.57855825,0.21084582,-0.20518720,0.09326691,0.03387083,0.00192101,-0.00087319,0.43616018,0.29572745,2.58384667,0.15127388,-0.14015700,0.06943045,0.28975445,-31.96868134,-1.75297785,0.28970119,-31.96881477,-1.75334487,-0.00596808,-0.31159521,-0.01003490,0.28373311,-32.28040998,-1.76337977,0.28754121,-31.92830995,-1.74318850,-0.00801875,0.00047045,-0.00528842,0.05957194,-0.06503020,0.02383646,1
4.440,0.43025158,0.29414613,2.57949087,0.21118340,-0.20516585,0.09325721,0.03364581,0.00234778,-0.00106717,0.43922509,0.29293073,2.58520943,0.15181672,-0.14007648,0.06908783,0.28836411,-31.99411964,-1.75990808,0.28830661,-31.99426000,-1.76027872,-0.02070889,-0.29326481,-0.01480009,0.26759772,-32.28752481,-1.77507881,0.29492691,-31.97196521,-1.74634654,-0.00897351,0.00121540,-0.00571856,0.05936668,-0.06508937,0.02416938,1
4.450,0.43236509,0.29209460,2.58042338,0.21151874,-0.20514024,0.09324556,0.03342048,0.00277447,-0.00126112,0.44076331,0.29153272,2.58588737,0.15231820,-0.14000758,0.06876459,0.28696573,-32.01943207,-1.76683366,0.28690397,-32.01957934,-1.76720790,-0.01242032,-0.30981819,-0.01071728,0.27448364,-32.32939753,-1.77792518,0.27975664,-31.98041201,-1.75859786,-0.00839822,0.00056188,-0.00546399,0.05920054,-0.06513266,0.02448097,1
4.460,0.43448194,0.29004334,2.58135577,0.21185181,-0.20511036,0.09323198,0.03319482,0.00320108,-0.00145504,0.44230530,0.29013527,2.58656289,0.15278831,-0.13994199,0.06846143,0.28555986,-32.04461288,-1.77375817,0.28549385,-32.04476707,-1.77413601,-0.00407925,-0.32634214,-0.00665921,0.28141459,-32.37110921,-1.78079522,0.27975664,-31.98043984,-1.75847640,-0.00782336,-0.00009193,-0.00520712,0.05906350,-0.06516837,0.02477055,1
4.470,0.43660212,0.28799240,2.58228802,0.21218263,-0.20507622,0.09321646,0.03296885,0.00362759,-0.00164890,0.44385082,0.28873869,2.58723493,0.15322911,-0.13987112,0.06814699,0.28414640,-32.06966782,-1.78067982,0.28407612,-32.06982890,-1.78106127,0.00431351,-0.34288614,-0.00253411,0.28838963,-32.41271504,-1.78359538,0.26427851,-31.98887645,-1.77042788,-0.00724870,-0.00074629,-0.00494691,0.05895352,-0.06520510,0.02506947,1
4.480,0.43872559,0.28594183,2.58322010,0.21251119,-0.20503781,0.09319901,0.03274258,0.00405399,-0.00184272,0.44695276,0.28594704,2.58857077,0.15374151,-0.13979085,0.06777581,0.28272498,-32.09457779,-1.78759849,0.28265044,-32.09474576,-1.78798354,-0.01073952,-0.32456848,-0.00690397,0.27191092,-32.41931424,-1.79488752,0.27131735,-32.03215799,-1.77319857,-0.00822717,-0.00000521,-0.00535067,0.05876968,-0.06524696,0.02542320,1
4.490,0.44085233,0.28389166,2.58415199,0.21283748,-0.20499514,0.09317961,0.03251602,0.00448026,-0.00203648,0.44850929,0.28455176,2.58923546,0.15421940,-0.13972515,0.06744907,0.28129604,-32.11936569,-1.79451382,0.28121724,-32.11954054,-1.79490248,-0.00249724,-0.34105714,-0.00266708,0.27872000,-32.46059769,-1.79756956,0.27842491,-32.07520656,-1.77612451,-0.00765696,-0.00066010,-0.00508347,0.05861808,-0.06526999,0.02573054,1
4.500,0.44298233,0.28184194,2.58508368,0.21316151,-0.20494821,0.09315828,0.03228916,0.00490638,-0.00223017,0.45006933,0.28315701,2.58989718,0.15466552,-0.13966262,0.06712993,0.27986020,-32.14402390,-1.80142272,0.27977712,-32.14420562,-1.80181498,0.00580089,-0.35751202,0.00158218,0.28557801,-32.50171765,-1.80023280,0.26264876,-32.08310719,-1.78788210,-0.00708700,-0.00131507,-0.00481350,0.05849599,-0.06528559,0.02602835,1
4.510,0.44511556,0.27979271,2.58601515,0.21348326,-0.20489701,0.09313501,0.03206202,0.00533236,-0.00242380,0.45320038,0.28036738,2.59121446,0.15518399,-0.13962137,0.06679331,0.27841693,-32.16854477,-1.80833018,0.27832958,-32.16873334,-1.80872605,-0.00956798,-0.33895352,-0.00265516,0.26876160,-32.50768686,-1.81138121,0.27666741,-32.16838403,-1.79336970,-0.00808482,-0.00057467,-0.00519931,0.05829927,-0.06527564,0.02634170,1
4.520,0.44725199,0.27774401,2.58694638,0.21380275,-0.20484156,0.09310980,0.03183461,0.00575817,-0.00261735,0.45477163,0.27897166,2.59187134,0.15566902,-0.13960912,0.06651712,0.27696592,-32.19292831,-1.81523430,0.27687430,-32.19312374,-1.81563378,-0.00142874,-0.35506439,0.00153385,0.27544556,-32.54818812,-1.81409993,0.28373311,-32.21062379,-1.79622404,-0.00751964,-0.00122765,-0.00492496,0.05813373,-0.06523244,0.02659268,1
4.530,0.44939160,0.27569589,2.58787734,0.21411996,-0.20478185,0.09308266,0.03160693,0.00618380,-0.00281082,0.45634670,0.27757539,2.59252751,0.15612860,-0.13961339,0.06629203,0.27550772,-32.21718597,-1.82213700,0.27541183,-32.21738824,-1.82254008,0.00674761,-0.37104473,0.00559638,0.28215944,-32.58843297,-1.81694370,0.28373311,-32.21059689,-1.79618814,-0.00695510,-0.00187950,-0.00465017,0.05799136,-0.06516846,0.02679063,1
4.540,0.45153438,0.27364839,2.58880802,0.21443489,-0.20471788,0.09305358,0.03137898,0.00660924,-0.00300420,0.45792536,0.27617891,2.59318195,0.15656307,-0.13962213,0.06607988,0.27404216,-32.24130630,-1.82903159,0.27394199,-32.24151539,-1.82943828,0.01496387,-0.38696163,0.00964087,0.28890586,-32.62847702,-1.81979740,0.26759772,-32.21770063,-1.80780053,-0.00639098,-0.00253052,-0.00437393,0.05787182,-0.06509575,0.02697370,1
4.550,0.45368029,0.27160155,2.58973841,0.21474753,-0.20464967,0.09302258,0.03115078,0.00703447,-0.00319748,0.45950773,0.27478179,2.59383531,0.15698146,-0.13964470,0.06589407,0.27256986,-32.26528931,-1.83592463,0.27246541,-32.26550521,-1.83633493,0.02319970,-0.40275700,0.01362510,0.29566511,-32.66826221,-1.82270983,0.27448364,-32.25954133,-1.81059350,-0.00582744,-0.00318024,-0.00409690,0.05776607,-0.06500497,0.02712851,1
4.560,0.45582932,0.26955541,2.59066847,0.21505790,-0.20457720,0.09298963,0.03092233,0.00745948,-0.00339067,0.46268401,0.27198396,2.59514147,0.15748863,-0.13972478,0.06575064,0.27108973,-32.28914261,-1.84281373,0.27098099,-32.28936531,-1.84322763,0.00739050,-0.38320685,0.00900754,0.27837149,-32.67257217,-1.83422009,0.28838963,-32.34273253,-1.81625556,-0.00685469,-0.00242855,-0.00447300,0.05756927,-0.06485242,0.02723899,1
4.570,0.45798145,0.26751002,2.59159819,0.21536598,-0.20450048,0.09295476,0.03069364,0.00788425,-0.00358375,0.46427802,0.27058304,2.59579516,0.15796671,-0.13981643,0.06565509,0.26960436,-32.31285477,-1.84969604,0.26949132,-32.31308425,-1.85011354,0.01541600,-0.39848303,0.01274351,0.28490732,-32.71156728,-1.83737003,0.28838963,-32.34266934,-1.81627959,-0.00629657,-0.00307302,-0.00419697,0.05739927,-0.06468405,0.02729967,1
4.580,0.46013664,0.26546542,2.59252756,0.21567177,-0.20441951,0.09291796,0.03046472,0.00830878,-0.00377672,0.46587569,0.26918118,2.59644835,0.15841681,-0.13990890,0.06557107,0.26811025,-32.33642960,-1.85657656,0.26799292,-32.33666586,-1.85699767,0.02348442,-0.41369168,0.01644800,0.29147735,-32.75035754,-1.84054967,0.27191092,-32.34922109,-1.82754701,-0.00573905,-0.00371576,-0.00392079,0.05725496,-0.06451061,0.02734689,1
4.590,0.46229487,0.26342164,2.59345654,0.21597527,-0.20433430,0.09287923,0.03023557,0.00873305,-0.00396957,0.46908245,0.26637295,2.59775593,0.15894558,-0.14005672,0.06553372,0.26661023,-32.35986710,-1.86345351,0.26648862,-32.36011013,-1.86387821,0.00729915,-0.39342127,0.01151838,0.27378777,-32.75353140,-1.85235983,0.28557801,-32.43146757,-1.83294363,-0.00678758,-0.00295131,-0.00429939,0.05702969,-0.06427758,0.02734551,1
4.600,0.46445613,0.26137875,2.59438513,0.21627648,-0.20424485,0.09283857,0.03000620,0.00915705,-0.00416230,0.47069163,0.26496638,2.59841123,0.15943875,-0.14020684,0.06553275,0.26510295,-32.38317490,-1.87032354,0.26497705,-32.38342468,-1.87075184,0.01519017,-0.40813854,0.01496791,0.28016721,-32.79156322,-1.85578394,0.28557801,-32.43138905,-1.83299773,-0.00623550,-0.00358763,-0.00402610,0.05683773,-0.06403801,0.02730582,1
4.610,0.46662040,0.25933676,2.59531331,0.21657540,-0.20415116,0.09279598,0.02977662,0.00958076,-0.00435489,0.47392094,0.26214908,2.59972283,0.15999185,-0.14039204,0.06555415,0.26358959,-32.40633392,-1.87719131,0.26345940,-32.40659043,-1.87762322,-0.00130104,-0.38736697,0.00981911,0.26215836,-32.79395741,-1.86780411,0.27544556,-32.47771430,-1.84690910,-0.00730054,-0.00281232,-0.00440952,0.05658355,-0.06375912,0.02724183,1
4.620,0.46878763,0.25729574,2.59624105,0.21687201,-0.20405324,0.09275147,0.02954683,0.01000417,-0.00454735,0.47554127,0.26073755,2.60038041,0.16050226,-0.14058219,0.06560526,0.26206952,-32.42936325,-1.88405418,0.26193503,-32.42962650,-1.88448970,0.00646804,-0.40167083,0.01308792,0.26840307,-32.83129734,-1.87140178,0.28215944,-32.51785665,-1.84982300,-0.00675364,-0.00344181,-0.00413936,0.05636975,-0.06347105,0.02714621,1
4.630,0.47095783,0.25525571,2.59716833,0.21716633,-0.20395108,0.09270504,0.02931685,0.01042727,-0.00473967,0.47716554,0.25932358,2.60104002,0.16098330,-0.14078587,0.06569425,0.26054215,-32.45224762,-1.89091039,0.26040336,-32.45251758,-1.89134951,0.01427743,-0.41580129,0.01622517,0.27468079,-32.86831887,-1.87512434,0.28890586,-32.55777856,-1.85277802,-0.00620771,-0.00406787,-0.00387169,0.05618303,-0.06316521,0.02701079,1
4.640,0.47313095,0.25321673,2.59809514,0.21745835,-0.20384469,0.09265668,0.02908667,0.01085005,-0.00493184,0.48042592,0.25648854,2.60236663,0.16154248,-0.14106032,0.06588910,0.25900888,-32.47499466,-1.89776123,0.25886578,-32.47527133,-1.89820395,-0.00257308,-0.39400199,0.01041553,0.25629270,-32.86927332,-1.88778842,0.29566511,-32.59732037,-1.85594664,-0.00729497,-0.00327181,-0.00427149,0.05591587,-0.06278437,0.02676758,1
4.650,0.47530699,0.25117883,2.59902146,0.21774807,-0.20373408,0.09260640,0.02885630,0.01127248,-0.00512385,0.48206188,0.25506743,2.60303319,0.16205592,-0.14132307,0.06608071,0.25746879,-32.49760818,-1.90461123,0.25732139,-32.49789155,-1.90505754,0.00507389,-0.40756267,0.01318373,0.26239529,-32.90545422,-1.89187381,0.27837149,-32.60151652,-1.86754786,-0.00675489,-0.00388860,-0.00401173,0.05569215,-0.06241101,0.02652569,1
4.660,0.47748591,0.24914206,2.59994726,0.21803548,-0.20361924,0.09255420,0.02862576,0.01169456,-0.00531571,0.48534538,0.25221745,2.60437369,0.16263388,-0.14164752,0.06634963,0.25592297,-32.52006912,-1.91145194,0.25577127,-32.52035917,-1.91190184,-0.01208384,-0.38504233,0.00698532,0.24368743,-32.90540150,-1.90491652,0.28490732,-32.64025684,-1.87094822,-0.00785947,-0.00307539,-0.00442643,0.05540160,-0.06197172,0.02620457,1
4.670,0.47966769,0.24710646,2.60087254,0.21832058,-0.20350019,0.09250009,0.02839505,0.01211627,-0.00550740,0.48699302,0.25078843,2.60504844,0.16316619,-0.14196127,0.06663076,0.25437054,-32.54240036,-1.91829002,0.25421454,-32.54269706,-1.91874351,-0.00457336,-0.39805008,0.00940003,0.24964119,-32.94074715,-1.90934348,0.29147735,-32.67890629,-1.87428675,-0.00732533,-0.00368197,-0.00417590,0.05515439,-0.06153892,0.02586933,1
4.680,0.48185231,0.24507207,2.60179726,0.21860338,-0.20337692,0.09244405,0.02816417,0.01253760,-0.00569891,0.49029944,0.24792270,2.60640467,0.16375237,-0.14232757,0.06695837,0.25281131,-32.56459045,-1.92511964,0.25265101,-32.56489380,-1.92557674,-0.02201571,-0.37482434,0.00282666,0.23063530,-32.93971813,-1.92275008,0.28016721,-32.71984998,-1.88975455,-0.00844713,-0.00285063,-0.00460741,0.05485101,-0.06104935,0.02548568,1
4.690,0.48403975,0.24303894,2.60272141,0.21888386,-0.20324944,0.09238611,0.02793313,0.01295854,-0.00589025,0.49195833,0.24648583,2.60708691,0.16428638,-0.14266725,0.06727478,0.25124657,-32.58663177,-1.93194664,0.25108197,-32.58694176,-1.93240733,-0.01460235,-0.38740212,0.00503126,0.23647962,-32.97434387,-1.92737607,0.28016721,-32.71972008,-1.88989594,-0.00791858,-0.00344689,-0.00436550,0.05459748,-0.06058219,0.02511133,1
4.700,0.48622998,0.24100710,2.60364498,0.21916204,-0.20311775,0.09232625,0.02770195,0.01337908,-0.00608140,0.49528671,0.24360513,2.60845695,0.16486464,-0.14304110,0.06760894,0.24967593,-32.60853195,-1.93876624,0.24950702,-32.60884859,-1.93923052,-0.03228387,-0.36365812,-0.00176278,0.21722315,-32.97250671,-1.94099330,0.26840307,-32.75921602,-1.90570749,-0.00905673,-0.00259803,-0.00481197,0.05429740,-0.06007665,0.02471731,1
4.710,0.48842298,0.23897659,2.60456793,0.21943790,-0.20298186,0.09226448,0.02747062,0.01379919,-0.00627236,0.49695630,0.24216115,2.60914549,0.16538809,-0.14338040,0.06792008,0.24809900,-32.63029861,-1.94557893,0.24792577,-32.63062185,-1.94604679,-0.02493634,-0.37595172,0.00034776,0.22298943,-33.00657357,-1.94569903,0.26840307,-32.75909819,-1.90582853,-0.00853332,-0.00318456,-0.00457756,0.05404981,-0.05960146,0.02434440,1
4.720,0.49061873,0.23694747,2.60549026,0.21971145,-0.20284177,0.09220080,0.02723915,0.01421887,-0.00646312,0.49862957,0.24071448,2.60983691,0.16587289,-0.14370215,0.06822562,0.24651577,-32.65191650,-1.95238972,0.24633823,-32.65224633,-1.95286117,-0.01752970,-0.38821119,0.00242215,0.22880854,-33.04045752,-1.95043901,0.27468079,-32.79598517,-1.90969547,-0.00801084,-0.00376701,-0.00434665,0.05383856,-0.05913962,0.02397518,1
4.730,0.49281720,0.23491977,2.60641194,0.21998268,-0.20269748,0.09213522,0.02700756,0.01463811,-0.00665369,0.50198635,0.23781451,2.61122495,0.16640689,-0.14405223,0.06854348,0.24492711,-32.67339325,-1.95919144,0.24474527,-32.67372967,-1.95966648,-0.03543900,-0.36393838,-0.00460399,0.20930628,-33.03766805,-1.96427046,0.25629270,-32.79672209,-1.92253694,-0.00916915,-0.00289474,-0.00481301,0.05357579,-0.05864525,0.02359174,1
4.740,0.49501838,0.23289354,2.60733296,0.22025160,-0.20254901,0.09206773,0.02677584,0.01505688,-0.00684404,0.50366993,0.23636109,2.61192223,0.16689481,-0.14437468,0.06883963,0.24333219,-32.69472885,-1.96598780,0.24314605,-32.69507184,-1.96646641,-0.02812176,-0.37591096,-0.00260907,0.21502429,-33.07098280,-1.96907548,0.26239529,-32.83278321,-1.92673785,-0.00865155,-0.00346755,-0.00458927,0.05335679,-0.05817433,0.02322810,1
4.750,0.49722223,0.23086881,2.60825329,0.22051820,-0.20239635,0.09199834,0.02654401,0.01547519,-0.00703418,0.50704686,0.23344808,2.61332022,0.16742406,-0.14472182,0.06912181,0.24173197,-32.71591568,-1.97277761,0.24154152,-32.71626523,-1.97325981,-0.04625296,-0.35121011,-0.00970256,0.19528856,-33.06747534,-1.98296238,0.24964119,-32.86786551,-1.94432767,-0.00982463,-0.00257927,-0.00506693,0.05309414,-0.05767453,0.02287653,1
4.760,0.49942873,0.22884562,2.60917292,0.22078248,-0.20223951,0.09192705,0.02631207,0.01589300,-0.00722409,0.50874027,0.23198838,2.61402154,0.16790347,-0.14503383,0.06937433,0.24012668,-32.73696518,-1.97956169,0.23993192,-32.73732127,-1.98004746,-0.03899631,-0.36295943,-0.00767888,0.20093561,-33.10028070,-1.98772634,0.24964119,-32.86776222,-1.94440942,-0.00931154,-0.00314276,-0.00484862,0.05287901,-0.05720568,0.02255272,1
4.770,0.50163787,0.22682403,2.61009182,0.22104444,-0.20207849,0.09185386,0.02608002,0.01631032,-0.00741378,0.51213625,0.22906387,2.61542538,0.16841621,-0.14535540,0.06958672,0.23851410,-32.75787354,-1.98633766,0.23831503,-32.75823616,-1.98682701,-0.05731094,-0.33797803,-0.01470250,0.18100409,-33.09621419,-2.00152951,0.23647962,-32.90118382,-1.96248802,-0.01049838,-0.00223984,-0.00533356,0.05262823,-0.05672309,0.02226714,1
4.780,0.50384961,0.22480407,2.61100999,0.22130408,-0.20191330,0.09177877,0.02584789,0.01672712,-0.00760324,0.51383889,0.22759896,2.61612851,0.16887818,-0.14563929,0.06976825,0.23689762,-32.77862930,-1.99311042,0.23669424,-32.77899843,-1.99360336,-0.05008910,-0.34961448,-0.01255363,0.18660515,-33.12861291,-2.00615698,0.23647962,-32.90109839,-1.96253249,-0.00998928,-0.00279489,-0.00511852,0.05242590,-0.05627401,0.02201052,1
4.790,0.50606394,0.22278578,2.61192739,0.22156140,-0.20174395,0.09170179,0.02561566,0.01714340,-0.00779245,0.51554434,0.22613281,2.61683116,0.16929493,-0.14588313,0.06989230,0.23527448,-32.79925156,-1.99987483,0.23506679,-32.79962718,-2.00037133,-0.04278427,-0.36135885,-0.01026930,0.19228252,-33.16098603,-2.01064063,0.21722315,-32.89919939,-1.97612554,-0.00948040,-0.00334703,-0.00490377,0.05226647,-0.05586082,0.02180949,1
4.800,0.50828083,0.22076920,2.61284402,0.22181639,-0.20157044,0.09162293,0.02538336,0.01755914,-0.00798143,0.51896394,0.22319615,2.61823625,0.16975228,-0.14613730,0.06998437,0.23364717,-32.81972504,-2.00663066,0.23343518,-32.82010715,-2.00713071,-0.06124028,-0.33622324,-0.01705206,0.17219490,-33.15633040,-2.02418278,0.22298943,-32.93312367,-1.98082932,-0.01068311,-0.00242695,-0.00539223,0.05206411,-0.05543314,0.02163856,1
4.810,0.51050026,0.21875438,2.61375984,0.22206907,-0.20139277,0.09154217,0.02515098,0.01797432,-0.00817015,0.52067817,0.22172554,2.61893930,0.17016982,-0.14636825,0.07006435,0.23201407,-32.84004593,-2.01337886,0.23179778,-32.84043451,-2.01388248,-0.05400209,-0.34779131,-0.01469299,0.17779569,-33.18822582,-2.02857547,0.22880854,-32.96692697,-1.98559116,-0.01017791,-0.00297116,-0.00517946,0.05189925,-0.05502452,0.02147782,1
4.820,0.51272221,0.21674136,2.61467485,0.22231941,-0.20121095,0.09145952,0.02491853,0.01838894,-0.00835861,0.52239508,0.22025380,2.61964137,0.17055028,-0.14656961,0.07010014,0.23037519,-32.86024094,-2.02012300,0.23015459,-32.86063597,-2.02063019,-0.04669651,-0.35941450,-0.01222589,0.18345808,-33.22005047,-2.03285608,0.20930628,-32.96408120,-1.99937421,-0.00967287,-0.00351244,-0.00496652,0.05176913,-0.05464134,0.02135938,1
4.830,0.51494664,0.21473018,2.61558903,0.22256744,-0.20102499,0.09137500,0.02468603,0.01880298,-0.00854681,0.52583705,0.21730722,2.62104378,0.17097187,-0.14677477,0.07010057,0.22873172,-32.88027954,-2.02685785,0.22850682,-32.88068102,-2.02736860,-0.06531752,-0.33407894,-0.01879068,0.16318930,-33.21475995,-2.04615928,0.21502429,-32.99728768,-2.00412640,-0.01089041,-0.00257704,-0.00545475,0.05159557,-0.05425022,0.02127443,1
4.840,0.51717355,0.21272088,2.61650235,0.22281313,-0.20083489,0.09128859,0.02445347,0.01921643,-0.00873474,0.52756189,0.21583259,2.62174301,0.17135002,-0.14694671,0.07005631,0.22708336,-32.90017700,-2.03358674,0.22685415,-32.90058488,-2.03410106,-0.05806184,-0.34564180,-0.01611820,0.16879230,-33.24622668,-2.05021926,0.19528856,-32.99374406,-2.01792414,-0.01038834,-0.00311171,-0.00524066,0.05146311,-0.05388818,0.02123228,1
4.850,0.51940290,0.21071349,2.61741479,0.22305651,-0.20064066,0.09120030,0.02422087,0.01962927,-0.00892239,0.53101927,0.21288055,2.62313739,0.17176167,-0.14712083,0.06995740,0.22542952,-32.91991806,-2.04030681,0.22519601,-32.92033235,-2.04082467,-0.07683041,-0.32018793,-0.02236261,0.14836561,-33.24052028,-2.06318729,0.20093561,-33.02645911,-2.02255669,-0.01161637,-0.00216706,-0.00572260,0.05129484,-0.05351983,0.02124290,1
4.860,0.52163467,0.20870808,2.61832635,0.22329755,-0.20044231,0.09111014,0.02398822,0.02004149,-0.00910977,0.53275149,0.21140380,2.62383144,0.17212690,-0.14725935,0.06981910,0.22377057,-32.93952179,-2.04701948,0.22353277,-32.93994247,-2.04754090,-0.06959675,-0.33172549,-0.01942001,0.15393601,-33.27166796,-2.06696091,0.18100409,-33.02237674,-2.03623160,-0.01111682,-0.00269572,-0.00550509,0.05117065,-0.05318296,0.02129104,1
4.870,0.52386884,0.20670466,2.61923699,0.22353627,-0.20023984,0.09101811,0.02375555,0.02045308,-0.00929685,0.53448607,0.20992646,2.62452326,0.17245952,-0.14737786,0.06965983,0.22210748,-32.95898056,-2.05372405,0.22186538,-32.95940761,-2.05424900,-0.06230123,-0.34327920,-0.01641254,0.15956415,-33.30268681,-2.07066154,0.18660515,-33.05474622,-2.04074799,-0.01061723,-0.00322180,-0.00528627,0.05107675,-0.05286198,0.02135828,1
4.880,0.52610539,0.20470329,2.62014670,0.22377266,-0.20003325,0.09092420,0.02352285,0.02086402,-0.00948364,0.53796231,0.20697028,2.62590152,0.17282799,-0.14749421,0.06945375,0.22043943,-32.97829437,-2.06042004,0.22019303,-32.97872780,-2.06094854,-0.08117265,-0.31779875,-0.02222906,0.13902039,-33.29652654,-2.08317760,0.19228252,-33.08706439,-2.04505839,-0.01185692,-0.00226699,-0.00575482,0.05094467,-0.05253904,0.02147045,1
4.890,0.52834429,0.20270401,2.62105547,0.22400673,-0.19982256,0.09082844,0.02329013,0.02127430,-0.00967014,0.53970377,0.20549166,2.62658696,0.17315753,-0.14758615,0.06922630,0.21876627,-32.99746323,-2.06711030,0.21851557,-32.99790300,-2.06764235,-0.07391337,-0.32930772,-0.01900206,0.14460221,-33.32721072,-2.08664441,0.17219490,-33.08239943,-2.05845475,-0.01135948,-0.00278765,-0.00553149,0.05084920,-0.05223641,0.02160214,1
4.900,0.53058552,0.20070686,2.62196327,0.22423847,-0.19960777,0.09073080,0.02305740,0.02168391,-0.00985632,0.54319333,0.20253322,2.62795054,0.17351512,-0.14767369,0.06893674,0.21708880,-33.01648331,-2.07378912,0.21683380,-33.01692939,-2.07432470,-0.09290255,-0.30376753,-0.02445338,0.12393125,-33.32069691,-2.09877809,0.17779569,-33.11425766,-2.06260950,-0.01260781,-0.00182636,-0.00598727,0.05072335,-0.05193408,0.02179406,1
4.910,0.53282905,0.19871187,2.62287008,0.22446788,-0.19938888,0.09063131,0.02282467,0.02209283,-0.01004220,0.54494150,0.20105330,2.62862939,0.17384058,-0.14775333,0.06867382,0.21540593,-33.03536606,-2.08046341,0.21514664,-33.03581847,-2.08100252,-0.08567636,-0.31515624,-0.02108710,0.12947027,-33.35097470,-2.10208962,0.18345808,-33.14605434,-2.06679861,-0.01211245,-0.00234143,-0.00575931,0.05062730,-0.05163555,0.02195749,1
4.920,0.53507487,0.19671909,2.62377589,0.22469496,-0.19916591,0.09052996,0.02259194,0.02250106,-0.01022775,0.54669166,0.19957332,2.62930508,0.17413446,-0.14781456,0.06839756,0.21371903,-33.05408859,-2.08712649,0.21345544,-33.05454728,-2.08766913,-0.07838668,-0.32656087,-0.01766376,0.13506876,-33.38110815,-2.10533289,0.16318930,-33.14076082,-2.07994366,-0.01161679,-0.00285423,-0.00552919,0.05056050,-0.05135135,0.02213240,1
4.930,0.53732294,0.19472856,2.62468067,0.22491971,-0.19893886,0.09042676,0.02235922,0.02290857,-0.01041299,0.55019820,0.19661252,2.63064856,0.17445846,-0.14787305,0.06806160,0.21202859,-33.07267380,-2.09378123,0.21176072,-33.07313876,-2.09432741,-0.09747515,-0.30088018,-0.02279096,0.11428557,-33.37401894,-2.11711836,0.16879230,-33.17220242,-2.08374612,-0.01287526,-0.00188396,-0.00596789,0.05046125,-0.05106581,0.02236516,1
4.940,0.53957325,0.19274033,2.62558442,0.22514214,-0.19870774,0.09032170,0.02212652,0.02331536,-0.01059789,0.55195427,0.19513236,2.63131540,0.17474556,-0.14790880,0.06771726,0.21033290,-33.09111023,-2.10042596,0.21006073,-33.09158144,-2.10097566,-0.09020326,-0.31225239,-0.01911871,0.11985748,-33.40383383,-2.12009436,0.14836561,-33.16651226,-2.09652942,-0.01238102,-0.00239203,-0.00573098,0.05039658,-0.05079894,0.02260444,1
4.950,0.54182578,0.19075442,2.62648710,0.22536225,-0.19847256,0.09021480,0.02189384,0.02372140,-0.01078246,0.55547195,0.19217234,2.63263974,0.17505309,-0.14792923,0.06730607,0.20863360,-33.10940933,-2.10706377,0.20835716,-33.10988679,-2.10761699,-0.10936892,-0.28662447,-0.02384563,0.09898823,-33.39651126,-2.13146262,0.15393601,-33.19767269,-2.09999715,-0.01364617,-0.00141792,-0.00615264,0.05030916,-0.05054333,0.02290873,1
4.960,0.54408049,0.18877089,2.62738871,0.22558002,-0.19823332,0.09010605,0.02166120,0.02412669,-0.01096668,0.55723363,0.19069237,2.63329804,0.17533185,-0.14794633,0.06693726,0.20692934,-33.12755585,-2.11369205,0.20664862,-33.12803952,-2.11424877,-0.10210864,-0.29793547,-0.02003848,0.10453998,-33.42597499,-2.13428726,0.15956415,-33.22868800,-2.10357697,-0.01315314,-0.00192148,-0.00590933,0.05024817,-0.05028699,0.02316879,1
4.970,0.54633737,0.18678977,2.62828921,0.22579547,-0.19799003,0.08999547,0.02142859,0.02453122,-0.01115056,0.55899693,0.18921281,2.63395271,0.17558145,-0.14794868,0.06656955,0.20522140,-33.14556122,-2.12031221,0.20493639,-33.14605111,-2.12087247,-0.09478593,-0.30925117,-0.01620544,0.11015046,-33.45530227,-2.13707791,0.13902039,-33.22254867,-2.11591080,-0.01265956,-0.00242304,-0.00566350,0.05021402,-0.05004135,0.02342592,1
4.980,0.54859639,0.18481110,2.62918861,0.22600859,-0.19774270,0.08988304,0.02119602,0.02493497,-0.01133408,0.56252864,0.18625427,2.63525297,0.17585368,-0.14793963,0.06614560,0.20350938,-33.16340256,-2.12692165,0.20322009,-33.16389864,-2.12748540,-0.11400846,-0.28356585,-0.02064385,0.08921162,-33.44746449,-2.14812925,0.14460221,-33.25325448,-2.11908128,-0.01393225,-0.00144317,-0.00606436,0.05015491,-0.04980307,0.02373744,1
4.990,0.55085753,0.18283493,2.63008687,0.22621939,-0.19749133,0.08976879,0.02096351,0.02533793,-0.01151724,0.56429673,0.18477592,2.63589774,0.17609258,-0.14791342,0.06572863,0.20179325,-33.18111420,-2.13352036,0.20149969,-33.18161645,-2.13408763,-0.10668241,-0.29488948,-0.01659760,0.09481729,-33.47650593,-2.15068523,0.12393125,-33.24677952,-2.13101696,-0.01343920,-0.00194099,-0.00581087,0.05012681,-0.04957791,0.02404016,1
5.000,0.55312077,0.18086129,2.63098398,0.22642786,-0.19723594,0.08965270,0.02073106,0.02574007,-0.01170003,0.56783733,0.18182086,2.63717736,0.17634517,-0.14786517,0.06525340,0.20007268,-33.19868088,-2.14011049,0.19977484,-33.19918927,-2.14068123,-0.12594570,-0.26932034,-0.02067854,0.07382914,-33.46850961,-2.16135977,0.12947027,-33.27711449,-2.13400347,-0.01471656,-0.00095957,-0.00619338,0.05008269,-0.04937077,0.02439930,1
5.010,0.55538608,0.17889022,2.63187992,0.22663401,-0.19697653,0.08953479,0.02049867,0.02614140,-0.01188246,0.56960991,0.18034403,2.63781310,0.17657331,-0.14781982,0.06483359,0.19834958,-33.21609879,-2.14669228,0.19804747,-33.21661332,-2.14726652,-0.11861291,-0.28060877,-0.01654717,0.07943456,-33.49722208,-2.16381369,0.13506876,-33.30726626,-2.13711999,-0.01422383,-0.00145381,-0.00593318,0.05006070,-0.04915671,0.02470120,1
5.020,0.55765344,0.17692177,2.63277467,0.22683784,-0.19671311,0.08941505,0.02026635,0.02654190,-0.01206450,0.57138373,0.17886804,2.63844518,0.17677543,-0.14776459,0.06442700,0.19662228,-33.23337555,-2.15326214,0.19631592,-33.23389620,-2.15383987,-0.11122009,-0.29188325,-0.01242090,0.08509583,-33.52577946,-2.16626077,0.11428557,-33.30021949,-2.14872197,-0.01373029,-0.00194627,-0.00567051,0.05006241,-0.04894852,0.02498805,1
5.030,0.55992283,0.17495598,2.63366821,0.22703934,-0.19644570,0.08929350,0.02003411,0.02694155,-0.01224616,0.57493533,0.17591790,2.63970039,0.17699300,-0.14769124,0.06397635,0.19489138,-33.25049591,-2.15982318,0.19458075,-33.25102267,-2.16040441,-0.13050038,-0.26630623,-0.01630591,0.06408037,-33.51732889,-2.17671032,0.11985748,-33.33009822,-2.15140656,-0.01501250,-0.00096192,-0.00603218,0.05004634,-0.04875446,0.02531715,1
5.040,0.56219422,0.17299287,2.63456053,0.22723852,-0.19617429,0.08917013,0.01980197,0.02734035,-0.01242743,0.57671279,0.17444438,2.64032283,0.17718131,-0.14760662,0.06354331,0.19315672,-33.26748276,-2.16637206,0.19284183,-33.26801557,-2.16695675,-0.12308426,-0.27761475,-0.01202907,0.06975757,-33.54563032,-2.17898583,0.09898823,-33.32283488,-2.16258471,-0.01451857,-0.00145151,-0.00576230,0.05005721,-0.04856767,0.02562682,1
5.050,0.56446759,0.17103250,2.63545161,0.22743538,-0.19589889,0.08904495,0.01956991,0.02773827,-0.01260830,0.57849134,0.17297175,2.64094206,0.17734978,-0.14752063,0.06313813,0.19141871,-33.28431702,-2.17291403,0.19109957,-33.28485590,-2.17350221,-0.11561924,-0.28886517,-0.00780046,0.07548033,-33.57372108,-2.18130268,0.10453998,-33.35234366,-2.16524855,-0.01402375,-0.00193925,-0.00549045,0.05008560,-0.04837826,0.02590682,1
5.060,0.56674292,0.16907491,2.63634142,0.22762992,-0.19561952,0.08891797,0.01933795,0.02813530,-0.01278877,0.58205196,0.17002849,2.64217301,0.17753458,-0.14742171,0.06271249,0.18967746,-33.30101013,-2.17944336,0.18935407,-33.30155506,-2.18003502,-0.13489433,-0.26332314,-0.01149448,0.05445974,-33.56487820,-2.19152950,0.11015046,-33.38173980,-2.16779568,-0.01530904,-0.00095358,-0.00583159,0.05009534,-0.04819781,0.02620548,1
5.070,0.56902018,0.16712013,2.63722996,0.22782214,-0.19533619,0.08878918,0.01910611,0.02853143,-0.01296883,0.58383370,0.16855847,2.64278408,0.17769452,-0.14731676,0.06231118,0.18793263,-33.31755447,-2.18596268,0.18760498,-33.31810541,-2.18655778,-0.12741184,-0.27455313,-0.00721168,0.06019314,-33.59265854,-2.19376946,0.08921162,-33.37396353,-2.17868289,-0.01481352,-0.00143834,-0.00555412,0.05012762,-0.04801943,0.02647800,1
5.080,0.57129936,0.16516820,2.63811720,0.22801204,-0.19504890,0.08865859,0.01887437,0.02892666,-0.01314848,0.58739999,0.16562140,2.64399863,0.17786114,-0.14718744,0.06188684,0.18618418,-33.33395004,-2.19246984,0.18585229,-33.33450700,-2.19306841,-0.14668806,-0.24913571,-0.01073815,0.03916423,-33.58364271,-2.20380657,0.09481729,-33.40310620,-2.18099214,-0.01610063,-0.00045320,-0.00588143,0.05015090,-0.04786146,0.02677175,1
5.090,0.57358042,0.16321916,2.63900313,0.22819963,-0.19475766,0.08852621,0.01864276,0.02932095,-0.01332771,0.58918422,0.16415495,2.64460150,0.17800156,-0.14705186,0.06148707,0.18443368,-33.35021210,-2.19896913,0.18409755,-33.35077504,-2.19957115,-0.13915685,-0.26042402,-0.00639558,0.04494070,-33.61119906,-2.20596673,0.07382914,-33.39518706,-2.19150364,-0.01560380,-0.00093579,-0.00559837,0.05019807,-0.04770580,0.02703914,1
5.100,0.57586334,0.16127306,2.63988772,0.22838490,-0.19446248,0.08839204,0.01841128,0.02971431,-0.01350650,0.59275487,0.16122554,2.64579999,0.17814411,-0.14689442,0.06107137,0.18267921,-33.36631393,-2.20545459,0.18233884,-33.36688283,-2.20606007,-0.15840421,-0.23515235,-0.00977836,0.02393462,-33.60203518,-2.21583843,0.08509583,-33.45256840,-2.19617290,-0.01689153,0.00004752,-0.00591227,0.05024079,-0.04756806,0.02732067,1
5.110,0.57814811,0.15932992,2.64077096,0.22856785,-0.19416338,0.08825608,0.01817993,0.03010671,-0.01368487,0.59454136,0.15976242,2.64639663,0.17827045,-0.14674873,0.06071952,0.18092182,-33.38229370,-2.21193004,0.18057721,-33.38286856,-2.21253897,-0.15083327,-0.24638673,-0.00551846,0.02974394,-33.62925529,-2.21805742,0.08509583,-33.45262362,-2.19609275,-0.01639325,-0.00043250,-0.00562567,0.05029740,-0.04741465,0.02753656,1
5.120,0.58043469,0.15738980,2.64165284,0.22874849,-0.19386035,0.08811834,0.01794872,0.03049815,-0.01386280,0.59811584,0.15684060,2.64758284,0.17839070,-0.14656832,0.06034321,0.17916155,-33.39811325,-2.21839309,0.17881271,-33.39869403,-2.21900546,-0.17004860,-0.22122999,-0.00888427,0.00876411,-33.61992402,-2.22788972,0.06975757,-33.47261677,-2.20859297,-0.01768115,0.00054920,-0.00593000,0.05035779,-0.04729203,0.02777513,1
5.130,0.58272307,0.15545273,2.64253332,0.22892683,-0.19355342,0.08797883,0.01771767,0.03088861,-0.01404028,0.59990390,0.15538173,2.64817347,0.17849445,-0.14639784,0.06002303,0.17739938,-33.41379166,-2.22484612,0.17704633,-33.41437835,-2.22546194,-0.16241177,-0.23250274,-0.00467011,0.01463456,-33.64688109,-2.23013205,0.06975757,-33.47268712,-2.20851707,-0.01718083,0.00007100,-0.00564015,0.05043238,-0.04715558,0.02795580,1
5.140,0.58501322,0.15351875,2.64341241,0.22910285,-0.19324258,0.08783754,0.01748677,0.03127808,-0.01421731,0.60169258,0.15392399,2.64876321,0.17858798,-0.14624192,0.05976080,0.17563352,-33.42932510,-2.23128772,0.17527624,-33.42991766,-2.23190695,-0.15474150,-0.24363493,-0.00061159,0.02053474,-33.67355259,-2.23251854,0.07548033,-33.50083400,-2.21078974,-0.01667936,-0.00040524,-0.00535080,0.05051487,-0.04700066,0.02807674,1
5.150,0.58730512,0.15158789,2.64429007,0.22927656,-0.19292786,0.08769448,0.01725603,0.03166654,-0.01439388,0.60527099,0.15101297,2.64993784,0.17867620,-0.14605295,0.05948865,0.17386556,-33.44472122,-2.23771691,0.17350407,-33.44531965,-2.23833957,-0.17388618,-0.21850106,-0.00415516,-0.00038211,-33.66382070,-2.24249472,0.06019314,-33.51991553,-2.22310557,-0.01796587,0.00057492,-0.00564777,0.05060036,-0.04687491,0.02820583,1
5.160,0.58959874,0.14966020,2.64516629,0.22944797,-0.19260926,0.08754966,0.01702546,0.03205398,-0.01456999,0.60706080,0.14955954,2.65052378,0.17875225,-0.14587566,0.05926502,0.17209505,-33.45996857,-2.24413466,0.17172934,-33.46057284,-2.24476074,-0.16615569,-0.22965060,-0.00018986,0.00557366,-33.69022344,-2.24495059,0.06019314,-33.51998665,-2.22306652,-0.01746206,0.00010066,-0.00535749,0.05069572,-0.04673360,0.02828464,1
5.170,0.59189407,0.14773572,2.64604106,0.22961707,-0.19228678,0.08740308,0.01679507,0.03244039,-0.01474563,0.61064075,0.14665801,2.65169120,0.17881574,-0.14565594,0.05902831,0.17032148,-33.47507858,-2.25053978,0.16995157,-33.47568868,-2.25116926,-0.18523253,-0.20470846,-0.00377461,-0.01528097,-33.68039714,-2.25494387,0.04494070,-33.53870068,-2.23512582,-0.01874668,0.00107771,-0.00565014,0.05080133,-0.04663084,0.02837477,1
5.180,0.59419108,0.14581448,2.64691435,0.22978387,-0.19196045,0.08725475,0.01656487,0.03282575,-0.01492080,0.61243098,0.14520975,2.65227374,0.17886745,-0.14544834,0.05883468,0.16854635,-33.49003983,-2.25693464,0.16817224,-33.49065572,-2.25756752,-0.17741883,-0.21593821,0.00011307,-0.00924659,-33.70659393,-2.25745445,0.04494070,-33.53878629,-2.23509362,-0.01823990,0.00060473,-0.00535939,0.05091642,-0.04651211,0.02842007,1
5.190,0.59648974,0.14389652,2.64778614,0.22994837,-0.19163027,0.08710467,0.01633485,0.03321006,-0.01509548,0.61601098,0.14231985,2.65343458,0.17889877,-0.14518157,0.05862243,0.16676849,-33.50485992,-2.26331401,0.16639017,-33.50548159,-2.26395029,-0.19639221,-0.19131935,-0.00349488,-0.03000203,-33.69680094,-2.26744517,0.02393462,-33.52984454,-2.24483126,-0.01952124,0.00157667,-0.00564844,0.05104960,-0.04644870,0.02848224,1
5.200,0.59879004,0.14198189,2.64865643,0.23011057,-0.19129625,0.08695284,0.01610504,0.03359329,-0.01526968,0.61780084,0.14087803,2.65401395,0.17892061,-0.14493160,0.05845087,0.16498886,-33.51954269,-2.26968455,0.16460636,-33.52017014,-2.27032422,-0.18847392,-0.20271725,0.00033115,-0.02386757,-33.72288739,-2.26999307,0.02974394,-33.55716445,-2.24702552,-0.01901080,0.00110386,-0.00535752,0.05118996,-0.04636465,0.02850197,1
5.210,0.60109194,0.14007061,2.64952520,0.23027047,-0.19095841,0.08679928,0.01587543,0.03397543,-0.01544338,0.61959033,0.13943866,2.65459191,0.17892764,-0.14468300,0.05828731,0.16320701,-33.53407669,-2.27604008,0.16282032,-33.53470986,-2.27668315,-0.18050050,-0.21406749,0.00413154,-0.01768018,-33.74877735,-2.27255161,0.00876411,-33.54795543,-2.25678803,-0.01849839,0.00063195,-0.00506671,0.05134283,-0.04627541,0.02851197,1
5.220,0.60339544,0.13816273,2.65039241,0.23042808,-0.19061675,0.08664398,0.01564603,0.03435648,-0.01561658,0.62316844,0.13656652,2.65574597,0.17891844,-0.14438558,0.05813683,0.16142288,-33.54847717,-2.28238416,0.16103201,-33.54911608,-2.28303061,-0.19930581,-0.18973654,0.00038510,-0.03827380,-33.73885263,-2.28264550,0.01463456,-33.57513443,-2.25897475,-0.01977300,0.00159621,-0.00535356,0.05150964,-0.04623117,0.02850715,1
5.230,0.60570050,0.13625829,2.65125807,0.23058339,-0.19027128,0.08648695,0.01541685,0.03473642,-0.01578928,0.62495715,0.13513358,2.65632308,0.17890643,-0.14411252,0.05803035,0.15963672,-33.56273270,-2.28871465,0.15924167,-33.56337728,-2.28936446,-0.19124509,-0.20115991,0.00400484,-0.03200342,-33.76453719,-2.28535963,0.02053474,-33.60190592,-2.26137399,-0.01925665,0.00112471,-0.00506501,0.05167696,-0.04615876,0.02845660,1
5.240,0.60800710,0.13435732,2.65212215,0.23073642,-0.18992202,0.08632819,0.01518789,0.03511522,-0.01596147,0.62674534,0.13370310,2.65689951,0.17888466,-0.14384640,0.05793364,0.15784952,-33.57684708,-2.29503226,0.15745030,-33.57749736,-2.29568546,-0.18313812,-0.21250515,0.00758430,-0.02568782,-33.79000250,-2.28810115,-0.00038211,-33.59229668,-2.27131649,-0.01873824,0.00065422,-0.00477736,0.05185176,-0.04607562,0.02839455,1
5.250,0.61031522,0.13245986,2.65298463,0.23088715,-0.18956898,0.08616772,0.01495917,0.03549289,-0.01613313,0.62853302,0.13227518,2.65747569,0.17885539,-0.14358277,0.05785460,0.15606031,-33.59082031,-2.30133867,0.15565693,-33.59147625,-2.30199523,-0.17498966,-0.22379626,0.01109820,-0.01933273,-33.81527250,-2.29089703,-0.00038211,-33.59242476,-2.27130347,-0.01821780,0.00018468,-0.00449106,0.05203176,-0.04598621,0.02831312,1
5.260,0.61262483,0.13056595,2.65384550,0.23103560,-0.18921217,0.08600553,0.01473069,0.03586941,-0.01630428,0.63032026,0.13084955,2.65805219,0.17882273,-0.14332785,0.05780359,0.15426926,-33.60465240,-2.30763078,0.15386172,-33.60531396,-2.30829068,-0.16680972,-0.23499432,0.01451279,-0.01294800,-33.84030828,-2.29377789,0.00557366,-33.61894189,-2.27377587,-0.01769543,-0.00028360,-0.00420669,0.05221287,-0.04588432,0.02820194,1
5.270,0.61493592,0.12867563,2.65470473,0.23118177,-0.18885160,0.08584164,0.01450245,0.03624476,-0.01647489,0.63389255,0.12800661,2.65920381,0.17876145,-0.14299711,0.05774556,0.15247728,-33.61834717,-2.31390786,0.15206558,-33.61901433,-2.31457110,-0.18533179,-0.21102832,0.01044259,-0.03326621,-33.83004265,-2.30412852,-0.01528097,-33.60939470,-2.28372961,-0.01895663,0.00066902,-0.00449908,0.05242032,-0.04585449,0.02809608,1
5.280,0.61724846,0.12678893,2.65556232,0.23132565,-0.18848728,0.08567604,0.01427447,0.03661894,-0.01664497,0.63567768,0.12658913,2.65977992,0.17869929,-0.14268480,0.05771181,0.15068287,-33.63190460,-2.32017612,0.15026702,-33.63257734,-2.32084271,-0.17702697,-0.22249840,0.01376804,-0.02675995,-33.85507574,-2.30707468,-0.00924659,-33.63572000,-2.28625974,-0.01842922,0.00019980,-0.00421760,0.05262636,-0.04580248,0.02796423,1
5.290,0.61956243,0.12490590,2.65641825,0.23146726,-0.18811922,0.08550874,0.01404675,0.03699192,-0.01681451,0.63924518,0.12376295,2.66093108,0.17860748,-0.14230658,0.05767382,0.14888804,-33.64532852,-2.32642674,0.14846807,-33.64600684,-2.32709666,-0.19538273,-0.19896811,0.00960224,-0.04691466,-33.84497495,-2.31749442,-0.02386757,-33.65230142,-2.29877299,-0.01968275,0.00114295,-0.00451283,0.05285978,-0.04581264,0.02783492,1
5.300,0.62187780,0.12302656,2.65727249,0.23160659,-0.18774744,0.08533975,0.01381930,0.03736369,-0.01698350,0.64102774,0.12235370,2.66150728,0.17851953,-0.14196112,0.05766029,0.14709157,-33.65860367,-2.33266449,0.14666745,-33.65928753,-2.33333774,-0.18695511,-0.21058749,0.01282389,-0.04028766,-33.86987503,-2.32051385,-0.01768018,-33.67831499,-2.30136148,-0.01914994,0.00067286,-0.00423479,0.05308706,-0.04578632,0.02767946,1
5.310,0.62419455,0.12115096,2.65812504,0.23174364,-0.18737195,0.08516907,0.01359212,0.03773425,-0.01715193,0.64459024,0.11954337,2.66266173,0.17840757,-0.14156228,0.05767642,0.14529440,-33.67174149,-2.33889055,0.14486616,-33.67243086,-2.33956712,-0.20516379,-0.18733274,0.00842768,-0.06029763,-33.85976359,-2.33113944,-0.03827380,-33.66866976,-2.31150790,-0.02039569,0.00160759,-0.00453669,0.05333607,-0.04580967,0.02749265,1
5.320,0.62651266,0.11927913,2.65897587,0.23187843,-0.18699276,0.08499671,0.01336523,0.03810357,-0.01731980,0.64636998,0.11814246,2.66323956,0.17829924,-0.14119440,0.05770327,0.14349554,-33.68475723,-2.34509945,0.14306318,-33.68545211,-2.34577931,-0.19662191,-0.19904692,0.01147430,-0.05355873,-33.88449903,-2.33430501,-0.03200342,-33.69449179,-2.31425153,-0.01985732,0.00113667,-0.00426369,0.05357919,-0.04579836,0.02729344,1
5.330,0.62883211,0.11741112,2.65982497,0.23201095,-0.18660989,0.08482268,0.01313862,0.03847165,-0.01748711,0.64814885,0.11674404,2.66381852,0.17819604,-0.14085638,0.05775137,0.14169653,-33.69762039,-2.35129786,0.14126005,-33.69832075,-2.35198103,-0.18806099,-0.21056101,0.01442682,-0.04680094,-33.90888176,-2.33755421,-0.02568782,-33.72008134,-2.31704900,-0.01931674,0.00066708,-0.00399355,0.05381491,-0.04575351,0.02707131,1
5.340,0.63115288,0.11554695,2.66067232,0.23214120,-0.18622333,0.08464697,0.01291231,0.03883847,-0.01765385,0.65170422,0.11395396,2.66498172,0.17807939,-0.14048931,0.05787888,0.13989626,-33.71035385,-2.35747886,0.13945568,-33.71105966,-2.35816533,-0.20610683,-0.18731263,0.00955838,-0.06665115,-33.89837229,-2.34860696,-0.01933273,-33.74557846,-2.32002772,-0.02055134,0.00159299,-0.00430940,0.05406181,-0.04573402,0.02676809,1
5.350,0.63347493,0.11368666,2.66151790,0.23226920,-0.18583312,0.08446960,0.01268630,0.03920401,-0.01782001,0.65348083,0.11256214,2.66556685,0.17797462,-0.14016246,0.05803738,0.13809535,-33.72294998,-2.36364985,0.13765065,-33.72366122,-2.36433958,-0.19747960,-0.19870536,0.01210052,-0.05982895,-33.92236658,-2.35223906,-0.01294800,-33.77071732,-2.32303433,-0.02000590,0.00112452,-0.00404895,0.05429458,-0.04567066,0.02643222,1
5.360,0.63579825,0.11183030,2.66236170,0.23239493,-0.18543926,0.08429057,0.01246060,0.03956828,-0.01798558,0.65525645,0.11117283,2.66615349,0.17787142,-0.13985451,0.05819397,0.13629404,-33.73539734,-2.36980224,0.13584525,-33.73611399,-2.37049527,-0.18882567,-0.20995082,0.01460079,-0.05298042,-33.94606481,-2.35589449,-0.03326621,-33.76057732,-2.33346039,-0.01945820,0.00065747,-0.00379179,0.05452351,-0.04558475,0.02609660,1
5.370,0.63812282,0.10997789,2.66320371,0.23251841,-0.18504176,0.08410989,0.01223522,0.03993124,-0.01815056,0.65880481,0.10840177,2.66733293,0.17774695,-0.13949982,0.05841822,0.13449155,-33.74773026,-2.37594175,0.13403868,-33.74845228,-2.37663805,-0.20670736,-0.18676735,0.00919769,-0.07266868,-33.93521963,-2.36744037,-0.02675995,-33.78585786,-2.33662017,-0.02068199,0.00157612,-0.00412922,0.05477146,-0.04554194,0.02569167,1
5.380,0.64044861,0.10812947,2.66404389,0.23263964,-0.18464064,0.08392756,0.01201016,0.04029289,-0.01831495,0.66057736,0.10702021,2.66792521,0.17762404,-0.13916406,0.05862044,0.13268939,-33.75992203,-2.38206911,0.13223243,-33.76064943,-2.38276866,-0.19794065,-0.19810968,0.01145525,-0.06570822,-33.95875911,-2.37131341,-0.04691466,-33.77589657,-2.34710797,-0.02012875,0.00110926,-0.00388132,0.05501560,-0.04547658,0.02530712,1
5.390,0.64277561,0.10628509,2.66488225,0.23275861,-0.18423591,0.08374359,0.01178543,0.04065321,-0.01847873,0.66234883,0.10564117,2.66851931,0.17750482,-0.13884895,0.05881785,0.13088672,-33.77198029,-2.38817811,0.13042570,-33.77271302,-2.38888092,-0.18915090,-0.20929387,0.01367353,-0.05872520,-33.98200689,-2.37520738,-0.04028766,-33.80092322,-2.35021889,-0.01957322,0.00064392,-0.00363706,0.05525379,-0.04538696,0.02492574,1
5.400,0.64510378,0.10444477,2.66571876,0.23287535,-0.18382758,0.08355799,0.01156104,0.04101220,-0.01864191,0.66588823,0.10289140,2.66971309,0.17735385,-0.13847054,0.05905031,0.12908335,-33.78389740,-2.39427447,0.12861826,-33.78463545,-2.39498054,-0.20680464,-0.18640491,0.00797980,-0.07818638,-33.97104037,-2.38700074,-0.06029763,-33.79109594,-2.36101328,-0.02078445,0.00155337,-0.00399433,0.05552150,-0.04535704,0.02450768,1
5.410,0.64743311,0.10260855,2.66655341,0.23298984,-0.18341567,0.08337076,0.01133699,0.04136983,-0.01880447,0.66765596,0.10152085,2.67031218,0.17720883,-0.13811655,0.05926494,0.12727986,-33.79568863,-2.40035439,0.12681072,-33.79643197,-2.40106367,-0.19788195,-0.19775496,0.01003369,-0.07107123,-33.99418694,-2.39102998,-0.05355873,-33.81597174,-2.36425942,-0.02022285,0.00108770,-0.00375877,0.05578101,-0.04529912,0.02410582,1
5.420,0.64976357,0.10077647,2.66738617,0.23310209,-0.18300019,0.08318190,0.01111330,0.04172610,-0.01896641,0.66942253,0.10015286,2.67091330,0.17707085,-0.13778715,0.05947678,0.12547705,-33.80734634,-2.40642023,0.12500384,-33.80809494,-2.40713275,-0.18894278,-0.20892560,0.01203968,-0.06393894,-34.01702054,-2.39509307,-0.04680094,-33.84048229,-2.36761037,-0.01965896,0.00062361,-0.00352713,0.05603124,-0.04521304,0.02370512,1
5.430,0.65209514,0.09894856,2.66821704,0.23321210,-0.18258115,0.08299143,0.01088996,0.04208099,-0.01912772,0.67295187,0.09742526,2.67212166,0.17690156,-0.13739672,0.05972829,0.12367380,-33.81887817,-2.41247129,0.12319655,-33.81963202,-2.41318703,-0.20637149,-0.18628717,0.00602348,-0.08317494,-34.00591920,-2.40716355,-0.06665115,-33.83025958,-2.37884837,-0.02085673,0.00152330,-0.00390462,0.05631054,-0.04518443,0.02326314,1
5.440,0.65442780,0.09712486,2.66904599,0.23331989,-0.18215857,0.08279935,0.01066699,0.04243448,-0.01928840,0.67471445,0.09606586,2.67272816,0.17674077,-0.13703254,0.05995859,0.12187105,-33.83027649,-2.41850615,0.12138977,-33.83103554,-2.41922510,-0.19730346,-0.19760053,0.00785579,-0.07591369,-34.02863607,-2.41136931,-0.05982895,-33.85439657,-2.38256379,-0.02028665,0.00105900,-0.00368217,0.05657912,-0.04512603,0.02284076,1
5.450,0.65676153,0.09530540,2.66987302,0.23342544,-0.18173246,0.08260567,0.01044439,0.04278658,-0.01944844,0.67823587,0.09335499,2.67394758,0.17655764,-0.13662655,0.06024150,0.12006883,-33.84153748,-2.42452598,0.11958352,-33.84230171,-2.42524812,-0.21456290,-0.17521086,0.00155916,-0.09497937,-34.01751257,-2.42368896,-0.05298042,-33.87836053,-2.38643962,-0.02147434,0.00195041,-0.00407456,0.05686780,-0.04510591,0.02236417,1
5.460,0.65909630,0.09349022,2.67069810,0.23352878,-0.18130284,0.08241038,0.01022217,0.04313725,-0.01960784,0.67999442,0.09200407,2.67455969,0.17638194,-0.13624301,0.06048387,0.11826658,-33.85267258,-2.43053126,0.11777725,-33.85344198,-2.43125661,-0.20538240,-0.18658388,0.00322977,-0.08760516,-34.04002587,-2.42802684,-0.07266868,-33.86767344,-2.39804585,-0.02089812,0.00148615,-0.00386159,0.05714684,-0.04505983,0.02192651,1
5.470,0.66143210,0.09167935,2.67152122,0.23362989,-0.18086972,0.08221351,0.01000034,0.04348649,-0.01976659,0.68175154,0.09065607,2.67517333,0.17621450,-0.13588215,0.06070393,0.11646470,-33.86367416,-2.43651915,0.11597136,-33.86444872,-2.43724768,-0.19618545,-0.19779236,0.00490703,-0.08021409,-34.06224108,-2.43234065,-0.06570822,-33.89135931,-2.40199546,-0.02031944,0.00102328,-0.00365211,0.05741539,-0.04498757,0.02150958,1
5.480,0.66376889,0.08987284,2.67234237,0.23372878,-0.18043312,0.08201505,0.00977890,0.04383428,-0.01992467,0.68526160,0.08796886,2.67640660,0.17602005,-0.13546710,0.06097139,0.11466381,-33.87454987,-2.44249463,0.11416646,-33.87532956,-2.44322633,-0.21321927,-0.17566327,-0.00161943,-0.09905280,-34.05099283,-2.44484576,-0.05872520,-33.91489593,-2.40609427,-0.02149271,0.00190398,-0.00406423,0.05770873,-0.04496602,0.02104366,1
5.490,0.66610667,0.08807070,2.67316152,0.23382547,-0.17999304,0.08181502,0.00955785,0.04418062,-0.02008210,0.68701436,0.08662988,2.67702532,0.17583420,-0.13507481,0.06119663,0.11286386,-33.88530350,-2.44845104,0.11236252,-33.88608829,-2.44918591,-0.20389989,-0.18700044,-0.00008092,-0.09153737,-34.07308873,-2.44926683,-0.07818638,-33.90409139,-2.41793692,-0.02090769,0.00144082,-0.00386380,0.05799127,-0.04491823,0.02061839,1
5.500,0.66844540,0.08627299,2.67397866,0.23391994,-0.17954951,0.08161341,0.00933722,0.04452548,-0.02023886,0.69051553,0.08396073,2.67826688,0.17562301,-0.13463565,0.06143645,0.11106399,-33.89592743,-2.45439267,0.11055867,-33.89671727,-2.45513068,-0.22074723,-0.16518796,-0.00670625,-0.11018857,-34.06190524,-2.46183693,-0.06393894,-33.95036146,-2.42617102,-0.02207013,0.00231226,-0.00428822,0.05829693,-0.04491386,0.02017696,1
5.510,0.67078506,0.08447972,2.67479378,0.23401221,-0.17910254,0.08141025,0.00911700,0.04486886,-0.02039494,0.69226404,0.08263041,2.67889035,0.17542998,-0.13423485,0.06166408,0.10926557,-33.90642166,-2.46031761,0.10875627,-33.90721655,-2.46105876,-0.21133085,-0.17652707,-0.00529589,-0.10257458,-34.08374362,-2.46635465,-0.06393894,-33.95050432,-2.42626657,-0.02147898,0.00184931,-0.00409657,0.05858223,-0.04486769,0.01974617,1
5.520,0.67312563,0.08269095,2.67560686,0.23410228,-0.17865214,0.08120552,0.00889720,0.04521074,-0.02055034,0.69401089,0.08130341,2.67951448,0.17524376,-0.13385109,0.06185117,0.10746790,-33.91679382,-2.46622634,0.10695464,-33.91759374,-2.46697063,-0.20189337,-0.18773538,-0.00382292,-0.09493873,-34.10532912,-2.47079355,-0.08317494,-33.93956929,-2.43836977,-0.02088526,0.00138754,-0.00390762,0.05885852,-0.04480105,0.01935435,1
5.530,0.67546710,0.08090669,2.67641789,0.23419016,-0.17819833,0.08099924,0.00867783,0.04555111,-0.02070505,0.69749995,0.07865879,2.68076582,0.17502669,-0.13340646,0.06204600,0.10567168,-33.92703247,-2.47212100,0.10515445,-33.92783737,-2.47286841,-0.21851934,-0.16617594,-0.01055411,-0.11336489,-34.09401332,-2.48342253,-0.07591369,-33.96259978,-2.44268456,-0.02203285,0.00224790,-0.00434793,0.05916347,-0.04479187,0.01895324,1
5.540,0.67780943,0.07912699,2.67722684,0.23427584,-0.17774112,0.08079142,0.00845890,0.04588995,-0.02085907,0.69924189,0.07734170,2.68139211,0.17481840,-0.13298202,0.06219164,0.10387589,-33.93715668,-2.47799873,0.10335471,-33.93796654,-2.47874925,-0.20894691,-0.17757389,-0.00906730,-0.10559220,-34.11554043,-2.48781654,-0.09497937,-33.95165823,-2.45500324,-0.02143246,0.00178529,-0.00416527,0.05945744,-0.04475910,0.01859978,1
5.550,0.68015261,0.07735188,2.67803371,0.23435934,-0.17728054,0.08058206,0.00824040,0.04622726,-0.02101239,0.70098212,0.07602803,2.68201861,0.17461953,-0.13257824,0.06230639,0.10208211,-33.94715500,-2.48385930,0.10155699,-33.94796981,-2.48461292,-0.19935876,-0.18882322,-0.00753682,-0.09780177,-34.13679303,-2.49214974,-0.08760516,-33.97434240,-2.45935215,-0.02082951,0.00132385,-0.00398490,0.05973981,-0.04470230,0.01827567,1
5.560,0.68249661,0.07558139,2.67883848,0.23444065,-0.17681658,0.08037117,0.00802236,0.04656301,-0.02116500,0.70272064,0.07471784,2.68264569,0.17442765,-0.13218841,0.06240682,0.10028998,-33.95702362,-2.48970222,0.09976092,-33.95784334,-2.49045893,-0.18975039,-0.19995836,-0.00600898,-0.08998947,-34.15780170,-2.49646790,-0.08760516,-33.97451640,-2.45938089,-0.02022403,0.00086355,-0.00380721,0.06001300,-0.04462817,0.01796435,1
5.570,0.68484141,0.07381556,2.67964113,0.23451979,-0.17634928,0.08015876,0.00780477,0.04689719,-0.02131691,0.70619262,0.07210772,2.68390096,0.17419731,-0.13172122,0.06248960,0.09849922,-33.96676636,-2.49553013,0.09796623,-33.96759098,-2.49628991,-0.20606060,-0.17884706,-0.01263522,-0.10809437,-34.14643804,-2.50892512,-0.09905280,-33.98583302,-2.47621473,-0.02135121,0.00170784,-0.00425983,0.06032248,-0.04462806,0.01766916,1
5.580,0.68718700,0.07205442,2.68044165,0.23459675,-0.17587864,0.07994484,0.00758764,0.04722980,-0.02146809,0.70792594,0.07080804,2.68452805,0.17398093,-0.13128298,0.06254451,0.09670963,-33.97639847,-2.50134230,0.09617273,-33.97722795,-2.50210515,-0.19631057,-0.19021899,-0.01105681,-0.10013784,-34.16744693,-2.51316196,-0.09153737,-34.00810460,-2.48062144,-0.02073894,0.00124638,-0.00408640,0.06061582,-0.04459566,0.01740033,1
5.590,0.68953334,0.07029800,2.68124002,0.23467154,-0.17540469,0.07972940,0.00737099,0.04756082,-0.02161855,0.70965751,0.06951192,2.68515521,0.17377492,-0.13086501,0.06258732,0.09492251,-33.98590088,-2.50713515,0.09438171,-33.98673519,-2.50790106,-0.18654752,-0.20144522,-0.00948060,-0.09216581,-34.18818042,-2.51738166,-0.09153737,-34.00828317,-2.48062471,-0.02012417,0.00078608,-0.00391519,0.06089662,-0.04453968,0.01714208,1
5.600,0.69188042,0.06854634,2.68203623,0.23474417,-0.17492743,0.07951247,0.00715481,0.04789023,-0.02176829,0.71311473,0.06693160,2.68640598,0.17352278,-0.13035505,0.06256200,0.09313690,-33.99528503,-2.51291418,0.09259219,-33.99612416,-2.51368314,-0.20257133,-0.18088889,-0.01587324,-0.10997914,-34.17701306,-2.52955638,-0.10257458,-34.01933104,-2.49759767,-0.02123431,0.00161474,-0.00436975,0.06122139,-0.04457238,0.01695047,1
5.610,0.69422822,0.06679946,2.68283026,0.23481464,-0.17444689,0.07929404,0.00693911,0.04821802,-0.02191728,0.71484062,0.06564696,2.68703000,0.17328926,-0.12988238,0.06252208,0.09135304,-34.00454712,-2.51867390,0.09080445,-34.00539103,-2.51944590,-0.19265527,-0.19240314,-0.01411361,-0.10185083,-34.19779417,-2.53355952,-0.09493873,-34.04109694,-2.50199471,-0.02061240,0.00115250,-0.00419974,0.06152538,-0.04456451,0.01677196,1
5.620,0.69657671,0.06505741,2.68362211,0.23488295,-0.17396308,0.07907413,0.00672391,0.04854418,-0.02206554,0.71656473,0.06436597,2.68765354,0.17306962,-0.12943635,0.06248002,0.08957206,-34.01369476,-2.52441716,0.08901959,-34.01454343,-2.52519219,-0.18273361,-0.20373955,-0.01237422,-0.09371401,-34.21828297,-2.53756641,-0.09493873,-34.04127999,-2.50197048,-0.01998802,0.00069144,-0.00403143,0.06181333,-0.04452673,0.01659411,1
5.630,0.69892587,0.06332021,2.68441174,0.23494912,-0.17347601,0.07885273,0.00650920,0.04886869,-0.02221304,0.71828679,0.06308912,2.68827527,0.17285391,-0.12899868,0.06240322,0.08779249,-34.02272034,-2.53014231,0.08723615,-34.02357375,-2.53092035,-0.17278284,-0.21500064,-0.01055686,-0.08554669,-34.23857439,-2.54147721,-0.11336489,-34.03017047,-2.51450893,-0.01936092,0.00023109,-0.00386353,0.06209521,-0.04447733,0.01644951,1
5.640,0.70127568,0.06158790,2.68519916,0.23501314,-0.17298571,0.07862987,0.00629500,0.04919155,-0.02235980,0.72172529,0.06054691,2.68951415,0.17259915,-0.12848041,0.06227125,0.08601587,-34.03162766,-2.53585076,0.08545568,-34.03248580,-2.53663181,-0.18849602,-0.19489105,-0.01665746,-0.10304034,-34.22737684,-2.55328927,-0.09780177,-34.07333024,-2.52308741,-0.02044961,0.00104099,-0.00431499,0.06241399,-0.04450530,0.01635862,1
5.650,0.70362612,0.05986051,2.68598433,0.23507502,-0.17249219,0.07840554,0.00608131,0.04951273,-0.02250579,0.72344196,0.05928114,2.69013174,0.17236605,-0.12800468,0.06214304,0.08424109,-34.04042435,-2.54154348,0.08367705,-34.04128716,-2.54232751,-0.17841931,-0.20634131,-0.01472330,-0.09474226,-34.24762847,-2.55705081,-0.08998947,-34.09451295,-2.52734711,-0.01981584,0.00057937,-0.00414741,0.06270897,-0.04448751,0.01626250,1
5.660,0.70597717,0.05813807,2.68676726,0.23513477,-0.17199546,0.07817975,0.00586814,0.04983223,-0.02265101,0.72686999,0.05676063,2.69136315,0.17210068,-0.12746000,0.06197334,0.08246849,-34.04910278,-2.54721665,0.08190060,-34.04997025,-2.54800364,-0.19394463,-0.18662668,-0.02069834,-0.11204403,-34.23659693,-2.56870199,-0.10809437,-34.08352506,-2.53965724,-0.02089282,0.00137744,-0.00459589,0.06303409,-0.04453546,0.01620641,1
5.670,0.70832881,0.05642061,2.68754792,0.23519238,-0.17149555,0.07795252,0.00565549,0.05015003,-0.02279547,0.72858122,0.05550614,2.69197589,0.17185622,-0.12695727,0.06179854,0.08069886,-34.05765915,-2.55287337,0.08012716,-34.05853123,-2.55366335,-0.18375459,-0.19821321,-0.01865091,-0.10362744,-34.25674444,-2.57231426,-0.10013784,-34.10472240,-2.54379904,-0.02025241,0.00091447,-0.00442797,0.06333616,-0.04453828,0.01615398,1
5.680,0.71068101,0.05470817,2.68832631,0.23524788,-0.17099247,0.07772385,0.00544338,0.05046612,-0.02293915,0.73199858,0.05300787,2.69319668,0.17158804,-0.12640135,0.06159217,0.07893211,-34.06611252,-2.55851173,0.07835659,-34.06698921,-2.55930465,-0.19910606,-0.17882822,-0.02446272,-0.12074947,-34.24581742,-2.58376738,-0.09216581,-34.12581362,-2.54786818,-0.02131757,0.00170030,-0.00487037,0.06365984,-0.04459112,0.01613168,1
5.690,0.71303376,0.05300077,2.68910240,0.23530125,-0.17048623,0.07749374,0.00523180,0.05078048,-0.02308204,0.73370447,0.05176458,2.69380381,0.17133818,-0.12588333,0.06137248,0.07716769,-34.07442856,-2.56413531,0.07658837,-34.07530980,-2.56493118,-0.18881733,-0.19048734,-0.02229706,-0.11222896,-34.26579714,-2.58722824,-0.10997914,-34.11484843,-2.55991309,-0.02067071,0.00123619,-0.00470141,0.06396307,-0.04460290,0.01612126,1
5.700,0.71538703,0.05129845,2.68987618,0.23535252,-0.16997686,0.07726221,0.00502077,0.05109311,-0.02322414,0.73540853,0.05052511,2.69440860,0.17110517,-0.12539927,0.06114903,0.07540623,-34.08265686,-2.56973767,0.07482311,-34.08354265,-2.57053646,-0.17853065,-0.20193043,-0.02012488,-0.10370754,-34.28547308,-2.59066134,-0.10185083,-34.13582061,-2.56379886,-0.02002150,0.00077334,-0.00453242,0.06424735,-0.04457759,0.01611318,1
5.710,0.71774081,0.04960124,2.69064764,0.23540167,-0.16946438,0.07702926,0.00481030,0.05140398,-0.02336545,0.73711089,0.04928924,2.69501128,0.17088787,-0.12494614,0.06092879,0.07364821,-34.09076309,-2.57532263,0.07306131,-34.09165341,-2.57612432,-0.16824582,-0.21316664,-0.01796687,-0.09518451,-34.30482005,-2.59409119,-0.09371401,-34.15648961,-2.56770043,-0.01937008,0.00031200,-0.00436364,0.06451380,-0.04451824,0.01610047,1
5.720,0.72009506,0.04790917,2.69141676,0.23544872,-0.16894879,0.07679490,0.00460038,0.05171309,-0.02350595,0.74051062,0.04682822,2.69621163,0.17064273,-0.12442954,0.06068220,0.07189310,-34.09875488,-2.58088899,0.07130243,-34.09964968,-2.58169359,-0.18336401,-0.19394575,-0.02354713,-0.11206158,-34.29359543,-2.60524072,-0.08554669,-34.17713452,-2.57144842,-0.02041556,0.00108095,-0.00479487,0.06480599,-0.04451925,0.01611270,1
5.730,0.72244977,0.04622228,2.69218353,0.23549368,-0.16843012,0.07655915,0.00439104,0.05202042,-0.02364564,0.74220786,0.04560328,2.69680833,0.17041320,-0.12394560,0.06042899,0.07014075,-34.10663986,-2.58643889,0.06954631,-34.10753913,-2.58724640,-0.17297284,-0.20531964,-0.02129711,-0.10342653,-34.31285878,-2.60854351,-0.10304034,-34.16612994,-2.58312395,-0.01975809,0.00061900,-0.00462480,0.06508048,-0.04448452,0.01613016,1
5.740,0.72480493,0.04454058,2.69294794,0.23553655,-0.16790839,0.07632199,0.00418226,0.05232595,-0.02378452,0.74390341,0.04438198,2.69740256,0.17019852,-0.12349172,0.06017750,0.06839268,-34.11441422,-2.59197116,0.06779448,-34.11531791,-2.59278153,-0.16258261,-0.21649006,-0.01905341,-0.09478813,-34.33180798,-2.61183494,-0.09474226,-34.18656343,-2.58676232,-0.01909848,0.00015860,-0.00445462,0.06533803,-0.04441667,0.01614449,1
5.750,0.72716050,0.04286412,2.69370996,0.23557733,-0.16738361,0.07608346,0.00397407,0.05262969,-0.02392258,0.74559725,0.04316435,2.69799468,0.16999488,-0.12305948,0.05993625,0.06664731,-34.12207794,-2.59748483,0.06604537,-34.12298606,-2.59829807,-0.15218626,-0.22749878,-0.01684228,-0.08614089,-34.35048483,-2.61514035,-0.09474226,-34.18674709,-2.58665707,-0.01843675,-0.00030023,-0.00428472,0.06558245,-0.04432413,0.01614721,1
5.760,0.72951647,0.04119292,2.69446960,0.23561603,-0.16685580,0.07584354,0.00376647,0.05293160,-0.02405982,0.74897921,0.04074116,2.69916931,0.16974794,-0.12253611,0.05959734,0.06490520,-34.12963486,-2.60297751,0.06429954,-34.13054734,-2.60379359,-0.16702434,-0.20867591,-0.02199432,-0.10272480,-34.33922324,-2.62578791,-0.10362744,-34.19626144,-2.60160455,-0.01946274,0.00045176,-0.00469971,0.06586809,-0.04431969,0.01624620,1
5.770,0.73187281,0.03952701,2.69522683,0.23565266,-0.16632498,0.07560226,0.00355946,0.05323168,-0.02419622,0.75066746,0.03953540,2.69975246,0.16951712,-0.12204601,0.05927681,0.06316697,-34.13708115,-2.60845304,0.06255759,-34.13799798,-2.60927196,-0.15648683,-0.21997618,-0.01953772,-0.09392925,-34.35797416,-2.62880967,-0.10362744,-34.19645660,-2.60147188,-0.01879465,-0.00000839,-0.00452563,0.06613554,-0.04427897,0.01632545,1
5.780,0.73422951,0.03786643,2.69598164,0.23568722,-0.16579117,0.07535962,0.00335306,0.05352992,-0.02433178,0.75235364,0.03833396,2.70033179,0.16929240,-0.12157047,0.05894087,0.06143267,-34.14442062,-2.61391091,0.06081957,-34.14534178,-2.61473265,-0.14592862,-0.23116427,-0.01702759,-0.08510904,-34.37650605,-2.63176024,-0.12074947,-34.18574549,-2.61273390,-0.01812413,-0.00046753,-0.00435015,0.06639482,-0.04422070,0.01641875,1
5.790,0.73658655,0.03621120,2.69673402,0.23571972,-0.16525439,0.07511563,0.00314726,0.05382630,-0.02446650,0.75572032,0.03594313,2.70148021,0.16903022,-0.12101505,0.05852073,0.05970188,-34.15165710,-2.61935186,0.05908509,-34.15258256,-2.62017642,-0.16050305,-0.21286675,-0.02174047,-0.10141796,-34.36544930,-2.64191689,-0.10370754,-34.22579869,-2.61929150,-0.01913377,0.00026807,-0.00474619,0.06668950,-0.04423934,0.01659490,1
5.800,0.73894390,0.03456135,2.69748395,0.23575017,-0.16471465,0.07487030,0.00294208,0.05412080,-0.02460036,0.75740095,0.03475353,2.70204997,0.16878829,-0.12050120,0.05813445,0.05797509,-34.15878677,-2.62477112,0.05735462,-34.15971649,-2.62559846,-0.14982585,-0.22424404,-0.01905040,-0.09247123,-34.38396053,-2.64464886,-0.10370754,-34.22599327,-2.61914915,-0.01845705,-0.00019218,-0.00456602,0.06696188,-0.04421345,0.01673585,1
5.810,0.74130154,0.03291692,2.69823142,0.23577857,-0.16417198,0.07462363,0.00273752,0.05441342,-0.02473337,0.75907989,0.03356760,2.70261717,0.16856472,-0.12002406,0.05778090,0.05625246,-34.16581726,-2.63017416,0.05562831,-34.16675121,-2.63100430,-0.13915919,-0.23538026,-0.01644410,-0.08353088,-34.40213147,-2.64744840,-0.09518451,-34.24552372,-2.62245131,-0.01777835,-0.00065068,-0.00438575,0.06721385,-0.04414792,0.01684273,1
5.820,0.74365946,0.03127792,2.69897642,0.23580492,-0.16362639,0.07437563,0.00253360,0.05470415,-0.02486552,0.76243213,0.03120777,2.70374082,0.16830421,-0.11946783,0.05733903,0.05453340,-34.17274094,-2.63555813,0.05390559,-34.17367909,-2.63639102,-0.15351913,-0.21741236,-0.02088660,-0.09961354,-34.39109145,-2.65727762,-0.10342653,-34.25395920,-2.63655022,-0.01877267,0.00007015,-0.00476440,0.06750071,-0.04415856,0.01703660,1
5.830,0.74601764,0.02964440,2.69971893,0.23582924,-0.16307790,0.07412632,0.00233031,0.05499296,-0.02499680,0.76410570,0.03003341,2.70429788,0.16806725,-0.11895980,0.05693085,0.05281896,-34.17955780,-2.64091992,0.05218751,-34.18050012,-2.64175557,-0.14274541,-0.22868991,-0.01808320,-0.09055790,-34.40919003,-2.65983876,-0.09478813,-34.27309012,-2.63968810,-0.01808806,-0.00038901,-0.00457895,0.06776199,-0.04411810,0.01719547,1
5.840,0.74837604,0.02801637,2.70045894,0.23585153,-0.16252654,0.07387570,0.00212766,0.05527984,-0.02512720,0.76577760,0.02886271,2.70485224,0.16784785,-0.11848729,0.05655709,0.05110848,-34.18627930,-2.64626622,0.05047337,-34.18722577,-2.64710461,-0.13198190,-0.23973067,-0.01536625,-0.08150853,-34.42695644,-2.66247086,-0.09478813,-34.27327310,-2.63955284,-0.01740156,-0.00084634,-0.00439330,0.06800368,-0.04403925,0.01731861,1
5.850,0.75073466,0.02639388,2.70119644,0.23587180,-0.16197231,0.07362378,0.00192566,0.05556479,-0.02525672,0.76911654,0.02653204,2.70595265,0.16760060,-0.11795083,0.05612938,0.04940248,-34.19289398,-2.65159369,0.04876376,-34.19384457,-2.65243479,-0.14617014,-0.22193764,-0.01964938,-0.09740638,-34.41578221,-2.67208417,-0.10272480,-34.28105253,-2.65321104,-0.01838188,-0.00013816,-0.00475621,0.06827120,-0.04402148,0.01749440,1
5.860,0.75309347,0.02477694,2.70193141,0.23589005,-0.16141525,0.07337057,0.00172433,0.05584779,-0.02538536,0.77078349,0.02537224,2.70649796,0.16737417,-0.11745810,0.05572986,0.04770131,-34.19940567,-2.65689921,0.04705897,-34.20036037,-2.65774304,-0.13532054,-0.23304566,-0.01682262,-0.08826157,-34.43340603,-2.67456566,-0.09392925,-34.29998419,-2.65607531,-0.01769002,-0.00059530,-0.00456655,0.06851588,-0.04395715,0.01764071,1
5.870,0.75545245,0.02316558,2.70266385,0.23590628,-0.16085536,0.07311607,0.00152365,0.05612882,-0.02551310,0.77244880,0.02421608,2.70704049,0.16716325,-0.11699764,0.05536066,0.04600431,-34.20582199,-2.66218662,0.04535837,-34.20678074,-2.66303314,-0.12447812,-0.24393058,-0.01407144,-0.07911974,-34.45071132,-2.67710458,-0.09392925,-34.30016604,-2.65593621,-0.01699635,-0.00105050,-0.00437664,0.06874303,-0.04385772,0.01775541,1
5.880,0.75781159,0.02155984,2.70339373,0.23592052,-0.16029268,0.07286031,0.00132365,0.05640787,-0.02563994,0.77577464,0.02191438,2.70811720,0.16692369,-0.11647209,0.05493617,0.04431171,-34.21215439,-2.66745567,0.04366219,-34.21311717,-2.66830488,-0.13848903,-0.22634655,-0.01816315,-0.09482684,-34.43946373,-2.68646803,-0.10141796,-34.30800159,-2.66874823,-0.01796305,-0.00035454,-0.00472347,0.06899683,-0.04382059,0.01792414,1
5.890,0.76017086,0.01995974,2.70412105,0.23593276,-0.15972721,0.07260328,0.00112433,0.05668493,-0.02576588,0.77743508,0.02076899,2.70865074,0.16670379,-0.11598879,0.05454051,0.04262450,-34.21836853,-2.67270589,0.04197139,-34.21933531,-2.67355777,-0.12755957,-0.23730508,-0.01530191,-0.08558818,-34.45664039,-2.68885967,-0.09247123,-34.32669108,-2.67132563,-0.01726422,-0.00080925,-0.00452969,0.06922897,-0.04373842,0.01806277,1
5.900,0.76253024,0.01836530,2.70484579,0.23594301,-0.15915899,0.07234499,0.00092570,0.05695999,-0.02589090,0.78075125,0.01848874,2.70970999,0.16646150,-0.11545270,0.05411635,0.04094159,-34.22449875,-2.67793536,0.04028492,-34.22546949,-2.67878987,-0.14142462,-0.21999946,-0.01924074,-0.10113970,-34.44546895,-2.69803061,-0.08353088,-34.34520926,-2.67387033,-0.01822101,-0.00012344,-0.00486420,0.06948151,-0.04370629,0.01822864,1
5.910,0.76488971,0.01677657,2.70556794,0.23595128,-0.15858802,0.07208546,0.00072775,0.05723302,-0.02601501,0.78240689,0.01735403,2.71023508,0.16623711,-0.11495729,0.05371453,0.03926367,-34.23052979,-2.68314648,0.03860345,-34.23150446,-2.68400362,-0.13041935,-0.23097327,-0.01632792,-0.09181590,-34.46247773,-2.70033155,-0.09961354,-34.33435591,-2.68353216,-0.01751718,-0.00057746,-0.00466714,0.06971417,-0.04363073,0.01837093,1
5.920,0.76724926,0.01519355,2.70628750,0.23595757,-0.15801433,0.07182470,0.00053051,0.05750403,-0.02613820,0.78406096,0.01622282,2.71075721,0.16602947,-0.11449813,0.05333898,0.03759127,-34.23645782,-2.68833804,0.03692752,-34.23743642,-2.68919780,-0.11942604,-0.24169803,-0.01347875,-0.08249852,-34.47913445,-2.70267655,-0.09055790,-34.35262971,-2.68594493,-0.01681170,-0.00102927,-0.00446971,0.06992810,-0.04351620,0.01848572,1
5.930,0.76960886,0.01361629,2.70700443,0.23596189,-0.15743794,0.07156270,0.00033397,0.05777299,-0.02626045,0.78736449,0.01397075,2.71179402,0.16579821,-0.11398331,0.05293644,0.03592344,-34.24229431,-2.69351006,0.03525617,-34.24327677,-2.69437242,-0.13313162,-0.22452053,-0.01729066,-0.09787545,-34.46779731,-2.71166308,-0.08150853,-34.37073702,-2.68833527,-0.01775563,-0.00035446,-0.00478959,0.07016368,-0.04345463,0.01862626,1
5.940,0.77196849,0.01204480,2.70771875,0.23596425,-0.15685888,0.07129949,0.00013815,0.05803989,-0.02638177,0.78901387,0.01285002,2.71230812,0.16558308,-0.11350555,0.05255485,0.03426100,-34.24804688,-2.69866061,0.03359021,-34.24903320,-2.69952556,-0.12205988,-0.23528483,-0.01439644,-0.08846967,-34.48431803,-2.71392201,-0.09740638,-34.35974608,-2.69778921,-0.01704538,-0.00080522,-0.00458937,0.07038117,-0.04335333,0.01874464,1
5.950,0.77432814,0.01047912,2.70843042,0.23596465,-0.15627715,0.07103507,-0.00005695,0.05830473,-0.02650215,0.79066171,0.01173274,2.71281941,0.16538340,-0.11306122,0.05219849,0.03260417,-34.25370789,-2.70379257,0.03192988,-34.25469802,-2.70466009,-0.11099898,-0.24581026,-0.01156610,-0.07906910,-34.50050829,-2.71622618,-0.08826157,-34.37754191,-2.70013037,-0.01633357,-0.00125362,-0.00438899,0.07058125,-0.04321593,0.01883658,1
5.960,0.77668778,0.00891927,2.70913944,0.23596311,-0.15569279,0.07076945,-0.00025132,0.05856747,-0.02662158,0.79395320,0.00950785,2.71383505,0.16516364,-0.11256661,0.05181834,0.03095244,-34.25926208,-2.70890522,0.03027466,-34.26025601,-2.70977531,-0.12455753,-0.22873672,-0.01527043,-0.09428287,-34.48899273,-2.72504574,-0.07911974,-34.39516993,-2.70244353,-0.01726542,-0.00058858,-0.00469561,0.07079947,-0.04312618,0.01895111,1
5.970,0.77904739,0.00736527,2.70984580,0.23595963,-0.15510581,0.07050264,-0.00044496,0.05882812,-0.02674005,0.79559662,0.00840062,2.71433883,0.16495824,-0.11210574,0.05145831,0.02930575,-34.26473236,-2.71399808,0.02862450,-34.26573004,-2.71487069,-0.11342740,-0.23927744,-0.01240836,-0.08480289,-34.50500747,-2.72727905,-0.09482684,-34.38410215,-2.71165714,-0.01654923,-0.00103535,-0.00449303,0.07100139,-0.04300007,0.01904433,1
5.980,0.78140696,0.00581716,2.71054949,0.23595422,-0.15451624,0.07023465,-0.00063786,0.05908666,-0.02685757,0.79723841,0.00729700,2.71483998,0.16476352,-0.11166991,0.05112263,0.02766535,-34.27011871,-2.71907067,0.02698064,-34.27112012,-2.71994581,-0.10229796,-0.24962387,-0.00961049,-0.07531732,-34.52074398,-2.72955630,-0.09482684,-34.38428252,-2.71152583,-0.01583145,-0.00147984,-0.00429049,0.07119070,-0.04284633,0.01911202,1
5.990,0.78376647,0.00427496,2.71125049,0.23594688,-0.15392409,0.06996549,-0.00083001,0.05934307,-0.02697412,0.80051731,0.00510026,2.71583466,0.16453745,-0.11116493,0.05073618,0.02603016,-34.27540970,-2.72412276,0.02534200,-34.27641479,-2.72500039,-0.11566803,-0.23282619,-0.01313967,-0.09032603,-34.50924097,-2.73814006,-0.10113970,-34.39064396,-2.72281902,-0.01675084,-0.00082530,-0.00458417,0.07140943,-0.04275916,0.01922931,1
6.000,0.78612589,0.00273869,2.71194880,0.23593762,-0.15332938,0.06969517,-0.00102141,0.05959734,-0.02708970,0.80215433,0.00400727,2.71632768,0.16432858,-0.11069829,0.05037758,0.02440058,-34.28061676,-2.72915459,0.02370899,-34.28162553,-2.73003472,-0.10444882,-0.24327050,-0.01025455,-0.08073983,-34.52489603,-2.74028927,-0.09181590,-34.40782854,-2.72498244,-0.01602844,-0.00126858,-0.00437888,0.07160904,-0.04263109,0.01931759,1
6.010,0.78848521,0.00120838,2.71264439,0.23592645,-0.15273215,0.06942370,-0.00121204,0.05984946,-0.02720430,0.80378977,0.00291781,2.71681832,0.16413250,-0.11026020,0.05004911,0.02277715,-34.28573608,-2.73416853,0.02208214,-34.28674848,-2.73505115,-0.09323616,-0.25349950,-0.00745183,-0.07115401,-34.54024798,-2.74250297,-0.09181590,-34.40800477,-2.72486339,-0.01530456,-0.00170943,-0.00417393,0.07179395,-0.04247195,0.01937459,1
6.020,0.79084442,-0.00031595,2.71333727,0.23591338,-0.15213240,0.06915109,-0.00140190,0.06009942,-0.02731792,0.80705612,0.00074917,2.71779269,0.16390804,-0.10975748,0.04968049,0.02115949,-34.29076767,-2.73916101,0.02046107,-34.29178368,-2.74004609,-0.10643666,-0.23690859,-0.01087573,-0.08597559,-34.52869227,-2.75092182,-0.09787545,-34.41367265,-2.73595040,-0.01621170,-0.00106512,-0.00445542,0.07200534,-0.04237492,0.01947060,1
6.030,0.79320348,-0.00183426,2.71402741,0.23589841,-0.15153016,0.06887735,-0.00159099,0.06034720,-0.02743054,0.80868695,-0.00032988,2.71827594,0.16370172,-0.10929444,0.04934156,0.01954819,-34.29571152,-2.74413133,0.01884638,-34.29673108,-2.74501882,-0.09514598,-0.24719702,-0.00802740,-0.07629960,-34.54392810,-2.75304623,-0.08846967,-34.43036537,-2.73808439,-0.01548347,-0.00150438,-0.00424853,0.07219669,-0.04223572,0.01953579,1
6.040,0.79556238,-0.00334654,2.71471481,0.23588156,-0.15092546,0.06860248,-0.00177929,0.06059279,-0.02754218,0.81194446,-0.00247830,2.71923642,0.16347786,-0.10878564,0.04899015,0.01794230,-34.30057526,-2.74908471,0.01723711,-34.30159835,-2.74997465,-0.10822748,-0.23081581,-0.01139062,-0.09099037,-34.53241415,-2.76136526,-0.07906910,-34.44687867,-2.74019415,-0.01638208,-0.00086824,-0.00452161,0.07240370,-0.04213982,0.01961233,1
6.050,0.79792110,-0.00485276,2.71539946,0.23586283,-0.15031832,0.06832651,-0.00196680,0.06083617,-0.02765280,0.81357092,-0.00354731,2.71971316,0.16327000,-0.10831447,0.04866095,0.01634290,-34.30535507,-2.75401545,0.01563436,-34.30638167,-2.75490778,-0.09688104,-0.24106885,-0.00855894,-0.08124668,-34.54745052,-2.76346672,-0.09428287,-34.43554225,-2.74888241,-0.01564982,-0.00130545,-0.00431370,0.07259283,-0.04200385,0.01966556,1
6.060,0.80027963,-0.00635290,2.71608134,0.23584223,-0.14970875,0.06804943,-0.00215352,0.06107733,-0.02776242,0.81519593,-0.00461295,2.72018764,0.16307762,-0.10787685,0.04835785,0.01474978,-34.31005096,-2.75892401,0.01403788,-34.31108104,-2.75981873,-0.08554951,-0.25107507,-0.00580185,-0.07151163,-34.56215612,-2.76562058,-0.08480289,-34.45172548,-2.75100331,-0.01491630,-0.00173995,-0.00410630,0.07276461,-0.04183190,0.01969158,1
6.070,0.80263794,-0.00784693,2.71676044,0.23581976,-0.14909678,0.06777126,-0.00233943,0.06131627,-0.02787103,0.81844197,-0.00673474,2.72113132,0.16286720,-0.10739046,0.04804542,0.01316294,-34.31466675,-2.76381660,0.01244770,-34.31570026,-2.76471368,-0.09850542,-0.23475533,-0.00916018,-0.08605771,-34.55045558,-2.77387386,-0.07531732,-34.46777833,-2.75311038,-0.01580403,-0.00111219,-0.00437088,0.07295256,-0.04170632,0.01972584,1
6.080,0.80499602,-0.00933483,2.71743676,0.23579544,-0.14848243,0.06749201,-0.00252453,0.06155295,-0.02797862,0.82006279,-0.00779055,2.72160005,0.16267100,-0.10693797,0.04775214,0.01158226,-34.31919479,-2.76868582,0.01086370,-34.32023171,-2.76958524,-0.08711788,-0.24475150,-0.00643048,-0.07625418,-34.56498321,-2.77601573,-0.09032603,-34.45645072,-2.76157620,-0.01506677,-0.00154428,-0.00416329,0.07312444,-0.04154446,0.01973987,1
6.090,0.80735384,-0.01081657,2.71811028,0.23576928,-0.14786573,0.06721169,-0.00270881,0.06178738,-0.02808517,0.82168222,-0.00884306,2.72206679,0.16248896,-0.10651618,0.04748266,0.01000891,-34.32364273,-2.77353549,0.00928704,-34.32468303,-2.77443726,-0.07574459,-0.25451170,-0.00377344,-0.06645755,-34.57919472,-2.77821070,-0.08073983,-34.47227063,-2.76362638,-0.01432838,-0.00197351,-0.00395651,0.07328032,-0.04134955,0.01972903,1
6.100,0.80971140,-0.01229213,2.71878099,0.23574127,-0.14724669,0.06693031,-0.00289227,0.06201954,-0.02819070,0.82491702,-0.01093838,2.72299578,0.16228600,-0.10604002,0.04720868,0.00844088,-34.32802200,-2.77836394,0.00771572,-34.32906564,-2.77926803,-0.08856848,-0.23830588,-0.00715382,-0.08085276,-34.56737153,-2.78642184,-0.07115401,-34.48794221,-2.76569634,-0.01520562,-0.00135375,-0.00421479,0.07345527,-0.04120667,0.01972163,1
6.110,0.81206866,-0.01376150,2.71944888,0.23571143,-0.14662534,0.06664788,-0.00307489,0.06224942,-0.02829519,0.82653233,-0.01198107,2.72345757,0.16209709,-0.10559711,0.04695117,0.00688012,-34.33232117,-2.78317261,0.00615169,-34.33336812,-2.78407899,-0.07713547,-0.24808443,-0.00454080,-0.07098379,-34.58145256,-2.78861979,-0.08597559,-34.47655809,-2.77401116,-0.01446367,-0.00178043,-0.00400869,0.07361434,-0.04102823,0.01969671,1
6.120,0.81442562,-0.01522463,2.72011394,0.23567977,-0.14600171,0.06636441,-0.00325667,0.06247699,-0.02839863,0.82975895,-0.01405676,2.72437637,0.16188904,-0.10510366,0.04668152,0.00532624,-34.33652878,-2.78795934,0.00459454,-34.33757900,-2.78886800,-0.08984302,-0.23212179,-0.00787823,-0.08524848,-34.56970079,-2.79674624,-0.07629960,-34.49211643,-2.77598250,-0.01533333,-0.00116787,-0.00426243,0.07379073,-0.04089805,0.01968289,1
6.130,0.81678225,-0.01668152,2.72077617,0.23564630,-0.14537581,0.06607991,-0.00343761,0.06270226,-0.02850103,0.83137007,-0.01508943,2.72483293,0.16169460,-0.10464461,0.04642523,0.00377854,-34.34067535,-2.79272580,0.00304360,-34.34172882,-2.79363673,-0.07835292,-0.24189615,-0.00527917,-0.07530932,-34.58362497,-2.79891590,-0.09099037,-34.48078044,-2.78419345,-0.01458782,-0.00159209,-0.00405676,0.07395170,-0.04073120,0.01965468,1
6.140,0.81913854,-0.01813214,2.72143554,0.23561103,-0.14474767,0.06579440,-0.00361770,0.06292520,-0.02860236,0.83297979,-0.01611875,2.72528770,0.16151394,-0.10421648,0.04618819,0.00223804,-34.34474564,-2.79747128,0.00149986,-34.34580231,-2.79838445,-0.06687741,-0.25143256,-0.00274441,-0.06537755,-34.59723487,-2.80112886,-0.08124668,-34.49598446,-2.78620525,-0.01384125,-0.00201339,-0.00385216,0.07409709,-0.04053119,0.01960621,1
6.150,0.82149447,-0.01957647,2.72209205,0.23557395,-0.14411731,0.06550787,-0.00379692,0.06314580,-0.02870264,0.83619547,-0.01816794,2.72619328,0.16131579,-0.10373776,0.04594733,0.00070454,-34.34873199,-2.80219436,-0.00003686,-34.34979185,-2.80310974,-0.07946625,-0.23555584,-0.00610056,-0.07950311,-34.58534769,-2.80921031,-0.07151163,-34.51100532,-2.78823295,-0.01470100,-0.00140853,-0.00410123,0.07425816,-0.04037955,0.01956054,1
6.160,0.82385001,-0.02101448,2.72274569,0.23553509,-0.14348476,0.06522035,-0.00397528,0.06336405,-0.02880184,0.83780122,-0.01918747,2.72664364,0.16113070,-0.10329159,0.04571934,-0.00082227,-34.35264587,-2.80690002,-0.00156687,-34.35370886,-2.80781763,-0.06794097,-0.24508960,-0.00361056,-0.06950784,-34.59879847,-2.81142819,-0.08605771,-34.49947905,-2.79639154,-0.01395121,-0.00182701,-0.00389795,0.07440439,-0.04019317,0.01950101,1
6.170,0.82620516,-0.02244616,2.72339645,0.23549445,-0.14285004,0.06493184,-0.00415277,0.06357993,-0.02889997,0.83940566,-0.02020371,2.72709245,0.16095900,-0.10287479,0.04550976,-0.00234128,-34.35649109,-2.81158185,-0.00308907,-34.35755718,-2.81250163,-0.05643137,-0.25439036,-0.00118625,-0.05952044,-34.61194754,-2.81368788,-0.07625418,-34.51417100,-2.79845625,-0.01320050,-0.00224245,-0.00369600,0.07453545,-0.03997525,0.01942208,1
6.180,0.82855990,-0.02387148,2.72404433,0.23545204,-0.14221317,0.06464235,-0.00432937,0.06379344,-0.02899702,0.84100878,-0.02121667,2.72754007,0.16079723,-0.10248012,0.04532288,-0.00385371,-34.36027145,-2.81624365,-0.00460468,-34.36134063,-2.81716561,-0.04493081,-0.26349364,0.00115708,-0.04953548,-34.62483426,-2.81600852,-0.07625418,-34.51433515,-2.79839685,-0.01244888,-0.00265481,-0.00349574,0.07465481,-0.03973305,0.01931947,1
6.190,0.83091420,-0.02529041,2.72468930,0.23540786,-0.14157418,0.06435190,-0.00450509,0.06400456,-0.02909298,0.84421129,-0.02323299,2.72843194,0.16061207,-0.10202130,0.04511966,-0.00535848,-34.36396790,-2.82088518,-0.00611260,-34.36504011,-2.82180928,-0.05738527,-0.24766217,-0.00227440,-0.06349787,-34.61270228,-2.82408369,-0.08085276,-34.51704911,-2.80867685,-0.01329709,-0.00205742,-0.00374264,0.07479579,-0.03955288,0.01923224,1
6.200,0.83326805,-0.02670295,2.72533136,0.23536194,-0.14093309,0.06406049,-0.00467991,0.06421327,-0.02918785,0.84581062,-0.02423621,2.72887570,0.16044235,-0.10159642,0.04493387,-0.00685658,-34.36759186,-2.82550359,-0.00761385,-34.36866707,-2.82642982,-0.04583244,-0.25681909,0.00003586,-0.05344630,-34.62548617,-2.82639396,-0.07098379,-34.53129166,-2.81080802,-0.01254257,-0.00246674,-0.00354434,0.07491959,-0.03933667,0.01912662,1
6.210,0.83562143,-0.02810907,2.72597050,0.23531427,-0.14028992,0.06376815,-0.00485383,0.06441956,-0.02928162,0.84740872,-0.02523620,2.72931848,0.16028413,-0.10119714,0.04476991,-0.00834623,-34.37115860,-2.83010197,-0.00910662,-34.37223678,-2.83103032,-0.03429386,-0.26575859,0.00226424,-0.04340048,-34.63799537,-2.82876608,-0.07098379,-34.53145291,-2.81075880,-0.01178729,-0.00287287,-0.00334798,0.07503014,-0.03909278,0.01899824,1
6.220,0.83797433,-0.02950874,2.72660672,0.23526486,-0.13964471,0.06347487,-0.00502684,0.06462342,-0.02937428,0.85060074,-0.02722572,2.73019902,0.16009725,-0.10072481,0.04456592,-0.00982937,-34.37465668,-2.83468127,-0.01059287,-34.37573780,-2.83561172,-0.04661841,-0.25015256,-0.00113867,-0.05721128,-34.62589036,-2.83675040,-0.07530932,-34.53397106,-2.82089288,-0.01262641,-0.00228302,-0.00359230,0.07516761,-0.03891990,0.01890895,1
6.230,0.84032672,-0.03090196,2.72724000,0.23521374,-0.13899746,0.06318066,-0.00519894,0.06482484,-0.02946584,0.85219496,-0.02821562,2.73063742,0.15992842,-0.10029119,0.04438447,-0.01130491,-34.37807846,-2.83923364,-0.01207151,-34.37916248,-2.84016615,-0.03502230,-0.25917272,0.00110944,-0.04709381,-34.63833520,-2.83905671,-0.06537755,-34.54773971,-2.82304893,-0.01186824,-0.00268634,-0.00339742,0.07528532,-0.03870627,0.01879619,1
6.240,0.84267860,-0.03228869,2.72787033,0.23516089,-0.13834822,0.06288555,-0.00537011,0.06502380,-0.02955627,0.85378803,-0.02920236,2.73107503,0.15977305,-0.09988677,0.04422860,-0.01277187,-34.38143539,-2.84377050,-0.01354156,-34.38252228,-2.84470507,-0.02344620,-0.26795465,0.00326352,-0.03698776,-34.65047693,-2.84144154,-0.06537755,-34.54789811,-2.82300934,-0.01110943,-0.00308633,-0.00320470,0.07538784,-0.03846145,0.01865695,1
6.250,0.84502993,-0.03366891,2.72849771,0.23510634,-0.13769699,0.06258954,-0.00554035,0.06522029,-0.02964559,0.85697027,-0.03116553,2.73194578,0.15959278,-0.09941330,0.04403977,-0.01423216,-34.38472748,-2.84828234,-0.01500491,-34.38581719,-2.84921893,-0.03567038,-0.25249715,-0.00017168,-0.05067528,-34.63831434,-2.84939061,-0.06950784,-34.54980202,-2.83316484,-0.01194034,-0.00250338,-0.00344807,0.07551356,-0.03828369,0.01854977,1
6.260,0.84738072,-0.03504262,2.72912212,0.23505009,-0.13704382,0.06229265,-0.00570966,0.06541429,-0.02973377,0.85855973,-0.03214232,2.73237952,0.15943119,-0.09897993,0.04387355,-0.01568426,-34.38794708,-2.85277390,-0.01646006,-34.38903959,-2.85371250,-0.02405097,-0.26132677,0.00197697,-0.04051103,-34.65036636,-2.85173553,-0.05952044,-34.56310764,-2.83537533,-0.01117901,-0.00290030,-0.00325740,0.07561890,-0.03806389,0.01841910,1
6.270,0.84973093,-0.03640978,2.72974356,0.23499215,-0.13638872,0.06199487,-0.00587802,0.06560580,-0.02982082,0.86173592,-0.03408714,2.73324581,0.15926433,-0.09850832,0.04372915,-0.01712856,-34.39111710,-2.85724711,-0.01790739,-34.39221236,-2.85818771,-0.03623483,-0.24597249,-0.00159291,-0.05414222,-34.63818485,-2.85978061,-0.04953548,-34.57628751,-2.83765649,-0.01200499,-0.00232264,-0.00350225,0.07572782,-0.03788040,0.01826572,1
6.280,0.85208055,-0.03777039,2.73036201,0.23493253,-0.13573171,0.06169623,-0.00604543,0.06579480,-0.02990673,0.86332245,-0.03505480,2.73367759,0.15911149,-0.09807268,0.04359142,-0.01856516,-34.39421082,-2.86169481,-0.01934700,-34.39530881,-2.86263738,-0.02461327,-0.25469491,0.00042818,-0.04396027,-34.65000371,-2.86220920,-0.06349787,-34.56431941,-2.84567281,-0.01124190,-0.00271559,-0.00331558,0.07582104,-0.03765903,0.01810481,1
6.290,0.85442957,-0.03912441,2.73097748,0.23487124,-0.13507283,0.06139674,-0.00621189,0.06598127,-0.02999148,0.86649278,-0.03698098,2.73453873,0.15895247,-0.09759501,0.04344998,-0.01999384,-34.39725494,-2.86612129,-0.02077868,-34.39835563,-2.86706581,-0.03674941,-0.23948924,-0.00316425,-0.05752809,-34.63784487,-2.87023006,-0.04340048,-34.58991435,-2.85027890,-0.01206321,-0.00214343,-0.00356125,0.07591877,-0.03747782,0.01794676,1
6.300,0.85677797,-0.04047184,2.73158995,0.23480829,-0.13441210,0.06109641,-0.00637737,0.06616520,-0.03007509,0.86807671,-0.03793967,2.73496869,0.15881277,-0.09716368,0.04333651,-0.02141386,-34.40023041,-2.87052774,-0.02220170,-34.40133373,-2.87147419,-0.02514026,-0.24806566,-0.00126217,-0.04734196,-34.64939939,-2.87273636,-0.04340048,-34.59006053,-2.85026413,-0.01129874,-0.00253217,-0.00337874,0.07599552,-0.03724842,0.01775990,1
6.310,0.85912573,-0.04181265,2.73219940,0.23474370,-0.13374953,0.06079524,-0.00654189,0.06634658,-0.03015754,0.86965964,-0.03889512,2.73539755,0.15868273,-0.09675895,0.04322385,-0.02282628,-34.40314865,-2.87491155,-0.02361708,-34.40425461,-2.87585990,-0.01354739,-0.25641638,0.00061104,-0.03716447,-34.66067099,-2.87524886,-0.05721128,-34.57811799,-2.85819333,-0.01053391,-0.00291753,-0.00319815,0.07606097,-0.03699058,0.01757139,1
6.320,0.86147284,-0.04314682,2.73280585,0.23467746,-0.13308517,0.06049326,-0.00670543,0.06652540,-0.03023882,0.87282305,-0.04079694,2.73625303,0.15854578,-0.09630558,0.04310410,-0.02423081,-34.40599442,-2.87927413,-0.02502456,-34.40710294,-2.88022439,-0.02566186,-0.24117479,-0.00308533,-0.05068642,-34.64827773,-2.88330972,-0.03698776,-34.60300419,-2.86281398,-0.01135021,-0.00234988,-0.00344718,0.07613168,-0.03677959,0.01738916,1
6.330,0.86381928,-0.04447434,2.73340927,0.23460959,-0.13241903,0.06019047,-0.00686799,0.06670163,-0.03031892,0.87440368,-0.04174350,2.73668023,0.15842512,-0.09589300,0.04300809,-0.02562648,-34.40879440,-2.88361359,-0.02642316,-34.40990547,-2.88456570,-0.01407973,-0.24943661,-0.00131467,-0.04050289,-34.65934208,-2.88588037,-0.03698776,-34.60314929,-2.86280156,-0.01058440,-0.00273084,-0.00327096,0.07618447,-0.03652603,0.01718238,1
6.340,0.86616503,-0.04579520,2.73400965,0.23454010,-0.13175115,0.05988689,-0.00702955,0.06687528,-0.03039786,0.87756236,-0.04362713,2.73753199,0.15829281,-0.09542743,0.04289653,-0.02701433,-34.41153717,-2.88793373,-0.02781393,-34.41265076,-2.88888770,-0.02615947,-0.23436005,-0.00506623,-0.05397340,-34.64701080,-2.89395393,-0.04051103,-34.60335100,-2.87067154,-0.01139733,-0.00216807,-0.00352234,0.07624729,-0.03632372,0.01699036,1
6.350,0.86851007,-0.04710936,2.73460700,0.23446900,-0.13108154,0.05958252,-0.00719011,0.06704633,-0.03047560,0.87914056,-0.04456439,2.73795713,0.15817450,-0.09500207,0.04280099,-0.02839340,-34.41422272,-2.89223194,-0.02919590,-34.41533877,-2.89318774,-0.01457302,-0.24256641,-0.00335296,-0.04376892,-34.65790518,-2.89654070,-0.04051103,-34.60350338,-2.87299270,-0.01063049,-0.00254497,-0.00335013,0.07629450,-0.03607947,0.01678153,1
6.360,0.87085440,-0.04841682,2.73520130,0.23439630,-0.13041023,0.05927738,-0.00734967,0.06721475,-0.03055216,0.88229409,-0.04642881,2.73880386,0.15803804,-0.09451481,0.04267276,-0.02976439,-34.41685104,-2.89650798,-0.03056978,-34.41796953,-2.89746558,-0.02659492,-0.22772618,-0.00708041,-0.05716470,-34.64569571,-2.90454599,-0.05414222,-34.59165833,-2.88092465,-0.01143969,-0.00198801,-0.00360256,0.07635826,-0.03589542,0.01660462,1
6.370,0.87319800,-0.04971756,2.73579255,0.23432201,-0.12973725,0.05897148,-0.00750821,0.06738055,-0.03062752,0.88386957,-0.04735614,2.73922601,0.15791552,-0.09406948,0.04255833,-0.03112656,-34.41941833,-2.90075850,-0.03193482,-34.42053921,-2.90171789,-0.01498732,-0.23592775,-0.00536421,-0.04692214,-34.65646696,-2.90708210,-0.04396027,-34.60363696,-2.88331671,-0.01067157,-0.00236142,-0.00343346,0.07640649,-0.03566777,0.01641315,1
6.380,0.87554084,-0.05101156,2.73638073,0.23424614,-0.12906263,0.05866483,-0.00766573,0.06754370,-0.03070168,0.88701769,-0.04920042,2.74006589,0.15777756,-0.09356354,0.04240061,-0.03248081,-34.42194366,-2.90499306,-0.03329191,-34.42306691,-2.90595420,-0.02695382,-0.22133115,-0.00901225,-0.06024573,-34.64439805,-2.91496646,-0.04734196,-34.60337654,-2.89370008,-0.01147685,-0.00181114,-0.00368516,0.07646858,-0.03549909,0.01626422,1
6.390,0.87788291,-0.05229881,2.73696584,0.23416870,-0.12838639,0.05835745,-0.00782223,0.06770419,-0.03077463,0.88859063,-0.05011767,2.74048405,0.15765665,-0.09310389,0.04225455,-0.03382571,-34.42440033,-2.90920448,-0.03463965,-34.42552589,-2.91016737,-0.01534062,-0.22950256,-0.00724877,-0.04998027,-34.65502845,-2.91741615,-0.03716447,-34.61480851,-2.89615705,-0.01070772,-0.00218114,-0.00351821,0.07651205,-0.03528250,0.01610290,1
6.400,0.88022421,-0.05357928,2.73754788,0.23408970,-0.12770855,0.05804934,-0.00797769,0.06786201,-0.03084637,0.89016287,-0.05103172,2.74090143,0.15754844,-0.09267939,0.04212533,-0.03516247,-34.42681503,-2.91339183,-0.03597923,-34.42794288,-2.91435645,-0.00375623,-0.23740123,-0.00555872,-0.03973546,-34.66534411,-2.91991517,-0.03716447,-34.61496804,-2.89611769,-0.00993866,-0.00254756,-0.00335355,0.07654126,-0.03502916,0.01592401,1
6.410,0.88256470,-0.05485297,2.73812683,0.23400915,-0.12702916,0.05774053,-0.00813211,0.06801714,-0.03091688,0.89330483,-0.05284944,2.74173153,0.15742658,-0.09218897,0.04195258,-0.03648987,-34.42917633,-2.91755748,-0.03730942,-34.43030643,-2.91852378,-0.01570639,-0.22285962,-0.00916747,-0.05301581,-34.65316605,-2.92769125,-0.04050289,-34.61398322,-2.90659754,-0.01074013,-0.00200353,-0.00360470,0.07658257,-0.03484019,0.01578795,1
6.420,0.88490438,-0.05611986,2.73870268,0.23392706,-0.12634822,0.05743101,-0.00828548,0.06816958,-0.03098617,0.89487469,-0.05375327,2.74214478,0.15731662,-0.09173747,0.04179574,-0.03780895,-34.43148041,-2.92170286,-0.03863129,-34.43261272,-2.92267086,-0.00411344,-0.23079366,-0.00743882,-0.04274472,-34.66340638,-2.93010967,-0.04050289,-34.61415059,-2.90654296,-0.00997031,-0.00236659,-0.00344210,0.07661044,-0.03461075,0.01563527,1
6.430,0.88724324,-0.05737993,2.73927544,0.23384345,-0.12566577,0.05712081,-0.00843780,0.06831931,-0.03105423,0.89644363,-0.05465343,2.74255611,0.15721091,-0.09130709,0.04163000,-0.03911895,-34.43374252,-2.92582607,-0.03994405,-34.43487700,-2.92679572,0.00747040,-0.23853655,-0.00570465,-0.03247365,-34.67341355,-2.93250038,-0.05397340,-34.60200283,-2.91452033,-0.00920039,-0.00272650,-0.00328067,0.07663254,-0.03435868,0.01549081,1
6.440,0.88958125,-0.05863317,2.73984510,0.23375831,-0.12498184,0.05680993,-0.00858906,0.06846631,-0.03112105,0.89801179,-0.05555007,2.74296571,0.15711212,-0.09089625,0.04146257,-0.04041993,-34.43595505,-2.92992640,-0.04124777,-34.43709166,-2.93089767,0.01903705,-0.24609232,-0.00398564,-0.02221072,-34.68318398,-2.93488331,-0.04376892,-34.61307332,-2.91702083,-0.00843054,-0.00308310,-0.00312061,0.07664619,-0.03408559,0.01534736,1
6.450,0.89191840,-0.05987957,2.74041164,0.23367167,-0.12429646,0.05649839,-0.00873924,0.06861058,-0.03118663,0.90114557,-0.05733252,2.74377989,0.15699423,-0.09040506,0.04124629,-0.04171209,-34.43810654,-2.93400383,-0.04254267,-34.43924524,-2.93497670,0.00714090,-0.23172521,-0.00744641,-0.03540177,-34.67097045,-2.94242311,-0.05716470,-34.60122996,-2.92484471,-0.00922717,-0.00254705,-0.00336825,0.07667744,-0.03389140,0.01525210,1
6.460,0.89425468,-0.06111910,2.74097506,0.23358353,-0.12360964,0.05618620,-0.00888835,0.06875209,-0.03125095,0.90271115,-0.05821816,2.74418384,0.15688532,-0.08994488,0.04103349,-0.04299516,-34.44022369,-2.93806052,-0.04382844,-34.44136446,-2.93903498,0.01873438,-0.23944499,-0.00562501,-0.02509406,-34.68080945,-2.94465999,-0.04692214,-34.61218480,-2.92727966,-0.00845647,-0.00290094,-0.00320878,0.07669821,-0.03366476,0.01515271,1
6.470,0.89659006,-0.06235175,2.74153536,0.23349390,-0.12292142,0.05587337,-0.00903638,0.06889085,-0.03131402,0.90583967,-0.05997819,2.74498583,0.15675790,-0.08940942,0.04076870,-0.04426921,-34.44228745,-2.94209528,-0.04510519,-34.44343022,-2.94307131,0.00690361,-0.22550161,-0.00889056,-0.03820158,-34.66893182,-2.95196187,-0.06024573,-34.60049654,-2.93495362,-0.00924961,-0.00237356,-0.00345047,0.07673600,-0.03351200,0.01510467,1
6.480,0.89892455,-0.06357752,2.74209253,0.23340281,-0.12223183,0.05555992,-0.00918332,0.06902682,-0.03137583,0.90740257,-0.06085241,2.74538328,0.15664090,-0.08891249,0.04051266,-0.04553415,-34.44431305,-2.94611001,-0.04637280,-34.44545781,-2.94708760,0.01852080,-0.23333258,-0.00696097,-0.02785200,-34.67879039,-2.95404857,-0.04998027,-34.61131760,-2.93728842,-0.00847802,-0.00272511,-0.00329075,0.07676191,-0.03331934,0.01504726,1
6.490,0.90125812,-0.06479639,2.74264656,0.23331024,-0.12154090,0.05524586,-0.00932916,0.06916000,-0.03143636,0.91052625,-0.06258985,2.74617218,0.15651772,-0.08835686,0.04022352,-0.04678948,-34.44629288,-2.95009995,-0.04763079,-34.44743956,-2.95107905,0.00672122,-0.21969610,-0.01008015,-0.04090957,-34.66713566,-2.96115920,-0.03973546,-34.62199913,-2.93959322,-0.00926813,-0.00220654,-0.00352562,0.07679252,-0.03318404,0.01502234,1
6.500,0.90359075,-0.06600833,2.74319744,0.23321623,-0.12084864,0.05493120,-0.00947389,0.06929038,-0.03149563,0.91208683,-0.06345279,2.74656316,0.15640295,-0.08784118,0.03994219,-0.04803518,-34.44822311,-2.95406604,-0.04887914,-34.44937170,-2.95504663,0.01833488,-0.22754326,-0.00808815,-0.03054426,-34.67691496,-2.96313478,-0.05301581,-34.61001897,-2.94724034,-0.00849608,-0.00255554,-0.00336572,0.07681328,-0.03300746,0.01498901,1
6.510,0.90592244,-0.06721335,2.74374518,0.23312077,-0.12015510,0.05461595,-0.00961752,0.06941794,-0.03155361,0.91520592,-0.06516738,2.74733820,0.15628340,-0.08726729,0.03961740,-0.04927287,-34.45011902,-2.95801497,-0.05011944,-34.45126947,-2.95899703,0.00656280,-0.21420996,-0.01102275,-0.04355664,-34.66547943,-2.97001978,-0.03247365,-34.63064073,-2.95182189,-0.00928348,-0.00204597,-0.00359302,0.07683737,-0.03288781,0.01499855,1
6.520,0.90825316,-0.06841143,2.74428976,0.23302388,-0.11946029,0.05430013,-0.00976002,0.06954266,-0.03161030,0.91676472,-0.06601934,2.74772293,0.15618252,-0.08674959,0.03933131,-0.05050032,-34.45196152,-2.96193767,-0.05134950,-34.45311380,-2.96292119,0.01814108,-0.22198208,-0.00902248,-0.03320842,-34.67509589,-2.97194367,-0.02221072,-34.64058574,-2.95173691,-0.00851156,-0.00239209,-0.00343317,0.07684136,-0.03271070,0.01496882,1
6.530,0.91058291,-0.06960256,2.74483118,0.23292557,-0.11876425,0.05398375,-0.00990141,0.06966455,-0.03166570,0.91988079,-0.06771244,2.74848661,0.15607989,-0.08617816,0.03901404,-0.05171806,-34.45376968,-2.96583962,-0.05256982,-34.45492374,-2.96682459,0.00634560,-0.20881377,-0.01191334,-0.04622421,-34.66373751,-2.97873793,-0.03540177,-34.62873852,-2.96145422,-0.00929788,-0.00189012,-0.00365543,0.07684568,-0.03258609,0.01496971,1
6.540,0.91291167,-0.07078671,2.74536943,0.23282585,-0.11806701,0.05366682,-0.01004166,0.06978358,-0.03171981,0.92143788,-0.06855328,2.74886511,0.15598706,-0.08565481,0.03872298,-0.05292642,-34.45553589,-2.96971822,-0.05378074,-34.45669170,-2.97070457,0.01789840,-0.21653134,-0.00990473,-0.03588234,-34.67322304,-2.98060931,-0.03540177,-34.62892807,-2.96134801,-0.00852621,-0.00223343,-0.00349568,0.07683879,-0.03241220,0.01494384,1
6.550,0.91523942,-0.07196389,2.74590452,0.23272474,-0.11736859,0.05334936,-0.01018077,0.06989973,-0.03177261,0.92299448,-0.06939048,2.74924170,0.15590535,-0.08517109,0.03845683,-0.05412473,-34.45726013,-2.97357631,-0.05498160,-34.45841763,-2.97456405,0.02941908,-0.22396250,-0.00797577,-0.02556253,-34.68238013,-2.98253982,-0.02509406,-34.63894948,-2.96348918,-0.00775506,-0.00257341,-0.00333718,0.07681939,-0.03219750,0.01489253,1
6.560,0.91756616,-0.07313408,2.74643642,0.23262224,-0.11666903,0.05303138,-0.01031874,0.07001300,-0.03182409,0.92610568,-0.07105308,2.74998722,0.15581067,-0.08461180,0.03813240,-0.05531427,-34.45894241,-2.97741079,-0.05617367,-34.46010159,-2.97839991,0.01762796,-0.21095514,-0.01074027,-0.03854571,-34.67105673,-2.98914018,-0.03820158,-34.62746485,-2.97054144,-0.00853952,-0.00208100,-0.00355080,0.07681157,-0.03205723,0.01489898,1
6.570,0.91989186,-0.07429727,2.74696514,0.23251837,-0.11596834,0.05271288,-0.01045555,0.07012338,-0.03187426,0.92766043,-0.07187865,2.75035670,0.15572670,-0.08409809,0.03783632,-0.05649367,-34.46059799,-2.98122358,-0.05735558,-34.46175877,-2.98221403,0.02914467,-0.21846563,-0.00872959,-0.02821091,-34.68022440,-2.99094362,-0.02785200,-34.63751192,-2.97252260,-0.00776857,-0.00241862,-0.00339156,0.07679167,-0.03187025,0.01487656,1
6.580,0.92221652,-0.07545344,2.74749068,0.23241314,-0.11526657,0.05239389,-0.01059121,0.07023084,-0.03192311,0.92921448,-0.07270016,2.75072335,0.15564621,-0.08361138,0.03754362,-0.05766383,-34.46221161,-2.98501396,-0.05852824,-34.46337397,-2.98600571,0.04064739,-0.22576226,-0.00673307,-0.01788085,-34.68913623,-2.99273878,-0.04090957,-34.62606003,-2.97949198,-0.00699796,-0.00275328,-0.00323267,0.07676693,-0.03165519,0.01485027,1
6.590,0.92454012,-0.07660260,2.74801302,0.23230655,-0.11456373,0.05207442,-0.01072569,0.07033538,-0.03197063,0.93232092,-0.07433149,2.75144922,0.15555827,-0.08305161,0.03720272,-0.05882350,-34.46378326,-2.98878241,-0.05969037,-34.46494717,-2.98977544,0.02885968,-0.21299728,-0.00932884,-0.03083069,-34.67794445,-2.99910428,-0.03054426,-34.63622881,-2.98122479,-0.00778080,-0.00227111,-0.00343620,0.07674828,-0.03151212,0.01487170,1
6.600,0.92686265,-0.07774472,2.74853216,0.23219863,-0.11385987,0.05175449,-0.01085901,0.07043698,-0.03201681,0.93387313,-0.07514105,2.75180807,0.15547395,-0.08252780,0.03687316,-0.05997359,-34.46532440,-2.99253082,-0.06084292,-34.46648980,-2.99352514,0.04036027,-0.22041615,-0.00722418,-0.02048266,-34.68690595,-3.00074932,-0.04355664,-34.62500125,-2.98796201,-0.00701048,-0.00260367,-0.00327591,0.07672468,-0.03133207,0.01488133,1
6.610,0.92918409,-0.07887979,2.74904811,0.23208937,-0.11315500,0.05143409,-0.01099114,0.07053563,-0.03206165,0.93542476,-0.07594660,2.75216420,0.15539611,-0.08203465,0.03655817,-0.06111349,-34.46683121,-2.99625278,-0.06198525,-34.46799808,-2.99724833,0.05183840,-0.22760137,-0.00516319,-0.01014685,-34.69559945,-3.00241152,-0.03320842,-34.63481829,-2.98975027,-0.00624067,-0.00293319,-0.00311609,0.07669326,-0.03112035,0.01487592,1
6.620,0.93150443,-0.08000781,2.74956084,0.23197881,-0.11244917,0.05111326,-0.01112209,0.07063132,-0.03210514,0.93852606,-0.07754548,2.75286859,0.15530383,-0.08145874,0.03618509,-0.06224393,-34.46829987,-2.99995327,-0.06311811,-34.46946814,-3.00095003,0.04008030,-0.21518522,-0.00752745,-0.02303781,-34.68465336,-3.00847748,-0.04622421,-34.62387200,-2.99627085,-0.00702163,-0.00246233,-0.00330775,0.07667498,-0.03099043,0.01492817,1
6.630,0.93382366,-0.08112877,2.75007037,0.23186694,-0.11174239,0.05079199,-0.01125184,0.07072403,-0.03214729,0.94007572,-0.07833868,2.75321642,0.15521915,-0.08092404,0.03583458,-0.06336393,-34.46974564,-3.00363302,-0.06424052,-34.47091529,-3.00463096,0.05156335,-0.22252439,-0.00535543,-0.01267716,-34.69343968,-3.00998639,-0.03588234,-34.63356306,-2.99800085,-0.00625206,-0.00279009,-0.00314605,0.07664779,-0.03081835,0.01495741,1
6.640,0.93614176,-0.08224266,2.75057668,0.23175377,-0.11103470,0.05047032,-0.01138039,0.07081375,-0.03218807,0.94162490,-0.07912791,2.75356165,0.15514392,-0.08042377,0.03550679,-0.06447388,-34.47114563,-3.00728941,-0.06535284,-34.47231662,-3.00828852,0.06301576,-0.22961003,-0.00324910,-0.00233708,-34.70192664,-3.01153762,-0.02556253,-34.64291865,-2.99980152,-0.00548314,-0.00311475,-0.00298497,0.07660985,-0.03061093,0.01496353,1
6.650,0.93845873,-0.08334946,2.75107977,0.23163933,-0.11032612,0.05014824,-0.01150773,0.07090046,-0.03222748,0.94472167,-0.08069428,2.75424461,0.15505937,-0.07984478,0.03513021,-0.06557351,-34.47251892,-3.01092386,-0.06645482,-34.47369120,-3.01192413,0.05125274,-0.21747827,-0.00545422,-0.01520208,-34.69116947,-3.01737835,-0.03854571,-34.63200284,-3.00614043,-0.00626294,-0.00265518,-0.00316484,0.07657996,-0.03048134,0.01501803,1
6.660,0.94077455,-0.08444918,2.75157964,0.23152362,-0.10961670,0.04982577,-0.01163386,0.07098416,-0.03226553,0.94626922,-0.08147129,2.75458191,0.15498338,-0.07930886,0.03478037,-0.06666318,-34.47386932,-3.01453733,-0.06754683,-34.47504285,-3.01553872,0.06269180,-0.22468442,-0.00327549,-0.00485503,-34.69972726,-3.01881421,-0.02821091,-34.64137384,-3.00780904,-0.00549467,-0.00297789,-0.00300227,0.07654024,-0.03030784,0.01504540,1
6.670,0.94308920,-0.08554179,2.75207629,0.23140666,-0.10890645,0.04950293,-0.01175877,0.07106482,-0.03230219,0.94781642,-0.08224437,2.75491676,0.15491755,-0.07880876,0.03445653,-0.06774234,-34.47518921,-3.01812458,-0.06862831,-34.47636395,-3.01912706,0.07409655,-0.23162842,-0.00117245,0.00546824,-34.70799237,-3.02029951,-0.01788085,-34.65048201,-3.00948130,-0.00472722,-0.00329742,-0.00284047,0.07648911,-0.03009769,0.01504640,1
6.680,0.94540268,-0.08662730,2.75256970,0.23128845,-0.10819541,0.04917973,-0.01188244,0.07114244,-0.03233747,0.95090957,-0.08377859,2.75557938,0.15484583,-0.07823224,0.03409035,-0.06881176,-34.47646713,-3.02169418,-0.06970003,-34.47764305,-3.02269773,0.06230300,-0.21974389,-0.00326766,-0.00739703,-34.69738694,-3.02596539,-0.03083069,-34.63969310,-3.01560017,-0.00550689,-0.00284871,-0.00300968,0.07644262,-0.02996317,0.01508938,1
6.690,0.94771496,-0.08770570,2.75305988,0.23116901,-0.10748361,0.04885619,-0.01200488,0.07121701,-0.03237137,0.95245549,-0.08453960,2.75590677,0.15478235,-0.07769946,0.03375260,-0.06987058,-34.47772598,-3.02524066,-0.07076112,-34.47890303,-3.02624525,0.07368176,-0.22678987,-0.00111876,0.00292064,-34.70569290,-3.02736401,-0.02048266,-34.64885540,-3.01711899,-0.00474053,-0.00316610,-0.00284689,0.07638666,-0.02978415,0.01510359,1
6.700,0.95002605,-0.08877697,2.75354682,0.23104836,-0.10677108,0.04853231,-0.01212608,0.07128850,-0.03240386,0.95400117,-0.08529673,2.75623189,0.15472879,-0.07720295,0.03344232,-0.07091901,-34.47895813,-3.02876186,-0.07181181,-34.48013625,-3.02976748,0.08502473,-0.23357010,0.00094826,0.01321292,-34.71370635,-3.02881922,-0.01014685,-34.65774274,-3.01866727,-0.00397512,-0.00348024,-0.00268507,0.07631957,-0.02956813,0.01508999,1
6.710,0.95233593,-0.08984112,2.75403053,0.23092650,-0.10605785,0.04820811,-0.01224602,0.07135691,-0.03243496,0.95709163,-0.08679921,2.75687559,0.15467206,-0.07663191,0.03309595,-0.07195617,-34.48015594,-3.03226209,-0.07285121,-34.48133510,-3.03326870,0.07318103,-0.22190712,-0.00107910,0.00032982,-34.70324222,-3.03434780,-0.02303781,-34.64719397,-3.02450590,-0.00475570,-0.00304191,-0.00284506,0.07625444,-0.02942594,0.01511216,1
6.720,0.95464458,-0.09089813,2.75451099,0.23080344,-0.10534395,0.04788362,-0.01236471,0.07142222,-0.03246465,0.95863638,-0.08754444,2.75719386,0.15462272,-0.07610474,0.03277853,-0.07298405,-34.48134613,-3.03574061,-0.07388131,-34.48252628,-3.03674819,0.08448814,-0.22877464,0.00100912,0.01060683,-34.71130092,-3.03573907,-0.01267716,-34.65617807,-3.02589952,-0.00399180,-0.00335369,-0.00268287,0.07618072,-0.02923921,0.01510509,1
6.730,0.95695199,-0.09194800,2.75498820,0.23067921,-0.10462942,0.04755883,-0.01248213,0.07148442,-0.03249292,0.96018100,-0.08828585,2.75751006,0.15458266,-0.07561392,0.03248907,-0.07400063,-34.48249817,-3.03919697,-0.07490010,-34.48367928,-3.04020549,0.09575834,-0.23537477,0.00301129,0.02085824,-34.71905405,-3.03719420,-0.00233708,-34.66485590,-3.02734798,-0.00322901,-0.00366215,-0.00252186,0.07609655,-0.02901550,0.01506976,1
6.740,0.95925816,-0.09299071,2.75546216,0.23055380,-0.10391428,0.04723376,-0.01259829,0.07154350,-0.03251977,0.96326970,-0.08975708,2.75813663,0.15454187,-0.07505032,0.03216983,-0.07500717,-34.48362350,-3.04262996,-0.07590881,-34.48480552,-3.04363940,0.08384723,-0.22391073,0.00101015,0.00793842,-34.70871625,-3.04262925,-0.01520208,-34.65448971,-3.03298440,-0.00401154,-0.00323363,-0.00267447,0.07601193,-0.02886396,0.01506393,1
6.750,0.96156306,-0.09402628,2.75593287,0.23042725,-0.10319856,0.04690844,-0.01271316,0.07159944,-0.03254520,0.96481374,-0.09048678,2.75844669,0.15450737,-0.07453035,0.03187880,-0.07600227,-34.48472977,-3.04604077,-0.07690607,-34.48591264,-3.04705111,0.09507279,-0.23058567,0.00301041,0.01816672,-34.71649831,-3.04404070,-0.00485503,-34.66324203,-3.03431706,-0.00325068,-0.00353950,-0.00251382,0.07591988,-0.02866821,0.01502964,1
6.760,0.96386670,-0.09505468,2.75640033,0.23029955,-0.10248230,0.04658286,-0.01282675,0.07165223,-0.03256919,0.96635777,-0.09121273,2.75875493,0.15448134,-0.07404652,0.03161514,-0.07698683,-34.48581314,-3.04942966,-0.07789276,-34.48699684,-3.05044086,0.10626108,-0.23699247,0.00492309,0.02836832,-34.72398930,-3.04551777,0.00546824,-34.67169486,-3.03571159,-0.00249107,-0.00384195,-0.00235460,0.07581821,-0.02843578,0.01496772,1
6.770,0.96616905,-0.09607592,2.75686453,0.23017072,-0.10176552,0.04625706,-0.01293905,0.07170185,-0.03259175,0.96944562,-0.09265322,2.75936629,0.15445683,-0.07349146,0.03132740,-0.07796071,-34.48687744,-3.05279684,-0.07886877,-34.48806193,-3.05380889,0.09426657,-0.22570946,0.00291238,0.01539781,-34.71377139,-3.05089651,-0.00739703,-34.66147379,-3.04119748,-0.00327657,-0.00342270,-0.00250176,0.07571389,-0.02827406,0.01492966,1
6.780,0.96847011,-0.09708999,2.75732547,0.23004077,-0.10104827,0.04593103,-0.01305005,0.07174830,-0.03261286,0.97098942,-0.09336766,2.75966911,0.15443742,-0.07297956,0.03106614,-0.07892426,-34.48791885,-3.05613947,-0.07983442,-34.48910408,-3.05715233,0.10540198,-0.23218098,0.00480361,0.02556756,-34.72128506,-3.05234872,0.00292064,-34.66997098,-3.04250520,-0.00251931,-0.00372233,-0.00234364,0.07560335,-0.02806871,0.01486489,1
6.790,0.97076986,-0.09809689,2.75778315,0.22990972,-0.10033057,0.04560480,-0.01315974,0.07179156,-0.03263253,0.97253332,-0.09407841,2.75997036,0.15442557,-0.07250333,0.03083079,-0.07987670,-34.48894501,-3.05946326,-0.08078893,-34.49013092,-3.06047691,0.11649957,-0.23838547,0.00660785,0.03571064,-34.72851639,-3.05386906,0.01321292,-34.67816901,-3.04388158,-0.00176346,-0.00401848,-0.00218721,0.07548415,-0.02782724,0.01477401,1
6.800,0.97306830,-0.09909660,2.75823757,0.22977758,-0.09961245,0.04527839,-0.01326813,0.07183161,-0.03265073,0.97562125,-0.09548868,2.76056844,0.15441742,-0.07195725,0.03057624,-0.08081833,-34.48994064,-3.06276250,-0.08173261,-34.49112722,-3.06377693,0.10440661,-0.22726834,0.00455828,0.02267400,-34.71839556,-3.05921864,0.00032982,-34.66808271,-3.04925409,-0.00255295,-0.00360792,-0.00233087,0.07536016,-0.02765520,0.01470215,1
6.810,0.97536541,-0.10008913,2.75868872,0.22964436,-0.09889395,0.04495179,-0.01337519,0.07186845,-0.03266748,0.97870948,-0.09688391,2.76116018,0.15441866,-0.07136289,0.03031197,-0.08174851,-34.49092102,-3.06603837,-0.08266483,-34.49210819,-3.06705354,0.09226760,-0.21658660,0.00257239,0.00960278,-34.70869479,-3.06448115,0.02085824,-34.68426414,-3.05195377,-0.00334407,-0.00320522,-0.00247146,0.07522570,-0.02753106,0.01463982,1
6.820,0.97766118,-0.10107448,2.75913660,0.22951008,-0.09817509,0.04462504,-0.01348092,0.07190205,-0.03268275,0.98025392,-0.09757611,2.76145429,0.15442505,-0.07082711,0.03008690,-0.08266793,-34.49189377,-3.06929278,-0.08358627,-34.49308149,-3.07030866,0.10325358,-0.22300706,0.00431479,0.01966731,-34.71608854,-3.06599387,0.02085824,-34.68444418,-3.05190005,-0.00259274,-0.00349837,-0.00231769,0.07508503,-0.02734798,0.01453814,1
6.830,0.97995561,-0.10205264,2.75958122,0.22937475,-0.09745592,0.04429814,-0.01358532,0.07193241,-0.03269655,0.98334306,-0.09894914,2.76203795,0.15443539,-0.07023696,0.02984371,-0.08357566,-34.49283981,-3.07252598,-0.08449599,-34.49402805,-3.07354255,0.09103815,-0.21249633,0.00229562,0.00654216,-34.70652439,-3.07124693,0.01816672,-34.68226504,-3.05859777,-0.00338745,-0.00310350,-0.00245673,0.07493936,-0.02721896,0.01445443,1
6.840,0.98224868,-0.10302360,2.76002256,0.22923838,-0.09673645,0.04397112,-0.01368838,0.07195952,-0.03270887,0.98488806,-0.09963023,2.76232793,0.15445147,-0.06970494,0.02963244,-0.08447318,-34.49376678,-3.07573676,-0.08539549,-34.49495550,-3.07675400,0.10195172,-0.21881265,0.00397154,0.01655624,-34.71376815,-3.07278246,0.02836832,-34.68993486,-3.06001708,-0.00263938,-0.00339337,-0.00230537,0.07478691,-0.02703151,0.01433868,1
6.850,0.98454037,-0.10398736,2.76046064,0.22910098,-0.09601674,0.04364397,-0.01379009,0.07198335,-0.03271970,0.98797886,-0.10098154,2.76290472,0.15447547,-0.06912297,0.02941658,-0.08535899,-34.49468613,-3.07892537,-0.08628324,-34.49587527,-3.07994324,0.08963881,-0.20844115,0.00188761,0.00335556,-34.70431642,-3.07805563,0.01539781,-34.68008287,-3.06528101,-0.00343849,-0.00300582,-0.00244408,0.07462551,-0.02689377,0.01422739,1
6.860,0.98683069,-0.10494393,2.76089544,0.22896258,-0.09529680,0.04331673,-0.01389045,0.07200390,-0.03272905,0.98952463,-0.10165166,2.76319122,0.15450084,-0.06859530,0.02922480,-0.08623438,-34.49559021,-3.08209014,-0.08716057,-34.49677973,-3.08310862,0.10047682,-0.21464755,0.00347464,0.01331624,-34.71142728,-3.07963398,0.02556756,-34.68777891,-3.06667344,-0.00269394,-0.00329227,-0.00229578,0.07446174,-0.02670150,0.01409193,1
6.870,0.98911962,-0.10589330,2.76132697,0.22882318,-0.09457667,0.04298940,-0.01398944,0.07202115,-0.03273689,0.99261720,-0.10298118,2.76376162,0.15453818,-0.06802172,0.02903943,-0.08709822,-34.49647522,-3.08523488,-0.08802631,-34.49766506,-3.08625393,0.08806534,-0.20441694,0.00131200,0.00003903,-34.70208200,-3.08494193,0.03571064,-34.69536590,-3.06811073,-0.00349758,-0.00291212,-0.00243465,0.07428500,-0.02655495,0.01394997,1
6.880,0.99140715,-0.10683546,2.76175523,0.22868280,-0.09385639,0.04266199,-0.01408707,0.07203509,-0.03274322,0.99416395,-0.10364047,2.76404519,0.15457259,-0.06749849,0.02886888,-0.08795020,-34.49734497,-3.08835578,-0.08888018,-34.49853513,-3.08937541,0.09882458,-0.21050988,0.00279850,0.00994440,-34.70904501,-3.08657691,0.02267400,-34.68543116,-3.07339726,-0.00275680,-0.00319499,-0.00228996,0.07411021,-0.02635790,0.01379311,1
6.890,0.99369327,-0.10777043,2.76218021,0.22854144,-0.09313598,0.04233454,-0.01418332,0.07204571,-0.03274805,0.99571097,-0.10429607,2.76432776,0.15460474,-0.06701381,0.02871601,-0.08879083,-34.49820328,-3.09145427,-0.08972268,-34.49939366,-3.09247441,0.10956215,-0.21632249,0.00421119,0.01983947,-34.71571615,-3.08826322,0.02267400,-34.68561568,-3.07334734,-0.00201770,-0.00347436,-0.00214755,0.07393670,-0.02612217,0.01361853,1
6.900,0.99597798,-0.10869818,2.76260192,0.22839913,-0.09241548,0.04200704,-0.01427819,0.07205299,-0.03275136,0.99880535,-0.10559567,2.76488858,0.15463601,-0.06645806,0.02853080,-0.08962054,-34.49905396,-3.09453177,-0.09055423,-34.50024454,-3.09555242,0.09706712,-0.20620875,0.00204480,0.00651290,-34.70645329,-3.09350762,0.01966731,-34.68369315,-3.07998146,-0.00282737,-0.00310251,-0.00228666,0.07376312,-0.02595742,0.01347624,1
6.910,0.99826125,-0.10961874,2.76302035,0.22825588,-0.09169493,0.04167951,-0.01437167,0.07205692,-0.03275315,1.00035286,-0.10623982,2.76516728,0.15466479,-0.06594745,0.02836557,-0.09043849,-34.49989700,-3.09758782,-0.09137399,-34.50108775,-3.09860895,0.10775734,-0.21207588,0.00345341,0.01638335,-34.71316363,-3.09515554,0.01966731,-34.68388073,-3.07992881,-0.00209161,-0.00337892,-0.00214693,0.07359109,-0.02574748,0.01331394,1
6.920,1.00054309,-0.11053208,2.76343551,0.22811170,-0.09097436,0.04135198,-0.01446375,0.07205749,-0.03275340,1.00344811,-0.10751636,2.76572017,0.15469145,-0.06536925,0.02816812,-0.09124476,-34.50072479,-3.10062003,-0.09218207,-34.50191564,-3.10164161,0.09521153,-0.20229010,0.00133544,0.00302946,-34.70420574,-3.10030617,0.01655624,-34.68195082,-3.08657033,-0.00290502,-0.00301572,-0.00228466,0.07342025,-0.02560511,0.01318386,1
6.930,1.00282348,-0.11143822,2.76384739,0.22796661,-0.09025379,0.04102445,-0.01455443,0.07205468,-0.03275213,1.00499600,-0.10814889,2.76599481,0.15471574,-0.06484029,0.02799199,-0.09204010,-34.50154495,-3.10363030,-0.09297919,-34.50273585,-3.10465230,0.10585815,-0.20817879,0.00273894,0.01287896,-34.71091464,-3.10191336,0.01655624,-34.68214145,-3.08651427,-0.00217252,-0.00328933,-0.00214742,0.07325087,-0.02541350,0.01303246,1
6.940,1.00510242,-0.11233716,2.76425600,0.22782062,-0.08953327,0.04069694,-0.01464370,0.07204848,-0.03274931,1.00654387,-0.10877740,2.76626780,0.15473361,-0.06434296,0.02781896,-0.09282315,-34.50235367,-3.10661936,-0.09376400,-34.50354459,-3.10764175,0.11649501,-0.21383071,0.00411369,0.02273101,-34.71737530,-3.10352806,0.00335556,-34.67289093,-3.09170556,-0.00144145,-0.00355976,-0.00201180,0.07308701,-0.02519031,0.01287798,1
6.950,1.00737989,-0.11322889,2.76466133,0.22767374,-0.08881283,0.04036947,-0.01473155,0.07203887,-0.03274494,1.00964001,-0.11002274,2.76680967,0.15475349,-0.06377544,0.02762248,-0.09359530,-34.50314331,-3.10958481,-0.09453788,-34.50433420,-3.11060756,0.10387927,-0.20423249,0.00200905,0.00934139,-34.70856668,-3.10859851,0.01331624,-34.68039084,-3.09315050,-0.00226012,-0.00320615,-0.00214834,0.07292025,-0.02503739,0.01274699,1
6.960,1.00965589,-0.11411342,2.76506339,0.22752599,-0.08809251,0.04004205,-0.01481798,0.07202585,-0.03273902,1.01273624,-0.11125205,2.76734531,0.15476908,-0.06314842,0.02739270,-0.09435536,-34.50394058,-3.11253071,-0.09529965,-34.50513139,-3.11355381,0.09124605,-0.19515200,0.00002621,-0.00405361,-34.70028340,-3.11352760,0.00994440,-34.67841133,-3.09992859,-0.00308035,-0.00286137,-0.00228192,0.07275691,-0.02494409,0.01264935,1
6.970,1.01193041,-0.11499074,2.76546217,0.22737739,-0.08737233,0.03971469,-0.01490297,0.07200940,-0.03273154,1.01428448,-0.11186079,2.76761102,0.15478285,-0.06257971,0.02718740,-0.09510414,-34.50472641,-3.11545205,-0.09605012,-34.50591709,-3.11647546,0.10181312,-0.20111551,0.00144875,0.00576300,-34.70703260,-3.11502671,0.00994440,-34.67860822,-3.09986266,-0.00235407,-0.00312995,-0.00214885,0.07259454,-0.02479262,0.01252729,1
6.980,1.01420344,-0.11586086,2.76585768,0.22722794,-0.08665233,0.03938742,-0.01498653,0.07198950,-0.03272250,1.01738146,-0.11306656,2.76813842,0.15479985,-0.06195651,0.02696192,-0.09584093,-34.50551224,-3.11835384,-0.09678859,-34.50670274,-3.11937755,0.08911783,-0.19224572,-0.00052254,-0.00767076,-34.69894846,-3.11990009,0.00651290,-34.67640984,-3.10665035,-0.00317802,-0.00279430,-0.00228074,0.07242809,-0.02469582,0.01242550,1
6.990,1.01647497,-0.11672379,2.76624992,0.22707766,-0.08593255,0.03906025,-0.01506864,0.07196615,-0.03271188,1.01893000,-0.11366343,2.76839983,0.15481354,-0.06138899,0.02675663,-0.09656540,-34.50627899,-3.12123084,-0.09751470,-34.50746928,-3.12225480,0.09963220,-0.19814218,0.00087141,0.00211750,-34.70561146,-3.12138339,0.00651290,-34.67661007,-3.10657802,-0.00245503,-0.00306036,-0.00214991,0.07226412,-0.02454356,0.01230362,1
7.000,1.01874499,-0.11757951,2.76663889,0.22692657,-0.08521302,0.03873319,-0.01514930,0.07193932,-0.03269969,1.02202745,-0.11484527,2.76891825,0.15482816,-0.06076358,0.02652516,-0.09727789,-34.50705338,-3.12408686,-0.09822881,-34.50824340,-3.12511104,0.08688609,-0.18952400,-0.00105266,-0.01134272,-34.69776740,-3.12616370,0.00302946,-34.67476208,-3.11322154,-0.00328246,-0.00273424,-0.00227936,0.07209841,-0.02444944,0.01220803,1
7.010,1.02101350,-0.11842805,2.76702459,0.22677468,-0.08449378,0.03840626,-0.01522850,0.07190901,-0.03268592,1.02357631,-0.11543016,2.76917490,0.15484253,-0.06019489,0.02631030,-0.09797925,-34.50782013,-3.12692189,-0.09893178,-34.50900985,-3.12794628,0.09734581,-0.19536855,0.00034255,-0.00158597,-34.70437840,-3.12760373,0.01287896,-34.68167024,-3.11474623,-0.00256281,-0.00299789,-0.00215031,0.07193215,-0.02429889,0.01209596,1
7.020,1.02328048,-0.11926939,2.76740701,0.22662201,-0.08377485,0.03807948,-0.01530623,0.07187521,-0.03267055,1.02667456,-0.11658818,2.76968412,0.15486358,-0.05957339,0.02608209,-0.09866856,-34.50858307,-3.12973475,-0.09962267,-34.50977241,-3.13075932,0.08452580,-0.18696966,-0.00155454,-0.01509686,-34.69674208,-3.13231387,0.02273101,-34.68852086,-3.11622680,-0.00339408,-0.00268121,-0.00227711,0.07175843,-0.02420146,0.01199739,1
7.030,1.02554593,-0.12010355,2.76778618,0.22646856,-0.08305628,0.03775286,-0.01538249,0.07183789,-0.03265359,1.02822392,-0.11716123,2.76993633,0.15488159,-0.05900616,0.02586667,-0.09934586,-34.50933838,-3.13252401,-0.10030152,-34.51052731,-3.13354874,0.09492161,-0.19274670,-0.00018413,-0.00537991,-34.70327401,-3.13373288,0.00934139,-34.67991444,-3.12120871,-0.00267799,-0.00294232,-0.00215015,0.07158697,-0.02405012,0.01188619,1
7.040,1.02780985,-0.12093052,2.76816207,0.22631436,-0.08233811,0.03742641,-0.01545728,0.07179705,-0.03263502,1.02977336,-0.11773026,2.77018699,0.15489726,-0.05848046,0.02566667,-0.10001063,-34.51010132,-3.13529372,-0.10096783,-34.51128981,-3.13631856,0.10529707,-0.19823917,0.00112562,0.00432924,-34.70952897,-3.13519294,0.00934139,-34.68011501,-3.12113185,-0.00196351,-0.00320026,-0.00202492,0.07141710,-0.02385765,0.01175974,1
7.050,1.03007222,-0.12175031,2.76853471,0.22615942,-0.08162035,0.03710016,-0.01553057,0.07175268,-0.03261485,1.03287194,-0.11885577,2.77068252,0.15490384,-0.05787713,0.02542184,-0.10066404,-34.51085663,-3.13804007,-0.10162274,-34.51204460,-3.13906498,0.09242814,-0.19002985,-0.00067761,-0.00919460,-34.70207445,-3.13974258,-0.00405361,-34.67224982,-3.12587127,-0.00279972,-0.00289454,-0.00214781,0.07125558,-0.02374322,0.01167832,1
7.060,1.03233304,-0.12256293,2.76890408,0.22600376,-0.08090306,0.03677412,-0.01560237,0.07170475,-0.03259307,1.03442121,-0.11941239,2.77092777,0.15490973,-0.05732335,0.02519762,-0.10130427,-34.51160812,-3.14076710,-0.10226446,-34.51279555,-3.14179209,0.10277615,-0.19561859,0.00067937,0.00051169,-34.70841413,-3.14111271,0.00576300,-34.67920159,-3.12728920,-0.00208817,-0.00315054,-0.00202369,0.07109403,-0.02357971,0.01157650,1
7.070,1.03459229,-0.12336837,2.76927019,0.22584738,-0.08018627,0.03644830,-0.01567267,0.07165326,-0.03256966,1.03597033,-0.11996478,2.77117093,0.15491035,-0.05680219,0.02497714,-0.10193269,-34.51235580,-3.14346838,-0.10289435,-34.51354262,-3.14449342,0.11311267,-0.20097360,0.00201252,0.01021832,-34.71451622,-3.14248090,-0.00767076,-34.67132912,-3.13205794,-0.00137804,-0.00340359,-0.00190074,0.07093703,-0.02338408,0.01147116,1
7.080,1.03684998,-0.12416665,2.76963304,0.22569031,-0.07947001,0.03612273,-0.01574146,0.07159819,-0.03254463,1.03906855,-0.12105722,2.77165166,0.15491030,-0.05620608,0.02472061,-0.10254927,-34.51311874,-3.14615297,-0.10351237,-34.51430491,-3.14717801,0.10018856,-0.19302497,0.00030546,-0.00332381,-34.70732987,-3.14687255,0.00211750,-34.67840258,-3.13335889,-0.00221857,-0.00310943,-0.00201862,0.07078001,-0.02326393,0.01140212,1
7.090,1.03910610,-0.12495777,2.76999264,0.22553256,-0.07875432,0.03579742,-0.01580873,0.07153954,-0.03251797,1.04061745,-0.12159713,2.77188900,0.15490522,-0.05565238,0.02447401,-0.10315354,-34.51387787,-3.14880991,-0.10411805,-34.51506335,-3.14983492,0.11049001,-0.19850192,0.00169613,0.00637196,-34.71356526,-3.14813879,-0.01134272,-34.67077176,-3.13803081,-0.00151135,-0.00336064,-0.00189636,0.07062734,-0.02310194,0.01132341,1
7.100,1.04136063,-0.12574174,2.77034899,0.22537414,-0.07803923,0.03547238,-0.01587449,0.07147728,-0.03248967,1.04371507,-0.12266453,2.77235788,0.15489835,-0.05503029,0.02419407,-0.10374542,-34.51462555,-3.15145016,-0.10471132,-34.51581027,-3.15247513,0.09753824,-0.19095734,0.00011857,-0.00717308,-34.70676761,-3.15235657,-0.00158597,-34.67779640,-3.13928085,-0.00235444,-0.00307721,-0.00200889,0.07047579,-0.02300894,0.01127831,1
7.110,1.04361358,-0.12651856,2.77070209,0.22521507,-0.07732479,0.03514763,-0.01593871,0.07141140,-0.03245973,1.04526359,-0.12319188,2.77258918,0.15488688,-0.05445642,0.02392817,-0.10432478,-34.51538849,-3.15406847,-0.10529205,-34.51657242,-3.15509336,0.10780778,-0.19649795,0.00155288,0.00251573,-34.71307037,-3.15354048,-0.01509686,-34.67037468,-3.14387911,-0.00165001,-0.00332668,-0.00188709,0.07032819,-0.02286837,0.01121946,1
7.120,1.04586493,-0.12728824,2.77105195,0.22505537,-0.07661102,0.03482319,-0.01600140,0.07134189,-0.03242813,1.04681200,-0.12371505,2.77281840,0.15487547,-0.05392149,0.02367667,-0.10489164,-34.51614761,-3.15666366,-0.10586025,-34.51733073,-3.15768845,0.11805430,-0.20177370,0.00293707,0.01219405,-34.71910443,-3.15475137,-0.00537991,-34.67711565,-3.14519396,-0.00094707,-0.00357319,-0.00176645,0.07017990,-0.02268953,0.01114652,1
7.130,1.04811468,-0.12805078,2.77139856,0.22489505,-0.07589796,0.03449907,-0.01606255,0.07126874,-0.03239488,1.04990891,-0.12474919,2.77327124,0.15486831,-0.05331733,0.02339639,-0.10544652,-34.51692200,-3.15923882,-0.10641646,-34.51810420,-3.16026348,0.10503880,-0.19444577,0.00144467,-0.00137766,-34.71254996,-3.15881881,0.00432924,-34.68377654,-3.14647071,-0.00179423,-0.00330159,-0.00187268,0.07002674,-0.02258063,0.01110268,1
7.140,1.05036283,-0.12880620,2.77174193,0.22473412,-0.07518565,0.03417530,-0.01612215,0.07119193,-0.03235997,1.05145722,-0.12526003,2.77349464,0.15485883,-0.05275897,0.02313223,-0.10598877,-34.51769257,-3.16179109,-0.10696002,-34.51887383,-3.16281559,0.11523251,-0.19979764,0.00285353,0.00827249,-34.71867147,-3.15996206,-0.00919460,-34.67653250,-3.15091246,-0.00109439,-0.00354617,-0.00175271,0.06987529,-0.02242668,0.01104307,1
7.150,1.05260936,-0.12955450,2.77208206,0.22457261,-0.07447413,0.03385188,-0.01618019,0.07111145,-0.03232339,1.05300550,-0.12576677,2.77371603,0.15485112,-0.05223767,0.02288393,-0.10651864,-34.51846695,-3.16432238,-0.10749117,-34.51964722,-3.16534669,0.12539825,-0.20489318,0.00420771,0.01790708,-34.72454040,-3.16113898,0.00051169,-34.68307725,-3.15218223,-0.00039614,-0.00378773,-0.00163397,0.06972149,-0.02223646,0.01096795,1
7.160,1.05485428,-0.13029569,2.77241897,0.22441052,-0.07376344,0.03352883,-0.01623666,0.07102729,-0.03228513,1.05610212,-0.12676814,2.77415356,0.15484758,-0.05164583,0.02261150,-0.10703589,-34.51924896,-3.16683197,-0.10800966,-34.52042820,-3.16785607,0.11230436,-0.19780148,0.00277127,0.00429469,-34.71822969,-3.16508480,0.01021832,-34.68958108,-3.15337800,-0.00124784,-0.00352755,-0.00173459,0.06956294,-0.02211761,0.01091733,1
7.170,1.05709757,-0.13102977,2.77275264,0.22424788,-0.07305360,0.03320618,-0.01629157,0.07093943,-0.03224519,1.05765041,-0.12726271,2.77436944,0.15484300,-0.05109881,0.02235545,-0.10754029,-34.52004242,-3.16931963,-0.10851530,-34.52122056,-3.17034348,0.12241263,-0.20298245,0.00413452,0.01389733,-34.72420301,-3.16620897,-0.00332381,-34.68260099,-3.15766620,-0.00055284,-0.00376706,-0.00161680,0.06940488,-0.02195479,0.01085073,1
7.180,1.05933923,-0.13175676,2.77308309,0.22408470,-0.07234466,0.03288394,-0.01634490,0.07084786,-0.03220357,1.06074719,-0.12823985,2.77479564,0.15484272,-0.05048848,0.02207284,-0.10803238,-34.52083206,-3.17178702,-0.10900858,-34.52200907,-3.17281060,0.10925871,-0.19624281,0.00278886,0.00025013,-34.71825189,-3.17002173,0.00637196,-34.68923652,-3.15875129,-0.00140796,-0.00351691,-0.00171255,0.06924198,-0.02185618,0.01081110,1
7.190,1.06157926,-0.13247667,2.77341032,0.22392099,-0.07163666,0.03256212,-0.01639664,0.07075256,-0.03216026,1.06229548,-0.12872229,2.77500579,0.15483925,-0.04992732,0.02180838,-0.10851138,-34.52163315,-3.17423272,-0.10948876,-34.52280896,-3.17525599,0.11931363,-0.20145292,0.00416592,0.00982487,-34.72426188,-3.17109007,-0.00717308,-34.68264570,-3.16286406,-0.00071622,-0.00375438,-0.00159547,0.06908174,-0.02170934,0.01075374,1
7.200,1.06381765,-0.13318950,2.77373434,0.22375677,-0.07092962,0.03224074,-0.01644679,0.07065353,-0.03211524,1.06539208,-0.12967512,2.77542048,0.15483710,-0.04930592,0.02151815,-0.10897819,-34.52243805,-3.17665911,-0.10995673,-34.52361263,-3.17768204,0.10611468,-0.19503176,0.00290771,-0.00384204,-34.71864438,-3.17477434,0.00251573,-34.68934951,-3.16386421,-0.00157443,-0.00351438,-0.00168614,0.06891967,-0.02162370,0.01072259,1
7.210,1.06605440,-0.13389526,2.77405514,0.22359206,-0.07022360,0.03191982,-0.01649534,0.07055075,-0.03206852,1.06694054,-0.13014564,2.77562537,0.15483920,-0.04874262,0.02126077,-0.10943166,-34.52325821,-3.17906046,-0.11041134,-34.52443149,-3.18008304,0.11610461,-0.20020649,0.00425417,0.00569327,-34.72463798,-3.17582887,0.01219405,-34.69557807,-3.16499569,-0.00088614,-0.00374962,-0.00157023,0.06875286,-0.02148098,0.01065905,1
7.220,1.06828949,-0.13459397,2.77437273,0.22342687,-0.06951862,0.03159937,-0.01654229,0.07044421,-0.03202009,1.07003745,-0.13107470,2.77602940,0.15484205,-0.04812109,0.02097341,-0.10987242,-34.52408981,-3.18144441,-0.11085321,-34.52526175,-3.18246658,0.10283937,-0.19403760,0.00304598,-0.00801383,-34.71929935,-3.17942060,0.00827249,-34.69554322,-3.17001773,-0.00174796,-0.00351927,-0.00165667,0.06858482,-0.02139753,0.01062596,1
7.230,1.07052293,-0.13528564,2.77468713,0.22326122,-0.06881473,0.03127942,-0.01658763,0.07033389,-0.03196995,1.07158605,-0.13153337,2.77622890,0.15484653,-0.04755752,0.02071758,-0.11030102,-34.52492905,-3.18380713,-0.11128289,-34.52609960,-3.18482891,0.11277066,-0.19916855,0.00437784,0.00148777,-34.72526815,-3.18045107,0.00827249,-34.69573806,-3.16993710,-0.00106312,-0.00375227,-0.00154177,0.06841469,-0.02125721,0.01056184,1
7.240,1.07275471,-0.13597027,2.77499832,0.22309512,-0.06811195,0.03095998,-0.01663134,0.07021978,-0.03191808,1.07468376,-0.13243918,2.77662313,0.15485671,-0.04694163,0.02044310,-0.11071574,-34.52577209,-3.18614650,-0.11169866,-34.52694120,-3.18716782,0.09942730,-0.19321159,0.00318431,-0.01227136,-34.72015279,-3.18398351,0.00429469,-34.69568271,-3.17489464,-0.00192905,-0.00353109,-0.00162481,0.06823841,-0.02117032,0.01051688,1
7.250,1.07498483,-0.13664788,2.77530633,0.22292860,-0.06741034,0.03064106,-0.01667343,0.07010186,-0.03186448,1.07623281,-0.13288629,2.77681764,0.15486881,-0.04638398,0.02019513,-0.11111810,-34.52662659,-3.18846536,-0.11210205,-34.52779421,-3.18948620,0.10928483,-0.19826177,0.00448090,-0.00281722,-34.72605598,-3.18500530,0.01389733,-34.70184749,-3.17593457,-0.00124798,-0.00376159,-0.00151131,0.06805979,-0.02102636,0.01044593,1
7.260,1.07721328,-0.13731848,2.77561115,0.22276166,-0.06670993,0.03032270,-0.01671389,0.06998013,-0.03180915,1.07933125,-0.13376899,2.77720183,0.15488189,-0.04577250,0.01992571,-0.11150809,-34.52749634,-3.19076419,-0.11249306,-34.52866241,-3.19178451,0.09587285,-0.19252192,0.00332516,-0.01662021,-34.72118432,-3.18845935,0.00025013,-34.69628285,-3.17958045,-0.00211797,-0.00354949,-0.00159068,0.06787977,-0.02093743,0.01039699,1
7.270,1.07944006,-0.13798209,2.77591279,0.22259432,-0.06601075,0.03000489,-0.01675270,0.06985457,-0.03175208,1.08088058,-0.13420454,2.77739132,0.15489473,-0.04521828,0.01968140,-0.11188389,-34.52837753,-3.19304299,-0.11286984,-34.52954202,-3.19406279,0.10567276,-0.19750604,0.00459794,-0.00719708,-34.72704806,-3.18946485,0.00982487,-34.70248408,-3.18056431,-0.00144052,-0.00377755,-0.00147853,0.06769959,-0.02079247,0.01032349,1
7.280,1.08166517,-0.13863870,2.77621125,0.22242661,-0.06531285,0.02968766,-0.01678987,0.06972517,-0.03169326,1.08397941,-0.13506414,2.77776544,0.15490547,-0.04460976,0.01941469,-0.11224698,-34.52927017,-3.19530129,-0.11323388,-34.53043302,-3.19632053,0.09220775,-0.19199149,0.00348644,-0.02102614,-34.72242451,-3.19283409,-0.00384204,-34.69725229,-3.18408162,-0.00231424,-0.00357456,-0.00155419,0.06752114,-0.02070309,0.01027297,1
7.290,1.08388860,-0.13928835,2.77650654,0.22225853,-0.06461626,0.02937103,-0.01682538,0.06959190,-0.03163268,1.08552885,-0.13548817,2.77794990,0.15491511,-0.04405802,0.01917254,-0.11259662,-34.53017807,-3.19753766,-0.11358446,-34.53133921,-3.19855630,0.10196052,-0.19691534,0.00473956,-0.01162394,-34.72825455,-3.19381673,0.00569327,-34.70343657,-3.18505192,-0.00164025,-0.00380018,-0.00144336,0.06734342,-0.02055824,0.01019849,1
7.300,1.08611034,-0.13993103,2.77679867,0.22209011,-0.06392103,0.02905501,-0.01685924,0.06945477,-0.03157035,1.08707835,-0.13590842,2.77813286,0.15492386,-0.04354961,0.01895332,-0.11293375,-34.53110504,-3.19975305,-0.11392249,-34.53226443,-3.20077106,0.11168878,-0.20155019,0.00591548,-0.00223370,-34.73381463,-3.19485558,0.00569327,-34.70362579,-3.18497670,-0.00096801,-0.00402261,-0.00133419,0.06716625,-0.02037142,0.01010169,1
7.310,1.08833040,-0.14056677,2.77708764,0.22192135,-0.06322718,0.02873963,-0.01689142,0.06931376,-0.03150625,1.09017695,-0.13673722,2.77849349,0.15492368,-0.04297389,0.01870229,-0.11325779,-34.53203583,-3.20194793,-0.11424742,-34.53319342,-3.20296530,0.09817170,-0.19614048,0.00482168,-0.01607572,-34.72933390,-3.19814362,-0.00801383,-34.69867598,-3.18839518,-0.00184655,-0.00382955,-0.00140585,0.06699767,-0.02025329,0.01003734,1
7.320,1.09054877,-0.14119558,2.77737346,0.22175229,-0.06253476,0.02842489,-0.01692193,0.06916885,-0.03144038,1.09172618,-0.13714592,2.77867148,0.15492359,-0.04244788,0.01847655,-0.11356851,-34.53297424,-3.20412207,-0.11455899,-34.53413000,-3.20513874,0.10786964,-0.20081932,0.00599961,-0.00668935,-34.73494932,-3.19913913,0.00148777,-34.70483322,-3.18935075,-0.00117741,-0.00404966,-0.00129802,0.06682870,-0.02008688,0.00994834,1
7.330,1.09276544,-0.14181747,2.77765614,0.22158292,-0.06184382,0.02811083,-0.01695076,0.06902002,-0.03137274,1.09482406,-0.13795170,2.77902222,0.15491375,-0.04185995,0.01822116,-0.11386610,-34.53394699,-3.20627761,-0.11485741,-34.53510084,-3.20729358,0.09433035,-0.19571484,0.00496687,-0.02052706,-34.73081568,-3.20232672,-0.01227136,-34.70010472,-3.19271100,-0.00205862,-0.00386577,-0.00136608,0.06666917,-0.01998387,0.00988967,1
7.340,1.09498042,-0.14243246,2.77793568,0.22141328,-0.06115438,0.02779744,-0.01697789,0.06886728,-0.03130331,1.09637285,-0.13834891,2.77919527,0.15490489,-0.04132523,0.01799226,-0.11414976,-34.53492355,-3.20841098,-0.11514189,-34.53607544,-3.20942622,0.10400035,-0.20039389,0.00613868,-0.01114154,-34.73646934,-3.20328754,-0.00281722,-34.70619545,-3.19365808,-0.00139243,-0.00408355,-0.00125959,0.06650839,-0.01982915,0.00980518,1
7.350,1.09719371,-0.14304056,2.77821209,0.22124337,-0.06046648,0.02748477,-0.01700334,0.06871060,-0.03123209,1.09792137,-0.13874226,2.77936653,0.15489184,-0.04082769,0.01777570,-0.11442085,-34.53591537,-3.21052599,-0.11541376,-34.53706526,-3.21154044,0.11365735,-0.20481940,0.00726421,-0.00175641,-34.74188466,-3.20427623,-0.01662021,-34.70151678,-3.19702235,-0.00072766,-0.00429830,-0.00115444,0.06635153,-0.01963879,0.00970907,1
7.360,1.09940529,-0.14364180,2.77848538,0.22107321,-0.05978018,0.02717281,-0.01702708,0.06854996,-0.03115907,1.10101807,-0.13951772,2.77970425,0.15487602,-0.04026739,0.01753467,-0.11467861,-34.53692627,-3.21261883,-0.11567228,-34.53807408,-3.21363249,0.10007038,-0.19984219,0.00624806,-0.01560190,-34.73791627,-3.20738443,-0.00719708,-34.70775482,-3.19787065,-0.00161278,-0.00412408,-0.00121887,0.06619719,-0.01951279,0.00963814,1
7.370,1.10161517,-0.14423617,2.77875555,0.22090283,-0.05909550,0.02686159,-0.01704910,0.06838537,-0.03108426,1.10411382,-0.14027805,2.78003528,0.15485161,-0.03965807,0.01726836,-0.11492193,-34.53796005,-3.21469212,-0.11591632,-34.53910577,-3.21570493,0.08648788,-0.19532425,0.00534332,-0.02942845,-34.73443002,-3.21036162,-0.01162394,-34.70933950,-3.20205145,-0.00249865,-0.00395812,-0.00127973,0.06605122,-0.01943743,0.00959323,1
7.380,1.10382335,-0.14482371,2.77902262,0.22073224,-0.05841248,0.02655113,-0.01706942,0.06821680,-0.03100764,1.10566142,-0.14065265,2.78019850,0.15482869,-0.03910849,0.01703165,-0.11515259,-34.53900146,-3.21674633,-0.11614769,-34.54014502,-3.21775830,0.09609941,-0.19998895,0.00650787,-0.02004828,-34.74013397,-3.21125043,-0.01162394,-34.70952468,-3.20197750,-0.00183807,-0.00417106,-0.00117588,0.06590355,-0.01930399,0.00951948,1
7.390,1.10602981,-0.14540443,2.77928658,0.22056145,-0.05773117,0.02624144,-0.01708800,0.06804424,-0.03092920,1.10875627,-0.14139092,2.78052057,0.15480414,-0.03851342,0.01677910,-0.11536943,-34.54006958,-3.21877789,-0.11636521,-34.54121092,-3.21978898,0.08247827,-0.19562696,0.00560833,-0.03388694,-34.73683788,-3.21418064,-0.01607572,-34.71096979,-3.20615434,-0.00272646,-0.00401351,-0.00123399,0.06575731,-0.01921775,0.00946234,1
7.400,1.10823457,-0.14597834,2.77954745,0.22039048,-0.05705161,0.02593255,-0.01710486,0.06786767,-0.03084894,1.11030333,-0.14175452,2.78067930,0.15477953,-0.03797508,0.01655257,-0.11557295,-34.54114914,-3.22079325,-0.11656938,-34.54228822,-3.22180342,0.09204902,-0.20018703,0.00672914,-0.02452036,-34.74247526,-3.21507428,-0.01607572,-34.71115386,-3.20608010,-0.00206876,-0.00422382,-0.00113185,0.06561095,-0.01907653,0.00937998,1
7.410,1.11043762,-0.14654547,2.77980523,0.22021936,-0.05637383,0.02562447,-0.01711998,0.06768709,-0.03076686,1.11339691,-0.14247088,2.78099240,0.15475055,-0.03738978,0.01630778,-0.11576305,-34.54224777,-3.22278547,-0.11676010,-34.54338454,-3.22379468,0.07840382,-0.19600217,0.00585052,-0.03835629,-34.73938671,-3.21794416,-0.02052706,-34.71299875,-3.21011343,-0.00295929,-0.00407459,-0.00118717,0.06546881,-0.01898405,0.00931669,1
7.420,1.11263896,-0.14710582,2.78005994,0.22004809,-0.05569788,0.02531722,-0.01713335,0.06750248,-0.03068294,1.11494337,-0.14282364,2.78114663,0.15472447,-0.03686131,0.01608650,-0.11593924,-34.54336548,-3.22475863,-0.11693690,-34.54449987,-3.22576686,0.08793429,-0.20046309,0.00694079,-0.02900261,-34.74496296,-3.21882607,-0.01114154,-34.71883138,-3.21099887,-0.00230441,-0.00428218,-0.00108669,0.06532362,-0.01883657,0.00923072,1
7.430,1.11483858,-0.14765943,2.78031158,0.21987670,-0.05502380,0.02501082,-0.01714497,0.06731382,-0.03059719,1.11803591,-0.14351859,2.78145113,0.15469956,-0.03628962,0.01585559,-0.11610217,-34.54450989,-3.22671413,-0.11710040,-34.54564185,-3.22772136,0.07424440,-0.19642591,0.00606375,-0.04285600,-34.74206776,-3.22165761,-0.00175641,-34.72459739,-3.21185767,-0.00319733,-0.00414084,-0.00113955,0.06517714,-0.01873418,0.00915523,1
7.440,1.11703649,-0.14820631,2.78056016,0.21970520,-0.05435162,0.02470528,-0.01715484,0.06712111,-0.03050960,1.11958192,-0.14386078,2.78160125,0.15467495,-0.03577207,0.01564470,-0.11625162,-34.54566193,-3.22864604,-0.11725040,-34.54679140,-3.22965225,0.08372656,-0.20077857,0.00710607,-0.03352384,-34.74756997,-3.22254618,-0.01560190,-34.72080655,-3.21489044,-0.00254543,-0.00434553,-0.00104109,0.06503025,-0.01857955,0.00906058,1
7.450,1.11923269,-0.14874647,2.78080569,0.21953361,-0.05368139,0.02440063,-0.01716294,0.06692433,-0.03042015,1.12267303,-0.14453451,2.78189716,0.15463962,-0.03520561,0.01541237,-0.11638653,-34.54684830,-3.23056221,-0.11738583,-34.54797526,-3.23156735,0.07002697,-0.19692889,0.00626920,-0.04735885,-34.74490414,-3.22529814,-0.02942845,-34.71767691,-3.21771931,-0.00344034,-0.00421196,-0.00109147,0.06489399,-0.01847578,0.00898826,1
7.460,1.12142717,-0.14927994,2.78104817,0.21936194,-0.05301315,0.02409689,-0.01716926,0.06672346,-0.03032885,1.12421806,-0.14486607,2.78204284,0.15460560,-0.03469309,0.01520115,-0.11650861,-34.54804993,-3.23245716,-0.11750840,-34.54917430,-3.23346119,0.07949055,-0.20120700,0.00729536,-0.03801785,-34.75038130,-3.22616583,-0.02004828,-34.72355621,-3.21853418,-0.00279089,-0.00441387,-0.00099467,0.06475634,-0.01832006,0.00889574,1
7.470,1.12361993,-0.14980674,2.78128763,0.21919023,-0.05234693,0.02379406,-0.01717381,0.06651850,-0.03023568,1.12730703,-0.14551866,2.78232994,0.15456002,-0.03413265,0.01496997,-0.11661609,-34.54928207,-3.23433352,-0.11761634,-34.55040381,-3.23533645,0.06579150,-0.19754203,0.00649583,-0.05182484,-34.74794584,-3.22884062,-0.03388694,-34.72061222,-3.22131886,-0.00368710,-0.00428808,-0.00104231,0.06463021,-0.01821428,0.00882409,1
7.480,1.12581097,-0.15032689,2.78152406,0.21901847,-0.05168279,0.02349218,-0.01717656,0.06630943,-0.03014065,1.12885076,-0.14583963,2.78247127,0.15451329,-0.03362394,0.01476074,-0.11671003,-34.55052185,-3.23618960,-0.11771072,-34.55164090,-3.23719136,0.07524803,-0.20175314,0.00749957,-0.04246269,-34.75339404,-3.22969180,-0.03388694,-34.72078898,-3.22124716,-0.00303979,-0.00448726,-0.00094721,0.06450518,-0.01805885,0.00873144,1
7.490,1.12800030,-0.15084040,2.78175747,0.21884670,-0.05102076,0.02319125,-0.01717753,0.06609624,-0.03004374,1.13193693,-0.14647120,2.78274975,0.15445498,-0.03306868,0.01453219,-0.11679044,-34.55179214,-3.23802662,-0.11779154,-34.55290844,-3.23902721,0.06156465,-0.19827650,0.00673169,-0.05622689,-34.75118494,-3.23229552,-0.03835629,-34.72368525,-3.22486744,-0.00393663,-0.00436920,-0.00099228,0.06439172,-0.01795208,0.00865906,1
7.500,1.13018790,-0.15134731,2.78198789,0.21867493,-0.05036088,0.02289131,-0.01717669,0.06587890,-0.02994496,1.13347916,-0.14678175,2.78288680,0.15439710,-0.03256506,0.01432548,-0.11685678,-34.55307770,-3.23984361,-0.11785828,-34.55419121,-3.24084297,0.07101407,-0.20241353,0.00771148,-0.04684422,-34.75660474,-3.23313149,-0.03835629,-34.72385961,-3.22479684,-0.00329126,-0.00456556,-0.00089891,0.06427783,-0.01779582,0.00856583,1
7.510,1.13237379,-0.15184763,2.78221530,0.21850317,-0.04970320,0.02259236,-0.01717405,0.06565742,-0.02984428,1.13656214,-0.14739259,2.78315679,0.15432721,-0.03201603,0.01409983,-0.11690902,-34.55439758,-3.24164224,-0.11791087,-34.55550823,-3.24264036,0.05734980,-0.19911617,0.00697384,-0.06056107,-34.75462441,-3.23566652,-0.04285600,-34.72688329,-3.22836904,-0.00418835,-0.00445504,-0.00094149,0.06417596,-0.01768717,0.00849253,1
7.520,1.13455797,-0.15234138,2.78243974,0.21833145,-0.04904775,0.02229443,-0.01716959,0.06543178,-0.02974172,1.13810269,-0.14769284,2.78328962,0.15425903,-0.03151831,0.01389572,-0.11694708,-34.55573654,-3.24342394,-0.11794927,-34.55684429,-3.24442079,0.06679370,-0.20317429,0.00792932,-0.05115557,-34.76001858,-3.23649147,-0.04285600,-34.72705518,-3.22829931,-0.00354472,-0.00464854,-0.00084988,0.06407242,-0.01752944,0.00839871,1
7.530,1.13674042,-0.15282859,2.78266120,0.21815979,-0.04839457,0.02199753,-0.01716331,0.06520196,-0.02963725,1.14118209,-0.14828324,2.78355121,0.15417818,-0.03097619,0.01367279,-0.11697157,-34.55709839,-3.24518466,-0.11797407,-34.55820318,-3.24618021,0.05315329,-0.20004819,0.00722183,-0.06482078,-34.75825137,-3.23895839,-0.04735885,-34.73022923,-3.23180016,-0.00444167,-0.00454535,-0.00089001,0.06398161,-0.01741838,0.00832474,1
7.540,1.13892116,-0.15330928,2.78287969,0.21798819,-0.04774372,0.02170169,-0.01715520,0.06496795,-0.02953089,1.14272089,-0.14857335,2.78367986,0.15410358,-0.03048489,0.01347077,-0.11698206,-34.55848312,-3.24692702,-0.11798484,-34.55958489,-3.24792124,0.06258462,-0.20402442,0.00815445,-0.05540022,-34.76360932,-3.23976679,-0.03801785,-34.73039865,-3.23173048,-0.00379973,-0.00473593,-0.00080017,0.06388461,-0.01725883,0.00823092,1
7.550,1.14110019,-0.15378347,2.78309523,0.21781669,-0.04709523,0.02140692,-0.01714526,0.06472974,-0.02942261,1.14579661,-0.14914363,2.78393312,0.15401471,-0.02995023,0.01325033,-0.11697824,-34.55989075,-3.24865198,-0.11798127,-34.56098946,-3.24964482,0.04896433,-0.20106232,0.00747737,-0.06901694,-34.76205178,-3.24216745,-0.05182484,-34.73377271,-3.23513513,-0.00469642,-0.00463984,-0.00083789,0.06380198,-0.01714500,0.00815659,1
7.560,1.14327750,-0.15425119,2.78330783,0.21764530,-0.04644914,0.02111325,-0.01713347,0.06448731,-0.02931241,1.14733333,-0.14942376,2.78405765,0.15392908,-0.02946593,0.01305101,-0.11696020,-34.56133652,-3.25035524,-0.11796344,-34.56243210,-3.25134671,0.05839758,-0.20495274,0.00838565,-0.05956586,-34.76738484,-3.24296106,-0.05182484,-34.73393932,-3.23506714,-0.00405583,-0.00482743,-0.00074982,0.06371622,-0.01698321,0.00806224,1
7.570,1.14545309,-0.15471246,2.78351750,0.21747403,-0.04580550,0.02082068,-0.01711984,0.06424065,-0.02920029,1.14886943,-0.14970066,2.78418093,0.15384927,-0.02902173,0.01287011,-0.11692804,-34.56279755,-3.25204253,-0.11793148,-34.56388997,-3.25303257,0.06780360,-0.20857502,0.00922897,-0.05012788,-34.77246499,-3.24380360,-0.04246269,-34.73954947,-3.23585550,-0.00341634,-0.00501180,-0.00066343,0.06362476,-0.01678377,0.00795057,1
7.580,1.14762698,-0.15516731,2.78372425,0.21730290,-0.04516434,0.02052925,-0.01710435,0.06398974,-0.02908625,1.15193930,-0.15024464,2.78442320,0.15375178,-0.02852608,0.01266400,-0.11688195,-34.56428528,-3.25370932,-0.11788556,-34.56537446,-3.25469791,0.05421231,-0.20562891,0.00855317,-0.06367325,-34.77100337,-3.24614474,-0.04684422,-34.74308517,-3.23915433,-0.00431232,-0.00492267,-0.00069895,0.06355112,-0.01663826,0.00786525,1
7.590,1.14979915,-0.15561576,2.78392809,0.21713195,-0.04452572,0.02023896,-0.01708699,0.06373458,-0.02897027,1.15347321,-0.15051185,2.78454241,0.15366150,-0.02807479,0.01247845,-0.11682166,-34.56580353,-3.25535941,-0.11782541,-34.56688943,-3.25634652,0.06362123,-0.20923352,0.00939082,-0.05420418,-34.77612295,-3.24695571,-0.04684422,-34.74324429,-3.23909237,-0.00367406,-0.00510391,-0.00061432,0.06347045,-0.01645093,0.00776051,1
7.600,1.15196962,-0.15605783,2.78412903,0.21696117,-0.04388966,0.01994985,-0.01706777,0.06347515,-0.02885234,1.15500623,-0.15077582,2.78466020,0.15357172,-0.02765544,0.01230342,-0.11674717,-34.56734467,-3.25699115,-0.11775104,-34.56842722,-3.25797675,0.07301790,-0.21261294,0.01018610,-0.04473313,-34.78104016,-3.24779064,-0.06056107,-34.74142571,-3.24155569,-0.00303661,-0.00528201,-0.00053117,0.06338945,-0.01623422,0.00764643,1
7.610,1.15413838,-0.15649356,2.78432709,0.21679060,-0.04325623,0.01966192,-0.01704666,0.06321144,-0.02873247,1.15806976,-0.15129422,2.78489191,0.15346357,-0.02718251,0.01210868,-0.11665770,-34.56891251,-3.25860476,-0.11766164,-34.56999167,-3.25958882,0.05946758,-0.20975413,0.00951512,-0.05819406,-34.77974580,-3.25007370,-0.05115557,-34.74713671,-3.24225370,-0.00393138,-0.00519934,-0.00056482,0.06332703,-0.01607372,0.00755324,1
7.620,1.15630543,-0.15692297,2.78452228,0.21662024,-0.04262545,0.01937520,-0.01702368,0.06294343,-0.02861065,1.15960021,-0.15154869,2.78500574,0.15335884,-0.02674853,0.01192742,-0.11655477,-34.57051086,-3.26019859,-0.11755877,-34.57158658,-3.26118108,0.06888206,-0.21315447,0.01030858,-0.04867671,-34.78474105,-3.25087250,-0.06482078,-34.74552807,-3.24465021,-0.00329478,-0.00537428,-0.00048346,0.06326140,-0.01587692,0.00744778,1
7.630,1.15847078,-0.15734608,2.78471460,0.21645013,-0.04199737,0.01908971,-0.01699880,0.06267112,-0.02848687,1.16265868,-0.15204840,2.78522959,0.15323987,-0.02626953,0.01172865,-0.11643662,-34.57213211,-3.26177740,-0.11744064,-34.57320433,-3.26275829,0.05537882,-0.21050469,0.00968142,-0.06206183,-34.78370902,-3.25307688,-0.05540022,-34.75119306,-3.24533295,-0.00418790,-0.00529768,-0.00051499,0.06321026,-0.01572784,0.00736106,1
7.640,1.16063443,-0.15776292,2.78490408,0.21628027,-0.04137204,0.01880547,-0.01697202,0.06239447,-0.02836112,1.16418650,-0.15229362,2.78533953,0.15312552,-0.02583264,0.01154503,-0.11630470,-34.57378006,-3.26333666,-0.11730872,-34.57484872,-3.26431593,0.06480162,-0.21386390,0.01046341,-0.05250710,-34.78871262,-3.25385252,-0.06901694,-34.74979078,-3.24766455,-0.00355207,-0.00546930,-0.00043545,0.06315475,-0.01553940,0.00726044,1
7.650,1.16279639,-0.15817353,2.78509071,0.21611070,-0.04074950,0.01852250,-0.01694334,0.06211350,-0.02823341,1.16723968,-0.15277510,2.78555564,0.15299979,-0.02535634,0.01134500,-0.11615825,-34.57545853,-3.26487732,-0.11716225,-34.57652357,-3.26585492,0.05134116,-0.21137178,0.00987245,-0.06582109,-34.78789535,-3.25598247,-0.05012788,-34.76050127,-3.24917605,-0.00444329,-0.00539843,-0.00046493,0.06311091,-0.01539316,0.00717750,1
7.660,1.16495665,-0.15857792,2.78527453,0.21594141,-0.04012979,0.01824081,-0.01691275,0.06182817,-0.02810371,1.16876518,-0.15301146,2.78566199,0.15288719,-0.02492634,0.01116744,-0.11599733,-34.57717133,-3.26640177,-0.11700128,-34.57823271,-3.26737768,0.06074548,-0.21463503,0.01061887,-0.05625580,-34.79286774,-3.25675881,-0.05012788,-34.76064682,-3.24912099,-0.00380853,-0.00556646,-0.00038746,0.06305422,-0.01520345,0.00707337,1
7.670,1.16711522,-0.15897613,2.78545553,0.21577245,-0.03951295,0.01796043,-0.01688024,0.06153848,-0.02797204,1.17181352,-0.15347541,2.78587093,0.15275982,-0.02445827,0.01097243,-0.11582159,-34.57891083,-3.26790905,-0.11682545,-34.57996848,-3.26888324,0.04731097,-0.21225871,0.01004176,-0.06951448,-34.79222719,-3.25884149,-0.05420418,-34.76459592,-3.25214941,-0.00469830,-0.00550072,-0.00041540,0.06301263,-0.01505468,0.00698800,1
7.680,1.16927210,-0.15936819,2.78563374,0.21560382,-0.03889903,0.01768138,-0.01684580,0.06124441,-0.02783837,1.17333665,-0.15370316,2.78597368,0.15264800,-0.02403753,0.01079814,-0.11563174,-34.58067322,-3.26939726,-0.11663548,-34.58172709,-3.27036969,0.05669961,-0.21541181,0.01076047,-0.05993586,-34.79713890,-3.25960922,-0.04473313,-34.76965251,-3.25292827,-0.00406455,-0.00566503,-0.00033994,0.06295582,-0.01486150,0.00688324,1
7.690,1.17142730,-0.15975412,2.78580917,0.21543554,-0.03828808,0.01740367,-0.01680943,0.06094596,-0.02770271,1.17485912,-0.15392815,2.78607541,0.15254780,-0.02365275,0.01064186,-0.11542680,-34.58247375,-3.27086782,-0.11643040,-34.58352380,-3.27183849,0.06605094,-0.21831624,0.01141474,-0.05037947,-34.80184005,-3.26042375,-0.04473313,-34.76979095,-3.25287715,-0.00343182,-0.00582597,-0.00026624,0.06288774,-0.01463533,0.00676181,1
7.700,1.17358081,-0.16013396,2.78598182,0.21526763,-0.03768013,0.01712733,-0.01677112,0.06064310,-0.02756504,1.17790152,-0.15436971,2.78627538,0.15243029,-0.02322417,0.01046733,-0.11520741,-34.58430862,-3.27232313,-0.11621084,-34.58535478,-3.27329200,0.05261243,-0.21588795,0.01080472,-0.06359841,-34.80124273,-3.26248728,-0.05819406,-34.76877659,-3.25504557,-0.00432071,-0.00576425,-0.00029356,0.06283734,-0.01445596,0.00666000,1
7.710,1.17573265,-0.16050774,2.78615172,0.21510012,-0.03707523,0.01685238,-0.01673086,0.06033582,-0.02742537,1.18094076,-0.15480032,2.78647103,0.15230185,-0.02276643,0.01028122,-0.11497367,-34.58615494,-3.27376151,-0.11597690,-34.58719713,-3.27472854,0.03921818,-0.21374284,0.01024763,-0.07675872,-34.80093997,-3.26448091,-0.06206183,-34.77301241,-3.25793832,-0.00520811,-0.00570742,-0.00031931,0.06279827,-0.01430880,0.00657116,1
7.720,1.17788282,-0.16087548,2.78631887,0.21493302,-0.03647342,0.01657883,-0.01668865,0.06002412,-0.02728369,1.18245902,-0.15501152,2.78656716,0.15218294,-0.02235499,0.01011435,-0.11472524,-34.58805084,-3.27518392,-0.11572824,-34.58908906,-3.27614907,0.04859584,-0.21671609,0.01090385,-0.06713240,-34.80580515,-3.26524523,-0.06206183,-34.77314870,-3.25788375,-0.00457620,-0.00586396,-0.00024829,0.06275008,-0.01411843,0.00646448,1
7.730,1.18003131,-0.16123722,2.78648330,0.21476636,-0.03587476,0.01630671,-0.01664447,0.05970797,-0.02713999,1.18549306,-0.15542597,2.78675623,0.15205073,-0.02191346,0.00993449,-0.11446137,-34.58996201,-3.27658558,-0.11546411,-34.59099615,-3.27754886,0.03523827,-0.21462426,0.01035263,-0.08022584,-34.80562042,-3.26719623,-0.06582109,-34.77760091,-3.26067991,-0.00546175,-0.00581125,-0.00027293,0.06271563,-0.01396130,0.00637222,1
7.740,1.18217814,-0.16159298,2.78664501,0.21460014,-0.03527928,0.01603604,-0.01659833,0.05938736,-0.02699426,1.18700864,-0.15562921,2.78684910,0.15192763,-0.02151588,0.00977258,-0.11418353,-34.59192276,-3.27797318,-0.11518598,-34.59295280,-3.27893452,0.04461589,-0.21745987,0.01097545,-0.07057008,-34.81041267,-3.26795907,-0.06582109,-34.77773377,-3.26062590,-0.00483050,-0.00596377,-0.00020409,0.06267251,-0.01376340,0.00626346,1
7.750,1.18432332,-0.16194281,2.78680402,0.21443440,-0.03468703,0.01576683,-0.01655022,0.05906229,-0.02684650,1.19003716,-0.15602791,2.78703166,0.15178960,-0.02108822,0.00959693,-0.11389084,-34.59389877,-3.27934408,-0.11489297,-34.59492465,-3.28030348,0.03130466,-0.21542682,0.01043521,-0.08358832,-34.81035147,-3.26986827,-0.06951448,-34.78232458,-3.26337647,-0.00571384,-0.00591490,-0.00022764,0.06264480,-0.01359881,0.00616990,1
7.760,1.18646683,-0.16228674,2.78696035,0.21426914,-0.03409805,0.01549911,-0.01650012,0.05873273,-0.02669670,1.19155004,-0.15622344,2.78712127,0.15166431,-0.02070439,0.00943793,-0.11358324,-34.59591293,-3.28069687,-0.11458502,-34.59693459,-3.28165428,0.04067901,-0.21812323,0.01103061,-0.07390601,-34.81505781,-3.27062367,-0.05993586,-34.78736245,-3.26408969,-0.00508321,-0.00606330,-0.00016092,0.06260483,-0.01339366,0.00606118,1
7.770,1.18860870,-0.16262478,2.78711401,0.21410440,-0.03351239,0.01523290,-0.01644803,0.05839868,-0.02654485,1.19457334,-0.15660705,2.78729753,0.15153024,-0.02029306,0.00926984,-0.11326042,-34.59796143,-3.28203487,-0.11426182,-34.59897881,-3.28299027,0.02739036,-0.21612430,0.01049132,-0.08687147,-34.81510311,-3.27249895,-0.05037947,-34.79231051,-3.26480654,-0.00596464,-0.00601773,-0.00018352,0.06257416,-0.01321933,0.00596306,1
7.780,1.19074892,-0.16295699,2.78726502,0.21394019,-0.03293009,0.01496822,-0.01639395,0.05806012,-0.02639096,1.19608388,-0.15679523,2.78738432,0.15141135,-0.01992417,0.00912211,-0.11292281,-34.60003281,-3.28335357,-0.11392381,-34.60104585,-3.28430693,0.03673949,-0.21867043,0.01103371,-0.07718432,-34.81971627,-3.27327322,-0.05037947,-34.79243129,-3.26476321,-0.00533496,-0.00616176,-0.00011930,0.06252884,-0.01300592,0.00584611,1
7.790,1.19288751,-0.16328340,2.78741338,0.21377653,-0.03235120,0.01470509,-0.01633787,0.05771703,-0.02623501,1.19910201,-0.15716423,2.78755471,0.15127124,-0.01952479,0.00895698,-0.11257052,-34.60214233,-3.28466058,-0.11357109,-34.60315097,-3.28561186,0.02349306,-0.21672039,0.01050220,-0.09007803,-34.81987136,-3.27510966,-0.07675872,-34.79177664,-3.26871171,-0.00621450,-0.00611917,-0.00014133,0.06250529,-0.01282641,0.00574811,1
7.800,1.19502446,-0.16360403,2.78755912,0.21361344,-0.03177577,0.01444353,-0.01627977,0.05736941,-0.02607700,1.20060941,-0.15734505,2.78763825,0.15113829,-0.01916402,0.00880628,-0.11220324,-34.60428619,-3.28594947,-0.11320334,-34.60529040,-3.28689867,0.03287053,-0.21915492,0.01103356,-0.08033281,-34.82444532,-3.27586511,-0.07675872,-34.79189911,-3.26865800,-0.00558495,-0.00625898,-0.00007913,0.06247515,-0.01261175,0.00563725,1
7.810,1.19715978,-0.16391892,2.78770226,0.21345094,-0.03120383,0.01418356,-0.01621966,0.05701724,-0.02591693,1.20211583,-0.15752349,2.78772078,0.15101420,-0.01883417,0.00866790,-0.11182080,-34.60646057,-3.28722143,-0.11282041,-34.60746028,-3.28816848,0.04222224,-0.22136839,0.01151753,-0.07059816,-34.82882867,-3.27665095,-0.06713240,-34.79688285,-3.26937160,-0.00495605,-0.00639543,-0.00001852,0.06243674,-0.01236966,0.00551566,1
7.820,1.19929348,-0.16422812,2.78784280,0.21328905,-0.03063544,0.01392520,-0.01615753,0.05666050,-0.02575477,1.20362108,-0.15769955,2.78780215,0.15089205,-0.01852700,0.00853541,-0.11142343,-34.60867310,-3.28847980,-0.11242250,-34.60966822,-3.28942472,0.05156510,-0.22340394,0.01197197,-0.06085740,-34.83307216,-3.27745275,-0.08022584,-34.79681766,-3.27126521,-0.00432760,-0.00652857,0.00004065,0.06239700,-0.01210844,0.00538979,1
7.830,1.20142556,-0.16453165,2.78798077,0.21312779,-0.03007063,0.01366847,-0.01609336,0.05629919,-0.02559054,1.20662853,-0.15804473,2.78796172,0.15074925,-0.01818131,0.00838345,-0.11101116,-34.61091232,-3.28972149,-0.11200969,-34.61190285,-3.29066422,0.03839257,-0.22128003,0.01142934,-0.07361711,-34.83318288,-3.27923487,-0.07057008,-34.80184057,-3.27192284,-0.00520297,-0.00648692,0.00001905,0.06237854,-0.01188932,0.00528502,1
7.840,1.20355603,-0.16482954,2.78811617,0.21296719,-0.02950947,0.01341339,-0.01602716,0.05593329,-0.02542422,1.20813052,-0.15821386,2.78803985,0.15061184,-0.01786412,0.00824090,-0.11058348,-34.61318970,-3.29094744,-0.11158141,-34.61417554,-3.29188795,0.04776871,-0.22329251,0.01189256,-0.06381270,-34.83746806,-3.27999538,-0.08358832,-34.80189519,-3.27377490,-0.00457449,-0.00661568,0.00007632,0.06235535,-0.01164535,0.00517249,1
7.850,1.20568491,-0.16512185,2.78824904,0.21280726,-0.02895198,0.01315999,-0.01595891,0.05556279,-0.02525581,1.21113130,-0.15854540,2.78819292,0.15045520,-0.01751452,0.00808140,-0.11014138,-34.61550522,-3.29215693,-0.11113871,-34.61648634,-3.29309521,0.03467823,-0.22128544,0.01139524,-0.07646048,-34.83777178,-3.28169997,-0.07390601,-34.80682496,-3.27442512,-0.00544639,-0.00657645,0.00005612,0.06235206,-0.01143746,0.00507859,1
7.860,1.20781218,-0.16540859,2.78837938,0.21264802,-0.02839823,0.01290828,-0.01588862,0.05518767,-0.02508531,1.21262989,-0.15870781,2.78826781,0.15030623,-0.01719625,0.00793325,-0.10968342,-34.61784363,-3.29335308,-0.11068009,-34.61881997,-3.29428907,0.04408301,-0.22322957,0.01185731,-0.06659708,-34.84204954,-3.28243176,-0.08687147,-34.80698239,-3.27624336,-0.00481771,-0.00670078,0.00011157,0.06234179,-0.01120198,0.00497503,1
7.870,1.20993787,-0.16568982,2.78850721,0.21248949,-0.02784824,0.01265829,-0.01581626,0.05480793,-0.02491269,1.21412737,-0.15886806,2.78834161,0.15016655,-0.01690330,0.00779482,-0.10920992,-34.62022400,-3.29453206,-0.11020593,-34.62119549,-3.29546576,0.05346436,-0.22498262,0.01228105,-0.05674157,-34.84617811,-3.28318471,-0.07718432,-34.81170404,-3.27696297,-0.00418950,-0.00682176,0.00016560,0.06232294,-0.01094494,0.00486347,1
7.880,1.21206197,-0.16596557,2.78863255,0.21233170,-0.02730208,0.01241004,-0.01574184,0.05442353,-0.02473797,1.21711877,-0.15918206,2.78848601,0.15000116,-0.01657546,0.00763687,-0.10872166,-34.62263870,-3.29569864,-0.10971695,-34.62360530,-3.29663000,0.04046490,-0.22294816,0.01180760,-0.06925205,-34.84655345,-3.28482239,-0.09007803,-34.81207539,-3.27869117,-0.00505680,-0.00678351,0.00014654,0.06233054,-0.01072662,0.00477317,1
7.890,1.21418451,-0.16623588,2.78875542,0.21217466,-0.02675979,0.01216354,-0.01566534,0.05403449,-0.02456113,1.21861266,-0.15933589,2.78855655,0.14984803,-0.01627714,0.00749099,-0.10821778,-34.62508011,-3.29684758,-0.10921232,-34.62604176,-3.29777659,0.04988247,-0.22465431,0.01223662,-0.05932985,-34.85069607,-3.28553997,-0.08033281,-34.81675423,-3.27939179,-0.00442815,-0.00689999,0.00019887,0.06232663,-0.01048265,0.00467255,1
7.900,1.21630547,-0.16650078,2.78887583,0.21201840,-0.02622141,0.01191882,-0.01558677,0.05364077,-0.02438217,1.22159736,-0.15963745,2.78869451,0.14968205,-0.01595227,0.00733039,-0.10769875,-34.62757111,-3.29798722,-0.10869252,-34.62852772,-3.29891382,0.03694044,-0.22268378,0.01179834,-0.07175207,-34.85121150,-3.28711548,-0.07059816,-34.82133985,-3.28007524,-0.00529189,-0.00686333,0.00018132,0.06233635,-0.01026914,0.00458843,1
7.910,1.21842488,-0.16676032,2.78899380,0.21186293,-0.02568699,0.01167590,-0.01550611,0.05324237,-0.02420108,1.22308832,-0.15978528,2.78876203,0.14953553,-0.01565984,0.00718599,-0.10716495,-34.63008881,-3.29910612,-0.10815792,-34.63104036,-3.30003031,0.04634463,-0.22428062,0.01220803,-0.06181329,-34.85532099,-3.28782228,-0.06085740,-34.82568088,-3.28082914,-0.00466344,-0.00697504,0.00023177,0.06232740,-0.01002715,0.00448991,1
7.920,1.22054273,-0.16701453,2.78910935,0.21170829,-0.02515658,0.01143481,-0.01542336,0.05283928,-0.02401785,1.22606719,-0.16007510,2.78889389,0.14937593,-0.01534392,0.00702465,-0.10661523,-34.63264465,-3.30021381,-0.10760736,-34.63359109,-3.30113555,0.03343379,-0.22233172,0.01179688,-0.07417357,-34.85592281,-3.28933867,-0.06381270,-34.83026997,-3.28326571,-0.00552446,-0.00693943,0.00021546,0.06233236,-0.00981266,0.00441016,1
7.930,1.22265905,-0.16726347,2.78922250,0.21155447,-0.02463022,0.01119555,-0.01533850,0.05243147,-0.02383249,1.22755524,-0.16021718,2.78895832,0.14923314,-0.01505983,0.00687923,-0.10604969,-34.63523865,-3.30130744,-0.10704096,-34.63617989,-3.30222671,0.04283092,-0.22380607,0.01219593,-0.06421005,-34.85998597,-3.29003078,-0.06381270,-34.83036427,-3.28321685,-0.00489619,-0.00704629,0.00026418,0.06232133,-0.00957039,0.00431632,1
7.940,1.22477382,-0.16750715,2.78933327,0.21140152,-0.02410796,0.01095817,-0.01525154,0.05201894,-0.02364497,1.23052816,-0.16049571,2.78908395,0.14907432,-0.01475361,0.00671672,-0.10546987,-34.63784790,-3.30238318,-0.10646025,-34.63878390,-3.30329997,0.02996466,-0.22186872,0.01181578,-0.07649559,-34.86065262,-3.29148419,-0.06659708,-34.83513208,-3.28554636,-0.00575434,-0.00701144,0.00024932,0.06232720,-0.00935435,0.00424145,1
7.950,1.22688708,-0.16774564,2.78944167,0.21124945,-0.02358986,0.01072266,-0.01516247,0.05160168,-0.02345531,1.23201332,-0.16063229,2.78914523,0.14893471,-0.01447977,0.00656938,-0.10487365,-34.64051056,-3.30344939,-0.10586311,-34.64144126,-3.30436363,0.03935613,-0.22320931,0.01220828,-0.06650698,-34.86465057,-3.29215535,-0.05674157,-34.83934898,-3.28624840,-0.00512624,-0.00711335,0.00029644,0.06231474,-0.00911009,0.00415328,1
7.960,1.22899882,-0.16797896,2.78954773,0.21109828,-0.02307595,0.01048907,-0.01507127,0.05117967,-0.02326349,1.23349766,-0.16076712,2.78920555,0.14880950,-0.01423053,0.00643499,-0.10426253,-34.64321136,-3.30450034,-0.10525104,-34.64413673,-3.30541203,0.04871073,-0.22436269,0.01255527,-0.05654030,-34.86849942,-3.29285676,-0.05674157,-34.83943671,-3.28620062,-0.00449884,-0.00721184,0.00034218,0.06228878,-0.00884542,0.00405408,1
7.970,1.23110905,-0.16820717,2.78965146,0.21094803,-0.02256628,0.01025740,-0.01497795,0.05075289,-0.02306950,1.23646333,-0.16103150,2.78932306,0.14866552,-0.01395574,0.00628274,-0.10363507,-34.64594650,-3.30553651,-0.10462258,-34.64686646,-3.30644562,0.03586120,-0.22229845,0.01217780,-0.06876139,-34.86916491,-3.29426782,-0.06925205,-34.83998777,-3.28773539,-0.00535428,-0.00717567,0.00032840,0.06228251,-0.00861054,0.00397466,1
7.980,1.23321778,-0.16843030,2.78975288,0.21079873,-0.02206090,0.01002768,-0.01488249,0.05032134,-0.02287334,1.23794481,-0.16116112,2.78938036,0.14853609,-0.01370745,0.00614443,-0.10299265,-34.64871216,-3.30656075,-0.10397914,-34.64962664,-3.30746725,0.04522550,-0.22336513,0.01252327,-0.05875364,-34.87299176,-3.29494398,-0.05932985,-34.84421477,-3.28840473,-0.00472703,-0.00726918,0.00037252,0.06226264,-0.00835345,0.00388325,1
7.990,1.23532502,-0.16864840,2.78985202,0.21065039,-0.02155987,0.00979994,-0.01478489,0.04988500,-0.02267500,1.24090480,-0.16141536,2.78949180,0.14839078,-0.01343815,0.00598848,-0.10233460,-34.65151978,-3.30757236,-0.10332005,-34.65242873,-3.30847622,0.03242263,-0.22131757,0.01218425,-0.07089742,-34.87374630,-3.29629197,-0.06181329,-34.84900586,-3.29058260,-0.00557978,-0.00723304,0.00036022,0.06225961,-0.00812172,0.00381146,1
8.000,1.23743079,-0.16886152,2.78994889,0.21050304,-0.02106322,0.00957419,-0.01468514,0.04944386,-0.02247448,1.24386103,-0.16166310,2.78959922,0.14823265,-0.01315514,0.00582086,-0.10166127,-34.65435791,-3.30856681,-0.10264564,-34.65526129,-3.30946798,0.01968073,-0.21939814,0.01190215,-0.08296491,-34.87465943,-3.29756583,-0.07417357,-34.84976975,-3.29199768,-0.00643024,-0.00719842,0.00034967,0.06227039,-0.00790808,0.00375333,1
8.010,1.23953509,-0.16906968,2.79004351,0.21035669,-0.02057101,0.00935046,-0.01458323,0.04899790,-0.02227177,1.24533769,-0.16178460,2.78965137,0.14809088,-0.01290388,0.00566953,-0.10097153,-34.65724564,-3.30955005,-0.10195479,-34.65814338,-3.31044852,0.02908044,-0.22037444,0.01227360,-0.07287435,-34.87851782,-3.29817492,-0.06421005,-34.85391092,-3.29263854,-0.00580260,-0.00728508,0.00039214,0.06226581,-0.00766713,0.00368093,1
8.020,1.24163793,-0.16927295,2.79013591,0.21021138,-0.02008328,0.00912876,-0.01447916,0.04854711,-0.02206687,1.24828804,-0.16202295,2.78975270,0.14793370,-0.01263792,0.00550561,-0.10026621,-34.66016006,-3.31052041,-0.10124832,-34.66105211,-3.31141616,0.01638488,-0.21840301,0.01201348,-0.08486344,-34.87945512,-3.29940268,-0.07649559,-34.85473259,-3.29399113,-0.00665011,-0.00725000,0.00038321,0.06227768,-0.00744536,0.00362315,1
8.030,1.24373932,-0.16947136,2.79022609,0.21006712,-0.01960008,0.00890913,-0.01437292,0.04809148,-0.02185976,1.24976170,-0.16213987,2.78980182,0.14779181,-0.01240121,0.00535726,-0.09954502,-34.66312027,-3.31148219,-0.10052594,-34.66400656,-3.31237520,0.02579006,-0.21922272,0.01236947,-0.07473589,-34.88322928,-3.30000573,-0.06650698,-34.85880503,-3.29461145,-0.00602238,-0.00733149,0.00042427,0.06227531,-0.00719887,0.00355187,1
8.040,1.24583927,-0.16966497,2.79031410,0.20992393,-0.01912146,0.00869157,-0.01426451,0.04763099,-0.02165045,1.25270628,-0.16236931,2.78989721,0.14764095,-0.01215116,0.00519861,-0.09880801,-34.66610718,-3.31242394,-0.09978772,-34.66698766,-3.31331418,0.01312903,-0.21719869,0.01212668,-0.08665869,-34.88418635,-3.30118749,-0.05654030,-34.86279892,-3.29521810,-0.00686701,-0.00729566,0.00041689,0.06228298,-0.00697030,0.00349296,1
8.050,1.24793780,-0.16985381,2.79039993,0.20978184,-0.01864748,0.00847613,-0.01415391,0.04716564,-0.02143893,1.25564707,-0.16259307,2.78998867,0.14747812,-0.01189273,0.00503028,-0.09805606,-34.66912842,-3.31335688,-0.09903454,-34.67000303,-3.31424429,0.00052893,-0.21526244,0.01193605,-0.09850560,-34.88526548,-3.30230824,-0.06876139,-34.86360620,-3.29653047,-0.00770927,-0.00726074,0.00041126,0.06230372,-0.00675475,0.00344585,1
8.060,1.25003491,-0.17003793,2.79048362,0.20964086,-0.01817817,0.00826280,-0.01404112,0.04669540,-0.02122518,1.25711612,-0.16270289,2.79003299,0.14733480,-0.01166502,0.00488072,-0.09728787,-34.67221069,-3.31427884,-0.09826507,-34.67307938,-3.31516343,0.00994747,-0.21592659,0.01228889,-0.08831760,-34.88900597,-3.30287454,-0.05875364,-34.86750080,-3.29715999,-0.00708121,-0.00733504,0.00045063,0.06230606,-0.00651315,0.00338208,1
8.070,1.25213062,-0.17021739,2.79056520,0.20950102,-0.01771359,0.00805163,-0.01392613,0.04622026,-0.02100921,1.26005114,-0.16291847,2.79011868,0.14717607,-0.01142677,0.00471968,-0.09650318,-34.67530823,-3.31518722,-0.09747906,-34.67617093,-3.31606894,-0.00261238,-0.21390642,0.01211068,-0.10009144,-34.89007735,-3.30395826,-0.07089742,-34.86839029,-3.29841026,-0.00792052,-0.00729892,0.00044652,0.06232495,-0.00628682,0.00333195,1
8.080,1.25422494,-0.17039222,2.79064466,0.20936234,-0.01725378,0.00784263,-0.01380894,0.04574022,-0.02079101,1.26298169,-0.16312875,2.79020041,0.14700070,-0.01118255,0.00454922,-0.09570325,-34.67845154,-3.31608200,-0.09667780,-34.67930822,-3.31696083,-0.01509113,-0.21195679,0.01198523,-0.11176893,-34.89126501,-3.30497561,-0.07287435,-34.87329288,-3.30019383,-0.00875675,-0.00726347,0.00044425,0.06236164,-0.00607123,0.00329341,1
8.090,1.25631787,-0.17056248,2.79072206,0.20922485,-0.01679880,0.00763582,-0.01368953,0.04525525,-0.02057057,1.26444538,-0.16323198,2.79023986,0.14684283,-0.01096759,0.00439828,-0.09488698,-34.68162537,-3.31696844,-0.09586015,-34.68247594,-3.31784437,-0.00561992,-0.21244717,0.01233932,-0.10148007,-34.89492311,-3.30550505,-0.07287435,-34.87335646,-3.30014765,-0.00812751,-0.00733050,0.00048220,0.06238202,-0.00583121,0.00323754,1
8.100,1.25840944,-0.17072821,2.79079739,0.20908856,-0.01634869,0.00743122,-0.01356791,0.04476535,-0.02034789,1.26736908,-0.16343464,2.79031589,0.14666302,-0.01074328,0.00423742,-0.09405489,-34.68484497,-3.31784058,-0.09502665,-34.68568940,-3.31871355,-0.01802378,-0.21040938,0.01222144,-0.11305043,-34.89609877,-3.30649211,-0.08486344,-34.87441993,-3.30128010,-0.00895964,-0.00729357,0.00048150,0.06242554,-0.00560541,0.00319380,1
8.110,1.26049965,-0.17088947,2.79087069,0.20895350,-0.01590351,0.00722887,-0.01344406,0.04427050,-0.02012295,1.26882923,-0.16353415,2.79035254,0.14650112,-0.01054506,0.00409439,-0.09320666,-34.68810272,-3.31870198,-0.09417698,-34.68894093,-3.31957200,-0.00852762,-0.21073321,0.01255007,-0.10270459,-34.89967414,-3.30702193,-0.07473589,-34.87825408,-3.30183838,-0.00832958,-0.00735532,0.00051815,0.06245238,-0.00535845,0.00313448,1
8.120,1.26258851,-0.17104630,2.79094197,0.20881969,-0.01546330,0.00702877,-0.01331798,0.04377068,-0.01989577,1.27174578,-0.16372958,2.79042306,0.14631698,-0.01033693,0.00394108,-0.09234276,-34.69139862,-3.31955194,-0.09331162,-34.69223057,-3.32041896,-0.02085139,-0.20862231,0.01244353,-0.11416300,-34.90085288,-3.30797543,-0.08665869,-34.87933008,-3.30292807,-0.00915727,-0.00731672,0.00051891,0.06250271,-0.00512637,0.00308769,1
8.130,1.26467605,-0.17119875,2.79101127,0.20868715,-0.01502811,0.00683096,-0.01318966,0.04326589,-0.01966632,1.27320200,-0.16382553,2.79045693,0.14614320,-0.01015144,0.00380266,-0.09146180,-34.69472885,-3.32039189,-0.09242914,-34.69555447,-3.32125589,-0.01130761,-0.20880108,0.01275614,-0.10373675,-34.90435555,-3.30849975,-0.09850560,-34.88046800,-3.30400195,-0.00852595,-0.00737322,0.00055434,0.06254395,-0.00487667,0.00302830,1
8.140,1.26676226,-0.17134688,2.79107860,0.20855590,-0.01459800,0.00663545,-0.01305909,0.04275611,-0.01943460,1.27611030,-0.16401399,2.79052206,0.14594518,-0.00995539,0.00365540,-0.09056522,-34.69810486,-3.32121873,-0.09153103,-34.69892408,-3.32207968,-0.02351482,-0.20663728,0.01266476,-0.11504584,-34.90556136,-3.30941492,-0.08831760,-34.88432234,-3.30448134,-0.00934804,-0.00733289,0.00055654,0.06261072,-0.00464261,0.00298005,1
8.150,1.26884717,-0.17149073,2.79114399,0.20842597,-0.01417301,0.00644228,-0.01292627,0.04224133,-0.01920061,1.27756236,-0.16410656,2.79055330,0.14576041,-0.00978084,0.00352266,-0.08965249,-34.70151901,-3.32203746,-0.09061671,-34.70233180,-3.32289533,-0.01392112,-0.20668183,0.01295816,-0.10453783,-34.90901364,-3.30993716,-0.10009144,-34.88544877,-3.30552048,-0.00871519,-0.00738417,0.00059069,0.06266556,-0.00439217,0.00291962,1
8.160,1.27093079,-0.17163036,2.79120745,0.20829738,-0.01375319,0.00625145,-0.01279119,0.04172154,-0.01896433,1.28046196,-0.16428844,2.79061324,0.14554504,-0.00959560,0.00338030,-0.08872372,-34.70496368,-3.32284307,-0.08968635,-34.70576998,-3.32369784,-0.02599676,-0.20446739,0.01288340,-0.11568310,-34.91023736,-3.31081443,-0.11176893,-34.88674506,-3.30645222,-0.00953117,-0.00734192,0.00059421,0.06275234,-0.00415759,0.00287115,1
8.170,1.27301312,-0.17176581,2.79126902,0.20817016,-0.01333859,0.00606300,-0.01265384,0.04119671,-0.01872578,1.28190948,-0.16437781,2.79064193,0.14534672,-0.00943106,0.00325264,-0.08777890,-34.70845413,-3.32363987,-0.08873988,-34.70925386,-3.32449151,-0.01634128,-0.20438375,0.01315941,-0.10508117,-34.91363762,-3.31133210,-0.10148007,-34.89045439,-3.30693988,-0.00889636,-0.00738800,0.00062709,0.06282344,-0.00390753,0.00281036,1
8.180,1.27509419,-0.17189715,2.79132872,0.20804431,-0.01292927,0.00587694,-0.01251422,0.04066684,-0.01848493,1.28479993,-0.16455352,2.79069694,0.14512019,-0.00925714,0.00311689,-0.08681802,-34.71197891,-3.32442713,-0.08777734,-34.71277203,-3.32527560,-0.02829034,-0.20211215,0.01309528,-0.11606768,-34.91488417,-3.31218032,-0.11305043,-34.89173108,-3.30784693,-0.00970574,-0.00734363,0.00063178,0.06292412,-0.00367213,0.00276005,1
8.190,1.27717401,-0.17202441,2.79138657,0.20791988,-0.01252527,0.00569331,-0.01237231,0.04013192,-0.01824178,1.28624285,-0.16463993,2.79072326,0.14491304,-0.00910295,0.00299555,-0.08584023,-34.71554565,-3.32520199,-0.08679783,-34.71633209,-3.32604729,-0.01858041,-0.20189929,0.01335016,-0.10537824,-34.91823139,-3.31269713,-0.10270459,-34.89535396,-3.30833770,-0.00906884,-0.00738448,0.00066331,0.06300684,-0.00342232,0.00269776,1
8.200,1.27925260,-0.17214767,2.79144260,0.20779687,-0.01212665,0.00551211,-0.01222812,0.03959192,-0.01799633,1.28912404,-0.16480992,2.79077366,0.14467900,-0.00894050,0.00286730,-0.08484571,-34.71915054,-3.32596874,-0.08580158,-34.71993025,-3.32681083,-0.03040729,-0.19956478,0.01329154,-0.11620886,-34.91949503,-3.31351929,-0.11416300,-34.89662630,-3.30921670,-0.00987144,-0.00733775,0.00066894,0.06311787,-0.00318615,0.00264481,1
8.210,1.28132996,-0.17226696,2.79149682,0.20767532,-0.01173345,0.00533339,-0.01208163,0.03904685,-0.01774857,1.29056215,-0.16489353,2.79079778,0.14446202,-0.00879561,0.00275338,-0.08383580,-34.72280121,-3.32672524,-0.08478989,-34.72357414,-3.32756411,-0.02063694,-0.19922997,0.01352159,-0.10542683,-34.92280411,-3.31404252,-0.11416300,-34.89667240,-3.30918124,-0.00923219,-0.00737343,0.00069904,0.06321330,-0.00293784,0.00258001,1
8.220,1.28340611,-0.17238236,2.79154927,0.20755525,-0.01134573,0.00515715,-0.01193284,0.03849667,-0.01749849,1.29343369,-0.16505815,2.79084396,0.14421988,-0.00864381,0.00263349,-0.08280912,-34.72648239,-3.32747102,-0.08376141,-34.72724845,-3.32830660,-0.03233367,-0.19683445,0.01346298,-0.11609508,-34.92408290,-3.31484362,-0.11504584,-34.90146716,-3.31055183,-0.01002758,-0.00732421,0.00070531,0.06333537,-0.00270192,0.00252366,1
8.230,1.28548107,-0.17249390,2.79159997,0.20743667,-0.01096353,0.00498342,-0.01178174,0.03794139,-0.01724609,1.29486711,-0.16513923,2.79086602,0.14400034,-0.00850984,0.00252682,-0.08176623,-34.73020172,-3.32820797,-0.08271667,-34.73096088,-3.32904030,-0.02251798,-0.19636952,0.01366827,-0.10523465,-34.92733040,-3.31537203,-0.10453783,-34.90495967,-3.31104058,-0.00938604,-0.00735467,0.00073395,0.06343633,-0.00245369,0.00245660,1
8.240,1.28755485,-0.17260165,2.79164895,0.20731962,-0.01058692,0.00481223,-0.01162833,0.03738099,-0.01699136,1.29772922,-0.16529901,2.79090827,0.14375571,-0.00836985,0.00241523,-0.08070665,-34.73397064,-3.32893753,-0.08165521,-34.73472286,-3.32976653,-0.03409805,-0.19390026,0.01360751,-0.11575326,-34.92862312,-3.31615902,-0.11568310,-34.90626243,-3.31185465,-0.01017437,-0.00730264,0.00074068,0.06356391,-0.00221707,0.00239700,1
8.250,1.28962746,-0.17270565,2.79169623,0.20720412,-0.01021593,0.00464360,-0.01147259,0.03681545,-0.01673430,1.29915776,-0.16537774,2.79092848,0.14353021,-0.00824545,0.00231668,-0.07963017,-34.73776245,-3.32965565,-0.08057682,-34.73850766,-3.33048131,-0.02422650,-0.19331388,0.01378499,-0.10480332,-34.93182154,-3.31669631,-0.11568310,-34.90630123,-3.31182494,-0.00953030,-0.00732791,0.00076775,0.06367391,-0.00197048,0.00232692,1
8.260,1.29169893,-0.17280598,2.79174183,0.20709018,-0.00985063,0.00447756,-0.01131452,0.03624476,-0.01647489,1.30201010,-0.16553302,2.79096719,0.14328075,-0.00811624,0.00221407,-0.07853799,-34.74160767,-3.33036661,-0.07948270,-34.74234579,-3.33118891,-0.03567873,-0.19077418,0.01371680,-0.11516143,-34.93311997,-3.31747211,-0.11606768,-34.91101988,-3.31313345,-0.01031117,-0.00727296,0.00077464,0.06380943,-0.00173439,0.00226349,1
8.270,1.29376927,-0.17290269,2.79178579,0.20697783,-0.00949105,0.00431411,-0.01115411,0.03566891,-0.01621314,1.30343373,-0.16560960,2.79098572,0.14305148,-0.00800172,0.00212373,-0.07742833,-34.74549103,-3.33106828,-0.07837106,-34.74622203,-3.33188719,-0.02575399,-0.19006665,0.01386546,-0.10412505,-34.93628868,-3.31802173,-0.11606768,-34.91105509,-3.31310667,-0.00966446,-0.00729309,0.00080007,0.06392635,-0.00148933,0.00219038,1
8.280,1.29583849,-0.17299582,2.79182812,0.20686710,-0.00913726,0.00415330,-0.01099136,0.03508789,-0.01594904,1.30627625,-0.16576082,2.79102123,0.14279899,-0.00788347,0.00203018,-0.07630273,-34.74940872,-3.33176136,-0.07724344,-34.75013252,-3.33257685,-0.03708041,-0.18745134,0.01378674,-0.11432385,-34.93758385,-3.31879011,-0.11620886,-34.91573068,-3.31439406,-0.01043776,-0.00723500,0.00080689,0.06406811,-0.00125379,0.00212312,1
8.290,1.29790662,-0.17308545,2.79186886,0.20675801,-0.00878931,0.00399514,-0.01082626,0.03450167,-0.01568258,1.30769513,-0.16583551,2.79103823,0.14257131,-0.00777999,0.00194757,-0.07515965,-34.75337219,-3.33244777,-0.07609830,-34.75408874,-3.33325984,-0.02711432,-0.18661681,0.01390735,-0.10321262,-34.94070555,-3.31935248,-0.10542683,-34.91906932,-3.31489238,-0.00978851,-0.00724994,0.00083063,0.06418670,-0.00100932,0.00204757,1
8.300,1.29997366,-0.17317163,2.79190803,0.20665059,-0.00844725,0.00383966,-0.01065880,0.03391025,-0.01541375,1.31052815,-0.16598316,2.79107085,0.14232002,-0.00767353,0.00186266,-0.07400046,-34.75737381,-3.33312583,-0.07493703,-34.75808305,-3.33393445,-0.03832668,-0.18391637,0.01381688,-0.11326372,-34.94199942,-3.32011757,-0.11609508,-34.92040582,-3.31564758,-0.01055449,-0.00718847,0.00083718,0.06433057,-0.00077372,0.00197700,1
8.310,1.30203964,-0.17325442,2.79194566,0.20654485,-0.00811112,0.00368687,-0.01048898,0.03331362,-0.01514256,1.31194228,-0.16605618,2.79108649,0.14209329,-0.00758063,0.00178790,-0.07282431,-34.76140976,-3.33379459,-0.07375877,-34.76211164,-3.33459972,-0.02831687,-0.18295889,0.01390857,-0.10207564,-34.94507053,-3.32069114,-0.10523465,-34.92367944,-3.31615385,-0.00990264,-0.00719824,0.00085917,0.06445156,-0.00053049,0.00189897,1
8.320,1.30410456,-0.17333387,2.79198178,0.20644081,-0.00778099,0.00353682,-0.01031678,0.03271176,-0.01486898,1.31476579,-0.16620069,2.79111655,0.14184287,-0.00748555,0.00171163,-0.07163233,-34.76548767,-3.33445764,-0.07256462,-34.76618213,-3.33525925,-0.03941371,-0.18017149,0.01380372,-0.11197834,-34.94635362,-3.32145553,-0.11575326,-34.92502296,-3.31690042,-0.01066123,-0.00713318,0.00086523,0.06459794,-0.00029544,0.00182519,1
8.330,1.30616846,-0.17341006,2.79201641,0.20633852,-0.00745691,0.00338950,-0.01014220,0.03210466,-0.01459303,1.31617518,-0.16627224,2.79113099,0.14161693,-0.00740288,0.00164467,-0.07042256,-34.76960754,-3.33511162,-0.07135267,-34.77029454,-3.33590969,-0.02935881,-0.17909473,0.01386621,-0.10071148,-34.94938927,-3.32204349,-0.10480332,-34.92824410,-3.31741820,-0.01000672,-0.00713782,0.00088542,0.06472159,-0.00005403,0.00174483,1
8.340,1.30823134,-0.17348303,2.79204958,0.20623798,-0.00713892,0.00324496,-0.00996524,0.03149230,-0.01431468,1.31898924,-0.16641401,2.79115881,0.14136746,-0.00731887,0.00157685,-0.06919602,-34.77377319,-3.33575845,-0.07012390,-34.77445266,-3.33655296,-0.04033934,-0.17621903,0.01374478,-0.11046324,-34.95067170,-3.32280819,-0.11516143,-34.92958656,-3.31815882,-0.01075790,-0.00706902,0.00089077,0.06487052,0.00017995,0.00166811,1
8.350,1.31029322,-0.17355285,2.79208132,0.20613922,-0.00682708,0.00310322,-0.00978589,0.03087467,-0.01403394,1.32179707,-0.16655419,2.79118530,0.14110457,-0.00723664,0.00151002,-0.06795260,-34.77797318,-3.33639979,-0.06887823,-34.77864503,-3.33719075,-0.05121190,-0.17332598,0.01362665,-0.12009013,-34.95197101,-3.32356410,-0.10412505,-34.93279371,-3.31867650,-0.01150385,-0.00699866,0.00089602,0.06503465,0.00040956,0.00159320,1
8.360,1.31235413,-0.17361959,2.79211165,0.20604227,-0.00652144,0.00296429,-0.00960413,0.03025176,-0.01375080,1.32319857,-0.16662372,2.79119809,0.14086580,-0.00716581,0.00145222,-0.06669273,-34.78220749,-3.33703279,-0.06761606,-34.78287171,-3.33782012,-0.04104788,-0.17209605,0.01365278,-0.10866394,-34.95496776,-3.32416734,-0.11432385,-34.93410718,-3.31942952,-0.01084444,-0.00699587,0.00091356,0.06517647,0.00064437,0.00151207,1
8.370,1.31441408,-0.17368330,2.79214061,0.20594715,-0.00622206,0.00282821,-0.00941997,0.02962355,-0.01346525,1.32459856,-0.16669293,2.79121058,0.14064916,-0.00710465,0.00140152,-0.06541575,-34.78648376,-3.33765960,-0.06633675,-34.78714028,-3.33844329,-0.03091566,-0.17078143,0.01365433,-0.09725241,-34.95792171,-3.32478896,-0.10321262,-34.93724497,-3.31997718,-0.01018448,-0.00699037,0.00093003,0.06529799,0.00088259,0.00142669,1
8.380,1.31647308,-0.17374405,2.79216823,0.20585388,-0.00592899,0.00269499,-0.00923340,0.02899004,-0.01317729,1.32739389,-0.16683042,2.79123481,0.14040787,-0.00704335,0.00135063,-0.06412117,-34.79081345,-3.33828235,-0.06503979,-34.79146220,-3.33906239,-0.04167549,-0.16771789,0.01349362,-0.10671528,-34.95918009,-3.32556877,-0.11326372,-34.93856969,-3.32071655,-0.01092081,-0.00691363,0.00093342,0.06544601,0.00111436,0.00134436,1
8.390,1.31853116,-0.17380191,2.79219452,0.20576249,-0.00564228,0.00256467,-0.00904440,0.02835120,-0.01288691,1.33018279,-0.16696677,2.79125811,0.14014849,-0.00698370,0.00130169,-0.06281073,-34.79517365,-3.33889532,-0.06372695,-34.79581457,-3.33967169,-0.05231336,-0.16463411,0.01332986,-0.11604030,-34.96044868,-3.32634183,-0.10207564,-34.94166816,-3.32126859,-0.01165163,-0.00683514,0.00093641,0.06561400,0.00134142,0.00126298,1
8.400,1.32058834,-0.17385692,2.79221953,0.20567300,-0.00536198,0.00243726,-0.00885298,0.02770702,-0.01259410,1.33157486,-0.16703458,2.79126944,0.13991318,-0.00693302,0.00125947,-0.06148180,-34.79956818,-3.33950377,-0.06239559,-34.80020122,-3.34027641,-0.04205608,-0.16317962,0.01329571,-0.10445168,-34.96338085,-3.32698071,-0.11197834,-34.94296312,-3.32202194,-0.01098652,-0.00682234,0.00095009,0.06575982,0.00157104,0.00117779,1
8.410,1.32264463,-0.17390917,2.79224328,0.20558544,-0.00508816,0.00231280,-0.00865912,0.02705750,-0.01229887,1.33435427,-0.16716955,2.79129157,0.13965922,-0.00688448,0.00121900,-0.06013691,-34.80401230,-3.34010744,-0.06104821,-34.80463741,-3.34087637,-0.05258186,-0.15999880,0.01310783,-0.11363008,-34.96463621,-3.32776854,-0.10071148,-34.94601985,-3.32259228,-0.01170964,-0.00673962,0.00095171,0.06592622,0.00179632,0.00109380,1
8.420,1.32470005,-0.17395871,2.79226579,0.20549982,-0.00482085,0.00219130,-0.00846283,0.02640262,-0.01200119,1.33712739,-0.16730380,2.79131301,0.13938827,-0.00683945,0.00118048,-0.05877468,-34.80849075,-3.34070420,-0.05968348,-34.80910786,-3.34146938,-0.06298912,-0.15678277,0.01291521,-0.12267260,-34.96589063,-3.32855417,-0.11046324,-34.94731951,-3.32334065,-0.01242734,-0.00665491,0.00095278,0.06611155,0.00201860,0.00101082,1
8.430,1.32675463,-0.17400561,2.79228711,0.20541619,-0.00456012,0.00207278,-0.00826408,0.02574236,-0.01170107,1.33851140,-0.16737069,2.79132350,0.13914132,-0.00680182,0.00114777,-0.05739544,-34.81301498,-3.34129763,-0.05830168,-34.81362405,-3.34205903,-0.05261560,-0.15518082,0.01284235,-0.11091728,-34.96880487,-3.32921668,-0.12009013,-34.94862655,-3.32408892,-0.01175677,-0.00663492,0.00096361,0.06627487,0.00224170,0.00092501,1
8.440,1.32880838,-0.17404993,2.79230726,0.20533455,-0.00430602,0.00195728,-0.00806287,0.02507671,-0.01139851,1.33989382,-0.16743747,2.79133385,0.13891652,-0.00677075,0.00111952,-0.05599838,-34.81756973,-3.34188318,-0.05690205,-34.81817069,-3.34264078,-0.04227043,-0.15351750,0.01275263,-0.09917248,-34.97168819,-3.32988815,-0.10866394,-34.95162899,-3.32468473,-0.01108544,-0.00661246,0.00097341,0.06641803,0.00246473,0.00083776,1
8.450,1.33086133,-0.17409175,2.79232627,0.20525494,-0.00405860,0.00184482,-0.00785921,0.02440566,-0.01109348,1.34265407,-0.16757073,2.79135422,0.13867288,-0.00674303,0.00109294,-0.05458453,-34.82217789,-3.34246635,-0.05548558,-34.82277068,-3.34322014,-0.05256377,-0.15014592,0.01252122,-0.10804935,-34.97291660,-3.33069891,-0.09725241,-34.95459178,-3.32529555,-0.01179274,-0.00652102,0.00097205,0.06658206,0.00268443,0.00075188,1
8.460,1.33291349,-0.17413113,2.79234417,0.20517737,-0.00381793,0.00173542,-0.00765307,0.02372920,-0.01078600,1.34403194,-0.16763728,2.79136423,0.13845127,-0.00672086,0.00106995,-0.05315292,-34.82681656,-3.34304404,-0.05405131,-34.82740112,-3.34379397,-0.04217238,-0.14838730,0.01240874,-0.09622369,-34.97578842,-3.33138522,-0.10671528,-34.95585290,-3.32606927,-0.01111845,-0.00649385,0.00097994,0.06672610,0.00290293,0.00066547,1
8.470,1.33496488,-0.17416813,2.79236099,0.20510188,-0.00358404,0.00162911,-0.00744446,0.02304730,-0.01047605,1.34678286,-0.16777023,2.79138399,0.13820389,-0.00670212,0.00104829,-0.05170486,-34.83150482,-3.34361625,-0.05260054,-34.83208110,-3.34436231,-0.05233345,-0.14492555,0.01215985,-0.10493399,-34.97700665,-3.33220247,-0.11604030,-34.95712574,-3.32683349,-0.01181798,-0.00639790,0.00097700,0.06689799,0.00311808,0.00058082,1
8.480,1.33701553,-0.17420283,2.79237676,0.20502849,-0.00335700,0.00152591,-0.00723337,0.02235996,-0.01016362,1.34815579,-0.16783666,2.79139377,0.13797605,-0.00668730,0.00103068,-0.05023834,-34.83621979,-3.34418535,-0.05113130,-34.83678775,-3.34492753,-0.04186983,-0.14308391,0.01202475,-0.09300113,-34.97987166,-3.33290278,-0.11604030,-34.95712724,-3.32683075,-0.01114026,-0.00636617,0.00098299,0.06705244,0.00333030,0.00049523,1
8.490,1.33906546,-0.17423529,2.79239152,0.20495723,-0.00313686,0.00142584,-0.00701978,0.02166717,-0.00984871,1.35089694,-0.16796956,2.79141314,0.13772569,-0.00667697,0.00101423,-0.04875515,-34.84098816,-3.34475303,-0.04964534,-34.84154772,-3.34549129,-0.05189174,-0.13953647,0.01175675,-0.10153708,-34.98108419,-3.33373454,-0.11363008,-34.96131323,-3.32825098,-0.01183148,-0.00626573,0.00097838,0.06723154,0.00354011,0.00041161,1
8.500,1.34111468,-0.17426559,2.79240529,0.20488811,-0.00292367,0.00132894,-0.00680370,0.02096891,-0.00953132,1.35226503,-0.16803604,2.79142276,0.13749650,-0.00666991,0.00100107,-0.04725407,-34.84578705,-3.34531140,-0.04814146,-34.84633816,-3.34604574,-0.04136578,-0.13761360,0.01160238,-0.08950724,-34.98395176,-3.33444336,-0.11363008,-34.96131185,-3.32824935,-0.01115035,-0.00622955,0.00098253,0.06739161,0.00374624,0.00032787,1
8.510,1.34316323,-0.17429379,2.79241810,0.20482116,-0.00271750,0.00123523,-0.00658511,0.02026517,-0.00921144,1.35499601,-0.16816918,2.79144184,0.13723947,-0.00666762,0.00098865,-0.04573614,-34.85063553,-3.34587002,-0.04662068,-34.85117813,-3.34660041,-0.05123396,-0.13398307,0.01131859,-0.09785464,-34.98516120,-3.33528182,-0.11091728,-34.96547450,-3.32969238,-0.01183278,-0.00612461,0.00097626,0.06758169,0.00395012,0.00024658,1
8.520,1.34521111,-0.17431996,2.79243000,0.20475641,-0.00251839,0.00114472,-0.00636401,0.01955593,-0.00888906,1.35772104,-0.16830275,2.79146073,0.13697439,-0.00667185,0.00097730,-0.04420039,-34.85552216,-3.34642506,-0.04508206,-34.85605620,-3.34715147,-0.06100307,-0.13029342,0.01103086,-0.10608512,-34.98634961,-3.33612060,-0.09917248,-34.96834592,-3.33035977,-0.01250993,-0.00601721,0.00096927,0.06778202,0.00415346,0.00016742,1
8.530,1.34725836,-0.17434418,2.79244101,0.20469389,-0.00232640,0.00105745,-0.00614040,0.01884118,-0.00856417,1.35908126,-0.16836973,2.79147012,0.13673620,-0.00667838,0.00096778,-0.04264720,-34.86045074,-3.34697700,-0.04352594,-34.86097615,-3.34769940,-0.05035805,-0.12824379,0.01085849,-0.09388399,-34.98921994,-3.33684091,-0.10804935,-34.96956762,-3.33116852,-0.01182290,-0.00597445,0.00097089,0.06795769,0.00435198,0.00008967,1
8.540,1.34930500,-0.17436651,2.79245116,0.20463361,-0.00214158,0.00097345,-0.00591425,0.01812091,-0.00823678,1.36044007,-0.16843688,2.79147946,0.13652249,-0.00668755,0.00095941,-0.04107581,-34.86540985,-3.34752512,-0.04195160,-34.86592660,-3.34824350,-0.03974493,-0.12616518,0.01068087,-0.08169653,-34.99209178,-3.33756263,-0.09622369,-34.97243089,-3.33185238,-0.01113507,-0.00592963,0.00097170,0.06811112,0.00454597,0.00001404,1
8.550,1.35135104,-0.17438704,2.79246049,0.20457561,-0.00196400,0.00089273,-0.00568558,0.01739511,-0.00790687,1.36179748,-0.16850421,2.79148880,0.13632713,-0.00669883,0.00095291,-0.03948722,-34.87041855,-3.34807229,-0.04036001,-34.87092655,-3.34878663,-0.02915119,-0.12406271,0.01049623,-0.06951121,-34.99498926,-3.33829040,-0.09622369,-34.97242208,-3.33185193,-0.01044644,-0.00588283,0.00097169,0.06824848,0.00473483,-0.00006018,1
8.560,1.35339652,-0.17440582,2.79246903,0.20451991,-0.00179370,0.00081532,-0.00545437,0.01666376,-0.00757443,1.36450789,-0.16863946,2.79150737,0.13610845,-0.00671763,0.00094631,-0.03788071,-34.87546539,-3.34861541,-0.03875048,-34.87596462,-3.34932567,-0.03881023,-0.12021688,0.01018979,-0.07756071,-34.99618150,-3.33913588,-0.09300113,-34.97648465,-3.33336603,-0.01111137,-0.00576636,0.00096166,0.06841146,0.00492393,-0.00013099,1
8.570,1.35544145,-0.17442293,2.79247681,0.20446653,-0.00163074,0.00074125,-0.00522061,0.01592684,-0.00723947,1.36586105,-0.16870743,2.79151663,0.13591054,-0.00673747,0.00094137,-0.03625697,-34.88055801,-3.34915686,-0.03712367,-34.88104839,-3.34986304,-0.02815515,-0.11804277,0.00999861,-0.06527882,-34.99909116,-3.33986444,-0.09300113,-34.97647315,-3.33336606,-0.01041960,-0.00571550,0.00096018,0.06855599,0.00510673,-0.00020012,1
8.580,1.35748586,-0.17443846,2.79248386,0.20441551,-0.00147518,0.00067054,-0.00498429,0.01518435,-0.00690198,1.36856295,-0.16884410,2.79153514,0.13568807,-0.00676459,0.00093761,-0.03461516,-34.88568497,-3.34969687,-0.03547876,-34.88616645,-3.35039894,-0.03768558,-0.11411207,0.00968323,-0.07316434,-35.00027852,-3.34071571,-0.10153708,-34.97766123,-3.33419771,-0.01107709,-0.00559436,0.00094872,0.06872744,0.00528941,-0.00026707,1
8.590,1.35952977,-0.17445246,2.79249023,0.20436685,-0.00132707,0.00060321,-0.00474542,0.01443627,-0.00656194,1.36991185,-0.16891285,2.79154441,0.13548857,-0.00679201,0.00093499,-0.03295563,-34.89085007,-3.35023594,-0.03381609,-34.89132258,-3.35093387,-0.02696916,-0.11187693,0.00948469,-0.06078525,-35.00319951,-3.34144918,-0.08950724,-34.98051463,-3.33490692,-0.01038208,-0.00553961,0.00094582,0.06887828,0.00546494,-0.00033178,1
8.600,1.36157320,-0.17446502,2.79249594,0.20432061,-0.00118647,0.00053931,-0.00450398,0.01368259,-0.00621936,1.37125932,-0.16898188,2.79155367,0.13530328,-0.00681995,0.00093264,-0.03127805,-34.89606476,-3.35077262,-0.03213533,-34.89652826,-3.35146640,-0.01626141,-0.10963325,0.00928565,-0.04839674,-35.00616151,-3.34218075,-0.09785464,-34.98170932,-3.33574462,-0.00968612,-0.00548314,0.00094227,0.06901733,0.00563348,-0.00039333,1
8.610,1.36361619,-0.17447622,2.79250103,0.20427678,-0.00105344,0.00047884,-0.00425997,0.01292329,-0.00587422,1.37394987,-0.16912087,2.79157223,0.13508996,-0.00685620,0.00093161,-0.02958243,-34.90130234,-3.35130811,-0.03043649,-34.90175676,-3.35199770,-0.02564610,-0.10560285,0.00896278,-0.05608259,-35.00735960,-3.34303492,-0.10608512,-34.98286713,-3.33658486,-0.01033368,-0.00535535,0.00092880,0.06918682,0.00580276,-0.00045277,1
8.620,1.36565875,-0.17448612,2.79250553,0.20423541,-0.00092803,0.00042183,-0.00401337,0.01215837,-0.00552653,1.37529300,-0.16919087,2.79158151,0.13489574,-0.00689209,0.00093061,-0.02786923,-34.90659714,-3.35184336,-0.02872003,-34.90704245,-3.35252876,-0.01485860,-0.10330453,0.00876160,-0.04357863,-35.01034698,-3.34376716,-0.09388399,-34.98572007,-3.33730470,-0.00963425,-0.00529525,0.00092402,0.06933967,0.00596406,-0.00050878,1
8.630,1.36770090,-0.17449480,2.79250948,0.20419652,-0.00081029,0.00036831,-0.00376419,0.01138780,-0.00517627,1.37797569,-0.16933202,2.79160004,0.13469050,-0.00693833,0.00092983,-0.02613803,-34.91193008,-3.35237789,-0.02698553,-34.91236620,-3.35305908,-0.02414425,-0.09918312,0.00844114,-0.05112978,-35.01154932,-3.34461794,-0.08169653,-34.98855325,-3.33802636,-0.01027479,-0.00516278,0.00090944,0.06950602,0.00612804,-0.00056152,1
8.640,1.36974268,-0.17450235,2.79251291,0.20416014,-0.00070029,0.00031831,-0.00351241,0.01061158,-0.00482344,1.37931542,-0.16940322,2.79160932,0.13451123,-0.00698366,0.00092944,-0.02438881,-34.91730499,-3.35291219,-0.02523297,-34.91773186,-3.35358913,-0.01333734,-0.09682551,0.00824192,-0.03857031,-35.01455737,-3.34534721,-0.06951121,-34.99142944,-3.33875453,-0.00957274,-0.00509913,0.00090359,0.06964891,0.00628337,-0.00061113,1
8.650,1.37178411,-0.17450884,2.79251585,0.20412629,-0.00059808,0.00027185,-0.00325803,0.00982969,-0.00446804,1.38199168,-0.16954696,2.79162783,0.13432470,-0.00704042,0.00092809,-0.02262142,-34.92270660,-3.35344696,-0.02346220,-34.92312417,-3.35411965,-0.02256456,-0.09260930,0.00792765,-0.04602676,-35.01573348,-3.34619200,-0.06527882,-34.99548580,-3.34032646,-0.01020757,-0.00496188,0.00088802,0.06980159,0.00644234,-0.00065624,1
8.660,1.37382522,-0.17451434,2.79251835,0.20409499,-0.00050371,0.00022896,-0.00300105,0.00904212,-0.00411005,1.38332837,-0.16961954,2.79163709,0.13416099,-0.00709497,0.00092747,-0.02083577,-34.92816162,-3.35397959,-0.02167314,-34.92856985,-3.35464799,-0.01174308,-0.09019735,0.00773502,-0.03341622,-35.01876719,-3.34691297,-0.06527882,-34.99546185,-3.34032725,-0.00950315,-0.00489480,0.00088126,0.06993400,0.00659126,-0.00069851,1
8.670,1.37586602,-0.17451894,2.79252044,0.20406627,-0.00041725,0.00018966,-0.00274144,0.00824885,-0.00374948,1.38599875,-0.16976622,2.79165556,0.13398938,-0.00716131,0.00092633,-0.01903235,-34.93365860,-3.35451436,-0.01986628,-34.93405741,-3.35517846,-0.02091109,-0.08589087,0.00742744,-0.04077736,-35.01994829,-3.34775102,-0.06078525,-34.99951934,-3.34191064,-0.01013273,-0.00475272,0.00086488,0.07007689,0.00674406,-0.00073667,1
8.680,1.37790655,-0.17452271,2.79252216,0.20404017,-0.00033876,0.00015398,-0.00247922,0.00744987,-0.00338630,1.38733261,-0.16984036,2.79166482,0.13383850,-0.00722437,0.00092609,-0.01721051,-34.93918610,-3.35504866,-0.01804095,-34.93957544,-3.35570843,-0.01007087,-0.08343334,0.00724177,-0.02811182,-35.02300878,-3.34846666,-0.06078525,-34.99949273,-3.34191186,-0.00942606,-0.00468235,0.00085734,0.07020167,0.00688561,-0.00077211,1
8.690,1.37994684,-0.17452574,2.79252354,0.20401670,-0.00026828,0.00012194,-0.00221436,0.00664517,-0.00302053,1.38999810,-0.16999035,2.79168334,0.13368722,-0.00730045,0.00092605,-0.01537047,-34.94475555,-3.35558510,-0.01619738,-34.94513538,-3.35624053,-0.01920325,-0.07903559,0.00693971,-0.03540063,-35.02417097,-3.34930081,-0.05608259,-35.00359527,-3.34349788,-0.01005126,-0.00453539,0.00084020,0.07032948,0.00703217,-0.00080411,1
8.700,1.38198690,-0.17452810,2.79252461,0.20399589,-0.00020587,0.00009358,-0.00194687,0.00583474,-0.00265215,1.39132979,-0.17006626,2.79169258,0.13355787,-0.00737298,0.00092556,-0.01351167,-34.95037460,-3.35612416,-0.01433500,-34.95074485,-3.35677522,-0.00837009,-0.07653115,0.00676462,-0.02270510,-35.02727600,-3.35001060,-0.04357863,-35.00655169,-3.34422922,-0.00934289,-0.00446184,0.00083203,0.07043802,0.00716711,-0.00083198,1
8.710,1.38402676,-0.17452988,2.79252542,0.20397777,-0.00015160,0.00006891,-0.00167673,0.00501856,-0.00228116,1.39399117,-0.17021995,2.79171113,0.13342630,-0.00745890,0.00092601,-0.01163519,-34.95603180,-3.35665965,-0.01245492,-34.95639244,-3.35730633,-0.01747592,-0.07204090,0.00647213,-0.02993085,-35.02843334,-3.35083420,-0.05112978,-35.00769099,-3.34508162,-0.00996441,-0.00430993,0.00081429,0.07055147,0.00730730,-0.00085710,1
8.720,1.38606646,-0.17453116,2.79252600,0.20396236,-0.00010552,0.00004796,-0.00140394,0.00419661,-0.00190755,1.39532092,-0.17029781,2.79172048,0.13331352,-0.00754052,0.00092843,-0.00974036,-34.96171951,-3.35720062,-0.01055645,-34.96207046,-3.35784290,-0.00664121,-0.06949651,0.00630040,-0.01719767,-35.03156697,-3.35154250,-0.03857031,-35.01066468,-3.34508580,-0.00925446,-0.00423335,0.00080552,0.07064884,0.00743500,-0.00088047,1
8.730,1.38810602,-0.17453202,2.79252639,0.20394970,-0.00006769,0.00003077,-0.00112850,0.00336889,-0.00153132,1.39797863,-0.17045557,2.79173931,0.13319805,-0.00763602,0.00093190,-0.00782670,-34.96746063,-3.35774374,-0.00863910,-34.96780183,-3.35838159,-0.01571763,-0.06491554,0.00600993,-0.02435673,-35.03271737,-3.35237166,-0.04602676,-35.01177222,-3.34666314,-0.00987261,-0.00407645,0.00078708,0.07075165,0.00756833,-0.00090113,1
8.740,1.39014546,-0.17453254,2.79252663,0.20393980,-0.00003816,0.00001735,-0.00085039,0.00253539,-0.00115245,1.39930647,-0.17053549,2.79174880,0.13309463,-0.00772507,0.00093623,-0.00589470,-34.97323990,-3.35828805,-0.00670338,-34.97357132,-3.35892145,-0.00486581,-0.06234559,0.00584605,-0.01156919,-35.03591691,-3.35307540,-0.04602676,-35.01173737,-3.34666661,-0.00916101,-0.00399705,0.00077783,0.07084517,0.00768691,-0.00091888,1
8.750,1.39218482,-0.17453281,2.79252675,0.20393270,-0.00001700,0.00000773,-0.00056961,0.00169608,-0.00077094,1.40196059,-0.17069755,2.79176796,0.13298995,-0.00782894,0.00094223,-0.00394445,-34.97905350,-3.35883546,-0.00474936,-34.97937507,-3.35946441,-0.01390174,-0.05768325,0.00556026,-0.01865110,-35.03705832,-3.35390415,-0.04077736,-35.01587801,-3.34823113,-0.00977577,-0.00383526,0.00075879,0.07094275,0.00781194,-0.00093450,1
8.760,1.39422413,-0.17453291,2.79252680,0.20392842,-0.00000426,0.00000194,-0.00028615,0.00085095,-0.00038680,1.40328694,-0.17077975,2.79177760,0.13290117,-0.00792653,0.00094779,-0.00197563,-34.98491287,-3.35938549,-0.00277674,-34.98522454,-3.36000994,-0.00304736,-0.05508679,0.00540789,-0.00582410,-35.04031133,-3.35460205,-0.02811182,-35.01889913,-3.34894890,-0.00906281,-0.00375316,0.00074920,0.07102725,0.00792227,-0.00094585,1
8.770,1.39626340,-0.17453293,2.79252680,0.20392699,-0.00000000,0.00000000,0.00000000,-0.00000000,0.00000000,1.40593829,-0.17094652,2.79179715,0.13281133,-0.00803966,0.00095606,0.00001281,-34.99081421,-3.35993981,-0.00078445,-34.99111591,-3.36055976,-0.01206150,-0.05033812,0.00512902,-0.01284595,-35.04145402,-3.35543075,-0.03540063,-35.01998145,-3.34979125,-0.00967489,-0.00358641,0.00072965,0.07111566,0.00803966,-0.00095606,1
8.780,1.39830267,-0.17453292,2.79252679,0.20392666,0.00000148,-0.00000369,-0.00006454,0.00029498,-0.00073744,1.40726338,-0.17103116,2.79180703,0.13273564,-0.00814563,0.00096408,-0.00049855,-34.98944473,-3.36038280,-0.00129238,-34.98973655,-3.36099737,-0.00120696,-0.04769172,0.00497187,-0.00249934,-35.03742827,-3.35602550,-0.02270510,-35.02304423,-3.35050468,-0.00896071,-0.00350176,0.00071976,0.07119102,0.00814711,-0.00096777,1
8.790,1.40034193,-0.17453289,2.79252670,0.20392570,0.00000589,-0.00001474,-0.00012907,0.00058838,-0.00147094,1.40991244,-0.17120299,2.79182714,0.13265956,-0.00826795,0.00097582,-0.00100935,-34.98809052,-3.36082339,-0.00180048,-34.98837285,-3.36143127,-0.01021339,-0.04276810,0.00465296,-0.01201387,-35.03114095,-3.35677831,-0.02993085,-35.02411589,-3.35133971,-0.00957051,-0.00332990,0.00069956,0.07126614,0.00827384,-0.00099056,1
8.800,1.40238118,-0.17453279,2.79252647,0.20392408,0.00001324,-0.00003310,-0.00019361,0.00088020,-0.00220050,1.41123650,-0.17129025,2.79183736,0.13259618,-0.00838228,0.00098732,-0.00151796,-34.98674011,-3.36126542,-0.00230725,-34.98701371,-3.36186533,0.00062913,-0.03998234,0.00444316,-0.00167812,-35.02699604,-3.35742218,-0.01719767,-35.02720432,-3.35205341,-0.00885532,-0.00324254,0.00068911,0.07132790,0.00839552,-0.00102042,1
8.810,1.40442041,-0.17453261,2.79252602,0.20392182,0.00002349,-0.00005873,-0.00025814,0.00117046,-0.00292614,1.41388376,-0.17146749,2.79185826,0.13253335,-0.00851382,0.00100350,-0.00202532,-34.98538589,-3.36170530,-0.00281351,-34.98565164,-3.36229640,-0.00837957,-0.03484387,0.00406178,-0.01119308,-35.02049552,-3.35823462,-0.02435673,-35.02826316,-3.35289769,-0.00946335,-0.00306512,0.00066776,0.07138847,0.00853731,-0.00106223,1
8.820,1.40645962,-0.17453231,2.79252527,0.20391892,0.00003664,-0.00009161,-0.00032268,0.00145914,-0.00364785,1.41520703,-0.17155754,2.79186893,0.13248194,-0.00863657,0.00101934,-0.00253167,-34.98406219,-3.36214209,-0.00331936,-34.98432107,-3.36272393,0.00244771,-0.03191163,0.00379221,-0.00087165,-35.01623270,-3.35893172,-0.01156919,-35.03141451,-3.35360882,-0.00874741,-0.00297477,0.00065634,0.07143698,0.00867321,-0.00111095,1
8.830,1.40849879,-0.17453187,2.79252416,0.20391537,0.00005267,-0.00013168,-0.00038721,0.00174626,-0.00436564,1.41785297,-0.17174056,2.79189085,0.13243218,-0.00877742,0.00104084,-0.00303788,-34.98273849,-3.36258078,-0.00382551,-34.98299138,-3.36315332,-0.00657069,-0.02654635,0.00333950,-0.01039620,-35.00953773,-3.35981382,-0.01865110,-35.03245833,-3.35445683,-0.00935418,-0.00279131,0.00063331,0.07148319,0.00883009,-0.00117252,1
8.840,1.41053792,-0.17453125,2.79252262,0.20391118,0.00007156,-0.00017891,-0.00045175,0.00203181,-0.00507953,1.41917571,-0.17183358,2.79190209,0.13239265,-0.00890869,0.00106179,-0.00354174,-34.98141479,-3.36301589,-0.00432962,-34.98166244,-3.36357930,0.00423719,-0.02345982,0.00300347,-0.00009243,-35.00512225,-3.36057583,-0.00582410,-35.03566008,-3.35516436,-0.00863779,-0.00269767,0.00062053,0.07151853,0.00898025,-0.00124070,1
8.850,1.41257701,-0.17453043,2.79252056,0.20390633,0.00009330,-0.00023325,-0.00051628,0.00231581,-0.00578952,1.42049836,-0.17192764,2.79191359,0.13236077,-0.00903293,0.00108363,-0.00404522,-34.98012161,-3.36345220,-0.00483356,-34.98036460,-3.36400669,0.01502992,-0.02036320,0.00263743,0.01019636,-35.00072780,-3.36136926,-0.00582410,-35.03560850,-3.35517664,-0.00792135,-0.00260279,0.00060697,0.07154556,0.00912623,-0.00131688,1
8.860,1.41461605,-0.17452937,2.79251793,0.20390085,0.00011787,-0.00029468,-0.00058081,0.00259824,-0.00649561,1.42314324,-0.17211881,2.79193716,0.13233108,-0.00917650,0.00110907,-0.00454665,-34.97882462,-3.36388922,-0.00533562,-34.97906341,-3.36443508,0.00598221,-0.01472152,0.00208015,0.00064659,-34.99378493,-3.36235493,-0.00249934,-35.03262466,-3.35661819,-0.00852719,-0.00241056,0.00058077,0.07156977,0.00929437,-0.00140375,1
8.870,1.41665502,-0.17452806,2.79251464,0.20389472,0.00014526,-0.00036315,-0.00064534,0.00287912,-0.00719781,1.42446562,-0.17221586,2.79194920,0.13230781,-0.00930866,0.00113274,-0.00504775,-34.97753143,-3.36432600,-0.00583745,-34.97776633,-3.36486348,0.01675753,-0.01146939,0.00165109,0.01092008,-34.98923571,-3.36321239,-0.00249934,-35.03257571,-3.35662739,-0.00781060,-0.00231220,0.00056544,0.07158691,0.00945392,-0.00149589,1
8.880,1.41869394,-0.17452646,2.79251064,0.20388794,0.00017545,-0.00043863,-0.00070986,0.00315845,-0.00789614,1.42578782,-0.17231379,2.79196129,0.13228592,-0.00942961,0.00115189,-0.00554725,-34.97625732,-3.36476040,-0.00633774,-34.97648858,-3.36528971,0.02753142,-0.00822996,0.00120586,0.02119368,-34.98471854,-3.36408385,-0.01201387,-35.02624471,-3.35738297,-0.00709388,-0.00221267,0.00054935,0.07160202,0.00960506,-0.00159052,1
8.890,1.42073278,-0.17452454,2.79250585,0.20388052,0.00020843,-0.00052106,-0.00077439,0.00343623,-0.00859059,1.42843215,-0.17251205,2.79198538,0.13226820,-0.00956053,0.00116503,-0.00604601,-34.97500229,-3.36519980,-0.00683735,-34.97523004,-3.36572115,0.01846200,-0.00241003,0.00059208,0.01162465,-34.97764007,-3.36512907,-0.00167812,-35.02201939,-3.35802441,-0.00769937,-0.00201249,0.00052047,0.07161232,0.00976896,-0.00168609,1
8.900,1.42277155,-0.17452228,2.79250020,0.20387245,0.00024417,-0.00061043,-0.00083891,0.00371247,-0.00928117,1.42975414,-0.17261228,2.79199729,0.13225083,-0.00967618,0.00117159,-0.00654316,-34.97375107,-3.36563611,-0.00733537,-34.97397542,-3.36614963,0.02922536,0.00090536,0.00012444,0.02188999,-34.97307006,-3.36602519,-0.01119308,-35.01548396,-3.35883026,-0.00698259,-0.00191000,0.00050291,0.07162162,0.00992035,-0.00178202,1
8.910,1.42481023,-0.17451965,2.79249362,0.20386374,0.00028267,-0.00070667,-0.00090343,0.00398716,-0.00996790,1.43107611,-0.17271313,2.79200896,0.13223752,-0.00977849,0.00117036,-0.00703923,-34.97251511,-3.36607766,-0.00783234,-34.97273613,-3.36658347,0.03997887,0.00419288,-0.00034982,0.03214654,-34.96854325,-3.36693328,-0.00087165,-35.01119000,-3.35951506,-0.00626588,-0.00180652,0.00048466,0.07162622,0.01006116,-0.00187703,1
8.920,1.42684882,-0.17451662,2.79248604,0.20385439,0.00032391,-0.00080977,-0.00096794,0.00426031,-0.01065077,1.43371989,-0.17291662,2.79203159,0.13222347,-0.00988391,0.00115655,-0.00753455,-34.97128296,-3.36651921,-0.00832857,-34.97150072,-3.36701740,0.03090359,0.01008590,-0.00096535,0.02257502,-34.96141482,-3.36798275,-0.01039620,-35.00443764,-3.36037138,-0.00687107,-0.00160000,0.00045445,0.07163092,0.01020782,-0.00196632,1
8.930,1.42888731,-0.17451316,2.79247740,0.20384438,0.00036787,-0.00091968,-0.00103245,0.00453192,-0.01132980,1.43504170,-0.17301906,2.79204229,0.13221299,-0.00997394,0.00113490,-0.00802817,-34.97007370,-3.36695862,-0.00882312,-34.97028825,-3.36744927,0.04164849,0.01340039,-0.00143696,0.03282538,-34.95688785,-3.36888623,-0.00009243,-35.00000023,-3.36111079,-0.00615439,-0.00149410,0.00043511,0.07163139,0.01034181,-0.00205458,1
8.940,1.43092571,-0.17450925,2.79246762,0.20383374,0.00041454,-0.00103635,-0.00109696,0.00480200,-0.01200499,1.43768579,-0.17322503,2.79206203,0.13221277,-0.01005969,0.00109151,-0.00852106,-34.96887207,-3.36740327,-0.00931694,-34.96908341,-3.36788646,0.03253554,0.01930688,-0.00200348,0.02321861,-34.94977652,-3.36988994,0.01019636,-34.99556934,-3.36184993,-0.00676008,-0.00128422,0.00040559,0.07162097,0.01047423,-0.00212786,1
8.950,1.43296399,-0.17450486,2.79245665,0.20382245,0.00046391,-0.00115976,-0.00116146,0.00507054,-0.01267635,1.43900793,-0.17332845,2.79207097,0.13221299,-0.01013024,0.00104227,-0.00901184,-34.96768570,-3.36784792,-0.00980865,-34.96789387,-3.36832374,0.04324865,0.02259941,-0.00244742,0.03344000,-34.94529446,-3.37077115,0.00064659,-34.98861397,-3.36280221,-0.00604394,-0.00117641,0.00038568,0.07160946,0.01059415,-0.00220203,1
8.960,1.43500215,-0.17449997,2.79244441,0.20381051,0.00051595,-0.00128987,-0.00122595,0.00533755,-0.01334388,1.44165285,-0.17353571,2.79208634,0.13222524,-0.01018955,0.00096215,-0.00950318,-34.96650696,-3.36829805,-0.01030092,-34.96671195,-3.36876654,0.03409217,0.02845802,-0.00293089,0.02379124,-34.93825393,-3.37169743,0.02119368,-34.97953480,-3.36444474,-0.00665070,-0.00096426,0.00035807,0.07158527,0.01070550,-0.00225202,1
8.970,1.43704019,-0.17449454,2.79243083,0.20379793,0.00057065,-0.00142663,-0.00129045,0.00560304,-0.01400760,1.44297579,-0.17363948,2.79209270,0.13224234,-0.01023644,0.00088057,-0.00999231,-34.96535110,-3.36874771,-0.01079099,-34.96555298,-3.36920895,0.04475342,0.03169426,-0.00332770,0.03396243,-34.93385872,-3.37253666,0.02119368,-34.97953000,-3.36440176,-0.00593560,-0.00085506,0.00033813,0.07155559,0.01080709,-0.00230720,1
8.980,1.43907811,-0.17448854,2.79241585,0.20378470,0.00062800,-0.00157001,-0.00135493,0.00586700,-0.01466751,1.44562235,-0.17384687,2.79210222,0.13226790,-0.01026830,0.00076501,-0.01048030,-34.96420670,-3.36920381,-0.01127993,-34.96440545,-3.36965783,0.03553969,0.03747367,-0.00371544,0.02425976,-34.92693178,-3.37337327,0.02188999,-34.96788811,-3.36623436,-0.00654424,-0.00064167,0.00031363,0.07151680,0.01089630,-0.00233502,1
8.990,1.44111589,-0.17448197,2.79239941,0.20377083,0.00068799,-0.00171997,-0.00141941,0.00612945,-0.01532362,1.44694612,-0.17395041,2.79210532,0.13229529,-0.01028976,0.00065134,-0.01096756,-34.96306610,-3.36965990,-0.01176813,-34.96326175,-3.37010678,0.04616143,0.04063262,-0.00405993,0.03439330,-34.92262912,-3.37416671,0.02188999,-34.96789299,-3.36618035,-0.00583023,-0.00053156,0.00029409,0.07147554,0.01097775,-0.00237131,1
9.000,1.44315352,-0.17447478,2.79238143,0.20375631,0.00075059,-0.00187647,-0.00148389,0.00639037,-0.01597593,1.44959498,-0.17415683,2.79210774,0.13233638,-0.01029386,0.00050158,-0.01145354,-34.96195602,-3.37012053,-0.01225506,-34.96214858,-3.37056032,0.03687544,0.04630583,-0.00434165,0.02462038,-34.91584275,-3.37490197,0.02257502,-34.95626175,-3.36800890,-0.00644146,-0.00031795,0.00027369,0.07141993,0.01104445,-0.00237805,1
9.010,1.44519101,-0.17446695,2.79236186,0.20374115,0.00081579,-0.00203947,-0.00154835,0.00664978,-0.01662445,1.45224565,-0.17436182,2.79210437,0.13239182,-0.01027810,0.00031638,-0.01193830,-34.96085739,-3.37058139,-0.01274076,-34.96104688,-3.37101413,0.02752947,0.05187329,-0.00449655,0.01478870,-34.90917359,-3.37551068,0.03282538,-34.95177244,-3.36876661,-0.00705464,-0.00010513,0.00025749,0.07134933,0.01109389,-0.00235585,1
9.020,1.44722834,-0.17445845,2.79234062,0.20372534,0.00088358,-0.00220894,-0.00161282,0.00690768,-0.01726919,1.45357158,-0.17446364,2.79210041,0.13244225,-0.01025399,0.00013824,-0.01242204,-34.95977783,-3.37105155,-0.01322545,-34.95996427,-3.37147730,0.03806158,0.05484961,-0.00469928,0.02483613,-34.90511466,-3.37617657,0.02321861,-34.94468569,-3.36969186,-0.00634324,0.00000519,0.00024021,0.07128309,0.01113757,-0.00234718,1
9.030,1.44926552,-0.17444927,2.79231766,0.20370889,0.00095394,-0.00238484,-0.00167727,0.00716406,-0.01791015,1.45489787,-0.17456497,2.79209496,0.13248888,-0.01022386,-0.00003261,-0.01290468,-34.95870209,-3.37152314,-0.01370903,-34.95888547,-3.37194197,0.04859317,0.05781389,-0.00493928,0.03488414,-34.90107158,-3.37688124,0.02321861,-34.94470978,-3.36961735,-0.00563235,0.00011570,0.00022270,0.07122001,0.01117780,-0.00235223,1
9.040,1.45130252,-0.17443936,2.79229290,0.20369180,0.00102685,-0.00256713,-0.00174172,0.00741894,-0.01854735,1.45755181,-0.17476584,2.79207909,0.13254551,-0.01017027,-0.00024468,-0.01338640,-34.95765305,-3.37199855,-0.01419170,-34.95783342,-3.37241051,0.03918532,0.06318058,-0.00498017,0.02499362,-34.89465283,-3.37739068,0.02379124,-34.93324919,-3.37125699,-0.00624929,0.00032648,0.00021381,0.07114629,0.01119712,-0.00232245,1
9.050,1.45333935,-0.17442872,2.79226629,0.20367406,0.00110231,-0.00275578,-0.00180616,0.00767231,-0.01918079,1.45887948,-0.17486518,2.79206842,0.13260080,-0.01011118,-0.00045017,-0.01386612,-34.95661163,-3.37247777,-0.01467237,-34.95678900,-3.37288292,0.04967115,0.06601276,-0.00514514,0.03499878,-34.89077625,-3.37802806,0.03396243,-34.92889178,-3.37200333,-0.00554013,0.00043646,0.00019787,0.07107326,0.01121349,-0.00230561,1
9.060,1.45537600,-0.17441731,2.79223776,0.20365568,0.00118029,-0.00295074,-0.00187059,0.00792419,-0.01981047,1.46153621,-0.17506150,2.79204164,0.13266436,-0.01002674,-0.00069604,-0.01434485,-34.95559692,-3.37296343,-0.01515204,-34.95577129,-3.37336183,0.04019992,0.07117518,-0.00504044,0.02504788,-34.88459611,-3.37840227,0.02425976,-34.92204507,-3.37265644,-0.00616021,0.00064419,0.00019612,0.07099132,0.01120703,-0.00225470,1
9.070,1.45741246,-0.17440511,2.79220726,0.20363665,0.00126079,-0.00315197,-0.00193501,0.00817456,-0.02043641,1.46419457,-0.17525435,2.79200743,0.13273427,-0.00991909,-0.00097353,-0.01482317,-34.95459747,-3.37345243,-0.01563130,-34.95476884,-3.37384412,0.03068674,0.07616734,-0.00480141,0.01505544,-34.87860151,-3.37864553,0.03439330,-34.91783104,-3.37326372,-0.00678211,0.00084924,0.00019983,0.07090238,0.01117988,-0.00217844,1
9.080,1.45944873,-0.17439209,2.79217470,0.20361698,0.00134378,-0.00335945,-0.00199943,0.00842344,-0.02105860,1.46552439,-0.17534928,2.79198736,0.13279615,-0.00981253,-0.00123205,-0.01530033,-34.95360947,-3.37394667,-0.01610942,-34.95377789,-3.37433171,0.04111435,0.07875009,-0.00483591,0.02500494,-34.87502780,-3.37916761,0.02462038,-34.91109633,-3.37389817,-0.00607566,0.00095719,0.00018734,0.07082083,0.01115631,-0.00212740,1
9.090,1.46148480,-0.17437822,2.79214005,0.20359666,0.00142925,-0.00357313,-0.00206383,0.00867083,-0.02167707,1.46818501,-0.17553596,2.79194133,0.13285783,-0.00967883,-0.00152456,-0.01577569,-34.95264435,-3.37444901,-0.01658572,-34.95280981,-3.37482747,0.03157537,0.08352512,-0.00449074,0.01498965,-34.86928469,-3.37931821,0.01478870,-34.90453471,-3.37430963,-0.00670021,0.00115774,0.00019872,0.07073883,0.01110808,-0.00204857,1
9.100,1.46352066,-0.17436349,2.79210322,0.20357570,0.00151719,-0.00379298,-0.00212823,0.00891672,-0.02229181,1.46951582,-0.17562754,2.79191522,0.13291362,-0.00954865,-0.00179628,-0.01625039,-34.95169449,-3.37495232,-0.01706137,-34.95185702,-3.37532423,0.04199163,0.08597417,-0.00450019,0.02493026,-34.86588285,-3.37982442,0.02483613,-34.90053562,-3.37487086,-0.00599516,0.00126405,0.00018800,0.07066208,0.01106584,-0.00199670,1
9.110,1.46555631,-0.17434787,2.79206417,0.20355409,0.00160758,-0.00401896,-0.00219262,0.00916113,-0.02290283,1.47217873,-0.17580708,2.79185689,0.13297813,-0.00938996,-0.00210233,-0.01672410,-34.95076370,-3.37546444,-0.01753603,-34.95092330,-3.37582987,0.03240390,0.09051447,-0.00404924,0.01486787,-34.86040883,-3.37987911,0.03488414,-34.89661462,-3.37537100,-0.00662242,0.00145921,0.00020728,0.07057596,0.01099754,-0.00191663,1
9.120,1.46759174,-0.17433133,2.79202282,0.20353185,0.00170041,-0.00425103,-0.00225700,0.00940405,-0.02351014,1.47484331,-0.17598130,2.79179011,0.13304567,-0.00920346,-0.00243728,-0.01719591,-34.94985580,-3.37598372,-0.01800879,-34.95001251,-3.37634271,0.02277981,0.09481851,-0.00346124,0.00477102,-34.85519400,-3.37980394,0.02499362,-34.89033085,-3.37566962,-0.00725157,0.00164997,0.00023271,0.07048618,0.01090387,-0.00181375,1
9.130,1.46962694,-0.17431385,2.79197913,0.20350895,0.00179566,-0.00448915,-0.00232137,0.00964550,-0.02411374,1.47617632,-0.17606633,2.79175356,0.13310953,-0.00902834,-0.00274179,-0.01766778,-34.94896317,-3.37650633,-0.01848160,-34.94911696,-3.37685894,0.03313256,0.09698539,-0.00338781,0.01465096,-34.85213157,-3.38024675,0.03499878,-34.88652476,-3.37620040,-0.00654938,0.00175248,0.00022557,0.07039942,0.01082400,-0.00174736,1
9.140,1.47166192,-0.17429541,2.79193302,0.20348542,0.00189332,-0.00473329,-0.00238572,0.00988546,-0.02471365,1.47884350,-0.17623189,2.79167401,0.13317659,-0.00882208,-0.00307677,-0.01813716,-34.94808960,-3.37703490,-0.01895194,-34.94824051,-3.37738120,0.02346130,0.10104627,-0.00272576,0.00450936,-34.84719424,-3.38010696,0.02504788,-34.88049445,-3.37636141,-0.00718158,0.00193648,0.00025901,0.07030883,0.01071540,-0.00165652,1
9.150,1.47369665,-0.17427598,2.79188444,0.20346124,0.00199336,-0.00498341,-0.00245007,0.01012395,-0.02530987,1.48017751,-0.17631234,2.79163108,0.13323282,-0.00862786,-0.00338082,-0.01860613,-34.94723511,-3.37757301,-0.01942185,-34.94738315,-3.37791304,0.03380473,0.10307645,-0.00266413,0.01438289,-34.84430670,-3.38057718,0.01505544,-34.87457892,-3.37649904,-0.00648086,0.00203636,0.00025336,0.07022842,0.01062122,-0.00160259,1
9.160,1.47573114,-0.17425554,2.79183333,0.20343642,0.00209579,-0.00523947,-0.00251441,0.01036096,-0.02590240,1.48284639,-0.17646847,2.79153911,0.13329040,-0.00840215,-0.00371112,-0.01907423,-34.94640732,-3.37811542,-0.01989090,-34.94655253,-3.37844923,0.02411693,0.10687877,-0.00194705,0.00422602,-34.83967376,-3.38039628,0.02500494,-34.87116529,-3.37681660,-0.00711525,0.00221293,0.00029422,0.07014602,0.01049794,-0.00152835,1
9.170,1.47776538,-0.17423406,2.79177963,0.20341095,0.00220058,-0.00550144,-0.00257873,0.01059650,-0.02649126,1.48551636,-0.17661784,2.79143892,0.13334531,-0.00814747,-0.00406057,-0.01954093,-34.94560242,-3.37866783,-0.02035855,-34.94574477,-3.37899550,0.01441252,0.11040536,-0.00112364,-0.00594602,-34.83533941,-3.38011915,0.01498965,-34.86559299,-3.37676376,-0.00775098,0.00238378,0.00034071,0.07006564,0.01034805,-0.00144087,1
9.180,1.47979936,-0.17421152,2.79172328,0.20338484,0.00230771,-0.00576929,-0.00264304,0.01083058,-0.02707645,1.48685184,-0.17668992,2.79138580,0.13339595,-0.00791247,-0.00437346,-0.02000599,-34.94480515,-3.37922430,-0.02082456,-34.94494469,-3.37954588,0.02472947,0.11213637,-0.00105267,0.00390491,-34.83280831,-3.38059855,0.02493026,-34.86227910,-3.37716835,-0.00705248,0.00247840,0.00033748,0.06998889,0.01022018,-0.00139583,1
9.190,1.48183307,-0.17418789,2.79166423,0.20335809,0.00241718,-0.00604296,-0.00270734,0.01106319,-0.02765797,1.48952378,-0.17682874,2.79127374,0.13344913,-0.00764682,-0.00470504,-0.02047097,-34.94403076,-3.37979031,-0.02129048,-34.94416747,-3.38010582,0.01498843,0.11542205,-0.00021839,-0.00630205,-34.82874542,-3.38032421,0.01486787,-34.85698391,-3.37702923,-0.00769071,0.00264085,0.00039049,0.06990896,0.01006400,-0.00133792,1
9.200,1.48386652,-0.17416317,2.79160240,0.20333070,0.00252897,-0.00632243,-0.00277163,0.01129434,-0.02823585,1.49219620,-0.17696006,2.79115410,0.13349313,-0.00735291,-0.00504699,-0.02093408,-34.94328690,-3.38036394,-0.02175454,-34.94342082,-3.38067347,0.00525277,0.11841786,0.00068975,-0.01650176,-34.82500296,-3.37998371,0.00477102,-34.85195841,-3.37676752,-0.00832968,0.00279689,0.00044830,0.06983757,0.00988188,-0.00127544,1
9.210,1.48589968,-0.17413731,2.79153776,0.20330266,0.00264307,-0.00660767,-0.00283591,0.01152403,-0.02881007,1.49353268,-0.17702283,2.79109153,0.13353176,-0.00708400,-0.00534973,-0.02139618,-34.94255066,-3.38094234,-0.02221758,-34.94268180,-3.38124593,0.01556205,0.11986544,0.00070719,-0.00665554,-34.82281636,-3.38053875,0.01465096,-34.84899293,-3.37711776,-0.00763300,0.00288552,0.00044623,0.06977090,0.00972707,-0.00125794,1
9.220,1.48793257,-0.17411030,2.79147023,0.20327398,0.00275945,-0.00689862,-0.00290017,0.01175226,-0.02938065,1.49486923,-0.17708360,2.79102713,0.13356266,-0.00683221,-0.00562217,-0.02185726,-34.94185257,-3.38153315,-0.02267961,-34.94198094,-3.38183083,0.02588098,0.12138880,0.00062059,0.00320137,-34.82059214,-3.38121024,0.00450936,-34.84415582,-3.37688722,-0.00693666,0.00297330,0.00044310,0.06971132,0.00959166,-0.00127645,1
9.230,1.48996516,-0.17408211,2.79139977,0.20324466,0.00287811,-0.00719527,-0.00296442,0.01197904,-0.02994760,1.49754271,-0.17719910,2.79089313,0.13359324,-0.00654238,-0.00591357,-0.02231793,-34.94116592,-3.38212943,-0.02314124,-34.94129153,-3.38242129,0.01614029,0.12413145,0.00143396,-0.00700095,-34.81716007,-3.38098733,0.01438289,-34.84147026,-3.37718329,-0.00757755,0.00311699,0.00050664,0.06965142,0.00942049,-0.00128170,1
9.240,1.49199746,-0.17405273,2.79132631,0.20321469,0.00299903,-0.00749756,-0.00302866,0.01220437,-0.03051092,1.49887963,-0.17725372,2.79082354,0.13361794,-0.00627239,-0.00617494,-0.02277659,-34.94050598,-3.38273478,-0.02360085,-34.94062883,-3.38302085,0.02645474,0.12549262,0.00128186,0.00285390,-34.81513621,-3.38173899,0.00422602,-34.83694255,-3.37691675,-0.00688217,0.00320099,0.00050277,0.06959675,0.00927142,-0.00132262,1
9.250,1.49402945,-0.17402212,2.79124980,0.20318408,0.00312219,-0.00780547,-0.00309288,0.01242825,-0.03107062,1.50155353,-0.17735663,2.79067955,0.13363624,-0.00596373,-0.00645068,-0.02323389,-34.93985748,-3.38335013,-0.02405909,-34.93997760,-3.38363049,0.01672074,0.12790968,0.00207929,-0.00733835,-34.81206792,-3.38155120,-0.00594602,-34.83282053,-3.37648020,-0.00752408,0.00333451,0.00057025,0.06954784,0.00908592,-0.00135479,1
9.260,1.49606114,-0.17399028,2.79117018,0.20315283,0.00324759,-0.00811896,-0.00315709,0.01265069,-0.03162671,1.50289036,-0.17740486,2.79060529,0.13364794,-0.00567867,-0.00669441,-0.02369090,-34.93925095,-3.38397288,-0.02451705,-34.93936833,-3.38424757,0.02705089,0.12912008,0.00183573,0.00253384,-34.81024825,-3.38241184,-0.00594602,-34.83292766,-3.37640634,-0.00682922,0.00341458,0.00056489,0.06950489,0.00892626,-0.00142455,1
9.270,1.49809251,-0.17395716,2.79108740,0.20312094,0.00337520,-0.00843800,-0.00322129,0.01287168,-0.03217920,1.50556407,-0.17749472,2.79045232,0.13365614,-0.00535430,-0.00695107,-0.02414606,-34.93865585,-3.38460469,-0.02497316,-34.93877054,-3.38487376,0.01732827,0.13121788,0.00259294,-0.00764488,-34.80755266,-3.38228081,-0.00630205,-34.82655482,-3.37646369,-0.00747156,0.00353756,0.00063508,0.06946480,0.00872950,-0.00148693,1
9.280,1.50012355,-0.17392276,2.79100140,0.20308841,0.00350501,-0.00876253,-0.00328547,0.01309123,-0.03272808,1.50823727,-0.17757562,2.79029389,0.13365416,-0.00499844,-0.00720979,-0.02460077,-34.93809128,-3.38524604,-0.02542881,-34.93820325,-3.38550954,0.00762663,0.13297719,0.00337073,-0.01780218,-34.80522606,-3.38213880,-0.01650176,-34.82303754,-3.37599074,-0.00811372,0.00365286,0.00070751,0.06943425,0.00850345,-0.00155274,1
9.290,1.50215427,-0.17388706,2.79091213,0.20305523,0.00363702,-0.00909255,-0.00334963,0.01330935,-0.03327337,1.50957366,-0.17761261,2.79021270,0.13365034,-0.00467369,-0.00743696,-0.02505453,-34.93754196,-3.38589811,-0.02588352,-34.93765125,-3.38615609,0.01797546,0.13383829,0.00300920,-0.00790805,-34.80381297,-3.38314689,-0.00665554,-34.82096664,-3.37647951,-0.00741939,0.00372555,0.00069943,0.06940489,0.00831071,-0.00165559,1
9.300,1.50418466,-0.17385002,2.79081953,0.20302141,0.00377120,-0.00942799,-0.00341378,0.01352603,-0.03381508,1.51224658,-0.17767956,2.79004644,0.13364994,-0.00431273,-0.00767224,-0.02550624,-34.93701172,-3.38655925,-0.02633617,-34.93711834,-3.38681176,0.00826251,0.13531177,0.00371720,-0.01807366,-34.80180657,-3.38309456,0.00320137,-34.81897720,-3.37702120,-0.00806192,0.00382954,0.00077309,0.06937147,0.00808393,-0.00175575,1
9.310,1.50621470,-0.17381162,2.79072355,0.20298696,0.00390753,-0.00976883,-0.00347792,0.01374128,-0.03435321,1.51358297,-0.17770946,2.78996142,0.13364715,-0.00398219,-0.00787958,-0.02595724,-34.93651962,-3.38723040,-0.02678813,-34.93662357,-3.38747751,0.01859663,0.13605617,0.00324168,-0.00819150,-34.80056740,-3.38423582,-0.00700095,-34.81566478,-3.37673653,-0.00736827,0.00389784,0.00076213,0.06933981,0.00788972,-0.00188925,1
9.320,1.50824439,-0.17377186,2.79062414,0.20295186,0.00404602,-0.01011504,-0.00354204,0.01395511,-0.03488777,1.51625558,-0.17776207,2.78978786,0.13364359,-0.00361391,-0.00809449,-0.02640730,-34.93605042,-3.38791180,-0.02723911,-34.93615170,-3.38815355,0.00888163,0.13722445,0.00387828,-0.01835748,-34.79892725,-3.38427527,0.00285390,-34.81388167,-3.37736938,-0.00801119,0.00399021,0.00083628,0.06930827,0.00765993,-0.00202055,1
9.330,1.51027373,-0.17373070,2.79052123,0.20291611,0.00418663,-0.01046658,-0.00360614,0.01416751,-0.03541877,1.51759181,-0.17778470,2.78969931,0.13363827,-0.00327605,-0.00828463,-0.02685610,-34.93560028,-3.38860273,-0.02768887,-34.93569893,-3.38883920,0.01921021,0.13784087,0.00328892,-0.00847866,-34.79785806,-3.38555028,-0.00733835,-34.81093670,-3.37712368,-0.00731808,0.00405400,0.00082192,0.06927784,0.00746268,-0.00218195,1
9.340,1.51230271,-0.17368812,2.79041479,0.20287973,0.00432936,-0.01082341,-0.00367023,0.01437848,-0.03594621,1.52026408,-0.17782252,2.78951888,0.13363253,-0.00289859,-0.00848326,-0.02730395,-34.93516922,-3.38930464,-0.02813766,-34.93526525,-3.38953585,0.00949163,0.13868564,0.00385612,-0.01864602,-34.79657961,-3.38567973,0.00253384,-34.80936515,-3.37787227,-0.00796137,0.00413440,0.00089591,0.06924720,0.00722795,-0.00234015,1
9.350,1.51433133,-0.17364410,2.79030475,0.20284271,0.00447420,-0.01118549,-0.00373429,0.01458804,-0.03647010,1.52160012,-0.17783765,2.78942699,0.13362544,-0.00255211,-0.00865974,-0.02775110,-34.93477631,-3.39001775,-0.02858575,-34.93486971,-3.39024377,0.01981320,0.13916453,0.00315707,-0.00877256,-34.79570519,-3.38708670,-0.00764488,-34.80679632,-3.37768622,-0.00726879,0.00419355,0.00087776,0.06921727,0.00702631,-0.00252575,1
9.360,1.51635957,-0.17359863,2.79019106,0.20280505,0.00462112,-0.01155280,-0.00379835,0.01479618,-0.03699044,1.52427171,-0.17786029,2.78924018,0.13361076,-0.00216506,-0.00884194,-0.02819701,-34.93440628,-3.39073968,-0.02903260,-34.93449708,-3.39096054,0.01010898,0.13967503,0.00364575,-0.01892362,-34.79482205,-3.38731479,-0.01780218,-34.80472411,-3.37744453,-0.00791214,0.00426166,0.00095088,0.06919429,0.00678618,-0.00271086,1
9.370,1.51838743,-0.17355167,2.79007367,0.20276674,0.00477012,-0.01192529,-0.00386238,0.01500290,-0.03750726,1.52694241,-0.17787267,2.78904963,0.13359026,-0.00174615,-0.00902569,-0.02864124,-34.93405914,-3.39147520,-0.02947777,-34.93414734,-3.39169098,0.00042233,0.13981763,0.00412604,-0.02905544,-34.79432971,-3.38756494,-0.00790805,-34.80356825,-3.37835841,-0.00855498,0.00432100,0.00102404,0.06917648,0.00651627,-0.00289960,1
9.380,1.52041490,-0.17350322,2.78995254,0.20272780,0.00492117,-0.01230293,-0.00392640,0.01520822,-0.03802054,1.52827743,-0.17787494,2.78895293,0.13356823,-0.00136656,-0.00918686,-0.02908515,-34.93373108,-3.39221907,-0.02992263,-34.93381669,-3.39242981,0.01076737,0.13995188,0.00326830,-0.01915526,-34.79386481,-3.38916151,-0.01807366,-34.80169267,-3.37825939,-0.00786253,0.00437172,0.00099961,0.06915957,0.00628773,-0.00311607,1
9.390,1.52244198,-0.17345324,2.78982760,0.20268822,0.00507427,-0.01268569,-0.00399039,0.01541212,-0.03853030,1.53094682,-0.17787162,2.78875681,0.13354200,-0.00095030,-0.00935384,-0.02952657,-34.93344116,-3.39297700,-0.03036499,-34.93352421,-3.39318274,0.00109755,0.13981141,0.00365525,-0.02926743,-34.79371280,-3.38952749,-0.00819150,-34.80071665,-3.37930843,-0.00850484,0.00441838,0.00107079,0.06914622,0.00602457,-0.00333185,1
9.400,1.52446866,-0.17340173,2.78969881,0.20264799,0.00522941,-0.01307352,-0.00405438,0.01561462,-0.03903655,1.53361527,-0.17785764,2.78855699,0.13350879,-0.00050459,-0.00952402,-0.02996822,-34.93317413,-3.39374399,-0.03080758,-34.93325462,-3.39394481,-0.00855225,0.13930568,0.00403572,-0.03935984,-34.79394894,-3.38990909,-0.01835748,-34.79934352,-3.37925798,-0.00914661,0.00445591,0.00114182,0.06913920,0.00573400,-0.00354950,1
9.410,1.52649494,-0.17334865,2.78956611,0.20260713,0.00538656,-0.01346641,-0.00411834,0.01581572,-0.03953929,1.53494924,-0.17784661,2.78845565,0.13348074,-0.00010263,-0.00967647,-0.03040872,-34.93293381,-3.39452553,-0.03124903,-34.93301173,-3.39472147,0.00179838,0.13914183,0.00302803,-0.02945065,-34.79386990,-3.39169344,-0.00847866,-34.79840968,-3.38048336,-0.00845430,0.00449796,0.00111046,0.06912639,0.00548919,-0.00378994,1
9.420,1.52852080,-0.17329399,2.78942946,0.20256562,0.00554572,-0.01386430,-0.00418228,0.01601541,-0.04003853,1.53761634,-0.17781637,2.78825017,0.13344598,0.00033499,-0.00983705,-0.03084744,-34.93272018,-3.39531589,-0.03168869,-34.93279557,-3.39550699,-0.00784294,0.13836916,0.00333072,-0.03953163,-34.79442641,-3.39217626,-0.01864602,-34.79740355,-3.38052034,-0.00909554,0.00452238,0.00117929,0.06911964,0.00521073,-0.00402725,1
9.430,1.53054625,-0.17323773,2.78928881,0.20252348,0.00570687,-0.01426717,-0.00424620,0.01621371,-0.04053428,1.53894963,-0.17779714,2.78814594,0.13341667,0.00073222,-0.00998338,-0.03128566,-34.93253326,-3.39612174,-0.03212785,-34.93260611,-3.39630806,0.00250544,0.13812344,0.00221696,-0.02962242,-34.79448267,-3.39409110,-0.00877256,-34.79666713,-3.38187552,-0.00840338,0.00455941,0.00114287,0.06910681,0.00497465,-0.00428379,1
9.440,1.53257127,-0.17317984,2.78914410,0.20248070,0.00586999,-0.01467497,-0.00431010,0.01641061,-0.04102654,1.54161537,-0.17775034,2.78793454,0.13338079,0.00116876,-0.01014201,-0.03172222,-34.93236923,-3.39693832,-0.03256534,-34.93243957,-3.39711992,-0.00712822,0.13704281,0.00246234,-0.03969356,-34.79539675,-3.39465758,-0.01892362,-34.79606124,-3.38200583,-0.00904410,0.00457050,0.00120956,0.06909991,0.00470123,-0.00453296,1
9.450,1.53459586,-0.17312032,2.78899529,0.20243728,0.00603507,-0.01508768,-0.00437399,0.01660613,-0.04151532,1.54294768,-0.17772278,2.78782744,0.13334322,0.00156565,-0.01028396,-0.03215861,-34.93224335,-3.39776659,-0.03300267,-34.93231117,-3.39794351,0.00323600,0.13669187,0.00124433,-0.02976668,-34.79561930,-3.39669918,-0.02905544,-34.79570787,-3.38221005,-0.00835182,0.00460246,0.00116785,0.06909406,0.00446942,-0.00480372,1
9.460,1.53662001,-0.17305914,2.78884233,0.20239322,0.00620211,-0.01550527,-0.00443785,0.01680025,-0.04200063,1.54561115,-0.17765928,2.78761048,0.13329734,0.00200311,-0.01043779,-0.03259345,-34.93213654,-3.39860654,-0.03343845,-34.93220185,-3.39877883,-0.00635924,0.13529107,0.00141813,-0.03979769,-34.79691078,-3.39736069,-0.01915526,-34.79552256,-3.38371187,-0.00899114,0.00460014,0.00123185,0.06909588,0.00419900,-0.00506748,1
9.470,1.53864372,-0.17299627,2.78868517,0.20234852,0.00637107,-0.01592769,-0.00450169,0.01699299,-0.04248247,1.54694232,-0.17762331,2.78750048,0.13325223,0.00240169,-0.01057836,-0.03302648,-34.93205261,-3.39946222,-0.03387241,-34.93211546,-3.39962995,0.00402140,0.13482464,0.00010161,-0.02985101,-34.79729081,-3.39952834,-0.02926743,-34.79551151,-3.38402746,-0.00829860,0.00462704,0.00118469,0.06909629,0.00396938,-0.00534933,1
9.480,1.54066698,-0.17293171,2.78852376,0.20230319,0.00654196,-0.01635490,-0.00456552,0.01718434,-0.04296086,1.54960323,-0.17754290,2.78727762,0.13319327,0.00284151,-0.01073116,-0.03345957,-34.93201447,-3.40032911,-0.03430645,-34.93207483,-3.40049231,-0.00552493,0.13309314,0.00021564,-0.03983138,-34.79898169,-3.40027667,-0.03935984,-34.79602944,-3.38431429,-0.00893625,0.00461119,0.00124614,0.06910992,0.00370045,-0.00562374,1
9.490,1.54268978,-0.17286543,2.78835806,0.20225721,0.00671476,-0.01678689,-0.00462932,0.01737432,-0.04343579,1.55093296,-0.17749844,2.78716461,0.13313831,0.00324268,-0.01087372,-0.03389123,-34.93199539,-3.40120888,-0.03473904,-34.93205327,-3.40136760,0.00488077,0.13250603,-0.00119168,-0.02985827,-34.79954724,-3.40255928,-0.02945065,-34.79609299,-3.38604275,-0.00824318,0.00463301,0.00119345,0.06911890,0.00347208,-0.00591317,1
9.500,1.54471212,-0.17279741,2.78818801,0.20221060,0.00688944,-0.01722361,-0.00469310,0.01756291,-0.04390728,1.55359099,-0.17740097,2.78693538,0.13307191,0.00368604,-0.01103392,-0.03432127,-34.93201065,-3.40210414,-0.03517001,-34.93206608,-3.40225844,-0.00462390,0.13043546,-0.00111236,-0.03979391,-34.80163062,-3.40337080,-0.03953163,-34.79693448,-3.38641900,-0.00887887,0.00460356,0.00125263,0.06913869,0.00320340,-0.00618969,1
9.510,1.54673399,-0.17272763,2.78801357,0.20216335,0.00706601,-0.01766503,-0.00475685,0.01775013,-0.04437534,1.55624715,-0.17729200,2.78670136,0.13300058,0.00416272,-0.01121584,-0.03475113,-34.93204880,-3.40301132,-0.03560081,-34.93210178,-3.40316126,-0.01409966,0.12796427,-0.00098527,-0.04970047,-34.80413751,-3.40414653,-0.02962242,-34.79727904,-3.38821030,-0.00951316,0.00456437,0.00131221,0.06916277,0.00290329,-0.00644919,1
9.520,1.54875539,-0.17265608,2.78783469,0.20211546,0.00724444,-0.01811110,-0.00482059,0.01793598,-0.04483996,1.55757444,-0.17723319,2.78658254,0.13293265,0.00459213,-0.01138247,-0.03517964,-34.93211746,-3.40393114,-0.03603026,-34.93216799,-3.40407676,-0.00365672,0.12703717,-0.00246337,-0.03968697,-34.80513082,-3.40654013,-0.03969356,-34.79833693,-3.38871641,-0.00881905,0.00457711,0.00125215,0.06918281,0.00265231,-0.00672863,1
9.530,1.55077630,-0.17258274,2.78765133,0.20206694,0.00742473,-0.01856181,-0.00488430,0.01812046,-0.04530116,1.56022773,-0.17710685,2.78634067,0.13286018,0.00505976,-0.01157741,-0.03560646,-34.93221664,-3.40486717,-0.03645800,-34.93226476,-3.40500852,-0.01310389,0.12428451,-0.00234091,-0.04956190,-34.80798025,-3.40734943,-0.02976668,-34.79885062,-3.39061806,-0.00945143,0.00452411,0.00131066,0.06920676,0.00236497,-0.00698440,1
9.540,1.55279672,-0.17250758,2.78746344,0.20201778,0.00760685,-0.01901712,-0.00494799,0.01830358,-0.04575895,1.56155358,-0.17703932,2.78621767,0.13279140,0.00548300,-0.01175810,-0.03603355,-34.93234634,-3.40581465,-0.03688602,-34.93239202,-3.40595178,-0.00265487,0.12327878,-0.00386975,-0.03954089,-34.80911325,-3.40982152,-0.03979769,-34.80028714,-3.39121060,-0.00875686,0.00453174,0.00124577,0.06922638,0.00212385,-0.00725902,1
9.550,1.55481665,-0.17243059,2.78727098,0.20196798,0.00779079,-0.01947698,-0.00501166,0.01848533,-0.04621332,1.56420399,-0.17689546,2.78596689,0.13271834,0.00594726,-0.01197299,-0.03645832,-34.93249893,-3.40677547,-0.03731174,-34.93254220,-3.40690845,-0.01207500,0.12021427,-0.00372266,-0.04938674,-34.81232793,-3.41063110,-0.02985101,-34.80096083,-3.39321951,-0.00938734,0.00446487,0.00130409,0.06924964,0.00184353,-0.00750399,1
9.560,1.55683608,-0.17235176,2.78707389,0.20191754,0.00797655,-0.01994137,-0.00507530,0.01866572,-0.04666430,1.56552841,-0.17681914,2.78583914,0.13264918,0.00636850,-0.01217350,-0.03688216,-34.93268967,-3.40775347,-0.03773649,-34.93273053,-3.40788232,-0.00162105,0.11910848,-0.00528254,-0.03935754,-34.81362205,-3.41316486,-0.03983138,-34.80279780,-3.39388916,-0.00869233,0.00446738,0.00123475,0.06926836,0.00160805,-0.00776787,1
9.570,1.55885500,-0.17227106,2.78687213,0.20186647,0.00816410,-0.02041026,-0.00513892,0.01884475,-0.04711188,1.56817567,-0.17665769,2.78557878,0.13257223,0.00683147,-0.01240679,-0.03730551,-34.93290710,-3.40874624,-0.03816078,-34.93294558,-3.40887102,-0.01100365,0.11572140,-0.00510853,-0.04916443,-34.81722418,-3.41397954,-0.02985827,-34.80365744,-3.39600596,-0.00932067,0.00438663,0.00129335,0.06929424,0.00133263,-0.00800347,1
9.580,1.56087341,-0.17218847,2.78666567,0.20181477,0.00835344,-0.02088360,-0.00520252,0.01902243,-0.04755607,1.56949851,-0.17657255,2.78544593,0.13250023,0.00725217,-0.01262640,-0.03772770,-34.93315887,-3.40975189,-0.03858389,-34.93319497,-3.40987266,-0.00053815,0.11450958,-0.00669853,-0.03912205,-34.81868538,-3.41657119,-0.03979391,-34.80588774,-3.39672818,-0.00862510,0.00438408,0.00121974,0.06931454,0.00110127,-0.00825720,1
9.590,1.56289130,-0.17210398,2.78645445,0.20176242,0.00854455,-0.02136137,-0.00526609,0.01919875,-0.04799688,1.57214233,-0.17639347,2.78517497,0.13241400,0.00771404,-0.01287864,-0.03814834,-34.93343735,-3.41077280,-0.03900546,-34.93347108,-3.41088960,-0.00986864,0.11079959,-0.00648447,-0.04887410,-34.82267149,-3.41737408,-0.04970047,-34.80868735,-3.39732885,-0.00925103,0.00428949,0.00127948,0.06934842,0.00083051,-0.00848273,1
9.600,1.56490866,-0.17201757,2.78623843,0.20170944,0.00873741,-0.02184352,-0.00532964,0.01937373,-0.04843432,1.57346332,-0.17629952,2.78503662,0.13233514,0.00813406,-0.01311777,-0.03856836,-34.93374634,-3.41180682,-0.03942640,-34.93377770,-3.41191971,0.00062020,0.10948407,-0.00810052,-0.03880620,-34.82429363,-3.42002023,-0.03968697,-34.80982788,-3.39962256,-0.00855466,0.00428195,0.00120181,0.06937430,0.00060335,-0.00872575,1
9.610,1.56692548,-0.17192923,2.78601756,0.20165583,0.00893202,-0.02233004,-0.00539316,0.01954736,-0.04886839,1.57610344,-0.17610283,2.78475402,0.13224398,0.00859564,-0.01339529,-0.03898724,-34.93408966,-3.41285777,-0.03984621,-34.93411865,-3.41296678,-0.00866341,0.10544877,-0.00781931,-0.04850962,-34.82866988,-3.42078609,-0.04956190,-34.81297044,-3.40023549,-0.00917796,0.00417360,0.00126354,0.06941185,0.00033638,-0.00893475,1
9.620,1.56894177,-0.17183893,2.78579181,0.20160158,0.00912835,-0.02282088,-0.00545666,0.01971964,-0.04929910,1.57742258,-0.17600008,2.78460953,0.13216153,0.00901548,-0.01365889,-0.03940479,-34.93446350,-3.41392326,-0.04026469,-34.93449014,-3.41402847,0.00184172,0.10402830,-0.00944252,-0.03842297,-34.83046184,-3.42347100,-0.03954089,-34.81425075,-3.40259668,-0.00848081,0.00416115,0.00118228,0.06944005,0.00011287,-0.00916199,1
9.630,1.57095751,-0.17174666,2.78556113,0.20154670,0.00932640,-0.02331601,-0.00552013,0.01989058,-0.04972646,1.58005903,-0.17578577,2.78431398,0.13206793,0.00947689,-0.01396570,-0.03982241,-34.93486786,-3.41500425,-0.04068323,-34.93489218,-3.41510569,-0.00740059,0.09966856,-0.00906884,-0.04808382,-34.83522361,-3.42417452,-0.04938674,-34.81775849,-3.40318803,-0.00910152,0.00403911,0.00124715,0.06947877,-0.00015049,-0.00935031,1
9.640,1.57297270,-0.17165239,2.78532548,0.20149118,0.00952616,-0.02381540,-0.00558358,0.02006019,-0.05015048,1.58137634,-0.17567422,2.78416268,0.13198379,0.00989650,-0.01425679,-0.04023796,-34.93529510,-3.41610122,-0.04109969,-34.93531710,-3.41619893,0.00311640,0.09814532,-0.01068497,-0.03798329,-34.83717178,-3.42688390,-0.03935754,-34.81919971,-3.40559983,-0.00840364,0.00402183,0.00116280,0.06950739,-0.00037034,-0.00955861,1
9.650,1.57498733,-0.17155613,2.78508481,0.20143503,0.00972760,-0.02431901,-0.00564700,0.02022846,-0.05057115,1.58269310,-0.17555972,2.78400897,0.13190672,0.01028482,-0.01453531,-0.04065291,-34.93577576,-3.41721582,-0.04151557,-34.93579541,-3.41730987,0.01361866,0.09676294,-0.01237713,-0.02789691,-34.83903248,-3.42968700,-0.03935754,-34.81934696,-3.40547943,-0.00770577,0.00400359,0.00107584,0.06952831,-0.00055722,-0.00978370,1
9.660,1.57700140,-0.17145784,2.78483908,0.20137824,0.00993072,-0.02482681,-0.00571039,0.02039540,-0.05098849,1.58532465,-0.17532199,2.78369411,0.13181758,0.01072192,-0.01487052,-0.04106616,-34.93627548,-3.41834307,-0.04192974,-34.93629282,-3.41843349,0.00441274,0.09211474,-0.01190870,-0.03751700,-34.84417808,-3.43034219,-0.03912205,-34.82470198,-3.40863310,-0.00832325,0.00386415,0.00114497,0.06956066,-0.00079120,-0.00995629,1
9.670,1.57901490,-0.17135751,2.78458826,0.20132082,0.01013551,-0.02533877,-0.00577376,0.02056101,-0.05140251,1.58663960,-0.17519872,2.78353272,0.13173692,0.01112310,-0.01518764,-0.04147947,-34.93680573,-3.41948557,-0.04234397,-34.93682077,-3.41957243,0.01492986,0.09056703,-0.01355734,-0.02741410,-34.84625374,-3.43312977,-0.03912205,-34.82484871,-3.40850169,-0.00762470,0.00384121,0.00105554,0.06958390,-0.00098759,-0.01015113,1
9.680,1.58102781,-0.17125512,2.78433229,0.20126276,0.01034194,-0.02585485,-0.00583710,0.02072529,-0.05181322,1.58926757,-0.17494350,2.78320185,0.13164542,0.01156899,-0.01556251,-0.04189094,-34.93737793,-3.42064571,-0.04275636,-34.93739068,-3.42072905,0.00576269,0.08555634,-0.01293556,-0.03699367,-34.85183434,-3.43366461,-0.03880620,-34.83074697,-3.41167667,-0.00823976,0.00368838,0.00113044,0.06961734,-0.00122705,-0.01029234,1
9.690,1.58304015,-0.17115066,2.78407115,0.20120408,0.01055001,-0.02637502,-0.00590041,0.02088824,-0.05222061,1.59058073,-0.17481152,2.78303214,0.13156316,0.01197636,-0.01591476,-0.04230148,-34.93796539,-3.42182374,-0.04316780,-34.93797586,-3.42190360,0.01628996,0.08387909,-0.01454284,-0.02687784,-34.85409677,-3.43644644,-0.03880620,-34.83089285,-3.41153447,-0.00754058,0.00366086,0.00103901,0.06964092,-0.00142635,-0.01046026,1
9.700,1.58505189,-0.17104412,2.78380478,0.20114476,0.01075970,-0.02689925,-0.00596369,0.02104988,-0.05262470,1.59189321,-0.17467667,2.78285961,0.13148427,0.01235346,-0.01624921,-0.04271145,-34.93859863,-3.42301536,-0.04357869,-34.93860681,-3.42309179,0.02681121,0.08234160,-0.01623633,-0.01676748,-34.85626521,-3.43932813,-0.04850962,-34.83541226,-3.41215982,-0.00684132,0.00363255,0.00094517,0.06966049,-0.00159376,-0.01065004,1
9.710,1.58706304,-0.17093546,2.78353315,0.20108480,0.01097100,-0.02742750,-0.00602695,0.02121020,-0.05302549,1.59451655,-0.17439830,2.78250535,0.13139823,0.01278083,-0.01665328,-0.04311990,-34.93926239,-3.42422819,-0.04398805,-34.93926829,-3.42430124,0.01767309,0.07702555,-0.01547157,-0.02631496,-34.86224274,-3.43977281,-0.03842297,-34.83749331,-3.41453826,-0.00745351,0.00346284,0.00102780,0.06968657,-0.00180983,-0.01077422,1
9.720,1.58907359,-0.17082469,2.78325621,0.20102422,0.01118390,-0.02795975,-0.00609018,0.02136920,-0.05342299,1.59582727,-0.17425484,2.78232370,0.13131670,0.01317215,-0.01703134,-0.04352830,-34.93996048,-3.42545247,-0.04439737,-34.93996412,-3.42552219,0.02820565,0.07532303,-0.01709481,-0.01619172,-34.86464109,-3.44261700,-0.04808382,-34.84239667,-3.41509176,-0.00675368,0.00343015,0.00093251,0.06970752,-0.00198825,-0.01092841,1
9.730,1.59108352,-0.17071178,2.78297394,0.20096300,0.01139838,-0.02849595,-0.00615338,0.02152688,-0.05381721,1.59713746,-0.17410853,2.78213877,0.13124233,0.01353703,-0.01739663,-0.04393454,-34.94068909,-3.42669463,-0.04480452,-34.94069047,-3.42676108,0.03872196,0.07374267,-0.01878672,-0.00608257,-34.86694780,-3.44554780,-0.03798329,-34.84448761,-3.41763764,-0.00605394,0.00339675,0.00083517,0.06972067,-0.00213865,-0.01109932,1
9.740,1.59309285,-0.17059672,2.78268628,0.20090115,0.01161443,-0.02903608,-0.00621655,0.02168326,-0.05420816,1.59975641,-0.17380729,2.78175893,0.13116382,0.01395439,-0.01783950,-0.04434032,-34.94145584,-3.42795563,-0.04521120,-34.94145496,-3.42801885,0.02960439,0.06808799,-0.01783057,-0.01560681,-34.87336697,-3.44584941,-0.02789691,-34.84663571,-3.42010295,-0.00666356,0.00321057,0.00092735,0.06973733,-0.00233996,-0.01119658,1
9.750,1.59510155,-0.17047949,2.78239320,0.20083867,0.01183204,-0.02958011,-0.00627969,0.02183833,-0.05459583,1.60106517,-0.17365240,2.78156379,0.13109192,0.01433789,-0.01825802,-0.04474469,-34.94225693,-3.42923212,-0.04561649,-34.94225381,-3.42929216,0.04011634,0.06632349,-0.01941678,-0.00550015,-34.87593031,-3.44870895,-0.03751700,-34.85192229,-3.42058540,-0.00596362,0.00317291,0.00082941,0.06974675,-0.00250585,-0.01132209,1
9.760,1.59710962,-0.17036007,2.78209467,0.20077556,0.01205120,-0.03012799,-0.00634280,0.02199210,-0.05498025,1.60368158,-0.17333410,2.78116237,0.13101946,0.01476781,-0.01875745,-0.04514825,-34.94308853,-3.43052697,-0.04602094,-34.94308319,-3.43058389,0.03100332,0.06030359,-0.01819938,-0.01501762,-34.88277960,-3.44878327,-0.02741410,-34.85428252,-3.42300190,-0.00657196,0.00297403,0.00093230,0.06975610,-0.00271661,-0.01137054,1
9.770,1.59911705,-0.17023846,2.78179063,0.20071181,0.01227188,-0.03067970,-0.00640588,0.02214457,-0.05536141,1.60498909,-0.17317075,2.78095621,0.13095232,0.01515954,-0.01922217,-0.04555128,-34.94395065,-3.43183708,-0.04642488,-34.94394307,-3.43189090,0.04150306,0.05841076,-0.01968841,-0.00492182,-34.88553230,-3.45157931,-0.03699367,-34.86000170,-3.42335644,-0.00587204,0.00293229,0.00083442,0.06975949,-0.00288766,-0.01145753,1
9.780,1.60112385,-0.17011463,2.78148106,0.20064744,0.01249408,-0.03123521,-0.00646894,0.02229573,-0.05573933,1.60629624,-0.17300461,2.78074617,0.13089292,0.01552315,-0.01966757,-0.04595319,-34.94485092,-3.43316698,-0.04682770,-34.94484112,-3.43321776,0.05198272,0.05665173,-0.02125688,0.00515503,-34.88818939,-3.45447463,-0.02687784,-34.86240377,-3.42594456,-0.00517239,0.00288998,0.00073489,0.06975452,-0.00302907,-0.01156764,1
9.790,1.60313000,-0.16998857,2.78116592,0.20058243,0.01271779,-0.03179448,-0.00653196,0.02244560,-0.05611400,1.60890990,-0.17266388,2.78031367,0.13083781,0.01593684,-0.02020832,-0.04635419,-34.94578552,-3.43451333,-0.04722960,-34.94577353,-3.43456111,0.04284449,0.05034032,-0.01977670,-0.00438511,-34.89543320,-3.45433781,-0.01676748,-34.86485416,-3.42841285,-0.00577990,0.00267531,0.00085225,0.06974462,-0.00321905,-0.01158616,1
9.800,1.60513550,-0.16986027,2.78084516,0.20051680,0.01294299,-0.03235748,-0.00659495,0.02259418,-0.05648545,1.61021627,-0.17248936,2.78009136,0.13078766,0.01631556,-0.02071402,-0.04675351,-34.94675064,-3.43587708,-0.04762982,-34.94673642,-3.43592192,0.05329537,0.04842257,-0.02119902,0.00566555,-34.89831385,-3.45712094,-0.02631496,-34.87096860,-3.42865725,-0.00508077,0.00262909,0.00075380,0.06972914,-0.00337257,-0.01164346,1
9.810,1.60714033,-0.16972971,2.78051875,0.20045054,0.01316967,-0.03292417,-0.00665791,0.02274147,-0.05685366,1.61282841,-0.17213204,2.77963396,0.13073991,0.01673767,-0.02130597,-0.04715222,-34.94775772,-3.43725801,-0.04802943,-34.94774132,-3.43729994,0.04414304,0.04178134,-0.01943206,-0.00388639,-34.90595998,-3.45673201,-0.01619172,-34.87364308,-3.43107609,-0.00568808,0.00240233,0.00088479,0.06971063,-0.00356800,-0.01161820,1
9.820,1.60914451,-0.16959687,2.78018666,0.20038364,0.01339782,-0.03349454,-0.00672084,0.02288746,-0.05721866,1.61413432,-0.17194922,2.77939863,0.13070279,0.01712394,-0.02186270,-0.04754986,-34.94879913,-3.43865824,-0.04842796,-34.94878055,-3.43869734,0.05455248,0.03974572,-0.02072328,0.00612452,-34.90903483,-3.45942062,-0.00608257,-34.87608919,-3.43378136,-0.00498981,0.00235235,0.00078803,0.06968085,-0.00372612,-0.01163184,1
9.830,1.61114801,-0.16946174,2.77984885,0.20031612,0.01362741,-0.03406854,-0.00678374,0.02303218,-0.05758045,1.61674572,-0.17157546,2.77891459,0.13066903,0.01754882,-0.02250545,-0.04794684,-34.94986725,-3.44007730,-0.04882585,-34.94984648,-3.44011360,0.04536089,0.03280784,-0.01864950,-0.00346497,-34.91703864,-3.45876310,-0.00550015,-34.88534204,-3.43649210,-0.00559771,0.00211372,0.00093426,0.06964709,-0.00392141,-0.01156309,1
9.840,1.61315083,-0.16932432,2.77950528,0.20024797,0.01385845,-0.03464614,-0.00684660,0.02317561,-0.05793903,1.61935680,-0.17119094,2.77841233,0.13063796,0.01800084,-0.02321255,-0.04834291,-34.95097733,-3.44151402,-0.04922281,-34.95095438,-3.44154757,0.03615661,0.02552914,-0.01626163,-0.01306620,-34.92542524,-3.45780920,-0.01501762,-34.89245804,-3.43611634,-0.00620597,0.00186662,0.00109295,0.06961001,-0.00414239,-0.01143359,1
9.850,1.61515296,-0.16918457,2.77915592,0.20017919,0.01409092,-0.03522731,-0.00690943,0.02331776,-0.05829441,1.62066221,-0.17099474,2.77815432,0.13061376,0.01840559,-0.02385943,-0.04873819,-34.95212173,-3.44296646,-0.04961898,-34.95209662,-3.44299728,0.04651271,0.02326014,-0.01728401,-0.00310627,-34.92883648,-3.46028130,-0.00492182,-34.89534223,-3.43867927,-0.00550925,0.00181017,0.00100160,0.06956543,-0.00431467,-0.01136788,1
9.860,1.61715441,-0.16904249,2.77880072,0.20010978,0.01432481,-0.03581201,-0.00697223,0.02345864,-0.05864660,1.62327307,-0.17059441,2.77762423,0.13059750,0.01884144,-0.02458171,-0.04913201,-34.95329666,-3.44444156,-0.05001369,-34.95326938,-3.44446974,0.03725912,0.01579732,-0.01466520,-0.01275458,-34.93747206,-3.45913494,0.00515503,-34.89826388,-3.44110036,-0.00611866,0.00155192,0.00117649,0.06951228,-0.00451663,-0.01123030,1
9.870,1.61915516,-0.16889807,2.77843966,0.20003974,0.01456009,-0.03640023,-0.00703500,0.02359825,-0.05899561,1.62457853,-0.17039038,2.77735208,0.13058457,0.01923185,-0.02523991,-0.04952468,-34.95450974,-3.44593239,-0.05040726,-34.95448032,-3.44595794,0.04756886,0.01353436,-0.01564507,-0.00283840,-34.94094596,-3.46160300,-0.00438511,-34.90563475,-3.44073056,-0.00542337,0.00149231,0.00108758,0.06945517,-0.00467176,-0.01116032,1
9.880,1.62115520,-0.16875129,2.77807271,0.19996908,0.01479677,-0.03699192,-0.00709773,0.02373658,-0.05934145,1.62718950,-0.16997466,2.77679373,0.13057707,0.01965242,-0.02596987,-0.04991715,-34.95576477,-3.44744253,-0.05080061,-34.95573322,-3.44746552,0.03827253,0.00589387,-0.01280991,-0.01252808,-34.94983935,-3.46027543,0.00566555,-34.90877091,-3.44304106,-0.00603430,0.00122337,0.00127898,0.06939201,-0.00485565,-0.01102205,1
9.890,1.62315454,-0.16860213,2.77769981,0.19989779,0.01503482,-0.03758705,-0.00716043,0.02387364,-0.05968411,1.62849502,-0.16976308,2.77650754,0.13057082,0.02002878,-0.02663219,-0.05030794,-34.95704651,-3.44897175,-0.05119229,-34.95701280,-3.44899222,0.04854438,0.00364416,-0.01376796,-0.00264791,-34.95336864,-3.46276018,-0.00388639,-34.91653891,-3.44242244,-0.00534048,0.00116095,0.00119227,0.06932697,-0.00499396,-0.01095486,1
9.900,1.62515315,-0.16845059,2.77732095,0.19982587,0.01527423,-0.03818559,-0.00722310,0.02400944,-0.06002361,1.62980052,-0.16954906,2.77621681,0.13056549,0.02037219,-0.02724238,-0.05069812,-34.95836639,-3.45052028,-0.05158335,-34.95833055,-3.45053826,0.05880328,0.00156423,-0.01488343,0.00721993,-34.95676632,-3.46542168,-0.00388639,-34.91666120,-3.44219553,-0.00464737,0.00109847,0.00110414,0.06926038,-0.00509796,-0.01094321,1
9.910,1.62715105,-0.16829664,2.77693609,0.19975333,0.01551500,-0.03878751,-0.00728573,0.02414398,-0.06035995,1.63241173,-0.16911378,2.77562136,0.13056402,0.02074912,-0.02793070,-0.05108761,-34.95972443,-3.45208788,-0.05197372,-34.95968646,-3.45210343,0.04945618,-0.00614809,-0.01192850,-0.00251755,-34.96583455,-3.46403193,-0.00346497,-34.92797859,-3.44376527,-0.00526068,0.00081714,0.00131473,0.06918931,-0.00523412,-0.01085681,1
9.920,1.62914822,-0.16814028,2.77654519,0.19968016,0.01575711,-0.03939278,-0.00734833,0.02427726,-0.06069315,1.63371731,-0.16889265,2.77531700,0.13056235,0.02109004,-0.02855716,-0.05147574,-34.96112061,-3.45367193,-0.05236273,-34.96108052,-3.45368511,0.05968256,-0.00825984,-0.01299924,0.00731983,-34.96934036,-3.46668435,-0.00346497,-34.92809504,-3.44354482,-0.00456909,0.00075237,0.00122819,0.06911781,-0.00533293,-0.01083562,1
9.930,1.63114465,-0.16798149,2.77614823,0.19960636,0.01600054,-0.04000136,-0.00741089,0.02440928,-0.06102320,1.63632810,-0.16844384,2.77469586,0.13055641,0.02145495,-0.02923544,-0.05186355,-34.96254349,-3.45527768,-0.05275142,-34.96250128,-3.45528853,0.05032624,-0.01611684,-0.00990916,-0.00242518,-34.97861812,-3.46519769,-0.00310627,-34.94011133,-3.44464615,-0.00518345,0.00046235,0.00145237,0.06904995,-0.00545441,-0.01076592,1
9.940,1.63314034,-0.16782027,2.77574515,0.19953194,0.01624529,-0.04061323,-0.00747342,0.02454005,-0.06135012,1.63763346,-0.16821615,2.77437895,0.13055141,0.02178350,-0.02984924,-0.05224980,-34.96400833,-3.45690393,-0.05313856,-34.96396402,-3.45691249,0.06053778,-0.01819680,-0.01102325,0.00739922,-34.98216082,-3.46793573,-0.00310627,-34.94022104,-3.44443599,-0.00449312,0.00039588,0.00136620,0.06898053,-0.00553821,-0.01076399,1
9.950,1.63513529,-0.16765658,2.77533595,0.19945689,0.01649134,-0.04122835,-0.00753592,0.02466957,-0.06167392,1.63893866,-0.16798642,2.77405820,0.13054349,0.02208097,-0.03040557,-0.05263531,-34.96551132,-3.45854759,-0.05352494,-34.96546491,-3.45855390,0.07074602,-0.02010435,-0.01231883,0.01722108,-34.98556927,-3.47087273,-0.01275458,-34.94895876,-3.44309765,-0.00380337,0.00032984,0.00127775,0.06891340,-0.00558963,-0.01082278,1
9.960,1.63712948,-0.16749043,2.77492058,0.19938122,0.01673868,-0.04184670,-0.00759837,0.02479784,-0.06199459,1.64154899,-0.16752081,2.77340470,0.13053647,0.02240646,-0.03102256,-0.05301991,-34.96705627,-3.46021152,-0.05391042,-34.96700776,-3.46021564,0.06136218,-0.02798141,-0.00922493,0.00745175,-34.99498917,-3.46944057,-0.00283840,-34.95263741,-3.44516623,-0.00441951,0.00003038,0.00151588,0.06884475,-0.00566778,-0.01082414,1
9.970,1.63912291,-0.16732181,2.77449901,0.19930492,0.01698729,-0.04246823,-0.00766079,0.02492486,-0.06231215,1.64285398,-0.16728509,2.77307239,0.13052700,0.02269793,-0.03157464,-0.05340407,-34.96862411,-3.46189570,-0.05429545,-34.96857353,-3.46189766,0.07155145,-0.02987339,-0.01055754,0.01725601,-34.99844691,-3.47245521,-0.01252808,-34.96162553,-3.44366000,-0.00373107,-0.00003672,0.00142662,0.06877792,-0.00571064,-0.01089359,1
9.980,1.64111558,-0.16715068,2.77407120,0.19922800,0.01723717,-0.04309293,-0.00772318,0.02505064,-0.06262660,1.64546403,-0.16680795,2.77239629,0.13052241,0.02301138,-0.03218180,-0.05378680,-34.97023773,-3.46359777,-0.05467905,-34.97018506,-3.46359761,0.06214174,-0.03784205,-0.00737196,0.00746269,-35.00802712,-3.47096957,0.00721993,-34.96874218,-3.44842005,-0.00434845,-0.00034273,0.00167491,0.06870559,-0.00577421,-0.01091113,1
9.990,1.64310747,-0.16697706,2.77363714,0.19915046,0.01748830,-0.04372076,-0.00778553,0.02517518,-0.06293795,1.64676923,-0.16656653,2.77205236,0.13052202,0.02329422,-0.03273468,-0.05416898,-34.97188187,-3.46532011,-0.05506210,-34.97182711,-3.46531789,0.07228401,-0.03969660,-0.00872937,0.01722190,-35.01152371,-3.47404726,0.00721993,-34.96883768,-3.44822501,-0.00366176,-0.00041053,0.00158478,0.06862844,-0.00580592,-0.01098608,1
10.000,1.64509858,-0.16680091,2.77319678,0.19907229,0.01774067,-0.04435168,-0.00784784,0.02529849,-0.06324622,1.64937972,-0.16607842,2.77135380,0.13052410,0.02359386,-0.03332920,-0.05454974,-34.97356796,-3.46706462,-0.05544373,-34.97351114,-3.46706037,0.06282859,-0.04773324,-0.00546197,0.00738486,-35.02124438,-3.47252234,0.00731983,-34.98158675,-3.44912797,-0.00428114,-0.00072249,0.00184298,0.06854819,-0.00585319,-0.01102248,1
10.010,1.64708891,-0.16662224,2.77275009,0.19899350,0.01799427,-0.04498567,-0.00791011,0.02542056,-0.06355139,1.65068514,-0.16583173,2.77099904,0.13052862,0.02386267,-0.03386590,-0.05493023,-34.97529221,-3.46882629,-0.05582509,-34.97523332,-3.46882008,0.07293199,-0.04951142,-0.00689853,0.01710690,-35.02474474,-3.47571861,0.00731983,-34.98167491,-3.44894635,-0.00359623,-0.00079051,0.00175105,0.06846488,-0.00586840,-0.01111977,1
10.020,1.64907845,-0.16644103,2.77229705,0.19891409,0.01824908,-0.04562270,-0.00797235,0.02554140,-0.06385349,1.65329605,-0.16533355,2.77027967,0.13053421,0.02414428,-0.03443425,-0.05530937,-34.97705460,-3.47060943,-0.05620510,-34.97699366,-3.47060128,0.06343734,-0.05757182,-0.00360601,0.00723224,-35.03456548,-3.47420729,0.00739922,-34.99465536,-3.44986609,-0.00421760,-0.00110748,0.00201738,0.06837988,-0.00589520,-0.01118845,1
10.030,1.65106719,-0.16625726,2.77183763,0.19883406,0.01850509,-0.04626273,-0.00803455,0.02566101,-0.06415252,1.65460182,-0.16508205,2.76991463,0.13054495,0.02439581,-0.03495191,-0.05568830,-34.97885513,-3.47241306,-0.05658488,-34.97879215,-3.47240303,0.07349677,-0.05924515,-0.00513683,0.01691189,-35.03803730,-3.47753987,0.01722108,-34.99814447,-3.45262029,-0.00353463,-0.00117521,0.00192300,0.06828911,-0.00589072,-0.01131082,1
10.040,1.65305513,-0.16607092,2.77137179,0.19875340,0.01876229,-0.04690574,-0.00809671,0.02577939,-0.06444848,1.65590785,-0.16482892,2.76954599,0.13055953,0.02462508,-0.03542983,-0.05606527,-34.98068619,-3.47423625,-0.05696271,-34.98062117,-3.47422437,0.08353205,-0.06077772,-0.00681139,0.02656934,-35.04139889,-3.48103577,0.01722108,-34.99822572,-3.45244094,-0.00285272,-0.00124200,0.00182580,0.06819387,-0.00586279,-0.01147591,1
10.050,1.65504226,-0.16588201,2.77089950,0.19867212,0.01902068,-0.04755169,-0.00815883,0.02589655,-0.06474138,1.65852040,-0.16431828,2.76879898,0.13057975,0.02487023,-0.03595259,-0.05644230,-34.98255157,-3.47608185,-0.05734061,-34.98248449,-3.47606819,0.07394428,-0.06875795,-0.00354590,0.01660367,-35.05124244,-3.47961409,0.01725601,-35.01124974,-3.45369477,-0.00347814,-0.00156373,0.00210052,0.06809237,-0.00584955,-0.01159910,1
10.060,1.65702857,-0.16569050,2.77042074,0.19859022,0.01928022,-0.04820055,-0.00822091,0.02601250,-0.06503124,1.65982706,-0.16406074,2.76842043,0.13060134,0.02509113,-0.03642807,-0.05681802,-34.98445892,-3.47794676,-0.05771718,-34.98438981,-3.47793135,0.08392924,-0.07021873,-0.00528014,0.02621205,-35.05460854,-3.48321149,0.01725601,-35.01132383,-3.45352795,-0.00279849,-0.00162976,0.00200031,0.06798888,-0.00581091,-0.01177248,1
10.070,1.65901406,-0.16549640,2.76993548,0.19850770,0.01954092,-0.04885230,-0.00828295,0.02612722,-0.06531805,1.66244085,-0.16354171,2.76765438,0.13062659,0.02532271,-0.03693609,-0.05719274,-34.98640442,-3.47983313,-0.05809275,-34.98633328,-3.47981602,0.07428572,-0.07820017,-0.00198690,0.01619297,-35.06453345,-3.48180292,0.01722190,-35.02453244,-3.45481719,-0.00342679,-0.00195469,0.00228110,0.06788111,-0.00578179,-0.01191621,1
10.080,1.66099872,-0.16529968,2.76944369,0.19842457,0.01980276,-0.04950691,-0.00834496,0.02624073,-0.06560183,1.66374813,-0.16328020,2.76726670,0.13065183,0.02552982,-0.03739409,-0.05756732,-34.98839188,-3.48173714,-0.05846819,-34.98831871,-3.48171837,0.08422699,-0.07955036,-0.00382967,0.02575880,-35.06786908,-3.48554804,0.01722190,-35.02459929,-3.45466322,-0.00274941,-0.00201948,0.00217699,0.06777274,-0.00572706,-0.01211282,1
10.090,1.66298255,-0.16510034,2.76894534,0.19834081,0.02006573,-0.05016433,-0.00840692,0.02635303,-0.06588258,1.66636314,-0.16275367,2.76648316,0.13067954,0.02574377,-0.03787605,-0.05794048,-34.99041367,-3.48366499,-0.05884220,-34.99033849,-3.48364459,0.07453304,-0.08748972,-0.00055840,0.01569084,-35.07782821,-3.48420299,0.01710690,-35.03793754,-3.45605765,-0.00338059,-0.00234667,0.00246218,0.06766127,-0.00567804,-0.01228828,1
10.100,1.66496554,-0.16489836,2.76844039,0.19825643,0.02032982,-0.05082455,-0.00846885,0.02646412,-0.06616030,1.66897898,-0.16222255,2.76568869,0.13070891,0.02595952,-0.03836777,-0.05831277,-34.99247360,-3.48561263,-0.05921533,-34.99239641,-3.48559067,0.06480873,-0.09548181,0.00278694,0.00559340,-35.08787823,-3.48280372,0.00723224,-35.04786887,-3.45428582,-0.00401344,-0.00267581,0.00275170,0.06754752,-0.00562970,-0.01245678,1
10.110,1.66694768,-0.16469374,2.76792884,0.19817143,0.02059501,-0.05148753,-0.00853073,0.02657401,-0.06643502,1.67028719,-0.16195545,2.76528760,0.13073696,0.02614729,-0.03880305,-0.05868493,-34.99457550,-3.48758149,-0.05958834,-34.99449632,-3.48755800,0.07468822,-0.09666230,0.00078434,0.01509988,-35.09115862,-3.48677366,0.01691189,-35.05139259,-3.45748542,-0.00333951,-0.00273829,0.00264124,0.06743447,-0.00555228,-0.01268448,1
10.120,1.66892896,-0.16448646,2.76741063,0.19808581,0.02086129,-0.05215324,-0.00859258,0.02668269,-0.06670672,1.67290448,-0.16141806,2.76447737,0.13077359,0.02634125,-0.03926611,-0.05905534,-34.99671555,-3.48957276,-0.05995959,-34.99663436,-3.48954778,0.06489966,-0.10455955,0.00407686,0.00494007,-35.10119391,-3.48547092,0.02656934,-35.05486045,-3.46070813,-0.00397552,-0.00306840,0.00293326,0.06731222,-0.00547996,-0.01288713,1
10.130,1.67090939,-0.16427651,2.76688576,0.19799958,0.02112866,-0.05282165,-0.00865438,0.02679017,-0.06697542,1.67421354,-0.16114793,2.76406837,0.13080689,0.02650927,-0.03967449,-0.05942484,-34.99887848,-3.49158263,-0.06032994,-34.99879528,-3.49155620,0.07472773,-0.10557366,0.00192325,0.01439779,-35.10436894,-3.48963295,0.01660367,-35.06474911,-3.45916427,-0.00330415,-0.00312858,0.00281739,0.06719269,-0.00538061,-0.01314716,1
10.140,1.67288895,-0.16406388,2.76635419,0.19791272,0.02139709,-0.05349274,-0.00871614,0.02689645,-0.06724113,1.67683281,-0.16060486,2.76324222,0.13085066,0.02668199,-0.04011620,-0.05979489,-35.00109482,-3.49361682,-0.06070082,-35.00100962,-3.49358898,0.06486696,-0.11336283,0.00518256,0.00416614,-35.11437245,-3.48840643,0.02621205,-35.06820861,-3.46249081,-0.00394386,-0.00345902,0.00311197,0.06706206,-0.00528490,-0.01337654,1
10.150,1.67486764,-0.16384856,2.76581590,0.19782525,0.02166659,-0.05416646,-0.00877786,0.02700154,-0.06750385,1.67814285,-0.16033209,2.76282557,0.13088908,0.02683072,-0.04050331,-0.06016254,-35.00334549,-3.49567056,-0.06106931,-35.00325830,-3.49564137,0.07464160,-0.11420224,0.00288765,0.01357229,-35.11746054,-3.49275371,0.01619297,-35.07817190,-3.46097060,-0.00327521,-0.00351647,0.00299033,0.06693617,-0.00516413,-0.01366315,1
10.160,1.67684546,-0.16363055,2.76527085,0.19773717,0.02193712,-0.05484280,-0.00883954,0.02710544,-0.06776360,1.68076375,-0.15978418,2.76198549,0.13093260,0.02698206,-0.04090945,-0.06053009,-35.00562286,-3.49774313,-0.06143770,-35.00553370,-3.49771262,0.06472834,-0.12186154,0.00605084,0.00329064,-35.12739524,-3.49166178,0.02575880,-35.08158712,-3.46448410,-0.00391829,-0.00384637,0.00328536,0.06680457,-0.00504494,-0.01393335,1
10.170,1.67882238,-0.16340982,2.76471903,0.19764846,0.02220869,-0.05552172,-0.00890118,0.02720815,-0.06802037,1.68207459,-0.15950918,2.76156217,0.13097056,0.02711152,-0.04126519,-0.06089687,-35.00795746,-3.49984169,-0.06180530,-35.00786633,-3.49980991,0.07446286,-0.12251551,0.00357558,0.01265755,-35.13038184,-3.49623433,0.01569084,-35.09157816,-3.46303680,-0.00325221,-0.00390064,0.00315686,0.06667790,-0.00490283,-0.01425653,1
10.180,1.68079842,-0.16318637,2.76416041,0.19755914,0.02248128,-0.05620320,-0.00896277,0.02730967,-0.06827417,1.68469677,-0.15895740,2.76071006,0.13100583,0.02723688,-0.04161939,-0.06126321,-35.01031876,-3.50196004,-0.06217249,-35.01022565,-3.50192704,0.06451779,-0.12999606,0.00657621,0.00234529,-35.14022171,-3.49535083,0.00559340,-35.10168470,-3.46146273,-0.00389835,-0.00422897,0.00345035,0.06655331,-0.00475560,-0.01458381,1
10.190,1.68277357,-0.16296019,2.76359496,0.19746921,0.02275488,-0.05688720,-0.00902432,0.02741001,-0.06852502,1.68600808,-0.15868076,2.76028136,0.13103734,0.02734370,-0.04193197,-0.06162805,-35.01271820,-3.50409842,-0.06253815,-35.01262312,-3.50406422,0.07422914,-0.13043230,0.00387319,0.01169099,-35.14305543,-3.50019103,0.01509988,-35.10499071,-3.46533880,-0.00323451,-0.00427943,0.00331360,0.06643187,-0.00458882,-0.01495523,1
10.200,1.68474781,-0.16273127,2.76302266,0.19737866,0.02302948,-0.05757369,-0.00908583,0.02750916,-0.06877291,1.68863117,-0.15812607,2.75941900,0.13106719,0.02744587,-0.04224562,-0.06199244,-35.01515961,-3.50626111,-0.06290337,-35.01506258,-3.50622578,0.06425176,-0.13772364,0.00671549,0.00134839,-35.15278621,-3.49951029,0.00494007,-35.11507008,-3.46387763,-0.00388336,-0.00460520,0.00360366,0.06631147,-0.00441639,-0.01532807,1
10.210,1.68672114,-0.16249960,2.76244348,0.19728749,0.02330506,-0.05826265,-0.00914729,0.02760714,-0.06901786,1.68994293,-0.15784815,2.75898539,0.13109433,0.02753235,-0.04252441,-0.06235554,-35.01763916,-3.50844216,-0.06326729,-35.01754018,-3.50840573,0.07393551,-0.13794366,0.00380109,0.01066823,-35.15548384,-3.50460464,0.01439779,-35.11826484,-3.46795255,-0.00322179,-0.00465145,0.00345809,0.06619316,-0.00422729,-0.01573824,1
10.220,1.68869355,-0.16226516,2.76185740,0.19719571,0.02358162,-0.05895404,-0.00920871,0.02770395,-0.06925987,1.69256686,-0.15729126,2.75811361,0.13112026,0.02761341,-0.04280611,-0.06271840,-35.02014923,-3.51064587,-0.06363097,-35.02004829,-3.51060838,0.06392346,-0.14503743,0.00649471,0.00029249,-35.16508572,-3.50411367,0.00416614,-35.12830074,-3.46658084,-0.00387331,-0.00497390,0.00374379,0.06607545,-0.00403179,-0.01614793,1
10.230,1.69066505,-0.16202796,2.76126439,0.19710332,0.02385913,-0.05964783,-0.00927009,0.02779958,-0.06949896,1.69519135,-0.15673326,2.75723576,0.13114850,0.02768874,-0.04309712,-0.06308040,-35.02271271,-3.51287508,-0.06399380,-35.02260982,-3.51283657,0.05388283,-0.15205702,0.00919471,-0.01011097,-35.17466684,-3.50364185,0.01357229,-35.13141790,-3.47076863,-0.00452630,-0.00529470,0.00402863,0.06595482,-0.00382961,-0.01655071,1
10.240,1.69263562,-0.16178798,2.76066443,0.19701031,0.02413760,-0.06034401,-0.00933142,0.02789405,-0.06973511,1.69650370,-0.15645398,2.75679491,0.13117020,0.02774852,-0.04334414,-0.06344145,-35.02531052,-3.51512265,-0.06435567,-35.02520568,-3.51508316,0.06352281,-0.15195673,0.00600727,-0.00083286,-35.17716241,-3.50907589,0.00329064,-35.14135918,-3.46961918,-0.00386808,-0.00533400,0.00386952,0.06584011,-0.00361092,-0.01699987,1
10.250,1.69460525,-0.16154520,2.76005750,0.19691669,0.02441701,-0.06104253,-0.00939271,0.02798734,-0.06996836,1.69912860,-0.15589494,2.75590957,0.13119097,0.02780194,-0.04359339,-0.06380240,-35.02793884,-3.51739383,-0.06471743,-35.02783208,-3.51735342,0.05346037,-0.15874477,0.00850748,-0.01125706,-35.18657685,-3.50884594,0.01265755,-35.14436294,-3.47406376,-0.00452335,-0.00565026,0.00414793,0.06572572,-0.00338493,-0.01744914,1
10.260,1.69657395,-0.16129963,2.75944357,0.19682246,0.02469735,-0.06174336,-0.00945395,0.02807948,-0.07019869,1.70044114,-0.15561528,2.75546505,0.13120671,0.02784290,-0.04380810,-0.06416227,-35.03061676,-3.51968575,-0.06507811,-35.03050806,-3.51964445,0.06307899,-0.15841139,0.00509386,-0.00199913,-35.18891945,-3.51455059,0.00234529,-35.15420459,-3.47312472,-0.00386719,-0.00568435,0.00397852,0.06561575,-0.00314555,-0.01793526,1
10.270,1.69854170,-0.16105125,2.75882263,0.19672761,0.02497860,-0.06244649,-0.00951515,0.02817045,-0.07042612,1.70306638,-0.15505575,2.75457247,0.13122230,0.02787757,-0.04403188,-0.06452047,-35.03332901,-3.52199960,-0.06543712,-35.03321838,-3.52195743,0.05299130,-0.16496911,0.00743109,-0.01244582,-35.19818748,-3.51452634,0.01169099,-35.15704622,-3.47783942,-0.00452468,-0.00599550,0.00425016,0.06550531,-0.00289897,-0.01841461,1
10.280,1.70050850,-0.16080006,2.75819464,0.19663215,0.02526075,-0.06315188,-0.00957630,0.02826026,-0.07065066,1.70437906,-0.15477599,2.75412431,0.13123380,0.02790238,-0.04422786,-0.06487907,-35.03607559,-3.52433777,-0.06579654,-35.03596303,-3.52429480,0.06258528,-0.16440888,0.00382384,-0.00321126,-35.20037191,-3.52047096,0.00134839,-35.16677461,-3.47710238,-0.00387056,-0.00602407,0.00407033,0.06539835,-0.00264163,-0.01892402,1
10.290,1.70247434,-0.16054604,2.75755958,0.19653609,0.02554380,-0.06385949,-0.00963740,0.02834892,-0.07087230,1.70569173,-0.15449625,2.75367511,0.13124218,0.02792015,-0.04440090,-0.06523610,-35.03885269,-3.52669764,-0.06615437,-35.03873822,-3.52665392,0.07217067,-0.16373748,0.00007510,0.00601630,-35.20247570,-3.52657881,0.00134839,-35.16677295,-3.47705029,-0.00321739,-0.00604979,0.00388447,0.06529391,-0.00237635,-0.01945859,1
10.300,1.70443922,-0.16028918,2.75691744,0.19643941,0.02582773,-0.06456931,-0.00969846,0.02843643,-0.07109107,1.70831732,-0.15393684,2.75277247,0.13125122,0.02793126,-0.04459857,-0.06559312,-35.04168701,-3.52908015,-0.06651220,-35.04157062,-3.52903571,0.06204472,-0.16994985,0.00218539,-0.00446747,-35.21152047,-3.52685032,0.00029249,-35.17906801,-3.48151788,-0.00387810,-0.00635234,0.00414497,0.06518819,-0.00210353,-0.01997074,1
10.310,1.70640313,-0.16002948,2.75626819,0.19634212,0.02611252,-0.06528131,-0.00975948,0.02852279,-0.07130696,1.71094266,-0.15337801,2.75186566,0.13125292,0.02793060,-0.04479379,-0.06594916,-35.04455566,-3.53148198,-0.06686903,-35.04443738,-3.53143685,0.05192076,-0.17601409,0.00424619,-0.01494827,-35.22045147,-3.52719065,-0.01011097,-35.18863116,-3.48095212,-0.00453953,-0.00665147,0.00440253,0.06508920,-0.00181808,-0.02048752,1
10.320,1.70836606,-0.15976693,2.75561181,0.19624422,0.02639818,-0.06599544,-0.00982044,0.02860800,-0.07151999,1.71225520,-0.15309891,2.75141056,0.13125326,0.02792558,-0.04497270,-0.06630470,-35.04745102,-3.53391027,-0.06722537,-35.04733081,-3.53386451,0.06147620,-0.17498789,0.00029562,-0.00574918,-35.22231871,-3.53356889,-0.00083286,-35.19111767,-3.48632118,-0.00388914,-0.00666802,0.00420125,0.06499096,-0.00152740,-0.02102274,1
10.330,1.71032801,-0.15950151,2.75494827,0.19614571,0.02668468,-0.06671170,-0.00988136,0.02869206,-0.07173015,1.71488002,-0.15254134,2.75049705,0.13124770,0.02790991,-0.04515983,-0.06665908,-35.05039978,-3.53635883,-0.06758055,-35.05027768,-3.53631246,0.05134279,-0.18079465,0.00222692,-0.01623776,-35.23107233,-3.53408554,-0.01125706,-35.20050830,-3.48598534,-0.00455201,-0.00696017,0.00445122,0.06489801,-0.00122523,-0.02155187,1
10.340,1.71228897,-0.15923323,2.75427757,0.19604659,0.02697201,-0.06743004,-0.00994223,0.02877499,-0.07193747,1.71750448,-0.15198475,2.74957832,0.13124088,0.02788706,-0.04537107,-0.06701286,-35.05337906,-3.53883076,-0.06793513,-35.05325505,-3.53878383,0.04120043,-0.18646588,0.00418819,-0.02673470,-35.23972093,-3.53459564,-0.00199913,-35.20282870,-3.49154820,-0.00521551,-0.00724848,0.00469925,0.06480571,-0.00091505,-0.02205897,1
10.350,1.71424894,-0.15896207,2.75359967,0.19594686,0.02726017,-0.06815044,-0.01000306,0.02885677,-0.07214193,1.71881648,-0.15170692,2.74911718,0.13123055,0.02786112,-0.04555682,-0.06736638,-35.05640030,-3.54132462,-0.06828944,-35.05627440,-3.54127716,0.05073668,-0.18507674,0.00003818,-0.01755276,-35.24135114,-3.54123899,-0.01244582,-35.21207914,-3.49146930,-0.00456754,-0.00725515,0.00448249,0.06471631,-0.00060095,-0.02259362,1
10.360,1.71620791,-0.15868802,2.75291455,0.19584653,0.02754915,-0.06887287,-0.01006383,0.02893742,-0.07234356,1.72144027,-0.15115204,2.74818997,0.13121941,0.02782876,-0.04577751,-0.06771861,-35.05945206,-3.54384160,-0.06864246,-35.05932426,-3.54379367,0.04058078,-0.19050599,0.00193577,-0.02806169,-35.24983025,-3.54185790,-0.00321126,-35.21423775,-3.49725116,-0.00523236,-0.00753598,0.00472458,0.06462712,-0.00027961,-0.02309536,1
10.370,1.71816587,-0.15841108,2.75222220,0.19574559,0.02783892,-0.06959730,-0.01012456,0.02901694,-0.07254236,1.72275220,-0.15087488,2.74772339,0.13121290,0.02780048,-0.04599748,-0.06807053,-35.06255722,-3.54638028,-0.06899517,-35.06242754,-3.54633191,0.05007775,-0.18893617,-0.00225597,-0.01891743,-35.25136370,-3.54858788,0.00601630,-35.21633350,-3.50325012,-0.00458633,-0.00753620,0.00449881,0.06453269,0.00003844,-0.02359982,1
10.380,1.72012282,-0.15813124,2.75152260,0.19564404,0.02812948,-0.07032370,-0.01018524,0.02909533,-0.07273833,1.72537612,-0.15032114,2.74678427,0.13120770,0.02776865,-0.04625996,-0.06842142,-35.06569290,-3.54894161,-0.06934684,-35.06556134,-3.54889284,0.03987514,-0.19418735,-0.00029724,-0.02947170,-35.25974869,-3.54919008,-0.00446747,-35.22535705,-3.50332663,-0.00525330,-0.00781010,0.00473833,0.06443634,0.00036083,-0.02406374,1
10.390,1.72207875,-0.15784849,2.75081572,0.19554188,0.02842082,-0.07105206,-0.01024587,0.02917259,-0.07293148,1.72799925,-0.14976887,2.74583867,0.13119182,0.02772498,-0.04653354,-0.06877165,-35.06886673,-3.55152726,-0.06969786,-35.06873329,-3.55147814,0.02968876,-0.19926641,0.00167419,-0.04000910,-35.26799970,-3.54980395,-0.01494827,-35.23424846,-3.50351351,-0.00592050,-0.00807962,0.00497705,0.06435006,0.00069584,-0.02451852,1
10.400,1.72403365,-0.15756282,2.75010155,0.19543912,0.02871293,-0.07178232,-0.01030645,0.02924873,-0.07312182,1.73062168,-0.14921798,2.74488547,0.13117109,0.02767470,-0.04683882,-0.06912193,-35.07207489,-3.55413532,-0.07004890,-35.07193957,-3.55408587,0.01950513,-0.20420162,0.00372438,-0.05054377,-35.27614119,-3.55036150,-0.01623776,-35.24483427,-3.51020821,-0.00658803,-0.00834484,0.00521608,0.06426803,0.00103823,-0.02494350,1
10.410,1.72598753,-0.15727423,2.74938007,0.19533575,0.02900579,-0.07251448,-0.01036698,0.02932374,-0.07330936,1.73193251,-0.14894314,2.74440614,0.13114915,0.02762705,-0.04711234,-0.06947055,-35.07533264,-3.55676532,-0.07039830,-35.07519545,-3.55671559,0.02898202,-0.20217203,-0.00056522,-0.04141628,-35.27736748,-3.55728081,-0.01623776,-35.24481439,-3.51011909,-0.00594498,-0.00833109,0.00497393,0.06418660,0.00137874,-0.02540214,1
10.420,1.72794036,-0.15698271,2.74865125,0.19523178,0.02929940,-0.07324850,-0.01042746,0.02939764,-0.07349410,1.73455309,-0.14839490,2.74344213,0.13111571,0.02756818,-0.04741205,-0.06981958,-35.07862091,-3.55941820,-0.07074811,-35.07848185,-3.55936824,0.01881815,-0.20684483,0.00141160,-0.05192996,-35.28532667,-3.55795664,-0.01755276,-35.25504693,-3.51708339,-0.00661273,-0.00858781,0.00520912,0.06411607,0.00173122,-0.02583645,1
10.430,1.72989216,-0.15668824,2.74791509,0.19512720,0.02959374,-0.07398436,-0.01048789,0.02947042,-0.07367605,1.73586297,-0.14812138,2.74295692,0.13108386,0.02751412,-0.04768948,-0.07016712,-35.08194733,-3.56209636,-0.07109643,-35.08180640,-3.56204621,0.02829546,-0.20459617,-0.00299178,-0.04280096,-35.28640257,-3.56503799,-0.01755276,-35.25502710,-3.51697811,-0.00597081,-0.00856686,0.00495817,0.06404334,0.00207962,-0.02629488,1
10.440,1.73184291,-0.15639083,2.74717156,0.19502202,0.02988881,-0.07472201,-0.01054827,0.02954209,-0.07385522,1.73848146,-0.14757586,2.74198091,0.13103864,0.02744834,-0.04798938,-0.07051425,-35.08532333,-3.56479406,-0.07144433,-35.08518055,-3.56474376,0.01815286,-0.20901225,-0.00105882,-0.05329148,-35.29419280,-3.56580257,-0.02806169,-35.26345575,-3.51741336,-0.00663855,-0.00881497,0.00519065,0.06398338,0.00244047,-0.02673263,1
10.450,1.73379260,-0.15609046,2.74642065,0.19491624,0.03018458,-0.07546145,-0.01060860,0.02961265,-0.07403161,1.73979020,-0.14730374,2.74148958,0.13099756,0.02738929,-0.04827536,-0.07086059,-35.08872986,-3.56751490,-0.07179143,-35.08858521,-3.56746446,0.02763165,-0.20654951,-0.00556202,-0.04415978,-35.29513472,-3.57302649,-0.01891743,-35.26496977,-3.52402122,-0.00599760,-0.00878672,0.00493107,0.06391868,0.00279529,-0.02718609,1
10.460,1.73574123,-0.15578713,2.74566233,0.19480985,0.03048105,-0.07620264,-0.01066888,0.02968210,-0.07420524,1.74240636,-0.14676100,2.74050036,0.13094459,0.02732018,-0.04859801,-0.07120638,-35.09217453,-3.57026291,-0.07213799,-35.09202803,-3.57021239,0.01750523,-0.21072512,-0.00360156,-0.05463276,-35.30275315,-3.57381395,-0.02947170,-35.27330512,-3.52440711,-0.00666513,-0.00902613,0.00516197,0.06386526,0.00316087,-0.02760463,1
10.470,1.73768879,-0.15548084,2.74489659,0.19470286,0.03077822,-0.07694555,-0.01072910,0.02975044,-0.07437610,1.74502027,-0.14622053,2.73950351,0.13087482,0.02723858,-0.04893120,-0.07155170,-35.09566116,-3.57303047,-0.07248407,-35.09551283,-3.57297993,0.00742818,-0.21470415,-0.00161598,-0.06505589,-35.31021698,-3.57459590,-0.04000910,-35.28149659,-3.52483855,-0.00733148,-0.00926031,0.00539308,0.06382804,0.00353964,-0.02801435,1
10.480,1.73963529,-0.15517157,2.74412341,0.19459527,0.03107606,-0.07769015,-0.01078928,0.02981768,-0.07454421,1.74632617,-0.14595129,2.73900266,0.13080356,0.02715989,-0.04921963,-0.07189637,-35.09917831,-3.57582259,-0.07282949,-35.09902811,-3.57577204,0.01695786,-0.21183913,-0.00629158,-0.05587163,-35.31086724,-3.58206362,-0.05054377,-35.28960309,-3.52531904,-0.00669088,-0.00922028,0.00512075,0.06379171,0.00391617,-0.02847052,1
10.490,1.74158070,-0.15485932,2.74334278,0.19448708,0.03137457,-0.07843642,-0.01084940,0.02988383,-0.07470957,1.74763145,-0.14568264,2.73849959,0.13073471,0.02708632,-0.04949159,-0.07224015,-35.10273743,-3.57863665,-0.07317403,-35.10258540,-3.57858612,0.02647505,-0.20890727,-0.01108074,-0.04669898,-35.31149267,-3.58966687,-0.04141628,-35.29080030,-3.53212708,-0.00605075,-0.00917668,0.00484319,0.06375237,0.00428825,-0.02894483,1
10.500,1.74352502,-0.15454407,2.74255468,0.19437828,0.03167373,-0.07918433,-0.01090947,0.02994888,-0.07487219,1.75024001,-0.14514714,2.73748736,0.13064829,0.02700000,-0.04979504,-0.07258327,-35.10634232,-3.58147478,-0.07351791,-35.10618844,-3.58142433,0.01646007,-0.21250481,-0.00927324,-0.05705784,-35.31869325,-3.59069756,-0.05192996,-35.29869719,-3.53260395,-0.00671499,-0.00939693,0.00506732,0.06372999,0.00467373,-0.02938929,1
10.510,1.74546826,-0.15422584,2.74175909,0.19426889,0.03197354,-0.07993386,-0.01096949,0.03001283,-0.07503208,1.75154327,-0.14488028,2.73697772,0.13056768,0.02692142,-0.05008721,-0.07292624,-35.10998535,-3.58433628,-0.07386162,-35.10982964,-3.58428597,0.02599616,-0.20934723,-0.01412923,-0.04786546,-35.31917687,-3.59841519,-0.04280096,-35.29974542,-3.53955612,-0.00607501,-0.00934556,0.00478137,0.06370121,0.00505212,-0.02984665,1
10.520,1.74741040,-0.15390460,2.74095599,0.19415889,0.03227399,-0.08068496,-0.01102945,0.03007570,-0.07518924,1.75414773,-0.14434830,2.73595132,0.13047166,0.02683282,-0.05042353,-0.07326812,-35.11365509,-3.58721972,-0.07420425,-35.11349754,-3.58716955,0.01602667,-0.21268968,-0.01225816,-0.05817759,-35.32618722,-3.59942771,-0.05329148,-35.30747631,-3.54008633,-0.00673733,-0.00955630,0.00500467,0.06368723,0.00544117,-0.03026143,1
10.530,1.74935144,-0.15358036,2.74014538,0.19404830,0.03257505,-0.08143763,-0.01108936,0.03013747,-0.07534369,1.75674917,-0.14381873,2.73491565,0.13036363,0.02673787,-0.05079865,-0.07360986,-35.11737442,-3.59012866,-0.07454674,-35.11721504,-3.59007868,0.00610814,-0.21586233,-0.01027108,-0.06843860,-35.33307737,-3.60034976,-0.04415978,-35.30836123,-3.54706449,-0.00739773,-0.00976163,0.00522973,0.06368467,0.00583718,-0.03063898,1
10.540,1.75129136,-0.15325310,2.73932724,0.19393711,0.03287673,-0.08219183,-0.01114922,0.03019817,-0.07549542,1.75804876,-0.14355481,2.73439380,0.13026251,0.02665150,-0.05114516,-0.07395038,-35.12113190,-3.59306002,-0.07488799,-35.12097070,-3.59301027,0.01568616,-0.21235808,-0.01513718,-0.05920184,-35.33332878,-3.60814745,-0.05463276,-35.31594935,-3.54772161,-0.00675740,-0.00969829,0.00493344,0.06367460,0.00622523,-0.03104667,1
10.550,1.75323018,-0.15292282,2.73850154,0.19382531,0.03317901,-0.08294753,-0.01120903,0.03025778,-0.07564444,1.76064537,-0.14302884,2.73334293,0.13014252,0.02655451,-0.05152290,-0.07429119,-35.12491608,-3.59601259,-0.07522955,-35.12475304,-3.59596311,0.00582827,-0.21527362,-0.01314973,-0.06940128,-35.34002665,-3.60911285,-0.06505589,-35.32334876,-3.54826784,-0.00741519,-0.00989398,0.00515861,0.06368279,0.00662450,-0.03142463,1
10.560,1.75516787,-0.15258952,2.73766828,0.19371292,0.03348188,-0.08370471,-0.01126878,0.03031631,-0.07579077,1.76194238,-0.14276677,2.73281338,0.13003209,0.02646783,-0.05188097,-0.07463066,-35.12874985,-3.59899092,-0.07556976,-35.12858498,-3.59894175,0.01542781,-0.21156497,-0.01809085,-0.06014195,-35.34014995,-3.61703260,-0.05587163,-35.32397114,-3.55558603,-0.00677451,-0.00982275,0.00485490,0.06368083,0.00701405,-0.03182374,1
10.570,1.75710443,-0.15225318,2.73682744,0.19359994,0.03378533,-0.08446334,-0.01132847,0.03037376,-0.07593440,1.76453437,-0.14224386,2.73174323,0.12991546,0.02638204,-0.05233231,-0.07496993,-35.13261795,-3.60199428,-0.07590976,-35.13245128,-3.60194544,0.00559625,-0.21430289,-0.01587293,-0.07031351,-35.34675417,-3.61781838,-0.04669898,-35.32455500,-3.56282370,-0.00742994,-0.01000932,0.00508421,0.06368448,0.00740329,-0.03213103,1
10.580,1.75903987,-0.15191381,2.73597901,0.19348636,0.03408936,-0.08522339,-0.01138811,0.03043014,-0.07607535,1.76712318,-0.14172286,2.73065950,0.12978640,0.02629288,-0.05283614,-0.07530875,-35.13652802,-3.60501671,-0.07624930,-35.13635952,-3.60496826,-0.00418154,-0.21689804,-0.01344929,-0.08043085,-35.35325756,-3.61841755,-0.05705784,-35.33170594,-3.56352375,-0.00808331,-0.01019095,0.00531951,0.06369996,0.00779648,-0.03238725,1
10.590,1.76097416,-0.15157139,2.73512297,0.19337218,0.03439393,-0.08598484,-0.01144770,0.03048545,-0.07621363,1.76841649,-0.14146296,2.73011205,0.12967236,0.02621723,-0.05331341,-0.07564653,-35.14046860,-3.60806465,-0.07658781,-35.14029829,-3.60801662,0.00542556,-0.21295428,-0.01816638,-0.07116225,-35.35325257,-3.62618300,-0.04786546,-35.33217202,-3.57104259,-0.00744233,-0.01010843,0.00501092,0.06369982,0.00817670,-0.03267143,1
10.600,1.76290731,-0.15122593,2.73425931,0.19325740,0.03469906,-0.08674765,-0.01150722,0.03053969,-0.07634923,1.77100056,-0.14094446,2.72900598,0.12954464,0.02613878,-0.05385609,-0.07598405,-35.14445496,-3.61113381,-0.07692606,-35.14428283,-3.61108623,-0.00432052,-0.21538291,-0.01556006,-0.08124658,-35.35966574,-3.62664629,-0.05817759,-35.33913894,-3.57168565,-0.00809325,-0.01028147,0.00525333,0.06371276,0.00856028,-0.03289156,1
10.610,1.76483930,-0.15087741,2.73338801,0.19314203,0.03500472,-0.08751181,-0.01156670,0.03059287,-0.07648217,1.77229118,-0.14068594,2.72844773,0.12942393,0.02606701,-0.05434815,-0.07632130,-35.14847565,-3.61423182,-0.07726403,-35.14830172,-3.61418474,0.00530329,-0.21126603,-0.02030510,-0.07196075,-35.35956775,-3.63448984,-0.06843860,-35.34600321,-3.57243759,-0.00745188,-0.01019147,0.00494028,0.06371810,0.00893771,-0.03316366,1
10.620,1.76677015,-0.15052583,2.73250907,0.19302607,0.03531091,-0.08827729,-0.01162612,0.03064498,-0.07661246,1.77486985,-0.14017002,2.72731896,0.12929065,0.02599478,-0.05492045,-0.07665741,-35.15253067,-3.61734796,-0.07760087,-35.15235495,-3.61730141,-0.00438754,-0.21350333,-0.01753501,-0.08198841,-35.36585827,-3.63483642,-0.05920184,-35.34621783,-3.57982877,-0.00809970,-0.01035581,0.00519011,0.06373542,0.00931613,-0.03335684,1
10.630,1.76869982,-0.15017119,2.73162246,0.19290951,0.03561762,-0.08904405,-0.01168548,0.03069604,-0.07674009,1.77615775,-0.13991268,2.72674882,0.12916552,0.02592941,-0.05544385,-0.07699332,-35.15662766,-3.62048864,-0.07793749,-35.15645012,-3.62044266,0.00524867,-0.20923076,-0.02225265,-0.07268882,-35.36568089,-3.64269530,-0.06940128,-35.35289330,-3.58060582,-0.00745793,-0.01025851,0.00487364,0.06374399,0.00968821,-0.03360020,1
10.640,1.77062833,-0.14981348,2.73072818,0.19279236,0.03592483,-0.08981208,-0.01174478,0.03074603,-0.07686508,1.77873067,-0.13939919,2.72559703,0.12902477,0.02586212,-0.05603445,-0.07732859,-35.16076279,-3.62365341,-0.07827348,-35.16058347,-3.62360805,-0.00437832,-0.21127370,-0.01934355,-0.08265180,-35.37185717,-3.64295160,-0.06014195,-35.35298007,-3.58812949,-0.00810234,-0.01041429,0.00513115,0.06376759,0.01006271,-0.03377763,1
10.650,1.77255567,-0.14945269,2.72982622,0.19267461,0.03623254,-0.09058134,-0.01180403,0.03079498,-0.07698744,1.78001568,-0.13914296,2.72501487,0.12889378,0.02580222,-0.05658003,-0.07766362,-35.16493225,-3.62684178,-0.07860922,-35.16475113,-3.62679706,0.00527567,-0.20684214,-0.02405522,-0.07333354,-35.37159328,-3.65085228,-0.07031351,-35.35956543,-3.58870998,-0.00746001,-0.01030973,0.00481135,0.06378083,0.01043032,-0.03400131,1
10.660,1.77448182,-0.14908882,2.72891655,0.19255628,0.03654073,-0.09135182,-0.01186322,0.03084287,-0.07710717,1.78258248,-0.13863171,2.72383906,0.12874078,0.02573660,-0.05717825,-0.07799812,-35.16914368,-3.63005376,-0.07894443,-35.16896076,-3.63000971,-0.00427293,-0.20867860,-0.02102104,-0.08321735,-35.37763936,-3.65103075,-0.08043085,-35.36602744,-3.58893111,-0.00810066,-0.01045711,0.00507749,0.06381550,0.01080413,-0.03417357,1
10.670,1.77640679,-0.14872187,2.72799918,0.19243735,0.03684939,-0.09212348,-0.01192235,0.03088971,-0.07722428,1.78386427,-0.13837662,2.72324495,0.12860036,0.02567965,-0.05773654,-0.07833201,-35.17339706,-3.63328791,-0.07927903,-35.17321235,-3.63324457,0.00541028,-0.20407470,-0.02575202,-0.07386875,-35.37728705,-3.65899660,-0.07116225,-35.36600697,-3.59647728,-0.00745748,-0.01034525,0.00475423,0.06383699,0.01116974,-0.03438694,1
10.680,1.77833057,-0.14835183,2.72707408,0.19231783,0.03715852,-0.09289630,-0.01198143,0.03093551,-0.07733878,1.78642462,-0.13786744,2.72204446,0.12843980,0.02561957,-0.05835722,-0.07866499,-35.17767715,-3.63654542,-0.07961270,-35.17749064,-3.63650284,-0.00406414,-0.20572804,-0.02254732,-0.08367685,-35.38321869,-3.65905015,-0.08124658,-35.37238539,-3.59653666,-0.00809405,-0.01048439,0.00502962,0.06387803,0.01153895,-0.03453908,1
10.690,1.78025315,-0.14797870,2.72614125,0.19219772,0.03746810,-0.09367025,-0.01204044,0.03098027,-0.07745067,1.78770301,-0.13761344,2.72143858,0.12828979,0.02556487,-0.05891500,-0.07899719,-35.18200302,-3.63982964,-0.07994562,-35.18181474,-3.63978785,0.00565094,-0.20094935,-0.02733335,-0.07429468,-35.38276408,-3.66712120,-0.08124658,-35.37236613,-3.59635213,-0.00744986,-0.01036526,0.00470267,0.06390793,0.01190323,-0.03475525,1
10.700,1.78217452,-0.14760247,2.72520067,0.19207702,0.03777812,-0.09444530,-0.01209940,0.03102398,-0.07755996,1.79025654,-0.13710621,2.72021384,0.12812156,0.02550987,-0.05954703,-0.07932974,-35.18636703,-3.64313531,-0.08027885,-35.18617696,-3.64309436,-0.00374444,-0.20242005,-0.02399181,-0.08402329,-35.38859701,-3.66708617,-0.08198841,-35.37853071,-3.60411485,-0.00808202,-0.01049626,0.00498683,0.06395546,0.01226825,-0.03489827,1
10.710,1.78409469,-0.14722314,2.72425234,0.19195573,0.03808857,-0.09522144,-0.01215830,0.03106666,-0.07766666,1.79153152,-0.13685308,2.71959550,0.12796558,0.02546067,-0.06011872,-0.07966206,-35.19075394,-3.64646530,-0.08061187,-35.19056209,-3.64642520,0.00599541,-0.19748755,-0.02878818,-0.07461646,-35.38804964,-3.67521338,-0.08198841,-35.37851481,-3.60391953,-0.00743683,-0.01037006,0.00465684,0.06399015,0.01262790,-0.03510272,1
10.720,1.78601363,-0.14684070,2.72329624,0.19183386,0.03839945,-0.09599863,-0.01221714,0.03110831,-0.07777077,1.79407817,-0.13634741,2.71834523,0.12779244,0.02541319,-0.06077127,-0.07999276,-35.19519424,-3.64981771,-0.08094326,-35.19500061,-3.64977852,-0.00332587,-0.19879755,-0.02527074,-0.08426913,-35.39379816,-3.67504925,-0.08265180,-35.38449255,-3.61158715,-0.00806454,-0.01049329,0.00495101,0.06404142,0.01298626,-0.03522736,1
10.730,1.78793136,-0.14645515,2.72233236,0.19171139,0.03871074,-0.09677684,-0.01227592,0.03114892,-0.07787230,1.79662047,-0.13584230,2.71707576,0.12760980,0.02537255,-0.06150703,-0.08032385,-35.19966507,-3.65319157,-0.08127503,-35.19946966,-3.65315331,-0.01258272,-0.20004811,-0.02139886,-0.09385776,-35.39951777,-3.67455217,-0.07333354,-35.38421859,-3.61899513,-0.00868911,-0.01061285,0.00525660,0.06410159,0.01333819,-0.03526981,1
10.740,1.78984786,-0.14606648,2.72136070,0.19158834,0.03902243,-0.09755606,-0.01233464,0.03118851,-0.07797126,1.79788988,-0.13558998,2.71643414,0.12744270,0.02533735,-0.06217071,-0.08065404,-35.20417023,-3.65659308,-0.08160591,-35.20397304,-3.65655580,-0.00279637,-0.19492583,-0.02597334,-0.08440228,-35.39889887,-3.68252915,-0.08321735,-35.39025524,-3.61894988,-0.00804202,-0.01047650,0.00492656,0.06414564,0.01368508,-0.03538535,1
10.750,1.79176313,-0.14567470,2.72038124,0.19146470,0.03933450,-0.09833626,-0.01239330,0.03122706,-0.07806766,1.80042553,-0.13508544,2.71513554,0.12726423,0.02530943,-0.06292254,-0.08098401,-35.20871735,-3.66001558,-0.08193657,-35.20851839,-3.65997930,-0.01200094,-0.19606611,-0.02189020,-0.09393751,-35.40458450,-3.68186950,-0.07386875,-35.38989989,-3.62640758,-0.00866240,-0.01058926,0.00524570,0.06420047,0.01402507,-0.03541372,1
10.760,1.79367715,-0.14527979,2.71939397,0.19134047,0.03964696,-0.09911741,-0.01245190,0.03126460,-0.07816150,1.80169160,-0.13483330,2.71447916,0.12710009,0.02528552,-0.06360146,-0.08131313,-35.21330643,-3.66346335,-0.08226636,-35.21310570,-3.66342811,-0.00220997,-0.19083579,-0.02644239,-0.08447633,-35.40394149,-3.68987049,-0.08367685,-35.39582557,-3.62623104,-0.00801445,-0.01044649,0.00491481,0.06424038,0.01436144,-0.03551595,1
10.770,1.79558993,-0.14488176,2.71839888,0.19121566,0.03995979,-0.09989948,-0.01251044,0.03130112,-0.07825279,1.80422055,-0.13432891,2.71315064,0.12692353,0.02526966,-0.06437113,-0.08164176,-35.21791840,-3.66693401,-0.08259567,-35.21771590,-3.66689985,-0.01135762,-0.19187268,-0.02213356,-0.09395330,-35.40958859,-3.68903340,-0.07429468,-35.39537513,-3.63378113,-0.00863062,-0.01055285,0.00524824,0.06429213,0.01469013,-0.03552835,1
10.780,1.79750146,-0.14448059,2.71739598,0.19109026,0.04027298,-0.10068246,-0.01256891,0.03133661,-0.07834154,1.80674477,-0.13382460,2.71180317,0.12673016,0.02525550,-0.06517743,-0.08197067,-35.22257233,-3.67042565,-0.08292525,-35.22236806,-3.67039260,-0.02042130,-0.19283559,-0.01759023,-0.10334656,-35.41520365,-3.68798284,-0.08402329,-35.40120352,-3.63328801,-0.00924331,-0.01065599,0.00559281,0.06436010,0.01501748,-0.03550503,1
10.790,1.79941174,-0.14407630,2.71638523,0.19096428,0.04058652,-0.10146630,-0.01262733,0.03137110,-0.07842774,1.80800520,-0.13357235,2.71112202,0.12655823,0.02524784,-0.06591180,-0.08229794,-35.22726059,-3.67394304,-0.08325319,-35.22705457,-3.67391113,-0.01059017,-0.18744952,-0.02199346,-0.09384336,-35.41450409,-3.69590460,-0.07461646,-35.40066206,-3.64115593,-0.00859346,-0.01050395,0.00526321,0.06440605,0.01533868,-0.03555450,1
10.800,1.80132075,-0.14366886,2.71536665,0.19083772,0.04090040,-0.10225100,-0.01268569,0.03140457,-0.07851142,1.81052238,-0.13306778,2.70974562,0.12636812,0.02524345,-0.06669537,-0.08262576,-35.23199844,-3.67748499,-0.08358168,-35.23179067,-3.67745426,-0.01959485,-0.18830781,-0.01733903,-0.10317653,-35.42009848,-3.69479330,-0.08426913,-35.40641331,-3.64052620,-0.00920163,-0.01060108,0.00562103,0.06446960,0.01565695,-0.03555563,1
10.810,1.80322849,-0.14325829,2.71434021,0.19071057,0.04121461,-0.10303652,-0.01274398,0.03143703,-0.07859258,1.81177899,-0.13281554,2.70905108,0.12619129,0.02523845,-0.06738521,-0.08295249,-35.23675919,-3.68104696,-0.08390907,-35.23654964,-3.68101745,-0.00973706,-0.18277426,-0.02188757,-0.09364613,-35.41932390,-3.70290502,-0.09385776,-35.41212950,-3.63982482,-0.00855050,-0.01044275,0.00528913,0.06451928,0.01597616,-0.03565131,1
10.820,1.80513496,-0.14284457,2.71330591,0.19058284,0.04152914,-0.10382285,-0.01280221,0.03146849,-0.07867122,1.81303437,-0.13256322,2.70835174,0.12602806,0.02523698,-0.06802240,-0.08327924,-35.24156189,-3.68463516,-0.08423647,-35.24135058,-3.68460690,0.00009235,-0.17717995,-0.02660993,-0.08414412,-35.41853053,-3.71121683,-0.08440228,-35.41151515,-3.64756215,-0.00789941,-0.01028135,0.00495417,0.06455478,0.01629216,-0.03580045,1
10.830,1.80704014,-0.14242770,2.71226375,0.19045453,0.04184398,-0.10460994,-0.01286038,0.03149894,-0.07874736,1.81554131,-0.13205838,2.70693995,0.12584059,0.02523812,-0.06871485,-0.08360527,-35.24639893,-3.68824387,-0.08456316,-35.24618587,-3.68821689,-0.00882418,-0.17783132,-0.02203609,-0.09338734,-35.42401719,-3.71025298,-0.09393751,-35.41720526,-3.64647341,-0.00850117,-0.01036932,0.00532380,0.06461394,0.01660586,-0.03589509,1
10.840,1.80894405,-0.14200769,2.71121371,0.19032563,0.04215911,-0.10539778,-0.01291848,0.03152840,-0.07882099,1.81679271,-0.13180597,2.70622824,0.12566556,0.02523894,-0.06932889,-0.08393156,-35.25127029,-3.69187784,-0.08489010,-35.25105549,-3.69185220,0.00104781,-0.17209032,-0.02686389,-0.08384230,-35.42314581,-3.71871609,-0.09393751,-35.41720521,-3.64628399,-0.00784866,-0.01020172,0.00498547,0.06466007,0.01692017,-0.03606889,1
10.850,1.81084665,-0.14158452,2.71015579,0.19019616,0.04247454,-0.10618635,-0.01297652,0.03155685,-0.07889213,1.81929168,-0.13130076,2.70479184,0.12546911,0.02524495,-0.07000166,-0.08425644,-35.25618362,-3.69553781,-0.08521564,-35.25596704,-3.69551351,-0.00777225,-0.17261460,-0.02222776,-0.09298790,-35.42858164,-3.71774127,-0.09395330,-35.42222007,-3.65302341,-0.00844503,-0.01028376,0.00536395,0.06472705,0.01722959,-0.03618469,1
10.860,1.81274797,-0.14115820,2.70908998,0.19006610,0.04279025,-0.10697562,-0.01303450,0.03158431,-0.07896078,1.82053910,-0.13104807,2.70406792,0.12528729,0.02525096,-0.07059931,-0.08458135,-35.26112366,-3.69921827,-0.08554120,-35.26090535,-3.69919536,0.00213200,-0.16674557,-0.02714635,-0.08340920,-35.42765092,-3.72634171,-0.09395330,-35.42222308,-3.65283729,-0.00779113,-0.01011013,0.00502206,0.06477881,0.01753929,-0.03637631,1
10.870,1.81464797,-0.14072871,2.70801628,0.18993547,0.04310622,-0.10776556,-0.01309242,0.03161078,-0.07902695,1.82178500,-0.13079543,2.70334079,0.12511287,0.02525432,-0.07112769,-0.08490586,-35.26610184,-3.70292091,-0.08586635,-35.26588178,-3.70289942,0.01202400,-0.16078123,-0.03230101,-0.07384234,-35.42666301,-3.73520043,-0.10334656,-35.42783585,-3.65162642,-0.00713703,-0.00993328,0.00467549,0.06482260,0.01785190,-0.03663787,1
10.880,1.81654667,-0.14029607,2.70693467,0.18980425,0.04342246,-0.10855615,-0.01315027,0.03163626,-0.07909065,1.82427266,-0.13028980,2.70187513,0.12491314,0.02526265,-0.07171169,-0.08522982,-35.27111435,-3.70664978,-0.08619095,-35.27089255,-3.70662976,0.00331891,-0.16108658,-0.02781977,-0.08287204,-35.43197913,-3.73444953,-0.09384336,-35.42714792,-3.65917275,-0.00772599,-0.01000627,0.00505954,0.06489111,0.01815981,-0.03684446,1
10.890,1.81844406,-0.13986026,2.70584515,0.18967246,0.04373895,-0.10934736,-0.01320805,0.03166075,-0.07915188,1.82551427,-0.13003691,2.70113741,0.12472528,0.02526918,-0.07222681,-0.08555311,-35.27616882,-3.71039987,-0.08651489,-35.27594528,-3.71038134,0.01326058,-0.15498336,-0.03307866,-0.07325431,-35.43092865,-3.74346000,-0.10317653,-35.43274287,-3.65790721,-0.00707021,-0.00982335,0.00470774,0.06494718,0.01846977,-0.03712055,1
10.900,1.82034012,-0.13942129,2.70474772,0.18954009,0.04405567,-0.11013918,-0.01326578,0.03168426,-0.07921066,1.82799352,-0.12953044,2.69964986,0.12451924,0.02528707,-0.07282096,-0.08587710,-35.28125381,-3.71417427,-0.08683952,-35.28102852,-3.71415728,0.00465237,-0.15519651,-0.02849620,-0.08218714,-35.43622503,-3.74265348,-0.08414412,-35.43120089,-3.67391513,-0.00765340,-0.00989085,0.00509786,0.06502085,0.01876860,-0.03731822,1
10.910,1.82223486,-0.13897915,2.70364237,0.18940715,0.04437263,-0.11093157,-0.01332343,0.03170679,-0.07926698,1.82923130,-0.12927668,2.69889960,0.12433387,0.02530916,-0.07337221,-0.08619956,-35.28637314,-3.71797156,-0.08716260,-35.28614610,-3.71795612,0.01460469,-0.14903192,-0.03371046,-0.07255790,-35.43517802,-3.75166658,-0.08414412,-35.43121824,-3.67370384,-0.00699644,-0.00970247,0.00474277,0.06507328,0.01906347,-0.03755936,1
10.920,1.82412826,-0.13853384,2.70252909,0.18927362,0.04468980,-0.11172451,-0.01338102,0.03172834,-0.07932085,1.83046770,-0.12902269,2.69814563,0.12416046,0.02533180,-0.07387828,-0.08652183,-35.29152679,-3.72179031,-0.08748550,-35.29129802,-3.72177646,0.02453306,-0.14279550,-0.03909437,-0.06295244,-35.43409351,-3.76087082,-0.09338734,-35.43671706,-3.67255475,-0.00633944,-0.00951115,0.00438346,0.06511316,0.01935800,-0.03784623,1
10.930,1.82602033,-0.13808535,2.70140787,0.18913953,0.04500719,-0.11251798,-0.01343855,0.03174892,-0.07937229,1.83293682,-0.12851344,2.69662467,0.12396892,0.02536960,-0.07447258,-0.08684352,-35.29672241,-3.72563457,-0.08780782,-35.29649191,-3.72562236,0.01598535,-0.14293550,-0.03439083,-0.07182247,-35.43942741,-3.76001319,-0.08384230,-35.43588731,-3.68058835,-0.00691649,-0.00957191,0.00478320,0.06517061,0.01963759,-0.03804540,1
10.940,1.82791105,-0.13763369,2.70027873,0.18900485,0.04532478,-0.11331195,-0.01349601,0.03176852,-0.07942130,1.83540074,-0.12800266,2.69508795,0.12376037,0.02541806,-0.07511802,-0.08716506,-35.30194855,-3.72950029,-0.08812998,-35.30171630,-3.72948974,0.00752760,-0.14308706,-0.02945845,-0.08060237,-35.44480336,-3.75894819,-0.08340920,-35.44043263,-3.68781453,-0.00748969,-0.00963103,0.00519078,0.06524448,0.01990672,-0.03819393,1
10.950,1.82980042,-0.13717886,2.69914163,0.18886961,0.04564256,-0.11410640,-0.01355340,0.03178715,-0.07946788,1.83663101,-0.12774636,2.69431226,0.12357706,0.02547114,-0.07573079,-0.08748632,-35.30720139,-3.73338938,-0.08845186,-35.30696740,-3.73338052,0.01750340,-0.13681925,-0.03460615,-0.07094846,-35.44378665,-3.76798667,-0.07384234,-35.43947820,-3.69641589,-0.00683059,-0.00943250,0.00482937,0.06529255,0.02017142,-0.03837561,1
10.960,1.83168844,-0.13672084,2.69799660,0.18873379,0.04596052,-0.11490130,-0.01361073,0.03180482,-0.07951205,1.83908817,-0.12723184,2.69274688,0.12338209,0.02554205,-0.07641935,-0.08780766,-35.31250381,-3.73730516,-0.08877382,-35.31226810,-3.73729804,0.00907717,-0.13701559,-0.02940223,-0.07969665,-35.44928369,-3.76670027,-0.08287204,-35.44485653,-3.69520700,-0.00739973,-0.00948900,0.00524972,0.06535170,0.02041847,-0.03848195,1
10.970,1.83357510,-0.13625965,2.69684361,0.18859739,0.04627865,-0.11569663,-0.01366799,0.03182152,-0.07955381,1.84154090,-0.12671447,2.69116216,0.12318225,0.02563311,-0.07718353,-0.08812789,-35.31782913,-3.74123931,-0.08909465,-35.31759170,-3.74123394,0.00070505,-0.13730374,-0.02386188,-0.08838960,-35.45489544,-3.76509582,-0.07325431,-35.44388179,-3.70372198,-0.00796580,-0.00954518,0.00568145,0.06541514,0.02064554,-0.03851310,1
10.980,1.83546039,-0.13579527,2.69568266,0.18846043,0.04659695,-0.11649237,-0.01372518,0.03183726,-0.07959316,1.84276552,-0.12645475,2.69036313,0.12300210,0.02571788,-0.07786347,-0.08844773,-35.32318878,-3.74519968,-0.08941511,-35.32294961,-3.74519610,0.01069423,-0.13103831,-0.02885099,-0.07872088,-35.45398792,-3.77404709,-0.08218714,-35.44921112,-3.70270184,-0.00730513,-0.00934052,0.00531953,0.06545833,0.02087907,-0.03862890,1
10.990,1.83734430,-0.13532771,2.69451376,0.18832289,0.04691539,-0.11728848,-0.01378230,0.03185205,-0.07963012,1.84521156,-0.12593278,2.68875022,0.12281374,0.02582361,-0.07861812,-0.08876703,-35.32858658,-3.74918342,-0.08973501,-35.32834569,-3.74918167,0.00235603,-0.13135387,-0.02317673,-0.08737899,-35.45969957,-3.77235839,-0.07255790,-35.44824843,-3.71122554,-0.00786726,-0.00939493,0.00576354,0.06550915,0.02109178,-0.03867036,1
11.000,1.83922684,-0.13485696,2.69333689,0.18818478,0.04723398,-0.11808496,-0.01383936,0.03186588,-0.07966469,1.84643313,-0.12567034,2.68793586,0.12264951,0.02592868,-0.07932242,-0.08908643,-35.33401489,-3.75318718,-0.09005502,-35.33377226,-3.75318729,0.01231566,-0.12509687,-0.02811452,-0.07773936,-35.45886913,-3.78130181,-0.06295244,-35.44721546,-3.72015318,-0.00720629,-0.00918662,0.00540103,0.06553527,0.02130530,-0.03876254,1
11.010,1.84110800,-0.13438303,2.69215206,0.18804610,0.04755271,-0.11888177,-0.01389635,0.03187875,-0.07969688,1.84887310,-0.12514267,2.68629252,0.12247348,0.02605397,-0.08009180,-0.08940519,-35.33948517,-3.75721526,-0.09037437,-35.33924083,-3.75721725,0.00400047,-0.12549156,-0.02221656,-0.08637390,-35.46473238,-3.77943381,-0.07182247,-35.45264233,-3.71881320,-0.00776510,-0.00924036,0.00585954,0.06557262,0.02149874,-0.03878997,1
11.020,1.84298776,-0.13390591,2.69095926,0.18790685,0.04787156,-0.11967889,-0.01395327,0.03189068,-0.07972669,1.85130842,-0.12461160,2.68463258,0.12228165,0.02618924,-0.08086513,-0.08972339,-35.34497833,-3.76126623,-0.09069316,-35.34473226,-3.76127015,-0.00423612,-0.12594110,-0.01619688,-0.09492928,-35.47067337,-3.77746703,-0.08060237,-35.45810089,-3.71735563,-0.00832066,-0.00929431,0.00632668,0.06562520,0.02168232,-0.03881376,1
11.030,1.84486613,-0.13342560,2.68975848,0.18776704,0.04819052,-0.12047630,-0.01401012,0.03190166,-0.07975414,1.85252443,-0.12434464,2.68379619,0.12211153,0.02631596,-0.08155854,-0.09004200,-35.35050201,-3.76533937,-0.09101236,-35.35025423,-3.76534525,0.00575222,-0.11966435,-0.02118802,-0.08526014,-35.46991858,-3.78653327,-0.07094846,-35.45713471,-3.72616729,-0.00765830,-0.00908096,0.00596229,0.06565551,0.02187456,-0.03891776,1
11.040,1.84674310,-0.13294210,2.68854973,0.18762665,0.04850959,-0.12127396,-0.01406690,0.03191169,-0.07977923,1.85495290,-0.12380801,2.68211194,0.12192461,0.02645602,-0.08226706,-0.09035963,-35.35606766,-3.76943612,-0.09133059,-35.35581815,-3.76944399,-0.00243537,-0.12011560,-0.01522293,-0.09376595,-35.47593375,-3.78466692,-0.07969665,-35.46272178,-3.72450396,-0.00820980,-0.00913409,0.00643779,0.06570204,0.02205357,-0.03900690,1
11.050,1.84861866,-0.13245540,2.68733300,0.18748570,0.04882875,-0.12207187,-0.01412361,0.03192078,-0.07980196,1.85737635,-0.12326796,2.68041443,0.12172200,0.02660473,-0.08296574,-0.09067657,-35.36166763,-3.77355599,-0.09164811,-35.36141640,-3.77356587,-0.01053925,-0.12061558,-0.00921396,-0.10218737,-35.48203198,-3.78277983,-0.07872088,-35.46751335,-3.73151620,-0.00875769,-0.00918744,0.00691857,0.06576370,0.02222402,-0.03910613,1
11.060,1.85049281,-0.13196552,2.68610829,0.18734418,0.04914800,-0.12287000,-0.01418026,0.03192894,-0.07982235,1.85858631,-0.12299648,2.67956043,0.12154056,0.02674042,-0.08357452,-0.09099396,-35.36729050,-3.77769804,-0.09196609,-35.36703754,-3.77770998,-0.00050471,-0.11425557,-0.01449993,-0.09247080,-35.48129311,-3.79220991,-0.07872088,-35.46756165,-3.73134667,-0.00809350,-0.00896904,0.00654786,0.06580362,0.02240758,-0.03929548,1
11.070,1.85236555,-0.13147244,2.68487560,0.18720209,0.04946732,-0.12366831,-0.01423683,0.03193616,-0.07984039,1.86100230,-0.12245100,2.67784453,0.12133876,0.02688449,-0.08415969,-0.09131102,-35.37295914,-3.78186297,-0.09228372,-35.37270447,-3.78187700,-0.00854258,-0.11470753,-0.00874401,-0.10082630,-35.48741200,-3.79062101,-0.08737899,-35.47335792,-3.72940078,-0.00863675,-0.00902144,0.00703107,0.06586333,0.02258283,-0.03950862,1
11.080,1.85423685,-0.13097617,2.68363492,0.18705944,0.04978672,-0.12446680,-0.01429333,0.03194244,-0.07985611,1.86220846,-0.12217680,2.67698221,0.12115819,0.02701823,-0.08467769,-0.09162640,-35.37864685,-3.78605151,-0.09259968,-35.37839046,-3.78606763,0.00150231,-0.10824493,-0.01435732,-0.09109736,-35.48663539,-3.80042495,-0.07773936,-35.47257885,-3.73818598,-0.00797161,-0.00879937,0.00665271,0.06590125,0.02276849,-0.03978911,1
11.090,1.85610673,-0.13047671,2.68238626,0.18691623,0.05010617,-0.12526543,-0.01434976,0.03194780,-0.07986950,1.86461688,-0.12162571,2.67525045,0.12095755,0.02716363,-0.08518217,-0.09194274,-35.38437271,-3.79026198,-0.09291659,-35.38411462,-3.79028026,-0.00646943,-0.10868323,-0.00880526,-0.09938601,-35.49279785,-3.79908552,-0.08637390,-35.47853230,-3.73608601,-0.00851015,-0.00885100,0.00713581,0.06595868,0.02294254,-0.04008326,1
11.100,1.85797518,-0.12997405,2.68112961,0.18677245,0.05042567,-0.12606418,-0.01440613,0.03195223,-0.07988057,1.86701983,-0.12107121,2.67351136,0.12073887,0.02731594,-0.08565323,-0.09225807,-35.39014053,-3.79449415,-0.09323249,-35.38988072,-3.79451460,-0.01434610,-0.10916114,-0.00334519,-0.10757859,-35.49904186,-3.79785979,-0.08526014,-35.48380502,-3.74300007,-0.00904465,-0.00890284,0.00761825,0.06603358,0.02310973,-0.04041095,1
11.110,1.85984218,-0.12946820,2.67986498,0.18662811,0.05074521,-0.12686303,-0.01446242,0.03195573,-0.07988933,1.86821936,-0.12079252,2.67263879,0.12054250,0.02745416,-0.08605422,-0.09257394,-35.39592361,-3.79874969,-0.09354892,-35.39566208,-3.79877236,-0.00423842,-0.10259282,-0.00942937,-0.09778735,-35.49825490,-3.80820174,-0.08526014,-35.48385298,-3.74290468,-0.00837718,-0.00867568,0.00722619,0.06608561,0.02329105,-0.04080881,1
11.120,1.86170774,-0.12895915,2.67859235,0.18648320,0.05106478,-0.12766196,-0.01451863,0.03195831,-0.07989578,1.87061415,-0.12023265,2.67089028,0.12032384,0.02759946,-0.08640835,-0.09288888,-35.40174866,-3.80302525,-0.09386443,-35.40148543,-3.80305015,-0.01203824,-0.10300949,-0.00434721,-0.10590267,-35.50449491,-3.80739737,-0.09376595,-35.48995143,-3.74093155,-0.00890641,-0.00872650,0.00770207,0.06615936,0.02346532,-0.04125361,1
11.130,1.86357184,-0.12844690,2.67731174,0.18633773,0.05138437,-0.12846094,-0.01457478,0.03195998,-0.07989994,1.87180927,-0.11995159,2.67001534,0.12012086,0.02772607,-0.08667969,-0.09320291,-35.40760040,-3.80732656,-0.09417902,-35.40733546,-3.80735373,-0.00189674,-0.09628183,-0.01093276,-0.09607576,-35.50361729,-3.81828649,-0.10218737,-35.49608494,-3.73903297,-0.00823743,-0.00849531,0.00729640,0.06621687,0.02365830,-0.04178125,1
11.140,1.86543449,-0.12793146,2.67602313,0.18619170,0.05170398,-0.12925995,-0.01463086,0.03196072,-0.07990181,1.87419528,-0.11938678,2.66826263,0.11989805,0.02786588,-0.08692776,-0.09351671,-35.41348267,-3.81165004,-0.09449338,-35.41321600,-3.81167953,-0.00960230,-0.09663405,-0.00626902,-0.10409568,-35.50985005,-3.81794855,-0.09247080,-35.49543576,-3.74837392,-0.00876079,-0.00854468,0.00776050,0.06629365,0.02383810,-0.04233219,1
11.150,1.86729567,-0.12741282,2.67472654,0.18604512,0.05202359,-0.13005897,-0.01468686,0.03196056,-0.07990139,1.87657524,-0.11881875,2.66650924,0.11965376,0.02800959,-0.08711034,-0.09383116,-35.41940308,-3.81599712,-0.09480837,-35.41913472,-3.81602894,-0.01719790,-0.09700664,-0.00186351,-0.11200627,-35.51614136,-3.81789245,-0.10082630,-35.50163236,-3.74679199,-0.00927957,-0.00859407,0.00821730,0.06639136,0.02401400,-0.04294863,1
11.160,1.86915539,-0.12689099,2.67342196,0.18589797,0.05234319,-0.13085797,-0.01474279,0.03195948,-0.07989870,1.87776305,-0.11853336,2.66563202,0.11943567,0.02814180,-0.08726338,-0.09414387,-35.42534637,-3.82036400,-0.09512163,-35.42507631,-3.82039817,-0.00698604,-0.09017523,-0.00902623,-0.10210767,-35.51525154,-3.82942441,-0.09109736,-35.50090460,-3.75656370,-0.00860766,-0.00835763,0.00778994,0.06646230,0.02420139,-0.04359459,1
11.170,1.87101363,-0.12636596,2.67210938,0.18575026,0.05266277,-0.13165693,-0.01479864,0.03195750,-0.07989374,1.88013411,-0.11796002,2.66387777,0.11919592,0.02828390,-0.08737210,-0.09445728,-35.43132019,-3.82475233,-0.09543558,-35.43104843,-3.82478891,-0.01450336,-0.09051246,-0.00500194,-0.10993894,-35.52156090,-3.82979086,-0.09938601,-35.50715295,-3.75523640,-0.00912048,-0.00840594,0.00823161,0.06655434,0.02437887,-0.04428483,1
11.180,1.87287039,-0.12583773,2.67078882,0.18560199,0.05298233,-0.13245584,-0.01485443,0.03195461,-0.07988652,1.88131723,-0.11767218,2.66300166,0.11897483,0.02840904,-0.08743194,-0.09476995,-35.43733597,-3.82916498,-0.09574880,-35.43706251,-3.82920399,-0.00426151,-0.08354708,-0.01261962,-0.10001031,-35.52060959,-3.84182361,-0.10757859,-35.51343410,-3.75405406,-0.00844684,-0.00816555,0.00778716,0.06662716,0.02457329,-0.04502390,1
11.190,1.87472567,-0.12530631,2.66946026,0.18545317,0.05330186,-0.13325466,-0.01491013,0.03195082,-0.07987704,1.88367896,-0.11709363,2.66124951,0.11873402,0.02855054,-0.08747276,-0.09508234,-35.44337082,-3.83359718,-0.09606172,-35.44309565,-3.83363865,-0.01168329,-0.08385149,-0.00899980,-0.10774502,-35.52694715,-3.84263845,-0.09778735,-35.51274242,-3.76440412,-0.00895329,-0.00821268,0.00821075,0.06671915,0.02475132,-0.04578190,1
11.200,1.87657945,-0.12477169,2.66812372,0.18530379,0.05362135,-0.13405337,-0.01496577,0.03194613,-0.07986532,1.88603431,-0.11651159,2.65950024,0.11847205,0.02869901,-0.08745690,-0.09539418,-35.44944000,-3.83805323,-0.09637410,-35.44916314,-3.83809718,-0.01899116,-0.08419839,-0.00566210,-0.11536526,-35.53336153,-3.84375928,-0.10590267,-35.51906713,-3.76369271,-0.00945486,-0.00826010,0.00862348,0.06683174,0.02492234,-0.04659647,1
11.210,1.87843174,-0.12423388,2.66677920,0.18515386,0.05394078,-0.13485195,-0.01502133,0.03194054,-0.07985135,1.88720970,-0.11621908,2.65862621,0.11823871,0.02883709,-0.08744332,-0.09570646,-35.45554352,-3.84253311,-0.09668691,-35.45526493,-3.84257958,-0.00867956,-0.07717527,-0.01380078,-0.10536647,-35.53244020,-3.85638036,-0.09607576,-35.51824296,-3.77458520,-0.00877796,-0.00801480,0.00815299,0.06691515,0.02510369,-0.04740863,1
11.220,1.88028253,-0.12369288,2.66542669,0.18500337,0.05426016,-0.13565039,-0.01507682,0.03193406,-0.07983515,1.88955568,-0.11563115,2.65688011,0.11798380,0.02898911,-0.08739817,-0.09601717,-35.46166611,-3.84703135,-0.09699814,-35.46138584,-3.84708036,-0.01590787,-0.07752786,-0.01078443,-0.11290601,-35.53891370,-3.85786479,-0.10409568,-35.52457263,-3.77431719,-0.00927315,-0.00806173,0.00854658,0.06701957,0.02527105,-0.04825222,1
11.230,1.88213181,-0.12314868,2.66406619,0.18485232,0.05457946,-0.13644865,-0.01513223,0.03192669,-0.07981672,1.89072615,-0.11533582,2.65600877,0.11774965,0.02912497,-0.08733202,-0.09632841,-35.46782684,-3.85155463,-0.09730991,-35.46754487,-3.85160622,-0.00556814,-0.07040445,-0.01929655,-0.10287804,-35.53794932,-3.87090277,-0.11200627,-35.53090764,-3.77432567,-0.00859434,-0.00781286,0.00805742,0.06710267,0.02545449,-0.04911663,1
11.240,1.88397957,-0.12260129,2.66269771,0.18470072,0.05489869,-0.13724672,-0.01518756,0.03191843,-0.07979608,1.89306241,-0.11474185,2.65426698,0.11749581,0.02928228,-0.08726510,-0.09663885,-35.47401810,-3.85609651,-0.09762087,-35.47373445,-3.85615071,-0.01270012,-0.07077512,-0.01659759,-0.11032099,-35.54450956,-3.87274830,-0.10210767,-35.53012864,-3.78589223,-0.00908284,-0.00785944,0.00843073,0.06720491,0.02561641,-0.04998162,1
11.250,1.88582582,-0.12205071,2.66132126,0.18454857,0.05521783,-0.13804456,-0.01524282,0.03190929,-0.07977322,1.89422806,-0.11444329,2.65339723,0.11726333,0.02942575,-0.08719275,-0.09694918,-35.48023224,-3.86066461,-0.09793170,-35.47994689,-3.86072143,-0.00233901,-0.06361156,-0.02535217,-0.10027071,-35.54355845,-3.88607360,-0.10993894,-35.53648899,-3.78630302,-0.00840224,-0.00760742,0.00792403,0.06728524,0.02579208,-0.05085181,1
11.260,1.88767054,-0.12149693,2.65993682,0.18439587,0.05553687,-0.13884217,-0.01529801,0.03189926,-0.07974815,1.89655448,-0.11384284,2.65166011,0.11700854,0.02959068,-0.08710818,-0.09725861,-35.48648071,-3.86524987,-0.09824166,-35.48619366,-3.86530937,-0.00936911,-0.06402285,-0.02296456,-0.10761076,-35.55021651,-3.88827393,-0.10001031,-35.53565232,-3.79839636,-0.00888394,-0.00765409,0.00827671,0.06738733,0.02594619,-0.05173399,1
11.270,1.88951374,-0.12093997,2.65854441,0.18424261,0.05585581,-0.13963952,-0.01535311,0.03188836,-0.07972089,1.89771527,-0.11354081,2.65079193,0.11677632,0.02974397,-0.08703582,-0.09756839,-35.49275589,-3.86986065,-0.09855195,-35.49246715,-3.86992285,0.00101668,-0.05683636,-0.03194598,-0.09753528,-35.54930351,-3.90186882,-0.10774502,-35.54204907,-3.79922908,-0.00820153,-0.00739916,0.00775248,0.06746629,0.02611184,-0.05260370,1
11.280,1.89135539,-0.12037982,2.65714403,0.18408880,0.05617463,-0.14043658,-0.01540815,0.03187657,-0.07969143,1.90003181,-0.11293324,2.64905782,0.11651687,0.02991642,-0.08694130,-0.09787772,-35.49905396,-3.87449026,-0.09886178,-35.49876352,-3.87455518,-0.00590397,-0.05730478,-0.02982842,-0.10476575,-35.55606830,-3.90438360,-0.11536526,-35.54857842,-3.80043042,-0.00867642,-0.00744658,0.00808621,0.06757193,0.02625821,-0.05349528,1
11.290,1.89319551,-0.11981648,2.65573568,0.18393445,0.05649334,-0.14123334,-0.01546310,0.03186392,-0.07965979,1.90234144,-0.11232096,2.64732717,0.11623799,0.03010787,-0.08683906,-0.09818649,-35.50538635,-3.87914252,-0.09917106,-35.50509422,-3.87921017,-0.01270676,-0.05790687,-0.02787755,-0.11187781,-35.56300110,-3.90708773,-0.10536647,-35.54778131,-3.81311418,-0.00914593,-0.00749552,0.00840851,0.06769646,0.02638547,-0.05439428,1
11.300,1.89503408,-0.11924995,2.65431937,0.18377954,0.05681191,-0.14202977,-0.01551798,0.03185039,-0.07962598,1.90349374,-0.11201285,2.64646210,0.11598589,0.03028383,-0.08675594,-0.09849470,-35.51174164,-3.88381696,-0.09947976,-35.51144781,-3.88388742,-0.00222672,-0.05074798,-0.03723475,-0.10170648,-35.56219579,-3.92112216,-0.11290601,-35.55431956,-3.81461150,-0.00845966,-0.00723710,0.00785727,0.06779365,0.02652808,-0.05527383,1
11.310,1.89687110,-0.11868024,2.65289509,0.18362409,0.05713034,-0.14282585,-0.01557278,0.03183600,-0.07958999,1.90579332,-0.11139245,2.64473234,0.11571475,0.03048730,-0.08669815,-0.09880327,-35.51813507,-3.88851070,-0.09978883,-35.51783957,-3.88858396,-0.00894279,-0.05145485,-0.03539002,-0.10873162,-35.56929442,-3.92397398,-0.10287804,-35.55349817,-3.82764037,-0.00892222,-0.00728779,0.00816275,0.06790934,0.02664304,-0.05612770,1
11.320,1.89870656,-0.11810734,2.65146285,0.18346809,0.05744863,-0.14362156,-0.01562750,0.03182074,-0.07955184,1.90694067,-0.11107999,2.64386657,0.11546963,0.03067718,-0.08666792,-0.09911131,-35.52455521,-3.89322758,-0.10009736,-35.52425801,-3.89330368,0.00154898,-0.04431604,-0.04481134,-0.09854838,-35.56857405,-3.93811502,-0.11032099,-35.56013297,-3.82945967,-0.00823411,-0.00702735,0.00759628,0.06799846,0.02677145,-0.05695364,1
11.330,1.90054046,-0.11753127,2.65002266,0.18331154,0.05776675,-0.14441688,-0.01568215,0.03180461,-0.07951153,1.90923049,-0.11045030,2.64213302,0.11520609,0.03090096,-0.08668960,-0.09941873,-35.53099060,-3.89796448,-0.10040526,-35.53069172,-3.89804345,-0.00508457,-0.04519890,-0.04292395,-0.10548983,-35.57589062,-3.94096740,-0.10027071,-35.55934459,-3.84269629,-0.00869003,-0.00708097,0.00788964,0.06810545,0.02686579,-0.05772728,1
11.340,1.90237279,-0.11695201,2.64857452,0.18315444,0.05808472,-0.14521179,-0.01573671,0.03178763,-0.07946907,1.91037302,-0.11013288,2.64126410,0.11496790,0.03111116,-0.08674020,-0.09972516,-35.53746033,-3.90272355,-0.10071218,-35.53715975,-3.90280542,0.00541656,-0.03812766,-0.05230727,-0.09529562,-35.57528741,-3.95511269,-0.10761076,-35.56608740,-3.84482793,-0.00800023,-0.00681913,0.00731042,0.06818654,0.02697356,-0.05847159,1
11.350,1.90420355,-0.11636957,2.64711843,0.18299680,0.05840250,-0.14600626,-0.01579120,0.03176979,-0.07942447,1.91265337,-0.10949268,2.63952170,0.11471202,0.03136043,-0.08686547,-0.10003238,-35.54396057,-3.90750384,-0.10101987,-35.54365832,-3.90758864,-0.00113929,-0.03924280,-0.05025059,-0.10215917,-35.58290112,-3.95783923,-0.09753528,-35.56535762,-3.85824819,-0.00844982,-0.00687689,0.00759673,0.06828478,0.02704207,-0.05914079,1
11.360,1.90603272,-0.11578396,2.64565439,0.18283862,0.05872011,-0.14680027,-0.01584561,0.03175110,-0.07937774,1.91379125,-0.10916970,2.63864701,0.11448087,0.03159499,-0.08701637,-0.10033858,-35.55048370,-3.91230583,-0.10132655,-35.55017976,-3.91239357,0.00936832,-0.03227524,-0.05951290,-0.09195823,-35.58245500,-3.97190647,-0.10476575,-35.57221764,-3.86064907,-0.00775853,-0.00661426,0.00700738,0.06835775,0.02712512,-0.05978390,1
11.370,1.90786032,-0.11519517,2.64418242,0.18267989,0.05903752,-0.14759380,-0.01589994,0.03173155,-0.07932887,1.91606217,-0.10851806,2.63689183,0.11422622,0.03186477,-0.08722508,-0.10064457,-35.55702972,-3.91712809,-0.10163303,-35.55672411,-3.91721882,0.00290211,-0.03362156,-0.05728600,-0.09873091,-35.59034566,-3.97450482,-0.11187781,-35.57933815,-3.86316212,-0.00820185,-0.00667711,0.00729059,0.06845367,0.02717275,-0.06036872,1
11.380,1.90968632,-0.11460321,2.64270252,0.18252062,0.05935474,-0.14838684,-0.01595419,0.03171116,-0.07927789,1.91719511,-0.10818947,2.63601178,0.11399320,0.03211335,-0.08742027,-0.10095054,-35.56360626,-3.92196918,-0.10193946,-35.56329896,-3.92206291,0.01343800,-0.02670694,-0.06657189,-0.08850146,-35.59000591,-3.98863480,-0.11187781,-35.57943064,-3.86308481,-0.00750879,-0.00641374,0.00669074,0.06852742,0.02724139,-0.06096657,1
11.390,1.91151073,-0.11400808,2.64121469,0.18236081,0.05967174,-0.14917936,-0.01600836,0.03168992,-0.07922479,1.91945634,-0.10752598,2.63424294,0.11373994,0.03240445,-0.08771105,-0.10125577,-35.57020950,-3.92683530,-0.10224516,-35.56990053,-3.92693209,0.00706473,-0.02829944,-0.06416619,-0.09518043,-35.59819997,-3.99109828,-0.10873162,-35.58593328,-3.87968228,-0.00794561,-0.00648210,0.00697175,0.06862087,0.02726729,-0.06146831,1
11.400,1.91333354,-0.11340978,2.63971893,0.18220045,0.05998853,-0.14997133,-0.01606245,0.03166783,-0.07916958,1.92058451,-0.10719114,2.63335459,0.11350937,0.03267438,-0.08799217,-0.10156029,-35.57683945,-3.93171835,-0.10255014,-35.57652880,-3.93181819,0.01761739,-0.02149117,-0.07333320,-0.08493275,-35.59801997,-4.00515139,-0.10873162,-35.58603651,-3.87955620,-0.00725097,-0.00621864,0.00636434,0.06869108,0.02731415,-0.06197916,1
11.410,1.91515474,-0.11280831,2.63821526,0.18203956,0.06030510,-0.15076274,-0.01611645,0.03164491,-0.07911228,1.92283638,-0.10651450,2.63156622,0.11326082,0.03299212,-0.08839616,-0.10186490,-35.58349991,-3.93662405,-0.10285521,-35.58318757,-3.93672699,0.01132505,-0.02338867,-0.07059413,-0.09153016,-35.60657624,-4.00732113,-0.10548983,-35.59286328,-3.89616334,-0.00768164,-0.00629381,0.00664904,0.06877874,0.02731298,-0.06236658,1
11.420,1.91697432,-0.11220368,2.63670368,0.18187813,0.06062143,-0.15155357,-0.01617038,0.03162115,-0.07905288,1.92395996,-0.10617278,2.63066666,0.11303521,0.03328726,-0.08878624,-0.10216878,-35.59017563,-3.94155073,-0.10315954,-35.58986161,-3.94165681,0.02188637,-0.01672224,-0.07954615,-0.08127317,-35.60658385,-4.02120296,-0.10548983,-35.59297697,-3.89598915,-0.00698564,-0.00603090,0.00603702,0.06884292,0.02733417,-0.06276733,1
11.430,1.91879230,-0.11159588,2.63518419,0.18171615,0.06093752,-0.15234379,-0.01622423,0.03159656,-0.07899139,1.92620282,-0.10548176,2.62885305,0.11279325,0.03363403,-0.08931891,-0.10247242,-35.59687424,-3.94649601,-0.10346364,-35.59655855,-3.94660521,0.01566582,-0.01896823,-0.07636013,-0.08779782,-35.61552678,-4.02296535,-0.10215917,-35.60023828,-3.91238078,-0.00741052,-0.00611412,0.00633114,0.06892290,0.02730349,-0.06302488,1
11.440,1.92060865,-0.11098493,2.63365681,0.18155364,0.06125336,-0.15313339,-0.01627800,0.03157113,-0.07892783,1.92732198,-0.10513255,2.62793948,0.11257403,0.03395589,-0.08982842,-0.10277594,-35.60361099,-3.95146441,-0.10376760,-35.60329362,-3.95157679,0.02623031,-0.01246665,-0.08503417,-0.07753728,-35.61576027,-4.03661096,-0.10215917,-35.60036185,-3.91216075,-0.00671333,-0.00585238,0.00571733,0.06897961,0.02729747,-0.06330497,1
11.450,1.92242337,-0.11037081,2.63212153,0.18139059,0.06156894,-0.15392234,-0.01633168,0.03154488,-0.07886219,1.92955617,-0.10442598,2.62609520,0.11233976,0.03433214,-0.09049475,-0.10307923,-35.61035919,-3.95645022,-0.10407133,-35.61004014,-3.95656582,0.02007363,-0.01509293,-0.08131770,-0.08399770,-35.62513307,-4.03788352,-0.09873091,-35.60807611,-3.92825796,-0.00713280,-0.00594483,0.00602633,0.06905083,0.02723680,-0.06342759,1
11.460,1.92423646,-0.10975355,2.63057836,0.18122701,0.06188425,-0.15471063,-0.01638528,0.03151780,-0.07879449,1.93067123,-0.10406871,2.62516498,0.11213145,0.03468089,-0.09112648,-0.10338151,-35.61713791,-3.96145988,-0.10437404,-35.61681718,-3.96157870,0.03062702,-0.00877177,-0.08967207,-0.07374702,-35.62558895,-4.05125077,-0.08850146,-35.60786947,-3.92799398,-0.00643477,-0.00568484,0.00541338,0.06909556,0.02720336,-0.06358415,1
11.470,1.92604791,-0.10913313,2.62902732,0.18106289,0.06219929,-0.15549822,-0.01643880,0.03148989,-0.07872473,1.93289740,-0.10334550,2.62328487,0.11190831,0.03508625,-0.09192643,-0.10368367,-35.62393570,-3.96648836,-0.10467665,-35.62361331,-3.96661045,0.02451751,-0.01180482,-0.08535756,-0.08015914,-35.63541812,-4.05196801,-0.09518043,-35.61635113,-3.94393515,-0.00684949,-0.00578763,0.00574245,0.06915458,0.02711304,-0.06357179,1
11.480,1.92785771,-0.10850956,2.62746840,0.18089823,0.06251405,-0.15628511,-0.01649224,0.03146117,-0.07865292,1.93400839,-0.10297965,2.62233554,0.11170612,0.03546100,-0.09267819,-0.10398567,-35.63076401,-3.97153687,-0.10497908,-35.63043995,-3.97166225,0.03506846,-0.00567292,-0.09336483,-0.06991061,-35.63611287,-4.06502708,-0.09518043,-35.61649261,-3.94363153,-0.00615068,-0.00552991,0.00513286,0.06919211,0.02705305,-0.06360692,1
11.490,1.92966587,-0.10788285,2.62590162,0.18073304,0.06282851,-0.15707128,-0.01654559,0.03143163,-0.07857907,1.93622660,-0.10223877,2.62041487,0.11149053,0.03589403,-0.09360646,-0.10428730,-35.63761520,-3.97660518,-0.10528115,-35.63728947,-3.97673386,0.02901207,-0.00913112,-0.08840357,-0.07626908,-35.64642059,-4.06513743,-0.09153016,-35.62517279,-3.95912550,-0.00656073,-0.00564408,0.00548675,0.06924251,0.02693448,-0.06346482,1
11.500,1.93147237,-0.10725299,2.62432698,0.18056732,0.06314268,-0.15785669,-0.01659886,0.03140127,-0.07850318,1.93733387,-0.10186360,2.61944249,0.11129968,0.03629984,-0.09451443,-0.10458850,-35.64448547,-3.98169518,-0.10558277,-35.64415807,-3.98182719,0.03954489,-0.00323292,-0.09592163,-0.06603788,-35.64739098,-4.07774882,-0.08127317,-35.62534248,-3.97258379,-0.00586150,-0.00538939,0.00488449,0.06926764,0.02684284,-0.06334226,1
11.510,1.93327721,-0.10662000,2.62274449,0.18040107,0.06345653,-0.15864133,-0.01665205,0.03137010,-0.07842525,1.93954480,-0.10110366,2.61747374,0.11109551,0.03676319,-0.09559240,-0.10488883,-35.65138626,-3.98680139,-0.10588351,-35.65105718,-3.98693676,0.03352311,-0.00716526,-0.09016161,-0.07236040,-35.65822244,-4.07709837,-0.08779782,-35.63460339,-3.97355217,-0.00626759,-0.00551634,0.00527075,0.06930556,0.02669334,-0.06304893,1
11.520,1.93508039,-0.10598386,2.62115415,0.18023428,0.06377007,-0.15942519,-0.01670515,0.03133812,-0.07834531,1.94064852,-0.10071876,2.61647643,0.11091469,0.03719486,-0.09662702,-0.10518928,-35.65830612,-3.99192929,-0.10618438,-35.65797538,-3.99206807,0.04403747,-0.00148544,-0.09723944,-0.06214690,-35.65946082,-4.08930751,-0.07753728,-35.63500521,-3.98674552,-0.00556813,-0.00526510,0.00467772,0.06931959,0.02657521,-0.06279817,1
11.530,1.93688190,-0.10534460,2.61955598,0.18006696,0.06408329,-0.16020823,-0.01675817,0.03130534,-0.07826335,1.94285253,-0.09993901,2.61445621,0.11072093,0.03768341,-0.09782623,-0.10548924,-35.66524887,-3.99707866,-0.10648475,-35.66491646,-3.99722085,0.03804695,-0.00588516,-0.09070735,-0.06843780,-35.67080163,-4.08792820,-0.08399770,-35.64470759,-3.98717161,-0.00597063,-0.00540559,0.00509977,0.06934603,0.02639988,-0.06238200,1
11.540,1.93868173,-0.10470220,2.61794999,0.17989912,0.06439618,-0.16099045,-0.01681110,0.03127175,-0.07817938,1.94395287,-0.09954405,2.61343249,0.11054934,0.03813644,-0.09896271,-0.10578835,-35.67220306,-4.00224638,-0.10678427,-35.67186899,-4.00239202,0.04854144,-0.00041011,-0.09738667,-0.05824283,-35.67227910,-4.09977868,-0.07374702,-35.64533673,-4.00006469,-0.00527114,-0.00515815,0.00451750,0.06934978,0.02625974,-0.06202774,1
11.550,1.94047988,-0.10405668,2.61633618,0.17973074,0.06470872,-0.16177181,-0.01686395,0.03123736,-0.07809341,1.94615029,-0.09874391,2.61135825,0.11036535,0.03864546,-0.10025750,-0.10608737,-35.67919159,-4.00743437,-0.10708369,-35.67885584,-4.00758348,0.04257791,-0.00526863,-0.09011256,-0.06450578,-35.68412447,-4.09769604,-0.08015914,-35.65550437,-3.99989706,-0.00567041,-0.00531277,0.00497793,0.06936539,0.02606326,-0.06151431,1
11.560,1.94227634,-0.10340803,2.61471456,0.17956184,0.06502092,-0.16255231,-0.01691672,0.03120218,-0.07800545,1.94834357,-0.09792986,2.60924650,0.11017744,0.03920384,-0.10170728,-0.10638601,-35.68619156,-4.01264048,-0.10738274,-35.68585415,-4.01279309,0.03665762,-0.01064551,-0.08206211,-0.07072512,-35.69649966,-4.09485520,-0.06991061,-35.65655237,-4.01199877,-0.00606723,-0.00547817,0.00546806,0.06938440,0.02581708,-0.06084503,1
11.570,1.94407111,-0.10275626,2.61308513,0.17939241,0.06533277,-0.16333191,-0.01696939,0.03116620,-0.07791550,1.94943861,-0.09751771,2.60817714,0.11000901,0.03970663,-0.10301435,-0.10668457,-35.69322968,-4.01786900,-0.10768170,-35.69289060,-4.01802512,0.04714624,-0.00562015,-0.08801949,-0.06053546,-35.69851075,-4.10604461,-0.07626908,-35.66702808,-4.01166964,-0.00536750,-0.00523855,0.00490799,0.06938340,0.02562614,-0.06031756,1
11.580,1.94586419,-0.10210137,2.61144792,0.17922245,0.06564424,-0.16411061,-0.01702199,0.03112943,-0.07782356,1.95162585,-0.09668270,2.60600916,0.10983549,0.04026221,-0.10447904,-0.10698215,-35.70027161,-4.02311420,-0.10797967,-35.69993088,-4.02327388,0.04123512,-0.01135459,-0.07939908,-0.06674456,-35.71128546,-4.10267296,-0.06603788,-35.66835546,-4.02331226,-0.00576166,-0.00541867,0.00543876,0.06938696,0.02538203,-0.05963157,1
11.590,1.94765556,-0.10144337,2.60980293,0.17905197,0.06595535,-0.16488838,-0.01707449,0.03109186,-0.07772966,1.95271795,-0.09626003,2.60491164,0.10967919,0.04076325,-0.10579728,-0.10727958,-35.70734406,-4.02837992,-0.10827749,-35.70700168,-4.02854317,0.05169072,-0.00643121,-0.08516013,-0.05658677,-35.71343289,-4.11370329,-0.07236040,-35.67935563,-4.02222237,-0.00506239,-0.00518334,0.00489129,0.06937278,0.02519210,-0.05909110,1
11.600,1.94944523,-0.10078227,2.60815016,0.17888096,0.06626608,-0.16566520,-0.01712691,0.03105351,-0.07763378,1.95489949,-0.09540399,2.60268753,0.10951737,0.04131766,-0.10726701,-0.10757676,-35.71443176,-4.03366375,-0.10857505,-35.71408772,-4.03383061,0.04578894,-0.01253408,-0.07599495,-0.06278611,-35.72662180,-4.10982556,-0.06214690,-35.68095127,-4.03346941,-0.00545426,-0.00537828,0.00546263,0.06936359,0.02494842,-0.05839819,1
11.610,1.95123318,-0.10011805,2.60648963,0.17870943,0.06657642,-0.16644105,-0.01717925,0.03101438,-0.07753595,1.95598881,-0.09497082,2.60156216,0.10937113,0.04181735,-0.10858463,-0.10787292,-35.72154999,-4.03896856,-0.10887159,-35.72120427,-4.03913903,0.05621299,-0.00771472,-0.08159263,-0.05265860,-35.72891899,-4.12073167,-0.06843780,-35.69245983,-4.03165946,-0.00475563,-0.00514723,0.00492747,0.06933830,0.02475907,-0.05785642,1
11.620,1.95301941,-0.09945074,2.60482134,0.17853738,0.06688636,-0.16721591,-0.01723149,0.03097447,-0.07743617,1.95816461,-0.09409425,2.59928583,0.10921531,0.04236441,-0.11000736,-0.10816938,-35.72867584,-4.04428959,-0.10916843,-35.72832848,-4.04446372,0.05033181,-0.01414256,-0.07206293,-0.05883662,-35.74247104,-4.11652666,-0.05824283,-35.69428190,-4.04264091,-0.00514520,-0.00535649,0.00553551,0.06932207,0.02452195,-0.05720855,1
11.630,1.95480392,-0.09878033,2.60314531,0.17836480,0.06719591,-0.16798977,-0.01728365,0.03093377,-0.07733444,1.96033673,-0.09320423,2.59697589,0.10905104,0.04293990,-0.11147805,-0.10846490,-35.73582840,-4.04963160,-0.10946434,-35.73547938,-4.04980940,0.04449556,-0.02097378,-0.06207384,-0.06496879,-35.75645317,-4.11188323,-0.06450578,-35.70645765,-4.03975097,-0.00553281,-0.00557610,0.00616942,0.06931376,0.02425601,-0.05651172,1
11.640,1.95658671,-0.09810682,2.60146155,0.17819170,0.06750504,-0.16876259,-0.01733573,0.03089231,-0.07723077,1.96250489,-0.09230159,2.59463659,0.10887913,0.04352803,-0.11294673,-0.10875998,-35.74299240,-4.05499363,-0.10975979,-35.74264172,-4.05517514,0.03870664,-0.02810849,-0.05180542,-0.07105314,-35.77075021,-4.10698056,-0.06053546,-35.72115697,-4.04736823,-0.00591818,-0.00580523,0.00682496,0.06931257,0.02397701,-0.05581586,1
11.650,1.95836776,-0.09743023,2.59977006,0.17801809,0.06781375,-0.16953437,-0.01738771,0.03085007,-0.07712517,1.96358763,-0.09184546,2.59345573,0.10872764,0.04404943,-0.11423166,-0.10905481,-35.75017929,-4.06037378,-0.11005498,-35.74982697,-4.06055901,0.04913195,-0.02367175,-0.05715438,-0.06092303,-35.77349872,-4.11771339,-0.06053546,-35.72131756,-4.04700140,-0.00521987,-0.00558477,0.00631433,0.06929045,0.02376432,-0.05530271,1
11.660,1.96014707,-0.09675055,2.59807086,0.17784395,0.06812204,-0.17030509,-0.01743960,0.03080706,-0.07701764,1.96575023,-0.09092420,2.59107433,0.10856771,0.04459161,-0.11553043,-0.10934903,-35.75738525,-4.06577349,-0.11034957,-35.75703126,-4.06596247,0.04334848,-0.03089226,-0.04695870,-0.06700110,-35.78792352,-4.11292117,-0.05658677,-35.73654196,-4.05398993,-0.00560316,-0.00582635,0.00699653,0.06927624,0.02353043,-0.05477466,1
11.670,1.96192463,-0.09606779,2.59636396,0.17766929,0.06842989,-0.17107472,-0.01749141,0.03076328,-0.07690820,1.96683026,-0.09045892,2.58987335,0.10842640,0.04507579,-0.11667228,-0.10964335,-35.76462173,-4.07118845,-0.11064424,-35.76426610,-4.07138121,0.05373992,-0.02634823,-0.05259862,-0.05690432,-35.79061434,-4.12397983,-0.05658677,-35.73669706,-4.05365437,-0.00490563,-0.00560887,0.00649061,0.06924289,0.02335410,-0.05440244,1
11.680,1.96370045,-0.09538195,2.59464937,0.17749412,0.06873730,-0.17184325,-0.01754313,0.03071874,-0.07679685,1.96898743,-0.08951991,2.58745511,0.10827242,0.04557954,-0.11779666,-0.10993688,-35.77186203,-4.07662249,-0.11093812,-35.77150474,-4.07681905,0.04797196,-0.03367078,-0.04255428,-0.06296616,-35.80517552,-4.11937334,-0.06278611,-35.75016720,-4.04924067,-0.00528698,-0.00586204,0.00719426,0.06922170,0.02315776,-0.05404659,1
11.690,1.96547451,-0.09469304,2.59292710,0.17731843,0.06904426,-0.17261065,-0.01759476,0.03067344,-0.07668360,1.97114121,-0.08856918,2.58501412,0.10811638,0.04610598,-0.11892955,-0.11022966,-35.77911758,-4.08207607,-0.11123127,-35.77875865,-4.08227646,0.04223119,-0.04132604,-0.03228933,-0.06900007,-35.82008469,-4.11456579,-0.05265860,-35.75276164,-4.05956755,-0.00566670,-0.00612386,0.00791298,0.06920205,0.02293828,-0.05368110,1
11.700,1.96724682,-0.09400107,2.59119716,0.17714223,0.06935077,-0.17337691,-0.01764630,0.03062738,-0.07656845,1.97329132,-0.08760777,2.58255562,0.10795101,0.04662653,-0.11996790,-0.11052180,-35.78639984,-4.08754873,-0.11152375,-35.78603926,-4.08775297,0.03653641,-0.04914490,-0.02212911,-0.07498734,-35.83518417,-4.10988208,-0.06496879,-35.78054725,-4.05034176,-0.00604450,-0.00639330,0.00864154,0.06919122,0.02272424,-0.05340901,1
11.710,1.96901736,-0.09330603,2.58945957,0.17696551,0.06965681,-0.17414201,-0.01769775,0.03058056,-0.07645141,1.97436485,-0.08712353,2.58132205,0.10780140,0.04707586,-0.12081523,-0.11081436,-35.79369736,-4.09303856,-0.11181666,-35.79333513,-4.09324665,0.04693206,-0.04460369,-0.02846763,-0.06488460,-35.83793882,-4.12171428,-0.06496879,-35.78066510,-4.05020462,-0.00534749,-0.00618250,0.00813752,0.06916411,0.02258095,-0.05332678,1
11.720,1.97078613,-0.09260793,2.58771433,0.17678827,0.06996237,-0.17490594,-0.01774911,0.03053299,-0.07633248,1.97650868,-0.08614879,2.57884963,0.10763685,0.04751851,-0.12154563,-0.11110608,-35.80101395,-4.09854650,-0.11210870,-35.80065007,-4.09875852,0.04127500,-0.05221802,-0.01908933,-0.07083370,-35.85286809,-4.11784785,-0.06092303,-35.79792195,-4.05584499,-0.00572255,-0.00645914,0.00886470,0.06915142,0.02244386,-0.05336031,1
11.730,1.97255312,-0.09190679,2.58596145,0.17661053,0.07026746,-0.17566866,-0.01780038,0.03048468,-0.07621169,1.97757914,-0.08565814,2.57761035,0.10748907,0.04790528,-0.12214130,-0.11139686,-35.80834198,-4.10407829,-0.11239982,-35.80797646,-4.10429422,0.05165804,-0.04737680,-0.02617536,-0.06074178,-35.85535326,-4.13046958,-0.06092303,-35.79803151,-4.05574923,-0.00502602,-0.00624865,0.00835110,0.06912146,0.02236218,-0.05352736,1
11.740,1.97431833,-0.09120259,2.58420096,0.17643227,0.07057207,-0.17643016,-0.01785155,0.03043561,-0.07608902,1.97971699,-0.08467105,2.57512890,0.10732835,0.04829294,-0.12264354,-0.11168748,-35.81568909,-4.10962009,-0.11269078,-35.81532194,-4.10983997,0.04602805,-0.05487723,-0.01744197,-0.06666273,-35.87019917,-4.12728194,-0.05690432,-35.81534229,-4.06190471,-0.00539866,-0.00653154,0.00907206,0.06910392,0.02227913,-0.05378662,1
11.750,1.97608176,-0.09049535,2.58243285,0.17625349,0.07087617,-0.17719043,-0.01790264,0.03038580,-0.07596450,1.98185103,-0.08367615,2.57264365,0.10715905,0.04867740,-0.12304738,-0.11197800,-35.82305145,-4.11518335,-0.11298163,-35.82268265,-4.11540720,0.04044405,-0.06248419,-0.00900044,-0.07253758,-35.88516684,-4.12440764,-0.06296616,-35.83009091,-4.05724388,-0.00576927,-0.00681920,0.00978920,0.06909444,0.02219877,-0.05414305,1
11.760,1.97784340,-0.08978507,2.58065715,0.17607421,0.07117978,-0.17794945,-0.01795364,0.03033525,-0.07583812,1.98291651,-0.08317613,2.57140152,0.10700633,0.04900865,-0.12333883,-0.11226770,-35.83042526,-4.12076378,-0.11327166,-35.83005483,-4.12099161,0.05082825,-0.05737923,-0.01709651,-0.06244341,-35.88743406,-4.13808812,-0.06296616,-35.83017673,-4.05726676,-0.00507311,-0.00660894,0.00925563,0.06906788,0.02217113,-0.05461062,1
11.770,1.97960325,-0.08907175,2.57887387,0.17589442,0.07148288,-0.17870719,-0.01800454,0.03028396,-0.07570989,1.98504409,-0.08217191,2.56892274,0.10683520,0.04932661,-0.12346293,-0.11255682,-35.83782196,-4.12636137,-0.11356109,-35.83744989,-4.12659322,0.04528967,-0.06473977,-0.00962913,-0.06827142,-35.90218966,-4.13622235,-0.06900007,-35.84522493,-4.05264817,-0.00544084,-0.00689984,0.00995113,0.06905922,0.02215627,-0.05524426,1
11.780,1.98136129,-0.08835541,2.57708301,0.17571412,0.07178546,-0.17946364,-0.01805535,0.03023193,-0.07557982,1.98716698,-0.08116292,2.56645491,0.10664918,0.04962287,-0.12341656,-0.11284562,-35.84523010,-4.13197660,-0.11385021,-35.84485640,-4.13221250,0.03982245,-0.07203871,-0.00282494,-0.07402777,-35.91689511,-4.13503744,-0.06488460,-35.86319464,-4.06007555,-0.00580569,-0.00719249,0.01062810,0.06906494,0.02216259,-0.05604708,1
11.790,1.98311753,-0.08763604,2.57528460,0.17553332,0.07208751,-0.18021878,-0.01810608,0.03017917,-0.07544792,1.98822681,-0.08065656,2.56522478,0.10648268,0.04987632,-0.12331564,-0.11313395,-35.85264969,-4.13761139,-0.11413885,-35.85227436,-4.13785136,0.05023486,-0.06648459,-0.01234268,-0.06390399,-35.91875895,-4.15019405,-0.06488460,-35.86325715,-4.06020784,-0.00510928,-0.00697948,0.01005982,0.06905064,0.02221119,-0.05690314,1
11.800,1.98487195,-0.08691366,2.57347864,0.17535200,0.07238904,-0.18097259,-0.01815670,0.03012568,-0.07531420,1.99034295,-0.07964099,2.56277614,0.10629893,0.05011361,-0.12304340,-0.11342181,-35.86008835,-4.14326096,-0.11442701,-35.85971139,-4.14350502,0.04480855,-0.07350754,-0.00654227,-0.06961846,-35.93321893,-4.15004729,-0.07083370,-35.87828084,-4.05673452,-0.00547100,-0.00727267,0.01070250,0.06905307,0.02227543,-0.05792919,1
11.810,1.98662457,-0.08618827,2.57166515,0.17517018,0.07269002,-0.18172506,-0.01820724,0.03007146,-0.07517865,1.99245474,-0.07862134,2.56034155,0.10610768,0.05034161,-0.12266500,-0.11370893,-35.86753845,-4.14893055,-0.11471444,-35.86715984,-4.14917871,0.03943396,-0.08051447,-0.00128383,-0.07528048,-35.94767431,-4.15046253,-0.06666273,-35.89571196,-4.06651703,-0.00583017,-0.00756693,0.01132360,0.06906250,0.02234841,-0.05906006,1
11.820,1.98837536,-0.08545986,2.56984415,0.17498786,0.07299046,-0.18247616,-0.01825768,0.03001652,-0.07504130,1.99350896,-0.07811022,2.55913058,0.10593624,0.05053407,-0.12227282,-0.11399569,-35.87500381,-4.15461493,-0.11500150,-35.87462356,-4.15486722,0.04985562,-0.07455688,-0.01206181,-0.06514588,-35.94918044,-4.16692903,-0.06666273,-35.89575489,-4.06673381,-0.00513360,-0.00734964,0.01071357,0.06905162,0.02245639,-0.06020334,1
11.830,1.99012432,-0.08472846,2.56801564,0.17480503,0.07329035,-0.18322588,-0.01830803,0.02996086,-0.07490214,1.99561376,-0.07708628,2.55672490,0.10574693,0.05070703,-0.12170527,-0.11428240,-35.88248062,-4.16031885,-0.11528851,-35.88209874,-4.16057531,0.04452557,-0.08125110,-0.00784042,-0.07076294,-35.96334984,-4.16841573,-0.07253758,-35.91077980,-4.06440633,-0.00548944,-0.00764218,0.01129074,0.06905810,0.02258332,-0.06152061,1
11.840,1.99187146,-0.08399406,2.56617963,0.17462170,0.07358968,-0.18397419,-0.01835828,0.02990447,-0.07476118,1.99666449,-0.07657322,2.55552922,0.10557852,0.05085679,-0.12117095,-0.11456864,-35.88997269,-4.16603708,-0.11557505,-35.88958918,-4.16629771,0.05493703,-0.07498460,-0.01936064,-0.06063801,-35.96457379,-4.18565835,-0.06244341,-35.91308710,-4.07830413,-0.00479303,-0.00742084,0.01065041,0.06904318,0.02273289,-0.06280324,1
11.850,1.99361675,-0.08325667,2.56433616,0.17443786,0.07388844,-0.18472109,-0.01840844,0.02984737,-0.07461843,1.99876251,-0.07554549,2.55315372,0.10539474,0.05099597,-0.12050316,-0.11485347,-35.89747238,-4.17177248,-0.11586016,-35.89708726,-4.17203733,0.04964081,-0.08146063,-0.01596981,-0.06621935,-35.97854790,-4.18800714,-0.06827142,-35.92789642,-4.07697244,-0.00514576,-0.00771118,0.01118244,0.06904312,0.02289247,-0.06421793,1
11.860,1.99536021,-0.08251629,2.56248522,0.17425353,0.07418662,-0.18546656,-0.01845851,0.02978956,-0.07447390,2.00085566,-0.07451635,2.55080275,0.10519485,0.05111493,-0.11968268,-0.11513858,-35.90497971,-4.17752695,-0.11614556,-35.90459295,-4.17779603,0.04442116,-0.08779951,-0.01337262,-0.07172440,-35.99239246,-4.19116865,-0.07402777,-35.94263100,-4.07642683,-0.00549545,-0.00799994,0.01168247,0.06905868,0.02307169,-0.06578388,1
11.870,1.99710182,-0.08177294,2.56062683,0.17406869,0.07448423,-0.18621057,-0.01850848,0.02973104,-0.07432759,2.00190053,-0.07400107,2.54963559,0.10501792,0.05121804,-0.11894097,-0.11542238,-35.91250992,-4.18329954,-0.11642963,-35.91212156,-4.18357285,0.05485162,-0.08114065,-0.02606192,-0.06157801,-35.99326220,-4.20963477,-0.06390399,-35.94452263,-4.09183611,-0.00479871,-0.00777187,0.01099124,0.06905077,0.02326619,-0.06726960,1
11.880,1.99884158,-0.08102661,2.55876101,0.17388336,0.07478124,-0.18695310,-0.01855835,0.02967181,-0.07417951,2.00398677,-0.07296954,2.54731854,0.10482680,0.05131183,-0.11809440,-0.11570639,-35.92004776,-4.18908310,-0.11671392,-35.91965777,-4.18936069,0.04966088,-0.08727071,-0.02415724,-0.06705304,-36.00692849,-4.21351793,-0.06961846,-35.95901553,-4.09226995,-0.00514519,-0.00805707,0.01144247,0.06905656,0.02346941,-0.06885870,1
11.890,2.00057949,-0.08027731,2.55688777,0.17369753,0.07507766,-0.18769415,-0.01860813,0.02961187,-0.07402967,2.00606807,-0.07193733,2.54502718,0.10462065,0.05138805,-0.11712831,-0.11598998,-35.92759705,-4.19488907,-0.11699779,-35.92720543,-4.19517097,0.04454516,-0.09325926,-0.02297758,-0.07245263,-36.02046469,-4.21814854,-0.07528048,-35.97348268,-4.09334752,-0.00548858,-0.00833998,0.01186059,0.06907688,0.02368961,-0.07056584,1
11.900,2.00231553,-0.07952506,2.55500713,0.17351120,0.07537348,-0.18843369,-0.01865782,0.02955123,-0.07387808,2.00710700,-0.07142075,2.54388997,0.10443871,0.05145555,-0.11627644,-0.11627311,-35.93515778,-4.20070744,-0.11728119,-35.93476454,-4.20099364,0.05498826,-0.08624208,-0.03660960,-0.06229293,-36.02100663,-4.23760324,-0.06514588,-35.97500945,-4.11006862,-0.00479147,-0.00810431,0.01111716,0.06907249,0.02391793,-0.07215725,1
11.910,2.00404971,-0.07876985,2.55311910,0.17332437,0.07566868,-0.18917171,-0.01870741,0.02948989,-0.07372473,2.00918132,-0.07038693,2.54163226,0.10424339,0.05151722,-0.11535661,-0.11655509,-35.94272995,-4.20654440,-0.11756343,-35.94233511,-4.20683493,0.04989789,-0.09205650,-0.03593697,-0.06766554,-36.03439160,-4.24277190,-0.07076294,-35.98920097,-4.11211716,-0.00513161,-0.00838292,0.01148684,0.06908098,0.02415146,-0.07381510,1
11.920,2.00578202,-0.07801169,2.55122370,0.17313705,0.07596327,-0.18990818,-0.01875690,0.02942786,-0.07356965,2.01125143,-0.06935146,2.53939254,0.10404621,0.05158577,-0.11446089,-0.11683742,-35.95030594,-4.21239758,-0.11784603,-35.94990948,-4.21269248,0.04484518,-0.09787635,-0.03552940,-0.07300085,-36.04778583,-4.24822187,-0.06063801,-36.00444359,-4.13212028,-0.00546941,-0.00866023,0.01183116,0.06909084,0.02437750,-0.07544729,1
11.930,2.00751245,-0.07725058,2.54932095,0.17294923,0.07625724,-0.19064309,-0.01880630,0.02936513,-0.07341283,2.01228488,-0.06883318,2.53827934,0.10387088,0.05164623,-0.11367553,-0.11711862,-35.95789337,-4.21826649,-0.11812748,-35.95749530,-4.21856577,0.05527013,-0.09065479,-0.04958323,-0.06285734,-36.04815009,-4.26814900,-0.06621935,-36.00446170,-4.13234740,-0.00477243,-0.00841740,0.01104161,0.06907835,0.02461101,-0.07696756,1
11.940,2.00924100,-0.07648654,2.54741085,0.17276092,0.07655057,-0.19137643,-0.01885560,0.02930171,-0.07325428,2.01434825,-0.06779601,2.53606736,0.10368051,0.05170186,-0.11284416,-0.11739941,-35.96548843,-4.22415161,-0.11840852,-35.96508875,-4.22445530,0.05024691,-0.09631182,-0.04955917,-0.06816161,-36.06140057,-4.27401447,-0.07172440,-36.01832683,-4.13599364,-0.00510725,-0.00869053,0.01134349,0.06908041,0.02484871,-0.07853227,1
11.950,2.01096767,-0.07571957,2.54549342,0.17257212,0.07684327,-0.19210817,-0.01890480,0.02923760,-0.07309401,2.01537833,-0.06727678,2.53496690,0.10351243,0.05175723,-0.11214449,-0.11767953,-35.97310257,-4.23005438,-0.11868889,-35.97270127,-4.23036250,0.06064988,-0.08894865,-0.06374782,-0.05803901,-36.06164993,-4.29411032,-0.06157801,-36.01922388,-4.15461202,-0.00441066,-0.00844279,0.01052652,0.06905969,0.02508604,-0.07996368,1
11.960,2.01269244,-0.07494968,2.54356869,0.17238283,0.07713532,-0.19283830,-0.01895390,0.02917281,-0.07293203,2.01743522,-0.06623711,2.53277564,0.10333182,0.05181893,-0.11145658,-0.11795951,-35.98071671,-4.23597050,-0.11896912,-35.98031382,-4.23628309,0.05564593,-0.09455897,-0.06381724,-0.06332319,-36.07487278,-4.30010032,-0.06705304,-36.03293050,-4.15882151,-0.00474278,-0.00871257,0.01079305,0.06905101,0.02531639,-0.08138172,1
11.970,2.01441532,-0.07417687,2.54163666,0.17219304,0.07742672,-0.19356681,-0.01900291,0.02910734,-0.07276834,2.01846195,-0.06571679,2.53168510,0.10316717,0.05187214,-0.11085607,-0.11823843,-35.98834229,-4.24190283,-0.11924828,-35.98793779,-4.24221987,0.06603382,-0.08707262,-0.07806914,-0.05321446,-36.07501040,-4.32028900,-0.07245263,-36.04648057,-4.16362127,-0.00404663,-0.00846008,0.00995156,0.06902587,0.02555458,-0.08271074,1
11.980,2.01613630,-0.07340115,2.53969736,0.17200277,0.07771747,-0.19429367,-0.01905182,0.02904118,-0.07260296,2.02051207,-0.06467495,2.52951291,0.10298936,0.05193510,-0.11027454,-0.11851756,-35.99596786,-4.24785185,-0.11952763,-35.99556177,-4.24817339,0.06106741,-0.09260410,-0.07830238,-0.05846022,-36.08816587,-4.32647577,-0.06229293,-36.04706862,-4.18333826,-0.00437577,-0.00872620,0.01018445,0.06901341,0.02578237,-0.08401913,1
11.990,2.01785537,-0.07262252,2.53775079,0.17181201,0.07800754,-0.19501886,-0.01910063,0.02897435,-0.07243588,2.02153556,-0.06415319,2.52842912,0.10282909,0.05199542,-0.10980070,-0.11879571,-36.00360870,-4.25381613,-0.11980602,-36.00320099,-4.25414217,0.07143656,-0.08505062,-0.09250676,-0.04836946,-36.08825161,-4.34664893,-0.06766554,-36.06047979,-4.18858232,-0.00368019,-0.00846933,0.00932167,0.06898292,0.02601212,-0.08521816,1
12.000,2.01957254,-0.07184100,2.53579699,0.17162076,0.07829695,-0.19574238,-0.01914934,0.02890685,-0.07226712,2.02357921,-0.06310819,2.52626678,0.10265305,0.05206412,-0.10935887,-0.11907369,-36.01125717,-4.25979567,-0.12008424,-36.01084787,-4.26012625,0.06650489,-0.09055136,-0.09269961,-0.05357934,-36.10139923,-4.35282586,-0.07300085,-36.07392095,-4.19420518,-0.00400667,-0.00873281,0.00953021,0.06896771,0.02623283,-0.08638351,1
12.010,2.02128779,-0.07105658,2.53383595,0.17142902,0.07858568,-0.19646420,-0.01919795,0.02883867,-0.07209667,2.02561875,-0.06206044,2.52410505,0.10247169,0.05215480,-0.10904282,-0.11935052,-36.01890945,-4.26579189,-0.12036129,-36.01849855,-4.26612703,0.06161545,-0.09616243,-0.09267557,-0.05874584,-36.11466098,-4.35880260,-0.06285734,-36.07436350,-4.21410167,-0.00433096,-0.00899614,0.00973090,0.06895733,0.02643088,-0.08742138,1
12.020,2.02300112,-0.07026929,2.53186771,0.17123680,0.07887372,-0.19718431,-0.01924646,0.02876983,-0.07192456,2.02663696,-0.06153549,2.52302378,0.10230914,0.05223977,-0.10881384,-0.11962739,-36.02655792,-4.27180243,-0.12063837,-36.02614543,-4.27214214,0.07197920,-0.08860594,-0.10657006,-0.04865917,-36.11475137,-4.37871220,-0.06816161,-36.08764790,-4.21995101,-0.00363584,-0.00873380,0.00884393,0.06892766,0.02663395,-0.08837047,1
12.030,2.02471252,-0.06947911,2.52989227,0.17104409,0.07916107,-0.19790268,-0.01929488,0.02870031,-0.07175079,2.02867037,-0.06048319,2.52085900,0.10213819,0.05234670,-0.10869719,-0.11990385,-36.03422928,-4.27782869,-0.12091505,-36.03381519,-4.27817301,0.06710166,-0.09427485,-0.10618724,-0.05381338,-36.12809004,-4.38436025,-0.05803901,-36.08798368,-4.23993672,-0.00395785,-0.00899592,0.00903327,0.06890590,0.02681437,-0.08920549,1
12.040,2.02642200,-0.06868607,2.52790966,0.17085090,0.07944773,-0.19861932,-0.01934319,0.02863014,-0.07157535,2.02968565,-0.05995557,2.51977320,0.10198575,0.05245058,-0.10866802,-0.12017963,-36.04188919,-4.28386831,-0.12119105,-36.04147350,-4.28421724,0.07742985,-0.08674295,-0.11970207,-0.04376120,-36.12821645,-4.40391931,-0.06332319,-36.10125389,-4.24581005,-0.00326365,-0.00873050,0.00813646,0.06886515,0.02699715,-0.08995130,1
12.050,2.02812954,-0.06789016,2.52591989,0.17065723,0.07973367,-0.19933419,-0.01939140,0.02855931,-0.07139827,2.03171347,-0.05889712,2.51759336,0.10182693,0.05258505,-0.10880110,-0.12045495,-36.04956818,-4.28992558,-0.12146657,-36.04915091,-4.29027915,0.07255241,-0.09256708,-0.11867730,-0.04891416,-36.14171799,-4.40895645,-0.05321446,-36.10150462,-4.26568883,-0.00358393,-0.00899304,0.00832653,0.06883030,0.02714862,-0.09053309,1
12.060,2.02983514,-0.06709140,2.52392298,0.17046307,0.08001891,-0.20004728,-0.01943951,0.02848782,-0.07121954,2.03272610,-0.05836602,2.51649701,0.10168587,0.05271632,-0.10900944,-0.12072913,-36.05724335,-4.29599667,-0.12174095,-36.05682448,-4.29635489,0.08283792,-0.08512325,-0.13163911,-0.03890303,-36.14194773,-4.42799400,-0.05846022,-36.11472095,-4.27165855,-0.00289096,-0.00872538,0.00742597,0.06877720,0.02730259,-0.09103784,1
12.070,2.03153880,-0.06628978,2.52191895,0.17026844,0.08030343,-0.20075857,-0.01948752,0.02841567,-0.07103918,2.03474887,-0.05729981,2.51429014,0.10154013,0.05288468,-0.10941982,-0.12100396,-36.06492615,-4.30208206,-0.12201599,-36.06450570,-4.30244498,0.07795023,-0.09117516,-0.12974675,-0.04406576,-36.15568085,-4.43219173,-0.04836946,-36.11494648,-4.29132346,-0.00321007,-0.00898997,0.00762881,0.06872831,0.02741875,-0.09133875,1
12.080,2.03324051,-0.06548533,2.51990782,0.17007332,0.08058722,-0.20146805,-0.01953543,0.02834288,-0.07085719,2.03676856,-0.05622758,2.51205856,0.10139132,0.05308477,-0.11003409,-0.12127752,-36.07260513,-4.30818367,-0.12228974,-36.07218311,-4.30855129,0.07308438,-0.09746964,-0.12711111,-0.04920537,-36.16965275,-4.43566240,-0.05357934,-36.12824175,-4.29688741,-0.00352805,-0.00925775,0.00784926,0.06868200,0.02750245,-0.09143396,1
12.090,2.03494026,-0.06467804,2.51788960,0.16987773,0.08087028,-0.20217571,-0.01958324,0.02826943,-0.07067358,2.03777714,-0.05568937,2.51093370,0.10125811,0.05326891,-0.11064700,-0.12155075,-36.08029556,-4.31429863,-0.12256317,-36.07987196,-4.31467097,0.08332425,-0.09026614,-0.13895474,-0.03923892,-36.17013810,-4.45362570,-0.05874584,-36.14157166,-4.30255973,-0.00283688,-0.00898867,0.00695590,0.06861962,0.02760137,-0.09152871,1
12.100,2.03663806,-0.06386793,2.51586431,0.16968166,0.08115261,-0.20288152,-0.01963095,0.02819534,-0.07048835,2.03979221,-0.05460777,2.50865988,0.10112316,0.05349318,-0.11150546,-0.12182388,-36.08798599,-4.32042837,-0.12283647,-36.08756080,-4.32080545,0.07843982,-0.09678166,-0.13533505,-0.04439665,-36.18434247,-4.45614049,-0.04865917,-36.14183437,-4.32167179,-0.00315415,-0.00926016,0.00720443,0.06855850,0.02765943,-0.09137606,1
12.110,2.03833390,-0.06305499,2.51383197,0.16948511,0.08143419,-0.20358547,-0.01967855,0.02812061,-0.07030152,2.04079862,-0.05406451,2.50751121,0.10100255,0.05370136,-0.11234588,-0.12209624,-36.09567642,-4.32657290,-0.12310902,-36.09524968,-4.32695475,0.08862697,-0.08969058,-0.14647523,-0.03448206,-36.18494025,-4.47342999,-0.05381338,-36.15525298,-4.32692667,-0.00246472,-0.00899048,0.00632076,0.06848256,0.02773283,-0.09123959,1
12.120,2.04002776,-0.06223925,2.51179261,0.16928809,0.08171502,-0.20428755,-0.01972606,0.02804523,-0.07011308,2.04280959,-0.05297214,2.50518465,0.10088137,0.05395491,-0.11346005,-0.12236838,-36.10337448,-4.33273029,-0.12338134,-36.10294613,-4.33311693,0.08371580,-0.09648845,-0.14170477,-0.03966554,-36.19943458,-4.47482171,-0.04376120,-36.15557423,-4.34551803,-0.00278183,-0.00926711,0.00660796,0.06840672,0.02776011,-0.09082750,1
12.130,2.04171966,-0.06142070,2.50974623,0.16909059,0.08199509,-0.20498773,-0.01977346,0.02796922,-0.06992305,2.04481787,-0.05187242,2.50282061,0.10075581,0.05423507,-0.11475897,-0.12263909,-36.11106873,-4.33890486,-0.12365223,-36.11063883,-4.33929630,0.07882313,-0.10353721,-0.13607144,-0.04482910,-36.21417604,-4.47536773,-0.04891416,-36.16925577,-4.34962859,-0.00309821,-0.00954828,0.00692562,0.06833478,0.02776002,-0.09022876,1
12.140,2.04340957,-0.06059935,2.50769286,0.16889262,0.08227440,-0.20568600,-0.01982075,0.02789258,-0.06973144,2.04682378,-0.05076466,2.50041469,0.10063308,0.05454808,-0.11627865,-0.12291010,-36.11876297,-4.34509230,-0.12392341,-36.11833149,-4.34548856,0.07392930,-0.11088569,-0.12942743,-0.04999410,-36.22921718,-4.47491599,-0.04406576,-36.18342440,-4.37177288,-0.00341421,-0.00983469,0.00727817,0.06825954,0.02772632,-0.08940735,1
12.150,2.04509751,-0.05977521,2.50563251,0.16869418,0.08255294,-0.20638235,-0.01986794,0.02781530,-0.06953824,2.04882716,-0.04964920,2.49796691,0.10050840,0.05487667,-0.11793336,-0.12318024,-36.12645721,-4.35129309,-0.12419372,-36.12602417,-4.35169420,0.06904649,-0.11843920,-0.12198727,-0.05514723,-36.24446337,-4.47368147,-0.04920537,-36.19758398,-4.37421365,-0.00372965,-0.01012601,0.00766560,0.06818578,0.02767627,-0.08844899,1
12.160,2.04678345,-0.05894829,2.50356522,0.16849526,0.08283070,-0.20707676,-0.01991503,0.02773739,-0.06934348,2.04982797,-0.04908847,2.49672601,0.10040162,0.05517577,-0.11947258,-0.12345085,-36.13415527,-4.35750961,-0.12446450,-36.13372067,-4.35791559,0.07913607,-0.11191087,-0.13061147,-0.04532842,-36.24563154,-4.48852706,-0.03923892,-36.19817463,-4.39158060,-0.00304452,-0.00985982,0.00683921,0.06809364,0.02765493,-0.08760418,1
12.170,2.04846741,-0.05811860,2.50149099,0.16829588,0.08310769,-0.20776922,-0.01996202,0.02765886,-0.06914714,2.05182791,-0.04796094,2.49421009,0.10029275,0.05549960,-0.12119225,-0.12372056,-36.14184570,-4.36373901,-0.12473436,-36.14140952,-4.36414988,0.07421202,-0.11961142,-0.12229420,-0.05052234,-36.26102094,-4.48644409,-0.04439665,-36.21257802,-4.39296486,-0.00336050,-0.01015766,0.00728090,0.06800313,0.02760809,-0.08657697,1
12.180,2.05014937,-0.05728614,2.49940984,0.16809602,0.08338388,-0.20845970,-0.02000890,0.02757970,-0.06894925,2.05382553,-0.04682559,2.49164937,0.10018402,0.05584373,-0.12305723,-0.12398910,-36.14954376,-4.36998224,-0.12500305,-36.14910604,-4.37039801,0.06929120,-0.12754418,-0.11311586,-0.05571184,-36.27665022,-4.48351387,-0.03448206,-36.21337831,-4.40910390,-0.00367616,-0.01046055,0.00776047,0.06791200,0.02754015,-0.08540247,1
12.190,2.05182933,-0.05645092,2.49732180,0.16789570,0.08365928,-0.20914820,-0.02005568,0.02749992,-0.06874981,2.05482364,-0.04625467,2.49035097,0.10009074,0.05615575,-0.12475310,-0.12425807,-36.15723419,-4.37623739,-0.12527217,-36.15679491,-4.37665807,0.07930190,-0.12114015,-0.12085570,-0.04597027,-36.27793506,-4.49751377,-0.03448206,-36.21348617,-4.40850963,-0.00299431,-0.01019625,0.00697083,0.06780496,0.02750353,-0.08439510,1
12.200,2.05350728,-0.05561296,2.49522688,0.16769491,0.08393388,-0.20983469,-0.02010235,0.02741953,-0.06854882,2.05681820,-0.04510706,2.48772063,0.09999317,0.05648590,-0.12658004,-0.12452605,-36.16493607,-4.38250875,-0.12554030,-36.16449522,-4.38293438,0.07434291,-0.12918024,-0.11103661,-0.05119739,-36.29367546,-4.49397099,-0.03966554,-36.22817275,-4.40879129,-0.00331092,-0.01050590,0.00750625,0.06770174,0.02744798,-0.08325465,1
12.210,2.05518323,-0.05477225,2.49312511,0.16749365,0.08420767,-0.21051917,-0.02014891,0.02733852,-0.06834630,2.05881022,-0.04395278,2.48504953,0.09988622,0.05681045,-0.12844199,-0.12479399,-36.17262268,-4.38878965,-0.12580840,-36.17218029,-4.38922025,0.06940958,-0.13729472,-0.10068366,-0.05639882,-36.30947502,-4.48990390,-0.04999410,-36.25810922,-4.40835381,-0.00362699,-0.01081947,0.00807558,0.06760743,0.02739722,-0.08207718,1
12.220,2.05685715,-0.05392881,2.49101651,0.16729193,0.08448064,-0.21120161,-0.02019537,0.02725690,-0.06814224,2.05980515,-0.04337356,2.48370030,0.09978793,0.05708845,-0.13006242,-0.12506112,-36.18029785,-4.39508820,-0.12607566,-36.17985392,-4.39552378,0.07938461,-0.13073559,-0.10820309,-0.04669105,-36.31058951,-4.50372687,-0.04999410,-36.25817840,-4.40745414,-0.00294800,-0.01055525,0.00731621,0.06750400,0.02739219,-0.08113919,1
12.230,2.05852906,-0.05308264,2.48890109,0.16708974,0.08475280,-0.21188201,-0.02024173,0.02717467,-0.06793667,2.06179260,-0.04221183,2.48097808,0.09967382,0.05735145,-0.13166965,-0.12532857,-36.18798828,-4.40140009,-0.12634324,-36.18754280,-4.40184067,0.07447222,-0.13860047,-0.09798977,-0.05187102,-36.32614327,-4.49983044,-0.05514723,-36.27353360,-4.40543580,-0.00326354,-0.01087081,0.00792301,0.06741592,0.02740135,-0.08021236,1
12.240,2.06019895,-0.05223375,2.48677887,0.16688710,0.08502414,-0.21256034,-0.02028798,0.02709183,-0.06772957,2.06278525,-0.04162910,2.47960423,0.09957179,0.05758193,-0.13309858,-0.12559475,-36.19565964,-4.40772247,-0.12660956,-36.19521260,-4.40816806,0.08442690,-0.13176345,-0.10583485,-0.04218266,-36.32697606,-4.51400291,-0.04532842,-36.27476822,-4.41983437,-0.00258630,-0.01060465,0.00717464,0.06731531,0.02744221,-0.07946176,1
12.250,2.06186680,-0.05138216,2.48464989,0.16668399,0.08529464,-0.21323659,-0.02033412,0.02700839,-0.06752097,2.06476834,-0.04046058,2.47683319,0.09945805,0.05780558,-0.13455523,-0.12586141,-36.20333862,-4.41405964,-0.12687634,-36.20289006,-4.41451027,0.07951676,-0.13947441,-0.09552932,-0.04735957,-36.34236447,-4.51003959,-0.05052234,-36.29025922,-4.41698149,-0.00290154,-0.01092158,0.00781670,0.06722594,0.02748906,-0.07868136,1
12.260,2.06353263,-0.05052786,2.48251415,0.16648041,0.08556430,-0.21391075,-0.02038015,0.02692434,-0.06731086,2.06674833,-0.03928876,2.47403441,0.09933491,0.05801326,-0.13599581,-0.12612641,-36.21100616,-4.42040873,-0.12714146,-36.21055605,-4.42086441,0.07464025,-0.14712478,-0.08498528,-0.05250120,-36.35768083,-4.50584969,-0.04597027,-36.30725321,-4.42735501,-0.00321570,-0.01123910,0.00847974,0.06714550,0.02755104,-0.07791494,1
12.270,2.06519641,-0.04967088,2.48037168,0.16627638,0.08583312,-0.21458280,-0.02042608,0.02683970,-0.06709926,2.06773729,-0.03870150,2.47262414,0.09922537,0.05819143,-0.13725381,-0.12639242,-36.21867371,-4.42677116,-0.12740760,-36.21822207,-4.42723193,0.08457091,-0.13995048,-0.09303113,-0.04283668,-36.35817255,-4.52026307,-0.04597027,-36.30729804,-4.42699986,-0.00254088,-0.01096938,0.00774754,0.06705101,0.02764169,-0.07732899,1
12.280,2.06685815,-0.04881120,2.47822250,0.16607189,0.08610109,-0.21525273,-0.02047190,0.02675447,-0.06688617,2.06971291,-0.03752532,2.46978633,0.09910442,0.05835262,-0.13848091,-0.12665714,-36.22633362,-4.43314600,-0.12767243,-36.22588044,-4.43361186,0.07969292,-0.14735164,-0.08267768,-0.04797951,-36.37323207,-4.51628955,-0.05119739,-36.32309355,-4.42288990,-0.00285476,-0.01128588,0.00843617,0.06696747,0.02774847,-0.07677182,1
12.290,2.06851785,-0.04794886,2.47606663,0.16586694,0.08636821,-0.21592052,-0.02051761,0.02666864,-0.06667160,2.07069946,-0.03693677,2.46836053,0.09899210,0.05847840,-0.13950574,-0.12692180,-36.23398972,-4.43953514,-0.12793719,-36.23353501,-4.44000612,0.08960272,-0.13982243,-0.09126823,-0.03833448,-36.37335745,-4.53127435,-0.05639882,-36.33890290,-4.41861377,-0.00218161,-0.01101209,0.00770610,0.06687484,0.02788981,-0.07641478,1
12.300,2.07017549,-0.04708384,2.47390410,0.16566154,0.08663446,-0.21658616,-0.02056322,0.02658222,-0.06645556,2.07267041,-0.03575839,2.46549325,0.09887199,0.05859365,-0.14053170,-0.12718655,-36.24162674,-4.44593573,-0.12820205,-36.24117050,-4.44641184,0.08472993,-0.14692399,-0.08119729,-0.04347212,-36.38809449,-4.52760913,-0.04669105,-36.34005920,-4.43192208,-0.00249492,-0.01132545,0.00841085,0.06678955,0.02804081,-0.07605446,1
12.310,2.07183108,-0.04621617,2.47173491,0.16545568,0.08689985,-0.21724963,-0.02060871,0.02649522,-0.06623805,2.07365472,-0.03516893,2.46405348,0.09876179,0.05868182,-0.14139305,-0.12745062,-36.24927139,-4.45234823,-0.12846622,-36.24881362,-4.45282950,0.09460598,-0.13910484,-0.09017736,-0.03386024,-36.38791846,-4.54300686,-0.05187102,-36.35561644,-4.42784190,-0.00182364,-0.01104724,0.00768143,0.06669389,0.02821803,-0.07585658,1
12.320,2.07348460,-0.04534585,2.46955911,0.16524937,0.08716437,-0.21791092,-0.02065410,0.02640763,-0.06601908,2.07562106,-0.03398959,2.46116305,0.09864235,0.05875674,-0.14223089,-0.12771383,-36.25689316,-4.45877695,-0.12872952,-36.25643387,-4.45926339,0.08973777,-0.14590489,-0.08043741,-0.03899175,-36.40233876,-4.53970080,-0.04218266,-36.35646681,-4.44163070,-0.00213646,-0.01135626,0.00839606,0.06660702,0.02840763,-0.07568003,1
12.330,2.07513606,-0.04447289,2.46737670,0.16504260,0.08742800,-0.21857001,-0.02069938,0.02631946,-0.06579866,2.07660316,-0.03339982,2.45971239,0.09853414,0.05881186,-0.14293961,-0.12797749,-36.26452255,-4.46521139,-0.12899328,-36.26406176,-4.46570302,0.09957966,-0.13780478,-0.08981846,-0.02941362,-36.40186654,-4.55552148,-0.04735957,-36.37185308,-4.43750672,-0.00146710,-0.01107307,0.00766431,0.06650846,0.02861614,-0.07563040,1
12.340,2.07678545,-0.04359729,2.46518772,0.16483538,0.08769075,-0.21922688,-0.02074455,0.02623071,-0.06557679,2.07856501,-0.03222079,2.45680409,0.09841333,0.05884178,-0.14357702,-0.12824085,-36.27213669,-4.47166252,-0.12925673,-36.27167437,-4.47215935,0.09471812,-0.14424911,-0.08050757,-0.03453861,-36.41592348,-4.55266692,-0.05250120,-36.38714660,-4.43310507,-0.00177956,-0.01137650,0.00838363,0.06642205,0.02884897,-0.07564986,1
12.350,2.07843277,-0.04271907,2.46299217,0.16462771,0.08795261,-0.21988154,-0.02078961,0.02614139,-0.06535348,2.08052397,-0.03104261,2.45388646,0.09828834,0.05885652,-0.14418201,-0.12850344,-36.27974319,-4.47812366,-0.12951941,-36.27927936,-4.47862573,0.08987610,-0.15053579,-0.07123554,-0.03964331,-36.42981515,-4.54986127,-0.04283668,-36.38762293,-4.44726456,-0.00209120,-0.01167646,0.00910571,0.06633937,0.02909609,-0.07569953,1
12.360,2.08007800,-0.04183824,2.46079009,0.16441959,0.08821358,-0.22053395,-0.02083456,0.02605150,-0.06512874,2.08150233,-0.03045410,2.45242542,0.09817524,0.05885521,-0.14466255,-0.12876558,-36.28733444,-4.48459911,-0.12978163,-36.28686911,-4.48510642,0.09968770,-0.14193921,-0.08129036,-0.03009393,-36.42880832,-4.56639678,-0.04797951,-36.40265771,-4.44323747,-0.00142433,-0.01138414,0.00836467,0.06624435,0.02935837,-0.07587140,1
12.370,2.08172116,-0.04095480,2.45858150,0.16421102,0.08847364,-0.22118411,-0.02087940,0.02596103,-0.06490257,2.08345717,-0.02927777,2.44949650,0.09805909,0.05884258,-0.14513297,-0.12902787,-36.29492569,-4.49108648,-0.13004400,-36.29445884,-4.49159906,0.09482587,-0.14792146,-0.07236638,-0.03521813,-36.44238030,-4.56396544,-0.03833448,-36.40275978,-4.45800224,-0.00173601,-0.01167703,0.00908500,0.06615193,0.02963106,-0.07605114,1
12.380,2.08336222,-0.04006877,2.45636642,0.16400200,0.08873280,-0.22183200,-0.02092413,0.02587000,-0.06467499,2.08443356,-0.02869028,2.44803028,0.09795418,0.05881901,-0.14550515,-0.12929022,-36.30249786,-4.49758148,-0.13030642,-36.30202952,-4.49809933,0.10458658,-0.13906694,-0.08278254,-0.02571984,-36.44109646,-4.58088187,-0.04347212,-36.41746866,-4.45429829,-0.00107134,-0.01137849,0.00833614,0.06604782,0.02991379,-0.07632685,1
12.390,2.08500120,-0.03918015,2.45414487,0.16379254,0.08899104,-0.22247760,-0.02096875,0.02577840,-0.06444600,2.08638466,-0.02751618,2.44509174,0.09784726,0.05878689,-0.14588217,-0.12955165,-36.31005859,-4.50409031,-0.13056791,-36.30958875,-4.50461347,0.09969834,-0.14477560,-0.07412407,-0.03086957,-36.45436435,-4.57873754,-0.03386024,-36.41726371,-4.46950025,-0.00138346,-0.01166397,0.00905313,0.06594528,0.03020415,-0.07659543,1
12.400,2.08663807,-0.03828895,2.45191687,0.16358263,0.08924836,-0.22312091,-0.02101326,0.02568624,-0.06421560,2.08735928,-0.02692988,2.44362103,0.09775083,0.05874758,-0.14617941,-0.12981360,-36.31761551,-4.51061296,-0.13082993,-36.31714417,-4.51114143,0.10940449,-0.13569261,-0.08482569,-0.02142544,-36.45283678,-4.59596711,-0.03899175,-36.43165359,-4.46616522,-0.00072121,-0.01135907,0.00829584,0.06583180,0.03050078,-0.07694150,1
12.410,2.08827285,-0.03739519,2.44968246,0.16337227,0.08950476,-0.22376191,-0.02105765,0.02559352,-0.06398381,2.08930669,-0.02575886,2.44067777,0.09764952,0.05869433,-0.14644526,-0.13007508,-36.32514954,-4.51714706,-0.13109146,-36.32467669,-4.51768085,0.10449582,-0.14109912,-0.07653952,-0.02659564,-36.46577580,-4.59422037,-0.02941362,-36.43113383,-4.48190009,-0.00103384,-0.01163633,0.00900469,0.06572275,0.03081043,-0.07731665,1
12.420,2.08990552,-0.03649886,2.44744164,0.16316147,0.08976023,-0.22440058,-0.02110194,0.02550025,-0.06375063,2.09125184,-0.02459006,2.43773184,0.09754408,0.05862275,-0.14665869,-0.13033593,-36.33267593,-4.52369022,-0.13135238,-36.33220159,-4.52422938,0.09959660,-0.14629947,-0.06842649,-0.03175578,-36.47850106,-4.59265587,-0.03453861,-36.44512749,-4.47901742,-0.00134632,-0.01190880,0.00970980,0.06561739,0.03113748,-0.07774189,1
12.430,2.09153608,-0.03559999,2.44519445,0.16295023,0.09001477,-0.22503692,-0.02114611,0.02540642,-0.06351606,2.09222345,-0.02400691,2.43625987,0.09744817,0.05854575,-0.14679336,-0.13059697,-36.34019470,-4.53024626,-0.13161348,-36.33971887,-4.53079078,0.10924957,-0.13677185,-0.07974953,-0.02236391,-36.47649072,-4.61054032,-0.03964331,-36.45897251,-4.47626258,-0.00068737,-0.01159308,0.00893458,0.06550206,0.03146902,-0.07824356,1
12.440,2.09316452,-0.03469857,2.44294091,0.16273855,0.09026836,-0.22567090,-0.02119017,0.02531205,-0.06328012,2.09416508,-0.02284248,2.43331470,0.09735002,0.05845685,-0.14691093,-0.13085799,-36.34768677,-4.53681183,-0.13187454,-36.34720946,-4.53736175,0.10432353,-0.14165849,-0.07203973,-0.02755101,-36.48886795,-4.60940148,-0.03009393,-36.45790341,-4.49276497,-0.00100056,-0.01185609,0.00962621,0.06538853,0.03181151,-0.07875997,1
12.450,2.09479084,-0.03379462,2.44068104,0.16252643,0.09052101,-0.22630252,-0.02123412,0.02521712,-0.06304281,2.09610452,-0.02168108,2.43037055,0.09724977,0.05835283,-0.14699401,-0.13111806,-36.35517502,-4.54339027,-0.13213465,-36.35469623,-4.54394560,0.09940171,-0.14633556,-0.06450510,-0.03273295,-36.50103179,-4.60845070,-0.02571984,-36.47011685,-4.50726025,-0.00131368,-0.01211354,0.01031049,0.06527666,0.03216818,-0.07930851,1
12.460,2.09641505,-0.03288815,2.43841487,0.16231387,0.09077270,-0.22693175,-0.02127795,0.02512166,-0.06280414,2.09707355,-0.02110127,2.42889786,0.09716302,0.05825985,-0.14706257,-0.13137910,-36.36264801,-4.54997587,-0.13239573,-36.36216773,-4.55053662,0.10897716,-0.13646923,-0.07621259,-0.02341857,-36.49863696,-4.62674921,-0.02571984,-36.47008691,-4.50724774,-0.00065850,-0.01178688,0.00951701,0.06515085,0.03251285,-0.07986918,1
12.470,2.09803712,-0.03197917,2.43614242,0.16210087,0.09102344,-0.22755859,-0.02132167,0.02502565,-0.06256412,2.09900997,-0.01994428,2.42595514,0.09707066,0.05814621,-0.14706623,-0.13163936,-36.37011337,-4.55657530,-0.13265603,-36.36963162,-4.55714148,0.10401968,-0.14087174,-0.06904676,-0.02863635,-36.51050336,-4.62618823,-0.03086957,-36.48326701,-4.50519893,-0.00097285,-0.01203489,0.01018728,0.06503021,0.03287723,-0.08049236,1
12.480,2.09965706,-0.03106769,2.43386371,0.16188744,0.09127321,-0.22818303,-0.02136528,0.02492910,-0.06232274,2.10094456,-0.01879007,2.42301305,0.09697944,0.05802718,-0.14707036,-0.13189963,-36.37754059,-4.56318855,-0.13291633,-36.37705737,-4.56376018,0.09905413,-0.14512049,-0.06196273,-0.03386219,-36.52217785,-4.62572291,-0.02659564,-36.49461085,-4.52067899,-0.00128750,-0.01227762,0.01085066,0.06490800,0.03324603,-0.08111267,1
12.490,2.10127487,-0.03015371,2.43157877,0.16167357,0.09152202,-0.22880504,-0.02140877,0.02483201,-0.06208003,2.10287715,-0.01763939,2.42007495,0.09688482,0.05789052,-0.14700664,-0.13216023,-36.38496780,-4.56980610,-0.13317696,-36.38448311,-4.57038321,0.09409244,-0.14913578,-0.05517459,-0.03908452,-36.53361888,-4.62555780,-0.03175578,-36.50724133,-4.51924814,-0.00160228,-0.01251432,0.01150382,0.06478875,0.03363150,-0.08179840,1
12.500,2.10289053,-0.02923725,2.42928761,0.16145926,0.09176985,-0.22942463,-0.02145215,0.02473439,-0.06183598,2.10384274,-0.01706530,2.41860682,0.09680350,0.05777019,-0.14695843,-0.13242051,-36.39237595,-4.57643795,-0.13343726,-36.39188977,-4.57702055,0.10357648,-0.13876009,-0.06753269,-0.02986078,-36.53064985,-4.64455324,-0.02236391,-36.50519531,-4.53713341,-0.00095221,-0.01217195,0.01068079,0.06465576,0.03399966,-0.08246620,1
12.510,2.10450405,-0.02831832,2.42699028,0.16124452,0.09201670,-0.23004176,-0.02149542,0.02463625,-0.06159061,2.10577260,-0.01591954,2.41567280,0.09671954,0.05763743,-0.14687768,-0.13268009,-36.39975739,-4.58308029,-0.13369686,-36.39926975,-4.58366841,0.09856865,-0.14255739,-0.06098913,-0.03512821,-36.54182714,-4.64465754,-0.02755101,-36.51748752,-4.53608377,-0.00126855,-0.01239878,0.01131748,0.06452498,0.03437927,-0.08316408,1
12.520,2.10611542,-0.02739692,2.42468679,0.16102935,0.09226257,-0.23065643,-0.02153857,0.02453757,-0.06134392,2.10673677,-0.01534814,2.41420820,0.09664398,0.05751321,-0.14677313,-0.13294044,-36.40713120,-4.58973122,-0.13395723,-36.40664210,-4.59032486,0.10799678,-0.13198121,-0.07368234,-0.02596045,-36.53862331,-4.66400719,-0.02755101,-36.51743823,-4.53617174,-0.00062135,-0.01204878,0.01047859,0.06438537,0.03474936,-0.08388330,1
12.530,2.10772464,-0.02647307,2.42237716,0.16081375,0.09250745,-0.23126863,-0.02158160,0.02443837,-0.06109592,2.10866336,-0.01420899,2.41128713,0.09655801,0.05735886,-0.14655571,-0.13320018,-36.41448593,-4.59639645,-0.13421698,-36.41399539,-4.59699564,0.10297601,-0.13539199,-0.06779659,-0.03124097,-36.54938738,-4.66479223,-0.03273295,-36.52947968,-4.53549898,-0.00093872,-0.01226408,0.01109003,0.06425574,0.03514859,-0.08471292,1
12.540,2.10933169,-0.02554677,2.42006142,0.16059772,0.09275134,-0.23187835,-0.02162452,0.02433864,-0.06084661,2.11058797,-0.01307387,2.40837331,0.09646962,0.05719476,-0.14631560,-0.13345990,-36.42181778,-4.60306835,-0.13447670,-36.42132578,-4.60367310,0.09795612,-0.13859764,-0.06213442,-0.03652058,-36.55992342,-4.66580752,-0.02863635,-36.53885460,-4.55339060,-0.00125628,-0.01247290,0.01168811,0.06412810,0.03555658,-0.08556275,1
12.550,2.11093659,-0.02461804,2.41773960,0.16038126,0.09299422,-0.23248556,-0.02166732,0.02423840,-0.06059600,2.11251041,-0.01194331,2.40546921,0.09637521,0.05701172,-0.14599948,-0.13372049,-36.42913818,-4.60974884,-0.13473729,-36.42864473,-4.61035915,0.09294731,-0.14153907,-0.05686076,-0.04178998,-36.57018380,-4.66721991,-0.03386219,-36.55040915,-4.55319735,-0.00157382,-0.01267473,0.01227039,0.06400605,0.03598250,-0.08648608,1
12.560,2.11253932,-0.02368689,2.41541172,0.16016438,0.09323611,-0.23309026,-0.02171001,0.02413764,-0.06034410,2.11347072,-0.01138000,2.40402221,0.09628925,0.05684139,-0.14567446,-0.13398056,-36.43643951,-4.61644268,-0.13499736,-36.43594461,-4.61705860,0.10232080,-0.13030646,-0.07062520,-0.03267656,-36.56625107,-4.68768380,-0.03386219,-36.55034306,-4.55337322,-0.00093140,-0.01230689,0.01138951,0.06387513,0.03639472,-0.08741580,1
12.570,2.11413988,-0.02275333,2.41307781,0.15994706,0.09347698,-0.23369244,-0.02175258,0.02403637,-0.06009092,2.11538944,-0.01025757,2.40113886,0.09619425,0.05664737,-0.14526963,-0.13424051,-36.44371414,-4.62314320,-0.13525731,-36.44321780,-4.62376472,0.09730249,-0.13287880,-0.06598801,-0.03795482,-36.57609660,-4.68975273,-0.02986078,-36.55868250,-4.57252565,-0.00124956,-0.01249576,0.01193895,0.06375281,0.03682961,-0.08842281,1
12.580,2.11573826,-0.02181736,2.41073788,0.15972932,0.09371683,-0.23429208,-0.02179504,0.02393459,-0.05983646,2.11730593,-0.00913989,2.39826645,0.09609401,0.05643982,-0.14481579,-0.13450116,-36.45096588,-4.62985659,-0.13551795,-36.45046809,-4.63048375,0.09229435,-0.13520995,-0.06168700,-0.04322360,-36.58567804,-4.69217075,-0.03512821,-36.56973573,-4.57293041,-0.00156767,-0.01267747,0.01247143,0.06363531,0.03727701,-0.08947629,1
12.590,2.11733446,-0.02087899,2.40839197,0.15951116,0.09395567,-0.23488916,-0.02183737,0.02383229,-0.05958073,2.11826324,-0.00858307,2.39683566,0.09600324,0.05625031,-0.14438163,-0.13476141,-36.45819473,-4.63657808,-0.13577818,-36.45769552,-4.63721090,0.10162201,-0.12355399,-0.07615008,-0.03415618,-36.58124951,-4.71336098,-0.03512821,-36.56966803,-4.57311796,-0.00092878,-0.01229592,0.01155631,0.06350792,0.03770536,-0.09050753,1
12.600,2.11892848,-0.01993825,2.40604011,0.15929258,0.09419348,-0.23548369,-0.02187959,0.02372950,-0.05932374,2.12017643,-0.00747229,2.39397978,0.09591129,0.05606044,-0.14395727,-0.13502164,-36.46540451,-4.64330769,-0.13603840,-36.46490385,-4.64394615,0.09657996,-0.12569154,-0.07213304,-0.03945844,-36.59059540,-4.71607919,-0.02596045,-36.56636873,-4.59266510,-0.00124795,-0.01246596,0.01206033,0.06338129,0.03813304,-0.09152642,1
12.610,2.12052031,-0.01899513,2.40368231,0.15907357,0.09443025,-0.23607563,-0.02192170,0.02362620,-0.05906550,2.12208738,-0.00636606,2.39113483,0.09581248,0.05585686,-0.14348916,-0.13528183,-36.47259140,-4.65004873,-0.13629857,-36.47208931,-4.65069287,0.09155108,-0.12759280,-0.06843770,-0.04474749,-36.59968211,-4.71913057,-0.03652058,-36.58754649,-4.59476512,-0.00156707,-0.01262907,0.01254748,0.06326109,0.03857339,-0.09258647,1
12.620,2.12210995,-0.01804964,2.40131860,0.15885414,0.09466600,-0.23666499,-0.02196368,0.02352240,-0.05880600,2.12304190,-0.00581492,2.38971766,0.09572237,0.05567108,-0.14304618,-0.13554274,-36.47977066,-4.65679836,-0.13655945,-36.47926714,-4.65744820,0.10081831,-0.11565078,-0.08331193,-0.03574114,-36.59491792,-4.74076013,-0.03652058,-36.58748029,-4.59494889,-0.00093195,-0.01223472,0.01160094,0.06313177,0.03899492,-0.09361881,1
12.630,2.12369739,-0.01710181,2.39894902,0.15863430,0.09490070,-0.23725175,-0.02200555,0.02341810,-0.05854526,2.12494879,-0.00471710,2.38689611,0.09561882,0.05545741,-0.14249727,-0.13580349,-36.48690796,-4.66355658,-0.13682018,-36.48640303,-4.66421212,0.09579282,-0.11718349,-0.08026340,-0.04102736,-36.60358651,-4.74447552,-0.04178998,-36.59759199,-4.59679463,-0.00125140,-0.01238471,0.01205291,0.06301548,0.03944329,-0.09475448,1
12.640,2.12528263,-0.01615163,2.39657358,0.15841403,0.09513436,-0.23783589,-0.02204730,0.02331332,-0.05828329,2.12685316,-0.00362407,2.38408662,0.09551061,0.05524109,-0.14195723,-0.13606475,-36.49402237,-4.67032337,-0.13708140,-36.49351601,-4.67098464,0.09078019,-0.11853001,-0.07741871,-0.04630121,-36.61204602,-4.74840335,-0.03795482,-36.60339268,-4.61958419,-0.00157053,-0.01252756,0.01248696,0.06290342,0.03989327,-0.09587866,1
12.650,2.12686567,-0.01519913,2.39419231,0.15819335,0.09536697,-0.23841741,-0.02208892,0.02320803,-0.05802009,2.12780436,-0.00307935,2.38268642,0.09541312,0.05504868,-0.14147293,-0.13632560,-36.50111389,-4.67710018,-0.13734222,-36.50060611,-4.67776719,0.10001038,-0.10623448,-0.09282563,-0.03733184,-36.60684059,-4.77059282,-0.03795482,-36.60333231,-4.61974269,-0.00093869,-0.01211978,0.01150589,0.06278023,0.04031829,-0.09694448,1
12.660,2.12844650,-0.01424430,2.39180524,0.15797225,0.09559852,-0.23899629,-0.02213043,0.02310227,-0.05775567,2.12970458,-0.00199394,2.37989688,0.09530343,0.05483730,-0.14092525,-0.13658725,-36.50819016,-4.68388414,-0.13760382,-36.50768097,-4.68455692,0.09499543,-0.10730891,-0.09039801,-0.04260838,-36.61498988,-4.77495494,-0.04322360,-36.61277962,-4.62252964,-0.00125808,-0.01225036,0.01190836,0.06266882,0.04076122,-0.09807104,1
12.670,2.13002512,-0.01328716,2.38941239,0.15775074,0.09582901,-0.23957252,-0.02217182,0.02299601,-0.05749003,2.13065374,-0.00145280,2.37850569,0.09520655,0.05465660,-0.14047354,-0.13684833,-36.51522827,-4.69067717,-0.13786485,-36.51471768,-4.69135571,0.10418746,-0.09487675,-0.10597863,-0.03367740,-36.60959442,-4.79733434,-0.03415618,-36.60830676,-4.64380178,-0.00062862,-0.01183436,0.01090670,0.06254419,0.04117241,-0.09909898,1
12.680,2.13160151,-0.01232772,2.38701379,0.15752882,0.09605844,-0.24014609,-0.02221309,0.02288928,-0.05722319,2.13255007,-0.00037354,2.37572949,0.09510074,0.05447038,-0.14002845,-0.13711059,-36.52224731,-4.69748020,-0.13812707,-36.52173531,-4.69816455,0.09915518,-0.09581784,-0.10360519,-0.03897189,-36.61755315,-4.80176975,-0.03945844,-36.61755125,-4.64673259,-0.00094856,-0.01195418,0.01128430,0.06242808,0.04158806,-0.10011764,1
12.690,2.13317569,-0.01136599,2.38460948,0.15730648,0.09628679,-0.24071698,-0.02225425,0.02278206,-0.05695515,2.13349717,0.00016445,2.37434512,0.09500286,0.05430246,-0.13963057,-0.13737260,-36.52923965,-4.70428944,-0.13838902,-36.52872626,-4.70497959,0.10831226,-0.08326598,-0.11927609,-0.03007676,-36.61199224,-4.82425568,-0.04474749,-36.62658146,-4.64991211,-0.00032148,-0.01153044,0.01026436,0.06230362,0.04198433,-0.10108641,1
12.700,2.13474764,-0.01040199,2.38219946,0.15708373,0.09651408,-0.24128519,-0.02229528,0.02267437,-0.05668591,2.13538926,0.00123745,2.37158300,0.09489591,0.05413098,-0.13924125,-0.13763508,-36.53620529,-4.71110773,-0.13865145,-36.53569049,-4.71180370,0.10327780,-0.08402050,-0.11708193,-0.03537365,-36.61971099,-4.82888563,-0.03574114,-36.62172619,-4.67172349,-0.00064162,-0.01163944,0.01061646,0.06218782,0.04238310,-0.10204394,1
12.710,2.13631736,-0.00943572,2.37978378,0.15686058,0.09674028,-0.24185070,-0.02233618,0.02256620,-0.05641549,2.13727874,0.00230748,2.36882438,0.09478199,0.05396375,-0.13889836,-0.13789766,-36.54314041,-4.71793318,-0.13891396,-36.54262423,-4.71863501,0.09826195,-0.08467072,-0.11488369,-0.04065200,-36.62729495,-4.83351870,-0.04102736,-36.63031755,-4.67554067,-0.00096138,-0.01174320,0.01095940,0.06207859,0.04277653,-0.10295234,1
12.720,2.13788485,-0.00846719,2.37736246,0.15663701,0.09696540,-0.24241349,-0.02237697,0.02245756,-0.05614390,2.13822240,0.00284123,2.36744702,0.09467778,0.05381673,-0.13860765,-0.13816030,-36.55005646,-4.72476959,-0.13917654,-36.54953888,-4.72547726,0.10738047,-0.07196330,-0.13057909,-0.03179608,-36.62150218,-4.85605635,-0.04630121,-36.63873386,-4.67953560,-0.00033755,-0.01130842,0.00991544,0.06195923,0.04314867,-0.10380584,1
12.730,2.13945010,-0.00749641,2.37493552,0.15641304,0.09718943,-0.24297357,-0.02241764,0.02234845,-0.05587113,2.14010789,0.00390761,2.36468962,0.09456936,0.05368730,-0.13843092,-0.13842370,-36.55694199,-4.73161173,-0.13943986,-36.55642302,-4.73232527,0.10234513,-0.07260865,-0.12811482,-0.03709473,-36.62903167,-4.86044009,-0.03733184,-36.63349008,-4.70164246,-0.00065779,-0.01140402,0.01024590,0.06184368,0.04350213,-0.10454265,1
12.740,2.14101311,-0.00652340,2.37250300,0.15618866,0.09741236,-0.24353091,-0.02245819,0.02223888,-0.05559719,2.14104964,0.00444013,2.36331006,0.09447099,0.05357859,-0.13831196,-0.13868722,-36.56378555,-4.73846006,-0.13970332,-36.56326519,-4.73917950,0.11141185,-0.05996024,-0.14348497,-0.02829147,-36.62322543,-4.88266447,-0.04260838,-36.64161611,-4.70597740,-0.00003653,-0.01096353,0.00919294,0.06171767,0.04383377,-0.10521895,1
12.750,2.14257387,-0.00554817,2.37006491,0.15596387,0.09763420,-0.24408551,-0.02249861,0.02212884,-0.05532210,2.14293155,0.00550525,2.36054258,0.09437032,0.05349799,-0.13835873,-0.13895111,-36.57061386,-4.74531746,-0.13996712,-36.57009213,-4.74604280,0.10634603,-0.06071735,-0.14046288,-0.03362109,-36.63080948,-4.88650568,-0.03367740,-36.63622252,-4.72808482,-0.00035768,-0.01105342,0.00952233,0.06159355,0.04413621,-0.10572678,1
12.760,2.14413239,-0.00457072,2.36762130,0.15573869,0.09785494,-0.24463735,-0.02253891,0.02201834,-0.05504586,2.14481107,0.00657016,2.35776576,0.09426396,0.05343377,-0.13850410,-0.13921604,-36.57740784,-4.75218487,-0.14023197,-36.57688474,-4.75291611,0.10129277,-0.06150135,-0.13713746,-0.03893920,-36.63838609,-4.89005357,-0.03897189,-36.64417371,-4.73229964,-0.00067868,-0.01114088,0.00985554,0.06147473,0.04442117,-0.10613325,1
12.770,2.14568865,-0.00359107,2.36517217,0.15551310,0.09807457,-0.24518642,-0.02257909,0.02190739,-0.05476847,2.14575004,0.00710298,2.35637197,0.09417234,0.05339589,-0.13872279,-0.13948044,-36.58417130,-4.75905609,-0.14049629,-36.58364682,-4.75979328,0.11028405,-0.04906452,-0.15167404,-0.03021224,-36.63271134,-4.91146732,-0.03007676,-36.63863337,-4.75456625,-0.00006139,-0.01069405,0.00880020,0.06134076,0.04467868,-0.10646363,1
12.780,2.14724265,-0.00260923,2.36271758,0.15528711,0.09829309,-0.24573272,-0.02261914,0.02179598,-0.05448995,2.14762634,0.00816965,2.35357186,0.09407605,0.05338419,-0.13909188,-0.13974585,-36.59090805,-4.76593542,-0.14076160,-36.59038220,-4.76667855,0.10518978,-0.05005555,-0.14761614,-0.03557181,-36.64043774,-4.91429469,-0.03537365,-36.64638554,-4.75878606,-0.00038369,-0.01077888,0.00914572,0.06121106,0.04490890,-0.10664084,1
12.790,2.14879439,-0.00162522,2.36025753,0.15506071,0.09851049,-0.24627622,-0.02265908,0.02168412,-0.05421030,2.14856358,0.00870340,2.35216605,0.09398812,0.05338190,-0.13946416,-0.14001100,-36.59760666,-4.77282000,-0.14102666,-36.59707945,-4.77356909,0.11413053,-0.03772127,-0.16174120,-0.02689613,-36.63480072,-4.93531029,-0.04065200,-36.65398246,-4.76322819,0.00023081,-0.01032862,0.00809148,0.06107259,0.04512859,-0.10681206,1
12.800,2.15034386,-0.00063903,2.35779206,0.15483392,0.09872677,-0.24681692,-0.02269889,0.02157181,-0.05392953,2.15043661,0.00977315,2.34933626,0.09389785,0.05341748,-0.14004223,-0.14027686,-36.60428619,-4.77971363,-0.14129243,-36.60375761,-4.78046871,0.10900401,-0.03892768,-0.15690315,-0.03228842,-36.64268529,-4.93737186,-0.03179608,-36.64826429,-4.78516814,-0.00009275,-0.01041218,0.00845580,0.06093607,0.04530929,-0.10677469,1
12.810,2.15189107,0.00034932,2.35532120,0.15460674,0.09894192,-0.24735481,-0.02273857,0.02145906,-0.05364764,2.15137232,0.01030906,2.34791285,0.09381602,0.05346074,-0.14061675,-0.14054325,-36.61092377,-4.78661537,-0.14155871,-36.61039383,-4.78737644,0.11788639,-0.02677703,-0.17042110,-0.02367231,-36.63717086,-4.95779754,-0.03709473,-36.65582693,-4.78926993,0.00051875,-0.00995974,0.00740835,0.06079072,0.04548118,-0.10673806,1
12.820,2.15343600,0.00133981,2.35284497,0.15437915,0.09915595,-0.24788987,-0.02277813,0.02134586,-0.05336465,2.15324246,0.01138430,2.34504260,0.09373343,0.05355019,-0.14143428,-0.14081028,-36.61753082,-4.79352045,-0.14182563,-36.61699954,-4.79428754,0.11271843,-0.02829315,-0.16458482,-0.02910721,-36.64529269,-4.95887236,-0.02829147,-36.65013470,-4.81072104,0.00019354,-0.01004449,0.00780237,0.06064572,0.04560576,-0.10645559,1
12.830,2.15497865,0.00233243,2.35036341,0.15415117,0.09936884,-0.24842209,-0.02281757,0.02123222,-0.05308055,2.15417681,0.01192353,2.34359643,0.09365888,0.05364333,-0.14222991,-0.14107761,-36.62410355,-4.80043459,-0.14209285,-36.62357090,-4.80120770,0.12153684,-0.01637874,-0.17737961,-0.02055601,-36.63994964,-4.97858730,-0.03362109,-36.65777084,-4.81419727,0.00080184,-0.00959110,0.00676698,0.06049229,0.04572551,-0.10619218,1
12.840,2.15651902,0.00332718,2.34787654,0.15392280,0.09958059,-0.24895148,-0.02285688,0.02111814,-0.05279536,2.15604391,0.01300492,2.34068392,0.09357554,0.05376142,-0.14316110,-0.14134535,-36.63064957,-4.80735302,-0.14236049,-36.63011558,-4.80813218,0.11634634,-0.01809590,-0.17083454,-0.02601415,-36.64821148,-4.97896672,-0.03893920,-36.66544395,-4.81707624,0.00047511,-0.00967774,0.00719262,0.06034726,0.04581917,-0.10579038,1
12.850,2.15805710,0.00432404,2.34538439,0.15369404,0.09979120,-0.24947800,-0.02289607,0.02100363,-0.05250908,2.15697672,0.01354748,2.33921557,0.09350188,0.05388489,-0.14407953,-0.14161317,-36.63715744,-4.81427908,-0.14262818,-36.63662212,-4.81506429,0.12511628,-0.00632096,-0.18315803,-0.01751190,-36.64294307,-4.99822231,-0.03021224,-36.65983899,-4.83804992,0.00108038,-0.00922344,0.00616882,0.06019216,0.04590631,-0.10539847,1
12.860,2.15959290,0.00532300,2.34288699,0.15346488,0.10000066,-0.25000165,-0.02293513,0.02088869,-0.05222172,2.15884090,0.01463655,2.33625435,0.09342206,0.05404283,-0.14517430,-0.14188227,-36.64363098,-4.82120895,-0.14289716,-36.64309431,-4.82200024,0.11989262,-0.00833498,-0.17569395,-0.02300453,-36.65142929,-4.99769418,-0.03557181,-36.66769608,-4.84006538,0.00075200,-0.00931355,0.00663264,0.06004282,0.04595783,-0.10482735,1
12.870,2.16112640,0.00632405,2.34038437,0.15323533,0.10020897,-0.25052243,-0.02297407,0.02077332,-0.05193329,2.16070337,0.01573200,2.33325538,0.09334245,0.05424622,-0.14648752,-0.14215133,-36.65007401,-4.82814503,-0.14316609,-36.64953601,-4.82894239,0.11465860,-0.01068914,-0.16725321,-0.02850749,-36.66022514,-4.99619560,-0.02689613,-36.66222891,-4.86009671,0.00042303,-0.00940795,0.00712899,0.05989288,0.04596275,-0.10403491,1
12.880,2.16265760,0.00732718,2.33787655,0.15300540,0.10041613,-0.25104032,-0.02301288,0.02065752,-0.05164379,2.16163393,0.01628212,2.33174198,0.09327079,0.05443761,-0.14770068,-0.14242148,-36.65648270,-4.83508825,-0.14343612,-36.65594336,-4.83589171,0.12335272,0.00069709,-0.17843632,-0.02008340,-36.65524627,-5.01432803,-0.03228842,-36.67019119,-4.86170177,0.00102367,-0.00895494,0.00613457,0.05973461,0.04597852,-0.10333964,1
12.890,2.16418650,0.00833237,2.33536357,0.15277508,0.10062212,-0.25155530,-0.02305156,0.02054130,-0.05135324,2.16349402,0.01738832,2.32868214,0.09319983,0.05468026,-0.14915647,-0.14269137,-36.66284561,-4.84203815,-0.14370586,-36.66230495,-4.84284773,0.11806688,-0.00202962,-0.16896851,-0.02563898,-36.66433457,-5.01181625,-0.02367231,-36.66487496,-4.88103563,0.00069248,-0.00905595,0.00668143,0.05957525,0.04594186,-0.10239883,1
12.900,2.16571310,0.00933961,2.33284546,0.15254437,0.10082695,-0.25206738,-0.02309012,0.02042465,-0.05106163,2.16535260,0.01850235,2.32557955,0.09312852,0.05496356,-0.15079995,-0.14296201,-36.66918945,-4.84898901,-0.14397636,-36.66864747,-4.84980472,0.11276866,-0.00510997,-0.15853443,-0.03120770,-36.67375744,-5.00833915,-0.02055601,-36.66785636,-4.90072211,0.00036050,-0.00916274,0.00726591,0.05941585,0.04586339,-0.10126743,1
12.910,2.16723739,0.01034890,2.33032223,0.15231328,0.10103061,-0.25257653,-0.02312855,0.02030759,-0.05076898,2.16720991,0.01962505,2.32243131,0.09305789,0.05528175,-0.15258729,-0.14323317,-36.67548370,-4.85594749,-0.14424738,-36.67494041,-4.85676936,0.10745253,-0.00853634,-0.14720596,-0.03679484,-36.68347675,-5.00397532,-0.02601415,-36.67632965,-4.89999206,0.00002748,-0.00927615,0.00789092,0.05925539,0.04574886,-0.09998924,1
12.920,2.16875937,0.01136022,2.32779394,0.15208180,0.10123310,-0.25308275,-0.02316685,0.02019012,-0.05047529,2.16813798,0.02018940,2.32084164,0.09299515,0.05557010,-0.15418222,-0.14350536,-36.68174744,-4.86291075,-0.14451943,-36.68120283,-4.86373875,0.11602435,0.00219091,-0.15667929,-0.02849507,-36.67901192,-5.02041804,-0.02601415,-36.67642906,-4.89948322,0.00062139,-0.00882918,0.00695230,0.05908665,0.04566300,-0.09890053,1
12.930,2.17027903,0.01237356,2.32526059,0.15184994,0.10143441,-0.25358603,-0.02320503,0.02007223,-0.05018057,2.16999326,0.02132513,2.31762694,0.09293309,0.05590191,-0.15596089,-0.14377752,-36.68796921,-4.86987972,-0.14479143,-36.68742330,-4.87071392,0.11065071,-0.00153928,-0.14462562,-0.03414072,-36.68896258,-5.01533954,-0.02300453,-36.67987796,-4.91704573,0.00028577,-0.00895157,0.00763365,0.05891685,0.04553250,-0.09762514,1
12.940,2.17179636,0.01338891,2.32272222,0.15161770,0.10163454,-0.25408636,-0.02324308,0.01995393,-0.04988482,2.17184706,0.02246938,2.31437000,0.09286694,0.05625397,-0.15780378,-0.14405021,-36.69416046,-4.87685013,-0.14506397,-36.69361323,-4.87769051,0.10527136,-0.00553952,-0.13191941,-0.03979261,-36.69915275,-5.00960992,-0.02850749,-36.68888022,-4.91452938,-0.00005070,-0.00908047,0.00835222,0.05875076,0.04538057,-0.09628258,1
12.950,2.17331138,0.01440625,2.32017887,0.15138508,0.10183349,-0.25458373,-0.02328099,0.01983522,-0.04958806,2.17277331,0.02304439,2.31272755,0.09280628,0.05656587,-0.15941392,-0.14432372,-36.70031357,-4.88382721,-0.14533733,-36.69976504,-4.88467380,0.11375963,0.00493660,-0.14084181,-0.03157770,-36.69482844,-5.02551561,-0.02850749,-36.68897592,-4.91407342,0.00053807,-0.00863814,0.00745132,0.05857880,0.04526762,-0.09516981,1
12.960,2.17482406,0.01542557,2.31763056,0.15115208,0.10203125,-0.25507812,-0.02331879,0.01971612,-0.04929029,2.17462485,0.02420129,2.30941071,0.09274509,0.05691393,-0.16114903,-0.14459734,-36.70643616,-4.89080858,-0.14561078,-36.70588633,-4.89166137,0.10833319,0.00072799,-0.12774093,-0.03727759,-36.70515834,-5.01940230,-0.02008340,-36.68422533,-4.93115084,0.00019921,-0.00877572,0.00821985,0.05840699,0.04511732,-0.09392909,1
12.970,2.17633442,0.01644687,2.31507732,0.15091870,0.10222781,-0.25556953,-0.02335645,0.01959661,-0.04899152,2.17647478,0.02536625,2.30605735,0.09267673,0.05726938,-0.16287827,-0.14487226,-36.71250534,-4.89779425,-0.14588554,-36.71195422,-4.89865326,0.10290951,-0.00367573,-0.11423571,-0.04297604,-36.71562996,-5.01288897,-0.03120770,-36.70292529,-4.92430616,-0.00014036,-0.00891938,0.00901997,0.05824197,0.04495843,-0.09269126,1
12.980,2.17784244,0.01747012,2.31251918,0.15068495,0.10242318,-0.25605795,-0.02339398,0.01947670,-0.04869175,2.17832262,0.02653782,2.30267526,0.09259822,0.05761449,-0.16451040,-0.14514747,-36.71854401,-4.90478230,-0.14616058,-36.71799160,-4.90564755,0.09750120,-0.00815054,-0.10065522,-0.04865938,-36.72614213,-5.00630277,-0.03679484,-36.71280166,-4.91927191,-0.00048018,-0.00906770,0.00984392,0.05808673,0.04480869,-0.09154755,1
12.990,2.17934812,0.01849533,2.30995617,0.15045082,0.10261734,-0.25654336,-0.02343139,0.01935640,-0.04839099,2.17924579,0.02712610,2.30097363,0.09252780,0.05791781,-0.16592356,-0.14542292,-36.72454453,-4.91177702,-0.14643586,-36.72399082,-4.91264854,0.10591162,0.00220966,-0.10952481,-0.04052424,-36.72178116,-5.02217335,-0.02849507,-36.70842582,-4.93533652,0.00010233,-0.00863077,0.00898254,0.05792302,0.04469953,-0.09061980,1
13.000,2.18085145,0.01952247,2.30738832,0.15021632,0.10281030,-0.25702576,-0.02346866,0.01923570,-0.04808925,2.18201220,0.02890040,2.29583176,0.09243517,0.05825929,-0.16742061,-0.14569908,-36.73049927,-4.91877270,-0.14671184,-36.72994430,-4.91965050,0.08668053,-0.01723065,-0.07351442,-0.06003131,-36.74717496,-4.99316492,-0.03414072,-36.71860444,-4.92938366,-0.00116075,-0.00937793,0.01155656,0.05778115,0.04455101,-0.08960515,1
13.010,2.18235244,0.02055153,2.30481567,0.14998145,0.10300206,-0.25750514,-0.02350581,0.01911461,-0.04778654,2.18293311,0.02949431,2.29410917,0.09234930,0.05854220,-0.16863035,-0.14597581,-36.73642349,-4.92577219,-0.14698840,-36.73586725,-4.92665628,0.09508305,-0.00682551,-0.08272853,-0.05190535,-36.74269276,-5.00938481,-0.03979261,-36.72884821,-4.92348014,-0.00058067,-0.00894278,0.01070650,0.05763215,0.04445986,-0.08887479,1
13.020,2.18385108,0.02158250,2.30223823,0.14974621,0.10319260,-0.25798149,-0.02354282,0.01899314,-0.04748286,2.18477309,0.03068556,2.29065381,0.09225495,0.05881446,-0.16971921,-0.14625336,-36.74230576,-4.93277597,-0.14726576,-36.74174824,-4.93366637,0.08968033,-0.01125937,-0.06977276,-0.05758543,-36.75300760,-5.00343913,-0.03157770,-36.72464406,-4.93902270,-0.00092201,-0.00910306,0.01158442,0.05749126,0.04437814,-0.08826228,1
13.030,2.18534736,0.02261538,2.29965605,0.14951059,0.10338192,-0.25845480,-0.02357970,0.01887129,-0.04717821,2.18569226,0.03128320,2.28892018,0.09217066,0.05905189,-0.17063030,-0.14653125,-36.74815369,-4.93977928,-0.14754345,-36.74759489,-4.94067598,0.09803387,-0.00063632,-0.07969866,-0.04950957,-36.74823121,-5.02037464,-0.03157770,-36.72471054,-4.93883383,-0.00034490,-0.00866782,0.01073587,0.05733993,0.04433003,-0.08782450,1
13.040,2.18684129,0.02365014,2.29706914,0.14927461,0.10357002,-0.25892505,-0.02361646,0.01874905,-0.04687262,2.18752863,0.03248115,2.28544775,0.09207346,0.05927159,-0.17138630,-0.14680937,-36.75395203,-4.94678831,-0.14782137,-36.75339197,-4.94769134,0.09261913,-0.00489173,-0.06746102,-0.05520225,-36.75828371,-5.01515236,-0.04297604,-36.74559530,-4.92606182,-0.00068734,-0.00883101,0.01162139,0.05720115,0.04429843,-0.08753875,1
13.050,2.18833286,0.02468677,2.29447755,0.14903827,0.10375690,-0.25939225,-0.02365308,0.01862643,-0.04656608,2.18936198,0.03368130,2.28197593,0.09196174,0.05945915,-0.17191910,-0.14708832,-36.75970840,-4.95379829,-0.14810012,-36.75914709,-4.95470766,0.08724210,-0.00900113,-0.05584151,-0.06085802,-36.76814821,-5.01054917,-0.04865938,-36.75615305,-4.91954401,-0.00102912,-0.00899453,0.01250162,0.05707653,0.04429775,-0.08747315,1
13.060,2.18982205,0.02572527,2.29188131,0.14880155,0.10394255,-0.25985637,-0.02368957,0.01850344,-0.04625860,2.19027742,0.03428177,2.28024278,0.09185727,0.05960606,-0.17226826,-0.14736731,-36.76543427,-4.96081114,-0.14837892,-36.76487169,-4.96172686,0.09558341,0.00212627,-0.06733736,-0.05279551,-36.76274543,-5.02906422,-0.04865938,-36.75616553,-4.91964491,-0.00045537,-0.00855650,0.01163853,0.05694428,0.04433649,-0.08758811,1
13.070,2.19130889,0.02676562,2.28928044,0.14856448,0.10412697,-0.26031741,-0.02372593,0.01838007,-0.04595019,2.19210619,0.03548445,2.27677860,0.09174374,0.05974498,-0.17248989,-0.14764768,-36.77111053,-4.96782732,-0.14865909,-36.77054671,-4.96874941,0.09020661,-0.00172189,-0.05670041,-0.05845248,-36.77226861,-5.02544982,-0.04052424,-36.75186203,-4.93559596,-0.00079730,-0.00871883,0.01250184,0.05682074,0.04438199,-0.08782752,1
13.080,2.19279334,0.02780781,2.28667497,0.14832703,0.10431015,-0.26077537,-0.02376215,0.01825634,-0.04564085,2.19393134,0.03668665,2.27333100,0.09161106,0.05983497,-0.17241083,-0.14792749,-36.77674484,-4.97484398,-0.14893869,-36.77617977,-4.97577244,0.08488546,-0.00527405,-0.04708196,-0.06405322,-36.78145382,-5.02285440,-0.05190535,-36.77274523,-4.92329799,-0.00113800,-0.00887884,0.01334397,0.05671597,0.04447518,-0.08836454,1
13.090,2.19427542,0.02885182,2.28406494,0.14808923,0.10449209,-0.26123023,-0.02379825,0.01813224,-0.04533059,2.19575283,0.03788801,2.26990293,0.09146473,0.05988745,-0.17208285,-0.14820863,-36.78233337,-4.98186207,-0.14921962,-36.78176706,-4.98279693,0.07960981,-0.00857853,-0.03839025,-0.06960981,-36.79034560,-5.02118718,-0.05758543,-36.78303006,-4.91788966,-0.00147741,-0.00903619,0.01416201,0.05662450,0.04460464,-0.08914738,1
13.100,2.19575513,0.02989765,2.28145038,0.14785107,0.10467279,-0.26168198,-0.02383421,0.01800777,-0.04501943,2.19666211,0.03848797,2.26819854,0.09133035,0.05991449,-0.17167176,-0.14849028,-36.78789139,-4.98888254,-0.14950104,-36.78732384,-4.98982381,0.08795789,0.00331945,-0.05236638,-0.06154315,-36.78400439,-5.04219019,-0.05758543,-36.78300541,-4.91821989,-0.00090698,-0.00859032,0.01325184,0.05652072,0.04475830,-0.09001022,1
13.110,2.19723245,0.03094527,2.27883131,0.14761255,0.10485225,-0.26213061,-0.02387003,0.01788294,-0.04470735,2.19847799,0.03968723,2.26480592,0.09118443,0.05992145,-0.17108310,-0.14877157,-36.79340363,-4.99590635,-0.14978211,-36.79283484,-4.99685404,0.08269306,0.00037339,-0.04488939,-0.06708905,-36.79246145,-5.04174342,-0.05520225,-36.78825487,-4.93049380,-0.00124554,-0.00874196,0.01402539,0.05642812,0.04493080,-0.09104751,1
13.120,2.19870738,0.03199469,2.27620778,0.14737367,0.10503045,-0.26257612,-0.02390573,0.01775775,-0.04439439,2.20028998,0.04088444,2.26144115,0.09102524,0.05989708,-0.17027153,-0.14905417,-36.79887390,-5.00292635,-0.15006449,-36.79830391,-5.00388048,0.07747615,-0.00232638,-0.03838130,-0.07258834,-36.80063029,-5.04226178,-0.06085802,-36.79806020,-4.92663076,-0.00158260,-0.00888975,0.01476663,0.05634843,0.04513337,-0.09230459,1
13.130,2.20017992,0.03304588,2.27357980,0.14713443,0.10520740,-0.26301850,-0.02394129,0.01763221,-0.04408053,2.20119441,0.04148192,2.25977129,0.09087981,0.05985967,-0.16945023,-0.14933693,-36.80429459,-5.00995111,-0.15034703,-36.80372336,-5.01091168,0.08580910,0.01007144,-0.05398221,-0.06453793,-36.79365192,-5.06489389,-0.06085802,-36.79802193,-4.92705601,-0.00101449,-0.00843604,0.01380851,0.05625462,0.04534773,-0.09356827,1
13.140,2.20165006,0.03409883,2.27094742,0.14689484,0.10538309,-0.26345773,-0.02397672,0.01750631,-0.04376579,2.20300046,0.04267557,2.25645247,0.09072289,0.05980788,-0.16847648,-0.14962006,-36.80968094,-5.01697397,-0.15062991,-36.80910850,-5.01794100,0.08060386,0.00767409,-0.04857648,-0.07002605,-36.80143440,-5.06651747,-0.05845248,-36.80209486,-4.94267220,-0.00135040,-0.00857674,0.01449495,0.05617195,0.04557521,-0.09498125,1
13.150,2.20311781,0.03515353,2.26831066,0.14665490,0.10555752,-0.26389381,-0.02401201,0.01738007,-0.04345017,2.20480240,0.04386648,2.25316688,0.09055293,0.05973142,-0.16731296,-0.14990358,-36.81502151,-5.02399874,-0.15091321,-36.81444785,-5.02497223,0.07544923,0.00550589,-0.04412547,-0.07546397,-36.80894196,-5.06909770,-0.06405322,-36.81120484,-4.94094319,-0.00168459,-0.00871295,0.01514378,0.05610197,0.04582610,-0.09658085,1
13.160,2.20458316,0.03620998,2.26566955,0.14641461,0.10573069,-0.26432673,-0.02404717,0.01725347,-0.04313368,2.20570174,0.04446060,2.25153825,0.09039820,0.05965160,-0.16620034,-0.15018755,-36.82031631,-5.03102350,-0.15119693,-36.81974144,-5.03200348,0.08376714,0.01831258,-0.06113748,-0.06742978,-36.80142886,-5.09314097,-0.06405322,-36.81115988,-4.94142315,-0.00111858,-0.00825062,0.01413130,0.05601641,0.04607909,-0.09812639,1
13.170,2.20604610,0.03726814,2.26302413,0.14617396,0.10590259,-0.26475648,-0.02408219,0.01712653,-0.04281634,2.20749690,0.04564550,2.24831272,0.09022345,0.05953568,-0.16483357,-0.15047188,-36.82556915,-5.03805017,-0.15148101,-36.82499309,-5.03903665,0.07865061,0.01656657,-0.05807268,-0.07283040,-36.80842652,-5.09710934,-0.06960981,-36.81993955,-4.94082056,-0.00145080,-0.00837736,0.01471141,0.05595051,0.04636691,-0.09992291,1
13.180,2.20750664,0.03832802,2.26037443,0.14593296,0.10607322,-0.26518305,-0.02411708,0.01699925,-0.04249813,2.20839285,0.04623673,2.24671398,0.09006626,0.05943252,-0.16359373,-0.15075654,-36.83077621,-5.04507017,-0.15176543,-36.83019894,-5.04606316,0.08695099,0.02963593,-0.07588749,-0.06481444,-36.80056302,-5.12195065,-0.06154315,-36.81356592,-4.96225308,-0.00088621,-0.00790871,0.01366045,0.05586670,0.04664070,-0.10158932,1
13.190,2.20896476,0.03938960,2.25772048,0.14569162,0.10624258,-0.26560644,-0.02415183,0.01687163,-0.04217908,2.21018136,0.04741668,2.24354469,0.08989201,0.05931310,-0.16219038,-0.15104140,-36.83594131,-5.05209541,-0.15205004,-36.83536285,-5.05309492,0.08185969,0.02810447,-0.07374074,-0.07019036,-36.80725838,-5.12683566,-0.06708905,-36.82193886,-4.96275326,-0.00121660,-0.00802708,0.01417579,0.05579961,0.04692948,-0.10341606,1
13.200,2.21042047,0.04045287,2.25506231,0.14544993,0.10641065,-0.26602663,-0.02418645,0.01674368,-0.04185919,2.21107385,0.04800522,2.24197510,0.08973113,0.05919831,-0.16088261,-0.15132602,-36.84106445,-5.05911922,-0.15233440,-36.84048481,-5.06012527,0.09014580,0.04137192,-0.09219903,-0.06218860,-36.79911290,-5.15232430,-0.07258834,-36.83005726,-4.96378211,-0.00065338,-0.00755235,0.01308721,0.05571880,0.04721234,-0.10514402,1
13.210,2.21187376,0.04151781,2.25239996,0.14520789,0.10657745,-0.26644362,-0.02422093,0.01661539,-0.04153846,2.21285532,0.04917971,2.23886528,0.08955325,0.05907353,-0.15943323,-0.15161239,-36.84614563,-5.06614161,-0.15262051,-36.84556480,-5.06715418,0.08509380,0.04007566,-0.09103432,-0.06752671,-36.80548915,-5.15818851,-0.06453793,-36.82300152,-4.98735135,-0.00098156,-0.00766190,0.01353468,0.05565464,0.04750392,-0.10701039,1
13.220,2.21332463,0.04258442,2.24973345,0.14496551,0.10674296,-0.26685740,-0.02425527,0.01648677,-0.04121691,2.21374436,0.04976607,2.23732293,0.08939092,0.05896409,-0.15813377,-0.15189748,-36.85117340,-5.07316351,-0.15290534,-36.85059140,-5.07418265,0.09336074,0.05344235,-0.10991904,-0.05954460,-36.79714905,-5.18410170,-0.07002605,-36.83075229,-4.98939978,-0.00041973,-0.00718165,0.01241052,0.05557459,0.04777887,-0.10872363,1
13.230,2.21477307,0.04365267,2.24706282,0.14472278,0.10690718,-0.26726796,-0.02428948,0.01635782,-0.04089454,2.21551888,0.05093668,2.23426519,0.08920929,0.05884617,-0.15670756,-0.15218431,-36.85615540,-5.08018303,-0.15319191,-36.85557223,-5.08120874,0.08834652,0.05227937,-0.10946583,-0.06484538,-36.80329286,-5.19067456,-0.07546397,-36.83818816,-4.99288323,-0.00074581,-0.00728401,0.01279763,0.05551349,0.04806101,-0.11056040,1
13.240,2.21621908,0.04472256,2.24438810,0.14447972,0.10707012,-0.26767529,-0.02432355,0.01622854,-0.04057136,2.21728886,0.05210589,2.23123640,0.08901784,0.05874676,-0.15530474,-0.15247023,-36.86110687,-5.08720016,-0.15347756,-36.86052253,-5.08823244,0.08338274,0.05109340,-0.10937506,-0.07009482,-36.80942913,-5.19760750,-0.06742978,-36.83065313,-5.01759283,-0.00106978,-0.00738333,0.01315170,0.05546188,0.04832336,-0.11237055,1
13.250,2.21766266,0.04579407,2.24170933,0.14423631,0.10723175,-0.26807938,-0.02435748,0.01609895,-0.04024737,2.21817211,0.05269007,2.22973237,0.08884473,0.05866460,-0.15407921,-0.15275678,-36.86599731,-5.09421778,-0.15376383,-36.86541183,-5.09525665,0.09164652,0.06448177,-0.12870881,-0.06211731,-36.80093005,-5.22396546,-0.07283040,-36.83763558,-5.02190803,-0.00050945,-0.00689600,0.01197696,0.05539158,0.04856715,-0.11400017,1
13.260,2.21910381,0.04686719,2.23902653,0.14399257,0.10739209,-0.26848023,-0.02439127,0.01596903,-0.03992258,2.21993547,0.05385924,2.22673715,0.08866241,0.05861608,-0.15294271,-0.15304358,-36.87084579,-5.10123253,-0.15405036,-36.87025914,-5.10227800,0.08668970,0.06311091,-0.12847843,-0.06736065,-36.80714822,-5.23075644,-0.06481444,-36.82979828,-5.04718405,-0.00083166,-0.00699205,0.01228938,0.05533016,0.04877601,-0.11553752,1
13.270,2.22054251,0.04794190,2.23633973,0.14374849,0.10755113,-0.26887783,-0.02442493,0.01583880,-0.03959700,2.22169454,0.05502984,2.22375714,0.08847271,0.05860448,-0.15193669,-0.15333003,-36.87565613,-5.10824299,-0.15433652,-36.87506831,-5.10929509,0.08177431,0.06155275,-0.12816319,-0.07256221,-36.81351556,-5.23745828,-0.06218860,-36.82839773,-5.07786497,-0.00115203,-0.00708794,0.01258259,0.05527578,0.04894665,-0.11694114,1
13.280,2.22197877,0.04901820,2.23364898,0.14350407,0.10770887,-0.26927217,-0.02445845,0.01570825,-0.03927064,2.22257258,0.05561629,2.22227002,0.08830553,0.05861467,-0.15113060,-0.15361688,-36.88041687,-5.11525154,-0.15462308,-36.87982792,-5.11631025,0.08999254,0.07452353,-0.14680005,-0.06463053,-36.80530440,-5.26311031,-0.06218860,-36.82843551,-5.07796815,-0.00059381,-0.00659809,0.01137896,0.05519854,0.04909420,-0.11814157,1
13.290,2.22341259,0.05009608,2.23095430,0.14325932,0.10786530,-0.26966324,-0.02449183,0.01557740,-0.03894349,2.22432545,0.05679134,2.21930190,0.08812661,0.05865778,-0.15042031,-0.15390393,-36.88512802,-5.12225914,-0.15490985,-36.88453793,-5.12332450,0.08507424,0.07264742,-0.14598714,-0.06983561,-36.81189051,-5.26931164,-0.06752671,-36.83488270,-5.08404379,-0.00091286,-0.00669526,0.01165240,0.05513271,0.04920752,-0.11924293,1
13.300,2.22484396,0.05117551,2.22825573,0.14301424,0.10802042,-0.27005104,-0.02452507,0.01544623,-0.03861558,2.22607435,0.05797097,2.21633408,0.08794360,0.05875471,-0.14992357,-0.15419066,-36.88979721,-5.12926245,-0.15519628,-36.88920598,-5.13033444,0.08018586,0.07041989,-0.14468622,-0.07501043,-36.81878609,-5.27502067,-0.06484538,-36.83281562,-5.11645789,-0.00123039,-0.00679546,0.01192165,0.05507064,0.04926571,-0.12012747,1
13.310,2.22627288,0.05225648,2.22555329,0.14276882,0.10817422,-0.27043555,-0.02455817,0.01531476,-0.03828691,2.22694728,0.05856266,2.21484934,0.08778094,0.05885848,-0.14956101,-0.15447794,-36.89442062,-5.13626146,-0.15548327,-36.89382828,-5.13734013,0.08835951,0.08288923,-0.16237336,-0.06712376,-36.81093905,-5.29971349,-0.06484538,-36.83287776,-5.11643789,-0.00067440,-0.00630618,0.01070395,0.05498788,0.04931574,-0.12087454,1
13.320,2.22769934,0.05333899,2.22284703,0.14252307,0.10832671,-0.27081677,-0.02459113,0.01518299,-0.03795747,2.22868988,0.05974973,2.21187825,0.08760451,0.05899712,-0.14931247,-0.15476488,-36.89900208,-5.14325905,-0.15576990,-36.89840860,-5.14434438,0.08347785,0.08033174,-0.16049402,-0.07229205,-36.81807686,-5.30483841,-0.07009482,-36.83913566,-5.12332408,-0.00099054,-0.00641074,0.01096878,0.05491856,0.04932959,-0.12150430,1
13.330,2.22912334,0.05442301,2.22013697,0.14227700,0.10847788,-0.27119470,-0.02462395,0.01505092,-0.03762729,2.23042843,0.06094341,2.20889700,0.08742247,0.05919134,-0.14929335,-0.15505187,-36.90353012,-5.15025139,-0.15605659,-36.90293553,-5.15134339,0.07863014,0.07736193,-0.15794995,-0.07742645,-36.82557361,-5.30929334,-0.06736065,-36.83703522,-5.15613844,-0.00130509,-0.00652040,0.01123997,0.05485453,0.04928654,-0.12190135,1
13.340,2.23054487,0.05550854,2.21742314,0.14203059,0.10862773,-0.27156932,-0.02465664,0.01491855,-0.03729637,2.23129616,0.06154290,2.20740163,0.08726008,0.05938078,-0.14935440,-0.15533859,-36.90801239,-5.15723848,-0.15634300,-36.90741669,-5.15833719,0.08676835,0.08930291,-0.17456378,-0.06957465,-36.81811378,-5.33290097,-0.06736065,-36.83712276,-5.15598767,-0.00075129,-0.00603436,0.01002151,0.05477051,0.04924695,-0.12221492,1
13.350,2.23196395,0.05659556,2.21470559,0.14178386,0.10877625,-0.27194062,-0.02468918,0.01478588,-0.03696471,2.23302844,0.06274768,2.20439826,0.08708629,0.05962441,-0.14963429,-0.15562522,-36.91244125,-5.16422415,-0.15662934,-36.91184445,-5.16532955,0.08192350,0.08587110,-0.17106637,-0.07470584,-36.82597336,-5.33639592,-0.06463053,-36.83548205,-5.18787332,-0.00106449,-0.00615212,0.01030733,0.05469757,0.04915184,-0.12230633,1
13.360,2.23338055,0.05768406,2.21198434,0.14153681,0.10892344,-0.27230861,-0.02472158,0.01465293,-0.03663232,2.23475672,0.06396158,2.20137172,0.08690519,0.05992011,-0.15012987,-0.15591227,-36.91683197,-5.17120504,-0.15691606,-36.91623406,-5.17231715,0.07711490,0.08198093,-0.16676797,-0.07980116,-36.83425313,-5.33908512,-0.06983561,-36.84229412,-5.19350334,-0.00137617,-0.00627752,0.01061262,0.05463162,0.04900333,-0.12217874,1
13.370,2.23479468,0.05877402,2.20925943,0.14128943,0.10906931,-0.27267327,-0.02475384,0.01451969,-0.03629922,2.23648072,0.06518425,2.19832336,0.08671481,0.06025020,-0.15076932,-0.15619861,-36.92118073,-5.17818069,-0.15720208,-36.92058174,-5.17929953,0.07235116,0.07772934,-0.16186526,-0.08485092,-36.84285241,-5.34116479,-0.07501043,-36.84940632,-5.19867683,-0.00168604,-0.00641023,0.01093607,0.05457462,0.04881911,-0.12190395,1
13.380,2.23620634,0.05986544,2.20653089,0.14104173,0.10921384,-0.27303459,-0.02478595,0.01438616,-0.03596539,2.23734103,0.06579874,2.19679156,0.08654375,0.06055000,-0.15137194,-0.15648492,-36.92547607,-5.18515062,-0.15748807,-36.92487601,-5.18627618,0.08046706,0.08886424,-0.17680991,-0.07702101,-36.83601177,-5.36308609,-0.07501043,-36.84951080,-5.19843076,-0.00113469,-0.00593330,0.00973933,0.05449798,0.04866384,-0.12166265,1
13.390,2.23761552,0.06095830,2.20379875,0.14079371,0.10935703,-0.27339257,-0.02481793,0.01425235,-0.03563086,2.23905856,0.06703563,2.19370506,0.08636348,0.06090592,-0.15220559,-0.15677071,-36.92972183,-5.19211435,-0.15777354,-36.92912068,-5.19324666,0.07570488,0.08418781,-0.17100395,-0.08206866,-36.84493287,-5.36425060,-0.07229205,-36.84906369,-5.22748515,-0.00144304,-0.00607733,0.01009369,0.05443023,0.04845111,-0.12118698,1
13.400,2.23902221,0.06205258,2.20106305,0.14054538,0.10949888,-0.27374721,-0.02484977,0.01411825,-0.03529563,2.24077170,0.06828261,2.19058964,0.08617247,0.06129724,-0.15318491,-0.15705623,-36.93392563,-5.19907570,-0.15805872,-36.93332341,-5.20021476,0.07099173,0.07911050,-0.16449532,-0.08706699,-36.85421292,-5.36471008,-0.07742645,-36.85680921,-5.23123190,-0.00174949,-0.00623003,0.01047341,0.05437291,0.04820164,-0.12056230,1
13.410,2.24042642,0.06314827,2.19832382,0.14029672,0.10963939,-0.27409848,-0.02488146,0.01398388,-0.03495971,2.24162654,0.06890971,2.18902187,0.08600029,0.06165043,-0.15408278,-0.15734155,-36.93808365,-5.20603037,-0.15834372,-36.93748037,-5.20717619,0.07907816,0.08975030,-0.17834857,-0.07926556,-36.84773007,-5.38552476,-0.07742645,-36.85692861,-5.23090514,-0.00120012,-0.00576144,0.00930195,0.05429643,0.04798896,-0.12001570,1
13.420,2.24182814,0.06424536,2.19558109,0.14004775,0.10977856,-0.27444640,-0.02491301,0.01384924,-0.03462310,2.24333305,0.07017256,2.18585931,0.08581776,0.06205857,-0.15520474,-0.15762739,-36.94218826,-5.21297836,-0.15862922,-36.94158392,-5.21413095,0.07437194,0.08424953,-0.17094593,-0.08425728,-36.85733439,-5.38507687,-0.07470584,-36.85761485,-5.25711062,-0.00150491,-0.00592720,0.00972178,0.05422999,0.04771999,-0.11924166,1
13.430,2.24322738,0.06534384,2.19283490,0.13979846,0.10991638,-0.27479094,-0.02494441,0.01371433,-0.03428582,2.24418464,0.07080814,2.18426527,0.08565314,0.06243337,-0.15625456,-0.15791138,-36.94624710,-5.21992016,-0.15891286,-36.94564171,-5.22107952,0.08241635,0.09462625,-0.18415209,-0.07649651,-36.85101547,-5.40523161,-0.07470584,-36.85775225,-5.25669390,-0.00095726,-0.00546430,0.00856963,0.05414532,0.04748301,-0.11853638,1
13.440,2.24462411,0.06644368,2.19008528,0.13954886,0.11005284,-0.27513211,-0.02497568,0.01357914,-0.03394786,2.24588427,0.07208707,2.18105376,0.08547044,0.06284346,-0.15742818,-0.15819579,-36.95026016,-5.22685719,-0.15919694,-36.94965373,-5.22802333,0.07773773,0.08876972,-0.17605733,-0.08145921,-36.86088401,-5.40408066,-0.07980116,-36.86628999,-5.25861060,-0.00126016,-0.00564339,0.00903152,0.05407842,0.04720938,-0.11770393,1
13.450,2.24601835,0.06754489,2.18733227,0.13929895,0.11018796,-0.27546990,-0.02500680,0.01344369,-0.03360923,2.24757894,0.07337566,2.17781418,0.08527030,0.06326927,-0.15864737,-0.15847963,-36.95422363,-5.23378658,-0.15948043,-36.95361616,-5.23495954,0.07313030,0.08261989,-0.16751897,-0.08635013,-36.87099627,-5.40247851,-0.08485092,-36.87512576,-5.26001233,-0.00156059,-0.00583077,0.00951809,0.05402865,0.04691869,-0.11682253,1
13.460,2.24741009,0.06864744,2.18457589,0.13904872,0.11032172,-0.27580429,-0.02503777,0.01330798,-0.03326995,2.24842449,0.07402396,2.17618228,0.08509168,0.06365924,-0.15978297,-0.15876336,-36.95813751,-5.24070883,-0.15976381,-36.95752902,-5.24188858,0.08117881,0.09268457,-0.18012583,-0.07858500,-36.86484444,-5.42201440,-0.07702101,-36.86842634,-5.28149120,-0.00101440,-0.00537652,0.00839361,0.05395704,0.04666248,-0.11602132,1
13.470,2.24879933,0.06975132,2.18181619,0.13879819,0.11045412,-0.27613529,-0.02506860,0.01317201,-0.03293002,2.25011196,0.07532840,2.17289417,0.08489685,0.06408228,-0.16103560,-0.15904535,-36.96201324,-5.24762249,-0.16004546,-36.96140372,-5.24880905,0.07659268,0.08620600,-0.17094343,-0.08345278,-36.87519772,-5.41975248,-0.08206866,-36.87760858,-5.28185385,-0.00131263,-0.00557708,0.00892202,0.05390134,0.04637184,-0.11509969,1
13.480,2.25018605,0.07085652,2.17905320,0.13854735,0.11058516,-0.27646289,-0.02509929,0.01303578,-0.03258944,2.25179445,0.07664303,2.16957484,0.08468913,0.06452999,-0.16238420,-0.15932788,-36.96582794,-5.25453138,-0.16032761,-36.96521739,-5.25572477,0.07206828,0.07937550,-0.16114902,-0.08825933,-36.88584189,-5.41687378,-0.07926556,-36.88066662,-5.30230977,-0.00160840,-0.00578651,0.00947836,0.05385822,0.04605517,-0.11407869,1
13.490,2.25157027,0.07196302,2.17628695,0.13829621,0.11071483,-0.27678708,-0.02512983,0.01289929,-0.03224823,2.25263393,0.07730453,2.16790181,0.08450394,0.06493512,-0.16361385,-0.15960936,-36.96960449,-5.26143169,-0.16060873,-36.96899294,-5.26263190,0.08010636,0.08911239,-0.17308887,-0.08050238,-36.87988055,-5.43572077,-0.07926556,-36.88080532,-5.30187336,-0.00106366,-0.00534151,0.00838514,0.05379227,0.04577971,-0.11317323,1
13.500,2.25295198,0.07307081,2.17351747,0.13804476,0.11084314,-0.27710785,-0.02516023,0.01276255,-0.03190638,2.25430915,0.07863512,2.16453247,0.08430243,0.06536471,-0.16491962,-0.15989007,-36.97333145,-5.26832390,-0.16088908,-36.97271891,-5.26953095,0.07560260,0.08202497,-0.16281925,-0.08528648,-36.89069394,-5.43235020,-0.08425728,-36.89066113,-5.30065840,-0.00135717,-0.00556431,0.00898500,0.05374233,0.04547843,-0.11218823,1
13.510,2.25433117,0.07417988,2.17074480,0.13779300,0.11097008,-0.27742521,-0.02519048,0.01262557,-0.03156392,2.25514499,0.07930458,2.16283462,0.08412293,0.06576001,-0.16613590,-0.16017054,-36.97700119,-5.27520752,-0.16116918,-36.97638763,-5.27642142,0.08360743,0.09166319,-0.17453674,-0.07756175,-36.88472445,-5.45095816,-0.07649651,-36.88448842,-5.32033925,-0.00081382,-0.00512470,0.00791018,0.05367007,0.04521007,-0.11128931,1
13.520,2.25570784,0.07529021,2.16796898,0.13754095,0.11109565,-0.27773913,-0.02522059,0.01248834,-0.03122084,2.25681305,0.08065146,2.15941372,0.08392776,0.06618866,-0.16746367,-0.16045050,-36.98063278,-5.28208494,-0.16144877,-36.98001824,-5.28330571,0.07912175,0.08422326,-0.16360750,-0.08232702,-36.89579498,-5.44691321,-0.08145921,-36.89462132,-5.31835717,-0.00110521,-0.00536125,0.00855526,0.05361319,0.04490699,-0.11027546,1
13.530,2.25708198,0.07640178,2.16519003,0.13728859,0.11121985,-0.27804962,-0.02525055,0.01235086,-0.03087715,2.25847603,0.08200794,2.15596406,0.08371691,0.06662605,-0.16880036,-0.16072875,-36.98421478,-5.28895330,-0.16172665,-36.98359928,-5.29018094,0.07470475,0.07652339,-0.15231351,-0.08702190,-36.90707588,-5.44249445,-0.08635013,-36.90496538,-5.31607330,-0.00139405,-0.00560616,0.00922597,0.05357168,0.04459380,-0.10924926,1
13.540,2.25845361,0.07751460,2.16240800,0.13703594,0.11134267,-0.27835667,-0.02528036,0.01221314,-0.03053286,2.25930570,0.08269003,2.15422742,0.08352948,0.06702186,-0.17001630,-0.16100691,-36.98774719,-5.29581213,-0.16200443,-36.98713071,-5.29704664,0.08270282,0.08591626,-0.16362314,-0.07930161,-36.90121445,-5.46066978,-0.07858500,-36.89894909,-5.33518233,-0.00085209,-0.00517543,0.00818058,0.05350646,0.04432081,-0.10834037,1
13.550,2.25982270,0.07862863,2.15962291,0.13678299,0.11146411,-0.27866028,-0.02531003,0.01207519,-0.03018797,2.26096130,0.08406144,2.15073221,0.08332653,0.06743862,-0.17128911,-0.16128410,-36.99123383,-5.30266380,-0.16228124,-36.99061637,-5.30390518,0.07830400,0.07799422,-0.15195970,-0.08397724,-36.91262215,-5.45586488,-0.08345278,-36.90954217,-5.33219871,-0.00113860,-0.00543281,0.00889070,0.05345646,0.04402549,-0.10737117,1
13.560,2.26118927,0.07974388,2.15683480,0.13652974,0.11158417,-0.27896043,-0.02533955,0.01193700,-0.02984250,2.26178716,0.08475040,2.14897531,0.08314123,0.06780291,-0.17238925,-0.16156003,-36.99467087,-5.30950308,-0.16255677,-36.99405246,-5.31075136,0.08627824,0.08742035,-0.16335765,-0.07627852,-36.90663211,-5.47410901,-0.08825933,-36.92028978,-5.32902896,-0.00059789,-0.00500652,0.00785949,0.05338851,0.04378126,-0.10657118,1
13.570,2.26255330,0.08086031,2.15404371,0.13627619,0.11170285,-0.27925712,-0.02536892,0.01179858,-0.02949644,2.26343525,0.08613568,2.14543892,0.08294195,0.06819825,-0.17358646,-0.16183598,-36.99805069,-5.31633711,-0.16283234,-36.99743133,-5.31759229,0.08190792,0.07930529,-0.15140874,-0.08092442,-36.91812604,-5.46900103,-0.08050238,-36.91457269,-5.34713173,-0.00088195,-0.00527537,0.00860479,0.05333424,0.04350460,-0.10567066,1
13.580,2.26391479,0.08197793,2.15124967,0.13602236,0.11182014,-0.27955036,-0.02539814,0.01165993,-0.02914982,2.26507828,0.08752959,2.14187799,0.08272829,0.06859800,-0.17476919,-0.16211028,-37.00139618,-5.32316065,-0.16310624,-37.00077590,-5.32442272,0.07760327,0.07097455,-0.13920612,-0.08550297,-36.92980134,-5.46362884,-0.08528648,-36.92559257,-5.34319151,-0.00116349,-0.00555166,0.00937168,0.05329407,0.04322214,-0.10478117,1
13.590,2.26527374,0.08309671,2.14845272,0.13576823,0.11193605,-0.27984012,-0.02542722,0.01152105,-0.02880262,2.26589799,0.08823000,2.14008753,0.08253886,0.06895864,-0.17583845,-0.16238379,-37.00468445,-5.32997370,-0.16337935,-37.00406323,-5.33124267,0.08556192,0.08019999,-0.15033335,-0.07781744,-36.92386324,-5.48157602,-0.07756175,-36.91974473,-5.36143505,-0.00062425,-0.00513329,0.00836519,0.05322937,0.04297741,-0.10400167,1
13.600,2.26663015,0.08421664,2.14565288,0.13551382,0.11205056,-0.28012641,-0.02545615,0.01138195,-0.02845487,2.26753367,0.08963705,2.13648915,0.08233463,0.06933261,-0.17692666,-0.16265675,-37.00793076,-5.33677483,-0.16365192,-37.00730860,-5.33805073,0.08127154,0.07171377,-0.13793839,-0.08238038,-36.93559483,-5.47598912,-0.08232702,-36.93102222,-5.35681757,-0.00090352,-0.00542041,0.00916373,0.05317919,0.04271795,-0.10319975,1
13.610,2.26798402,0.08533772,2.14285020,0.13525911,0.11216369,-0.28040921,-0.02548493,0.01124263,-0.02810656,2.26834957,0.09034329,2.13468312,0.08214852,0.06965548,-0.17784582,-0.16292840,-37.01112366,-5.34356785,-0.16392316,-37.01050059,-5.34485067,0.08920349,0.08102600,-0.14929573,-0.07471967,-36.92947460,-5.49414640,-0.08702190,-36.94238794,-5.35219279,-0.00036555,-0.00500557,0.00816708,0.05311059,0.04250821,-0.10256339,1
13.620,2.26933533,0.08645991,2.14004471,0.13500412,0.11227541,-0.28068854,-0.02551356,0.01110309,-0.02775771,2.26997777,0.09176197,2.13105380,0.08194886,0.07000029,-0.17881799,-0.16319850,-37.01427460,-5.35035181,-0.16419285,-37.01365063,-5.35164159,0.08493883,0.07243781,-0.13684494,-0.07925402,-36.94121281,-5.48848653,-0.07930161,-36.93673180,-5.36980253,-0.00064244,-0.00530206,0.00899091,0.05305526,0.04227512,-0.10187055,1
13.630,2.27068410,0.08758322,2.13723644,0.13474884,0.11238575,-0.28096437,-0.02554204,0.01096333,-0.02740832,2.27160094,0.09318760,2.12740767,0.08173521,0.07034058,-0.17973319,-0.16346791,-37.01736450,-5.35712242,-0.16446185,-37.01673963,-5.35841912,0.08073871,0.06371889,-0.12434452,-0.08372314,-36.95302074,-5.48276364,-0.08397724,-36.94830287,-5.36462549,-0.00091684,-0.00560438,0.00982877,0.05301363,0.04204517,-0.10123118,1
13.640,2.27203031,0.08870762,2.13442543,0.13449328,0.11249468,-0.28123670,-0.02557038,0.01082336,-0.02705840,2.27241072,0.09390321,2.12557761,0.08154592,0.07064564,-0.18055143,-0.16373667,-37.02041245,-5.36388302,-0.16473020,-37.01978667,-5.36518665,0.08865224,0.07294764,-0.13572321,-0.07607796,-36.94683903,-5.50090986,-0.07627852,-36.94241252,-5.38260592,-0.00038041,-0.00519559,0.00884782,0.05294736,0.04184904,-0.10068527,1
13.650,2.27337396,0.08983311,2.13161172,0.13423743,0.11260221,-0.28150553,-0.02559856,0.01068318,-0.02670796,2.27402657,0.09533926,2.12190648,0.08134215,0.07095444,-0.18134395,-0.16400388,-37.02341461,-5.37063217,-0.16499699,-37.02278798,-5.37194277,0.08446437,0.06416621,-0.12325785,-0.08053262,-36.95862177,-5.49520062,-0.08092442,-36.95406646,-5.37714028,-0.00065261,-0.00550615,0.00970524,0.05289528,0.04164777,-0.10016158,1
13.660,2.27471506,0.09095966,2.12879533,0.13398131,0.11270834,-0.28177086,-0.02562659,0.01054280,-0.02635700,2.27483257,0.09605927,2.12006741,0.08115660,0.07121603,-0.18198468,-0.16426952,-37.02636337,-5.37737226,-0.16526221,-37.02573586,-5.37868982,0.09234962,0.07354224,-0.13501580,-0.07291260,-36.95219362,-5.51370561,-0.08550297,-36.96580175,-5.37167541,-0.00011751,-0.00509961,0.00872792,0.05282471,0.04149231,-0.09978618,1
13.670,2.27605359,0.09208727,2.12597631,0.13372490,0.11281307,-0.28203267,-0.02565447,0.01040221,-0.02600553,2.27644099,0.09750398,2.11637887,0.08095776,0.07148985,-0.18263403,-0.16453487,-37.02927017,-5.38409901,-0.16552713,-37.02864178,-5.38542353,0.08818571,0.06475849,-0.12273360,-0.07734142,-36.96388329,-5.50815712,-0.07781744,-36.96001889,-5.38928499,-0.00038740,-0.00541671,0.00959744,0.05276714,0.04132322,-0.09939864,1
13.680,2.27738955,0.09321592,2.12315469,0.13346822,0.11291639,-0.28229097,-0.02568221,0.01026142,-0.02565355,2.27804442,0.09895357,2.11268290,0.08074526,0.07175075,-0.18318884,-0.16479863,-37.03211594,-5.39081717,-0.16579047,-37.03148670,-5.39214866,0.08408473,0.05593554,-0.11061519,-0.08170574,-36.97555116,-5.50276385,-0.08238038,-36.97186156,-5.38356249,-0.00065487,-0.00573765,0.01047179,0.05272296,0.04116564,-0.09910213,1
13.690,2.27872295,0.09434559,2.12033050,0.13321126,0.11301830,-0.28254574,-0.02570979,0.01012043,-0.02530108,2.27884434,0.09968038,2.11083144,0.08055708,0.07198321,-0.18367791,-0.16506071,-37.03492355,-5.39752102,-0.16605213,-37.03429348,-5.39885950,0.09194919,0.06534375,-0.12266554,-0.07410294,-36.96894973,-5.52152504,-0.07471967,-36.96581489,-5.40157384,-0.00012139,-0.00533479,0.00949906,0.05265418,0.04103509,-0.09886783,1
13.700,2.28005378,0.09547628,2.11750379,0.13295402,0.11311879,-0.28279699,-0.02573722,0.00997925,-0.02494812,2.28044052,0.10113721,2.10712478,0.08035474,0.07221064,-0.18410300,-0.16532189,-37.03767395,-5.40421581,-0.16631286,-37.03704301,-5.40556128,0.08785874,0.05654419,-0.11078108,-0.07845411,-36.98049882,-5.51634236,-0.07925402,-36.97765927,-5.39579738,-0.00038674,-0.00566093,0.01037901,0.05259928,0.04090815,-0.09869399,1
13.710,2.28138203,0.09660797,2.11467458,0.13269651,0.11321788,-0.28304470,-0.02576449,0.00983787,-0.02459468,2.28203171,0.10259742,2.10341712,0.08014118,0.07242369,-0.18443876,-0.16558209,-37.04037476,-5.41089535,-0.16657263,-37.03974299,-5.41224780,0.08382611,0.04774944,-0.09912987,-0.08274652,-36.99199355,-5.51137767,-0.07607796,-36.98337045,-5.40818686,-0.00064968,-0.00598945,0.01125746,0.05255533,0.04079419,-0.09860594,1
13.720,2.28270771,0.09774063,2.11184291,0.13243873,0.11331555,-0.28328888,-0.02579162,0.00969631,-0.02424076,2.28282554,0.10332902,2.10156193,0.07995150,0.07260791,-0.18470870,-0.16584042,-37.04304123,-5.41756058,-0.16683051,-37.04240865,-5.41892003,0.09166765,0.05733186,-0.11174948,-0.07516287,-36.98507678,-5.53066950,-0.07607796,-36.98341932,-5.40815059,-0.00011783,-0.00558839,0.01028098,0.05248723,0.04070764,-0.09858018,1
13.730,2.28403080,0.09887427,2.10900881,0.13218068,0.11341181,-0.28352952,-0.02581859,0.00955455,-0.02388638,2.28440943,0.10479397,2.09785433,0.07974669,0.07277443,-0.18486058,-0.16609718,-37.04564667,-5.42421818,-0.16708684,-37.04501327,-5.42558462,0.08764866,0.04868603,-0.10060478,-0.07943818,-36.99632725,-5.52618940,-0.08053262,-36.99525877,-5.40254252,-0.00037863,-0.00591970,0.01115448,0.05243399,0.04063738,-0.09866894,1
13.740,2.28535132,0.10000887,2.10617233,0.13192236,0.11350664,-0.28376661,-0.02584542,0.00941261,-0.02353154,2.28598860,0.10626190,2.09414758,0.07953462,0.07293705,-0.18496957,-0.16635342,-37.04821014,-5.43086243,-0.16734263,-37.04757596,-5.43223588,0.08367576,0.04000137,-0.08959941,-0.08366687,-37.00757459,-5.52183530,-0.07734142,-37.00059574,-5.41550885,-0.00063728,-0.00625303,0.01202475,0.05238774,0.04056959,-0.09879704,1
13.750,2.28666925,0.10114440,2.10333349,0.13166377,0.11360006,-0.28400014,-0.02587208,0.00927049,-0.02317624,2.28677638,0.10699665,2.09229596,0.07934540,0.07307148,-0.18501774,-0.16660768,-37.05071259,-5.43749094,-0.16759644,-37.05007760,-5.43887140,0.09148919,0.04980417,-0.10288561,-0.07610725,-37.00027343,-5.54175700,-0.07734142,-37.00062067,-5.41557600,-0.00010713,-0.00585225,0.01103753,0.05231837,0.04052858,-0.09898240,1
13.760,2.28798459,0.10228086,2.10049234,0.13140492,0.11369205,-0.28423013,-0.02589860,0.00912820,-0.02282049,2.28834812,0.10846647,2.08860150,0.07913981,0.07317720,-0.18490318,-0.16686027,-37.05317307,-5.44410992,-0.16784858,-37.05253729,-5.44549740,0.08753639,0.04138908,-0.09264211,-0.08031219,-37.01114821,-5.53813951,-0.08170574,-37.01229833,-5.41048409,-0.00036353,-0.00618561,0.01189084,0.05226511,0.04051485,-0.09932695,1
13.770,2.28929735,0.10341824,2.09764890,0.13114580,0.11378262,-0.28445655,-0.02592496,0.00898572,-0.02246431,2.28991504,0.10993744,2.08491563,0.07892604,0.07327149,-0.18471701,-0.16711211,-37.05558777,-5.45071602,-0.16809996,-37.05495121,-5.45211051,0.08363268,0.03301769,-0.08270929,-0.08446728,-37.02193351,-5.53481980,-0.07845411,-37.01727601,-5.42426311,-0.00061769,-0.00651920,0.01273327,0.05221976,0.04051113,-0.09973954,1
13.780,2.29060751,0.10455651,2.09480322,0.13088642,0.11387177,-0.28467941,-0.02595117,0.00884308,-0.02210769,2.29069666,0.11067303,2.08307725,0.07873504,0.07334348,-0.18449741,-0.16736259,-37.05794907,-5.45730782,-0.16834998,-37.05731174,-5.45870934,0.09142391,0.04315816,-0.09689853,-0.07692607,-37.01415358,-5.55560787,-0.07845411,-37.01727854,-5.42442305,-0.00008915,-0.00611652,0.01172597,0.05215138,0.04052829,-0.10018200,1
13.790,2.29191508,0.10569567,2.09195532,0.13062678,0.11395948,-0.28489871,-0.02597722,0.00870026,-0.02175064,2.29225602,0.11214324,2.07941459,0.07852718,0.07338059,-0.18409344,-0.16761106,-37.06025696,-5.46388531,-0.16859799,-37.05961888,-5.46529386,0.08754308,0.03512200,-0.08785231,-0.08105491,-37.02449688,-5.55314617,-0.08274652,-37.02873952,-5.41993691,-0.00034094,-0.00644757,0.01254073,0.05209960,0.04057889,-0.10080527,1
13.800,2.29322004,0.10683569,2.08910526,0.13036688,0.11404577,-0.28511442,-0.02600312,0.00855727,-0.02139318,2.29381050,0.11361293,2.07576718,0.07831086,0.07340304,-0.18360949,-0.16785803,-37.06252289,-5.47044992,-0.16884449,-37.06188407,-5.47186551,0.08371257,0.02718601,-0.07922258,-0.08513192,-37.03469805,-5.55108809,-0.07943818,-37.03306244,-5.43511058,-0.00059046,-0.00677724,0.01333808,0.05205602,0.04064273,-0.10150493,1
13.810,2.29452241,0.10797658,2.08625305,0.13010672,0.11413063,-0.28532657,-0.02602887,0.00841412,-0.02103531,2.29458588,0.11434729,2.07395034,0.07811755,0.07341121,-0.18312806,-0.16810419,-37.06473923,-5.47700119,-0.16909018,-37.06409966,-5.47842381,0.09148372,0.03772005,-0.09440404,-0.07760646,-37.02637961,-5.57282786,-0.07943818,-37.03304510,-5.43534750,-0.00006347,-0.00637071,0.01230271,0.05198917,0.04071942,-0.10219851,1
13.820,2.29582218,0.10911830,2.08339874,0.12984630,0.11421405,-0.28553513,-0.02605446,0.00827081,-0.02067703,2.29613283,0.11581440,2.07033247,0.07791022,0.07339448,-0.18252152,-0.16834818,-37.06689835,-5.48353815,-0.16933370,-37.06625806,-5.48496783,0.08766948,0.03007250,-0.08650242,-0.08166422,-37.03618556,-5.57147025,-0.07610725,-37.03694558,-5.45140607,-0.00031065,-0.00669610,0.01306627,0.05193608,0.04081957,-0.10301361,1
13.830,2.29711934,0.11026085,2.08054236,0.12958563,0.11429604,-0.28574011,-0.02607989,0.00812734,-0.02031835,2.29690452,0.11654755,2.06852976,0.07772495,0.07337446,-0.18195875,-0.16859069,-37.06901169,-5.49006319,-0.16957574,-37.06837067,-5.49149990,0.09540091,0.04080514,-0.10210755,-0.07417482,-37.02756553,-5.59360745,-0.07610725,-37.03693062,-5.45162177,0.00021482,-0.00628670,0.01201260,0.05186068,0.04092158,-0.10378136,1
13.840,2.29841389,0.11140422,2.07768395,0.12932470,0.11437660,-0.28594150,-0.02610517,0.00798371,-0.01995929,2.29844415,0.11801192,2.06494119,0.07752333,0.07332693,-0.18125225,-0.16883229,-37.07107162,-5.49657249,-0.16981686,-37.07042989,-5.49801627,0.09160616,0.03340737,-0.09487238,-0.07821070,-37.03702252,-5.59288865,-0.08031219,-37.04774038,-5.44857313,-0.00003026,-0.00660770,0.01274276,0.05180137,0.04104967,-0.10468925,1
13.850,2.29970583,0.11254838,2.07482354,0.12906353,0.11445572,-0.28613929,-0.02613029,0.00783993,-0.01959984,2.29921201,0.11874277,2.06315687,0.07733924,0.07326647,-0.18054713,-0.16907224,-37.07308960,-5.50306606,-0.17005632,-37.07244717,-5.50451690,0.09931354,0.04442561,-0.11110720,-0.07074278,-37.02802156,-5.61562410,-0.08446728,-37.05847605,-5.44560391,0.00049382,-0.00619439,0.01166667,0.05172429,0.04118925,-0.10559216,1
13.860,2.30099516,0.11369333,2.07196117,0.12880210,0.11453340,-0.28633349,-0.02615526,0.00769600,-0.01924001,2.30074392,0.12020177,2.05960832,0.07713827,0.07318022,-0.17970256,-0.16930974,-37.07505798,-5.50954771,-0.17029332,-37.07441487,-5.51100560,0.09555422,0.03738080,-0.10477145,-0.07473910,-37.03703407,-5.61577706,-0.07692607,-37.05061432,-5.46702344,0.00025124,-0.00650844,0.01235285,0.05166383,0.04135318,-0.10663093,1
13.870,2.30228187,0.11483904,2.06909688,0.12854042,0.11460964,-0.28652409,-0.02618007,0.00755193,-0.01887981,2.30150802,0.12093013,2.05784277,0.07695606,0.07309396,-0.17891558,-0.16954650,-37.07697678,-5.51601601,-0.17052961,-37.07633299,-5.51748098,0.10323529,0.04861504,-0.12148782,-0.06729432,-37.02771795,-5.63896879,-0.08105491,-37.06091448,-5.46486885,0.00077385,-0.00609109,0.01125411,0.05158436,0.04151568,-0.10760851,1
13.880,2.30356597,0.11598552,2.06623070,0.12827850,0.11468443,-0.28671109,-0.02620472,0.00740770,-0.01851926,2.30303236,0.12238377,2.05433235,0.07675490,0.07297595,-0.17797329,-0.16978133,-37.07884216,-5.52246809,-0.17076394,-37.07819769,-5.52394012,0.09951059,0.04188723,-0.11592401,-0.07125335,-37.03631046,-5.63986413,-0.08513192,-37.07100901,-5.46351489,0.00053361,-0.00639825,0.01189835,0.05152360,0.04170848,-0.10873780,1
13.890,2.30484744,0.11713273,2.06336267,0.12801633,0.11475779,-0.28689447,-0.02622922,0.00726334,-0.01815834,2.30455178,0.12383405,2.05084507,0.07654388,0.07285102,-0.17700212,-0.17001478,-37.08065414,-5.52890635,-0.17099690,-37.08000901,-5.53038546,0.09583933,0.03528837,-0.11074754,-0.07515756,-37.04472065,-5.64113300,-0.07760646,-37.06261772,-5.48578354,0.00029566,-0.00670132,0.01251760,0.05147245,0.04190677,-0.10989235,1
13.900,2.30612629,0.11828067,2.06049282,0.12775391,0.11482970,-0.28707425,-0.02625356,0.00711883,-0.01779708,2.30530963,0.12455780,2.04911050,0.07635407,0.07273190,-0.17611571,-0.17024659,-37.08241653,-5.53532982,-0.17122821,-37.08177076,-5.53681600,0.10350998,0.04683583,-0.12816037,-0.06771824,-37.03493493,-5.66497637,-0.08166422,-37.07237283,-5.48474203,0.00081666,-0.00627713,0.01138232,0.05139984,0.04209780,-0.11095854,1
13.910,2.30740252,0.11942932,2.05762120,0.12749126,0.11490017,-0.28725041,-0.02627774,0.00697419,-0.01743548,2.30682189,0.12600373,2.04565334,0.07615442,0.07261598,-0.17524777,-0.17047685,-37.08413315,-5.54173708,-0.17145797,-37.08348673,-5.54323034,0.09984418,0.04032258,-0.12314654,-0.07161379,-37.04316415,-5.66637688,-0.07417482,-37.06369964,-5.50728546,0.00058063,-0.00657441,0.01196786,0.05133684,0.04228419,-0.11200264,1
13.920,2.30867612,0.12057866,2.05474783,0.12722836,0.11496918,-0.28742296,-0.02630176,0.00682942,-0.01707354,2.30832950,0.12744722,2.04221293,0.07594738,0.07250229,-0.17441029,-0.17070509,-37.08580017,-5.54813147,-0.17168571,-37.08515313,-5.54963181,0.09622260,0.03386860,-0.11828762,-0.07546312,-37.05128452,-5.66791943,-0.07074278,-37.06410216,-5.52967518,0.00034662,-0.00686856,0.01253490,0.05128098,0.04246689,-0.11301267,1
13.930,2.30994709,0.12172870,2.05187275,0.12696522,0.11503675,-0.28759188,-0.02632563,0.00668451,-0.01671128,2.30983270,0.12888921,2.03878429,0.07573622,0.07239472,-0.17362182,-0.17093256,-37.08741379,-5.55450964,-0.17191267,-37.08676613,-5.55601707,0.09263531,0.02743115,-0.11347169,-0.07927736,-37.05933498,-5.66948876,-0.07473910,-37.07307007,-5.53014885,0.00011439,-0.00716051,0.01308846,0.05122900,0.04264203,-0.11397006,1
13.940,2.31121542,0.12287940,2.04899600,0.12670185,0.11510287,-0.28775718,-0.02634933,0.00653948,-0.01634869,2.31058258,0.12960931,2.03707568,0.07554916,0.07229843,-0.17293159,-0.17115809,-37.08897400,-5.56087303,-0.17213769,-37.08832571,-5.56238756,0.10026008,0.03899484,-0.13078444,-0.07187761,-37.04933087,-5.69317200,-0.07473910,-37.07303885,-5.53034661,0.00063284,-0.00672991,0.01192032,0.05115269,0.04280444,-0.11482559,1
13.950,2.31248112,0.12403075,2.04611762,0.12643824,0.11516754,-0.28791886,-0.02637288,0.00639432,-0.01598579,2.31207919,0.13104908,2.03366297,0.07535589,0.07221763,-0.17233441,-0.17138213,-37.09049225,-5.56722021,-0.17236122,-37.08984337,-5.56874182,0.09665617,0.03249755,-0.12572286,-0.07570505,-37.05734582,-5.69446468,-0.07125335,-37.07229808,-5.55459269,0.00040193,-0.00701833,0.01245465,0.05108235,0.04294991,-0.11558445,1
13.960,2.31374418,0.12518274,2.04323764,0.12617439,0.11523076,-0.28807690,-0.02639627,0.00624904,-0.01562259,2.31357139,0.13248738,2.03025947,0.07515513,0.07213532,-0.17176008,-0.17160454,-37.09195709,-5.57355356,-0.17258311,-37.09130763,-5.57508229,0.09309305,0.02605303,-0.12073505,-0.07949007,-37.06525460,-5.69581734,-0.07515756,-37.08066483,-5.55611446,0.00017279,-0.00730464,0.01297817,0.05101926,0.04309544,-0.11631682,1
13.970,2.31500461,0.12633536,2.04035609,0.12591031,0.11529252,-0.28823131,-0.02641949,0.00610364,-0.01525909,2.31505913,0.13392392,2.02686562,0.07495021,0.07205787,-0.17123721,-0.17182536,-37.09337616,-5.57987213,-0.17280342,-37.09272610,-5.58140795,0.08956504,0.01963588,-0.11575479,-0.08323838,-37.07309023,-5.69716274,-0.06771824,-37.07084770,-5.58014207,-0.00005452,-0.00758856,0.01349047,0.05096010,0.04323465,-0.11699410,1
13.980,2.31626239,0.12748859,2.03747302,0.12564600,0.11535283,-0.28838208,-0.02644256,0.00595812,-0.01489529,2.31580140,0.13464196,2.02516986,0.07476944,0.07199455,-0.17082170,-0.17204468,-37.09473801,-5.58617544,-0.17302221,-37.09408738,-5.58771838,0.09713106,0.03111933,-0.13259331,-0.07589115,-37.06296805,-5.72031169,-0.07161379,-37.07906644,-5.58158929,0.00046099,-0.00715337,0.01230316,0.05087656,0.04335828,-0.11756038,1
13.990,2.31751753,0.12864241,2.03458846,0.12538146,0.11541169,-0.28852921,-0.02646547,0.00581249,-0.01453121,2.31728263,0.13607702,2.02178294,0.07457826,0.07192842,-0.17043028,-0.17226203,-37.09604263,-5.59246206,-0.17323903,-37.09539146,-5.59401209,0.09359317,0.02469836,-0.12739611,-0.07964587,-37.07069310,-5.72140820,-0.07546312,-37.08714955,-5.58329143,0.00023490,-0.00743461,0.01280552,0.05080320,0.04348327,-0.11809893,1
14.000,2.31877002,0.12979682,2.03170245,0.12511669,0.11546908,-0.28867270,-0.02648821,0.00566674,-0.01416686,2.31875925,0.13750985,2.01840498,0.07437655,0.07184776,-0.17001387,-0.17247808,-37.09730530,-5.59873343,-0.17345455,-37.09665356,-5.60029055,0.09010509,0.01841289,-0.12238725,-0.08334947,-37.07824067,-5.72267780,-0.07927736,-37.09513786,-5.58510642,0.00001077,-0.00771303,0.01329747,0.05074014,0.04362132,-0.11865883,1
14.010,2.32001986,0.13095179,2.02881502,0.12485170,0.11552502,-0.28881255,-0.02651080,0.00552089,-0.01380223,2.32023121,0.13894019,2.01503627,0.07416841,0.07176239,-0.16961435,-0.17269233,-37.09852219,-5.60498953,-0.17366827,-37.09786990,-5.60655378,0.08665938,0.01221926,-0.11746530,-0.08700889,-37.08565064,-5.72401908,-0.07187761,-37.08508401,-5.60896411,-0.00021135,-0.00798840,0.01377875,0.05068329,0.04376263,-0.11919820,1
14.020,2.32126705,0.13210731,2.02592621,0.12458648,0.11557950,-0.28894875,-0.02653323,0.00537493,-0.01343734,2.32169879,0.14036926,2.01167093,0.07395690,0.07167936,-0.16926148,-0.17290539,-37.09967804,-5.61122847,-0.17388079,-37.09902521,-5.61279982,0.08324566,0.00605141,-0.11247873,-0.09063513,-37.09297380,-5.72527855,-0.07570505,-37.09306095,-5.61036325,-0.00043174,-0.00826195,0.01425528,0.05062958,0.04390014,-0.11968727,1
14.030,2.32251159,0.13326337,2.02303606,0.12432103,0.11563252,-0.28908130,-0.02655549,0.00522887,-0.01307219,2.32243083,0.14108292,2.00999063,0.07376858,0.07160092,-0.16895363,-0.17311616,-37.10078430,-5.61745501,-0.17409103,-37.10013098,-5.61903347,0.09077903,0.01775315,-0.12929474,-0.08331200,-37.08237782,-5.74832821,-0.07949007,-37.10093740,-5.61180231,0.00008076,-0.00781955,0.01304543,0.05055245,0.04403160,-0.12012767,1
14.040,2.32375347,0.13441996,2.02014460,0.12405537,0.11568408,-0.28921019,-0.02657759,0.00508272,-0.01270679,2.32389129,0.14250789,2.00663696,0.07356662,0.07150158,-0.16860365,-0.17332633,-37.10184860,-5.62366247,-0.17430066,-37.10119476,-5.62524805,0.08737288,0.01178200,-0.12446967,-0.08692778,-37.08941277,-5.74971773,-0.08323838,-37.10869201,-5.61338589,-0.00013782,-0.00808793,0.01350764,0.05048875,0.04418250,-0.12060654,1
14.050,2.32499270,0.13557705,2.01725187,0.12378948,0.11573417,-0.28933543,-0.02659953,0.00493646,-0.01234115,2.32534689,0.14392960,2.00329232,0.07335588,0.07139241,-0.16825600,-0.17353423,-37.10284424,-5.62985420,-0.17450802,-37.10218989,-5.63144690,0.08401665,0.00594603,-0.11976311,-0.09049137,-37.09624386,-5.75121001,-0.07589115,-37.09850051,-5.63670516,-0.00035419,-0.00835255,0.01395955,0.05043360,0.04434176,-0.12107943,1
14.060,2.32622926,0.13673464,2.01435790,0.12352338,0.11578280,-0.28945701,-0.02662131,0.00479011,-0.01197527,2.32607294,0.14463965,2.00162103,0.07316830,0.07129569,-0.16797411,-0.17374127,-37.10380173,-5.63603449,-0.17471450,-37.10314689,-5.63763431,0.09151733,0.01784535,-0.13665395,-0.08319718,-37.08530154,-5.77428826,-0.07964587,-37.10619587,-5.63784398,0.00015632,-0.00790501,0.01273687,0.05035508,0.04448711,-0.12148290,1
14.070,2.32746316,0.13789270,2.01146274,0.12325706,0.11582997,-0.28957493,-0.02664292,0.00464367,-0.01160916,2.32752146,0.14605757,1.99828276,0.07296721,0.07118522,-0.16768746,-0.17394613,-37.10470200,-5.64219666,-0.17491883,-37.10404669,-5.64380362,0.08816761,0.01212067,-0.13189172,-0.08675122,-37.09192601,-5.77569534,-0.08334947,-37.11366758,-5.63926404,-0.00005830,-0.00816487,0.01317998,0.05028985,0.04464475,-0.12188747,1
14.080,2.32869440,0.13905123,2.00856642,0.12299052,0.11587568,-0.28968919,-0.02666437,0.00449713,-0.01124284,2.32896498,0.14747171,1.99495310,0.07275338,0.07105202,-0.16735421,-0.17414980,-37.10556030,-5.64834309,-0.17512194,-37.10490452,-5.64995717,0.08487767,0.00660813,-0.12736344,-0.09024427,-37.09829639,-5.77732061,-0.08700889,-37.12097686,-5.64084186,-0.00027058,-0.00842048,0.01361332,0.05023714,0.04482366,-0.12233498,1
14.090,2.32992297,0.14021021,2.00566897,0.12272377,0.11591992,-0.28979979,-0.02668566,0.00435052,-0.01087629,2.32968481,0.14817707,1.99329255,0.07256084,0.07092293,-0.16702923,-0.17435151,-37.10635376,-5.65447140,-0.17532310,-37.10569753,-5.65609260,0.09236057,0.01879948,-0.14451979,-0.08296253,-37.08689805,-5.80061239,-0.08700889,-37.12091846,-5.64099192,0.00023816,-0.00796686,0.01237642,0.05016293,0.04499699,-0.12277056,1
14.100,2.33114888,0.14136962,2.00277043,0.12245681,0.11596269,-0.28990672,-0.02670678,0.00420382,-0.01050954,2.33112046,0.14958370,1.98998215,0.07234957,0.07075739,-0.16660402,-0.17455210,-37.10710526,-5.66058588,-0.17552312,-37.10644858,-5.66221421,0.08910308,0.01364411,-0.14048307,-0.08642005,-37.09280447,-5.80269729,-0.09063513,-37.12810420,-5.64261435,0.00002842,-0.00821408,0.01278828,0.05010724,0.04520530,-0.12330270,1
14.110,2.33237211,0.14252946,1.99987085,0.12218963,0.11600399,-0.29000998,-0.02672774,0.00405704,-0.01014259,2.33183640,0.15028546,1.98833004,0.07216047,0.07061210,-0.16625567,-0.17475104,-37.10778809,-5.66668415,-0.17572151,-37.10713096,-5.66831962,0.09655691,0.02601353,-0.15781772,-0.07916460,-37.08111743,-5.82613734,-0.08331200,-37.11746593,-5.66572291,0.00053571,-0.00775600,0.01154081,0.05002916,0.04539189,-0.12375431,1
14.120,2.33359267,0.14368970,1.99697024,0.12192225,0.11604383,-0.29010957,-0.02674854,0.00391018,-0.00977545,2.33326443,0.15168588,1.98503100,0.07195485,0.07045071,-0.16590453,-0.17494911,-37.10843658,-5.67276430,-0.17591902,-37.10777903,-5.67440689,0.09332159,0.02099923,-0.15375309,-0.08259743,-37.08677980,-5.82815999,-0.08692778,-37.12439604,-5.66729217,0.00032824,-0.00799618,0.01193924,0.04996740,0.04559312,-0.12420504,1
14.130,2.33481055,0.14485033,1.99406867,0.12165466,0.11608220,-0.29020549,-0.02676917,0.00376325,-0.00940812,2.33397649,0.15238430,1.98338489,0.07176748,0.07029855,-0.16558134,-0.17514490,-37.10902786,-5.67883158,-0.17611424,-37.10836989,-5.68048131,0.10074936,0.03349203,-0.17111109,-0.07536488,-37.07487786,-5.85159239,-0.09049137,-37.13116490,-5.66890414,0.00083406,-0.00753397,0.01068378,0.04988718,0.04578365,-0.12462415,1
14.140,2.33602576,0.14601134,1.99116615,0.12138687,0.11611909,-0.29029773,-0.02678963,0.00361624,-0.00904061,2.33539695,0.15377904,1.98009227,0.07156620,0.07014872,-0.16534160,-0.17533930,-37.10956573,-5.68488312,-0.17630807,-37.10890736,-5.68653998,0.09753817,0.02856689,-0.16685875,-0.07876990,-37.08034046,-5.85339872,-0.08319718,-37.12015115,-5.69197708,0.00062881,-0.00776770,0.01107388,0.04982067,0.04597037,-0.12495613,1
14.150,2.33723829,0.14717271,1.98826272,0.12111887,0.11615452,-0.29038630,-0.02680994,0.00346917,-0.00867293,2.33610531,0.15447512,1.97844662,0.07138362,0.07001352,-0.16514766,-0.17553242,-37.11005783,-5.69091702,-0.17650061,-37.10939904,-5.69258101,0.10493104,0.04103767,-0.18390624,-0.07156957,-37.06836137,-5.87648725,-0.08675122,-37.12672999,-5.69341242,0.00113298,-0.00730241,0.00981610,0.04973525,0.04614100,-0.12523864,1
14.160,2.33844814,0.14833442,1.98535843,0.12085067,0.11618848,-0.29047119,-0.02683007,0.00332203,-0.00830508,2.33751818,0.15586415,1.97515866,0.07118216,0.06985878,-0.16494324,-0.17572446,-37.11047745,-5.69693565,-0.17669208,-37.10981826,-5.69860678,0.10175318,0.03628307,-0.17963159,-0.07493890,-37.07353519,-5.87823838,-0.09024427,-37.13299367,-5.69515561,0.00092996,-0.00752973,0.01019977,0.04966851,0.04632970,-0.12552795,1
14.170,2.33965530,0.14949647,1.98245331,0.12058227,0.11622096,-0.29055240,-0.02685004,0.00317483,-0.00793708,2.33822275,0.15655754,1.97351402,0.07100098,0.06972871,-0.16482338,-0.17591459,-37.11085892,-5.70293856,-0.17688163,-37.11019938,-5.70461683,0.10911896,0.04879834,-0.19651161,-0.06776267,-37.06140104,-5.90112844,-0.08296253,-37.12156729,-5.71838049,0.00143255,-0.00706107,0.00893929,0.04958129,0.04649225,-0.12572902,1
14.180,2.34085978,0.15065884,1.97954740,0.12031367,0.11625197,-0.29062993,-0.02686984,0.00302757,-0.00756892,2.33962824,0.15794224,1.97022237,0.07080365,0.06959564,-0.16477046,-0.17610338,-37.11117935,-5.70892525,-0.17706985,-37.11051944,-5.71061066,0.10596257,0.04404576,-0.19181380,-0.07110728,-37.06647368,-5.90242446,-0.08642005,-37.12740268,-5.72039143,0.00123154,-0.00728340,0.00932503,0.04951002,0.04665633,-0.12585947,1
14.190,2.34206157,0.15182151,1.97664073,0.12004487,0.11628151,-0.29070378,-0.02688948,0.00288025,-0.00720062,2.34102904,0.15932551,1.96692071,0.07059848,0.06948413,-0.16488410,-0.17629102,-37.11145401,-5.71489668,-0.17725691,-37.11079375,-5.71658922,0.10285115,0.03922102,-0.18656971,-0.07440576,-37.07157272,-5.90315893,-0.07916460,-37.11569223,-5.74352485,0.00103253,-0.00750400,0.00972002,0.04944639,0.04679738,-0.12581968,1
14.200,2.34326068,0.15298446,1.97373333,0.11977588,0.11630958,-0.29077394,-0.02690895,0.00273287,-0.00683218,2.34172768,0.16001659,1.96526594,0.07041480,0.06939021,-0.16503215,-0.17647645,-37.11166763,-5.72085238,-0.17744176,-37.11100701,-5.72255206,0.11018914,0.05161354,-0.20265078,-0.06725261,-37.05939347,-5.92520284,-0.08259743,-37.12133402,-5.74542182,0.00153300,-0.00703213,0.00846739,0.04936108,0.04691937,-0.12574179,1
14.210,2.34445709,0.15414769,1.97082526,0.11950670,0.11633617,-0.29084042,-0.02692825,0.00258545,-0.00646361,2.34312170,0.16139920,1.96194126,0.07022286,0.06932632,-0.16539194,-0.17666140,-37.11183929,-5.72678852,-0.17762611,-37.11117835,-5.72849535,0.10707177,0.04656701,-0.19649258,-0.07055435,-37.06461133,-5.92498793,-0.07536488,-37.10944519,-5.76835674,0.00133539,-0.00725151,0.00888400,0.04928384,0.04700985,-0.12544848,1
14.220,2.34565081,0.15531118,1.96791654,0.11923732,0.11636129,-0.29090322,-0.02694739,0.00243797,-0.00609492,2.34451136,0.16278232,1.95859606,0.07002500,0.06929026,-0.16594662,-0.17684484,-37.11194611,-5.73271322,-0.17780896,-37.11128483,-5.73442719,0.10399086,0.04136734,-0.18957940,-0.07381809,-37.06991749,-5.92400659,-0.07156957,-37.10295241,-5.79268193,0.00113945,-0.00747114,0.00932048,0.04921232,0.04707103,-0.12495660,1
14.230,2.34684184,0.15647491,1.96500721,0.11896775,0.11638493,-0.29096232,-0.02696636,0.00229045,-0.00572611,2.34589686,0.16416712,1.95522465,0.06982413,0.06928150,-0.16667947,-0.17702660,-37.11199570,-5.73861837,-0.17799013,-37.11133411,-5.74033950,0.10093731,0.03598704,-0.18187814,-0.07705282,-37.07534707,-5.92221763,-0.07493890,-37.10816279,-5.79379935,0.00094498,-0.00769221,0.00978256,0.04914362,0.04710343,-0.12428285,1
14.240,2.34803017,0.15763887,1.96209730,0.11869799,0.11640710,-0.29101774,-0.02698516,0.00214288,-0.00535720,2.34658800,0.16485988,1.95353021,0.06964660,0.06928006,-0.16737057,-0.17720762,-37.11199188,-5.74451208,-0.17817056,-37.11132999,-5.74624035,0.10821215,0.04787070,-0.19608151,-0.06995841,-37.06345929,-5.94232186,-0.07493890,-37.10817306,-5.79351645,0.00144217,-0.00722101,0.00856709,0.04905139,0.04712704,-0.12364717,1
14.250,2.34921580,0.15880305,1.95918687,0.11842805,0.11642779,-0.29106946,-0.02700379,0.00199527,-0.00498818,2.34796733,0.16624759,1.95011699,0.06946386,0.06931422,-0.16829077,-0.17738663,-37.11193466,-5.75038576,-0.17834896,-37.11127248,-5.75212117,0.10513351,0.04220035,-0.18736501,-0.07321545,-37.06907213,-5.93948618,-0.07110728,-37.10118203,-5.81689876,0.00124847,-0.00744454,0.00906988,0.04896419,0.04711357,-0.12277869,1
14.260,2.35039873,0.15996743,1.95627593,0.11815792,0.11644700,-0.29111750,-0.02702225,0.00184763,-0.00461907,2.34865547,0.16694229,1.94839917,0.06930137,0.06935325,-0.16916357,-0.17756498,-37.11183167,-5.75624609,-0.17852671,-37.11116920,-5.75798864,0.11234183,0.05382923,-0.20080580,-0.06618488,-37.05733996,-5.95879444,-0.07110728,-37.10120884,-5.81653347,0.00174326,-0.00697486,0.00787676,0.04885655,0.04709375,-0.12195393,1
14.270,2.35157895,0.16113199,1.95336453,0.11788760,0.11646474,-0.29116185,-0.02704055,0.00169995,-0.00424986,2.35002855,0.16833273,1.94494368,0.06912624,0.06939895,-0.17014484,-0.17774127,-37.11166382,-5.76209116,-0.17870240,-37.11100107,-5.76384085,0.10926007,0.04802802,-0.19138188,-0.06944233,-37.06297305,-5.95522273,-0.07440576,-37.10634076,-5.81661460,0.00155040,-0.00720074,0.00842085,0.04876136,0.04706579,-0.12101701,1
14.280,2.35275648,0.16229672,1.95045270,0.11761711,0.11648100,-0.29120250,-0.02705867,0.00155223,-0.00388058,2.35139769,0.16972586,1.94145612,0.06894681,0.06947266,-0.17130620,-0.17791691,-37.11145020,-5.76791716,-0.17887744,-37.11078719,-5.76967399,0.10620524,0.04201578,-0.18108665,-0.07267220,-37.06877141,-5.95076064,-0.06725261,-37.09424037,-5.83780770,0.00135879,-0.00742914,0.00899658,0.04867030,0.04700834,-0.11989630,1
14.290,2.35393130,0.16346160,1.94754049,0.11734643,0.11649578,-0.29123946,-0.02707663,0.00140449,-0.00351122,2.35208076,0.17042336,1.93970063,0.06878700,0.06954183,-0.17236702,-0.17809102,-37.11117554,-5.77372789,-0.17905093,-37.11051228,-5.77549187,0.11336154,0.05341459,-0.19355648,-0.06568939,-37.05709769,-5.96904835,-0.07055435,-37.09948600,-5.83721320,0.00185054,-0.00696176,0.00783986,0.04855943,0.04695395,-0.11887244,1
14.300,2.35510341,0.16462663,1.94462793,0.11707557,0.11650909,-0.29127272,-0.02709441,0.00125672,-0.00314180,2.35344374,0.17181931,1.93616963,0.06861423,0.06960901,-0.17349179,-0.17826393,-37.11084366,-5.77952814,-0.17922324,-37.11018016,-5.78129926,0.11030401,0.04735780,-0.18277956,-0.06891923,-37.06282236,-5.96407882,-0.07381809,-37.10482276,-5.83557354,0.00165967,-0.00719268,0.00845830,0.04846134,0.04690008,-0.11778093,1
14.310,2.35627281,0.16579178,1.94171505,0.11680454,0.11652092,-0.29130229,-0.02711203,0.00110893,-0.00277232,2.35412359,0.17251745,1.93439549,0.06845700,0.06966036,-0.17447226,-0.17843540,-37.11046219,-5.78530550,-0.17939409,-37.10979845,-5.78708377,0.11742177,0.05882187,-0.19519864,-0.06197232,-37.05097658,-5.98228241,-0.07705282,-37.11025428,-5.83351079,0.00214922,-0.00672567,0.00731956,0.04834754,0.04686056,-0.11683003,1
14.320,2.35743950,0.16695704,1.93880189,0.11653333,0.11653127,-0.29132817,-0.02712947,0.00096111,-0.00240278,2.35548029,0.17391529,1.93082462,0.06828892,0.06972386,-0.17557992,-0.17860635,-37.11000824,-5.79107285,-0.17956443,-37.10934430,-5.79285826,0.11436733,0.05272783,-0.18393594,-0.06519710,-37.05661647,-5.97679420,-0.06995841,-37.09841646,-5.85287042,0.00195921,-0.00695825,0.00797727,0.04824441,0.04680741,-0.11574825,1
14.330,2.35860347,0.16812240,1.93588850,0.11626195,0.11654014,-0.29135035,-0.02714675,0.00081328,-0.00203320,2.35615708,0.17461464,1.92902940,0.06813657,0.06977659,-0.17656535,-0.17877582,-37.10951233,-5.79681921,-0.17973328,-37.10884816,-5.79861176,0.12143933,0.06414580,-0.19605720,-0.05829395,-37.04470236,-5.99466896,-0.07321545,-37.10403953,-5.84972535,0.00244639,-0.00649224,0.00685910,0.04812538,0.04676355,-0.11478500,1
14.340,2.35976473,0.16928784,1.93297490,0.11599040,0.11654753,-0.29136883,-0.02716385,0.00066543,-0.00166358,2.35750762,0.17601415,1.92541985,0.06797219,0.06983378,-0.17764083,-0.17894381,-37.10895538,-5.80255461,-0.17990065,-37.10829101,-5.80435431,0.11838817,0.05803162,-0.18435972,-0.06151248,-37.05025939,-5.98871403,-0.06618488,-37.09234264,-5.86836081,0.00225711,-0.00672631,0.00755505,0.04801821,0.04671375,-0.11372800,1
14.350,2.36092328,0.17045334,1.93006113,0.11571868,0.11655345,-0.29138362,-0.02718078,0.00051757,-0.00129393,2.35885420,0.17741516,1.92178295,0.06779890,0.06989092,-0.17876886,-0.17911100,-37.10833740,-5.80827045,-0.18006721,-37.10767283,-5.81007729,0.11537290,0.05187385,-0.17216770,-0.06469431,-37.05579899,-5.98224499,-0.06944233,-37.09800422,-5.86414625,0.00206908,-0.00696182,0.00827818,0.04791978,0.04666253,-0.11261476,1
14.360,2.36207911,0.17161890,1.92714724,0.11544678,0.11655788,-0.29139471,-0.02719754,0.00036970,-0.00092425,2.35952594,0.17811573,1.91995646,0.06764272,0.06993258,-0.17973888,-0.17927653,-37.10767746,-5.81397295,-0.18023210,-37.10701271,-5.81578693,0.12240536,0.06329929,-0.18389939,-0.05782675,-37.04371342,-5.99968632,-0.07267220,-37.10380020,-5.85943617,0.00255317,-0.00649683,0.00719078,0.04780406,0.04662530,-0.11165583,1
14.370,2.36323222,0.17278450,1.92423325,0.11517473,0.11656084,-0.29140211,-0.02721413,0.00022182,-0.00055456,2.36086637,0.17951692,1.91628818,0.06747558,0.06996829,-0.18073815,-0.17944136,-37.10694122,-5.81965828,-0.18039631,-37.10627630,-5.82147940,0.11938807,0.05723243,-0.17160591,-0.06100824,-37.04904387,-5.99308531,-0.06568939,-37.09213540,-5.87718036,0.00236585,-0.00673242,0.00794507,0.04769915,0.04659255,-0.11066396,1
14.380,2.36438260,0.17395011,1.92131921,0.11490250,0.11656232,-0.29140580,-0.02723055,0.00007394,-0.00018485,2.36220286,0.18091842,1.91259850,0.06730032,0.06999408,-0.18173249,-0.17960508,-37.10615540,-5.82532930,-0.18055939,-37.10549031,-5.82715757,0.11640466,0.05119978,-0.15903731,-0.06415474,-37.05429054,-5.98619488,-0.06891923,-37.09785808,-5.87172107,0.00217974,-0.00696831,0.00872071,0.04760218,0.04656824,-0.10967331,1
14.390,2.36553026,0.17511574,1.91840515,0.11463011,0.11656232,-0.29140580,-0.02724679,-0.00007394,0.00018485,2.36353561,0.18232074,1.90888568,0.06712275,0.07002573,-0.18277560,-0.17976744,-37.10531616,-5.83098793,-0.18072113,-37.10465094,-5.83282332,0.11344069,0.04510989,-0.14603612,-0.06728044,-37.05954105,-5.97885944,-0.06519710,-37.09167680,-5.88384173,0.00199465,-0.00720500,0.00951947,0.04750736,0.04653659,-0.10863020,1
14.400,2.36667520,0.17628135,1.91549110,0.11435757,0.11656084,-0.29140211,-0.02726286,-0.00022182,0.00055456,2.36420056,0.18302194,1.90702188,0.06696587,0.07004933,-0.18367654,-0.17992912,-37.10441589,-5.83662653,-0.18088217,-37.10375053,-5.83846908,0.12041166,0.05658120,-0.15741941,-0.06047051,-37.04716933,-5.99588849,-0.06519710,-37.09167654,-5.88360452,0.00247464,-0.00674059,0.00846922,0.04739170,0.04651151,-0.10772557,1
14.410,2.36781742,0.17744695,1.91257712,0.11408486,0.11655788,-0.29139471,-0.02727876,-0.00036970,0.00092425,2.36552787,0.18442539,1.90327565,0.06680458,0.07008196,-0.18465140,-0.18008900,-37.10345078,-5.84225273,-0.18104140,-37.10278529,-5.84410241,0.11741475,0.05044291,-0.14413510,-0.06362665,-37.05234238,-5.98823750,-0.06151248,-37.08534932,-5.89492603,0.00228955,-0.00697844,0.00930147,0.04728028,0.04647592,-0.10674331,1
14.420,2.36895690,0.17861251,1.90966322,0.11381199,0.11655345,-0.29138362,-0.02729448,-0.00051757,0.00129393,2.36685154,0.18582879,1.89951135,0.06663750,0.07010044,-0.18558346,-0.18024835,-37.10243988,-5.84786320,-0.18120011,-37.10177428,-5.84972001,0.11444241,0.04436797,-0.13071187,-0.06675770,-37.05740630,-5.98043188,-0.06469431,-37.09087692,-5.88805519,0.00210536,-0.00721628,0.01015187,0.04717449,0.04645301,-0.10580016,1
14.430,2.37009365,0.17977801,1.90674946,0.11353897,0.11654753,-0.29136883,-0.02731003,-0.00066543,0.00166358,2.36751196,0.18652997,1.89762479,0.06648851,0.07010480,-0.18635160,-0.18040702,-37.10136414,-5.85345793,-0.18135813,-37.10069842,-5.85532188,0.12134196,0.05591108,-0.14209901,-0.06001617,-37.04478734,-5.99742089,-0.06469431,-37.09085793,-5.88791698,0.00258169,-0.00675196,0.00912467,0.04705046,0.04644273,-0.10501723,1
14.440,2.37122768,0.18094345,1.90383586,0.11326579,0.11654014,-0.29135035,-0.02732540,-0.00081328,0.00203320,2.36883020,0.18793223,1.89383915,0.06633314,0.07010380,-0.18712402,-0.18056433,-37.10022354,-5.85903645,-0.18151479,-37.09955772,-5.86090754,0.11834561,0.04994460,-0.12877531,-0.06316918,-37.04961312,-5.98968285,-0.06100824,-37.08409426,-5.89836467,0.00239748,-0.00698878,0.00999671,0.04693265,0.04643634,-0.10422633,1
14.450,2.37235897,0.18210881,1.90092246,0.11299246,0.11653127,-0.29132817,-0.02734060,-0.00096111,0.00240278,2.36948797,0.18863290,1.89194207,0.06619418,0.07009439,-0.18776993,-0.18072067,-37.09902573,-5.86459970,-0.18167049,-37.09835980,-5.86647793,0.12518249,0.06155169,-0.14030831,-0.05648800,-37.03680811,-6.00678624,-0.06100824,-37.08407696,-5.89823148,0.00287100,-0.00652409,0.00898039,0.04679828,0.04643688,-0.10355824,1
14.460,2.37348753,0.18327407,1.89800931,0.11271898,0.11652092,-0.29130229,-0.02735563,-0.00110893,0.00277232,2.37080068,0.19003211,1.88814492,0.06604272,0.07005132,-0.18830006,-0.18087599,-37.09777069,-5.87014771,-0.18182515,-37.09710471,-5.87203307,0.12217888,0.05585300,-0.12741638,-0.05964627,-37.04125171,-5.99944944,-0.06415474,-37.08925159,-5.89124965,0.00268685,-0.00675804,0.00986439,0.04667626,0.04646960,-0.10300223,1
14.470,2.37461335,0.18443922,1.89509643,0.11244535,0.11650909,-0.29127272,-0.02737048,-0.00125672,0.00314180,2.37145557,0.19073023,1.88624690,0.06590432,0.06999147,-0.18867570,-0.18103059,-37.09645462,-5.87568235,-0.18197909,-37.09578857,-5.87757484,0.12897551,0.06775628,-0.13958761,-0.05300358,-37.02803229,-6.01716245,-0.06728044,-37.09444701,-5.88395813,0.00315778,-0.00629101,0.00884953,0.04654103,0.04651762,-0.10259702,1
14.480,2.37573643,0.18560425,1.89218386,0.11217157,0.11649578,-0.29123946,-0.02738516,-0.00140449,0.00351122,2.37276247,0.19212333,1.88245311,0.06575332,0.06989812,-0.18893534,-0.18118411,-37.09508514,-5.88119841,-0.18213196,-37.09441904,-5.88309802,0.12597558,0.06244166,-0.12738979,-0.05615637,-37.03197738,-6.01048781,-0.06047051,-37.08197836,-5.90103136,0.00297396,-0.00651908,0.00973075,0.04641825,0.04659766,-0.10230412,1
14.490,2.37685678,0.18676914,1.88927165,0.11189765,0.11648100,-0.29120250,-0.02739966,-0.00155223,0.00388058,2.37406566,0.19351235,1.87866254,0.06559297,0.06977172,-0.18906396,-0.18133666,-37.09365463,-5.88670206,-0.18228383,-37.09298847,-5.88860880,0.12300879,0.05738288,-0.11554659,-0.05927505,-37.03560559,-6.00415539,-0.06362665,-37.08703864,-5.89351260,0.00279112,-0.00674321,0.01060911,0.04630468,0.04670928,-0.10213854,1
14.500,2.37797439,0.18793387,1.88635983,0.11162358,0.11646474,-0.29116185,-0.02741398,-0.00169995,0.00424986,2.37536493,0.19489557,1.87488346,0.06542324,0.06959894,-0.18899111,-0.18148828,-37.09216309,-5.89218903,-0.18243479,-37.09149688,-5.89410289,0.12007780,0.05268935,-0.10434124,-0.06235700,-37.03880753,-5.99844413,-0.06675770,-37.09194660,-5.88604560,0.00260946,-0.00696170,0.01147637,0.04620034,0.04686580,-0.10217074,1
14.510,2.37908925,0.18909843,1.88344843,0.11134937,0.11644700,-0.29111750,-0.02742813,-0.00184763,0.00461907,2.37666048,0.19627342,1.87111476,0.06525016,0.06940379,-0.18881106,-0.18163888,-37.09060287,-5.89766312,-0.18258474,-37.08993664,-5.89958410,0.11716751,0.04822990,-0.09352319,-0.06541722,-37.04170674,-5.99310729,-0.06316918,-37.08402230,-5.89554739,0.00242877,-0.00717499,0.01233367,0.04609921,0.04704321,-0.10230644,1
14.520,2.38020137,0.19026280,1.88053749,0.11107502,0.11642779,-0.29106946,-0.02744210,-0.00199527,0.00498818,2.37730695,0.19696059,1.86923342,0.06509927,0.06923216,-0.18864179,-0.18178935,-37.08898544,-5.90311861,-0.18273455,-37.08831920,-5.90504672,0.12390829,0.06090857,-0.10719977,-0.05882626,-37.02741063,-6.01224649,-0.05648800,-37.07116674,-5.91271926,0.00289442,-0.00669779,0.01130407,0.04597575,0.04719563,-0.10242767,1
14.530,2.38131075,0.19142698,1.87762705,0.11080053,0.11640710,-0.29101774,-0.02745589,-0.00214288,0.00535720,2.37859730,0.19833130,1.86547781,0.06494276,0.06904015,-0.18838449,-0.18193811,-37.08731079,-5.90856218,-0.18288263,-37.08664452,-5.91049742,0.12096044,0.05658819,-0.09671443,-0.06192219,-37.03005633,-6.00721185,-0.05964627,-37.07548377,-5.90564315,0.00271345,-0.00690432,0.01214924,0.04585777,0.04736695,-0.10263325,1
14.540,2.38241738,0.19259094,1.87471715,0.11052590,0.11638493,-0.29096232,-0.02746951,-0.00229045,0.00572611,2.37988438,0.19969767,1.86173009,0.06478562,0.06884678,-0.18811186,-0.18208651,-37.08557129,-5.91399002,-0.18303036,-37.08490504,-5.91593236,0.11802124,0.05236972,-0.08635286,-0.06500912,-37.03253533,-6.00228522,-0.05300358,-37.06216564,-5.92351547,0.00253300,-0.00710673,0.01298706,0.04574028,0.04753815,-0.10285046,1
14.550,2.38352127,0.19375467,1.87180782,0.11025114,0.11636129,-0.29090322,-0.02748295,-0.00243797,0.00609492,2.38052668,0.20037900,1.85986039,0.06464673,0.06866847,-0.18782652,-0.18223394,-37.08376694,-5.91940260,-0.18317711,-37.08310069,-5.92135207,0.12467634,0.06518968,-0.10042162,-0.05850078,-37.01791101,-6.02177368,-0.05615637,-37.06604415,-5.91700255,0.00299459,-0.00662433,0.01194743,0.04560441,0.04769282,-0.10307670,1
14.560,2.38462241,0.19491816,1.86889909,0.10997624,0.11633617,-0.29084042,-0.02749621,-0.00258545,0.00646361,2.38180871,0.20173711,1.85613344,0.06449934,0.06845642,-0.18739379,-0.18238111,-37.08190918,-5.92479849,-0.18332360,-37.08124294,-5.92675506,0.12171077,0.06124513,-0.09069679,-0.06161283,-37.01999781,-6.01745185,-0.05927505,-37.06951572,-5.91110759,0.00281370,-0.00681895,0.01276565,0.04547690,0.04787975,-0.10344663,1
14.570,2.38572079,0.19608139,1.86599102,0.10970121,0.11630958,-0.29077394,-0.02750929,-0.00273287,0.00683218,2.38244840,0.20241352,1.85427798,0.06436662,0.06825241,-0.18693173,-0.18252672,-37.07999420,-5.93018055,-0.18346854,-37.07932801,-5.93214422,0.12830986,0.07429024,-0.10535800,-0.05515867,-37.00503776,-6.03750223,-0.05927505,-37.06942577,-5.91138260,0.00327239,-0.00633213,0.01171304,0.04533459,0.04805717,-0.10384221,1
14.580,2.38681643,0.19724434,1.86308363,0.10942606,0.11628151,-0.29070378,-0.02752219,-0.00288025,0.00720062,2.38372497,0.20376006,1.85058771,0.06422050,0.06799419,-0.18623748,-0.18267177,-37.07799911,-5.93554783,-0.18361290,-37.07733296,-5.93751862,0.12534088,0.07083819,-0.09672828,-0.05827201,-37.00649476,-6.03424690,-0.06235700,-37.07241731,-5.90636676,0.00309146,-0.00651572,0.01249592,0.04520556,0.04828732,-0.10446630,1
14.590,2.38790931,0.19840701,1.86017696,0.10915077,0.11625197,-0.29062993,-0.02753492,-0.00302757,0.00756892,2.39193406,0.21230673,1.82731987,0.06382061,0.06713155,-0.18334260,-0.18281643,-37.07595444,-5.94090080,-0.18375688,-37.07528834,-5.94287869,0.01884297,-0.10962403,0.16094720,-0.16491391,-37.18491237,-5.78193150,-0.05827201,-37.03876657,-5.94691792,-0.00402475,-0.01389972,0.03285709,0.04533016,0.04912042,-0.10728733,1
14.600,2.38899944,0.19956938,1.85727104,0.10887536,0.11622096,-0.29055240,-0.02754747,-0.00317483,0.00793708,2.39318387,0.21359117,1.82385093,0.06347726,0.06637670,-0.18076442,-0.18296069,-37.07384109,-5.94623756,-0.18390044,-37.07317505,-5.94822255,0.01657944,-0.10908472,0.16204822,-0.16732100,-37.18225977,-5.78617433,-0.05827201,-37.03855084,-5.94773195,-0.00418443,-0.01402179,0.03342011,0.04539810,0.04984426,-0.10978798,1
14.610,2.39008682,0.20073143,1.85436592,0.10859982,0.11618848,-0.29047119,-0.02755983,-0.00332203,0.00830508,2.39380747,0.21423001,1.82212937,0.06319804,0.06575342,-0.17861248,-0.18310365,-37.07167435,-5.95155811,-0.18404272,-37.07100836,-5.95355020,0.02353971,-0.09307735,0.14151744,-0.16050301,-37.16408571,-5.81203276,-0.05827201,-37.03843655,-5.94816857,-0.00372065,-0.01349858,0.03223655,0.04540178,0.05043506,-0.11185871,1
14.620,2.39117144,0.20189314,1.85146163,0.10832416,0.11615452,-0.29038630,-0.02757202,-0.00346917,0.00867293,2.39505208,0.21550048,1.81871398,0.06294527,0.06516531,-0.17653298,-0.18324617,-37.06943893,-5.95686483,-0.18418454,-37.06877303,-5.95886403,0.02109025,-0.09305297,0.14320797,-0.16309429,-37.16182600,-5.81565606,-0.05827201,-37.03819527,-5.94909966,-0.00388064,-0.01360734,0.03274765,0.04537889,0.05098921,-0.11385332,1
14.630,2.39225330,0.20305451,1.84855821,0.10804838,0.11611909,-0.29029773,-0.02758403,-0.00361624,0.00904061,2.39629322,0.21676080,1.81533809,0.06271241,0.06459525,-0.17447014,-0.18338819,-37.06714249,-5.96215630,-0.18432588,-37.06647667,-5.96416257,0.01861115,-0.09288100,0.14444754,-0.16571473,-37.15935766,-5.81971503,-0.05827201,-37.03793729,-5.95010608,-0.00403992,-0.01370629,0.03322012,0.04533597,0.05152384,-0.11582759,1
14.640,2.39333241,0.20421552,1.84565569,0.10777248,0.11608220,-0.29020549,-0.02759585,-0.00376325,0.00940812,2.39753091,0.21801031,1.81200467,0.06249455,0.06403050,-0.17238326,-0.18352959,-37.06478500,-5.96743488,-0.18446658,-37.06411930,-5.96944824,0.01611226,-0.09248177,0.14509639,-0.16835432,-37.15660107,-5.82435185,-0.05827201,-37.03766289,-5.95118558,-0.00419850,-0.01379479,0.03365102,0.04527793,0.05205170,-0.11782223,1
14.650,2.39440875,0.20537615,1.84275411,0.10749647,0.11604383,-0.29010957,-0.02760750,-0.00391018,0.00977545,2.39814845,0.21863081,1.81035477,0.06230959,0.06353530,-0.17053488,-0.18367092,-37.06235504,-5.97269487,-0.18460722,-37.06168944,-5.97471532,0.02280833,-0.07672082,0.12447575,-0.16179889,-37.13841026,-5.85023958,-0.05827201,-37.03751962,-5.95175204,-0.00373970,-0.01325466,0.03239934,0.04518688,0.05250853,-0.11957469,1
14.660,2.39548234,0.20653639,1.83985351,0.10722033,0.11600399,-0.29000998,-0.02761896,-0.00405704,0.01014259,2.39937945,0.21985479,1.80712553,0.06209009,0.06281216,-0.16767666,-0.18381041,-37.05987167,-5.97794247,-0.18474600,-37.05920619,-5.97996999,0.02032998,-0.07492444,0.12188422,-0.16441602,-37.13413063,-5.85808577,-0.16491391,-37.21523374,-5.70238050,-0.00389711,-0.01331840,0.03272798,0.04513024,0.05319183,-0.12233332,1
14.670,2.39655316,0.20769623,1.83695392,0.10694409,0.11596269,-0.28990672,-0.02763025,-0.00420382,0.01050954,2.40060096,0.22103426,1.80408490,0.06180648,0.06171431,-0.16318027,-0.18395065,-37.05731201,-5.98317289,-0.18488553,-37.05664665,-5.98520751,0.01808035,-0.07015925,0.11276778,-0.16680518,-37.12680591,-5.87243973,-0.16732100,-37.21147015,-5.71132877,-0.00404780,-0.01333803,0.03286902,0.04513761,0.05424838,-0.12672645,1
14.680,2.39762122,0.20885564,1.83405539,0.10666773,0.11591992,-0.28979979,-0.02764135,-0.00435052,0.01087629,2.40120813,0.22160738,1.80263487,0.06153402,0.06061361,-0.15863586,-0.18408956,-37.05470276,-5.98838902,-0.18502374,-37.05403753,-5.99043070,0.02498238,-0.05023777,0.08287496,-0.16004135,-37.10427530,-5.90755574,-0.16732100,-37.21091554,-5.71367301,-0.00358691,-0.01275174,0.03142052,0.04513371,0.05530631,-0.13116393,1
14.690,2.39868651,0.21001462,1.83115794,0.10639126,0.11587568,-0.28968919,-0.02765227,-0.00449713,0.01124284,2.40241556,0.22272281,1.79986444,0.06121436,0.05927549,-0.15307083,-0.18422858,-37.05202484,-5.99358845,-0.18516206,-37.05135977,-5.99563720,0.02293293,-0.04270514,0.06761899,-0.16222913,-37.09406490,-5.92801821,-0.16309429,-37.18945657,-5.74746820,-0.00372905,-0.01270819,0.03129350,0.04517690,0.05660019,-0.13661836,1
14.700,2.39974904,0.21117315,1.82826161,0.10611468,0.11582997,-0.28957493,-0.02766301,-0.00464367,0.01160916,2.40361368,0.22379740,1.79726538,0.06085784,0.05776215,-0.14676024,-0.18436700,-37.04928589,-5.99877548,-0.18529976,-37.04862096,-6.00083131,0.02105513,-0.03329371,0.04829458,-0.16424463,-37.08191467,-5.95253672,-0.16571473,-37.18596872,-5.75580079,-0.00386464,-0.01262425,0.03099623,0.04525684,0.05806782,-0.14281469,1
14.710,2.40080881,0.21233122,1.82536645,0.10583800,0.11578280,-0.28945701,-0.02767356,-0.00479011,0.01197527,2.40420921,0.22431945,1.79602962,0.06053173,0.05637276,-0.14096409,-0.18450435,-37.04647446,-6.00394487,-0.18543639,-37.04580970,-6.00600775,0.02811412,-0.01070596,0.01255611,-0.15732227,-37.05651566,-5.99345165,-0.16571473,-37.18545995,-5.75792720,-0.00340040,-0.01198823,0.02933683,0.04530627,0.05941004,-0.14849292,1
14.720,2.40186580,0.21348880,1.82247249,0.10556121,0.11573417,-0.28933543,-0.02768394,-0.00493646,0.01234115,2.40539313,0.22533333,1.79368391,0.06016812,0.05482707,-0.13452010,-0.18464170,-37.04360580,-6.00910044,-0.18557303,-37.04294122,-6.01117039,0.02638021,0.00034796,-0.01034836,-0.15919282,-37.04259326,-6.02151875,-0.16835432,-37.18169609,-5.76675779,-0.00352733,-0.01184453,0.02878858,0.04539309,0.06090710,-0.15481533,1
14.730,2.40292003,0.21464589,1.81957976,0.10528432,0.11568408,-0.28921019,-0.02769413,-0.00508272,0.01270679,2.40598162,0.22582596,1.79257039,0.05983833,0.05343585,-0.12872823,-0.18477909,-37.04066849,-6.01424122,-0.18570971,-37.04000410,-6.01631824,0.03346905,0.02364295,-0.04761757,-0.15224066,-37.01636115,-6.06393581,-0.16179889,-37.16304136,-5.79456326,-0.00306159,-0.01118007,0.02700937,0.04544599,0.06224823,-0.16048196,1
14.740,2.40397149,0.21580248,1.81668830,0.10500733,0.11563252,-0.28908130,-0.02770413,-0.00522887,0.01307219,2.40715166,0.22678396,1.79045530,0.05947523,0.05193820,-0.12251813,-0.18491615,-37.03767776,-6.01936483,-0.18584605,-37.03701355,-6.02144890,0.03185953,0.03581612,-0.07288715,-0.15398652,-37.00119743,-6.09433605,-0.16441602,-37.15785325,-5.80614186,-0.00318017,-0.01098148,0.02623300,0.04553210,0.06369432,-0.16656317,1
14.750,2.40502018,0.21695854,1.81379814,0.10473024,0.11557950,-0.28894875,-0.02771395,-0.00537493,0.01343734,2.40831235,0.22770672,1.78848376,0.05908578,0.05037909,-0.11609001,-0.18505244,-37.03461075,-6.02447176,-0.18598162,-37.03394675,-6.02656287,0.03040096,0.04915747,-0.10054295,-0.15558065,-36.98478928,-6.12710582,-0.16680518,-37.14965678,-5.82403690,-0.00329217,-0.01074818,0.02531438,0.04564446,0.06520041,-0.17285874,1
14.760,2.40606609,0.21811406,1.81090933,0.10445305,0.11552502,-0.28881255,-0.02772359,-0.00552089,0.01380223,2.40888928,0.22815608,1.78754628,0.05873762,0.04901822,-0.11050460,-0.18518849,-37.03149033,-6.02956772,-0.18611694,-37.03082652,-6.03166587,0.03757475,0.07332340,-0.13950987,-0.14854219,-36.95750312,-6.17117574,-0.16004135,-37.12674312,-5.86068156,-0.00282319,-0.01004202,0.02336305,0.04571543,0.06650680,-0.17830795,1
14.770,2.40710924,0.21926903,1.80802190,0.10417577,0.11546908,-0.28867270,-0.02773305,-0.00566674,0.01416686,2.41003633,0.22903347,1.78575486,0.05836307,0.04764190,-0.10492280,-0.18532439,-37.02829742,-6.03464413,-0.18625212,-37.02763385,-6.03674932,0.03620778,0.08684535,-0.16734058,-0.15004434,-36.94078849,-6.20408990,-0.16222913,-37.11582137,-5.88392950,-0.00292709,-0.00976444,0.02226704,0.04581270,0.06782718,-0.18374990,1
14.780,2.40814961,0.22042344,1.80513589,0.10389839,0.11541169,-0.28852921,-0.02774232,-0.00581249,0.01453121,2.41060643,0.22946215,1.78489768,0.05802484,0.04644838,-0.10012164,-0.18545996,-37.02504349,-6.03970671,-0.18638695,-37.02438013,-6.04181894,0.04338104,0.11065120,-0.20533928,-0.14300591,-36.91372893,-6.24715821,-0.16424463,-37.10334858,-5.90967763,-0.00245682,-0.00903871,0.02023821,0.04587355,0.06896331,-0.18840757,1
14.790,2.40918720,0.22157726,1.80225133,0.10362092,0.11535283,-0.28838208,-0.02775140,-0.00595812,0.01489529,2.41174006,0.23030380,1.78324040,0.05766159,0.04529114,-0.09556873,-0.18559518,-37.02172470,-6.04475164,-0.18652145,-37.02106158,-6.04687089,0.04210948,0.12392993,-0.23228940,-0.14441198,-36.89713165,-6.27916029,-0.15732227,-37.07742537,-5.95249665,-0.00255286,-0.00872654,0.01901093,0.04595933,0.07006169,-0.19281335,1
14.800,2.41022203,0.22273049,1.79936826,0.10334336,0.11529252,-0.28823131,-0.02776030,-0.00610364,0.01525909,2.41286496,0.23112798,1.78164252,0.05728096,0.04423038,-0.09152988,-0.18573050,-37.01834488,-6.04978228,-0.18665604,-37.01768200,-6.05190855,0.04096201,0.13714150,-0.25869940,-0.14569402,-36.88054051,-6.31060794,-0.15224066,-37.03688519,-6.02422915,-0.00264293,-0.00839749,0.01772574,0.04606240,0.07106214,-0.19670143,1
14.810,2.41125407,0.22388311,1.79648672,0.10306572,0.11523076,-0.28807690,-0.02776901,-0.00624904,0.01562259,2.41342423,0.23153519,1.78085812,0.05694265,0.04335300,-0.08825744,-0.18586549,-37.01488876,-6.05479860,-0.18679029,-37.01422613,-6.05693191,0.04817262,0.15983957,-0.29374165,-0.13861767,-36.85438656,-6.35067355,-0.15224066,-37.03672158,-6.02471575,-0.00217016,-0.00765208,0.01562860,0.04612307,0.07187776,-0.19981946,1
14.820,2.41228334,0.22503510,1.79360674,0.10278799,0.11516754,-0.28791886,-0.02777754,-0.00639432,0.01598579,2.41453639,0.23234223,1.77930670,0.05658219,0.04257164,-0.08551224,-0.18600042,-37.01137543,-6.05979681,-0.18692449,-37.01071305,-6.06193713,0.04709262,0.17203927,-0.31746648,-0.13983187,-36.83867378,-6.37940361,-0.15398652,-37.02131123,-6.05569772,-0.00225305,-0.00730713,0.01430004,0.04620580,0.07259590,-0.20240662,1
14.830,2.41330983,0.22618646,1.79072835,0.10251017,0.11510287,-0.28775718,-0.02778588,-0.00653948,0.01634869,2.41508924,0.23274292,1.77853554,0.05625799,0.04194576,-0.08341328,-0.18613547,-37.00780487,-6.06478071,-0.18705880,-37.00714277,-6.06692804,0.05428813,0.19359923,-0.34969145,-0.13277067,-36.81354354,-6.41661949,-0.15558065,-37.00482332,-6.08854763,-0.00177941,-0.00655646,0.01219281,0.04625218,0.07315711,-0.20434390,1
14.840,2.41433354,0.22733715,1.78785160,0.10223227,0.11503675,-0.28759188,-0.02779403,-0.00668451,0.01671128,2.41618879,0.23354333,1.77698054,0.05591215,0.04146006,-0.08204854,-0.18627025,-37.00415802,-6.06974506,-0.18719284,-37.00349620,-6.07189939,0.05328463,0.20444155,-0.36986189,-0.13390821,-36.79905465,-6.44176129,-0.14854219,-36.97750461,-6.13219856,-0.00185525,-0.00620618,0.01087106,0.04632012,0.07357669,-0.20554334,1
14.850,2.41535448,0.22848719,1.78497653,0.10195429,0.11496918,-0.28742296,-0.02780200,-0.00682942,0.01707354,2.41673546,0.23394390,1.77619266,0.05560093,0.04110918,-0.08123326,-0.18640499,-37.00045013,-6.07469654,-0.18732683,-36.99978860,-6.07685789,0.06046373,0.22458402,-0.39860257,-0.12686310,-36.77520457,-6.47546045,-0.15004434,-36.96081677,-6.16469620,-0.00138098,-0.00545671,0.00878387,0.04635336,0.07386000,-0.20618970,1
14.860,2.41637263,0.22963653,1.78210316,0.10167623,0.11490017,-0.28725041,-0.02780978,-0.00697419,0.01743548,2.41782268,0.23474770,1.77458694,0.05526633,0.04090101,-0.08116889,-0.18653978,-36.99668884,-6.07962942,-0.18746088,-36.99602759,-6.08179774,0.05953922,0.23390817,-0.41480398,-0.12792166,-36.76211942,-6.49660172,-0.14300591,-36.93386717,-6.20667032,-0.00145005,-0.00511117,0.00751622,0.04640990,0.07399916,-0.20608152,1
14.870,2.41738800,0.23078518,1.77923153,0.10139809,0.11482970,-0.28707425,-0.02781738,-0.00711883,0.01779708,2.41836332,0.23515305,1.77375933,0.05496556,0.04080967,-0.08156683,-0.18667428,-36.99285126,-6.08454657,-0.18759463,-36.99219031,-6.08672187,0.06670458,0.25258612,-0.43993557,-0.12089005,-36.73960419,-6.52665744,-0.14441198,-36.91739947,-6.23777997,-0.00097532,-0.00436787,0.00547220,0.04643253,0.07402003,-0.20550742,1
14.880,2.41840059,0.23193312,1.77636168,0.10111988,0.11475779,-0.28689447,-0.02782478,-0.00726334,0.01815834,2.41943858,0.23597214,1.77204755,0.05463987,0.04088775,-0.08284108,-0.18680920,-36.98894882,-6.08944893,-0.18772880,-36.98828818,-6.09163123,0.06585834,0.26004944,-0.45135103,-0.12187045,-36.72823874,-6.54298226,-0.14569402,-36.90110150,-6.26727602,-0.00103799,-0.00403902,0.00431413,0.04648001,0.07387004,-0.20405339,1
14.890,2.41941040,0.23308034,1.77349365,0.10084160,0.11468443,-0.28671109,-0.02783200,-0.00740770,0.01851926,2.42050610,0.23680805,1.77023458,0.05429994,0.04117003,-0.08512177,-0.18694390,-36.98499680,-6.09433460,-0.18786275,-36.98433647,-6.09652389,0.06511496,0.26604649,-0.45890339,-0.12274779,-36.71828998,-6.55542728,-0.13861767,-36.87539501,-6.30469163,-0.00109570,-0.00372771,0.00325907,0.04654166,0.07351440,-0.20158932,1
14.900,2.42041742,0.23422681,1.77062747,0.10056324,0.11460964,-0.28652409,-0.02783903,-0.00755193,0.01887981,2.42156600,0.23766503,1.76830107,0.05395084,0.04166804,-0.08844237,-0.18707895,-36.98097229,-6.09920120,-0.18799704,-36.98031230,-6.10139745,0.06446202,0.27041296,-0.46225679,-0.12353503,-36.70989934,-6.56365424,-0.13277067,-36.83512458,-6.36741741,-0.00114858,-0.00343822,0.00232640,0.04661240,0.07294160,-0.19808172,1
14.910,2.42142166,0.23537252,1.76776318,0.10028482,0.11453340,-0.28633349,-0.02784587,-0.00769600,0.01924001,2.42261855,0.23854739,1.76622767,0.05359677,0.04236577,-0.09271284,-0.18721414,-36.97687531,-6.10405254,-0.18813147,-36.97621564,-6.10625576,0.06388754,0.27312030,-0.46138417,-0.12424394,-36.70309534,-6.56763993,-0.13390821,-36.82128413,-6.38899917,-0.00119689,-0.00317487,0.00153551,0.04668805,0.07216763,-0.19362065,1
14.920,2.42242312,0.23651747,1.76490082,0.10000633,0.11445572,-0.28613929,-0.02785252,-0.00783993,0.01959984,2.42314204,0.23899868,1.76513584,0.05328483,0.04305649,-0.09683045,-0.18734927,-36.97272110,-6.10888815,-0.18826585,-36.97206178,-6.11109832,0.07112326,0.28661491,-0.47362174,-0.11714259,-36.68544686,-6.58472006,-0.13390821,-36.82161898,-6.38716965,-0.00071892,-0.00248121,-0.00023502,0.04672150,0.07139923,-0.18930884,1
14.930,2.42342179,0.23766163,1.76204041,0.09972777,0.11437660,-0.28594150,-0.02785898,-0.00798371,0.01995929,2.42418372,0.23992480,1.76282743,0.05296245,0.04397134,-0.10201740,-0.18748502,-36.96850967,-6.11370468,-0.18840083,-36.96785068,-6.11592183,0.07056494,0.28709169,-0.46733674,-0.11783590,-36.68075898,-6.58325857,-0.12792166,-36.78547735,-6.43781260,-0.00076193,-0.00226317,-0.00078702,0.04676532,0.07040526,-0.18392410,1
14.940,2.42441767,0.23880500,1.75918200,0.09944915,0.11429604,-0.28574011,-0.02786525,-0.00812734,0.02031835,2.42521838,0.24088421,1.76034444,0.05263404,0.04508293,-0.10812838,-0.18762065,-36.96422577,-6.11850119,-0.18853570,-36.96356713,-6.12072527,0.07008201,0.28572567,-0.45643746,-0.11845369,-36.67784146,-6.57716273,-0.12089005,-36.76381305,-6.46342678,-0.00080071,-0.00207921,-0.00116244,0.04681511,0.06921311,-0.17761173,1
14.950,2.42541077,0.23994755,1.75632562,0.09917046,0.11421405,-0.28553513,-0.02787133,-0.00827081,0.02067703,2.42624625,0.24188043,1.75767215,0.05230251,0.04637992,-0.11509083,-0.18775648,-36.95988846,-6.12328339,-0.18867077,-36.95923018,-6.12551442,0.06966538,0.28248517,-0.44091331,-0.11900539,-36.67674501,-6.56642773,-0.12187045,-36.75337419,-6.47499317,-0.00083548,-0.00193288,-0.00134653,0.04686795,0.06783413,-0.17044430,1
14.960,2.42640108,0.24108927,1.75347131,0.09889172,0.11413063,-0.28532657,-0.02787723,-0.00841412,0.02103531,2.42726724,0.24291415,1.75480809,0.05196767,0.04782326,-0.12271540,-0.18789288,-36.95548248,-6.12805176,-0.18880641,-36.95482457,-6.13028973,0.06931653,0.27754760,-0.42120509,-0.11948987,-36.67727696,-6.55149481,-0.12274779,-36.74436663,-6.48263272,-0.00086616,-0.00182488,-0.00133678,0.04692405,0.06630737,-0.16261117,1
14.970,2.42738861,0.24223016,1.75061910,0.09861292,0.11404577,-0.28511442,-0.02788293,-0.00855727,0.02139318,2.42777513,0.24344519,1.75330394,0.05167301,0.04914349,-0.12964021,-0.18802904,-36.95100784,-6.13279676,-0.18894180,-36.95035030,-6.13504166,0.07654246,0.28576596,-0.42089021,-0.11239934,-36.66458434,-6.55593188,-0.12353503,-36.73645142,-6.48844693,-0.00038652,-0.00121503,-0.00268484,0.04693991,0.06490228,-0.15547421,1
14.980,2.42837334,0.24337018,1.74776903,0.09833406,0.11395948,-0.28489871,-0.02788844,-0.00870026,0.02175064,2.42878566,0.24453542,1.75015300,0.05136442,0.05060313,-0.13721090,-0.18816651,-36.94647217,-6.13752747,-0.18907850,-36.94581500,-6.13977929,0.07621448,0.27927882,-0.39751520,-0.11286402,-36.66653617,-6.53729450,-0.12424394,-36.73058635,-6.48767844,-0.00041232,-0.00116524,-0.00238397,0.04696964,0.06335635,-0.14768781,1
14.990,2.42935529,0.24450934,1.74492114,0.09805515,0.11387177,-0.28467941,-0.02789376,-0.00884308,0.02210769,2.42978924,0.24566336,1.74681232,0.05104715,0.05217351,-0.14527405,-0.18830401,-36.94188309,-6.14223814,-0.18921522,-36.94122630,-6.14449688,0.07596636,0.27126671,-0.37040479,-0.11324886,-36.66995959,-6.51490167,-0.11714259,-36.71388919,-6.49998831,-0.00043395,-0.00115402,-0.00189118,0.04700800,0.06169826,-0.13940536,1
15.000,2.43033444,0.24564761,1.74207545,0.09777619,0.11378262,-0.28445655,-0.02789888,-0.00898572,0.02246431,2.43078608,0.24682985,1.74328047,0.05072484,0.05383012,-0.15369154,-0.18844105,-36.93722534,-6.14693165,-0.18935150,-36.93656897,-6.14919730,0.07578715,0.26182981,-0.33988505,-0.11356435,-36.67473915,-6.48908236,-0.11783590,-36.71015896,-6.49378657,-0.00045164,-0.00118224,-0.00120502,0.04705135,0.05995250,-0.13076501,1
15.010,2.43131081,0.24678499,1.73923202,0.09749717,0.11369205,-0.28423013,-0.02790382,-0.00912820,0.02282049,2.43177613,0.24803350,1.73956561,0.05039784,0.05553204,-0.16226483,-0.18857926,-36.93250656,-6.15160656,-0.18948893,-36.93185057,-6.15387911,0.07567753,0.25120823,-0.30655745,-0.11381140,-36.68064234,-6.46043656,-0.11845369,-36.70816037,-6.48317039,-0.00046532,-0.00124851,-0.00033359,0.04709933,0.05816001,-0.12196530,1
15.020,2.43228439,0.24792145,1.73639086,0.09721811,0.11360006,-0.28400014,-0.02790856,-0.00927049,0.02317624,2.43226858,0.24864863,1.73764301,0.05010958,0.05702727,-0.16976356,-0.18871795,-36.92772675,-6.15626478,-0.18962684,-36.92707116,-6.15854423,0.08291292,0.25630397,-0.29917819,-0.10671391,-36.67076719,-6.45772243,-0.11900539,-36.70750148,-6.47029785,0.00001581,-0.00072718,-0.00125215,0.04710853,0.05657279,-0.11423658,1
15.030,2.43325517,0.24905699,1.73355203,0.09693900,0.11350664,-0.28376661,-0.02791312,-0.00941261,0.02353154,2.43324829,0.24990420,1.73367447,0.04980687,0.05856662,-0.17742142,-0.18885666,-36.92287827,-6.16090488,-0.18976477,-36.92222311,-6.16319123,0.08282616,0.24513759,-0.26476358,-0.10693861,-36.67708551,-6.42795481,-0.11948987,-36.70886930,-6.45129731,0.00000688,-0.00084721,-0.00012244,0.04713213,0.05494002,-0.10634519,1
15.040,2.43422317,0.25019158,1.73071554,0.09665985,0.11341181,-0.28352952,-0.02791747,-0.00955455,0.02388638,2.43422114,0.25119194,1.72955070,0.04949517,0.06012300,-0.18509652,-0.18899660,-36.91797256,-6.16552305,-0.18990393,-36.91731780,-6.16781627,0.08281855,0.23305095,-0.22824727,-0.10708538,-36.68426685,-6.39606353,-0.11239934,-36.69698040,-6.45187096,0.00000203,-0.00100036,0.00116484,0.04716468,0.05328881,-0.09843300,1
15.050,2.43518837,0.25132522,1.72788145,0.09638066,0.11331555,-0.28328888,-0.02792164,-0.00969631,0.02424076,2.43470508,0.25184739,1.72743395,0.04921991,0.06147854,-0.19174107,-0.18913633,-36.91301346,-6.17012501,-0.19004288,-36.91235913,-6.17242511,0.09003005,0.23774557,-0.22035930,-0.10001282,-36.67461355,-6.39278441,-0.11286402,-36.69930877,-6.43145713,0.00048329,-0.00052217,0.00044750,0.04716075,0.05183701,-0.09154781,1
15.060,2.43615078,0.25245789,1.72504978,0.09610142,0.11321788,-0.28304470,-0.02792561,-0.00983787,0.02459468,2.43566796,0.25317974,1.72309976,0.04893010,0.06284704,-0.19837247,-0.18927732,-36.90798569,-6.17470884,-0.19018309,-36.90733177,-6.17701582,0.09004453,0.22542124,-0.18363571,-0.10013856,-36.68191053,-6.36065153,-0.11324886,-36.70343585,-6.40576835,0.00048282,-0.00072185,0.00195002,0.04717132,0.05037084,-0.08467223,1
15.070,2.43711040,0.25358957,1.72222057,0.09582214,0.11311879,-0.28279699,-0.02792939,-0.00997925,0.02494812,2.43614689,0.25385581,1.72088669,0.04867087,0.06403702,-0.20410609,-0.18941824,-36.90290070,-6.17927170,-0.19032322,-36.90224722,-6.18158552,0.09721571,0.23036558,-0.17669087,-0.09310751,-36.67188164,-6.35827639,-0.11324886,-36.70376308,-6.40424819,0.00096351,-0.00026624,0.00133388,0.04715127,0.04908177,-0.07869090,1
15.080,2.43806722,0.25472026,1.71939385,0.09554283,0.11301830,-0.28254574,-0.02793298,-0.01012043,0.02530108,2.43709971,0.25522513,1.71638227,0.04839222,0.06521453,-0.20970492,-0.18956006,-36.89775085,-6.18381596,-0.19046425,-36.89709783,-6.18613663,0.09727549,0.21800893,-0.14025257,-0.09318876,-36.67908889,-6.32638921,-0.11356435,-36.70911268,-6.37583165,0.00096751,-0.00050487,0.00301158,0.04715061,0.04780377,-0.07284082,1
15.090,2.43902125,0.25584993,1.71656966,0.09526348,0.11291639,-0.28229097,-0.02793637,-0.01026142,0.02565355,2.43757358,0.25591738,1.71409608,0.04814092,0.06621721,-0.21443366,-0.18970250,-36.89253998,-6.18834257,-0.19060589,-36.89188740,-6.19067011,0.10442324,0.22342131,-0.13478520,-0.08618265,-36.66846608,-6.32545531,-0.11381140,-36.71525495,-6.34612661,0.00144767,-0.00006745,0.00247358,0.04712256,0.04669918,-0.06785731,1
15.100,2.43997249,0.25697858,1.71374804,0.09498410,0.11281307,-0.28203267,-0.02793956,-0.01040221,0.02600553,2.43851632,0.25731606,1.70946265,0.04787000,0.06720385,-0.21898868,-0.18984579,-36.88727188,-6.19284678,-0.19074840,-36.88661973,-6.19518115,0.10453522,0.21121994,-0.09919416,-0.08621318,-36.67539980,-6.29437531,-0.10671391,-36.70584908,-6.34139557,0.00145617,-0.00033748,0.00428539,0.04711410,0.04560922,-0.06304399,1
15.110,2.44092094,0.25810619,1.71092902,0.09470469,0.11270834,-0.28177086,-0.02794256,-0.01054280,0.02635700,2.43898529,0.25802142,1.70712101,0.04762666,0.06803681,-0.22278246,-0.18998931,-36.88194275,-6.19733238,-0.19089115,-36.88129105,-6.19967357,0.11165725,0.21708796,-0.09525733,-0.07923389,-36.66420309,-6.29493091,-0.10693861,-36.71235337,-6.31087290,0.00193565,0.00008477,0.00380801,0.04707803,0.04467153,-0.05898840,1
15.120,2.44186659,0.25923274,1.70811264,0.09442525,0.11260221,-0.28150553,-0.02794537,-0.01068318,0.02670796,2.43991840,0.25944194,1.70239925,0.04736374,0.06881727,-0.22622913,-0.19013350,-36.87656021,-6.20179844,-0.19103453,-36.87590899,-6.20414646,0.11181426,0.20530536,-0.06120171,-0.07922027,-36.67060363,-6.26534817,-0.10708538,-36.71984616,-6.27777896,0.00194819,-0.00020920,0.00571339,0.04706151,0.04378494,-0.05527640,1
15.130,2.44280944,0.26035823,1.70529892,0.09414579,0.11249468,-0.28123670,-0.02794798,-0.01082336,0.02705840,2.44084535,0.26087278,1.69764218,0.04709080,0.06952921,-0.22923707,-0.19027896,-36.87111664,-6.20624495,-0.19117919,-36.87046588,-6.20859978,0.11204163,0.19357326,-0.02773849,-0.07913756,-36.67689262,-6.23633828,-0.10001282,-36.71044608,-6.27365397,0.00196409,-0.00051455,0.00765674,0.04705499,0.04296547,-0.05199963,1
15.140,2.44374950,0.26148263,1.70248791,0.09386630,0.11238575,-0.28096437,-0.02795039,-0.01096333,0.02740832,2.44130655,0.26159097,1.69525623,0.04684815,0.07010160,-0.23157658,-0.19042498,-36.86560822,-6.21066952,-0.19132441,-36.86495792,-6.21303117,0.11915326,0.20032175,-0.02672743,-0.07217115,-36.66463617,-6.23975860,-0.10013856,-36.71781992,-6.24135398,0.00244295,-0.00010834,0.00723168,0.04701815,0.04228415,-0.04938779,1
15.150,2.44468677,0.26260594,1.69967965,0.09358678,0.11227541,-0.28068854,-0.02795261,-0.01110309,0.02775771,2.44222450,0.26303154,1.69047679,0.04659269,0.07060063,-0.23345116,-0.19057170,-36.86004639,-6.21507645,-0.19147032,-36.85939657,-6.21744489,0.11939743,0.18934255,0.00428314,-0.07207290,-36.67005402,-6.21316175,-0.09310751,-36.70793050,-6.23873895,0.00246227,-0.00042560,0.00920286,0.04699409,0.04167478,-0.04723738,1
15.160,2.44562124,0.26372813,1.69687416,0.09330724,0.11216369,-0.28040921,-0.02795463,-0.01124263,0.02810656,2.44268134,0.26375298,1.68808870,0.04636554,0.07098666,-0.23479040,-0.19071928,-36.85442352,-6.21946049,-0.19161712,-36.85377418,-6.22183573,0.12646002,0.19687233,0.00291204,-0.06515710,-36.65690185,-6.21892369,-0.09318876,-36.71516127,-6.20698515,0.00293990,-0.00002485,0.00878546,0.04694170,0.04117703,-0.04561881,1
15.170,2.44655291,0.26484921,1.69407147,0.09302769,0.11205056,-0.28012641,-0.02795646,-0.01138195,0.02845487,2.44359086,0.26519694,1.68332267,0.04612651,0.07129401,-0.23562228,-0.19086745,-36.84874344,-6.22382689,-0.19176448,-36.84809459,-6.22620890,0.12671430,0.18669746,0.03123297,-0.06505018,-36.66139713,-6.19497593,-0.08618265,-36.70457410,-6.20639634,0.00296205,-0.00034773,0.01074880,0.04690118,0.04075655,-0.04450413,1
15.180,2.44748179,0.26596914,1.69127164,0.09274812,0.11193605,-0.27984012,-0.02795809,-0.01152105,0.02880262,2.44449507,0.26663958,1.67858558,0.04588105,0.07149562,-0.23582082,-0.19101684,-36.84300613,-6.22816896,-0.19191306,-36.84235774,-6.23055776,0.12701900,0.17704760,0.05764214,-0.06489407,-36.66531014,-6.17291562,-0.08621318,-36.71145002,-6.17616710,0.00298672,-0.00067044,0.01268606,0.04686707,0.04044043,-0.04401930,1
15.190,2.44840787,0.26708792,1.68847468,0.09246853,0.11182014,-0.27955036,-0.02795952,-0.01165993,0.02914982,2.44494529,0.26736002,1.67623038,0.04566629,0.07163266,-0.23574546,-0.19116624,-36.83720779,-6.23249245,-0.19206166,-36.83655991,-6.23488800,0.13403072,0.18574084,0.05244744,-0.05803094,-36.65081908,-6.18244056,-0.07923389,-36.70022499,-6.17717121,0.00346258,-0.00027210,0.01224430,0.04680224,0.04018748,-0.04380490,1
15.200,2.44933116,0.26820554,1.68568064,0.09218893,0.11170285,-0.27925712,-0.02796075,-0.01179858,0.02949644,2.44584206,0.26879656,1.67156038,0.04544406,0.07166221,-0.23501202,-0.19131729,-36.83136368,-6.23679304,-0.19221190,-36.83071627,-6.23919535,0.13431728,0.17703245,0.07574863,-0.05789462,-36.65368383,-6.16344671,-0.07922027,-36.70647907,-6.14894232,0.00348910,-0.00059102,0.01412026,0.04674487,0.04004064,-0.04424510,1
15.210,2.45025165,0.26932198,1.68288955,0.09190931,0.11158417,-0.27896043,-0.02796179,-0.01193700,0.02984250,2.44673405,0.27022471,1.66695787,0.04521891,0.07157124,-0.23356862,-0.19146937,-36.82545090,-6.24107504,-0.19236318,-36.82480400,-6.24348409,0.13463933,0.16909938,0.09644622,-0.05772385,-36.65570462,-6.14703787,-0.07217115,-36.70028534,-6.12513940,0.00351760,-0.00090273,0.01593168,0.04669040,0.04001293,-0.04539181,1
15.220,2.45116935,0.27043722,1.68010145,0.09162969,0.11146411,-0.27866028,-0.02796262,-0.01207519,0.03018797,2.44717837,0.27093540,1.66468365,0.04502209,0.07144574,-0.23203191,-0.19162169,-36.81949615,-6.24533415,-0.19251469,-36.81884975,-6.24774994,0.14157849,0.17923927,0.08668978,-0.05093620,-36.63961048,-6.16106016,-0.07217115,-36.70017079,-6.12604771,0.00399098,-0.00049818,0.01541780,0.04660760,0.04001837,-0.04662837,1
15.230,2.45208425,0.27155125,1.67731636,0.09135006,0.11134267,-0.27835667,-0.02796326,-0.01221314,0.03053286,2.44806376,0.27234789,1.66020067,0.04482119,0.07120528,-0.22979356,-0.19177552,-36.81347275,-6.24957085,-0.19266770,-36.81282686,-6.25199336,0.14186772,0.17237129,0.10394265,-0.05079998,-36.64045557,-6.14805071,-0.06515710,-36.69214380,-6.10738443,0.00402049,-0.00079664,0.01711569,0.04652887,0.04013739,-0.04856311,1
15.240,2.45299635,0.27266407,1.67453432,0.09107043,0.11121985,-0.27804962,-0.02796370,-0.01235086,0.03087715,2.44894509,0.27374815,1.65580795,0.04461993,0.07086234,-0.22693843,-0.19193020,-36.80740356,-6.25378609,-0.19282157,-36.80675818,-6.25621533,0.14217655,0.16628371,0.11853001,-0.05064502,-36.64047447,-6.13768532,-0.06505018,-36.69631390,-6.08578940,0.00405126,-0.00108408,0.01872637,0.04645050,0.04035751,-0.05111119,1
15.250,2.45390566,0.27377565,1.67175538,0.09079079,0.11109565,-0.27773913,-0.02796394,-0.01248834,0.03122084,2.44938425,0.27444280,1.65364982,0.04444385,0.07051300,-0.22415699,-0.19208546,-36.80126190,-6.25798130,-0.19297602,-36.80061702,-6.26041725,0.14902626,0.17783137,0.10430017,-0.04394976,-36.62278564,-6.15611708,-0.06505018,-36.69612961,-6.08706959,0.00452141,-0.00066715,0.01810556,0.04634694,0.04058265,-0.05358214,1
15.260,2.45481216,0.27488597,1.66897955,0.09051115,0.11097008,-0.27742521,-0.02796398,-0.01262557,0.03156392,2.45025957,0.27581909,1.64942021,0.04426197,0.07003342,-0.22062430,-0.19224167,-36.79508591,-6.26215458,-0.19313141,-36.79444154,-6.26459723,0.14930299,0.17295029,0.11517194,-0.04382842,-36.62149125,-6.14942529,-0.06489407,-36.69960748,-6.06790251,0.00455259,-0.00093312,0.01955934,0.04624918,0.04093666,-0.05680091,1
15.270,2.45571588,0.27599504,1.66620688,0.09023151,0.11084314,-0.27710785,-0.02796382,-0.01276255,0.03190638,2.45069583,0.27650098,1.64734784,0.04410305,0.06957236,-0.21727750,-0.19239904,-36.78884888,-6.26630211,-0.19328796,-36.78820502,-6.26875146,0.15607841,0.18529931,0.09851332,-0.03720956,-36.60290571,-6.17023814,-0.05803094,-36.68491367,-6.07882201,0.00502005,-0.00050594,0.01885904,0.04612846,0.04127078,-0.05983035,1
15.280,2.45661679,0.27710283,1.66343741,0.08995187,0.11071483,-0.27678708,-0.02796346,-0.01289929,0.03224823,2.45156568,0.27785091,1.64329524,0.04393930,0.06899496,-0.21322947,-0.19255789,-36.78255844,-6.27043056,-0.19344598,-36.78191511,-6.27288660,0.15631759,0.18148975,0.10589602,-0.03712839,-36.60042536,-6.16699057,-0.05789462,-36.68731521,-6.06290403,0.00505111,-0.00074808,0.02014217,0.04601257,0.04171987,-0.06355761,1
15.290,2.45751492,0.27820933,1.66067115,0.08967224,0.11058516,-0.27646289,-0.02796290,-0.01303578,0.03258944,2.45243209,0.27918123,1.63937143,0.04377469,0.06831685,-0.20857720,-0.19271734,-36.77621460,-6.27453327,-0.19360462,-36.77557178,-6.27699596,0.15656849,0.17863459,0.11014526,-0.03703613,-36.59693718,-6.16685071,-0.05093620,-36.67275174,-6.06374996,0.00508283,-0.00097190,0.02129972,0.04589755,0.04226831,-0.06788569,1
15.300,2.45841024,0.27931453,1.65790816,0.08939261,0.11045412,-0.27613529,-0.02796214,-0.01317201,0.03293002,2.45286411,0.27983931,1.63745687,0.04363160,0.06768954,-0.20429695,-0.19287738,-36.76981735,-6.27861691,-0.19376384,-36.76917507,-6.28108628,0.16325041,0.19229296,0.08925452,-0.03051343,-36.57688210,-6.19183176,-0.05093620,-36.67251429,-6.06533205,0.00554613,-0.00052478,0.02045129,0.04576101,0.04276458,-0.07183834,1
15.310,2.45930277,0.28041841,1.65514846,0.08911300,0.11032172,-0.27580429,-0.02796118,-0.01330798,0.03326995,2.45372582,0.28114003,1.63372851,0.04348543,0.06696129,-0.19940558,-0.19303863,-36.76337051,-6.28267813,-0.19392426,-36.76272875,-6.28515415,0.16345135,0.19034966,0.09046759,-0.03047291,-36.57237909,-6.19468656,-0.05079998,-36.67284384,-6.05568497,0.00557695,-0.00072162,0.02141995,0.04562757,0.04336043,-0.07639871,1
15.320,2.46019250,0.28152096,1.65239209,0.08883339,0.11018796,-0.27546990,-0.02796002,-0.01344369,0.03360923,2.45458455,0.28241969,1.63013707,0.04333964,0.06615555,-0.19403795,-0.19320090,-36.75687408,-6.28671169,-0.19408572,-36.75623285,-6.28919435,0.16365442,0.18928004,0.08876261,-0.03043130,-36.56695281,-6.20043174,-0.04394976,-36.65465480,-6.06714956,0.00560795,-0.00089873,0.02225502,0.04549375,0.04403241,-0.08143195,1
15.330,2.46107944,0.28262217,1.64963907,0.08855380,0.11005284,-0.27513211,-0.02795865,-0.01357914,0.03394786,2.45544057,0.28367935,1.62667815,0.04319673,0.06529790,-0.18834102,-0.19336493,-36.75031281,-6.29072523,-0.19424892,-36.74967210,-6.29321451,0.16385036,0.18892926,0.08456447,-0.03039856,-36.56074284,-6.20865003,-0.04382842,-36.65285372,-6.06380017,0.00563887,-0.00105718,0.02296092,0.04535707,0.04475494,-0.08679109,1
15.340,2.46196358,0.28372201,1.64688946,0.08827422,0.10991638,-0.27479094,-0.02795708,-0.01371433,0.03428582,2.45629420,0.28492027,1.62334661,0.04306065,0.06442764,-0.18250903,-0.19352901,-36.74371338,-6.29471540,-0.19441217,-36.74307323,-6.29721131,0.16402676,0.18906898,0.07842602,-0.03038541,-36.55400425,-6.21878529,-0.03720956,-36.63381414,-6.08773159,0.00566938,-0.00119826,0.02354285,0.04521357,0.04548874,-0.09228191,1
15.350,2.46284492,0.28482049,1.64414327,0.08799466,0.10977856,-0.27444640,-0.02795532,-0.01384924,0.03462310,2.45672015,0.28553376,1.62172828,0.04294429,0.06365793,-0.17734012,-0.19369443,-36.73705673,-6.29868269,-0.19457676,-36.73641710,-6.30118520,0.17053730,0.20435178,0.05172536,-0.02403945,-36.53206532,-6.24945984,-0.03712839,-36.63109977,-6.08607389,0.00612477,-0.00071327,0.02241499,0.04505037,0.04612063,-0.09710628,1
15.360,2.46372347,0.28591758,1.64140054,0.08771511,0.10963939,-0.27409848,-0.02795334,-0.01398388,0.03495971,2.45757035,0.28674646,1.61858757,0.04282869,0.06284252,-0.17186336,-0.19386046,-36.73035431,-6.30262470,-0.19474195,-36.72971521,-6.30513381,0.17064077,0.20484114,0.04409981,-0.02410118,-36.52487407,-6.26103400,-0.03703613,-36.62713533,-6.08913417,0.00615312,-0.00082888,0.02281297,0.04488642,0.04679687,-0.10223512,1
15.370,2.46459922,0.28701327,1.63866131,0.08743559,0.10949888,-0.27374721,-0.02795117,-0.01411825,0.03529563,2.45799461,0.28734558,1.61706542,0.04272796,0.06210990,-0.16695107,-0.19402826,-36.72360611,-6.30654478,-0.19490892,-36.72296756,-6.30906048,0.17706217,0.22021529,0.01689673,-0.01784675,-36.50275227,-6.29216375,-0.03703613,-36.62689319,-6.09074360,0.00660461,-0.00033231,0.02159589,0.04470763,0.04738898,-0.10679614,1
15.380,2.46547218,0.28810755,1.63592561,0.08715609,0.10935703,-0.27339257,-0.02794879,-0.01425235,0.03563086,2.45884170,0.28853168,1.61410717,0.04262872,0.06135858,-0.16183550,-0.19419661,-36.71680069,-6.31044006,-0.19507644,-36.71616267,-6.31296235,0.17709631,0.22096629,0.00790937,-0.01798014,-36.49519638,-6.30505298,-0.03047291,-36.60193141,-6.12144217,0.00663048,-0.00042413,0.02181844,0.04452737,0.04799845,-0.11155707,1
15.390,2.46634234,0.28920041,1.63319347,0.08687662,0.10921384,-0.27303459,-0.02794621,-0.01438616,0.03596539,2.45968692,0.28970166,1.61126255,0.04253084,0.06059451,-0.15658536,-0.19436617,-36.70994568,-6.31431437,-0.19524517,-36.70930820,-6.31684321,0.17711399,0.22214145,-0.00283684,-0.01813118,-36.48716675,-6.31968005,-0.03043130,-36.59610396,-6.13001426,0.00665542,-0.00050125,0.02193092,0.04434578,0.04861933,-0.11644923,1
15.400,2.46720971,0.29029183,1.63046492,0.08659717,0.10906931,-0.27267327,-0.02794342,-0.01451969,0.03629922,2.46010882,0.29028067,1.60988226,0.04244581,0.05992108,-0.15194644,-0.19453695,-36.70305252,-6.31816101,-0.19541511,-36.70241559,-6.32069640,0.18341418,0.23759628,-0.03103756,-0.01200093,-36.46481930,-6.35173396,-0.03043130,-36.59590320,-6.13141690,0.00710089,0.00001116,0.02058266,0.04415136,0.04914823,-0.12072683,1
15.410,2.46807429,0.29138179,1.62774001,0.08631775,0.10892344,-0.27230861,-0.02794043,-0.01465293,0.03663232,2.46095125,0.29142718,1.60720285,0.04235893,0.05922355,-0.14711307,-0.19470854,-36.69610214,-6.32198286,-0.19558587,-36.69546575,-6.32452480,0.18336855,0.23894086,-0.04278037,-0.01221732,-36.45652489,-6.36730517,-0.03039856,-36.58930833,-6.14234356,0.00712304,-0.00004539,0.02053716,0.04395882,0.04969989,-0.12519554,1
15.420,2.46893607,0.29247029,1.62501876,0.08603836,0.10877625,-0.27194062,-0.02793724,-0.01478588,0.03696471,2.46179184,0.29255882,1.60462828,0.04227081,0.05851694,-0.14219218,-0.19488148,-36.68910217,-6.32578468,-0.19575797,-36.68846633,-6.32833315,0.18331105,0.24065913,-0.05604908,-0.01244692,-36.44780720,-6.38438223,-0.03038541,-36.58220280,-6.15507052,0.00714423,-0.00008853,0.02039048,0.04376755,0.05025931,-0.12974844,1
15.430,2.46979506,0.29355731,1.62230121,0.08575900,0.10862773,-0.27156932,-0.02793384,-0.01491855,0.03729637,2.46263084,0.29367871,1.60214363,0.04218587,0.05785507,-0.13744811,-0.19505486,-36.68207169,-6.32955837,-0.19593051,-36.68143638,-6.33211336,0.18322924,0.24240401,-0.06998848,-0.01270127,-36.43903237,-6.40210184,-0.02410118,-36.55280879,-6.19942605,0.00716422,-0.00012140,0.02015758,0.04357313,0.05077266,-0.13412121,1
15.440,2.47065125,0.29464284,1.61958739,0.08547968,0.10847788,-0.27119470,-0.02793024,-0.01505092,0.03762729,2.46304977,0.29423483,1.60093195,0.04211279,0.05729435,-0.13337810,-0.19522928,-36.67498016,-6.33330679,-0.19610408,-36.67434541,-6.33586828,0.18938318,0.25769437,-0.09873610,-0.00672090,-36.41665104,-6.43460438,-0.02410118,-36.55268016,-6.20044996,0.00760148,0.00040801,0.01865544,0.04336689,0.05118353,-0.13781660,1
15.450,2.47150465,0.29572686,1.61687733,0.08520040,0.10832671,-0.27081677,-0.02792643,-0.01518299,0.03795747,2.46388675,0.29534247,1.59855576,0.04204312,0.05679959,-0.12955286,-0.19540526,-36.66784286,-6.33703327,-0.19627922,-36.66720865,-6.33960126,0.18921787,0.25882271,-0.11167635,-0.00706136,-36.40838594,-6.45127761,-0.01798014,-36.52285404,-6.24601441,0.00761790,0.00038439,0.01832157,0.04315728,0.05152712,-0.14126391,1
15.460,2.47235526,0.29680937,1.61417106,0.08492116,0.10817422,-0.27043555,-0.02792241,-0.01531476,0.03828691,2.46472254,0.29644489,1.59623682,0.04197595,0.05636686,-0.12598905,-0.19558217,-36.66066742,-6.34073305,-0.19645530,-36.66003376,-6.34330752,0.18902367,0.25972668,-0.12465029,-0.00743163,-36.40030708,-6.46795780,-0.01813118,-36.51470108,-6.26203125,0.00763272,0.00036448,0.01793424,0.04294521,0.05180736,-0.14444650,1
15.470,2.47320307,0.29789034,1.61146863,0.08464195,0.10802042,-0.27005104,-0.02791819,-0.01544623,0.03861558,2.46555721,0.29754380,1.59396601,0.04191261,0.05600901,-0.12276637,-0.19575974,-36.65345001,-6.34440851,-0.19663202,-36.65281691,-6.34698946,0.18879663,0.26029932,-0.13733926,-0.00783539,-36.39251758,-6.48432873,-0.01200093,-36.49228703,-6.29518479,0.00764586,0.00034654,0.01750262,0.04272934,0.05201141,-0.14728467,1
15.480,2.47404810,0.29896977,1.60877005,0.08436279,0.10786530,-0.26966324,-0.02791377,-0.01557740,0.03894349,2.46597421,0.29809333,1.59284194,0.04185945,0.05574512,-0.12017650,-0.19593883,-36.64617538,-6.34805965,-0.19681026,-36.64554282,-6.35064707,0.19477316,0.27409233,-0.16329717,-0.00203710,-36.37145048,-6.51394424,-0.01221732,-36.48400161,-6.31110173,0.00807389,0.00087644,0.01592811,0.04250334,0.05212018,-0.14948674,1
15.490,2.47489033,0.30004765,1.60607537,0.08408368,0.10770887,-0.26927217,-0.02790913,-0.01570825,0.03927064,2.46680754,0.29919307,1.59061304,0.04180823,0.05556183,-0.11793116,-0.19611803,-36.63886642,-6.35168505,-0.19698862,-36.63823441,-6.35427889,0.19445909,0.27368175,-0.17397249,-0.00252953,-36.36455267,-6.52825138,-0.01244692,-36.47531319,-6.32878467,0.00808279,0.00085458,0.01546233,0.04227545,0.05214704,-0.15134101,1
15.500,2.47572977,0.30112395,1.60338462,0.08380461,0.10755113,-0.26887783,-0.02790429,-0.01583880,0.03959700,2.46763994,0.30029494,1.58840259,0.04175827,0.05545502,-0.11604125,-0.19629908,-36.63152313,-6.35528708,-0.19716882,-36.63089169,-6.35788736,0.19411453,0.27278953,-0.18394027,-0.00305429,-36.35810216,-6.54182764,-0.01270127,-36.46659967,-6.34691608,0.00808983,0.00082901,0.01498203,0.04204634,0.05209611,-0.15283658,1
15.510,2.47656642,0.30219866,1.60069783,0.08352559,0.10739209,-0.26848023,-0.02789924,-0.01596903,0.03992258,2.46847148,0.30140076,1.58620059,0.04171104,0.05543487,-0.11456921,-0.19648112,-36.62411880,-6.35886335,-0.19735003,-36.62348790,-6.36147007,0.19373561,0.27131900,-0.19291414,-0.00361442,-36.35216890,-6.55438421,-0.00672090,-36.44433826,-6.37952783,0.00809494,0.00079790,0.01449724,0.04181455,0.05195722,-0.15391102,1
15.520,2.47740028,0.30327178,1.59801503,0.08324663,0.10723175,-0.26807938,-0.02789399,-0.01609895,0.04024737,2.46930237,0.30251430,1.58398858,0.04166738,0.05551978,-0.11361215,-0.19666427,-36.61667633,-6.36241293,-0.19753232,-36.61604598,-6.36502606,0.19331765,0.26908370,-0.20041091,-0.00421467,-36.34696228,-6.56543697,-0.00706136,-36.43627320,-6.39590713,0.00809791,0.00075748,0.01402645,0.04157925,0.05171197,-0.15446723,1
15.530,2.47823135,0.30434330,1.59533625,0.08296771,0.10707012,-0.26767529,-0.02788852,-0.01622854,0.04057136,2.46971757,0.30307437,1.58287637,0.04163032,0.05564155,-0.11301436,-0.19684760,-36.60919571,-6.36593676,-0.19771480,-36.60856592,-6.36855627,0.19908060,0.28045553,-0.22124812,0.00136580,-36.32811039,-6.58980439,-0.00743163,-36.42831051,-6.41234731,0.00851378,0.00126893,0.01245988,0.04133739,0.05142857,-0.15466093,1
15.540,2.47905964,0.30541318,1.59266153,0.08268886,0.10690718,-0.26726796,-0.02788285,-0.01635782,0.04089454,2.47054743,0.30420152,1.58063644,0.04159381,0.05585269,-0.11284063,-0.19703199,-36.60167694,-6.36943674,-0.19789834,-36.60104769,-6.37206265,0.19858082,0.27715594,-0.22630435,0.00068248,-36.32389174,-6.59836699,-0.00783539,-36.42076063,-6.42816899,0.00851221,0.00121166,0.01202509,0.04109505,0.05105449,-0.15442733,1
15.550,2.47988513,0.30648143,1.58999090,0.08241006,0.10674296,-0.26685740,-0.02787697,-0.01648677,0.04121691,2.47137666,0.30533948,1.57836768,0.04155937,0.05615553,-0.11311526,-0.19721779,-36.59411240,-6.37291050,-0.19808330,-36.59348371,-6.37554277,0.19804456,0.27307998,-0.22980409,-0.00003874,-36.32040373,-6.60534686,-0.00203710,-36.39998251,-6.45697466,0.00850847,0.00114195,0.01162322,0.04085069,0.05058743,-0.15374214,1
15.560,2.48070784,0.30754804,1.58732440,0.08213132,0.10657745,-0.26644362,-0.02787088,-0.01661539,0.04153846,2.47179110,0.30591373,1.57721665,0.04153067,0.05647288,-0.11361231,-0.19740425,-36.58651352,-6.37635756,-0.19826889,-36.58588538,-6.37899617,0.20367736,0.28297795,-0.24721795,0.00540847,-36.30290743,-6.62621412,-0.00252953,-36.39326514,-6.47069965,0.00891674,0.00163431,0.01010775,0.04060065,0.05010457,-0.15283131,1
15.570,2.48152776,0.30861298,1.58466204,0.08185264,0.10641065,-0.26602663,-0.02786458,-0.01674368,0.04185919,2.47261964,0.30707297,1.57487913,0.04150325,0.05689209,-0.11458846,-0.19759201,-36.57887268,-6.37977982,-0.19845579,-36.57824508,-6.38242478,0.20305443,0.27769358,-0.24794827,0.00459864,-36.30055150,-6.63037305,-0.00305429,-36.38717702,-6.48306919,0.00890812,0.00154001,0.00978291,0.04034939,0.04951856,-0.15143817,1
15.580,2.48234489,0.30967625,1.58200387,0.08157403,0.10624258,-0.26560644,-0.02785808,-0.01687163,0.04217908,2.47344769,0.30824711,1.57249000,0.04147637,0.05739421,-0.11597831,-0.19778015,-36.57118988,-6.38317537,-0.19864307,-36.57056283,-6.38582667,0.20239611,0.27157380,-0.24691123,0.00375304,-36.29898903,-6.63273790,-0.00361442,-36.38161918,-6.49431029,0.00889720,0.00142914,0.00951387,0.04009766,0.04884837,-0.14962813,1
15.590,2.48315924,0.31073783,1.57934992,0.08129548,0.10607322,-0.26518305,-0.02785136,-0.01699925,0.04249813,2.47386152,0.30883986,1.57127504,0.04145299,0.05786446,-0.11735765,-0.19796920,-36.56346893,-6.38654852,-0.19883127,-36.56284244,-6.38920611,0.20790291,0.28010021,-0.26110323,0.00907164,-36.28274224,-6.65030935,-0.00361442,-36.38180652,-6.49363637,0.00929772,0.00189797,0.00807488,0.03984249,0.04820876,-0.14782540,1
15.600,2.48397080,0.31179771,1.57670022,0.08101700,0.10590259,-0.26475648,-0.02784443,-0.01712653,0.04281634,2.47468883,0.31003786,1.56879821,0.04143020,0.05843114,-0.11919983,-0.19815893,-36.55571747,-6.38989115,-0.19902015,-36.55509153,-6.39255507,0.20716459,0.27296415,-0.25767068,0.00814444,-36.28212738,-6.65022574,0.00136580,-36.35817598,-6.52744119,0.00928197,0.00175985,0.00790201,0.03958680,0.04747145,-0.14555665,1
15.610,2.48477958,0.31285587,1.57405480,0.08073859,0.10573069,-0.26432673,-0.02783729,-0.01725347,0.04313368,2.47551585,0.31125407,1.56625100,0.04140942,0.05908348,-0.12146592,-0.19835006,-36.54792404,-6.39321041,-0.19921042,-36.54729865,-6.39588060,0.20638499,0.26489503,-0.25220001,0.00717457,-36.28240362,-6.64808061,0.00068248,-36.35441199,-6.53423490,0.00926373,0.00160180,0.00780380,0.03932917,0.04664721,-0.14286081,1
15.620,2.48558557,0.31391232,1.57141370,0.08046026,0.10555752,-0.26389381,-0.02782995,-0.01738007,0.04345017,2.47592924,0.31186894,1.56495068,0.04139189,0.05968443,-0.12360741,-0.19854175,-36.54010010,-6.39650249,-0.19940124,-36.53947525,-6.39917894,0.21176200,0.27206792,-0.26318770,0.01236076,-36.26740733,-6.66236664,0.00068248,-36.35463539,-6.53335106,0.00965633,0.00204338,0.00646302,0.03906837,0.04587309,-0.14028640,1
15.630,2.48638878,0.31496702,1.56877694,0.08018199,0.10538309,-0.26345773,-0.02782239,-0.01750631,0.04376579,2.47675583,0.31311287,1.56229280,0.04137602,0.06037641,-0.12618890,-0.19873449,-36.53223038,-6.39976788,-0.19959313,-36.53160607,-6.40245058,0.21089614,0.26300882,-0.25536276,0.01130302,-36.26859725,-6.65781334,0.00540847,-36.33413360,-6.55924743,0.00963295,0.00185415,0.00648414,0.03880597,0.04500668,-0.13726883,1
15.640,2.48718921,0.31601997,1.56614456,0.07990381,0.10520740,-0.26301850,-0.02781462,-0.01763221,0.04408053,2.47758233,0.31437682,1.55955290,0.04136290,0.06114362,-0.12914679,-0.19892690,-36.52433014,-6.40300798,-0.19978467,-36.52370641,-6.40569693,0.20998458,0.25302264,-0.24546557,0.01019990,-36.27068377,-6.65116250,0.00459864,-36.33227412,-6.56136282,0.00960688,0.00164315,0.00659166,0.03854091,0.04406378,-0.13387171,1
15.650,2.48798686,0.31707116,1.56351658,0.07962570,0.10503045,-0.26257612,-0.02780663,-0.01775775,0.04439439,2.47799554,0.31501608,1.55815262,0.04135235,0.06183931,-0.13186701,-0.19912143,-36.51639557,-6.40622330,-0.19997835,-36.51577237,-6.40891846,0.21522610,0.25896166,-0.25351384,0.01524775,-36.25681071,-6.66243230,0.00459864,-36.33251470,-6.56035920,0.00999132,0.00205508,0.00536396,0.03827335,0.04319114,-0.13070911,1
15.660,2.48878173,0.31812058,1.56089304,0.07934768,0.10485225,-0.26213061,-0.02779844,-0.01788294,0.04470735,2.47882190,0.31630932,1.55529007,0.04134413,0.06261027,-0.13495791,-0.19931601,-36.50843048,-6.40940952,-0.20017206,-36.50780782,-6.41211091,0.21422407,0.24812405,-0.24156010,0.01405201,-36.25968377,-6.65367101,0.00907164,-36.31520381,-6.57819404,0.00995983,0.00181126,0.00560297,0.03800355,0.04224198,-0.12717270,1
15.670,2.48957381,0.31916821,1.55827398,0.07906973,0.10467279,-0.26168198,-0.02779003,-0.01800777,0.04501943,2.47964836,0.31762287,1.55234110,0.04133913,0.06343873,-0.13834506,-0.19951122,-36.50043106,-6.41257238,-0.20036640,-36.49980894,-6.41527998,0.21317233,0.23643958,-0.22767579,0.01280592,-36.26336937,-6.64295577,0.00814444,-36.31508943,-6.57597250,0.00992545,0.00154534,0.00593288,0.03773060,0.04123406,-0.12333692,1
15.680,2.49036312,0.32021403,1.55565941,0.07879188,0.10449209,-0.26123023,-0.02778141,-0.01813224,0.04533059,2.48047489,0.31895550,1.54930962,0.04133606,0.06429421,-0.14190170,-0.19970764,-36.49238968,-6.41570711,-0.20056197,-36.49176810,-6.41842089,0.21207437,0.22409093,-0.21222871,0.01151241,-36.26767717,-6.63064960,0.00717457,-36.31583395,-6.57179480,0.00988823,0.00125853,0.00634979,0.03745582,0.04019788,-0.11932853,1
15.690,2.49114965,0.32125804,1.55304938,0.07851411,0.10431015,-0.26077537,-0.02777258,-0.01825634,0.04564085,2.48088817,0.31962854,1.54776441,0.04133400,0.06504659,-0.14505666,-0.19990468,-36.48432159,-6.41881609,-0.20075814,-36.48370057,-6.42153601,0.21713199,0.22869693,-0.21704146,0.01637385,-36.25500363,-6.63857747,0.00717457,-36.31605548,-6.57081984,0.01026148,0.00162950,0.00528497,0.03718011,0.03926356,-0.11571871,1
15.700,2.49193340,0.32230023,1.55044392,0.07823643,0.10412697,-0.26031741,-0.02776354,-0.01838007,0.04595019,2.48171494,0.32098880,1.54461163,0.04133594,0.06584505,-0.14845302,-0.20010157,-36.47622681,-6.42189741,-0.20095415,-36.47560631,-6.42462349,0.21593763,0.21583958,-0.20028475,0.01498348,-36.25976673,-6.62490824,0.01130302,-36.30271748,-6.57849229,0.01021846,0.00131143,0.00583229,0.03690049,0.03828192,-0.11186439,1
15.710,2.49271438,0.32334058,1.54784305,0.07795884,0.10394255,-0.25985637,-0.02775428,-0.01850344,0.04625860,2.48254196,0.32236646,1.54138135,0.04134041,0.06665536,-0.15194640,-0.20029996,-36.46809769,-6.42495441,-0.20115169,-36.46747775,-6.42768664,0.21469307,0.20243515,-0.18220990,0.01354138,-36.26504260,-6.60989653,0.01019990,-36.30522690,-6.56994924,0.01017242,0.00097412,0.00646170,0.03661843,0.03728719,-0.10790997,1
15.720,2.49349258,0.32437908,1.54524680,0.07768134,0.10375690,-0.25939225,-0.02774481,-0.01862643,0.04656608,2.48295556,0.32306123,1.53973931,0.04134517,0.06736082,-0.15501093,-0.20049842,-36.45993423,-6.42798376,-0.20134928,-36.45931483,-6.43072210,0.21960816,0.20657539,-0.18578740,0.01825888,-36.25273944,-6.61650950,0.01019990,-36.30542238,-6.56906023,0.01053702,0.00131785,0.00550749,0.03633617,0.03639608,-0.10438132,1
15.730,2.49426801,0.32541571,1.54265521,0.07740394,0.10357002,-0.25892505,-0.02773512,-0.01874905,0.04687262,2.48378310,0.32446302,1.53639982,0.04135452,0.06809086,-0.15821897,-0.20069772,-36.45173645,-6.43098974,-0.20154771,-36.45111758,-6.43373417,0.21826348,0.19286358,-0.16687039,0.01671576,-36.25825400,-6.60060456,0.01405201,-36.29482427,-6.56974946,0.01048491,0.00095269,0.00625539,0.03604942,0.03547916,-0.10070608,1
15.740,2.49504066,0.32645047,1.54006831,0.07712664,0.10338192,-0.25845480,-0.02772522,-0.01887129,0.04717821,2.48419704,0.32516950,1.53470448,0.04136432,0.06873008,-0.16104757,-0.20089702,-36.44351959,-6.43396425,-0.20174614,-36.44290126,-6.43671476,0.22308080,0.19693663,-0.17020827,0.02133466,-36.24596464,-6.60692303,0.01405201,-36.29500764,-6.56890432,0.01084362,0.00128097,0.00536383,0.03576232,0.03465184,-0.09740723,1
15.750,2.49581054,0.32748335,1.53748612,0.07684944,0.10319260,-0.25798149,-0.02771511,-0.01899314,0.04748286,2.48502522,0.32659198,1.53126924,0.04137674,0.06936689,-0.16390815,-0.20109753,-36.43527222,-6.43691635,-0.20194579,-36.43465444,-6.43967294,0.22163788,0.18306782,-0.15077761,0.01969210,-36.25158662,-6.59045055,0.01280592,-36.29900803,-6.55671084,0.01078532,0.00089137,0.00621688,0.03547270,0.03382571,-0.09407334,1
15.760,2.49657765,0.32851432,1.53490869,0.07657234,0.10300206,-0.25750514,-0.02770478,-0.01911461,0.04778654,2.48543945,0.32730734,1.52953188,0.04138833,0.06990917,-0.16636508,-0.20129834,-36.42699432,-6.43984079,-0.20214573,-36.42637707,-6.44260342,0.22636482,0.18729643,-0.15435994,0.02421910,-36.23908064,-6.59696336,0.01151241,-36.30344516,-6.54378165,0.01113820,0.00120698,0.00537681,0.03518401,0.03309289,-0.09114006,1
15.770,2.49734199,0.32954338,1.53233603,0.07629534,0.10281030,-0.25702576,-0.02769423,-0.01923570,0.04808925,2.48626825,0.32874557,1.52602033,0.04140330,0.07044281,-0.16882836,-0.20149948,-36.41869736,-6.44274044,-0.20234599,-36.41808063,-6.44550910,0.22482495,0.17344178,-0.13479142,0.02247896,-36.24463885,-6.58030052,0.01637385,-36.29102551,-6.55046838,0.01107374,0.00079781,0.00631570,0.03489204,0.03236749,-0.08819740,1
15.780,2.49810356,0.33057052,1.52976818,0.07601845,0.10261734,-0.25654336,-0.02768347,-0.01935640,0.04839099,2.48709766,0.33019267,1.52246477,0.04142187,0.07094551,-0.17119209,-0.20170105,-36.41036224,-6.44560957,-0.20254668,-36.40974604,-6.44838426,0.22322755,0.15946522,-0.11482851,0.02068087,-36.25028083,-6.56321276,0.01498348,-36.29599354,-6.53576659,0.01100590,0.00037785,0.00730341,0.03459658,0.03167183,-0.08535127,1
15.790,2.49886236,0.33159573,1.52720517,0.07574167,0.10242318,-0.25605795,-0.02767249,-0.01947670,0.04869175,2.48792762,0.33164584,1.51887651,0.04144267,0.07138964,-0.17333784,-0.20190307,-36.40200424,-6.44845676,-0.20274784,-36.40138858,-6.45123744,0.22157588,0.14557456,-0.09491408,0.01882804,-36.25581402,-6.54615152,0.01354138,-36.30140361,-6.52000900,0.01093474,-0.00005011,0.00832866,0.03429900,0.03103354,-0.08272011,1
15.800,2.49961839,0.33261898,1.52464704,0.07546500,0.10222781,-0.25556953,-0.02766130,-0.01959661,0.04899152,2.48834287,0.33237451,1.51707086,0.04146332,0.07175898,-0.17514465,-0.20210506,-36.39361954,-6.45127392,-0.20294896,-36.39300440,-6.45406059,0.22610418,0.15011600,-0.09895065,0.02315522,-36.24288839,-6.55301124,0.01825888,-36.28917294,-6.52622695,0.01127552,0.00024447,0.00757618,0.03400168,0.03046883,-0.08042488,1
15.810,2.50037166,0.33364028,1.52209379,0.07518845,0.10203125,-0.25507812,-0.02764989,-0.01971612,0.04929029,2.48917400,0.33383466,1.51344283,0.04148978,0.07208419,-0.17678373,-0.20230794,-36.38521194,-6.45406628,-0.20315095,-36.38459732,-6.45685891,0.22434143,0.13653571,-0.07964370,0.02119047,-36.24806161,-6.53650261,0.02133466,-36.28249454,-6.51607255,0.01119766,-0.00019438,0.00865096,0.03369867,0.02994706,-0.07829439,1
15.820,2.50112216,0.33465960,1.51954548,0.07491201,0.10183349,-0.25458373,-0.02763826,-0.01983522,0.04958806,2.49000613,0.33529797,1.50979469,0.04152194,0.07235848,-0.17822677,-0.20251071,-36.37678909,-6.45683479,-0.20335285,-36.37617499,-6.45963338,0.22251089,0.12307438,-0.06049258,0.01915804,-36.25310061,-6.52012596,0.01969210,-36.28817729,-6.49917261,0.01111603,-0.00063837,0.00975079,0.03339007,0.02947501,-0.07635696,1
15.830,2.50186990,0.33567694,1.51700213,0.07463568,0.10163454,-0.25408636,-0.02762642,-0.01995393,0.04988482,2.49042256,0.33602995,1.50796656,0.04155215,0.07256831,-0.17937341,-0.20271368,-36.36832428,-6.45957232,-0.20355494,-36.36771070,-6.46237683,0.22687896,0.12816377,-0.06567134,0.02332402,-36.23954693,-6.52804817,0.01969210,-36.28818554,-6.49904389,0.01144734,-0.00035301,0.00903557,0.03308353,0.02906623,-0.07471295,1
15.840,2.50261487,0.33669229,1.51446377,0.07435948,0.10143441,-0.25358603,-0.02761436,-0.02007223,0.05018057,2.49125631,0.33749437,1.50430315,0.04158959,0.07272866,-0.18033076,-0.20291701,-36.35985947,-6.46228647,-0.20375740,-36.35924642,-6.46509691,0.22493133,0.11513280,-0.04739132,0.02117393,-36.24411361,-6.51248823,0.02247896,-36.28124370,-6.48869911,0.01135856,-0.00080208,0.01016062,0.03276989,0.02870575,-0.07325527,1
15.850,2.50335709,0.33770563,1.51193042,0.07408340,0.10123310,-0.25308275,-0.02760208,-0.02019012,0.05047529,2.49167362,0.33822609,1.50247086,0.04162498,0.07283938,-0.18105525,-0.20312025,-36.35135651,-6.46497345,-0.20395976,-36.35074399,-6.46778977,0.22919370,0.12061223,-0.05342626,0.02523394,-36.23013175,-6.52121603,0.02247896,-36.28122462,-6.48868616,0.01168347,-0.00052046,0.00945956,0.03245842,0.02839372,-0.07202750,1
15.860,2.50409654,0.33871695,1.50940212,0.07380744,0.10103061,-0.25257653,-0.02758958,-0.02030759,0.05076898,2.49250908,0.33968645,1.49881379,0.04166548,0.07287001,-0.18147055,-0.20332387,-36.34284210,-6.46763420,-0.20416249,-36.34223008,-6.47045639,0.22713223,0.10821875,-0.03643782,0.02296974,-36.23401133,-6.50689421,0.02068087,-36.28676178,-6.47185454,0.01158746,-0.00096950,0.01058833,0.03214196,0.02816060,-0.07110598,1
15.870,2.50483324,0.33972624,1.50687890,0.07353161,0.10082695,-0.25206738,-0.02757687,-0.02042465,0.05106163,2.49334568,0.34114077,1.49517474,0.04171058,0.07281285,-0.18153388,-0.20352781,-36.33430099,-6.47027111,-0.20436556,-36.33368950,-6.47309916,0.22500345,0.09635755,-0.02048912,0.02063790,-36.23733194,-6.49358828,0.02315522,-36.27920908,-6.46214930,0.01148756,-0.00141453,0.01170416,0.03182103,0.02801410,-0.07053350,1
15.880,2.50556717,0.34073348,1.50436078,0.07325590,0.10062212,-0.25155530,-0.02756394,-0.02054130,0.05135324,2.49376446,0.34186555,1.49336242,0.04175258,0.07272905,-0.18145840,-0.20373131,-36.32574081,-6.47287893,-0.20456818,-36.32512983,-6.47571283,0.22910701,0.10281172,-0.02856203,0.02453883,-36.22231811,-6.50427485,0.02315522,-36.27912722,-6.46239526,0.01180271,-0.00113207,0.01099836,0.03150332,0.02789307,-0.07009690,1
15.890,2.50629836,0.34173868,1.50184780,0.07298033,0.10041613,-0.25104032,-0.02755078,-0.02065752,0.05164379,2.49460297,0.34330835,1.48976041,0.04179968,0.07255253,-0.18102198,-0.20393482,-36.31716156,-6.47546244,-0.20477081,-36.31655109,-6.47830214,0.22686361,0.09172124,-0.01419613,0.02209280,-36.22482985,-6.49249827,0.02119047,-36.28407309,-6.44664626,0.01169539,-0.00156967,0.01208739,0.03118065,0.02786360,-0.07001834,1
15.900,2.50702678,0.34274180,1.49933999,0.07270489,0.10020897,-0.25052243,-0.02753741,-0.02077332,0.05193329,2.49502267,0.34402568,1.48797351,0.04184243,0.07234761,-0.18043887,-0.20413865,-36.30856323,-6.47801828,-0.20497376,-36.30795327,-6.48086380,0.23086994,0.09885223,-0.02371969,0.02589618,-36.20910104,-6.50458349,0.01915804,-36.28896704,-6.43078119,0.01200411,-0.00128388,0.01136648,0.03086246,0.02786136,-0.07008356,1
15.910,2.50775245,0.34374285,1.49683736,0.07242958,0.10000066,-0.25000165,-0.02752382,-0.02088869,0.05222172,2.49586314,0.34545225,1.48442781,0.04189215,0.07205813,-0.17953078,-0.20434214,-36.29995728,-6.48054600,-0.20517637,-36.29934781,-6.48339728,0.22850975,0.08861650,-0.01111566,0.02333338,-36.21073131,-6.49451295,0.02332402,-36.27514178,-6.43964491,0.01188931,-0.00170940,0.01240955,0.03053743,0.02794253,-0.07047087,1
15.920,2.50847537,0.34474181,1.49433996,0.07215441,0.09979120,-0.24947800,-0.02751001,-0.02100363,0.05250908,2.49628389,0.34616084,1.48267166,0.04193784,0.07175819,-0.17855196,-0.20454569,-36.29131317,-6.48305464,-0.20537904,-36.29070421,-6.48591169,0.23241278,0.09632547,-0.02187809,0.02703374,-36.19437874,-6.50778978,0.02117393,-36.27954280,-6.42468047,0.01219148,-0.00141903,0.01166830,0.03021657,0.02803301,-0.07092604,1
15.930,2.50919554,0.34573867,1.49184781,0.07187938,0.09958059,-0.24895148,-0.02749597,-0.02111814,0.05279536,2.49712647,0.34756796,1.47919483,0.04199045,0.07136812,-0.17723571,-0.20474930,-36.28266525,-6.48553085,-0.20558176,-36.28205680,-6.48839363,0.22993354,0.08696264,-0.01103892,0.02435178,-36.19509416,-6.49943255,0.02523394,-36.26523069,-6.43457255,0.01206907,-0.00182929,0.01265298,0.02988893,0.02821247,-0.07171577,1
15.940,2.50991296,0.34673342,1.48936094,0.07160449,0.09936884,-0.24842209,-0.02748172,-0.02123222,0.05308055,2.49797055,0.34896083,1.47576909,0.04204859,0.07088977,-0.17557958,-0.20495234,-36.27399826,-6.48798609,-0.20578392,-36.27339031,-6.49085460,0.22737946,0.07833806,-0.00163694,0.02159555,-36.19505225,-6.49249153,0.02296974,-36.26873871,-6.42158862,0.01194241,-0.00222741,0.01359185,0.02955590,0.02847907,-0.07284251,1
15.950,2.51062763,0.34772604,1.48687938,0.07132975,0.09915595,-0.24788987,-0.02746725,-0.02134586,0.05336465,2.49839313,0.34965115,1.47407849,0.04210102,0.07042516,-0.17394983,-0.20515507,-36.26531982,-6.49041128,-0.20598577,-36.26471237,-6.49328550,0.23111867,0.08715049,-0.01465034,0.02513290,-36.17756188,-6.50793584,0.02063790,-36.27184761,-6.40905797,0.01223450,-0.00192511,0.01280089,0.02922873,0.02873079,-0.07394004,1
15.960,2.51133956,0.34871653,1.48440315,0.07105515,0.09894192,-0.24735481,-0.02745255,-0.02145906,0.05364764,2.49923951,0.35101998,1.47073983,0.04216057,0.06987912,-0.17201607,-0.20535776,-36.25662613,-6.49281216,-0.20618757,-36.25601917,-6.49569207,0.22844575,0.07934735,-0.00692196,0.02225818,-36.17667182,-6.50261402,0.02453883,-36.25643862,-6.42116745,0.01210005,-0.00230345,0.01366332,0.02889458,0.02906280,-0.07533874,1
15.970,2.51204874,0.34970488,1.48193229,0.07078070,0.09872677,-0.24681692,-0.02743764,-0.02157181,0.05392953,2.50008749,0.35237193,1.46746231,0.04222549,0.06925827,-0.16979967,-0.20556027,-36.24791336,-6.49518919,-0.20638919,-36.24730689,-6.49807475,0.22569704,0.07228061,-0.00061708,0.01930785,-36.17502628,-6.49869183,0.02589618,-36.24279889,-6.42300826,0.01196125,-0.00266705,0.01446998,0.02855521,0.02946850,-0.07701725,1
15.980,2.51275517,0.35069107,1.47946683,0.07050640,0.09851049,-0.24627622,-0.02742250,-0.02168412,0.05421030,2.50051212,0.35304173,1.46584556,0.04228501,0.06868881,-0.16776843,-0.20576258,-36.23918915,-6.49754047,-0.20659062,-36.23858318,-6.50043169,0.22926856,0.08195143,-0.01536309,0.02267794,-36.15663176,-6.51579478,0.02589618,-36.24259126,-6.42374614,0.01224305,-0.00235066,0.01362127,0.02822139,0.02982168,-0.07850779,1
15.990,2.51345886,0.35167508,1.47700678,0.07023225,0.09829309,-0.24573272,-0.02740714,-0.02179598,0.05448995,2.50136261,0.35436770,1.46266114,0.04235003,0.06803345,-0.16542532,-0.20596316,-36.23045731,-6.49986315,-0.20679031,-36.22985182,-6.50275996,0.22640027,0.07558684,-0.01043089,0.01960996,-36.15426498,-6.51319085,0.02333338,-36.24376499,-6.41531494,0.01209625,-0.00269262,0.01434564,0.02788222,0.03025964,-0.08030740,1
16.000,2.51415982,0.35265692,1.47455218,0.06995825,0.09807457,-0.24518642,-0.02739156,-0.02190739,0.05476847,2.50306876,0.35696601,1.45648190,0.04244141,0.06708746,-0.16206239,-0.20616457,-36.22170639,-6.50216150,-0.20699083,-36.22110140,-6.50506393,0.21060276,0.03880373,0.03096587,0.00361193,-36.18229767,-6.47409806,0.02159555,-36.22717700,-6.41650474,0.01109106,-0.00430909,0.01807028,0.02751684,0.03098711,-0.08312403,1
16.010,2.51485803,0.35363657,1.47210306,0.06968442,0.09785494,-0.24463735,-0.02737575,-0.02201834,0.05504586,2.50392439,0.35823777,1.45348821,0.04253192,0.06615641,-0.15877548,-0.20636454,-36.21294785,-6.50443554,-0.20718992,-36.21234336,-6.50734355,0.20752374,0.03504908,0.03121935,0.00033381,-36.17729427,-6.47612421,0.02513290,-36.20924351,-6.43347846,0.01093364,-0.00460120,0.01861485,0.02715250,0.03169853,-0.08586187,1
16.020,2.51555351,0.35461402,1.46965944,0.06941074,0.09763420,-0.24408551,-0.02735972,-0.02212884,0.05532210,2.50478169,0.35949084,1.45055884,0.04262027,0.06522065,-0.15549318,-0.20656438,-36.20417404,-6.50668192,-0.20738887,-36.20357003,-6.50959549,0.20438323,0.03172390,0.03072698,-0.00300565,-36.17184613,-6.47886851,0.02225818,-36.20787850,-6.42979088,0.01077182,-0.00487682,0.01910060,0.02679047,0.03241355,-0.08859233,1
16.030,2.51624625,0.35558925,1.46722136,0.06913722,0.09741236,-0.24353091,-0.02734347,-0.02223888,0.05559719,2.50521091,0.36011001,1.44911946,0.04269590,0.06439467,-0.15260439,-0.20676385,-36.19540024,-6.50890541,-0.20758746,-36.19479670,-6.51182451,0.20764866,0.04363714,0.01192649,0.00006120,-36.15115956,-6.49989802,0.01930785,-36.20598464,-6.42672283,0.01103534,-0.00452076,0.01810190,0.02644132,0.03301769,-0.09092652,1
16.040,2.51693625,0.35656226,1.46478883,0.06886387,0.09718943,-0.24297357,-0.02732700,-0.02234845,0.05587113,2.50607061,0.36133497,1.44628513,0.04277331,0.06355151,-0.14969573,-0.20696218,-36.18661499,-6.51110506,-0.20778490,-36.18601194,-6.51402967,0.20441256,0.04042974,0.01129014,-0.00337234,-36.14558220,-6.50273954,0.02267794,-36.18714278,-6.44530990,0.01086564,-0.00477271,0.01850370,0.02609056,0.03363792,-0.09327784,1
16.050,2.51762352,0.35753304,1.46236190,0.06859068,0.09696540,-0.24241349,-0.02731030,-0.02245756,0.05614390,2.50693186,0.36254136,1.44351212,0.04285032,0.06268399,-0.14673958,-0.20715974,-36.17781830,-6.51327753,-0.20798156,-36.17721573,-6.51620764,0.20111323,0.03774707,0.00981782,-0.00686834,-36.13946865,-6.50638981,0.01960996,-36.18430568,-6.44425529,0.01069166,-0.00500832,0.01884978,0.02574036,0.03428141,-0.09567391,1
16.060,2.51830807,0.35850157,1.45994057,0.06831767,0.09674028,-0.24185070,-0.02729338,-0.02256620,0.05641549,2.50779464,0.36372830,1.44080216,0.04292745,0.06178765,-0.14372999,-0.20735675,-36.16901016,-6.51542377,-0.20817769,-36.16840804,-6.51835936,0.19774990,0.03563247,0.00747217,-0.01042778,-36.13277558,-6.51088719,0.01960996,-36.18381430,-6.44584024,0.01051343,-0.00522673,0.01913841,0.02539022,0.03495263,-0.09812071,1
16.070,2.51898988,0.35946784,1.45752489,0.06804482,0.09651408,-0.24128519,-0.02727623,-0.02267437,0.05668591,2.50865841,0.36489118,1.43817297,0.04299516,0.06079642,-0.14039118,-0.20755255,-36.16020584,-6.51754618,-0.20837261,-36.15960422,-6.52048720,0.19434976,0.03453152,0.00333392,-0.01402285,-36.12507270,-6.51715329,0.00361193,-36.21120903,-6.40891068,0.01033147,-0.00542334,0.01935192,0.02504966,0.03571766,-0.10089401,1
16.080,2.51966896,0.36043184,1.45511488,0.06777214,0.09628679,-0.24071698,-0.02725886,-0.02278206,0.05695515,2.50952284,0.36602836,1.43562998,0.04305377,0.05973095,-0.13681102,-0.20774749,-36.15137863,-6.51964331,-0.20856664,-36.15077747,-6.52258976,0.19091704,0.03438178,-0.00244772,-0.01764960,-36.11639569,-6.52503748,0.00033381,-36.20556154,-6.41308894,0.01014612,-0.00559652,0.01948490,0.02471837,0.03655584,-0.10390596,1
16.090,2.52034532,0.36139357,1.45271056,0.06749964,0.09605844,-0.24014609,-0.02724126,-0.02288928,0.05722319,2.50995525,0.36658727,1.43439051,0.04310051,0.05877110,-0.13359492,-0.20794155,-36.14256668,-6.52171755,-0.20875981,-36.14196600,-6.52466941,0.19394823,0.04809927,-0.02418551,-0.01481158,-36.09386673,-6.54885492,-0.00300565,-36.19979190,-6.41689520,0.01039007,-0.00519370,0.01832005,0.02439913,0.03728734,-0.10655117,1
16.100,2.52101896,0.36235301,1.45031196,0.06722732,0.09582901,-0.23957252,-0.02722343,-0.02299601,0.05749003,2.51082044,0.36768623,1.43197268,0.04314210,0.05774235,-0.13018896,-0.20813468,-36.13373184,-6.52376509,-0.20895206,-36.13313162,-6.52672234,0.19045734,0.04859727,-0.03099822,-0.01849472,-36.08453435,-6.55772056,0.00006120,-36.17848762,-6.43991247,0.01019852,-0.00533322,0.01833928,0.02408522,0.03808666,-0.10938356,1
16.110,2.52168987,0.36331015,1.44791912,0.06695517,0.09559852,-0.23899629,-0.02720538,-0.02310227,0.05775567,2.51125321,0.36822702,1.43079103,0.04317571,0.05682645,-0.12718312,-0.20832662,-36.12490082,-6.52578688,-0.20914311,-36.12430107,-6.52874949,0.19342843,0.06242329,-0.05280051,-0.01571468,-36.06187778,-6.58154999,-0.00337234,-36.17262158,-6.44365674,0.01043666,-0.00491687,0.01712809,0.02377946,0.03877207,-0.11181317,1
16.120,2.52235806,0.36426498,1.44553205,0.06668321,0.09536697,-0.23841741,-0.02718711,-0.02320803,0.05802009,2.51211899,0.36929109,1.42848178,0.04320470,0.05584856,-0.12403154,-0.20851718,-36.11606598,-6.52778482,-0.20933278,-36.11546669,-6.53075276,0.18987288,0.06341390,-0.06022693,-0.01945990,-36.05205279,-6.59097969,-0.00686834,-36.16592609,-6.44910143,0.01023907,-0.00502611,0.01705027,0.02347851,0.03951841,-0.11438587,1
16.130,2.52302353,0.36521748,1.44315078,0.06641143,0.09513436,-0.23783589,-0.02716861,-0.02331332,0.05828329,2.51298493,0.37033191,1.42624314,0.04322787,0.05482491,-0.12079115,-0.20870675,-36.10722733,-6.52976084,-0.20952144,-36.10662849,-6.53273409,0.18628588,0.06515074,-0.06871139,-0.02323556,-36.04147775,-6.60144547,-0.01042778,-36.15865256,-6.45535219,0.01003860,-0.00511443,0.01690764,0.02318356,0.04030945,-0.11704474,1
16.140,2.52368629,0.36616766,1.44077534,0.06613984,0.09490070,-0.23725175,-0.02714988,-0.02341810,0.05854526,2.51341792,0.37084362,1.42514980,0.04324541,0.05391137,-0.11792704,-0.20889460,-36.09838867,-6.53170776,-0.20970840,-36.09779030,-6.53468631,0.18916457,0.07950261,-0.09106291,-0.02054383,-36.01828769,-6.62574922,-0.01042778,-36.15836095,-6.45621984,0.01026837,-0.00467596,0.01562554,0.02289443,0.04098933,-0.11932471,1
16.150,2.52434633,0.36711549,1.43840575,0.06586844,0.09466600,-0.23666499,-0.02713092,-0.02352240,0.05880600,2.51428374,0.37184997,1.42301277,0.04325632,0.05294111,-0.11495025,-0.20908178,-36.08954620,-6.53363466,-0.20989469,-36.08894829,-6.53661848,0.18552328,0.08170788,-0.10004588,-0.02437141,-36.00724041,-6.63666436,-0.01402285,-36.15008788,-6.46414334,0.01006259,-0.00473448,0.01539298,0.02261212,0.04172489,-0.12171474,1
16.160,2.52500366,0.36806098,1.43604205,0.06559722,0.09443025,-0.23607563,-0.02711174,-0.02362620,0.05906550,2.51471653,0.37234476,1.42196814,0.04326203,0.05207540,-0.11232840,-0.20926727,-36.08070374,-6.53553534,-0.21007929,-36.08010626,-6.53852439,0.18834778,0.09611678,-0.12226097,-0.02173151,-35.98398948,-6.66078536,-0.01764960,-36.14113484,-6.47280606,0.01028713,-0.00428378,0.01407391,0.02233519,0.04235485,-0.12374723,1
16.170,2.52565828,0.36900410,1.43368425,0.06532620,0.09419348,-0.23548369,-0.02709233,-0.02372950,0.05932374,2.51558189,0.37332001,1.41991573,0.04326263,0.05118680,-0.10974678,-0.20945086,-36.07185745,-6.53740883,-0.21026198,-36.07126045,-6.54040309,0.18465351,0.09856406,-0.13119148,-0.02560847,-35.97269640,-6.67159457,-0.01481158,-36.11812723,-6.49785395,0.01007639,-0.00431591,0.01376852,0.02206357,0.04300668,-0.12573691,1
16.180,2.52631018,0.36994484,1.43133238,0.06505538,0.09395567,-0.23488916,-0.02707269,-0.02383229,0.05958073,2.51644680,0.37427661,1.41790941,0.04325671,0.05028932,-0.10724755,-0.20963329,-36.06300735,-6.53926420,-0.21044352,-36.06241080,-6.54226367,0.18093848,0.10145723,-0.14043192,-0.02950504,-35.96095357,-6.68269560,-0.01849472,-36.10833279,-6.50784564,0.00986338,-0.00433177,0.01342297,0.02179867,0.04366635,-0.12764161,1
16.190,2.52695938,0.37088321,1.42898647,0.06478475,0.09371683,-0.23429208,-0.02705283,-0.02393459,0.05983646,2.51731121,0.37521716,1.41593720,0.04324563,0.04942868,-0.10500351,-0.20981364,-36.05416870,-6.54109144,-0.21062297,-36.05357260,-6.54409609,0.17720090,0.10450305,-0.14939446,-0.03342207,-35.94906956,-6.69349055,-0.01945990,-36.07547617,-6.54184400,0.00964817,-0.00433395,0.01304927,0.02153912,0.04428815,-0.12928857,1
16.200,2.52760588,0.37181918,1.42664655,0.06451432,0.09347698,-0.23369244,-0.02703273,-0.02403637,0.06009092,2.51817492,0.37614328,1.41399119,0.04322786,0.04860551,-0.10300832,-0.20999271,-36.04532242,-6.54289770,-0.21080115,-36.04472676,-6.54590748,0.17344685,0.10765718,-0.15799152,-0.03735429,-35.93706958,-6.70389900,-0.02323556,-36.06454575,-6.55293411,0.00943096,-0.00432410,0.01265536,0.02128646,0.04487147,-0.13068412,1
16.210,2.52824967,0.37275274,1.42431263,0.06424409,0.09323611,-0.23309026,-0.02701241,-0.02413764,0.06034410,2.51860646,0.37660203,1.41302317,0.04320955,0.04792291,-0.10145693,-0.21017009,-36.03648758,-6.54467821,-0.21097764,-36.03589237,-6.54769311,0.17613631,0.12172838,-0.17810984,-0.03484133,-35.91416399,-6.72580295,-0.02054383,-36.04122523,-6.57734783,0.00964321,-0.00384929,0.01128946,0.02103454,0.04531320,-0.13163333,1
16.220,2.52889076,0.37368390,1.42198475,0.06397407,0.09299422,-0.23248556,-0.02699185,-0.02423840,0.06059600,2.51946890,0.37751174,1.41109284,0.04318448,0.04728372,-0.10020966,-0.21034522,-36.02764511,-6.54643679,-0.21115187,-36.02705035,-6.54945678,0.17233553,0.12424345,-0.18487360,-0.03881634,-35.90280690,-6.73433037,-0.02437141,-36.02992350,-6.58843044,0.00942186,-0.00382784,0.01089191,0.02078959,0.04571050,-0.13227590,1
16.230,2.52952915,0.37461262,1.41966293,0.06370426,0.09275134,-0.23187835,-0.02697107,-0.02433864,0.06084661,2.52033035,0.37841241,1.40916365,0.04315343,0.04669996,-0.09929909,-0.21051867,-36.01881409,-6.54816866,-0.21132443,-36.01821976,-6.55119373,0.16852145,0.12664156,-0.19072561,-0.04280299,-35.89157820,-6.74191934,-0.02173151,-36.00646382,-6.61250167,0.00919880,-0.00379979,0.01049928,0.02055083,0.04605138,-0.13257926,1
16.240,2.53016485,0.37553892,1.41734719,0.06343465,0.09250745,-0.23126863,-0.02695006,-0.02443837,0.06109592,2.52119066,0.37930714,1.40722193,0.04311533,0.04619063,-0.09878717,-0.21069025,-36.00998306,-6.54987907,-0.21149510,-36.00938917,-6.55290919,0.16469819,0.12875039,-0.19533327,-0.04679691,-35.88063878,-6.74824246,-0.02560847,-35.99502772,-6.62296886,0.00897419,-0.00376822,0.01012526,0.02031932,0.04631682,-0.13248146,1
16.250,2.53079785,0.37646277,1.41503757,0.06316526,0.09226257,-0.23065643,-0.02692881,-0.02453757,0.06134392,2.52204961,0.38019683,1.40526295,0.04306893,0.04574846,-0.09863390,-0.21085925,-36.00115967,-6.55156708,-0.21166322,-36.00056621,-6.55460220,0.16087170,0.13058330,-0.19873448,-0.05079152,-35.86998290,-6.75333668,-0.02950504,-35.98316455,-6.63360856,0.00874824,-0.00373406,0.00977462,0.02009633,0.04651411,-0.13202253,1
16.260,2.53142815,0.37738417,1.41273407,0.06289608,0.09201670,-0.23004176,-0.02690734,-0.02463625,0.06159061,2.52290695,0.38108237,1.40328209,0.04301331,0.04536767,-0.09880663,-0.21102691,-35.99233627,-6.55323029,-0.21182997,-35.99174326,-6.55627041,0.15704746,0.13214704,-0.20095083,-0.05478251,-35.85959622,-6.75722124,-0.03342207,-35.97118220,-6.64382813,0.00852120,-0.00369820,0.00945198,0.01988277,0.04664903,-0.13123513,1
16.270,2.53205577,0.37830310,1.41043674,0.06262711,0.09176985,-0.22942463,-0.02688564,-0.02473439,0.06183598,2.52333494,0.38152391,1.40228189,0.04295962,0.04506406,-0.09911001,-0.21119137,-35.98352432,-6.55487061,-0.21199353,-35.98293174,-6.55791570,0.15962012,0.14435934,-0.21550408,-0.05237342,-35.83857240,-6.77341977,-0.03735429,-35.95914620,-6.65388892,0.00872083,-0.00322081,0.00815485,0.01966749,0.04670579,-0.13031462,1
16.280,2.53268070,0.37921956,1.40814559,0.06235836,0.09152202,-0.22880504,-0.02686370,-0.02483201,0.06208003,2.52418950,0.38240523,1.40025839,0.04289601,0.04481334,-0.09974722,-0.21135393,-35.97472000,-6.55648708,-0.21215520,-35.97412786,-6.55953712,0.15577386,0.14524588,-0.21583365,-0.05638133,-35.82888198,-6.77537077,-0.03484133,-35.93619458,-6.67497353,0.00849120,-0.00318567,0.00788720,0.01946235,0.04670868,-0.12905782,1
16.290,2.53330294,0.38013354,1.40586065,0.06208984,0.09127321,-0.22818303,-0.02684154,-0.02492910,0.06232274,2.52504218,0.38328610,1.39819593,0.04282394,0.04462161,-0.10072183,-0.21151467,-35.96591187,-6.55807972,-0.21231503,-35.96532015,-6.56113466,0.15193271,0.14578186,-0.21472670,-0.06038232,-35.81953829,-6.77586136,-0.03881634,-35.92483011,-6.68250755,0.00826076,-0.00315256,0.00766472,0.01926590,0.04665160,-0.12746120,1
16.300,2.53392249,0.38104502,1.40358194,0.06182153,0.09102344,-0.22755859,-0.02681914,-0.02502565,0.06256412,2.52546767,0.38372686,1.39714810,0.04275535,0.04448510,-0.10173692,-0.21167210,-35.95711899,-6.55965233,-0.21247157,-35.95652772,-6.56271217,0.15445253,0.15697831,-0.22662298,-0.05801903,-35.79954941,-6.78933515,-0.04280299,-35.91361599,-6.68952824,0.00845482,-0.00268184,0.00643384,0.01906618,0.04653834,-0.12582167,1
16.310,2.53453937,0.38195400,1.40130948,0.06155346,0.09077270,-0.22693175,-0.02679651,-0.02512166,0.06280414,2.52631686,0.38460912,1.39501846,0.04267342,0.04439696,-0.10307110,-0.21182771,-35.94833374,-6.56120014,-0.21262628,-35.94774289,-6.56426484,0.15060378,0.15682793,-0.22357073,-0.06202250,-35.79091496,-6.78783557,-0.04679691,-35.90270504,-6.69470564,0.00822251,-0.00265512,0.00629102,0.01888004,0.04637574,-0.12386065,1
16.320,2.53515356,0.38286047,1.39904331,0.06128561,0.09052101,-0.22630252,-0.02677364,-0.02521712,0.06304281,2.52716344,0.38549277,1.39284178,0.04257851,0.04434901,-0.10466324,-0.21198082,-35.93955994,-6.56272411,-0.21277849,-35.93896952,-6.56579366,0.14678010,0.15637436,-0.21917453,-0.06599839,-35.78259516,-6.78496818,-0.05079152,-35.89208548,-6.69861684,0.00799012,-0.00263230,0.00620153,0.01870710,0.04617200,-0.12163928,1
16.330,2.53576508,0.38376442,1.39678344,0.06101798,0.09026836,-0.22567090,-0.02675055,-0.02531205,0.06328012,2.52800716,0.38637803,1.39061709,0.04247094,0.04433355,-0.10645908,-0.21213037,-35.93080139,-6.56422710,-0.21292714,-35.93021140,-6.56730144,0.14298469,0.15565038,-0.21355705,-0.06994246,-35.77456101,-6.78085850,-0.05478251,-35.88173980,-6.70129794,0.00775792,-0.00261361,0.00616635,0.01854704,0.04593481,-0.11921182,1
16.340,2.53637392,0.38466584,1.39452990,0.06075060,0.09001477,-0.22503692,-0.02672722,-0.02540642,0.06351606,2.52842791,0.38682195,1.38948422,0.04237178,0.04434815,-0.10816611,-0.21227746,-35.92204285,-6.56570673,-0.21307332,-35.92145327,-6.56878585,0.14547767,0.16574258,-0.22226816,-0.06759565,-35.75571069,-6.79105401,-0.05237342,-35.86076839,-6.71677617,0.00794601,-0.00215611,0.00504568,0.01837882,0.04566662,-0.11687081,1
16.350,2.53698009,0.38556471,1.39228271,0.06048344,0.08976023,-0.22440058,-0.02670366,-0.02550025,0.06375063,2.52926712,0.38771268,1.38717605,0.04225905,0.04440797,-0.11015461,-0.21242209,-35.91329575,-6.56716394,-0.21321706,-35.91270660,-6.57024783,0.14168085,0.16437004,-0.21490821,-0.07153621,-35.74833656,-6.78515604,-0.05638133,-35.85117569,-6.71731070,0.00771297,-0.00214797,0.00510666,0.01822439,0.04535226,-0.11424597,1
16.360,2.53758359,0.38646104,1.39004190,0.06021652,0.08950476,-0.22376191,-0.02667987,-0.02559352,0.06398381,2.53010310,0.38860720,1.38481194,0.04213330,0.04449937,-0.11234064,-0.21256354,-35.90455627,-6.56859970,-0.21335762,-35.90396757,-6.57168830,0.13791887,0.16267675,-0.20623836,-0.07543875,-35.74129082,-6.77792666,-0.06038232,-35.84192507,-6.71641200,0.00748049,-0.00214616,0.00522996,0.01808322,0.04500539,-0.11142127,1
16.370,2.53818443,0.38735480,1.38780748,0.05994984,0.08924836,-0.22312091,-0.02665584,-0.02568624,0.06421560,2.53051981,0.38905578,1.38360940,0.04201772,0.04458894,-0.11431894,-0.21270189,-35.89583969,-6.57001162,-0.21349505,-35.89525139,-6.57310492,0.14038629,0.17207309,-0.21310036,-0.07310876,-35.72317830,-6.78620528,-0.06038232,-35.84196711,-6.71573443,0.00766462,-0.00170098,0.00419808,0.01793212,0.04465942,-0.10880197,1
16.380,2.53878259,0.38824600,1.38557949,0.05968341,0.08899104,-0.22247760,-0.02663157,-0.02577840,0.06444600,2.53135067,0.38995691,1.38115866,0.04188800,0.04472248,-0.11656106,-0.21283756,-35.88712692,-6.57140160,-0.21362983,-35.88653905,-6.57449957,0.13662969,0.16986692,-0.20298654,-0.07700015,-35.71667213,-6.77748611,-0.06202250,-35.81347651,-6.72619188,0.00743192,-0.00171091,0.00442083,0.01779541,0.04426856,-0.10591654,1
16.390,2.53937809,0.38913462,1.38335794,0.05941721,0.08873280,-0.22183200,-0.02660708,-0.02587000,0.06467499,2.53217793,0.39086296,1.37864940,0.04174495,0.04488197,-0.11896358,-0.21296960,-35.87842560,-6.57277012,-0.21376097,-35.87783814,-6.57587273,0.13291419,0.16733926,-0.19162130,-0.08084678,-35.71049888,-6.76749403,-0.06599839,-35.80527538,-6.72188260,0.00720016,-0.00172834,0.00470854,0.01767226,0.04385083,-0.10286842,1
16.400,2.53997094,0.39002065,1.38114285,0.05915127,0.08847364,-0.22118411,-0.02658235,-0.02596103,0.06490257,2.53300137,0.39177324,1.37608513,0.04158922,0.04505230,-0.12144066,-0.21309879,-35.86974335,-6.57411766,-0.21388925,-35.86915632,-6.57722489,0.12924194,0.16458190,-0.17926450,-0.08464731,-35.70457441,-6.75648939,-0.06994246,-35.79734266,-6.71642255,0.00696957,-0.00175259,0.00505772,0.01756205,0.04342134,-0.09974345,1
16.410,2.54056112,0.39090409,1.37893426,0.05888557,0.08821358,-0.22053395,-0.02655738,-0.02605150,0.06512874,2.53341161,0.39223025,1.37478190,0.04144803,0.04521454,-0.12366122,-0.21322414,-35.86107254,-6.57544088,-0.21401371,-35.86048593,-6.57855270,0.13169911,0.17312843,-0.18385324,-0.08231460,-35.68735750,-6.76240594,-0.06759565,-35.77856132,-6.72589256,0.00714951,-0.00132616,0.00415236,0.01743754,0.04299904,-0.09687273,1
16.420,2.54114865,0.39178492,1.37673218,0.05862012,0.08795261,-0.21988154,-0.02653218,-0.02614139,0.06535348,2.53422913,0.39314794,1.37213383,0.04129212,0.04539625,-0.12601265,-0.21334629,-35.85241699,-6.57674170,-0.21413494,-35.85183080,-6.57985804,0.12803715,0.16999087,-0.17054108,-0.08609779,-35.68183993,-6.75039912,-0.07153621,-35.77130725,-6.71862256,0.00691952,-0.00136302,0.00459835,0.01732800,0.04255636,-0.09386889,1
16.430,2.54173352,0.39266314,1.37453664,0.05835492,0.08769075,-0.21922688,-0.02650674,-0.02623071,0.06557679,2.53463635,0.39360838,1.37079022,0.04114958,0.04555809,-0.12809961,-0.21346498,-35.84377289,-6.57802057,-0.21425273,-35.84318711,-6.58114145,0.13046369,0.17831510,-0.17475845,-0.08378903,-35.66487201,-6.75589990,-0.07153621,-35.77135836,-6.71797580,0.00709717,-0.00094524,0.00374642,0.01720534,0.04213266,-0.09112727,1
16.440,2.54231575,0.39353874,1.37234765,0.05808999,0.08742800,-0.21857001,-0.02648106,-0.02631946,0.06579866,2.53544756,0.39453174,1.36806777,0.04098885,0.04572003,-0.13024947,-0.21358021,-35.83514404,-6.57928085,-0.21436706,-35.83455868,-6.58240622,0.12682747,0.17499553,-0.16080238,-0.08753959,-35.65956315,-6.74320860,-0.07543875,-35.76439375,-6.70957713,0.00686819,-0.00099300,0.00427988,0.01710114,0.04170797,-0.08832054,1
16.450,2.54289532,0.39441170,1.37016524,0.05782530,0.08716437,-0.21791092,-0.02645515,-0.02640763,0.06601908,2.53625448,0.39545897,1.36529721,0.04081437,0.04589171,-0.13246083,-0.21369168,-35.82653809,-6.58051777,-0.21447764,-35.82595315,-6.58364760,0.12324341,0.17146022,-0.14597545,-0.09123423,-35.65449292,-6.72962305,-0.07700015,-35.73987551,-6.70793866,0.00664084,-0.00104727,0.00486803,0.01701093,0.04127266,-0.08545009,1
16.460,2.54347225,0.39528202,1.36798944,0.05756088,0.08689985,-0.21724963,-0.02642901,-0.02649522,0.06623805,2.53665629,0.39592383,1.36389525,0.04065596,0.04604022,-0.13439476,-0.21379933,-35.81793976,-6.58173323,-0.21458437,-35.81735523,-6.58486749,0.12566505,0.17953034,-0.14954315,-0.08891932,-35.63782489,-6.73441064,-0.07700015,-35.73991501,-6.70738783,0.00681596,-0.00064181,0.00409419,0.01690492,0.04085963,-0.08285487,1
16.470,2.54404654,0.39614969,1.36582026,0.05729672,0.08663446,-0.21658616,-0.02640262,-0.02658222,0.06645556,2.53745645,0.39685513,1.36106289,0.04047960,0.04617704,-0.13631632,-0.21390346,-35.80936432,-6.58292770,-0.21468760,-35.80878021,-6.58606640,0.12210798,0.17592716,-0.13445457,-0.09257962,-35.63285305,-6.72052097,-0.08084678,-35.73379263,-6.69645355,0.00659009,-0.00070544,0.00475737,0.01681712,0.04045742,-0.08026984,1
16.480,2.54461819,0.39701471,1.36365772,0.05703283,0.08636821,-0.21592052,-0.02637600,-0.02666864,0.06667160,2.53825189,0.39778777,1.35819736,0.04028799,0.04629703,-0.13816260,-0.21400328,-35.80080032,-6.58409929,-0.21478652,-35.80021663,-6.58724235,0.11861296,0.17230370,-0.11903043,-0.09617356,-35.62791293,-6.70627278,-0.08231460,-35.71068600,-6.69055521,0.00636630,-0.00077306,0.00546036,0.01674484,0.04007118,-0.07775792,1
16.490,2.54518720,0.39787705,1.36150186,0.05676921,0.08610109,-0.21525273,-0.02634914,-0.02675447,0.06688617,2.53904259,0.39872177,1.35530045,0.04008449,0.04639895,-0.13991465,-0.21409912,-35.79225540,-6.58525276,-0.21488146,-35.79167213,-6.58840016,0.11517353,0.16866550,-0.10334095,-0.09970792,-35.62300662,-6.69174111,-0.08609779,-35.70519228,-6.67781373,0.00614461,-0.00084472,0.00620141,0.01668472,0.03970214,-0.07533808,1
16.500,2.54575358,0.39873673,1.35935268,0.05650585,0.08583312,-0.21458280,-0.02632205,-0.02683970,0.06709926,2.53982844,0.39965610,1.35237767,0.03987161,0.04648169,-0.14155760,-0.21419083,-35.78372574,-6.58638191,-0.21497226,-35.78314287,-6.58953361,0.11178641,0.16504376,-0.08749498,-0.10318585,-35.61809911,-6.67702859,-0.08378903,-35.68823697,-6.68265668,0.00592514,-0.00091937,0.00697501,0.01663424,0.03935143,-0.07302520,1
16.510,2.54631732,0.39959371,1.35721021,0.05624277,0.08556430,-0.21391075,-0.02629471,-0.02692434,0.06731086,2.54021953,0.40012337,1.35090763,0.03968094,0.04654309,-0.14291931,-0.21427859,-35.77521896,-6.58749199,-0.21505912,-35.77463651,-6.59064800,0.11423745,0.17313428,-0.09114581,-0.10082166,-35.60150223,-6.68179382,-0.08753959,-35.68292679,-6.66970639,0.00609779,-0.00052966,0.00630258,0.01656183,0.03902121,-0.07099144,1
16.520,2.54687843,0.40044801,1.35507447,0.05597996,0.08529464,-0.21323659,-0.02626714,-0.02700839,0.06752097,2.54099795,0.40105719,1.34795474,0.03947493,0.04657445,-0.14413832,-0.21436226,-35.76673126,-6.58857822,-0.21514188,-35.76614922,-6.59173848,0.11087005,0.16963998,-0.07578281,-0.10427184,-35.59650924,-6.66752129,-0.09123423,-35.67782719,-6.65572537,0.00588048,-0.00060918,0.00711973,0.01650503,0.03872019,-0.06909827,1
16.530,2.54743692,0.40129960,1.35294548,0.05571742,0.08502414,-0.21256034,-0.02623933,-0.02709183,0.06772957,2.54138524,0.40152332,1.34647404,0.03928845,0.04658400,-0.14512118,-0.21444140,-35.75827026,-6.58964586,-0.21522013,-35.75768864,-6.59281033,0.11329200,0.17787588,-0.08005637,-0.10192813,-35.57981276,-6.67286670,-0.09123423,-35.67779924,-6.65558817,0.00605168,-0.00022372,0.00647144,0.01642897,0.03844014,-0.06743916,1
16.540,2.54799278,0.40214849,1.35082327,0.05545517,0.08475280,-0.21188201,-0.02621128,-0.02717467,0.06793667,2.54215601,0.40245436,1.34350430,0.03908469,0.04656830,-0.14598147,-0.21451604,-35.74982452,-6.59069157,-0.21529385,-35.74924332,-6.59386022,0.10995720,0.17454333,-0.06518467,-0.10533665,-35.57469999,-6.65904489,-0.09257962,-35.65611365,-6.64623979,0.00583677,-0.00030587,0.00731897,0.01637048,0.03818450,-0.06590054,1
16.550,2.54854602,0.40299466,1.34870785,0.05519320,0.08448064,-0.21120161,-0.02618299,-0.02725690,0.06814224,2.54292154,0.40338229,1.34053125,0.03886595,0.04651231,-0.14664078,-0.21458644,-35.74139023,-6.59171820,-0.21536333,-35.74080943,-6.59489100,0.10669194,0.17141762,-0.05067793,-0.10867140,-35.56939181,-6.64556894,-0.09617356,-35.65108511,-6.63196344,0.00562448,-0.00038763,0.00817660,0.01632725,0.03796833,-0.06456083,1
16.560,2.54909665,0.40383810,1.34659924,0.05493151,0.08420767,-0.21051917,-0.02615446,-0.02733852,0.06834630,2.54368168,0.40430540,1.33756362,0.03863399,0.04640470,-0.14703980,-0.21465151,-35.73298645,-6.59272194,-0.21542751,-35.73240606,-6.59589886,0.10349523,0.16859811,-0.03679806,-0.11193228,-35.56380795,-6.63269692,-0.09970792,-35.64604755,-6.61762267,0.00541497,-0.00046730,0.00903562,0.01629752,0.03780297,-0.06347937,1
16.570,2.54964465,0.40467881,1.34449747,0.05467011,0.08393388,-0.20983469,-0.02612569,-0.02741953,0.06854882,2.54443628,0.40522198,1.33461019,0.03839019,0.04623701,-0.14713426,-0.21471260,-35.72460175,-6.59370852,-0.21548771,-35.72402177,-6.59688955,0.10036635,0.16616977,-0.02376926,-0.11512136,-35.55785200,-6.62065880,-0.10318585,-35.64096608,-6.60331976,0.00520837,-0.00054317,0.00988728,0.01627992,0.03769687,-0.06270043,1
16.580,2.55019005,0.40551677,1.34240256,0.05440900,0.08365928,-0.20914820,-0.02609667,-0.02749992,0.06874981,2.54518528,0.40613166,1.33167511,0.03813780,0.04602708,-0.14698207,-0.21476895,-35.71623230,-6.59467411,-0.21554314,-35.71565274,-6.59785920,0.09729988,0.16405219,-0.01150059,-0.11824326,-35.55160055,-6.60935979,-0.10082166,-35.62420088,-6.60853108,0.00500477,-0.00061489,0.01072745,0.01627120,0.03763220,-0.06216613,1
16.590,2.55073283,0.40635199,1.34031452,0.05414818,0.08338388,-0.20845970,-0.02606742,-0.02757970,0.06894925,2.54555766,0.40658359,1.33021632,0.03791276,0.04581851,-0.14670647,-0.21481994,-35.70788574,-6.59561634,-0.21559322,-35.70730662,-6.59880546,0.09978956,0.17329985,-0.01863841,-0.11580366,-35.53400677,-6.61744387,-0.10427184,-35.61910566,-6.59458146,0.00517517,-0.00023160,0.01009820,0.01623542,0.03756537,-0.06175323,1
16.600,2.55127301,0.40718445,1.33823337,0.05388765,0.08310769,-0.20776922,-0.02603793,-0.02765886,0.06914714,2.54629815,0.40748131,1.32731789,0.03767325,0.04556219,-0.14618717,-0.21486707,-35.69956970,-6.59653759,-0.21563945,-35.69899099,-6.59973069,0.09674773,0.17156842,-0.00757488,-0.11889172,-35.52742257,-6.60730558,-0.10192813,-35.60220938,-6.60055206,0.00497486,-0.00029686,0.01091548,0.01621440,0.03754550,-0.06158205,1
16.610,2.55181059,0.40801414,1.33615914,0.05362742,0.08283070,-0.20707676,-0.02600820,-0.02773739,0.06934348,2.54703301,0.40837102,1.32444525,0.03742266,0.04526497,-0.14545004,-0.21490890,-35.69126892,-6.59744263,-0.21568036,-35.69069063,-6.60063970,0.09377406,0.17016828,0.00270439,-0.12190630,-35.52052235,-6.59793531,-0.10533665,-35.59688664,-6.58742557,0.00477758,-0.00035688,0.01171389,0.01620476,0.03756573,-0.06162672,1
16.620,2.55234556,0.40884106,1.33409184,0.05336749,0.08255294,-0.20638235,-0.02597822,-0.02781530,0.06953824,2.54776199,0.40925080,1.32160949,0.03716082,0.04491317,-0.14441227,-0.21494561,-35.68299866,-6.59832573,-0.21571618,-35.68242078,-6.60152671,0.09087228,0.16921621,0.01184849,-0.12484389,-35.51320457,-6.58967823,-0.10867140,-35.59132070,-6.57491946,0.00458357,-0.00040974,0.01248235,0.01620667,0.03763977,-0.06197008,1
16.630,2.55287794,0.40966520,1.33203150,0.05310786,0.08227440,-0.20568600,-0.02594801,-0.02789258,0.06973144,2.54812423,0.40968649,1.32020794,0.03692655,0.04457716,-0.14334796,-0.21497707,-35.67474365,-6.59918880,-0.21574672,-35.67416620,-6.60239370,0.09337846,0.17921474,0.00237615,-0.12236826,-35.49495145,-6.60001755,-0.11193228,-35.58559251,-6.56261940,0.00475371,-0.00002129,0.01182356,0.01618131,0.03769724,-0.06233804,1
16.640,2.55340772,0.41048655,1.32997813,0.05284853,0.08199509,-0.20498773,-0.02591755,-0.02796922,0.06992305,2.54884413,0.41054872,1.31744115,0.03667427,0.04417057,-0.14193183,-0.21500321,-35.66651535,-6.60003090,-0.21577195,-35.66593831,-6.60323966,0.09051714,0.17882910,0.00986851,-0.12525481,-35.48710921,-6.59337115,-0.11512136,-35.57932741,-6.55181708,0.00456359,-0.00006217,0.01253698,0.01617426,0.03782452,-0.06305590,1
16.650,2.55393491,0.41130510,1.32793175,0.05258951,0.08171502,-0.20428755,-0.02588685,-0.02804523,0.07011308,2.54955780,0.41139764,1.31472868,0.03640671,0.04369563,-0.14017138,-0.21502447,-35.65830994,-6.60085487,-0.21579231,-35.65773331,-6.60406746,0.08774144,0.17904393,0.01589024,-0.12805087,-35.47868939,-6.58817722,-0.11824326,-35.57273596,-6.54191478,0.00437711,-0.00009254,0.01320307,0.01618280,0.03801939,-0.06411617,1
16.660,2.55445951,0.41212084,1.32589238,0.05233079,0.08143419,-0.20358547,-0.02585590,-0.02812061,0.07030152,2.54991225,0.41181677,1.31339457,0.03616647,0.04324977,-0.13848109,-0.21503995,-35.65012741,-6.60165787,-0.21580688,-35.64955121,-6.60487423,0.09026115,0.18978517,0.00426375,-0.12554573,-35.45976604,-6.60061048,-0.11824326,-35.57255663,-6.54265467,0.00454726,0.00030407,0.01249781,0.01616432,0.03818442,-0.06510438,1
16.670,2.55498153,0.41293378,1.32386005,0.05207239,0.08115261,-0.20288152,-0.02582471,-0.02819534,0.07048835,2.55061645,0.41264519,1.31076826,0.03590736,0.04275019,-0.13650474,-0.21505061,-35.64197922,-6.60244083,-0.21581662,-35.64140343,-6.60566097,0.08753428,0.19048862,0.00881759,-0.12828235,-35.45091481,-6.59684338,-0.11889172,-35.54804831,-6.54201775,0.00436508,0.00028859,0.01309179,0.01616503,0.03840242,-0.06637678,1
16.680,2.55550096,0.41374389,1.32183476,0.05181430,0.08087028,-0.20217571,-0.02579328,-0.02826943,0.07067358,2.55131423,0.41345965,1.30820263,0.03563231,0.04219801,-0.13424838,-0.21505593,-35.63383865,-6.60320663,-0.21582104,-35.63326330,-6.60643049,0.08489718,0.19172980,0.01197935,-0.13092386,-35.44153350,-6.59445114,-0.12190630,-35.54079307,-6.53419565,0.00418673,0.00028424,0.01363213,0.01618199,0.03867227,-0.06792733,1
16.690,2.55601781,0.41455118,1.31981654,0.05155652,0.08058722,-0.20146805,-0.02576161,-0.02834288,0.07085719,2.55166067,0.41386136,1.30694398,0.03538527,0.04169129,-0.13215234,-0.21505512,-35.62573624,-6.60395050,-0.21581933,-35.62516129,-6.60717804,0.08743618,0.20298894,-0.00135326,-0.12838315,-35.42217235,-6.60853130,-0.12190630,-35.54060792,-6.53500322,0.00435714,0.00068982,0.01287256,0.01617125,0.03889593,-0.06931571,1
16.700,2.55653209,0.41535563,1.31780540,0.05129907,0.08030343,-0.20075857,-0.02572969,-0.02841567,0.07103918,2.55234857,0.41465374,1.30447650,0.03511712,0.04113085,-0.12976343,-0.21504924,-35.61766052,-6.60467529,-0.21581254,-35.61708601,-6.60790650,0.08485748,0.20467532,0.00039399,-0.13095506,-35.41241069,-6.60751251,-0.12236826,-35.51467623,-6.53871918,0.00418352,0.00070189,0.01332890,0.01618195,0.03917258,-0.07099514,1
16.710,2.55704380,0.41615725,1.31580137,0.05104193,0.08001891,-0.20004728,-0.02569753,-0.02848782,0.07121954,2.55302985,0.41543226,1.30207226,0.03483287,0.04053545,-0.12717048,-0.21503788,-35.60960388,-6.60538054,-0.21580027,-35.60902978,-6.60861536,0.08237209,0.20680852,0.00090626,-0.13342818,-35.40222126,-6.60770910,-0.12525481,-35.50648383,-6.53367533,0.00401395,0.00072499,0.01372911,0.01620906,0.03948346,-0.07287680,1
16.720,2.55755293,0.41695601,1.31380446,0.05078512,0.07973367,-0.19933419,-0.02566512,-0.02855931,0.07139827,2.55370438,0.41619637,1.29973446,0.03453476,0.03990735,-0.12438739,-0.21502016,-35.60158539,-6.60606766,-0.21578165,-35.60101172,-6.60930607,0.07997758,0.20939057,0.00017697,-0.13580408,-35.39162115,-6.60912910,-0.12805087,-35.49770091,-6.53015817,0.00384855,0.00075964,0.01407000,0.01625036,0.03982632,-0.07494680,1
16.730,2.55805950,0.41775192,1.31181469,0.05052863,0.07944773,-0.19861932,-0.02563247,-0.02863014,0.07157535,2.55437207,0.41694618,1.29746319,0.03422597,0.03926281,-0.12149064,-0.21499726,-35.59357071,-6.60673618,-0.21575784,-35.59299748,-6.60997813,0.07766914,0.21233778,-0.00160395,-0.13808870,-35.38065969,-6.61158208,-0.12554573,-35.47843065,-6.54421028,0.00368743,0.00080574,0.01435150,0.01630266,0.04018492,-0.07712868,1
16.740,2.55856351,0.41854496,1.30983208,0.05027247,0.07916107,-0.19790268,-0.02559957,-0.02870031,0.07175079,2.55470333,0.41731625,1.29635081,0.03395104,0.03869888,-0.11892751,-0.21496864,-35.58560181,-6.60738277,-0.21572830,-35.58502900,-6.61062824,0.08030174,0.22430084,-0.01751967,-0.13542655,-35.36072816,-6.62814791,-0.12828235,-35.46941835,-6.54122432,0.00386018,0.00122871,0.01348127,0.01632143,0.04046219,-0.07897517,1
16.750,2.55906495,0.41933514,1.30785665,0.05001664,0.07887372,-0.19718431,-0.02556643,-0.02876983,0.07192456,2.55536062,0.41804656,1.29417333,0.03365736,0.03811245,-0.11621565,-0.21493329,-35.57765579,-6.60801554,-0.21569205,-35.57708341,-6.61126449,0.07804332,0.22729546,-0.01986306,-0.13764873,-35.34978795,-6.63112755,-0.13092386,-35.45971009,-6.54041111,0.00370433,0.00128858,0.01368332,0.01635928,0.04076127,-0.08096866,1
16.760,2.55956384,0.42012244,1.30588840,0.04976114,0.07858568,-0.19646420,-0.02553304,-0.02883867,0.07209667,2.55601087,0.41876422,1.29205750,0.03334928,0.03752035,-0.11343631,-0.21489282,-35.56972504,-6.60862637,-0.21565066,-35.56915310,-6.61187875,0.07588168,0.23055958,-0.02307872,-0.13976898,-35.33859352,-6.63495747,-0.12838315,-35.44004437,-6.55598215,0.00355297,0.00135822,0.01383090,0.01641186,0.04106533,-0.08302789,1
16.770,2.56006018,0.42090685,1.30392737,0.04950598,0.07829695,-0.19574238,-0.02549940,-0.02890685,0.07226712,2.55633334,0.41911896,1.29102039,0.03307357,0.03700870,-0.11100505,-0.21484651,-35.56183624,-6.60921621,-0.21560344,-35.56126472,-6.61247201,0.07853463,0.24241954,-0.03935035,-0.13706880,-35.31884518,-6.65182235,-0.13095506,-35.43014757,-6.55565687,0.00372684,0.00178789,0.01290698,0.01643241,0.04128825,-0.08473733,1
16.780,2.56055396,0.42168837,1.30197356,0.04925115,0.07800754,-0.19501886,-0.02546552,-0.02897435,0.07243588,2.55697288,0.41982023,1.28898785,0.03277668,0.03648918,-0.10848820,-0.21479376,-35.55396652,-6.60979128,-0.21554978,-35.55339544,-6.61305044,0.07643591,0.24558000,-0.04279721,-0.13911387,-35.30781543,-6.65584765,-0.13342818,-35.41968656,-6.55724029,0.00358108,0.00186814,0.01298571,0.01647447,0.04151836,-0.08653066,1
16.790,2.56104520,0.42246700,1.30002700,0.04899667,0.07771747,-0.19429367,-0.02543139,-0.02904118,0.07260296,2.55728992,0.42016681,1.28799233,0.03250854,0.03603133,-0.10625399,-0.21473552,-35.54613495,-6.61034441,-0.21549063,-35.54556432,-6.61360690,0.07907996,0.25722476,-0.05892130,-0.13641067,-35.28833955,-6.67252820,-0.13342818,-35.41955017,-6.55793341,0.00375528,0.00230019,0.01203467,0.01648813,0.04168614,-0.08803968,1
16.800,2.56153389,0.42324272,1.29808769,0.04874253,0.07742672,-0.19356681,-0.02539701,-0.02910734,0.07276834,2.55791843,0.42085214,1.28604199,0.03221466,0.03555691,-0.10389969,-0.21467100,-35.53832245,-6.61087990,-0.21542520,-35.53775224,-6.61414568,0.07706569,0.26040777,-0.06283440,-0.13835951,-35.27734447,-6.67698008,-0.13580408,-35.40868797,-6.56071070,0.00361546,0.00239058,0.01204570,0.01652787,0.04186981,-0.08966712,1
16.810,2.56202005,0.42401553,1.29615567,0.04848873,0.07713532,-0.19283830,-0.02536239,-0.02917281,0.07293203,2.55853944,0.42152795,1.28414228,0.03190012,0.03509186,-0.10153678,-0.21460018,-35.53054428,-6.61139965,-0.21535347,-35.52997451,-6.61466869,0.07516800,0.26370580,-0.06732853,-0.14018547,-35.26626871,-6.68199722,-0.13542655,-35.37757651,-6.58092390,0.00348061,0.00248758,0.01201339,0.01658861,0.04204346,-0.09130152,1
16.820,2.56250367,0.42478542,1.29423093,0.04823528,0.07684327,-0.19210817,-0.02532752,-0.02923760,0.07309401,2.55884713,0.42186297,1.28320863,0.03161745,0.03469434,-0.09949390,-0.21452282,-35.52278519,-6.61189699,-0.21527521,-35.52221586,-6.61516926,0.07786897,0.27511083,-0.08348351,-0.13740624,-35.24710503,-6.69865277,-0.13542655,-35.37747904,-6.58146528,0.00365654,0.00292245,0.01102230,0.01661783,0.04214893,-0.09261427,1
16.830,2.56298476,0.42555239,1.29231351,0.04798218,0.07655057,-0.19137643,-0.02529240,-0.02930171,0.07325428,2.55945680,0.42252762,1.28137235,0.03131013,0.03430585,-0.09744403,-0.21444033,-35.51506042,-6.61238050,-0.21519181,-35.51449153,-6.61565597,0.07605226,0.27815388,-0.08782264,-0.13913955,-35.23633765,-6.70347861,-0.13764873,-35.36635815,-6.58548034,0.00352796,0.00302477,0.01094116,0.01667205,0.04224472,-0.09393240,1
16.840,2.56346332,0.42631643,1.29040341,0.04772943,0.07625724,-0.19064309,-0.02525703,-0.02936513,0.07341283,2.55975874,0.42285738,1.28046917,0.03103110,0.03397343,-0.09566239,-0.21435077,-35.50736618,-6.61284447,-0.21510135,-35.50679772,-6.61612308,0.07875782,0.28921322,-0.10352349,-0.13634352,-35.21758451,-6.71964657,-0.13976898,-35.35508160,-6.58979874,0.00370458,0.00345905,0.00993424,0.01669833,0.04228381,-0.09498070,1
16.850,2.56393935,0.42707754,1.28850065,0.04747704,0.07596327,-0.18990818,-0.02522142,-0.02942786,0.07356965,2.56035686,0.42351372,1.27868497,0.03072577,0.03367044,-0.09395623,-0.21425547,-35.49969864,-6.61328650,-0.21500512,-35.49913062,-6.61656822,0.07703601,0.29188475,-0.10748302,-0.13796911,-35.20724587,-6.72405123,-0.13706880,-35.33522592,-6.60740347,0.00358249,0.00356382,0.00981568,0.01675127,0.04229283,-0.09595195,1
16.860,2.56441286,0.42783570,1.28660525,0.04722501,0.07566868,-0.18917171,-0.02518555,-0.02948989,0.07372473,2.56094720,0.42416680,1.27692629,0.03039949,0.03341240,-0.09239519,-0.21415333,-35.49206161,-6.61371469,-0.21490208,-35.49149404,-6.61699948,0.07543541,0.29433617,-0.11131211,-0.13946667,-35.19715787,-6.72831159,-0.13641067,-35.30465870,-6.62867217,0.00346566,0.00366890,0.00967896,0.01682552,0.04225628,-0.09677652,1
16.870,2.56488385,0.42859091,1.28471722,0.04697333,0.07537348,-0.18843369,-0.02514944,-0.02955123,0.07387808,2.56123948,0.42449280,1.27605372,0.03010644,0.03320908,-0.09111048,-0.21404514,-35.48445129,-6.61412334,-0.21479297,-35.48388417,-6.61741117,0.07820254,0.30461544,-0.12587123,-0.13659043,-35.17926873,-6.74328240,-0.13641067,-35.30463911,-6.62890002,0.00364437,0.00409811,0.00866350,0.01686689,0.04216440,-0.09732321,1
16.880,2.56535233,0.42934316,1.28283658,0.04672202,0.07507766,-0.18769415,-0.02511307,-0.02961187,0.07402967,2.56181812,0.42514413,1.27432038,0.02978833,0.03304524,-0.08994950,-0.21393116,-35.47687149,-6.61451721,-0.21467808,-35.47630481,-6.61780804,0.07668721,0.30648679,-0.12883124,-0.13799087,-35.16981803,-6.74663927,-0.13835951,-35.29362132,-6.63374681,0.00353421,0.00419903,0.00851620,0.01693369,0.04203242,-0.09774465,1
16.890,2.56581829,0.43009246,1.28096334,0.04647107,0.07478124,-0.18695310,-0.02507646,-0.02967181,0.07417951,2.56210446,0.42546962,1.27345899,0.02949978,0.03292110,-0.08899697,-0.21381050,-35.46932220,-6.61489010,-0.21455650,-35.46875597,-6.61818387,0.07946038,0.31622996,-0.14250642,-0.13509612,-35.15252601,-6.76069030,-0.14018547,-35.28254305,-6.63892752,0.00371383,0.00462284,0.00750435,0.01697129,0.04186014,-0.09795613,1
16.900,2.56628175,0.43083879,1.27909752,0.04622049,0.07448423,-0.18621057,-0.02503959,-0.02973104,0.07432759,2.56267122,0.42612211,1.27173912,0.02918455,0.03285266,-0.08823285,-0.21368320,-35.46179962,-6.61524677,-0.21442829,-35.46123382,-6.61854347,0.07804390,0.31744246,-0.14445034,-0.13638439,-35.14379136,-6.76299380,-0.13740624,-35.26342871,-6.65568252,0.00361053,0.00471668,0.00735840,0.01703594,0.04163157,-0.09797772,1
16.910,2.56674270,0.43158214,1.27723914,0.04597028,0.07418662,-0.18546656,-0.02500248,-0.02978956,0.07447390,2.56323000,0.42677759,1.27001917,0.02884834,0.03284812,-0.08769747,-0.21355003,-35.45431137,-6.61558390,-0.21429422,-35.45374603,-6.61888348,0.07675200,0.31818363,-0.14572123,-0.13754221,-35.13556240,-6.76460471,-0.13634352,-35.23400176,-6.67660091,0.00351270,0.00480455,0.00721997,0.01712194,0.04133850,-0.09776909,1
16.920,2.56720115,0.43232252,1.27538820,0.04572044,0.07388844,-0.18472109,-0.02496511,-0.02984737,0.07461843,2.56350641,0.42710707,1.26915653,0.02854661,0.03287311,-0.08733911,-0.21340995,-35.44684982,-6.61590767,-0.21415322,-35.44628494,-6.61921009,0.07959001,0.32685071,-0.15759512,-0.13456321,-35.11943423,-6.77680521,-0.13634352,-35.23405854,-6.67651456,0.00369474,0.00521545,0.00623167,0.01717383,0.04101533,-0.09738198,1
16.930,2.56765711,0.43305991,1.27354472,0.04547098,0.07358968,-0.18397419,-0.02492750,-0.02990447,0.07476118,2.56405320,0.42776989,1.26742441,0.02821978,0.03295559,-0.08718311,-0.21326426,-35.43942642,-6.61621237,-0.21400661,-35.43886199,-6.61951758,0.07838582,0.32681914,-0.15755934,-0.13562079,-35.11204284,-6.77707692,-0.13796911,-35.22384739,-6.68069367,0.00360391,0.00529002,0.00612031,0.01725120,0.04063409,-0.09679108,1
16.940,2.56811058,0.43379431,1.27170872,0.04522189,0.07329035,-0.18322588,-0.02488963,-0.02996086,0.07490214,2.56432356,0.42810333,1.26655450,0.02792374,0.03305260,-0.08713504,-0.21311188,-35.43201828,-6.61649895,-0.21385333,-35.43145429,-6.61980695,0.08123020,0.33487294,-0.16836278,-0.13262312,-35.09658134,-6.78816972,-0.13946667,-35.21382968,-6.68481618,0.00378702,0.00569098,0.00515422,0.01729815,0.04023775,-0.09609084,1
16.950,2.56856155,0.43452571,1.26988021,0.04497319,0.07299046,-0.18247616,-0.02485151,-0.03001652,0.07504130,2.56485824,0.42877588,1.26480038,0.02760114,0.03321930,-0.08733584,-0.21295257,-35.42464447,-6.61677170,-0.21369310,-35.42408095,-6.62008242,0.08012611,0.33402271,-0.16694851,-0.13356698,-35.09005824,-6.78703093,-0.13659043,-35.19612842,-6.69931327,0.00370331,0.00574983,0.00507983,0.01737205,0.03977116,-0.09514032,1
16.960,2.56901004,0.43525412,1.26805920,0.04472486,0.07269002,-0.18172506,-0.02481313,-0.03007146,0.07517865,2.56538480,0.42945610,1.26302654,0.02725750,0.03344084,-0.08773626,-0.21278754,-35.41730881,-6.61702490,-0.21352717,-35.41674573,-6.62033831,0.07914924,0.33262909,-0.16467785,-0.13437793,-35.08411664,-6.78501616,-0.13799087,-35.18687076,-6.70217052,0.00362524,0.00579802,0.00503266,0.01746736,0.03924918,-0.09398880,1
16.970,2.56945605,0.43597951,1.26624571,0.04447692,0.07238904,-0.18097259,-0.02477451,-0.03012568,0.07531420,2.56564506,0.42979953,1.26213033,0.02694959,0.03366623,-0.08820734,-0.21261548,-35.40999985,-6.61726141,-0.21335419,-35.40943722,-6.62057748,0.08205927,0.33955874,-0.17353954,-0.13129492,-35.06987848,-6.79411702,-0.13509612,-35.16969721,-6.71588000,0.00381099,0.00617998,0.00411538,0.01752733,0.03872281,-0.09276525,1
16.980,2.56989958,0.43670189,1.26443975,0.04422937,0.07208751,-0.18021878,-0.02473563,-0.03017917,0.07544792,2.56615949,0.43049369,1.26031680,0.02661724,0.03395646,-0.08891107,-0.21243767,-35.40272141,-6.61748266,-0.21317548,-35.40215924,-6.62080133,0.08116909,0.33731770,-0.16979312,-0.13200639,-35.06484153,-6.79059445,-0.13638439,-35.16120494,-6.71748269,0.00374009,0.00620820,0.00412295,0.01761213,0.03813105,-0.09130771,1
16.990,2.57034064,0.43742126,1.26264134,0.04398221,0.07178546,-0.17946364,-0.02469650,-0.03023193,0.07557982,2.56666578,0.43119802,1.25847344,0.02626636,0.03430735,-0.08983447,-0.21225327,-35.39547729,-6.61768627,-0.21299016,-35.39491560,-6.62100752,0.08040172,0.33444155,-0.16500830,-0.13258844,-35.06047405,-6.78601582,-0.13456321,-35.13711424,-6.73050287,0.00367486,0.00622324,0.00416790,0.01771585,0.03747811,-0.08962917,1
17.000,2.57077923,0.43813760,1.26085048,0.04373544,0.07148288,-0.17870719,-0.02465712,-0.03028396,0.07570989,2.56691591,0.43155440,1.25753887,0.02595281,0.03463999,-0.09074024,-0.21206315,-35.38826370,-6.61787367,-0.21279914,-35.38770245,-6.62119744,0.08336617,0.34027765,-0.17198114,-0.12943296,-35.04742480,-6.79317858,-0.13456321,-35.13725319,-6.73007644,0.00386332,0.00658320,0.00331161,0.01778263,0.03684289,-0.08796695,1
17.010,2.57121535,0.43885092,1.25906720,0.04348907,0.07117978,-0.17794945,-0.02461748,-0.03033525,0.07583812,2.56741006,0.43227549,1.25564441,0.02561611,0.03502753,-0.09183965,-0.21186598,-35.38107300,-6.61804485,-0.21260105,-35.38051220,-6.62137113,0.08268019,0.33664335,-0.16588950,-0.12992086,-35.04386885,-6.78726063,-0.13562079,-35.13013792,-6.72950798,0.00380529,0.00657543,0.00342279,0.01787296,0.03615225,-0.08610980,1
17.020,2.57164901,0.43956120,1.25729150,0.04324309,0.07087617,-0.17719043,-0.02457759,-0.03038580,0.07596450,2.56789616,0.43300856,1.25371252,0.02526325,0.03547251,-0.09314773,-0.21166307,-35.37391663,-6.61819983,-0.21239722,-35.37335628,-6.62152854,0.08211101,0.33234374,-0.15868778,-0.13028621,-35.04101254,-6.78021633,-0.13356698,-35.10846196,-6.73849494,0.00375285,0.00655264,0.00357898,0.01797984,0.03540366,-0.08404270,1
17.030,2.57208021,0.44026844,1.25552340,0.04299752,0.07057207,-0.17643016,-0.02453745,-0.03043561,0.07608902,2.56837421,0.43375360,1.25174342,0.02489781,0.03595402,-0.09458691,-0.21145321,-35.36679840,-6.61833858,-0.21218645,-35.36623851,-6.62166972,0.08165169,0.32748378,-0.15057238,-0.13053476,-35.03875473,-6.77224210,-0.13437793,-35.10281591,-6.73556394,0.00370600,0.00651484,0.00377998,0.01809971,0.03461805,-0.08184325,1
17.040,2.57250896,0.44097264,1.25376290,0.04275235,0.07026746,-0.17566866,-0.02449705,-0.03048468,0.07621169,2.56861024,0.43413083,1.25074418,0.02457401,0.03639639,-0.09592112,-0.21123748,-35.35969925,-6.61846161,-0.21196980,-35.35913982,-6.62179510,0.08470371,0.33193670,-0.15522649,-0.12726609,-35.02720312,-6.77702159,-0.13129492,-35.08874022,-6.74415514,0.00389872,0.00684181,0.00301872,0.01817834,0.03387107,-0.07974754,1
17.050,2.57293526,0.44167379,1.25201003,0.04250758,0.06996237,-0.17490594,-0.02445639,-0.03053299,0.07633248,2.56907633,0.43489465,1.24871638,0.02423169,0.03688312,-0.09740595,-0.21101557,-35.35263824,-6.61856937,-0.21174698,-35.35207927,-6.62190521,0.08430585,0.32642456,-0.14603014,-0.12744113,-35.02565471,-6.76793535,-0.13200639,-35.08401318,-6.73966422,0.00385893,0.00677914,0.00329365,0.01827589,0.03307925,-0.07749999,1
17.060,2.57335911,0.44237188,1.25026479,0.04226322,0.06965681,-0.17414201,-0.02441548,-0.03058056,0.07645141,2.56953445,0.43567023,1.24665234,0.02387533,0.03739237,-0.09896079,-0.21078736,-35.34560394,-6.61866045,-0.21151786,-35.34504542,-6.62199858,0.08401962,0.32042661,-0.13608530,-0.12749824,-35.02461881,-6.75808388,-0.13258844,-35.07993410,-6.73420318,0.00382466,0.00670165,0.00361245,0.01838789,0.03226444,-0.07518122,1
17.070,2.57378053,0.44306692,1.24852719,0.04201927,0.06935077,-0.17337691,-0.02437432,-0.03062738,0.07656845,2.56998463,0.43645703,1.24455415,0.02350938,0.03791644,-0.10056281,-0.21055338,-35.33860779,-6.61873674,-0.21128296,-35.33804974,-6.62207714,0.08383591,0.31399519,-0.12547582,-0.12744706,-35.02405455,-6.74755297,-0.12943296,-35.06716913,-6.74049414,0.00379590,0.00660989,0.00397304,0.01850989,0.03143433,-0.07281410,1
17.080,2.57419950,0.44375890,1.24679725,0.04177573,0.06904426,-0.17261065,-0.02433289,-0.03067344,0.07668360,2.57042699,0.43725509,1.24242211,0.02313712,0.03844676,-0.10217348,-0.21031269,-35.33163834,-6.61879826,-0.21104138,-35.33108075,-6.62214085,0.08374626,0.30717195,-0.11430183,-0.12729512,-35.02390880,-6.73644268,-0.12992086,-35.06388772,-6.73375788,0.00377251,0.00650381,0.00437514,0.01863861,0.03059750,-0.07043717,1
17.090,2.57461604,0.44444780,1.24507498,0.04153261,0.06873730,-0.17184325,-0.02429122,-0.03071874,0.07679685,2.57064524,0.43765796,1.24134503,0.02280909,0.03890668,-0.10355725,-0.21006626,-35.32470322,-6.61884499,-0.21079402,-35.32414608,-6.62218975,0.08689441,0.31050206,-0.11730759,-0.12389961,-35.01364403,-6.73949733,-0.13028621,-35.06115575,-6.72636205,0.00397080,0.00678984,0.00372995,0.01872352,0.02983062,-0.06828600,1
17.100,2.57503015,0.44513364,1.24336039,0.04128991,0.06842989,-0.17107472,-0.02424928,-0.03076328,0.07690820,2.57107590,0.43847059,1.23917158,0.02246567,0.03936479,-0.10490666,-0.20981443,-35.31779099,-6.61887455,-0.21054129,-35.31723430,-6.62222145,0.08685163,0.30351786,-0.10604341,-0.12368965,-35.01371644,-6.72826486,-0.13053476,-35.05912429,-6.71776466,0.00395425,0.00666305,0.00418881,0.01882424,0.02906510,-0.06616806,1
17.110,2.57544184,0.44581640,1.24165349,0.04104763,0.06812204,-0.17030509,-0.02420709,-0.03080706,0.07701764,2.57149882,0.43929168,1.23697554,0.02211198,0.03981489,-0.10620627,-0.20955616,-35.31090927,-6.61889124,-0.21028209,-35.31035306,-6.62224023,0.08690995,0.29628308,-0.09450682,-0.12337215,-35.01406997,-6.71674705,-0.12726609,-35.04778571,-6.72196905,0.00394302,0.00652472,0.00467795,0.01893565,0.02830715,-0.06409882,1
17.120,2.57585111,0.44649608,1.23995429,0.04080577,0.06781375,-0.16953437,-0.02416465,-0.03085007,0.07712517,2.57170743,0.43970544,1.23586864,0.02179923,0.04020526,-0.10732715,-0.20929204,-35.30406570,-6.61889124,-0.21001707,-35.30350994,-6.62224228,0.09006577,0.29945123,-0.09747363,-0.11995129,-35.00405870,-6.71971591,-0.12726609,-35.04789132,-6.72167668,0.00414368,0.00679064,0.00408565,0.01900654,0.02760849,-0.06220722,1
17.130,2.57625796,0.44717267,1.23826281,0.04056434,0.06750504,-0.16876259,-0.02412194,-0.03089231,0.07723077,2.57211898,0.44053820,1.23364265,0.02147023,0.04058285,-0.10835942,-0.20902142,-35.29725266,-6.61887646,-0.20974554,-35.29669735,-6.62222951,0.09017456,0.29212870,-0.08601019,-0.11957098,-35.00456865,-6.70823970,-0.12749824,-35.04547662,-6.70235578,0.00413898,0.00663447,0.00462016,0.01909411,0.02692219,-0.06040317,1
17.140,2.57666240,0.44784618,1.23657904,0.04032333,0.06719591,-0.16798977,-0.02407898,-0.03093377,0.07733444,2.57252301,0.44137654,1.23140622,0.02112972,0.04093044,-0.10924283,-0.20874594,-35.29047775,-6.61884880,-0.20946915,-35.28992289,-6.62220381,0.09038378,0.28473750,-0.07467992,-0.11908536,-35.00518539,-6.69688373,-0.12744706,-35.04504115,-6.69160642,0.00413939,0.00646964,0.00517282,0.01919361,0.02626547,-0.05874694,1
17.150,2.57706443,0.44851659,1.23490301,0.04008276,0.06688636,-0.16721591,-0.02403576,-0.03097447,0.07743617,2.57291959,0.44221875,1.22916617,0.02078138,0.04123423,-0.10992893,-0.20846429,-35.28372192,-6.61880589,-0.20918659,-35.28316750,-6.62216283,0.09068523,0.27738821,-0.06369198,-0.11850135,-35.00577930,-6.68585481,-0.12729512,-35.04498161,-6.68044907,0.00414484,0.00629784,0.00573684,0.01930138,0.02565213,-0.05728698,1
17.160,2.57746405,0.44918390,1.23323473,0.03984262,0.06657642,-0.16644105,-0.02399228,-0.03101438,0.07753595,2.57330889,0.44306403,1.22692629,0.02042976,0.04150064,-0.11044426,-0.20817724,-35.27700806,-6.61874866,-0.20889861,-35.27645410,-6.62210750,0.09106711,0.27006954,-0.05302940,-0.11783151,-35.00638456,-6.67513690,-0.12389961,-35.03479396,-6.68350220,0.00415516,0.00611987,0.00630844,0.01941286,0.02507578,-0.05599679,1
17.170,2.57786128,0.44984812,1.23157420,0.03960291,0.06626608,-0.16566520,-0.02394854,-0.03105351,0.07763378,2.57369102,0.44391108,1.22469159,0.02007659,0.04171711,-0.11074429,-0.20788434,-35.27031326,-6.61867762,-0.20860480,-35.26975975,-6.62203830,0.09152472,0.26287664,-0.04286862,-0.11708008,-35.00688311,-6.66490692,-0.12368965,-35.03489971,-6.67244267,0.00417026,0.00593704,0.00688261,0.01952632,0.02454897,-0.05492091,1
17.180,2.57825611,0.45050922,1.22992143,0.03936365,0.06595535,-0.16488838,-0.02390455,-0.03109186,0.07772966,2.57406606,0.44475813,1.22246910,0.01972326,0.04187392,-0.11079475,-0.20758627,-35.26366043,-6.61858988,-0.20830582,-35.26310736,-6.62195236,0.09205401,0.25590175,-0.03338662,-0.11625182,-35.00720561,-6.65533898,-0.12337215,-35.03524215,-6.66127399,0.00419005,0.00575109,0.00745233,0.01964039,0.02408143,-0.05409363,1
17.190,2.57864855,0.45116722,1.22827643,0.03912482,0.06564424,-0.16411061,-0.02386029,-0.03112943,0.07782356,2.57443416,0.44560480,1.22025977,0.01937222,0.04198718,-0.11067144,-0.20728256,-35.25703430,-6.61849308,-0.20800119,-35.25648168,-6.62185734,0.09264773,0.24907414,-0.02440614,-0.11535346,-35.00740754,-6.64626348,-0.11995129,-35.02522218,-6.66456515,0.00421439,0.00556242,0.00801666,0.01975260,0.02365706,-0.05343917,1
17.200,2.57903861,0.45182211,1.22663922,0.03888644,0.06533277,-0.16333191,-0.02381578,-0.03116620,0.07791550,2.57461565,0.44602759,1.21916164,0.01906639,0.04206010,-0.11045674,-0.20697330,-35.25043106,-6.61837816,-0.20769101,-35.24987888,-6.62174413,0.09591560,0.25296630,-0.02999674,-0.11177542,-34.99691258,-6.65174088,-0.11957098,-35.02570808,-6.65333337,0.00442296,0.00579452,0.00747758,0.01982005,0.02327267,-0.05287517,1
17.210,2.57942628,0.45247388,1.22500980,0.03864851,0.06502092,-0.16255231,-0.02377100,-0.03120218,0.07800545,2.57497355,0.44687109,1.21698204,0.01875261,0.04207737,-0.11000515,-0.20665899,-35.24386597,-6.61825228,-0.20737579,-35.24331423,-6.62161994,0.09651824,0.24653863,-0.02201637,-0.11085755,-34.99677560,-6.64363631,-0.11908536,-35.02624997,-6.64255856,0.00445273,0.00560279,0.00802776,0.01989590,0.02294355,-0.05254716,1
17.220,2.57981158,0.45312253,1.22338818,0.03841102,0.06470872,-0.16177181,-0.02372597,-0.03123736,0.07809341,2.57532480,0.44770983,1.21483347,0.01843444,0.04202545,-0.10925829,-0.20633881,-35.23733139,-6.61811399,-0.20705470,-35.23678008,-6.62148332,0.09719480,0.24049587,-0.01507329,-0.10985990,-34.99628421,-6.63655660,-0.11850135,-35.02671414,-6.63234596,0.00448678,0.00541270,0.00855471,0.01997658,0.02268327,-0.05251352,1
17.230,2.58019451,0.45376805,1.22177436,0.03817399,0.06439618,-0.16099045,-0.02368067,-0.03127175,0.07817938,2.57549797,0.44812686,1.21377297,0.01815497,0.04194484,-0.10845609,-0.20601462,-35.23083115,-6.61796188,-0.20672959,-35.23028029,-6.62133280,0.10043085,0.24505977,-0.02231060,-0.10629875,-34.98522052,-6.64364340,-0.11783151,-35.02723606,-6.62211215,0.00469654,0.00564119,0.00800139,0.02001902,0.02245134,-0.05253436,1
17.240,2.58057506,0.45441045,1.22016837,0.03793741,0.06408329,-0.16020823,-0.02363512,-0.03130534,0.07826335,2.57583943,0.44895534,1.21168273,0.01786441,0.04178882,-0.10733049,-0.20568474,-35.22435760,-6.61779594,-0.20639880,-35.22380716,-6.62116843,0.10112983,0.23963429,-0.01686525,-0.10526897,-34.98417287,-6.63803368,-0.11708008,-35.02754349,-6.61293008,0.00473563,0.00545511,0.00848564,0.02007300,0.02229447,-0.05287774,1
17.250,2.58095326,0.45504972,1.21857020,0.03770129,0.06377007,-0.15942519,-0.02358930,-0.03133812,0.07834531,2.57617450,0.44977501,1.20963873,0.01756686,0.04155694,-0.10589094,-0.20535003,-35.21791458,-6.61761761,-0.20606318,-35.21736458,-6.62099161,0.10190451,0.23472820,-0.01270184,-0.10415867,-34.98263638,-6.63369345,-0.11625182,-35.02763625,-6.60455282,0.00477876,0.00527471,0.00893147,0.02013443,0.02221313,-0.05353425,1
17.260,2.58132909,0.45568585,1.21697987,0.03746563,0.06345653,-0.15864133,-0.02354322,-0.03137010,0.07842525,2.57650327,0.45058438,1.20764639,0.01726536,0.04124984,-0.10414951,-0.20501028,-35.21150208,-6.61742640,-0.20572252,-35.21095251,-6.62080187,0.10274685,0.23037517,-0.00986024,-0.10297567,-34.98057734,-6.63066212,-0.11535346,-35.02757181,-6.59680088,0.00482582,0.00510147,0.00933348,0.02020027,0.02220669,-0.05449182,1
17.270,2.58170257,0.45631884,1.21539738,0.03723043,0.06314268,-0.15785669,-0.02349688,-0.03140127,0.07850318,2.57666533,0.45098478,1.20667104,0.01700047,0.04094745,-0.10249570,-0.20466553,-35.20512390,-6.61722279,-0.20537685,-35.20457473,-6.62059969,0.10598262,0.23614322,-0.01991736,-0.09939423,-34.96843152,-6.64051705,-0.11535346,-35.02742768,-6.59749635,0.00503724,0.00533406,0.00872634,0.02022996,0.02219523,-0.05536099,1
17.280,2.58207370,0.45694870,1.21382274,0.03699569,0.06282851,-0.15707128,-0.02345028,-0.03143163,0.07857907,2.57698494,0.45177730,1.20476068,0.01672699,0.04058037,-0.10057437,-0.20431659,-35.19877243,-6.61700678,-0.20502700,-35.19822370,-6.62038510,0.10683788,0.23235177,-0.01838367,-0.09818912,-34.96587194,-6.63876877,-0.11085755,-35.01651518,-6.59623112,0.00508876,0.00517140,0.00906206,0.02026870,0.02224814,-0.05649691,1
17.290,2.58244249,0.45757541,1.21225596,0.03676142,0.06251405,-0.15628511,-0.02340342,-0.03146117,0.07865292,2.57729865,0.45255764,1.20290806,0.01644839,0.04014925,-0.09839922,-0.20396246,-35.19244766,-6.61677837,-0.20467196,-35.19189933,-6.62015805,0.10775788,0.22910432,-0.01813083,-0.09691408,-34.96279501,-6.63828888,-0.10985990,-35.01571215,-6.59061972,0.00514384,0.00501777,0.00934790,0.02031303,0.02236480,-0.05788589,1
17.300,2.58280893,0.45819898,1.21069704,0.03652762,0.06219929,-0.15549822,-0.02335629,-0.03148989,0.07872473,2.57745333,0.45294289,1.20200452,0.01620306,0.03974337,-0.09638787,-0.20360509,-35.18616486,-6.61653805,-0.20431367,-35.18561693,-6.61991904,0.11096283,0.23552823,-0.02970325,-0.09335084,-34.95008870,-6.64962228,-0.10985990,-35.01554708,-6.59137969,0.00535560,0.00525609,0.00869252,0.02032456,0.02245592,-0.05911035,1
17.310,2.58317304,0.45881940,1.20914599,0.03629430,0.06188425,-0.15471063,-0.02330890,-0.03151780,0.07879449,2.57775845,0.45370407,1.20024060,0.01594895,0.03928190,-0.09415392,-0.20324202,-35.17990875,-6.61628628,-0.20394970,-35.17936125,-6.61966854,0.11189462,0.23275166,-0.03054300,-0.09205508,-34.94660959,-6.65021154,-0.10526897,-35.00312162,-6.59430765,0.00541459,0.00511533,0.00890539,0.02034535,0.02260235,-0.06055671,1
17.320,2.58353482,0.45943666,1.20760283,0.03606144,0.06156894,-0.15392234,-0.02326125,-0.03154488,0.07886219,2.57790893,0.45407974,1.19938100,0.01572367,0.03885321,-0.09210540,-0.20287520,-35.17367554,-6.61602211,-0.20358197,-35.17312844,-6.61940562,0.11505462,0.23936901,-0.04257164,-0.08852735,-34.93375943,-6.66197726,-0.10526897,-35.00295644,-6.59505375,0.00562589,0.00535692,0.00822183,0.02033777,0.02271573,-0.06181694,1
17.330,2.58389427,0.46005078,1.20606755,0.03582907,0.06125336,-0.15313339,-0.02321333,-0.03157113,0.07892783,2.57820579,0.45482069,1.19770828,0.01548645,0.03835776,-0.08979419,-0.20250432,-35.16748047,-6.61574650,-0.20321018,-35.16693377,-6.61913120,0.11600885,0.23710822,-0.04458211,-0.08720133,-34.92982556,-6.66371331,-0.10415867,-35.00107209,-6.59226317,0.00568848,0.00523009,0.00835927,0.02034262,0.02289560,-0.06333920,1
17.340,2.58425140,0.46066173,1.20454016,0.03559718,0.06093752,-0.15234379,-0.02316515,-0.03159656,0.07899139,2.57849730,0.45554739,1.19609852,0.01524259,0.03780852,-0.08727162,-0.20212899,-35.16131210,-6.61545992,-0.20283393,-35.16076578,-6.61884577,0.11702277,0.23539152,-0.04783535,-0.08581116,-34.92537426,-6.66668112,-0.09939423,-34.98651192,-6.59081016,0.00575410,0.00511434,0.00844164,0.02035459,0.02312900,-0.06507217,1
17.350,2.58460622,0.46126953,1.20302067,0.03536577,0.06062143,-0.15155357,-0.02311671,-0.03162115,0.07905288,2.57864111,0.45590565,1.19531597,0.01502720,0.03731266,-0.08501752,-0.20175020,-35.15517426,-6.61516237,-0.20245424,-35.15462831,-6.61854933,0.12016183,0.24253984,-0.06106755,-0.08229240,-34.91208848,-6.67961688,-0.09939423,-34.98634405,-6.60138944,0.00596511,0.00536388,0.00770470,0.02033857,0.02330877,-0.06653605,1
17.360,2.58495872,0.46187416,1.20150909,0.03513485,0.06030510,-0.15076274,-0.02306800,-0.03164491,0.07911228,2.57892490,0.45661181,1.19379498,0.01480176,0.03676791,-0.08259144,-0.20136702,-35.14906311,-6.61485386,-0.20207014,-35.14851756,-6.61824189,0.12118762,0.24115411,-0.06502560,-0.08088252,-34.90736345,-6.68326749,-0.09818912,-34.98343876,-6.60111217,0.00603382,0.00526235,0.00771411,0.02033309,0.02353719,-0.06817130,1
17.370,2.58530891,0.46247563,1.20000542,0.03490441,0.05998853,-0.14997133,-0.02301902,-0.03166783,0.07916958,2.57920368,0.45730429,1.19233136,0.01457079,0.03619257,-0.08007470,-0.20098001,-35.14298630,-6.61453676,-0.20168222,-35.14244112,-6.61792583,0.12226600,0.24018299,-0.06985193,-0.07941622,-34.90225812,-6.68777776,-0.09335084,-34.96732198,-6.61336004,0.00610523,0.00517134,0.00767406,0.02033362,0.02379596,-0.06989663,1
17.380,2.58565681,0.46307393,1.19850967,0.03467447,0.05967174,-0.14917936,-0.02296978,-0.03168992,0.07922479,2.57934124,0.45764574,1.19161928,0.01436716,0.03568059,-0.07785793,-0.20058951,-35.13694000,-6.61420536,-0.20129080,-35.13639519,-6.61759542,0.12537476,0.24759112,-0.08359479,-0.07591604,-34.88880407,-6.70119021,-0.09335084,-34.96716103,-6.61401847,0.00631557,0.00542819,0.00689039,0.02030731,0.02399115,-0.07132143,1
17.390,2.58600240,0.46366906,1.19702184,0.03444502,0.05935474,-0.14838684,-0.02292028,-0.03171116,0.07927789,2.57961277,0.45831891,1.19023436,0.01415465,0.03513399,-0.07554116,-0.20019537,-35.13092422,-6.61386585,-0.20089575,-35.13037977,-6.61725687,0.12645807,0.24679884,-0.08873647,-0.07443769,-34.88358093,-6.70599334,-0.09205508,-34.96335668,-6.61591612,0.00638963,0.00535015,0.00678748,0.02029037,0.02422075,-0.07284568,1
17.400,2.58634571,0.46426102,1.19554193,0.03421606,0.05903752,-0.14759380,-0.02287051,-0.03173155,0.07932887,2.57987966,0.45898011,1.18889655,0.01393784,0.03457964,-0.07323889,-0.19979835,-35.12493896,-6.61351585,-0.20049782,-35.12439487,-6.61690777,0.12758657,0.24626396,-0.09435019,-0.07291125,-34.87813091,-6.71125796,-0.08720133,-34.94628385,-6.63054727,0.00646605,0.00528091,0.00664538,0.02027822,0.02445788,-0.07435491,1
17.410,2.58668673,0.46484981,1.19406996,0.03398761,0.05872011,-0.14680027,-0.02282048,-0.03175110,0.07937774,2.58001140,0.45930634,1.18824445,0.01374681,0.03409038,-0.07123178,-0.19939785,-35.11897659,-6.61315584,-0.20009641,-35.11843286,-6.61654863,0.13065764,0.25369837,-0.10803656,-0.06943877,-34.86473449,-6.72458519,-0.08720133,-34.94613686,-6.63110808,0.00667533,0.00554347,0.00582551,0.02024080,0.02462973,-0.07556849,1
17.420,2.58702546,0.46543542,1.19260593,0.03375965,0.05840250,-0.14600626,-0.02277017,-0.03176979,0.07942447,2.58027152,0.45995010,1.18697269,0.01354768,0.03357811,-0.06918517,-0.19899362,-35.11304092,-6.61278629,-0.19969128,-35.11249753,-6.61617991,0.13178588,0.25322879,-0.11366199,-0.06790540,-34.85926874,-6.72984190,-0.08581116,-34.94139490,-6.63515845,0.00675394,0.00548532,0.00563324,0.02021197,0.02482439,-0.07682109,1
17.430,2.58736192,0.46601786,1.19114984,0.03353220,0.05808472,-0.14521179,-0.02271961,-0.03178763,0.07946907,2.58052730,0.46058344,1.18573834,0.01334471,0.03306971,-0.06721169,-0.19858696,-35.10713959,-6.61240721,-0.19928369,-35.10659652,-6.61580161,0.13295395,0.25292047,-0.11948676,-0.06632974,-34.85367605,-6.73528837,-0.08088252,-34.92313570,-6.65262188,0.00683462,0.00543442,0.00541150,0.02018749,0.02501501,-0.07800010,1
17.440,2.58769611,0.46659712,1.18970170,0.03330526,0.05776675,-0.14441688,-0.02266877,-0.03180461,0.07951153,2.58077885,0.46120691,1.18453765,0.01313987,0.03256566,-0.06531770,-0.19817734,-35.10126877,-6.61201954,-0.19887316,-35.10072602,-6.61541469,0.13415625,0.25275636,-0.12544616,-0.06471691,-34.84796967,-6.74086085,-0.07941622,-34.91778488,-6.65795990,0.00691726,0.00539021,0.00516405,0.02016539,0.02520109,-0.07909918,1
17.450,2.58802803,0.46717320,1.18826150,0.03307883,0.05744863,-0.14362156,-0.02261767,-0.03182074,0.07955184,2.58090310,0.46151547,1.18394739,0.01296101,0.03213824,-0.06374485,-0.19776402,-35.09543228,-6.61161900,-0.19845894,-35.09488985,-6.61501486,0.13718338,0.26000218,-0.13843484,-0.06127557,-34.83488767,-6.75344970,-0.07591604,-34.90423206,-6.67167705,0.00712493,0.00565773,0.00431411,0.02011782,0.02531039,-0.07987671,1
17.460,2.58835769,0.46774609,1.18682927,0.03285291,0.05713034,-0.14282585,-0.02256630,-0.03183600,0.07958999,2.58114858,0.46212657,1.18278473,0.01277696,0.03171835,-0.06227283,-0.19734839,-35.08961487,-6.61121178,-0.19804239,-35.08907276,-6.61460830,0.13836946,0.25956610,-0.14362590,-0.05967293,-34.82950665,-6.75823420,-0.07443769,-34.89881027,-6.67706495,0.00720911,0.00561952,0.00404454,0.02007595,0.02541199,-0.08055302,1
17.470,2.58868509,0.46831580,1.18540499,0.03262750,0.05681191,-0.14202977,-0.02251466,-0.03185039,0.07962598,2.58139013,0.46272988,1.18164371,0.01259002,0.03130677,-0.06090599,-0.19693020,-35.08383560,-6.61079884,-0.19762329,-35.08329378,-6.61419597,0.13958751,0.25920300,-0.14873144,-0.05803578,-34.82409078,-6.76292741,-0.07291125,-34.89316693,-6.68285523,0.00729496,0.00558592,0.00376128,0.02003748,0.02550514,-0.08112378,1
17.480,2.58901024,0.46888233,1.18398867,0.03240262,0.05649334,-0.14123334,-0.02246275,-0.03186392,0.07965979,2.58162785,0.46332593,1.18052070,0.01240233,0.03091178,-0.05967796,-0.19650950,-35.07807541,-6.61037159,-0.19720168,-35.07753389,-6.61376933,0.14083199,0.25885818,-0.15362002,-0.05636969,-34.81867571,-6.76738935,-0.06943877,-34.87959789,-6.69658825,0.00738239,0.00555640,0.00346797,0.02000029,0.02558156,-0.08155538,1
17.490,2.58933314,0.46944567,1.18258032,0.03217825,0.05617463,-0.14043658,-0.02241058,-0.03187657,0.07969143,2.58174532,0.46362161,1.17996398,0.01223831,0.03057592,-0.05867653,-0.19608635,-35.07234955,-6.60994101,-0.19677762,-35.07180831,-6.61333928,0.14380043,0.26564699,-0.16520022,-0.05297719,-34.80616132,-6.77853950,-0.06943877,-34.87951866,-6.69674906,0.00758782,0.00582406,0.00261634,0.01993994,0.02559871,-0.08176005,1
17.500,2.58965381,0.47000582,1.18117994,0.03195441,0.05585581,-0.13963952,-0.02235814,-0.03188836,0.07972089,2.58197752,0.46420874,1.17885744,0.01207011,0.03025446,-0.05781620,-0.19566120,-35.06665421,-6.60949993,-0.19635156,-35.06611324,-6.61289872,0.14502382,0.26499740,-0.16917603,-0.05132774,-34.80111584,-6.78207475,-0.06632974,-34.86832108,-6.70767077,0.00767629,0.00579708,0.00232250,0.01988430,0.02560135,-0.08182332,1
17.510,2.58997223,0.47056278,1.17978753,0.03173109,0.05553687,-0.13884217,-0.02230542,-0.03189926,0.07974815,2.58220617,0.46479049,1.17775779,0.01189979,0.02994702,-0.05709258,-0.19523358,-35.06097794,-6.60905170,-0.19592303,-35.06043724,-6.61245096,0.14627210,0.26433164,-0.17279563,-0.04965093,-34.79610560,-6.78524659,-0.06471691,-34.86248202,-6.71339998,0.00776606,0.00577229,0.00202974,0.01983130,0.02558985,-0.08174959,1
17.520,2.59028843,0.47111656,1.17840310,0.03150830,0.05521783,-0.13804456,-0.02225244,-0.03190929,0.07977322,2.58243143,0.46536834,1.17665789,0.01173012,0.02967166,-0.05657346,-0.19480403,-35.05533600,-6.60859394,-0.19549257,-35.05479556,-6.61199362,0.14753784,0.26352315,-0.17579652,-0.04795473,-34.79127241,-6.78779014,-0.06127557,-34.84931046,-6.72594166,0.00785700,0.00574822,0.00174521,0.01977818,0.02554617,-0.08147110,1
17.530,2.59060240,0.47166714,1.17702664,0.03128604,0.05489869,-0.13724672,-0.02219919,-0.03191843,0.07979608,2.58265340,0.46594272,1.17555463,0.01156200,0.02942241,-0.05623226,-0.19437264,-35.04972839,-6.60813141,-0.19506028,-35.04918819,-6.61153147,0.14881751,0.26259005,-0.17820499,-0.04624276,-34.78659814,-6.78973646,-0.05967293,-34.84384398,-6.73062987,0.00794900,0.00572442,0.00147201,0.01972404,0.02547628,-0.08101446,1
17.540,2.59091415,0.47221453,1.17565816,0.03106432,0.05457946,-0.13644865,-0.02214567,-0.03192669,0.07981672,2.58276318,0.46622869,1.17500105,0.01141601,0.02921599,-0.05601370,-0.19393961,-35.04414749,-6.60765934,-0.19462634,-35.04360753,-6.61105975,0.15170377,0.26857352,-0.18734926,-0.04292256,-34.77503402,-6.79840901,-0.05803578,-34.83838915,-6.73524841,0.00815097,0.00598584,0.00065711,0.01964831,0.02536347,-0.08043495,1
17.550,2.59122369,0.47275873,1.17429767,0.03084313,0.05426016,-0.13565039,-0.02209188,-0.03193406,0.07983515,2.58298038,0.46679817,1.17388919,0.01126732,0.02902126,-0.05593273,-0.19350462,-35.03858948,-6.60718107,-0.19419042,-35.03804973,-6.61058177,0.15295211,0.26733041,-0.18878780,-0.04123831,-34.77071932,-6.79936957,-0.05636969,-34.83289425,-6.73954444,0.00824331,0.00596056,0.00040848,0.01957581,0.02523890,-0.07971766,1
17.560,2.59153102,0.47329973,1.17294516,0.03062248,0.05394078,-0.13485195,-0.02203781,-0.03194054,0.07985135,2.58319459,0.46736568,1.17276513,0.01111893,0.02885398,-0.05604190,-0.19306810,-35.03305435,-6.60669708,-0.19375300,-35.03251482,-6.61009806,0.15421273,0.26591918,-0.18948855,-0.03954028,-34.76659564,-6.79958661,-0.05297719,-34.82033739,-6.75035480,0.00833643,0.00593405,0.00018003,0.01950355,0.02508680,-0.07881005,1
17.570,2.59183614,0.47383754,1.17160063,0.03040237,0.05362135,-0.13405337,-0.02198348,-0.03194613,0.07986532,2.58340592,0.46793150,1.17162661,0.01097192,0.02870753,-0.05630835,-0.19263013,-35.02755356,-6.60620403,-0.19331412,-35.02701423,-6.60960523,0.15548178,0.26436585,-0.18950405,-0.03783233,-34.76264839,-6.79910928,-0.05132774,-34.81524992,-6.75352090,0.00843022,0.00590604,-0.00002598,0.01943045,0.02491382,-0.07774502,1
17.580,2.59213907,0.47437216,1.17026409,0.03018281,0.05330186,-0.13325466,-0.02192888,-0.03195082,0.07987704,2.58361447,0.46849563,1.17047258,0.01082717,0.02857652,-0.05670498,-0.19219050,-35.02208710,-6.60570431,-0.19287359,-35.02154795,-6.60910568,0.15675644,0.26269741,-0.18888862,-0.03611715,-34.75885054,-6.79799430,-0.04965093,-34.81019735,-6.75629916,0.00852460,0.00587653,-0.00020849,0.01935564,0.02472534,-0.07654968,1
17.590,2.59243980,0.47490358,1.16893554,0.02996380,0.05298233,-0.13245584,-0.02187400,-0.03195461,0.07988652,2.58382033,0.46905801,1.16930234,0.01068536,0.02845613,-0.05720720,-0.19174990,-35.01663971,-6.60519981,-0.19243207,-35.01610077,-6.60860134,0.15803367,0.26093944,-0.18769432,-0.03439840,-34.75516133,-6.79629566,-0.04795473,-34.80531988,-6.75843320,0.00861947,0.00584557,-0.00036680,0.01927844,0.02452620,-0.07524864,1
17.600,2.59273834,0.47543181,1.16761497,0.02974533,0.05266277,-0.13165693,-0.02181885,-0.03195750,0.07989374,2.58402361,0.46961851,1.16811547,0.01054705,0.02834198,-0.05779264,-0.19130790,-35.01122284,-6.60469007,-0.19198917,-35.01068406,-6.60809170,0.15931096,0.25911716,-0.18597209,-0.03267821,-34.75156690,-6.79406379,-0.04624276,-34.80059790,-6.75996199,0.00871473,0.00581330,-0.00050050,0.01919828,0.02432079,-0.07386429,1
17.610,2.59303471,0.47595684,1.16630240,0.02952742,0.05234319,-0.13085797,-0.02176343,-0.03195948,0.07989870,2.58412433,0.46989828,1.16751469,0.01042829,0.02825073,-0.05836405,-0.19086513,-35.00583267,-6.60417366,-0.19154549,-35.00529405,-6.60757536,0.16205634,0.26411909,-0.19180061,-0.02948915,-34.74117496,-6.79937597,-0.04292256,-34.78902252,-6.76836987,0.00891038,0.00605856,-0.00121229,0.01909913,0.02409246,-0.07249392,1
17.620,2.59332889,0.47647867,1.16499781,0.02931006,0.05202359,-0.13005897,-0.02170774,-0.03196056,0.07990139,2.58432400,0.47045693,1.16629758,0.01030987,0.02816758,-0.05905228,-0.19042170,-35.00046921,-6.60365152,-0.19110115,-34.99993073,-6.60705326,0.16328513,0.26202837,-0.18922107,-0.02781602,-34.73790236,-6.79627433,-0.04123831,-34.78467839,-6.76881109,0.00900489,0.00602174,-0.00129977,0.01900019,0.02385601,-0.07100669,1
17.630,2.59362091,0.47699731,1.16370122,0.02909327,0.05170398,-0.12925995,-0.02165177,-0.03196072,0.07990181,2.58452140,0.47101420,1.16505998,0.01019307,0.02808692,-0.05982251,-0.18997733,-34.99512863,-6.60312366,-0.19065587,-34.99459027,-6.60652538,0.16451354,0.25987990,-0.18606621,-0.02614234,-34.73471038,-6.79259159,-0.03954028,-34.78051811,-6.76852000,0.00909951,0.00598311,-0.00135876,0.01890020,0.02361706,-0.06943744,1
17.640,2.59391076,0.47751275,1.16241262,0.02887703,0.05138437,-0.12846094,-0.02159553,-0.03195998,0.07989994,2.58471669,0.47156985,1.16380258,0.01007943,0.02800503,-0.06064459,-0.18953165,-34.98983383,-6.60259247,-0.19020929,-34.98929560,-6.60599413,0.16573596,0.25769792,-0.18242055,-0.02447333,-34.73159768,-6.78841468,-0.03783233,-34.77652805,-6.76755387,0.00919407,0.00594290,-0.00138996,0.01879760,0.02337934,-0.06781635,1
17.650,2.59419845,0.47802500,1.16113200,0.02866136,0.05106478,-0.12766196,-0.02153902,-0.03195831,0.07989578,2.58490998,0.47212346,1.16252662,0.00996958,0.02791660,-0.06148916,-0.18908578,-34.98453903,-6.60205412,-0.18976251,-34.98400091,-6.60545570,0.16694957,0.25552007,-0.17837361,-0.02281294,-34.72848085,-6.78382931,-0.03611715,-34.77267620,-6.76598287,0.00928847,0.00590154,-0.00139462,0.01869178,0.02314818,-0.06617280,1
17.660,2.59448399,0.47853405,1.15985938,0.02844625,0.05074521,-0.12686303,-0.02148224,-0.03195573,0.07988933,2.58500592,0.47239934,1.16188217,0.00987560,0.02783459,-0.06222826,-0.18863976,-34.97929382,-6.60151100,-0.18931558,-34.97875580,-6.60491244,0.16956085,0.26017364,-0.18269668,-0.01975472,-34.71858216,-6.78760912,-0.03439840,-34.76895561,-6.76407287,0.00947807,0.00613471,-0.00202279,0.01857065,0.02291062,-0.06463477,1
17.670,2.59476738,0.47903990,1.15859474,0.02823171,0.05042567,-0.12606418,-0.02142518,-0.03195223,0.07988057,2.58519643,0.47294895,1.16058129,0.00978272,0.02773647,-0.06297917,-0.18819328,-34.97406769,-6.60096359,-0.18886819,-34.97352974,-6.60436487,0.17072022,0.25798485,-0.17835325,-0.01814797,-34.71554489,-6.78271813,-0.03267821,-34.76528795,-6.76144785,0.00957095,0.00609095,-0.00198655,0.01844899,0.02268920,-0.06308501,1
17.680,2.59504863,0.47954256,1.15733809,0.02801775,0.05010617,-0.12526543,-0.02136784,-0.03194780,0.07986950,2.58538526,0.47349548,1.15926499,0.00969242,0.02762614,-0.06374292,-0.18774614,-34.96886444,-6.60041189,-0.18842014,-34.96832658,-6.60381297,0.17186893,0.25585415,-0.17367348,-0.01655121,-34.71247243,-6.77748645,-0.02948915,-34.75482255,-6.76635889,0.00966337,0.00604708,-0.00192690,0.01832533,0.02248003,-0.06152251,1
17.690,2.59532774,0.48004202,1.15608943,0.02780436,0.04978672,-0.12446680,-0.02131023,-0.03194244,0.07985611,2.58557259,0.47403916,1.15793263,0.00960643,0.02750568,-0.06450931,-0.18729858,-34.96368790,-6.59985733,-0.18797167,-34.96315009,-6.60325816,0.17300054,0.25376578,-0.16867467,-0.01497114,-34.70938431,-6.77193283,-0.02781602,-34.75147451,-6.76287009,0.00975515,0.00600286,-0.00184320,0.01819793,0.02228104,-0.05995749,1
17.700,2.59560472,0.48053829,1.15484876,0.02759154,0.04946732,-0.12366831,-0.02125235,-0.03193616,0.07984039,2.58575855,0.47457931,1.15658672,0.00952520,0.02736916,-0.06524553,-0.18685111,-34.95853806,-6.59929848,-0.18752330,-34.95800029,-6.60269902,0.17411247,0.25176627,-0.16347142,-0.01341083,-34.70623402,-6.76617043,-0.02614234,-34.74819018,-6.75886449,0.00984617,0.00595898,-0.00173796,0.01806634,0.02209816,-0.05842278,1
17.710,2.59587957,0.48103137,1.15361606,0.02737931,0.04914800,-0.12287000,-0.02119419,-0.03192894,0.07982235,2.58585106,0.47484784,1.15590958,0.00945663,0.02724011,-0.06586247,-0.18640387,-34.95341873,-6.59873343,-0.18707515,-34.95288099,-6.60213363,0.17657027,0.25644108,-0.16715795,-0.01050489,-34.69643991,-6.76929159,-0.02447333,-34.74502415,-6.75455803,0.01002851,0.00618353,-0.00229352,0.01792268,0.02190789,-0.05700753,1
17.720,2.59615230,0.48152125,1.15239136,0.02716766,0.04882875,-0.12207187,-0.02113576,-0.03192078,0.07980196,2.58603520,0.47538138,1.15454852,0.00939079,0.02708362,-0.06643331,-0.18595672,-34.94832993,-6.59816885,-0.18662709,-34.94779219,-6.60156869,0.17761763,0.25454818,-0.16196495,-0.00900946,-34.69324402,-6.76353364,-0.02281294,-34.74178793,-6.74975640,0.01011710,0.00613987,-0.00215716,0.01777687,0.02174513,-0.05563856,1
17.730,2.59642292,0.48200795,1.15117463,0.02695660,0.04850959,-0.12127396,-0.02107705,-0.03191169,0.07977923,2.58621829,0.47590987,1.15317982,0.00932875,0.02690447,-0.06696238,-0.18550938,-34.94326019,-6.59759855,-0.18617884,-34.94272245,-6.60099798,0.17864277,0.25281554,-0.15667397,-0.00753607,-34.68990691,-6.75767196,-0.01975472,-34.73176567,-6.75333432,0.01020463,0.00609808,-0.00200519,0.01762785,0.02160512,-0.05431158,1
17.740,2.59669144,0.48249145,1.14996587,0.02674612,0.04819052,-0.12047630,-0.02101806,-0.03190166,0.07975414,2.58640052,0.47643332,1.15180403,0.00927195,0.02670479,-0.06743839,-0.18506274,-34.93822098,-6.59702349,-0.18573129,-34.93768322,-6.60042249,0.17963999,0.25123184,-0.15132014,-0.00609130,-34.68645138,-6.75174263,-0.01814797,-34.72859776,-6.74828493,0.01029092,0.00605813,-0.00183816,0.01747417,0.02148573,-0.05303791,1
17.750,2.59695785,0.48297176,1.14876510,0.02653624,0.04787156,-0.11967889,-0.02095880,-0.03189068,0.07972669,2.58658203,0.47695098,1.15042430,0.00922059,0.02648009,-0.06783452,-0.18461584,-34.93320084,-6.59644747,-0.18528348,-34.93266307,-6.59984599,0.18060691,0.24983902,-0.14601149,-0.00467657,-34.68282405,-6.74585748,-0.01655121,-34.72537543,-6.74297499,0.01037582,0.00602078,-0.00165920,0.01731565,0.02139147,-0.05184437,1
17.760,2.59722216,0.48344888,1.14757230,0.02632695,0.04755271,-0.11888177,-0.02089926,-0.03187875,0.07969688,2.58676292,0.47746205,1.14904393,0.00917485,0.02622687,-0.06812933,-0.18417019,-34.92820740,-6.59587193,-0.18483694,-34.92766957,-6.59926991,0.18154150,0.24867410,-0.14084473,-0.00329543,-34.67899547,-6.74011464,-0.01497114,-34.72211791,-6.73742595,0.01045924,0.00598683,-0.00147163,0.01715210,0.02132584,-0.05075244,1
17.770,2.59748439,0.48392281,1.14638746,0.02611825,0.04723398,-0.11808496,-0.02083944,-0.03186588,0.07966469,2.58685318,0.47771486,1.14835463,0.00913764,0.02599051,-0.06832942,-0.18372406,-34.92325592,-6.59528923,-0.18438989,-34.92271801,-6.59868667,0.18378869,0.25380254,-0.14479650,-0.00060121,-34.66891547,-6.74348317,-0.01341083,-34.71887474,-6.73170559,0.01063121,0.00620795,-0.00196717,0.01698061,0.02124347,-0.04975554,1
17.780,2.59774453,0.48439356,1.14521060,0.02591016,0.04691539,-0.11728848,-0.02077935,-0.03185205,0.07963012,2.58703340,0.47821489,1.14697833,0.00910497,0.02572123,-0.06844536,-0.18327905,-34.91831207,-6.59470606,-0.18394398,-34.91777410,-6.59810290,0.18464742,0.25283641,-0.13992455,0.00070344,-34.66493769,-6.73802745,-0.01050489,-34.70889660,-6.73489501,0.01071113,0.00617867,-0.00176773,0.01680519,0.02119416,-0.04884312,1
17.790,2.59800259,0.48486112,1.14404169,0.02570267,0.04659695,-0.11649237,-0.02071897,-0.03183726,0.07959316,2.58721339,0.47870743,1.14560608,0.00907795,0.02542327,-0.06847138,-0.18283446,-34.91340256,-6.59412146,-0.18349848,-34.91286449,-6.59751766,0.18546836,0.25212186,-0.13522734,0.00196988,-34.66074263,-6.73274500,-0.00900946,-34.70550871,-6.72925891,0.01078920,0.00615369,-0.00156439,0.01662472,0.02117368,-0.04802099,1
17.800,2.59825859,0.48532550,1.14288075,0.02549578,0.04627865,-0.11569663,-0.02065832,-0.03182152,0.07955381,2.58739326,0.47919172,1.14424119,0.00905662,0.02509448,-0.06838866,-0.18239066,-34.90851974,-6.59353495,-0.18305377,-34.90798158,-6.59693048,0.18625002,0.25168861,-0.13079476,0.00319625,-34.65629297,-6.72772525,-0.00753607,-34.70196097,-6.72360172,0.01086533,0.00613378,-0.00136044,0.01643916,0.02118417,-0.04730797,1
17.810,2.59851251,0.48578669,1.14172776,0.02528950,0.04596052,-0.11490130,-0.02059740,-0.03180482,0.07951205,2.58748319,0.47943055,1.14356261,0.00904075,0.02479140,-0.06825592,-0.18194807,-34.90365219,-6.59294701,-0.18261028,-34.90311390,-6.59634182,0.18834005,0.25718532,-0.13530747,0.00572977,-34.64592858,-6.73164929,-0.00609130,-34.69839244,-6.71781377,0.01102932,0.00635614,-0.00183485,0.01624875,0.02116912,-0.04664538,1
17.820,2.59876438,0.48624471,1.14058272,0.02508383,0.04564256,-0.11410640,-0.02053619,-0.03178715,0.07946788,2.58766310,0.47990112,1.14221488,0.00902988,0.02444530,-0.06799321,-0.18150556,-34.89882660,-6.59235525,-0.18216686,-34.89828818,-6.59574931,0.18904093,0.25702480,-0.13134369,0.00687406,-34.64126338,-6.72709300,-0.00467657,-34.69452756,-6.71225494,0.01110128,0.00634359,-0.00163216,0.01605395,0.02119726,-0.04611319,1
17.830,2.59901419,0.48669954,1.13944563,0.02487878,0.04532478,-0.11331195,-0.02047470,-0.03176852,0.07942130,2.58784318,0.48036168,1.14088256,0.00902410,0.02405853,-0.06759413,-0.18106422,-34.89400864,-6.59176540,-0.18172462,-34.89347004,-6.59515867,0.18969957,0.25723912,-0.12781862,0.00797495,-34.63623092,-6.72297729,-0.00329543,-34.69044458,-6.70691620,0.01117101,0.00633786,-0.00143693,0.01585468,0.02126625,-0.04571782,1
17.840,2.59926196,0.48715120,1.13831648,0.02467434,0.04500719,-0.11251798,-0.02041294,-0.03174892,0.07937229,2.58802353,0.48081187,1.13956740,0.00902364,0.02364037,-0.06708651,-0.18062371,-34.88922882,-6.59117222,-0.18128321,-34.88869005,-6.59456467,0.19031411,0.25779140,-0.12468592,0.00903090,-34.63089865,-6.71925058,-0.00060121,-34.68010842,-6.71070135,0.01123843,0.00633933,-0.00125092,0.01565070,0.02136682,-0.04543147,1
17.850,2.59950768,0.48759969,1.13719527,0.02447052,0.04468980,-0.11172451,-0.02035089,-0.03172834,0.07932085,2.58811387,0.48103316,1.13891630,0.00902620,0.02326247,-0.06659231,-0.18018441,-34.88447189,-6.59057856,-0.18084301,-34.88393294,-6.59397013,0.19224346,0.26378714,-0.13005092,0.01140046,-34.62014580,-6.72402106,0.00070344,-34.67600207,-6.70547259,0.01139381,0.00656653,-0.00172103,0.01544432,0.02142733,-0.04513220,1
17.860,2.59975137,0.48804500,1.13608199,0.02426732,0.04437263,-0.11093157,-0.02028857,-0.03170679,0.07926698,2.58829492,0.48146778,1.13762851,0.00903457,0.02284572,-0.06597640,-0.17974623,-34.87973785,-6.58998680,-0.18040392,-34.87919869,-6.59337747,0.19277131,0.26456544,-0.12734125,0.01236740,-34.61463324,-6.72071872,0.00196988,-34.67154036,-6.70068065,0.01145645,0.00657722,-0.00154652,0.01523275,0.02152691,-0.04495517,1
17.870,2.59999303,0.48848714,1.13497663,0.02406475,0.04405567,-0.11013918,-0.02022596,-0.03168426,0.07921066,2.58847657,0.48189133,1.13636231,0.00904848,0.02239321,-0.06523679,-0.17930889,-34.87503433,-6.58939219,-0.17996567,-34.87449493,-6.59278192,0.19325015,0.26572108,-0.12511976,0.01328447,-34.60877386,-6.71790168,0.00319625,-34.66681081,-6.69621628,0.01151646,0.00659581,-0.00138568,0.01501627,0.02166246,-0.04490239,1
17.880,2.60023267,0.48892612,1.13387920,0.02386280,0.04373895,-0.10934736,-0.02016308,-0.03166075,0.07915188,2.58865889,0.48230360,1.13511895,0.00906788,0.02191468,-0.06440422,-0.17887306,-34.87034988,-6.58879662,-0.17952894,-34.86981025,-6.59218536,0.19367872,0.26721127,-0.12332579,0.01414978,-34.60259898,-6.71551115,0.00572977,-34.65616812,-6.70069604,0.01157378,0.00662252,-0.00123975,0.01479492,0.02182427,-0.04494314,1
17.890,2.60047029,0.48936192,1.13278968,0.02366149,0.04342246,-0.10855615,-0.02009991,-0.03163626,0.07909065,2.58884205,0.48270490,1.13389809,0.00909308,0.02141741,-0.06349166,-0.17843820,-34.86568832,-6.58820486,-0.17909318,-34.86514844,-6.59159258,0.19405424,0.26899093,-0.12192282,0.01496106,-34.59615751,-6.71351540,0.00687406,-34.65122618,-6.69671601,0.01162824,0.00665702,-0.00110841,0.01456841,0.02200505,-0.04506449,1
17.900,2.60070590,0.48979457,1.13170808,0.02346081,0.04310622,-0.10776556,-0.02003646,-0.03161078,0.07902695,2.58902612,0.48309486,1.13270173,0.00912362,0.02090163,-0.06249499,-0.17800426,-34.86106110,-6.58761024,-0.17865834,-34.86052093,-6.59099691,0.19437656,0.27106920,-0.12094712,0.01571822,-34.58945173,-6.71194404,0.00797495,-34.64590807,-6.69322481,0.01167978,0.00669971,-0.00099365,0.01433719,0.02220459,-0.04527057,1
17.910,2.60093950,0.49022405,1.13063437,0.02326076,0.04279025,-0.10697562,-0.01997273,-0.03158431,0.07896078,2.58911853,0.48328550,1.13211332,0.00915278,0.02044207,-0.06158128,-0.17757225,-34.85645294,-6.58701563,-0.17822542,-34.85591248,-6.59040119,0.19604791,0.27777219,-0.12756703,0.01782249,-34.57814028,-6.71796823,0.00903090,-34.64043034,-6.68983051,0.01182097,0.00693855,-0.00147895,0.01410798,0.02234818,-0.04539434,1
17.920,2.60117111,0.49065037,1.12956856,0.02306135,0.04247454,-0.10618635,-0.01990872,-0.03155685,0.07889213,2.58930411,0.48365815,1.13095577,0.00918787,0.01995573,-0.06058166,-0.17714107,-34.85187149,-6.58642244,-0.17779334,-34.85133072,-6.58980686,0.19628113,0.27998100,-0.12690164,0.01848780,-34.57134972,-6.71670851,0.01140046,-34.62939416,-6.69522966,0.01186700,0.00699222,-0.00138721,0.01387348,0.02251881,-0.04560469,1
17.930,2.60140073,0.49107354,1.12851064,0.02286259,0.04215911,-0.10539778,-0.01984443,-0.03152840,0.07882099,2.58949083,0.48401979,1.12982223,0.00922848,0.01945270,-0.05952735,-0.17671169,-34.84730911,-6.58583260,-0.17736306,-34.84676801,-6.58921586,0.19645792,0.28247125,-0.12658419,0.01909487,-34.56429677,-6.71580005,0.01236740,-34.62360503,-6.69253651,0.01190990,0.00705375,-0.00131159,0.01363411,0.02270641,-0.04587043,1
17.940,2.60162837,0.49149355,1.12746060,0.02266446,0.04184398,-0.10460994,-0.01977985,-0.03149894,0.07874736,2.58967873,0.48437023,1.12871404,0.00927400,0.01893482,-0.05841607,-0.17628342,-34.84277725,-6.58523893,-0.17693387,-34.84223582,-6.58862099,0.19657862,0.28523859,-0.12663816,0.01964475,-34.55699723,-6.71525915,0.01328447,-34.61746445,-6.69036055,0.01194964,0.00712332,-0.00125344,0.01339046,0.02290916,-0.04619387,1
17.950,2.60185403,0.49191042,1.12641844,0.02246699,0.04152914,-0.10382285,-0.01971500,-0.03146849,0.07867122,2.58977315,0.48454125,1.12816996,0.00931613,0.01847649,-0.05741430,-0.17585631,-34.83826828,-6.58465004,-0.17650586,-34.83772650,-6.58803083,0.19808001,0.29211717,-0.13365154,0.02157415,-34.54560933,-6.72168237,0.01414978,-34.61114972,-6.68830666,0.01208088,0.00736917,-0.00175152,0.01315086,0.02305265,-0.04640855,1
17.960,2.60207771,0.49232414,1.12538414,0.02227017,0.04121461,-0.10303652,-0.01964986,-0.03143703,0.07859258,2.58996298,0.48487481,1.12710217,0.00936406,0.01799186,-0.05632188,-0.17543104,-34.83378601,-6.58406162,-0.17607969,-34.83324385,-6.58744115,0.19811045,0.29498645,-0.13398320,0.02203076,-34.53825739,-6.72142435,0.01496106,-34.60442651,-6.68699309,0.01211473,0.00744933,-0.00171803,0.01290611,0.02322275,-0.04671464,1
17.970,2.60229943,0.49273471,1.12435771,0.02207399,0.04090040,-0.10225100,-0.01958443,-0.03140457,0.07851142,2.59015415,0.48519710,1.12606208,0.00941690,0.01748768,-0.05515532,-0.17500706,-34.82933044,-6.58347321,-0.17565481,-34.82878789,-6.58685140,0.19808287,0.29815830,-0.13475987,0.02242806,-34.53062958,-6.72161126,0.01571822,-34.59743928,-6.68611622,0.01214528,0.00753761,-0.00170437,0.01265709,0.02341272,-0.04709568,1
17.980,2.60251919,0.49314215,1.12333912,0.02187848,0.04058652,-0.10146630,-0.01951872,-0.03137110,0.07842774,2.59025024,0.48535403,1.12555252,0.00946513,0.01703892,-0.05410546,-0.17458469,-34.82489395,-6.58288717,-0.17523153,-34.82435098,-6.58626401,0.19946258,0.30511108,-0.14204238,0.02423105,-34.51923990,-6.72830639,0.01571822,-34.59729806,-6.68646609,0.01226895,0.00778812,-0.00221340,0.01241335,0.02354760,-0.04736084,1
17.990,2.60273700,0.49354644,1.12232838,0.02168362,0.04027298,-0.10068246,-0.01945273,-0.03133661,0.07834154,2.59044354,0.48566028,1.12455155,0.00951962,0.01657616,-0.05301533,-0.17416348,-34.82048035,-6.58230448,-0.17480942,-34.81993695,-6.58567991,0.19934394,0.30832386,-0.14293731,0.02453452,-34.51161309,-6.72861722,0.01848780,-34.57894365,-6.69183603,0.01229346,0.00788616,-0.00222317,0.01216400,0.02369682,-0.04766713,1
18.000,2.60295287,0.49394761,1.12132547,0.02148942,0.03995979,-0.09989948,-0.01938646,-0.03130112,0.07825279,2.59063832,0.48595652,1.12357491,0.00957922,0.01610427,-0.05189353,-0.17374404,-34.81609726,-6.58172226,-0.17438908,-34.81555342,-6.58509624,0.19916498,0.31175667,-0.14412812,0.02477590,-34.50379675,-6.72922436,0.01909487,-34.57164108,-6.69153598,0.01231455,0.00799109,-0.00224944,0.01191020,0.02385552,-0.04800595,1
18.010,2.60316679,0.49434564,1.12033039,0.02129589,0.03964696,-0.09911741,-0.01931990,-0.03126460,0.07816150,2.59083462,0.48624289,1.12262256,0.00964297,0.01562764,-0.05074919,-0.17332548,-34.81174088,-6.58114243,-0.17396962,-34.81119657,-6.58451494,0.19892702,0.31538338,-0.14559158,0.02495741,-34.49581318,-6.73010652,0.01964475,-34.56409610,-6.69160107,0.01233217,0.00810275,-0.00229217,0.01165292,0.02401932,-0.04836822,1
18.020,2.60337879,0.49474055,1.11934312,0.02110303,0.03933450,-0.09833626,-0.01925305,-0.03122706,0.07806766,2.59225440,0.48802821,1.11646624,0.00983561,0.01464258,-0.04846451,-0.17290920,-34.80739594,-6.58056831,-0.17355243,-34.80685113,-6.58393931,0.18005036,0.28399958,-0.08214995,0.00649792,-34.52285155,-6.66608926,0.02495741,-34.50165689,-6.70930129,0.01112439,0.00671234,0.00287688,0.01126742,0.02469192,-0.04987175,1
18.030,2.60358886,0.49513233,1.11836366,0.02091083,0.03902243,-0.09755606,-0.01918592,-0.03118851,0.07797126,2.59235896,0.48814355,1.11605340,0.00999068,0.01386542,-0.04666941,-0.17249438,-34.80308533,-6.57999229,-0.17313671,-34.80254004,-6.58336174,0.18094973,0.29325007,-0.09205091,0.00781301,-34.50928997,-6.67541265,0.02495741,-34.50158014,-6.70946445,0.01122990,0.00698878,0.00231026,0.01092015,0.02515701,-0.05088665,1
18.040,2.60379701,0.49552100,1.11739199,0.02071931,0.03871074,-0.09677684,-0.01911850,-0.03114892,0.07787230,2.59256936,0.48836952,1.11523760,0.01012824,0.01320389,-0.04515827,-0.17208093,-34.79880142,-6.57942057,-0.17272236,-34.79825562,-6.58278840,0.18026917,0.29908102,-0.09590481,0.00754680,-34.49917460,-6.67869321,0.02495741,-34.50142284,-6.70979409,0.01122765,0.00715148,0.00215439,0.01059107,0.02550685,-0.05161857,1
18.050,2.60400324,0.49590655,1.11642812,0.02052846,0.03839945,-0.09599863,-0.01905080,-0.03110831,0.07777077,2.59278146,0.48858905,1.11443510,0.01025277,0.01262664,-0.04385801,-0.17166844,-34.79454422,-6.57885170,-0.17230897,-34.79399788,-6.58221792,0.17956157,0.30457589,-0.09930585,0.00725260,-34.48942199,-6.68152377,0.02495741,-34.50126063,-6.71012790,0.01122178,0.00731750,0.00199302,0.01027569,0.02577281,-0.05214062,1
18.060,2.60420758,0.49628899,1.11547202,0.02033829,0.03808857,-0.09522144,-0.01898281,-0.03106666,0.07766666,2.59288815,0.48869634,1.11403890,0.01035690,0.01215226,-0.04279863,-0.17125773,-34.79029083,-6.57828617,-0.17189736,-34.78974393,-6.58165071,0.18044899,0.31228728,-0.10728853,0.00855164,-34.47745665,-6.68893924,0.02495741,-34.50117775,-6.71029627,0.01131943,0.00759265,0.00143312,0.00998139,0.02593631,-0.05242281,1
18.070,2.60441001,0.49666832,1.11452369,0.02014881,0.03777812,-0.09444530,-0.01891454,-0.03102398,0.07755996,2.59310283,0.48890586,1.11325666,0.01045653,0.01171187,-0.04183435,-0.17084853,-34.78609085,-6.57772207,-0.17148726,-34.78554339,-6.58108489,0.17969837,0.31719782,-0.10991686,0.00821111,-34.46834557,-6.69100175,0.02495741,-34.50100853,-6.71063576,0.01130718,0.00776246,0.00126703,0.00969228,0.02606625,-0.05261095,1
18.080,2.60461056,0.49704455,1.11358311,0.01996000,0.03746810,-0.09367025,-0.01884598,-0.03098027,0.07745067,2.59331923,0.48910848,1.11248811,0.01055289,0.01129475,-0.04093970,-0.17044137,-34.78189468,-6.57716513,-0.17107919,-34.78134661,-6.58052622,0.17890148,0.32208955,-0.11245114,0.00782229,-34.45925706,-6.69297735,0.02495741,-34.50083488,-6.71097864,0.01129133,0.00793607,0.00109500,0.00940711,0.02617335,-0.05273055,1
18.090,2.60480922,0.49741769,1.11265028,0.01977189,0.03715852,-0.09289630,-0.01877713,-0.03093551,0.07733878,2.59342809,0.48920714,1.11210901,0.01063601,0.01093770,-0.04018240,-0.17003511,-34.77773285,-6.57660961,-0.17067203,-34.77718420,-6.57996891,0.17971749,0.32920521,-0.11960739,0.00904547,-34.44797898,-6.69957631,0.02495741,-34.50074645,-6.71115126,0.01138113,0.00821055,0.00054127,0.00913588,0.02622082,-0.05271390,1
18.100,2.60500600,0.49778772,1.11172518,0.01958446,0.03684939,-0.09212348,-0.01870800,-0.03088971,0.07722428,2.59364653,0.48939431,1.11138510,0.01071058,0.01050383,-0.03905496,-0.16962978,-34.77359390,-6.57605600,-0.17026580,-34.77304464,-6.57941349,0.17887997,0.33441730,-0.12310911,0.00861417,-34.43862734,-6.70252260,0.00781301,-34.51389108,-6.65757633,0.01135947,0.00839341,0.00034008,0.00887388,0.02634556,-0.05306852,1
18.110,2.60520091,0.49815467,1.11080780,0.01939773,0.03654073,-0.09135182,-0.01863857,-0.03084287,0.07710717,2.59386594,0.48956918,1.11070226,0.01077846,0.01002736,-0.03770448,-0.16922647,-34.76947784,-6.57550907,-0.16986158,-34.76892792,-6.57886468,0.17801458,0.34007556,-0.12760514,0.00815299,-34.42885237,-6.70646982,0.00754680,-34.50347357,-6.66186670,0.01133497,0.00858549,0.00010554,0.00861927,0.02651337,-0.05364734,1
18.120,2.60539395,0.49851854,1.10989814,0.01921169,0.03623254,-0.09058134,-0.01856886,-0.03079498,0.07698744,2.59397599,0.48965224,1.11037548,0.01083521,0.00959698,-0.03644801,-0.16882479,-34.76538086,-6.57496500,-0.16945900,-34.76483027,-6.57831872,0.17878520,0.34772448,-0.13639794,0.00932620,-34.41710579,-6.71471666,0.00754680,-34.50332754,-6.66235391,0.01141796,0.00886630,-0.00047734,0.00837648,0.02663556,-0.05413333,1
18.130,2.60558514,0.49887933,1.10899617,0.01902635,0.03592483,-0.08981208,-0.01849886,-0.03074603,0.07686508,2.59419676,0.48981020,1.10974937,0.01088879,0.00913830,-0.03504823,-0.16842398,-34.76131058,-6.57442427,-0.16905729,-34.76075931,-6.57777604,0.17787504,0.35356806,-0.14156116,0.00881775,-34.40719125,-6.71933721,0.00725260,-34.49330311,-6.66609933,0.01138838,0.00906913,-0.00075320,0.00813756,0.02678653,-0.05476385,1
18.140,2.60577448,0.49923704,1.10810189,0.01884172,0.03561762,-0.08904405,-0.01842858,-0.03069604,0.07674009,2.59441841,0.48995847,1.10915576,0.01093991,0.00867947,-0.03361279,-0.16802476,-34.75726700,-6.57388926,-0.16865717,-34.75671503,-6.57723906,0.17693020,0.35958082,-0.14713944,0.00827303,-34.39713421,-6.72437850,0.00821111,-34.47199707,-6.67634851,0.01135607,0.00927857,-0.00105387,0.00790181,0.02693815,-0.05543126,1
18.150,2.60596198,0.49959168,1.10721529,0.01865778,0.03531091,-0.08827729,-0.01835800,-0.03064498,0.07661246,2.59452956,0.49002928,1.10887015,0.01098358,0.00827996,-0.03234974,-0.16762619,-34.75324631,-6.57335711,-0.16825771,-34.75269363,-6.57670489,0.17763174,0.36715956,-0.15619476,0.00937403,-34.38553407,-6.73289965,0.00821111,-34.47188630,-6.67672146,0.01143242,0.00956240,-0.00165486,0.00767420,0.02703095,-0.05592755,1
18.160,2.60614764,0.49994326,1.10633634,0.01847456,0.03500472,-0.08751181,-0.01828713,-0.03059287,0.07648217,2.59475245,0.49016479,1.10831994,0.01102631,0.00787830,-0.03105255,-0.16722950,-34.74925232,-6.57283068,-0.16786012,-34.74869892,-6.57617641,0.17663276,0.37305822,-0.16179967,0.00877264,-34.37564070,-6.73797608,0.00782229,-34.46259371,-6.67939687,0.01139519,0.00977847,-0.00198360,0.00744825,0.02712642,-0.05645926,1
18.170,2.60633147,0.50029178,1.10546505,0.01829204,0.03469906,-0.08674765,-0.01821598,-0.03053969,0.07634923,2.59497614,0.49029325,1.10779392,0.01106822,0.00749527,-0.02979772,-0.16683373,-34.74527740,-6.57230806,-0.16746344,-34.74472327,-6.57565171,0.17559739,0.37896659,-0.16751718,0.00813395,-34.36575668,-6.74316889,0.00861417,-34.44180044,-6.68950597,0.01135533,0.00999853,-0.00232887,0.00722382,0.02720379,-0.05694993,1
18.180,2.60651348,0.50063724,1.10460139,0.01811024,0.03439393,-0.08598484,-0.01814453,-0.03048545,0.07621363,2.59520057,0.49041577,1.10728859,0.01110873,0.00713657,-0.02860691,-0.16644004,-34.74132538,-6.57179022,-0.16706885,-34.74077047,-6.57513172,0.17452776,0.38482835,-0.17324813,0.00745891,-34.35594212,-6.74837985,0.00815299,-34.43188259,-6.69395259,0.01131291,0.01022147,-0.00268720,0.00700151,0.02725736,-0.05737793,1
18.190,2.60669368,0.50097966,1.10374535,0.01792915,0.03408936,-0.08522339,-0.01807280,-0.03043014,0.07607535,2.59542570,0.49053336,1.10680055,0.01114785,0.00681007,-0.02751357,-0.16604637,-34.73740005,-6.57127905,-0.16667427,-34.73684438,-6.57461838,0.17342466,0.39057973,-0.17886487,0.00675039,-34.34626465,-6.75348324,0.00932620,-34.42002107,-6.70259988,0.01126798,0.01044630,-0.00305520,0.00678130,0.02727929,-0.05770982,1
18.200,2.60687207,0.50131903,1.10289691,0.01774878,0.03378533,-0.08446334,-0.01800077,-0.03037376,0.07593440,2.59565148,0.49064777,1.10632367,0.01118511,0.00652837,-0.02656356,-0.16565438,-34.73350143,-6.57077169,-0.16628138,-34.73294497,-6.57410883,0.17228979,0.39611343,-0.18417357,0.00600841,-34.33683155,-6.75828240,0.00881775,-34.41003290,-6.70748045,0.01122059,0.01067126,-0.00342676,0.00656367,0.02725696,-0.05789978,1
18.210,2.60704866,0.50165537,1.10205607,0.01756914,0.03348188,-0.08370471,-0.01792846,-0.03031631,0.07579077,2.59587784,0.49075996,1.10585475,0.01122005,0.00629243,-0.02576187,-0.16526280,-34.72962189,-6.57026815,-0.16588891,-34.72906461,-6.57360303,0.17112529,0.40140139,-0.18911990,0.00523638,-34.32766323,-6.76272292,0.00827303,-34.39992652,-6.71270009,0.01117082,0.01089541,-0.00379868,0.00634909,0.02718945,-0.05794284,1
18.220,2.60722345,0.50198867,1.10122281,0.01739022,0.03317901,-0.08294753,-0.01785585,-0.03025778,0.07564444,2.59599123,0.49081566,1.10562169,0.01124979,0.00611171,-0.02514790,-0.16487293,-34.72576904,-6.56977129,-0.16549814,-34.72521092,-6.57310387,0.17164021,0.40775312,-0.19656889,0.00614207,-34.31745780,-6.76967276,0.00937403,-34.38831884,-6.72124666,0.01123222,0.01117301,-0.00439888,0.00614043,0.02706730,-0.05779963,1
18.230,2.60739647,0.50231895,1.10039712,0.01721202,0.03287673,-0.08219183,-0.01778295,-0.03019817,0.07549542,2.59621841,0.49092680,1.10515634,0.01127869,0.00597421,-0.02468140,-0.16448367,-34.72193909,-6.56928062,-0.16510797,-34.72138011,-6.57261088,0.17042471,0.41243032,-0.20053504,0.00531673,-34.30894979,-6.77314592,0.00877264,-34.37842155,-6.72633513,0.01117806,0.01139215,-0.00475922,0.00593333,0.02690252,-0.05751043,1
18.240,2.60756770,0.50264621,1.09957897,0.01703456,0.03257505,-0.08143763,-0.01770976,-0.03013747,0.07534369,2.59644607,0.49103850,1.10468909,0.01130601,0.00588095,-0.02436520,-0.16409549,-34.71812820,-6.56879663,-0.16471888,-34.71756838,-6.57212452,0.16917987,0.41680044,-0.20400687,0.00446099,-34.30076794,-6.77613139,0.00813395,-34.36855726,-6.73146058,0.01112163,0.01160771,-0.00511012,0.00572855,0.02669410,-0.05707243,1
18.250,2.60773716,0.50297045,1.09876836,0.01685783,0.03227399,-0.08068496,-0.01763628,-0.03007570,0.07518924,2.59667412,0.49115170,1.10421677,0.01133116,0.00583262,-0.02420127,-0.16370769,-34.71434784,-6.56831455,-0.16433019,-34.71378712,-6.57164004,0.16790832,0.42083653,-0.20693828,0.00357813,-34.29295060,-6.77857831,0.00745891,-34.35878594,-6.73652511,0.01106304,0.01181875,-0.00544841,0.00552667,0.02644137,-0.05648369,1
18.260,2.60790486,0.50329169,1.09796527,0.01668183,0.03197354,-0.07993386,-0.01756251,-0.03001283,0.07503208,2.59690244,0.49126784,1.10373462,0.01135317,0.00583601,-0.02421075,-0.16332132,-34.71059418,-6.56784058,-0.16394292,-34.71003256,-6.57116361,0.16661401,0.42446888,-0.20921474,0.00267109,-34.28556368,-6.78037835,0.00675039,-34.34918774,-6.74136364,0.01100242,0.01202385,-0.00576935,0.00532866,0.02613753,-0.05572311,1
18.270,2.60807080,0.50360992,1.09716968,0.01650658,0.03167373,-0.07918433,-0.01748844,-0.02994888,0.07487219,2.59701667,0.49132732,1.10348885,0.01137073,0.00586396,-0.02430227,-0.16293538,-34.70685959,-6.56737185,-0.16355607,-34.70629708,-6.57069238,0.16701502,0.42932342,-0.21426612,0.00345895,-34.27697365,-6.78495851,0.00600841,-34.33980546,-6.74599398,0.01105413,0.01228260,-0.00631917,0.00513585,0.02580977,-0.05488206,1
18.280,2.60823499,0.50392517,1.09638158,0.01633207,0.03137457,-0.07843642,-0.01741408,-0.02988383,0.07470957,2.59724525,0.49144948,1.10298663,0.01138555,0.00594025,-0.02455481,-0.16254994,-34.70314789,-6.56691170,-0.16316974,-34.70258443,-6.57022973,0.16568154,0.43229821,-0.21548800,0.00251180,-34.27028623,-6.78571774,0.00523638,-34.33074779,-6.75006672,0.01098974,0.01247569,-0.00660505,0.00494652,0.02543432,-0.05388161,1
18.290,2.60839744,0.50423742,1.09560094,0.01615830,0.03107606,-0.07769015,-0.01733943,-0.02981768,0.07454421,2.59747392,0.49157674,1.10246744,0.01139786,0.00606437,-0.02496837,-0.16216528,-34.69946289,-6.56645298,-0.16278418,-34.69889850,-6.56976845,0.16432698,0.43483529,-0.21599415,0.00154280,-34.26406321,-6.78576260,0.00614207,-34.32067616,-6.75656823,0.01092352,0.01266068,-0.00686650,0.00476044,0.02501169,-0.05272178,1
18.300,2.60855816,0.50454669,1.09482777,0.01598528,0.03077822,-0.07694555,-0.01726448,-0.02975044,0.07437610,2.59770263,0.49171045,1.10192670,0.01140733,0.00624020,-0.02555397,-0.16178085,-34.69579315,-6.56600618,-0.16239885,-34.69522781,-6.56931905,0.16295302,0.43688157,-0.21569739,0.00055417,-34.25834624,-6.78501643,0.00531673,-34.31233364,-6.75949054,0.01085553,0.01283624,-0.00709893,0.00457795,0.02453802,-0.05139158,1
18.310,2.60871715,0.50485298,1.09406203,0.01581301,0.03048105,-0.07620264,-0.01718924,-0.02968210,0.07420524,2.59793130,0.49185121,1.10136269,0.01141374,0.00646206,-0.02628923,-0.16139790,-34.69215775,-6.56556082,-0.16201500,-34.69159143,-6.56887104,0.16156121,0.43845058,-0.21463172,-0.00045379,-34.25314086,-6.78350276,0.00446099,-34.30433174,-6.76188387,0.01078585,0.01300177,-0.00730066,0.00439927,0.02401899,-0.04991341,1
18.320,2.60887442,0.50515631,1.09330371,0.01564149,0.03018458,-0.07546145,-0.01711371,-0.02961265,0.07403161,2.59804560,0.49192443,1.10107145,0.01141773,0.00667689,-0.02699785,-0.16101463,-34.68854141,-6.56512308,-0.16163083,-34.68797410,-6.56843061,0.16186561,0.44167339,-0.21708704,0.00023478,-34.24630071,-6.78551765,0.00357813,-34.29661130,-6.76401646,0.01082882,0.01323188,-0.00776774,0.00422376,0.02350769,-0.04846360,1
18.330,2.60902998,0.50545668,1.09255279,0.01547074,0.02988881,-0.07472201,-0.01703788,-0.02954209,0.07385522,2.59827408,0.49207672,1.10047002,0.01141868,0.00693681,-0.02784787,-0.16063154,-34.68494797,-6.56469202,-0.16124684,-34.68437965,-6.56799683,0.16043916,0.44262371,-0.21506461,-0.00080768,-34.24175594,-6.78306144,0.00267109,-34.28942196,-6.76517938,0.01075590,0.01337996,-0.00791723,0.00405206,0.02295200,-0.04687414,1
18.340,2.60918384,0.50575409,1.09180926,0.01530074,0.02959374,-0.07398436,-0.01696175,-0.02947042,0.07367605,2.59850237,0.49223729,1.09984203,0.01141700,0.00723743,-0.02882476,-0.16024871,-34.68138123,-6.56427002,-0.16086311,-34.68081188,-6.56757207,0.15899681,0.44309327,-0.21228836,-0.00186630,-34.23771861,-6.77986043,0.00345895,-34.28104330,-6.76908079,0.01068147,0.01351680,-0.00803277,0.00388374,0.02235631,-0.04515960,1
18.350,2.60933600,0.50604856,1.09107310,0.01513150,0.02929940,-0.07324850,-0.01688534,-0.02939764,0.07349410,2.59873041,0.49240697,1.09918517,0.01141255,0.00757760,-0.02991929,-0.15986630,-34.67783356,-6.56385136,-0.16047980,-34.67726317,-6.56715061,0.15753951,0.44306765,-0.20875139,-0.00294029,-34.23419552,-6.77590200,0.00251180,-34.27458528,-6.76911629,0.01060559,0.01364159,-0.00811207,0.00371895,0.02172180,-0.04332921,1
18.360,2.60948647,0.50634008,1.09034429,0.01496303,0.02900579,-0.07251448,-0.01680862,-0.02932374,0.07330936,2.59895816,0.49258595,1.09849943,0.01140525,0.00794939,-0.03110083,-0.15948388,-34.67430878,-6.56344032,-0.16009647,-34.67373735,-6.56673672,0.15606858,0.44258171,-0.20453064,-0.00402789,-34.23115564,-6.77126736,0.00154280,-34.26859559,-6.76843989,0.01052831,0.01375413,-0.00815514,0.00355778,0.02105640,-0.04141365,1
18.370,2.60963526,0.50662867,1.08962280,0.01479533,0.02871293,-0.07178232,-0.01673161,-0.02924873,0.07312182,2.59918554,0.49277430,1.09778525,0.01139504,0.00834552,-0.03234084,-0.15910187,-34.67081451,-6.56303692,-0.15971357,-34.67024201,-6.56633044,0.15458515,0.44167053,-0.19970339,-0.00512842,-34.22857148,-6.76603383,0.00055417,-34.26311318,-6.76698600,0.01044972,0.01385437,-0.00816245,0.00340029,0.02036741,-0.03944148,1
18.380,2.60978238,0.50691434,1.08890863,0.01462840,0.02842082,-0.07105206,-0.01665431,-0.02917259,0.07293148,2.59929908,0.49287199,1.09741777,0.01138466,0.00870134,-0.03344274,-0.15871960,-34.66733932,-6.56264067,-0.15933039,-34.66676575,-6.56593127,0.15478631,0.44315851,-0.19963840,-0.00454408,-34.22360724,-6.76556967,-0.00045379,-34.25802526,-6.76512853,0.01048330,0.01404235,-0.00850914,0.00324374,0.01971948,-0.03760932,1
18.390,2.60992783,0.50719709,1.08820176,0.01446224,0.02812948,-0.07032370,-0.01657670,-0.02909533,0.07273833,2.59952583,0.49307443,1.09666211,0.01137161,0.00908685,-0.03461660,-0.15833764,-34.66388702,-6.56225157,-0.15894753,-34.66331235,-6.56553920,0.15327098,0.44181031,-0.19425703,-0.00567655,-34.22150204,-6.75979624,0.00023478,-34.25142241,-6.76644857,0.01040200,0.01412266,-0.00846035,0.00309063,0.01904263,-0.03570710,1
18.400,2.61007163,0.50747693,1.08750215,0.01429687,0.02783892,-0.06959730,-0.01649881,-0.02901694,0.07254236,2.59975213,0.49328652,1.09587900,0.01135597,0.00949607,-0.03583532,-0.15795502,-34.66046143,-6.56186867,-0.15856401,-34.65988564,-6.56515329,0.15174437,0.44003354,-0.18831717,-0.00681964,-34.21985209,-6.75347047,-0.00080768,-34.24711780,-6.76331569,0.01031950,0.01419041,-0.00837685,0.00294090,0.01834285,-0.03376198,1
18.410,2.61021377,0.50775387,1.08680980,0.01413227,0.02754915,-0.06887287,-0.01642061,-0.02893742,0.07234356,2.59997792,0.49350800,1.09507027,0.01133778,0.00991943,-0.03706381,-0.15757218,-34.65705872,-6.56149006,-0.15818027,-34.65648180,-6.56477164,0.15020698,0.43788287,-0.18193010,-0.00797329,-34.21859894,-6.74670173,-0.00186630,-34.24331337,-6.75948579,0.01023585,0.01424587,-0.00826047,0.00279449,0.01762972,-0.03180906,1
18.420,2.61035428,0.50802792,1.08612469,0.01396846,0.02726017,-0.06815044,-0.01634212,-0.02885677,0.07214193,2.60020316,0.49373850,1.09423811,0.01131712,0.01034853,-0.03827071,-0.15718928,-34.65367508,-6.56112480,-0.15779647,-34.65309703,-6.56440330,0.14865986,0.43540970,-0.17520328,-0.00913661,-34.21768733,-6.73960658,-0.00294029,-34.24001343,-6.75495630,0.01015112,0.01428942,-0.00811342,0.00265134,0.01691164,-0.02987973,1
18.430,2.61049314,0.50829908,1.08544679,0.01380543,0.02697201,-0.06743004,-0.01626333,-0.02877499,0.07193747,2.60031556,0.49385699,1.09381411,0.01129783,0.01072362,-0.03930293,-0.15680602,-34.65031815,-6.56076431,-0.15741231,-34.64973895,-6.56403968,0.14877947,0.43593914,-0.17413085,-0.00863284,-34.21379981,-6.73817054,-0.00402789,-34.23708008,-6.75006757,0.01017758,0.01444209,-0.00836732,0.00250760,0.01624839,-0.02812711,1
18.440,2.61063039,0.50856736,1.08477608,0.01364319,0.02668468,-0.06671170,-0.01618424,-0.02869206,0.07173015,2.60053990,0.49410014,1.09295177,0.01127555,0.01110700,-0.04031063,-0.15642229,-34.64698410,-6.56041050,-0.15702768,-34.64640374,-6.56368270,0.14720333,0.43324269,-0.16733276,-0.00982434,-34.21316106,-6.73101546,-0.00512842,-34.23470006,-6.74436697,0.01009049,0.01446722,-0.00817569,0.00236764,0.01557768,-0.02640107,1
18.450,2.61076601,0.50883278,1.08411255,0.01348174,0.02639818,-0.06599544,-0.01610485,-0.02860800,0.07151999,2.60076360,0.49435117,1.09207234,0.01125101,0.01149295,-0.04127882,-0.15603796,-34.64367294,-6.56006384,-0.15664244,-34.64309141,-6.56333284,0.14561829,0.43026910,-0.16032283,-0.01102415,-34.21282231,-6.72365567,-0.00454408,-34.22993264,-6.74347796,0.01000241,0.01448161,-0.00795979,0.00223073,0.01490523,-0.02471662,1
18.460,2.61090002,0.50909533,1.08345617,0.01332109,0.02611252,-0.06528131,-0.01602517,-0.02852279,0.07130696,2.60098665,0.49460974,1.09117827,0.01122444,0.01187459,-0.04217777,-0.15565279,-34.64038467,-6.55972528,-0.15625637,-34.63980196,-6.56299104,0.14402436,0.42706121,-0.15320788,-0.01223200,-34.21274075,-6.71619892,-0.00567655,-34.22801179,-6.73735893,0.00991337,0.01448559,-0.00772210,0.00209665,0.01423793,-0.02310354,1
18.470,2.61103244,0.50935503,1.08280691,0.01316124,0.02582773,-0.06456931,-0.01594519,-0.02843643,0.07109107,2.60120903,0.49487514,1.09027303,0.01119589,0.01224404,-0.04298062,-0.15526699,-34.63712311,-6.55939436,-0.15586967,-34.63653918,-6.56265681,0.14242223,0.42367636,-0.14610045,-0.01344744,-34.21286282,-6.70875726,-0.00681964,-34.22652830,-6.73077589,0.00982341,0.01447989,-0.00746612,0.00196535,0.01358369,-0.02158869,1
18.480,2.61116325,0.50961189,1.08216477,0.01300219,0.02554380,-0.06385949,-0.01586490,-0.02834892,0.07087230,2.60143069,0.49514662,1.08936030,0.01116546,0.01259467,-0.04366457,-0.15488048,-34.63387680,-6.55907202,-0.15548226,-34.63329165,-6.56233114,0.14081192,0.42016700,-0.13910565,-0.01467034,-34.21312465,-6.70143679,-0.00797329,-34.22542222,-6.72384352,0.00973256,0.01446527,-0.00719553,0.00183673,0.01294913,-0.02019492,1
18.490,2.61129248,0.50986591,1.08152972,0.01284394,0.02526075,-0.06315188,-0.01578432,-0.02826026,0.07065066,2.60165161,0.49542337,1.08844396,0.01113323,0.01292092,-0.04421069,-0.15449348,-34.63065338,-6.55875683,-0.15509436,-34.63006701,-6.56201258,0.13919419,0.41658125,-0.13232140,-0.01590017,-34.21348576,-6.69433398,-0.00913661,-34.22463715,-6.71668205,0.00964087,0.01444254,-0.00691424,0.00171071,0.01233983,-0.01894119,1
18.500,2.61142013,0.51011711,1.08090173,0.01268651,0.02497860,-0.06244649,-0.01570344,-0.02817045,0.07042612,2.60187179,0.49570491,1.08752645,0.01109982,0.01322339,-0.04462138,-0.15410501,-34.62746429,-6.55844975,-0.15470498,-34.62687670,-6.56170209,0.13756773,0.41292829,-0.12577408,-0.01713725,-34.21394841,-6.68747617,-0.00982434,-34.22022646,-6.70808873,0.00954834,0.01441220,-0.00662472,0.00158669,0.01175521,-0.01782511,1
18.510,2.61154622,0.51036548,1.08028078,0.01252988,0.02469735,-0.06174336,-0.01562226,-0.02807948,0.07019869,2.60198160,0.49584725,1.08706840,0.01107007,0.01347605,-0.04491722,-0.15371582,-34.62429047,-6.55814791,-0.15431490,-34.62370159,-6.56139680,0.13756777,0.41293852,-0.12540118,-0.01674713,-34.21076307,-6.68679798,-0.00982434,-34.22027807,-6.70811309,0.00956462,0.01451823,-0.00678762,0.00145981,0.01122130,-0.01682614,1
18.520,2.61167073,0.51061106,1.07966685,0.01237406,0.02441701,-0.06104253,-0.01554078,-0.02798734,0.06996836,2.60220063,0.49613445,1.08615666,0.01103794,0.01370719,-0.04506625,-0.15332544,-34.62114334,-6.55785751,-0.15392362,-34.62055323,-6.56110290,0.13591213,0.40936967,-0.11941142,-0.01801149,-34.21118356,-6.68051431,-0.01102415,-34.22002260,-6.70089899,0.00947010,0.01447661,-0.00648981,0.00133612,0.01070982,-0.01597628,1
18.530,2.61179370,0.51085383,1.07905992,0.01221906,0.02413760,-0.06034401,-0.01545900,-0.02789405,0.06973511,2.60241885,0.49642431,1.08525374,0.01100364,0.01391105,-0.04505525,-0.15293416,-34.61801529,-6.55757189,-0.15353143,-34.61742389,-6.56081373,0.13425137,0.40580490,-0.11385098,-0.01928006,-34.21161900,-6.67466471,-0.01223200,-34.22000207,-6.69368780,0.00937485,0.01442952,-0.00619382,0.00121542,0.01022655,-0.01528876,1
18.540,2.61191512,0.51109381,1.07845996,0.01206488,0.02385913,-0.05964783,-0.01537691,-0.02779958,0.06949896,2.60263623,0.49671594,1.08436361,0.01096735,0.01408327,-0.04487479,-0.15254125,-34.61491013,-6.55729437,-0.15313761,-34.61431744,-6.56053264,0.13258547,0.40228897,-0.10879540,-0.02055214,-34.21202847,-6.66932803,-0.01344744,-34.22016278,-6.68659055,0.00927889,0.01437787,-0.00590365,0.00109753,0.00977586,-0.01477304,1
18.550,2.61203500,0.51133101,1.07786696,0.01191153,0.02358162,-0.05895404,-0.01529453,-0.02770395,0.06925987,2.60285274,0.49700845,1.08349016,0.01092917,0.01422067,-0.04451906,-0.15214680,-34.61183548,-6.55702639,-0.15274227,-34.61124148,-6.56026103,0.13091484,0.39886030,-0.10430995,-0.02182743,-34.21238118,-6.66457098,-0.01467034,-34.22044110,-6.67971086,0.00918226,0.01432256,-0.00562320,0.00098236,0.00936095,-0.01443498,1
18.560,2.61215335,0.51156545,1.07728088,0.01175899,0.02330506,-0.05826265,-0.01521184,-0.02760714,0.06901786,2.60306835,0.49730097,1.08263711,0.01088918,0.01432113,-0.04398554,-0.15175176,-34.60877609,-6.55676746,-0.15234632,-34.60818078,-6.55999845,0.12923991,0.39555176,-0.10045011,-0.02310641,-34.21262902,-6.66044856,-0.01590017,-34.22079701,-6.67314148,0.00908500,0.01426448,-0.00535623,0.00086981,0.00898393,-0.01427711,1
18.570,2.61227018,0.51179712,1.07670170,0.01160729,0.02302948,-0.05757369,-0.01512886,-0.02750916,0.06877291,2.60328303,0.49759265,1.08180807,0.01084742,0.01438333,-0.04327439,-0.15135428,-34.60573959,-6.55651474,-0.15194795,-34.60514296,-6.55974201,0.12756131,0.39239109,-0.09726245,-0.02438664,-34.21275187,-6.65700446,-0.01713725,-34.22123338,-6.66690569,0.00898715,0.01420447,-0.00510637,0.00075987,0.00864615,-0.01429930,1
18.580,2.61238550,0.51202604,1.07612939,0.01145642,0.02275488,-0.05688720,-0.01504557,-0.02741001,0.06852502,2.60339002,0.49773807,1.08140292,0.01081037,0.01442317,-0.04258464,-0.15095630,-34.60272980,-6.55627012,-0.15154907,-34.60213184,-6.55949365,0.12746759,0.39293482,-0.09944890,-0.02408148,-34.20919701,-6.65894255,-0.01674713,-34.21803441,-6.66654028,0.00899548,0.01428797,-0.00527353,0.00064605,0.00833171,-0.01430256,1
18.590,2.61249931,0.51225222,1.07556394,0.01130638,0.02248128,-0.05620320,-0.01496197,-0.02730967,0.06827417,2.60360331,0.49802785,1.08061220,0.01077092,0.01443372,-0.04173421,-0.15055542,-34.59973907,-6.55603409,-0.15114728,-34.59913978,-6.55925381,0.12576311,0.38995262,-0.09694155,-0.02538418,-34.20918716,-6.65619536,-0.01801149,-34.21841624,-6.66092286,0.00889600,0.01422437,-0.00504826,0.00053546,0.00804756,-0.01446899,1
18.600,2.61261163,0.51247567,1.07500532,0.01115718,0.02220869,-0.05552172,-0.01487808,-0.02720815,0.06802037,2.60381561,0.49831526,1.07985192,0.01072887,0.01440967,-0.04070668,-0.15015422,-34.59676743,-6.55580711,-0.15074518,-34.59616677,-6.55902302,0.12405784,0.38713933,-0.09518999,-0.02668734,-34.20902745,-6.65421301,-0.01928006,-34.21878777,-6.65585266,0.00879602,0.01416041,-0.00484660,0.00042831,0.00779902,-0.01481504,1
18.610,2.61272246,0.51269640,1.07445350,0.01100882,0.02193712,-0.05484280,-0.01479388,-0.02710544,0.06776360,2.60402689,0.49859959,1.07912481,0.01068436,0.01435110,-0.03951319,-0.14975043,-34.59382629,-6.55558825,-0.15034049,-34.59322428,-6.55880028,0.12235217,0.38451250,-0.09420235,-0.02798832,-34.20871178,-6.65300263,-0.02055214,-34.21911615,-6.65136168,0.00869557,0.01409681,-0.00467131,0.00032446,0.00758602,-0.01532961,1
18.620,2.61283181,0.51291441,1.07390846,0.01086130,0.02166659,-0.05416646,-0.01470938,-0.02700154,0.06750385,2.60423709,0.49888021,1.07843328,0.01063743,0.01425878,-0.03816620,-0.14934474,-34.59089661,-6.55537653,-0.14993391,-34.59029323,-6.55858464,0.12064677,0.38208433,-0.09397903,-0.02928713,-34.20820890,-6.65256367,-0.02182743,-34.21937209,-6.64750836,0.00859472,0.01403420,-0.00452482,0.00022387,0.00740781,-0.01600026,1
18.630,2.61293969,0.51312973,1.07337016,0.01071463,0.02139709,-0.05349274,-0.01462457,-0.02689645,0.06724113,2.60444617,0.49915653,1.07777937,0.01058810,0.01413416,-0.03667953,-0.14893721,-34.58800507,-6.55517292,-0.14952547,-34.58740030,-6.55837706,0.11894253,0.37986270,-0.09451286,-0.03058294,-34.20753760,-6.65288992,-0.02310641,-34.21950917,-6.64433880,0.00849352,0.01397320,-0.00440921,0.00012653,0.00726293,-0.01681321,1
18.640,2.61304610,0.51334236,1.07283859,0.01056881,0.02112866,-0.05282165,-0.01453946,-0.02679017,0.06697542,2.60465409,0.49942806,1.07716476,0.01053633,0.01397923,-0.03506825,-0.14852764,-34.58512497,-6.55497789,-0.14911500,-34.58451881,-6.55817804,0.11724026,0.37785049,-0.09578821,-0.03187474,-34.20666832,-6.65396625,-0.02438664,-34.21950910,-6.64188726,0.00839201,0.01391430,-0.00432617,0.00003248,0.00714943,-0.01775340,1
18.650,2.61315107,0.51355231,1.07231372,0.01042384,0.02086129,-0.05215324,-0.01445405,-0.02668269,0.06670672,2.60475761,0.49956204,1.07687200,0.01049015,0.01383382,-0.03362009,-0.14811569,-34.58226776,-6.55479288,-0.14870215,-34.58166020,-6.55798898,0.11707287,0.37916806,-0.10075962,-0.03162928,-34.20249214,-6.65874860,-0.02408148,-34.21589580,-6.64430474,0.00839346,0.01399027,-0.00455828,-0.00006631,0.00702747,-0.01853315,1
18.660,2.61325458,0.51375959,1.07179552,0.01027973,0.02059501,-0.05148753,-0.01436833,-0.02657401,0.06643502,2.60496374,0.49982633,1.07631553,0.01044051,0.01366311,-0.03204734,-0.14770213,-34.57943726,-6.55461216,-0.14828768,-34.57882828,-6.55780416,0.11535277,0.37729274,-0.10253418,-0.03293491,-34.20153554,-6.66033834,-0.02538418,-34.21576266,-6.64253083,0.00829084,0.01393326,-0.00452001,-0.00016078,0.00693190,-0.01944019,1
18.670,2.61335666,0.51396421,1.07128396,0.01013648,0.02032982,-0.05082455,-0.01428231,-0.02646412,0.06616030,2.60516864,0.50008540,1.07579879,0.01038756,0.01346881,-0.03036850,-0.14728594,-34.57662201,-6.55444479,-0.14787058,-34.57601162,-6.55763266,0.11363812,0.37560472,-0.10501103,-0.03423246,-34.20040690,-6.66264370,-0.02668734,-34.21547040,-6.64154701,0.00818802,0.01387881,-0.00451483,-0.00025108,0.00686101,-0.02045605,1
18.680,2.61345732,0.51416619,1.07077902,0.00999409,0.02006573,-0.05016433,-0.01419598,-0.02635303,0.06588258,2.60537220,0.50033891,1.07532278,0.01033090,0.01325272,-0.02859910,-0.14686757,-34.57383728,-6.55428267,-0.14745132,-34.57322546,-6.55746636,0.11193128,0.37410422,-0.10816459,-0.03552004,-34.19912124,-6.66563095,-0.02798832,-34.21501400,-6.64135718,0.00808512,0.01382728,-0.00454376,-0.00033681,0.00681301,-0.02156523,1
18.690,2.61355655,0.51436553,1.07028067,0.00985256,0.01980276,-0.04950691,-0.01410935,-0.02624073,0.06560183,2.60557435,0.50058666,1.07488758,0.01027064,0.01301813,-0.02676191,-0.14644672,-34.57107162,-6.55412817,-0.14702956,-34.57045838,-6.55730765,0.11023290,0.37277963,-0.11193959,-0.03679666,-34.19767875,-6.66924725,-0.02928713,-34.21436609,-6.64193849,0.00798220,0.01377887,-0.00460691,-0.00041808,0.00678463,-0.02274500,1
18.700,2.61365437,0.51456225,1.06978887,0.00971190,0.01954092,-0.04885230,-0.01402241,-0.02612722,0.06531805,2.60567488,0.50070834,1.07468519,0.01021611,0.01280562,-0.02513122,-0.14602356,-34.56832886,-6.55398464,-0.14660550,-34.56771416,-6.55715986,0.11002805,0.37443671,-0.11814701,-0.03657744,-34.19327745,-6.67530687,-0.03058294,-34.21362163,-6.64277035,0.00797949,0.01385391,-0.00489632,-0.00050421,0.00673530,-0.02372108,1
18.710,2.61375079,0.51475635,1.06930361,0.00957211,0.01928022,-0.04820055,-0.01393516,-0.02601250,0.06503124,2.60587479,0.50094727,1.07431050,0.01015611,0.01257247,-0.02340819,-0.14559767,-34.56559753,-6.55384779,-0.14617871,-34.56498140,-6.55701871,0.10832394,0.37320591,-0.12226759,-0.03785476,-34.19177549,-6.67928630,-0.03187474,-34.21260482,-6.64484671,0.00787600,0.01380908,-0.00500689,-0.00058400,0.00670775,-0.02479236,1
18.720,2.61384582,0.51494786,1.06882485,0.00943320,0.01902068,-0.04755169,-0.01384761,-0.02589655,0.06474138,2.60607314,0.50118041,1.07397468,0.01009149,0.01232689,-0.02163896,-0.14516920,-34.56289291,-6.55371952,-0.14574933,-34.56227532,-6.55688609,0.10663337,0.37212275,-0.12693195,-0.03911596,-34.19015257,-6.68381804,-0.03162928,-34.20828722,-6.65058297,0.00777268,0.01376745,-0.00514983,-0.00065829,0.00669379,-0.02591273,1
18.730,2.61393946,0.51513677,1.06835257,0.00929516,0.01876229,-0.04690574,-0.01375975,-0.02577939,0.06444848,2.60626989,0.50140816,1.07367533,0.01002290,0.01207535,-0.01985949,-0.14473802,-34.56021500,-6.55360031,-0.14531725,-34.55959594,-6.55676249,0.10495543,0.37114502,-0.13201910,-0.04036182,-34.18845092,-6.68878159,-0.03293491,-34.20719591,-6.65307779,0.00766957,0.01372861,-0.00532276,-0.00072774,0.00668694,-0.02704625,1
18.740,2.61403172,0.51532311,1.06788673,0.00915800,0.01850509,-0.04626273,-0.01367158,-0.02566101,0.06415252,2.60646493,0.50163070,1.07341070,0.00994980,0.01182190,-0.01809513,-0.14430477,-34.55755615,-6.55348873,-0.14488310,-34.55693562,-6.55664649,0.10329313,0.37024876,-0.13744377,-0.04158996,-34.18668687,-6.69409026,-0.03423246,-34.20593766,-6.65624268,0.00756679,0.01369241,-0.00552397,-0.00079180,0.00668319,-0.02816760,1
18.750,2.61412262,0.51550688,1.06742730,0.00902173,0.01824908,-0.04562270,-0.01358311,-0.02554140,0.06385349,2.60656178,0.50174007,1.07329085,0.00988363,0.01160074,-0.01656755,-0.14386809,-34.55492020,-6.55338573,-0.14444552,-34.55429818,-6.55653901,0.10307123,0.37196196,-0.14408308,-0.04137429,-34.18233622,-6.70062209,-0.03552004,-34.20458987,-6.65963855,0.00756084,0.01376681,-0.00586355,-0.00086190,0.00664834,-0.02905515,1
18.760,2.61421216,0.51568809,1.06697426,0.00888634,0.01799427,-0.04498567,-0.01349433,-0.02542056,0.06355139,2.60675411,0.50195511,1.07307513,0.00981080,0.01137373,-0.01502636,-0.14342853,-34.55230713,-6.55329180,-0.14400506,-34.55168362,-6.55644056,0.10141184,0.37100475,-0.14943473,-0.04259322,-34.18067887,-6.70587529,-0.03679666,-34.20302509,-6.66404584,0.00745805,0.01373298,-0.00610087,-0.00092446,0.00662054,-0.02995931,1
18.770,2.61430035,0.51586676,1.06652758,0.00875184,0.01774067,-0.04435168,-0.01340524,-0.02529849,0.06324622,2.60694451,0.50216591,1.07288751,0.00973223,0.01115253,-0.01353006,-0.14298600,-34.54970169,-6.55320644,-0.14356162,-34.54907669,-6.55635065,0.09977405,0.37006668,-0.15496454,-0.04378757,-34.17901002,-6.71131519,-0.03657744,-34.19852193,-6.67078629,0.00735584,0.01370085,-0.00635993,-0.00098039,0.00658814,-0.03082162,1
18.780,2.61438720,0.51604291,1.06608722,0.00861824,0.01748830,-0.04372076,-0.01331584,-0.02517518,0.06293795,2.60713294,0.50237285,1.07272549,0.00964828,0.01093901,-0.01209437,-0.14254101,-34.54712677,-6.55312824,-0.14311572,-34.54650027,-6.55626784,0.09815833,0.36913028,-0.16060165,-0.04495740,-34.17736999,-6.71686949,-0.03785476,-34.19692470,-6.67539267,0.00725426,0.01367006,-0.00663827,-0.00103004,0.00654929,-0.03162639,1
18.790,2.61447272,0.51621654,1.06565315,0.00848553,0.01723717,-0.04309293,-0.01322613,-0.02505064,0.06262660,2.60722639,0.50247497,1.07265329,0.00957226,0.01075727,-0.01087591,-0.14209267,-34.54458237,-6.55306005,-0.14266649,-34.54395438,-6.55619500,0.09793337,0.37059853,-0.16678945,-0.04473312,-34.17335585,-6.72298445,-0.03911596,-34.19525860,-6.68020776,0.00724633,0.01374157,-0.00700014,-0.00108673,0.00647990,-0.03221702,1
18.800,2.61455691,0.51638766,1.06522535,0.00835372,0.01698729,-0.04246823,-0.01313612,-0.02492486,0.06231215,2.60741168,0.50267666,1.07252522,0.00948859,0.01057950,-0.00969512,-0.14164115,-34.54204178,-6.55299902,-0.14221407,-34.54141228,-6.55612927,0.09632764,0.36950096,-0.17208350,-0.04588643,-34.17191132,-6.72821277,-0.04036182,-34.19347400,-6.68570523,0.00714523,0.01371100,-0.00729987,-0.00113487,0.00640779,-0.03277311,1
18.810,2.61463980,0.51655629,1.06480378,0.00822281,0.01673868,-0.04184670,-0.01304579,-0.02479784,0.06199459,2.60759478,0.50287532,1.07241652,0.00939809,0.01040930,-0.00857608,-0.14118643,-34.53953171,-6.55294800,-0.14175844,-34.53890069,-6.55607350,0.09475073,0.36838568,-0.17740218,-0.04700771,-34.17051501,-6.73347568,-0.04158996,-34.19163622,-6.69148079,0.00704502,0.01368097,-0.00761274,-0.00117528,0.00632938,-0.03327062,1
18.820,2.61472137,0.51672243,1.06438840,0.00809280,0.01649134,-0.04122835,-0.01295516,-0.02466957,0.06167392,2.60777560,0.50307178,1.07232245,0.00930167,0.01025625,-0.00756487,-0.14072821,-34.53704071,-6.55290365,-0.14129931,-34.53640816,-6.55602437,0.09320176,0.36718350,-0.18256930,-0.04809755,-34.16922466,-6.73859367,-0.04137429,-34.18723477,-6.69835647,0.00694577,0.01365065,-0.00793405,-0.00120887,0.00623509,-0.03366348,1
18.830,2.61480165,0.51688612,1.06397920,0.00796371,0.01624529,-0.04061323,-0.01286422,-0.02454005,0.06135012,2.60795407,0.50326648,1.07224015,0.00919974,0.01012057,-0.00666757,-0.14026764,-34.53457260,-6.55286884,-0.14083784,-34.53393853,-6.55598474,0.09168145,0.36588364,-0.18753273,-0.04915639,-34.16805490,-6.74351747,-0.04259322,-34.18553563,-6.70388746,0.00684758,0.01361964,-0.00826095,-0.00123603,0.00612472,-0.03394566,1
18.840,2.61488065,0.51704734,1.06357613,0.00783552,0.01600054,-0.04000136,-0.01277296,-0.02440928,0.06102320,2.60813011,0.50345979,1.07216693,0.00909259,0.01000257,-0.00588950,-0.13980304,-34.53211975,-6.55284214,-0.14037235,-34.53148413,-6.55595317,0.09019057,0.36447486,-0.19224490,-0.05018177,-34.16700927,-6.74819807,-0.04378757,-34.18383430,-6.70953754,0.00675054,0.01358755,-0.00859080,-0.00125707,0.00599797,-0.03411186,1
18.850,2.61495837,0.51720613,1.06317916,0.00770825,0.01575711,-0.03939278,-0.01268140,-0.02427726,0.06069315,2.60821718,0.50355605,1.07213279,0.00899634,0.00990859,-0.00527073,-0.13933514,-34.52969360,-6.55282259,-0.13990355,-34.52905644,-6.55592871,0.08999493,0.36531800,-0.19699608,-0.04990862,-34.16373844,-6.75292479,-0.04495740,-34.18218332,-6.71516229,0.00674119,0.01365008,-0.00895363,-0.00128809,0.00584852,-0.03412205,1
18.860,2.61503482,0.51736249,1.06278826,0.00758189,0.01551500,-0.03878751,-0.01258952,-0.02414398,0.06035995,2.60838943,0.50374802,1.07206798,0.00889233,0.00983009,-0.00475542,-0.13886395,-34.52727890,-6.55281258,-0.13943145,-34.52664021,-6.55591374,0.08851995,0.36363694,-0.20101966,-0.05091150,-34.16300327,-6.75693340,-0.04473312,-34.17815315,-6.72137970,0.00664539,0.01361447,-0.00927972,-0.00131044,0.00568491,-0.03403209,1
18.870,2.61511001,0.51751644,1.06240340,0.00745646,0.01527423,-0.03818559,-0.01249733,-0.02400944,0.06002361,2.60855910,0.50393971,1.07200508,0.00878192,0.00976875,-0.00435290,-0.13838954,-34.52489471,-6.55281115,-0.13895614,-34.52425447,-6.55590732,0.08707923,0.36182342,-0.20471621,-0.05187691,-34.16243105,-6.76062352,-0.04588643,-34.17670368,-6.72664011,0.00655091,0.01357673,-0.00960168,-0.00132546,0.00550548,-0.03383269,1
18.880,2.61518395,0.51766798,1.06202454,0.00733195,0.01503482,-0.03758705,-0.01240484,-0.02387364,0.05968411,2.60872612,0.50413145,1.07194161,0.00866571,0.00972429,-0.00406581,-0.13791090,-34.52252197,-6.55281734,-0.13847660,-34.52188018,-6.55590846,0.08567290,0.35987089,-0.20804753,-0.05280370,-34.16200929,-6.76395600,-0.04700771,-34.17531046,-6.73187339,0.00645783,0.01353653,-0.00991707,-0.00133376,0.00531053,-0.03352124,1
18.890,2.61525665,0.51781714,1.06165165,0.00720836,0.01479677,-0.03699192,-0.01231203,-0.02373658,0.05934145,2.60889036,0.50432379,1.07187382,0.00854364,0.00969942,-0.00391173,-0.13742939,-34.52016830,-6.55283403,-0.13799417,-34.51952497,-6.55592007,0.08430302,0.35775247,-0.21092152,-0.05369115,-34.16177250,-6.76684159,-0.04809755,-34.17403707,-6.73686894,0.00636629,0.01349335,-0.01022217,-0.00133528,0.00509735,-0.03308019,1
18.900,2.61532812,0.51796392,1.06128469,0.00708571,0.01456009,-0.03640023,-0.01221890,-0.02359825,0.05899561,2.60897142,0.50442029,1.07183753,0.00843417,0.00968700,-0.00384112,-0.13694394,-34.51782990,-6.55285597,-0.13750783,-34.51718499,-6.55593687,0.08413920,0.35791534,-0.21392803,-0.05336863,-34.15926965,-6.76986491,-0.04915639,-34.17287976,-6.74170282,0.00635670,0.01354363,-0.01055284,-0.00134846,0.00487309,-0.03255911,1
18.910,2.61539837,0.51810834,1.06092363,0.00696399,0.01432481,-0.03581201,-0.01212547,-0.02345864,0.05864660,2.60913137,0.50461403,1.07175912,0.00831582,0.00969089,-0.00388986,-0.13645482,-34.51551819,-6.55288792,-0.13701781,-34.51487171,-6.55596364,0.08279323,0.35551337,-0.21602092,-0.05422458,-34.15935834,-6.77198456,-0.05018177,-34.17186055,-6.74618002,0.00626700,0.01349431,-0.01083549,-0.00135183,0.00463392,-0.03192215,1
18.920,2.61546740,0.51825042,1.06056844,0.00684320,0.01409092,-0.03522731,-0.01203172,-0.02331776,0.05829441,2.60928839,0.50480904,1.07167100,0.00819038,0.00971074,-0.00405482,-0.13596186,-34.51323318,-6.55292797,-0.13652394,-34.51258514,-6.55599847,0.08148894,0.35294833,-0.21762973,-0.05503500,-34.15963681,-6.77362820,-0.04990862,-34.16862360,-6.75064994,0.00617901,0.01344138,-0.01110256,-0.00134718,0.00438018,-0.03117249,1
18.930,2.61553524,0.51839017,1.06021907,0.00672335,0.01385845,-0.03464614,-0.01193766,-0.02317561,0.05793903,2.60944245,0.50500562,1.07157108,0.00805920,0.00974576,-0.00433104,-0.13546497,-34.51096344,-6.55297565,-0.13602614,-34.51031382,-6.55604088,0.08022432,0.35021689,-0.21874054,-0.05580182,-34.16009693,-6.77478143,-0.05091150,-34.16792867,-6.75435355,0.00609279,0.01338455,-0.01135201,-0.00133585,0.00411269,-0.03031510,1
18.940,2.61560187,0.51852759,1.05987550,0.00660445,0.01362741,-0.03406854,-0.01184329,-0.02303218,0.05758045,2.60951834,0.50510462,1.07151579,0.00794165,0.00978427,-0.00463059,-0.13496472,-34.50870895,-6.55303192,-0.13552499,-34.50805777,-6.55609185,0.08008880,0.34985651,-0.22030691,-0.05543619,-34.15820126,-6.77639876,-0.05187691,-34.16738096,-6.75785890,0.00608353,0.01342297,-0.01164029,-0.00133720,0.00384314,-0.02943795,1
18.950,2.61566733,0.51866272,1.05953769,0.00648649,0.01339782,-0.03349454,-0.01174860,-0.02288746,0.05721866,2.60966781,0.50530404,1.07139392,0.00781483,0.00983727,-0.00504637,-0.13446015,-34.50647736,-6.55309725,-0.13501952,-34.50582461,-6.55615183,0.07885240,0.34686307,-0.22065158,-0.05616712,-34.15896154,-6.77680341,-0.05280370,-34.16700740,-6.76080916,0.00599952,0.01335868,-0.01185623,-0.00132834,0.00356055,-0.02844817,1
18.960,2.61573161,0.51879556,1.05920560,0.00636948,0.01316967,-0.03292417,-0.01165360,-0.02274147,0.05685366,2.60981414,0.50550541,1.07125591,0.00768039,0.00990148,-0.00556312,-0.13395227,-34.50426102,-6.55316830,-0.13451074,-34.50360668,-6.55621747,0.07766237,0.34371437,-0.22046877,-0.05684838,-34.15989231,-6.77668624,-0.05369115,-34.16681957,-6.76328490,0.00591747,0.01329015,-0.01205031,-0.00131091,0.00326819,-0.02736105,1
18.970,2.61579472,0.51892612,1.05887920,0.00625342,0.01294299,-0.03235748,-0.01155829,-0.02259418,0.05648545,2.60988612,0.50560683,1.07118058,0.00755975,0.00996150,-0.00605544,-0.13344024,-34.50205994,-6.55325079,-0.13399780,-34.50140401,-6.55629452,0.07754441,0.34303614,-0.22109752,-0.05645339,-34.15836787,-6.77739204,-0.05369115,-34.16684328,-6.76307538,0.00590860,0.01331929,-0.01230138,-0.00130633,0.00298149,-0.02630204,1
18.980,2.61585668,0.51905442,1.05855844,0.00613831,0.01271779,-0.03179448,-0.01146266,-0.02244560,0.05611400,2.61002769,0.50581130,1.07101607,0.00742941,0.01003398,-0.00665736,-0.13292508,-34.49988174,-6.55334234,-0.13348174,-34.49922425,-6.55638059,0.07638652,0.33966987,-0.22022893,-0.05709522,-34.15955438,-6.77660952,-0.05422458,-34.16448405,-6.76775300,0.00582899,0.01324312,-0.01245763,-0.00129110,0.00268381,-0.02513712,1
18.990,2.61591749,0.51918048,1.05824329,0.00602416,0.01249408,-0.03123521,-0.01136671,-0.02229573,0.05573933,2.61016604,0.50601789,1.07083261,0.00729126,0.01011436,-0.00734660,-0.13240464,-34.49772263,-6.55343771,-0.13296039,-34.49706353,-6.55647042,0.07527716,0.33616245,-0.21883217,-0.05768323,-34.16090108,-6.77530259,-0.05503500,-34.16481456,-6.76892103,0.00575145,0.01316259,-0.01258932,-0.00126710,0.00237972,-0.02388861,1
19.000,2.61597716,0.51930431,1.05793372,0.00591098,0.01227188,-0.03067970,-0.01127045,-0.02214457,0.05536141,2.61043294,0.50643681,1.07040806,0.00710583,0.01022113,-0.00834567,-0.13188063,-34.49558258,-6.55354309,-0.13243547,-34.49492189,-6.55657024,0.07231880,0.32716625,-0.21346343,-0.06011666,-34.16775564,-6.77003367,-0.05543619,-34.16347197,-6.77072732,0.00554422,0.01286750,-0.01247434,-0.00119485,0.00205075,-0.02233403,1
19.010,2.61603571,0.51942592,1.05762969,0.00579876,0.01205120,-0.03012799,-0.01117388,-0.02199210,0.05498025,2.61056146,0.50664889,1.07016655,0.00692549,0.01032187,-0.00933858,-0.13135301,-34.49345779,-6.55365467,-0.13190695,-34.49279552,-6.55667620,0.07141105,0.32332286,-0.21042721,-0.06049590,-34.16947266,-6.76710342,-0.05616712,-34.16427358,-6.77064475,0.00547425,0.01277703,-0.01253686,-0.00112673,0.00172933,-0.02078941,1
19.020,2.61609314,0.51954534,1.05733115,0.00568750,0.01183204,-0.02958011,-0.01107699,-0.02183833,0.05459583,2.61062447,0.50675548,1.07003863,0.00676944,0.01040607,-0.01020178,-0.13082069,-34.49134827,-6.55377817,-0.13137373,-34.49068440,-6.55679404,0.07142238,0.32215247,-0.20913036,-0.05995136,-34.16853193,-6.76592440,-0.05684838,-34.16522165,-6.77029054,0.00546867,0.01278986,-0.01270748,-0.00108194,0.00142597,-0.01937833,1
19.030,2.61614947,0.51966257,1.05703807,0.00557722,0.01161443,-0.02903608,-0.01097978,-0.02168326,0.05420816,2.61074801,0.50696960,1.06976873,0.00661100,0.01048497,-0.01108428,-0.13028514,-34.48925781,-6.55390787,-0.13083729,-34.48859236,-6.55691803,0.07051596,0.31827312,-0.20587800,-0.06032133,-34.17031924,-6.76279603,-0.05645339,-34.16372872,-6.77052614,0.00540146,0.01269297,-0.01273066,-0.00103378,0.00112946,-0.01795180,1
19.040,2.61620469,0.51977763,1.05675041,0.00546791,0.01139838,-0.02849595,-0.01088226,-0.02152688,0.05381721,2.61092709,0.50729256,1.06932996,0.00642977,0.01055917,-0.01207737,-0.12974468,-34.48719406,-6.55404663,-0.13029592,-34.48652700,-6.55705104,0.06880715,0.31164921,-0.20009314,-0.06148877,-34.17487779,-6.75714419,-0.05768323,-34.16629195,-6.76777428,0.00527760,0.01248507,-0.01257955,-0.00096186,0.00083921,-0.01641858,1
19.050,2.61625883,0.51989054,1.05646814,0.00535957,0.01118390,-0.02795975,-0.01078442,-0.02136920,0.05342299,2.61104231,0.50750847,1.06901640,0.00625222,0.01061907,-0.01302886,-0.12920019,-34.48513412,-6.55419254,-0.12975053,-34.48446548,-6.55719116,0.06803453,0.30772716,-0.19597966,-0.06171600,-34.17673832,-6.75317082,-0.05768323,-34.16630046,-6.76736094,0.00521652,0.01238207,-0.01254826,-0.00089265,0.00056483,-0.01493089,1
19.060,2.61631188,0.52000131,1.05619121,0.00525222,0.01097100,-0.02742750,-0.01068626,-0.02121020,0.05302549,2.61115419,0.50772430,1.06868746,0.00607695,0.01065953,-0.01392330,-0.12865204,-34.48310089,-6.55434465,-0.12920147,-34.48243064,-6.55733741,0.06729313,0.30385830,-0.19174930,-0.06190835,-34.17857234,-6.74908671,-0.06011666,-34.17314611,-6.76173036,0.00515769,0.01227701,-0.01249625,-0.00082473,0.00031147,-0.01350420,1
19.070,2.61636387,0.52010997,1.05591958,0.00514585,0.01075970,-0.02689925,-0.01058779,-0.02104988,0.05262470,2.61120885,0.50783187,1.06851825,0.00592418,0.01068374,-0.01467253,-0.12809971,-34.48107910,-6.55450773,-0.12864825,-34.48040727,-6.55749463,0.06735105,0.30273272,-0.18989973,-0.06129720,-34.17767455,-6.74739437,-0.06011666,-34.17313383,-6.76157354,0.00515502,0.01227810,-0.01259867,-0.00077833,0.00007596,-0.01222672,1
19.080,2.61641481,0.52021651,1.05565321,0.00504046,0.01055001,-0.02637502,-0.01048900,-0.02088824,0.05222061,2.61131561,0.50804587,1.06817185,0.00576700,0.01068291,-0.01536740,-0.12754276,-34.47907257,-6.55467701,-0.12809040,-34.47839913,-6.55765797,0.06662243,0.29902622,-0.18582402,-0.06146798,-34.17937290,-6.74348199,-0.06049590,-34.17481286,-6.75837741,0.00509920,0.01217064,-0.01251864,-0.00072654,-0.00013290,-0.01100762,1
19.090,2.61646469,0.52032097,1.05539206,0.00493607,0.01034194,-0.02585485,-0.01038989,-0.02072529,0.05181322,2.61141899,0.50825814,1.06781549,0.00560706,0.01065975,-0.01601000,-0.12698177,-34.47708130,-6.55485296,-0.12752850,-34.47640625,-6.55782795,0.06593600,0.29543051,-0.18169191,-0.06159250,-34.18097575,-6.73951986,-0.05995136,-34.17382707,-6.75695551,0.00504570,0.01206283,-0.01242343,-0.00067099,-0.00031781,-0.00984485,1
19.100,2.61651353,0.52042336,1.05513610,0.00483267,0.01013551,-0.02533877,-0.01029046,-0.02056101,0.05140251,2.61151902,0.50846815,1.06745099,0.00544512,0.01061222,-0.01658735,-0.12641647,-34.47512054,-6.55503941,-0.12696230,-34.47444391,-6.55800839,0.06529029,0.29196940,-0.17755959,-0.06167201,-34.18247451,-6.73556798,-0.06032133,-34.17555406,-6.75363634,0.00499451,0.01195521,-0.01231489,-0.00061245,-0.00047671,-0.00875142,1
19.110,2.61656134,0.52052369,1.05488527,0.00473026,0.00993072,-0.02482681,-0.01019071,-0.02039540,0.05098849,2.61161567,0.50867501,1.06708150,0.00528140,0.01053411,-0.01707180,-0.12584697,-34.47316360,-6.55523252,-0.12639190,-34.47248537,-6.55819546,0.06468525,0.28869649,-0.17353810,-0.06170665,-34.18378888,-6.73173355,-0.06148877,-34.18002768,-6.74788159,0.00494567,0.01184868,-0.01219623,-0.00055114,-0.00060339,-0.00775501,1
19.120,2.61660814,0.52062198,1.05463955,0.00462885,0.00972760,-0.02431901,-0.01009065,-0.02022846,0.05057115,2.61170895,0.50887797,1.06670971,0.00511657,0.01042475,-0.01745628,-0.12527280,-34.47121811,-6.55543327,-0.12581682,-34.47053828,-6.55839009,0.06411979,0.28563431,-0.16968058,-0.06169704,-34.18490397,-6.72807067,-0.06171600,-34.18178668,-6.74386597,0.00489919,0.01174401,-0.01207016,-0.00048772,-0.00069715,-0.00686273,1
19.130,2.61665392,0.52071824,1.05439888,0.00452845,0.00952616,-0.02381540,-0.00999026,-0.02006019,0.05015048,2.61175433,0.50897777,1.06652378,0.00497201,0.01031355,-0.01774033,-0.12469493,-34.46930313,-6.55564070,-0.12523806,-34.46862169,-6.55859138,0.06421894,0.28511815,-0.16843524,-0.06101912,-34.18350354,-6.72702662,-0.06190835,-34.18356230,-6.73979047,0.00489959,0.01174047,-0.01212490,-0.00044356,-0.00078739,-0.00607507,1
19.140,2.61669871,0.52081251,1.05416323,0.00442905,0.00932640,-0.02331601,-0.00988956,-0.01989058,0.04972646,2.61184260,0.50917374,1.06615276,0.00482208,0.01016934,-0.01793765,-0.12411291,-34.46739578,-6.55585623,-0.12465513,-34.46671275,-6.55880070,0.06367265,0.28232110,-0.16494568,-0.06098248,-34.18439165,-6.72374638,-0.06129720,-34.18254290,-6.73812956,0.00485611,0.01163877,-0.01198953,-0.00039303,-0.00084294,-0.00537836,1
19.150,2.61674251,0.52090478,1.05393254,0.00433066,0.00912835,-0.02282088,-0.00978854,-0.01971964,0.04929910,2.61192758,0.50936456,1.06578408,0.00466853,0.00999474,-0.01804929,-0.12352639,-34.46549988,-6.55607986,-0.12406772,-34.46481525,-6.55901811,0.06317013,0.27976334,-0.16164668,-0.06089759,-34.18505191,-6.72066478,-0.06146798,-34.18410838,-6.73428988,0.00481493,0.01154022,-0.01185154,-0.00033787,-0.00086639,-0.00477159,1
19.160,2.61678533,0.52099508,1.05370679,0.00423328,0.00893202,-0.02233004,-0.00968719,-0.01954736,0.04886839,2.61200929,0.50954938,1.06542105,0.00451257,0.00978705,-0.01805524,-0.12293530,-34.46363068,-6.55631304,-0.12347572,-34.46294446,-6.55924500,0.06270871,0.27747992,-0.15863182,-0.06076701,-34.18546455,-6.71787682,-0.06159250,-34.18555773,-6.73048333,0.00477604,0.01144570,-0.01171426,-0.00027929,-0.00085503,-0.00427480,1
19.170,2.61682718,0.52108342,1.05348593,0.00413692,0.00873741,-0.02184352,-0.00958553,-0.01937373,0.04843432,2.61208775,0.50972763,1.06506592,0.00435509,0.00954716,-0.01795413,-0.12234033,-34.46176910,-6.55655098,-0.12287986,-34.46108128,-6.55947662,0.06228649,0.27548145,-0.15593431,-0.06059337,-34.18559983,-6.71541093,-0.06167201,-34.18688826,-6.72674259,0.00473943,0.01135579,-0.01157999,-0.00021817,-0.00080975,-0.00388939,1
19.180,2.61686807,0.52116983,1.05326991,0.00404157,0.00854455,-0.02136137,-0.00948354,-0.01919875,0.04799688,2.61212578,0.50981409,1.06489204,0.00421687,0.00932195,-0.01781244,-0.12174076,-34.45991898,-6.55679560,-0.12227938,-34.45922956,-6.55971488,0.06242001,0.27566459,-0.15564267,-0.05985937,-34.18356497,-6.71535754,-0.06170665,-34.18811204,-6.72303986,0.00474229,0.01135574,-0.01162213,-0.00017530,-0.00077740,-0.00354893,1
19.190,2.61690801,0.52125432,1.05305869,0.00394725,0.00835344,-0.02088360,-0.00938124,-0.01902243,0.04755607,2.61219941,0.50998141,1.06455272,0.00407313,0.00905873,-0.01756180,-0.12113661,-34.45808792,-6.55705118,-0.12167433,-34.45739692,-6.55996405,0.06201811,0.27397686,-0.15342094,-0.05965622,-34.18342007,-6.71338499,-0.06169704,-34.18903850,-6.71966573,0.00470860,0.01127291,-0.01149403,-0.00012588,-0.00070529,-0.00332180,1
19.200,2.61694702,0.52133691,1.05285222,0.00385395,0.00816410,-0.02041026,-0.00927861,-0.01884475,0.04711188,2.61226987,0.51014090,1.06422604,0.00392569,0.00876297,-0.01721432,-0.12052806,-34.45627213,-6.55731058,-0.12106489,-34.45557953,-6.56021700,0.06165940,0.27260889,-0.15155491,-0.05940549,-34.18297064,-6.71177191,-0.06101912,-34.18744138,-6.71894068,0.00467715,0.01119601,-0.01137382,-0.00007174,-0.00059887,-0.00319594,1
19.210,2.61698509,0.52141761,1.05265047,0.00376168,0.00797655,-0.01994137,-0.00917566,-0.01866572,0.04666430,2.61233719,0.51029218,1.06391361,0.00377599,0.00843717,-0.01677015,-0.11991542,-34.45446396,-6.55757952,-0.12045134,-34.45376976,-6.56047943,0.06134013,0.27155779,-0.15006561,-0.05911121,-34.18221197,-6.71054505,-0.06098248,-34.18812154,-6.71602757,0.00464790,0.01112543,-0.01126314,-0.00001431,-0.00046062,-0.00317122,1
19.220,2.61702225,0.52149644,1.05245338,0.00367044,0.00779079,-0.01947698,-0.00907239,-0.01848533,0.04621332,2.61240140,0.51043484,1.06361705,0.00362491,0.00808375,-0.01623380,-0.11929869,-34.45267487,-6.55785608,-0.11983372,-34.45197908,-6.56074945,0.06105870,0.27082256,-0.14896359,-0.05877502,-34.18115652,-6.70971304,-0.06089759,-34.18856365,-6.71335241,0.00462085,0.01106160,-0.01116367,0.00004553,-0.00029296,-0.00324318,1
19.230,2.61705851,0.52157343,1.05226091,0.00358023,0.00760685,-0.01901712,-0.00896880,-0.01830358,0.04575895,2.61243234,0.51050281,1.06347522,0.00349233,0.00776206,-0.01572124,-0.11867757,-34.45090485,-6.55813980,-0.11921170,-34.45020748,-6.56102660,0.06122778,0.27175893,-0.14976480,-0.05798393,-34.17844855,-6.71079140,-0.06076701,-34.18886305,-6.71078504,0.00462617,0.01107062,-0.01121431,0.00008790,-0.00015521,-0.00329588,1
19.240,2.61709386,0.52164859,1.05207302,0.00349106,0.00742473,-0.01856181,-0.00886488,-0.01812046,0.04530116,2.61249193,0.51063186,1.06320506,0.00335453,0.00740538,-0.01510907,-0.11805178,-34.44913483,-6.55842924,-0.11858501,-34.44843587,-6.56130940,0.06096608,0.27130657,-0.14909862,-0.05761893,-34.17712930,-6.71040801,-0.06059337,-34.18876751,-6.70877464,0.00460193,0.01101673,-0.01113204,0.00013653,0.00001935,-0.00345274,1
19.250,2.61712833,0.52172193,1.05188966,0.00340293,0.00724444,-0.01811110,-0.00876065,-0.01793598,0.04483996,2.61254847,0.51075154,1.06295365,0.00321321,0.00702090,-0.01441633,-0.11742175,-34.44738770,-6.55872583,-0.11795408,-34.44668716,-6.56159932,0.06074600,0.27119101,-0.14883008,-0.05720808,-34.17549615,-6.71042940,-0.05985937,-34.18649870,-6.70918848,0.00457986,0.01097039,-0.01106399,0.00018972,0.00022354,-0.00369477,1
19.260,2.61716192,0.52179348,1.05171078,0.00331585,0.00706601,-0.01766503,-0.00865608,-0.01775013,0.04437534,2.61260201,0.51086175,1.06272151,0.00306975,0.00661357,-0.01365317,-0.11678769,-34.44565582,-6.55903244,-0.11731913,-34.44495369,-6.56189922,0.06056412,0.27139080,-0.14894147,-0.05675501,-34.17356289,-6.71084069,-0.05965622,-34.18611584,-6.70770316,0.00455991,0.01093173,-0.01101073,0.00024610,0.00045244,-0.00401186,1
19.270,2.61719465,0.52186326,1.05153635,0.00322981,0.00688944,-0.01722361,-0.00855120,-0.01756291,0.04390728,2.61265256,0.51096232,1.06250935,0.00292497,0.00618705,-0.01282913,-0.11614883,-34.44393539,-6.55934381,-0.11667937,-34.44323171,-6.56220385,0.06041877,0.27189246,-0.14941841,-0.05626061,-34.17133925,-6.71162226,-0.05940549,-34.18542440,-6.70659340,0.00454209,0.01090094,-0.01097300,0.00030484,0.00070239,-0.00439448,1
19.280,2.61722652,0.52193128,1.05136630,0.00314483,0.00671476,-0.01678689,-0.00844599,-0.01737432,0.04343579,2.61270016,0.51105314,1.06231762,0.00277945,0.00574492,-0.01195436,-0.11550587,-34.44221878,-6.55966330,-0.11603552,-34.44151353,-6.56251652,0.06030846,0.27268154,-0.15024270,-0.05572706,-34.16883200,-6.71275922,-0.05911121,-34.18442123,-6.70588003,0.00452636,0.01087814,-0.01095132,0.00036538,0.00096984,-0.00483253,1
19.290,2.61725755,0.52199756,1.05120059,0.00306089,0.00654196,-0.01635490,-0.00834046,-0.01718434,0.04296086,2.61274482,0.51113415,1.06214656,0.00263366,0.00529061,-0.01103940,-0.11485894,-34.44052505,-6.55998850,-0.11538769,-34.43981823,-6.56283488,0.06023225,0.27374257,-0.15139156,-0.05515545,-34.16607566,-6.71422644,-0.05877502,-34.18312036,-6.70556579,0.00451273,0.01086341,-0.01094597,0.00042723,0.00125135,-0.00531550,1
19.300,2.61728775,0.52206212,1.05103918,0.00297802,0.00637107,-0.01592769,-0.00823460,-0.01699299,0.04248247,2.61276606,0.51117103,1.06206857,0.00250620,0.00489002,-0.01022921,-0.11420738,-34.43883514,-6.56032324,-0.11473524,-34.43812674,-6.56316273,0.06046037,0.27560478,-0.15344455,-0.05427487,-34.16252196,-6.71660728,-0.05798393,-34.18029268,-6.70689208,0.00452169,0.01089109,-0.01102939,0.00047182,0.00148105,-0.00569848,1
19.310,2.61731712,0.52212499,1.05088202,0.00289620,0.00620211,-0.01550527,-0.00812842,-0.01680025,0.04200063,2.61280637,0.51123765,1.06192746,0.00237462,0.00447034,-0.00937415,-0.11355186,-34.43716812,-6.56066179,-0.11407882,-34.43645816,-6.56349435,0.06040019,0.27678661,-0.15474574,-0.05367862,-34.15967154,-6.71824010,-0.05761893,-34.17873495,-6.70700352,0.00451075,0.01088734,-0.01104544,0.00052158,0.00173177,-0.00613112,1
19.320,2.61734567,0.52218617,1.05072906,0.00281545,0.00603507,-0.01508768,-0.00802191,-0.01660613,0.04151532,2.61284383,0.51129479,1.06180590,0.00224019,0.00403750,-0.00848942,-0.11289118,-34.43550110,-6.56101036,-0.11341725,-34.43478958,-6.56383595,0.06037850,0.27823833,-0.15633283,-0.05303875,-34.15655124,-6.72016878,-0.05720808,-34.17686564,-6.70751177,0.00450184,0.01089138,-0.01107684,0.00057526,0.00199757,-0.00659826,1
19.330,2.61737343,0.52224570,1.05058025,0.00273577,0.00586999,-0.01467497,-0.00791508,-0.01641061,0.04102654,2.61287843,0.51134260,1.06170340,0.00210387,0.00359672,-0.00758923,-0.11222684,-34.43385315,-6.56136322,-0.11275202,-34.43314007,-6.56418180,0.06039356,0.27993165,-0.15816476,-0.05235846,-34.15320842,-6.72234656,-0.05675501,-34.17470008,-6.70839637,0.00449500,0.01090310,-0.01112315,0.00063190,0.00227327,-0.00708574,1
19.340,2.61740039,0.52230358,1.05043555,0.00265715,0.00570687,-0.01426717,-0.00780792,-0.01621371,0.04053428,2.61291022,0.51138127,1.06161927,0.00196636,0.00315261,-0.00668686,-0.11155804,-34.43221664,-6.56172466,-0.11208232,-34.43150202,-6.56453619,0.06044350,0.28183856,-0.16019981,-0.05163882,-34.14966346,-6.72473600,-0.05626061,-34.17224938,-6.70963239,0.00449017,0.01092231,-0.01118372,0.00069079,0.00255426,-0.00758031,1
19.350,2.61742658,0.52235984,1.05029489,0.00257961,0.00554572,-0.01386430,-0.00770044,-0.01601541,0.04003853,2.61292505,0.51139727,1.06158379,0.00184571,0.00276440,-0.00590214,-0.11088543,-34.43058777,-6.56209135,-0.11140881,-34.42987158,-6.56489577,0.06070451,0.28400234,-0.16253307,-0.05070431,-34.14586924,-6.72742885,-0.05572706,-34.16963188,-6.71098524,0.00450153,0.01096257,-0.01128890,0.00073390,0.00278132,-0.00796216,1
19.360,2.61745199,0.52241450,1.05015824,0.00250314,0.00538656,-0.01346641,-0.00759263,-0.01581572,0.03953929,2.61295263,0.51142273,1.06152546,0.00172031,0.00236500,-0.00510540,-0.11020786,-34.42896271,-6.56246614,-0.11073034,-34.42824497,-6.56526342,0.06077436,0.28595546,-0.16455963,-0.04995598,-34.14228951,-6.72982305,-0.05515545,-34.16665906,-6.71286885,0.00449936,0.01099177,-0.01136722,0.00078283,0.00302156,-0.00836101,1
19.370,2.61747664,0.52246758,1.05002555,0.00242776,0.00522941,-0.01307352,-0.00748449,-0.01561462,0.03903655,2.61297745,0.51144002,1.06148207,0.00159183,0.00196459,-0.00432611,-0.10952652,-34.42736053,-6.56284571,-0.11004811,-34.42664126,-6.56563579,0.06088255,0.28808872,-0.16669799,-0.04916556,-34.13855255,-6.73233378,-0.05427487,-34.16290364,-6.71561315,0.00449919,0.01102756,-0.01145652,0.00083593,0.00326482,-0.00874741,1
19.380,2.61750055,0.52251909,1.04989676,0.00235345,0.00507427,-0.01268569,-0.00737603,-0.01541212,0.03853030,2.61299953,0.51144949,1.06145231,0.00146129,0.00156770,-0.00357500,-0.10884081,-34.42576218,-6.56323338,-0.10936152,-34.42504136,-6.56601625,0.06102700,0.29037063,-0.16890519,-0.04833452,-34.13467073,-6.73492143,-0.05367862,-34.15986005,-6.71757926,0.00450102,0.01106960,-0.01155555,0.00089216,0.00350657,-0.00911069,1
19.390,2.61752371,0.52256907,1.04977182,0.00228024,0.00492117,-0.01230293,-0.00726724,-0.01520822,0.03802054,2.61301888,0.51145152,1.06143486,0.00132944,0.00117828,-0.00286214,-0.10815062,-34.42418671,-6.56362581,-0.10867043,-34.42346437,-6.56640141,0.06120583,0.29277309,-0.17113946,-0.04746460,-34.13069128,-6.73754088,-0.05303875,-34.15655627,-6.71980701,0.00450483,0.01111755,-0.01166304,0.00095080,0.00374289,-0.00944079,1
19.400,2.61754616,0.52261752,1.04965068,0.00220811,0.00477012,-0.01192529,-0.00715812,-0.01500290,0.03750726,2.61303554,0.51144654,1.06142824,0.00119685,0.00079982,-0.00219672,-0.10745685,-34.42260361,-6.56402588,-0.10797578,-34.42187974,-6.56679416,0.06141817,0.29526841,-0.17335950,-0.04655761,-34.12661133,-6.74015366,-0.05235846,-34.15304063,-6.72224632,0.00451062,0.01117098,-0.01177756,0.00101126,0.00397030,-0.00972857,1
19.410,2.61756788,0.52266448,1.04953329,0.00213708,0.00462112,-0.01155280,-0.00704867,-0.01479618,0.03699044,2.61304951,0.51143498,1.06143088,0.00106397,0.00043532,-0.00158704,-0.10675827,-34.42103958,-6.56443596,-0.10727631,-34.42031420,-6.56719691,0.06166258,0.29783118,-0.17552472,-0.04561373,-34.12248302,-6.74272162,-0.05163882,-34.14933437,-6.72485700,0.00451837,0.01122950,-0.01189759,0.00107311,0.00418580,-0.00996576,1
19.420,2.61758890,0.52270995,1.04941961,0.00206714,0.00447420,-0.01118549,-0.00693890,-0.01458804,0.03647010,2.61306084,0.51141746,1.06144067,0.00093138,0.00009024,-0.00105045,-0.10605603,-34.41948318,-6.56484842,-0.10657318,-34.41875628,-6.56760196,0.06193777,0.30041932,-0.17756506,-0.04463542,-34.11833696,-6.74516702,-0.04995598,-34.14181703,-6.73010271,0.00452806,0.01129249,-0.01202106,0.00113576,0.00438396,-0.01013504,1
19.430,2.61760923,0.52275397,1.04930957,0.00199830,0.00432936,-0.01082341,-0.00682879,-0.01437848,0.03594621,2.61306552,0.51140664,1.06144765,0.00081556,-0.00020289,-0.00061346,-0.10534948,-34.41793060,-6.56526661,-0.10586574,-34.41720217,-6.56801271,0.06227103,0.30255457,-0.17928568,-0.04359471,-34.11464760,-6.74729839,-0.04995598,-34.14174836,-6.73017181,0.00454371,0.01134733,-0.01213808,0.00118274,0.00453225,-0.01020995,1
19.440,2.61762887,0.52279655,1.04920312,0.00193056,0.00418663,-0.01046658,-0.00671836,-0.01416751,0.03541877,2.61307293,0.51138123,1.06146454,0.00069620,-0.00048546,-0.00023682,-0.10463931,-34.41639328,-6.56569386,-0.10515469,-34.41566335,-6.56843248,0.06256224,0.30497635,-0.18095086,-0.04259246,-34.11068700,-6.74938334,-0.04916556,-34.13788598,-6.73278032,0.00455594,0.01141532,-0.01226142,0.00123436,0.00467209,-0.01022976,1
19.450,2.61764784,0.52283771,1.04910022,0.00186393,0.00404602,-0.01011504,-0.00660760,-0.01395511,0.03488777,2.61307777,0.51135118,1.06148408,0.00057450,-0.00075380,0.00007356,-0.10392395,-34.41487503,-6.56612444,-0.10443844,-34.41414360,-6.56885554,0.06288902,0.30741825,-0.18245209,-0.04154942,-34.10672535,-6.75130763,-0.04833452,-34.13389132,-6.73542380,0.00457007,0.01148653,-0.01238386,0.00128943,0.00479982,-0.01018860,1
19.460,2.61766615,0.52287748,1.04900080,0.00179841,0.00390753,-0.00976883,-0.00649651,-0.01374128,0.03435321,2.61308004,0.51131700,1.06150459,0.00045138,-0.00100506,0.00031319,-0.10320489,-34.41334152,-6.56656408,-0.10371850,-34.41260857,-6.56928762,0.06324929,0.30985400,-0.18375721,-0.04046921,-34.10275457,-6.75304483,-0.04746460,-34.12981185,-6.73805691,0.00458611,0.01156048,-0.01250379,0.00134703,0.00491259,-0.01008202,1
19.470,2.61768381,0.52291587,1.04890482,0.00173400,0.00377120,-0.00942799,-0.00638509,-0.01352603,0.03381508,2.61308023,0.51129854,1.06151463,0.00034330,-0.00121535,0.00048593,-0.10248212,-34.41182709,-6.56700754,-0.10299483,-34.41109266,-6.56972349,0.06360328,0.31166830,-0.18472785,-0.03939155,-34.09942436,-6.75445134,-0.04655761,-34.12568823,-6.74065574,0.00460358,0.01161733,-0.01260981,0.00139070,0.00498655,-0.00991392,1
19.480,2.61770084,0.52295291,1.04881222,0.00167071,0.00363702,-0.00909255,-0.00627334,-0.01330935,0.03327337,2.61307873,0.51125913,1.06153345,0.00023094,-0.00141335,0.00059112,-0.10175492,-34.41032028,-6.56745911,-0.10226675,-34.40958437,-6.57016742,0.06398400,0.31392192,-0.18561346,-0.03828275,-34.09566246,-6.75578088,-0.04561373,-34.12147933,-6.74317497,0.00462211,0.01169378,-0.01272123,0.00143977,0.00505037,-0.00968367,1
19.490,2.61771723,0.52298861,1.04872295,0.00160854,0.00350501,-0.00876253,-0.00616126,-0.01309123,0.03272808,2.61307475,0.51121689,1.06154912,0.00011577,-0.00159575,0.00062564,-0.10102392,-34.40881729,-6.56791639,-0.10153487,-34.40807990,-6.57061701,0.06440020,0.31614592,-0.18625171,-0.03713467,-34.09193398,-6.75686872,-0.04463542,-34.11726550,-6.74553163,0.00464248,0.01177172,-0.01282617,0.00149277,0.00510076,-0.00938817,1
19.500,2.61773301,0.52302301,1.04863696,0.00154749,0.00337520,-0.00843800,-0.00604885,-0.01287168,0.03217920,2.61306835,0.51117251,1.06155944,-0.00000080,-0.00175789,0.00058057,-0.10028918,-34.40732956,-6.56837845,-0.10079925,-34.40659069,-6.57107134,0.06484869,0.31830083,-0.18659273,-0.03595056,-34.08828986,-6.75766407,-0.04359471,-34.11352544,-6.74752106,0.00466466,0.01185050,-0.01292248,0.00154829,0.00513309,-0.00901857,1
19.510,2.61774818,0.52305613,1.04855418,0.00148756,0.00324759,-0.00811896,-0.00593611,-0.01265069,0.03162671,2.61305955,0.51112645,1.06156309,-0.00011795,-0.00189907,0.00045909,-0.09954973,-34.40584183,-6.56884670,-0.10005892,-34.40510149,-6.57153185,0.06532729,0.32037208,-0.18662796,-0.03473163,-34.08472941,-6.75815981,-0.04259246,-34.10952570,-6.74943067,0.00468863,0.01192968,-0.01300891,0.00160551,0.00514666,-0.00857805,1
19.520,2.61776277,0.52308797,1.04847456,0.00142877,0.00312219,-0.00780547,-0.00582304,-0.01242825,0.03107062,2.61305427,0.51110294,1.06156197,-0.00022044,-0.00201199,0.00031632,-0.09880726,-34.40435791,-6.56932259,-0.09931557,-34.40361611,-6.57199992,0.06571743,0.32171736,-0.18652091,-0.03359814,-34.08189875,-6.75852083,-0.04154942,-34.10554997,-6.75125164,0.00470850,0.01198503,-0.01308741,0.00164921,0.00513418,-0.00812179,1
19.530,2.61777676,0.52311858,1.04839805,0.00137110,0.00299903,-0.00749756,-0.00570964,-0.01220437,0.03051092,2.61304197,0.51105519,1.06155325,-0.00032628,-0.00210796,0.00009892,-0.09806025,-34.40288925,-6.56980419,-0.09856768,-34.40214601,-6.57247368,0.06621288,0.32356437,-0.18610213,-0.03235480,-34.07858164,-6.75857581,-0.04046921,-34.10155664,-6.75276819,0.00473479,0.01206339,-0.01315520,0.00169738,0.00510699,-0.00759648,1
19.540,2.61779019,0.52314796,1.04832459,0.00131457,0.00287811,-0.00719527,-0.00559590,-0.01197904,0.02994760,2.61302739,0.51100685,1.06153492,-0.00043408,-0.00218627,-0.00018722,-0.09730908,-34.40142822,-6.57029057,-0.09781563,-34.40068351,-6.57295218,0.06674044,0.32531860,-0.18536090,-0.03107520,-34.07536492,-6.75831308,-0.03939155,-34.09821376,-6.75392852,0.00476280,0.01214111,-0.01321033,0.00174865,0.00506438,-0.00700805,1
19.550,2.61780306,0.52317615,1.04825412,0.00125919,0.00275945,-0.00689862,-0.00548183,-0.01175226,0.02938065,2.61301058,0.51095846,1.06150558,-0.00054248,-0.00224453,-0.00054211,-0.09655476,-34.39996338,-6.57078218,-0.09706043,-34.39921724,-6.57343586,0.06729636,0.32695574,-0.18428004,-0.02976407,-34.07226150,-6.75771590,-0.03828275,-34.09445280,-6.75497748,0.00479248,0.01221769,-0.01325146,0.00180167,0.00500398,-0.00635651,1
19.560,2.61781538,0.52320316,1.04818660,0.00120494,0.00264307,-0.00660767,-0.00536743,-0.01152403,0.02881007,2.61300137,0.51093436,1.06148652,-0.00063724,-0.00228581,-0.00088330,-0.09579639,-34.39850998,-6.57128000,-0.09630119,-34.39776239,-6.57392571,0.06770523,0.32788246,-0.18334286,-0.02859596,-34.06987993,-6.75726857,-0.03713467,-34.09072915,-6.75591529,0.00481401,0.01226880,-0.01329992,0.00184218,0.00492888,-0.00572437,1
19.570,2.61782716,0.52322902,1.04812195,0.00115184,0.00252897,-0.00632243,-0.00525270,-0.01129434,0.02823585,2.61298133,0.51088654,1.06143925,-0.00073491,-0.00230984,-0.00129271,-0.09503401,-34.39705658,-6.57178354,-0.09553793,-34.39630760,-6.57442125,0.06827640,0.32929866,-0.18184553,-0.02726152,-34.06700893,-6.75626678,-0.03595056,-34.08709890,-6.75640360,0.00484583,0.01234248,-0.01331730,0.00188675,0.00483881,-0.00502972,1
19.580,2.61783842,0.52325374,1.04806013,0.00109989,0.00241718,-0.00604296,-0.00513763,-0.01106319,0.02765797,2.61297053,0.51086291,1.06141090,-0.00082129,-0.00232334,-0.00167824,-0.09426798,-34.39561462,-6.57229328,-0.09477103,-34.39486421,-6.57492296,0.06868110,0.33004097,-0.18063152,-0.02608993,-34.06482324,-6.75555448,-0.03595056,-34.08710793,-6.75624666,0.00486789,0.01239083,-0.01335077,0.00192118,0.00474052,-0.00436472,1
19.590,2.61784916,0.52327737,1.04800107,0.00104909,0.00230771,-0.00576929,-0.00502223,-0.01083058,0.02707645,2.61294739,0.51081638,1.06134444,-0.00091163,-0.00232087,-0.00213004,-0.09349769,-34.39417267,-6.57280874,-0.09399987,-34.39342084,-6.57543033,0.06927330,0.33125998,-0.17873497,-0.02472657,-34.06216086,-6.75416530,-0.03473163,-34.08357269,-6.75641710,0.00490177,0.01246099,-0.01334337,0.00196072,0.00462858,-0.00363925,1
19.600,2.61785941,0.52329991,1.04794472,0.00099944,0.00220058,-0.00550144,-0.00490650,-0.01059650,0.02649126,2.61292226,0.51077110,1.06126466,-0.00100387,-0.00230217,-0.00263713,-0.09272413,-34.39273453,-6.57332993,-0.09322542,-34.39198130,-6.57594337,0.06989410,0.33235160,-0.17650643,-0.02333132,-34.05962970,-6.75244980,-0.03235480,-34.07745860,-6.75649661,0.00493715,0.01252881,-0.01331994,0.00200331,0.00450275,-0.00286431,1
19.610,2.61786916,0.52332139,1.04789102,0.00095096,0.00209579,-0.00523947,-0.00479043,-0.01036096,0.02590240,2.61289522,0.51072732,1.06117134,-0.00109674,-0.00226859,-0.00318693,-0.09194669,-34.39130783,-6.57385397,-0.09244711,-34.39055320,-6.57645926,0.07053975,0.33331620,-0.17397511,-0.02190736,-34.05723700,-6.75043437,-0.03107520,-34.07428100,-6.75589491,0.00497394,0.01259407,-0.01328032,0.00204770,0.00436438,-0.00205254,1
19.620,2.61787843,0.52334183,1.04783991,0.00090363,0.00199336,-0.00498341,-0.00467403,-0.01012395,0.02530987,2.61286633,0.51068526,1.06106448,-0.00118928,-0.00222154,-0.00376784,-0.09116547,-34.38988113,-6.57438612,-0.09166503,-34.38912513,-6.57698322,0.07120755,0.33415677,-0.17117125,-0.02045748,-34.05496836,-6.74815447,-0.02976407,-34.07122129,-6.75496062,0.00501210,0.01265657,-0.01322457,0.00209291,0.00421490,-0.00121557,1
19.630,2.61788723,0.52336126,1.04779134,0.00085748,0.00189332,-0.00473329,-0.00455729,-0.00988546,0.02471365,2.61283569,0.51064511,1.06094428,-0.00128036,-0.00216186,-0.00436995,-0.09038096,-34.38846207,-6.57492113,-0.09087965,-34.38770468,-6.57750998,0.07189404,0.33487298,-0.16812258,-0.01898561,-34.05283170,-6.74563257,-0.02859596,-34.06888852,-6.75418044,0.00505154,0.01271615,-0.01315294,0.00213784,0.00405518,-0.00036334,1
19.640,2.61789558,0.52337970,1.04774523,0.00081249,0.00179566,-0.00448915,-0.00444022,-0.00964550,0.02411374,2.61280337,0.51060701,1.06081105,-0.00136946,-0.00209128,-0.00498319,-0.08959249,-34.38703918,-6.57546520,-0.09009032,-34.38628042,-6.57804578,0.07259738,0.33547102,-0.16485960,-0.01749293,-34.05080939,-6.74290538,-0.02726152,-34.06606916,-6.75285532,0.00509221,0.01277269,-0.01306582,0.00218195,0.00388694,0.00049404,1
19.650,2.61790349,0.52339718,1.04770153,0.00076867,0.00170041,-0.00425103,-0.00432282,-0.00940405,0.02351014,2.61276944,0.51057103,1.06066510,-0.00145628,-0.00201139,-0.00560113,-0.08880027,-34.38561630,-6.57601309,-0.08929722,-34.38485619,-6.57858535,0.07331619,0.33595730,-0.16140322,-0.01598103,-34.04889890,-6.73998856,-0.02608993,-34.06393739,-6.75182700,0.00513405,0.01282615,-0.01296357,0.00222495,0.00371180,0.00135010,1
19.660,2.61791096,0.52341372,1.04766019,0.00072603,0.00160758,-0.00401896,-0.00420508,-0.00916113,0.02290283,2.61275189,0.51055387,1.06058753,-0.00153092,-0.00193759,-0.00614010,-0.08800498,-34.38420486,-6.57656622,-0.08850107,-34.38344341,-6.57913013,0.07376063,0.33599244,-0.15901757,-0.01474044,-34.04745097,-6.73814770,-0.02472657,-34.06130275,-6.75028680,0.00515907,0.01285985,-0.01292734,0.00225695,0.00354517,0.00212114,1
19.670,2.61791801,0.52342934,1.04762113,0.00068457,0.00151719,-0.00379298,-0.00408700,-0.00891672,0.02229181,2.61271567,0.51052122,1.06042355,-0.00160546,-0.00185429,-0.00669027,-0.08720528,-34.38279724,-6.57712221,-0.08770051,-34.38203444,-6.57967772,0.07448106,0.33635654,-0.15546596,-0.01321945,-34.04567790,-6.73514367,-0.02333132,-34.05882751,-6.74827940,0.00520234,0.01290812,-0.01280242,0.00229003,0.00337148,0.00289729,1
19.680,2.61792465,0.52344407,1.04758431,0.00064430,0.00142925,-0.00357313,-0.00396858,-0.00867083,0.02167707,2.61267806,0.51049081,1.06024889,-0.00167841,-0.00176378,-0.00723347,-0.08640266,-34.38138962,-6.57768536,-0.08689702,-34.38062546,-6.58023243,0.07521533,0.33661861,-0.15177913,-0.01168169,-34.04400685,-6.73201156,-0.02190736,-34.05649087,-6.74600283,0.00524659,0.01295326,-0.01266458,0.00232271,0.00319303,0.00366034,1
19.690,2.61793090,0.52345794,1.04754965,0.00060520,0.00134378,-0.00335945,-0.00384983,-0.00842344,0.02105860,2.61263916,0.51046262,1.06006457,-0.00174910,-0.00166830,-0.00775847,-0.08559666,-34.37997818,-6.57825518,-0.08609016,-34.37921271,-6.58079378,0.07596111,0.33679133,-0.14799935,-0.01012905,-34.04242138,-6.72879312,-0.02045748,-34.05427743,-6.74348774,0.00529174,0.01299532,-0.01251492,0.00235430,0.00301208,0.00439902,1
19.700,2.61793676,0.52347096,1.04751710,0.00056730,0.00126079,-0.00315197,-0.00373075,-0.00817456,0.02043641,2.61259904,0.51043660,1.05987171,-0.00181701,-0.00156987,-0.00825534,-0.08478688,-34.37856674,-6.57882738,-0.08527952,-34.37779994,-6.58135748,0.07671610,0.33688651,-0.14416677,-0.00856342,-34.04091343,-6.72552425,-0.01898561,-34.05219441,-6.74075958,0.00533772,0.01303436,-0.01235461,0.00238431,0.00283066,0.00510337,1
19.710,2.61794225,0.52348316,1.04748659,0.00053059,0.00118029,-0.00295074,-0.00361132,-0.00792419,0.01981047,2.61255780,0.51041265,1.05967154,-0.00188170,-0.00147031,-0.00871542,-0.08397317,-34.37716675,-6.57940531,-0.08446495,-34.37639865,-6.58192686,0.07747841,0.33691607,-0.14032012,-0.00698655,-34.03948258,-6.72224698,-0.01749293,-34.05022357,-6.73785755,0.00538445,0.01307051,-0.01218495,0.00241229,0.00265060,0.00576468,1
19.720,2.61794738,0.52349457,1.04745806,0.00049508,0.00110231,-0.00275578,-0.00349156,-0.00767231,0.01918079,2.61251553,0.51039068,1.05946539,-0.00194283,-0.00137127,-0.00913109,-0.08315692,-34.37576294,-6.57998800,-0.08364784,-34.37499354,-6.58250099,0.07824612,0.33689168,-0.13649647,-0.00540172,-34.03810186,-6.71899745,-0.01598103,-34.04836183,-6.73479952,0.00543185,0.01310389,-0.01200733,0.00243791,0.00247358,0.00637531,1
19.730,2.61795216,0.52350521,1.04743145,0.00046076,0.00102685,-0.00256713,-0.00337146,-0.00741894,0.01854735,2.61249403,0.51038041,1.05936040,-0.00199453,-0.00128513,-0.00947296,-0.08233682,-34.37436295,-6.58057451,-0.08282689,-34.37359225,-6.58307887,0.07868048,0.33663260,-0.13416321,-0.00414641,-34.03695965,-6.71724208,-0.01474044,-34.04693762,-6.73289841,0.00545813,0.01312480,-0.01192895,0.00245529,0.00231198,0.00690583,1
19.740,2.61795660,0.52351512,1.04740670,0.00042765,0.00095394,-0.00238484,-0.00325102,-0.00716406,0.01791015,2.61245036,0.51036127,1.05914717,-0.00204441,-0.00119755,-0.00978087,-0.08151355,-34.37295532,-6.58116865,-0.08200277,-34.37218336,-6.58366436,0.07944119,0.33658270,-0.13049920,-0.00256157,-34.03560066,-6.71416356,-0.01321945,-34.04521049,-6.72979139,0.00550624,0.01315385,-0.01174047,0.00247206,0.00215149,0.00739603,1
19.750,2.61796071,0.52352430,1.04738373,0.00039574,0.00088358,-0.00220894,-0.00313025,-0.00690768,0.01726919,2.61240592,0.51034380,1.05893157,-0.00209117,-0.00111147,-0.01003693,-0.08068682,-34.37155914,-6.58176613,-0.08117519,-34.37078591,-6.58425313,0.08020471,0.33649323,-0.12692666,-0.00097047,-34.03429268,-6.71117979,-0.01168169,-34.04358023,-6.72660901,0.00555479,0.01318050,-0.01154784,0.00248691,0.00199505,0.00782799,1
19.760,2.61796452,0.52353280,1.04736250,0.00036504,0.00081579,-0.00203947,-0.00300913,-0.00664978,0.01662445,2.61236080,0.51032784,1.05871506,-0.00213437,-0.00102841,-0.01023578,-0.07985669,-34.37015152,-6.58236980,-0.08034420,-34.36937703,-6.58484808,0.08096923,0.33637672,-0.12347857,0.00062504,-34.03300031,-6.70832666,-0.01012905,-34.04203178,-6.72337696,0.00560372,0.01320496,-0.01135256,0.00249941,0.00184420,0.00819631,1
19.770,2.61796802,0.52354063,1.04734292,0.00033556,0.00075059,-0.00187647,-0.00288768,-0.00639037,0.01597593,2.61231511,0.51031325,1.05849912,-0.00217370,-0.00094956,-0.01037322,-0.07902362,-34.36874771,-6.58297777,-0.07951029,-34.36797199,-6.58544727,0.08173250,0.33624353,-0.12018592,0.00222221,-34.03172846,-6.70563319,-0.00856342,-34.04055691,-6.72013149,0.00565291,0.01322738,-0.01115620,0.00250926,0.00170015,0.00849675,1
19.780,2.61797123,0.52354782,1.04732495,0.00030729,0.00068799,-0.00171997,-0.00276589,-0.00612945,0.01532362,2.61226893,0.51029986,1.05828522,-0.00220889,-0.00087591,-0.01044617,-0.07818694,-34.36734390,-6.58358717,-0.07867276,-34.36656694,-6.58604788,0.08249282,0.33610328,-0.11707616,0.00382006,-34.03046366,-6.70312404,-0.00698655,-34.03915511,-6.71691447,0.00570230,0.01324796,-0.01096027,0.00251618,0.00156390,0.00872620,1
19.790,2.61797417,0.52355439,1.04730850,0.00028024,0.00062800,-0.00157001,-0.00264376,-0.00586700,0.01466751,2.61224570,0.51029356,1.05817953,-0.00223751,-0.00081445,-0.01047667,-0.07734697,-34.36593628,-6.58420420,-0.07783194,-34.36515808,-6.58665608,0.08289430,0.33584429,-0.11547586,0.00506236,-34.02931379,-6.70213194,-0.00540172,-34.03778683,-6.71371337,0.00572847,0.01326083,-0.01087103,0.00251775,0.00144245,0.00890666,1
19.800,2.61797684,0.52356039,1.04729353,0.00025442,0.00057065,-0.00142663,-0.00252128,-0.00560304,0.01400760,2.61219898,0.51028170,1.05797124,-0.00226297,-0.00075616,-0.01044686,-0.07650428,-34.36453629,-6.58482456,-0.07698840,-34.36375687,-6.58726757,0.08364017,0.33573923,-0.11268940,0.00665177,-34.02801765,-6.69995697,-0.00414641,-34.03666900,-6.71206337,0.00577786,0.01327869,-0.01067771,0.00251739,0.00132681,0.00902023,1
19.810,2.61797926,0.52356582,1.04727995,0.00022982,0.00051595,-0.00128987,-0.00239847,-0.00533755,0.01334388,2.61215201,0.51027075,1.05776785,-0.00228499,-0.00070150,-0.01035896,-0.07565803,-34.36312866,-6.58545065,-0.07614132,-34.36234805,-6.58788475,0.08438174,0.33562851,-0.11011022,0.00824043,-34.02671954,-6.69799497,-0.00256157,-34.03533190,-6.70911593,0.00582725,0.01329507,-0.01048790,0.00251481,0.00121745,0.00906909,1
19.820,2.61798144,0.52357071,1.04726771,0.00020645,0.00046391,-0.00115976,-0.00227532,-0.00507054,0.01267635,2.61210492,0.51026048,1.05757138,-0.00230257,-0.00065234,-0.01020258,-0.07480882,-34.36171341,-6.58607960,-0.07529126,-34.36093161,-6.58850475,0.08511503,0.33552792,-0.10779119,0.00982376,-34.02540369,-6.69629594,-0.00097047,-34.03404026,-6.70631308,0.00587652,0.01331023,-0.01030367,0.00250902,0.00111625,0.00904282,1
19.830,2.61798339,0.52357510,1.04725673,0.00018431,0.00041454,-0.00103635,-0.00215183,-0.00480200,0.01200499,2.61205783,0.51025078,1.05738305,-0.00231562,-0.00060889,-0.00997980,-0.07395619,-34.36030197,-6.58671522,-0.07443780,-34.35951899,-6.58913139,0.08583847,0.33544280,-0.10574415,0.01140067,-34.02407619,-6.69487554,0.00062504,-34.03276104,-6.70367091,0.00592556,0.01332432,-0.01012632,0.00249993,0.00102343,0.00894345,1
19.840,2.61798513,0.52357901,1.04724696,0.00016341,0.00036787,-0.00091968,-0.00202799,-0.00453192,0.01132980,2.61203431,0.51024610,1.05729233,-0.00232472,-0.00057376,-0.00975283,-0.07310104,-34.35888672,-6.58735609,-0.07358181,-34.35810257,-6.58976325,0.08619972,0.33527533,-0.10497763,0.01261791,-34.02282724,-6.69474087,0.00222221,-34.03149427,-6.70109724,0.00595082,0.01333291,-0.01004537,0.00248813,0.00094163,0.00883315,1
19.850,2.61798667,0.52358247,1.04723831,0.00014375,0.00032391,-0.00080977,-0.00190382,-0.00426031,0.01065077,2.61198737,0.51023702,1.05711830,-0.00232958,-0.00054286,-0.00945689,-0.07224222,-34.35747528,-6.58799696,-0.07272215,-34.35668999,-6.59039507,0.08690324,0.33524121,-0.10330262,0.01418109,-34.02144878,-6.69369769,0.00382006,-34.03023859,-6.69883950,0.00599930,0.01334545,-0.00987999,0.00247333,0.00086677,0.00864712,1
19.860,2.61798801,0.52358550,1.04723074,0.00012534,0.00028267,-0.00070667,-0.00177930,-0.00398716,0.00996790,2.61194066,0.51022826,1.05695489,-0.00233021,-0.00051559,-0.00910135,-0.07138064,-34.35605621,-6.58864689,-0.07185973,-34.35526978,-6.59103591,0.08759451,0.33522011,-0.10191756,0.01573478,-34.02004967,-6.69295347,0.00506236,-34.02909689,-6.69811458,0.00604735,0.01335724,-0.00972415,0.00245555,0.00079826,0.00839468,1
19.870,2.61798918,0.52358813,1.04722416,0.00010817,0.00024417,-0.00061043,-0.00165444,-0.00371247,0.00928117,2.61189430,0.51021977,1.05680299,-0.00232605,-0.00049194,-0.00868827,-0.07051639,-34.35463333,-6.58929586,-0.07099466,-34.35384576,-6.59167577,0.08827095,0.33521395,-0.10083009,0.01727629,-34.01863181,-6.69250586,0.00665177,-34.02780716,-6.69623245,0.00609488,0.01336836,-0.00957883,0.00243422,0.00073611,0.00807784,1
19.880,2.61799018,0.52359039,1.04721851,0.00009225,0.00020843,-0.00052106,-0.00152924,-0.00343623,0.00859059,2.61184837,0.51021151,1.05666334,-0.00231711,-0.00047157,-0.00822316,-0.06964883,-34.35319519,-6.58995342,-0.07012627,-34.35240650,-6.59232418,0.08893122,0.33522326,-0.10003686,0.01880495,-34.01718324,-6.69236104,0.00824043,-34.02651431,-6.69458106,0.00614181,0.01337888,-0.00944483,0.00240936,0.00068000,0.00770210,1
19.890,2.61799103,0.52359231,1.04721371,0.00007759,0.00017545,-0.00043863,-0.00140369,-0.00315845,0.00789614,2.61182561,0.51020745,1.05659832,-0.00230693,-0.00045517,-0.00779284,-0.06877802,-34.35176849,-6.59061575,-0.06925463,-34.35097870,-6.59297731,0.08924190,0.33515267,-0.10013313,0.01998727,-34.01582603,-6.69311044,0.00982376,-34.02520069,-6.69304500,0.00616542,0.01338486,-0.00938461,0.00238452,0.00063062,0.00735421,1
19.900,2.61799173,0.52359391,1.04720971,0.00006418,0.00014526,-0.00036315,-0.00127781,-0.00287912,0.00719781,2.61175824,0.51019557,1.05642305,-0.00228730,-0.00043888,-0.00722158,-0.06790491,-34.35033035,-6.59127855,-0.06838070,-34.34953946,-6.59363089,0.09020311,0.33528397,-0.09915522,0.02182241,-34.01425548,-6.69278611,0.01261791,-34.02263224,-6.69198696,0.00623349,0.01339834,-0.00921334,0.00235148,0.00058414,0.00685843,1
19.910,2.61799231,0.52359523,1.04720643,0.00005203,0.00011787,-0.00029468,-0.00115157,-0.00259824,0.00649561,2.61173613,0.51019174,1.05637128,-0.00226811,-0.00042490,-0.00671028,-0.06702835,-34.34888458,-6.59194899,-0.06750332,-34.34809262,-6.59429207,0.09048697,0.33523267,-0.09964117,0.02298366,-34.01285995,-6.69393325,0.01261791,-34.02263576,-6.69215268,0.00625618,0.01340349,-0.00916485,0.00232014,0.00054277,0.00641560,1
19.920,2.61799278,0.52359628,1.04720379,0.00004115,0.00009330,-0.00023325,-0.00102500,-0.00231581,0.00578952,2.61169252,0.51018431,1.05627792,-0.00224369,-0.00041056,-0.00615762,-0.06614877,-34.34743500,-6.59261990,-0.06662291,-34.34664197,-6.59495371,0.09108386,0.33527696,-0.09969890,0.02446094,-34.01136501,-6.69465261,0.01418109,-34.02126501,-6.69144787,0.00630026,0.01341197,-0.00907413,0.00228484,0.00050386,0.00592437,1
19.930,2.61799314,0.52359710,1.04720174,0.00003153,0.00007156,-0.00017891,-0.00089808,-0.00203181,0.00507953,2.61164978,0.51017724,1.05619815,-0.00221426,-0.00039519,-0.00557291,-0.06526707,-34.34598541,-6.59329844,-0.06574040,-34.34519132,-6.59562292,0.09165862,0.33531566,-0.10002347,0.02591822,-34.00987566,-6.69564639,0.01573478,-34.01987513,-6.69104407,0.00634336,0.01341986,-0.00899641,0.00224579,0.00046675,0.00539400,1
19.940,2.61799341,0.52359772,1.04720019,0.00002319,0.00005267,-0.00013168,-0.00077082,-0.00174626,0.00436564,2.61160799,0.51017059,1.05613195,-0.00218001,-0.00037798,-0.00496499,-0.06438257,-34.34452820,-6.59397745,-0.06485508,-34.34373307,-6.59629259,0.09221072,0.33534358,-0.10059366,0.02735564,-34.00838949,-6.69688624,0.01727629,-34.01846863,-6.69093524,0.00638542,0.01342713,-0.00893176,0.00220320,0.00043065,0.00483331,1
19.950,2.61799361,0.52359816,1.04719908,0.00001612,0.00003664,-0.00009161,-0.00064321,-0.00145914,0.00364785,2.61156724,0.51016449,1.05607913,-0.00214112,-0.00035799,-0.00434236,-0.06349427,-34.34306717,-6.59466410,-0.06396595,-34.34227103,-6.59696985,0.09273950,0.33535397,-0.10138683,0.02877355,-34.00691706,-6.69835668,0.01880495,-34.01703423,-6.69112382,0.00642637,0.01343367,-0.00888005,0.00215724,0.00039463,0.00425075,1
19.960,2.61799374,0.52359846,1.04719834,0.00001032,0.00002349,-0.00005873,-0.00051526,-0.00117046,0.00292614,2.61154728,0.51016169,1.05605757,-0.00210496,-0.00033840,-0.00379581,-0.06260403,-34.34159470,-6.59535074,-0.06307491,-34.34079754,-6.59764706,0.09296347,0.33529453,-0.10240917,0.02988856,-34.00550300,-6.70005623,0.01998727,-34.01568622,-6.69203235,0.00644646,0.01343677,-0.00885923,0.00211528,0.00036189,0.00373708,1
19.970,2.61799382,0.52359864,1.04719788,0.00000581,0.00001324,-0.00003310,-0.00038696,-0.00088020,0.00220050,2.61150821,0.51015668,1.05602393,-0.00206326,-0.00031378,-0.00322805,-0.06171088,-34.34011841,-6.59604597,-0.06218094,-34.33932026,-6.59833284,0.09346473,0.33527674,-0.10334189,0.03128379,-34.00404351,-6.70167474,0.02182241,-34.01413553,-6.69202373,0.00648561,0.01344196,-0.00882605,0.00206907,0.00032702,0.00319495,1
19.980,2.61799386,0.52359874,1.04719765,0.00000259,0.00000589,-0.00001474,-0.00025832,-0.00058838,0.00147094,2.61147037,0.51015257,1.05600264,-0.00201640,-0.00028345,-0.00265035,-0.06081517,-34.33863831,-6.59674120,-0.06128443,-34.33783918,-6.59901860,0.09393923,0.33522052,-0.10447527,0.03265480,-34.00261866,-6.70349387,0.02298366,-34.01276371,-6.69347461,0.00652349,0.01344617,-0.00880499,0.00201899,0.00028934,0.00263561,1
19.990,2.61799388,0.52359877,1.04719756,0.00000065,0.00000148,-0.00000369,-0.00012933,-0.00029498,0.00073744,2.61143383,0.51014956,1.05599293,-0.00196484,-0.00024644,-0.00207426,-0.05991645,-34.33714676,-6.59744215,-0.06038490,-34.33634666,-6.59971003,0.09438721,0.33511641,-0.10577165,0.03400230,-34.00123025,-6.70548168,0.02446094,-34.01129731,-6.69447962,0.00656005,0.01344921,-0.00879537,0.00196549,0.00024792,0.00207057,1
20.000,2.61799388,0.52359878,1.04719755,-0.00000000,-0.00000000,0.00000000,0.00000000,0.00000000,-0.00000000,2.61139870,0.51014791,1.05599385,-0.00190833,-0.00020102,-0.00151161,-0.05901519,-34.33564758,-6.59814644,-0.05948285,-34.33484653,-6.60040478,0.09480647,0.33495027,-0.10718998,0.03532362,-33.99989626,-6.70759475,0.02591822,-34.00984329,-6.69573456,0.00659518,0.01345087,-0.00879630,0.00190833,0.00020102,0.00151161,1
