t,q_des_1,q_des_2,q_des_3,qd_des_1,qd_des_2,qd_des_3,qdd_des_1,qdd_des_2,qdd_des_3,q_act_1,q_act_2,q_act_3,qd_act_1,qd_act_2,qd_act_3,tau_fb_1,tau_fb_2,tau_fb_3,tau_total_1,tau_total_2,tau_total_3,tau_sensed_1,tau_sensed_2,tau_sensed_3,e_pos_1,e_pos_2,e_pos_3,e_vel_1,e_vel_2,e_vel_3
0.000,0.00000000,0.78539816,2.35619449,0.00000000,-0.00000000,0.00000000,0.00000000,-0.00000000,0.00000000,0.00094198,0.77352419,2.36419451,0.00003751,-0.00190635,0.00737480,-0.04759639,-19.41616438,-1.27535096,-0.04759639,-19.41616438,-1.27535096,0.00000000,-21.83797008,-0.00341109,-0.00094198,0.01187397,-0.00800002,-0.00003751,0.00190635,-0.00737480
0.010,0.00000000,0.78539816,2.35619449,0.00000066,-0.00000023,0.00000041,0.00013201,-0.00004575,0.00008104,0.00094110,0.77352074,2.36425966,0.00000599,-0.00151597,0.00715974,-0.04719969,-19.42618141,-1.28457301,-0.04719969,-19.42618141,-1.28457301,0.00000000,-21.83819262,-0.00325728,-0.00094110,0.01187742,-0.00806517,-0.00000533,0.00151574,-0.00715933
0.020,0.00000002,0.78539816,2.35619450,0.00000264,-0.00000091,0.00000162,0.00026362,-0.00009136,0.00016183,0.00093698,0.77358572,2.36412016,-0.00009849,0.00048757,0.00188251,-0.04574900,-19.50637663,-1.21244036,-0.04574900,-19.50637663,-1.21244036,-0.04759639,-19.41941346,-1.26837637,-0.00093696,0.01181244,-0.00792566,0.00010113,-0.00048848,-0.00188089
0.030,0.00000006,0.78539814,2.35619453,0.00000593,-0.00000206,0.00000364,0.00039484,-0.00013683,0.00024238,0.00092965,0.77371887,2.36377649,-0.00025713,0.00369439,-0.00717989,-0.04347058,-19.64237416,-1.07174931,-0.04347058,-19.64237416,-1.07174931,-0.04719969,-19.43283884,-1.26738945,-0.00092959,0.01167927,-0.00758196,0.00026306,-0.00369645,0.00718353
0.040,0.00000014,0.78539811,2.35619458,0.00001053,-0.00000365,0.00000647,0.00052567,-0.00018216,0.00032269,0.00091918,0.77391719,2.36324044,-0.00045447,0.00772869,-0.01878619,-0.04055297,-19.82043373,-0.87664403,-0.04055297,-19.82043373,-0.87664403,-0.04574900,-19.51629243,-1.18563781,-0.00091904,0.01148092,-0.00704586,0.00046500,-0.00773234,0.01879266
0.050,0.00000027,0.78539807,2.35619466,0.00001644,-0.00000570,0.00001009,0.00065609,-0.00022736,0.00040275,0.00090570,0.77417543,2.36253324,-0.00067781,0.01225254,-0.03176958,-0.03715381,-20.02769532,-0.64194200,-0.03715381,-20.02769532,-0.64194200,-0.04347058,-19.65528620,-1.03638943,-0.00090543,0.01122264,-0.00633858,0.00069425,-0.01225824,0.03177967
0.060,0.00000047,0.78539800,2.35619478,0.00002365,-0.00000820,0.00001452,0.00078613,-0.00027242,0.00048257,0.00088936,0.77448662,2.36168352,-0.00091684,0.01696915,-0.04507039,-0.03340341,-20.25239283,-0.38250213,-0.03340341,-20.25239283,-0.38250213,-0.04055297,-19.83599322,-0.83415762,-0.00088889,0.01091138,-0.00548874,0.00094049,-0.01697735,0.04508491
0.070,0.00000075,0.78539790,2.35619495,0.00003216,-0.00001115,0.00001974,0.00091577,-0.00031734,0.00056215,0.00087034,0.77484255,2.36072515,-0.00116327,0.02162521,-0.05776198,-0.02940939,-20.48403045,-0.11265161,-0.02940939,-20.48403045,-0.11265161,-0.03715381,-20.04549201,-0.59402364,-0.00086959,0.01055535,-0.00453020,0.00119543,-0.02163636,0.05778172
0.080,0.00000112,0.78539777,2.35619518,0.00004197,-0.00001454,0.00002576,0.00104501,-0.00036213,0.00064149,0.00084882,0.77523428,2.35969523,-0.00141050,0.02601217,-0.06906949,-0.02525965,-20.71352843,0.15431421,-0.02525965,-20.71352843,0.15431421,-0.03340341,-20.27197935,-0.33100611,-0.00084770,0.01016349,-0.00350005,0.00145247,-0.02602671,0.06909525
0.090,0.00000160,0.78539761,2.35619547,0.00005306,-0.00001839,0.00003257,0.00117386,-0.00040678,0.00072059,0.00082500,0.77565257,2.35863205,-0.00165340,0.02996642,-0.07838151,-0.02102504,-20.93332064,0.40654294,-0.02102504,-20.93332064,0.40654294,-0.02940939,-20.50494504,-0.05949282,-0.00082340,0.00974504,-0.00243658,0.00170646,-0.02998481,0.07841408
0.100,0.00000219,0.78539741,2.35619583,0.00006544,-0.00002268,0.00004017,0.00130232,-0.00045130,0.00079945,0.00079908,0.77608831,2.35757331,-0.00188800,0.03336829,-0.08525465,-0.01676284,-21.13740118,0.63394783,-0.01676284,-21.13740118,0.63394783,-0.02525965,-20.73531538,0.20725124,-0.00079689,0.00930910,-0.00137748,0.00195344,-0.03339097,0.08529482
0.110,0.00000291,0.78539716,2.35619628,0.00007911,-0.00002741,0.00004856,0.00143039,-0.00049568,0.00087806,0.00077126,0.77653286,2.35655448,-0.00211136,0.03613993,-0.08941168,-0.01251747,-21.32132230,0.82842987,-0.01251747,-21.32132230,0.82842987,-0.02102504,-20.95554807,0.45748432,-0.00076835,0.00886430,-0.00035820,0.00219047,-0.03616734,0.08946024
0.120,0.00000377,0.78539686,2.35619681,0.00009405,-0.00003259,0.00005773,0.00155806,-0.00053992,0.00095643,0.00074175,0.77697835,2.35560749,-0.00232132,0.03824224,-0.09073372,-0.00832411,-21.48214264,0.98399699,-0.00832411,-21.48214264,0.98399699,-0.01676284,-21.15967577,0.68129776,-0.00073798,0.00841851,0.00058932,0.00241537,-0.03827483,0.09079145
0.130,0.00000479,0.78539650,2.35619743,0.00011027,-0.00003821,0.00006769,0.00168534,-0.00058403,0.00103457,0.00071073,0.77741792,2.35475960,-0.00251643,0.03967090,-0.08924740,-0.00420887,-21.61833798,1.09680449,-0.00420887,-21.61833798,1.09680449,-0.01251747,-21.34330074,0.87082410,-0.00070594,0.00797858,0.00143783,0.00262670,-0.03970911,0.08931509
0.140,0.00000598,0.78539609,2.35619816,0.00012776,-0.00004427,0.00007843,0.00181223,-0.00062800,0.00111246,0.00067840,0.77784587,2.35403271,-0.00269574,0.04045175,-0.08510784,-0.00019188,-21.72966688,1.16510042,-0.00019188,-21.72966688,1.16510042,-0.00832411,-21.50353978,1.02034157,-0.00067242,0.00755022,0.00216545,0.00282350,-0.04049602,0.08518627
0.150,0.00000735,0.78539562,2.35619900,0.00014651,-0.00005077,0.00008994,0.00193873,-0.00067184,0.00119011,0.00064492,0.77825774,2.35344280,-0.00285872,0.04063563,-0.07857850,0.00371203,-21.81701881,1.18909274,0.00371203,-21.81701881,1.18909274,-0.00420887,-21.63893162,1.12629972,-0.00063757,0.00713788,0.00275620,0.00300523,-0.04068640,0.07866844
0.160,0.00000892,0.78539507,2.35619996,0.00016653,-0.00005771,0.00010223,0.00206484,-0.00071554,0.00126753,0.00061048,0.77865039,2.35299980,-0.00300517,0.04029304,-0.07000889,0.00749288,-21.88223000,1.17076151,0.00749288,-21.88223000,1.17076151,-0.00019188,-21.74929953,1.18725046,-0.00060156,0.00674468,0.00320016,0.00317170,-0.04035075,0.07011112
0.170,0.00001069,0.78539446,2.35620105,0.00018781,-0.00006508,0.00011529,0.00219056,-0.00075910,0.00134470,0.00057523,0.77902194,2.35270762,-0.00313508,0.03950861,-0.05981131,0.01114250,-21.92787675,1.11361394,0.01114250,-21.92787675,1.11361394,0.00371203,-21.83559647,1.20370201,-0.00056454,0.00637252,0.00349343,0.00332289,-0.03957369,0.05992660
0.180,0.00001268,0.78539377,2.35620227,0.00021034,-0.00007289,0.00012912,0.00231589,-0.00080254,0.00142163,0.00053933,0.77937171,2.35256447,-0.00324864,0.03837572,-0.04843731,0.01465589,-21.95708977,1.02240347,0.01465589,-21.95708977,1.02240347,0.00749288,-21.89971852,1.17791916,-0.00052665,0.00602206,0.00363780,0.00345898,-0.03844861,0.04856643
0.190,0.00001490,0.78539300,2.35620364,0.00023412,-0.00008113,0.00014372,0.00244083,-0.00084583,0.00149833,0.00050295,0.77970010,2.35256338,-0.00334610,0.03699142,-0.03635514,0.01802905,-21.97333982,0.90283196,0.01802905,-21.97333982,0.90283196,0.01114250,-21.94429602,1.11366826,-0.00048805,0.00569290,0.00364026,0.00358022,-0.03707255,0.03649886
0.200,0.00001736,0.78539215,2.35620515,0.00025916,-0.00008981,0.00015909,0.00256538,-0.00088899,0.00157479,0.00046622,0.78000843,2.35269289,-0.00342776,0.03545179,-0.02402867,0.02125884,-21.98025081,0.76123139,0.02125884,-21.98025081,0.76123139,0.01465589,-21.97250623,1.01592809,-0.00044886,0.00538372,0.00351226,0.00368692,-0.03554160,0.02418776
0.210,0.00002009,0.78539120,2.35620682,0.00028543,-0.00009891,0.00017521,0.00268954,-0.00093202,0.00165100,0.00042930,0.78029879,2.35293780,-0.00349394,0.03384786,-0.01189857,0.02434293,-21.98142485,0.60426594,0.02434293,-21.98142485,0.60426594,0.01802905,-21.98785784,0.89058609,-0.00040921,0.00509241,0.00326902,0.00377937,-0.03394677,0.01207378
0.220,0.00002308,0.78539017,2.35620866,0.00031294,-0.00010845,0.00019210,0.00281331,-0.00097491,0.00172698,0.00039232,0.78057384,2.35328011,-0.00354493,0.03226216,-0.00036630,0.02727740,-21.98027574,0.43863577,0.02727740,-21.98027574,0.43863577,0.02125884,-21.99400335,0.74411615,-0.00036924,0.00481633,0.00292855,0.00385787,-0.03237061,0.00055840
0.230,0.00002635,0.78538903,2.35621067,0.00034170,-0.00011841,0.00020975,0.00293670,-0.00101767,0.00180272,0.00035543,0.78083662,2.35369985,-0.00358101,0.03076608,0.01021882,0.03005949,-21.97991135,0.27081098,0.03005949,-21.97991135,0.27081098,0.02434293,-21.99456377,0.58327884,-0.00032908,0.00455241,0.00251082,0.00392271,-0.03088449,-0.01000907
0.240,0.00002992,0.78538780,2.35621285,0.00037168,-0.00012880,0.00022816,0.00305969,-0.00106029,0.00187823,0.00031876,0.78109035,2.35417606,-0.00360240,0.02941788,0.01956926,0.03268557,-21.98301029,0.10680172,0.03268557,-21.98301029,0.10680172,0.02727740,-21.99296237,0.41482548,-0.00028884,0.00429745,0.00203679,0.00397408,-0.02954668,-0.01934110
0.250,0.00003379,0.78538646,2.35621523,0.00040289,-0.00013961,0.00024732,0.00318230,-0.00110278,0.00195349,0.00028246,0.78133828,2.35468760,-0.00360929,0.02826150,0.02746546,0.03515105,-21.99176063,-0.04802964,0.03515105,-21.99176063,-0.04802964,0.03005949,-21.99230755,0.24523395,-0.00024867,0.00404818,0.00152763,0.00401218,-0.02840111,-0.02721814
0.260,0.00003798,0.78538500,2.35621780,0.00043532,-0.00015085,0.00026723,0.00330453,-0.00114513,0.00202852,0.00024667,0.78158348,2.35521398,-0.00360184,0.02732614,0.03375876,0.03745177,-22.00780242,-0.18912782,0.03745177,-22.00780242,-0.18912782,0.03268557,-21.99527033,0.08048239,-0.00020869,0.00380152,0.00100382,0.00403716,-0.02747699,-0.03349153
0.270,0.00004250,0.78538344,2.35622058,0.00046898,-0.00016252,0.00028789,0.00342637,-0.00118735,0.00210331,0.00021151,0.78182875,2.35573607,-0.00358018,0.02662639,0.03837128,0.03958312,-22.03220116,-0.31283831,0.03958312,-22.03220116,-0.31283831,0.03515105,-22.00402419,-0.07413406,-0.00016901,0.00355469,0.00048451,0.00404916,-0.02678891,-0.03808339
0.280,0.00004736,0.78538175,2.35622356,0.00050385,-0.00017460,0.00030929,0.00354782,-0.00122944,0.00217787,0.00017714,0.78207648,2.35623665,-0.00354445,0.02616302,0.04129291,0.04154015,-22.06546785,-0.41647552,0.04154015,-22.06546785,-0.41647552,0.03745177,-22.02018888,-0.21415673,-0.00012978,0.00330527,-0.00001309,0.00404830,-0.02633762,-0.04098362
0.290,0.00005258,0.78537994,2.35622677,0.00053993,-0.00018711,0.00033144,0.00366888,-0.00127140,0.00225219,0.00014368,0.78232856,2.35670090,-0.00349481,0.02592431,0.04257597,0.04331887,-22.10757038,-0.49832820,0.04331887,-22.10757038,-0.49832820,0.03958312,-22.04480524,-0.33605088,-0.00009110,0.00305138,-0.00047413,0.00403474,-0.02611142,-0.04224453
0.300,0.00005816,0.78537801,2.35623019,0.00057722,-0.00020003,0.00035434,0.00378956,-0.00131322,0.00232627,0.00011127,0.78258634,2.35711674,-0.00343143,0.02588766,0.04232783,0.04491480,-22.15798763,-0.55764981,0.04491480,-22.15798763,-0.55764981,0.04154015,-22.07835671,-0.43726723,-0.00005311,0.00279167,-0.00088655,0.00400865,-0.02608769,-0.04197349
0.310,0.00006413,0.78537594,2.35623386,0.00061572,-0.00021337,0.00037797,0.00390986,-0.00135490,0.00240011,0.00008003,0.78285057,2.35747498,-0.00335453,0.02602161,0.04070211,0.04632567,-22.21577652,-0.59458401,0.04632567,-22.21577652,-0.59458401,0.04331887,-22.12078211,-0.51624067,-0.00001590,0.00252537,-0.00124112,0.00397025,-0.02623498,-0.04032414
0.320,0.00007048,0.78537374,2.35623776,0.00065542,-0.00022713,0.00040234,0.00402977,-0.00139646,0.00247372,0.00005009,0.78312144,2.35776947,-0.00326440,0.02628795,0.03788878,0.04754804,-22.27963525,-0.61009431,0.04754804,-22.27963525,-0.61009431,0.04491480,-22.17153112,-0.57237422,0.00002039,0.00225230,-0.00153171,0.00391982,-0.02651508,-0.03748644
0.330,0.00007724,0.78537140,2.35624190,0.00069632,-0.00024130,0.00042744,0.00414930,-0.00143788,0.00254709,0.00002157,0.78339856,2.35799696,-0.00316139,0.02664398,0.03410387,0.04858173,-22.34799520,-0.60584045,0.04858173,-22.34799520,-0.60584045,0.04632567,-22.22963255,-0.60595856,0.00005567,0.00197284,-0.00175506,0.00385771,-0.02688528,-0.03367643
0.340,0.00008441,0.78536891,2.35624631,0.00073841,-0.00025588,0.00045328,0.00426844,-0.00147916,0.00262023,-0.00000543,0.78368103,2.35815700,-0.00304595,0.02704468,0.02957889,0.04942621,-22.41910364,-0.58405158,0.04942621,-22.41910364,-0.58405158,0.04754804,-22.29375864,-0.61809629,0.00008984,0.00168788,-0.00191069,0.00378436,-0.02730056,-0.02912561
0.350,0.00009201,0.78536628,2.35625097,0.00078168,-0.00027088,0.00047985,0.00438720,-0.00152032,0.00269314,-0.00003079,0.78396748,2.35825167,-0.00291859,0.02744484,0.02455084,0.05008335,-22.49110545,-0.54739928,0.05008335,-22.49110545,-0.54739928,0.04858173,-22.36231787,-0.61057379,0.00012280,0.00139880,-0.00200070,0.00370027,-0.02771572,-0.02407099
0.360,0.00010005,0.78536349,2.35625591,0.00082615,-0.00028629,0.00050714,0.00450558,-0.00156134,0.00276580,-0.00005443,0.78425618,2.35828526,-0.00277991,0.02780099,0.01925274,0.05055637,-22.56213428,-0.49884063,0.05055637,-22.56213428,-0.49884063,0.04942621,-22.43353837,-0.58573079,0.00015448,0.00110731,-0.00202935,0.00360606,-0.02808728,-0.01874560
0.370,0.00010854,0.78536055,2.35626112,0.00087179,-0.00030211,0.00053516,0.00462358,-0.00160223,0.00283824,-0.00007626,0.78454507,2.35826388,-0.00263061,0.02807308,0.01390523,0.05084933,-22.63037778,-0.44149115,0.05084933,-22.63037778,-0.44149115,0.05008335,-22.50555011,-0.54633063,0.00018480,0.00081548,-0.00200276,0.00350240,-0.02837519,-0.01337007
0.380,0.00011749,0.78535745,2.35626661,0.00091862,-0.00031833,0.00056390,0.00474119,-0.00164299,0.00291044,-0.00009620,0.78483191,2.35819510,-0.00247146,0.02822586,0.00870941,0.05096838,-22.69415396,-0.37848345,0.05096838,-22.69415396,-0.37848345,0.05055637,-22.57647639,-0.49540160,0.00021369,0.00052554,-0.00192849,0.00339008,-0.02854419,-0.00814551
0.390,0.00012691,0.78535418,2.35627240,0.00096662,-0.00033497,0.00059337,0.00485843,-0.00168361,0.00298240,-0.00011419,0.78511434,2.35808746,-0.00230329,0.02823003,0.00384107,0.05092058,-22.75196537,-0.31284673,0.05092058,-22.75196537,-0.31284673,0.05084933,-22.64449905,-0.43610917,0.00024110,0.00023984,-0.00181506,0.00326991,-0.02856500,-0.00324770
0.400,0.00013683,0.78535075,2.35627848,0.00101579,-0.00035200,0.00062355,0.00497528,-0.00172411,0.00305413,-0.00013017,0.78538995,2.35795009,-0.00212702,0.02806295,-0.00055360,0.05071551,-22.80253714,-0.24740700,0.05071551,-22.80253714,-0.24740700,0.05096838,-22.70793482,-0.37161465,0.00026700,-0.00003920,-0.00167161,0.00314281,-0.02841495,0.00117715
0.410,0.00014723,0.78534714,2.35628487,0.00106612,-0.00036945,0.00065445,0.00509175,-0.00176447,0.00312563,-0.00014410,0.78565643,2.35779226,-0.00194360,0.02770914,-0.00436074,0.05036131,-22.84486309,-0.18468925,0.05036131,-22.84486309,-0.18468925,0.05092058,-22.76528921,-0.30495565,0.00029133,-0.00030929,-0.00150739,0.00300972,-0.02807859,0.00501519
0.420,0.00015815,0.78534336,2.35629157,0.00111762,-0.00038729,0.00068606,0.00520784,-0.00180470,0.00319689,-0.00015596,0.78591157,2.35762308,-0.00175402,0.02716033,-0.00750010,0.04987037,-22.87820932,-0.12685640,0.04987037,-22.87820932,-0.12685640,0.05071551,-22.81529411,-0.23894791,0.00031411,-0.00056821,-0.00133151,0.00287164,-0.02754762,0.00818616
0.430,0.00016959,0.78533939,2.35629860,0.00117028,-0.00040554,0.00071839,0.00532355,-0.00184479,0.00326792,-0.00016571,0.78615338,2.35745109,-0.00155931,0.02641538,-0.00992492,0.04925365,-22.90213737,-0.07565475,0.04925365,-22.90213737,-0.07565475,0.05036131,-22.85695336,-0.17608956,0.00033530,-0.00081399,-0.00115249,0.00272959,-0.02682092,0.01064331
0.440,0.00018156,0.78533525,2.35630594,0.00122409,-0.00042419,0.00075142,0.00543888,-0.00188476,0.00333872,-0.00017335,0.78638011,2.35728402,-0.00136049,0.02547979,-0.01162049,0.04852329,-22.91648347,-0.03239548,0.04852329,-22.91648347,-0.03239548,0.04987037,-22.88954582,-0.11850280,0.00035491,-0.00104486,-0.00097808,0.00258458,-0.02590398,0.01237191
0.450,0.00019408,0.78533091,2.35631363,0.00127905,-0.00044324,0.00078516,0.00555383,-0.00192459,0.00340928,-0.00017888,0.78659031,2.35712856,-0.00115858,0.02436506,-0.01260167,0.04769248,-22.92136341,0.00206915,0.04769248,-22.92136341,0.00206915,0.04925365,-22.91264781,-0.06788214,0.00037296,-0.00125940,-0.00081493,0.00243763,-0.02480830,0.01338683
0.460,0.00020715,0.78532638,2.35632165,0.00133516,-0.00046268,0.00081961,0.00566840,-0.00196430,0.00347961,-0.00018230,0.78678288,2.35699023,-0.00095459,0.02308792,-0.01290950,0.04677367,-22.91713083,0.02731773,0.04677367,-22.91713083,0.02731773,0.04852329,-22.92611171,-0.02547898,0.00038945,-0.00145650,-0.00066858,0.00228975,-0.02355060,0.01372911
0.470,0.00022078,0.78532165,2.35633002,0.00139242,-0.00048252,0.00085475,0.00578260,-0.00200387,0.00354971,-0.00018365,0.78695701,2.35687324,-0.00074950,0.02166931,-0.01260707,0.04577988,-22.90435962,0.04334841,0.04577988,-22.90435962,0.04334841,0.04769248,-22.93007015,0.00791905,0.00040443,-0.00163536,-0.00054322,0.00214192,-0.02215183,0.01346182
0.480,0.00023500,0.78531673,2.35633875,0.00145082,-0.00050276,0.00089060,0.00589641,-0.00204331,0.00361958,-0.00018293,0.78711227,2.35678045,-0.00054422,0.02013340,-0.01177501,0.04472490,-22.88379922,0.05053265,0.04472490,-22.88379922,0.05053265,0.04677367,-22.92489366,0.03195714,0.00041793,-0.00179554,-0.00044170,0.00199504,-0.02063616,0.01266561
0.490,0.00024980,0.78531160,2.35634783,0.00151035,-0.00052339,0.00092714,0.00600985,-0.00208262,0.00368922,-0.00018019,0.78724853,2.35671343,-0.00033965,0.01850649,-0.01050664,0.04362022,-22.85634520,0.04956248,0.04362022,-22.85634520,0.04956248,0.04577988,-22.91117251,0.04669917,0.00042999,-0.00193693,-0.00036560,0.00185000,-0.01902988,0.01143378
0.500,0.00026521,0.78530626,2.35635729,0.00157101,-0.00054441,0.00096438,0.00612291,-0.00212180,0.00375862,-0.00017546,0.78736597,2.35667251,-0.00013660,0.01681598,-0.00890315,0.04247906,-22.82298893,0.04140198,0.04247906,-22.82298893,0.04140198,0.04472490,-22.88967145,0.05257900,0.00044067,-0.00205971,-0.00031522,0.00170761,-0.01736039,0.00986753
0.510,0.00028123,0.78530071,2.35636712,0.00163280,-0.00056582,0.00100232,0.00623560,-0.00216085,0.00382779,-0.00016880,0.78746507,2.35665684,0.00006419,0.01508935,-0.00706892,0.04131255,-22.78478010,0.02721185,0.04131255,-22.78478010,0.02721185,0.04362022,-22.86129993,0.05034559,0.00045003,-0.00216436,-0.00028972,0.00156861,-0.01565517,0.00807124
0.520,0.00029787,0.78529494,2.35637734,0.00169572,-0.00058763,0.00104094,0.00634791,-0.00219977,0.00389674,-0.00016024,0.78754652,2.35666463,0.00026204,0.01335322,-0.00510709,0.04013169,-22.74278947,0.00829457,0.04013169,-22.74278947,0.00829457,0.04247906,-22.82706135,0.04101278,0.00045811,-0.00225158,-0.00028729,0.00143368,-0.01394085,0.00614803
0.530,0.00031515,0.78528895,2.35638795,0.00175976,-0.00060982,0.00108025,0.00645984,-0.00223856,0.00396545,-0.00014985,0.78761122,2.35669321,0.00045636,0.01163257,-0.00311568,0.03894711,-22.69806691,-0.01397690,0.03894711,-22.69806691,-0.01397690,0.04131255,-22.78801541,0.02578258,0.00046500,-0.00232227,-0.00030526,0.00130340,-0.01224239,0.00419593
0.540,0.00033307,0.78528274,2.35639895,0.00182492,-0.00063240,0.00112025,0.00657140,-0.00227722,0.00403393,-0.00013767,0.78766025,2.35673931,0.00064663,0.00995002,-0.00118423,0.03776780,-22.65161278,-0.03821776,0.03776780,-22.65161278,-0.03821776,0.04013169,-22.74524065,0.00598951,0.00047074,-0.00237751,-0.00034036,0.00117829,-0.01058242,0.00230448
0.550,0.00035165,0.78527631,2.35641035,0.00189119,-0.00065536,0.00116093,0.00668258,-0.00231575,0.00410218,-0.00012378,0.78769476,2.35679920,0.00083240,0.00832531,0.00060891,0.03660280,-22.60434857,-0.06308589,0.03660280,-22.60434857,-0.06308589,0.03894711,-22.69979251,-0.01697107,0.00047543,-0.00241845,-0.00038885,0.00105879,-0.00898067,0.00055202
0.560,0.00037090,0.78526964,2.35642217,0.00195857,-0.00067871,0.00120229,0.00679339,-0.00235414,0.00417020,-0.00010822,0.78771600,2.35686888,0.00101331,0.00677494,0.00219863,0.03545996,-22.55710010,-0.08733063,0.03545996,-22.55710010,-0.08733063,0.03776780,-22.65267470,-0.04170164,0.00047912,-0.00244636,-0.00044671,0.00094526,-0.00745365,-0.00099634
0.570,0.00039082,0.78526273,2.35643440,0.00202705,-0.00070244,0.00124433,0.00690382,-0.00239241,0.00423799,-0.00009105,0.78772522,2.35694429,0.00118906,0.00531192,0.00353431,0.03434572,-22.51057177,-0.10983979,0.03434572,-22.51057177,-0.10983979,0.03660280,-22.60480998,-0.06685657,0.00048187,-0.00246249,-0.00050989,0.00083799,-0.00601436,-0.00228998
0.580,0.00041144,0.78525559,2.35644706,0.00209664,-0.00072656,0.00128705,0.00701388,-0.00243055,0.00430555,-0.00007235,0.78772369,2.35702148,0.00135942,0.00394565,0.00458053,0.03326749,-22.46533936,-0.12966266,0.03326749,-22.46533936,-0.12966266,0.03545996,-22.55702354,-0.09119022,0.00048379,-0.00246810,-0.00057442,0.00073722,-0.00467221,-0.00329348
0.590,0.00043276,0.78524820,2.35646014,0.00216733,-0.00075106,0.00133044,0.00712356,-0.00246856,0.00437288,-0.00005216,0.78771261,2.35709674,0.00152421,0.00268207,0.00531698,0.03223023,-22.42185199,-0.14604147,0.03223023,-22.42185199,-0.14604147,0.03434572,-22.51001743,-0.11360297,0.00048492,-0.00246441,-0.00063660,0.00064312,-0.00343313,-0.00398654
0.600,0.00045479,0.78524056,2.35647367,0.00223911,-0.00077593,0.00137450,0.00723287,-0.00250644,0.00443998,-0.00003056,0.78769309,2.35716675,0.00168331,0.00152374,0.00573792,0.03123873,-22.38042353,-0.15841375,0.03123873,-22.38042353,-0.15841375,0.03326749,-22.46436374,-0.13316303,0.00048535,-0.00245253,-0.00069308,0.00055580,-0.00229967,-0.00436342
0.610,0.00047755,0.78523268,2.35648764,0.00231199,-0.00080118,0.00141924,0.00734181,-0.00254419,0.00450685,-0.00000759,0.78766619,2.35722865,0.00183666,0.00047021,0.00585099,0.03029794,-22.34124077,-0.16642831,0.03029794,-22.34124077,-0.16642831,0.03223023,-22.42050678,-0.14913656,0.00048514,-0.00243351,-0.00074101,0.00047533,-0.00127139,-0.00443175
0.620,0.00050103,0.78522454,2.35650206,0.00238595,-0.00082681,0.00146464,0.00745038,-0.00258181,0.00457350,0.00001668,0.78763282,2.35728015,0.00198421,-0.00048170,0.00567571,0.02941043,-22.30438002,-0.16993237,0.02941043,-22.30438002,-0.16993237,0.03123873,-22.37875481,-0.16098870,0.00048435,-0.00240828,-0.00077809,0.00040174,-0.00034511,-0.00421107
0.630,0.00052527,0.78521614,2.35651693,0.00246099,-0.00085282,0.00151071,0.00755857,-0.00261931,0.00463992,0.00004219,0.78759377,2.35731955,0.00212598,-0.00133739,0.00524165,0.02858105,-22.26981059,-0.16896361,0.02858105,-22.26981059,-0.16896361,0.03029794,-22.33928855,-0.16839804,0.00048308,-0.00237763,-0.00080262,0.00033501,0.00048457,-0.00373094
0.640,0.00055026,0.78520748,2.35653227,0.00253712,-0.00087920,0.00155744,0.00766639,-0.00265667,0.00470610,0.00006889,0.78754973,2.35734575,0.00226198,-0.00210405,0.00458629,0.02781188,-22.23741404,-0.16372806,0.02781188,-22.23741404,-0.16372806,0.02941043,-22.30217801,-0.17124247,0.00048137,-0.00234225,-0.00081348,0.00027514,0.00122485,-0.00302885
0.650,0.00057601,0.78519855,2.35654808,0.00261432,-0.00090595,0.00160483,0.00777385,-0.00269391,0.00477206,0.00009672,0.78750124,2.35735828,0.00239228,-0.00279017,0.00375287,0.02710533,-22.20700421,-0.15458279,0.02710533,-22.20700421,-0.15458279,0.02858105,-22.26738632,-0.16958991,0.00047929,-0.00230269,-0.00081020,0.00022204,0.00188422,-0.00214804
0.660,0.00060255,0.78518936,2.35656437,0.00269259,-0.00093308,0.00165288,0.00788093,-0.00273101,0.00483780,0.00012563,0.78744875,2.35735722,0.00251694,-0.00340507,0.00278816,0.02646478,-22.17833945,-0.14200480,0.02646478,-22.17833945,-0.14200480,0.02781188,-22.23478916,-0.16367509,0.00047692,-0.00225939,-0.00079285,0.00017565,0.00247199,-0.00113528
0.670,0.00062987,0.78517989,2.35658114,0.00277194,-0.00096057,0.00170158,0.00798764,-0.00276799,0.00490330,0.00015557,0.78739256,2.35734318,0.00263604,-0.00395839,0.00174033,0.02589149,-22.15114949,-0.12656516,0.02589149,-22.15114949,-0.12656516,0.02710533,-22.20419503,-0.15388122,0.00047430,-0.00221267,-0.00076204,0.00013590,0.00299782,-0.00003875
0.680,0.00065799,0.78517015,2.35659840,0.00285235,-0.00098844,0.00175094,0.00809398,-0.00280484,0.00496858,0.00018647,0.78733293,2.35731725,0.00274968,-0.00445972,0.00065693,0.02538769,-22.12514359,-0.10889579,0.02538769,-22.12514359,-0.10889579,0.02646478,-22.17535761,-0.14070815,0.00047152,-0.00216278,-0.00071885,0.00010267,0.00347128,0.00109401
0.690,0.00068692,0.78516012,2.35661616,0.00293382,-0.00101667,0.00180096,0.00819995,-0.00284157,0.00503363,0.00021830,0.78726999,2.35728087,0.00285795,-0.00491816,-0.00041694,0.02495519,-22.10003609,-0.08966155,0.02495519,-22.10003609,-0.08966155,0.02589149,-22.14800274,-0.12474590,0.00046862,-0.00210987,-0.00066471,0.00007587,0.00390149,0.00221790
0.700,0.00071667,0.78514981,2.35663443,0.00301634,-0.00104527,0.00185162,0.00830555,-0.00287816,0.00509846,0.00025100,0.78720385,2.35723577,0.00296097,-0.00534208,-0.00144010,0.02459553,-22.07555152,-0.06953223,0.02459553,-22.07555152,-0.06953223,0.02538769,-22.12183667,-0.10664099,0.00046567,-0.00205404,-0.00060134,0.00005537,0.00429681,0.00329172
0.710,0.00074725,0.78513922,2.35665320,0.00309992,-0.00107423,0.00190292,0.00841078,-0.00291463,0.00516305,0.00028452,0.78713456,2.35718391,0.00305885,-0.00573878,-0.00237660,0.02431037,-22.05144318,-0.04915933,0.02431037,-22.05144318,-0.04915933,0.02495519,-22.09657164,-0.08706851,0.00046273,-0.00199534,-0.00053071,0.00004107,0.00466455,0.00427952
0.720,0.00077867,0.78512833,2.35667249,0.00318456,-0.00110356,0.00195488,0.00851564,-0.00295097,0.00522743,0.00031883,0.78706215,2.35712734,0.00315170,-0.00611438,-0.00319660,0.02410111,-22.02750658,-0.02914586,0.02410111,-22.02750658,-0.02914586,0.02459553,-22.07193093,-0.06670393,0.00045984,-0.00193382,-0.00045485,0.00003286,0.00501082,0.00515148
0.730,0.00081094,0.78511714,2.35669230,0.00327024,-0.00113325,0.00200747,0.00862014,-0.00298718,0.00529157,0.00035386,0.78698664,2.35706816,0.00323967,-0.00647365,-0.00387702,0.02396875,-22.00357743,-0.01003553,0.02396875,-22.00357743,-0.01003553,0.02431037,-22.04766745,-0.04620018,0.00045708,-0.00186950,-0.00037586,0.00003057,0.00534040,0.00588449
0.740,0.00084408,0.78510566,2.35671264,0.00335696,-0.00116330,0.00206071,0.00872427,-0.00302326,0.00535549,0.00038959,0.78690805,2.35700840,0.00332286,-0.00681999,-0.00440182,0.02391491,-21.97953924,0.00770743,0.02391491,-21.97953924,0.00770743,0.02410111,-22.02357707,-0.02615775,0.00045449,-0.00180239,-0.00029576,0.00003410,0.00565669,0.00646253
0.750,0.00087809,0.78509388,2.35673351,0.00344472,-0.00119372,0.00211458,0.00882803,-0.00305922,0.00541919,0.00042596,0.78682643,2.35694997,0.00340144,-0.00715546,-0.00476198,0.02394002,-21.95533150,0.02370492,0.02394002,-21.95533150,0.02370492,0.02396875,-21.99949649,-0.00711431,0.00045213,-0.00173255,-0.00021646,0.00004328,0.00596174,0.00687656
0.760,0.00091298,0.78508179,2.35675493,0.00353352,-0.00122449,0.00216909,0.00893142,-0.00309505,0.00548266,0.00046294,0.78674186,2.35689462,0.00347554,-0.00748082,-0.00495522,0.02404481,-21.93094394,0.03767632,0.02404481,-21.93094394,0.03767632,0.02391491,-21.97531080,0.01047491,0.00045004,-0.00166007,-0.00013969,0.00005798,0.00625633,0.00712431
0.770,0.00094876,0.78506938,2.35677690,0.00362335,-0.00125562,0.00222423,0.00903445,-0.00313075,0.00554590,0.00050048,0.78665446,2.35684386,0.00354533,-0.00779564,-0.00498553,0.02422969,-21.90641610,0.04943399,0.02422969,-21.90641610,0.04943399,0.02394002,-21.95096144,0.02624316,0.00044828,-0.00158508,-0.00006696,0.00007802,0.00654002,0.00720976
0.780,0.00098545,0.78505667,2.35679942,0.00371421,-0.00128710,0.00228001,0.00913711,-0.00316633,0.00560892,0.00053856,0.78656439,2.35679893,0.00361097,-0.00809853,-0.00486242,0.02449544,-21.88182509,0.05888471,0.02449544,-21.88182509,0.05888471,0.02404481,-21.92644035,0.03992286,0.00044689,-0.00150772,0.00000049,0.00010324,0.00681143,0.00714243
0.790,0.00102305,0.78504364,2.35682250,0.00380609,-0.00131894,0.00233641,0.00923941,-0.00320177,0.00567172,0.00057714,0.78647185,2.35676080,0.00367266,-0.00838722,-0.00460008,0.02484149,-21.85729509,0.06602542,0.02484149,-21.85729509,0.06602542,0.02422969,-21.90178944,0.05134051,0.00044591,-0.00142821,0.00006170,0.00013343,0.00706828,0.00693649
0.800,0.00106157,0.78503029,2.35684615,0.00389899,-0.00135114,0.00239344,0.00934134,-0.00323710,0.00573429,0.00061618,0.78637712,2.35673014,0.00373057,-0.00865887,-0.00421641,0.02526758,-21.83297722,0.07093416,0.02526758,-21.83297722,0.07093416,0.02449544,-21.87708820,0.06041742,0.00044539,-0.00134683,0.00011601,0.00016842,0.00730773,0.00660985
0.810,0.00110103,0.78501662,2.35687037,0.00399291,-0.00138368,0.00245110,0.00944290,-0.00327229,0.00579663,0.00065566,0.78628048,2.35670735,0.00378494,-0.00891018,-0.00373206,0.02577370,-21.80904530,0.07375762,0.02577370,-21.80904530,0.07375762,0.02484149,-21.85246302,0.06716492,0.00044537,-0.00126386,0.00016302,0.00020797,0.00752650,0.00618316
0.820,0.00114143,0.78500262,2.35689517,0.00408785,-0.00141658,0.00250937,0.00954410,-0.00330736,0.00585876,0.00069555,0.78618227,2.35669254,0.00383596,-0.00913770,-0.00316935,0.02635852,-21.78569168,0.07470176,0.02635852,-21.78569168,0.07470176,0.02526758,-21.82806709,0.07167476,0.00044588,-0.00117965,0.00020263,0.00025189,0.00772112,0.00567872
0.830,0.00118279,0.78498828,2.35692056,0.00418380,-0.00144983,0.00256827,0.00964494,-0.00334231,0.00592066,0.00073583,0.78608289,2.35668557,0.00388390,-0.00933795,-0.00255130,0.02702129,-21.76311448,0.07401761,0.02702129,-21.76311448,0.07401761,0.02577370,-21.80407596,0.07410619,0.00044696,-0.00109461,0.00023499,0.00029990,0.00788812,0.00511957
0.840,0.00122511,0.78497362,2.35694654,0.00428075,-0.00148343,0.00262779,0.00974541,-0.00337712,0.00598233,0.00077647,0.78598272,2.35668608,0.00392899,-0.00950765,-0.00190069,0.02775997,-21.74150503,0.07198530,0.02775997,-21.74150503,0.07198530,0.02635852,-21.78068329,0.07467619,0.00044864,-0.00100910,0.00026046,0.00035176,0.00802422,0.00452848
0.850,0.00126841,0.78495862,2.35697312,0.00437870,-0.00151737,0.00268792,0.00984552,-0.00341182,0.00604379,0.00081746,0.78588219,2.35669353,0.00397150,-0.00964389,-0.00123925,0.02857333,-21.72105374,0.06890363,0.02857333,-21.72105374,0.06890363,0.02702129,-21.75808817,0.07364507,0.00045095,-0.00092357,0.00027959,0.00040720,0.00812652,0.00392717
0.860,0.00131269,0.78494327,2.35700030,0.00447766,-0.00155166,0.00274866,0.00994527,-0.00344638,0.00610502,0.00085879,0.78578174,2.35670723,0.00401169,-0.00974423,-0.00058691,0.02945899,-21.70193467,0.06507421,0.02945899,-21.70193467,0.06507421,0.02775997,-21.73648241,0.07130025,0.00045390,-0.00083847,0.00029307,0.00046597,0.00819257,0.00333557
0.870,0.00135797,0.78492758,2.35702809,0.00457761,-0.00158630,0.00281002,0.01004465,-0.00348082,0.00616603,0.00090043,0.78568179,2.35672639,0.00404987,-0.00980683,0.00003876,0.03041491,-21.68429690,0.06079244,0.03041491,-21.68429690,0.06079244,0.02857333,-21.71605643,0.06794575,0.00045754,-0.00075421,0.00030170,0.00052774,0.00822053,0.00277126
0.880,0.00140425,0.78491154,2.35705650,0.00467855,-0.00162128,0.00287198,0.01014368,-0.00351514,0.00622681,0.00094239,0.78558278,2.35675015,0.00408631,-0.00983052,0.00062298,0.03143807,-21.66826817,0.05633515,0.03143807,-21.66826817,0.05633515,0.02945899,-21.69698387,0.06388638,0.00046186,-0.00067124,0.00030635,0.00059224,0.00820924,0.00224900
0.890,0.00145154,0.78489515,2.35708554,0.00478048,-0.00165660,0.00293455,0.01024234,-0.00354932,0.00628738,0.00098465,0.78548510,2.35677762,0.00412132,-0.00981484,0.00115409,0.03252571,-21.65394639,0.05195231,0.03252571,-21.65394639,0.05195231,0.03041491,-21.67941300,0.05941874,0.00046689,-0.00058995,0.00030792,0.00065916,0.00815824,0.00178046
0.900,0.00149986,0.78487841,2.35711520,0.00488339,-0.00169227,0.00299773,0.01034064,-0.00358339,0.00634772,0.00102722,0.78538914,2.35680794,0.00415519,-0.00976006,0.00162364,0.03367525,-21.64139972,0.04785671,0.03367525,-21.64139972,0.04785671,0.03143807,-21.66347031,0.05481901,0.00047264,-0.00051073,0.00030726,0.00072820,0.00806779,0.00137409
0.910,0.00154921,0.78486131,2.35714549,0.00498729,-0.00172827,0.00306151,0.01043857,-0.00361733,0.00640784,0.00107009,0.78529526,2.35684029,0.00418822,-0.00966715,0.00202643,0.03488316,-21.63066646,0.04422495,0.03488316,-21.63066646,0.04422495,0.03252571,-21.64925217,0.05033491,0.00047912,-0.00043395,0.00030520,0.00079907,0.00793888,0.00103508
0.920,0.00159961,0.78484384,2.35717643,0.00509216,-0.00176461,0.00312588,0.01053615,-0.00365114,0.00646774,0.00111327,0.78520376,2.35687392,0.00422073,-0.00953775,0.00236038,0.03614644,-21.62175565,0.04119325,0.03614644,-21.62175565,0.04119325,0.03367525,-21.63682494,0.04617559,0.00048634,-0.00035992,0.00030251,0.00087143,0.00777314,0.00076550
0.930,0.00165106,0.78482601,2.35720801,0.00519801,-0.00180129,0.00319086,0.01063337,-0.00368483,0.00652742,0.00115677,0.78511493,2.35690816,0.00425301,-0.00937409,0.00262631,0.03746130,-21.61464303,0.03885059,0.03746130,-21.61464303,0.03885059,0.03488316,-21.62622491,0.04251291,0.00049429,-0.00028892,0.00029985,0.00094500,0.00757280,0.00056455
0.940,0.00170357,0.78480782,2.35724025,0.00530483,-0.00183831,0.00325643,0.01073023,-0.00371840,0.00658687,0.00120060,0.78502900,2.35694247,0.00428536,-0.00917892,0.00282760,0.03882414,-21.60927968,0.03724770,0.03882414,-21.60927968,0.03724770,0.03614644,-21.61745896,0.03947751,0.00050297,-0.00022118,0.00029778,0.00101947,0.00734061,0.00042883
0.950,0.00175716,0.78478925,2.35727314,0.00541262,-0.00187566,0.00332260,0.01082673,-0.00375184,0.00664611,0.00124476,0.78494615,2.35697644,0.00431806,-0.00895540,0.00296982,0.04023193,-21.60559679,0.03639116,0.04023193,-21.60559679,0.03639116,0.03746130,-21.61050060,0.03715234,0.00051240,-0.00015690,0.00029670,0.00109456,0.00707974,0.00035278
0.960,0.00181183,0.78477030,2.35730670,0.00552136,-0.00191334,0.00338935,0.01092287,-0.00378515,0.00670513,0.00128927,0.78486653,2.35700975,0.00435139,-0.00870703,0.00306031,0.04168036,-21.60350197,0.03625539,0.04168036,-21.60350197,0.03625539,0.03882414,-21.60529871,0.03558181,0.00052256,-0.00009623,0.00029695,0.00116997,0.00679369,0.00032904
0.970,0.00186759,0.78475098,2.35734093,0.00563107,-0.00195136,0.00345670,0.01101865,-0.00381834,0.00676392,0.00133416,0.78479024,2.35704225,0.00438563,-0.00843751,0.00310768,0.04316611,-21.60288511,0.03678066,0.04316611,-21.60288511,0.03678066,0.04023193,-21.60178232,0.03476627,0.00053343,-0.00003926,0.00029868,0.00124544,0.00648615,0.00034902
0.980,0.00192445,0.78473127,2.35737584,0.00574174,-0.00198971,0.00352463,0.01111407,-0.00385141,0.00682250,0.00137943,0.78471734,2.35707388,0.00442103,-0.00815064,0.00312136,0.04468550,-21.60362952,0.03788224,0.04468550,-21.60362952,0.03788224,0.04168036,-21.59985695,0.03467418,0.00054502,0.00001393,0.00030196,0.00132071,0.00616093,0.00040327
0.990,0.00198243,0.78471118,2.35741143,0.00585335,-0.00202839,0.00359315,0.01120914,-0.00388435,0.00688086,0.00142511,0.78464785,2.35710468,0.00445784,-0.00785023,0.00311117,0.04623528,-21.60560513,0.03945418,0.04623528,-21.60560513,0.03945418,0.04316611,-21.59941061,0.03524037,0.00055732,0.00006333,0.00030675,0.00139551,0.00582184,0.00048198
1.000,0.00204152,0.78469071,2.35744770,0.00596592,-0.00206740,0.00366225,0.01130384,-0.00391717,0.00693899,0.00147123,0.78458176,2.35713482,0.00449630,-0.00754000,0.00308685,0.04781126,-21.60868013,0.04137651,0.04781126,-21.60868013,0.04137651,0.04468550,-21.60032487,0.03637531,0.00057029,0.00010895,0.00031288,0.00146962,0.00547260,0.00057540
1.010,0.00210175,0.78466983,2.35748467,0.00607943,-0.00210673,0.00373193,0.01139819,-0.00394987,0.00699691,0.00151780,0.78451902,2.35716452,0.00453663,-0.00722348,0.00305769,0.04941081,-21.61272846,0.04352485,0.04941081,-21.61272846,0.04352485,0.04623528,-21.60246816,0.03796907,0.00058395,0.00015081,0.00032015,0.00154280,0.00511675,0.00067424
1.020,0.00216311,0.78464857,2.35752234,0.00619388,-0.00214639,0.00380218,0.01149219,-0.00398244,0.00705461,0.00156487,0.78445956,2.35719408,0.00457903,-0.00690398,0.00303223,0.05102964,-21.61761619,0.04577014,0.05102964,-21.61761619,0.04577014,0.04781126,-21.60570739,0.03989859,0.00059824,0.00018901,0.00032826,0.00161485,0.00475759,0.00076995
1.030,0.00222563,0.78462691,2.35756072,0.00630927,-0.00218638,0.00387302,0.01158583,-0.00401489,0.00711209,0.00161244,0.78440330,2.35722383,0.00462369,-0.00658449,0.00301794,0.05266555,-21.62322529,0.04798891,0.05266555,-21.62322529,0.04798891,0.04941081,-21.60991545,0.04203731,0.00061319,0.00022361,0.00033689,0.00168558,0.00439811,0.00085508
1.040,0.00228930,0.78460484,2.35759980,0.00642560,-0.00222669,0.00394442,0.01167911,-0.00404722,0.00716935,0.00166056,0.78435013,2.35725414,0.00467079,-0.00626767,0.00302107,0.05431445,-21.62944410,0.05006280,0.05431445,-21.62944410,0.05006280,0.05102964,-21.61495759,0.04425492,0.00062874,0.00025471,0.00034566,0.00175481,0.00404098,0.00092335
1.050,0.00235414,0.78458237,2.35763961,0.00654285,-0.00226732,0.00401640,0.01177204,-0.00407942,0.00722640,0.00170926,0.78429993,2.35728536,0.00472051,-0.00595580,0.00304647,0.05597361,-21.63616776,0.05189256,0.05597361,-21.63616776,0.05189256,0.05266555,-21.62071519,0.04642757,0.00064488,0.00028244,0.00035425,0.00182234,0.00368848,0.00096993
1.060,0.00242016,0.78455949,2.35768013,0.00666103,-0.00230828,0.00408895,0.01186461,-0.00411150,0.00728322,0.00175856,0.78425257,2.35731787,0.00477298,-0.00565079,0.00309757,0.05764027,-21.64330750,0.05338703,0.05764027,-21.64330750,0.05338703,0.05431445,-21.62707621,0.04843738,0.00066160,0.00030692,0.00036226,0.00188805,0.00334251,0.00099138
1.070,0.00248737,0.78453620,2.35772139,0.00678014,-0.00234955,0.00416207,0.01195682,-0.00414345,0.00733983,0.00180851,0.78420793,2.35735200,0.00482834,-0.00535418,0.00317631,0.05931164,-21.65078382,0.05448058,0.05931164,-21.65078382,0.05448058,0.05597361,-21.63393559,0.05018630,0.00067886,0.00032827,0.00036939,0.00195180,0.00300463,0.00098576
1.080,0.00255577,0.78451250,2.35776338,0.00690017,-0.00239115,0.00423575,0.01204869,-0.00417529,0.00739622,0.00185913,0.78416587,2.35738804,0.00488673,-0.00506713,0.00328325,0.06098447,-21.65853118,0.05512098,0.06098447,-21.65853118,0.05512098,0.05764027,-21.64120451,0.05158498,0.00069664,0.00034663,0.00037534,0.00201344,0.00267598,0.00095250
1.090,0.00262537,0.78448838,2.35780611,0.00702111,-0.00243306,0.00430999,0.01214020,-0.00420700,0.00745240,0.00191046,0.78412626,2.35742625,0.00494824,-0.00479047,0.00341767,0.06265605,-21.66649675,0.05527885,0.06265605,-21.66649675,0.05527885,0.05931164,-21.64880357,0.05257011,0.00071491,0.00036212,0.00037986,0.00207287,0.00235741,0.00089232
1.100,0.00269619,0.78446384,2.35784958,0.00714297,-0.00247529,0.00438480,0.01223135,-0.00423859,0.00750836,0.00196253,0.78408899,2.35746682,0.00501299,-0.00452473,0.00357768,0.06432456,-21.67463818,0.05494295,0.06432456,-21.67463818,0.05494295,0.06098447,-21.65666742,0.05309212,0.00073366,0.00037485,0.00038276,0.00212998,0.00204944,0.00080712
1.110,0.00276824,0.78443887,2.35789380,0.00726574,-0.00251783,0.00446016,0.01232216,-0.00427005,0.00756410,0.00201538,0.78405392,2.35750991,0.00508106,-0.00427017,0.00376042,0.06598755,-21.68292472,0.05412162,0.06598755,-21.68292472,0.05412162,0.06265605,-21.66474351,0.05312454,0.00075286,0.00038495,0.00038389,0.00218468,0.00175234,0.00069974
1.120,0.00284151,0.78441348,2.35793878,0.00738941,-0.00256069,0.00453608,0.01241261,-0.00430140,0.00761962,0.00206905,0.78402095,2.35755559,0.00515253,-0.00402683,0.00396224,0.06764163,-21.69133121,0.05284028,0.06764163,-21.69133121,0.05284028,0.06432456,-21.67298978,0.05265910,0.00077246,0.00039253,0.00038319,0.00223688,0.00146614,0.00057384
1.130,0.00291603,0.78438766,2.35798453,0.00751399,-0.00260386,0.00461255,0.01250270,-0.00433262,0.00767493,0.00212357,0.78398998,2.35760388,0.00522747,-0.00379457,0.00417894,0.06928579,-21.69984318,0.05113860,0.06928579,-21.69984318,0.05113860,0.06598755,-21.68137581,0.05170711,0.00079246,0.00039768,0.00038065,0.00228652,0.00119071,0.00043361
1.140,0.00299179,0.78436140,2.35803104,0.00763947,-0.00264734,0.00468957,0.01259245,-0.00436372,0.00773002,0.00217899,0.78396089,2.35765475,0.00530594,-0.00357314,0.00440596,0.07091685,-21.70845220,0.04906530,0.07091685,-21.70845220,0.04906530,0.06764163,-21.68987678,0.05029676,0.00081280,0.00040051,0.00037629,0.00233353,0.00092580,0.00028361
1.150,0.00306882,0.78433471,2.35807832,0.00776584,-0.00269113,0.00476715,0.01268185,-0.00439470,0.00778490,0.00223533,0.78393359,2.35770811,0.00538799,-0.00336220,0.00463861,0.07253375,-21.71714985,0.04668123,0.07253375,-21.71714985,0.04668123,0.06928579,-21.69847849,0.04847032,0.00083349,0.00040112,0.00037021,0.00237785,0.00067107,0.00012854
1.160,0.00314711,0.78430758,2.35812638,0.00789310,-0.00273523,0.00484527,0.01277089,-0.00442556,0.00783956,0.00229264,0.78390801,2.35776385,0.00547366,-0.00316136,0.00487225,0.07413362,-21.72593414,0.04405324,0.07413362,-21.72593414,0.04405324,0.07091685,-21.70717277,0.04627871,0.00085447,0.00039957,0.00036253,0.00241944,0.00042613,-0.00002698
1.170,0.00322669,0.78428001,2.35817523,0.00802126,-0.00277964,0.00492394,0.01285958,-0.00445629,0.00789400,0.00235094,0.78388404,2.35782178,0.00556299,-0.00297025,0.00510246,0.07571582,-21.73480197,0.04125184,0.07571582,-21.73480197,0.04125184,0.07253375,-21.71595141,0.04378468,0.00087575,0.00039597,0.00035345,0.00245827,0.00019061,-0.00017852
1.180,0.00330754,0.78425199,2.35822486,0.00815029,-0.00282436,0.00500315,0.01294793,-0.00448691,0.00794823,0.00241029,0.78386160,2.35788171,0.00565599,-0.00278849,0.00532521,0.07727682,-21.74375176,0.03834487,0.07727682,-21.74375176,0.03834487,0.07413362,-21.72481254,0.04105652,0.00089725,0.00039039,0.00034315,0.00249430,-0.00003587,-0.00032206
1.190,0.00338969,0.78422352,2.35827529,0.00828021,-0.00286938,0.00508290,0.01303592,-0.00451740,0.00800225,0.00247072,0.78384063,2.35794343,0.00575269,-0.00261579,0.00553696,0.07881630,-21.75277794,0.03540279,0.07881630,-21.75277794,0.03540279,0.07571582,-21.73375312,0.03816573,0.00091897,0.00038289,0.00033186,0.00252752,-0.00025359,-0.00045406
1.200,0.00347315,0.78419460,2.35832652,0.00841101,-0.00291471,0.00516319,0.01312356,-0.00454777,0.00805605,0.00253227,0.78382102,2.35800672,0.00585310,-0.00245191,0.00573479,0.08033264,-21.76187309,0.03248888,0.08033264,-21.76187309,0.03248888,0.07727682,-21.74277161,0.03518074,0.00094088,0.00037358,0.00031980,0.00255791,-0.00046280,-0.00057160
1.210,0.00355792,0.78416522,2.35837856,0.00854268,-0.00296034,0.00524402,0.01321086,-0.00457802,0.00810964,0.00259496,0.78380271,2.35807133,0.00595722,-0.00229672,0.00591641,0.08182387,-21.77102781,0.02966179,0.08182387,-21.77102781,0.02966179,0.07881630,-21.75186236,0.03217214,0.00096296,0.00036251,0.00030723,0.00258546,-0.00066362,-0.00067239
1.220,0.00364401,0.78413539,2.35843141,0.00867523,-0.00300627,0.00532539,0.01329780,-0.00460815,0.00816301,0.00265885,0.78378561,2.35813705,0.00606504,-0.00215017,0.00608025,0.08328882,-21.78022540,0.02697111,0.08328882,-21.78022540,0.02697111,0.08033264,-21.76101784,0.02920299,0.00098516,0.00034978,0.00029436,0.00261019,-0.00085610,-0.00075486
1.230,0.00373142,0.78410510,2.35848507,0.00880864,-0.00305250,0.00540728,0.01338440,-0.00463816,0.00821617,0.00272396,0.78376962,2.35820366,0.00617655,-0.00201228,0.00622542,0.08472558,-21.78944925,0.02445750,0.08472558,-21.78944925,0.02445750,0.08182387,-21.77022850,0.02633132,0.00100746,0.00033548,0.00028141,0.00263209,-0.00104022,-0.00081814
1.240,0.00382018,0.78407434,2.35853955,0.00894291,-0.00309903,0.00548971,0.01347065,-0.00466805,0.00826911,0.00279033,0.78375466,2.35827096,0.00629174,-0.00188320,0.00635170,0.08613408,-21.79867898,0.02215427,0.08613408,-21.79867898,0.02215427,0.08328882,-21.77947743,0.02360584,0.00102985,0.00031968,0.00026859,0.00265117,-0.00121583,-0.00086199
1.250,0.00391029,0.78404311,2.35859486,0.00907805,-0.00314586,0.00557266,0.01355656,-0.00469782,0.00832185,0.00285800,0.78374063,2.35833879,0.00641057,-0.00176311,0.00645947,0.08751298,-21.80788868,0.02008485,0.08751298,-21.80788868,0.02008485,0.08472558,-21.78874782,0.02106610,0.00105229,0.00030248,0.00025607,0.00266748,-0.00138275,-0.00088681
1.260,0.00400175,0.78401142,2.35865101,0.00921404,-0.00319299,0.00565615,0.01364211,-0.00472746,0.00837437,0.00292700,0.78372744,2.35840699,0.00653301,-0.00165229,0.00654969,0.08886068,-21.81704729,0.01826366,0.08886068,-21.81704729,0.01826366,0.08613408,-21.79801907,0.01874410,0.00107475,0.00028398,0.00024402,0.00268103,-0.00154070,-0.00089354
1.270,0.00409457,0.78397925,2.35870799,0.00935089,-0.00324041,0.00574015,0.01372732,-0.00475699,0.00842667,0.00299737,0.78371496,2.35847545,0.00665902,-0.00155105,0.00662376,0.09017656,-21.82612683,0.01669267,0.09017656,-21.82612683,0.01669267,0.08751298,-21.80726503,0.01666186,0.00109720,0.00026429,0.00023254,0.00269187,-0.00168936,-0.00088361
1.280,0.00418877,0.78394661,2.35876581,0.00948859,-0.00328812,0.00582468,0.01381218,-0.00478640,0.00847877,0.00306915,0.78370311,2.35854408,0.00678856,-0.00145972,0.00668350,0.09146036,-21.83509184,0.01536913,0.09146036,-21.83509184,0.01536913,0.08886068,-21.81645443,0.01483231,0.00111962,0.00024350,0.00022173,0.00270003,-0.00182840,-0.00085882
1.290,0.00428434,0.78391349,2.35882448,0.00962713,-0.00333614,0.00590973,0.01389670,-0.00481569,0.00853065,0.00314235,0.78369175,2.35861281,0.00692157,-0.00137865,0.00673096,0.09271044,-21.84391047,0.01428291,0.09271044,-21.84391047,0.01428291,0.09017656,-21.82555910,0.01325598,0.00114199,0.00022174,0.00021167,0.00270556,-0.00195749,-0.00082123
1.300,0.00438131,0.78387989,2.35888401,0.00976652,-0.00338444,0.00599529,0.01398087,-0.00484486,0.00858232,0.00321703,0.78368078,2.35868162,0.00705800,-0.00130818,0.00676842,0.09392750,-21.85254689,0.01341791,0.09392750,-21.85254689,0.01341791,0.09146036,-21.83454345,0.01192874,0.00116428,0.00019911,0.00020239,0.00270852,-0.00207626,-0.00077313
1.310,0.00447968,0.78384580,2.35894439,0.00990675,-0.00343303,0.00608137,0.01406470,-0.00487390,0.00863377,0.00329320,0.78367008,2.35875050,0.00719778,-0.00124863,0.00679820,0.09511061,-21.86096914,0.01275047,0.09511061,-21.86096914,0.01275047,0.09271044,-21.84337550,0.01083914,0.00118648,0.00017572,0.00019389,0.00270897,-0.00218440,-0.00071683
1.320,0.00457945,0.78381123,2.35900564,0.01004781,-0.00348192,0.00616797,0.01414818,-0.00490283,0.00868502,0.00337090,0.78365953,2.35881946,0.00734083,-0.00120024,0.00682265,0.09625897,-21.86914257,0.01225795,0.09625897,-21.86914257,0.01225795,0.09392750,-21.85201935,0.00996992,0.00120855,0.00015170,0.00018618,0.00270698,-0.00228168,-0.00065468
1.330,0.00468064,0.78377616,2.35906775,0.01018971,-0.00353109,0.00625507,0.01423132,-0.00493164,0.00873606,0.00345016,0.78364901,2.35888854,0.00748709,-0.00116323,0.00684399,0.09737308,-21.87703948,0.01191099,0.09737308,-21.87703948,0.01191099,0.09511061,-21.86044304,0.00929647,0.00123048,0.00012715,0.00017921,0.00270262,-0.00236786,-0.00058892
1.340,0.00478325,0.78374060,2.35913074,0.01033244,-0.00358055,0.00634269,0.01431411,-0.00496034,0.00878688,0.00353100,0.78363840,2.35895779,0.00763647,-0.00113773,0.00686430,0.09845234,-21.88462986,0.01168432,0.09845234,-21.88462986,0.01168432,0.09625897,-21.86861195,0.00879532,0.00125225,0.00010220,0.00017295,0.00269597,-0.00244282,-0.00052161
1.350,0.00488729,0.78370455,2.35919461,0.01047599,-0.00363029,0.00643081,0.01439656,-0.00498891,0.00883749,0.00361346,0.78362758,2.35902728,0.00778889,-0.00112380,0.00688545,0.09949672,-21.89188815,0.01154974,0.09949672,-21.89188815,0.01154974,0.09737308,-21.87649849,0.00843654,0.00127383,0.00007697,0.00016733,0.00268710,-0.00250649,-0.00045464
1.360,0.00499277,0.78366800,2.35925936,0.01062037,-0.00368033,0.00651944,0.01447867,-0.00501736,0.00888789,0.00369757,0.78361644,2.35909707,0.00794427,-0.00112139,0.00690902,0.10050654,-21.89879542,0.01148075,0.10050654,-21.89879542,0.01148075,0.09845234,-21.88407277,0.00819445,0.00129520,0.00005156,0.00016229,0.00267610,-0.00255894,-0.00038958
1.370,0.00509970,0.78363094,2.35932500,0.01076557,-0.00373064,0.00660857,0.01456043,-0.00504569,0.00893809,0.00378334,0.78360486,2.35916726,0.00810251,-0.00113039,0.00693631,0.10148196,-21.90533491,0.01145447,0.10148196,-21.90533491,0.01145447,0.09949672,-21.89130946,0.00804065,0.00131636,0.00002608,0.00015774,0.00266306,-0.00260025,-0.00032774
1.380,0.00520808,0.78359338,2.35939153,0.01091158,-0.00378124,0.00669820,0.01464185,-0.00507391,0.00898807,0.00387080,0.78359275,2.35923790,0.00826351,-0.00115058,0.00696830,0.10242275,-21.91149162,0.01144966,0.10242275,-21.91149162,0.01144966,0.10050654,-21.89818985,0.00794861,0.00133728,0.00000063,0.00015363,0.00264807,-0.00263066,-0.00027010
1.390,0.00531793,0.78355532,2.35945896,0.01105840,-0.00383212,0.00678833,0.01472293,-0.00510201,0.00903784,0.00395999,0.78358000,2.35930908,0.00842719,-0.00118166,0.00700567,0.10332983,-21.91725558,0.01145012,0.10332983,-21.91725558,0.01145012,0.10148196,-21.90469745,0.00789559,0.00135794,-0.00002468,0.00014988,0.00263121,-0.00265046,-0.00021734
1.400,0.00542925,0.78351674,2.35952730,0.01120604,-0.00388328,0.00687895,0.01480367,-0.00512999,0.00908740,0.00405091,0.78356652,2.35938086,0.00859345,-0.00122326,0.00704877,0.10420336,-21.92262524,0.01144341,0.10420336,-21.92262524,0.01144341,0.10242275,-21.91081758,0.00786062,0.00137834,-0.00004978,0.00014644,0.00261259,-0.00266002,-0.00016982
1.410,0.00554206,0.78347765,2.35959654,0.01135447,-0.00393472,0.00697007,0.01488407,-0.00515785,0.00913676,0.00414359,0.78355222,2.35945330,0.00876217,-0.00127493,0.00709769,0.10504406,-21.92759694,0.01141828,0.10504406,-21.92759694,0.01141828,0.10332983,-21.91654061,0.00782789,0.00139847,-0.00007457,0.00014324,0.00259230,-0.00265979,-0.00012762
1.420,0.00565635,0.78343804,2.35966670,0.01150372,-0.00398644,0.00706169,0.01496413,-0.00518559,0.00918590,0.00423806,0.78353702,2.35952646,0.00893328,-0.00133614,0.00715226,0.10585194,-21.93217458,0.01137174,0.10585194,-21.93217458,0.01137174,0.10420336,-21.92186535,0.00778542,0.00141829,-0.00009898,0.00014024,0.00257044,-0.00265030,-0.00009057
1.430,0.00577213,0.78339792,2.35973778,0.01165376,-0.00403843,0.00715379,0.01504384,-0.00521321,0.00923483,0.00433433,0.78352085,2.35960038,0.00910666,-0.00140634,0.00721209,0.10662734,-21.93636102,0.01130143,0.10662734,-21.93636102,0.01130143,0.10504406,-21.92678848,0.00772248,0.00143780,-0.00012293,0.00013740,0.00254710,-0.00263209,-0.00005830
1.440,0.00588942,0.78335727,2.35980978,0.01180459,-0.00409070,0.00724638,0.01512322,-0.00524072,0.00928356,0.00443241,0.78350365,2.35967508,0.00928221,-0.00148491,0.00727662,0.10737153,-21.94016869,0.01120860,0.10737153,-21.94016869,0.01120860,0.10585194,-21.93131427,0.00763664,0.00145701,-0.00014638,0.00013470,0.00252238,-0.00260579,-0.00003024
1.450,0.00600823,0.78331610,2.35988271,0.01195622,-0.00414324,0.00733946,0.01520226,-0.00526811,0.00933208,0.00453234,0.78348535,2.35975059,0.00945983,-0.00157121,0.00734514,0.10808542,-21.94360585,0.01109890,0.10808542,-21.94360585,0.01109890,0.10662734,-21.93544596,0.00752607,0.00147589,-0.00016925,0.00013212,0.00249639,-0.00257203,-0.00000568
1.460,0.00612855,0.78327441,2.35995657,0.01210864,-0.00419606,0.00743302,0.01528095,-0.00529538,0.00938039,0.00463412,0.78346590,2.35982691,0.00963943,-0.00166459,0.00741687,0.10876875,-21.94668545,0.01097885,0.10876875,-21.94668545,0.01097885,0.10737153,-21.93919633,0.00739256,0.00149443,-0.00019149,0.00012966,0.00246921,-0.00253147,0.00001615
1.470,0.00625040,0.78323218,2.36003137,0.01226184,-0.00424915,0.00752707,0.01535931,-0.00532253,0.00942849,0.00473778,0.78344526,2.35990404,0.00982091,-0.00176438,0.00749099,0.10942276,-21.94942538,0.01085851,0.10942276,-21.94942538,0.01085851,0.10808542,-21.94257397,0.00724224,0.00151262,-0.00021308,0.00012733,0.00244093,-0.00248477,0.00003608
1.480,0.00637379,0.78318942,2.36010711,0.01241582,-0.00430251,0.00762159,0.01543733,-0.00534957,0.00947638,0.00484332,0.78342340,2.35998198,0.01000416,-0.00186992,0.00756665,0.11004837,-21.95183901,0.01074748,0.11004837,-21.95183901,0.01074748,0.10876875,-21.94559218,0.00708204,0.00153047,-0.00023398,0.00012513,0.00241166,-0.00243259,0.00005494
1.490,0.00649872,0.78314613,2.36018380,0.01257058,-0.00435614,0.00771660,0.01551502,-0.00537649,0.00952407,0.00495076,0.78340027,2.36006070,0.01018909,-0.00198058,0.00764306,0.11064602,-21.95394244,0.01065793,0.11064602,-21.95394244,0.01065793,0.10942276,-21.94826911,0.00692236,0.00154796,-0.00025414,0.00012310,0.00238149,-0.00237556,0.00007354
1.500,0.00662520,0.78310230,2.36026145,0.01272612,-0.00441004,0.00781207,0.01559236,-0.00540329,0.00957155,0.00506011,0.78337586,2.36014019,0.01037561,-0.00209571,0.00771949,0.11121666,-21.95575415,0.01060163,0.11121666,-21.95575415,0.01060163,0.11004837,-21.95061846,0.00677309,0.00156509,-0.00027356,0.00012126,0.00235051,-0.00231433,0.00009258
1.510,0.00675325,0.78305793,2.36034005,0.01288243,-0.00446421,0.00790803,0.01566937,-0.00542998,0.00961882,0.00517138,0.78335014,2.36022042,0.01056363,-0.00221473,0.00779531,0.11176167,-21.95729063,0.01058759,0.11176167,-21.95729063,0.01058759,0.11064602,-21.95265655,0.00664655,0.00158187,-0.00029221,0.00011963,0.00231880,-0.00224948,0.00011272
1.520,0.00688286,0.78301302,2.36041961,0.01303951,-0.00451864,0.00800445,0.01574604,-0.00545655,0.00966589,0.00528460,0.78332310,2.36030136,0.01075305,-0.00233707,0.00786999,0.11228102,-21.95856774,0.01062625,0.11228102,-21.95856774,0.01062625,0.11121666,-21.95440210,0.00655461,0.00159826,-0.00031008,0.00011825,0.00228646,-0.00218157,0.00013446
1.530,0.00701404,0.78296756,2.36050014,0.01319735,-0.00457334,0.00810134,0.01582238,-0.00548300,0.00971275,0.00539976,0.78329473,2.36038298,0.01094378,-0.00246221,0.00794315,0.11277562,-21.95960359,0.01072728,0.11277562,-21.95960359,0.01072728,0.11176167,-21.95587182,0.00650628,0.00161428,-0.00032717,0.00011716,0.00225357,-0.00211113,0.00015819
1.540,0.00714681,0.78292155,2.36058164,0.01335595,-0.00462830,0.00819870,0.01589838,-0.00550934,0.00975940,0.00551687,0.78326501,2.36046527,0.01113575,-0.00258966,0.00801451,0.11324697,-21.96041296,0.01089720,0.11324697,-21.96041296,0.01089720,0.11228102,-21.95708174,0.00651194,0.00162994,-0.00034346,0.00011637,0.00222020,-0.00203864,0.00018419
1.550,0.00728116,0.78287499,2.36066411,0.01351531,-0.00468352,0.00829653,0.01597404,-0.00553556,0.00980585,0.00563596,0.78323394,2.36054819,0.01132887,-0.00271897,0.00808397,0.11369512,-21.96101014,0.01114072,0.11369512,-21.96101014,0.01114072,0.11277562,-21.95805014,0.00658111,0.00164520,-0.00035895,0.00011592,0.00218644,-0.00196455,0.00021256
1.560,0.00741711,0.78282788,2.36074757,0.01367543,-0.00473901,0.00839482,0.01604937,-0.00556166,0.00985209,0.00575701,0.78320152,2.36063173,0.01152305,-0.00284975,0.00815153,0.11412157,-21.96140897,0.01146353,0.11412157,-21.96140897,0.01146353,0.11324697,-21.95879192,0.00672010,0.00166010,-0.00037364,0.00011584,0.00215238,-0.00188926,0.00024329
1.570,0.00755467,0.78278021,2.36083201,0.01383630,-0.00479476,0.00849357,0.01612436,-0.00558765,0.00989812,0.00588005,0.78316774,2.36071588,0.01171823,-0.00298162,0.00821731,0.11452726,-21.96162374,0.01186504,0.11452726,-21.96162374,0.01186504,0.11369512,-21.95932153,0.00693339,0.00167462,-0.00038753,0.00011613,0.00211807,-0.00181314,0.00027626
1.580,0.00769384,0.78273198,2.36091744,0.01399792,-0.00485076,0.00859278,0.01619902,-0.00561352,0.00994395,0.00600508,0.78313262,2.36080062,0.01191432,-0.00311425,0.00828156,0.11491272,-21.96166590,0.01234563,0.11491272,-21.96166590,0.01234563,0.11412157,-21.95965289,0.00722638,0.00168876,-0.00040064,0.00011682,0.00208360,-0.00173651,0.00031122
1.590,0.00783463,0.78268319,2.36100387,0.01416028,-0.00490703,0.00869245,0.01627335,-0.00563928,0.00998958,0.00613210,0.78309616,2.36088596,0.01211125,-0.00324736,0.00834461,0.11527887,-21.96154715,0.01290392,0.11527887,-21.96154715,0.01290392,0.11452726,-21.95980041,0.00759817,0.00170253,-0.00041297,0.00011791,0.00204903,-0.00165967,0.00034784
1.600,0.00797705,0.78263384,2.36109129,0.01432338,-0.00496355,0.00879257,0.01634734,-0.00566492,0.01003500,0.00626112,0.78305835,2.36097190,0.01230896,-0.00338067,0.00840685,0.11562672,-21.96127716,0.01353376,0.11562672,-21.96127716,0.01353376,0.11491272,-21.95977560,0.00804884,0.00171593,-0.00042451,0.00011939,0.00201442,-0.00158288,0.00038572
1.610,0.00812110,0.78258392,2.36117972,0.01448723,-0.00502033,0.00889315,0.01642100,-0.00569045,0.01008022,0.00639214,0.78301921,2.36105844,0.01250738,-0.00351393,0.00846874,0.11595693,-21.96086802,0.01423224,0.11595693,-21.96086802,0.01423224,0.11527887,-21.95959029,0.00857670,0.00172896,-0.00043529,0.00012128,0.00197985,-0.00150640,0.00042441
1.620,0.00826680,0.78253343,2.36126916,0.01465180,-0.00507736,0.00899418,0.01649433,-0.00571586,0.01012523,0.00652518,0.78297875,2.36114561,0.01270643,-0.00364694,0.00853078,0.11627067,-21.96032872,0.01499212,0.11627067,-21.96032872,0.01499212,0.11562672,-21.95925418,0.00917533,0.00174162,-0.00044532,0.00012355,0.00194537,-0.00143042,0.00046340
1.630,0.00841414,0.78248237,2.36135961,0.01481711,-0.00513464,0.00909565,0.01656732,-0.00574115,0.01017004,0.00666023,0.78293698,2.36123342,0.01290608,-0.00377949,0.00859344,0.11656817,-21.95966824,0.01580520,0.11656817,-21.95966824,0.01580520,0.11595693,-21.95877945,0.00984152,0.00175391,-0.00045461,0.00012619,0.00191103,-0.00135515,0.00050221
1.640,0.00856314,0.78243074,2.36145107,0.01498315,-0.00519218,0.00919758,0.01663998,-0.00576633,0.01021464,0.00679730,0.78289391,2.36132191,0.01310624,-0.00391139,0.00865724,0.11685083,-21.95889569,0.01666293,0.11685083,-21.95889569,0.01666293,0.11627067,-21.95817517,0.01056781,0.00176584,-0.00046317,0.00012916,0.00187691,-0.00128079,0.00054034
1.650,0.00871381,0.78237853,2.36154356,0.01514991,-0.00524997,0.00929994,0.01671231,-0.00579139,0.01025904,0.00693638,0.78284955,2.36141110,0.01330688,-0.00404247,0.00872262,0.11711951,-21.95802141,0.01755899,0.11711951,-21.95802141,0.01755899,0.11656817,-21.95745039,0.01134581,0.00177743,-0.00047102,0.00013246,0.00184303,-0.00120750,0.00057732
1.660,0.00886614,0.78232574,2.36163707,0.01531739,-0.00530801,0.00940276,0.01678431,-0.00581634,0.01030324,0.00707750,0.78280392,2.36150102,0.01350794,-0.00417256,0.00879001,0.11737420,-21.95705413,0.01848310,0.11737420,-21.95705413,0.01848310,0.11685083,-21.95661428,0.01216684,0.00178864,-0.00047818,0.00013605,0.00180945,-0.00113545,0.00061275
1.670,0.00902016,0.78227237,2.36173162,0.01548559,-0.00536630,0.00950601,0.01685598,-0.00584118,0.01034723,0.00722063,0.78275704,2.36159171,0.01370936,-0.00430149,0.00885979,0.11761686,-21.95600260,0.01942904,0.11761686,-21.95600260,0.01942904,0.11711951,-21.95567727,0.01302443,0.00179953,-0.00048467,0.00013991,0.00177623,-0.00106481,0.00064622
1.680,0.00917586,0.78221841,2.36182719,0.01565451,-0.00542483,0.00960970,0.01692732,-0.00586590,0.01039103,0.00736579,0.78270892,2.36168321,0.01391110,-0.00442912,0.00893226,0.11784743,-21.95487742,0.02038542,0.11784743,-21.95487742,0.02038542,0.11737420,-21.95464813,0.01390826,0.00181007,-0.00049051,0.00014398,0.00174341,-0.00099571,0.00067744
1.690,0.00933325,0.78216387,2.36192381,0.01582414,-0.00548361,0.00971383,0.01699832,-0.00589051,0.01043461,0.00751299,0.78265958,2.36177555,0.01411313,-0.00455528,0.00900767,0.11806674,-21.95368603,0.02134882,0.11806674,-21.95368603,0.02134882,0.11761686,-21.95353572,0.01481209,0.00182026,-0.00049571,0.00014826,0.00171101,-0.00092833,0.00070616
1.700,0.00949234,0.78210874,2.36202147,0.01599448,-0.00554264,0.00981839,0.01706900,-0.00591500,0.01047800,0.00766221,0.78260905,2.36186876,0.01431539,-0.00467982,0.00908618,0.11827568,-21.95243978,0.02231055,0.11827568,-21.95243978,0.02231055,0.11784743,-21.95235070,0.01572456,0.00183013,-0.00050031,0.00015271,0.00167909,-0.00086282,0.00073221
1.710,0.00965314,0.78205302,2.36212018,0.01616552,-0.00560191,0.00992339,0.01713935,-0.00593938,0.01052119,0.00781346,0.78255734,2.36196289,0.01451785,-0.00480259,0.00916791,0.11847505,-21.95114784,0.02326594,0.11847505,-21.95114784,0.02326594,0.11806674,-21.95110057,0.01664228,0.00183968,-0.00050432,0.00015729,0.00164767,-0.00079932,0.00075548
1.720,0.00981566,0.78199670,2.36221994,0.01633726,-0.00566143,0.01002881,0.01720937,-0.00596364,0.01056417,0.00796674,0.78250448,2.36205797,0.01472047,-0.00492345,0.00925288,0.11866571,-21.94982228,0.02420948,0.11866571,-21.94982228,0.02420948,0.11827568,-21.94979676,0.01755666,0.00184892,-0.00050778,0.00016197,0.00161679,-0.00073798,0.00077593
1.730,0.00997989,0.78193979,2.36232076,0.01650971,-0.00572118,0.01013467,0.01727906,-0.00598779,0.01060695,0.00812206,0.78245049,2.36215403,0.01492323,-0.00504225,0.00934106,0.11884764,-21.94847026,0.02513852,0.11884764,-21.94847026,0.02513852,0.11847505,-21.94844851,0.01846314,0.00185783,-0.00051070,0.00016673,0.00158648,-0.00067893,0.00079361
1.740,0.01014585,0.78188227,2.36242264,0.01668284,-0.00578118,0.01024095,0.01734843,-0.00601183,0.01064953,0.00827941,0.78239541,2.36225109,0.01512609,-0.00515886,0.00943236,0.11902181,-21.94710639,0.02604948,0.11902181,-21.94710639,0.02604948,0.11866571,-21.94706794,0.01935635,0.00186644,-0.00051314,0.00017155,0.00155675,-0.00062232,0.00080859
1.750,0.01031355,0.78182416,2.36252558,0.01685667,-0.00584142,0.01034766,0.01741746,-0.00603575,0.01069191,0.00843878,0.78233925,2.36234919,0.01532902,-0.00527314,0.00952664,0.11918926,-21.94573625,0.02694000,0.11918926,-21.94573625,0.02694000,0.11884764,-21.94566227,0.02023377,0.00187477,-0.00051509,0.00017639,0.00152765,-0.00056828,0.00082102
1.760,0.01048299,0.78176545,2.36262959,0.01703119,-0.00590190,0.01045479,0.01748617,-0.00605956,0.01073409,0.00860019,0.78228204,2.36244834,0.01553201,-0.00538497,0.00962373,0.11935017,-21.94437166,0.02780987,0.11935017,-21.94437166,0.02780987,0.11902181,-21.94424616,0.02109198,0.00188280,-0.00051659,0.00018125,0.00149918,-0.00051693,0.00083106
1.770,0.01065417,0.78170612,2.36273468,0.01720639,-0.00596261,0.01056234,0.01755455,-0.00608326,0.01077606,0.00876363,0.78222382,2.36254856,0.01573503,-0.00549423,0.00972341,0.11950466,-21.94302600,0.02865980,0.11950466,-21.94302600,0.02865980,0.11918926,-21.94282524,0.02192877,0.00189054,-0.00051770,0.00018612,0.00147136,-0.00046838,0.00083893
1.780,0.01082712,0.78164619,2.36284084,0.01738228,-0.00602356,0.01067031,0.01762261,-0.00610684,0.01081784,0.00892911,0.78216462,2.36264988,0.01593806,-0.00560083,0.00982545,0.11965461,-21.94170508,0.02948816,0.11965461,-21.94170508,0.02948816,0.11935017,-21.94141135,0.02274409,0.00189801,-0.00051843,0.00019096,0.00144422,-0.00042273,0.00084486
1.790,0.01100182,0.78158565,2.36294808,0.01755885,-0.00608475,0.01077870,0.01769034,-0.00613032,0.01085942,0.00909661,0.78210445,2.36275230,0.01614109,-0.00570467,0.00992960,0.11979910,-21.94041996,0.03029678,0.11979910,-21.94041996,0.03029678,0.11950466,-21.94001790,0.02353878,0.00190521,-0.00051880,0.00019578,0.00141776,-0.00038008,0.00084910
1.800,0.01117830,0.78152450,2.36305641,0.01773609,-0.00614617,0.01088750,0.01775774,-0.00615367,0.01090079,0.00926614,0.78204337,2.36285583,0.01634409,-0.00580568,0.01003562,0.11993969,-21.93917898,0.03108788,0.11993969,-21.93917898,0.03108788,0.11965461,-21.93865073,0.02431133,0.00191216,-0.00051887,0.00020058,0.00139200,-0.00034049,0.00085188
1.810,0.01135655,0.78146273,2.36316584,0.01791400,-0.00620782,0.01099671,0.01782482,-0.00617692,0.01094197,0.00943770,0.78198139,2.36296049,0.01654707,-0.00590380,0.01014325,0.12007606,-21.93799233,0.03186406,0.12007606,-21.93799233,0.03186406,0.11979910,-21.93732088,0.02506370,0.00191885,-0.00051866,0.00020535,0.00136693,-0.00030402,0.00085346
1.820,0.01153658,0.78140034,2.36327635,0.01809258,-0.00626971,0.01110634,0.01789158,-0.00620005,0.01098295,0.00961129,0.78191854,2.36306629,0.01675000,-0.00599898,0.01025228,0.12020883,-21.93686798,0.03262365,0.12020883,-21.93686798,0.03262365,0.11993969,-21.93603672,0.02579820,0.00192529,-0.00051820,0.00021006,0.00134258,-0.00027073,0.00085406
1.830,0.01171840,0.78133733,2.36338796,0.01827183,-0.00633182,0.01121637,0.01795800,-0.00622307,0.01102373,0.00978690,0.78185486,2.36317322,0.01695289,-0.00609119,0.01036249,0.12033863,-21.93581218,0.03337066,0.12033863,-21.93581218,0.03337066,0.12007606,-21.93480840,0.02651749,0.00193150,-0.00051753,0.00021474,0.00131894,-0.00024063,0.00085388
1.840,0.01190202,0.78127370,2.36350068,0.01845174,-0.00639417,0.01132681,0.01802411,-0.00624598,0.01106431,0.00996454,0.78179038,2.36328129,0.01715572,-0.00618044,0.01047370,0.12046592,-21.93483193,0.03410791,0.12046592,-21.93483193,0.03410791,0.12020883,-21.93364389,0.02721999,0.00193748,-0.00051668,0.00021939,0.00129602,-0.00021373,0.00085311
1.850,0.01208744,0.78120945,2.36361450,0.01863231,-0.00645674,0.01143766,0.01808989,-0.00626877,0.01110469,0.01014421,0.78172513,2.36339051,0.01735850,-0.00626672,0.01058574,0.12059078,-21.93393213,0.03483500,0.12059078,-21.93393213,0.03483500,0.12033863,-21.93254940,0.02790972,0.00194323,-0.00051568,0.00022399,0.00127381,-0.00019002,0.00085192
1.860,0.01227467,0.78114457,2.36372943,0.01881354,-0.00651954,0.01154890,0.01815535,-0.00629146,0.01114487,0.01032591,0.78165912,2.36350088,0.01756122,-0.00635006,0.01069849,0.12071375,-21.93312001,0.03555403,0.12071375,-21.93312001,0.03555403,0.12046592,-21.93153189,0.02858954,0.00194876,-0.00051455,0.00022855,0.00125232,-0.00016948,0.00085041
1.870,0.01246371,0.78107906,2.36384548,0.01899542,-0.00658257,0.01166055,0.01822049,-0.00631403,0.01118485,0.01050963,0.78159241,2.36361240,0.01776387,-0.00643050,0.01081184,0.12083473,-21.93239973,0.03626729,0.12083473,-21.93239973,0.03626729,0.12059078,-21.93059623,0.02925905,0.00195408,-0.00051335,0.00023308,0.00123155,-0.00015207,0.00084871
1.880,0.01265458,0.78101291,2.36396265,0.01917795,-0.00664582,0.01177260,0.01828530,-0.00633649,0.01122464,0.01069537,0.78152500,2.36372507,0.01796647,-0.00650809,0.01092572,0.12095472,-21.93177640,0.03697498,0.12095472,-21.93177640,0.03697498,0.12071375,-21.92974958,0.02992035,0.00195921,-0.00051209,0.00023758,0.00121148,-0.00013773,0.00084688
1.890,0.01284727,0.78094614,2.36408093,0.01936112,-0.00670930,0.01188505,0.01834979,-0.00635884,0.01126423,0.01088313,0.78145692,2.36383890,0.01816901,-0.00658290,0.01104008,0.12107310,-21.93124908,0.03767551,0.12107310,-21.93124908,0.03767551,0.12083473,-21.92899606,0.03057571,0.00196414,-0.00051078,0.00024203,0.00119211,-0.00012640,0.00084497
1.900,0.01304180,0.78087873,2.36420035,0.01954494,-0.00677300,0.01199788,0.01841396,-0.00638108,0.01130362,0.01107292,0.78138821,2.36395390,0.01837150,-0.00665501,0.01115490,0.12119094,-21.93082343,0.03837277,0.12119094,-21.93082343,0.03837277,0.12095472,-21.92834072,0.03122530,0.00196888,-0.00050948,0.00024645,0.00117344,-0.00011799,0.00084298
1.910,0.01323817,0.78081068,2.36432089,0.01972940,-0.00683692,0.01211112,0.01847781,-0.00640320,0.01134281,0.01126474,0.78131888,2.36407006,0.01857394,-0.00672452,0.01127018,0.12130807,-21.93050094,0.03906345,0.12130807,-21.93050094,0.03906345,0.12107310,-21.92778255,0.03186750,0.00197343,-0.00050820,0.00025083,0.00115546,-0.00011240,0.00084094
1.920,0.01343639,0.78074199,2.36444257,0.01991450,-0.00690106,0.01222474,0.01854134,-0.00642522,0.01138181,0.01145857,0.78124895,2.36418739,0.01877635,-0.00679153,0.01138593,0.12142491,-21.93028240,0.03974926,0.12142491,-21.93028240,0.03974926,0.12119094,-21.92732716,0.03250617,0.00197782,-0.00050696,0.00025518,0.00113815,-0.00010953,0.00083881
1.930,0.01363646,0.78067266,2.36456539,0.02010023,-0.00696542,0.01233875,0.01860454,-0.00644712,0.01142061,0.01165443,0.78117845,2.36430590,0.01897871,-0.00685615,0.01150219,0.12154127,-21.93016813,0.04042916,0.12154127,-21.93016813,0.04042916,0.12130807,-21.92697594,0.03313797,0.00198203,-0.00050579,0.00025949,0.00112152,-0.00010927,0.00083656
1.940,0.01383840,0.78060268,2.36468935,0.02028659,-0.00703001,0.01245315,0.01866743,-0.00646891,0.01145921,0.01185231,0.78110740,2.36442559,0.01918106,-0.00691849,0.01161898,0.12165804,-21.93016024,0.04110178,0.12165804,-21.93016024,0.04110178,0.12142491,-21.92672965,0.03376458,0.00198609,-0.00050472,0.00026376,0.00110553,-0.00011152,0.00083417
1.950,0.01404220,0.78053206,2.36481445,0.02047357,-0.00709480,0.01256794,0.01873000,-0.00649059,0.01149762,0.01205221,0.78103581,2.36454648,0.01938338,-0.00697867,0.01173636,0.12177447,-21.93025502,0.04176558,0.12177447,-21.93025502,0.04176558,0.12154127,-21.92658851,0.03438491,0.00198999,-0.00050375,0.00026797,0.00109019,-0.00011613,0.00083158
1.960,0.01424787,0.78046078,2.36494071,0.02066119,-0.00715982,0.01268310,0.01879224,-0.00651216,0.01153583,0.01225414,0.78096369,2.36466856,0.01958570,-0.00703683,0.01185437,0.12189118,-21.93045647,0.04242179,0.12189118,-21.93045647,0.04242179,0.12165804,-21.92655458,0.03499758,0.00199373,-0.00050291,0.00027215,0.00107549,-0.00012299,0.00082873
1.970,0.01445542,0.78038886,2.36506812,0.02084942,-0.00722505,0.01279865,0.01885417,-0.00653362,0.01157385,0.01245809,0.78089108,2.36479185,0.01978802,-0.00709309,0.01197304,0.12200816,-21.93075853,0.04306753,0.12200816,-21.93075853,0.04306753,0.12177447,-21.92662410,0.03560105,0.00199733,-0.00050222,0.00027627,0.00106140,-0.00013196,0.00082561
1.980,0.01466486,0.78031628,2.36519668,0.02103827,-0.00729049,0.01291458,0.01891578,-0.00655497,0.01161167,0.01266406,0.78081797,2.36491636,0.01999035,-0.00714757,0.01209242,0.12212587,-21.93116345,0.04370108,0.12212587,-21.93116345,0.04370108,0.12189118,-21.92680096,0.03619651,0.00200080,-0.00050169,0.00028032,0.00104792,-0.00014292,0.00082216
1.990,0.01487619,0.78024305,2.36532641,0.02122773,-0.00735614,0.01303088,0.01897708,-0.00657621,0.01164929,0.01287206,0.78074438,2.36504209,0.02019271,-0.00720041,0.01221253,0.12224402,-21.93166732,0.04432385,0.12224402,-21.93166732,0.04432385,0.12200816,-21.92707906,0.03678110,0.00200413,-0.00050133,0.00028432,0.00103502,-0.00015573,0.00081835
2.000,0.01508942,0.78016916,2.36545730,0.02141781,-0.00742201,0.01314757,0.01903805,-0.00659734,0.01168672,0.01308209,0.78067032,2.36516905,0.02039511,-0.00725174,0.01233338,0.12236306,-21.93227036,0.04493320,0.12236306,-21.93227036,0.04493320,0.12212587,-21.92746059,0.03735311,0.00200733,-0.00050116,0.00028825,0.00102270,-0.00017027,0.00081419
2.010,0.01530455,0.78009461,2.36558936,0.02160849,-0.00748809,0.01326462,0.01909871,-0.00661836,0.01172396,0.01329413,0.78059580,2.36529724,0.02059755,-0.00730167,0.01245498,0.12248256,-21.93296989,0.04552910,0.12248256,-21.93296989,0.04552910,0.12224402,-21.92794158,0.03791395,0.00201042,-0.00050119,0.00029212,0.00101094,-0.00018642,0.00080964
2.020,0.01552159,0.78001939,2.36572260,0.02179978,-0.00755438,0.01338204,0.01915905,-0.00663927,0.01176100,0.01350821,0.78052084,2.36542669,0.02080005,-0.00735034,0.01257733,0.12260294,-21.93376546,0.04611212,0.12260294,-21.93376546,0.04611212,0.12236306,-21.92852219,0.03846101,0.00201338,-0.00050145,0.00029591,0.00099973,-0.00020404,0.00080471
2.030,0.01574055,0.77994352,2.36585700,0.02199167,-0.00762088,0.01349984,0.01921907,-0.00666007,0.01179785,0.01372431,0.78044544,2.36555738,0.02100263,-0.00739786,0.01270041,0.12272437,-21.93465046,0.04667856,0.12272437,-21.93465046,0.04667856,0.12248256,-21.92919968,0.03899428,0.00201624,-0.00050192,0.00029962,0.00098904,-0.00022302,0.00079943
2.040,0.01596143,0.77986698,2.36599259,0.02218416,-0.00768758,0.01361800,0.01927878,-0.00668077,0.01183450,0.01394245,0.78036960,2.36568934,0.02120528,-0.00744435,0.01282418,0.12284665,-21.93562579,0.04723202,0.12284665,-21.93562579,0.04723202,0.12260294,-21.92997354,0.03951438,0.00201898,-0.00050262,0.00030325,0.00097888,-0.00024323,0.00079382
2.050,0.01618423,0.77978977,2.36612937,0.02237725,-0.00775449,0.01373653,0.01933817,-0.00670135,0.01187096,0.01416261,0.78029333,2.36582256,0.02140804,-0.00748993,0.01294860,0.12296955,-21.93668907,0.04777232,0.12296955,-21.93668907,0.04777232,0.12272437,-21.93083713,0.04001763,0.00202162,-0.00050356,0.00030681,0.00096921,-0.00026456,0.00078793
2.060,0.01640897,0.77971189,2.36626732,0.02257092,-0.00782161,0.01385542,0.01939725,-0.00672182,0.01190722,0.01438480,0.78021664,2.36595704,0.02161090,-0.00753470,0.01307362,0.12309362,-21.93783744,0.04829615,0.12309362,-21.93783744,0.04829615,0.12284665,-21.93179128,0.04050768,0.00202417,-0.00050475,0.00031028,0.00096002,-0.00028691,0.00078180
2.070,0.01663565,0.77963333,2.36640648,0.02276519,-0.00788893,0.01397467,0.01945601,-0.00674218,0.01194329,0.01460903,0.78013953,2.36609280,0.02181388,-0.00757878,0.01319919,0.12321885,-21.93906958,0.04880950,0.12321885,-21.93906958,0.04880950,0.12296955,-21.93283357,0.04098437,0.00202662,-0.00050620,0.00031368,0.00095131,-0.00031015,0.00077548
2.080,0.01686428,0.77955411,2.36654682,0.02296004,-0.00795645,0.01409428,0.01951446,-0.00676244,0.01197917,0.01483530,0.78006200,2.36622984,0.02201700,-0.00762226,0.01332523,0.12334529,-21.94037851,0.04930814,0.12334529,-21.94037851,0.04930814,0.12309362,-21.93396109,0.04144447,0.00202898,-0.00050789,0.00031698,0.00094304,-0.00033419,0.00076905
2.090,0.01709486,0.77947420,2.36668836,0.02315548,-0.00802418,0.01421425,0.01957259,-0.00678258,0.01201486,0.01506360,0.77998406,2.36636815,0.02222026,-0.00766525,0.01345168,0.12347280,-21.94176744,0.04979538,0.12347280,-21.94176744,0.04979538,0.12321885,-21.93517247,0.04189398,0.00203126,-0.00050986,0.00032021,0.00093522,-0.00035893,0.00076257
2.100,0.01732739,0.77939362,2.36683111,0.02335149,-0.00809210,0.01433458,0.01963041,-0.00680262,0.01205035,0.01529394,0.77990571,2.36650773,0.02242368,-0.00770784,0.01357847,0.12360092,-21.94322860,0.05027327,0.12360092,-21.94322860,0.05027327,0.12334529,-21.93646069,0.04232873,0.00203345,-0.00051209,0.00032338,0.00092781,-0.00038426,0.00075611
2.110,0.01756189,0.77931236,2.36697505,0.02354809,-0.00816023,0.01445526,0.01968792,-0.00682255,0.01208565,0.01552632,0.77982694,2.36664860,0.02262726,-0.00775014,0.01370552,0.12373063,-21.94476145,0.05073935,0.12373063,-21.94476145,0.05073935,0.12347280,-21.93782893,0.04275204,0.00203557,-0.00051458,0.00032645,0.00092083,-0.00041009,0.00074974
2.120,0.01779835,0.77923042,2.36712021,0.02374525,-0.00822855,0.01457629,0.01974511,-0.00684237,0.01212076,0.01576074,0.77974775,2.36679075,0.02283102,-0.00779222,0.01383277,0.12386083,-21.94636202,0.05119877,0.12386083,-21.94636202,0.05119877,0.12360092,-21.93926936,0.04316601,0.00203761,-0.00051733,0.00032946,0.00091423,-0.00043633,0.00074352
2.130,0.01803679,0.77914779,2.36726658,0.02394299,-0.00829707,0.01469768,0.01980199,-0.00686208,0.01215568,0.01599721,0.77966815,2.36693417,0.02303498,-0.00783419,0.01396015,0.12399251,-21.94802936,0.05165096,0.12399251,-21.94802936,0.05165096,0.12373063,-21.94078141,0.04356821,0.00203958,-0.00052036,0.00033241,0.00090801,-0.00046288,0.00073753
2.140,0.01827722,0.77906447,2.36741417,0.02414129,-0.00836579,0.01481941,0.01985856,-0.00688168,0.01219040,0.01623572,0.77958813,2.36707887,0.02323913,-0.00787612,0.01408759,0.12412569,-21.94976010,0.05209797,0.12412569,-21.94976010,0.05209797,0.12386083,-21.94236107,0.04396381,0.00204150,-0.00052366,0.00033530,0.00090216,-0.00048967,0.00073182
2.150,0.01851962,0.77898047,2.36756297,0.02434016,-0.00843471,0.01494148,0.01991482,-0.00690117,0.01222494,0.01647629,0.77950769,2.36722484,0.02344350,-0.00791810,0.01421505,0.12425923,-21.95154878,0.05253906,0.12425923,-21.95154878,0.05253906,0.12399251,-21.94400735,0.04435225,0.00204333,-0.00052722,0.00033813,0.00089666,-0.00051661,0.00072643
2.160,0.01876402,0.77889578,2.36771300,0.02453959,-0.00850382,0.01506390,0.01997076,-0.00692056,0.01225928,0.01671891,0.77942683,2.36737209,0.02364808,-0.00796020,0.01434247,0.12439428,-21.95339348,0.05297800,0.12439428,-21.95339348,0.05297800,0.12412569,-21.94571684,0.04473560,0.00204511,-0.00053105,0.00034091,0.00089151,-0.00054362,0.00072143
2.170,0.01901042,0.77881040,2.36786425,0.02473957,-0.00857312,0.01518667,0.02002640,-0.00693984,0.01229343,0.01696358,0.77934553,2.36752061,0.02385290,-0.00800252,0.01446982,0.12453045,-21.95529070,0.05341402,0.12453045,-21.95529070,0.05341402,0.12425923,-21.94748404,0.04511312,0.00204684,-0.00053513,0.00034364,0.00088667,-0.00057060,0.00071685
2.180,0.01925881,0.77872432,2.36801673,0.02494011,-0.00864261,0.01530977,0.02008172,-0.00695901,0.01232739,0.01721031,0.77926380,2.36767040,0.02405796,-0.00804512,0.01459707,0.12466713,-21.95723883,0.05384901,0.12466713,-21.95723883,0.05384901,0.12439428,-21.94930703,0.04548860,0.00204850,-0.00053948,0.00034633,0.00088215,-0.00059749,0.00071270
2.190,0.01950922,0.77863754,2.36817045,0.02514120,-0.00871230,0.01543321,0.02013674,-0.00697808,0.01236116,0.01745910,0.77918163,2.36782145,0.02426327,-0.00808807,0.01472419,0.12480545,-21.95923464,0.05428513,0.12480545,-21.95923464,0.05428513,0.12453045,-21.95118223,0.04586125,0.00205012,-0.00054409,0.00034900,0.00087793,-0.00062423,0.00070902
2.200,0.01976164,0.77855007,2.36832540,0.02534285,-0.00878217,0.01555699,0.02019144,-0.00699703,0.01239475,0.01770996,0.77909902,2.36797377,0.02446883,-0.00813145,0.01485116,0.12494478,-21.96127177,0.05472133,0.12494478,-21.96127177,0.05472133,0.12466713,-21.95310804,0.04623298,0.00205168,-0.00054895,0.00035163,0.00087402,-0.00065072,0.00070583
2.210,0.02001608,0.77846190,2.36848159,0.02554503,-0.00885224,0.01568111,0.02024583,-0.00701588,0.01242814,0.01796288,0.77901595,2.36812736,0.02467466,-0.00817532,0.01497797,0.12508502,-21.96334924,0.05515939,0.12508502,-21.96334924,0.05515939,0.12480545,-21.95508117,0.04660592,0.00205320,-0.00055405,0.00035423,0.00087037,-0.00067692,0.00070314
2.220,0.02027254,0.77837303,2.36863902,0.02574776,-0.00892249,0.01580556,0.02029992,-0.00703463,0.01246134,0.01821787,0.77893242,2.36828220,0.02488076,-0.00821975,0.01510464,0.12522618,-21.96546273,0.05559949,0.12522618,-21.96546273,0.05559949,0.12494478,-21.95709526,0.04697901,0.00205467,-0.00055939,0.00035682,0.00086700,-0.00070274,0.00070092
2.230,0.02053104,0.77828345,2.36879770,0.02595103,-0.00899293,0.01593034,0.02035370,-0.00705326,0.01249435,0.01847493,0.77884842,2.36843831,0.02508714,-0.00826479,0.01523115,0.12536889,-21.96761098,0.05604327,0.12536889,-21.96761098,0.05604327,0.12508502,-21.95914929,0.04735404,0.00205611,-0.00056497,0.00035939,0.00086389,-0.00072814,0.00069919
2.240,0.02079156,0.77819317,2.36895763,0.02615483,-0.00906356,0.01605544,0.02040717,-0.00707179,0.01252717,0.01873407,0.77876394,2.36859568,0.02529381,-0.00831050,0.01535753,0.12551181,-21.96978842,0.05649073,0.12551181,-21.96978842,0.05649073,0.12522618,-21.96123892,0.04773117,0.00205749,-0.00057077,0.00036195,0.00086102,-0.00075306,0.00069791
2.250,0.02105413,0.77810218,2.36911881,0.02635917,-0.00913437,0.01618088,0.02046033,-0.00709021,0.01255981,0.01899529,0.77867898,2.36875430,0.02550077,-0.00835694,0.01548378,0.12565631,-21.97199317,0.05694203,0.12565631,-21.97199317,0.05694203,0.12536889,-21.96336286,0.04811201,0.00205884,-0.00057680,0.00036451,0.00085840,-0.00077743,0.00069710
2.260,0.02131875,0.77801048,2.36928125,0.02656404,-0.00920536,0.01630664,0.02051318,-0.00710853,0.01259225,0.01925859,0.77859352,2.36891419,0.02570802,-0.00840414,0.01560992,0.12580205,-21.97422177,0.05739837,0.12580205,-21.97422177,0.05739837,0.12551181,-21.96551555,0.04849656,0.00206016,-0.00058304,0.00036706,0.00085602,-0.00080122,0.00069672
2.270,0.02158542,0.77791807,2.36944494,0.02676943,-0.00927654,0.01643272,0.02056573,-0.00712674,0.01262451,0.01952397,0.77850756,2.36907533,0.02591559,-0.00845216,0.01573597,0.12594870,-21.97647120,0.05785809,0.12594870,-21.97647120,0.05785809,0.12565631,-21.96769506,0.04888496,0.00206145,-0.00058949,0.00036961,0.00085384,-0.00082438,0.00069675
2.280,0.02185414,0.77782495,2.36960990,0.02697535,-0.00934789,0.01655913,0.02061797,-0.00714484,0.01265657,0.01979144,0.77842108,2.36923773,0.02612345,-0.00850103,0.01586196,0.12609614,-21.97873747,0.05832408,0.12609614,-21.97873747,0.05832408,0.12580205,-21.96989795,0.04927841,0.00206270,-0.00059613,0.00037217,0.00085190,-0.00084686,0.00069717
2.290,0.02212493,0.77773111,2.36977613,0.02718179,-0.00941943,0.01668585,0.02066990,-0.00716284,0.01268846,0.02006100,0.77833408,2.36940138,0.02633164,-0.00855079,0.01598790,0.12624504,-21.98102013,0.05879593,0.12624504,-21.98102013,0.05879593,0.12594870,-21.97212116,0.04967523,0.00206393,-0.00060297,0.00037475,0.00085015,-0.00086864,0.00069795
2.300,0.02239778,0.77763656,2.36994362,0.02738875,-0.00949115,0.01681290,0.02072153,-0.00718073,0.01272015,0.02033266,0.77824655,2.36956630,0.02654013,-0.00860147,0.01611381,0.12639468,-21.98331379,0.05927205,0.12639468,-21.98331379,0.05927205,0.12609614,-21.97436071,0.05007830,0.00206512,-0.00060999,0.00037732,0.00084862,-0.00088968,0.00069909
2.310,0.02267270,0.77754129,2.37011239,0.02759622,-0.00956305,0.01694026,0.02077285,-0.00719851,0.01275165,0.02060641,0.77815847,2.36973247,0.02674895,-0.00865310,0.01623973,0.12654524,-21.98561750,0.05975491,0.12654524,-21.98561750,0.05975491,0.12624504,-21.97661614,0.05048719,0.00206629,-0.00061718,0.00037992,0.00084727,-0.00090995,0.00070053
2.320,0.02294970,0.77744530,2.37028243,0.02780421,-0.00963512,0.01706793,0.02082387,-0.00721619,0.01278297,0.02088227,0.77806983,2.36989991,0.02695810,-0.00870569,0.01636566,0.12669712,-21.98792816,0.06024272,0.12669712,-21.98792816,0.06024272,0.12639468,-21.97888205,0.05090032,0.00206743,-0.00062453,0.00038252,0.00084611,-0.00092943,0.00070227
2.330,0.02322879,0.77734858,2.37045375,0.02801270,-0.00970737,0.01719591,0.02087458,-0.00723377,0.01281410,0.02116023,0.77798063,2.37006860,0.02716756,-0.00875927,0.01649163,0.12685039,-21.99024547,0.06073665,0.12685039,-21.99024547,0.06073665,0.12654524,-21.98115750,0.05132014,0.00206856,-0.00063205,0.00038515,0.00084514,-0.00094810,0.00070428
2.340,0.02350996,0.77725115,2.37062635,0.02822170,-0.00977980,0.01732421,0.02092499,-0.00725124,0.01284505,0.02144029,0.77789086,2.37023856,0.02737736,-0.00881384,0.01661765,0.12700447,-21.99256297,0.06123653,0.12700447,-21.99256297,0.06123653,0.12669712,-21.98343937,0.05174486,0.00206967,-0.00063971,0.00038779,0.00084434,-0.00096596,0.00070656
2.350,0.02379322,0.77715299,2.37080023,0.02843120,-0.00985240,0.01745281,0.02097510,-0.00726860,0.01287580,0.02172247,0.77780050,2.37040978,0.02758749,-0.00886942,0.01674374,0.12715954,-21.99488196,0.06174183,0.12715954,-21.99488196,0.06174183,0.12685039,-21.98572739,0.05217565,0.00207075,-0.00064751,0.00039045,0.00084371,-0.00098298,0.00070907
2.360,0.02407859,0.77705410,2.37097540,0.02864120,-0.00992517,0.01758173,0.02102490,-0.00728586,0.01290637,0.02200677,0.77770954,2.37058227,0.02779795,-0.00892601,0.01686990,0.12731641,-21.99720028,0.06225403,0.12731641,-21.99720028,0.06225403,0.12700447,-21.98801508,0.05261233,0.00207182,-0.00065544,0.00039313,0.00084325,-0.00099916,0.00071183
2.370,0.02436605,0.77695448,2.37115187,0.02885170,-0.00999811,0.01771094,0.02107440,-0.00730301,0.01293676,0.02229318,0.77761797,2.37075601,0.02800875,-0.00898361,0.01699614,0.12747388,-21.99951595,0.06277410,0.12747388,-21.99951595,0.06277410,0.12715954,-21.99030375,0.05305440,0.00207287,-0.00066349,0.00039586,0.00084295,-0.00101450,0.00071480
2.380,0.02465562,0.77685414,2.37132962,0.02906269,-0.01007123,0.01784046,0.02112360,-0.00732006,0.01296696,0.02258171,0.77752579,2.37093103,0.02821988,-0.00904222,0.01712248,0.12763266,-22.00182546,0.06329902,0.12763266,-22.00182546,0.06329902,0.12731641,-21.99259126,0.05350329,0.00207391,-0.00067165,0.00039859,0.00084281,-0.00102901,0.00071798
2.390,0.02494730,0.77675306,2.37150868,0.02927417,-0.01014451,0.01797028,0.02117249,-0.00733700,0.01299697,0.02287237,0.77743299,2.37110731,0.02843135,-0.00910183,0.01724890,0.12779255,-22.00413036,0.06383291,0.12779255,-22.00413036,0.06383291,0.12747388,-21.99487563,0.05396000,0.00207493,-0.00067993,0.00040137,0.00084282,-0.00104268,0.00072138
2.400,0.02524111,0.77665125,2.37168903,0.02948613,-0.01021797,0.01810040,0.02122108,-0.00735384,0.01302680,0.02316515,0.77733954,2.37128486,0.02864315,-0.00916242,0.01737543,0.12795427,-22.00642784,0.06437264,0.12795427,-22.00642784,0.06437264,0.12763266,-21.99715335,0.05442151,0.00207596,-0.00068829,0.00040417,0.00084298,-0.00105555,0.00072497
2.410,0.02553703,0.77654870,2.37187069,0.02969859,-0.01029159,0.01823082,0.02126937,-0.00737057,0.01305645,0.02346007,0.77724546,2.37146368,0.02885530,-0.00922400,0.01750206,0.12811686,-22.00871776,0.06492094,0.12811686,-22.00871776,0.06492094,0.12779255,-21.99942599,0.05489193,0.00207696,-0.00069676,0.00040701,0.00084329,-0.00106759,0.00072876
2.420,0.02583508,0.77644541,2.37205365,0.02991152,-0.01036538,0.01836153,0.02131736,-0.00738720,0.01308591,0.02375712,0.77715072,2.37164377,0.02906778,-0.00928654,0.01762880,0.12828081,-22.01099922,0.06547606,0.12828081,-22.01099922,0.06547606,0.12795427,-22.00169076,0.05536813,0.00207796,-0.00070531,0.00040988,0.00084374,-0.00107884,0.00073273
2.430,0.02613526,0.77634139,2.37223792,0.03012493,-0.01043933,0.01849253,0.02136505,-0.00740373,0.01311518,0.02405631,0.77705531,2.37182513,0.02928060,-0.00935002,0.01775565,0.12844604,-22.01326868,0.06603926,0.12844604,-22.01326868,0.06603926,0.12811686,-22.00394752,0.05585284,0.00207895,-0.00071392,0.00041279,0.00084433,-0.00108931,0.00073688
2.440,0.02643758,0.77623663,2.37242350,0.03033882,-0.01051345,0.01862383,0.02141244,-0.00742015,0.01314427,0.02435765,0.77695923,2.37200777,0.02949376,-0.00941444,0.01788261,0.12861290,-22.01552747,0.06661045,0.12861290,-22.01552747,0.06661045,0.12828081,-22.00619538,0.05634431,0.00207993,-0.00072260,0.00041573,0.00084506,-0.00109901,0.00074122
2.450,0.02674204,0.77613112,2.37261040,0.03055318,-0.01058774,0.01875542,0.02145953,-0.00743647,0.01317318,0.02466112,0.77686248,2.37219168,0.02970726,-0.00947975,0.01800969,0.12878110,-22.01777672,0.06719084,0.12878110,-22.01777672,0.06719084,0.12844604,-22.00843083,0.05684380,0.00208092,-0.00073136,0.00041872,0.00084592,-0.00110799,0.00074573
2.460,0.02704864,0.77602487,2.37279861,0.03076801,-0.01066218,0.01888729,0.02150632,-0.00745268,0.01320190,0.02496675,0.77676503,2.37237686,0.02992110,-0.00954594,0.01813688,0.12895047,-22.02001297,0.06777863,0.12895047,-22.02001297,0.06777863,0.12861290,-22.01065521,0.05735122,0.00208189,-0.00074016,0.00042175,0.00084691,-0.00111624,0.00075041
2.470,0.02735740,0.77591788,2.37298814,0.03098331,-0.01073679,0.01901946,0.02155281,-0.00746879,0.01323044,0.02527453,0.77666689,2.37256332,0.03013528,-0.00961299,0.01826420,0.12912183,-22.02223621,0.06837524,0.12912183,-22.02223621,0.06837524,0.12878110,-22.01286965,0.05786777,0.00208287,-0.00074901,0.00042482,0.00084803,-0.00112380,0.00075526
2.480,0.02766831,0.77581013,2.37317900,0.03119907,-0.01081156,0.01915190,0.02159900,-0.00748480,0.01325879,0.02558446,0.77656805,2.37275106,0.03034979,-0.00968087,0.01839165,0.12929442,-22.02444954,0.06898163,0.12929442,-22.02444954,0.06898163,0.12895047,-22.01507072,0.05839164,0.00208385,-0.00075792,0.00042794,0.00084928,-0.00113069,0.00076025
2.490,0.02798138,0.77570164,2.37337118,0.03141529,-0.01088648,0.01928463,0.02164489,-0.00750071,0.01328696,0.02589655,0.77646849,2.37294008,0.03056465,-0.00974955,0.01851922,0.12946857,-22.02664817,0.06959624,0.12946857,-22.02664817,0.06959624,0.12912183,-22.01725842,0.05892426,0.00208483,-0.00076685,0.00043110,0.00085064,-0.00113693,0.00076541
2.500,0.02829662,0.77559240,2.37356469,0.03163196,-0.01096157,0.01941764,0.02169049,-0.00751651,0.01331495,0.02621081,0.77636822,2.37313038,0.03077983,-0.00981900,0.01864695,0.12964450,-22.02883438,0.07022013,0.12964450,-22.02883438,0.07022013,0.12929442,-22.01943586,0.05946657,0.00208581,-0.00077582,0.00043431,0.00085213,-0.00114257,0.00077069
2.510,0.02861402,0.77548241,2.37375953,0.03184909,-0.01103681,0.01955093,0.02173579,-0.00753220,0.01334276,0.02652723,0.77626722,2.37332197,0.03099536,-0.00988919,0.01877482,0.12982166,-22.03100719,0.07085295,0.12982166,-22.03100719,0.07085295,0.12946857,-22.02159828,0.06001702,0.00208679,-0.00078481,0.00043756,0.00085373,-0.00114762,0.00077611
2.520,0.02893360,0.77537167,2.37395571,0.03206668,-0.01111221,0.01968449,0.02178079,-0.00754780,0.01337038,0.02684582,0.77616549,2.37351484,0.03121122,-0.00996010,0.01890285,0.13000089,-22.03316677,0.07149574,0.13000089,-22.03316677,0.07149574,0.12964450,-22.02374797,0.06057665,0.00208778,-0.00079382,0.00044087,0.00085546,-0.00115211,0.00078164
2.530,0.02925536,0.77526017,2.37415323,0.03228471,-0.01118777,0.01981834,0.02182549,-0.00756329,0.01339783,0.02716658,0.77606303,2.37370899,0.03142742,-0.01003169,0.01903105,0.13018181,-22.03531499,0.07214832,0.13018181,-22.03531499,0.07214832,0.12982166,-22.02588396,0.06114512,0.00208878,-0.00080286,0.00044424,0.00085729,-0.00115608,0.00078729
2.540,0.02957930,0.77514791,2.37435208,0.03250319,-0.01126348,0.01995245,0.02186990,-0.00757868,0.01342509,0.02748951,0.77595982,2.37390444,0.03164395,-0.01010394,0.01915944,0.13036436,-22.03745147,0.07280841,0.13036436,-22.03745147,0.07280841,0.13000089,-22.02800643,0.06172344,0.00208979,-0.00081191,0.00044764,0.00085924,-0.00115954,0.00079301
2.550,0.02990542,0.77503490,2.37455228,0.03272211,-0.01133934,0.02008684,0.02191401,-0.00759396,0.01345217,0.02781463,0.77585586,2.37410118,0.03186081,-0.01017680,0.01928802,0.13054827,-22.03957421,0.07347871,0.13054827,-22.03957421,0.07347871,0.13018181,-22.03011729,0.06231143,0.00209079,-0.00082096,0.00045110,0.00086130,-0.00116254,0.00079882
2.560,0.03023374,0.77492112,2.37475382,0.03294147,-0.01141536,0.02022149,0.02195783,-0.00760915,0.01347906,0.02814192,0.77575116,2.37429921,0.03207801,-0.01025026,0.01941682,0.13073438,-22.04168763,0.07415704,0.13073438,-22.04168763,0.07415704,0.13036436,-22.03221616,0.06290681,0.00209182,-0.00083004,0.00045461,0.00086346,-0.00116510,0.00080467
2.570,0.03056426,0.77480659,2.37495671,0.03316126,-0.01149153,0.02035642,0.02200135,-0.00762423,0.01350578,0.02847140,0.77564570,2.37449854,0.03229554,-0.01032428,0.01954584,0.13092241,-22.04378756,0.07484457,0.13092241,-22.04378756,0.07484457,0.13054827,-22.03430104,0.06351226,0.00209286,-0.00083911,0.00045817,0.00086572,-0.00116725,0.00081058
2.580,0.03089697,0.77469129,2.37516095,0.03338149,-0.01156784,0.02049161,0.02204458,-0.00763921,0.01353231,0.02880307,0.77553947,2.37469917,0.03251341,-0.01039883,0.01967510,0.13111182,-22.04587785,0.07554058,0.13111182,-22.04587785,0.07554058,0.13073438,-22.03637640,0.06412560,0.00209390,-0.00084818,0.00046178,0.00086808,-0.00116901,0.00081651
2.590,0.03123189,0.77457523,2.37536654,0.03360215,-0.01164431,0.02062706,0.02208751,-0.00765409,0.01355867,0.02913693,0.77543248,2.37490110,0.03273160,-0.01047387,0.01980461,0.13130334,-22.04795748,0.07624450,0.13130334,-22.04795748,0.07624450,0.13092241,-22.03843806,0.06474800,0.00209496,-0.00085725,0.00046544,0.00087055,-0.00117044,0.00082245
2.600,0.03156901,0.77445841,2.37557349,0.03382324,-0.01172092,0.02076278,0.02213015,-0.00766886,0.01358484,0.02947299,0.77532472,2.37510434,0.03295013,-0.01054938,0.01993438,0.13149629,-22.05002608,0.07695739,0.13149629,-22.05002608,0.07695739,0.13111182,-22.04048989,0.06537873,0.00209602,-0.00086631,0.00046915,0.00087311,-0.00117154,0.00082840
2.610,0.03190835,0.77434081,2.37578180,0.03404475,-0.01179769,0.02089876,0.02217249,-0.00768354,0.01361084,0.02981125,0.77521619,2.37530888,0.03316899,-0.01062533,0.02006443,0.13169139,-22.05208876,0.07767861,0.13169139,-22.05208876,0.07767861,0.13130334,-22.04253089,0.06601723,0.00209710,-0.00087538,0.00047292,0.00087576,-0.00117236,0.00083433
2.620,0.03224991,0.77422245,2.37599146,0.03426669,-0.01187460,0.02103500,0.02221455,-0.00769811,0.01363665,0.03015170,0.77510688,2.37551474,0.03338818,-0.01070169,0.02019475,0.13188862,-22.05414128,0.07840607,0.13188862,-22.05414128,0.07840607,0.13149629,-22.04456071,0.06666453,0.00209821,-0.00088443,0.00047672,0.00087851,-0.00117291,0.00084025
2.630,0.03259369,0.77410332,2.37620250,0.03448904,-0.01195165,0.02117149,0.02225630,-0.00771258,0.01366229,0.03049437,0.77499680,2.37572191,0.03360770,-0.01077842,0.02032537,0.13208756,-22.05618606,0.07914358,0.13208756,-22.05618606,0.07914358,0.13169139,-22.04658446,0.06731999,0.00209932,-0.00089348,0.00048059,0.00088134,-0.00117323,0.00084612
2.640,0.03293969,0.77398342,2.37641489,0.03471181,-0.01202885,0.02130824,0.02229777,-0.00772695,0.01368774,0.03083924,0.77488593,2.37593040,0.03382756,-0.01085549,0.02045630,0.13228816,-22.05822401,0.07988621,0.13228816,-22.05822401,0.07988621,0.13188862,-22.04859791,0.06798154,0.00210045,-0.00090251,0.00048449,0.00088425,-0.00117336,0.00085194
2.650,0.03328793,0.77386274,2.37662866,0.03493500,-0.01210619,0.02144525,0.02233895,-0.00774122,0.01371302,0.03118632,0.77477428,2.37614021,0.03404774,-0.01093289,0.02058753,0.13249126,-22.06025733,0.08063784,0.13249126,-22.06025733,0.08063784,0.13208756,-22.05060352,0.06865296,0.00210161,-0.00091154,0.00048845,0.00088726,-0.00117330,0.00085772
2.660,0.03363839,0.77374129,2.37684380,0.03515859,-0.01218367,0.02158250,0.02237983,-0.00775539,0.01373811,0.03153562,0.77466184,2.37635135,0.03426826,-0.01101057,0.02071908,0.13269546,-22.06228463,0.08139626,0.13269546,-22.06228463,0.08139626,0.13228816,-22.05260220,0.06932934,0.00210277,-0.00092055,0.00049245,0.00089033,-0.00117310,0.00086342
2.670,0.03399110,0.77361907,2.37706031,0.03538259,-0.01226129,0.02172001,0.02242042,-0.00776945,0.01376303,0.03188714,0.77454862,2.37656382,0.03448911,-0.01108851,0.02085095,0.13290219,-22.06430650,0.08216108,0.13290219,-22.06430650,0.08216108,0.13249126,-22.05459616,0.07001455,0.00210396,-0.00092955,0.00049649,0.00089348,-0.00117278,0.00086906
2.680,0.03434605,0.77349607,2.37727820,0.03560700,-0.01233906,0.02185776,0.02246073,-0.00778342,0.01378777,0.03224087,0.77443461,2.37677761,0.03471029,-0.01116669,0.02098315,0.13311081,-22.06632594,0.08293302,0.13311081,-22.06632594,0.08293302,0.13269546,-22.05658402,0.07070638,0.00210518,-0.00093854,0.00050059,0.00089671,-0.00117237,0.00087461
2.690,0.03470324,0.77337229,2.37749747,0.03583181,-0.01241696,0.02199576,0.02250074,-0.00779728,0.01381233,0.03259684,0.77431980,2.37699275,0.03493181,-0.01124507,0.02111568,0.13332100,-22.06834293,0.08371167,0.13332100,-22.06834293,0.08371167,0.13290219,-22.05856639,0.07140443,0.00210640,-0.00094751,0.00050472,0.00090000,-0.00117189,0.00088008
2.700,0.03506268,0.77324773,2.37771812,0.03605701,-0.01249500,0.02213401,0.02254046,-0.00781105,0.01383672,0.03295503,0.77420421,2.37720922,0.03515365,-0.01132363,0.02124855,0.13353297,-22.07035850,0.08449648,0.13353297,-22.07035850,0.08449648,0.13311081,-22.06054628,0.07210944,0.00210765,-0.00095648,0.00050890,0.00090336,-0.00117137,0.00088546
2.710,0.03542438,0.77312239,2.37794015,0.03628262,-0.01257318,0.02227250,0.02257989,-0.00782471,0.01386092,0.03331545,0.77408783,2.37742703,0.03537584,-0.01140235,0.02138176,0.13374729,-22.07237333,0.08528680,0.13374729,-22.07237333,0.08528680,0.13332100,-22.06252367,0.07282098,0.00210893,-0.00096544,0.00051312,0.00090678,-0.00117083,0.00089074
2.720,0.03578834,0.77299626,2.37816357,0.03650861,-0.01265150,0.02241123,0.02261903,-0.00783828,0.01388495,0.03367811,0.77397065,2.37764619,0.03559835,-0.01148120,0.02151530,0.13396343,-22.07439012,0.08608360,0.13396343,-22.07439012,0.08608360,0.13353297,-22.06449962,0.07353851,0.00211023,-0.00097439,0.00051738,0.00091026,-0.00117030,0.00089593
2.730,0.03615456,0.77286936,2.37838838,0.03673500,-0.01272995,0.02255020,0.02265789,-0.00785174,0.01390880,0.03404301,0.77385268,2.37786670,0.03582121,-0.01156016,0.02164919,0.13418144,-22.07640524,0.08688642,0.13418144,-22.07640524,0.08688642,0.13374729,-22.06647480,0.07426138,0.00211155,-0.00098332,0.00052168,0.00091379,-0.00116979,0.00090101
2.740,0.03652304,0.77274166,2.37861457,0.03696177,-0.01280853,0.02268940,0.02269645,-0.00786511,0.01393248,0.03441015,0.77373391,2.37808856,0.03604440,-0.01163922,0.02178341,0.13440090,-22.07842535,0.08769312,0.13440090,-22.07842535,0.08769312,0.13396343,-22.06845194,0.07499056,0.00211289,-0.00099225,0.00052601,0.00091737,-0.00116931,0.00090599
2.750,0.03689379,0.77261319,2.37884216,0.03718892,-0.01288725,0.02282884,0.02273473,-0.00787837,0.01395597,0.03477954,0.77361436,2.37831178,0.03626793,-0.01171834,0.02191798,0.13462212,-22.08044552,0.08850631,0.13462212,-22.08044552,0.08850631,0.13418144,-22.07042739,0.07572558,0.00211425,-0.00100117,0.00053038,0.00092099,-0.00116891,0.00091086
2.760,0.03726682,0.77248392,2.37907115,0.03741646,-0.01296610,0.02296852,0.02277272,-0.00789154,0.01397929,0.03515117,0.77349401,2.37853635,0.03649180,-0.01179751,0.02205287,0.13484555,-22.08247211,0.08932559,0.13484555,-22.08247211,0.08932559,0.13440090,-22.07240784,0.07646434,0.00211565,-0.00101009,0.00053480,0.00092466,-0.00116859,0.00091565
2.770,0.03764212,0.77235386,2.37930154,0.03764438,-0.01304508,0.02310843,0.02281042,-0.00790460,0.01400244,0.03552506,0.77337286,2.37876229,0.03671601,-0.01187671,0.02218810,0.13507037,-22.08450383,0.09015042,0.13507037,-22.08450383,0.09015042,0.13462212,-22.07438836,0.07720942,0.00211706,-0.00101900,0.00053925,0.00092837,-0.00116837,0.00092033
2.780,0.03801971,0.77222302,2.37953332,0.03787267,-0.01312419,0.02324857,0.02284784,-0.00791757,0.01402541,0.03590120,0.77325093,2.37898959,0.03694056,-0.01195592,0.02232366,0.13529727,-22.08653931,0.09097878,0.13529727,-22.08653931,0.09097878,0.13484555,-22.07637532,0.07796043,0.00211851,-0.00102791,0.00054373,0.00093211,-0.00116827,0.00092491
2.790,0.03839958,0.77209138,2.37976651,0.03810133,-0.01320343,0.02338894,0.02288497,-0.00793044,0.01404820,0.03627960,0.77312820,2.37921827,0.03716546,-0.01203514,0.02245955,0.13552557,-22.08858319,0.09181320,0.13552557,-22.08858319,0.09181320,0.13507037,-22.07836744,0.07871681,0.00211998,-0.00103682,0.00054824,0.00093587,-0.00116829,0.00092939
2.800,0.03878173,0.77195895,2.38000110,0.03833037,-0.01328280,0.02352953,0.02292181,-0.00794320,0.01407082,0.03666026,0.77300468,2.37944831,0.03739070,-0.01211433,0.02259576,0.13575519,-22.09063413,0.09265168,0.13575519,-22.09063413,0.09265168,0.13529727,-22.08036335,0.07947658,0.00212147,-0.00104573,0.00055279,0.00093967,-0.00116847,0.00093377
2.810,0.03916619,0.77182572,2.38023710,0.03855977,-0.01336230,0.02367035,0.02295837,-0.00795587,0.01409326,0.03704319,0.77288037,2.37967973,0.03761629,-0.01219350,0.02273230,0.13598720,-22.09269472,0.09349536,0.13598720,-22.09269472,0.09349536,0.13552557,-22.08236769,0.08024224,0.00212300,-0.00105465,0.00055737,0.00094348,-0.00116880,0.00093805
2.820,0.03955293,0.77169170,2.38047451,0.03878953,-0.01344192,0.02381140,0.02299465,-0.00796844,0.01411553,0.03742840,0.77275527,2.37991253,0.03784223,-0.01227262,0.02286915,0.13621990,-22.09476321,0.09434383,0.13621990,-22.09476321,0.09434383,0.13575519,-22.08437913,0.08101182,0.00212453,-0.00106357,0.00056198,0.00094730,-0.00116930,0.00094225
2.830,0.03994198,0.77155688,2.38071333,0.03901966,-0.01352166,0.02395266,0.02303063,-0.00798091,0.01413762,0.03781587,0.77262938,2.38014671,0.03806852,-0.01235170,0.02300633,0.13645471,-22.09684214,0.09519647,0.13645471,-22.09684214,0.09519647,0.13598720,-22.08640027,0.08178643,0.00212611,-0.00107250,0.00056662,0.00095114,-0.00116996,0.00094633
2.840,0.04033333,0.77142127,2.38095356,0.03925014,-0.01360154,0.02409415,0.02306634,-0.00799329,0.01415953,0.03820562,0.77250270,2.38038227,0.03829516,-0.01243071,0.02314381,0.13669070,-22.09893072,0.09605303,0.13669070,-22.09893072,0.09605303,0.13621990,-22.08842934,0.08256570,0.00212771,-0.00108143,0.00057129,0.00095498,-0.00117083,0.00095034
2.850,0.04072698,0.77128485,2.38119521,0.03948099,-0.01368153,0.02423585,0.02310176,-0.00800556,0.01418128,0.03859765,0.77237524,2.38061922,0.03852215,-0.01250964,0.02328161,0.13692789,-22.10103242,0.09691441,0.13692789,-22.10103242,0.09691441,0.13645471,-22.09046890,0.08334896,0.00212933,-0.00109039,0.00057599,0.00095884,-0.00117189,0.00095424
2.860,0.04112295,0.77114764,2.38143828,0.03971218,-0.01376165,0.02437777,0.02313689,-0.00801774,0.01420285,0.03899197,0.77224699,2.38085756,0.03874950,-0.01258850,0.02341972,0.13716674,-22.10314443,0.09778033,0.13716674,-22.10314443,0.09778033,0.13669070,-22.09251818,0.08413601,0.00213098,-0.00109935,0.00058072,0.00096268,-0.00117315,0.00095805
2.870,0.04152123,0.77100962,2.38168277,0.03994372,-0.01384188,0.02451991,0.02317175,-0.00802981,0.01422424,0.03938857,0.77211795,2.38109729,0.03897721,-0.01266728,0.02355812,0.13740666,-22.10527047,0.09865040,0.13740666,-22.10527047,0.09865040,0.13692789,-22.09458062,0.08492774,0.00213266,-0.00110833,0.00058548,0.00096651,-0.00117460,0.00096179
2.880,0.04192182,0.77087080,2.38192868,0.04017561,-0.01392224,0.02466226,0.02320632,-0.00804179,0.01424546,0.03978746,0.77198813,2.38133842,0.03920528,-0.01274596,0.02369683,0.13764744,-22.10740966,0.09952409,0.13764744,-22.10740966,0.09952409,0.13716674,-22.09665342,0.08572386,0.00213436,-0.00111733,0.00059026,0.00097033,-0.00117628,0.00096543
2.890,0.04232474,0.77073117,2.38217601,0.04040785,-0.01400272,0.02480482,0.02324061,-0.00805368,0.01426651,0.04018865,0.77185753,2.38158095,0.03943371,-0.01282455,0.02383583,0.13788988,-22.10956400,0.10040100,0.13788988,-22.10956400,0.10040100,0.13740666,-22.09874031,0.08652397,0.00213609,-0.00112636,0.00059506,0.00097414,-0.00117817,0.00096899
2.900,0.04272998,0.77059074,2.38242478,0.04064042,-0.01408332,0.02494759,0.02327461,-0.00806546,0.01428739,0.04059214,0.77172614,2.38182488,0.03966251,-0.01290304,0.02397513,0.13813303,-22.11173185,0.10128375,0.13813303,-22.11173185,0.10128375,0.13764744,-22.10084040,0.08732758,0.00213784,-0.00113540,0.00059990,0.00097791,-0.00118028,0.00097246
2.910,0.04313755,0.77044951,2.38267497,0.04087334,-0.01416403,0.02509056,0.02330834,-0.00807715,0.01430809,0.04099794,0.77159398,2.38207022,0.03989167,-0.01298143,0.02411472,0.13837743,-22.11391314,0.10216888,0.13837743,-22.11391314,0.10216888,0.13788988,-22.10295570,0.08813426,0.00213961,-0.00114447,0.00060475,0.00098167,-0.00118260,0.00097584
2.920,0.04354745,0.77030746,2.38292659,0.04110659,-0.01424486,0.02523375,0.02334178,-0.00808874,0.01432862,0.04140603,0.77146103,2.38231696,0.04012120,-0.01305972,0.02425459,0.13862262,-22.11611248,0.10305767,0.13862262,-22.11611248,0.10305767,0.13813303,-22.10508455,0.08894664,0.00214142,-0.00115357,0.00060963,0.00098539,-0.00118514,0.00097916
2.930,0.04395968,0.77016461,2.38317964,0.04134017,-0.01432580,0.02537714,0.02337494,-0.00810023,0.01434898,0.04181644,0.77132731,2.38256511,0.04035109,-0.01313790,0.02439475,0.13886839,-22.11832578,0.10394956,0.13886839,-22.11832578,0.10394956,0.13837743,-22.10722691,0.08976127,0.00214324,-0.00116270,0.00061453,0.00098908,-0.00118790,0.00098239
2.940,0.04437425,0.77002095,2.38343413,0.04157409,-0.01440686,0.02552073,0.02340783,-0.00811162,0.01436916,0.04222916,0.77119281,2.38281467,0.04058136,-0.01321599,0.02453519,0.13911517,-22.12055560,0.10484572,0.13911517,-22.12055560,0.10484572,0.13862262,-22.10938736,0.09057941,0.00214509,-0.00117186,0.00061946,0.00099273,-0.00119087,0.00098554
2.950,0.04479116,0.76987647,2.38369006,0.04180833,-0.01448804,0.02566452,0.02344043,-0.00812292,0.01438917,0.04264420,0.77105753,2.38306566,0.04081200,-0.01329397,0.02467590,0.13936250,-22.12280413,0.10574582,0.13936250,-22.12280413,0.10574582,0.13886839,-22.11156183,0.09140054,0.00214696,-0.00118106,0.00062440,0.00099633,-0.00119407,0.00098862
2.960,0.04521042,0.76973119,2.38394742,0.04204290,-0.01456932,0.02580851,0.02347275,-0.00813412,0.01440901,0.04306156,0.77092147,2.38331805,0.04104302,-0.01337185,0.02481689,0.13961078,-22.12506683,0.10664802,0.13961078,-22.12506683,0.10664802,0.13911517,-22.11375285,0.09222580,0.00214886,-0.00119028,0.00062937,0.00099988,-0.00119747,0.00099162
2.970,0.04563202,0.76958509,2.38420623,0.04227778,-0.01465072,0.02595270,0.02350479,-0.00814523,0.01442868,0.04348125,0.77078464,2.38357187,0.04127441,-0.01344963,0.02495813,0.13985907,-22.12734848,0.10755497,0.13985907,-22.12734848,0.10755497,0.13936250,-22.11596264,0.09305488,0.00215077,-0.00119955,0.00063436,0.00100337,-0.00120109,0.00099457
2.980,0.04605598,0.76943817,2.38446648,0.04251299,-0.01473222,0.02609708,0.02353656,-0.00815623,0.01444818,0.04390326,0.77064704,2.38382711,0.04150618,-0.01352732,0.02509964,0.14010841,-22.12964850,0.10846478,0.14010841,-22.12964850,0.10846478,0.13961078,-22.11818665,0.09388594,0.00215272,-0.00120887,0.00063937,0.00100681,-0.00120490,0.00099744
2.990,0.04648228,0.76929044,2.38472817,0.04274851,-0.01481384,0.02624166,0.02356804,-0.00816714,0.01446751,0.04432761,0.77050866,2.38408378,0.04173833,-0.01360491,0.02524140,0.14035733,-22.13196563,0.10937721,0.14035733,-22.13196563,0.10937721,0.13985907,-22.12042963,0.09472162,0.00215467,-0.00121822,0.00064439,0.00101018,-0.00120893,0.00100026
3.000,0.04691095,0.76914189,2.38499131,0.04298435,-0.01489557,0.02638643,0.02359925,-0.00817796,0.01448667,0.04475430,0.77036951,2.38434188,0.04197087,-0.01368242,0.02538342,0.14060725,-22.13430152,0.11029335,0.14060725,-22.13430152,0.11029335,0.14010841,-22.12269103,0.09556004,0.00215665,-0.00122762,0.00064943,0.00101348,-0.00121315,0.00100301
3.010,0.04734197,0.76899253,2.38525590,0.04322050,-0.01497740,0.02653139,0.02363018,-0.00818868,0.01450566,0.04518332,0.77022959,2.38460140,0.04220378,-0.01375984,0.02552568,0.14085684,-22.13665383,0.11121294,0.14085684,-22.13665383,0.11121294,0.14035733,-22.12496957,0.09640098,0.00215865,-0.00123706,0.00065450,0.00101672,-0.00121756,0.00100571
3.020,0.04777536,0.76884235,2.38552194,0.04345695,-0.01505934,0.02667655,0.02366083,-0.00819930,0.01452447,0.04561469,0.77008890,2.38486236,0.04243708,-0.01383719,0.02566818,0.14110678,-22.13902488,0.11213579,0.14110678,-22.13902488,0.11213579,0.14060725,-22.12726691,0.09724551,0.00216067,-0.00124655,0.00065958,0.00101987,-0.00122215,0.00100837
3.030,0.04821111,0.76869134,2.38578943,0.04369371,-0.01514139,0.02682188,0.02369121,-0.00820983,0.01454312,0.04604841,0.76994744,2.38512475,0.04267076,-0.01391446,0.02581092,0.14135646,-22.14141663,0.11306133,0.14135646,-22.14141663,0.11306133,0.14085684,-22.12958070,0.09809338,0.00216270,-0.00125610,0.00066468,0.00102295,-0.00122693,0.00101096
3.040,0.04864923,0.76853952,2.38605838,0.04393078,-0.01522354,0.02696741,0.02372131,-0.00822026,0.01456160,0.04648448,0.76980520,2.38538858,0.04290483,-0.01399167,0.02595389,0.14160620,-22.14382465,0.11399110,0.14160620,-22.14382465,0.11399110,0.14110678,-22.13191324,0.09894440,0.00216475,-0.00126568,0.00066980,0.00102595,-0.00123187,0.00101352
3.050,0.04908973,0.76838687,2.38632878,0.04416814,-0.01530579,0.02711312,0.02375113,-0.00823059,0.01457990,0.04692291,0.76966220,2.38565384,0.04313929,-0.01406881,0.02609708,0.14185603,-22.14625281,0.11492314,0.14185603,-22.14625281,0.11492314,0.14135646,-22.13426651,0.09979801,0.00216682,-0.00127533,0.00067494,0.00102885,-0.00123698,0.00101604
3.060,0.04953260,0.76823340,2.38660064,0.04440580,-0.01538815,0.02725900,0.02378068,-0.00824083,0.01459804,0.04736369,0.76951843,2.38592055,0.04337413,-0.01414590,0.02624049,0.14210538,-22.14869935,0.11585860,0.14210538,-22.14869935,0.11585860,0.14160620,-22.13663607,0.10065574,0.00216891,-0.00128503,0.00068009,0.00103167,-0.00124225,0.00101851
3.070,0.04997785,0.76807911,2.38687396,0.04464375,-0.01547061,0.02740508,0.02380996,-0.00825097,0.01461601,0.04780684,0.76937389,2.38618870,0.04360937,-0.01422293,0.02638411,0.14235442,-22.15116376,0.11679753,0.14235442,-22.15116376,0.11679753,0.14185603,-22.13902579,0.10151565,0.00217101,-0.00129478,0.00068526,0.00103438,-0.00124768,0.00102097
3.080,0.05042547,0.76792399,2.38714874,0.04488200,-0.01555317,0.02755132,0.02383895,-0.00826102,0.01463381,0.04825236,0.76922858,2.38645829,0.04384499,-0.01429993,0.02652794,0.14260257,-22.15364786,0.11773933,0.14260257,-22.15364786,0.11773933,0.14210538,-22.14143389,0.10237888,0.00217311,-0.00130459,0.00069045,0.00103701,-0.00125324,0.00102338
3.090,0.05087549,0.76776804,2.38742499,0.04512053,-0.01563583,0.02769775,0.02386768,-0.00827098,0.01465145,0.04870025,0.76908250,2.38672933,0.04408100,-0.01437689,0.02667198,0.14285089,-22.15615148,0.11868557,0.14285089,-22.15615148,0.11868557,0.14235442,-22.14385987,0.10324549,0.00217524,-0.00131446,0.00069566,0.00103953,-0.00125894,0.00102577
3.100,0.05132789,0.76761127,2.38770270,0.04535935,-0.01571859,0.02784435,0.02389613,-0.00828084,0.01466891,0.04915052,0.76893566,2.38700182,0.04431741,-0.01445382,0.02681621,0.14309830,-22.15867241,0.11963435,0.14309830,-22.15867241,0.11963435,0.14260257,-22.14630556,0.10411488,0.00217737,-0.00132439,0.00070088,0.00104194,-0.00126477,0.00102814
3.110,0.05178268,0.76745367,2.38798187,0.04559845,-0.01580144,0.02799113,0.02392430,-0.00829060,0.01468620,0.04960316,0.76878804,2.38727576,0.04455420,-0.01453073,0.02696063,0.14334498,-22.16121202,0.12058551,0.14334498,-22.16121202,0.12058551,0.14285089,-22.14877076,0.10498862,0.00217952,-0.00133437,0.00070611,0.00104425,-0.00127071,0.00103050
3.120,0.05223986,0.76729524,2.38826252,0.04583783,-0.01588440,0.02813808,0.02395220,-0.00830027,0.01470333,0.05005819,0.76863966,2.38755115,0.04479138,-0.01460762,0.02710524,0.14359073,-22.16377078,0.12154175,0.14359073,-22.16377078,0.12154175,0.14309830,-22.15125325,0.10586481,0.00218167,-0.00134442,0.00071137,0.00104645,-0.00127678,0.00103284
3.130,0.05269943,0.76713598,2.38854464,0.04607749,-0.01596745,0.02828519,0.02397983,-0.00830984,0.01472029,0.05051561,0.76849051,2.38782800,0.04502896,-0.01468451,0.02725004,0.14383536,-22.16634775,0.12250133,0.14383536,-22.16634775,0.12250133,0.14334498,-22.15375443,0.10674330,0.00218382,-0.00135453,0.00071664,0.00104853,-0.00128294,0.00103515
3.140,0.05316141,0.76697589,2.38882823,0.04631743,-0.01605059,0.02843248,0.02400719,-0.00831932,0.01473709,0.05097542,0.76834059,2.38810630,0.04526692,-0.01476139,0.02739501,0.14407968,-22.16894264,0.12346421,0.14407968,-22.16894264,0.12346421,0.14359073,-22.15627475,0.10762679,0.00218599,-0.00136470,0.00072193,0.00105051,-0.00128920,0.00103747
3.150,0.05362578,0.76681497,2.38911329,0.04655764,-0.01613383,0.02857994,0.02403428,-0.00832871,0.01475371,0.05143762,0.76818990,2.38838605,0.04550528,-0.01483829,0.02754015,0.14432238,-22.17155548,0.12443008,0.14432238,-22.17155548,0.12443008,0.14383536,-22.15881327,0.10851353,0.00218816,-0.00137493,0.00072724,0.00105236,-0.00129554,0.00103979
3.160,0.05409256,0.76665322,2.38939982,0.04679811,-0.01621717,0.02872756,0.02406109,-0.00833800,0.01477017,0.05190222,0.76803844,2.38866727,0.04574402,-0.01491520,0.02768547,0.14456415,-22.17418598,0.12539863,0.14456415,-22.17418598,0.12539863,0.14407968,-22.16136968,0.10940350,0.00219034,-0.00138522,0.00073255,0.00105409,-0.00130197,0.00104209
3.170,0.05456175,0.76649063,2.38968784,0.04703886,-0.01630059,0.02887534,0.02408763,-0.00834720,0.01478647,0.05236923,0.76788621,2.38894994,0.04598316,-0.01499213,0.02783095,0.14480505,-22.17683513,0.12637271,0.14480505,-22.17683513,0.12637271,0.14432238,-22.16394403,0.11029638,0.00219252,-0.00139558,0.00073790,0.00105570,-0.00130846,0.00104439
3.180,0.05503334,0.76632720,2.38997733,0.04727987,-0.01638411,0.02902328,0.02411390,-0.00835630,0.01480259,0.05283864,0.76773321,2.38923408,0.04622268,-0.01506908,0.02797659,0.14504416,-22.17950334,0.12734920,0.14504416,-22.17950334,0.12734920,0.14456415,-22.16653600,0.11119187,0.00219470,-0.00140601,0.00074325,0.00105719,-0.00131503,0.00104669
3.190,0.05550734,0.76616295,2.39026831,0.04752114,-0.01646772,0.02917139,0.02413990,-0.00836531,0.01481855,0.05331047,0.76757944,2.38951967,0.04646259,-0.01514607,0.02812239,0.14528179,-22.18218591,0.12833096,0.14528179,-22.18218591,0.12833096,0.14480505,-22.16914660,0.11209282,0.00219687,-0.00141649,0.00074864,0.00105855,-0.00132165,0.00104900
3.200,0.05598376,0.76599785,2.39056076,0.04776266,-0.01655142,0.02931965,0.02416563,-0.00837423,0.01483435,0.05378470,0.76742490,2.38980674,0.04670288,-0.01522311,0.02826834,0.14551814,-22.18488847,0.12931465,0.14551814,-22.18488847,0.12931465,0.14504416,-22.17177624,0.11299610,0.00219906,-0.00142705,0.00075402,0.00105978,-0.00132831,0.00105131
3.210,0.05646260,0.76583192,2.39085470,0.04800445,-0.01663520,0.02946808,0.02419109,-0.00838305,0.01484998,0.05426136,0.76726958,2.39009526,0.04694356,-0.01530019,0.02841444,0.14575329,-22.18760633,0.13030324,0.14575329,-22.18760633,0.13030324,0.14528179,-22.17442019,0.11390459,0.00220124,-0.00143766,0.00075944,0.00106089,-0.00133501,0.00105364
3.220,0.05694385,0.76566515,2.39115012,0.04824648,-0.01671908,0.02961665,0.02421629,-0.00839178,0.01486544,0.05474044,0.76711349,2.39038526,0.04718462,-0.01537733,0.02856069,0.14598620,-22.19034185,0.13129480,0.14598620,-22.19034185,0.13129480,0.14551814,-22.17708410,0.11481493,0.00220341,-0.00144834,0.00076486,0.00106186,-0.00134175,0.00105596
3.230,0.05742753,0.76549753,2.39144703,0.04848877,-0.01680304,0.02976538,0.02424121,-0.00840042,0.01488074,0.05522194,0.76695663,2.39067672,0.04742606,-0.01545452,0.02870709,0.14621794,-22.19309597,0.13229085,0.14621794,-22.19309597,0.13229085,0.14575329,-22.17976328,0.11573010,0.00220559,-0.00145910,0.00077031,0.00106271,-0.00134852,0.00105829
3.240,0.05791363,0.76532908,2.39174543,0.04873131,-0.01688709,0.02991427,0.02426586,-0.00840896,0.01489588,0.05570587,0.76679900,2.39096965,0.04766789,-0.01553179,0.02885362,0.14644772,-22.19586468,0.13329125,0.14644772,-22.19586468,0.13329125,0.14598620,-22.18246006,0.11664819,0.00220776,-0.00146992,0.00077578,0.00106342,-0.00135530,0.00106065
3.250,0.05840216,0.76515979,2.39204532,0.04897409,-0.01697122,0.03006330,0.02429025,-0.00841741,0.01491085,0.05619224,0.76664059,2.39126406,0.04791009,-0.01560912,0.02900029,0.14667577,-22.19864925,0.13429563,0.14667577,-22.19864925,0.13429563,0.14621794,-22.18517540,0.11757069,0.00220992,-0.00148080,0.00078126,0.00106400,-0.00136210,0.00106301
3.260,0.05889311,0.76498966,2.39234670,0.04921711,-0.01705543,0.03021248,0.02431437,-0.00842577,0.01492565,0.05668105,0.76648140,2.39155993,0.04815266,-0.01568654,0.02914710,0.14690141,-22.20144931,0.13530390,0.14690141,-22.20144931,0.13530390,0.14644772,-22.18790529,0.11849749,0.00221206,-0.00149174,0.00078677,0.00106445,-0.00136889,0.00106538
3.270,0.05938650,0.76481868,2.39264957,0.04946038,-0.01713973,0.03036181,0.02433822,-0.00843404,0.01494029,0.05717229,0.76632143,2.39185728,0.04839561,-0.01576403,0.02929404,0.14712562,-22.20426684,0.13631589,0.14712562,-22.20426684,0.13631589,0.14667577,-22.19065099,0.11942820,0.00221421,-0.00150275,0.00079229,0.00106477,-0.00137570,0.00106777
3.280,0.05988232,0.76464686,2.39295393,0.04970388,-0.01722412,0.03051129,0.02436180,-0.00844221,0.01495477,0.05766598,0.76616069,2.39215610,0.04863893,-0.01584162,0.02944112,0.14734749,-22.20709950,0.13733143,0.14734749,-22.20709950,0.13733143,0.14690141,-22.19341212,0.12036273,0.00221634,-0.00151383,0.00079783,0.00106495,-0.00138250,0.00107017
3.290,0.06038058,0.76447420,2.39325979,0.04994761,-0.01730858,0.03066091,0.02438512,-0.00845029,0.01496908,0.05816212,0.76599917,2.39245640,0.04888262,-0.01591930,0.02958832,0.14756739,-22.20994622,0.13835178,0.14756739,-22.20994622,0.13835178,0.14712562,-22.19619067,0.12130092,0.00221846,-0.00152497,0.00080339,0.00106499,-0.00138928,0.00107259
3.300,0.06088127,0.76430069,2.39356715,0.05019158,-0.01739312,0.03081067,0.02440817,-0.00845828,0.01498323,0.05866070,0.76583686,2.39275818,0.04912668,-0.01599707,0.02973565,0.14778477,-22.21280900,0.13937683,0.14778477,-22.21280900,0.13937683,0.14734749,-22.19898430,0.12224261,0.00222057,-0.00153617,0.00080897,0.00106490,-0.00139605,0.00107502
3.310,0.06138441,0.76412634,2.39387601,0.05043577,-0.01747774,0.03096057,0.02443096,-0.00846617,0.01499722,0.05916175,0.76567378,2.39306143,0.04937110,-0.01607495,0.02988311,0.14800027,-22.21568552,0.14040642,0.14800027,-22.21568552,0.14040642,0.14756739,-22.20179193,0.12318905,0.00222266,-0.00154744,0.00081458,0.00106467,-0.00140279,0.00107746
3.320,0.06188999,0.76395114,2.39418636,0.05068020,-0.01756244,0.03111061,0.02445348,-0.00847398,0.01501104,0.05966525,0.76550991,2.39336617,0.04961588,-0.01615293,0.03003068,0.14821347,-22.21857742,0.14143889,0.14821347,-22.21857742,0.14143889,0.14778477,-22.20461557,0.12414013,0.00222474,-0.00155877,0.00082019,0.00106432,-0.00140951,0.00107993
3.330,0.06239801,0.76377509,2.39449822,0.05092484,-0.01764722,0.03126079,0.02447573,-0.00848169,0.01502471,0.06017121,0.76534525,2.39367238,0.04986101,-0.01623102,0.03017838,0.14842388,-22.22148435,0.14247707,0.14842388,-22.22148435,0.14247707,0.14800027,-22.20745288,0.12509569,0.00222680,-0.00157016,0.00082584,0.00106383,-0.00141620,0.00108241
3.340,0.06290849,0.76359819,2.39481158,0.05116971,-0.01773208,0.03141111,0.02449772,-0.00848931,0.01503821,0.06067964,0.76517982,2.39398008,0.05010650,-0.01630922,0.03032619,0.14863260,-22.22440602,0.14351934,0.14863260,-22.22440602,0.14351934,0.14821347,-22.21030551,0.12605408,0.00222885,-0.00158163,0.00083150,0.00106321,-0.00142286,0.00108492
3.350,0.06342141,0.76342045,2.39512644,0.05141479,-0.01781701,0.03156156,0.02451945,-0.00849684,0.01505154,0.06119054,0.76501359,2.39428926,0.05035234,-0.01638753,0.03047412,0.14883828,-22.22733971,0.14456544,0.14883828,-22.22733971,0.14456544,0.14842388,-22.21317312,0.12701811,0.00223087,-0.00159314,0.00083718,0.00106245,-0.00142948,0.00108744
3.360,0.06393678,0.76324185,2.39544281,0.05166010,-0.01790201,0.03171214,0.02454091,-0.00850428,0.01506472,0.06170391,0.76484658,2.39459992,0.05059853,-0.01646596,0.03062217,0.14904151,-22.23028909,0.14561670,0.14904151,-22.23028909,0.14561670,0.14863260,-22.21605539,0.12798619,0.00223287,-0.00160473,0.00084289,0.00106157,-0.00143605,0.00108997
3.370,0.06445461,0.76306241,2.39576069,0.05190561,-0.01798709,0.03186285,0.02456211,-0.00851162,0.01507773,0.06221976,0.76467878,2.39491207,0.05084506,-0.01654451,0.03077033,0.14924231,-22.23325023,0.14667301,0.14924231,-22.23325023,0.14667301,0.14883828,-22.21894963,0.12895803,0.00223485,-0.00161637,0.00084862,0.00106055,-0.00144258,0.00109252
3.380,0.06497490,0.76288211,2.39608007,0.05215134,-0.01807225,0.03201369,0.02458305,-0.00851888,0.01509058,0.06273809,0.76451019,2.39522570,0.05109193,-0.01662318,0.03091860,0.14944081,-22.23622681,0.14773271,0.14944081,-22.23622681,0.14773271,0.14904151,-22.22185950,0.12993499,0.00223681,-0.00162808,0.00085437,0.00105941,-0.00144907,0.00109509
3.390,0.06549764,0.76270096,2.39640096,0.05239727,-0.01815747,0.03216466,0.02460372,-0.00852604,0.01510327,0.06325889,0.76434080,2.39554082,0.05133913,-0.01670197,0.03106699,0.14963615,-22.23921583,0.14879713,0.14963615,-22.23921583,0.14879713,0.14924231,-22.22478106,0.13091694,0.00223875,-0.00163984,0.00086014,0.00105814,-0.00145550,0.00109767
3.400,0.06602284,0.76251896,2.39672336,0.05264341,-0.01824277,0.03231576,0.02462413,-0.00853312,0.01511580,0.06378219,0.76417063,2.39585743,0.05158667,-0.01678088,0.03121548,0.14982882,-22.24221770,0.14986614,0.14982882,-22.24221770,0.14986614,0.14944081,-22.22771799,0.13190223,0.00224065,-0.00165167,0.00086593,0.00105674,-0.00146189,0.00110028
3.410,0.06655051,0.76233611,2.39704728,0.05288975,-0.01832813,0.03246698,0.02464428,-0.00854010,0.01512817,0.06430797,0.76399966,2.39617553,0.05183453,-0.01685992,0.03136409,0.15001912,-22.24523145,0.15094102,0.15001912,-22.24523145,0.15094102,0.14963615,-22.23066731,0.13289218,0.00224254,-0.00166355,0.00087175,0.00105522,-0.00146821,0.00110289
3.420,0.06708064,0.76215240,2.39737270,0.05313630,-0.01841357,0.03261832,0.02466417,-0.00854699,0.01514038,0.06483624,0.76382789,2.39649512,0.05208272,-0.01693909,0.03151280,0.15020654,-22.24825952,0.15201865,0.15020654,-22.24825952,0.15201865,0.14982882,-22.23362941,0.13388668,0.00224440,-0.00167549,0.00087758,0.00105358,-0.00147448,0.00110552
3.430,0.06761323,0.76196783,2.39769964,0.05338304,-0.01849907,0.03276978,0.02468380,-0.00855379,0.01515243,0.06536701,0.76365533,2.39681620,0.05233122,-0.01701838,0.03166162,0.15039074,-22.25130096,0.15310184,0.15039074,-22.25130096,0.15310184,0.15001912,-22.23660333,0.13488699,0.00224622,-0.00168750,0.00088344,0.00105182,-0.00148069,0.00110816
3.440,0.06814830,0.76178242,2.39802810,0.05362997,-0.01858464,0.03292137,0.02470317,-0.00856050,0.01516432,0.06590027,0.76348197,2.39713878,0.05258005,-0.01709779,0.03181054,0.15057263,-22.25435189,0.15419061,0.15057263,-22.25435189,0.15419061,0.15020654,-22.23959150,0.13588999,0.00224803,-0.00169955,0.00088932,0.00104992,-0.00148685,0.00111083
3.450,0.06868583,0.76159614,2.39835807,0.05387710,-0.01867028,0.03307307,0.02472227,-0.00856712,0.01517605,0.06643604,0.76330781,2.39746284,0.05282918,-0.01717733,0.03195957,0.15075123,-22.25741803,0.15528312,0.15075123,-22.25741803,0.15528312,0.15039074,-22.24259299,0.13689852,0.00224979,-0.00171167,0.00089523,0.00104792,-0.00149295,0.00111350
3.460,0.06922584,0.76140901,2.39868956,0.05412442,-0.01875599,0.03322489,0.02474112,-0.00857366,0.01518762,0.06697431,0.76313285,2.39778840,0.05307861,-0.01725700,0.03210869,0.15092732,-22.26049520,0.15638081,0.15092732,-22.26049520,0.15638081,0.15057263,-22.24560389,0.13791257,0.00225153,-0.00172384,0.00090116,0.00104581,-0.00149899,0.00111620
3.470,0.06976832,0.76122102,2.39902257,0.05437192,-0.01884175,0.03337682,0.02475971,-0.00858010,0.01519903,0.06751508,0.76295709,2.39811546,0.05332835,-0.01733679,0.03225792,0.15110021,-22.26358445,0.15748346,0.15110021,-22.26358445,0.15748346,0.15075123,-22.24862995,0.13893031,0.00225324,-0.00173607,0.00090711,0.00104357,-0.00150496,0.00111890
3.480,0.07031328,0.76103218,2.39935710,0.05461961,-0.01892759,0.03352887,0.02477804,-0.00858645,0.01521028,0.06805837,0.76278052,2.39844401,0.05357839,-0.01741670,0.03240725,0.15127041,-22.26668463,0.15859102,0.15127041,-22.26668463,0.15859102,0.15092732,-22.25166698,0.13995319,0.00225491,-0.00174834,0.00091309,0.00104122,-0.00151089,0.00112162
3.490,0.07086072,0.76084247,2.39969315,0.05486748,-0.01901348,0.03368103,0.02479611,-0.00859271,0.01522137,0.06860416,0.76260315,2.39877406,0.05382871,-0.01749674,0.03255669,0.15143773,-22.26979850,0.15970326,0.15143773,-22.26979850,0.15970326,0.15110021,-22.25471602,0.14098096,0.00225656,-0.00176068,0.00091909,0.00103877,-0.00151674,0.00112434
3.500,0.07141063,0.76065191,2.40003072,0.05511553,-0.01909944,0.03383330,0.02481392,-0.00859888,0.01523231,0.06915248,0.76242498,2.39910561,0.05407932,-0.01757690,0.03270622,0.15160159,-22.27292258,0.16082003,0.15160159,-22.27292258,0.16082003,0.15127041,-22.25777594,0.14201361,0.00225815,-0.00177307,0.00092511,0.00103621,-0.00152254,0.00112708
3.510,0.07196303,0.76046048,2.40036981,0.05536376,-0.01918546,0.03398567,0.02483147,-0.00860497,0.01524308,0.06970331,0.76224600,2.39943866,0.05433022,-0.01765719,0.03285585,0.15176292,-22.27606033,0.16194111,0.15176292,-22.27606033,0.16194111,0.15143773,-22.26084948,0.14305088,0.00225972,-0.00178552,0.00093115,0.00103354,-0.00152827,0.00112982
3.520,0.07251791,0.76026820,2.40071043,0.05561216,-0.01927154,0.03413816,0.02484877,-0.00861096,0.01525370,0.07025665,0.76206621,2.39977321,0.05458139,-0.01773759,0.03300558,0.15192101,-22.27920761,0.16306807,0.15192101,-22.27920761,0.16306807,0.15160159,-22.26393318,0.14409265,0.00226126,-0.00179801,0.00093722,0.00103077,-0.00153395,0.00113258
3.530,0.07307527,0.76007505,2.40105258,0.05586073,-0.01935768,0.03429075,0.02486581,-0.00861686,0.01526416,0.07081253,0.76188561,2.40010925,0.05483283,-0.01781811,0.03315540,0.15207580,-22.28236825,0.16420063,0.15207580,-22.28236825,0.16420063,0.15176292,-22.26703050,0.14513867,0.00226274,-0.00181056,0.00094333,0.00102790,-0.00153957,0.00113535
3.540,0.07363512,0.75988104,2.40139625,0.05610947,-0.01944388,0.03444344,0.02488259,-0.00862268,0.01527446,0.07137092,0.76170421,2.40044680,0.05508454,-0.01789874,0.03330532,0.15222773,-22.28554013,0.16533713,0.15222773,-22.28554013,0.16533713,0.15192101,-22.27013728,0.14619053,0.00226420,-0.00182317,0.00094945,0.00102493,-0.00154514,0.00113812
3.550,0.07419746,0.75968617,2.40174145,0.05635838,-0.01953013,0.03459624,0.02489912,-0.00862841,0.01528461,0.07193185,0.76152199,2.40078586,0.05533651,-0.01797949,0.03345534,0.15237673,-22.28872272,0.16647901,0.15237673,-22.28872272,0.16647901,0.15207580,-22.27325738,0.14724793,0.00226561,-0.00183582,0.00095559,0.00102187,-0.00155064,0.00114090
3.560,0.07476229,0.75949044,2.40208817,0.05660746,-0.01961645,0.03474913,0.02491539,-0.00863405,0.01529460,0.07249530,0.76133896,2.40112642,0.05558874,-0.01806035,0.03360545,0.15252274,-22.29191660,0.16762443,0.15252274,-22.29191660,0.16762443,0.15222773,-22.27638866,0.14830923,0.00226699,-0.00184852,0.00096175,0.00101872,-0.00155610,0.00114368
3.570,0.07532961,0.75929384,2.40243643,0.05685669,-0.01970281,0.03490213,0.02493141,-0.00863960,0.01530443,0.07306129,0.76115512,2.40146848,0.05584121,-0.01814132,0.03375566,0.15266546,-22.29512259,0.16877647,0.15266546,-22.29512259,0.16877647,0.15237673,-22.27953060,0.14937586,0.00226832,-0.00186128,0.00096795,0.00101548,-0.00156149,0.00114647
3.580,0.07589942,0.75909638,2.40278622,0.05710608,-0.01978924,0.03505522,0.02494717,-0.00864506,0.01531410,0.07362981,0.76097046,2.40181205,0.05609394,-0.01822240,0.03390596,0.15280497,-22.29833966,0.16993334,0.15280497,-22.29833966,0.16993334,0.15252274,-22.28268378,0.15044600,0.00226961,-0.00187408,0.00097417,0.00101214,-0.00156684,0.00114926
3.590,0.07647173,0.75889806,2.40313753,0.05735563,-0.01987571,0.03520841,0.02496267,-0.00865043,0.01532362,0.07420087,0.76078499,2.40215712,0.05634690,-0.01830359,0.03405636,0.15294170,-22.30156666,0.17109349,0.15294170,-22.30156666,0.17109349,0.15266546,-22.28584902,0.15152269,0.00227086,-0.00188693,0.00098041,0.00100873,-0.00157212,0.00115205
3.600,0.07704654,0.75869887,2.40349038,0.05760534,-0.01996225,0.03536169,0.02497792,-0.00865572,0.01533298,0.07477446,0.76059870,2.40250371,0.05660010,-0.01838487,0.03420685,0.15307562,-22.30480652,0.17225967,0.15307562,-22.30480652,0.17225967,0.15280497,-22.28902530,0.15260418,0.00227208,-0.00189983,0.00098667,0.00100524,-0.00157738,0.00115484
3.610,0.07762384,0.75849881,2.40384477,0.05785519,-0.02004883,0.03551507,0.02499292,-0.00866091,0.01534219,0.07535060,0.76041160,2.40285180,0.05685353,-0.01846626,0.03435743,0.15320593,-22.30805816,0.17343193,0.15320593,-22.30805816,0.17343193,0.15294170,-22.29221145,0.15368891,0.00227324,-0.00191279,0.00099297,0.00100166,-0.00158257,0.00115764
3.620,0.07820364,0.75829789,2.40420069,0.05810519,-0.02013546,0.03566853,0.02500767,-0.00866602,0.01535124,0.07592928,0.76022368,2.40320140,0.05710718,-0.01854774,0.03450810,0.15333321,-22.31131984,0.17460843,0.15333321,-22.31131984,0.17460843,0.15307562,-22.29541042,0.15477962,0.00227436,-0.00192579,0.00099929,0.00099801,-0.00158772,0.00116043
3.630,0.07878594,0.75809610,2.40455814,0.05835534,-0.02022215,0.03582209,0.02502216,-0.00867104,0.01536014,0.07651051,0.76003494,2.40355251,0.05736105,-0.01862932,0.03465886,0.15345743,-22.31459382,0.17578921,0.15345743,-22.31459382,0.17578921,0.15320593,-22.29862113,0.15587635,0.00227543,-0.00193884,0.00100563,0.00099429,-0.00159283,0.00116323
3.640,0.07937075,0.75789345,2.40491713,0.05860564,-0.02030888,0.03597574,0.02503640,-0.00867598,0.01536888,0.07709428,0.75984538,2.40390513,0.05761514,-0.01871099,0.03480972,0.15357905,-22.31787733,0.17697551,0.15357905,-22.31787733,0.17697551,0.15333321,-22.30184184,0.15697729,0.00227647,-0.00195193,0.00101200,0.00099050,-0.00159789,0.00116602
3.650,0.07995806,0.75768993,2.40527765,0.05885607,-0.02039567,0.03612947,0.02505038,-0.00868083,0.01537746,0.07768061,0.75965500,2.40425927,0.05786943,-0.01879275,0.03496066,0.15369729,-22.32117302,0.17816565,0.15369729,-22.32117302,0.17816565,0.15345743,-22.30507480,0.15808246,0.00227745,-0.00196507,0.00101838,0.00098664,-0.00160292,0.00116881
3.660,0.08054787,0.75748553,2.40563972,0.05910664,-0.02048250,0.03628329,0.02506412,-0.00868559,0.01538589,0.07826948,0.75946379,2.40461492,0.05812393,-0.01887460,0.03511170,0.15381224,-22.32448217,0.17936262,0.15381224,-22.32448217,0.17936262,0.15357905,-22.30831726,0.15919311,0.00227839,-0.00197826,0.00102480,0.00098271,-0.00160790,0.00117159
3.670,0.08114019,0.75728028,2.40600332,0.05935735,-0.02056938,0.03643719,0.02507760,-0.00869026,0.01539417,0.07886091,0.75927177,2.40497208,0.05837863,-0.01895653,0.03526282,0.15392438,-22.32779911,0.18056323,0.15392438,-22.32779911,0.18056323,0.15369729,-22.31157186,0.16030757,0.00227928,-0.00199149,0.00103124,0.00097872,-0.00161285,0.00117437
3.680,0.08173502,0.75707415,2.40636846,0.05960819,-0.02065630,0.03659117,0.02509083,-0.00869484,0.01540229,0.07945489,0.75907893,2.40533076,0.05863351,-0.01903854,0.03541403,0.15403355,-22.33112939,0.18176880,0.15403355,-22.33112939,0.18176880,0.15381224,-22.31483988,0.16142879,0.00228013,-0.00200478,0.00103770,0.00097468,-0.00161776,0.00117714
3.690,0.08233236,0.75686715,2.40673514,0.05985917,-0.02074328,0.03674523,0.02510381,-0.00869934,0.01541026,0.08005143,0.75888526,2.40569095,0.05888859,-0.01912063,0.03556532,0.15413986,-22.33447173,0.18297926,0.15413986,-22.33447173,0.18297926,0.15392438,-22.31811565,0.16255362,0.00228093,-0.00201811,0.00104419,0.00097058,-0.00162265,0.00117991
3.700,0.08293220,0.75665928,2.40710337,0.06011027,-0.02083029,0.03689937,0.02511654,-0.00870375,0.01541808,0.08065052,0.75869076,2.40605266,0.05914384,-0.01920280,0.03571670,0.15424254,-22.33782507,0.18419601,0.15424254,-22.33782507,0.18419601,0.15403355,-22.32140474,0.16368338,0.00228168,-0.00203148,0.00105071,0.00096643,-0.00162749,0.00118267
3.710,0.08353456,0.75645054,2.40747313,0.06036150,-0.02091735,0.03705359,0.02512903,-0.00870808,0.01542574,0.08125218,0.75849545,2.40641588,0.05939928,-0.01928503,0.03586817,0.15434269,-22.34119007,0.18541594,0.15434269,-22.34119007,0.18541594,0.15413986,-22.32470586,0.16481798,0.00228238,-0.00204491,0.00105725,0.00096222,-0.00163232,0.00118542
3.720,0.08413943,0.75624093,2.40784444,0.06061285,-0.02100445,0.03720789,0.02514126,-0.00871232,0.01543325,0.08185640,0.75829930,2.40678063,0.05965488,-0.01936734,0.03601972,0.15443968,-22.34456633,0.18664187,0.15443968,-22.34456633,0.18664187,0.15424254,-22.32801794,0.16595882,0.00228303,-0.00205837,0.00106381,0.00095797,-0.00163711,0.00118817
3.730,0.08474682,0.75603045,2.40821729,0.06086432,-0.02109160,0.03736226,0.02515324,-0.00871647,0.01544060,0.08246318,0.75810234,2.40714689,0.05991065,-0.01944971,0.03617135,0.15453400,-22.34795422,0.18787215,0.15453400,-22.34795422,0.18787215,0.15434269,-22.33134165,0.16710281,0.00228364,-0.00207189,0.00107040,0.00095367,-0.00164189,0.00119091
3.740,0.08535672,0.75581910,2.40859168,0.06111591,-0.02117878,0.03751670,0.02516497,-0.00872054,0.01544781,0.08307252,0.75790454,2.40751467,0.06016658,-0.01953215,0.03632307,0.15462513,-22.35135300,0.18910664,0.15462513,-22.35135300,0.18910664,0.15443968,-22.33467660,0.16825276,0.00228420,-0.00208544,0.00107701,0.00094933,-0.00164663,0.00119363
3.750,0.08596914,0.75560688,2.40896762,0.06136762,-0.02126601,0.03767121,0.02517646,-0.00872452,0.01545486,0.08368443,0.75770592,2.40788397,0.06042266,-0.01961465,0.03647487,0.15471356,-22.35476340,0.19034674,0.15471356,-22.35476340,0.19034674,0.15453400,-22.33802314,0.16940701,0.00228471,-0.00209904,0.00108365,0.00094496,-0.00165136,0.00119634
3.760,0.08658407,0.75539378,2.40934511,0.06161944,-0.02135327,0.03782580,0.02518770,-0.00872841,0.01546175,0.08429891,0.75750647,2.40825480,0.06067890,-0.01969721,0.03662676,0.15479866,-22.35818673,0.19159249,0.15479866,-22.35818673,0.19159249,0.15462513,-22.34138056,0.17056544,0.00228516,-0.00211269,0.00109031,0.00094054,-0.00165606,0.00119904
3.770,0.08720153,0.75517981,2.40972414,0.06187137,-0.02144058,0.03798045,0.02519869,-0.00873222,0.01546850,0.08491595,0.75730619,2.40862714,0.06093528,-0.01977983,0.03677871,0.15488144,-22.36162171,0.19284210,0.15488144,-22.36162171,0.19284210,0.15471356,-22.34474956,0.17172944,0.00228558,-0.00212638,0.00109700,0.00093609,-0.00166075,0.00120174
3.780,0.08782150,0.75496497,2.41010472,0.06212341,-0.02152792,0.03813517,0.02520943,-0.00873594,0.01547510,0.08553556,0.75710509,2.40900101,0.06119180,-0.01986249,0.03693075,0.15496088,-22.36506762,0.19409702,0.15496088,-22.36506762,0.19409702,0.15479866,-22.34813148,0.17289906,0.00228594,-0.00214012,0.00110371,0.00093161,-0.00166543,0.00120442
3.790,0.08844399,0.75474925,2.41048684,0.06237556,-0.02161529,0.03828995,0.02521993,-0.00873958,0.01548154,0.08615775,0.75690315,2.40937640,0.06144845,-0.01994521,0.03708287,0.15503749,-22.36852646,0.19535556,0.15503749,-22.36852646,0.19535556,0.15488144,-22.35152502,0.17407249,0.00228624,-0.00215390,0.00111044,0.00092711,-0.00167008,0.00120708
3.800,0.08906901,0.75453266,2.41087052,0.06262781,-0.02170271,0.03844480,0.02523018,-0.00874313,0.01548783,0.08678250,0.75670039,2.40975332,0.06170523,-0.02002798,0.03723506,0.15511164,-22.37199696,0.19662073,0.15511164,-22.37199696,0.19662073,0.15496088,-22.35492947,0.17525120,0.00228651,-0.00216773,0.00111720,0.00092258,-0.00167473,0.00120974
3.810,0.08969655,0.75431520,2.41125574,0.06288016,-0.02179016,0.03859970,0.02524018,-0.00874660,0.01549397,0.08740983,0.75649680,2.41013176,0.06196214,-0.02011080,0.03738733,0.15518285,-22.37547844,0.19788926,0.15518285,-22.37547844,0.19788926,0.15503749,-22.35834684,0.17643350,0.00228672,-0.00218160,0.00112398,0.00091802,-0.00167936,0.00121237
3.820,0.09032662,0.75409686,2.41164251,0.06313261,-0.02187764,0.03875467,0.02524994,-0.00874998,0.01549996,0.08803973,0.75629238,2.41051173,0.06221917,-0.02019366,0.03753967,0.15525161,-22.37897289,0.19916274,0.15525161,-22.37897289,0.19916274,0.15511164,-22.36177584,0.17762238,0.00228689,-0.00219552,0.00113078,0.00091344,-0.00168398,0.00121500
3.830,0.09095920,0.75387765,2.41203083,0.06338516,-0.02196516,0.03890970,0.02525945,-0.00875328,0.01550580,0.08867221,0.75608712,2.41089322,0.06247631,-0.02027656,0.03769209,0.15531694,-22.38247871,0.20044100,0.15531694,-22.38247871,0.20044100,0.15518285,-22.36521581,0.17881460,0.00228699,-0.00220947,0.00113761,0.00090885,-0.00168860,0.00121761
3.840,0.09159432,0.75365756,2.41242071,0.06363780,-0.02205270,0.03906479,0.02526872,-0.00875649,0.01551149,0.08930726,0.75588104,2.41127624,0.06273356,-0.02035950,0.03784457,0.15538021,-22.38599722,0.20172548,0.15538021,-22.38599722,0.20172548,0.15525161,-22.36866873,0.18001173,0.00228706,-0.00222348,0.00114447,0.00090424,-0.00169320,0.00122022
3.850,0.09223196,0.75343659,2.41281213,0.06389054,-0.02214028,0.03921993,0.02527775,-0.00875962,0.01551703,0.08994489,0.75567413,2.41166079,0.06299092,-0.02044248,0.03799712,0.15544057,-22.38952916,0.20301301,0.15544057,-22.38952916,0.20301301,0.15531694,-22.37213300,0.18121361,0.00228707,-0.00223754,0.00115134,0.00089962,-0.00169780,0.00122281
3.860,0.09287213,0.75321475,2.41320510,0.06414336,-0.02222790,0.03937513,0.02528653,-0.00876266,0.01552242,0.09058510,0.75546638,2.41204687,0.06324838,-0.02052549,0.03814975,0.15549828,-22.39307252,0.20430506,0.15549828,-22.39307252,0.20430506,0.15538021,-22.37560995,0.18242167,0.00228703,-0.00225163,0.00115823,0.00089498,-0.00170241,0.00122538
3.870,0.09351483,0.75299203,2.41359963,0.06439627,-0.02231554,0.03953038,0.02529507,-0.00876562,0.01552766,0.09122789,0.75525780,2.41243447,0.06350593,-0.02060854,0.03830243,0.15555348,-22.39662863,0.20560297,0.15555348,-22.39662863,0.20560297,0.15544057,-22.37910032,0.18363276,0.00228694,-0.00226577,0.00116516,0.00089034,-0.00170700,0.00122795
3.880,0.09416006,0.75276844,2.41399571,0.06464926,-0.02240321,0.03968568,0.02530336,-0.00876849,0.01553276,0.09187325,0.75504840,2.41282361,0.06376357,-0.02069162,0.03845519,0.15560606,-22.40019586,0.20690522,0.15560606,-22.40019586,0.20690522,0.15549828,-22.38260209,0.18484834,0.00228681,-0.00227996,0.00117210,0.00088569,-0.00171159,0.00123049
3.890,0.09480781,0.75254397,2.41439335,0.06490233,-0.02249091,0.03984104,0.02531141,-0.00877128,0.01553770,0.09252120,0.75483816,2.41321427,0.06402130,-0.02077473,0.03860800,0.15565554,-22.40377621,0.20821330,0.15565554,-22.40377621,0.20821330,0.15555348,-22.38611660,0.18606975,0.00228661,-0.00229419,0.00117908,0.00088103,-0.00171618,0.00123304
3.900,0.09545810,0.75231862,2.41479253,0.06515549,-0.02257863,0.03999644,0.02531922,-0.00877399,0.01554249,0.09317172,0.75462708,2.41360646,0.06427911,-0.02085787,0.03876088,0.15570306,-22.40736939,0.20952395,0.15570306,-22.40736939,0.20952395,0.15560606,-22.38964221,0.18729546,0.00228638,-0.00230846,0.00118607,0.00087638,-0.00172076,0.00123556
3.910,0.09611092,0.75209240,2.41519327,0.06540872,-0.02266639,0.04015188,0.02532679,-0.00877661,0.01554714,0.09382483,0.75441518,2.41400019,0.06453700,-0.02094103,0.03891382,0.15574789,-22.41097408,0.21084005,0.15574789,-22.41097408,0.21084005,0.15565554,-22.39318095,0.18852698,0.00228609,-0.00232278,0.00119308,0.00087172,-0.00172536,0.00123806
3.920,0.09676628,0.75186530,2.41559557,0.06566202,-0.02275417,0.04030738,0.02533411,-0.00877915,0.01555163,0.09448052,0.75420244,2.41439545,0.06479496,-0.02102422,0.03906682,0.15579057,-22.41459164,0.21216180,0.15579057,-22.41459164,0.21216180,0.15570306,-22.39673249,0.18976104,0.00228576,-0.00233714,0.00120012,0.00086706,-0.00172995,0.00124056
3.930,0.09742416,0.75163731,2.41599942,0.06591540,-0.02284197,0.04046292,0.02534120,-0.00878160,0.01555598,0.09513879,0.75398887,2.41479224,0.06505299,-0.02110744,0.03921988,0.15583023,-22.41822409,0.21348746,0.15583023,-22.41822409,0.21348746,0.15574789,-22.40029554,0.19100053,0.00228537,-0.00235156,0.00120718,0.00086241,-0.00173453,0.00124304
3.940,0.09808458,0.75140846,2.41640483,0.06616884,-0.02292980,0.04061850,0.02534804,-0.00878397,0.01556018,0.09579964,0.75377446,2.41519056,0.06531108,-0.02119068,0.03937299,0.15586766,-22.42186581,0.21481843,0.15586766,-22.42186581,0.21481843,0.15579057,-22.40387144,0.19224564,0.00228494,-0.00236600,0.00121427,0.00085776,-0.00173912,0.00124551
3.950,0.09874754,0.75117872,2.41681179,0.06642236,-0.02301765,0.04077412,0.02535464,-0.00878626,0.01556424,0.09646308,0.75355923,2.41559042,0.06556923,-0.02127394,0.03952616,0.15590313,-22.42552243,0.21615315,0.15590313,-22.42552243,0.21615315,0.15583023,-22.40746224,0.19349463,0.00228446,-0.00238051,0.00122137,0.00085313,-0.00174371,0.00124796
3.960,0.09941303,0.75094810,2.41722031,0.06667594,-0.02310552,0.04092978,0.02536101,-0.00878847,0.01556814,0.09712910,0.75334316,2.41599181,0.06582744,-0.02135721,0.03967938,0.15593592,-22.42919199,0.21749305,0.15593592,-22.42919199,0.21749305,0.15586766,-22.41106228,0.19474890,0.00228393,-0.00239506,0.00122850,0.00084850,-0.00174831,0.00125040
3.970,0.10008106,0.75071661,2.41763039,0.06692958,-0.02319342,0.04108548,0.02536713,-0.00879059,0.01557190,0.09779770,0.75312625,2.41639473,0.06608570,-0.02144051,0.03983265,0.15596656,-22.43287286,0.21883811,0.15596656,-22.43287286,0.21883811,0.15590313,-22.41467723,0.19600691,0.00228336,-0.00240964,0.00123566,0.00084388,-0.00175291,0.00125283
3.980,0.10075162,0.75048423,2.41804202,0.06718328,-0.02328133,0.04124122,0.02537302,-0.00879263,0.01557551,0.09846889,0.75290852,2.41679919,0.06634400,-0.02152383,0.03998598,0.15599459,-22.43656835,0.22018677,0.15599459,-22.43656835,0.22018677,0.15593592,-22.41830510,0.19727008,0.00228273,-0.00242429,0.00124283,0.00083928,-0.00175750,0.00125524
3.990,0.10142473,0.75025098,2.41845521,0.06743704,-0.02336927,0.04139699,0.02537866,-0.00879459,0.01557898,0.09914267,0.75268994,2.41720519,0.06660235,-0.02160716,0.04013935,0.15602102,-22.44027517,0.22154036,0.15602102,-22.44027517,0.22154036,0.15596656,-22.42194428,0.19853838,0.00228206,-0.00243896,0.00125002,0.00083469,-0.00176211,0.00125764
4.000,0.10210036,0.75001685,2.41886996,0.06769085,-0.02345723,0.04155280,0.02538407,-0.00879646,0.01558230,0.09981903,0.75247054,2.41761272,0.06686073,-0.02169051,0.04029277,0.15604428,-22.44399498,0.22289895,0.15604428,-22.44399498,0.22289895,0.15599459,-22.42559807,0.19981025,0.00228133,-0.00245369,0.00125724,0.00083012,-0.00176672,0.00126003
4.010,0.10277854,0.74978184,2.41928627,0.06794472,-0.02354520,0.04170864,0.02538924,-0.00879825,0.01558547,0.10049797,0.75225030,2.41802179,0.06711915,-0.02177388,0.04044624,0.15606602,-22.44772746,0.22426241,0.15606602,-22.44772746,0.22426241,0.15602102,-22.42926318,0.20108703,0.00228057,-0.00246846,0.00126448,0.00082557,-0.00177132,0.00126240
4.020,0.10345926,0.74954594,2.41970413,0.06819863,-0.02363319,0.04186451,0.02539417,-0.00879996,0.01558850,0.10117950,0.75202922,2.41843239,0.06737760,-0.02185726,0.04059975,0.15608553,-22.45147498,0.22562920,0.15608553,-22.45147498,0.22562920,0.15604428,-22.43294128,0.20236880,0.00227976,-0.00248328,0.00127174,0.00082103,-0.00177593,0.00126476
4.030,0.10414252,0.74930917,2.42012356,0.06845260,-0.02372120,0.04202041,0.02539886,-0.00880159,0.01559138,0.10186362,0.75180732,2.41884453,0.06763608,-0.02194065,0.04075331,0.15610310,-22.45523355,0.22700226,0.15610310,-22.45523355,0.22700226,0.15606602,-22.43663204,0.20365542,0.00227890,-0.00249815,0.00127903,0.00081652,-0.00178055,0.00126710
4.040,0.10482831,0.74907152,2.42054454,0.06870661,-0.02380922,0.04217633,0.02540332,-0.00880313,0.01559412,0.10255032,0.75158457,2.41925821,0.06789458,-0.02202406,0.04090691,0.15611801,-22.45900483,0.22837851,0.15611801,-22.45900483,0.22837851,0.15608553,-22.44033784,0.20494535,0.00227799,-0.00251305,0.00128633,0.00081203,-0.00178516,0.00126942
4.050,0.10551665,0.74883299,2.42096709,0.06896066,-0.02389726,0.04233229,0.02540754,-0.00880459,0.01559671,0.10323960,0.75136100,2.41967342,0.06815310,-0.02210748,0.04106054,0.15613131,-22.46278916,0.22976105,0.15613131,-22.46278916,0.22976105,0.15610310,-22.44405468,0.20624154,0.00227705,-0.00252801,0.00129367,0.00080756,-0.00178978,0.00127175
4.060,0.10620753,0.74859358,2.42139119,0.06921476,-0.02398531,0.04248827,0.02541153,-0.00880598,0.01559916,0.10393148,0.75113658,2.42009017,0.06841164,-0.02219092,0.04121422,0.15614265,-22.46658623,0.23114672,0.15614265,-22.46658623,0.23114672,0.15611801,-22.44778422,0.20754089,0.00227605,-0.00254300,0.00130102,0.00080312,-0.00179439,0.00127405
4.070,0.10690094,0.74835328,2.42181685,0.06946889,-0.02407338,0.04264427,0.02541528,-0.00880728,0.01560146,0.10462593,0.75091134,2.42050846,0.06867019,-0.02227436,0.04136793,0.15615134,-22.47039840,0.23253692,0.15615134,-22.47039840,0.23253692,0.15613131,-22.45152681,0.20884652,0.00227501,-0.00255806,0.00130839,0.00079870,-0.00179902,0.00127634
4.080,0.10759690,0.74811211,2.42224407,0.06972307,-0.02416146,0.04280030,0.02541879,-0.00880849,0.01560362,0.10532298,0.75068525,2.42092829,0.06892874,-0.02235781,0.04152167,0.15615866,-22.47422133,0.23393178,0.15615866,-22.47422133,0.23393178,0.15614265,-22.45528214,0.21015526,0.00227392,-0.00257314,0.00131578,0.00079433,-0.00180365,0.00127863
4.090,0.10829540,0.74787005,2.42267286,0.06997727,-0.02424955,0.04295634,0.02542207,-0.00880963,0.01560563,0.10602261,0.75045834,2.42134966,0.06918730,-0.02244128,0.04167545,0.15616379,-22.47805903,0.23533258,0.15616379,-22.47805903,0.23533258,0.15615134,-22.45905256,0.21146853,0.00227279,-0.00258829,0.00132320,0.00078997,-0.00180827,0.00128089
4.100,0.10899645,0.74762712,2.42310320,0.07023151,-0.02433765,0.04311241,0.02542512,-0.00881068,0.01560750,0.10672482,0.75023059,2.42177257,0.06944587,-0.02252475,0.04182925,0.15616751,-22.48190752,0.23673653,0.15616751,-22.48190752,0.23673653,0.15615866,-22.46283374,0.21278644,0.00227163,-0.00260347,0.00133063,0.00078564,-0.00181290,0.00128316
4.110,0.10970003,0.74738330,2.42353511,0.07048577,-0.02442576,0.04326849,0.02542793,-0.00881166,0.01560922,0.10742962,0.75000200,2.42219701,0.06970443,-0.02260824,0.04198309,0.15616864,-22.48577077,0.23814636,0.15616864,-22.48577077,0.23814636,0.15616379,-22.46662968,0.21411028,0.00227041,-0.00261870,0.00133810,0.00078134,-0.00181752,0.00128540
4.120,0.11040616,0.74713860,2.42396857,0.07074006,-0.02451388,0.04342459,0.02543051,-0.00881255,0.01561081,0.10813701,0.74977258,2.42262300,0.06996299,-0.02269173,0.04213695,0.15616833,-22.48964683,0.23955921,0.15616833,-22.48964683,0.23955921,0.15616751,-22.47043641,0.21543726,0.00226915,-0.00263398,0.00134557,0.00077707,-0.00182215,0.00128764
4.130,0.11111484,0.74689302,2.42440360,0.07099438,-0.02460201,0.04358071,0.02543285,-0.00881337,0.01561225,0.10884698,0.74954232,2.42305052,0.07022153,-0.02277524,0.04229084,0.15616663,-22.49353568,0.24097800,0.15616663,-22.49353568,0.24097800,0.15616864,-22.47425790,0.21677011,0.00226786,-0.00264930,0.00135308,0.00077285,-0.00182677,0.00128987
4.140,0.11182605,0.74664656,2.42484019,0.07124872,-0.02469015,0.04373684,0.02543497,-0.00881410,0.01561354,0.10955954,0.74931123,2.42347959,0.07048007,-0.02285875,0.04244475,0.15616247,-22.49743732,0.24240119,0.15616247,-22.49743732,0.24240119,0.15616833,-22.47809219,0.21810596,0.00226651,-0.00266467,0.00136060,0.00076865,-0.00183140,0.00129209
4.150,0.11253981,0.74639922,2.42527833,0.07150308,-0.02477829,0.04389298,0.02543684,-0.00881475,0.01561470,0.11027468,0.74907930,2.42391019,0.07073859,-0.02294227,0.04259869,0.15615689,-22.50135141,0.24382724,0.15615689,-22.50135141,0.24382724,0.15616663,-22.48193926,0.21944776,0.00226513,-0.00268008,0.00136814,0.00076449,-0.00183602,0.00129429
4.160,0.11325611,0.74615100,2.42571804,0.07175746,-0.02486645,0.04404913,0.02543849,-0.00881532,0.01561571,0.11099241,0.74884653,2.42434234,0.07099710,-0.02302580,0.04275265,0.15614945,-22.50527865,0.24525913,0.15614945,-22.50527865,0.24525913,0.15616247,-22.48579913,0.22079393,0.00226370,-0.00269553,0.00137570,0.00076036,-0.00184065,0.00129648
4.170,0.11397496,0.74590189,2.42615932,0.07201185,-0.02495460,0.04420529,0.02543991,-0.00881581,0.01561658,0.11171272,0.74861294,2.42477602,0.07125558,-0.02310934,0.04290662,0.15614057,-22.50922004,0.24669694,0.15614057,-22.50922004,0.24669694,0.15615689,-22.48967144,0.22214297,0.00226224,-0.00271105,0.00138330,0.00075627,-0.00184526,0.00129867
4.180,0.11469635,0.74565190,2.42660215,0.07226625,-0.02504276,0.04436146,0.02544109,-0.00881622,0.01561730,0.11243561,0.74837850,2.42521125,0.07151404,-0.02319288,0.04306061,0.15612981,-22.51317427,0.24813768,0.15612981,-22.51317427,0.24813768,0.15614945,-22.49355690,0.22349785,0.00226074,-0.00272660,0.00139090,0.00075221,-0.00184988,0.00130085
4.190,0.11542029,0.74540103,2.42704655,0.07252067,-0.02513093,0.04451764,0.02544205,-0.00881655,0.01561789,0.11316109,0.74814323,2.42564802,0.07177247,-0.02327643,0.04321461,0.15611784,-22.51714133,0.24958427,0.15611784,-22.51714133,0.24958427,0.15614057,-22.49745649,0.22485863,0.00225920,-0.00274220,0.00139853,0.00074820,-0.00185450,0.00130303
4.200,0.11614676,0.74514928,2.42749250,0.07277509,-0.02521909,0.04467382,0.02544277,-0.00881680,0.01561833,0.11388915,0.74790712,2.42608632,0.07203087,-0.02335999,0.04336863,0.15610347,-22.52112050,0.25103366,0.15610347,-22.52112050,0.25103366,0.15612981,-22.50136894,0.22622234,0.00225761,-0.00275784,0.00140618,0.00074422,-0.00185910,0.00130519
4.210,0.11687579,0.74489665,2.42794002,0.07302952,-0.02530726,0.04483000,0.02544326,-0.00881697,0.01561864,0.11461979,0.74767018,2.42652617,0.07228924,-0.02344356,0.04352266,0.15608837,-22.52511247,0.25248880,0.15608837,-22.52511247,0.25248880,0.15611784,-22.50529420,0.22759189,0.00225600,-0.00277353,0.00141385,0.00074028,-0.00186370,0.00130734
4.220,0.11760735,0.74464314,2.42838910,0.07328396,-0.02539543,0.04498619,0.02544353,-0.00881706,0.01561880,0.11535302,0.74743240,2.42696756,0.07254758,-0.02352713,0.04367670,0.15607109,-22.52911692,0.25394838,0.15607109,-22.52911692,0.25394838,0.15610347,-22.50923157,0.22896425,0.00225433,-0.00278926,0.00142154,0.00073638,-0.00186830,0.00130949
4.230,0.11834147,0.74438874,2.42883975,0.07353839,-0.02548360,0.04514238,0.02544356,-0.00881708,0.01561882,0.11608883,0.74719379,2.42741049,0.07280587,-0.02361071,0.04383075,0.15605296,-22.53313588,0.25541379,0.15605296,-22.53313588,0.25541379,0.15608837,-22.51318174,0.23034235,0.00225264,-0.00280505,0.00142926,0.00073252,-0.00187289,0.00131163
4.240,0.11907812,0.74413347,2.42929195,0.07379283,-0.02557177,0.04529857,0.02544337,-0.00881701,0.01561870,0.11682722,0.74695434,2.42785496,0.07306413,-0.02369430,0.04398481,0.15603276,-22.53716534,0.25688206,0.15603276,-22.53716534,0.25688206,0.15607109,-22.51714439,0.23172489,0.00225090,-0.00282087,0.00143699,0.00072870,-0.00187747,0.00131376
4.250,0.11981732,0.74387731,2.42974572,0.07404726,-0.02565994,0.04545475,0.02544294,-0.00881686,0.01561844,0.11756819,0.74671405,2.42830097,0.07332234,-0.02377790,0.04413887,0.15601131,-22.54120927,0.25835604,0.15601131,-22.54120927,0.25835604,0.15605296,-22.52112153,0.23311326,0.00224913,-0.00283674,0.00144475,0.00072492,-0.00188204,0.00131588
4.260,0.12055907,0.74362027,2.43020105,0.07430169,-0.02574811,0.04561094,0.02544229,-0.00881664,0.01561804,0.11831174,0.74647293,2.42874852,0.07358050,-0.02386150,0.04429294,0.15598879,-22.54526573,0.25983450,0.15598879,-22.54526573,0.25983450,0.15603276,-22.52510919,0.23450448,0.00224733,-0.00285266,0.00145253,0.00072119,-0.00188661,0.00131800
4.270,0.12130336,0.74336235,2.43065794,0.07455611,-0.02583627,0.04576711,0.02544141,-0.00881633,0.01561750,0.11905787,0.74623097,2.42919761,0.07383862,-0.02394510,0.04444701,0.15596465,-22.54933435,0.26131713,0.15596465,-22.54933435,0.26131713,0.15601131,-22.52911131,0.23590142,0.00224549,-0.00286862,0.00146033,0.00071749,-0.00189117,0.00132010
4.280,0.12205019,0.74310354,2.43111639,0.07481051,-0.02592444,0.04592329,0.02544031,-0.00881595,0.01561682,0.11980657,0.74598817,2.42964824,0.07409668,-0.02402872,0.04460109,0.15593880,-22.55341782,0.26280424,0.15593880,-22.55341782,0.26280424,0.15598879,-22.53312595,0.23730284,0.00224362,-0.00288463,0.00146815,0.00071383,-0.00189572,0.00132220
4.290,0.12279957,0.74284386,2.43157640,0.07506491,-0.02601259,0.04607945,0.02543897,-0.00881549,0.01561600,0.12055786,0.74574454,2.43010042,0.07435470,-0.02411234,0.04475517,0.15591206,-22.55751112,0.26429557,0.15591206,-22.55751112,0.26429557,0.15596465,-22.53715275,0.23870843,0.00224171,-0.00290068,0.00147598,0.00071021,-0.00190025,0.00132428
4.300,0.12355149,0.74258329,2.43203798,0.07531929,-0.02610075,0.04623561,0.02543741,-0.00881495,0.01561505,0.12131173,0.74550007,2.43055413,0.07461265,-0.02419596,0.04490925,0.15588373,-22.56161928,0.26579285,0.15588373,-22.56161928,0.26579285,0.15593880,-22.54119440,0.24011850,0.00223976,-0.00291678,0.00148385,0.00070664,-0.00190479,0.00132636
4.310,0.12430595,0.74232184,2.43250111,0.07557366,-0.02618889,0.04639175,0.02543563,-0.00881433,0.01561395,0.12206817,0.74525477,2.43100939,0.07487055,-0.02427959,0.04506332,0.15585401,-22.56573930,0.26729295,0.15585401,-22.56573930,0.26729295,0.15591206,-22.54524587,0.24153280,0.00223778,-0.00293293,0.00149172,0.00070311,-0.00190930,0.00132843
4.320,0.12506296,0.74205951,2.43296581,0.07582800,-0.02627703,0.04654788,0.02543362,-0.00881363,0.01561272,0.12282719,0.74500862,2.43146618,0.07512838,-0.02436323,0.04521739,0.15582322,-22.56987185,0.26879896,0.15582322,-22.56987185,0.26879896,0.15588373,-22.54931221,0.24295305,0.00223577,-0.00294911,0.00149963,0.00069962,-0.00191380,0.00133049
4.330,0.12582251,0.74179630,2.43343207,0.07608233,-0.02636516,0.04670400,0.02543138,-0.00881286,0.01561134,0.12358878,0.74476165,2.43192452,0.07538615,-0.02444687,0.04537145,0.15579114,-22.57401662,0.27030946,0.15579114,-22.57401662,0.27030946,0.15585401,-22.55339040,0.24437613,0.00223373,-0.00296535,0.00150755,0.00069618,-0.00191829,0.00133255
4.340,0.12658461,0.74153221,2.43389989,0.07633663,-0.02645329,0.04686011,0.02542892,-0.00881200,0.01560983,0.12435295,0.74451383,2.43238440,0.07564386,-0.02453052,0.04552550,0.15575812,-22.57817396,0.27182447,0.15575812,-22.57817396,0.27182447,0.15582322,-22.55748112,0.24580513,0.00223166,-0.00298162,0.00151549,0.00069277,-0.00192277,0.00133461
4.350,0.12734924,0.74126724,2.43436927,0.07659091,-0.02654140,0.04701620,0.02542623,-0.00881107,0.01560818,0.12511970,0.74426518,2.43284581,0.07590150,-0.02461417,0.04567955,0.15572332,-22.58234319,0.27334394,0.15572332,-22.58234319,0.27334394,0.15579114,-22.56158406,0.24723862,0.00222954,-0.00299794,0.00152346,0.00068941,-0.00192723,0.00133665
4.360,0.12811643,0.74100138,2.43484022,0.07684516,-0.02662951,0.04717227,0.02542333,-0.00881006,0.01560640,0.12588901,0.74401569,2.43330877,0.07615907,-0.02469782,0.04583358,0.15568819,-22.58652703,0.27486939,0.15568819,-22.58652703,0.27486939,0.15575812,-22.56569957,0.24867663,0.00222742,-0.00301431,0.00153145,0.00068609,-0.00193169,0.00133869
4.370,0.12888615,0.74073465,2.43531272,0.07709937,-0.02671760,0.04732833,0.02542019,-0.00880898,0.01560447,0.12666090,0.74376537,2.43377327,0.07641656,-0.02478148,0.04598760,0.15565118,-22.59072081,0.27639799,0.15565118,-22.59072081,0.27639799,0.15572332,-22.56982696,0.25011910,0.00222525,-0.00303072,0.00153945,0.00068281,-0.00193612,0.00134073
4.380,0.12965841,0.74046703,2.43578678,0.07735356,-0.02680569,0.04748436,0.02541683,-0.00880781,0.01560241,0.12743537,0.74351421,2.43423930,0.07667398,-0.02486514,0.04614161,0.15561308,-22.59492919,0.27793100,0.15561308,-22.59492919,0.27793100,0.15568819,-22.57396896,0.25156757,0.00222304,-0.00304718,0.00154748,0.00067958,-0.00194055,0.00134275
4.390,0.13043322,0.74019853,2.43626241,0.07760771,-0.02689376,0.04764038,0.02541325,-0.00880657,0.01560022,0.12821240,0.74326221,2.43470688,0.07693133,-0.02494881,0.04629561,0.15557423,-22.59914954,0.27947022,0.15557423,-22.59914954,0.27947022,0.15565118,-22.57812090,0.25301919,0.00222082,-0.00306368,0.00155553,0.00067638,-0.00194495,0.00134477
4.400,0.13121057,0.73992916,2.43673959,0.07786182,-0.02698182,0.04779637,0.02540945,-0.00880526,0.01559788,0.12899200,0.74300937,2.43517600,0.07718860,-0.02503248,0.04644959,0.15553419,-22.60338022,0.28101251,0.15553419,-22.60338022,0.28101251,0.15561308,-22.58228745,0.25447524,0.00221857,-0.00308021,0.00156359,0.00067322,-0.00194934,0.00134678
4.410,0.13199046,0.73965890,2.43721833,0.07811590,-0.02706987,0.04795233,0.02540543,-0.00880386,0.01559541,0.12977418,0.74275570,2.43564665,0.07744578,-0.02511615,0.04660356,0.15549315,-22.60762520,0.28255935,0.15549315,-22.60762520,0.28255935,0.15557423,-22.58646596,0.25593749,0.00221628,-0.00309680,0.00157168,0.00067012,-0.00195372,0.00134877
4.420,0.13277288,0.73938776,2.43769864,0.07836993,-0.02715790,0.04810827,0.02540118,-0.00880239,0.01559280,0.13055892,0.74250119,2.43611884,0.07770289,-0.02519982,0.04675750,0.15545042,-22.61188222,0.28411246,0.15545042,-22.61188222,0.28411246,0.15553419,-22.59065480,0.25740283,0.00221396,-0.00311343,0.00157980,0.00066704,-0.00195808,0.00135077
4.430,0.13355785,0.73911574,2.43818050,0.07862392,-0.02724591,0.04826419,0.02539671,-0.00880084,0.01559006,0.13134623,0.74224585,2.43659258,0.07795991,-0.02528350,0.04691143,0.15540720,-22.61615130,0.28566890,0.15540720,-22.61615130,0.28566890,0.15549315,-22.59485794,0.25887275,0.00221162,-0.00313011,0.00158792,0.00066401,-0.00196241,0.00135276
4.440,0.13434536,0.73884284,2.43866392,0.07887786,-0.02733391,0.04842008,0.02539203,-0.00879922,0.01558718,0.13213611,0.74198967,2.43706785,0.07821684,-0.02536717,0.04706534,0.15536294,-22.62043279,0.28723008,0.15536294,-22.62043279,0.28723008,0.15545042,-22.59907312,0.26034893,0.00220925,-0.00314683,0.00159607,0.00066102,-0.00196674,0.00135474
4.450,0.13513541,0.73856906,2.43914890,0.07913176,-0.02742190,0.04857593,0.02538712,-0.00879752,0.01558417,0.13292855,0.74173265,2.43754466,0.07847369,-0.02545085,0.04721922,0.15531782,-22.62472672,0.28879597,0.15531782,-22.62472672,0.28879597,0.15540720,-22.60330036,0.26182846,0.00220686,-0.00316359,0.00160424,0.00065807,-0.00197105,0.00135671
4.460,0.13592800,0.73829440,2.43963544,0.07938561,-0.02750986,0.04873176,0.02538199,-0.00879574,0.01558102,0.13372356,0.74147479,2.43802300,0.07873045,-0.02553453,0.04737308,0.15527179,-22.62903243,0.29036685,0.15527179,-22.62903243,0.29036685,0.15536294,-22.60754001,0.26331275,0.00220444,-0.00318039,0.00161244,0.00065516,-0.00197533,0.00135868
4.470,0.13672312,0.73801886,2.44012354,0.07963940,-0.02759781,0.04888755,0.02537664,-0.00879389,0.01557774,0.13452113,0.74121610,2.43850289,0.07898711,-0.02561820,0.04752692,0.15522430,-22.63335064,0.29194256,0.15522430,-22.63335064,0.29194256,0.15531782,-22.61179211,0.26480176,0.00220199,-0.00319724,0.00162065,0.00065229,-0.00197961,0.00136063
4.480,0.13752079,0.73774245,2.44061319,0.07989314,-0.02768574,0.04904331,0.02537107,-0.00879196,0.01557432,0.13532126,0.74095657,2.43898431,0.07924368,-0.02570188,0.04768073,0.15517655,-22.63767904,0.29352178,0.15517655,-22.63767904,0.29352178,0.15527179,-22.61605598,0.26629577,0.00219953,-0.00321412,0.00162888,0.00064946,-0.00198386,0.00136258
4.490,0.13832099,0.73746515,2.44110440,0.08014682,-0.02777365,0.04919904,0.02536529,-0.00878995,0.01557077,0.13612396,0.74069621,2.43946727,0.07950016,-0.02578556,0.04783451,0.15512747,-22.64202164,0.29510603,0.15512747,-22.64202164,0.29510603,0.15522430,-22.62033235,0.26779464,0.00219703,-0.00323106,0.00163713,0.00064666,-0.00198809,0.00136453
4.500,0.13912372,0.73718697,2.44159717,0.08040044,-0.02786154,0.04935473,0.02535928,-0.00878787,0.01556708,0.13692921,0.74043500,2.43995176,0.07975654,-0.02586923,0.04798826,0.15507714,-22.64637652,0.29669533,0.15507714,-22.64637652,0.29669533,0.15517655,-22.62461891,0.26929702,0.00219451,-0.00324803,0.00164541,0.00064390,-0.00199231,0.00136647
4.510,0.13992899,0.73690792,2.44209150,0.08065400,-0.02794941,0.04951038,0.02535306,-0.00878571,0.01556326,0.13773703,0.74017296,2.44043779,0.08001282,-0.02595290,0.04814198,0.15502613,-22.65074173,0.29828977,0.15502613,-22.65074173,0.29828977,0.15512747,-22.62891968,0.27080446,0.00219196,-0.00326504,0.00165371,0.00064118,-0.00199651,0.00136840
4.520,0.14073680,0.73662798,2.44258738,0.08090750,-0.02803725,0.04966599,0.02534661,-0.00878348,0.01555931,0.13854741,0.73991009,2.44092536,0.08026900,-0.02603657,0.04829567,0.15497451,-22.65512092,0.29988789,0.15497451,-22.65512092,0.29988789,0.15507714,-22.63323274,0.27231696,0.00218939,-0.00328211,0.00166202,0.00063850,-0.00200068,0.00137032
4.530,0.14154714,0.73634717,2.44308482,0.08116094,-0.02812508,0.04982156,0.02533996,-0.00878117,0.01555522,0.13936034,0.73964638,2.44141446,0.08052508,-0.02612023,0.04844933,0.15492187,-22.65951086,0.30149124,0.15492187,-22.65951086,0.30149124,0.15502613,-22.63755612,0.27383462,0.00218680,-0.00329921,0.00167036,0.00063586,-0.00200485,0.00137223
4.540,0.14236002,0.73606548,2.44358381,0.08141430,-0.02821288,0.04997710,0.02533308,-0.00877879,0.01555100,0.14017583,0.73938183,2.44190510,0.08078106,-0.02620389,0.04860295,0.15486851,-22.66391287,0.30309851,0.15486851,-22.66391287,0.30309851,0.15497451,-22.64189349,0.27535598,0.00218419,-0.00331635,0.00167871,0.00063324,-0.00200899,0.00137415
4.550,0.14317543,0.73578292,2.44408436,0.08166760,-0.02830065,0.05013258,0.02532599,-0.00877633,0.01554665,0.14099387,0.73911644,2.44239727,0.08103693,-0.02628755,0.04875654,0.15481427,-22.66832499,0.30471096,0.15481427,-22.66832499,0.30471096,0.15492187,-22.64624160,0.27688259,0.00218156,-0.00333352,0.00168709,0.00063067,-0.00201310,0.00137604
4.560,0.14399337,0.73549947,2.44458646,0.08192082,-0.02838840,0.05028803,0.02531868,-0.00877380,0.01554216,0.14181447,0.73885022,2.44289098,0.08129269,-0.02637120,0.04891009,0.15475897,-22.67275164,0.30632750,0.15475897,-22.67275164,0.30632750,0.15486851,-22.65060179,0.27841314,0.00217890,-0.00335075,0.00169548,0.00062813,-0.00201720,0.00137794
4.570,0.14481385,0.73521515,2.44509012,0.08217397,-0.02847613,0.05044343,0.02531116,-0.00877119,0.01553754,0.14263763,0.73858316,2.44338622,0.08154834,-0.02645484,0.04906360,0.15470331,-22.67718891,0.30794951,0.15470331,-22.67718891,0.30794951,0.15481427,-22.65497211,0.27994890,0.00217622,-0.00336801,0.00170390,0.00062563,-0.00202129,0.00137983
4.580,0.14563685,0.73492995,2.44559533,0.08242704,-0.02856383,0.05059878,0.02530342,-0.00876851,0.01553279,0.14346333,0.73831527,2.44388300,0.08180389,-0.02653847,0.04921707,0.15464624,-22.68163847,0.30957560,0.15464624,-22.68163847,0.30957560,0.15475897,-22.65935695,0.28148876,0.00217352,-0.00338532,0.00171233,0.00062315,-0.00202536,0.00138171
4.590,0.14646239,0.73464387,2.44610209,0.08268004,-0.02865150,0.05075408,0.02529546,-0.00876575,0.01552791,0.14429159,0.73804654,2.44438131,0.08205932,-0.02662210,0.04937050,0.15458896,-22.68610039,0.31120581,0.15458896,-22.68610039,0.31120581,0.15470331,-22.66375242,0.28303412,0.00217080,-0.00340267,0.00172078,0.00062072,-0.00202940,0.00138358
4.600,0.14729045,0.73435692,2.44661041,0.08293295,-0.02873914,0.05090934,0.02528729,-0.00876292,0.01552289,0.14512239,0.73777697,2.44488115,0.08231465,-0.02670572,0.04952388,0.15453030,-22.69057272,0.31284185,0.15453030,-22.69057272,0.31284185,0.15464624,-22.66816019,0.28458358,0.00216806,-0.00342005,0.00172926,0.00061830,-0.00203342,0.00138546
4.610,0.14812105,0.73406909,2.44712028,0.08318578,-0.02882676,0.05106454,0.02527891,-0.00876002,0.01551775,0.14595575,0.73750657,2.44538252,0.08256985,-0.02678933,0.04967722,0.15447146,-22.69505787,0.31448212,0.15447146,-22.69505787,0.31448212,0.15458896,-22.67258031,0.28613719,0.00216530,-0.00343748,0.00173776,0.00061593,-0.00203743,0.00138732
4.620,0.14895417,0.73378038,2.44763170,0.08343853,-0.02891434,0.05121969,0.02527031,-0.00875704,0.01551247,0.14679165,0.73723533,2.44588542,0.08282495,-0.02687293,0.04983052,0.15441151,-22.69955520,0.31612680,0.15441151,-22.69955520,0.31612680,0.15453030,-22.67701086,0.28769665,0.00216252,-0.00345495,0.00174628,0.00061358,-0.00204141,0.00138917
4.630,0.14978982,0.73349080,2.44814467,0.08369119,-0.02900190,0.05137479,0.02526150,-0.00875399,0.01550706,0.14763010,0.73696326,2.44638986,0.08307992,-0.02695652,0.04998377,0.15435091,-22.70406346,0.31777596,0.15435091,-22.70406346,0.31777596,0.15447146,-22.68145423,0.28926036,0.00215972,-0.00347246,0.00175481,0.00061127,-0.00204538,0.00139102
4.640,0.15062799,0.73320034,2.44865920,0.08394376,-0.02908942,0.05152983,0.02525248,-0.00875086,0.01550152,0.14847109,0.73669035,2.44689582,0.08333478,-0.02704009,0.05013697,0.15428924,-22.70858401,0.31943109,0.15428924,-22.70858401,0.31943109,0.15441151,-22.68590979,0.29082851,0.00215690,-0.00349001,0.00176338,0.00060898,-0.00204933,0.00139286
4.650,0.15146869,0.73290901,2.44917527,0.08419624,-0.02917691,0.05168482,0.02524324,-0.00874766,0.01549585,0.14931463,0.73641661,2.44740332,0.08358951,-0.02712366,0.05029012,0.15422708,-22.71311527,0.32108940,0.15422708,-22.71311527,0.32108940,0.15435091,-22.69037628,0.29240116,0.00215406,-0.00350760,0.00177195,0.00060673,-0.00205325,0.00139470
4.660,0.15231191,0.73261681,2.44969289,0.08444862,-0.02926437,0.05183975,0.02523379,-0.00874438,0.01549005,0.15016071,0.73614203,2.44791234,0.08384413,-0.02720721,0.05044323,0.15416388,-22.71765728,0.32275233,0.15416388,-22.71765728,0.32275233,0.15428924,-22.69485508,0.29397981,0.00215120,-0.00352522,0.00178055,0.00060449,-0.00205716,0.00139652
4.670,0.15315766,0.73232373,2.45021207,0.08470091,-0.02935180,0.05199462,0.02522413,-0.00874104,0.01548412,0.15100933,0.73586662,2.44842290,0.08409862,-0.02729075,0.05059629,0.15410034,-22.72221213,0.32442150,0.15410034,-22.72221213,0.32442150,0.15422708,-22.69934459,0.29556167,0.00214833,-0.00354289,0.00178917,0.00060229,-0.00206105,0.00139833
4.680,0.15400593,0.73202977,2.45073279,0.08495310,-0.02943919,0.05214943,0.02521426,-0.00873762,0.01547806,0.15186049,0.73559037,2.44893498,0.08435299,-0.02737427,0.05074929,0.15403593,-22.72677957,0.32609405,0.15403593,-22.72677957,0.32609405,0.15416388,-22.70384486,0.29714818,0.00214544,-0.00356060,0.00179781,0.00060011,-0.00206492,0.00140014
4.690,0.15485672,0.73173494,2.45125505,0.08520520,-0.02952655,0.05230418,0.02520418,-0.00873412,0.01547187,0.15271419,0.73531329,2.44944859,0.08460723,-0.02745778,0.05090225,0.15397085,-22.73135800,0.32776999,0.15397085,-22.73135800,0.32776999,0.15410034,-22.70835798,0.29874095,0.00214253,-0.00357835,0.00180646,0.00059797,-0.00206877,0.00140193
4.700,0.15571004,0.73143924,2.45177887,0.08545719,-0.02961388,0.05245887,0.02519389,-0.00873055,0.01546555,0.15357043,0.73503537,2.44996373,0.08486135,-0.02754127,0.05105515,0.15390543,-22.73594748,0.32945245,0.15390543,-22.73594748,0.32945245,0.15403593,-22.71288370,0.30033711,0.00213961,-0.00359613,0.00181514,0.00059584,-0.00207261,0.00140372
4.710,0.15656587,0.73114266,2.45230423,0.08570907,-0.02970116,0.05261349,0.02518338,-0.00872691,0.01545911,0.15442920,0.73475662,2.45048040,0.08511534,-0.02762475,0.05120800,0.15383876,-22.74054942,0.33113848,0.15383876,-22.74054942,0.33113848,0.15397085,-22.71742042,0.30193672,0.00213667,-0.00361396,0.00182383,0.00059373,-0.00207641,0.00140549
4.720,0.15742422,0.73084522,2.45283114,0.08596085,-0.02978841,0.05276805,0.02517267,-0.00872320,0.01545253,0.15529051,0.73447703,2.45099859,0.08536920,-0.02770821,0.05136079,0.15377153,-22.74516057,0.33282975,0.15377153,-22.74516057,0.33282975,0.15390543,-22.72196819,0.30354286,0.00213371,-0.00363181,0.00183255,0.00059165,-0.00208020,0.00140726
4.730,0.15828508,0.73054690,2.45335959,0.08621253,-0.02987563,0.05292254,0.02516175,-0.00871942,0.01544583,0.15615435,0.73419661,2.45151831,0.08562293,-0.02779165,0.05151353,0.15370333,-22.74978501,0.33452479,0.15370333,-22.74978501,0.33452479,0.15383876,-22.72652843,0.30515261,0.00213073,-0.00364971,0.00184128,0.00058960,-0.00208398,0.00140901
4.740,0.15914847,0.73024770,2.45388959,0.08646409,-0.02996280,0.05307697,0.02515062,-0.00871556,0.01543899,0.15702072,0.73391536,2.45203955,0.08587653,-0.02787507,0.05166620,0.15363500,-22.75442216,0.33622530,0.15363500,-22.75442216,0.33622530,0.15377153,-22.73109790,0.30676764,0.00212775,-0.00366766,0.00185004,0.00058756,-0.00208773,0.00141077
4.750,0.16001437,0.72994764,2.45442113,0.08671554,-0.03004994,0.05323132,0.02513928,-0.00871163,0.01543203,0.15788963,0.73363327,2.45256232,0.08612999,-0.02795846,0.05181882,0.15356575,-22.75906880,0.33792971,0.15356575,-22.75906880,0.33792971,0.15370333,-22.73568068,0.30838646,0.00212474,-0.00368563,0.00185881,0.00058555,-0.00209148,0.00141250
4.760,0.16088278,0.72964671,2.45495422,0.08696687,-0.03013704,0.05338561,0.02512773,-0.00870763,0.01542494,0.15876106,0.73335035,2.45308661,0.08638332,-0.02804184,0.05197138,0.15349553,-22.76372663,0.33963980,0.15349553,-22.76372663,0.33963980,0.15363500,-22.74027617,0.31001078,0.00212172,-0.00370364,0.00186761,0.00058355,-0.00209520,0.00141423
4.770,0.16175370,0.72934490,2.45548884,0.08721809,-0.03022409,0.05353982,0.02511597,-0.00870355,0.01541773,0.15963502,0.73306660,2.45361242,0.08663651,-0.02812520,0.05212387,0.15342455,-22.76839741,0.34135252,0.15342455,-22.76839741,0.34135252,0.15356575,-22.74488116,0.31163903,0.00211868,-0.00372170,0.00187642,0.00058158,-0.00209889,0.00141595
4.780,0.16262714,0.72904222,2.45602501,0.08746919,-0.03031111,0.05369396,0.02510401,-0.00869941,0.01541038,0.16051151,0.73278201,2.45413976,0.08688957,-0.02820853,0.05227630,0.15335329,-22.77307993,0.34307104,0.15335329,-22.77307993,0.34307104,0.15349553,-22.74949736,0.31327301,0.00211563,-0.00373979,0.00188525,0.00057962,-0.00210258,0.00141766
4.790,0.16350309,0.72873868,2.45656272,0.08772017,-0.03039808,0.05384803,0.02509184,-0.00869519,0.01540291,0.16139052,0.73249660,2.45466861,0.08714249,-0.02829184,0.05242866,0.15328131,-22.77777159,0.34479404,0.15328131,-22.77777159,0.34479404,0.15342455,-22.75412652,0.31490964,0.00211257,-0.00375792,0.00189411,0.00057768,-0.00210624,0.00141937
4.800,0.16438154,0.72843426,2.45710197,0.08797103,-0.03048501,0.05400202,0.02507946,-0.00869090,0.01539531,0.16227206,0.73221035,2.45519899,0.08739527,-0.02837512,0.05258096,0.15320822,-22.78247681,0.34652152,0.15320822,-22.78247681,0.34652152,0.15335329,-22.75876744,0.31655211,0.00210948,-0.00377609,0.00190298,0.00057576,-0.00210989,0.00142106
4.810,0.16526251,0.72812898,2.45764276,0.08822176,-0.03057190,0.05415593,0.02506688,-0.00868654,0.01538759,0.16315612,0.73192327,2.45573089,0.08764791,-0.02845838,0.05273319,0.15313497,-22.78719172,0.34825361,0.15313497,-22.78719172,0.34825361,0.15328131,-22.76341751,0.31819910,0.00210639,-0.00379429,0.00191187,0.00057385,-0.00211352,0.00142274
4.820,0.16614598,0.72782282,2.45818509,0.08847237,-0.03065874,0.05430977,0.02505409,-0.00868211,0.01537974,0.16404270,0.73163535,2.45626431,0.08790040,-0.02854162,0.05288535,0.15306077,-22.79192004,0.34999054,0.15306077,-22.79192004,0.34999054,0.15320822,-22.76808116,0.31985060,0.00210328,-0.00381253,0.00192078,0.00057197,-0.00211712,0.00142442
4.830,0.16703195,0.72751580,2.45872896,0.08872284,-0.03074554,0.05446353,0.02504109,-0.00867761,0.01537176,0.16493179,0.73134661,2.45679925,0.08815276,-0.02862482,0.05303744,0.15298547,-22.79665823,0.35173233,0.15298547,-22.79665823,0.35173233,0.15313497,-22.77275450,0.32150676,0.00210016,-0.00383081,0.00192971,0.00057008,-0.00212072,0.00142609
4.840,0.16792043,0.72720791,2.45927436,0.08897319,-0.03083229,0.05461720,0.02502789,-0.00867303,0.01536366,0.16582341,0.73105703,2.45733570,0.08840496,-0.02870800,0.05318946,0.15290989,-22.80140802,0.35347749,0.15290989,-22.80140802,0.35347749,0.15306077,-22.77744127,0.32316778,0.00209702,-0.00384912,0.00193866,0.00056823,-0.00212429,0.00142774
4.850,0.16881142,0.72689916,2.45982130,0.08922340,-0.03091900,0.05477080,0.02501449,-0.00866839,0.01535543,0.16671754,0.73076663,2.45787367,0.08865703,-0.02879115,0.05334141,0.15283390,-22.80616785,0.35522782,0.15283390,-22.80616785,0.35522782,0.15298547,-22.78213794,0.32483370,0.00209388,-0.00386747,0.00194763,0.00056637,-0.00212785,0.00142939
4.860,0.16970490,0.72658953,2.46036978,0.08947348,-0.03100566,0.05492431,0.02500088,-0.00866367,0.01534707,0.16761419,0.73047539,2.45841316,0.08890894,-0.02887427,0.05349328,0.15275670,-22.81094148,0.35698329,0.15275670,-22.81094148,0.35698329,0.15290989,-22.78684621,0.32650303,0.00209071,-0.00388586,0.00195662,0.00056454,-0.00213139,0.00143103
4.870,0.17060089,0.72627904,2.46091979,0.08972342,-0.03109227,0.05507774,0.02498707,-0.00865888,0.01533859,0.16851335,0.73018332,2.45895417,0.08916071,-0.02895736,0.05364508,0.15267925,-22.81572504,0.35874264,0.15267925,-22.81572504,0.35874264,0.15283390,-22.79156453,0.32817757,0.00208754,-0.00390428,0.00196562,0.00056271,-0.00213491,0.00143266
4.880,0.17149937,0.72596769,2.46147133,0.08997322,-0.03117884,0.05523108,0.02497305,-0.00865403,0.01532999,0.16941502,0.72989043,2.45949669,0.08941233,-0.02904042,0.05379681,0.15260064,-22.82051895,0.36050586,0.15260064,-22.82051895,0.36050586,0.15275670,-22.79629668,0.32985729,0.00208435,-0.00392274,0.00197464,0.00056089,-0.00213842,0.00143427
4.890,0.17240035,0.72565547,2.46202441,0.09022288,-0.03126535,0.05538434,0.02495883,-0.00864910,0.01532126,0.17031920,0.72959670,2.46004072,0.08966380,-0.02912344,0.05394846,0.15252148,-22.82532462,0.36227470,0.15252148,-22.82532462,0.36227470,0.15267925,-22.80103878,0.33154093,0.00208115,-0.00394123,0.00198369,0.00055908,-0.00214191,0.00143588
4.900,0.17330383,0.72534238,2.46257902,0.09047239,-0.03135182,0.05553751,0.02494441,-0.00864410,0.01531241,0.17122589,0.72930215,2.46058627,0.08991512,-0.02920644,0.05410003,0.15244173,-22.83014289,0.36404775,0.15244173,-22.83014289,0.36404775,0.15260064,-22.80579124,0.33322849,0.00207794,-0.00395977,0.00199275,0.00055727,-0.00214538,0.00143748
4.910,0.17420980,0.72502843,2.46313516,0.09072176,-0.03143823,0.05569059,0.02492978,-0.00863903,0.01530343,0.17213509,0.72900677,2.46113333,0.09016628,-0.02928940,0.05425152,0.15236110,-22.83497115,0.36582511,0.15236110,-22.83497115,0.36582511,0.15252148,-22.81055548,0.33492171,0.00207471,-0.00397834,0.00200183,0.00055548,-0.00214883,0.00143907
4.920,0.17511826,0.72471362,2.46369283,0.09097099,-0.03152460,0.05584358,0.02491496,-0.00863390,0.01529433,0.17304679,0.72871055,2.46168190,0.09041729,-0.02937232,0.05440293,0.15227969,-22.83981021,0.36760693,0.15227969,-22.83981021,0.36760693,0.15244173,-22.81533234,0.33661917,0.00207147,-0.00399693,0.00201093,0.00055370,-0.00215228,0.00144065
4.930,0.17602922,0.72439794,2.46425203,0.09122006,-0.03161091,0.05599647,0.02489993,-0.00862869,0.01528511,0.17396100,0.72841352,2.46223198,0.09066814,-0.02945521,0.05455426,0.15219785,-22.84466148,0.36939325,0.15219785,-22.84466148,0.36939325,0.15236110,-22.82011921,0.33832099,0.00206822,-0.00401558,0.00202005,0.00055192,-0.00215570,0.00144221
4.940,0.17694266,0.72408140,2.46481276,0.09146898,-0.03169717,0.05614928,0.02488470,-0.00862341,0.01527576,0.17487771,0.72811565,2.46278358,0.09091884,-0.02953807,0.05470551,0.15211480,-22.84952343,0.37118443,0.15211480,-22.84952343,0.37118443,0.15227969,-22.82491689,0.34002731,0.00206495,-0.00403425,0.00202918,0.00055014,-0.00215910,0.00144377
4.950,0.17785860,0.72376400,2.46537501,0.09171775,-0.03178338,0.05630199,0.02486927,-0.00861806,0.01526629,0.17579692,0.72781696,2.46333668,0.09116937,-0.02962089,0.05485667,0.15203162,-22.85439617,0.37297892,0.15203162,-22.85439617,0.37297892,0.15219785,-22.82972680,0.34173817,0.00206168,-0.00405296,0.00203833,0.00054838,-0.00216249,0.00144532
4.960,0.17877702,0.72344573,2.46593880,0.09196637,-0.03186953,0.05645460,0.02485364,-0.00861265,0.01525669,0.17671863,0.72751744,2.46389129,0.09141975,-0.02970367,0.05500774,0.15194743,-22.85928146,0.37477987,0.15194743,-22.85928146,0.37477987,0.15211480,-22.83454742,0.34345395,0.00205839,-0.00407171,0.00204751,0.00054662,-0.00216586,0.00144686
4.970,0.17969792,0.72312661,2.46650411,0.09221483,-0.03195563,0.05660712,0.02483781,-0.00860716,0.01524697,0.17764284,0.72721709,2.46444740,0.09166997,-0.02978641,0.05515873,0.15186220,-22.86417580,0.37658456,0.15186220,-22.86417580,0.37658456,0.15203162,-22.83937885,0.34517308,0.00205508,-0.00409048,0.00205671,0.00054486,-0.00216922,0.00144839
4.980,0.18062131,0.72280662,2.46707094,0.09246313,-0.03204168,0.05675954,0.02482178,-0.00860161,0.01523714,0.17856954,0.72691592,2.46500503,0.09192003,-0.02986911,0.05530963,0.15177651,-22.86908325,0.37839300,0.15177651,-22.86908325,0.37839300,0.15194743,-22.84422285,0.34689870,0.00205177,-0.00410930,0.00206591,0.00054310,-0.00217257,0.00144991
4.990,0.18154718,0.72248577,2.46763930,0.09271126,-0.03212767,0.05691186,0.02480556,-0.00859598,0.01522717,0.17949873,0.72661392,2.46556415,0.09216992,-0.02995178,0.05546044,0.15168986,-22.87400161,0.38020683,0.15168986,-22.87400161,0.38020683,0.15186220,-22.84907591,0.34862813,0.00204845,-0.00412815,0.00207515,0.00054134,-0.00217589,0.00145142
5.000,0.18247554,0.72216407,2.46820918,0.09295924,-0.03221360,0.05706409,0.02478913,-0.00859029,0.01521709,0.18043042,0.72631110,2.46612479,0.09241965,-0.03003440,0.05561116,0.15160307,-22.87892897,0.38202483,0.15160307,-22.87892897,0.38202483,0.15177651,-22.85394212,0.35036134,0.00204512,-0.00414703,0.00208439,0.00053959,-0.00217920,0.00145293
5.010,0.18340637,0.72184150,2.46878058,0.09320704,-0.03229947,0.05721621,0.02477250,-0.00858453,0.01520688,0.18136460,0.72600745,2.46668692,0.09266921,-0.03011698,0.05576179,0.15151490,-22.88386945,0.38384693,0.15151490,-22.88386945,0.38384693,0.15168986,-22.85881924,0.35209999,0.00204177,-0.00416595,0.00209366,0.00053783,-0.00218249,0.00145442
5.020,0.18433968,0.72151808,2.46935350,0.09345469,-0.03238529,0.05736822,0.02475568,-0.00857870,0.01519656,0.18230127,0.72570298,2.46725056,0.09291861,-0.03019953,0.05591232,0.15142630,-22.88881953,0.38567329,0.15142630,-22.88881953,0.38567329,0.15160307,-22.86370540,0.35384286,0.00203841,-0.00418490,0.00210294,0.00053608,-0.00218576,0.00145590
5.030,0.18527546,0.72119380,2.46992794,0.09370216,-0.03247104,0.05752014,0.02473866,-0.00857280,0.01518611,0.18324042,0.72539768,2.46781571,0.09316783,-0.03028203,0.05606277,0.15133651,-22.89378063,0.38750429,0.15133651,-22.89378063,0.38750429,0.15151490,-22.86860469,0.35558987,0.00203504,-0.00420388,0.00211223,0.00053433,-0.00218901,0.00145737
5.040,0.18621372,0.72086866,2.47050390,0.09394946,-0.03255674,0.05767194,0.02472144,-0.00856684,0.01517554,0.18418206,0.72509156,2.46838235,0.09341689,-0.03036448,0.05621312,0.15124625,-22.89875359,0.38933980,0.15124625,-22.89875359,0.38933980,0.15142630,-22.87351361,0.35734121,0.00203166,-0.00422290,0.00212155,0.00053257,-0.00219226,0.00145882
5.050,0.18715445,0.72054266,2.47108138,0.09419659,-0.03264238,0.05782365,0.02470403,-0.00856080,0.01516485,0.18512619,0.72478462,2.46895049,0.09366578,-0.03044689,0.05636337,0.15115512,-22.90373820,0.39118032,0.15115512,-22.90373820,0.39118032,0.15133651,-22.87843357,0.35909723,0.00202826,-0.00424196,0.00213089,0.00053081,-0.00219549,0.00146028
5.060,0.18809765,0.72021581,2.47166037,0.09444354,-0.03272796,0.05797524,0.02468642,-0.00855470,0.01515404,0.18607279,0.72447686,2.46952013,0.09391449,-0.03052926,0.05651352,0.15106312,-22.90873257,0.39302421,0.15106312,-22.90873257,0.39302421,0.15124625,-22.88336541,0.36085782,0.00202486,-0.00426105,0.00214024,0.00052905,-0.00219870,0.00146172
5.070,0.18904332,0.71988810,2.47224088,0.09469031,-0.03281347,0.05812673,0.02466861,-0.00854853,0.01514311,0.18702188,0.72416827,2.47009127,0.09416303,-0.03061158,0.05666357,0.15097034,-22.91373846,0.39487329,0.15097034,-22.91373846,0.39487329,0.15115512,-22.88830892,0.36262345,0.00202144,-0.00428017,0.00214961,0.00052728,-0.00220189,0.00146316
5.080,0.18999146,0.71955954,2.47282291,0.09493691,-0.03289893,0.05827810,0.02465061,-0.00854229,0.01513206,0.18797345,0.72385887,2.47066390,0.09441140,-0.03069386,0.05681353,0.15087702,-22.91875470,0.39672759,0.15087702,-22.91875470,0.39672759,0.15106312,-22.89326223,0.36439251,0.00201801,-0.00429933,0.00215901,0.00052551,-0.00220507,0.00146457
5.090,0.19094206,0.71923012,2.47340645,0.09518332,-0.03298432,0.05842937,0.02463241,-0.00853598,0.01512089,0.18892749,0.72354864,2.47123803,0.09465959,-0.03077609,0.05696338,0.15078250,-22.92378273,0.39858595,0.15078250,-22.92378273,0.39858595,0.15097034,-22.89822707,0.36616683,0.00201457,-0.00431852,0.00216842,0.00052373,-0.00220823,0.00146599
5.100,0.19189512,0.71889985,2.47399150,0.09542956,-0.03306965,0.05858052,0.02461402,-0.00852961,0.01510960,0.18988400,0.72323759,2.47181365,0.09490760,-0.03085827,0.05711313,0.15068715,-22.92882099,0.40044831,0.15068715,-22.92882099,0.40044831,0.15087702,-22.90320229,0.36794640,0.00201112,-0.00433774,0.00217785,0.00052196,-0.00221138,0.00146739
5.110,0.19285065,0.71856873,2.47457806,0.09567560,-0.03315491,0.05873156,0.02459543,-0.00852317,0.01509819,0.19084299,0.72292572,2.47239077,0.09515543,-0.03094041,0.05726278,0.15059121,-22.93386925,0.40231491,0.15059121,-22.93386925,0.40231491,0.15078250,-22.90818931,0.36973008,0.00200766,-0.00435699,0.00218729,0.00052017,-0.00221450,0.00146878
5.120,0.19380863,0.71823676,2.47516613,0.09592146,-0.03324011,0.05888248,0.02457665,-0.00851666,0.01508666,0.19180445,0.72261303,2.47296938,0.09540308,-0.03102250,0.05741233,0.15049403,-22.93892799,0.40418583,0.15049403,-22.93892799,0.40418583,0.15068715,-22.91318660,0.37151782,0.00200418,-0.00437627,0.00219675,0.00051838,-0.00221761,0.00147015
5.130,0.19476908,0.71790393,2.47575571,0.09616714,-0.03332525,0.05903329,0.02455768,-0.00851009,0.01507501,0.19276838,0.72229953,2.47354948,0.09565055,-0.03110454,0.05756178,0.15039672,-22.94399937,0.40606137,0.15039672,-22.94399937,0.40606137,0.15059121,-22.91819392,0.37330985,0.00200070,-0.00439560,0.00220623,0.00051659,-0.00222071,0.00147151
5.140,0.19573198,0.71757025,2.47634679,0.09641262,-0.03341031,0.05918398,0.02453851,-0.00850344,0.01506324,0.19373478,0.72198520,2.47413107,0.09589783,-0.03118653,0.05771112,0.15029815,-22.94908084,0.40794013,0.15029815,-22.94908084,0.40794013,0.15049403,-22.92321174,0.37510626,0.00199720,-0.00441495,0.00221572,0.00051479,-0.00222378,0.00147286
5.150,0.19669733,0.71723572,2.47693939,0.09665791,-0.03349531,0.05933456,0.02451915,-0.00849674,0.01505136,0.19470364,0.72167006,2.47471415,0.09614494,-0.03126847,0.05786035,0.15019855,-22.95417322,0.40982537,0.15019855,-22.95417322,0.40982537,0.15039672,-22.92824222,0.37690735,0.00199369,-0.00443434,0.00222524,0.00051297,-0.00222684,0.00147421
5.160,0.19766513,0.71690034,2.47753348,0.09690300,-0.03358025,0.05948501,0.02449960,-0.00848996,0.01503936,0.19567497,0.72135410,2.47529872,0.09639185,-0.03135036,0.05800947,0.15009790,-22.95927667,0.41171264,0.15009790,-22.95927667,0.41171264,0.15029815,-22.93328283,0.37871171,0.00199016,-0.00445376,0.00223476,0.00051115,-0.00222989,0.00147554
5.170,0.19863539,0.71656412,2.47812908,0.09714790,-0.03366511,0.05963534,0.02447985,-0.00848312,0.01502724,0.19664876,0.72103732,2.47588478,0.09663858,-0.03143220,0.05815849,0.14999695,-22.96438858,0.41360515,0.14999695,-22.96438858,0.41360515,0.15019855,-22.93833436,0.38052261,0.00198663,-0.00447320,0.00224430,0.00050932,-0.00223291,0.00147685
5.180,0.19960809,0.71622704,2.47872619,0.09739260,-0.03374991,0.05978555,0.02445992,-0.00847621,0.01501500,0.19762500,0.72071973,2.47647232,0.09688512,-0.03151399,0.05830739,0.14989470,-22.96951382,0.41550317,0.14989470,-22.96951382,0.41550317,0.15009790,-22.94339699,0.38233559,0.00198309,-0.00449269,0.00225387,0.00050748,-0.00223592,0.00147816
5.190,0.20058324,0.71588912,2.47932480,0.09763710,-0.03383464,0.05993564,0.02443979,-0.00846923,0.01500264,0.19860371,0.72040132,2.47706134,0.09713146,-0.03159572,0.05845617,0.14979174,-22.97464821,0.41740542,0.14979174,-22.97464821,0.41740542,0.14999695,-22.94846812,0.38415389,0.00197953,-0.00451220,0.00226346,0.00050564,-0.00223892,0.00147947
5.200,0.20156083,0.71555035,2.47992490,0.09788139,-0.03391929,0.06008561,0.02441947,-0.00846219,0.01499017,0.19958487,0.72008210,2.47765185,0.09737762,-0.03167740,0.05860484,0.14968758,-22.97979350,0.41931051,0.14968758,-22.97979350,0.41931051,0.14989470,-22.95355259,0.38597775,0.00197596,-0.00453175,0.00227305,0.00050377,-0.00224189,0.00148077
5.210,0.20254087,0.71521073,2.48052651,0.09812548,-0.03400388,0.06023545,0.02439897,-0.00845509,0.01497758,0.20056848,0.71976206,2.47824384,0.09762358,-0.03175903,0.05875340,0.14958296,-22.98495052,0.42122154,0.14958296,-22.98495052,0.42122154,0.14979174,-22.95864625,0.38780588,0.00197239,-0.00455133,0.00228267,0.00050190,-0.00224485,0.00148205
5.220,0.20352334,0.71487027,2.48112961,0.09836937,-0.03408840,0.06038516,0.02437827,-0.00844791,0.01496488,0.20155455,0.71944120,2.47883731,0.09786935,-0.03184060,0.05890183,0.14947699,-22.99011710,0.42313574,0.14947699,-22.99011710,0.42313574,0.14968758,-22.96375084,0.38963694,0.00196879,-0.00457093,0.00229230,0.00050002,-0.00224780,0.00148333
5.230,0.20450825,0.71452897,2.48173421,0.09861305,-0.03417284,0.06053474,0.02435738,-0.00844068,0.01495206,0.20254307,0.71911954,2.47943226,0.09811492,-0.03192212,0.05905015,0.14937016,-22.99529299,0.42505476,0.14937016,-22.99529299,0.42505476,0.14958296,-22.96886719,0.39147398,0.00196518,-0.00459057,0.00230195,0.00049813,-0.00225072,0.00148459
5.240,0.20549560,0.71418682,2.48234030,0.09885652,-0.03425721,0.06068420,0.02433630,-0.00843337,0.01493912,0.20353403,0.71879706,2.48002869,0.09836029,-0.03200358,0.05919836,0.14926261,-23.00048070,0.42697743,0.14926261,-23.00048070,0.42697743,0.14947699,-22.97399312,0.39331426,0.00196157,-0.00461024,0.00231161,0.00049623,-0.00225363,0.00148584
5.250,0.20648538,0.71384382,2.48294789,0.09909977,-0.03434151,0.06083352,0.02431504,-0.00842600,0.01492606,0.20452744,0.71847377,2.48062660,0.09860546,-0.03208498,0.05934644,0.14915383,-23.00568040,0.42890526,0.14915383,-23.00568040,0.42890526,0.14937016,-22.97912839,0.39515942,0.00195794,-0.00462995,0.00232129,0.00049431,-0.00225653,0.00148708
5.260,0.20747760,0.71349999,2.48355697,0.09934282,-0.03442573,0.06098272,0.02429358,-0.00841857,0.01491289,0.20552329,0.71814966,2.48122598,0.09885043,-0.03216633,0.05949439,0.14904468,-23.01088790,0.43083719,0.14904468,-23.01088790,0.43083719,0.14926261,-22.98427552,0.39700830,0.00195431,-0.00464967,0.00233099,0.00049239,-0.00225940,0.00148833
5.270,0.20847224,0.71315531,2.48416755,0.09958565,-0.03450988,0.06113178,0.02427194,-0.00841107,0.01489961,0.20652159,0.71782475,2.48182684,0.09909520,-0.03224762,0.05964223,0.14893405,-23.01610765,0.43277469,0.14893405,-23.01610765,0.43277469,0.14915383,-22.98943466,0.39886240,0.00195065,-0.00466944,0.00234071,0.00049045,-0.00226226,0.00148955
5.280,0.20946931,0.71280979,2.48477961,0.09982826,-0.03459395,0.06128071,0.02425011,-0.00840350,0.01488621,0.20752232,0.71749902,2.48242917,0.09933976,-0.03232885,0.05978993,0.14882255,-23.02133748,0.43471507,0.14882255,-23.02133748,0.43471507,0.14904468,-22.99460162,0.40072066,0.00194699,-0.00468923,0.00235044,0.00048850,-0.00226510,0.00149078
5.290,0.21046880,0.71246343,2.48539316,0.10007065,-0.03467795,0.06142951,0.02422809,-0.00839587,0.01487269,0.20852550,0.71717249,2.48303297,0.09958412,-0.03241002,0.05993752,0.14870981,-23.02657785,0.43665999,0.14870981,-23.02657785,0.43665999,0.14893405,-22.99978088,0.40258455,0.00194330,-0.00470906,0.00236019,0.00048653,-0.00226793,0.00149199
5.300,0.21147072,0.71211623,2.48600820,0.10031282,-0.03476187,0.06157816,0.02420589,-0.00838818,0.01485906,0.20953110,0.71684514,2.48363825,0.09982827,-0.03249114,0.06008498,0.14859645,-23.03182857,0.43860947,0.14859645,-23.03182857,0.43860947,0.14882255,-23.00497024,0.40445139,0.00193962,-0.00472891,0.00236995,0.00048455,-0.00227073,0.00149318
5.310,0.21247506,0.71176819,2.48662472,0.10055476,-0.03484571,0.06172669,0.02418350,-0.00838042,0.01484532,0.21053914,0.71651699,2.48424499,0.10007221,-0.03257219,0.06023231,0.14848199,-23.03708978,0.44056252,0.14848199,-23.03708978,0.44056252,0.14870981,-23.01017017,0.40632283,0.00193592,-0.00474880,0.00237973,0.00048255,-0.00227352,0.00149438
5.320,0.21348181,0.71141932,2.48724273,0.10079649,-0.03492948,0.06187507,0.02416092,-0.00837260,0.01483146,0.21154961,0.71618803,2.48485320,0.10031594,-0.03265319,0.06037952,0.14836628,-23.04235998,0.44252053,0.14836628,-23.04235998,0.44252053,0.14859645,-23.01538048,0.40819890,0.00193220,-0.00476871,0.00238953,0.00048055,-0.00227629,0.00149555
5.330,0.21449099,0.71106960,2.48786223,0.10103798,-0.03501316,0.06202332,0.02413816,-0.00836471,0.01481749,0.21256251,0.71585826,2.48546288,0.10055946,-0.03273412,0.06052660,0.14825010,-23.04764263,0.44448396,0.14825010,-23.04764263,0.44448396,0.14848199,-23.02060132,0.41007860,0.00192848,-0.00478866,0.00239935,0.00047852,-0.00227904,0.00149672
5.340,0.21550257,0.71071905,2.48848320,0.10127925,-0.03509677,0.06217142,0.02411522,-0.00835676,0.01480340,0.21357784,0.71552768,2.48607402,0.10080276,-0.03281499,0.06067355,0.14813231,-23.05293459,0.44644981,0.14813231,-23.05293459,0.44644981,0.14836628,-23.02583117,0.41196334,0.00192473,-0.00480863,0.00240918,0.00047649,-0.00228178,0.00149787
5.350,0.21651657,0.71036767,2.48910565,0.10152029,-0.03518030,0.06231938,0.02409208,-0.00834874,0.01478920,0.21459559,0.71519630,2.48668663,0.10104585,-0.03289580,0.06082037,0.14801392,-23.05823563,0.44841983,0.14801392,-23.05823563,0.44841983,0.14825010,-23.03107351,0.41385354,0.00192098,-0.00482863,0.00241902,0.00047444,-0.00228450,0.00149901
5.360,0.21753298,0.71001545,2.48972959,0.10176109,-0.03526374,0.06246720,0.02406877,-0.00834066,0.01477489,0.21561577,0.71486411,2.48730070,0.10128872,-0.03297655,0.06096706,0.14789446,-23.06354756,0.45039577,0.14789446,-23.06354756,0.45039577,0.14813231,-23.03632519,0.41574625,0.00191721,-0.00484866,0.00242889,0.00047237,-0.00228719,0.00150014
5.370,0.21855179,0.70966239,2.49035500,0.10200166,-0.03534711,0.06261488,0.02404527,-0.00833252,0.01476046,0.21663836,0.71453112,2.48791624,0.10153137,-0.03305724,0.06111362,0.14777365,-23.06887128,0.45237489,0.14777365,-23.06887128,0.45237489,0.14801392,-23.04158598,0.41764319,0.00191343,-0.00486873,0.00243876,0.00047029,-0.00228987,0.00150126
5.380,0.21957301,0.70930851,2.49098188,0.10224199,-0.03543039,0.06276241,0.02402158,-0.00832431,0.01474592,0.21766337,0.71419732,2.48853323,0.10177380,-0.03313786,0.06126004,0.14765203,-23.07420221,0.45435727,0.14765203,-23.07420221,0.45435727,0.14789446,-23.04685769,0.41954611,0.00190964,-0.00488881,0.00244865,0.00046819,-0.00229253,0.00150237
5.390,0.22059663,0.70895379,2.49161024,0.10248209,-0.03551360,0.06290980,0.02399772,-0.00831604,0.01473127,0.21869080,0.71386272,2.48915168,0.10201600,-0.03321842,0.06140633,0.14752934,-23.07954522,0.45634473,0.14752934,-23.07954522,0.45634473,0.14777365,-23.05214123,0.42145230,0.00190583,-0.00490893,0.00245856,0.00046609,-0.00229518,0.00150347
5.400,0.22162265,0.70859823,2.49224008,0.10272195,-0.03559671,0.06305704,0.02397367,-0.00830771,0.01471651,0.21972063,0.71352731,2.48977159,0.10225799,-0.03329891,0.06155248,0.14740560,-23.08489945,0.45833747,0.14740560,-23.08489945,0.45833747,0.14765203,-23.05743202,0.42336181,0.00190202,-0.00492908,0.00246849,0.00046396,-0.00229780,0.00150456
5.410,0.22265107,0.70824185,2.49287138,0.10296156,-0.03567975,0.06320413,0.02394943,-0.00829931,0.01470163,0.22075288,0.71319111,2.49039296,0.10249974,-0.03337934,0.06169849,0.14728082,-23.09026212,0.46033270,0.14728082,-23.09026212,0.46033270,0.14752934,-23.06273491,0.42527648,0.00189819,-0.00494926,0.00247842,0.00046182,-0.00230041,0.00150564
5.420,0.22368188,0.70788464,2.49350416,0.10320094,-0.03576270,0.06335107,0.02392502,-0.00829085,0.01468665,0.22178754,0.71285410,2.49101578,0.10274127,-0.03345970,0.06184436,0.14715488,-23.09563463,0.46233361,0.14715488,-23.09563463,0.46233361,0.14740560,-23.06804906,0.42719648,0.00189434,-0.00496946,0.00248838,0.00045967,-0.00230300,0.00150671
5.430,0.22471509,0.70752660,2.49413841,0.10344006,-0.03584557,0.06349786,0.02390042,-0.00828232,0.01467155,0.22282461,0.71251629,2.49164005,0.10298257,-0.03354000,0.06199009,0.14702806,-23.10101754,0.46433898,0.14702806,-23.10101754,0.46433898,0.14728082,-23.07337168,0.42911906,0.00189048,-0.00498969,0.00249836,0.00045749,-0.00230557,0.00150777
5.440,0.22575068,0.70716773,2.49477412,0.10367894,-0.03592835,0.06364450,0.02387565,-0.00827374,0.01465634,0.22386408,0.71217768,2.49226577,0.10322364,-0.03362023,0.06213567,0.14689974,-23.10641064,0.46634750,0.14689974,-23.10641064,0.46634750,0.14715488,-23.07870418,0.43104739,0.00188660,-0.00500995,0.00250835,0.00045530,-0.00230812,0.00150883
5.450,0.22678867,0.70680803,2.49541130,0.10391758,-0.03601104,0.06379099,0.02385069,-0.00826509,0.01464102,0.22490595,0.71183827,2.49289295,0.10346447,-0.03370039,0.06228112,0.14677105,-23.11181409,0.46836088,0.14677105,-23.11181409,0.46836088,0.14702806,-23.08404710,0.43298025,0.00188272,-0.00503024,0.00251835,0.00045311,-0.00231065,0.00150987
5.460,0.22782903,0.70644751,2.49604994,0.10415596,-0.03609365,0.06393732,0.02382555,-0.00825638,0.01462558,0.22595021,0.71149807,2.49352157,0.10370507,-0.03378048,0.06242642,0.14664041,-23.11722642,0.47037777,0.14664041,-23.11722642,0.47037777,0.14689974,-23.08940026,0.43491633,0.00187882,-0.00505056,0.00252837,0.00045089,-0.00231317,0.00151090
5.470,0.22887178,0.70608616,2.49669004,0.10439409,-0.03617617,0.06408350,0.02380023,-0.00824760,0.01461004,0.22699688,0.71115706,2.49415164,0.10394544,-0.03386051,0.06257159,0.14650906,-23.12264942,0.47239849,0.14650906,-23.12264942,0.47239849,0.14677105,-23.09476380,0.43685735,0.00187490,-0.00507090,0.00253840,0.00044865,-0.00231566,0.00151191
5.480,0.22991691,0.70572399,2.49733161,0.10463196,-0.03625860,0.06422952,0.02377473,-0.00823877,0.01459439,0.22804594,0.71081526,2.49478316,0.10418556,-0.03394046,0.06271660,0.14637653,-23.12808129,0.47442471,0.14637653,-23.12808129,0.47442471,0.14664041,-23.10013626,0.43880195,0.00187097,-0.00509127,0.00254845,0.00044640,-0.00231814,0.00151292
5.490,0.23096442,0.70536099,2.49797463,0.10486958,-0.03634094,0.06437539,0.02374905,-0.00822987,0.01457863,0.22909739,0.71047266,2.49541612,0.10442545,-0.03402035,0.06286147,0.14624309,-23.13352420,0.47645378,0.14624309,-23.13352420,0.47645378,0.14650906,-23.10551942,0.44075046,0.00186703,-0.00511167,0.00255851,0.00044413,-0.00232059,0.00151392
5.500,0.23201431,0.70499717,2.49861911,0.10510694,-0.03642320,0.06452109,0.02372320,-0.00822091,0.01456275,0.23015123,0.71012926,2.49605052,0.10466509,-0.03410016,0.06300618,0.14610876,-23.13897667,0.47848724,0.14610876,-23.13897667,0.47848724,0.14637653,-23.11091148,0.44270454,0.00186308,-0.00513209,0.00256859,0.00044185,-0.00232304,0.00151491
5.510,0.23306656,0.70463252,2.49926505,0.10534404,-0.03650536,0.06466664,0.02369716,-0.00821189,0.01454677,0.23120746,0.70978507,2.49668637,0.10490449,-0.03417991,0.06315075,0.14597269,-23.14444019,0.48052555,0.14597269,-23.14444019,0.48052555,0.14624309,-23.11631463,0.44466156,0.00185910,-0.00515255,0.00257868,0.00043955,-0.00232545,0.00151589
5.520,0.23412119,0.70426706,2.49991245,0.10558088,-0.03658744,0.06481203,0.02367095,-0.00820280,0.01453068,0.23226607,0.70944008,2.49732365,0.10514364,-0.03425958,0.06329516,0.14583602,-23.14991162,0.48256888,0.14583602,-23.14991162,0.48256888,0.14610876,-23.12172738,0.44662304,0.00185512,-0.00517302,0.00258880,0.00043724,-0.00232786,0.00151687
5.530,0.23517818,0.70390078,2.50056129,0.10581746,-0.03666942,0.06495725,0.02364456,-0.00819366,0.01451448,0.23332706,0.70909430,2.49796237,0.10538254,-0.03433918,0.06343942,0.14569791,-23.15539242,0.48461435,0.14569791,-23.15539242,0.48461435,0.14597269,-23.12715120,0.44858945,0.00185112,-0.00519352,0.00259892,0.00043492,-0.00233024,0.00151783
5.540,0.23623753,0.70353367,2.50121159,0.10605378,-0.03675131,0.06510232,0.02361799,-0.00818445,0.01449817,0.23439043,0.70874773,2.49860253,0.10562120,-0.03441871,0.06358353,0.14555849,-23.16088509,0.48666536,0.14555849,-23.16088509,0.48666536,0.14583602,-23.13258298,0.45056095,0.00184710,-0.00521406,0.00260906,0.00043258,-0.00233260,0.00151879
5.550,0.23729925,0.70316575,2.50186334,0.10628982,-0.03683311,0.06524722,0.02359124,-0.00817518,0.01448175,0.23545618,0.70840037,2.49924412,0.10585960,-0.03449816,0.06372748,0.14541818,-23.16638584,0.48872051,0.14541818,-23.16638584,0.48872051,0.14569791,-23.13802415,0.45253468,0.00184307,-0.00523462,0.00261922,0.00043022,-0.00233495,0.00151974
5.560,0.23836333,0.70279701,2.50251653,0.10652560,-0.03691481,0.06539195,0.02356432,-0.00816585,0.01446523,0.23652430,0.70805221,2.49988715,0.10609776,-0.03457754,0.06387128,0.14527688,-23.17189648,0.49077853,0.14527688,-23.17189648,0.49077853,0.14555849,-23.14347724,0.45451402,0.00183903,-0.00525520,0.00262938,0.00042784,-0.00233727,0.00152067
5.570,0.23942976,0.70242745,2.50317118,0.10676111,-0.03699642,0.06553652,0.02353723,-0.00815646,0.01444859,0.23759480,0.70770326,2.50053161,0.10633565,-0.03465685,0.06401493,0.14513411,-23.17741753,0.49284274,0.14513411,-23.17741753,0.49284274,0.14541818,-23.14893845,0.45649758,0.00183496,-0.00527581,0.00263957,0.00042546,-0.00233957,0.00152159
5.580,0.24049855,0.70205708,2.50382726,0.10699634,-0.03707794,0.06568092,0.02350995,-0.00814701,0.01443185,0.23866766,0.70735352,2.50117750,0.10657329,-0.03473609,0.06415841,0.14499041,-23.18294718,0.49490886,0.14499041,-23.18294718,0.49490886,0.14527688,-23.15440959,0.45848409,0.00183089,-0.00529644,0.00264976,0.00042305,-0.00234185,0.00152251
5.590,0.24156969,0.70168589,2.50448479,0.10723131,-0.03715936,0.06582516,0.02348250,-0.00813750,0.01441500,0.23974289,0.70700300,2.50182482,0.10681067,-0.03481524,0.06430174,0.14484567,-23.18848724,0.49698017,0.14484567,-23.18848724,0.49698017,0.14513411,-23.15989117,0.46047688,0.00182680,-0.00531711,0.00265997,0.00042064,-0.00234412,0.00152342
5.600,0.24264318,0.70131389,2.50514377,0.10746599,-0.03724069,0.06596922,0.02345488,-0.00812793,0.01439804,0.24082048,0.70665168,2.50247356,0.10704779,-0.03489433,0.06444491,0.14469969,-23.19403625,0.49905679,0.14469969,-23.19403625,0.49905679,0.14499041,-23.16538140,0.46247165,0.00182270,-0.00533779,0.00267021,0.00041820,-0.00234636,0.00152431
5.610,0.24371901,0.70094108,2.50580418,0.10770040,-0.03732192,0.06611312,0.02342708,-0.00811830,0.01438098,0.24190043,0.70629958,2.50312373,0.10728465,-0.03497333,0.06458792,0.14455236,-23.19959405,0.50113616,0.14455236,-23.19959405,0.50113616,0.14484567,-23.17088206,0.46447170,0.00181858,-0.00535850,0.00268045,0.00041575,-0.00234859,0.00152520
5.620,0.24479718,0.70056746,2.50646603,0.10793453,-0.03740306,0.06625684,0.02339911,-0.00810860,0.01436381,0.24298274,0.70594669,2.50377532,0.10752124,-0.03505226,0.06473077,0.14440372,-23.20516113,0.50321979,0.14440372,-23.20516113,0.50321979,0.14469969,-23.17639173,0.46647713,0.00181444,-0.00537923,0.00269071,0.00041329,-0.00235080,0.00152607
5.630,0.24587770,0.70019302,2.50712931,0.10816838,-0.03748409,0.06640039,0.02337096,-0.00809885,0.01434653,0.24406741,0.70559301,2.50442834,0.10775757,-0.03513111,0.06487346,0.14425442,-23.21073901,0.50530655,0.14425442,-23.21073901,0.50530655,0.14455236,-23.18191021,0.46848540,0.00181029,-0.00539999,0.00270097,0.00041081,-0.00235298,0.00152693
5.640,0.24696055,0.69981777,2.50779404,0.10840195,-0.03756503,0.06654377,0.02334264,-0.00808903,0.01432915,0.24515442,0.70523855,2.50508277,0.10799363,-0.03520989,0.06501599,0.14410364,-23.21632658,0.50739972,0.14410364,-23.21632658,0.50739972,0.14440372,-23.18743802,0.47049800,0.00180613,-0.00542078,0.00271127,0.00040832,-0.00235514,0.00152778
5.650,0.24804574,0.69944172,2.50846019,0.10863524,-0.03764587,0.06668698,0.02331415,-0.00807916,0.01431166,0.24624379,0.70488330,2.50573863,0.10822942,-0.03528859,0.06515835,0.14395202,-23.22192168,0.50949511,0.14395202,-23.22192168,0.50949511,0.14425442,-23.19297667,0.47251383,0.00180195,-0.00544158,0.00272156,0.00040582,-0.00235728,0.00152863
5.660,0.24913325,0.69906486,2.50912777,0.10886824,-0.03772662,0.06683001,0.02328549,-0.00806923,0.01429406,0.24733551,0.70452727,2.50639590,0.10846493,-0.03536720,0.06530055,0.14379862,-23.22752682,0.51159430,0.14379862,-23.22752682,0.51159430,0.14410364,-23.19852505,0.47453615,0.00179774,-0.00546241,0.00273187,0.00040331,-0.00235942,0.00152946
5.670,0.25022310,0.69868719,2.50979679,0.10910095,-0.03780726,0.06697286,0.02325665,-0.00805924,0.01427636,0.24842957,0.70417046,2.50705459,0.10870017,-0.03544574,0.06544259,0.14364458,-23.23314151,0.51369910,0.14364458,-23.23314151,0.51369910,0.14395202,-23.20408101,0.47656077,0.00179353,-0.00548327,0.00274220,0.00040078,-0.00236152,0.00153027
5.680,0.25131527,0.69830871,2.51046723,0.10933337,-0.03788780,0.06711553,0.02322764,-0.00804918,0.01425855,0.24952597,0.70381286,2.50771469,0.10893514,-0.03552420,0.06558445,0.14348908,-23.23876630,0.51580682,0.14348908,-23.23876630,0.51580682,0.14379862,-23.20964704,0.47858928,0.00178930,-0.00550415,0.00275254,0.00039823,-0.00236360,0.00153108
5.690,0.25240977,0.69792943,2.51113910,0.10956550,-0.03796824,0.06725803,0.02319846,-0.00803907,0.01424064,0.25062470,0.70345448,2.50837620,0.10916983,-0.03560257,0.06572615,0.14333278,-23.24439937,0.51791929,0.14333278,-23.24439937,0.51791929,0.14364458,-23.21522265,0.48062348,0.00178507,-0.00552505,0.00276290,0.00039567,-0.00236567,0.00153188
5.700,0.25350658,0.69754935,2.51181239,0.10979734,-0.03804858,0.06740035,0.02316911,-0.00802890,0.01422262,0.25172578,0.70309533,2.50903912,0.10940423,-0.03568087,0.06586767,0.14317484,-23.25004090,0.52003519,0.14317484,-23.25004090,0.52003519,0.14348908,-23.22080842,0.48266069,0.00178080,-0.00554598,0.00277327,0.00039311,-0.00236771,0.00153268
5.710,0.25460571,0.69716846,2.51248711,0.11002888,-0.03812882,0.06754248,0.02313959,-0.00801867,0.01420450,0.25282919,0.70273539,2.50970345,0.10963836,-0.03575908,0.06600903,0.14301581,-23.25569309,0.52215618,0.14301581,-23.25569309,0.52215618,0.14333278,-23.22640251,0.48470274,0.00177652,-0.00556693,0.00278366,0.00039052,-0.00236974,0.00153345
5.720,0.25570716,0.69678677,2.51316324,0.11026013,-0.03820896,0.06768443,0.02310990,-0.00800838,0.01418627,0.25393492,0.70237467,2.51036919,0.10987220,-0.03583721,0.06615022,0.14285598,-23.26135413,0.52427965,0.14285598,-23.26135413,0.52427965,0.14317484,-23.23200510,0.48674830,0.00177224,-0.00558790,0.00279405,0.00038793,-0.00237175,0.00153421
5.730,0.25681091,0.69640428,2.51384079,0.11049108,-0.03828899,0.06782621,0.02308004,-0.00799803,0.01416794,0.25504299,0.70201318,2.51103633,0.11010576,-0.03591526,0.06629123,0.14269440,-23.26702386,0.52640744,0.14269440,-23.26702386,0.52640744,0.14301581,-23.23761838,0.48879904,0.00176792,-0.00560890,0.00280446,0.00038532,-0.00237373,0.00153498
5.740,0.25791698,0.69602099,2.51451976,0.11072173,-0.03836892,0.06796779,0.02305001,-0.00798763,0.01414951,0.25615338,0.70165091,2.51170488,0.11033903,-0.03599323,0.06643207,0.14253223,-23.27270283,0.52853957,0.14253223,-23.27270283,0.52853957,0.14285598,-23.24324057,0.49085235,0.00176360,-0.00562992,0.00281488,0.00038270,-0.00237569,0.00153572
5.750,0.25902535,0.69563690,2.51520015,0.11095208,-0.03844874,0.06810920,0.02301981,-0.00797716,0.01413097,0.25726609,0.70128786,2.51237483,0.11057201,-0.03607111,0.06657274,0.14236865,-23.27839089,0.53067663,0.14236865,-23.27839089,0.53067663,0.14269440,-23.24887148,0.49291007,0.00175926,-0.00565096,0.00282532,0.00038007,-0.00237763,0.00153646
5.760,0.26013602,0.69525202,2.51588195,0.11118212,-0.03852846,0.06825041,0.02298944,-0.00796664,0.01411233,0.25838111,0.70092404,2.51304617,0.11080469,-0.03614890,0.06671322,0.14220371,-23.28408659,0.53281712,0.14220371,-23.28408659,0.53281712,0.14253223,-23.25451168,0.49497222,0.00175491,-0.00567202,0.00283578,0.00037743,-0.00237956,0.00153719
5.770,0.26124899,0.69486634,2.51656516,0.11141187,-0.03860807,0.06839144,0.02295890,-0.00795605,0.01409358,0.25949846,0.70055944,2.51371892,0.11103709,-0.03622662,0.06685354,0.14203781,-23.28979176,0.53496147,0.14203781,-23.28979176,0.53496147,0.14236865,-23.26016101,0.49703940,0.00175053,-0.00569310,0.00284624,0.00037478,-0.00238145,0.00153790
5.780,0.26236425,0.69447986,2.51724978,0.11164130,-0.03868758,0.06853228,0.02292820,-0.00794541,0.01407473,0.26061811,0.70019407,2.51439306,0.11126919,-0.03630424,0.06699367,0.14187028,-23.29550697,0.53710987,0.14187028,-23.29550697,0.53710987,0.14220371,-23.26581803,0.49911008,0.00174614,-0.00571421,0.00285672,0.00037211,-0.00238334,0.00153861
5.790,0.26348181,0.69409258,2.51793580,0.11187043,-0.03876698,0.06867294,0.02289732,-0.00793472,0.01405578,0.26174008,0.69982792,2.51506859,0.11150099,-0.03638178,0.06713363,0.14170202,-23.30123209,0.53926120,0.14170202,-23.30123209,0.53926120,0.14203781,-23.27148456,0.50118472,0.00174173,-0.00573534,0.00286721,0.00036944,-0.00238520,0.00153931
5.800,0.26460166,0.69370452,2.51862323,0.11209925,-0.03884627,0.06881340,0.02286629,-0.00792396,0.01403673,0.26286435,0.69946101,2.51574552,0.11173249,-0.03645923,0.06727341,0.14153260,-23.30696329,0.54141704,0.14153260,-23.30696329,0.54141704,0.14187028,-23.27716118,0.50326349,0.00173731,-0.00575649,0.00287771,0.00036676,-0.00238704,0.00153999
5.810,0.26572380,0.69331566,2.51931207,0.11232775,-0.03892546,0.06895367,0.02283508,-0.00791315,0.01401757,0.26399092,0.69909332,2.51642384,0.11196369,-0.03653660,0.06741300,0.14136207,-23.31270513,0.54357783,0.14136207,-23.31270513,0.54357783,0.14170202,-23.28284774,0.50534530,0.00173288,-0.00577766,0.00288823,0.00036406,-0.00238886,0.00154067
5.820,0.26684822,0.69292601,2.52000231,0.11255595,-0.03900454,0.06909375,0.02280371,-0.00790228,0.01399832,0.26511979,0.69872486,2.51710355,0.11219459,-0.03661387,0.06755241,0.14119034,-23.31845549,0.54574237,0.14119034,-23.31845549,0.54574237,0.14153260,-23.28854044,0.50743172,0.00172843,-0.00579885,0.00289876,0.00036136,-0.00239067,0.00154134
5.830,0.26797492,0.69253557,2.52069394,0.11278383,-0.03908350,0.06923364,0.02277217,-0.00789135,0.01397896,0.26625096,0.69835564,2.51778464,0.11242518,-0.03669106,0.06769164,0.14101735,-23.32421420,0.54790942,0.14101735,-23.32421420,0.54790942,0.14136207,-23.29424382,0.50952316,0.00172396,-0.00582007,0.00290930,0.00035865,-0.00239244,0.00154200
5.840,0.26910389,0.69214434,2.52138698,0.11301139,-0.03916236,0.06937333,0.02274047,-0.00788036,0.01395950,0.26738442,0.69798564,2.51846712,0.11265547,-0.03676816,0.06783069,0.14084279,-23.32998216,0.55008215,0.14084279,-23.32998216,0.55008215,0.14119034,-23.29995576,0.51161846,0.00171947,-0.00584130,0.00291986,0.00035592,-0.00239420,0.00154264
5.850,0.27023514,0.69175232,2.52208141,0.11323864,-0.03924111,0.06951283,0.02270860,-0.00786932,0.01393993,0.26852018,0.69761488,2.51915098,0.11288544,-0.03684517,0.06796955,0.14066744,-23.33575924,0.55225801,0.14066744,-23.33575924,0.55225801,0.14101735,-23.30567610,0.51371636,0.00171496,-0.00586256,0.00293043,0.00035320,-0.00239594,0.00154328
5.860,0.27136866,0.69135952,2.52277723,0.11346556,-0.03931975,0.06965213,0.02267657,-0.00785822,0.01392027,0.26965822,0.69724335,2.51983622,0.11311511,-0.03692209,0.06810822,0.14049076,-23.34154365,0.55443715,0.14049076,-23.34154365,0.55443715,0.14084279,-23.31140573,0.51582003,0.00171044,-0.00588383,0.00294101,0.00035045,-0.00239766,0.00154391
5.870,0.27250445,0.69096593,2.52347445,0.11369217,-0.03939828,0.06979123,0.02264437,-0.00784706,0.01390051,0.27079854,0.69687106,2.52052284,0.11334446,-0.03699892,0.06824671,0.14031317,-23.34733756,0.55662138,0.14031317,-23.34733756,0.55662138,0.14066744,-23.31714454,0.51792693,0.00170591,-0.00590513,0.00295161,0.00034771,-0.00239936,0.00154452
5.880,0.27364251,0.69057155,2.52417306,0.11391845,-0.03947669,0.06993014,0.02261201,-0.00783585,0.01388064,0.27194115,0.69649800,2.52121084,0.11357350,-0.03707565,0.06838500,0.14013460,-23.35314089,0.55880963,0.14013460,-23.35314089,0.55880963,0.14049076,-23.32289071,0.52003721,0.00170136,-0.00592645,0.00296222,0.00034495,-0.00240104,0.00154514
5.890,0.27478282,0.69017639,2.52487305,0.11414441,-0.03955499,0.07006884,0.02257949,-0.00782458,0.01386068,0.27308603,0.69612418,2.52190022,0.11380222,-0.03715230,0.06852311,0.13995436,-23.35895217,0.56100048,0.13995436,-23.35895217,0.56100048,0.14031317,-23.32864645,0.52215266,0.00169679,-0.00594779,0.00297283,0.00034219,-0.00240269,0.00154573
5.900,0.27592539,0.68978045,2.52557443,0.11437004,-0.03963318,0.07020735,0.02254680,-0.00781325,0.01384061,0.27423319,0.69574959,2.52259096,0.11403062,-0.03722885,0.06866103,0.13977302,-23.36477159,0.56319589,0.13977302,-23.36477159,0.56319589,0.14013460,-23.33441164,0.52427224,0.00169220,-0.00596914,0.00298347,0.00033942,-0.00240433,0.00154632
5.910,0.27707022,0.68938373,2.52627720,0.11459534,-0.03971126,0.07034566,0.02251395,-0.00780187,0.01382045,0.27538262,0.69537425,2.52328308,0.11425871,-0.03730531,0.06879876,0.13959075,-23.37059937,0.56539611,0.13959075,-23.37059937,0.56539611,0.13995436,-23.34018483,0.52639451,0.00168760,-0.00599052,0.00299412,0.00033663,-0.00240595,0.00154690
5.920,0.27821730,0.68898623,2.52698135,0.11482032,-0.03978922,0.07048376,0.02248094,-0.00779043,0.01380018,0.27653432,0.69499814,2.52397657,0.11448647,-0.03738168,0.06893629,0.13940738,-23.37643539,0.56759984,0.13940738,-23.37643539,0.56759984,0.13977302,-23.34596620,0.52852144,0.00168298,-0.00601191,0.00300478,0.00033385,-0.00240754,0.00154747
5.930,0.27936662,0.68858795,2.52768687,0.11504496,-0.03986707,0.07062166,0.02244777,-0.00777893,0.01377982,0.27768828,0.69462127,2.52467143,0.11471390,-0.03745795,0.06907364,0.13922234,-23.38228019,0.56980596,0.13922234,-23.38228019,0.56980596,0.13959075,-23.35175599,0.53065328,0.00167834,-0.00603332,0.00301544,0.00033106,-0.00240912,0.00154802
5.940,0.28051820,0.68818889,2.52839378,0.11526927,-0.03994480,0.07075935,0.02241444,-0.00776738,0.01375936,0.27884450,0.69424364,2.52536765,0.11494101,-0.03753413,0.06921079,0.13903694,-23.38813364,0.57201765,0.13903694,-23.38813364,0.57201765,0.13940738,-23.35755405,0.53278872,0.00167370,-0.00605475,0.00302613,0.00032826,-0.00241067,0.00154856
5.950,0.28167201,0.68778905,2.52910206,0.11549325,-0.04002241,0.07089685,0.02238094,-0.00775577,0.01373879,0.28000299,0.69386526,2.52606524,0.11516779,-0.03761022,0.06934774,0.13884987,-23.39399599,0.57423248,0.13884987,-23.39399599,0.57423248,0.13922234,-23.36336095,0.53492666,0.00166902,-0.00607621,0.00303682,0.00032546,-0.00241219,0.00154911
5.960,0.28282806,0.68738844,2.52981172,0.11571689,-0.04009991,0.07103413,0.02234728,-0.00774411,0.01371813,0.28116372,0.69348612,2.52676419,0.11539424,-0.03768621,0.06948451,0.13866170,-23.39986579,0.57645193,0.13866170,-23.39986579,0.57645193,0.13903694,-23.36917655,0.53707026,0.00166434,-0.00609768,0.00304753,0.00032265,-0.00241370,0.00154962
5.970,0.28398635,0.68698705,2.53052274,0.11594019,-0.04017729,0.07117121,0.02231347,-0.00773239,0.01369738,0.28232671,0.69310622,2.52746449,0.11562036,-0.03776210,0.06962107,0.13847263,-23.40574488,0.57867350,0.13847263,-23.40574488,0.57867350,0.13884987,-23.37500110,0.53921710,0.00165964,-0.00611917,0.00305825,0.00031983,-0.00241519,0.00155014
5.980,0.28514686,0.68658489,2.53123514,0.11616316,-0.04025456,0.07130808,0.02227949,-0.00772062,0.01367652,0.28349194,0.69272557,2.52816616,0.11584614,-0.03783790,0.06975744,0.13828196,-23.41163185,0.58090038,0.13828196,-23.41163185,0.58090038,0.13866170,-23.38083314,0.54136866,0.00165492,-0.00614068,0.00306898,0.00031702,-0.00241666,0.00155064
5.990,0.28630961,0.68618196,2.53194890,0.11638578,-0.04033171,0.07144474,0.02224535,-0.00770879,0.01365556,0.28465942,0.69234416,2.52886918,0.11607159,-0.03791360,0.06989361,0.13809064,-23.41752657,0.58312993,0.13809064,-23.41752657,0.58312993,0.13847263,-23.38667454,0.54352244,0.00165019,-0.00616220,0.00307972,0.00031419,-0.00241811,0.00155113
6.000,0.28747458,0.68577826,2.53266403,0.11660807,-0.04040874,0.07158119,0.02221106,-0.00769690,0.01363451,0.28582914,0.69196200,2.52957355,0.11629670,-0.03798920,0.07002958,0.13789812,-23.42342923,0.58536394,0.13789812,-23.42342923,0.58536394,0.13828196,-23.39252385,0.54568163,0.00164544,-0.00618374,0.00309048,0.00031137,-0.00241954,0.00155161
6.010,0.28864177,0.68537379,2.53338053,0.11683000,-0.04048564,0.07171743,0.02217661,-0.00768496,0.01361336,0.28700110,0.69157909,2.53027928,0.11652147,-0.03806470,0.07016536,0.13770422,-23.42933975,0.58760277,0.13770422,-23.42933975,0.58760277,0.13809064,-23.39838096,0.54784360,0.00164067,-0.00620530,0.00310125,0.00030853,-0.00242094,0.00155207
6.020,0.28981118,0.68496855,2.53409838,0.11705160,-0.04056243,0.07185346,0.02214199,-0.00767297,0.01359212,0.28817529,0.69119542,2.53098636,0.11674590,-0.03814011,0.07030092,0.13750949,-23.43525904,0.58984373,0.13750949,-23.43525904,0.58984373,0.13789812,-23.40424607,0.55001013,0.00163589,-0.00622687,0.00311202,0.00030570,-0.00242232,0.00155254
6.030,0.29098280,0.68456254,2.53481759,0.11727284,-0.04063910,0.07198927,0.02210723,-0.00766092,0.01357077,0.28935172,0.69081101,2.53169478,0.11696999,-0.03821542,0.07043629,0.13731328,-23.44118698,0.59208850,0.13731328,-23.44118698,0.59208850,0.13770422,-23.41011908,0.55218158,0.00163108,-0.00624847,0.00312281,0.00030285,-0.00242368,0.00155298
6.040,0.29215663,0.68415577,2.53553817,0.11749374,-0.04071565,0.07212487,0.02207230,-0.00764882,0.01354933,0.29053037,0.69042585,2.53240455,0.11719373,-0.03829062,0.07057145,0.13711603,-23.44712181,0.59433904,0.13711603,-23.44712181,0.59433904,0.13750949,-23.41600092,0.55435526,0.00162626,-0.00627008,0.00313362,0.00030001,-0.00242503,0.00155342
6.050,0.29333267,0.68374823,2.53626009,0.11771429,-0.04079208,0.07226026,0.02203721,-0.00763666,0.01352779,0.29171124,0.69003994,2.53311566,0.11741713,-0.03836573,0.07070641,0.13691780,-23.45306574,0.59659120,0.13691780,-23.45306574,0.59659120,0.13731328,-23.42189146,0.55653286,0.00162143,-0.00629171,0.00314443,0.00029716,-0.00242635,0.00155385
6.060,0.29451092,0.68333992,2.53698337,0.11793448,-0.04086839,0.07239543,0.02200197,-0.00762445,0.01350616,0.29289433,0.68965328,2.53382812,0.11764017,-0.03844074,0.07084116,0.13671868,-23.45901900,0.59884814,0.13671868,-23.45901900,0.59884814,0.13711603,-23.42778893,0.55871633,0.00161659,-0.00631336,0.00315525,0.00029431,-0.00242765,0.00155427
6.070,0.29569136,0.68293086,2.53770800,0.11815433,-0.04094457,0.07253038,0.02196658,-0.00761218,0.01348443,0.29407964,0.68926588,2.53454191,0.11786287,-0.03851564,0.07097571,0.13651811,-23.46497747,0.60110872,0.13651811,-23.46497747,0.60110872,0.13691780,-23.43369556,0.56090153,0.00161172,-0.00633502,0.00316609,0.00029146,-0.00242893,0.00155467
6.080,0.29687400,0.68252103,2.53843398,0.11837382,-0.04102063,0.07266511,0.02193102,-0.00759986,0.01346261,0.29526716,0.68887773,2.53525704,0.11808521,-0.03859044,0.07111004,0.13631654,-23.47094569,0.60337325,0.13631654,-23.47094569,0.60337325,0.13671868,-23.43961157,0.56309161,0.00160684,-0.00635670,0.00317694,0.00028861,-0.00243019,0.00155507
6.090,0.29805884,0.68211045,2.53916130,0.11859295,-0.04109657,0.07279963,0.02189531,-0.00758749,0.01344069,0.29645690,0.68848884,2.53597351,0.11830720,-0.03866515,0.07124417,0.13611419,-23.47691992,0.60564067,0.13611419,-23.47691992,0.60564067,0.13651811,-23.44553284,0.56528543,0.00160194,-0.00637839,0.00318779,0.00028575,-0.00243142,0.00155546
6.100,0.29924586,0.68169910,2.53988997,0.11881172,-0.04117238,0.07293393,0.02185945,-0.00757506,0.01341867,0.29764883,0.68809920,2.53669131,0.11852883,-0.03873974,0.07137810,0.13591024,-23.48290402,0.60791268,0.13591024,-23.48290402,0.60791268,0.13631654,-23.45146392,0.56748332,0.00159703,-0.00640010,0.00319866,0.00028289,-0.00243264,0.00155583
6.110,0.30043507,0.68128700,2.54061998,0.11903014,-0.04124807,0.07306800,0.02182343,-0.00756258,0.01339656,0.29884297,0.68770882,2.53741044,0.11875010,-0.03881424,0.07151181,0.13570552,-23.48889460,0.61018806,0.13570552,-23.48889460,0.61018806,0.13611419,-23.45740106,0.56968420,0.00159210,-0.00642182,0.00320954,0.00028004,-0.00243383,0.00155619
6.120,0.30162646,0.68087414,2.54135133,0.11924819,-0.04132363,0.07320186,0.02178726,-0.00755004,0.01337436,0.30003931,0.68731771,2.53813089,0.11897102,-0.03888863,0.07164531,0.13549950,-23.49489353,0.61246731,0.13549950,-23.49489353,0.61246731,0.13591024,-23.46334812,0.57188977,0.00158715,-0.00644357,0.00322044,0.00027717,-0.00243500,0.00155655
6.130,0.30282003,0.68046053,2.54208401,0.11946588,-0.04139907,0.07333549,0.02175093,-0.00753745,0.01335206,0.30123784,0.68692585,2.53885268,0.11919157,-0.03896292,0.07177860,0.13529250,-23.50089939,0.61474909,0.13529250,-23.50089939,0.61474909,0.13570552,-23.46930171,0.57409883,0.00158219,-0.00646532,0.00323133,0.00027431,-0.00243615,0.00155689
6.140,0.30401578,0.68004616,2.54281804,0.11968321,-0.04147438,0.07346890,0.02171445,-0.00752481,0.01332966,0.30243856,0.68653325,2.53957579,0.11941176,-0.03903710,0.07191167,0.13508473,-23.50691407,0.61703681,0.13508473,-23.50691407,0.61703681,0.13549950,-23.47526371,0.57631187,0.00157722,-0.00648709,0.00324225,0.00027145,-0.00243728,0.00155723
6.150,0.30521369,0.67963104,2.54355339,0.11990017,-0.04154956,0.07360208,0.02167782,-0.00751212,0.01330718,0.30364148,0.68613992,2.54030022,0.11963159,-0.03911118,0.07204453,0.13487526,-23.51293584,0.61932628,0.13487526,-23.51293584,0.61932628,0.13529250,-23.48123269,0.57852754,0.00157221,-0.00650888,0.00325317,0.00026858,-0.00243838,0.00155755
6.160,0.30641378,0.67921517,2.54429008,0.12011676,-0.04162462,0.07373504,0.02164104,-0.00749937,0.01328460,0.30484657,0.68574585,2.54102597,0.11985105,-0.03918515,0.07217717,0.13466532,-23.51896524,0.62162086,0.13466532,-23.51896524,0.62162086,0.13508473,-23.48721054,0.58074926,0.00156721,-0.00653068,0.00326411,0.00026571,-0.00243947,0.00155787
6.170,0.30761603,0.67879855,2.54502809,0.12033299,-0.04169955,0.07386778,0.02160410,-0.00748657,0.01326192,0.30605384,0.68535104,2.54175304,0.12007014,-0.03925901,0.07230960,0.13445421,-23.52500218,0.62391793,0.13445421,-23.52500218,0.62391793,0.13487526,-23.49319554,0.58297284,0.00156219,-0.00655249,0.00327505,0.00026285,-0.00244054,0.00155818
6.180,0.30882044,0.67838118,2.54576743,0.12054885,-0.04177435,0.07400028,0.02156701,-0.00747372,0.01323915,0.30726329,0.68495550,2.54248142,0.12028886,-0.03933277,0.07244181,0.13424204,-23.53104689,0.62621911,0.13424204,-23.53104689,0.62621911,0.13466532,-23.49918822,0.58520164,0.00155715,-0.00657432,0.00328601,0.00025999,-0.00244158,0.00155847
6.190,0.31002700,0.67796306,2.54650810,0.12076433,-0.04184902,0.07413256,0.02152977,-0.00746081,0.01321629,0.30847492,0.68455923,2.54321112,0.12050720,-0.03940642,0.07257380,0.13402839,-23.53709962,0.62852497,0.13402839,-23.53709962,0.62852497,0.13445421,-23.50518850,0.58743305,0.00155208,-0.00659617,0.00329698,0.00025713,-0.00244260,0.00155876
6.200,0.31123572,0.67754420,2.54725008,0.12097944,-0.04192357,0.07426461,0.02149237,-0.00744785,0.01319334,0.30968871,0.68416222,2.54394213,0.12072518,-0.03947996,0.07270557,0.13381408,-23.54315896,0.63083274,0.13381408,-23.54315896,0.63083274,0.13424204,-23.51119660,0.58966867,0.00154701,-0.00661802,0.00330795,0.00025426,-0.00244361,0.00155904
6.210,0.31244659,0.67712459,2.54799339,0.12119418,-0.04199798,0.07439642,0.02145483,-0.00743484,0.01317029,0.31090466,0.68376448,2.54467445,0.12094278,-0.03955339,0.07283712,0.13359884,-23.54922641,0.63314563,0.13359884,-23.54922641,0.63314563,0.13402839,-23.51721277,0.59190908,0.00154193,-0.00663989,0.00331894,0.00025140,-0.00244459,0.00155930
6.220,0.31365961,0.67670424,2.54873801,0.12140854,-0.04207226,0.07452801,0.02141714,-0.00742178,0.01314715,0.31212278,0.68336602,2.54540807,0.12116000,-0.03962672,0.07296845,0.13338276,-23.55530061,0.63546123,0.13338276,-23.55530061,0.63546123,0.13381408,-23.52323561,0.59415152,0.00153683,-0.00666178,0.00332994,0.00024854,-0.00244554,0.00155956
6.230,0.31487476,0.67628315,2.54948395,0.12162252,-0.04214642,0.07465937,0.02137929,-0.00740867,0.01312392,0.31334305,0.68296682,2.54614300,0.12137684,-0.03969993,0.07309956,0.13316503,-23.56138211,0.63778125,0.13316503,-23.56138211,0.63778125,0.13359884,-23.52926662,0.59639919,0.00153171,-0.00668367,0.00334095,0.00024568,-0.00244649,0.00155981
6.240,0.31609206,0.67586131,2.55023120,0.12183612,-0.04222044,0.07479049,0.02134130,-0.00739550,0.01310060,0.31456548,0.68256690,2.54687923,0.12159330,-0.03977304,0.07323045,0.13294688,-23.56747248,0.64010445,0.13294688,-23.56747248,0.64010445,0.13338276,-23.53530443,0.59864967,0.00152658,-0.00670559,0.00335197,0.00024282,-0.00244740,0.00156004
6.250,0.31731148,0.67543874,2.55097976,0.12204934,-0.04229433,0.07492138,0.02130316,-0.00738228,0.01307719,0.31579006,0.68216625,2.54761676,0.12180938,-0.03984603,0.07336112,0.13272701,-23.57356830,0.64243127,0.13272701,-23.57356830,0.64243127,0.13316503,-23.54134960,0.60090469,0.00152142,-0.00672751,0.00336300,0.00023996,-0.00244830,0.00156026
6.260,0.31853304,0.67501543,2.55172962,0.12226218,-0.04236808,0.07505203,0.02126487,-0.00736901,0.01305368,0.31701678,0.68176487,2.54835559,0.12202507,-0.03991892,0.07349156,0.13250665,-23.57967145,0.64476044,0.13250665,-23.57967145,0.64476044,0.13294688,-23.54740369,0.60316300,0.00151626,-0.00674944,0.00337403,0.00023711,-0.00244916,0.00156047
6.270,0.31975673,0.67459138,2.55248080,0.12247464,-0.04244171,0.07518245,0.02122643,-0.00735569,0.01303008,0.31824564,0.68136277,2.54909572,0.12224038,-0.03999169,0.07362178,0.13228550,-23.58578290,0.64709543,0.13228550,-23.58578290,0.64709543,0.13272701,-23.55346329,0.60542505,0.00151109,-0.00677139,0.00338508,0.00023426,-0.00245002,0.00156067
6.280,0.32098253,0.67416659,2.55323327,0.12268671,-0.04251520,0.07531264,0.02118784,-0.00734232,0.01300640,0.31947664,0.68095995,2.54983713,0.12245531,-0.04006436,0.07375177,0.13206267,-23.59190222,0.64943214,0.13206267,-23.59190222,0.64943214,0.13250665,-23.55953028,0.60768956,0.00150589,-0.00679336,0.00339614,0.00023140,-0.00245084,0.00156087
6.290,0.32221046,0.67374107,2.55398705,0.12289840,-0.04258855,0.07544258,0.02114911,-0.00732890,0.01298262,0.32070978,0.68055640,2.55057984,0.12266984,-0.04013690,0.07388154,0.13183948,-23.59802763,0.65177368,0.13183948,-23.59802763,0.65177368,0.13228550,-23.56560562,0.60996001,0.00150068,-0.00681533,0.00340721,0.00022856,-0.00245165,0.00156104
6.300,0.32344050,0.67331482,2.55474212,0.12310969,-0.04266178,0.07557229,0.02111022,-0.00731542,0.01295875,0.32194504,0.68015214,2.55132384,0.12288398,-0.04020934,0.07401108,0.13161492,-23.60416008,0.65411763,0.13161492,-23.60416008,0.65411763,0.13206267,-23.57168890,0.61223230,0.00149546,-0.00683732,0.00341828,0.00022571,-0.00245244,0.00156121
6.310,0.32467265,0.67288784,2.55549849,0.12332060,-0.04273486,0.07570176,0.02107120,-0.00730190,0.01293479,0.32318243,0.67974715,2.55206912,0.12309774,-0.04028166,0.07414039,0.13138944,-23.61029874,0.65646573,0.13138944,-23.61029874,0.65646573,0.13183948,-23.57777832,0.61450952,0.00149022,-0.00685931,0.00342937,0.00022286,-0.00245320,0.00156137
6.320,0.32590691,0.67246013,2.55625616,0.12353112,-0.04280781,0.07583098,0.02103202,-0.00728832,0.01291075,0.32442194,0.67934144,2.55281569,0.12331109,-0.04035388,0.07426947,0.13116314,-23.61644460,0.65881826,0.13116314,-23.61644460,0.65881826,0.13161492,-23.58387482,0.61678928,0.00148497,-0.00688131,0.00344047,0.00022003,-0.00245393,0.00156151
6.330,0.32714327,0.67203168,2.55701511,0.12374124,-0.04288063,0.07595997,0.02099270,-0.00727470,0.01288661,0.32566357,0.67893502,2.55356354,0.12352405,-0.04042597,0.07439832,0.13093562,-23.62259992,0.66117280,0.13093562,-23.62259992,0.66117280,0.13138944,-23.58997761,0.61907330,0.00147970,-0.00690334,0.00345157,0.00021719,-0.00245466,0.00156165
6.340,0.32838173,0.67160251,2.55777536,0.12395097,-0.04295331,0.07608871,0.02095323,-0.00726102,0.01286238,0.32690731,0.67852788,2.55431267,0.12373662,-0.04049795,0.07452693,0.13070722,-23.62876059,0.66353247,0.13070722,-23.62876059,0.66353247,0.13116314,-23.59608765,0.62136187,0.00147442,-0.00692537,0.00346269,0.00021435,-0.00245536,0.00156178
6.350,0.32962229,0.67117262,2.55853689,0.12416031,-0.04302585,0.07621722,0.02091362,-0.00724729,0.01283806,0.32815317,0.67812003,2.55506307,0.12394879,-0.04056982,0.07465532,0.13047815,-23.63492685,0.66589485,0.13047815,-23.63492685,0.66589485,0.13093562,-23.60220721,0.62365257,0.00146912,-0.00694741,0.00347382,0.00021152,-0.00245603,0.00156190
6.360,0.33086494,0.67074200,2.55929970,0.12436924,-0.04309825,0.07634548,0.02087387,-0.00723352,0.01281366,0.32940113,0.67771146,2.55581475,0.12416055,-0.04064157,0.07478347,0.13024791,-23.64110094,0.66826006,0.13024791,-23.64110094,0.66826006,0.13070722,-23.60833218,0.62594850,0.00146381,-0.00696946,0.00348495,0.00020869,-0.00245668,0.00156201
6.370,0.33210967,0.67031065,2.56006379,0.12457778,-0.04317052,0.07647349,0.02083396,-0.00721969,0.01278917,0.33065119,0.67730218,2.55656770,0.12437192,-0.04071320,0.07491139,0.13001645,-23.64728349,0.67062848,0.13001645,-23.64728349,0.67062848,0.13047815,-23.61446280,0.62824727,0.00145848,-0.00699153,0.00349609,0.00020586,-0.00245732,0.00156210
6.380,0.33335649,0.66987859,2.56082917,0.12478592,-0.04324265,0.07660126,0.02079392,-0.00720581,0.01276458,0.33190334,0.67689219,2.55732192,0.12458288,-0.04078472,0.07503908,0.12978436,-23.65347041,0.67300211,0.12978436,-23.65347041,0.67300211,0.13024791,-23.62060131,0.63054900,0.00145315,-0.00701360,0.00350725,0.00020304,-0.00245793,0.00156218
6.390,0.33460539,0.66944580,2.56159582,0.12499366,-0.04331463,0.07672878,0.02075373,-0.00719189,0.01273991,0.33315759,0.67648148,2.55807741,0.12479343,-0.04085612,0.07516653,0.12955139,-23.65966560,0.67537825,0.12955139,-23.65966560,0.67537825,0.13001645,-23.62674833,0.63285405,0.00144780,-0.00703568,0.00351841,0.00020023,-0.00245851,0.00156225
6.400,0.33585636,0.66901229,2.56236374,0.12520100,-0.04338648,0.07685606,0.02071340,-0.00717791,0.01271516,0.33441394,0.67607007,2.55883416,0.12500358,-0.04092740,0.07529374,0.12931724,-23.66586803,0.67775732,0.12931724,-23.66586803,0.67775732,0.12978436,-23.63289978,0.63516443,0.00144242,-0.00705778,0.00352958,0.00019742,-0.00245908,0.00156232
6.410,0.33710941,0.66857807,2.56313294,0.12540793,-0.04345819,0.07698308,0.02067293,-0.00716389,0.01269031,0.33567236,0.67565795,2.55959218,0.12521333,-0.04099856,0.07542071,0.12908253,-23.67207559,0.68014100,0.12908253,-23.67207559,0.68014100,0.12955139,-23.63905957,0.63747743,0.00143705,-0.00707988,0.00354076,0.00019460,-0.00245963,0.00156237
6.420,0.33836452,0.66814313,2.56390340,0.12561445,-0.04352976,0.07710986,0.02063231,-0.00714981,0.01266538,0.33693287,0.67524512,2.56035146,0.12542266,-0.04106961,0.07554744,0.12884647,-23.67829055,0.68252689,0.12884647,-23.67829055,0.68252689,0.12931724,-23.64522666,0.63979350,0.00143165,-0.00710199,0.00355194,0.00019179,-0.00246015,0.00156242
6.430,0.33962170,0.66770748,2.56467514,0.12582057,-0.04360119,0.07723639,0.02059155,-0.00713569,0.01264036,0.33819545,0.67483159,2.56111199,0.12563158,-0.04114054,0.07567394,0.12860991,-23.68451115,0.68491823,0.12860991,-23.68451115,0.68491823,0.12908253,-23.65139894,0.64211429,0.00142625,-0.00712411,0.00356315,0.00018899,-0.00246065,0.00156245
6.440,0.34088093,0.66727111,2.56544813,0.12602628,-0.04367247,0.07736267,0.02055065,-0.00712151,0.01261525,0.33946011,0.67441735,2.56187378,0.12584009,-0.04121134,0.07580019,0.12837197,-23.69073934,0.68731094,0.12837197,-23.69073934,0.68731094,0.12884647,-23.65757867,0.64443741,0.00142082,-0.00714624,0.00357435,0.00018619,-0.00246113,0.00156248
6.450,0.34214222,0.66683403,2.56622239,0.12623159,-0.04374362,0.07748870,0.02050961,-0.00710729,0.01259006,0.34072683,0.67400241,2.56263682,0.12604818,-0.04128203,0.07592621,0.12813347,-23.69697405,0.68970833,0.12813347,-23.69697405,0.68970833,0.12860991,-23.66376411,0.64676611,0.00141539,-0.00716838,0.00358557,0.00018341,-0.00246159,0.00156249
6.460,0.34340556,0.66639624,2.56699790,0.12643648,-0.04381462,0.07761447,0.02046843,-0.00709302,0.01256478,0.34199562,0.67358677,2.56340112,0.12625586,-0.04135260,0.07605198,0.12789392,-23.70321486,0.69210771,0.12789392,-23.70321486,0.69210771,0.12837197,-23.66995719,0.64909629,0.00140994,-0.00719053,0.00359678,0.00018062,-0.00246202,0.00156249
6.470,0.34467095,0.66595774,2.56777468,0.12664095,-0.04388548,0.07773999,0.02042710,-0.00707870,0.01253941,0.34326647,0.67317042,2.56416666,0.12646313,-0.04142304,0.07617751,0.12765354,-23.70946238,0.69451255,0.12765354,-23.70946238,0.69451255,0.12813347,-23.67615686,0.65143128,0.00140448,-0.00721268,0.00360802,0.00017782,-0.00246244,0.00156248
6.480,0.34593838,0.66551853,2.56855270,0.12684502,-0.04395619,0.07786526,0.02038564,-0.00706433,0.01251396,0.34453937,0.67275338,2.56493344,0.12666997,-0.04149336,0.07630279,0.12741230,-23.71571653,0.69691877,0.12741230,-23.71571653,0.69691877,0.12789392,-23.68236269,0.65376839,0.00139901,-0.00723485,0.00361926,0.00017505,-0.00246283,0.00156247
6.490,0.34720785,0.66507861,2.56933198,0.12704867,-0.04402677,0.07799027,0.02034404,-0.00704991,0.01248842,0.34581433,0.67233564,2.56570147,0.12687640,-0.04156356,0.07642783,0.12717019,-23.72197827,0.69932960,0.12717019,-23.72197827,0.69932960,0.12765354,-23.68857529,0.65611108,0.00139352,-0.00725703,0.00363051,0.00017227,-0.00246321,0.00156244
6.500,0.34847935,0.66463799,2.57011251,0.12725190,-0.04409719,0.07811503,0.02030230,-0.00703545,0.01246280,0.34709134,0.67191720,2.56647074,0.12708240,-0.04163364,0.07655262,0.12692693,-23.72824482,0.70174406,0.12692693,-23.72824482,0.70174406,0.12741230,-23.69479459,0.65845527,0.00138801,-0.00727921,0.00364177,0.00016950,-0.00246355,0.00156241
6.510,0.34975288,0.66419667,2.57089428,0.12745471,-0.04416747,0.07823953,0.02026042,-0.00702094,0.01243709,0.34837038,0.67149807,2.56724125,0.12728798,-0.04170360,0.07667717,0.12668276,-23.73451712,0.70416090,0.12668276,-23.73451712,0.70416090,0.12717019,-23.70102154,0.66080419,0.00138250,-0.00730140,0.00365303,0.00016673,-0.00246387,0.00156236
6.520,0.35102844,0.66375464,2.57167730,0.12765711,-0.04423761,0.07836377,0.02021840,-0.00700638,0.01241129,0.34965147,0.67107824,2.56801299,0.12749314,-0.04177343,0.07680147,0.12643802,-23.74079742,0.70658199,0.12643802,-23.74079742,0.70658199,0.12692693,-23.70725335,0.66315687,0.00137697,-0.00732360,0.00366431,0.00016397,-0.00246418,0.00156230
6.530,0.35230603,0.66331192,2.57246156,0.12785908,-0.04430760,0.07848775,0.02017624,-0.00699177,0.01238542,0.35093459,0.67065771,2.56878597,0.12769787,-0.04184314,0.07692553,0.12619272,-23.74708169,0.70900624,0.12619272,-23.74708169,0.70900624,0.12668276,-23.71349098,0.66551206,0.00137144,-0.00734579,0.00367559,0.00016121,-0.00246446,0.00156222
6.540,0.35358562,0.66286849,2.57324705,0.12806063,-0.04437745,0.07861148,0.02013395,-0.00697711,0.01235945,0.35221974,0.67023650,2.56956018,0.12790217,-0.04191273,0.07704933,0.12594570,-23.75337449,0.71143261,0.12594570,-23.75337449,0.71143261,0.12643802,-23.71973668,0.66787161,0.00136588,-0.00736801,0.00368687,0.00015846,-0.00246472,0.00156215
6.550,0.35486724,0.66242437,2.57403378,0.12826176,-0.04444714,0.07873494,0.02009152,-0.00696241,0.01233341,0.35350692,0.66981459,2.57033562,0.12810605,-0.04198219,0.07717289,0.12569870,-23.75967144,0.71386279,0.12569870,-23.75967144,0.71386279,0.12619272,-23.72598640,0.67023446,0.00136032,-0.00739022,0.00369816,0.00015571,-0.00246495,0.00156205
6.560,0.35615086,0.66197955,2.57482175,0.12846246,-0.04451669,0.07885814,0.02004895,-0.00694765,0.01230727,0.35479612,0.66939200,2.57111228,0.12830949,-0.04205153,0.07729620,0.12545032,-23.76597549,0.71629730,0.12545032,-23.76597549,0.71629730,0.12594570,-23.73224473,0.67259955,0.00135474,-0.00741245,0.00370947,0.00015297,-0.00246516,0.00156194
6.570,0.35743648,0.66153404,2.57561095,0.12866274,-0.04458610,0.07898109,0.02000624,-0.00693286,0.01228106,0.35608733,0.66896871,2.57189016,0.12851251,-0.04212074,0.07741926,0.12520092,-23.77228495,0.71873517,0.12520092,-23.77228495,0.71873517,0.12569870,-23.73850726,0.67496858,0.00134915,-0.00743467,0.00372079,0.00015023,-0.00246536,0.00156183
6.580,0.35872411,0.66108783,2.57640137,0.12886258,-0.04465535,0.07910376,0.01996340,-0.00691801,0.01225476,0.35738056,0.66854474,2.57266927,0.12871509,-0.04218982,0.07754206,0.12495099,-23.77860137,0.72117494,0.12495099,-23.77860137,0.72117494,0.12545032,-23.74477696,0.67734207,0.00134355,-0.00745691,0.00373210,0.00014749,-0.00246553,0.00156170
6.590,0.36001373,0.66064093,2.57719302,0.12906200,-0.04472446,0.07922618,0.01992042,-0.00690312,0.01222838,0.35867580,0.66812009,2.57344959,0.12891724,-0.04225878,0.07766461,0.12470002,-23.78492372,0.72361879,0.12470002,-23.78492372,0.72361879,0.12520092,-23.75105213,0.67971904,0.00133793,-0.00747916,0.00374343,0.00014476,-0.00246568,0.00156157
6.600,0.36130535,0.66019334,2.57798589,0.12926099,-0.04479341,0.07934833,0.01987731,-0.00688818,0.01220191,0.35997304,0.66769475,2.57423113,0.12911895,-0.04232761,0.07778690,0.12444861,-23.79125159,0.72606546,0.12444861,-23.79125159,0.72606546,0.12495099,-23.75733432,0.68209805,0.00133231,-0.00750141,0.00375476,0.00014204,-0.00246580,0.00156143
6.610,0.36259895,0.65974506,2.57877999,0.12945955,-0.04486222,0.07947022,0.01983407,-0.00687319,0.01217537,0.36127228,0.66726872,2.57501388,0.12932022,-0.04239631,0.07790894,0.12419601,-23.79758594,0.72851692,0.12419601,-23.79758594,0.72851692,0.12470002,-23.76362252,0.68448126,0.00132667,-0.00752366,0.00376611,0.00013933,-0.00246591,0.00156128
6.620,0.36389454,0.65929610,2.57957530,0.12965767,-0.04493088,0.07959184,0.01979068,-0.00685816,0.01214874,0.36257351,0.66684202,2.57579784,0.12952106,-0.04246488,0.07803073,0.12394283,-23.80392471,0.73097050,0.12394283,-23.80392471,0.73097050,0.12444861,-23.76991629,0.68686742,0.00132103,-0.00754592,0.00377746,0.00013661,-0.00246600,0.00156111
6.630,0.36519211,0.65884644,2.58037182,0.12985536,-0.04499938,0.07971319,0.01974717,-0.00684308,0.01212202,0.36387674,0.66641463,2.57658301,0.12972146,-0.04253333,0.07815226,0.12368892,-23.81027179,0.73342654,0.12368892,-23.81027179,0.73342654,0.12419601,-23.77621661,0.68925850,0.00131537,-0.00756819,0.00378881,0.00013390,-0.00246605,0.00156093
6.640,0.36649165,0.65839611,2.58116956,0.13005262,-0.04506774,0.07983428,0.01970352,-0.00682795,0.01209523,0.36518195,0.66598656,2.57736938,0.12992142,-0.04260165,0.07827353,0.12343403,-23.81662219,0.73588705,0.12343403,-23.81662219,0.73588705,0.12394283,-23.78252141,0.69165183,0.00130970,-0.00759045,0.00380018,0.00013120,-0.00246609,0.00156075
6.650,0.36779316,0.65794509,2.58196851,0.13024943,-0.04513594,0.07995510,0.01965974,-0.00681278,0.01206835,0.36648915,0.66555782,2.57815695,0.13012093,-0.04266983,0.07839454,0.12317815,-23.82297947,0.73835086,0.12317815,-23.82297947,0.73835086,0.12368892,-23.78883459,0.69404775,0.00130401,-0.00761273,0.00381156,0.00012850,-0.00246611,0.00156056
6.660,0.36909663,0.65749339,2.58276866,0.13044581,-0.04520399,0.08007565,0.01961582,-0.00679756,0.01204140,0.36779832,0.66512840,2.57894573,0.13032000,-0.04273789,0.07851530,0.12292125,-23.82934227,0.74081687,0.12292125,-23.82934227,0.74081687,0.12343403,-23.79515115,0.69644827,0.00129831,-0.00763501,0.00382293,0.00012581,-0.00246610,0.00156035
6.670,0.37040207,0.65704101,2.58357002,0.13064175,-0.04527189,0.08019592,0.01957178,-0.00678230,0.01201436,0.36910946,0.66469830,2.57973570,0.13051863,-0.04280582,0.07863579,0.12266397,-23.83571087,0.74328685,0.12266397,-23.83571087,0.74328685,0.12317815,-23.80147467,0.69885222,0.00129261,-0.00765729,0.00383432,0.00012312,-0.00246607,0.00156013
6.680,0.37170947,0.65658795,2.58437258,0.13083725,-0.04533964,0.08031593,0.01952760,-0.00676699,0.01198724,0.37042258,0.66426753,2.58052687,0.13071681,-0.04287362,0.07875603,0.12240604,-23.84208556,0.74575993,0.12240604,-23.84208556,0.74575993,0.12292125,-23.80780377,0.70125850,0.00128689,-0.00767958,0.00384571,0.00012044,-0.00246602,0.00155990
6.690,0.37301881,0.65613422,2.58517634,0.13103230,-0.04540723,0.08043567,0.01948328,-0.00675163,0.01196004,0.37173766,0.66383609,2.58131923,0.13091455,-0.04294129,0.07887600,0.12214658,-23.84846425,0.74823641,0.12214658,-23.84846425,0.74823641,0.12266397,-23.81413873,0.70366889,0.00128115,-0.00770187,0.00385711,0.00011775,-0.00246594,0.00155967
6.700,0.37433011,0.65567981,2.58598129,0.13122691,-0.04547467,0.08055513,0.01943884,-0.00673623,0.01193275,0.37305469,0.66340398,2.58211278,0.13111183,-0.04300882,0.07899571,0.12188695,-23.85484958,0.75071510,0.12188695,-23.85484958,0.75071510,0.12240604,-23.82047984,0.70608251,0.00127542,-0.00772417,0.00386851,0.00011508,-0.00246585,0.00155942
6.710,0.37564335,0.65522473,2.58678744,0.13142108,-0.04554196,0.08067432,0.01939427,-0.00672079,0.01190539,0.37437368,0.66297119,2.58290751,0.13130867,-0.04307622,0.07911516,0.12162639,-23.86123984,0.75319798,0.12162639,-23.86123984,0.75319798,0.12214658,-23.82682504,0.70849966,0.00126967,-0.00774646,0.00387993,0.00011241,-0.00246574,0.00155916
6.720,0.37695853,0.65476897,2.58759478,0.13161480,-0.04560909,0.08079324,0.01934956,-0.00670529,0.01187795,0.37569463,0.66253774,2.58370343,0.13150505,-0.04314349,0.07923435,0.12136504,-23.86763698,0.75568400,0.12136504,-23.86763698,0.75568400,0.12188695,-23.83317693,0.71091914,0.00126390,-0.00776877,0.00389135,0.00010975,-0.00246560,0.00155889
6.730,0.37827565,0.65431254,2.58840330,0.13180807,-0.04567606,0.08091188,0.01930473,-0.00668976,0.01185043,0.37701751,0.66210362,2.58450053,0.13170099,-0.04321063,0.07935327,0.12110312,-23.87403929,0.75817197,0.12110312,-23.87403929,0.75817197,0.12162639,-23.83953382,0.71334296,0.00125814,-0.00779108,0.00390277,0.00010708,-0.00246543,0.00155861
6.740,0.37959469,0.65385545,2.58921301,0.13200089,-0.04574288,0.08103025,0.01925977,-0.00667418,0.01182283,0.37834234,0.66166883,2.58529881,0.13189647,-0.04327763,0.07947192,0.12083988,-23.88044536,0.76066385,0.12083988,-23.88044536,0.76066385,0.12136504,-23.84589766,0.71577006,0.00125235,-0.00781338,0.00391420,0.00010442,-0.00246525,0.00155833
6.750,0.38091566,0.65339769,2.59002391,0.13219326,-0.04580955,0.08114834,0.01921467,-0.00665855,0.01179515,0.37966911,0.66123338,2.58609827,0.13209149,-0.04334450,0.07959031,0.12057607,-23.88685751,0.76316002,0.12057607,-23.88685751,0.76316002,0.12110312,-23.85226673,0.71819923,0.00124655,-0.00783569,0.00392564,0.00010177,-0.00246505,0.00155803
6.760,0.38223855,0.65293926,2.59083598,0.13238518,-0.04587605,0.08126615,0.01916945,-0.00664288,0.01176739,0.38099781,0.66079727,2.58689889,0.13228606,-0.04341124,0.07970843,0.12031143,-23.89327533,0.76565789,0.12031143,-23.89327533,0.76565789,0.12083988,-23.85863964,0.72063246,0.00124074,-0.00785801,0.00393709,0.00009912,-0.00246481,0.00155772
6.770,0.38356336,0.65248017,2.59164923,0.13257665,-0.04594240,0.08138369,0.01912410,-0.00662716,0.01173955,0.38232843,0.66036049,2.58770069,0.13248017,-0.04347784,0.07982628,0.12004621,-23.89969779,0.76815941,0.12004621,-23.89969779,0.76815941,0.12057607,-23.86501869,0.72307010,0.00123493,-0.00788032,0.00394854,0.00009648,-0.00246456,0.00155741
6.780,0.38489009,0.65202041,2.59246365,0.13276766,-0.04600860,0.08150094,0.01907862,-0.00661140,0.01171163,0.38366098,0.65992305,2.58850366,0.13267382,-0.04354430,0.07994387,0.11978053,-23.90612720,0.77066333,0.11978053,-23.90612720,0.77066333,0.12031143,-23.87140348,0.72550957,0.00122911,-0.00790264,0.00395999,0.00009384,-0.00246430,0.00155707
6.790,0.38621872,0.65155999,2.59327925,0.13295822,-0.04607463,0.08161792,0.01903302,-0.00659560,0.01168363,0.38499544,0.65948496,2.58930779,0.13286701,-0.04361063,0.08006118,0.11951376,-23.91256114,0.77317177,0.11951376,-23.91256114,0.77317177,0.12004621,-23.87779298,0.72795284,0.00122328,-0.00792497,0.00397146,0.00009121,-0.00246400,0.00155674
6.800,0.38754925,0.65109892,2.59409601,0.13314832,-0.04614051,0.08173462,0.01898728,-0.00657975,0.01165556,0.38633182,0.65904620,2.59011308,0.13305974,-0.04367683,0.08017823,0.11924601,-23.91899860,0.77568204,0.11924601,-23.91899860,0.77568204,0.11978053,-23.88418950,0.73039865,0.00121743,-0.00794728,0.00398293,0.00008858,-0.00246368,0.00155639
6.810,0.38888168,0.65063719,2.59491394,0.13333797,-0.04620623,0.08185103,0.01894142,-0.00656386,0.01162741,0.38767011,0.65860679,2.59091954,0.13325201,-0.04374288,0.08029501,0.11897767,-23.92544148,0.77819594,0.11897767,-23.92544148,0.77819594,0.11951376,-23.89059061,0.73284910,0.00121157,-0.00796960,0.00399440,0.00008596,-0.00246335,0.00155602
6.820,0.39021601,0.65017479,2.59573303,0.13352715,-0.04627179,0.08196716,0.01889544,-0.00654792,0.01159918,0.38901030,0.65816673,2.59172715,0.13344382,-0.04380880,0.08041151,0.11870874,-23.93189211,0.78071250,0.11870874,-23.93189211,0.78071250,0.11924601,-23.89699531,0.73530153,0.00120571,-0.00799194,0.00400588,0.00008333,-0.00246299,0.00155565
6.830,0.39155222,0.64971175,2.59655328,0.13371588,-0.04633718,0.08208301,0.01884932,-0.00653194,0.01157087,0.39035240,0.65772601,2.59253591,0.13363516,-0.04387459,0.08052775,0.11843870,-23.93834445,0.78323214,0.11843870,-23.93834445,0.78323214,0.11897767,-23.90340551,0.73775771,0.00119982,-0.00801426,0.00401737,0.00008072,-0.00246259,0.00155526
6.840,0.39289032,0.64924805,2.59737469,0.13390414,-0.04640242,0.08219858,0.01880308,-0.00651592,0.01154249,0.39169638,0.65728464,2.59334583,0.13382603,-0.04394023,0.08064371,0.11816806,-23.94480346,0.78575528,0.11816806,-23.94480346,0.78575528,0.11870874,-23.90982353,0.74021670,0.00119394,-0.00803659,0.00402886,0.00007811,-0.00246219,0.00155487
6.850,0.39423030,0.64878370,2.59819725,0.13409194,-0.04646750,0.08231386,0.01875672,-0.00649985,0.01151403,0.39304226,0.65684261,2.59415689,0.13401644,-0.04400574,0.08075939,0.11789670,-23.95126710,0.78828077,0.11789670,-23.95126710,0.78828077,0.11843870,-23.91624332,0.74267891,0.00118804,-0.00805891,0.00404036,0.00007550,-0.00246176,0.00155447
6.860,0.39557216,0.64831870,2.59902096,0.13427927,-0.04653242,0.08242886,0.01871023,-0.00648374,0.01148549,0.39439002,0.65639994,2.59496910,0.13420638,-0.04407111,0.08087480,0.11762475,-23.95773567,0.79080910,0.11762475,-23.95773567,0.79080910,0.11816806,-23.92266985,0.74514476,0.00118214,-0.00808124,0.00405186,0.00007289,-0.00246131,0.00155406
6.870,0.39691589,0.64785305,2.59984583,0.13446614,-0.04659718,0.08254357,0.01866362,-0.00646759,0.01145687,0.39573966,0.65595662,2.59578246,0.13439585,-0.04413634,0.08098994,0.11735207,-23.96420947,0.79334213,0.11735207,-23.96420947,0.79334213,0.11789670,-23.92910109,0.74761309,0.00117623,-0.00810357,0.00406337,0.00007029,-0.00246084,0.00155363
6.880,0.39826148,0.64738676,2.60067183,0.13465254,-0.04666177,0.08265800,0.01861688,-0.00645139,0.01142818,0.39709118,0.65551265,2.59659695,0.13458485,-0.04420143,0.08110480,0.11707829,-23.97068645,0.79587591,0.11707829,-23.97068645,0.79587591,0.11762475,-23.93553732,0.75008442,0.00117030,-0.00812589,0.00407488,0.00006769,-0.00246034,0.00155320
6.890,0.39960894,0.64691982,2.60149899,0.13483848,-0.04672621,0.08277214,0.01857002,-0.00643515,0.01139942,0.39844457,0.65506804,2.59741258,0.13477338,-0.04426638,0.08121938,0.11680428,-23.97716957,0.79841520,0.11680428,-23.97716957,0.79841520,0.11735207,-23.94197885,0.75256057,0.00116437,-0.00814822,0.00408641,0.00006510,-0.00245983,0.00155276
6.900,0.40095825,0.64645224,2.60232728,0.13502394,-0.04679048,0.08288599,0.01852303,-0.00641887,0.01137057,0.39979983,0.65462278,2.59822935,0.13496143,-0.04433119,0.08133368,0.11652907,-23.98365649,0.80095599,0.11652907,-23.98365649,0.80095599,0.11707829,-23.94842364,0.75503761,0.00115842,-0.00817054,0.00409793,0.00006251,-0.00245929,0.00155231
6.910,0.40230941,0.64598401,2.60315670,0.13520894,-0.04685458,0.08299955,0.01847592,-0.00640255,0.01134166,0.39979983,0.65462278,2.59822935,0.13496143,-0.04433119,0.08133368,0.18642784,-24.08170406,0.92748717,0.18642784,-24.08170406,0.92748717,0.11707829,-23.94842364,0.75503761,0.00250958,-0.00863877,0.00492735,0.00024751,-0.00252339,0.00166587
6.920,0.40366243,0.64551514,2.60398727,0.13539346,-0.04691853,0.08311282,0.01842869,-0.00638618,0.01131266,0.40251592,0.65373035,2.59986627,0.13533612,-0.04446038,0.08156146,0.11604484,-23.99675900,0.80621018,0.11604484,-23.99675900,0.80621018,0.11652907,-23.96132951,0.76000464,0.00114651,-0.00821521,0.00412100,0.00005734,-0.00245815,0.00155136
6.930,0.40501728,0.64504564,2.60481896,0.13557751,-0.04698231,0.08322580,0.01838134,-0.00636977,0.01128360,0.40387675,0.65328332,2.60068600,0.13552274,-0.04452098,0.08166435,0.11576741,-24.00342248,0.80892864,0.11576741,-24.00342248,0.80892864,0.11652907,-23.96130510,0.75996947,0.00114053,-0.00823768,0.00413296,0.00005477,-0.00246133,0.00156145
6.940,0.40637397,0.64457550,2.60565178,0.13576109,-0.04704592,0.08333849,0.01833387,-0.00635332,0.01125445,0.40523942,0.65283565,2.60150688,0.13570892,-0.04458252,0.08177023,0.11548901,-24.01005198,0.81161412,0.11548901,-24.01005198,0.81161412,0.11604484,-23.97437542,0.76516626,0.00113455,-0.00826015,0.00414490,0.00005217,-0.00246340,0.00156826
6.950,0.40773250,0.64410472,2.60648573,0.13594419,-0.04710937,0.08345089,0.01828627,-0.00633683,0.01122524,0.40660394,0.65238733,2.60232893,0.13589464,-0.04464488,0.08187884,0.11520982,-24.01665145,0.81426594,0.11520982,-24.01665145,0.81426594,0.11576741,-23.98100651,0.76782630,0.00112856,-0.00828261,0.00415680,0.00004955,-0.00246449,0.00157205
6.960,0.40909286,0.64363331,2.60732080,0.13612681,-0.04717266,0.08356299,0.01823855,-0.00632029,0.01119594,0.40797030,0.65193836,2.60315216,0.13607990,-0.04470792,0.08198988,0.11492966,-24.02322278,0.81688326,0.11492966,-24.02322278,0.81688326,0.11548901,-23.98760347,0.77045261,0.00112256,-0.00830505,0.00416864,0.00004691,-0.00246474,0.00157311
6.970,0.41045504,0.64316127,2.60815699,0.13630896,-0.04723578,0.08367481,0.01819072,-0.00630371,0.01116658,0.40933849,0.65148873,2.60397658,0.13626469,-0.04477151,0.08210300,0.11464847,-24.02976977,0.81946837,0.11464847,-24.02976977,0.81946837,0.11520982,-23.99417030,0.77304476,0.00111655,-0.00832746,0.00418041,0.00004427,-0.00246427,0.00157181
6.980,0.41181903,0.64268860,2.60899429,0.13649063,-0.04729873,0.08378633,0.01814276,-0.00628710,0.01113714,0.41070851,0.65103846,2.60480220,0.13644901,-0.04483554,0.08221780,0.11436591,-24.03629676,0.82202281,0.11436591,-24.03629676,0.82202281,0.11492966,-24.00070898,0.77560217,0.00111052,-0.00834986,0.00419209,0.00004162,-0.00246319,0.00156853
6.990,0.41318485,0.64221530,2.60983271,0.13667182,-0.04736152,0.08389755,0.01809468,-0.00627043,0.01110763,0.41208035,0.65058753,2.60562902,0.13663286,-0.04489987,0.08233385,0.11408327,-24.04280856,0.82455226,0.11408327,-24.04280856,0.82455226,0.11464847,-24.00722334,0.77812737,0.00110450,-0.00837223,0.00420369,0.00003896,-0.00246165,0.00156370
7.000,0.41455247,0.64174137,2.61067224,0.13685252,-0.04742414,0.08400848,0.01804649,-0.00625373,0.01107804,0.41345401,0.65013595,2.60645704,0.13681623,-0.04496438,0.08245073,0.11379922,-24.04930928,0.82706028,0.11379922,-24.04930928,0.82706028,0.11436591,-24.01371780,0.78062212,0.00109846,-0.00839458,0.00421520,0.00003629,-0.00245976,0.00155775
7.010,0.41592190,0.64126681,2.61151288,0.13703274,-0.04748659,0.08411911,0.01799817,-0.00623699,0.01104838,0.41482949,0.64968372,2.60728624,0.13699911,-0.04502898,0.08256803,0.11351465,-24.05580327,0.82955213,0.11351465,-24.05580327,0.82955213,0.11408327,-24.02019718,0.78309231,0.00109241,-0.00841691,0.00422664,0.00003363,-0.00245761,0.00155108
7.020,0.41729312,0.64079164,2.61235462,0.13721248,-0.04754888,0.08422945,0.01794974,-0.00622021,0.01101865,0.41620678,0.64923085,2.60811661,0.13718151,-0.04509355,0.08268534,0.11322884,-24.06229100,0.83203203,0.11322884,-24.06229100,0.83203203,0.11379922,-24.02666565,0.78554163,0.00108634,-0.00843921,0.00423801,0.00003097,-0.00245533,0.00154411
7.030,0.41866614,0.64031584,2.61319747,0.13739174,-0.04761100,0.08433948,0.01790118,-0.00620338,0.01098885,0.41758587,0.64877734,2.60894814,0.13736343,-0.04515801,0.08280233,0.11294255,-24.06877995,0.83450691,0.11294255,-24.06877995,0.83450691,0.11351465,-24.03312757,0.78797548,0.00108027,-0.00846150,0.00424933,0.00002831,-0.00245299,0.00153715
7.040,0.42004096,0.63983942,2.61404141,0.13757051,-0.04767295,0.08444922,0.01785251,-0.00618651,0.01095897,0.41896676,0.64832319,2.60978082,0.13754485,-0.04522228,0.08291867,0.11265594,-24.07527165,0.83697948,0.11265594,-24.07527165,0.83697948,0.11322884,-24.03958344,0.79039818,0.00107420,-0.00848377,0.00426059,0.00002566,-0.00245067,0.00153055
7.050,0.42141755,0.63936238,2.61488645,0.13774879,-0.04773473,0.08455866,0.01780373,-0.00616961,0.01092902,0.42034945,0.64786840,2.61061462,0.13772579,-0.04528631,0.08303411,0.11236777,-24.08176915,0.83945625,0.11236777,-24.08176915,0.83945625,0.11294255,-24.04604076,0.79281670,0.00106810,-0.00850602,0.00427183,0.00002300,-0.00244842,0.00152455
7.060,0.42279593,0.63888472,2.61573259,0.13792658,-0.04779634,0.08466780,0.01775482,-0.00615266,0.01089900,0.42173392,0.64741299,2.61144954,0.13790624,-0.04535003,0.08314843,0.11207931,-24.08827509,0.84194192,0.11207931,-24.08827509,0.84194192,0.11265594,-24.05250104,0.79523377,0.00106201,-0.00852827,0.00428305,0.00002034,-0.00244631,0.00151937
7.070,0.42417608,0.63840645,2.61657981,0.13810388,-0.04785778,0.08477664,0.01770580,-0.00613567,0.01086891,0.42312018,0.64695695,2.61228554,0.13808619,-0.04541342,0.08326149,0.11178982,-24.09478958,0.84443755,0.11178982,-24.09478958,0.84443755,0.11236777,-24.05896736,0.79765591,0.00105590,-0.00855050,0.00429427,0.00001769,-0.00244436,0.00151515
7.080,0.42555801,0.63792757,2.61742812,0.13828070,-0.04791905,0.08488518,0.01765666,-0.00611865,0.01083874,0.42450822,0.64650030,2.61312263,0.13826565,-0.04547646,0.08337320,0.11150019,-24.10131423,0.84694800,0.11150019,-24.10131423,0.84694800,0.11207931,-24.06544231,0.80008776,0.00104979,-0.00857273,0.00430549,0.00001505,-0.00244259,0.00151198
7.090,0.42694169,0.63744807,2.61827751,0.13845702,-0.04798015,0.08499342,0.01760741,-0.00610158,0.01080851,0.42589804,0.64604303,2.61396077,0.13844462,-0.04553912,0.08348351,0.11120894,-24.10785223,0.84947446,0.11120894,-24.10785223,0.84947446,0.11178982,-24.07192602,0.80253034,0.00104365,-0.00859496,0.00431674,0.00001240,-0.00244103,0.00150991
7.100,0.42832714,0.63696796,2.61912798,0.13863284,-0.04804108,0.08510135,0.01755804,-0.00608447,0.01077820,0.42728962,0.64558514,2.61479996,0.13862309,-0.04560142,0.08359243,0.11091733,-24.11440232,0.85201880,0.11091733,-24.11440232,0.85201880,0.11150019,-24.07842007,0.80498840,0.00103752,-0.00861718,0.00432802,0.00000975,-0.00243966,0.00150892
7.110,0.42971435,0.63648725,2.61997954,0.13880818,-0.04810184,0.08520898,0.01750856,-0.00606732,0.01074783,0.42868297,0.64512665,2.61564019,0.13880106,-0.04566336,0.08370002,0.11062538,-24.12096278,0.85458386,0.11062538,-24.12096278,0.85458386,0.11120894,-24.08492764,0.80746307,0.00103138,-0.00863940,0.00433935,0.00000712,-0.00243848,0.00150896
7.120,0.43110331,0.63600593,2.62083216,0.13898302,-0.04816243,0.08531631,0.01745896,-0.00605013,0.01071738,0.43007808,0.64466755,2.61648145,0.13897853,-0.04572496,0.08380637,0.11033261,-24.12753557,0.85716571,0.11033261,-24.12753557,0.85716571,0.11091733,-24.09144744,0.80995610,0.00102523,-0.00866162,0.00435071,0.00000449,-0.00243747,0.00150994
7.130,0.43249401,0.63552400,2.62168586,0.13915736,-0.04822285,0.08542333,0.01740925,-0.00603291,0.01068686,0.43147495,0.64420785,2.61732372,0.13915551,-0.04578625,0.08391159,0.11003879,-24.13412031,0.85976712,0.11003879,-24.13412031,0.85976712,0.11062538,-24.09797773,0.81247022,0.00101906,-0.00868385,0.00436214,0.00000185,-0.00243660,0.00151174
7.140,0.43388645,0.63504147,2.62254063,0.13933120,-0.04828309,0.08553004,0.01735942,-0.00601564,0.01065628,0.43287356,0.64374755,2.61816700,0.13933198,-0.04584725,0.08401584,0.10974418,-24.14071406,0.86238602,0.10974418,-24.14071406,0.86238602,0.11033261,-24.10452045,0.81500142,0.00101289,-0.00870608,0.00437363,-0.00000078,-0.00243584,0.00151420
7.150,0.43528063,0.63455834,2.62339646,0.13950454,-0.04834316,0.08563645,0.01730948,-0.00599833,0.01062562,0.43427392,0.64328665,2.61901130,0.13950794,-0.04590799,0.08411927,0.10944907,-24.14731635,0.86501991,0.10944907,-24.14731635,0.86501991,0.11003879,-24.11107520,0.81755234,0.00100671,-0.00872831,0.00438516,-0.00000340,-0.00243517,0.00151718
7.160,0.43667654,0.63407461,2.62425336,0.13967739,-0.04840306,0.08574256,0.01725943,-0.00598099,0.01059490,0.43567602,0.64282515,2.61985660,0.13968341,-0.04596851,0.08422206,0.10915333,-24.15392626,0.86766885,0.10915333,-24.15392626,0.86766885,0.10974418,-24.11763902,0.82012082,0.00100052,-0.00875054,0.00439676,-0.00000602,-0.00243455,0.00152050
7.170,0.43807418,0.63359028,2.62511131,0.13984973,-0.04846278,0.08584835,0.01720926,-0.00596361,0.01056410,0.43707985,0.64236305,2.62070292,0.13985836,-0.04602885,0.08432436,0.10885701,-24.16054251,0.87032798,0.10885701,-24.16054251,0.87032798,0.10944907,-24.12421142,0.82270429,0.00099433,-0.00877277,0.00440839,-0.00000863,-0.00243393,0.00152399
7.180,0.43947353,0.63310535,2.62597032,0.14002157,-0.04852233,0.08595384,0.01715898,-0.00594618,0.01053324,0.43848541,0.64190035,2.62155024,0.14003281,-0.04608902,0.08442633,0.10855949,-24.16716447,0.87299712,0.10855949,-24.16716447,0.87299712,0.10915333,-24.13079149,0.82530272,0.00098812,-0.00879500,0.00442008,-0.00001124,-0.00243331,0.00152751
7.190,0.44087461,0.63261983,2.62683039,0.14019291,-0.04858170,0.08605902,0.01710860,-0.00592872,0.01050231,0.43989270,0.64143706,2.62239857,0.14020675,-0.04614907,0.08452814,0.10826206,-24.17378889,0.87567437,0.10826206,-24.17378889,0.87567437,0.10885701,-24.13737790,0.82791121,0.00098191,-0.00881723,0.00443182,-0.00001384,-0.00243263,0.00153088
7.200,0.44227739,0.63213372,2.62769150,0.14036375,-0.04864090,0.08616388,0.01705809,-0.00591122,0.01047131,0.44130170,0.64097317,2.62324793,0.14038018,-0.04620901,0.08462989,0.10796348,-24.18041533,0.87835477,0.10796348,-24.18041533,0.87835477,0.10855949,-24.14397004,0.83052954,0.00097569,-0.00883945,0.00444357,-0.00001643,-0.00243189,0.00153399
7.210,0.44368188,0.63164702,2.62855366,0.14053407,-0.04869993,0.08626844,0.01700748,-0.00589368,0.01044024,0.44271242,0.64050869,2.62409830,0.14055310,-0.04626887,0.08473172,0.10766429,-24.18704309,0.88103829,0.10766429,-24.18704309,0.88103829,0.10826206,-24.15056467,0.83315577,0.00096946,-0.00886167,0.00445536,-0.00001903,-0.00243106,0.00153672
7.220,0.44508807,0.63115972,2.62941687,0.14070390,-0.04875878,0.08637269,0.01695676,-0.00587610,0.01040910,0.44412485,0.64004361,2.62494969,0.14072551,-0.04632866,0.08483370,0.10736462,-24.19367338,0.88372338,0.10736462,-24.19367338,0.88372338,0.10796348,-24.15716131,0.83578495,0.00096322,-0.00888389,0.00446718,-0.00002161,-0.00243012,0.00153899
7.230,0.44649596,0.63067184,2.63028112,0.14087321,-0.04881745,0.08647662,0.01690593,-0.00585849,0.01037790,0.44553898,0.63957793,2.62580212,0.14089740,-0.04638839,0.08493589,0.10706439,-24.20030188,0.88640719,0.10706439,-24.20030188,0.88640719,0.10766429,-24.16375930,0.83841706,0.00095698,-0.00890609,0.00447900,-0.00002419,-0.00242906,0.00154073
7.240,0.44790553,0.63018337,2.63114640,0.14104201,-0.04887595,0.08658025,0.01685498,-0.00584084,0.01034662,0.44695481,0.63911166,2.62665558,0.14106877,-0.04644807,0.08503835,0.10676299,-24.20693079,0.88908742,0.10676299,-24.20693079,0.88908742,0.10736462,-24.17035983,0.84105053,0.00095072,-0.00892829,0.00449082,-0.00002676,-0.00242788,0.00154190
7.250,0.44931680,0.62969432,2.63201272,0.14121031,-0.04893427,0.08668356,0.01680393,-0.00582314,0.01031528,0.44837233,0.63864480,2.62751007,0.14123963,-0.04650769,0.08514108,0.10646182,-24.21355783,0.89176470,0.10646182,-24.21355783,0.89176470,0.10706439,-24.17695860,0.84368256,0.00094447,-0.00895048,0.00450265,-0.00002932,-0.00242658,0.00154248
7.260,0.45072974,0.62920469,2.63288007,0.14137809,-0.04899241,0.08678655,0.01675277,-0.00580542,0.01028388,0.44979154,0.63817734,2.62836560,0.14140997,-0.04656726,0.08524408,0.10615941,-24.22018326,0.89443726,0.10615941,-24.22018326,0.89443726,0.10676299,-24.18355781,0.84631088,0.00093820,-0.00897265,0.00451447,-0.00003188,-0.00242515,0.00154247
7.270,0.45214436,0.62871448,2.63374845,0.14154536,-0.04905037,0.08688923,0.01670150,-0.00578765,0.01025241,0.45121243,0.63770928,2.62922217,0.14157979,-0.04662677,0.08534732,0.10585665,-24.22680753,0.89710521,0.10585665,-24.22680753,0.89710521,0.10646182,-24.19015519,0.84893619,0.00093193,-0.00899480,0.00452628,-0.00003443,-0.00242360,0.00154191
7.280,0.45356064,0.62822368,2.63461786,0.14171212,-0.04910816,0.08699160,0.01665012,-0.00576984,0.01022087,0.45263500,0.63724064,2.63007978,0.14174909,-0.04668620,0.08545075,0.10555282,-24.23343360,0.89976889,0.10555282,-24.23343360,0.89976889,0.10615941,-24.19675102,0.85155673,0.00092564,-0.00901696,0.00453808,-0.00003697,-0.00242196,0.00154085
7.290,0.45497860,0.62773231,2.63548828,0.14187837,-0.04916577,0.08709365,0.01659864,-0.00575200,0.01018926,0.45405924,0.63677140,2.63093843,0.14191787,-0.04674554,0.08555433,0.10524919,-24.24005785,0.90242583,0.10524919,-24.24005785,0.90242583,0.10585665,-24.20334575,0.85417267,0.00091936,-0.00903909,0.00454985,-0.00003950,-0.00242023,0.00153932
7.300,0.45639821,0.62724037,2.63635973,0.14204409,-0.04922320,0.08719538,0.01654704,-0.00573412,0.01015759,0.45548515,0.63630158,2.63179812,0.14208612,-0.04680478,0.08565798,0.10494429,-24.24668108,0.90507987,0.10494429,-24.24668108,0.90507987,0.10555282,-24.20994235,0.85678442,0.00091306,-0.00906121,0.00456161,-0.00004203,-0.00241842,0.00153740
7.310,0.45781948,0.62674785,2.63723219,0.14220931,-0.04928045,0.08729680,0.01649534,-0.00571621,0.01012585,0.45691272,0.63583117,2.63265885,0.14225386,-0.04686390,0.08576163,0.10463926,-24.25330621,0.90772926,0.10463926,-24.25330621,0.90772926,0.10524919,-24.21653722,0.85938955,0.00090676,-0.00908332,0.00457334,-0.00004455,-0.00241655,0.00153517
7.320,0.45924239,0.62625476,2.63810566,0.14237400,-0.04933752,0.08739790,0.01644353,-0.00569825,0.01009405,0.45834195,0.63536017,2.63352060,0.14242107,-0.04692288,0.08586519,0.10433300,-24.25993223,0.91037515,0.10433300,-24.25993223,0.91037515,0.10494429,-24.22313116,0.86199193,0.00090044,-0.00910541,0.00458506,-0.00004707,-0.00241464,0.00153271
7.330,0.46066695,0.62576110,2.63898015,0.14253818,-0.04939442,0.08749868,0.01639162,-0.00568026,0.01006218,0.45977283,0.63488859,2.63438339,0.14258776,-0.04698171,0.08596859,0.10402653,-24.26656046,0.91302047,0.10402653,-24.26656046,0.91302047,0.10463926,-24.22972712,0.86458987,0.00089412,-0.00912749,0.00459676,-0.00004958,-0.00241271,0.00153009
7.340,0.46209315,0.62526687,2.63985563,0.14270183,-0.04945113,0.08759914,0.01633960,-0.00566224,0.01003025,0.46120535,0.63441642,2.63524720,0.14275392,-0.04704036,0.08607174,0.10371939,-24.27319122,0.91566224,0.10371939,-24.27319122,0.91566224,0.10433300,-24.23632406,0.86718455,0.00088780,-0.00914955,0.00460843,-0.00005209,-0.00241077,0.00152740
7.350,0.46352099,0.62477208,2.64073213,0.14286497,-0.04950766,0.08769929,0.01628747,-0.00564417,0.00999825,0.46263952,0.63394368,2.63611204,0.14291955,-0.04709884,0.08617458,0.10341207,-24.27982378,0.91830653,0.10341207,-24.27982378,0.91830653,0.10402653,-24.24292333,0.86977892,0.00088147,-0.00917160,0.00462009,-0.00005458,-0.00240882,0.00152471
7.360,0.46495045,0.62427672,2.64160962,0.14302758,-0.04956401,0.08779911,0.01623524,-0.00562607,0.00996619,0.46407532,0.63347036,2.63697788,0.14308466,-0.04715711,0.08627703,0.10310363,-24.28646109,0.92095024,0.10310363,-24.28646109,0.92095024,0.10371939,-24.24952525,0.87237004,0.00087513,-0.00919364,0.00463174,-0.00005708,-0.00240690,0.00152208
7.370,0.46638154,0.62378080,2.64248811,0.14318967,-0.04962018,0.08789861,0.01618291,-0.00560794,0.00993406,0.46551275,0.63299647,2.63784473,0.14324924,-0.04721518,0.08637905,0.10279494,-24.29310199,0.92359640,0.10279494,-24.29310199,0.92359640,0.10341207,-24.25612909,0.87496398,0.00086879,-0.00921567,0.00464338,-0.00005957,-0.00240500,0.00151956
7.380,0.46781424,0.62328432,2.64336759,0.14335124,-0.04967617,0.08799779,0.01613047,-0.00558977,0.00990187,0.46695180,0.63252200,2.63871258,0.14341330,-0.04727303,0.08648058,0.10248529,-24.29974725,0.92624492,0.10248529,-24.29974725,0.92624492,0.10310363,-24.26273780,0.87755766,0.00086244,-0.00923768,0.00465501,-0.00006206,-0.00240314,0.00151721
7.390,0.46924856,0.62278728,2.64424806,0.14351228,-0.04973198,0.08809665,0.01607793,-0.00557156,0.00986962,0.46839248,0.63204696,2.63958143,0.14357682,-0.04733066,0.08658159,0.10217531,-24.30639757,0.92889711,0.10217531,-24.30639757,0.92889711,0.10279494,-24.26935021,0.88015409,0.00085608,-0.00925968,0.00466663,-0.00006454,-0.00240132,0.00151506
7.400,0.47068449,0.62228968,2.64512952,0.14367280,-0.04978760,0.08819518,0.01602528,-0.00555331,0.00983730,0.46983476,0.63157136,2.64045126,0.14373982,-0.04738807,0.08668205,0.10186492,-24.31305321,0.93155404,0.10186492,-24.31305321,0.93155404,0.10248529,-24.27596711,0.88275320,0.00084973,-0.00928168,0.00467826,-0.00006702,-0.00239953,0.00151313
7.410,0.47212202,0.62179152,2.64601197,0.14383279,-0.04984304,0.08829339,0.01597253,-0.00553504,0.00980492,0.47127866,0.63109519,2.64132208,0.14390228,-0.04744524,0.08678195,0.10155376,-24.31971502,0.93421688,0.10155376,-24.31971502,0.93421688,0.10217531,-24.28258919,0.88535628,0.00084336,-0.00930367,0.00468989,-0.00006949,-0.00239780,0.00151144
7.420,0.47356114,0.62129282,2.64689539,0.14399225,-0.04989830,0.08839128,0.01591968,-0.00551672,0.00977248,0.47272416,0.63061846,2.64219387,0.14406422,-0.04750219,0.08688129,0.10124161,-24.32637942,0.93688351,0.10124161,-24.32637942,0.93688351,0.10186492,-24.28921669,0.88796439,0.00083698,-0.00932564,0.00470152,-0.00007197,-0.00239611,0.00150999
7.430,0.47500186,0.62079356,2.64777979,0.14415118,-0.04995338,0.08848884,0.01586672,-0.00549837,0.00973997,0.47417126,0.63014117,2.64306664,0.14422562,-0.04755892,0.08698008,0.10092924,-24.33305069,0.93955599,0.10092924,-24.33305069,0.93955599,0.10155376,-24.29585048,0.89057867,0.00083060,-0.00934761,0.00471315,-0.00007444,-0.00239446,0.00150876
7.440,0.47644416,0.62029375,2.64866516,0.14430958,-0.05000827,0.08858608,0.01581367,-0.00547998,0.00970740,0.47561995,0.62966332,2.64394037,0.14438649,-0.04761542,0.08707832,0.10061594,-24.33972677,0.94223356,0.10061594,-24.33972677,0.94223356,0.10124161,-24.30248695,0.89319698,0.00082421,-0.00936957,0.00472479,-0.00007691,-0.00239285,0.00150776
7.450,0.47788805,0.61979339,2.64955151,0.14446745,-0.05006298,0.08868299,0.01576051,-0.00546156,0.00967477,0.47707023,0.62918492,2.64481506,0.14454683,-0.04767172,0.08717605,0.10030246,-24.34640819,0.94491810,0.10030246,-24.34640819,0.94491810,0.10092924,-24.30913039,0.89582138,0.00081782,-0.00939153,0.00473645,-0.00007938,-0.00239126,0.00150694
7.460,0.47933351,0.61929249,2.65043882,0.14462479,-0.05011750,0.08877957,0.01570725,-0.00544311,0.00964207,0.47852209,0.62870596,2.64569071,0.14470664,-0.04772780,0.08727328,0.09998811,-24.35309274,0.94760696,0.09998811,-24.35309274,0.94760696,0.10061594,-24.31577874,0.89845107,0.00081142,-0.00941347,0.00474811,-0.00008185,-0.00238970,0.00150629
7.470,0.48078054,0.61879104,2.65132710,0.14478160,-0.05017184,0.08887583,0.01565389,-0.00542461,0.00960932,0.47997553,0.62822644,2.64656731,0.14486591,-0.04778369,0.08737005,0.09967315,-24.35978283,0.95030194,0.09967315,-24.35978283,0.95030194,0.10030246,-24.32243251,0.90108791,0.00080501,-0.00943540,0.00475979,-0.00008431,-0.00238815,0.00150578
7.480,0.48222914,0.61828906,2.65221634,0.14493787,-0.05022599,0.08897176,0.01560043,-0.00540609,0.00957650,0.48143054,0.62774638,2.64744487,0.14502464,-0.04783939,0.08746640,0.09935774,-24.36647419,0.95300162,0.09935774,-24.36647419,0.95300162,0.09998811,-24.32908950,0.90372924,0.00079860,-0.00945732,0.00477147,-0.00008677,-0.00238660,0.00150536
7.490,0.48367930,0.61778653,2.65310654,0.14509361,-0.05027996,0.08906736,0.01554687,-0.00538753,0.00954362,0.48288711,0.62726576,2.64832337,0.14518284,-0.04789490,0.08756236,0.09904178,-24.37317118,0.95570606,0.09904178,-24.37317118,0.95570606,0.09967315,-24.33575211,0.90637683,0.00079219,-0.00947923,0.00478317,-0.00008923,-0.00238506,0.00150500
7.500,0.48513101,0.61728346,2.65399769,0.14524881,-0.05033374,0.08916263,0.01549321,-0.00536893,0.00951068,0.48434524,0.62678460,2.64920282,0.14534050,-0.04795024,0.08765796,0.09872494,-24.37987152,0.95841381,0.09872494,-24.37987152,0.95841381,0.09935774,-24.34241606,0.90902925,0.00078577,-0.00950114,0.00479487,-0.00009169,-0.00238350,0.00150467
7.510,0.48658427,0.61677985,2.65488979,0.14540347,-0.05038734,0.08925758,0.01543945,-0.00535030,0.00947768,0.48580493,0.62630289,2.65008321,0.14549762,-0.04800541,0.08775323,0.09840749,-24.38657559,0.96112494,0.09840749,-24.38657559,0.96112494,0.09904178,-24.34908572,0.91168653,0.00077934,-0.00952304,0.00480658,-0.00009415,-0.00238193,0.00150435
7.520,0.48803908,0.61627571,2.65578284,0.14555759,-0.05044075,0.08935219,0.01538559,-0.00533164,0.00944462,0.48726617,0.62582064,2.65096454,0.14565420,-0.04806042,0.08784822,0.09808972,-24.39328108,0.96383928,0.09808972,-24.39328108,0.96383928,0.09872494,-24.35575880,0.91434722,0.00077291,-0.00954493,0.00481830,-0.00009661,-0.00238033,0.00150397
7.530,0.48949542,0.61577104,2.65667683,0.14571118,-0.05049397,0.08944647,0.01533163,-0.00531294,0.00941150,0.48872896,0.62533784,2.65184681,0.14581025,-0.04811528,0.08794294,0.09777102,-24.39998807,0.96655547,0.09777102,-24.39998807,0.96655547,0.09840749,-24.36243567,0.91701139,0.00076646,-0.00956680,0.00483002,-0.00009907,-0.00237869,0.00150353
7.540,0.49095330,0.61526583,2.65757176,0.14586423,-0.05054701,0.08954042,0.01527758,-0.00529421,0.00937832,0.49019328,0.62485450,2.65273002,0.14596575,-0.04816998,0.08803741,0.09745206,-24.40669902,0.96927357,0.09745206,-24.40669902,0.96927357,0.09808972,-24.36911404,0.91967887,0.00076002,-0.00958867,0.00484174,-0.00010152,-0.00237703,0.00150301
7.550,0.49241271,0.61476010,2.65846764,0.14601673,-0.05059986,0.08963403,0.01522343,-0.00527544,0.00934507,0.49165914,0.62437062,2.65361416,0.14612071,-0.04822453,0.08813164,0.09713251,-24.41340977,0.97199514,0.09713251,-24.41340977,0.97199514,0.09777102,-24.37579398,0.92234829,0.00075357,-0.00961052,0.00485348,-0.00010398,-0.00237533,0.00150239
7.560,0.49387363,0.61425383,2.65936444,0.14616869,-0.05065252,0.08972732,0.01516918,-0.00525665,0.00931177,0.49312652,0.62388619,2.65449924,0.14627513,-0.04827894,0.08822566,0.09681176,-24.42012448,0.97471605,0.09681176,-24.42012448,0.97471605,0.09745206,-24.38247794,0.92501972,0.00074711,-0.00963236,0.00486520,-0.00010644,-0.00237358,0.00150166
7.570,0.49533608,0.61374705,2.66026218,0.14632012,-0.05070499,0.08982027,0.01511483,-0.00523781,0.00927841,0.49459543,0.62340123,2.65538525,0.14642900,-0.04833320,0.08831946,0.09649122,-24.42683739,0.97743929,0.09649122,-24.42683739,0.97743929,0.09713251,-24.38916177,0.92769471,0.00074065,-0.00965418,0.00487693,-0.00010888,-0.00237179,0.00150081
7.580,0.49680003,0.61323974,2.66116085,0.14647099,-0.05075727,0.08991289,0.01506039,-0.00521895,0.00924499,0.49606585,0.62291574,2.65627219,0.14658233,-0.04838732,0.08841305,0.09616931,-24.43355275,0.98016379,0.09616931,-24.43355275,0.98016379,0.09681176,-24.39584964,0.93036915,0.00073418,-0.00967600,0.00488866,-0.00011134,-0.00236995,0.00149984
7.590,0.49826550,0.61273190,2.66206044,0.14662132,-0.05080937,0.09000517,0.01500585,-0.00520005,0.00921151,0.49753778,0.62242971,2.65716005,0.14673512,-0.04844130,0.08850642,0.09584755,-24.44027127,0.98288831,0.09584755,-24.44027127,0.98288831,0.09649122,-24.40253578,0.93304603,0.00072772,-0.00969781,0.00490039,-0.00011380,-0.00236807,0.00149875
7.600,0.49973246,0.61222355,2.66296095,0.14677111,-0.05086128,0.09009712,0.01495122,-0.00518111,0.00917797,0.49901122,0.62194314,2.65804884,0.14688735,-0.04849513,0.08859957,0.09552474,-24.44698891,0.98561334,0.09552474,-24.44698891,0.98561334,0.09616931,-24.40922445,0.93572428,0.00072124,-0.00971959,0.00491211,-0.00011624,-0.00236615,0.00149755
7.610,0.50120092,0.61171468,2.66386238,0.14692035,-0.05091299,0.09018873,0.01489649,-0.00516215,0.00914438,0.50048617,0.62145604,2.65893855,0.14703904,-0.04854881,0.08869249,0.09520153,-24.45370768,0.98833927,0.09520153,-24.45370768,0.98833927,0.09584755,-24.41591634,0.93840268,0.00071475,-0.00974136,0.00492383,-0.00011869,-0.00236418,0.00149624
7.620,0.50267086,0.61120529,2.66476472,0.14706904,-0.05096452,0.09028000,0.01484166,-0.00514315,0.00911072,0.50196260,0.62096841,2.65982919,0.14719019,-0.04860234,0.08878517,0.09487720,-24.46042871,0.99106516,0.09487720,-24.46042871,0.99106516,0.09552474,-24.42260744,0.94108174,0.00070826,-0.00976312,0.00493553,-0.00012115,-0.00236218,0.00149483
7.630,0.50414230,0.61069539,2.66566798,0.14721718,-0.05101585,0.09037094,0.01478675,-0.00512412,0.00907701,0.50344053,0.62048025,2.66072073,0.14734078,-0.04865571,0.08887758,0.09455306,-24.46714972,0.99379323,0.09455306,-24.46714972,0.99379323,0.09520153,-24.42929976,0.94376185,0.00070177,-0.00978486,0.00494725,-0.00012360,-0.00236014,0.00149336
7.640,0.50561521,0.61018497,2.66657214,0.14736477,-0.05106700,0.09046154,0.01473173,-0.00510506,0.00904324,0.50491994,0.61999157,2.66161320,0.14749083,-0.04870893,0.08896972,0.09422787,-24.47387387,0.99652102,0.09422787,-24.47387387,0.99652102,0.09487720,-24.43599441,0.94644209,0.00069527,-0.00980660,0.00495894,-0.00012606,-0.00235807,0.00149182
7.650,0.50708959,0.60967405,2.66747721,0.14751181,-0.05111796,0.09055181,0.01467663,-0.00508596,0.00900941,0.50640083,0.61950236,2.66250657,0.14764032,-0.04876199,0.08906157,0.09390193,-24.48059725,0.99925080,0.09390193,-24.48059725,0.99925080,0.09455306,-24.44268914,0.94912467,0.00068876,-0.00982831,0.00497064,-0.00012851,-0.00235597,0.00149024
7.660,0.50856544,0.60916261,2.66838318,0.14765830,-0.05116872,0.09064173,0.01462143,-0.00506683,0.00897553,0.50788319,0.61901262,2.66340084,0.14778927,-0.04881489,0.08915311,0.09357552,-24.48732395,1.00198156,0.09357552,-24.48732395,1.00198156,0.09422787,-24.44938709,0.95180716,0.00068225,-0.00985001,0.00498234,-0.00013097,-0.00235383,0.00148862
7.670,0.51004275,0.60865067,2.66929004,0.14780424,-0.05121929,0.09073132,0.01456614,-0.00504767,0.00894159,0.50936701,0.61852236,2.66429602,0.14793766,-0.04886761,0.08924433,0.09324843,-24.49405080,1.00471270,0.09324843,-24.49405080,1.00471270,0.09390193,-24.45608435,0.95449180,0.00067574,-0.00987169,0.00499402,-0.00013342,-0.00235168,0.00148699
7.680,0.51152152,0.60813823,2.67019780,0.14794963,-0.05126967,0.09082056,0.01451075,-0.00502848,0.00890759,0.51085230,0.61803158,2.66519210,0.14808550,-0.04892017,0.08933521,0.09292095,-24.50077821,1.00744623,0.09292095,-24.50077821,1.00744623,0.09357552,-24.46278503,0.95717763,0.00066922,-0.00989335,0.00500570,-0.00013587,-0.00234950,0.00148535
7.690,0.51300174,0.60762528,2.67110645,0.14809446,-0.05131986,0.09090947,0.01445528,-0.00500925,0.00887354,0.51233905,0.61754029,2.66608908,0.14823279,-0.04897256,0.08942574,0.09259275,-24.50750865,1.01018160,0.09259275,-24.50750865,1.01018160,0.09324843,-24.46948593,0.95986403,0.00066269,-0.00991501,0.00501737,-0.00013833,-0.00234730,0.00148373
7.700,0.51448341,0.60711183,2.67201599,0.14823873,-0.05136986,0.09099803,0.01439971,-0.00499000,0.00883942,0.51382725,0.61704847,2.66698694,0.14837952,-0.04902478,0.08951591,0.09226411,-24.51424059,1.01291933,0.09226411,-24.51424059,1.01291933,0.09292095,-24.47618750,0.96255302,0.00065616,-0.00993664,0.00502905,-0.00014079,-0.00234508,0.00148212
7.710,0.51596652,0.60659789,2.67292641,0.14838245,-0.05141966,0.09108626,0.01434405,-0.00497071,0.00880526,0.51531689,0.61655614,2.66788569,0.14852569,-0.04907681,0.08960570,0.09193494,-24.52097208,1.01565882,0.09193494,-24.52097208,1.01565882,0.09259275,-24.48289219,0.96524406,0.00064963,-0.00995825,0.00504072,-0.00014324,-0.00234285,0.00148056
7.720,0.51745106,0.60608344,2.67383771,0.14852561,-0.05146927,0.09117414,0.01428830,-0.00495139,0.00877103,0.51680797,0.61606330,2.66878532,0.14867131,-0.04912867,0.08969511,0.09160491,-24.52770786,1.01840050,0.09160491,-24.52770786,1.01840050,0.09226411,-24.48959847,0.96793766,0.00064309,-0.00997986,0.00505239,-0.00014570,-0.00234060,0.00147903
7.730,0.51893703,0.60556850,2.67474989,0.14866822,-0.05151869,0.09126168,0.01423246,-0.00493204,0.00873676,0.51830049,0.61556995,2.66968584,0.14881638,-0.04918035,0.08978414,0.09127443,-24.53444435,1.02114516,0.09127443,-24.53444435,1.02114516,0.09193494,-24.49630438,0.97063320,0.00063654,-0.01000145,0.00506405,-0.00014816,-0.00233834,0.00147754
7.740,0.52042442,0.60505307,2.67566295,0.14881026,-0.05156791,0.09134887,0.01417653,-0.00491266,0.00870242,0.51979443,0.61507608,2.67058722,0.14896088,-0.04923186,0.08987278,0.09094305,-24.54118156,1.02389330,0.09094305,-24.54118156,1.02389330,0.09160491,-24.50301468,0.97333115,0.00062999,-0.01002301,0.00507573,-0.00015062,-0.00233605,0.00147609
7.750,0.52191323,0.60453714,2.67657687,0.14895175,-0.05161694,0.09143573,0.01412051,-0.00489325,0.00866803,0.52128980,0.61458171,2.67148948,0.14910483,-0.04928318,0.08996104,0.09061129,-24.54792218,1.02664270,0.09061129,-24.54792218,1.02664270,0.09127443,-24.50972578,0.97603226,0.00062343,-0.01004457,0.00508739,-0.00015308,-0.00233376,0.00147469
7.760,0.52340345,0.60402073,2.67749166,0.14909267,-0.05166578,0.09152223,0.01406440,-0.00487380,0.00863359,0.52278658,0.61408683,2.67239261,0.14924822,-0.04933433,0.09004891,0.09027872,-24.55466255,1.02939508,0.09027872,-24.55466255,1.02939508,0.09094305,-24.51643768,0.97873704,0.00061687,-0.01006610,0.00509905,-0.00015555,-0.00233145,0.00147332
7.770,0.52489508,0.60350383,2.67840731,0.14923303,-0.05171442,0.09160840,0.01400820,-0.00485433,0.00859909,0.52428478,0.61359145,2.67329660,0.14939104,-0.04938529,0.09013640,0.08994575,-24.56140462,1.03214978,0.08994575,-24.56140462,1.03214978,0.09061129,-24.52315309,0.98144327,0.00061030,-0.01008762,0.00511071,-0.00015801,-0.00232913,0.00147200
7.780,0.52638811,0.60298644,2.67932383,0.14937283,-0.05176286,0.09169422,0.01395191,-0.00483482,0.00856454,0.52578438,0.61309557,2.67420144,0.14953331,-0.04943609,0.09022351,0.08961216,-24.56814873,1.03490861,0.08961216,-24.56814873,1.03490861,0.09027872,-24.52986832,0.98415266,0.00060373,-0.01010913,0.00512239,-0.00016048,-0.00232677,0.00147071
7.790,0.52788254,0.60246857,2.68024120,0.14951207,-0.05181111,0.09177969,0.01389554,-0.00481529,0.00852993,0.52728538,0.61259918,2.67510715,0.14967501,-0.04948670,0.09031025,0.08927825,-24.57489354,1.03766906,0.08927825,-24.57489354,1.03766906,0.08994575,-24.53658535,0.98686455,0.00059716,-0.01013061,0.00513405,-0.00016294,-0.00232441,0.00146944
7.800,0.52937835,0.60195022,2.68115942,0.14965075,-0.05185917,0.09186481,0.01383908,-0.00479572,0.00849527,0.52878778,0.61210230,2.67601371,0.14981616,-0.04953714,0.09039663,0.08894331,-24.58163932,1.04043156,0.08894331,-24.58163932,1.04043156,0.08961216,-24.54330449,0.98958073,0.00059057,-0.01015208,0.00514571,-0.00016541,-0.00232203,0.00146818
7.810,0.53087555,0.60143139,2.68207849,0.14978885,-0.05190703,0.09194959,0.01378253,-0.00477612,0.00846056,0.53029156,0.61160491,2.67692111,0.14995673,-0.04958741,0.09048264,0.08860789,-24.58838601,1.04319663,0.08860789,-24.58838601,1.04319663,0.08927825,-24.55002443,0.99229872,0.00058399,-0.01017352,0.00515738,-0.00016788,-0.00231962,0.00146695
7.820,0.53237413,0.60091208,2.68299841,0.14992640,-0.05195469,0.09203403,0.01372589,-0.00475650,0.00842579,0.53179673,0.61110704,2.67782937,0.15009675,-0.04963751,0.09056831,0.08827216,-24.59513394,1.04596475,0.08827216,-24.59513394,1.04596475,0.08894331,-24.55674542,0.99501890,0.00057740,-0.01019496,0.00516904,-0.00017035,-0.00231718,0.00146572
7.830,0.53387408,0.60039230,2.68391917,0.15006337,-0.05200216,0.09211811,0.01366917,-0.00473684,0.00839097,0.53330327,0.61060866,2.67873846,0.15023619,-0.04968743,0.09065363,0.08793554,-24.60188174,1.04873465,0.08793554,-24.60188174,1.04873465,0.08860789,-24.56346741,0.99774184,0.00057081,-0.01021636,0.00518071,-0.00017282,-0.00231473,0.00146448
7.840,0.53537539,0.59987204,2.68484077,0.15019978,-0.05204943,0.09220184,0.01361236,-0.00471715,0.00835610,0.53481119,0.61010980,2.67964840,0.15037507,-0.04973719,0.09073861,0.08759806,-24.60863136,1.05150684,0.08759806,-24.60863136,1.05150684,0.08827216,-24.57019071,1.00046798,0.00056420,-0.01023776,0.00519237,-0.00017529,-0.00231224,0.00146323
7.850,0.53687807,0.59935131,2.68576321,0.15033562,-0.05209650,0.09228523,0.01355546,-0.00469744,0.00832118,0.53632047,0.60961045,2.68055917,0.15051339,-0.04978677,0.09082325,0.08726041,-24.61538111,1.05428186,0.08726041,-24.61538111,1.05428186,0.08793554,-24.57691398,1.00319606,0.00055760,-0.01025914,0.00520404,-0.00017777,-0.00230973,0.00146198
7.860,0.53838210,0.59883011,2.68668647,0.15047089,-0.05214338,0.09236827,0.01349848,-0.00467769,0.00828620,0.53783112,0.60911060,2.68147077,0.15065113,-0.04983619,0.09090756,0.08692187,-24.62213166,1.05705703,0.08692187,-24.62213166,1.05705703,0.08759806,-24.58363914,1.00592659,0.00055098,-0.01028049,0.00521570,-0.00018024,-0.00230719,0.00146071
7.870,0.53988749,0.59830844,2.68761057,0.15060559,-0.05219006,0.09245095,0.01344142,-0.00465792,0.00825117,0.53934312,0.60861027,2.68238321,0.15078831,-0.04988543,0.09099155,0.08658326,-24.62888294,1.05983564,0.08658326,-24.62888294,1.05983564,0.08726041,-24.59036453,1.00866010,0.00054437,-0.01030183,0.00522736,-0.00018272,-0.00230463,0.00145940
7.880,0.54139421,0.59778631,2.68853549,0.15073972,-0.05223654,0.09253329,0.01338427,-0.00463811,0.00821609,0.54085646,0.60810945,2.68329647,0.15092491,-0.04993451,0.09107521,0.08624336,-24.63563331,1.06261540,0.08624336,-24.63563331,1.06261540,0.08692187,-24.59709078,1.01139392,0.00053775,-0.01032314,0.00523902,-0.00018519,-0.00230203,0.00145808
7.890,0.54290228,0.59726371,2.68946124,0.15087327,-0.05228282,0.09261528,0.01332704,-0.00461828,0.00818095,0.54237115,0.60760815,2.68421056,0.15106095,-0.04998342,0.09115856,0.08590334,-24.64238507,1.06539812,0.08590334,-24.64238507,1.06539812,0.08658326,-24.60381787,1.01413135,0.00053113,-0.01034444,0.00525068,-0.00018768,-0.00229940,0.00145672
7.900,0.54441168,0.59674065,2.69038780,0.15100626,-0.05232890,0.09269691,0.01326972,-0.00459842,0.00814577,0.54388718,0.60710637,2.68512546,0.15119641,-0.05003216,0.09124158,0.08556276,-24.64913659,1.06818119,0.08556276,-24.64913659,1.06818119,0.08624336,-24.61054412,1.01687007,0.00052450,-0.01036572,0.00526234,-0.00019015,-0.00229674,0.00145533
7.910,0.54592240,0.59621713,2.69131517,0.15113867,-0.05237479,0.09277819,0.01321232,-0.00457853,0.00811053,0.54540454,0.60660410,2.68604119,0.15133130,-0.05008074,0.09132428,0.08522116,-24.65588854,1.07096513,0.08522116,-24.65588854,1.07096513,0.08590334,-24.61727185,1.01961192,0.00051786,-0.01038697,0.00527398,-0.00019263,-0.00229405,0.00145391
7.920,0.54743445,0.59569316,2.69224336,0.15127050,-0.05242047,0.09285912,0.01315484,-0.00455861,0.00807525,0.54692323,0.60610136,2.68695773,0.15146562,-0.05012914,0.09140667,0.08487934,-24.66263859,1.07375195,0.08487934,-24.66263859,1.07375195,0.08556276,-24.62399942,1.02235428,0.00051122,-0.01040820,0.00528563,-0.00019512,-0.00229133,0.00145245
7.930,0.54894781,0.59516872,2.69317235,0.15140176,-0.05246596,0.09293970,0.01309727,-0.00453866,0.00803991,0.54844323,0.60559814,2.68787508,0.15159936,-0.05017737,0.09148873,0.08453673,-24.66939181,1.07653921,0.08453673,-24.66939181,1.07653921,0.08522116,-24.63072751,1.02509768,0.00050458,-0.01042942,0.00529727,-0.00019760,-0.00228859,0.00145097
7.940,0.55046248,0.59464384,2.69410215,0.15153245,-0.05251124,0.09301992,0.01303962,-0.00451868,0.00800452,0.54996455,0.60509444,2.68879323,0.15173253,-0.05022543,0.09157046,0.08419361,-24.67614191,1.07932880,0.08419361,-24.67614191,1.07932880,0.08487934,-24.63745378,1.02784412,0.00049793,-0.01045060,0.00530892,-0.00020008,-0.00228581,0.00144946
7.950,0.55197846,0.59411850,2.69503275,0.15166256,-0.05255633,0.09309979,0.01298189,-0.00449868,0.00796908,0.55148718,0.60459027,2.68971219,0.15186512,-0.05027332,0.09165187,0.08385018,-24.68289395,1.08211989,0.08385018,-24.68289395,1.08211989,0.08453673,-24.64418332,1.03059117,0.00049128,-0.01047177,0.00532056,-0.00020256,-0.00228301,0.00144792
7.960,0.55349573,0.59359271,2.69596415,0.15179209,-0.05260122,0.09317930,0.01292408,-0.00447864,0.00793360,0.55301111,0.60408563,2.69063195,0.15199713,-0.05032103,0.09173294,0.08350573,-24.68964599,1.08491292,0.08350573,-24.68964599,1.08491292,0.08419361,-24.65090982,1.03334072,0.00048462,-0.01049292,0.00533220,-0.00020504,-0.00228019,0.00144636
7.970,0.55501430,0.59306648,2.69689634,0.15192104,-0.05264590,0.09325846,0.01286619,-0.00445858,0.00789806,0.55453634,0.60358052,2.69155251,0.15212857,-0.05036857,0.09181368,0.08316106,-24.69639607,1.08770703,0.08316106,-24.69639607,1.08770703,0.08385018,-24.65763836,1.03609195,0.00047796,-0.01051404,0.00534383,-0.00020753,-0.00227733,0.00144478
7.980,0.55653415,0.59253979,2.69782931,0.15204941,-0.05269039,0.09333726,0.01280822,-0.00443849,0.00786247,0.55606286,0.60307494,2.69247387,0.15225943,-0.05041594,0.09189408,0.08281547,-24.70314925,1.09050113,0.08281547,-24.70314925,1.09050113,0.08350573,-24.66436698,1.03884528,0.00047129,-0.01053515,0.00535544,-0.00021002,-0.00227445,0.00144318
7.990,0.55805528,0.59201267,2.69876308,0.15217720,-0.05273467,0.09341571,0.01275017,-0.00441837,0.00782683,0.55759067,0.60256889,2.69339601,0.15238971,-0.05046312,0.09197414,0.08246926,-24.70989926,1.09329891,0.08246926,-24.70989926,1.09329891,0.08316106,-24.67109373,1.04159987,0.00046461,-0.01055622,0.00536707,-0.00021251,-0.00227155,0.00144157
8.000,0.55957769,0.59148510,2.69969763,0.15230441,-0.05277876,0.09349380,0.01269203,-0.00439823,0.00779115,0.55911975,0.60206238,2.69431894,0.15251941,-0.05051013,0.09205385,0.08212273,-24.71665119,1.09609789,0.08212273,-24.71665119,1.09609789,0.08281547,-24.67782368,1.04435464,0.00045794,-0.01057728,0.00537869,-0.00021500,-0.00226863,0.00143995
8.010,0.56110137,0.59095710,2.70063295,0.15243104,-0.05282264,0.09357153,0.01263382,-0.00437806,0.00775542,0.56065011,0.60155541,2.69524265,0.15264852,-0.05055695,0.09213321,0.08177569,-24.72340075,1.09889711,0.08177569,-24.72340075,1.09889711,0.08246926,-24.68455055,1.04711326,0.00045126,-0.01059831,0.00539030,-0.00021748,-0.00226569,0.00143832
8.020,0.56262631,0.59042865,2.70156906,0.15255709,-0.05286632,0.09364891,0.01257553,-0.00435786,0.00771963,0.56218174,0.60104797,2.69616714,0.15277706,-0.05060360,0.09221222,0.08142794,-24.73015266,1.10170023,0.08142794,-24.73015266,1.10170023,0.08212273,-24.69127942,1.04987327,0.00044457,-0.01061932,0.00540192,-0.00021997,-0.00226272,0.00143669
8.030,0.56415251,0.58989977,2.70250593,0.15268255,-0.05290980,0.09372592,0.01251716,-0.00433763,0.00768380,0.56371463,0.60054008,2.69709241,0.15290501,-0.05065006,0.09229087,0.08107966,-24.73690337,1.10450316,0.08107966,-24.73690337,1.10450316,0.08177569,-24.69800602,1.05263370,0.00043788,-0.01064031,0.00541352,-0.00022246,-0.00225974,0.00143505
8.040,0.56567996,0.58937045,2.70344357,0.15280743,-0.05295307,0.09380258,0.01245872,-0.00431738,0.00764793,0.56524877,0.60003172,2.69801845,0.15303238,-0.05069635,0.09236917,0.08073077,-24.74365487,1.10730811,0.08073077,-24.74365487,1.10730811,0.08142794,-24.70473507,1.05539819,0.00043119,-0.01066127,0.00542512,-0.00022495,-0.00225672,0.00143341
8.050,0.56720866,0.58884071,2.70438198,0.15293173,-0.05299614,0.09387888,0.01240019,-0.00429710,0.00761200,0.56678417,0.59952292,2.69894526,0.15315916,-0.05074244,0.09244711,0.08038158,-24.75040393,1.11011559,0.08038158,-24.75040393,1.11011559,0.08107966,-24.71146300,1.05816270,0.00042449,-0.01068221,0.00543672,-0.00022743,-0.00225370,0.00143177
8.060,0.56873859,0.58831053,2.70532115,0.15305543,-0.05303901,0.09395482,0.01234159,-0.00427679,0.00757603,0.56832081,0.59901365,2.69987284,0.15328536,-0.05078836,0.09252469,0.08003114,-24.75715491,1.11292465,0.08003114,-24.75715491,1.11292465,0.08073077,-24.71819182,1.06092940,0.00041778,-0.01070312,0.00544831,-0.00022993,-0.00225065,0.00143013
8.070,0.57026976,0.58777993,2.70626108,0.15317856,-0.05308168,0.09403040,0.01228291,-0.00425645,0.00754000,0.56985869,0.59850394,2.70080117,0.15341097,-0.05083409,0.09260191,0.07968063,-24.76390421,1.11573583,0.07968063,-24.76390421,1.11573583,0.08038158,-24.72491829,1.06369881,0.00041107,-0.01072401,0.00545991,-0.00023241,-0.00224759,0.00142849
8.080,0.57180216,0.58724890,2.70720176,0.15330109,-0.05312414,0.09410562,0.01222416,-0.00423609,0.00750394,0.57139780,0.59799378,2.70173027,0.15353600,-0.05087963,0.09267876,0.07932949,-24.77065386,1.11854817,0.07932949,-24.77065386,1.11854817,0.08003114,-24.73164677,1.06646998,0.00040436,-0.01074488,0.00547149,-0.00023491,-0.00224451,0.00142686
8.090,0.57333578,0.58671745,2.70814319,0.15342304,-0.05316640,0.09418048,0.01216532,-0.00421571,0.00746782,0.57293813,0.59748317,2.70266011,0.15366044,-0.05092500,0.09275526,0.07897776,-24.77740258,1.12136219,0.07897776,-24.77740258,1.12136219,0.07968063,-24.73837367,1.06924346,0.00039765,-0.01076572,0.00548308,-0.00023740,-0.00224140,0.00142522
8.100,0.57487062,0.58618557,2.70908537,0.15354440,-0.05320846,0.09425498,0.01210642,-0.00419529,0.00743166,0.57447969,0.59697211,2.70359071,0.15378429,-0.05097017,0.09283140,0.07862562,-24.78415274,1.12417841,0.07862562,-24.78415274,1.12417841,0.07932949,-24.74510101,1.07201827,0.00039093,-0.01078654,0.00549466,-0.00023989,-0.00223829,0.00142358
8.110,0.57640667,0.58565328,2.71002829,0.15366517,-0.05325031,0.09432911,0.01204743,-0.00417485,0.00739545,0.57602247,0.59646061,2.70452206,0.15390755,-0.05101516,0.09290717,0.07827289,-24.79090038,1.12699579,0.07827289,-24.79090038,1.12699579,0.07897776,-24.75182751,1.07479493,0.00038420,-0.01080733,0.00550623,-0.00024238,-0.00223515,0.00142194
8.120,0.57794392,0.58512057,2.71097195,0.15378535,-0.05329195,0.09440289,0.01198838,-0.00415439,0.00735920,0.57756645,0.59594867,2.70545415,0.15403022,-0.05105996,0.09298259,0.07791937,-24.79764784,1.12981503,0.07791937,-24.79764784,1.12981503,0.07862562,-24.75855555,1.07757398,0.00037747,-0.01082810,0.00551780,-0.00024487,-0.00223199,0.00142030
8.130,0.57948237,0.58458744,2.71191634,0.15390494,-0.05333339,0.09447630,0.01192924,-0.00413390,0.00732290,0.57911163,0.59543628,2.70638697,0.15415230,-0.05110458,0.09305766,0.07756536,-24.80439588,1.13263497,0.07756536,-24.80439588,1.13263497,0.07827289,-24.76528116,1.08035437,0.00037074,-0.01084884,0.00552937,-0.00024736,-0.00222881,0.00141864
8.140,0.58102202,0.58405390,2.71286147,0.15402393,-0.05337463,0.09454934,0.01187004,-0.00411338,0.00728656,0.58065802,0.59492346,2.70732054,0.15427378,-0.05114902,0.09313236,0.07721106,-24.81114287,1.13545763,0.07721106,-24.81114287,1.13545763,0.07791937,-24.77200669,1.08313679,0.00036400,-0.01086956,0.00554093,-0.00024985,-0.00222561,0.00141698
8.150,0.58256285,0.58351995,2.71380733,0.15414234,-0.05341566,0.09462203,0.01181076,-0.00409284,0.00725017,0.58220559,0.59441020,2.70825484,0.15439468,-0.05119326,0.09320671,0.07685600,-24.81788883,1.13828229,0.07685600,-24.81788883,1.13828229,0.07756536,-24.77873288,1.08592009,0.00035726,-0.01089025,0.00555249,-0.00025234,-0.00222240,0.00141532
8.160,0.58410486,0.58298559,2.71475391,0.15426015,-0.05345649,0.09469435,0.01175140,-0.00407227,0.00721373,0.58375435,0.59389650,2.70918986,0.15451498,-0.05123732,0.09328070,0.07650026,-24.82463449,1.14110774,0.07650026,-24.82463449,1.14110774,0.07721106,-24.78545812,1.08870630,0.00035051,-0.01091091,0.00556405,-0.00025483,-0.00221917,0.00141365
8.170,0.58564805,0.58245082,2.71570121,0.15437736,-0.05349711,0.09476630,0.01169198,-0.00405167,0.00717725,0.58530429,0.59338238,2.71012562,0.15463468,-0.05128119,0.09335434,0.07614414,-24.83137986,1.14393448,0.07614414,-24.83137986,1.14393448,0.07685600,-24.79218243,1.09149466,0.00034376,-0.01093156,0.00557559,-0.00025732,-0.00221592,0.00141196
8.180,0.58719241,0.58191565,2.71664924,0.15449399,-0.05353752,0.09483789,0.01163248,-0.00403106,0.00714073,0.58685540,0.59286782,2.71106209,0.15475380,-0.05132488,0.09342762,0.07578769,-24.83812333,1.14676465,0.07578769,-24.83812333,1.14676465,0.07650026,-24.79890652,1.09428400,0.00033701,-0.01095217,0.00558715,-0.00025981,-0.00221264,0.00141027
8.190,0.58873793,0.58138007,2.71759797,0.15461001,-0.05357773,0.09490912,0.01157290,-0.00401041,0.00710416,0.58840768,0.59235283,2.71199928,0.15487231,-0.05136838,0.09350055,0.07543036,-24.84486762,1.14959428,0.07543036,-24.84486762,1.14959428,0.07614414,-24.80563043,1.09707481,0.00033025,-0.01097276,0.00559869,-0.00026230,-0.00220935,0.00140857
8.200,0.59028461,0.58084409,2.71854742,0.15472544,-0.05361773,0.09497998,0.01151326,-0.00398974,0.00706755,0.58996112,0.59183741,2.71293719,0.15499023,-0.05141169,0.09357312,0.07507269,-24.85161074,1.15242675,0.07507269,-24.85161074,1.15242675,0.07578769,-24.81235252,1.09986922,0.00032349,-0.01099332,0.00561023,-0.00026479,-0.00220604,0.00140686
8.210,0.59183244,0.58030772,2.71949757,0.15484028,-0.05365752,0.09505047,0.01145355,-0.00396905,0.00703089,0.59151571,0.59132157,2.71387581,0.15510756,-0.05145481,0.09364534,0.07471451,-24.85835108,1.15525960,0.07471451,-24.85835108,1.15525960,0.07543036,-24.81907553,1.10266328,0.00031673,-0.01101385,0.00562176,-0.00026728,-0.00220271,0.00140513
8.220,0.59338141,0.57977094,2.72044842,0.15495451,-0.05369711,0.09512059,0.01139376,-0.00394833,0.00699419,0.59307146,0.59080530,2.71481514,0.15522428,-0.05149775,0.09371721,0.07435537,-24.86509333,1.15809332,0.07435537,-24.86509333,1.15809332,0.07507269,-24.82579746,1.10546033,0.00030995,-0.01103436,0.00563328,-0.00026977,-0.00219936,0.00140338
8.230,0.59493152,0.57923377,2.72139998,0.15506815,-0.05373649,0.09519035,0.01133391,-0.00392759,0.00695745,0.59462834,0.59028862,2.71575517,0.15534041,-0.05154050,0.09378873,0.07399582,-24.87183358,1.16093009,0.07399582,-24.87183358,1.16093009,0.07471451,-24.83251671,1.10825795,0.00030318,-0.01105485,0.00564481,-0.00027226,-0.00219599,0.00140162
8.240,0.59648277,0.57869621,2.72235223,0.15518119,-0.05377566,0.09525974,0.01127398,-0.00390682,0.00692066,0.59618637,0.58977151,2.71669591,0.15545593,-0.05158306,0.09385990,0.07363605,-24.87857219,1.16376736,0.07363605,-24.87857219,1.16376736,0.07435537,-24.83923796,1.11105663,0.00029640,-0.01107530,0.00565632,-0.00027474,-0.00219260,0.00139984
8.250,0.59803515,0.57815826,2.72330517,0.15529363,-0.05381463,0.09532876,0.01121398,-0.00388603,0.00688383,0.59774552,0.58925398,2.71763734,0.15557086,-0.05162543,0.09393071,0.07327589,-24.88530988,1.16660562,0.07327589,-24.88530988,1.16660562,0.07399582,-24.84595731,1.11385852,0.00028963,-0.01109572,0.00566783,-0.00027723,-0.00218920,0.00139805
8.260,0.59958864,0.57761992,2.72425880,0.15540547,-0.05385338,0.09539742,0.01115392,-0.00386522,0.00684696,0.59930581,0.58873604,2.71857946,0.15568518,-0.05166761,0.09400116,0.07291463,-24.89204635,1.16944553,0.07291463,-24.89204635,1.16944553,0.07363605,-24.85267511,1.11666109,0.00028283,-0.01111612,0.00567934,-0.00027971,-0.00218577,0.00139626
8.270,0.60114325,0.57708119,2.72521312,0.15551671,-0.05389193,0.09546570,0.01109378,-0.00384438,0.00681004,0.60086721,0.58821769,2.71952228,0.15579891,-0.05170961,0.09407126,0.07255308,-24.89878270,1.17228746,0.07255308,-24.89878270,1.17228746,0.07327589,-24.85939209,1.11946484,0.00027604,-0.01113650,0.00569084,-0.00028220,-0.00218232,0.00139444
8.280,0.60269897,0.57654208,2.72616812,0.15562735,-0.05393027,0.09553362,0.01103358,-0.00382352,0.00677309,0.60242972,0.58769892,2.72046578,0.15591203,-0.05175141,0.09414101,0.07219106,-24.90551697,1.17513064,0.07219106,-24.90551697,1.17513064,0.07291463,-24.86610794,1.12227041,0.00026925,-0.01115684,0.00570234,-0.00028468,-0.00217886,0.00139261
8.290,0.60425580,0.57600259,2.72712379,0.15573738,-0.05396840,0.09560117,0.01097331,-0.00380263,0.00673609,0.60399334,0.58717974,2.72140997,0.15602454,-0.05179302,0.09421040,0.07182876,-24.91224953,1.17797400,0.07182876,-24.91224953,1.17797400,0.07255308,-24.87282377,1.12507818,0.00026246,-0.01117715,0.00571382,-0.00028716,-0.00217538,0.00139077
8.300,0.60581372,0.57546272,2.72808014,0.15584681,-0.05400632,0.09566834,0.01091297,-0.00378172,0.00669905,0.60555806,0.58666015,2.72235483,0.15613646,-0.05183445,0.09427943,0.07146561,-24.91898078,1.18081946,0.07146561,-24.91898078,1.18081946,0.07219106,-24.87953761,1.12788738,0.00025566,-0.01119743,0.00572531,-0.00028965,-0.00217187,0.00138891
8.310,0.60737273,0.57492246,2.72903716,0.15595564,-0.05404403,0.09573515,0.01085256,-0.00376079,0.00666197,0.60712388,0.58614016,2.72330037,0.15624777,-0.05187568,0.09434810,0.07110193,-24.92571313,1.18366632,0.07110193,-24.92571313,1.18366632,0.07182876,-24.88624985,1.13069694,0.00024885,-0.01121770,0.00573679,-0.00029213,-0.00216835,0.00138705
8.320,0.60893283,0.57438184,2.72999484,0.15606386,-0.05408154,0.09580158,0.01079209,-0.00373983,0.00662485,0.60869079,0.58561976,2.72424659,0.15635847,-0.05191672,0.09441641,0.07073790,-24.93244133,1.18651342,0.07073790,-24.93244133,1.18651342,0.07146561,-24.89296086,1.13350879,0.00024204,-0.01123792,0.00574825,-0.00029461,-0.00216482,0.00138517
8.330,0.61049401,0.57384083,2.73095319,0.15617148,-0.05411883,0.09586764,0.01073155,-0.00371885,0.00658768,0.61025878,0.58509896,2.72519347,0.15646857,-0.05195756,0.09448436,0.07037345,-24.93917105,1.18936289,0.07037345,-24.93917105,1.18936289,0.07110193,-24.89967308,1.13632221,0.00023523,-0.01125813,0.00575972,-0.00029709,-0.00216127,0.00138328
8.340,0.61205626,0.57329946,2.73191219,0.15627849,-0.05415591,0.09593333,0.01067094,-0.00369785,0.00655048,0.61182784,0.58457776,2.72614102,0.15657806,-0.05199822,0.09455195,0.07000829,-24.94589706,1.19221234,0.07000829,-24.94589706,1.19221234,0.07073790,-24.90638124,1.13913606,0.00022842,-0.01127830,0.00577117,-0.00029957,-0.00215769,0.00138138
8.350,0.61361957,0.57275772,2.73287185,0.15638490,-0.05419279,0.09599865,0.01061027,-0.00367683,0.00651323,0.61339798,0.58405616,2.72708922,0.15668694,-0.05203868,0.09461918,0.06964234,-24.95262207,1.19506378,0.06964234,-24.95262207,1.19506378,0.07037345,-24.91309101,1.14195246,0.00022159,-0.01129844,0.00578263,-0.00030204,-0.00215411,0.00137947
8.360,0.61518395,0.57221561,2.73383216,0.15649070,-0.05422945,0.09606360,0.01054953,-0.00365578,0.00647595,0.61496918,0.58353416,2.72803809,0.15679521,-0.05207895,0.09468604,0.06927629,-24.95934581,1.19791631,0.06927629,-24.95934581,1.19791631,0.07000829,-24.91979718,1.14476903,0.00021477,-0.01131855,0.00579407,-0.00030451,-0.00215050,0.00137756
8.370,0.61674939,0.57167313,2.73479312,0.15659589,-0.05426590,0.09612817,0.01048873,-0.00363471,0.00643862,0.61654144,0.58301177,2.72898761,0.15690288,-0.05211902,0.09475253,0.06890997,-24.96606904,1.20077042,0.06890997,-24.96606904,1.20077042,0.06964234,-24.92650245,1.14758777,0.00020795,-0.01133864,0.00580551,-0.00030699,-0.00214688,0.00137564
8.380,0.61831587,0.57113029,2.73575473,0.15670047,-0.05430214,0.09619237,0.01042786,-0.00361361,0.00640126,0.61811475,0.58248898,2.72993778,0.15700993,-0.05215890,0.09481866,0.06854268,-24.97279014,1.20362675,0.06854268,-24.97279014,1.20362675,0.06927629,-24.93320654,1.15040780,0.00020112,-0.01135869,0.00581695,-0.00030946,-0.00214324,0.00137371
8.390,0.61988339,0.57058709,2.73671697,0.15680445,-0.05433818,0.09625620,0.01036693,-0.00359250,0.00636386,0.61968910,0.58196581,2.73088860,0.15711638,-0.05219859,0.09488442,0.06817486,-24.97950986,1.20648285,0.06817486,-24.97950986,1.20648285,0.06890997,-24.93991022,1.15322957,0.00019429,-0.01137872,0.00582837,-0.00031193,-0.00213959,0.00137178
8.400,0.62145196,0.57004353,2.73767985,0.15690781,-0.05437399,0.09631965,0.01030593,-0.00357136,0.00632641,0.62126450,0.58144224,2.73184006,0.15722221,-0.05223808,0.09494981,0.06780709,-24.98622749,1.20934062,0.06780709,-24.98622749,1.20934062,0.06854268,-24.94661187,1.15605375,0.00018746,-0.01139871,0.00583979,-0.00031440,-0.00213591,0.00136984
8.410,0.62302155,0.56949961,2.73864336,0.15701057,-0.05440960,0.09638272,0.01024487,-0.00355020,0.00628893,0.62284093,0.58091829,2.73279216,0.15732744,-0.05227737,0.09501484,0.06743841,-24.99294451,1.21219915,0.06743841,-24.99294451,1.21219915,0.06817486,-24.95331223,1.15887789,0.00018062,-0.01141868,0.00585120,-0.00031687,-0.00213223,0.00136788
8.420,0.62459217,0.56895533,2.73960750,0.15711271,-0.05444500,0.09644543,0.01018375,-0.00352902,0.00625141,0.62441839,0.58039395,2.73374489,0.15743205,-0.05231647,0.09507950,0.06706941,-24.99966095,1.21505919,0.06706941,-24.99966095,1.21505919,0.06780709,-24.96001061,1.16170388,0.00017378,-0.01143862,0.00586261,-0.00031934,-0.00212853,0.00136593
8.430,0.62616380,0.56841071,2.74057227,0.15721424,-0.05448018,0.09650775,0.01012257,-0.00350782,0.00621385,0.62599687,0.57986923,2.73469826,0.15753604,-0.05235538,0.09514379,0.06669951,-25.00637286,1.21792101,0.06669951,-25.00637286,1.21792101,0.06743841,-24.96670846,1.16453081,0.00016693,-0.01145852,0.00587401,-0.00032180,-0.00212480,0.00136396
8.440,0.62773645,0.56786573,2.74153766,0.15731516,-0.05451515,0.09656970,0.01006132,-0.00348660,0.00617625,0.62757637,0.57934413,2.73565225,0.15763943,-0.05239409,0.09520772,0.06632954,-25.01308494,1.22078385,0.06632954,-25.01308494,1.22078385,0.06706941,-24.97340584,1.16735944,0.00016008,-0.01147840,0.00588541,-0.00032427,-0.00212106,0.00136198
8.450,0.62931010,0.56732041,2.74250366,0.15741547,-0.05454991,0.09663128,0.01000001,-0.00346535,0.00613862,0.62915687,0.57881864,2.73660687,0.15774220,-0.05243261,0.09527128,0.06595881,-25.01979360,1.22364676,0.06595881,-25.01979360,1.22364676,0.06669951,-24.98009878,1.17019003,0.00015323,-0.01149823,0.00589679,-0.00032673,-0.00211730,0.00136000
8.460,0.63088476,0.56677473,2.74347028,0.15751516,-0.05458446,0.09669248,0.00993864,-0.00344408,0.00610095,0.63073838,0.57829279,2.73756211,0.15784435,-0.05247093,0.09533447,0.06558802,-25.02650323,1.22651166,0.06558802,-25.02650323,1.22651166,0.06632954,-24.98679199,1.17302183,0.00014638,-0.01151806,0.00590817,-0.00032919,-0.00211353,0.00135801
8.470,0.63246040,0.56622872,2.74443751,0.15761424,-0.05461880,0.09675330,0.00987721,-0.00342279,0.00606324,0.63232088,0.57776655,2.73851797,0.15794589,-0.05250905,0.09539729,0.06521610,-25.03320824,1.22937767,0.06521610,-25.03320824,1.22937767,0.06595881,-24.99348189,1.17585388,0.00013952,-0.01153783,0.00591954,-0.00033165,-0.00210975,0.00135601
8.480,0.63403704,0.56568236,2.74540535,0.15771270,-0.05465292,0.09681374,0.00981571,-0.00340149,0.00602549,0.63390438,0.57723994,2.73947444,0.15804681,-0.05254698,0.09545974,0.06484425,-25.03991264,1.23224531,0.06484425,-25.03991264,1.23224531,0.06558802,-25.00017285,1.17868812,0.00013266,-0.01155758,0.00593091,-0.00033411,-0.00210594,0.00135400
8.490,0.63561466,0.56513566,2.74637378,0.15781055,-0.05468683,0.09687381,0.00975416,-0.00338016,0.00598770,0.63548886,0.57671296,2.74043152,0.15814711,-0.05258472,0.09552182,0.06447191,-25.04661520,1.23511224,0.06447191,-25.04661520,1.23511224,0.06521610,-25.00685928,1.18152363,0.00012580,-0.01157730,0.00594226,-0.00033656,-0.00210211,0.00135199
8.500,0.63719325,0.56458862,2.74734282,0.15790779,-0.05472052,0.09693349,0.00969255,-0.00335880,0.00594988,0.63707432,0.57618562,2.74138921,0.15824680,-0.05262225,0.09558354,0.06409890,-25.05331593,1.23798178,0.06409890,-25.05331593,1.23798178,0.06484425,-25.01354521,1.18436097,0.00011893,-0.01159700,0.00595361,-0.00033901,-0.00209827,0.00134995
8.510,0.63877281,0.56404125,2.74831245,0.15800441,-0.05475400,0.09699280,0.00963088,-0.00333743,0.00591202,0.63866075,0.57565790,2.74234750,0.15834587,-0.05265959,0.09564488,0.06372541,-25.06001359,1.24085175,0.06372541,-25.06001359,1.24085175,0.06447191,-25.02022939,1.18719778,0.00011206,-0.01161665,0.00596495,-0.00034146,-0.00209441,0.00134792
8.520,0.64035333,0.56349354,2.74928268,0.15810041,-0.05478727,0.09705173,0.00956915,-0.00331604,0.00587413,0.64024815,0.57512982,2.74330639,0.15844432,-0.05269674,0.09570586,0.06335125,-25.06671058,1.24372409,0.06335125,-25.06671058,1.24372409,0.06409890,-25.02691184,1.19003739,0.00010518,-0.01163628,0.00597629,-0.00034391,-0.00209053,0.00134587
8.530,0.64193481,0.56294550,2.75025349,0.15819579,-0.05482032,0.09711029,0.00950736,-0.00329463,0.00583620,0.64183650,0.57460137,2.74426587,0.15854215,-0.05273369,0.09576646,0.06297676,-25.07340493,1.24659646,0.06297676,-25.07340493,1.24659646,0.06372541,-25.03359133,1.19287761,0.00009831,-0.01165587,0.00598762,-0.00034636,-0.00208663,0.00134383
8.540,0.64351725,0.56239714,2.75122488,0.15829055,-0.05485316,0.09716846,0.00944551,-0.00327320,0.00579823,0.64342581,0.57407257,2.74522594,0.15863936,-0.05277044,0.09582670,0.06260224,-25.08009537,1.24946916,0.06260224,-25.08009537,1.24946916,0.06335125,-25.04027023,1.19572038,0.00009144,-0.01167543,0.00599894,-0.00034881,-0.00208272,0.00134176
8.550,0.64510062,0.56184844,2.75219685,0.15838470,-0.05488579,0.09722625,0.00938360,-0.00325174,0.00576023,0.64501607,0.57354340,2.74618661,0.15873595,-0.05280699,0.09588657,0.06222665,-25.08678628,1.25234286,0.06222665,-25.08678628,1.25234286,0.06297676,-25.04694660,1.19856337,0.00008455,-0.01169496,0.00601024,-0.00035125,-0.00207880,0.00133968
8.560,0.64668494,0.56129942,2.75316940,0.15847822,-0.05491820,0.09728366,0.00932164,-0.00323027,0.00572219,0.64660727,0.57301388,2.74714785,0.15883192,-0.05284335,0.09594607,0.06185104,-25.09347376,1.25521816,0.06185104,-25.09347376,1.25521816,0.06260224,-25.05361916,1.20140688,0.00007767,-0.01171446,0.00602155,-0.00035370,-0.00207485,0.00133759
8.570,0.64827019,0.56075008,2.75414253,0.15857113,-0.05495039,0.09734069,0.00925962,-0.00320878,0.00568412,0.64819940,0.57248400,2.74810968,0.15892727,-0.05287951,0.09600519,0.06147500,-25.10015818,1.25809564,0.06147500,-25.10015818,1.25809564,0.06222665,-25.06029229,1.20425158,0.00007079,-0.01173392,0.00603285,-0.00035614,-0.00207088,0.00133550
8.580,0.64985636,0.56020042,2.75511622,0.15866342,-0.05498237,0.09739734,0.00919754,-0.00318727,0.00564602,0.64979246,0.57195376,2.74907208,0.15902199,-0.05291547,0.09606394,0.06109820,-25.10684030,1.26097287,0.06109820,-25.10684030,1.26097287,0.06185104,-25.06696208,1.20709806,0.00006390,-0.01175334,0.00604414,-0.00035857,-0.00206690,0.00133340
8.590,0.65144345,0.55965043,2.75609047,0.15875508,-0.05501414,0.09745361,0.00913541,-0.00316574,0.00560787,0.65138645,0.57142318,2.75003505,0.15911609,-0.05295123,0.09612232,0.06072086,-25.11352249,1.26385035,0.06072086,-25.11352249,1.26385035,0.06147500,-25.07362892,1.20994691,0.00005700,-0.01177275,0.00605542,-0.00036101,-0.00206291,0.00133129
8.600,0.65303146,0.55910013,2.75706529,0.15884612,-0.05504569,0.09750950,0.00907322,-0.00314418,0.00556970,0.65298135,0.57089224,2.75099860,0.15920957,-0.05298680,0.09618033,0.06034342,-25.12020083,1.26673016,0.06034342,-25.12020083,1.26673016,0.06109820,-25.08029355,1.21279570,0.00005011,-0.01179211,0.00606669,-0.00036345,-0.00205889,0.00132917
8.610,0.65462037,0.55854952,2.75804066,0.15893655,-0.05507702,0.09756501,0.00901097,-0.00312261,0.00553149,0.65457716,0.57036096,2.75196271,0.15930242,-0.05302217,0.09623796,0.05996530,-25.12687568,1.26960989,0.05996530,-25.12687568,1.26960989,0.06072086,-25.08695836,1.21564492,0.00004321,-0.01181144,0.00607795,-0.00036587,-0.00205485,0.00132705
8.620,0.65621019,0.55799859,2.75901659,0.15902634,-0.05510814,0.09762013,0.00894867,-0.00310103,0.00549324,0.65617387,0.56982933,2.75292738,0.15939464,-0.05305734,0.09629523,0.05958698,-25.13354980,1.27249147,0.05958698,-25.13354980,1.27249147,0.06034342,-25.09361941,1.21849666,0.00003632,-0.01183074,0.00608921,-0.00036830,-0.00205080,0.00132490
8.630,0.65780090,0.55744736,2.75999306,0.15911552,-0.05513904,0.09767487,0.00888632,-0.00307942,0.00545497,0.65777148,0.56929736,2.75389260,0.15948625,-0.05309231,0.09635211,0.05920814,-25.14021924,1.27537259,0.05920814,-25.14021924,1.27537259,0.05996530,-25.10027708,1.22134850,0.00002942,-0.01185000,0.00610046,-0.00037073,-0.00204673,0.00132276
8.640,0.65939250,0.55689581,2.76097008,0.15920407,-0.05516973,0.09772923,0.00882391,-0.00305779,0.00541666,0.65936998,0.56876504,2.75485839,0.15957722,-0.05312708,0.09640863,0.05882886,-25.14688872,1.27825528,0.05882886,-25.14688872,1.27825528,0.05958698,-25.10693410,1.22420238,0.00002252,-0.01186923,0.00611169,-0.00037315,-0.00204265,0.00132060
8.650,0.66098498,0.55634396,2.76194764,0.15929200,-0.05520020,0.09778321,0.00876145,-0.00303614,0.00537831,0.66096937,0.56823239,2.75582472,0.15966757,-0.05316165,0.09646477,0.05844907,-25.15355435,1.28113867,0.05844907,-25.15355435,1.28113867,0.05920814,-25.11358655,1.22705600,0.00001561,-0.01188843,0.00612292,-0.00037557,-0.00203855,0.00131844
8.660,0.66257833,0.55579181,2.76292574,0.15937930,-0.05523045,0.09783680,0.00869893,-0.00301448,0.00533994,0.66256963,0.56769940,2.75679160,0.15975729,-0.05319602,0.09652053,0.05806847,-25.16021649,1.28402321,0.05806847,-25.16021649,1.28402321,0.05882886,-25.12023915,1.22991137,0.00000870,-0.01190759,0.00613414,-0.00037799,-0.00203443,0.00131627
8.670,0.66417256,0.55523936,2.76390438,0.15946597,-0.05526049,0.09789000,0.00863636,-0.00299280,0.00530153,0.66417077,0.56716607,2.75775902,0.15984638,-0.05323020,0.09657591,0.05768790,-25.16687590,1.28690949,0.05768790,-25.16687590,1.28690949,0.05844907,-25.12688799,1.23276764,0.00000179,-0.01192671,0.00614536,-0.00038041,-0.00203029,0.00131409
8.680,0.66576765,0.55468660,2.76488354,0.15955203,-0.05529031,0.09794283,0.00857374,-0.00297110,0.00526309,0.66577277,0.56663241,2.75872698,0.15993485,-0.05326417,0.09663092,0.05730691,-25.17353463,1.28979527,0.05730691,-25.17353463,1.28979527,0.05806847,-25.13353345,1.23562524,-0.00000512,-0.01194581,0.00615656,-0.00038282,-0.00202614,0.00131191
8.690,0.66736360,0.55413355,2.76586323,0.15963745,-0.05531991,0.09799527,0.00851106,-0.00294938,0.00522461,0.66737563,0.56609842,2.75969547,0.16002268,-0.05329794,0.09668555,0.05692546,-25.18018910,1.29268238,0.05692546,-25.18018910,1.29268238,0.05768790,-25.14017627,1.23848476,-0.00001203,-0.01196487,0.00616776,-0.00038523,-0.00202197,0.00130972
8.700,0.66896040,0.55358020,2.76684345,0.15972225,-0.05534929,0.09804732,0.00844833,-0.00292764,0.00518611,0.66897935,0.56556410,2.76066450,0.16010989,-0.05333152,0.09673981,0.05654362,-25.18684167,1.29557141,0.05654362,-25.18684167,1.29557141,0.05730691,-25.14681852,1.24134398,-0.00001895,-0.01198390,0.00617895,-0.00038764,-0.00201777,0.00130751
8.710,0.67055804,0.55302656,2.76782418,0.15980642,-0.05537846,0.09809899,0.00838556,-0.00290589,0.00514757,0.67058391,0.56502945,2.76163405,0.16019646,-0.05336489,0.09679369,0.05616109,-25.19349111,1.29846003,0.05616109,-25.19349111,1.29846003,0.05692546,-25.15345659,1.24420472,-0.00002587,-0.01200289,0.00619013,-0.00039004,-0.00201357,0.00130530
8.720,0.67215652,0.55247264,2.76880543,0.15988996,-0.05540741,0.09815027,0.00832273,-0.00288411,0.00510900,0.67218931,0.56449447,2.76260413,0.16028241,-0.05339806,0.09684719,0.05577819,-25.20013543,1.30135015,0.05577819,-25.20013543,1.30135015,0.05654362,-25.16009288,1.24706756,-0.00003279,-0.01202183,0.00620130,-0.00039245,-0.00200935,0.00130308
8.730,0.67375584,0.55191842,2.76978718,0.15997287,-0.05543614,0.09820117,0.00825984,-0.00286232,0.00507040,0.67379555,0.56395917,2.76357472,0.16036772,-0.05343103,0.09690032,0.05539525,-25.20677904,1.30423946,0.05539525,-25.20677904,1.30423946,0.05616109,-25.16672613,1.24993018,-0.00003971,-0.01204075,0.00621246,-0.00039485,-0.00200511,0.00130085
8.740,0.67535598,0.55136391,2.77076945,0.16005515,-0.05546466,0.09825168,0.00819691,-0.00284051,0.00503177,0.67540261,0.56342355,2.76454584,0.16045240,-0.05346381,0.09695307,0.05501158,-25.21342072,1.30713141,0.05501158,-25.21342072,1.30713141,0.05577819,-25.17335437,1.25279449,-0.00004663,-0.01205964,0.00622361,-0.00039725,-0.00200085,0.00129861
8.750,0.67695694,0.55080912,2.77175222,0.16013681,-0.05549295,0.09830180,0.00813393,-0.00281869,0.00499311,0.67701050,0.56288761,2.76551746,0.16053645,-0.05349638,0.09700544,0.05462764,-25.22005818,1.31002364,0.05462764,-25.22005818,1.31002364,0.05539525,-25.17998200,1.25565818,-0.00005356,-0.01207849,0.00623476,-0.00039964,-0.00199657,0.00129636
8.760,0.67855871,0.55025405,2.77273548,0.16021783,-0.05552103,0.09835154,0.00807090,-0.00279685,0.00495442,0.67861920,0.56235135,2.76648960,0.16061987,-0.05352875,0.09705744,0.05424300,-25.22669248,1.31291525,0.05424300,-25.22669248,1.31291525,0.05501158,-25.18660779,1.25852470,-0.00006049,-0.01209730,0.00624588,-0.00040204,-0.00199228,0.00129410
8.770,0.68016129,0.54969870,2.77371925,0.16029823,-0.05554889,0.09840089,0.00800782,-0.00277499,0.00491569,0.68022871,0.56181478,2.76746224,0.16070265,-0.05356091,0.09710906,0.05385823,-25.23332367,1.31580972,0.05385823,-25.23332367,1.31580972,0.05462764,-25.19322947,1.26139168,-0.00006742,-0.01211608,0.00625701,-0.00040442,-0.00198798,0.00129183
8.780,0.68176468,0.54914308,2.77470350,0.16037799,-0.05557653,0.09844985,0.00794469,-0.00275311,0.00487694,0.68183902,0.56127789,2.76843538,0.16078480,-0.05359288,0.09716030,0.05347341,-25.23995018,1.31870315,0.05347341,-25.23995018,1.31870315,0.05424300,-25.19984809,1.26425825,-0.00007434,-0.01213481,0.00626812,-0.00040681,-0.00198365,0.00128955
8.790,0.68336885,0.54858717,2.77568824,0.16045712,-0.05560395,0.09849843,0.00788152,-0.00273122,0.00483816,0.68345013,0.56074069,2.76940901,0.16086631,-0.05362465,0.09721116,0.05308749,-25.24657638,1.32159768,0.05308749,-25.24657638,1.32159768,0.05385823,-25.20646370,1.26712784,-0.00008128,-0.01215352,0.00627923,-0.00040919,-0.00197930,0.00128727
8.800,0.68497382,0.54803100,2.77667347,0.16053562,-0.05563116,0.09854662,0.00781829,-0.00270931,0.00479935,0.68506203,0.56020318,2.77038314,0.16094719,-0.05365621,0.09726164,0.05270179,-25.25319708,1.32449383,0.05270179,-25.25319708,1.32449383,0.05347341,-25.21307473,1.26999661,-0.00008821,-0.01217218,0.00629033,-0.00041157,-0.00197495,0.00128498
8.810,0.68657956,0.54747455,2.77765917,0.16061349,-0.05565814,0.09859442,0.00775502,-0.00268738,0.00476051,0.68667471,0.55966536,2.77135776,0.16102744,-0.05368757,0.09731174,0.05231514,-25.25981596,1.32738916,0.05231514,-25.25981596,1.32738916,0.05308749,-25.21968556,1.27286666,-0.00009515,-0.01219081,0.00630141,-0.00041395,-0.00197057,0.00128268
8.820,0.68818608,0.54691784,2.77864535,0.16069072,-0.05568490,0.09864183,0.00769170,-0.00266544,0.00472164,0.68828817,0.55912724,2.77233287,0.16110704,-0.05371873,0.09736146,0.05192824,-25.26642977,1.33028573,0.05192824,-25.26642977,1.33028573,0.05270179,-25.22629098,1.27573852,-0.00010209,-0.01220940,0.00631248,-0.00041632,-0.00196617,0.00128037
8.830,0.68979338,0.54636086,2.77963201,0.16076732,-0.05571145,0.09868885,0.00762833,-0.00264348,0.00468274,0.68990240,0.55858882,2.77330846,0.16118602,-0.05374968,0.09741080,0.05154153,-25.27304128,1.33318415,0.05154153,-25.27304128,1.33318415,0.05231514,-25.23289468,1.27860976,-0.00010902,-0.01222796,0.00632355,-0.00041870,-0.00196177,0.00127805
8.840,0.69140143,0.54580361,2.78061913,0.16084329,-0.05573777,0.09873548,0.00756492,-0.00262151,0.00464381,0.69151739,0.55805009,2.77428452,0.16126435,-0.05378044,0.09745975,0.05115384,-25.27965021,1.33608201,0.05115384,-25.27965021,1.33608201,0.05192824,-25.23949342,1.28148242,-0.00011596,-0.01224648,0.00633461,-0.00042106,-0.00195733,0.00127573
8.850,0.69301024,0.54524610,2.78160672,0.16091862,-0.05576388,0.09878173,0.00750146,-0.00259952,0.00460486,0.69313315,0.55751106,2.77526106,0.16134205,-0.05381098,0.09750833,0.05076588,-25.28625566,1.33898144,0.05076588,-25.28625566,1.33898144,0.05154153,-25.24608996,1.28435713,-0.00012291,-0.01226496,0.00634566,-0.00042343,-0.00195290,0.00127340
8.860,0.69461980,0.54468833,2.78259476,0.16099332,-0.05578976,0.09882758,0.00743796,-0.00257751,0.00456588,0.69474965,0.55697174,2.77623808,0.16141911,-0.05384133,0.09755652,0.05037759,-25.29285732,1.34187982,0.05037759,-25.29285732,1.34187982,0.05115384,-25.25268403,1.28723146,-0.00012985,-0.01228341,0.00635668,-0.00042579,-0.00194843,0.00127106
8.870,0.69623010,0.54413031,2.78358327,0.16106738,-0.05581543,0.09887304,0.00737441,-0.00255549,0.00452687,0.69636690,0.55643212,2.77721555,0.16149553,-0.05387147,0.09760433,0.04998868,-25.29945428,1.34478080,0.04998868,-25.29945428,1.34478080,0.05076588,-25.25927471,1.29010756,-0.00013680,-0.01230181,0.00636772,-0.00042815,-0.00194396,0.00126871
8.880,0.69784114,0.54357202,2.78457222,0.16114080,-0.05584087,0.09891812,0.00731081,-0.00253345,0.00448783,0.69798488,0.55589221,2.77819349,0.16157131,-0.05390141,0.09765176,0.04959947,-25.30605026,1.34768061,0.04959947,-25.30605026,1.34768061,0.05037759,-25.26586171,1.29298280,-0.00014374,-0.01232019,0.00637873,-0.00043051,-0.00193946,0.00126636
8.890,0.69945292,0.54301349,2.78556163,0.16121359,-0.05586610,0.09896280,0.00724718,-0.00251140,0.00444876,0.69960360,0.55535200,2.77917189,0.16164645,-0.05393114,0.09769880,0.04921041,-25.31264037,1.35058258,0.04921041,-25.31264037,1.35058258,0.04998868,-25.27244411,1.29586083,-0.00015068,-0.01233851,0.00638974,-0.00043286,-0.00193496,0.00126400
8.900,0.70106541,0.54245470,2.78655148,0.16128575,-0.05589110,0.09900709,0.00718349,-0.00248933,0.00440967,0.70122305,0.55481151,2.78015075,0.16172095,-0.05396067,0.09774547,0.04882033,-25.31922830,1.35348442,0.04882033,-25.31922830,1.35348442,0.04959947,-25.27902563,1.29873789,-0.00015764,-0.01235681,0.00640073,-0.00043520,-0.00193043,0.00126162
8.910,0.70267863,0.54189567,2.78754177,0.16135726,-0.05591588,0.09905099,0.00711977,-0.00246725,0.00437055,0.70284321,0.55427073,2.78113005,0.16179481,-0.05399000,0.09779175,0.04843031,-25.32581082,1.35638667,0.04843031,-25.32581082,1.35638667,0.04921041,-25.28560138,1.30161729,-0.00016458,-0.01237506,0.00641172,-0.00043755,-0.00192588,0.00125924
8.920,0.70429256,0.54133639,2.78853250,0.16142814,-0.05594045,0.09909450,0.00705600,-0.00244515,0.00433140,0.70446409,0.55372967,2.78210981,0.16186803,-0.05401912,0.09783764,0.04803992,-25.33239067,1.35928991,0.04803992,-25.33239067,1.35928991,0.04882033,-25.29217506,1.30449675,-0.00017153,-0.01239328,0.00642269,-0.00043989,-0.00192133,0.00125686
8.930,0.70590719,0.54077686,2.78952366,0.16149838,-0.05596479,0.09913762,0.00699218,-0.00242303,0.00429223,0.70608567,0.55318832,2.78309000,0.16194061,-0.05404803,0.09788316,0.04764886,-25.33896758,1.36219323,0.04764886,-25.33896758,1.36219323,0.04843031,-25.29874343,1.30737682,-0.00017848,-0.01241146,0.00643366,-0.00044223,-0.00191676,0.00125446
8.940,0.70752252,0.54021709,2.79051525,0.16156799,-0.05598891,0.09918035,0.00692833,-0.00240091,0.00425303,0.70770795,0.55264669,2.78407064,0.16201255,-0.05407675,0.09792829,0.04725759,-25.34554031,1.36509719,0.04725759,-25.34554031,1.36509719,0.04803992,-25.30530923,1.31025807,-0.00018543,-0.01242960,0.00644461,-0.00044456,-0.00191216,0.00125206
8.950,0.70913855,0.53965708,2.79150726,0.16163695,-0.05601280,0.09922268,0.00686443,-0.00237876,0.00421381,0.70933093,0.55210478,2.78505171,0.16208385,-0.05410525,0.09797304,0.04686619,-25.35210891,1.36800078,0.04686619,-25.35210891,1.36800078,0.04764886,-25.31187220,1.31313959,-0.00019238,-0.01244770,0.00645555,-0.00044690,-0.00190755,0.00124964
8.960,0.71075526,0.53909684,2.79249970,0.16170527,-0.05603648,0.09926462,0.00680049,-0.00235661,0.00417456,0.71095460,0.55156260,2.78603322,0.16215450,-0.05413355,0.09801740,0.04647410,-25.35867247,1.37090616,0.04647410,-25.35867247,1.37090616,0.04725759,-25.31843108,1.31602194,-0.00019934,-0.01246576,0.00646648,-0.00044923,-0.00190293,0.00124722
8.970,0.71237265,0.53853635,2.79349255,0.16177296,-0.05605994,0.09930617,0.00673651,-0.00233444,0.00413529,0.71257894,0.55102014,2.78701515,0.16222451,-0.05416165,0.09806138,0.04608178,-25.36523509,1.37381098,0.04608178,-25.36523509,1.37381098,0.04686619,-25.32498594,1.31890412,-0.00020629,-0.01248379,0.00647740,-0.00045155,-0.00189829,0.00124479
8.980,0.71399072,0.53797564,2.79448582,0.16184000,-0.05608317,0.09934733,0.00667249,-0.00231225,0.00409599,0.71420396,0.55047741,2.78799751,0.16229388,-0.05418954,0.09810497,0.04568931,-25.37179082,1.37671728,0.04568931,-25.37179082,1.37671728,0.04647410,-25.33153587,1.32178829,-0.00021324,-0.01250177,0.00648831,-0.00045388,-0.00189363,0.00124236
8.990,0.71560945,0.53741469,2.79547950,0.16190641,-0.05610618,0.09938809,0.00660843,-0.00229005,0.00405666,0.71582965,0.54993440,2.78898029,0.16236260,-0.05421722,0.09814817,0.04529626,-25.37834442,1.37962406,0.04529626,-25.37834442,1.37962406,0.04608178,-25.33808495,1.32467208,-0.00022020,-0.01251971,0.00649921,-0.00045619,-0.00188896,0.00123992
9.000,0.71722884,0.53685351,2.79647358,0.16197217,-0.05612897,0.09942846,0.00654433,-0.00226784,0.00401731,0.71745600,0.54939113,2.78996348,0.16243068,-0.05424470,0.09819099,0.04490272,-25.38489431,1.38253050,0.04490272,-25.38489431,1.38253050,0.04568931,-25.34462726,1.32755756,-0.00022716,-0.01253762,0.00651010,-0.00045851,-0.00188427,0.00123747
9.010,0.71884889,0.53629211,2.79746807,0.16203729,-0.05615154,0.09946844,0.00648019,-0.00224561,0.00397794,0.71908300,0.54884759,2.79094709,0.16249811,-0.05427197,0.09823343,0.04450913,-25.39143887,1.38543864,0.04450913,-25.39143887,1.38543864,0.04529626,-25.35116753,1.33044370,-0.00023411,-0.01255548,0.00652098,-0.00046082,-0.00187957,0.00123501
9.020,0.72046959,0.53573048,2.79846295,0.16210178,-0.05617388,0.09950802,0.00641601,-0.00222337,0.00393854,0.72071065,0.54830379,2.79193110,0.16256490,-0.05429903,0.09827547,0.04411545,-25.39798016,1.38834597,0.04411545,-25.39798016,1.38834597,0.04490272,-25.35770419,1.33332969,-0.00024106,-0.01257331,0.00653185,-0.00046312,-0.00187485,0.00123255
9.030,0.72209092,0.53516864,2.79945823,0.16216562,-0.05619601,0.09954721,0.00635179,-0.00220112,0.00389912,0.72233895,0.54775973,2.79291553,0.16263104,-0.05432589,0.09831714,0.04372076,-25.40451530,1.39125465,0.04372076,-25.40451530,1.39125465,0.04450913,-25.36423564,1.33621757,-0.00024803,-0.01259109,0.00654270,-0.00046542,-0.00187012,0.00123007
9.040,0.72371290,0.53460657,2.80045389,0.16222881,-0.05621791,0.09958600,0.00628753,-0.00217885,0.00385967,0.72396788,0.54721540,2.79390035,0.16269654,-0.05435254,0.09835841,0.04332639,-25.41104798,1.39416217,0.04332639,-25.41104798,1.39416217,0.04411545,-25.37076392,1.33910485,-0.00025498,-0.01260883,0.00655354,-0.00046773,-0.00186537,0.00122759
9.050,0.72533550,0.53404428,2.80144994,0.16229137,-0.05623958,0.09962440,0.00622324,-0.00215657,0.00382020,0.72559744,0.54667082,2.79488557,0.16276139,-0.05437899,0.09839931,0.04293141,-25.41757666,1.39707070,0.04293141,-25.41757666,1.39707070,0.04372076,-25.37728614,1.34199366,-0.00026194,-0.01262654,0.00656437,-0.00047002,-0.00186059,0.00122509
9.060,0.72695872,0.53348177,2.80244638,0.16235328,-0.05626104,0.09966241,0.00615890,-0.00213427,0.00378071,0.72722762,0.54612598,2.79587118,0.16282559,-0.05440522,0.09843981,0.04253591,-25.42410245,1.39998086,0.04253591,-25.42410245,1.39998086,0.04332639,-25.38380602,1.34488151,-0.00026890,-0.01264421,0.00657520,-0.00047231,-0.00185582,0.00122260
9.070,0.72858256,0.53291906,2.80344319,0.16241454,-0.05628227,0.09970002,0.00609453,-0.00211197,0.00374120,0.72885842,0.54558089,2.79685718,0.16288915,-0.05443125,0.09847992,0.04214022,-25.43062107,1.40289016,0.04214022,-25.43062107,1.40289016,0.04293141,-25.39032199,1.34777056,-0.00027586,-0.01266183,0.00658601,-0.00047461,-0.00185102,0.00122010
9.080,0.73020701,0.53235613,2.80444038,0.16247517,-0.05630328,0.09973723,0.00603013,-0.00208965,0.00370166,0.73048983,0.54503554,2.79784357,0.16295206,-0.05445707,0.09851965,0.04174440,-25.43713723,1.40580061,0.04174440,-25.43713723,1.40580061,0.04253591,-25.39683518,1.35066144,-0.00028282,-0.01267941,0.00659681,-0.00047689,-0.00184621,0.00121758
9.090,0.73183206,0.53179299,2.80543793,0.16253515,-0.05632406,0.09977405,0.00596568,-0.00206732,0.00366210,0.73212184,0.54448995,2.79883034,0.16301432,-0.05448269,0.09855900,0.04134805,-25.44364904,1.40870993,0.04134805,-25.44364904,1.40870993,0.04214022,-25.40334131,1.35355165,-0.00028978,-0.01269696,0.00660759,-0.00047917,-0.00184137,0.00121505
9.100,0.73345771,0.53122965,2.80643586,0.16259448,-0.05634462,0.09981047,0.00590120,-0.00204497,0.00362252,0.73375445,0.54394410,2.79981749,0.16307593,-0.05450809,0.09859795,0.04095149,-25.45015523,1.41162157,0.04095149,-25.45015523,1.41162157,0.04174440,-25.40984508,1.35644321,-0.00029674,-0.01271445,0.00661837,-0.00048145,-0.00183653,0.00121252
9.110,0.73508395,0.53066610,2.80743414,0.16265317,-0.05636496,0.09984650,0.00583669,-0.00202261,0.00358292,0.73538764,0.54339801,2.80080501,0.16313689,-0.05453329,0.09863652,0.04055468,-25.45665823,1.41453175,0.04055468,-25.45665823,1.41453175,0.04134805,-25.41634460,1.35933382,-0.00030369,-0.01273191,0.00662913,-0.00048372,-0.00183167,0.00120998
9.120,0.73671077,0.53010235,2.80843279,0.16271121,-0.05638507,0.09988213,0.00577213,-0.00200024,0.00354329,0.73702142,0.54285168,2.80179291,0.16319721,-0.05455828,0.09867470,0.04015733,-25.46315611,1.41744392,0.04015733,-25.46315611,1.41744392,0.04095149,-25.42283861,1.36222695,-0.00031065,-0.01274933,0.00663988,-0.00048600,-0.00182679,0.00120743
9.130,0.73833817,0.52953840,2.80943178,0.16276861,-0.05640496,0.09991737,0.00570755,-0.00197786,0.00350364,0.73865578,0.54230511,2.80278116,0.16325687,-0.05458306,0.09871249,0.03975987,-25.46964963,1.42035429,0.03975987,-25.46964963,1.42035429,0.04055468,-25.42932953,1.36511882,-0.00031761,-0.01276671,0.00665062,-0.00048826,-0.00182190,0.00120488
9.140,0.73996614,0.52897425,2.81043113,0.16282536,-0.05642463,0.09995220,0.00564293,-0.00195547,0.00346398,0.74029071,0.54175829,2.80376979,0.16331589,-0.05460763,0.09874989,0.03936203,-25.47613919,1.42326620,0.03936203,-25.47613919,1.42326620,0.04015733,-25.43581544,1.36801287,-0.00032457,-0.01278404,0.00666134,-0.00049053,-0.00181700,0.00120231
9.150,0.74159468,0.52840991,2.81143083,0.16288147,-0.05644407,0.09998665,0.00557827,-0.00193306,0.00342429,0.74192621,0.54121124,2.80475876,0.16337425,-0.05463199,0.09878690,0.03896426,-25.48262289,1.42617910,0.03896426,-25.48262289,1.42617910,0.03975987,-25.44229709,1.37090532,-0.00033153,-0.01280133,0.00667207,-0.00049278,-0.00181208,0.00119975
9.160,0.74322377,0.52784537,2.81243086,0.16293693,-0.05646329,0.10002069,0.00551358,-0.00191065,0.00338458,0.74356226,0.54066396,2.80574810,0.16343197,-0.05465614,0.09882353,0.03856576,-25.48910348,1.42909024,0.03856576,-25.48910348,1.42909024,0.03936203,-25.44877489,1.37379950,-0.00033849,-0.01281859,0.00668276,-0.00049504,-0.00180715,0.00119716
9.170,0.74485341,0.52728064,2.81343124,0.16299174,-0.05648229,0.10005434,0.00544886,-0.00188822,0.00334485,0.74519886,0.54011644,2.80673778,0.16348903,-0.05468008,0.09885976,0.03816686,-25.49557936,1.43200338,0.03816686,-25.49557936,1.43200338,0.03896426,-25.45524693,1.37669486,-0.00034545,-0.01283580,0.00669346,-0.00049729,-0.00180221,0.00119458
9.180,0.74648360,0.52671573,2.81443195,0.16304591,-0.05650106,0.10008759,0.00538411,-0.00186578,0.00330510,0.74683601,0.53956869,2.80772781,0.16354544,-0.05470382,0.09889561,0.03776802,-25.50204863,1.43491606,0.03776802,-25.50204863,1.43491606,0.03856576,-25.46171597,1.37958867,-0.00035241,-0.01285296,0.00670414,-0.00049953,-0.00179724,0.00119198
9.190,0.74811433,0.52615062,2.81543299,0.16309942,-0.05651960,0.10012044,0.00531932,-0.00184333,0.00326533,0.74847369,0.53902071,2.80871819,0.16360120,-0.05472734,0.09893107,0.03736882,-25.50851567,1.43782882,0.03736882,-25.50851567,1.43782882,0.03816686,-25.46818041,1.38248466,-0.00035936,-0.01287009,0.00671480,-0.00050178,-0.00179226,0.00118937
9.200,0.74974559,0.52558534,2.81643436,0.16315229,-0.05653792,0.10015289,0.00525450,-0.00182087,0.00322554,0.75011191,0.53847250,2.80970890,0.16365631,-0.05475065,0.09896613,0.03696934,-25.51497527,1.44074226,0.03696934,-25.51497527,1.44074226,0.03776802,-25.47463833,1.38538039,-0.00036632,-0.01288716,0.00672546,-0.00050402,-0.00178727,0.00118676
9.210,0.75137737,0.52501987,2.81743605,0.16320451,-0.05655602,0.10018495,0.00518965,-0.00179839,0.00318573,0.75175065,0.53792407,2.81069995,0.16371077,-0.05477376,0.09900081,0.03656928,-25.52143184,1.44365556,0.03656928,-25.52143184,1.44365556,0.03736882,-25.48109413,1.38827640,-0.00037328,-0.01290420,0.00673610,-0.00050626,-0.00178226,0.00118414
9.220,0.75300968,0.52445422,2.81843805,0.16325609,-0.05657389,0.10021661,0.00512477,-0.00177591,0.00314590,0.75338991,0.53737542,2.81169133,0.16376457,-0.05479665,0.09903510,0.03616960,-25.52788346,1.44656770,0.03616960,-25.52788346,1.44656770,0.03696934,-25.48754261,1.39117328,-0.00038023,-0.01292120,0.00674672,-0.00050848,-0.00177724,0.00118151
9.230,0.75464249,0.52388839,2.81944038,0.16330701,-0.05659154,0.10024787,0.00505986,-0.00175342,0.00310605,0.75502968,0.53682655,2.81268304,0.16381772,-0.05481933,0.09906900,0.03576888,-25.53433090,1.44948228,0.03576888,-25.53433090,1.44948228,0.03656928,-25.49398815,1.39407021,-0.00038719,-0.01293816,0.00675734,-0.00051071,-0.00177221,0.00117887
9.240,0.75627581,0.52332239,2.82044301,0.16335728,-0.05660896,0.10027873,0.00499491,-0.00173091,0.00306618,0.75666996,0.53627745,2.81367507,0.16387022,-0.05484180,0.09910250,0.03536809,-25.54077224,1.45239543,0.03536809,-25.54077224,1.45239543,0.03616960,-25.50042885,1.39696620,-0.00039415,-0.01295506,0.00676794,-0.00051294,-0.00176716,0.00117623
9.250,0.75790964,0.52275621,2.82144595,0.16340691,-0.05662616,0.10030919,0.00492994,-0.00170839,0.00302630,0.75831073,0.53572815,2.81466742,0.16392207,-0.05486406,0.09913561,0.03496766,-25.54721023,1.45530918,0.03496766,-25.54721023,1.45530918,0.03576888,-25.50686548,1.39986480,-0.00040109,-0.01297194,0.00677853,-0.00051516,-0.00176210,0.00117358
9.260,0.75954395,0.52218986,2.82244919,0.16345588,-0.05664313,0.10033925,0.00486493,-0.00168587,0.00298640,0.75995200,0.53517862,2.81566008,0.16397326,-0.05488611,0.09916833,0.03456620,-25.55364295,1.45822266,0.03456620,-25.55364295,1.45822266,0.03536809,-25.51329612,1.40276218,-0.00040805,-0.01298876,0.00678911,-0.00051738,-0.00175702,0.00117092
9.270,0.76117875,0.52162335,2.82345273,0.16350421,-0.05665987,0.10036892,0.00479990,-0.00166333,0.00294647,0.76159376,0.53462889,2.81665306,0.16402379,-0.05490794,0.09920066,0.03416476,-25.56006879,1.46113653,0.03416476,-25.56006879,1.46113653,0.03496766,-25.51972350,1.40566036,-0.00041501,-0.01300554,0.00679967,-0.00051958,-0.00175193,0.00116826
9.280,0.76281403,0.52105667,2.82445657,0.16355188,-0.05667639,0.10039818,0.00473484,-0.00164079,0.00290654,0.76323599,0.53407894,2.81764634,0.16407368,-0.05492957,0.09923260,0.03376295,-25.56649054,1.46405122,0.03376295,-25.56649054,1.46405122,0.03456620,-25.52614573,1.40855845,-0.00042196,-0.01302227,0.00681023,-0.00052180,-0.00174682,0.00116558
9.290,0.76444979,0.52048982,2.82546070,0.16359890,-0.05669269,0.10042705,0.00466975,-0.00161823,0.00286658,0.76487870,0.53352879,2.81863993,0.16412290,-0.05495098,0.09926414,0.03336121,-25.57290862,1.46696601,0.03336121,-25.57290862,1.46696601,0.03416476,-25.53256118,1.41145715,-0.00042891,-0.01303897,0.00682077,-0.00052400,-0.00174171,0.00116291
9.300,0.76608601,0.51992281,2.82646511,0.16364527,-0.05670876,0.10045552,0.00460463,-0.00159566,0.00282660,0.76652187,0.53297843,2.81963382,0.16417148,-0.05497218,0.09929529,0.03295888,-25.57932111,1.46987986,0.03295888,-25.57932111,1.46987986,0.03376295,-25.53897264,1.41435685,-0.00043586,-0.01305562,0.00683129,-0.00052621,-0.00173658,0.00116023
9.310,0.76772269,0.51935565,2.82746981,0.16369100,-0.05672460,0.10048358,0.00453948,-0.00157309,0.00278661,0.76816550,0.53242787,2.82062800,0.16421939,-0.05499317,0.09932605,0.03255640,-25.58572639,1.47279473,0.03255640,-25.58572639,1.47279473,0.03336121,-25.54538055,1.41725684,-0.00044281,-0.01307222,0.00684181,-0.00052839,-0.00173143,0.00115753
9.320,0.76935983,0.51878832,2.82847478,0.16373606,-0.05674022,0.10051125,0.00447431,-0.00155050,0.00274661,0.76980958,0.53187711,2.82162248,0.16426666,-0.05501395,0.09935642,0.03215375,-25.59212923,1.47570843,0.03215375,-25.59212923,1.47570843,0.03295888,-25.55178297,1.42015610,-0.00044975,-0.01308879,0.00685230,-0.00053060,-0.00172627,0.00115483
9.330,0.77099741,0.51822084,2.82948003,0.16378048,-0.05675561,0.10053851,0.00440911,-0.00152791,0.00270658,0.77145411,0.53132615,2.82261724,0.16431326,-0.05503452,0.09938640,0.03175062,-25.59852572,1.47862283,0.03175062,-25.59852572,1.47862283,0.03255640,-25.55817828,1.42305657,-0.00045670,-0.01310531,0.00686279,-0.00053278,-0.00172109,0.00115211
9.340,0.77263543,0.51765321,2.83048555,0.16382425,-0.05677078,0.10056538,0.00434388,-0.00150531,0.00266654,0.77309908,0.53077499,2.82361229,0.16435921,-0.05505487,0.09941598,0.03134723,-25.60491662,1.48153724,0.03134723,-25.60491662,1.48153724,0.03215375,-25.56457126,1.42595606,-0.00046365,-0.01312178,0.00687326,-0.00053496,-0.00171591,0.00114940
9.350,0.77427389,0.51708543,2.83149134,0.16386736,-0.05678572,0.10059184,0.00427863,-0.00148269,0.00262648,0.77474449,0.53022363,2.82460761,0.16440451,-0.05507501,0.09944517,0.03094378,-25.61130201,1.48445205,0.03094378,-25.61130201,1.48445205,0.03175062,-25.57095800,1.42885646,-0.00047060,-0.01313820,0.00688373,-0.00053715,-0.00171071,0.00114667
9.360,0.77591278,0.51651750,2.83249738,0.16390982,-0.05680043,0.10061791,0.00421335,-0.00146007,0.00258641,0.77639032,0.52967209,2.82560322,0.16444914,-0.05509494,0.09947397,0.03054022,-25.61768231,1.48736506,0.03054022,-25.61768231,1.48736506,0.03134723,-25.57733926,1.43175706,-0.00047754,-0.01315459,0.00689416,-0.00053932,-0.00170549,0.00114394
9.370,0.77755209,0.51594942,2.83350369,0.16395163,-0.05681492,0.10064357,0.00414804,-0.00143744,0.00254632,0.77803657,0.52912035,2.82659909,0.16449312,-0.05511465,0.09950237,0.03013640,-25.62405830,1.49027963,0.03013640,-25.62405830,1.49027963,0.03094378,-25.58371511,1.43465826,-0.00048448,-0.01317093,0.00690460,-0.00054149,-0.00170027,0.00114120
9.380,0.77919181,0.51538120,2.83451025,0.16399278,-0.05682918,0.10066884,0.00408271,-0.00141480,0.00250622,0.77968323,0.52856842,2.82759524,0.16453644,-0.05513415,0.09953038,0.02973201,-25.63042807,1.49319362,0.02973201,-25.63042807,1.49319362,0.03054022,-25.59008598,1.43755786,-0.00049142,-0.01318722,0.00691501,-0.00054366,-0.00169503,0.00113846
9.390,0.78083194,0.51481284,2.83551707,0.16403328,-0.05684322,0.10069370,0.00401736,-0.00139215,0.00246610,0.78133030,0.52801631,2.82859165,0.16457911,-0.05515344,0.09955800,0.02932752,-25.63679238,1.49610891,0.02932752,-25.63679238,1.49610891,0.03013640,-25.59645265,1.44045921,-0.00049836,-0.01320347,0.00692542,-0.00054583,-0.00168978,0.00113570
9.400,0.78247247,0.51424434,2.83652413,0.16407313,-0.05685702,0.10071816,0.00395198,-0.00136950,0.00242597,0.78297778,0.52746401,2.82958831,0.16462112,-0.05517252,0.09958521,0.02892275,-25.64315095,1.49902318,0.02892275,-25.64315095,1.49902318,0.02973201,-25.60281320,1.44336019,-0.00050531,-0.01321967,0.00693582,-0.00054799,-0.00168450,0.00113295
9.410,0.78411340,0.51367570,2.83753143,0.16411232,-0.05687061,0.10074222,0.00388658,-0.00134683,0.00238582,0.78462564,0.52691153,2.83058524,0.16466247,-0.05519138,0.09961204,0.02851792,-25.64950524,1.50193699,0.02851792,-25.64950524,1.50193699,0.02932752,-25.60916840,1.44626265,-0.00051224,-0.01323583,0.00694619,-0.00055015,-0.00167923,0.00113018
9.420,0.78575472,0.51310692,2.83853897,0.16415086,-0.05688396,0.10076587,0.00382115,-0.00132416,0.00234566,0.78627389,0.52635887,2.83158242,0.16470316,-0.05521003,0.09963847,0.02811298,-25.65585462,1.50485081,0.02811298,-25.65585462,1.50485081,0.02892275,-25.61551797,1.44916430,-0.00051917,-0.01325195,0.00695655,-0.00055230,-0.00167393,0.00112740
9.430,0.78739642,0.51253802,2.83954675,0.16418874,-0.05689709,0.10078913,0.00375571,-0.00130148,0.00230548,0.78792253,0.52580604,2.83257984,0.16474319,-0.05522846,0.09966451,0.02770764,-25.66219623,1.50776546,0.02770764,-25.66219623,1.50776546,0.02851792,-25.62186336,1.45206568,-0.00052611,-0.01326802,0.00696691,-0.00055445,-0.00166863,0.00112462
9.440,0.78903849,0.51196898,2.84055475,0.16422597,-0.05690999,0.10081198,0.00369023,-0.00127879,0.00226529,0.78957153,0.52525302,2.83357751,0.16478257,-0.05524668,0.09969015,0.02730185,-25.66853409,1.51067833,0.02730185,-25.66853409,1.51067833,0.02811298,-25.62820396,1.45496727,-0.00053304,-0.01328404,0.00697724,-0.00055660,-0.00166331,0.00112183
9.450,0.79068093,0.51139982,2.84156298,0.16426255,-0.05692266,0.10083444,0.00362474,-0.00125610,0.00222509,0.79122091,0.52469983,2.83457543,0.16482128,-0.05526468,0.09971540,0.02689596,-25.67486466,1.51359168,0.02689596,-25.67486466,1.51359168,0.02770764,-25.63453687,1.45786989,-0.00053998,-0.01330001,0.00698755,-0.00055873,-0.00165798,0.00111904
9.460,0.79232374,0.51083053,2.84257144,0.16429847,-0.05693511,0.10085648,0.00355923,-0.00123340,0.00218487,0.79287064,0.52414648,2.83557357,0.16485934,-0.05528248,0.09974026,0.02649016,-25.68119071,1.51650584,0.02649016,-25.68119071,1.51650584,0.02730185,-25.64086617,1.46077092,-0.00054690,-0.01331595,0.00699787,-0.00056087,-0.00165263,0.00111622
9.470,0.79396690,0.51026112,2.84358011,0.16433373,-0.05694733,0.10087813,0.00349369,-0.00121068,0.00214464,0.79452073,0.52359295,2.83657196,0.16489674,-0.05530005,0.09976472,0.02608379,-25.68751032,1.51941873,0.02608379,-25.68751032,1.51941873,0.02689596,-25.64718827,1.46367263,-0.00055383,-0.01333183,0.00700815,-0.00056301,-0.00164728,0.00111341
9.480,0.79561041,0.50969159,2.84458900,0.16436834,-0.05695933,0.10089938,0.00342813,-0.00118797,0.00210440,0.79617117,0.52303925,2.83757057,0.16493348,-0.05531742,0.09978878,0.02567731,-25.69382427,1.52233229,0.02567731,-25.69382427,1.52233229,0.02649016,-25.65350596,1.46657535,-0.00056076,-0.01334766,0.00701843,-0.00056514,-0.00164191,0.00111060
9.490,0.79725426,0.50912193,2.84559810,0.16440229,-0.05697109,0.10092022,0.00336255,-0.00116524,0.00206414,0.79782195,0.52248539,2.83856940,0.16496956,-0.05533456,0.09981245,0.02527043,-25.70013427,1.52524556,0.02527043,-25.70013427,1.52524556,0.02608379,-25.65981732,1.46947700,-0.00056769,-0.01336346,0.00702870,-0.00056727,-0.00163653,0.00110777
9.500,0.79889845,0.50855216,2.84660740,0.16443559,-0.05698263,0.10094066,0.00329695,-0.00114251,0.00202387,0.79947306,0.52193137,2.83956845,0.16500498,-0.05535150,0.09983572,0.02486360,-25.70643747,1.52815770,0.02486360,-25.70643747,1.52815770,0.02567731,-25.66612312,1.47237953,-0.00057461,-0.01337921,0.00703895,-0.00056939,-0.00163113,0.00110494
9.510,0.80054297,0.50798228,2.84761691,0.16446823,-0.05699394,0.10096070,0.00323134,-0.00111977,0.00198359,0.80112450,0.52137719,2.84056773,0.16503973,-0.05536821,0.09985860,0.02445654,-25.71273390,1.53107078,0.02445654,-25.71273390,1.53107078,0.02527043,-25.67242509,1.47528194,-0.00058153,-0.01339491,0.00704918,-0.00057150,-0.00162573,0.00110210
9.520,0.80218782,0.50741229,2.84862662,0.16450022,-0.05700503,0.10098033,0.00316570,-0.00109702,0.00194330,0.80277626,0.52082284,2.84156721,0.16507383,-0.05538472,0.09988108,0.02404969,-25.71902435,1.53398383,0.02404969,-25.71902435,1.53398383,0.02486360,-25.67872036,1.47818343,-0.00058844,-0.01341055,0.00705941,-0.00057361,-0.00162031,0.00109925
9.530,0.80383298,0.50684218,2.84963652,0.16453155,-0.05701588,0.10099956,0.00310004,-0.00107427,0.00190300,0.80442834,0.52026835,2.84256691,0.16510727,-0.05540101,0.09990316,0.02364227,-25.72531055,1.53689604,0.02364227,-25.72531055,1.53689604,0.02445654,-25.68500897,1.48108607,-0.00059536,-0.01342617,0.00706961,-0.00057572,-0.00161487,0.00109640
9.540,0.80547845,0.50627197,2.85064661,0.16456222,-0.05702651,0.10101839,0.00303437,-0.00105151,0.00186268,0.80608072,0.51971369,2.84356681,0.16514005,-0.05541708,0.09992486,0.02323462,-25.73158961,1.53980795,0.02323462,-25.73158961,1.53980795,0.02404969,-25.69129170,1.48398887,-0.00060227,-0.01344172,0.00707980,-0.00057783,-0.00160943,0.00109353
9.550,0.80712422,0.50570165,2.85165688,0.16459223,-0.05703691,0.10103682,0.00296867,-0.00102875,0.00182235,0.80773341,0.51915889,2.84456691,0.16517216,-0.05543294,0.09994615,0.02282656,-25.73786361,1.54271867,0.02282656,-25.73786361,1.54271867,0.02364227,-25.69757029,1.48689101,-0.00060919,-0.01345724,0.00708997,-0.00057993,-0.00160397,0.00109067
9.560,0.80877029,0.50513123,2.85266734,0.16462159,-0.05704709,0.10105484,0.00290296,-0.00100598,0.00178202,0.80938639,0.51860393,2.84556720,0.16520362,-0.05544858,0.09996706,0.02241855,-25.74413133,1.54563019,0.02241855,-25.74413133,1.54563019,0.02323462,-25.70384186,1.48979307,-0.00061610,-0.01347270,0.00710014,-0.00058203,-0.00159851,0.00108778
9.570,0.81041665,0.50456071,2.85367798,0.16465029,-0.05705703,0.10107246,0.00283723,-0.00098320,0.00174167,0.81103965,0.51804883,2.84656769,0.16523441,-0.05546400,0.09998756,0.02201030,-25.75039250,1.54854176,0.02201030,-25.75039250,1.54854176,0.02282656,-25.71010847,1.49269413,-0.00062300,-0.01348812,0.00711029,-0.00058412,-0.00159303,0.00108490
9.580,0.81206329,0.50399009,2.85468879,0.16467834,-0.05706675,0.10108967,0.00277148,-0.00096042,0.00170131,0.81269320,0.51749358,2.84756837,0.16526454,-0.05547921,0.10000767,0.02160176,-25.75664825,1.55145236,0.02160176,-25.75664825,1.55145236,0.02241855,-25.71636891,1.49559620,-0.00062991,-0.01350349,0.00712042,-0.00058620,-0.00158754,0.00108200
9.590,0.81371021,0.50341938,2.85569977,0.16470572,-0.05707624,0.10110648,0.00270572,-0.00093763,0.00166094,0.81434703,0.51693819,2.84856924,0.16529402,-0.05549421,0.10002738,0.02119304,-25.76289663,1.55436266,0.02119304,-25.76289663,1.55436266,0.02201030,-25.72262291,1.49849851,-0.00063682,-0.01351881,0.00713053,-0.00058830,-0.00158203,0.00107910
9.600,0.81535740,0.50284857,2.85671092,0.16473245,-0.05708550,0.10112289,0.00263994,-0.00091483,0.00162056,0.81600112,0.51638266,2.84957029,0.16532283,-0.05550899,0.10004669,0.02078420,-25.76914009,1.55727327,0.02078420,-25.76914009,1.55727327,0.02160176,-25.72887159,1.50140005,-0.00064372,-0.01353409,0.00714063,-0.00059038,-0.00157651,0.00107620
9.610,0.81700486,0.50227767,2.85772223,0.16475852,-0.05709454,0.10113889,0.00257415,-0.00089203,0.00158017,0.81765547,0.51582698,2.85057151,0.16535097,-0.05552355,0.10006561,0.02037545,-25.77537742,1.56018319,0.02037545,-25.77537742,1.56018319,0.02119304,-25.73511302,1.50430149,-0.00065061,-0.01354931,0.00715072,-0.00059245,-0.00157099,0.00107328
9.620,0.81865257,0.50170668,2.85873369,0.16478393,-0.05710334,0.10115449,0.00250834,-0.00086923,0.00153977,0.81931008,0.51527117,2.85157291,0.16537846,-0.05553789,0.10008412,0.01996614,-25.78160833,1.56309160,0.01996614,-25.78160833,1.56309160,0.02078420,-25.74134963,1.50720343,-0.00065751,-0.01356449,0.00716078,-0.00059453,-0.00156545,0.00107037
9.630,0.82030054,0.50113560,2.85974531,0.16480869,-0.05711192,0.10116969,0.00244251,-0.00084642,0.00149936,0.82096494,0.51471523,2.85257447,0.16540528,-0.05555202,0.10010225,0.01955720,-25.78783395,1.56600060,0.01955720,-25.78783395,1.56600060,0.02037545,-25.74758022,1.51010489,-0.00066440,-0.01357963,0.00717084,-0.00059659,-0.00155990,0.00106744
9.640,0.82194874,0.50056444,2.86075709,0.16483278,-0.05712027,0.10118448,0.00237667,-0.00082360,0.00145895,0.82262004,0.51415915,2.85357620,0.16543144,-0.05556593,0.10011997,0.01914724,-25.79405237,1.56891072,0.01914724,-25.79405237,1.56891072,0.01996614,-25.75380450,1.51300504,-0.00067130,-0.01359471,0.00718089,-0.00059866,-0.00155434,0.00106451
9.650,0.82359719,0.49999320,2.86176900,0.16485622,-0.05712839,0.10119887,0.00231082,-0.00080078,0.00141852,0.82427537,0.51360295,2.85457810,0.16545694,-0.05557963,0.10013729,0.01873783,-25.80026400,1.57181817,0.01873783,-25.80026400,1.57181817,0.01955720,-25.76002359,1.51590597,-0.00067818,-0.01360975,0.00719090,-0.00060072,-0.00154876,0.00106158
9.660,0.82524587,0.49942187,2.86278106,0.16487900,-0.05713629,0.10121285,0.00224495,-0.00077795,0.00137809,0.82593094,0.51304661,2.85558015,0.16548178,-0.05559311,0.10015421,0.01832818,-25.80647160,1.57472637,0.01832818,-25.80647160,1.57472637,0.01914724,-25.76623560,1.51880823,-0.00068507,-0.01362474,0.00720091,-0.00060278,-0.00154318,0.00105864
9.670,0.82689477,0.49885047,2.86379326,0.16490112,-0.05714395,0.10122643,0.00217907,-0.00075512,0.00133765,0.82758672,0.51249015,2.85658235,0.16550595,-0.05560637,0.10017074,0.01791813,-25.81267092,1.57763457,0.01791813,-25.81267092,1.57763457,0.01873783,-25.77244092,1.52170801,-0.00069195,-0.01363968,0.00721091,-0.00060483,-0.00153758,0.00105569
9.680,0.82854389,0.49827899,2.86480559,0.16492258,-0.05715139,0.10123961,0.00211317,-0.00073229,0.00129720,0.82924272,0.51193356,2.85758470,0.16552946,-0.05561941,0.10018687,0.01750801,-25.81886507,1.58054184,0.01750801,-25.81886507,1.58054184,0.01832818,-25.77864233,1.52460874,-0.00069883,-0.01365457,0.00722089,-0.00060688,-0.00153198,0.00105274
9.690,0.83019322,0.49770744,2.86581805,0.16494338,-0.05715860,0.10125237,0.00204727,-0.00070945,0.00125674,0.83089893,0.51137686,2.85858720,0.16555231,-0.05563224,0.10020260,0.01709764,-25.82505211,1.58344855,0.01709764,-25.82505211,1.58344855,0.01791813,-25.78483556,1.52750967,-0.00070571,-0.01366942,0.00723085,-0.00060893,-0.00152636,0.00104977
9.700,0.83184275,0.49713582,2.86683064,0.16496353,-0.05716558,0.10126474,0.00198135,-0.00068660,0.00121627,0.83255534,0.51082003,2.85958984,0.16557449,-0.05564485,0.10021794,0.01668700,-25.83123247,1.58635560,0.01668700,-25.83123247,1.58635560,0.01750801,-25.79102373,1.53040987,-0.00071259,-0.01368421,0.00724080,-0.00061096,-0.00152073,0.00104680
9.710,0.83349249,0.49656413,2.86784334,0.16498301,-0.05717233,0.10127670,0.00191541,-0.00066376,0.00117580,0.83421195,0.51026309,2.86059262,0.16559601,-0.05565724,0.10023287,0.01627666,-25.83740657,1.58926039,0.01627666,-25.83740657,1.58926039,0.01709764,-25.79720490,1.53330971,-0.00071946,-0.01369896,0.00725072,-0.00061300,-0.00151509,0.00104383
9.720,0.83514241,0.49599238,2.86885617,0.16500184,-0.05717885,0.10128826,0.00184947,-0.00064091,0.00113532,0.83586874,0.50970603,2.86159553,0.16561687,-0.05566942,0.10024742,0.01586570,-25.84357283,1.59216659,0.01586570,-25.84357283,1.59216659,0.01668700,-25.80337949,1.53621008,-0.00072633,-0.01371365,0.00726064,-0.00061503,-0.00150943,0.00104084
9.730,0.83679252,0.49542056,2.86986911,0.16502000,-0.05718515,0.10129941,0.00178352,-0.00061805,0.00109483,0.83752572,0.50914885,2.86259857,0.16563706,-0.05568138,0.10026156,0.01545472,-25.84973406,1.59507174,0.01545472,-25.84973406,1.59507174,0.01627666,-25.80954794,1.53910840,-0.00073320,-0.01372829,0.00727054,-0.00061706,-0.00150377,0.00103785
9.740,0.83844281,0.49484868,2.87088215,0.16503751,-0.05719122,0.10131015,0.00171755,-0.00059519,0.00105434,0.83918287,0.50859157,2.86360173,0.16565659,-0.05569312,0.10027530,0.01504379,-25.85588835,1.59797492,0.01504379,-25.85588835,1.59797492,0.01586570,-25.81570866,1.54200832,-0.00074006,-0.01374289,0.00728042,-0.00061908,-0.00149810,0.00103485
9.750,0.84009327,0.49427673,2.87189531,0.16505435,-0.05719705,0.10132049,0.00165158,-0.00057233,0.00101384,0.84084019,0.50803418,2.86460502,0.16567546,-0.05570464,0.10028865,0.01463251,-25.86203776,1.60087981,0.01463251,-25.86203776,1.60087981,0.01545472,-25.82186446,1.54490739,-0.00074692,-0.01375745,0.00729029,-0.00062111,-0.00149241,0.00103184
9.760,0.84174389,0.49370474,2.87290856,0.16507054,-0.05720266,0.10133043,0.00158559,-0.00054946,0.00097333,0.84249767,0.50747668,2.86560842,0.16569366,-0.05571594,0.10030160,0.01422094,-25.86817745,1.60378257,0.01422094,-25.86817745,1.60378257,0.01504379,-25.82801342,1.54780470,-0.00075378,-0.01377194,0.00730014,-0.00062312,-0.00148672,0.00102883
9.770,0.84339468,0.49313268,2.87392192,0.16508606,-0.05720804,0.10133996,0.00151960,-0.00052659,0.00093282,0.84415531,0.50691908,2.86661194,0.16571120,-0.05572703,0.10031415,0.01380968,-25.87431346,1.60668664,0.01380968,-25.87431346,1.60668664,0.01463251,-25.83415762,1.55070391,-0.00076063,-0.01378640,0.00730998,-0.00062514,-0.00148101,0.00102581
9.780,0.84504561,0.49256058,2.87493536,0.16510093,-0.05721319,0.10134909,0.00145359,-0.00050372,0.00089230,0.84581310,0.50636137,2.86761557,0.16572807,-0.05573790,0.10032629,0.01339781,-25.88044024,1.60958826,0.01339781,-25.88044024,1.60958826,0.01422094,-25.84029220,1.55360120,-0.00076749,-0.01380079,0.00731979,-0.00062714,-0.00147529,0.00102280
9.790,0.84669669,0.49198842,2.87594890,0.16511514,-0.05721812,0.10135781,0.00138758,-0.00048084,0.00085178,0.84747103,0.50580357,2.86861930,0.16574428,-0.05574855,0.10033805,0.01298604,-25.88656254,1.61249085,0.01298604,-25.88656254,1.61249085,0.01380968,-25.84642321,1.55649999,-0.00077434,-0.01381515,0.00732960,-0.00062914,-0.00146957,0.00101976
9.800,0.84834791,0.49141621,2.87696252,0.16512868,-0.05722281,0.10136612,0.00132156,-0.00045797,0.00081125,0.84912909,0.50524566,2.86962314,0.16575983,-0.05575898,0.10034940,0.01257407,-25.89267812,1.61539208,0.01257407,-25.89267812,1.61539208,0.01339781,-25.85254511,1.55939653,-0.00078118,-0.01382945,0.00733938,-0.00063115,-0.00146383,0.00101672
9.810,0.84999926,0.49084396,2.87797622,0.16514157,-0.05722728,0.10137403,0.00125553,-0.00043508,0.00077072,0.85078728,0.50468767,2.87062707,0.16577471,-0.05576919,0.10036035,0.01216200,-25.89878608,1.61829258,0.01216200,-25.89878608,1.61829258,0.01298604,-25.85866262,1.56229425,-0.00078802,-0.01384371,0.00734915,-0.00063314,-0.00145809,0.00101368
9.820,0.85165074,0.49027167,2.87898999,0.16515379,-0.05723151,0.10138154,0.00118949,-0.00041220,0.00073018,0.85244560,0.50412957,2.87163109,0.16578893,-0.05577919,0.10037091,0.01174990,-25.90488612,1.62119144,0.01174990,-25.90488612,1.62119144,0.01257407,-25.86477353,1.56519079,-0.00079486,-0.01385790,0.00735890,-0.00063514,-0.00145232,0.00101063
9.830,0.85330234,0.48969933,2.88000385,0.16516536,-0.05723552,0.10138863,0.00112345,-0.00038931,0.00068964,0.85410403,0.50357139,2.87263521,0.16580248,-0.05578897,0.10038107,0.01133785,-25.91098140,1.62409210,0.01133785,-25.91098140,1.62409210,0.01216200,-25.87087693,1.56808680,-0.00080169,-0.01387206,0.00736864,-0.00063712,-0.00144655,0.00100756
9.840,0.85495405,0.48912696,2.88101777,0.16517626,-0.05723930,0.10139533,0.00105740,-0.00036643,0.00064910,0.85576257,0.50301312,2.87363941,0.16581537,-0.05579852,0.10039083,0.01092545,-25.91706803,1.62699099,0.01092545,-25.91706803,1.62699099,0.01174990,-25.87697253,1.57098140,-0.00080852,-0.01388616,0.00737836,-0.00063911,-0.00144078,0.00100450
9.850,0.85660586,0.48855455,2.88203175,0.16518650,-0.05724285,0.10140162,0.00099134,-0.00034353,0.00060855,0.85742121,0.50245476,2.87464369,0.16582759,-0.05580786,0.10040019,0.01051265,-25.92314839,1.62988846,0.01051265,-25.92314839,1.62988846,0.01133785,-25.88306346,1.57387796,-0.00081535,-0.01390021,0.00738806,-0.00064109,-0.00143499,0.00100143
9.860,0.85825777,0.48798210,2.88304580,0.16519609,-0.05724617,0.10140750,0.00092528,-0.00032064,0.00056799,0.85907995,0.50189632,2.87564805,0.16583915,-0.05581698,0.10040915,0.01009990,-25.92922293,1.63278660,0.01009990,-25.92922293,1.63278660,0.01092545,-25.88914585,1.57677298,-0.00082218,-0.01391422,0.00739775,-0.00064306,-0.00142919,0.00099835
9.870,0.85990978,0.48740963,2.88405990,0.16520501,-0.05724926,0.10141298,0.00085921,-0.00029775,0.00052744,0.86073878,0.50133779,2.87665249,0.16585004,-0.05582589,0.10041771,0.00968730,-25.93528810,1.63568315,0.00968730,-25.93528810,1.63568315,0.01051265,-25.89522209,1.57966677,-0.00082900,-0.01392816,0.00740741,-0.00064503,-0.00142337,0.00099527
9.880,0.86156187,0.48683712,2.88507406,0.16521327,-0.05725212,0.10141805,0.00079314,-0.00027485,0.00048688,0.86239769,0.50077919,2.87765699,0.16586027,-0.05583457,0.10042587,0.00927429,-25.94134830,1.63858007,0.00927429,-25.94134830,1.63858007,0.01009990,-25.90129262,1.58256142,-0.00083582,-0.01394207,0.00741707,-0.00064700,-0.00141755,0.00099218
9.890,0.86321404,0.48626458,2.88608826,0.16522087,-0.05725476,0.10142271,0.00072706,-0.00025195,0.00044631,0.86405667,0.50022050,2.87866156,0.16586983,-0.05584303,0.10043363,0.00886122,-25.94740234,1.64147499,0.00886122,-25.94740234,1.64147499,0.00968730,-25.90735389,1.58545470,-0.00084263,-0.01395592,0.00742670,-0.00064896,-0.00141173,0.00098908
9.900,0.86486629,0.48569202,2.88710251,0.16522781,-0.05725716,0.10142697,0.00066098,-0.00022905,0.00040575,0.86571573,0.49966174,2.87966619,0.16587873,-0.05585127,0.10044099,0.00844841,-25.95344793,1.64437007,0.00844841,-25.95344793,1.64437007,0.00927429,-25.91341029,1.58834854,-0.00084944,-0.01396972,0.00743632,-0.00065092,-0.00140589,0.00098598
9.910,0.86651860,0.48511944,2.88811680,0.16523409,-0.05725934,0.10143083,0.00059489,-0.00020615,0.00036518,0.86737485,0.49910291,2.88067088,0.16588697,-0.05585930,0.10044795,0.00803521,-25.95948619,1.64726443,0.00803521,-25.95948619,1.64726443,0.00886122,-25.91946065,1.59124058,-0.00085625,-0.01398347,0.00744592,-0.00065288,-0.00140004,0.00098288
9.920,0.86817097,0.48454684,2.88913112,0.16523971,-0.05726129,0.10143428,0.00052880,-0.00018325,0.00032461,0.86903402,0.49854400,2.88167562,0.16589454,-0.05586711,0.10045451,0.00762194,-25.96551720,1.65015706,0.00762194,-25.96551720,1.65015706,0.00844841,-25.92550267,1.59413297,-0.00086305,-0.01399716,0.00745550,-0.00065483,-0.00139418,0.00097977
9.930,0.86982339,0.48397422,2.89014548,0.16524467,-0.05726300,0.10143732,0.00046271,-0.00016034,0.00028404,0.87069324,0.49798503,2.88268041,0.16590144,-0.05587469,0.10046068,0.00720843,-25.97154104,1.65305006,0.00720843,-25.97154104,1.65305006,0.00803521,-25.93153747,1.59702485,-0.00086985,-0.01401081,0.00746507,-0.00065677,-0.00138831,0.00097664
9.940,0.87147586,0.48340158,2.89115987,0.16524896,-0.05726449,0.10143996,0.00039661,-0.00013744,0.00024346,0.87235250,0.49742599,2.88368525,0.16590768,-0.05588206,0.10046643,0.00679490,-25.97755887,1.65594265,0.00679490,-25.97755887,1.65594265,0.00762194,-25.93756512,1.59991521,-0.00087664,-0.01402441,0.00747462,-0.00065872,-0.00138243,0.00097353
9.950,0.87312837,0.48282893,2.89217428,0.16525260,-0.05726575,0.10144219,0.00033051,-0.00011453,0.00020289,0.87401180,0.49686688,2.88469013,0.16591325,-0.05588920,0.10047179,0.00638142,-25.98356877,1.65883384,0.00638142,-25.98356877,1.65883384,0.00720843,-25.94358571,1.60280612,-0.00088343,-0.01403795,0.00748415,-0.00066065,-0.00137655,0.00097040
9.960,0.87478091,0.48225626,2.89318871,0.16525558,-0.05726678,0.10144402,0.00026441,-0.00009163,0.00016231,0.87567113,0.49630771,2.88569504,0.16591816,-0.05589613,0.10047675,0.00596771,-25.98957315,1.66172428,0.00596771,-25.98957315,1.66172428,0.00679490,-25.94960041,1.60569684,-0.00089022,-0.01405145,0.00749367,-0.00066258,-0.00137065,0.00096727
9.970,0.87643348,0.48168359,2.89420316,0.16525789,-0.05726759,0.10144544,0.00019831,-0.00006872,0.00012174,0.87733048,0.49574848,2.88669999,0.16592241,-0.05590284,0.10048131,0.00555398,-25.99556879,1.66461447,0.00555398,-25.99556879,1.66461447,0.00638142,-25.95560729,1.60858634,-0.00089700,-0.01406489,0.00750317,-0.00066452,-0.00136475,0.00096413
9.980,0.87808606,0.48111091,2.89521762,0.16525954,-0.05726816,0.10144645,0.00013221,-0.00004581,0.00008116,0.87898985,0.49518919,2.88770497,0.16592599,-0.05590932,0.10048547,0.00513967,-26.00155740,1.66750352,0.00513967,-26.00155740,1.66750352,0.00596771,-25.96160876,1.61147530,-0.00090379,-0.01407828,0.00751265,-0.00066645,-0.00135884,0.00096098
9.990,0.87973866,0.48053823,2.89623209,0.16526053,-0.05726850,0.10144706,0.00006610,-0.00002291,0.00004058,0.88064923,0.49462985,2.88870998,0.16592890,-0.05591559,0.10048923,0.00472564,-26.00753776,1.67039208,0.00472564,-26.00753776,1.67039208,0.00555398,-25.96760159,1.61436421,-0.00091057,-0.01409162,0.00752211,-0.00066837,-0.00135291,0.00095783
10.000,0.88139127,0.47996554,2.89724656,0.16526086,-0.05726862,0.10144726,0.00000000,-0.00000000,0.00000000,0.88230861,0.49407045,2.88971501,0.16593115,-0.05592164,0.10049260,0.00431170,-26.01351264,1.67327918,0.00431170,-26.01351264,1.67327918,0.00513967,-25.97358751,1.61725217,-0.00091734,-0.01410491,0.00753155,-0.00067029,-0.00134698,0.00095466
10.010,0.88304388,0.47939286,2.89826103,0.16526053,-0.05726850,0.10144706,-0.00006610,0.00002291,-0.00004058,0.88396798,0.49351100,2.89072005,0.16593273,-0.05592747,0.10049556,0.00389769,-26.01947779,1.67616548,0.00389769,-26.01947779,1.67616548,0.00472564,-25.97956528,1.62013986,-0.00092410,-0.01411814,0.00754098,-0.00067220,-0.00134103,0.00095150
10.020,0.88469648,0.47882018,2.89927550,0.16525954,-0.05726816,0.10144645,-0.00013221,0.00004581,-0.00008116,0.88562734,0.49295150,2.89172511,0.16593365,-0.05593308,0.10049813,0.00348345,-26.02543633,1.67905150,0.00348345,-26.02543633,1.67905150,0.00431170,-25.98553769,1.62302626,-0.00093086,-0.01413132,0.00755039,-0.00067411,-0.00133508,0.00094832
10.030,0.88634907,0.47824750,2.90028996,0.16525789,-0.05726759,0.10144544,-0.00019831,0.00006872,-0.00012174,0.88728669,0.49239196,2.89273018,0.16593390,-0.05593846,0.10050029,0.00306931,-26.03138837,1.68193645,0.00306931,-26.03138837,1.68193645,0.00389769,-25.99150048,1.62591208,-0.00093762,-0.01414446,0.00755978,-0.00067601,-0.00132913,0.00094515
10.040,0.88800164,0.47767482,2.90130441,0.16525558,-0.05726678,0.10144402,-0.00026441,0.00009163,-0.00016231,0.88894601,0.49183237,2.89373525,0.16593348,-0.05594363,0.10050206,0.00265510,-26.03733398,1.68482083,0.00265510,-26.03733398,1.68482083,0.00348345,-25.99745676,1.62879782,-0.00094437,-0.01415755,0.00756916,-0.00067790,-0.00132315,0.00094196
10.050,0.88965418,0.47710216,2.90231884,0.16525260,-0.05726575,0.10144219,-0.00033051,0.00011453,-0.00020289,0.89060531,0.49127273,2.89474033,0.16593241,-0.05594858,0.10050343,0.00224053,-26.04327030,1.68770373,0.00224053,-26.04327030,1.68770373,0.00306931,-26.00340666,1.63168269,-0.00095113,-0.01417057,0.00757851,-0.00067981,-0.00131717,0.00093876
10.060,0.89130669,0.47652951,2.90333325,0.16524896,-0.05726449,0.10143996,-0.00039661,0.00013744,-0.00024346,0.89226456,0.49071306,2.89574540,0.16593066,-0.05595331,0.10050439,0.00182606,-26.04919937,1.69058581,0.00182606,-26.04919937,1.69058581,0.00265510,-26.00935024,1.63456718,-0.00095787,-0.01418355,0.00758785,-0.00068170,-0.00131118,0.00093557
10.070,0.89295915,0.47595687,2.90434763,0.16524467,-0.05726300,0.10143732,-0.00046271,0.00016034,-0.00028404,0.89392377,0.49015334,2.89675047,0.16592825,-0.05595781,0.10050496,0.00141113,-26.05512164,1.69346609,0.00141113,-26.05512164,1.69346609,0.00224053,-26.01528463,1.63745039,-0.00096462,-0.01419647,0.00759716,-0.00068358,-0.00130519,0.00093236
10.080,0.89461158,0.47538425,2.90536199,0.16523971,-0.05726129,0.10143428,-0.00052880,0.00018325,-0.00032461,0.89558293,0.48959359,2.89775552,0.16592518,-0.05596210,0.10050513,0.00099684,-26.06103590,1.69634678,0.00099684,-26.06103590,1.69634678,0.00182606,-26.02121189,1.64033299,-0.00097135,-0.01420934,0.00760647,-0.00068547,-0.00129919,0.00092915
10.090,0.89626395,0.47481165,2.90637632,0.16523409,-0.05725934,0.10143083,-0.00059489,0.00020615,-0.00036518,0.89724203,0.48903381,2.89876056,0.16592144,-0.05596616,0.10050490,0.00058215,-26.06694190,1.69922693,0.00058215,-26.06694190,1.69922693,0.00141113,-26.02713246,1.64321399,-0.00097808,-0.01422216,0.00761576,-0.00068735,-0.00129318,0.00092593
10.100,0.89791626,0.47423906,2.90739061,0.16522781,-0.05725716,0.10142697,-0.00066098,0.00022905,-0.00040575,0.89890107,0.48847399,2.89976559,0.16591704,-0.05597001,0.10050426,0.00016738,-26.07284241,1.70210561,0.00016738,-26.07284241,1.70210561,0.00099684,-26.03304513,1.64609560,-0.00098481,-0.01423493,0.00762502,-0.00068923,-0.00128715,0.00092271
10.110,0.89956850,0.47366650,2.90840486,0.16522087,-0.05725476,0.10142271,-0.00072706,0.00025195,-0.00044631,0.90056004,0.48791415,2.90077059,0.16591197,-0.05597363,0.10050323,-0.00024762,-26.07873420,1.70498349,-0.00024762,-26.07873420,1.70498349,0.00058215,-26.03894965,1.64897687,-0.00099154,-0.01424765,0.00763427,-0.00069110,-0.00128113,0.00091948
10.120,0.90122067,0.47309397,2.90941906,0.16521327,-0.05725212,0.10141805,-0.00079314,0.00027485,-0.00048688,0.90221893,0.48735428,2.90177556,0.16590623,-0.05597704,0.10050179,-0.00066254,-26.08461699,1.70785966,-0.00066254,-26.08461699,1.70785966,0.00016738,-26.04484879,1.65185686,-0.00099826,-0.01426031,0.00764350,-0.00069296,-0.00127508,0.00091626
10.130,0.90287276,0.47252146,2.91043322,0.16520501,-0.05724926,0.10141298,-0.00085921,0.00029775,-0.00052744,0.90387773,0.48679438,2.90278051,0.16589983,-0.05598022,0.10049996,-0.00107753,-26.09049391,1.71073610,-0.00107753,-26.09049391,1.71073610,-0.00024762,-26.05073932,1.65473626,-0.00100497,-0.01427292,0.00765271,-0.00069482,-0.00126904,0.00091302
10.140,0.90452477,0.47194899,2.91144732,0.16519609,-0.05724617,0.10140750,-0.00092528,0.00032064,-0.00056799,0.90553645,0.48623446,2.90378542,0.16589277,-0.05598318,0.10049772,-0.00149227,-26.09636105,1.71361045,-0.00149227,-26.09636105,1.71361045,-0.00066254,-26.05662096,1.65761415,-0.00101168,-0.01428547,0.00766190,-0.00069668,-0.00126299,0.00090978
10.150,0.90617668,0.47137654,2.91246137,0.16518650,-0.05724285,0.10140162,-0.00099134,0.00034353,-0.00060855,0.90719507,0.48567452,2.90479029,0.16588504,-0.05598592,0.10049509,-0.00190753,-26.10222284,1.71648486,-0.00190753,-26.10222284,1.71648486,-0.00107753,-26.06249683,1.66049251,-0.00101839,-0.01429798,0.00767108,-0.00069854,-0.00125693,0.00090653
10.160,0.90782850,0.47080413,2.91347535,0.16517626,-0.05723930,0.10139533,-0.00105740,0.00036643,-0.00064910,0.90885358,0.48511456,2.90579512,0.16587664,-0.05598844,0.10049205,-0.00232226,-26.10807573,1.71935687,-0.00232226,-26.10807573,1.71935687,-0.00149227,-26.06836305,1.66336897,-0.00102508,-0.01431043,0.00768023,-0.00070038,-0.00125086,0.00090328
10.170,0.90948021,0.47023176,2.91448927,0.16516536,-0.05723552,0.10138863,-0.00112345,0.00038931,-0.00068964,0.91051199,0.48455458,2.90679990,0.16586758,-0.05599074,0.10048862,-0.00273723,-26.11392013,1.72222852,-0.00273723,-26.11392013,1.72222852,-0.00190753,-26.07422402,1.66624570,-0.00103178,-0.01432282,0.00768937,-0.00070222,-0.00124478,0.00090001
10.180,0.91113180,0.46965942,2.91550312,0.16515379,-0.05723151,0.10138154,-0.00118949,0.00041220,-0.00073018,0.91217027,0.48399459,2.90780464,0.16585786,-0.05599282,0.10048479,-0.00315274,-26.11975848,1.72509916,-0.00315274,-26.11975848,1.72509916,-0.00232226,-26.08007621,1.66912022,-0.00103847,-0.01433517,0.00769848,-0.00070407,-0.00123869,0.00089675
10.190,0.91278328,0.46908713,2.91651690,0.16514157,-0.05722728,0.10137403,-0.00125553,0.00043508,-0.00077072,0.91382844,0.48343459,2.90880931,0.16584747,-0.05599467,0.10048055,-0.00356772,-26.12558758,1.72796910,-0.00356772,-26.12558758,1.72796910,-0.00273723,-26.08592001,1.67199459,-0.00104516,-0.01434746,0.00770759,-0.00070590,-0.00123261,0.00089348
10.200,0.91443463,0.46851488,2.91753060,0.16512868,-0.05722281,0.10136612,-0.00132156,0.00045797,-0.00081125,0.91548647,0.48287458,2.90981393,0.16583641,-0.05599631,0.10047592,-0.00398306,-26.13140915,1.73083762,-0.00398306,-26.13140915,1.73083762,-0.00315274,-26.09175788,1.67486816,-0.00105184,-0.01435970,0.00771667,-0.00070773,-0.00122650,0.00089020
10.210,0.91608585,0.46794267,2.91854422,0.16511514,-0.05721812,0.10135781,-0.00138758,0.00048084,-0.00085178,0.91714436,0.48231456,2.91081849,0.16582469,-0.05599772,0.10047088,-0.00439821,-26.13722432,1.73370530,-0.00439821,-26.13722432,1.73370530,-0.00356772,-26.09758660,1.67774121,-0.00105851,-0.01437189,0.00772573,-0.00070955,-0.00122040,0.00088693
10.220,0.91773693,0.46737051,2.91955776,0.16510093,-0.05721319,0.10134909,-0.00145359,0.00050372,-0.00089230,0.91880212,0.48175453,2.91182298,0.16581231,-0.05599891,0.10046545,-0.00481356,-26.14303083,1.73657267,-0.00481356,-26.14303083,1.73657267,-0.00398306,-26.10340791,1.68061305,-0.00106519,-0.01438402,0.00773478,-0.00071138,-0.00121428,0.00088364
10.230,0.91938787,0.46679841,2.92057120,0.16508606,-0.05720804,0.10133996,-0.00151960,0.00052659,-0.00093282,0.92045972,0.48119450,2.91282740,0.16579926,-0.05599988,0.10045961,-0.00522867,-26.14882778,1.73943728,-0.00522867,-26.14882778,1.73943728,-0.00439821,-26.10922293,1.68348425,-0.00107185,-0.01439609,0.00774380,-0.00071320,-0.00120816,0.00088035
10.240,0.92103865,0.46622635,2.92158455,0.16507054,-0.05720266,0.10133043,-0.00158559,0.00054946,-0.00097333,0.92211716,0.48063447,2.91383175,0.16578555,-0.05600063,0.10045338,-0.00564408,-26.15461923,1.74230130,-0.00564408,-26.15461923,1.74230130,-0.00481356,-26.11502939,1.68635533,-0.00107851,-0.01440812,0.00775280,-0.00071501,-0.00120203,0.00087705
10.250,0.92268928,0.46565435,2.92259781,0.16505435,-0.05719705,0.10132049,-0.00165158,0.00057233,-0.00101384,0.92377444,0.48007445,2.91483602,0.16577117,-0.05600116,0.10044674,-0.00605921,-26.16040166,1.74516528,-0.00605921,-26.16040166,1.74516528,-0.00522867,-26.12082641,1.68922386,-0.00108516,-0.01442010,0.00776179,-0.00071682,-0.00119589,0.00087375
10.260,0.92433974,0.46508241,2.92361096,0.16503751,-0.05719122,0.10131015,-0.00171755,0.00059519,-0.00105434,0.92543155,0.47951442,2.91584021,0.16575613,-0.05600146,0.10043971,-0.00647448,-26.16617583,1.74802691,-0.00647448,-26.16617583,1.74802691,-0.00564408,-26.12661804,1.69209200,-0.00109181,-0.01443201,0.00777075,-0.00071862,-0.00118976,0.00087044
10.270,0.92599002,0.46451053,2.92462401,0.16502000,-0.05718515,0.10129941,-0.00178352,0.00061805,-0.00109483,0.92708848,0.47895441,2.91684431,0.16574042,-0.05600155,0.10043228,-0.00689031,-26.17194145,1.75088825,-0.00689031,-26.17194145,1.75088825,-0.00605921,-26.13240076,1.69496029,-0.00109846,-0.01444388,0.00777970,-0.00072042,-0.00118360,0.00086713
10.280,0.92764013,0.46393871,2.92563695,0.16500184,-0.05717885,0.10128826,-0.00184947,0.00064091,-0.00113532,0.92874523,0.47839440,2.91784832,0.16572405,-0.05600141,0.10042445,-0.00730561,-26.17769932,1.75374832,-0.00730561,-26.17769932,1.75374832,-0.00647448,-26.13817533,1.69782643,-0.00110510,-0.01445569,0.00778863,-0.00072221,-0.00117744,0.00086381
10.290,0.92929006,0.46336695,2.92664977,0.16498301,-0.05717233,0.10127670,-0.00191541,0.00066376,-0.00117580,0.93040179,0.47783440,2.91885223,0.16570702,-0.05600106,0.10041621,-0.00772080,-26.18345022,1.75660621,-0.00772080,-26.18345022,1.75660621,-0.00689031,-26.14394146,1.70069249,-0.00111173,-0.01446745,0.00779754,-0.00072401,-0.00117127,0.00086049
10.300,0.93093979,0.46279527,2.92766248,0.16496353,-0.05716558,0.10126474,-0.00198135,0.00068660,-0.00121627,0.93205816,0.47727441,2.91985605,0.16568932,-0.05600048,0.10040759,-0.00813631,-26.18919024,1.75946410,-0.00813631,-26.18919024,1.75946410,-0.00730561,-26.14969995,1.70355748,-0.00111837,-0.01447914,0.00780643,-0.00072579,-0.00116510,0.00085715
10.310,0.93258933,0.46222364,2.92867507,0.16494338,-0.05715860,0.10125237,-0.00204727,0.00070945,-0.00125674,0.93371431,0.47671444,2.92085976,0.16567096,-0.05599968,0.10039856,-0.00855155,-26.19492581,1.76232101,-0.00855155,-26.19492581,1.76232101,-0.00772080,-26.15545158,1.70642048,-0.00112498,-0.01449080,0.00781531,-0.00072758,-0.00115892,0.00085381
10.320,0.93423866,0.46165209,2.92968753,0.16492258,-0.05715139,0.10123961,-0.00211317,0.00073229,-0.00129720,0.93537026,0.47615448,2.92186337,0.16565193,-0.05599866,0.10038913,-0.00896694,-26.20065138,1.76517624,-0.00896694,-26.20065138,1.76517624,-0.00813631,-26.16119245,1.70928368,-0.00113160,-0.01450239,0.00782416,-0.00072935,-0.00115273,0.00085048
10.330,0.93588778,0.46108062,2.93069986,0.16490112,-0.05714395,0.10122643,-0.00217907,0.00075512,-0.00133765,0.93702599,0.47559454,2.92286687,0.16563224,-0.05599741,0.10037930,-0.00938228,-26.20636734,1.76803004,-0.00938228,-26.20636734,1.76803004,-0.00855155,-26.16692897,1.71214610,-0.00113821,-0.01451392,0.00783299,-0.00073112,-0.00114654,0.00084713
10.340,0.93753668,0.46050922,2.93171205,0.16487900,-0.05713629,0.10121285,-0.00224495,0.00077795,-0.00137809,0.93868150,0.47503463,2.92387025,0.16561189,-0.05599595,0.10036907,-0.00979774,-26.21207647,1.77088170,-0.00979774,-26.21207647,1.77088170,-0.00896694,-26.17265560,1.71500704,-0.00114482,-0.01452541,0.00784180,-0.00073289,-0.00114034,0.00084378
10.350,0.93918535,0.45993789,2.93272411,0.16485622,-0.05712839,0.10119887,-0.00231082,0.00080078,-0.00141852,0.94033678,0.47447473,2.92487352,0.16559088,-0.05599426,0.10035845,-0.01021348,-26.21777854,1.77373335,-0.01021348,-26.21777854,1.77373335,-0.00938228,-26.17837274,1.71786675,-0.00115143,-0.01453684,0.00785059,-0.00073466,-0.00113413,0.00084042
10.360,0.94083380,0.45936665,2.93373603,0.16483278,-0.05712027,0.10118448,-0.00237667,0.00082360,-0.00145895,0.94199182,0.47391487,2.92587666,0.16556920,-0.05599235,0.10034742,-0.01062868,-26.22347070,1.77658401,-0.01062868,-26.22347070,1.77658401,-0.00979774,-26.18408316,1.72072453,-0.00115802,-0.01454822,0.00785937,-0.00073642,-0.00112792,0.00083706
10.370,0.94248201,0.45879549,2.93474780,0.16480869,-0.05711192,0.10116969,-0.00244251,0.00084642,-0.00149936,0.94364662,0.47335503,2.92687968,0.16554685,-0.05599022,0.10033600,-0.01104387,-26.22915501,1.77943288,-0.01104387,-26.22915501,1.77943288,-0.01021348,-26.18978663,1.72358249,-0.00116461,-0.01455954,0.00786812,-0.00073816,-0.00112170,0.00083369
10.380,0.94412997,0.45822441,2.93575942,0.16478393,-0.05710334,0.10115449,-0.00250834,0.00086923,-0.00153977,0.94530117,0.47279522,2.92788257,0.16552385,-0.05598787,0.10032417,-0.01145949,-26.23483189,1.78228042,-0.01145949,-26.23483189,1.78228042,-0.01062868,-26.19548030,1.72643966,-0.00117120,-0.01457081,0.00787685,-0.00073992,-0.00111547,0.00083032
10.390,0.94577768,0.45765342,2.93677089,0.16475852,-0.05709454,0.10113889,-0.00257415,0.00089203,-0.00158017,0.94695546,0.47223545,2.92888532,0.16550018,-0.05598529,0.10031195,-0.01187494,-26.24050013,1.78512733,-0.01187494,-26.24050013,1.78512733,-0.01104387,-26.20116623,1.72929524,-0.00117778,-0.01458203,0.00788557,-0.00074166,-0.00110925,0.00082694
10.400,0.94742514,0.45708252,2.93778220,0.16473245,-0.05708550,0.10112289,-0.00263994,0.00091483,-0.00162056,0.94860949,0.47167571,2.92988793,0.16547585,-0.05598249,0.10029932,-0.01229003,-26.24615946,1.78797271,-0.01229003,-26.24615946,1.78797271,-0.01145949,-26.20684484,1.73214969,-0.00118435,-0.01459319,0.00789427,-0.00074340,-0.00110301,0.00082357
10.410,0.94907233,0.45651171,2.93879335,0.16470572,-0.05707624,0.10110648,-0.00270572,0.00093763,-0.00166094,0.95026325,0.47111600,2.93089041,0.16545086,-0.05597947,0.10028630,-0.01270543,-26.25181099,1.79081704,-0.01270543,-26.25181099,1.79081704,-0.01187494,-26.21251492,1.73500371,-0.00119092,-0.01460429,0.00790294,-0.00074514,-0.00109677,0.00082018
10.420,0.95071925,0.45594100,2.93980433,0.16467834,-0.05706675,0.10108967,-0.00277148,0.00096042,-0.00170131,0.95191673,0.47055634,2.93189273,0.16542520,-0.05597623,0.10027288,-0.01312068,-26.25745280,1.79365949,-0.01312068,-26.25745280,1.79365949,-0.01229003,-26.21817620,1.73785640,-0.00119748,-0.01461534,0.00791160,-0.00074686,-0.00109052,0.00081679
10.430,0.95236590,0.45537038,2.94081514,0.16465029,-0.05705703,0.10107246,-0.00283723,0.00098320,-0.00174167,0.95356993,0.46999671,2.93289491,0.16539888,-0.05597277,0.10025906,-0.01353569,-26.26308731,1.79650065,-0.01353569,-26.26308731,1.79650065,-0.01270543,-26.22382979,1.74070823,-0.00120403,-0.01462633,0.00792023,-0.00074859,-0.00108426,0.00081340
10.440,0.95401226,0.45479986,2.94182578,0.16462159,-0.05704709,0.10105484,-0.00290296,0.00100598,-0.00178202,0.95522284,0.46943713,2.93389693,0.16537190,-0.05596909,0.10024485,-0.01395090,-26.26871334,1.79934102,-0.01395090,-26.26871334,1.79934102,-0.01312068,-26.22947378,1.74355839,-0.00121058,-0.01463727,0.00792885,-0.00075031,-0.00107800,0.00080999
10.450,0.95565833,0.45422944,2.94283623,0.16459223,-0.05703691,0.10103682,-0.00296867,0.00102875,-0.00182235,0.95687545,0.46887760,2.93489879,0.16534426,-0.05596518,0.10023024,-0.01436610,-26.27433061,1.80217830,-0.01436610,-26.27433061,1.80217830,-0.01353569,-26.23511058,1.74640745,-0.00121712,-0.01464816,0.00793744,-0.00075203,-0.00107173,0.00080658
10.460,0.95730410,0.45365912,2.94384651,0.16456222,-0.05702651,0.10101839,-0.00303437,0.00105151,-0.00186268,0.95852776,0.46831811,2.93590050,0.16531595,-0.05596105,0.10021523,-0.01478134,-26.27994023,1.80501597,-0.01478134,-26.27994023,1.80501597,-0.01395090,-26.24073901,1.74925592,-0.00122366,-0.01465899,0.00794601,-0.00075373,-0.00106546,0.00080316
10.470,0.95894957,0.45308891,2.94485660,0.16453155,-0.05701588,0.10099956,-0.00310004,0.00107427,-0.00190300,0.96017976,0.46775867,2.93690203,0.16528699,-0.05595670,0.10019982,-0.01519640,-26.28554033,1.80785178,-0.01519640,-26.28554033,1.80785178,-0.01436610,-26.24635878,1.75210151,-0.00123019,-0.01466976,0.00795457,-0.00075544,-0.00105918,0.00079974
10.480,0.96059473,0.45251880,2.94586650,0.16450022,-0.05700503,0.10098033,-0.00316570,0.00109702,-0.00194330,0.96183145,0.46719929,2.93790340,0.16525736,-0.05595213,0.10018401,-0.01561147,-26.29113366,1.81068630,-0.01561147,-26.29113366,1.81068630,-0.01478134,-26.25197103,1.75494768,-0.00123672,-0.01468049,0.00796310,-0.00075714,-0.00105290,0.00079632
10.490,0.96223957,0.45194881,2.94687621,0.16446823,-0.05699394,0.10096070,-0.00323134,0.00111977,-0.00198359,0.96348281,0.46663996,2.93890459,0.16522707,-0.05594733,0.10016780,-0.01602671,-26.29671596,1.81352012,-0.01602671,-26.29671596,1.81352012,-0.01519640,-26.25757386,1.75779219,-0.00124324,-0.01469115,0.00797162,-0.00075884,-0.00104661,0.00079290
10.500,0.96388409,0.45137892,2.94788571,0.16443559,-0.05698263,0.10094066,-0.00329695,0.00114251,-0.00202387,0.96513384,0.46608069,2.93990560,0.16519612,-0.05594232,0.10015119,-0.01644167,-26.30229233,1.81635073,-0.01644167,-26.30229233,1.81635073,-0.01561147,-26.26317003,1.76063562,-0.00124975,-0.01470177,0.00798011,-0.00076053,-0.00104031,0.00078947
10.510,0.96552828,0.45080916,2.94889502,0.16440229,-0.05697109,0.10092022,-0.00336255,0.00116524,-0.00206414,0.96678454,0.46552147,2.94090643,0.16516451,-0.05593708,0.10013419,-0.01685665,-26.30785687,1.81918178,-0.01685665,-26.30785687,1.81918178,-0.01602671,-26.26875528,1.76347853,-0.00125626,-0.01471231,0.00798859,-0.00076222,-0.00103401,0.00078603
10.520,0.96717213,0.45023950,2.94990412,0.16436834,-0.05695933,0.10089938,-0.00342813,0.00118797,-0.00210440,0.96843489,0.46496232,2.94190708,0.16513224,-0.05593162,0.10011679,-0.01727169,-26.31341636,1.82201092,-0.01727169,-26.31341636,1.82201092,-0.01644167,-26.27433472,1.76631844,-0.00126276,-0.01472282,0.00799704,-0.00076390,-0.00102771,0.00078259
10.530,0.96881564,0.44966997,2.95091300,0.16433373,-0.05694733,0.10087813,-0.00349369,0.00121068,-0.00214464,0.97008490,0.46440323,2.94290754,0.16509930,-0.05592593,0.10009899,-0.01768659,-26.31896453,1.82483712,-0.01768659,-26.31896453,1.82483712,-0.01685665,-26.27990243,1.76915899,-0.00126926,-0.01473326,0.00800546,-0.00076557,-0.00102140,0.00077914
10.540,0.97045881,0.44910056,2.95192168,0.16429847,-0.05693511,0.10085648,-0.00355923,0.00123340,-0.00218487,0.97173455,0.46384421,2.94390780,0.16506571,-0.05592003,0.10008079,-0.01810090,-26.32450449,1.82766403,-0.01810090,-26.32450449,1.82766403,-0.01727169,-26.28546520,1.77199782,-0.00127574,-0.01474365,0.00801388,-0.00076724,-0.00101508,0.00077569
10.550,0.97210161,0.44853127,2.95293013,0.16426255,-0.05692266,0.10083444,-0.00362474,0.00125610,-0.00222509,0.97338384,0.46328526,2.94490786,0.16503146,-0.05591390,0.10006219,-0.01851591,-26.33003637,1.83048791,-0.01851591,-26.33003637,1.83048791,-0.01768659,-26.29101677,1.77483391,-0.00128223,-0.01475399,0.00802227,-0.00076891,-0.00100876,0.00077225
10.560,0.97374405,0.44796210,2.95393837,0.16422597,-0.05690999,0.10081198,-0.00369023,0.00127879,-0.00226529,0.97503275,0.46272637,2.94590772,0.16499654,-0.05590755,0.10004320,-0.01893079,-26.33556092,1.83331203,-0.01893079,-26.33556092,1.83331203,-0.01810090,-26.29656024,1.77767092,-0.00128870,-0.01476427,0.00803065,-0.00077057,-0.00100244,0.00076878
10.570,0.97538613,0.44739307,2.95494637,0.16418874,-0.05689709,0.10078913,-0.00375571,0.00130148,-0.00230548,0.97668130,0.46216756,2.94690738,0.16496097,-0.05590098,0.10002381,-0.01934510,-26.34107423,1.83613278,-0.01934510,-26.34107423,1.83613278,-0.01851591,-26.30209573,1.78050510,-0.00129517,-0.01477449,0.00803899,-0.00077223,-0.00099611,0.00076532
10.580,0.97702783,0.44682416,2.95595415,0.16415086,-0.05688396,0.10076587,-0.00382115,0.00132416,-0.00234566,0.97832946,0.46160882,2.94790683,0.16492474,-0.05589419,0.10000402,-0.01975951,-26.34658070,1.83895351,-0.01975951,-26.34658070,1.83895351,-0.01893079,-26.30762401,1.78333970,-0.00130163,-0.01478466,0.00804732,-0.00077388,-0.00098977,0.00076185
10.590,0.97866914,0.44625539,2.95696169,0.16411232,-0.05687061,0.10074222,-0.00388658,0.00134683,-0.00238582,0.97997723,0.46105016,2.94890606,0.16488784,-0.05588717,0.09998384,-0.02017431,-26.35207714,1.84177206,-0.02017431,-26.35207714,1.84177206,-0.01934510,-26.31314117,1.78617114,-0.00130809,-0.01479477,0.00805563,-0.00077552,-0.00098344,0.00075838
10.600,0.98031007,0.44568675,2.95796899,0.16407313,-0.05685702,0.10071816,-0.00395198,0.00136950,-0.00242597,0.98162460,0.46049158,2.94990508,0.16485029,-0.05587994,0.09996325,-0.02058856,-26.35756525,1.84458877,-0.02058856,-26.35756525,1.84458877,-0.01975951,-26.31865159,1.78900276,-0.00131453,-0.01480483,0.00806391,-0.00077716,-0.00097708,0.00075491
10.610,0.98195060,0.44511825,2.95897605,0.16403328,-0.05684322,0.10069370,-0.00401736,0.00139215,-0.00246610,0.98327158,0.45993307,2.95090387,0.16481208,-0.05587248,0.09994228,-0.02100305,-26.36304453,1.84740435,-0.02100305,-26.36304453,1.84740435,-0.02017431,-26.32415209,1.79183239,-0.00132098,-0.01481482,0.00807218,-0.00077880,-0.00097074,0.00075142
10.620,0.98359074,0.44454989,2.95998286,0.16399278,-0.05682918,0.10066884,-0.00408271,0.00141480,-0.00250622,0.98491815,0.45937466,2.95190244,0.16477321,-0.05586480,0.09992090,-0.02141682,-26.36851436,1.85021790,-0.02141682,-26.36851436,1.85021790,-0.02058856,-26.32964437,1.79466038,-0.00132741,-0.01482477,0.00808042,-0.00078043,-0.00096438,0.00074794
10.630,0.98523046,0.44398167,2.96098942,0.16395163,-0.05681492,0.10064357,-0.00414804,0.00143744,-0.00254632,0.98656430,0.45881633,2.95290077,0.16473369,-0.05585690,0.09989913,-0.02183106,-26.37397587,1.85302991,-0.02183106,-26.37397587,1.85302991,-0.02100305,-26.33512794,1.79748744,-0.00133384,-0.01483466,0.00808865,-0.00078206,-0.00095802,0.00074444
10.640,0.98686977,0.44341359,2.96199573,0.16390982,-0.05680043,0.10061791,-0.00421335,0.00146007,-0.00258641,0.98821003,0.45825808,2.95389888,0.16469350,-0.05584877,0.09987696,-0.02224506,-26.37942917,1.85584120,-0.02224506,-26.37942917,1.85584120,-0.02141682,-26.34060216,1.80031267,-0.00134026,-0.01484449,0.00809685,-0.00078368,-0.00095166,0.00074095
10.650,0.98850865,0.44284566,2.96300178,0.16386736,-0.05678572,0.10059184,-0.00427863,0.00148269,-0.00262648,0.98985533,0.45769993,2.95489675,0.16465266,-0.05584042,0.09985439,-0.02265938,-26.38487303,1.85865067,-0.02265938,-26.38487303,1.85865067,-0.02183106,-26.34606818,1.80313657,-0.00134668,-0.01485427,0.00810503,-0.00078530,-0.00094530,0.00073745
10.660,0.99014711,0.44227788,2.96400757,0.16382425,-0.05677078,0.10056538,-0.00434388,0.00150531,-0.00266654,0.99150019,0.45714187,2.95589437,0.16461115,-0.05583185,0.09983142,-0.02307318,-26.39030751,1.86145909,-0.02307318,-26.39030751,1.86145909,-0.02224506,-26.35152609,1.80595994,-0.00135308,-0.01486399,0.00811320,-0.00078690,-0.00093893,0.00073396
10.670,0.99178513,0.44171025,2.96501309,0.16378048,-0.05675561,0.10053851,-0.00440911,0.00152791,-0.00270658,0.99314462,0.45658390,2.95689175,0.16456899,-0.05582306,0.09980806,-0.02348726,-26.39573305,1.86426533,-0.02348726,-26.39573305,1.86426533,-0.02265938,-26.35697468,1.80878169,-0.00135949,-0.01487365,0.00812134,-0.00078851,-0.00093255,0.00073045
10.680,0.99342272,0.44114277,2.96601834,0.16373606,-0.05674022,0.10051125,-0.00447431,0.00155050,-0.00274661,0.99478860,0.45602603,2.95788888,0.16452618,-0.05581405,0.09978430,-0.02390068,-26.40115042,1.86707015,-0.02390068,-26.40115042,1.86707015,-0.02307318,-26.36241401,1.81160257,-0.00136588,-0.01488326,0.00812946,-0.00079012,-0.00092617,0.00072695
10.690,0.99505985,0.44057544,2.96702331,0.16369100,-0.05672460,0.10048358,-0.00453948,0.00157309,-0.00278661,0.99643212,0.45546826,2.95888576,0.16448270,-0.05580481,0.09976015,-0.02431448,-26.40655971,1.86987245,-0.02431448,-26.40655971,1.86987245,-0.02348726,-26.36784450,1.81442148,-0.00137227,-0.01489282,0.00813755,-0.00079170,-0.00091979,0.00072343
10.700,0.99669654,0.44000827,2.96802801,0.16364527,-0.05670876,0.10045552,-0.00460463,0.00159566,-0.00282660,0.99807518,0.45491059,2.95988238,0.16443857,-0.05579536,0.09973560,-0.02472771,-26.41195968,1.87267451,-0.02472771,-26.41195968,1.87267451,-0.02390068,-26.37326693,1.81723917,-0.00137864,-0.01490232,0.00814563,-0.00079330,-0.00091340,0.00071992
10.710,0.99833276,0.43944127,2.96903242,0.16359890,-0.05669269,0.10042705,-0.00466975,0.00161823,-0.00286658,0.99971777,0.45435302,2.96087874,0.16439378,-0.05578568,0.09971066,-0.02514117,-26.41734841,1.87547373,-0.02514117,-26.41734841,1.87547373,-0.02431448,-26.37868139,1.82005454,-0.00138501,-0.01491175,0.00815368,-0.00079488,-0.00090701,0.00071639
10.720,0.99996851,0.43887442,2.97003655,0.16355188,-0.05667639,0.10039818,-0.00473484,0.00164079,-0.00290654,1.00135989,0.45379556,2.96187483,0.16434834,-0.05577578,0.09968532,-0.02555467,-26.42273031,1.87827226,-0.02555467,-26.42273031,1.87827226,-0.02472771,-26.38408664,1.82286985,-0.00139138,-0.01492114,0.00816172,-0.00079646,-0.00090061,0.00071286
10.730,1.00160379,0.43830774,2.97104038,0.16350421,-0.05665987,0.10036892,-0.00479990,0.00166333,-0.00294647,1.00300153,0.45323821,2.96287065,0.16430224,-0.05576565,0.09965959,-0.02596788,-26.42810219,1.88106784,-0.02596788,-26.42810219,1.88106784,-0.02514117,-26.38948077,1.82568253,-0.00139774,-0.01493047,0.00816973,-0.00079803,-0.00089422,0.00070933
10.740,1.00323859,0.43774123,2.97204392,0.16345588,-0.05664313,0.10033925,-0.00486493,0.00168587,-0.00298640,1.00464269,0.45268097,2.96386620,0.16425549,-0.05575531,0.09963347,-0.02638109,-26.43346446,1.88386232,-0.02638109,-26.43346446,1.88386232,-0.02555467,-26.39486817,1.82849472,-0.00140410,-0.01493974,0.00817772,-0.00079961,-0.00088782,0.00070578
10.750,1.00487291,0.43717488,2.97304717,0.16340691,-0.05662616,0.10030919,-0.00492994,0.00170839,-0.00302630,1.00628334,0.45212383,2.96486148,0.16420807,-0.05574474,0.09960694,-0.02679374,-26.43881921,1.88665652,-0.02679374,-26.43881921,1.88665652,-0.02596788,-26.40024567,1.83130415,-0.00141043,-0.01494895,0.00818569,-0.00080116,-0.00088142,0.00070225
10.760,1.00650673,0.43660870,2.97405011,0.16335728,-0.05660896,0.10027873,-0.00499491,0.00173091,-0.00306618,1.00792350,0.45156682,2.96585647,0.16416001,-0.05573395,0.09958002,-0.02720674,-26.44416491,1.88944795,-0.02720674,-26.44416491,1.88944795,-0.02638109,-26.40561366,1.83411268,-0.00141677,-0.01495812,0.00819364,-0.00080273,-0.00087501,0.00069871
10.770,1.00814005,0.43604270,2.97505274,0.16330701,-0.05659154,0.10024787,-0.00505986,0.00175342,-0.00310605,1.00956315,0.45100992,2.96685118,0.16411129,-0.05572294,0.09955271,-0.02761954,-26.44950028,1.89223714,-0.02761954,-26.44950028,1.89223714,-0.02679374,-26.41097426,1.83692113,-0.00142310,-0.01496722,0.00820156,-0.00080428,-0.00086860,0.00069516
10.780,1.00977287,0.43547687,2.97605506,0.16325609,-0.05657389,0.10021661,-0.00512477,0.00177591,-0.00314590,1.01120229,0.45045314,2.96784560,0.16406191,-0.05571171,0.09952501,-0.02803192,-26.45482740,1.89502465,-0.02803192,-26.45482740,1.89502465,-0.02720674,-26.41632590,1.83972701,-0.00142942,-0.01497627,0.00820946,-0.00080582,-0.00086218,0.00069160
10.790,1.01140517,0.43491122,2.97705707,0.16320451,-0.05655602,0.10018495,-0.00518965,0.00179839,-0.00318573,1.01284091,0.44989648,2.96883972,0.16401188,-0.05570026,0.09949691,-0.02844469,-26.46014505,1.89781111,-0.02844469,-26.46014505,1.89781111,-0.02761954,-26.42166733,1.84253083,-0.00143574,-0.01498526,0.00821735,-0.00080737,-0.00085576,0.00068804
10.800,1.01303696,0.43434575,2.97805876,0.16315229,-0.05653792,0.10015289,-0.00525450,0.00182087,-0.00322554,1.01447900,0.44933995,2.96983355,0.16396120,-0.05568859,0.09946841,-0.02885677,-26.46545333,1.90059562,-0.02885677,-26.46545333,1.90059562,-0.02803192,-26.42700061,1.84533318,-0.00144204,-0.01499420,0.00822521,-0.00080891,-0.00084933,0.00068448
10.810,1.01466821,0.43378047,2.97906013,0.16309942,-0.05651960,0.10012044,-0.00531932,0.00184333,-0.00326533,1.01611656,0.44878353,2.97082708,0.16390986,-0.05567669,0.09943953,-0.02926948,-26.47075100,1.90337884,-0.02926948,-26.47075100,1.90337884,-0.02844469,-26.43232455,1.84813468,-0.00144835,-0.01500306,0.00823305,-0.00081044,-0.00084291,0.00068091
10.820,1.01629894,0.43321536,2.98006117,0.16304591,-0.05650106,0.10008759,-0.00538411,0.00186578,-0.00330510,1.01775358,0.44822725,2.97182031,0.16385787,-0.05566457,0.09941024,-0.02968136,-26.47604249,1.90615977,-0.02968136,-26.47604249,1.90615977,-0.02885677,-26.43763922,1.85093442,-0.00145464,-0.01501189,0.00824086,-0.00081196,-0.00083649,0.00067735
10.830,1.01792913,0.43265044,2.98106188,0.16299174,-0.05648229,0.10005434,-0.00544886,0.00188822,-0.00334485,1.01939005,0.44767110,2.97281322,0.16380522,-0.05565223,0.09938057,-0.03009332,-26.48132391,1.90893898,-0.03009332,-26.48132391,1.90893898,-0.02926948,-26.44294339,1.85373307,-0.00146092,-0.01502066,0.00824866,-0.00081348,-0.00083006,0.00067377
10.840,1.01955877,0.43208572,2.98206225,0.16293693,-0.05646329,0.10002069,-0.00551358,0.00191065,-0.00338458,1.02102597,0.44711508,2.97380582,0.16375192,-0.05563967,0.09935050,-0.03050532,-26.48659364,1.91171553,-0.03050532,-26.48659364,1.91171553,-0.02968136,-26.44824150,1.85652963,-0.00146720,-0.01502936,0.00825643,-0.00081499,-0.00082362,0.00067019
10.850,1.02118787,0.43152118,2.98306229,0.16288147,-0.05644407,0.09998665,-0.00557827,0.00193306,-0.00342429,1.02266133,0.44655920,2.97479811,0.16369797,-0.05562689,0.09932004,-0.03091664,-26.49185647,1.91449161,-0.03091664,-26.49185647,1.91449161,-0.03009332,-26.45352964,1.85932465,-0.00147346,-0.01503802,0.00826418,-0.00081650,-0.00081718,0.00066661
10.860,1.02281640,0.43095684,2.98406198,0.16282536,-0.05642463,0.09995220,-0.00564293,0.00195547,-0.00346398,1.02429613,0.44600345,2.97579008,0.16364337,-0.05561389,0.09928918,-0.03132847,-26.49710886,1.91726467,-0.03132847,-26.49710886,1.91726467,-0.03050532,-26.45880620,1.86211722,-0.00147973,-0.01504661,0.00827190,-0.00081801,-0.00081074,0.00066302
10.870,1.02444437,0.43039269,2.98506133,0.16276861,-0.05640496,0.09991737,-0.00570755,0.00197786,-0.00350364,1.02593035,0.44544784,2.97678172,0.16358812,-0.05560066,0.09925793,-0.03173985,-26.50235287,1.92003705,-0.03173985,-26.50235287,1.92003705,-0.03091664,-26.46407597,1.86490952,-0.00148598,-0.01505515,0.00827961,-0.00081951,-0.00080430,0.00065944
10.880,1.02607177,0.42982874,2.98606033,0.16271121,-0.05638507,0.09988213,-0.00577213,0.00200024,-0.00354329,1.02756400,0.44489237,2.97777303,0.16353221,-0.05558722,0.09922629,-0.03215110,-26.50758731,1.92280758,-0.03215110,-26.50758731,1.92280758,-0.03132847,-26.46933542,1.86769900,-0.00149223,-0.01506363,0.00828730,-0.00082100,-0.00079785,0.00065584
10.890,1.02769859,0.42926499,2.98705897,0.16265317,-0.05636496,0.09984650,-0.00583669,0.00202261,-0.00358292,1.02919706,0.44433704,2.97876401,0.16347565,-0.05557355,0.09919425,-0.03256226,-26.51281257,1.92557551,-0.03256226,-26.51281257,1.92557551,-0.03173985,-26.47458660,1.87048799,-0.00149847,-0.01507205,0.00829496,-0.00082248,-0.00079141,0.00065225
10.900,1.02932483,0.42870144,2.98805726,0.16259448,-0.05634462,0.09981047,-0.00590120,0.00204497,-0.00362252,1.03082953,0.44378186,2.97975466,0.16341845,-0.05555966,0.09916182,-0.03297314,-26.51802874,1.92834281,-0.03297314,-26.51802874,1.92834281,-0.03215110,-26.47982831,1.87327532,-0.00150470,-0.01508042,0.00830260,-0.00082397,-0.00078496,0.00064865
10.910,1.03095048,0.42813810,2.98905518,0.16253515,-0.05632406,0.09977405,-0.00596568,0.00206732,-0.00366210,1.03246140,0.44322683,2.98074496,0.16336059,-0.05554554,0.09912899,-0.03338380,-26.52323459,1.93110717,-0.03338380,-26.52323459,1.93110717,-0.03256226,-26.48506097,1.87606025,-0.00151092,-0.01508873,0.00831022,-0.00082544,-0.00077852,0.00064506
10.920,1.03257553,0.42757496,2.99005274,0.16247517,-0.05630328,0.09973723,-0.00603013,0.00208965,-0.00370166,1.03409266,0.44267195,2.98173492,0.16330208,-0.05553121,0.09909577,-0.03379453,-26.52843253,1.93387055,-0.03379453,-26.52843253,1.93387055,-0.03297314,-26.49028464,1.87884474,-0.00151713,-0.01509699,0.00831782,-0.00082691,-0.00077207,0.00064146
10.930,1.03419998,0.42701203,2.99104993,0.16241454,-0.05628227,0.09970002,-0.00609453,0.00211197,-0.00374120,1.03572332,0.44211722,2.98272454,0.16324292,-0.05551666,0.09906217,-0.03420501,-26.53362065,1.93663213,-0.03420501,-26.53362065,1.93663213,-0.03338380,-26.49549810,1.88162650,-0.00152334,-0.01510519,0.00832539,-0.00082838,-0.00076561,0.00063785
10.940,1.03582382,0.42644931,2.99204674,0.16235328,-0.05626104,0.09966241,-0.00615890,0.00213427,-0.00378071,1.03735335,0.44156264,2.98371380,0.16318311,-0.05550188,0.09902817,-0.03461519,-26.53879970,1.93939088,-0.03461519,-26.53879970,1.93939088,-0.03379453,-26.50070375,1.88440746,-0.00152953,-0.01511333,0.00833294,-0.00082983,-0.00075916,0.00063424
10.950,1.03744705,0.42588681,2.99304317,0.16229137,-0.05623958,0.09962440,-0.00622324,0.00215657,-0.00382020,1.03898276,0.44100822,2.98470271,0.16312265,-0.05548689,0.09899378,-0.03502498,-26.54396775,1.94214734,-0.03502498,-26.54396775,1.94214734,-0.03420501,-26.50589970,1.88718682,-0.00153571,-0.01512141,0.00834046,-0.00083128,-0.00075269,0.00063062
10.960,1.03906965,0.42532452,2.99403922,0.16222881,-0.05621791,0.09958600,-0.00628753,0.00217885,-0.00385967,1.04061155,0.44045396,2.98569125,0.16306155,-0.05547167,0.09895901,-0.03543506,-26.54912791,1.94490221,-0.03543506,-26.54912791,1.94490221,-0.03461519,-26.51108669,1.88996354,-0.00154190,-0.01512944,0.00834797,-0.00083274,-0.00074624,0.00062699
10.970,1.04069162,0.42476245,2.99503489,0.16216562,-0.05619601,0.09954721,-0.00635179,0.00220112,-0.00389912,1.04223969,0.43989986,2.98667944,0.16299979,-0.05545624,0.09892384,-0.03584488,-26.55427795,1.94765611,-0.03584488,-26.55427795,1.94765611,-0.03502498,-26.51626278,1.89273817,-0.00154807,-0.01513741,0.00835545,-0.00083417,-0.00073977,0.00062337
10.980,1.04231296,0.42420060,2.99603017,0.16210178,-0.05617388,0.09950802,-0.00641601,0.00222337,-0.00393854,1.04386719,0.43934593,2.98766725,0.16293739,-0.05544058,0.09888828,-0.03625436,-26.55941828,1.95040804,-0.03625436,-26.55941828,1.95040804,-0.03543506,-26.52143110,1.89551141,-0.00155423,-0.01514533,0.00836292,-0.00083561,-0.00073330,0.00061974
10.990,1.04393365,0.42363898,2.99702505,0.16203729,-0.05615154,0.09946844,-0.00648019,0.00224561,-0.00397794,1.04549405,0.43879216,2.98865470,0.16287434,-0.05542470,0.09885233,-0.03666416,-26.56454802,1.95315713,-0.03666416,-26.56454802,1.95315713,-0.03584488,-26.52658941,1.89828387,-0.00156040,-0.01515318,0.00837035,-0.00083705,-0.00072684,0.00061611
11.000,1.04555370,0.42307757,2.99801953,0.16197217,-0.05612897,0.09942846,-0.00654433,0.00226784,-0.00401731,1.04712024,0.43823855,2.98964177,0.16281064,-0.05540860,0.09881600,-0.03707325,-26.56967090,1.95590386,-0.03707325,-26.56967090,1.95590386,-0.03625436,-26.53173812,1.90105455,-0.00156654,-0.01516098,0.00837776,-0.00083847,-0.00072037,0.00061246
11.010,1.04717310,0.42251640,2.99901362,0.16190641,-0.05610618,0.09938809,-0.00660843,0.00229005,-0.00405666,1.04874577,0.43768512,2.99062846,0.16274630,-0.05539228,0.09877927,-0.03748191,-26.57478171,1.95865042,-0.03748191,-26.57478171,1.95865042,-0.03666416,-26.53687636,1.90382259,-0.00157267,-0.01516872,0.00838516,-0.00083989,-0.00071390,0.00060882
11.020,1.04879183,0.42195545,3.00000730,0.16184000,-0.05608317,0.09934733,-0.00667249,0.00231225,-0.00409599,1.05037064,0.43713186,2.99161477,0.16268131,-0.05537574,0.09874215,-0.03789095,-26.57988488,1.96139442,-0.03789095,-26.57988488,1.96139442,-0.03707325,-26.54200784,1.90658846,-0.00157881,-0.01517641,0.00839253,-0.00084131,-0.00070743,0.00060518
11.030,1.05040989,0.42139474,3.00100056,0.16177296,-0.05605994,0.09930617,-0.00673651,0.00233444,-0.00413529,1.05199483,0.43657877,2.99260069,0.16261567,-0.05535898,0.09870464,-0.03829981,-26.58497683,1.96413479,-0.03829981,-26.58497683,1.96413479,-0.03748191,-26.54712736,1.90935436,-0.00158494,-0.01518403,0.00839987,-0.00084271,-0.00070096,0.00060153
11.040,1.05202729,0.42083425,3.00199342,0.16170527,-0.05603648,0.09926462,-0.00680049,0.00235661,-0.00417456,1.05361833,0.43602586,2.99358622,0.16254939,-0.05534200,0.09866674,-0.03870791,-26.59006161,1.96687520,-0.03870791,-26.59006161,1.96687520,-0.03789095,-26.55223935,1.91211789,-0.00159104,-0.01519161,0.00840720,-0.00084412,-0.00069448,0.00059788
11.050,1.05364400,0.42027401,3.00298585,0.16163695,-0.05601280,0.09922268,-0.00686443,0.00237876,-0.00421381,1.05524115,0.43547313,2.99457135,0.16248246,-0.05532480,0.09862845,-0.03911620,-26.59513404,1.96961178,-0.03911620,-26.59513404,1.96961178,-0.03829981,-26.55734023,1.91487800,-0.00159715,-0.01519912,0.00841450,-0.00084551,-0.00068800,0.00059423
11.060,1.05526002,0.41971400,3.00397787,0.16156799,-0.05598891,0.09918035,-0.00692833,0.00240091,-0.00425303,1.05686327,0.43492058,2.99555609,0.16241488,-0.05530738,0.09858977,-0.03952448,-26.60019885,1.97234806,-0.03952448,-26.60019885,1.97234806,-0.03870791,-26.56243405,1.91763833,-0.00160325,-0.01520658,0.00842178,-0.00084689,-0.00068153,0.00059058
11.070,1.05687535,0.41915423,3.00496946,0.16149838,-0.05596479,0.09913762,-0.00699218,0.00242303,-0.00429223,1.05848469,0.43436821,2.99654043,0.16234667,-0.05528974,0.09855071,-0.03993254,-26.60525381,1.97508158,-0.03993254,-26.60525381,1.97508158,-0.03911620,-26.56751564,1.92039503,-0.00160934,-0.01521398,0.00842903,-0.00084829,-0.00067505,0.00058691
11.080,1.05848999,0.41859470,3.00596062,0.16142814,-0.05594045,0.09909450,-0.00705600,0.00244515,-0.00433140,1.06010540,0.43381603,2.99752435,0.16227780,-0.05527187,0.09851125,-0.04033984,-26.61029967,1.97781297,-0.04033984,-26.61029967,1.97781297,-0.03952448,-26.57258971,1.92315163,-0.00161541,-0.01522133,0.00843627,-0.00084966,-0.00066858,0.00058325
11.090,1.06010391,0.41803542,3.00695135,0.16135726,-0.05591588,0.09905099,-0.00711977,0.00246725,-0.00437055,1.06172540,0.43326403,2.99850787,0.16220830,-0.05525379,0.09847140,-0.04074767,-26.61533449,1.98054280,-0.04074767,-26.61533449,1.98054280,-0.03993254,-26.57765404,1.92590565,-0.00162149,-0.01522861,0.00844348,-0.00085104,-0.00066209,0.00057959
11.100,1.06171713,0.41747639,3.00794164,0.16128575,-0.05589110,0.09900709,-0.00718349,0.00248933,-0.00440967,1.06334468,0.43271223,2.99949098,0.16213815,-0.05523549,0.09843117,-0.04115459,-26.62035939,1.98327016,-0.04115459,-26.62035939,1.98327016,-0.04033984,-26.58270938,1.92865774,-0.00162755,-0.01523584,0.00845066,-0.00085240,-0.00065561,0.00057592
11.110,1.06332963,0.41691760,3.00893149,0.16121359,-0.05586610,0.09896280,-0.00724718,0.00251140,-0.00444876,1.06496323,0.43216061,3.00047366,0.16206736,-0.05521697,0.09839055,-0.04156155,-26.62537644,1.98599560,-0.04156155,-26.62537644,1.98599560,-0.04074767,-26.58775379,1.93140846,-0.00163360,-0.01524301,0.00845783,-0.00085377,-0.00064913,0.00057225
11.120,1.06494140,0.41635906,3.00992089,0.16114080,-0.05584087,0.09891812,-0.00731081,0.00253345,-0.00448783,1.06658104,0.43160919,3.00145593,0.16199592,-0.05519822,0.09834954,-0.04196846,-26.63038374,1.98871820,-0.04196846,-26.63038374,1.98871820,-0.04115459,-26.59278839,1.93415690,-0.00163964,-0.01525013,0.00846496,-0.00085512,-0.00064265,0.00056858
11.130,1.06655244,0.41580078,3.01090985,0.16106738,-0.05581543,0.09887304,-0.00737441,0.00255549,-0.00452687,1.06819812,0.43105797,3.00243777,0.16192385,-0.05517926,0.09830814,-0.04237503,-26.63538039,1.99143994,-0.04237503,-26.63538039,1.99143994,-0.04156155,-26.59781525,1.93690362,-0.00164568,-0.01525719,0.00847208,-0.00085647,-0.00063617,0.00056490
11.140,1.06816275,0.41524276,3.01189835,0.16099332,-0.05578976,0.09882758,-0.00743796,0.00257751,-0.00456588,1.06981445,0.43050694,3.00341918,0.16185113,-0.05516008,0.09826636,-0.04278106,-26.64036612,1.99415861,-0.04278106,-26.64036612,1.99415861,-0.04196846,-26.60283248,1.93964770,-0.00165170,-0.01526418,0.00847917,-0.00085781,-0.00062968,0.00056122
11.150,1.06977231,0.41468499,3.01288640,0.16091862,-0.05576388,0.09878173,-0.00750146,0.00259952,-0.00460486,1.07143002,0.42995612,3.00440016,0.16177777,-0.05514068,0.09822419,-0.04318722,-26.64534403,1.99687616,-0.04318722,-26.64534403,1.99687616,-0.04237503,-26.60783916,1.94239110,-0.00165771,-0.01527113,0.00848624,-0.00085915,-0.00062320,0.00055754
11.160,1.07138112,0.41412748,3.01387399,0.16084329,-0.05573777,0.09873548,-0.00756492,0.00262151,-0.00464381,1.07304484,0.42940550,3.00538070,0.16170377,-0.05512105,0.09818163,-0.04359309,-26.65031188,1.99959160,-0.04359309,-26.65031188,1.99959160,-0.04278106,-26.61283502,1.94513164,-0.00166372,-0.01527802,0.00849329,-0.00086048,-0.00061672,0.00055385
11.170,1.07298917,0.41357023,3.01486111,0.16076732,-0.05571145,0.09868885,-0.00762833,0.00264348,-0.00468274,1.07465889,0.42885508,3.00636079,0.16162913,-0.05510121,0.09813868,-0.04399897,-26.65527078,2.00230416,-0.04399897,-26.65527078,2.00230416,-0.04318722,-26.61782318,1.94787124,-0.00166972,-0.01528485,0.00850032,-0.00086181,-0.00061024,0.00055017
11.180,1.07459646,0.41301325,3.01584776,0.16069072,-0.05568490,0.09864183,-0.00769170,0.00266544,-0.00472164,1.07627217,0.42830487,3.00734045,0.16155385,-0.05508115,0.09809535,-0.04440443,-26.66021843,2.00501428,-0.04440443,-26.66021843,2.00501428,-0.04359309,-26.62280140,1.95060892,-0.00167571,-0.01529162,0.00850731,-0.00086313,-0.00060375,0.00054648
11.190,1.07620298,0.41245654,3.01683394,0.16061349,-0.05565814,0.09859442,-0.00775502,0.00268738,-0.00476051,1.07788468,0.42775487,3.00831965,0.16147793,-0.05506087,0.09805164,-0.04480966,-26.66515593,2.00772256,-0.04480966,-26.66515593,2.00772256,-0.04399897,-26.62777076,1.95334391,-0.00168170,-0.01529833,0.00851429,-0.00086444,-0.00059727,0.00054278
11.200,1.07780873,0.41190009,3.01781965,0.16053562,-0.05563116,0.09854662,-0.00781829,0.00270931,-0.00479935,1.07949639,0.42720508,3.00929840,0.16140137,-0.05504037,0.09800754,-0.04521444,-26.67008540,2.01042958,-0.04521444,-26.67008540,2.01042958,-0.04440443,-26.63272899,1.95607667,-0.00168766,-0.01530499,0.00852125,-0.00086575,-0.00059079,0.00053908
11.210,1.07941369,0.41134391,3.01880488,0.16045712,-0.05560395,0.09849843,-0.00788152,0.00273122,-0.00483816,1.08110732,0.42665551,3.01027670,0.16132417,-0.05501965,0.09796305,-0.04561937,-26.67500491,2.01313444,-0.04561937,-26.67500491,2.01313444,-0.04480966,-26.63767718,1.95880777,-0.00169363,-0.01531160,0.00852818,-0.00086705,-0.00058430,0.00053538
11.220,1.08101787,0.41078801,3.01978962,0.16037799,-0.05557653,0.09844985,-0.00794469,0.00275311,-0.00487694,1.08271745,0.42610615,3.01125454,0.16124633,-0.05499872,0.09791818,-0.04602361,-26.67991356,2.01583616,-0.04602361,-26.67991356,2.01583616,-0.04521444,-26.64261745,1.96153780,-0.00169958,-0.01531814,0.00853508,-0.00086834,-0.00057781,0.00053167
11.230,1.08262125,0.41023238,3.02077387,0.16029823,-0.05554889,0.09840089,-0.00800782,0.00277499,-0.00491569,1.08432677,0.42555701,3.01223191,0.16116786,-0.05497756,0.09787292,-0.04642787,-26.68481339,2.01853538,-0.04642787,-26.68481339,2.01853538,-0.04561937,-26.64754787,1.96426586,-0.00170552,-0.01532463,0.00854196,-0.00086963,-0.00057133,0.00052797
11.240,1.08422383,0.40967703,3.02175763,0.16021783,-0.05552103,0.09835154,-0.00807090,0.00279685,-0.00495442,1.08593529,0.42500809,3.01320881,0.16108875,-0.05495619,0.09782729,-0.04683194,-26.68970285,2.02123259,-0.04683194,-26.68970285,2.02123259,-0.04602361,-26.65246753,1.96699097,-0.00171146,-0.01533106,0.00854882,-0.00087092,-0.00056484,0.00052425
11.250,1.08582560,0.40912196,3.02274090,0.16013681,-0.05549295,0.09830180,-0.00813393,0.00281869,-0.00499311,1.08754298,0.42445939,3.01418524,0.16100900,-0.05493459,0.09778126,-0.04723577,-26.69458236,2.02392838,-0.04723577,-26.69458236,2.02392838,-0.04642787,-26.65737849,1.96971378,-0.00171738,-0.01533743,0.00855566,-0.00087219,-0.00055836,0.00052054
11.260,1.08742656,0.40856718,3.02372367,0.16005515,-0.05546466,0.09825168,-0.00819691,0.00284051,-0.00503177,1.08914986,0.42391091,3.01516120,0.16092862,-0.05491278,0.09773485,-0.04763930,-26.69945068,2.02662194,-0.04763930,-26.69945068,2.02662194,-0.04683194,-26.66227918,1.97243477,-0.00172330,-0.01534373,0.00856247,-0.00087347,-0.00055188,0.00051683
11.270,1.08902671,0.40801267,3.02470593,0.15997287,-0.05543614,0.09820117,-0.00825984,0.00286232,-0.00507040,1.09075590,0.42336267,3.01613668,0.16084760,-0.05489075,0.09768806,-0.04804196,-26.70431155,2.02931222,-0.04804196,-26.70431155,2.02931222,-0.04723577,-26.66717003,1.97515453,-0.00172919,-0.01535000,0.00856925,-0.00087473,-0.00054539,0.00051311
11.280,1.09062602,0.40745845,3.02568769,0.15988996,-0.05540741,0.09815027,-0.00832273,0.00288411,-0.00510900,1.09236111,0.42281465,3.01711167,0.16076595,-0.05486850,0.09764089,-0.04844507,-26.70916209,2.03200127,-0.04844507,-26.70916209,2.03200127,-0.04763930,-26.67204980,1.97787226,-0.00173509,-0.01535620,0.00857602,-0.00087599,-0.00053891,0.00050938
11.290,1.09222450,0.40690452,3.02666894,0.15980642,-0.05537846,0.09809899,-0.00838556,0.00290589,-0.00514757,1.09396548,0.42226686,3.01808618,0.16068366,-0.05484603,0.09759333,-0.04884782,-26.71400236,2.03468829,-0.04884782,-26.71400236,2.03468829,-0.04804196,-26.67692223,1.98058689,-0.00174098,-0.01536234,0.00858276,-0.00087724,-0.00053243,0.00050566
11.300,1.09382215,0.40635089,3.02764967,0.15972225,-0.05534929,0.09804732,-0.00844833,0.00292764,-0.00518611,1.09556900,0.42171931,3.01906019,0.16060074,-0.05482335,0.09754539,-0.04924989,-26.71883078,2.03737223,-0.04924989,-26.71883078,2.03737223,-0.04844507,-26.68178444,1.98330049,-0.00174685,-0.01536842,0.00858948,-0.00087849,-0.00052594,0.00050193
11.310,1.09541895,0.40579754,3.02862988,0.15963745,-0.05531991,0.09799527,-0.00851106,0.00294938,-0.00522461,1.09717167,0.42117199,3.02003371,0.16051718,-0.05480044,0.09749706,-0.04965198,-26.72365209,2.04005371,-0.04965198,-26.72365209,2.04005371,-0.04884782,-26.68663650,1.98601225,-0.00175272,-0.01537445,0.00859617,-0.00087973,-0.00051947,0.00049821
11.320,1.09701489,0.40524449,3.02960957,0.15955203,-0.05529031,0.09794283,-0.00857374,0.00297110,-0.00526309,1.09877347,0.42062491,3.02100674,0.16043299,-0.05477732,0.09744836,-0.05005416,-26.72846241,2.04273324,-0.05005416,-26.72846241,2.04273324,-0.04924989,-26.69147680,1.98872111,-0.00175858,-0.01538042,0.00860283,-0.00088096,-0.00051299,0.00049447
11.330,1.09860998,0.40469173,3.03058874,0.15946597,-0.05526049,0.09789000,-0.00863636,0.00299280,-0.00530153,1.10037441,0.42007808,3.02197926,0.16034817,-0.05475398,0.09739927,-0.05045585,-26.73326414,2.04541140,-0.05045585,-26.73326414,2.04541140,-0.04965198,-26.69631011,1.99142771,-0.00176443,-0.01538635,0.00860948,-0.00088220,-0.00050651,0.00049073
11.340,1.10020421,0.40413928,3.03156737,0.15937930,-0.05523045,0.09783680,-0.00869893,0.00301448,-0.00533994,1.10197447,0.41953148,3.02295127,0.16026272,-0.05473042,0.09734979,-0.05085689,-26.73805370,2.04808595,-0.05085689,-26.73805370,2.04808595,-0.05005416,-26.70113254,1.99413255,-0.00177026,-0.01539220,0.00861610,-0.00088342,-0.00050003,0.00048701
11.350,1.10179757,0.40358713,3.03254547,0.15929200,-0.05520020,0.09778321,-0.00876145,0.00303614,-0.00537831,1.10357366,0.41898512,3.02392277,0.16017663,-0.05470664,0.09729994,-0.05125770,-26.74283382,2.05075871,-0.05125770,-26.74283382,2.05075871,-0.05045585,-26.70594648,1.99683621,-0.00177609,-0.01539799,0.00862270,-0.00088463,-0.00049356,0.00048327
11.360,1.10339005,0.40303528,3.03352303,0.15920407,-0.05516973,0.09772923,-0.00882391,0.00305779,-0.00541666,1.10517195,0.41843902,3.02489376,0.16008991,-0.05468265,0.09724970,-0.05165848,-26.74760461,2.05342878,-0.05165848,-26.74760461,2.05342878,-0.05085689,-26.71074837,1.99953645,-0.00178190,-0.01540374,0.00862927,-0.00088584,-0.00048708,0.00047953
11.370,1.10498165,0.40248373,3.03450006,0.15911552,-0.05513904,0.09767487,-0.00888632,0.00307942,-0.00545497,1.10676936,0.41789316,3.02586424,0.16000257,-0.05465844,0.09719909,-0.05205880,-26.75236648,2.05609833,-0.05205880,-26.75236648,2.05609833,-0.05125770,-26.71554092,2.00223509,-0.00178771,-0.01540943,0.00863582,-0.00088705,-0.00048060,0.00047578
11.380,1.10657236,0.40193250,3.03547653,0.15902634,-0.05510814,0.09762013,-0.00894867,0.00310103,-0.00549324,1.10836586,0.41734755,3.02683419,0.15991459,-0.05463401,0.09714809,-0.05245897,-26.75711620,2.05876343,-0.05245897,-26.75711620,2.05876343,-0.05165848,-26.72032425,2.00493123,-0.00179350,-0.01541505,0.00864234,-0.00088825,-0.00047413,0.00047204
11.390,1.10816217,0.40138157,3.03645246,0.15893655,-0.05507702,0.09756501,-0.00901097,0.00312261,-0.00553149,1.10996147,0.41680220,3.02780361,0.15982598,-0.05460936,0.09709671,-0.05285894,-26.76185779,2.06142757,-0.05285894,-26.76185779,2.06142757,-0.05205880,-26.72509877,2.00762704,-0.00179930,-0.01542063,0.00864885,-0.00088943,-0.00046766,0.00046830
11.400,1.10975109,0.40083096,3.03742783,0.15884612,-0.05504569,0.09750950,-0.00907322,0.00314418,-0.00556970,1.11155616,0.41625710,3.02877251,0.15973675,-0.05458450,0.09704495,-0.05325827,-26.76658806,2.06408825,-0.05325827,-26.76658806,2.06408825,-0.05245897,-26.72986125,2.01031859,-0.00180507,-0.01542614,0.00865532,-0.00089063,-0.00046119,0.00046455
11.410,1.11133909,0.40028066,3.03840265,0.15875508,-0.05501414,0.09745361,-0.00913541,0.00316574,-0.00560787,1.11314993,0.41571226,3.02974087,0.15964688,-0.05455942,0.09699282,-0.05365778,-26.77130904,2.06674761,-0.05365778,-26.77130904,2.06674761,-0.05285894,-26.73461571,2.01300936,-0.00181084,-0.01543160,0.00866178,-0.00089180,-0.00045472,0.00046079
11.420,1.11292618,0.39973067,3.03937690,0.15866342,-0.05498237,0.09739734,-0.00919754,0.00318727,-0.00564602,1.11474278,0.41516768,3.03070870,0.15955639,-0.05453412,0.09694031,-0.05405679,-26.77602117,2.06940322,-0.05405679,-26.77602117,2.06940322,-0.05325827,-26.73935895,2.01569687,-0.00181660,-0.01543701,0.00866820,-0.00089297,-0.00044825,0.00045703
11.430,1.11451236,0.39918101,3.04035059,0.15857113,-0.05495039,0.09734069,-0.00925962,0.00320878,-0.00568412,1.11633470,0.41462335,3.03167599,0.15946527,-0.05450860,0.09688742,-0.05445512,-26.78072120,2.07205712,-0.05445512,-26.78072120,2.07205712,-0.05365778,-26.74409301,2.01838324,-0.00182234,-0.01544234,0.00867460,-0.00089414,-0.00044179,0.00045327
11.440,1.11609761,0.39863167,3.04132371,0.15847822,-0.05491820,0.09728366,-0.00932164,0.00323027,-0.00572219,1.11792568,0.41407930,3.03264273,0.15937352,-0.05448287,0.09683415,-0.05485333,-26.78541153,2.07470841,-0.05485333,-26.78541153,2.07470841,-0.05405679,-26.74881833,2.02106605,-0.00182807,-0.01544763,0.00868098,-0.00089530,-0.00043533,0.00044951
11.450,1.11768192,0.39808265,3.04229626,0.15838470,-0.05488579,0.09722625,-0.00938360,0.00325174,-0.00576023,1.11951572,0.41353551,3.03360893,0.15928115,-0.05445692,0.09678050,-0.05525150,-26.79009225,2.07735764,-0.05525150,-26.79009225,2.07735764,-0.05445512,-26.75353166,2.02374735,-0.00183380,-0.01545286,0.00868733,-0.00089645,-0.00042887,0.00044575
11.460,1.11926530,0.39753395,3.04326824,0.15829055,-0.05485316,0.09716846,-0.00944551,0.00327320,-0.00579823,1.12110481,0.41299198,3.03457457,0.15918815,-0.05443076,0.09672647,-0.05564906,-26.79476378,2.08000539,-0.05564906,-26.79476378,2.08000539,-0.05485333,-26.75823540,2.02642622,-0.00183951,-0.01545803,0.00869367,-0.00089760,-0.00042240,0.00044199
11.470,1.12084773,0.39698558,3.04423963,0.15819579,-0.05482032,0.09711029,-0.00950736,0.00329463,-0.00583620,1.12269295,0.41244873,3.03553966,0.15909453,-0.05440438,0.09667206,-0.05604648,-26.79942489,2.08264920,-0.05604648,-26.79942489,2.08264920,-0.05525150,-26.76292963,2.02910322,-0.00184522,-0.01546315,0.00869997,-0.00089874,-0.00041594,0.00043823
11.480,1.12242921,0.39643755,3.04521044,0.15810041,-0.05478727,0.09705173,-0.00956915,0.00331604,-0.00587413,1.12428012,0.41190575,3.03650419,0.15900028,-0.05437778,0.09661728,-0.05644356,-26.80407395,2.08529100,-0.05644356,-26.80407395,2.08529100,-0.05564906,-26.76761479,2.03177892,-0.00185091,-0.01546820,0.00870625,-0.00089987,-0.00040949,0.00043445
11.490,1.12400974,0.39588984,3.04618066,0.15800441,-0.05475400,0.09699280,-0.00963088,0.00333743,-0.00591202,1.12586633,0.41136305,3.03746816,0.15890541,-0.05435097,0.09656212,-0.05684000,-26.80871502,2.08793005,-0.05684000,-26.80871502,2.08793005,-0.05604648,-26.77228962,2.03445089,-0.00185659,-0.01547321,0.00871250,-0.00090100,-0.00040303,0.00043068
11.500,1.12558930,0.39534247,3.04715030,0.15790779,-0.05472052,0.09693349,-0.00969255,0.00335880,-0.00594988,1.12745157,0.41082062,3.03843155,0.15880991,-0.05432394,0.09650658,-0.05723649,-26.81334492,2.09056833,-0.05723649,-26.81334492,2.09056833,-0.05644356,-26.77695252,2.03712101,-0.00186227,-0.01547815,0.00871875,-0.00090212,-0.00039658,0.00042691
11.510,1.12716789,0.39479543,3.04811933,0.15781055,-0.05468683,0.09687381,-0.00975416,0.00338016,-0.00598770,1.12903582,0.41027847,3.03939438,0.15871380,-0.05429670,0.09645067,-0.05763273,-26.81796603,2.09320201,-0.05763273,-26.81796603,2.09320201,-0.05684000,-26.78160754,2.03978859,-0.00186793,-0.01548304,0.00872495,-0.00090325,-0.00039013,0.00042314
11.520,1.12874551,0.39424873,3.04908777,0.15771270,-0.05465292,0.09681374,-0.00981571,0.00340149,-0.00602549,1.13061909,0.40973660,3.04035664,0.15861706,-0.05426924,0.09639438,-0.05802831,-26.82257641,2.09583439,-0.05802831,-26.82257641,2.09583439,-0.05723649,-26.78625149,2.04245558,-0.00187358,-0.01548787,0.00873113,-0.00090436,-0.00038368,0.00041936
11.530,1.13032214,0.39370237,3.05005561,0.15761424,-0.05461880,0.09675330,-0.00987721,0.00342279,-0.00606324,1.13220137,0.40919501,3.04131832,0.15851969,-0.05424156,0.09633771,-0.05842390,-26.82717682,2.09846476,-0.05842390,-26.82717682,2.09846476,-0.05763273,-26.79088676,2.04511816,-0.00187923,-0.01549264,0.00873729,-0.00090545,-0.00037724,0.00041559
11.540,1.13189779,0.39315636,3.05102284,0.15751516,-0.05458446,0.09669248,-0.00993864,0.00344408,-0.00610095,1.13378264,0.40865371,3.04227941,0.15842171,-0.05421367,0.09628067,-0.05881884,-26.83176532,2.10109206,-0.05881884,-26.83176532,2.10109206,-0.05802831,-26.79551141,2.04777962,-0.00188485,-0.01549735,0.00874343,-0.00090655,-0.00037079,0.00041181
11.550,1.13347244,0.39261068,3.05198945,0.15741547,-0.05454991,0.09663128,-0.01000001,0.00346535,-0.00613862,1.13536292,0.40811270,3.04323992,0.15832311,-0.05418556,0.09622326,-0.05921369,-26.83634664,2.10371530,-0.05921369,-26.83634664,2.10371530,-0.05842390,-26.80012620,2.05043925,-0.00189048,-0.01550202,0.00874953,-0.00090764,-0.00036435,0.00040802
11.560,1.13504610,0.39206536,3.05295546,0.15731516,-0.05451515,0.09656970,-0.01006132,0.00348660,-0.00617625,1.13694218,0.40757198,3.04419984,0.15822389,-0.05415724,0.09616547,-0.05960778,-26.84091524,2.10633805,-0.05960778,-26.84091524,2.10633805,-0.05881884,-26.80472918,2.05309600,-0.00189608,-0.01550662,0.00875562,-0.00090873,-0.00035791,0.00040423
11.570,1.13661874,0.39152038,3.05392085,0.15721424,-0.05448018,0.09650775,-0.01012257,0.00350782,-0.00621385,1.13852042,0.40703155,3.04515917,0.15812404,-0.05412871,0.09610731,-0.06000218,-26.84547551,2.10895803,-0.06000218,-26.84547551,2.10895803,-0.05921369,-26.80932509,2.05574889,-0.00190168,-0.01551117,0.00876168,-0.00090980,-0.00035147,0.00040044
11.580,1.13819038,0.39097575,3.05488561,0.15711271,-0.05444500,0.09644543,-0.01018375,0.00352902,-0.00625141,1.14009765,0.40649141,3.04611790,0.15802358,-0.05409996,0.09604877,-0.06039559,-26.85002588,2.11157424,-0.06039559,-26.85002588,2.11157424,-0.05960778,-26.81390838,2.05840147,-0.00190727,-0.01551566,0.00876771,-0.00091087,-0.00034504,0.00039666
11.590,1.13976100,0.39043148,3.05584976,0.15701057,-0.05440960,0.09638272,-0.01024487,0.00355020,-0.00628893,1.14167384,0.40595157,3.04707603,0.15792250,-0.05407099,0.09598986,-0.06078871,-26.85456438,2.11419003,-0.06078871,-26.85456438,2.11419003,-0.06000218,-26.81848346,2.06105146,-0.00191284,-0.01552009,0.00877373,-0.00091193,-0.00033861,0.00039286
11.600,1.14133059,0.38988756,3.05681327,0.15690781,-0.05437399,0.09631965,-0.01030593,0.00357136,-0.00632641,1.14324900,0.40541203,3.04803356,0.15782081,-0.05404181,0.09593058,-0.06118187,-26.85909377,2.11680178,-0.06118187,-26.85909377,2.11680178,-0.06039559,-26.82304874,2.06369788,-0.00191841,-0.01552447,0.00877971,-0.00091300,-0.00033218,0.00038907
11.610,1.14289915,0.38934400,3.05777615,0.15680445,-0.05433818,0.09625620,-0.01036693,0.00359250,-0.00636386,1.14482311,0.40487279,3.04899048,0.15771850,-0.05401242,0.09587092,-0.06157451,-26.86361281,2.11941128,-0.06157451,-26.86361281,2.11941128,-0.06078871,-26.82760226,2.06634405,-0.00192396,-0.01552879,0.00878567,-0.00091405,-0.00032576,0.00038528
11.620,1.14446668,0.38880080,3.05873839,0.15670047,-0.05430214,0.09619237,-0.01042786,0.00361361,-0.00640126,1.14639618,0.40433385,3.04994679,0.15761557,-0.05398281,0.09581090,-0.06196658,-26.86812086,2.12201760,-0.06196658,-26.86812086,2.12201760,-0.06118187,-26.83214678,2.06898637,-0.00192950,-0.01553305,0.00879160,-0.00091510,-0.00031933,0.00038147
11.630,1.14603316,0.38825796,3.05969999,0.15659589,-0.05426590,0.09612817,-0.01048873,0.00363471,-0.00643862,1.14796819,0.40379521,3.05090248,0.15751202,-0.05395299,0.09575050,-0.06235854,-26.87261938,2.12462139,-0.06235854,-26.87261938,2.12462139,-0.06157451,-26.83668105,2.07162663,-0.00193503,-0.01553725,0.00879751,-0.00091613,-0.00031291,0.00037767
11.640,1.14759859,0.38771548,3.06066095,0.15649070,-0.05422945,0.09606360,-0.01054953,0.00365578,-0.00647595,1.14953915,0.40325688,3.05185756,0.15740786,-0.05392295,0.09568973,-0.06275021,-26.87710844,2.12722323,-0.06275021,-26.87710844,2.12722323,-0.06196658,-26.84120444,2.07426390,-0.00194056,-0.01554140,0.00880339,-0.00091716,-0.00030650,0.00037387
11.650,1.14916297,0.38717337,3.06162126,0.15638490,-0.05419279,0.09599865,-0.01061027,0.00367683,-0.00651323,1.15110903,0.40271886,3.05281201,0.15730309,-0.05389270,0.09562858,-0.06314129,-26.88158647,2.12982208,-0.06314129,-26.88158647,2.12982208,-0.06235854,-26.84571840,2.07689882,-0.00194606,-0.01554549,0.00880925,-0.00091819,-0.00030009,0.00037007
11.660,1.15072629,0.38663163,3.06258092,0.15627849,-0.05415591,0.09593333,-0.01067094,0.00369785,-0.00655048,1.15267785,0.40218115,3.05376583,0.15719770,-0.05386224,0.09556706,-0.06353199,-26.88605350,2.13241859,-0.06353199,-26.88605350,2.13241859,-0.06275021,-26.85022302,2.07953197,-0.00195156,-0.01554952,0.00881509,-0.00091921,-0.00029367,0.00036627
11.670,1.15228854,0.38609025,3.06353993,0.15617148,-0.05411883,0.09586764,-0.01073155,0.00371885,-0.00658768,1.15424559,0.40164376,3.05471903,0.15709170,-0.05383156,0.09550517,-0.06392237,-26.89051265,2.13501330,-0.06392237,-26.89051265,2.13501330,-0.06314129,-26.85471670,2.08216233,-0.00195705,-0.01555351,0.00882090,-0.00092022,-0.00028727,0.00036247
11.680,1.15384971,0.38554925,3.06449828,0.15606386,-0.05408154,0.09580158,-0.01079209,0.00373983,-0.00662485,1.15581224,0.40110668,3.05567159,0.15698509,-0.05380067,0.09544291,-0.06431278,-26.89495998,2.13760526,-0.06431278,-26.89495998,2.13760526,-0.06353199,-26.85919950,2.08479052,-0.00196253,-0.01555743,0.00882669,-0.00092123,-0.00028087,0.00035867
11.690,1.15540981,0.38500862,3.06545596,0.15595564,-0.05404403,0.09573515,-0.01085256,0.00376079,-0.00666197,1.15737780,0.40056992,3.05662351,0.15687787,-0.05376956,0.09538028,-0.06470228,-26.89939752,2.14019348,-0.06470228,-26.89939752,2.14019348,-0.06392237,-26.86367452,2.08741710,-0.00196799,-0.01556130,0.00883245,-0.00092223,-0.00027447,0.00035487
11.700,1.15696883,0.38446837,3.06641298,0.15584681,-0.05400632,0.09566834,-0.01091297,0.00378172,-0.00669905,1.15894227,0.40003347,3.05757480,0.15677003,-0.05373825,0.09531728,-0.06509120,-26.90382437,2.14277987,-0.06509120,-26.90382437,2.14277987,-0.06431278,-26.86813783,2.09004112,-0.00197344,-0.01556510,0.00883818,-0.00092322,-0.00026807,0.00035106
11.710,1.15852675,0.38392850,3.06736932,0.15573738,-0.05396840,0.09560117,-0.01097331,0.00380263,-0.00673609,1.16050563,0.39949735,3.05852543,0.15666159,-0.05370672,0.09525391,-0.06548012,-26.90824058,2.14536219,-0.06548012,-26.90824058,2.14536219,-0.06470228,-26.87259146,2.09266157,-0.00197888,-0.01556885,0.00884389,-0.00092421,-0.00026168,0.00034726
11.720,1.16008357,0.38338901,3.06832500,0.15562735,-0.05393027,0.09553362,-0.01103358,0.00382352,-0.00677309,1.16206788,0.39896155,3.05947542,0.15655253,-0.05367497,0.09519018,-0.06586875,-26.91264657,2.14794379,-0.06586875,-26.91264657,2.14794379,-0.06509120,-26.87703449,2.09528038,-0.00198431,-0.01557254,0.00884958,-0.00092518,-0.00025530,0.00034344
11.730,1.16163929,0.38284989,3.06928000,0.15551671,-0.05389193,0.09546570,-0.01109378,0.00384438,-0.00681004,1.16362902,0.39842608,3.06042476,0.15644287,-0.05364302,0.09512607,-0.06625691,-26.91704478,2.15052237,-0.06625691,-26.91704478,2.15052237,-0.06548012,-26.88146701,2.09789531,-0.00198973,-0.01557619,0.00885524,-0.00092616,-0.00024891,0.00033963
11.740,1.16319390,0.38231117,3.07023431,0.15540547,-0.05385338,0.09539742,-0.01115392,0.00386522,-0.00684696,1.16518904,0.39789094,3.06137344,0.15633260,-0.05361085,0.09506160,-0.06664469,-26.92142959,2.15309701,-0.06664469,-26.92142959,2.15309701,-0.06586875,-26.88588940,2.10050970,-0.00199514,-0.01557977,0.00886087,-0.00092713,-0.00024253,0.00033582
11.750,1.16474740,0.38177283,3.07118794,0.15529363,-0.05381463,0.09532876,-0.01121398,0.00388603,-0.00688383,1.16674793,0.39735613,3.06232147,0.15622172,-0.05357847,0.09499676,-0.06703179,-26.92580572,2.15566955,-0.06703179,-26.92580572,2.15566955,-0.06625691,-26.89030411,2.10312125,-0.00200053,-0.01558330,0.00886647,-0.00092809,-0.00023616,0.00033200
11.760,1.16629977,0.38123488,3.07214089,0.15518119,-0.05377566,0.09525974,-0.01127398,0.00390682,-0.00692066,1.16830569,0.39682165,3.06326882,0.15611023,-0.05354588,0.09493155,-0.06741892,-26.93017092,2.15824075,-0.06741892,-26.93017092,2.15824075,-0.06664469,-26.89470554,2.10572905,-0.00200592,-0.01558677,0.00887207,-0.00092904,-0.00022978,0.00032819
11.770,1.16785102,0.38069731,3.07309314,0.15506815,-0.05373649,0.09519035,-0.01133391,0.00392759,-0.00695745,1.16986231,0.39628750,3.06421552,0.15599814,-0.05351307,0.09486598,-0.06780527,-26.93452829,2.16080808,-0.06780527,-26.93452829,2.16080808,-0.06703179,-26.89909839,2.10833492,-0.00201129,-0.01559019,0.00887762,-0.00092999,-0.00022342,0.00032437
11.780,1.16940114,0.38016015,3.07404469,0.15495451,-0.05369711,0.09512059,-0.01139376,0.00394833,-0.00699419,1.17141778,0.39575369,3.06516154,0.15588544,-0.05348006,0.09480004,-0.06819106,-26.93887187,2.16337201,-0.06819106,-26.93887187,2.16337201,-0.06741892,-26.90348042,2.11093964,-0.00201664,-0.01559354,0.00888315,-0.00093093,-0.00021705,0.00032055
11.790,1.17095011,0.37962337,3.07499555,0.15484028,-0.05365752,0.09505047,-0.01145355,0.00396905,-0.00703089,1.17297210,0.39522022,3.06610689,0.15577214,-0.05344683,0.09473373,-0.06857688,-26.94320801,2.16593468,-0.06857688,-26.94320801,2.16593468,-0.06780527,-26.90785472,2.11354067,-0.00202199,-0.01559685,0.00888866,-0.00093186,-0.00021069,0.00031674
11.800,1.17249794,0.37908700,3.07594570,0.15472544,-0.05361773,0.09497998,-0.01151326,0.00398974,-0.00706755,1.17452527,0.39468709,3.06705156,0.15565823,-0.05341339,0.09466706,-0.06896216,-26.94753153,2.16849358,-0.06896216,-26.94753153,2.16849358,-0.06819106,-26.91221533,2.11613848,-0.00202733,-0.01560009,0.00889414,-0.00093279,-0.00020434,0.00031292
11.810,1.17404462,0.37855102,3.07689515,0.15461001,-0.05357773,0.09490912,-0.01157290,0.00401041,-0.00710416,1.17607727,0.39415430,3.06799555,0.15554372,-0.05337974,0.09460003,-0.06934689,-26.95184644,2.17105069,-0.06934689,-26.95184644,2.17105069,-0.06857688,-26.91656862,2.11873522,-0.00203265,-0.01560328,0.00889960,-0.00093371,-0.00019799,0.00030909
11.820,1.17559014,0.37801544,3.07784388,0.15449399,-0.05353752,0.09483789,-0.01163248,0.00403106,-0.00714073,1.17762810,0.39362186,3.06893885,0.15542861,-0.05334588,0.09453263,-0.06973126,-26.95615117,2.17360359,-0.06973126,-26.95615117,2.17360359,-0.06896216,-26.92090939,2.12132836,-0.00203796,-0.01560642,0.00890503,-0.00093462,-0.00019164,0.00030526
11.830,1.17713449,0.37748027,3.07879190,0.15437736,-0.05349711,0.09476630,-0.01169198,0.00405167,-0.00717725,1.17917776,0.39308976,3.06988147,0.15531289,-0.05331181,0.09446487,-0.07011572,-26.96044444,2.17615437,-0.07011572,-26.96044444,2.17615437,-0.06934689,-26.92524164,2.12391990,-0.00204327,-0.01560949,0.00891043,-0.00093553,-0.00018530,0.00030143
11.840,1.17867768,0.37694550,3.07973921,0.15426015,-0.05345649,0.09469435,-0.01175140,0.00407227,-0.00721373,1.18072624,0.39255801,3.07082339,0.15519657,-0.05327753,0.09439674,-0.07049912,-26.96472831,2.17870361,-0.07049912,-26.96472831,2.17870361,-0.06973126,-26.92956382,2.12650741,-0.00204856,-0.01561251,0.00891582,-0.00093642,-0.00017896,0.00029761
11.850,1.18021970,0.37641114,3.08068579,0.15414234,-0.05341566,0.09462203,-0.01181076,0.00409284,-0.00725017,1.18227352,0.39202662,3.07176462,0.15507966,-0.05324303,0.09432825,-0.07088192,-26.96900119,2.18124875,-0.07088192,-26.96900119,2.18124875,-0.07011572,-26.93387466,2.12909298,-0.00205382,-0.01561548,0.00892117,-0.00093732,-0.00017263,0.00029378
11.860,1.18176053,0.37587719,3.08163165,0.15402393,-0.05337463,0.09454934,-0.01187004,0.00411338,-0.00728656,1.18381962,0.39149557,3.07270515,0.15496214,-0.05320833,0.09425940,-0.07126481,-26.97326382,2.18379178,-0.07126481,-26.97326382,2.18379178,-0.07049912,-26.93817619,2.13167719,-0.00205909,-0.01561838,0.00892650,-0.00093821,-0.00016630,0.00028994
11.870,1.18330017,0.37534365,3.08257677,0.15390494,-0.05333339,0.09447630,-0.01192924,0.00413390,-0.00732290,1.18536452,0.39096489,3.07364497,0.15484402,-0.05317342,0.09419018,-0.07164727,-26.97751624,2.18633045,-0.07164727,-26.97751624,2.18633045,-0.07088192,-26.94246685,2.13425748,-0.00206435,-0.01562124,0.00893180,-0.00093908,-0.00015997,0.00028612
11.880,1.18483862,0.37481052,3.08352117,0.15378535,-0.05329195,0.09440289,-0.01198838,0.00415439,-0.00735920,1.18690821,0.39043456,3.07458409,0.15472531,-0.05313830,0.09412061,-0.07202926,-26.98175922,2.18886809,-0.07202926,-26.98175922,2.18886809,-0.07126481,-26.94674735,2.13683584,-0.00206959,-0.01562404,0.00893708,-0.00093996,-0.00015365,0.00028228
11.890,1.18637588,0.37427781,3.08446483,0.15366517,-0.05325031,0.09432911,-0.01204743,0.00417485,-0.00739545,1.18845069,0.38990459,3.07552250,0.15460600,-0.05310296,0.09405066,-0.07241035,-26.98599117,2.19140227,-0.07241035,-26.98599117,2.19140227,-0.07164727,-26.95101776,2.13941003,-0.00207481,-0.01562678,0.00894233,-0.00094083,-0.00014735,0.00027845
11.900,1.18791193,0.37374552,3.08540775,0.15354440,-0.05320846,0.09425498,-0.01210642,0.00419529,-0.00743166,1.18999195,0.38937498,3.07646019,0.15448609,-0.05306742,0.09398036,-0.07279126,-26.99021212,2.19393371,-0.07279126,-26.99021212,2.19393371,-0.07202926,-26.95527882,2.14198336,-0.00208002,-0.01562946,0.00894756,-0.00094169,-0.00014104,0.00027462
11.910,1.18944676,0.37321364,3.08634993,0.15342304,-0.05316640,0.09418048,-0.01216532,0.00421571,-0.00746782,1.19153199,0.38884574,3.07739717,0.15436558,-0.05303167,0.09390970,-0.07317220,-26.99442446,2.19646273,-0.07317220,-26.99442446,2.19646273,-0.07241035,-26.95952896,2.14455342,-0.00208523,-0.01563210,0.00895276,-0.00094254,-0.00013473,0.00027078
11.920,1.19098038,0.37268219,3.08729136,0.15330109,-0.05312414,0.09410562,-0.01222416,0.00423609,-0.00750394,1.19307081,0.38831686,3.07833343,0.15424448,-0.05299571,0.09383867,-0.07355239,-26.99862496,2.19898847,-0.07355239,-26.99862496,2.19898847,-0.07279126,-26.96376820,2.14712091,-0.00209043,-0.01563467,0.00895793,-0.00094339,-0.00012843,0.00026695
11.930,1.19251278,0.37215116,3.08823204,0.15317856,-0.05308168,0.09403040,-0.01228291,0.00425645,-0.00754000,1.19460838,0.38778835,3.07926896,0.15412279,-0.05295954,0.09376729,-0.07393191,-27.00281599,2.20151144,-0.07393191,-27.00281599,2.20151144,-0.07317220,-26.96799895,2.14968616,-0.00209560,-0.01563719,0.00896308,-0.00094423,-0.00012214,0.00026311
11.940,1.19404395,0.37162056,3.08917197,0.15305543,-0.05303901,0.09395482,-0.01234159,0.00427679,-0.00757603,1.19614472,0.38726021,3.08020376,0.15400050,-0.05292316,0.09369554,-0.07431122,-27.00699560,2.20403217,-0.07431122,-27.00699560,2.20403217,-0.07355239,-26.97221795,2.15224832,-0.00210077,-0.01563965,0.00896821,-0.00094507,-0.00011585,0.00025928
11.950,1.19557389,0.37109038,3.09011114,0.15293173,-0.05299614,0.09387888,-0.01240019,0.00429710,-0.00761200,1.19767981,0.38673244,3.08113783,0.15387762,-0.05288658,0.09362344,-0.07468967,-27.01116654,2.20654969,-0.07468967,-27.01116654,2.20654969,-0.07393191,-26.97642758,2.15480788,-0.00210592,-0.01564206,0.00897331,-0.00094589,-0.00010956,0.00025544
11.960,1.19710259,0.37056063,3.09104954,0.15280743,-0.05295307,0.09380258,-0.01245872,0.00431738,-0.00764793,1.19921365,0.38620505,3.08207117,0.15375414,-0.05284978,0.09355098,-0.07506783,-27.01532721,2.20906301,-0.07506783,-27.01532721,2.20906301,-0.07431122,-26.98062590,2.15736537,-0.00211106,-0.01564442,0.00897837,-0.00094671,-0.00010329,0.00025160
11.970,1.19863004,0.37003132,3.09198719,0.15268255,-0.05290980,0.09372592,-0.01251716,0.00433763,-0.00768380,1.20074622,0.38567803,3.08300377,0.15363007,-0.05281278,0.09347816,-0.07544568,-27.01947599,2.21157564,-0.07544568,-27.01947599,2.21157564,-0.07468967,-26.98481566,2.15991984,-0.00211618,-0.01564671,0.00898342,-0.00094752,-0.00009702,0.00024776
11.980,1.20015623,0.36950244,3.09292406,0.15255709,-0.05286632,0.09364891,-0.01257553,0.00435786,-0.00771963,1.20227754,0.38515139,3.08393562,0.15350542,-0.05277557,0.09340498,-0.07582344,-27.02361491,2.21408376,-0.07582344,-27.02361491,2.21408376,-0.07506783,-26.98899525,2.16247028,-0.00212131,-0.01564895,0.00898844,-0.00094833,-0.00009075,0.00024393
11.990,1.20168118,0.36897399,3.09386016,0.15243104,-0.05282264,0.09357153,-0.01263382,0.00437806,-0.00775542,1.20380758,0.38462513,3.08486673,0.15338017,-0.05273815,0.09333144,-0.07619993,-27.02774473,2.21658914,-0.07619993,-27.02774473,2.21658914,-0.07544568,-26.99316304,2.16502022,-0.00212640,-0.01565114,0.00899343,-0.00094913,-0.00008449,0.00024009
12.000,1.20320485,0.36844599,3.09479549,0.15230441,-0.05277876,0.09349380,-0.01269203,0.00439823,-0.00779115,1.20533635,0.38409925,3.08579709,0.15325433,-0.05270052,0.09325755,-0.07657676,-27.03186185,2.21909254,-0.07657676,-27.03186185,2.21909254,-0.07582344,-26.99732109,2.16756582,-0.00213150,-0.01565326,0.00899840,-0.00094992,-0.00007824,0.00023625
12.010,1.20472726,0.36791842,3.09573004,0.15217720,-0.05273467,0.09341571,-0.01275017,0.00441837,-0.00782683,1.20686384,0.38357376,3.08672669,0.15312791,-0.05266269,0.09318330,-0.07695263,-27.03597031,2.22159290,-0.07695263,-27.03597031,2.22159290,-0.07619993,-27.00147014,2.17010886,-0.00213658,-0.01565534,0.00900335,-0.00095071,-0.00007198,0.00023241
12.020,1.20624840,0.36739129,3.09666380,0.15204941,-0.05269039,0.09333726,-0.01280822,0.00443849,-0.00786247,1.20839004,0.38304866,3.08765554,0.15300089,-0.05262465,0.09310870,-0.07732777,-27.04006921,2.22408922,-0.07732777,-27.04006921,2.22408922,-0.07657676,-27.00560659,2.17265010,-0.00214164,-0.01565737,0.00900826,-0.00095148,-0.00006574,0.00022856
12.030,1.20776825,0.36686461,3.09759678,0.15192104,-0.05264590,0.09325846,-0.01286619,0.00445858,-0.00789806,1.20991494,0.38252394,3.08858363,0.15287329,-0.05258640,0.09303374,-0.07770289,-27.04415623,2.22658361,-0.07770289,-27.04415623,2.22658361,-0.07695263,-27.00973448,2.17518847,-0.00214669,-0.01565933,0.00901315,-0.00095225,-0.00005950,0.00022472
12.040,1.20928681,0.36633838,3.09852897,0.15179209,-0.05260122,0.09317930,-0.01292408,0.00447864,-0.00793360,1.21143855,0.38199961,3.08951096,0.15274511,-0.05254795,0.09295842,-0.07807770,-27.04823245,2.22907502,-0.07807770,-27.04823245,2.22907502,-0.07732777,-27.01385292,2.17772299,-0.00215174,-0.01566123,0.00901801,-0.00095302,-0.00005327,0.00022088
12.050,1.21080409,0.36581259,3.09946037,0.15166256,-0.05255633,0.09309979,-0.01298189,0.00449868,-0.00796908,1.21296085,0.38147568,3.09043751,0.15261634,-0.05250929,0.09288275,-0.07845144,-27.05229957,2.23156405,-0.07845144,-27.05229957,2.23156405,-0.07770289,-27.01795957,2.18025574,-0.00215676,-0.01566309,0.00902286,-0.00095378,-0.00004704,0.00021704
12.060,1.21232006,0.36528725,3.10039096,0.15153245,-0.05251124,0.09301992,-0.01303962,0.00451868,-0.00800452,1.21448184,0.38095214,3.09136330,0.15248698,-0.05247042,0.09280672,-0.07882530,-27.05635635,2.23404813,-0.07882530,-27.05635635,2.23404813,-0.07807770,-27.02205554,2.18278569,-0.00216178,-0.01566489,0.00902766,-0.00095453,-0.00004082,0.00021320
12.070,1.21383474,0.36476236,3.10132076,0.15140176,-0.05246596,0.09293970,-0.01309727,0.00453866,-0.00803991,1.21600151,0.38042900,3.09228831,0.15235704,-0.05243135,0.09273035,-0.07919802,-27.06040351,2.23653085,-0.07919802,-27.06040351,2.23653085,-0.07845144,-27.02614251,2.18531345,-0.00216677,-0.01566664,0.00903245,-0.00095528,-0.00003461,0.00020935
12.080,1.21534810,0.36423793,3.10224976,0.15127050,-0.05242047,0.09285912,-0.01315484,0.00455861,-0.00807525,1.21751986,0.37990626,3.09321255,0.15222652,-0.05239207,0.09265361,-0.07957068,-27.06443875,2.23901117,-0.07957068,-27.06443875,2.23901117,-0.07882530,-27.03021924,2.18783643,-0.00217176,-0.01566833,0.00903721,-0.00095602,-0.00002840,0.00020551
12.090,1.21686014,0.36371396,3.10317794,0.15113867,-0.05237479,0.09277819,-0.01321232,0.00457853,-0.00811053,1.21903688,0.37938392,3.09413600,0.15209541,-0.05235258,0.09257653,-0.07994302,-27.06846314,2.24148669,-0.07994302,-27.06846314,2.24148669,-0.07919802,-27.03428645,2.19035821,-0.00217674,-0.01566996,0.00904194,-0.00095674,-0.00002221,0.00020166
12.100,1.21837087,0.36319044,3.10410532,0.15100626,-0.05232890,0.09269691,-0.01326972,0.00459842,-0.00814577,1.22055257,0.37886198,3.09505867,0.15196373,-0.05231289,0.09249909,-0.08031436,-27.07247836,2.24396090,-0.08031436,-27.07247836,2.24396090,-0.07957068,-27.03834184,2.19287778,-0.00218170,-0.01567154,0.00904665,-0.00095747,-0.00001601,0.00019782
12.110,1.21988027,0.36266738,3.10503188,0.15087327,-0.05228282,0.09261528,-0.01332704,0.00461828,-0.00818095,1.22206691,0.37834045,3.09598055,0.15183146,-0.05227300,0.09242130,-0.08068544,-27.07648354,2.24643136,-0.08068544,-27.07648354,2.24643136,-0.07994302,-27.04238648,2.19539273,-0.00218664,-0.01567307,0.00905133,-0.00095819,-0.00000982,0.00019398
12.120,1.22138833,0.36214478,3.10595762,0.15073972,-0.05223654,0.09253329,-0.01338427,0.00463811,-0.00821609,1.22357991,0.37781932,3.09690163,0.15169861,-0.05223290,0.09234316,-0.08105622,-27.08047869,2.24889845,-0.08105622,-27.08047869,2.24889845,-0.08031436,-27.04642206,2.19790653,-0.00219158,-0.01567454,0.00905599,-0.00095889,-0.00000364,0.00019013
12.130,1.22289506,0.36162265,3.10688255,0.15060559,-0.05219006,0.09245095,-0.01344142,0.00465792,-0.00825117,1.22509156,0.37729860,3.09782192,0.15156519,-0.05219259,0.09226467,-0.08142617,-27.08446221,2.25136429,-0.08142617,-27.08446221,2.25136429,-0.08068544,-27.05044770,2.20041676,-0.00219650,-0.01567595,0.00906063,-0.00095960,0.00000253,0.00018628
12.140,1.22440044,0.36110098,3.10780664,0.15047089,-0.05214338,0.09236827,-0.01349848,0.00467769,-0.00828620,1.22660185,0.37677830,3.09874142,0.15143118,-0.05215209,0.09218582,-0.08179590,-27.08843646,2.25382501,-0.08179590,-27.08843646,2.25382501,-0.08105622,-27.05446342,2.20292380,-0.00220141,-0.01567732,0.00906522,-0.00096029,0.00000871,0.00018245
12.150,1.22590447,0.36057978,3.10872991,0.15033562,-0.05209650,0.09228523,-0.01355546,0.00469744,-0.00832118,1.22811078,0.37625841,3.09966011,0.15129660,-0.05211137,0.09210664,-0.08216512,-27.09239983,2.25628387,-0.08216512,-27.09239983,2.25628387,-0.08142617,-27.05846759,2.20542976,-0.00220631,-0.01567863,0.00906980,-0.00096098,0.00001487,0.00017859
12.160,1.22740715,0.36005905,3.10965235,0.15019978,-0.05204943,0.09220184,-0.01361236,0.00471715,-0.00835610,1.22961834,0.37573893,3.10057799,0.15116145,-0.05207046,0.09202710,-0.08253356,-27.09635305,2.25874001,-0.08253356,-27.09635305,2.25874001,-0.08179590,-27.06246261,2.20793077,-0.00221119,-0.01567988,0.00907436,-0.00096167,0.00002103,0.00017474
12.170,1.22890847,0.35953879,3.11057395,0.15006337,-0.05200216,0.09211811,-0.01366917,0.00473684,-0.00839097,1.23112453,0.37521987,3.10149507,0.15102572,-0.05202934,0.09194721,-0.08290144,-27.10029616,2.26119253,-0.08290144,-27.10029616,2.26119253,-0.08216512,-27.06644684,2.21043009,-0.00221606,-0.01568108,0.00907888,-0.00096235,0.00002718,0.00017090
12.180,1.23040842,0.35901901,3.11149471,0.14992640,-0.05195469,0.09203403,-0.01372589,0.00475650,-0.00842579,1.23262933,0.37470123,3.10241133,0.15088941,-0.05198801,0.09186698,-0.08326886,-27.10422754,2.26364183,-0.08326886,-27.10422754,2.26364183,-0.08253356,-27.07042103,2.21292687,-0.00222091,-0.01568222,0.00908338,-0.00096301,0.00003332,0.00016705
12.190,1.23190699,0.35849970,3.11241463,0.14978885,-0.05190703,0.09194959,-0.01378253,0.00477612,-0.00846056,1.23413275,0.37418301,3.10332678,0.15075253,-0.05194649,0.09178640,-0.08363628,-27.10814990,2.26608829,-0.08363628,-27.10814990,2.26608829,-0.08290144,-27.07438521,2.21542020,-0.00222576,-0.01568331,0.00908785,-0.00096368,0.00003946,0.00016319
12.200,1.23340419,0.35798087,3.11333370,0.14965075,-0.05185917,0.09186481,-0.01383908,0.00479572,-0.00849527,1.23563478,0.37366521,3.10424140,0.15061507,-0.05190476,0.09170548,-0.08400258,-27.11206132,2.26853116,-0.08400258,-27.11206132,2.26853116,-0.08326886,-27.07833775,2.21791047,-0.00223059,-0.01568434,0.00909230,-0.00096432,0.00004559,0.00015933
12.210,1.23490001,0.35746252,3.11425192,0.14951207,-0.05181111,0.09177969,-0.01389554,0.00481529,-0.00852993,1.23713541,0.37314784,3.10515521,0.15047705,-0.05186282,0.09162421,-0.08436834,-27.11596216,2.27097094,-0.08436834,-27.11596216,2.27097094,-0.08363628,-27.08228139,2.22039809,-0.00223540,-0.01568532,0.00909671,-0.00096498,0.00005171,0.00015548
12.220,1.23639443,0.35694465,3.11516929,0.14937283,-0.05176286,0.09169422,-0.01395191,0.00483482,-0.00856454,1.23863463,0.37263090,3.10606819,0.15033845,-0.05182069,0.09154259,-0.08473403,-27.11985317,2.27340806,-0.08473403,-27.11985317,2.27340806,-0.08400258,-27.08621418,2.22288229,-0.00224020,-0.01568625,0.00910110,-0.00096562,0.00005783,0.00015163
12.230,1.23788746,0.35642726,3.11608580,0.14923303,-0.05171442,0.09160840,-0.01400820,0.00485433,-0.00859909,1.24013245,0.37211439,3.10698033,0.15019929,-0.05177835,0.09146063,-0.08509890,-27.12373475,2.27584155,-0.08509890,-27.12373475,2.27584155,-0.08436834,-27.09013649,2.22536358,-0.00224499,-0.01568713,0.00910547,-0.00096626,0.00006393,0.00014777
12.240,1.23937909,0.35591036,3.11700146,0.14909267,-0.05166578,0.09152223,-0.01406440,0.00487380,-0.00863359,1.24162886,0.37159831,3.10789165,0.15005955,-0.05173581,0.09137831,-0.08546315,-27.12760492,2.27827341,-0.08546315,-27.12760492,2.27827341,-0.08473403,-27.09404907,2.22784237,-0.00224977,-0.01568795,0.00910981,-0.00096688,0.00007003,0.00014392
12.250,1.24086931,0.35539395,3.11791625,0.14895175,-0.05161694,0.09143573,-0.01412051,0.00489325,-0.00866803,1.24312384,0.37108266,3.10880212,0.14991924,-0.05169307,0.09129565,-0.08582703,-27.13146406,2.28070136,-0.08582703,-27.13146406,2.28070136,-0.08509890,-27.09795233,2.23031771,-0.00225453,-0.01568871,0.00911413,-0.00096749,0.00007613,0.00014008
12.260,1.24235812,0.35487802,3.11883017,0.14881026,-0.05156791,0.09134887,-0.01417653,0.00491266,-0.00870242,1.24461740,0.37056744,3.10971176,0.14977837,-0.05165012,0.09121265,-0.08619038,-27.13531489,2.28312558,-0.08619038,-27.13531489,2.28312558,-0.08546315,-27.10184428,2.23279159,-0.00225928,-0.01568942,0.00911841,-0.00096811,0.00008221,0.00013622
12.270,1.24384552,0.35436259,3.11974322,0.14866822,-0.05151869,0.09126168,-0.01423246,0.00493204,-0.00873676,1.24610952,0.37005267,3.11062055,0.14963693,-0.05160698,0.09112930,-0.08655268,-27.13915379,2.28554685,-0.08655268,-27.13915379,2.28554685,-0.08582703,-27.10572529,2.23526173,-0.00226400,-0.01569008,0.00912267,-0.00096871,0.00008829,0.00013238
12.280,1.24533149,0.35384765,3.12065540,0.14852561,-0.05146927,0.09117414,-0.01428830,0.00495139,-0.00877103,1.24760021,0.36953833,3.11152850,0.14949493,-0.05156363,0.09104561,-0.08691491,-27.14298279,2.28796551,-0.08691491,-27.14298279,2.28796551,-0.08619038,-27.10959809,2.23772831,-0.00226872,-0.01569068,0.00912690,-0.00096932,0.00009436,0.00012853
12.290,1.24681603,0.35333320,3.12156671,0.14838245,-0.05141966,0.09108626,-0.01434405,0.00497071,-0.00880526,1.24908946,0.36902444,3.11243559,0.14935235,-0.05152008,0.09096158,-0.08727655,-27.14680264,2.29038218,-0.08727655,-27.14680264,2.29038218,-0.08655268,-27.11345907,2.24019212,-0.00227343,-0.01569124,0.00913112,-0.00096990,0.00010042,0.00012468
12.300,1.24829913,0.35281926,3.12247713,0.14823873,-0.05136986,0.09099803,-0.01439971,0.00499000,-0.00883942,1.25057726,0.36851099,3.11334183,0.14920922,-0.05147633,0.09087720,-0.08763796,-27.15060969,2.29279425,-0.08763796,-27.15060969,2.29279425,-0.08691491,-27.11731025,2.24265348,-0.00227813,-0.01569173,0.00913530,-0.00097049,0.00010647,0.00012083
12.310,1.24978080,0.35230581,3.12338666,0.14809446,-0.05131986,0.09090947,-0.01445528,0.00500925,-0.00887354,1.25206360,0.36799798,3.11424722,0.14906552,-0.05143239,0.09079248,-0.08799824,-27.15440795,2.29520234,-0.08799824,-27.15440795,2.29520234,-0.08727655,-27.12115237,2.24511302,-0.00228280,-0.01569217,0.00913944,-0.00097106,0.00011253,0.00011699
12.320,1.25126102,0.35179286,3.12429532,0.14794963,-0.05126967,0.09082056,-0.01451075,0.00502848,-0.00890759,1.25354849,0.36748542,3.11515174,0.14892126,-0.05138824,0.09070742,-0.08835824,-27.15819616,2.29760980,-0.08835824,-27.15819616,2.29760980,-0.08763796,-27.12498180,2.24756813,-0.00228747,-0.01569256,0.00914358,-0.00097163,0.00011857,0.00011314
12.330,1.25273979,0.35128041,3.12520307,0.14780424,-0.05121929,0.09073132,-0.01456614,0.00504767,-0.00894159,1.25503190,0.36697332,3.11605540,0.14877644,-0.05134389,0.09062201,-0.08871769,-27.16197473,2.30001136,-0.08871769,-27.16197473,2.30001136,-0.08799824,-27.12880253,2.25001944,-0.00229211,-0.01569291,0.00914767,-0.00097220,0.00012460,0.00010931
12.340,1.25421710,0.35076847,3.12610994,0.14765830,-0.05116872,0.09064173,-0.01462143,0.00506683,-0.00897553,1.25651385,0.36646166,3.11695819,0.14863106,-0.05129934,0.09053627,-0.08907671,-27.16574199,2.30241175,-0.08907671,-27.16574199,2.30241175,-0.08835824,-27.13261332,2.25247027,-0.00229675,-0.01569319,0.00915175,-0.00097276,0.00013062,0.00010546
12.350,1.25569296,0.35025704,3.12701591,0.14751181,-0.05111796,0.09055181,-0.01467663,0.00508596,-0.00900941,1.25799433,0.36595046,3.11786011,0.14848512,-0.05125459,0.09045019,-0.08943453,-27.16949832,2.30480873,-0.08943453,-27.16949832,2.30480873,-0.08871769,-27.13641456,2.25491539,-0.00230137,-0.01569342,0.00915580,-0.00097331,0.00013663,0.00010162
12.360,1.25716734,0.34974612,3.12792098,0.14736477,-0.05106700,0.09046154,-0.01473173,0.00510506,-0.00904324,1.25947332,0.36543971,3.11876115,0.14833862,-0.05120964,0.09036377,-0.08979238,-27.17324374,2.30720255,-0.08979238,-27.17324374,2.30720255,-0.08907671,-27.14020459,2.25735950,-0.00230598,-0.01569359,0.00915983,-0.00097385,0.00014264,0.00009777
12.370,1.25864025,0.34923570,3.12882514,0.14721718,-0.05101585,0.09037094,-0.01478675,0.00512412,-0.00907701,1.26095082,0.36492942,3.11966132,0.14819156,-0.05116450,0.09027701,-0.09014949,-27.17698097,2.30959240,-0.09014949,-27.17698097,2.30959240,-0.08943453,-27.14398379,2.25980036,-0.00231057,-0.01569372,0.00916382,-0.00097438,0.00014865,0.00009393
12.380,1.26011168,0.34872580,3.12972839,0.14706904,-0.05096452,0.09028000,-0.01484166,0.00514315,-0.00911072,1.26242683,0.36441959,3.12056061,0.14804394,-0.05111915,0.09018992,-0.09050609,-27.18070676,2.31197866,-0.09050609,-27.18070676,2.31197866,-0.08979238,-27.14775218,2.26223823,-0.00231515,-0.01569379,0.00916778,-0.00097490,0.00015463,0.00009008
12.390,1.26158163,0.34821641,3.13063074,0.14692035,-0.05091299,0.09018873,-0.01489649,0.00516215,-0.00914438,1.26390135,0.36391022,3.12145901,0.14789577,-0.05107361,0.09010249,-0.09086192,-27.18442276,2.31436344,-0.09086192,-27.18442276,2.31436344,-0.09014949,-27.15151248,2.26467230,-0.00231972,-0.01569381,0.00917173,-0.00097542,0.00016062,0.00008624
12.400,1.26305009,0.34770754,3.13153217,0.14677111,-0.05086128,0.09009712,-0.01495122,0.00518111,-0.00917797,1.26537435,0.36340131,3.12235652,0.14774705,-0.05102787,0.09001472,-0.09121722,-27.18812806,2.31674417,-0.09121722,-27.18812806,2.31674417,-0.09050609,-27.15526143,2.26710295,-0.00232426,-0.01569377,0.00917565,-0.00097594,0.00016659,0.00008240
12.410,1.26451705,0.34719919,3.13243268,0.14662132,-0.05080937,0.09000517,-0.01500585,0.00520005,-0.00921151,1.26684585,0.36289287,3.12325315,0.14759777,-0.05098193,0.08992662,-0.09157222,-27.19182231,2.31912128,-0.09157222,-27.19182231,2.31912128,-0.09086192,-27.15900070,2.26953228,-0.00232880,-0.01569368,0.00917953,-0.00097645,0.00017256,0.00007855
12.420,1.26598251,0.34669135,3.13333227,0.14647099,-0.05075727,0.08991289,-0.01506039,0.00521895,-0.00924499,1.26831584,0.36238489,3.12414887,0.14744794,-0.05093580,0.08983818,-0.09192653,-27.19550824,2.32149537,-0.09192653,-27.19550824,2.32149537,-0.09121722,-27.16272936,2.27195773,-0.00233333,-0.01569354,0.00918340,-0.00097695,0.00017853,0.00007471
12.430,1.26744647,0.34618404,3.13423093,0.14632012,-0.05070499,0.08982027,-0.01511483,0.00523781,-0.00927841,1.26978430,0.36187739,3.12504371,0.14729755,-0.05088947,0.08974941,-0.09227990,-27.19918258,2.32386534,-0.09227990,-27.19918258,2.32386534,-0.09157222,-27.16644708,2.27437973,-0.00233783,-0.01569335,0.00918722,-0.00097743,0.00018448,0.00007086
12.440,1.26890891,0.34567725,3.13512867,0.14616869,-0.05065252,0.08972732,-0.01516918,0.00525665,-0.00931177,1.27125124,0.36137036,3.12593763,0.14714662,-0.05084294,0.08966030,-0.09263329,-27.20284734,2.32623329,-0.09263329,-27.20284734,2.32623329,-0.09192653,-27.17015657,2.27679887,-0.00234233,-0.01569311,0.00919104,-0.00097793,0.00019042,0.00006702
12.450,1.27036984,0.34517099,3.13602548,0.14601673,-0.05059986,0.08963403,-0.01522343,0.00527544,-0.00934507,1.27271665,0.36086380,3.12683066,0.14699513,-0.05079621,0.08957086,-0.09298558,-27.20650091,2.32859815,-0.09298558,-27.20650091,2.32859815,-0.09227990,-27.17385457,2.27921407,-0.00234681,-0.01569281,0.00919482,-0.00097840,0.00019635,0.00006317
12.460,1.27182924,0.34466526,3.13692135,0.14586423,-0.05054701,0.08954042,-0.01527758,0.00529421,-0.00937832,1.27418052,0.36035771,3.12772278,0.14684310,-0.05074929,0.08948109,-0.09333764,-27.21014363,2.33095907,-0.09333764,-27.21014363,2.33095907,-0.09263329,-27.17754308,2.28162741,-0.00235128,-0.01569245,0.00919857,-0.00097887,0.00020228,0.00005933
12.470,1.27328712,0.34416005,3.13781629,0.14571118,-0.05049397,0.08944647,-0.01533163,0.00531294,-0.00941150,1.27564284,0.35985210,3.12861398,0.14669051,-0.05070217,0.08939098,-0.09368882,-27.21377787,2.33331784,-0.09368882,-27.21377787,2.33331784,-0.09298558,-27.18122050,2.28403782,-0.00235572,-0.01569205,0.00920231,-0.00097933,0.00020820,0.00005549
12.480,1.27474347,0.34365538,3.13871028,0.14555759,-0.05044075,0.08935219,-0.01538559,0.00533164,-0.00944462,1.27710362,0.35934697,3.12950428,0.14653738,-0.05065486,0.08930053,-0.09403923,-27.21740039,2.33567205,-0.09403923,-27.21740039,2.33567205,-0.09333764,-27.18488717,2.28644447,-0.00236015,-0.01569159,0.00920600,-0.00097979,0.00021411,0.00005166
12.490,1.27619827,0.34315124,3.13960333,0.14540347,-0.05038734,0.08925758,-0.01543945,0.00535030,-0.00947768,1.27856285,0.35884232,3.13039365,0.14638371,-0.05060735,0.08920976,-0.09438950,-27.22101315,2.33802364,-0.09438950,-27.22101315,2.33802364,-0.09368882,-27.18854547,2.28884912,-0.00236458,-0.01569108,0.00920968,-0.00098024,0.00022001,0.00004782
12.500,1.27765153,0.34264763,3.14049543,0.14524881,-0.05033374,0.08916263,-0.01549321,0.00536893,-0.00951068,1.28002052,0.35833816,3.13128210,0.14622948,-0.05055964,0.08911866,-0.09473899,-27.22461656,2.34037152,-0.09473899,-27.22461656,2.34037152,-0.09403923,-27.19219212,2.29124937,-0.00236899,-0.01569053,0.00921333,-0.00098067,0.00022590,0.00004397
12.510,1.27910325,0.34214456,3.14138658,0.14509361,-0.05027996,0.08906736,-0.01554687,0.00538753,-0.00954362,1.28147662,0.35783448,3.13216963,0.14607472,-0.05051174,0.08902722,-0.09508743,-27.22820932,2.34271638,-0.09508743,-27.22820932,2.34271638,-0.09438950,-27.19582913,2.29364718,-0.00237337,-0.01568992,0.00921695,-0.00098111,0.00023178,0.00004014
12.520,1.28055340,0.34164203,3.14227678,0.14493787,-0.05022599,0.08897176,-0.01560043,0.00540609,-0.00957650,1.28293116,0.35733129,3.13305624,0.14591941,-0.05046365,0.08893546,-0.09543608,-27.23179143,2.34505860,-0.09543608,-27.23179143,2.34505860,-0.09473899,-27.19945688,2.29604144,-0.00237776,-0.01568926,0.00922054,-0.00098154,0.00023766,0.00003630
12.530,1.28200200,0.34114004,3.14316602,0.14478160,-0.05017184,0.08887583,-0.01565389,0.00542461,-0.00960932,1.28438412,0.35682858,3.13394191,0.14576356,-0.05041536,0.08884336,-0.09578354,-27.23536361,2.34739715,-0.09578354,-27.23536361,2.34739715,-0.09508743,-27.20307407,2.29843284,-0.00238212,-0.01568854,0.00922411,-0.00098196,0.00024352,0.00003247
12.540,1.28344903,0.34063860,3.14405429,0.14462479,-0.05011750,0.08877957,-0.01570725,0.00544311,-0.00964207,1.28583550,0.35632637,3.13482664,0.14560716,-0.05036687,0.08875094,-0.09613069,-27.23892386,2.34973099,-0.09613069,-27.23892386,2.34973099,-0.09543608,-27.20668072,2.30082176,-0.00238647,-0.01568777,0.00922765,-0.00098237,0.00024937,0.00002863
12.550,1.28489450,0.34013769,3.14494161,0.14446745,-0.05006298,0.08868299,-0.01576051,0.00546156,-0.00967477,1.28728529,0.35582464,3.13571044,0.14545023,-0.05031820,0.08865820,-0.09647664,-27.24247690,2.35206369,-0.09647664,-27.24247690,2.35206369,-0.09578354,-27.21027753,2.30320717,-0.00239079,-0.01568695,0.00923117,-0.00098278,0.00025522,0.00002479
12.560,1.28633838,0.33963734,3.14582795,0.14430958,-0.05000827,0.08858608,-0.01581367,0.00547998,-0.00970740,1.28873350,0.35532342,3.13659330,0.14529275,-0.05026933,0.08856512,-0.09682264,-27.24601677,2.35439118,-0.09682264,-27.24601677,2.35439118,-0.09613069,-27.21386251,2.30558805,-0.00239512,-0.01568608,0.00923465,-0.00098317,0.00026106,0.00002096
12.570,1.28778068,0.33913753,3.14671333,0.14415118,-0.04995338,0.08848884,-0.01586672,0.00549837,-0.00973997,1.29018010,0.35482269,3.13747522,0.14513474,-0.05022026,0.08847172,-0.09716792,-27.24954813,2.35671688,-0.09716792,-27.24954813,2.35671688,-0.09647664,-27.21744036,2.30796793,-0.00239942,-0.01568516,0.00923811,-0.00098356,0.00026688,0.00001712
12.580,1.28922140,0.33863827,3.14759773,0.14399225,-0.04989830,0.08839128,-0.01591968,0.00551672,-0.00977248,1.29162511,0.35432245,3.13835618,0.14497619,-0.05017101,0.08837799,-0.09751225,-27.25306906,2.35903843,-0.09751225,-27.25306906,2.35903843,-0.09682264,-27.22100515,2.31034278,-0.00240371,-0.01568418,0.00924155,-0.00098394,0.00027271,0.00001329
12.590,1.29066053,0.33813956,3.14848115,0.14383279,-0.04984304,0.08829339,-0.01597253,0.00553504,-0.00980492,1.29306851,0.35382272,3.13923620,0.14481711,-0.05012156,0.08828394,-0.09785585,-27.25658023,2.36135615,-0.09785585,-27.25658023,2.36135615,-0.09716792,-27.22456153,2.31271600,-0.00240798,-0.01568316,0.00924495,-0.00098432,0.00027852,0.00000945
12.600,1.29209806,0.33764141,3.14936359,0.14367280,-0.04978760,0.08819518,-0.01602528,0.00555331,-0.00983730,1.29451029,0.35332349,3.14011527,0.14465749,-0.05007192,0.08818956,-0.09819897,-27.26008000,2.36367063,-0.09819897,-27.26008000,2.36367063,-0.09751225,-27.22810756,2.31508522,-0.00241223,-0.01568208,0.00924832,-0.00098469,0.00028432,0.00000562
12.610,1.29353398,0.33714381,3.15024505,0.14351228,-0.04973198,0.08809665,-0.01607793,0.00557156,-0.00986962,1.29595046,0.35282477,3.14099337,0.14449733,-0.05002208,0.08809485,-0.09854187,-27.26357073,2.36598236,-0.09854187,-27.26357073,2.36598236,-0.09785585,-27.23164394,2.31745078,-0.00241648,-0.01568096,0.00925168,-0.00098505,0.00029010,0.00000180
12.620,1.29496830,0.33664677,3.15112553,0.14335124,-0.04967617,0.08799779,-0.01613047,0.00558977,-0.00990187,1.29738901,0.35232655,3.14187052,0.14433664,-0.04997206,0.08799982,-0.09888367,-27.26705046,2.36829175,-0.09888367,-27.26705046,2.36829175,-0.09819897,-27.23516901,2.31981326,-0.00242071,-0.01567978,0.00925501,-0.00098540,0.00029589,-0.00000203
12.630,1.29640101,0.33615029,3.15200501,0.14318967,-0.04962018,0.08789861,-0.01618291,0.00560794,-0.00993406,1.29882592,0.35182884,3.14274671,0.14417542,-0.04992184,0.08790447,-0.09922473,-27.27051987,2.37059635,-0.09922473,-27.27051987,2.37059635,-0.09854187,-27.23868514,2.32217316,-0.00242491,-0.01567855,0.00925830,-0.00098575,0.00030166,-0.00000586
12.640,1.29783209,0.33565437,3.15288350,0.14302758,-0.04956401,0.08779911,-0.01623524,0.00562607,-0.00996619,1.30026121,0.35133163,3.14362192,0.14401367,-0.04987143,0.08780879,-0.09956568,-27.27397931,2.37289808,-0.09956568,-27.27397931,2.37289808,-0.09888367,-27.24219036,2.32453087,-0.00242912,-0.01567726,0.00926158,-0.00098609,0.00030742,-0.00000968
12.650,1.29926156,0.33515901,3.15376099,0.14286497,-0.04950766,0.08769929,-0.01628747,0.00564417,-0.00999825,1.30169485,0.35083494,3.14449617,0.14385139,-0.04982083,0.08771279,-0.09990527,-27.27742915,2.37519592,-0.09990527,-27.27742915,2.37519592,-0.09922473,-27.24568536,2.32688395,-0.00243329,-0.01567593,0.00926482,-0.00098642,0.00031317,-0.00001350
12.660,1.30068939,0.33466422,3.15463748,0.14270183,-0.04945113,0.08759914,-0.01633960,0.00566224,-0.01003025,1.30312686,0.35033877,3.14536945,0.14368858,-0.04977004,0.08761647,-0.10024487,-27.28086774,2.37749024,-0.10024487,-27.28086774,2.37749024,-0.09956568,-27.24917048,2.32923432,-0.00243747,-0.01567455,0.00926803,-0.00098675,0.00031891,-0.00001733
12.670,1.30211559,0.33416999,3.15551297,0.14253818,-0.04939442,0.08749868,-0.01639162,0.00568026,-0.01006218,1.30455721,0.34984310,3.14624175,0.14352524,-0.04971906,0.08751983,-0.10058349,-27.28429744,2.37978172,-0.10058349,-27.28429744,2.37978172,-0.09990527,-27.25264609,2.33158096,-0.00244162,-0.01567311,0.00927122,-0.00098706,0.00032464,-0.00002115
12.680,1.30354015,0.33367633,3.15638745,0.14237400,-0.04933752,0.08739790,-0.01644353,0.00569825,-0.01009405,1.30598591,0.34934796,3.14711306,0.14336137,-0.04966789,0.08742287,-0.10092161,-27.28771628,2.38206925,-0.10092161,-27.28771628,2.38206925,-0.10024487,-27.25611055,2.33392425,-0.00244576,-0.01567163,0.00927439,-0.00098737,0.00033037,-0.00002497
12.690,1.30496307,0.33318324,3.15726093,0.14220931,-0.04928045,0.08729680,-0.01649534,0.00571621,-0.01012585,1.30741294,0.34885334,3.14798340,0.14319698,-0.04961653,0.08732559,-0.10125875,-27.29112528,2.38435479,-0.10125875,-27.29112528,2.38435479,-0.10058349,-27.25956622,2.33626485,-0.00244987,-0.01567010,0.00927753,-0.00098767,0.00033608,-0.00002879
12.700,1.30638434,0.33269072,3.15813339,0.14204409,-0.04922320,0.08719538,-0.01654704,0.00573412,-0.01015759,1.30883832,0.34835923,3.14885275,0.14303206,-0.04956498,0.08722799,-0.10159540,-27.29452447,2.38663581,-0.10159540,-27.29452447,2.38663581,-0.10092161,-27.26301111,2.33860167,-0.00245398,-0.01566851,0.00928064,-0.00098797,0.00034178,-0.00003261
12.710,1.30780395,0.33219878,3.15900483,0.14187837,-0.04916577,0.08709365,-0.01659864,0.00575200,-0.01018926,1.31026202,0.34786565,3.14972112,0.14286662,-0.04951324,0.08713007,-0.10193145,-27.29791218,2.38891284,-0.10193145,-27.29791218,2.38891284,-0.10125875,-27.26644627,2.34093664,-0.00245807,-0.01566687,0.00928371,-0.00098825,0.00034747,-0.00003642
12.720,1.30922190,0.33170741,3.15987526,0.14171212,-0.04910816,0.08699160,-0.01665012,0.00576984,-0.01022087,1.31168405,0.34737260,3.15058849,0.14270065,-0.04946131,0.08703183,-0.10226702,-27.30129075,2.39118773,-0.10226702,-27.30129075,2.39118773,-0.10159540,-27.26987171,2.34326726,-0.00246215,-0.01566519,0.00928677,-0.00098853,0.00035315,-0.00004023
12.730,1.31063819,0.33121661,3.16074467,0.14154536,-0.04905037,0.08688923,-0.01670150,0.00578765,-0.01025241,1.31310439,0.34688007,3.15145486,0.14253417,-0.04940920,0.08693327,-0.10260161,-27.30466056,2.39345950,-0.10260161,-27.30466056,2.39345950,-0.10193145,-27.27328576,2.34559404,-0.00246620,-0.01566346,0.00928981,-0.00098881,0.00035883,-0.00004404
12.740,1.31205281,0.33072640,3.16161304,0.14137809,-0.04899241,0.08678655,-0.01675277,0.00580542,-0.01028388,1.31452306,0.34638807,3.15232024,0.14236716,-0.04935689,0.08683440,-0.10293547,-27.30801830,2.39572566,-0.10293547,-27.30801830,2.39572566,-0.10226702,-27.27669076,2.34791884,-0.00247025,-0.01566167,0.00929280,-0.00098907,0.00036448,-0.00004785
12.750,1.31346575,0.33023677,3.16248040,0.14121031,-0.04893427,0.08668356,-0.01680393,0.00582314,-0.01031528,1.31594003,0.34589660,3.15318462,0.14219963,-0.04930440,0.08673521,-0.10326887,-27.31136594,2.39799114,-0.10326887,-27.31136594,2.39799114,-0.10260161,-27.28008710,2.35024067,-0.00247428,-0.01565983,0.00929578,-0.00098932,0.00037013,-0.00005165
12.760,1.31487701,0.32974771,3.16334672,0.14104201,-0.04887595,0.08658025,-0.01685498,0.00584084,-0.01034662,1.31735530,0.34540566,3.15404799,0.14203159,-0.04925172,0.08663571,-0.10360168,-27.31470584,2.40025185,-0.10360168,-27.31470584,2.40025185,-0.10293547,-27.28347146,2.35255706,-0.00247829,-0.01565795,0.00929873,-0.00098958,0.00037577,-0.00005546
12.770,1.31628659,0.32925925,3.16421200,0.14087321,-0.04881745,0.08647662,-0.01690593,0.00585849,-0.01037790,1.31876887,0.34491526,3.15491036,0.14186303,-0.04919885,0.08653590,-0.10393341,-27.31803236,2.40250820,-0.10393341,-27.31803236,2.40250820,-0.10326887,-27.28684581,2.35487291,-0.00248228,-0.01565601,0.00930164,-0.00098982,0.00038140,-0.00005928
12.780,1.31769447,0.32877137,3.16507625,0.14070390,-0.04875878,0.08637269,-0.01695676,0.00587610,-0.01040910,1.32018074,0.34442539,3.15577171,0.14169395,-0.04914580,0.08643578,-0.10426493,-27.32135015,2.40476232,-0.10426493,-27.32135015,2.40476232,-0.10360168,-27.29021252,2.35718415,-0.00248627,-0.01565402,0.00930454,-0.00099005,0.00038702,-0.00006309
12.790,1.31910066,0.32828407,3.16593945,0.14053407,-0.04869993,0.08626844,-0.01700748,0.00589368,-0.01044024,1.32159090,0.34393607,3.15663205,0.14152435,-0.04909257,0.08633534,-0.10459563,-27.32465927,2.40701151,-0.10459563,-27.32465927,2.40701151,-0.10393341,-27.29356594,2.35949118,-0.00249024,-0.01565200,0.00930740,-0.00099028,0.00039264,-0.00006690
12.800,1.32050515,0.32779737,3.16680161,0.14036375,-0.04864090,0.08616388,-0.01705809,0.00591122,-0.01047131,1.32299934,0.34344728,3.15749137,0.14135424,-0.04903914,0.08623459,-0.10492540,-27.32795604,2.40925782,-0.10492540,-27.32795604,2.40925782,-0.10426493,-27.29691072,2.36179614,-0.00249419,-0.01564991,0.00931024,-0.00099049,0.00039824,-0.00007071
12.810,1.32190794,0.32731125,3.16766273,0.14019291,-0.04858170,0.08605902,-0.01710860,0.00592872,-0.01050231,1.32440605,0.34295903,3.15834968,0.14118362,-0.04898553,0.08613353,-0.10525435,-27.33124516,2.41150184,-0.10525435,-27.33124516,2.41150184,-0.10459563,-27.30024692,2.36409634,-0.00249811,-0.01564778,0.00931305,-0.00099071,0.00040383,-0.00007451
12.820,1.32330901,0.32682573,3.16852279,0.14002157,-0.04852233,0.08595384,-0.01715898,0.00594618,-0.01053324,1.32581104,0.34247133,3.15920696,0.14101249,-0.04893174,0.08603215,-0.10558301,-27.33452300,2.41374084,-0.10558301,-27.33452300,2.41374084,-0.10492540,-27.30357086,2.36639381,-0.00250203,-0.01564560,0.00931583,-0.00099092,0.00040941,-0.00007831
12.830,1.32470837,0.32634081,3.16938180,0.13984973,-0.04846278,0.08584835,-0.01720926,0.00596361,-0.01056410,1.32721430,0.34198417,3.16006321,0.14084085,-0.04887776,0.08593047,-0.10591064,-27.33778951,2.41597681,-0.10591064,-27.33778951,2.41597681,-0.10525435,-27.30688725,2.36868914,-0.00250593,-0.01564336,0.00931859,-0.00099112,0.00041498,-0.00008212
12.840,1.32610600,0.32585648,3.17023976,0.13967739,-0.04840306,0.08574256,-0.01725943,0.00598099,-0.01059490,1.32861583,0.34149756,3.16091844,0.14066869,-0.04882359,0.08582847,-0.10623799,-27.34104741,2.41821035,-0.10623799,-27.34104741,2.41821035,-0.10558301,-27.31019245,2.37097960,-0.00250983,-0.01564108,0.00932132,-0.00099130,0.00042053,-0.00008591
12.850,1.32750191,0.32537275,3.17109665,0.13950454,-0.04834316,0.08563645,-0.01730948,0.00599833,-0.01062562,1.33001561,0.34101150,3.16177263,0.14049603,-0.04876924,0.08572616,-0.10656444,-27.34429470,2.42043871,-0.10656444,-27.34429470,2.42043871,-0.10591064,-27.31348642,2.37326719,-0.00251370,-0.01563875,0.00932402,-0.00099149,0.00042608,-0.00008971
12.860,1.32889609,0.32488962,3.17195249,0.13933120,-0.04828309,0.08553004,-0.01735942,0.00601564,-0.01065628,1.33141364,0.34052598,3.16262578,0.14032286,-0.04871471,0.08562355,-0.10689002,-27.34753206,2.42266550,-0.10689002,-27.34753206,2.42266550,-0.10623799,-27.31677185,2.37555250,-0.00251755,-0.01563636,0.00932671,-0.00099166,0.00043162,-0.00009351
12.870,1.33028854,0.32440709,3.17280725,0.13915736,-0.04822285,0.08542333,-0.01740925,0.00603291,-0.01068686,1.33280992,0.34004103,3.16347790,0.14014918,-0.04865999,0.08552062,-0.10721461,-27.35075985,2.42488671,-0.10721461,-27.35075985,2.42488671,-0.10656444,-27.32004678,2.37783279,-0.00252138,-0.01563394,0.00932935,-0.00099182,0.00043714,-0.00009729
12.880,1.33167924,0.32392516,3.17366095,0.13898302,-0.04816243,0.08531631,-0.01745896,0.00605013,-0.01071738,1.33420445,0.33955662,3.16432898,0.13997500,-0.04860509,0.08541739,-0.10753896,-27.35397805,2.42710563,-0.10753896,-27.35397805,2.42710563,-0.10689002,-27.32331186,2.38011165,-0.00252521,-0.01563146,0.00933197,-0.00099198,0.00044266,-0.00010108
12.890,1.33306819,0.32344384,3.17451358,0.13880818,-0.04810184,0.08520898,-0.01750856,0.00606732,-0.01074783,1.33559721,0.33907277,3.16517901,0.13980031,-0.04855001,0.08531385,-0.10786284,-27.35718535,2.42932126,-0.10786284,-27.35718535,2.42932126,-0.10721461,-27.32656747,2.38238510,-0.00252902,-0.01562893,0.00933457,-0.00099213,0.00044817,-0.00010487
12.900,1.33445540,0.32296312,3.17536513,0.13863284,-0.04804108,0.08510135,-0.01755804,0.00608447,-0.01077820,1.33698820,0.33858949,3.16602800,0.13962512,-0.04849474,0.08521000,-0.10818552,-27.36038408,2.43153262,-0.10818552,-27.36038408,2.43153262,-0.10753896,-27.32981358,2.38465640,-0.00253280,-0.01562637,0.00933713,-0.00099228,0.00045366,-0.00010865
12.910,1.33584085,0.32248302,3.17621561,0.13845702,-0.04798015,0.08499342,-0.01760741,0.00610158,-0.01080851,1.33837743,0.33810676,3.16687593,0.13944943,-0.04843929,0.08510585,-0.10850751,-27.36357058,2.43374164,-0.10850751,-27.36357058,2.43374164,-0.10786284,-27.33304888,2.38692457,-0.00253658,-0.01562374,0.00933968,-0.00099241,0.00045914,-0.00011243
12.920,1.33722454,0.32200352,3.17706500,0.13828070,-0.04791905,0.08488518,-0.01765666,0.00611865,-0.01083874,1.33976487,0.33762459,3.16772281,0.13927324,-0.04838366,0.08500140,-0.10882882,-27.36674917,2.43594565,-0.10882882,-27.36674917,2.43594565,-0.10818552,-27.33627570,2.38918861,-0.00254033,-0.01562107,0.00934219,-0.00099254,0.00046461,-0.00011622
12.930,1.33860646,0.32152464,3.17791331,0.13810388,-0.04785778,0.08477664,-0.01770580,0.00613567,-0.01086891,1.34115054,0.33714298,3.16856864,0.13909655,-0.04832785,0.08489664,-0.10914972,-27.36991620,2.43814666,-0.10914972,-27.36991620,2.43814666,-0.10850751,-27.33949038,2.39145045,-0.00254408,-0.01561834,0.00934467,-0.00099267,0.00047007,-0.00012000
12.940,1.33998661,0.32104637,3.17876053,0.13792658,-0.04779634,0.08466780,-0.01775482,0.00615266,-0.01089900,1.34253442,0.33666195,3.16941340,0.13891936,-0.04827186,0.08479158,-0.10946972,-27.37307400,2.44034365,-0.10946972,-27.37307400,2.44034365,-0.10882882,-27.34269724,2.39370744,-0.00254781,-0.01561558,0.00934713,-0.00099278,0.00047552,-0.00012378
12.950,1.34136499,0.32056871,3.17960666,0.13774879,-0.04773473,0.08455866,-0.01780373,0.00616961,-0.01092902,1.34391650,0.33618147,3.17025710,0.13874167,-0.04821568,0.08468622,-0.10978873,-27.37622291,2.44253705,-0.10978873,-27.37622291,2.44253705,-0.10914972,-27.34589262,2.39596159,-0.00255151,-0.01561276,0.00934956,-0.00099288,0.00048095,-0.00012756
12.960,1.34274159,0.32009167,3.18045170,0.13757051,-0.04767295,0.08444922,-0.01785251,0.00618651,-0.01095897,1.34529679,0.33570157,3.17109974,0.13856349,-0.04815933,0.08458056,-0.11010699,-27.37936129,2.44472731,-0.11010699,-27.37936129,2.44472731,-0.10946972,-27.34907886,2.39821186,-0.00255520,-0.01560990,0.00935196,-0.00099298,0.00048638,-0.00013134
12.970,1.34411640,0.31961525,3.18129565,0.13739174,-0.04761100,0.08433948,-0.01790118,0.00620338,-0.01098885,1.34667528,0.33522224,3.17194130,0.13838481,-0.04810279,0.08447459,-0.11042479,-27.38248944,2.44691490,-0.11042479,-27.38248944,2.44691490,-0.10978873,-27.35225632,2.40045870,-0.00255888,-0.01560699,0.00935435,-0.00099307,0.00049179,-0.00013511
12.980,1.34548942,0.31913945,3.18213849,0.13721248,-0.04754888,0.08422945,-0.01794974,0.00622021,-0.01101865,1.34805196,0.33474348,3.17278180,0.13820564,-0.04804608,0.08436833,-0.11074189,-27.38560771,2.44909733,-0.11074189,-27.38560771,2.44909733,-0.11010699,-27.35542332,2.40270255,-0.00256254,-0.01560403,0.00935669,-0.00099316,0.00049720,-0.00013888
12.990,1.34686065,0.31866428,3.18298023,0.13703274,-0.04748659,0.08411911,-0.01799817,0.00623699,-0.01104838,1.34942683,0.33426529,3.17362122,0.13802597,-0.04798918,0.08426176,-0.11105793,-27.38871441,2.45127631,-0.11105793,-27.38871441,2.45127631,-0.11042479,-27.35858019,2.40494387,-0.00256618,-0.01560101,0.00935901,-0.00099323,0.00050259,-0.00014265
13.000,1.34823008,0.31818972,3.18382087,0.13685252,-0.04742414,0.08400848,-0.01804649,0.00625373,-0.01107804,1.35079988,0.33378769,3.17445956,0.13784582,-0.04793211,0.08415490,-0.11137320,-27.39181423,2.45345248,-0.11137320,-27.39181423,2.45345248,-0.11074189,-27.36172727,2.40718018,-0.00256980,-0.01559797,0.00936131,-0.00099330,0.00050797,-0.00014642
13.010,1.34959770,0.31771579,3.18466040,0.13667182,-0.04736152,0.08389755,-0.01809468,0.00627043,-0.01110763,1.35217112,0.33331065,3.17529682,0.13766517,-0.04787486,0.08404773,-0.11168794,-27.39490320,2.45562473,-0.11168794,-27.39490320,2.45562473,-0.11105793,-27.36486286,2.40941319,-0.00257342,-0.01559486,0.00936358,-0.00099335,0.00051334,-0.00015018
13.020,1.35096351,0.31724249,3.18549882,0.13649063,-0.04729873,0.08378633,-0.01814276,0.00628710,-0.01113714,1.35354052,0.33283420,3.17613300,0.13748403,-0.04781743,0.08394027,-0.11200207,-27.39798160,2.45779355,-0.11200207,-27.39798160,2.45779355,-0.11137320,-27.36799166,2.41164354,-0.00257701,-0.01559171,0.00936582,-0.00099340,0.00051870,-0.00015394
13.030,1.35232751,0.31676982,3.18633613,0.13630896,-0.04723578,0.08367481,-0.01819072,0.00630371,-0.01116658,1.35490810,0.33235833,3.17696810,0.13730241,-0.04775982,0.08383251,-0.11231523,-27.40105012,2.45995928,-0.11231523,-27.40105012,2.45995928,-0.11168794,-27.37110970,2.41387011,-0.00258059,-0.01558851,0.00936803,-0.00099345,0.00052404,-0.00015770
13.040,1.35368969,0.31629778,3.18717232,0.13612681,-0.04717266,0.08356299,-0.01823855,0.00632029,-0.01119594,1.35627384,0.33188305,3.17780210,0.13712030,-0.04770203,0.08372445,-0.11262769,-27.40410873,2.46212083,-0.11262769,-27.40410873,2.46212083,-0.11200207,-27.37421726,2.41609341,-0.00258415,-0.01558527,0.00937022,-0.00099349,0.00052937,-0.00016146
13.050,1.35505004,0.31582637,3.18800739,0.13594419,-0.04710937,0.08345089,-0.01828627,0.00633683,-0.01122524,1.35763774,0.33140834,3.17863501,0.13693771,-0.04764407,0.08361610,-0.11293960,-27.40715777,2.46427882,-0.11293960,-27.40715777,2.46427882,-0.11231523,-27.37731503,2.41831375,-0.00258770,-0.01558197,0.00937238,-0.00099352,0.00053470,-0.00016521
13.060,1.35640857,0.31535559,3.18884134,0.13576109,-0.04704592,0.08333849,-0.01833387,0.00635332,-0.01125445,1.35899979,0.33093423,3.17946682,0.13675463,-0.04758593,0.08350746,-0.11325036,-27.41019791,2.46643346,-0.11325036,-27.41019791,2.46643346,-0.11262769,-27.38040298,2.42053007,-0.00259122,-0.01557864,0.00937452,-0.00099354,0.00054001,-0.00016897
13.070,1.35776526,0.31488545,3.18967416,0.13557751,-0.04698231,0.08322580,-0.01838134,0.00636977,-0.01128360,1.36036000,0.33046070,3.18029754,0.13657106,-0.04752761,0.08339852,-0.11356073,-27.41322748,2.46858379,-0.11356073,-27.41322748,2.46858379,-0.11293960,-27.38348143,2.42274296,-0.00259474,-0.01557525,0.00937662,-0.00099355,0.00054530,-0.00017272
13.080,1.35912012,0.31441594,3.19050585,0.13539346,-0.04691853,0.08311282,-0.01842869,0.00638618,-0.01131266,1.36171834,0.32998777,3.18112716,0.13638702,-0.04746912,0.08328929,-0.11386988,-27.41624845,2.47073020,-0.11386988,-27.41624845,2.47073020,-0.11325036,-27.38655109,2.42495266,-0.00259822,-0.01557183,0.00937869,-0.00099356,0.00055059,-0.00017647
13.090,1.36047313,0.31394708,3.19133641,0.13520894,-0.04685458,0.08299955,-0.01847592,0.00640255,-0.01134166,1.36307483,0.32951542,3.18195567,0.13620249,-0.04741045,0.08317977,-0.11417858,-27.41925713,2.47287314,-0.11417858,-27.41925713,2.47287314,-0.11356073,-27.38961026,2.42715818,-0.00260170,-0.01556834,0.00938074,-0.00099355,0.00055587,-0.00018022
13.100,1.36182430,0.31347885,3.19216584,0.13502394,-0.04679048,0.08288599,-0.01852303,0.00641887,-0.01137057,1.36442946,0.32904367,3.18278307,0.13601749,-0.04735161,0.08306996,-0.11448622,-27.42225855,2.47501306,-0.11448622,-27.42225855,2.47501306,-0.11386988,-27.39266091,2.42935994,-0.00260516,-0.01556482,0.00938277,-0.00099355,0.00056113,-0.00018397
13.110,1.36317361,0.31301127,3.19299413,0.13483848,-0.04672621,0.08277214,-0.01857002,0.00643515,-0.01139942,1.36578221,0.32857252,3.18360937,0.13583200,-0.04729259,0.08295985,-0.11479335,-27.42524836,2.47714889,-0.11479335,-27.42524836,2.47714889,-0.11417858,-27.39569936,2.43155838,-0.00260860,-0.01556125,0.00938476,-0.00099352,0.00056638,-0.00018771
13.120,1.36452106,0.31254433,3.19382128,0.13465254,-0.04666177,0.08265800,-0.01861688,0.00645139,-0.01142818,1.36713310,0.32810196,3.18443455,0.13564604,-0.04723340,0.08284945,-0.11509997,-27.42822886,2.47928103,-0.11509997,-27.42822886,2.47928103,-0.11448622,-27.39873064,2.43375393,-0.00261204,-0.01555763,0.00938673,-0.00099350,0.00057163,-0.00019145
13.130,1.36586666,0.31207803,3.19464729,0.13446614,-0.04659718,0.08254357,-0.01866362,0.00646759,-0.01145687,1.36848210,0.32763200,3.18525862,0.13545961,-0.04717403,0.08273877,-0.11540514,-27.43120109,2.48140992,-0.11540514,-27.43120109,2.48140992,-0.11479335,-27.40175040,2.43594553,-0.00261544,-0.01555397,0.00938867,-0.00099347,0.00057685,-0.00019520
13.140,1.36721038,0.31161239,3.19547215,0.13427927,-0.04653242,0.08242886,-0.01871023,0.00648374,-0.01148549,1.36982922,0.32716264,3.18608157,0.13527270,-0.04711449,0.08262779,-0.11571023,-27.43416066,2.48353457,-0.11571023,-27.43416066,2.48353457,-0.11509997,-27.40476093,2.43813360,-0.00261884,-0.01555025,0.00939058,-0.00099343,0.00058207,-0.00019893
13.150,1.36855224,0.31114739,3.19629587,0.13409194,-0.04646750,0.08231386,-0.01875672,0.00649985,-0.01151403,1.37117445,0.32669388,3.18690340,0.13508531,-0.04705478,0.08251652,-0.11601392,-27.43711224,2.48565680,-0.11601392,-27.43711224,2.48565680,-0.11540514,-27.40776327,2.44031856,-0.00262221,-0.01554649,0.00939247,-0.00099337,0.00058728,-0.00020266
13.160,1.36989222,0.31068304,3.19711843,0.13390414,-0.04640242,0.08219858,-0.01880308,0.00651592,-0.01154249,1.37251779,0.32622573,3.18772410,0.13489746,-0.04699489,0.08240497,-0.11631711,-27.44005416,2.48777413,-0.11631711,-27.44005416,2.48777413,-0.11571023,-27.41075305,2.44249942,-0.00262557,-0.01554269,0.00939433,-0.00099332,0.00059247,-0.00020639
13.170,1.37123032,0.31021934,3.19793984,0.13371588,-0.04633718,0.08208301,-0.01884932,0.00653194,-0.01157087,1.37385923,0.32575818,3.18854367,0.13470913,-0.04693483,0.08229312,-0.11661944,-27.44298674,2.48988834,-0.11661944,-27.44298674,2.48988834,-0.11601392,-27.41373492,2.44467800,-0.00262891,-0.01553884,0.00939617,-0.00099325,0.00059765,-0.00021011
13.180,1.37256654,0.30975629,3.19876009,0.13352715,-0.04627179,0.08196716,-0.01889544,0.00654792,-0.01159918,1.37519877,0.32529125,3.18936212,0.13452033,-0.04687459,0.08218100,-0.11692084,-27.44591063,2.49199846,-0.11692084,-27.44591063,2.49199846,-0.11631711,-27.41670721,2.44685182,-0.00263223,-0.01553496,0.00939797,-0.00099318,0.00060280,-0.00021384
13.190,1.37390086,0.30929390,3.19957918,0.13333797,-0.04620623,0.08185103,-0.01894142,0.00656386,-0.01162741,1.37653640,0.32482492,3.19017943,0.13433107,-0.04681419,0.08206858,-0.11722183,-27.44882346,2.49410488,-0.11722183,-27.44882346,2.49410488,-0.11661944,-27.41967025,2.44902266,-0.00263554,-0.01553102,0.00939975,-0.00099310,0.00060796,-0.00021755
13.200,1.37523330,0.30883217,3.20039711,0.13314832,-0.04614051,0.08173462,-0.01898728,0.00657975,-0.01165556,1.37787212,0.32435920,3.19099561,0.13414134,-0.04675361,0.08195589,-0.11752144,-27.45172586,2.49620803,-0.11752144,-27.45172586,2.49620803,-0.11692084,-27.42262469,2.45118956,-0.00263882,-0.01552703,0.00940150,-0.00099302,0.00061310,-0.00022127
13.210,1.37656383,0.30837109,3.20121387,0.13295822,-0.04607463,0.08161792,-0.01903302,0.00659560,-0.01168363,1.37920593,0.32389409,3.19181065,0.13395114,-0.04669286,0.08184291,-0.11782071,-27.45462015,2.49830671,-0.11782071,-27.45462015,2.49830671,-0.11722183,-27.42556815,2.45335290,-0.00264210,-0.01552300,0.00940322,-0.00099292,0.00061823,-0.00022499
13.220,1.37789246,0.30791068,3.20202946,0.13276766,-0.04600860,0.08150094,-0.01907862,0.00661140,-0.01171163,1.38053781,0.32342960,3.19262455,0.13376047,-0.04663194,0.08172965,-0.11811905,-27.45750301,2.50040143,-0.11811905,-27.45750301,2.50040143,-0.11752144,-27.42850126,2.45551310,-0.00264535,-0.01551892,0.00940491,-0.00099281,0.00062334,-0.00022871
13.230,1.37921918,0.30745092,3.20284389,0.13257665,-0.04594240,0.08138369,-0.01912410,0.00662716,-0.01173955,1.38186777,0.32296572,3.19343731,0.13356935,-0.04657085,0.08161610,-0.11841662,-27.46037805,2.50249422,-0.11841662,-27.46037805,2.50249422,-0.11782071,-27.43142635,2.45766898,-0.00264859,-0.01551480,0.00940658,-0.00099270,0.00062845,-0.00023241
13.240,1.38054399,0.30699183,3.20365714,0.13238518,-0.04587605,0.08126615,-0.01916945,0.00664288,-0.01176739,1.38319580,0.32250247,3.19424891,0.13337776,-0.04650960,0.08150227,-0.11871333,-27.46324232,2.50458232,-0.11871333,-27.46324232,2.50458232,-0.11811905,-27.43434010,2.45982104,-0.00265181,-0.01551064,0.00940823,-0.00099258,0.00063355,-0.00023612
13.250,1.38186688,0.30653340,3.20446921,0.13219326,-0.04580955,0.08114834,-0.01921467,0.00665855,-0.01179515,1.38452190,0.32203983,3.19505937,0.13318571,-0.04644817,0.08138816,-0.11900934,-27.46609809,2.50666627,-0.11900934,-27.46609809,2.50666627,-0.11841662,-27.43724611,2.46197131,-0.00265502,-0.01550643,0.00940984,-0.00099245,0.00063862,-0.00023982
13.260,1.38318785,0.30607564,3.20528010,0.13200089,-0.04574288,0.08103025,-0.01925977,0.00667418,-0.01182283,1.38584606,0.32157781,3.19586868,0.13299320,-0.04638657,0.08127377,-0.11930445,-27.46894298,2.50874638,-0.11930445,-27.46894298,2.50874638,-0.11871333,-27.44014143,2.46411702,-0.00265821,-0.01550217,0.00941142,-0.00099231,0.00064369,-0.00024352
13.270,1.38450690,0.30561854,3.20608981,0.13180807,-0.04567606,0.08091188,-0.01930473,0.00668976,-0.01185043,1.38716827,0.32111641,3.19667683,0.13280024,-0.04632480,0.08115910,-0.11959842,-27.47177999,2.51082307,-0.11959842,-27.47177999,2.51082307,-0.11900934,-27.44302834,2.46625872,-0.00266137,-0.01549787,0.00941298,-0.00099217,0.00064874,-0.00024722
13.280,1.38582401,0.30516212,3.20689834,0.13161480,-0.04560909,0.08079324,-0.01934956,0.00670529,-0.01187795,1.38848853,0.32065564,3.19748382,0.13260681,-0.04626287,0.08104415,-0.11989206,-27.47460546,2.51289687,-0.11989206,-27.47460546,2.51289687,-0.11930445,-27.44590445,2.46839673,-0.00266452,-0.01549352,0.00941452,-0.00099201,0.00065378,-0.00025091
13.290,1.38713919,0.30470636,3.20770568,0.13142108,-0.04554196,0.08067432,-0.01939427,0.00672079,-0.01190539,1.38980685,0.32019550,3.19828965,0.13241293,-0.04620077,0.08092892,-0.12018465,-27.47742331,2.51496656,-0.12018465,-27.47742331,2.51496656,-0.11959842,-27.44877276,2.47053146,-0.00266766,-0.01548914,0.00941603,-0.00099185,0.00065881,-0.00025460
13.300,1.38845243,0.30425128,3.20851183,0.13122691,-0.04547467,0.08055513,-0.01943884,0.00673623,-0.01193275,1.39112320,0.31973598,3.19909432,0.13221860,-0.04613850,0.08081342,-0.12047649,-27.48022988,2.51703262,-0.12047649,-27.48022988,2.51703262,-0.11989206,-27.45162961,2.47266342,-0.00267077,-0.01548470,0.00941751,-0.00099169,0.00066383,-0.00025829
13.310,1.38976373,0.30379687,3.20931678,0.13103230,-0.04540723,0.08043567,-0.01948328,0.00675163,-0.01196004,1.39243760,0.31927709,3.19989783,0.13202382,-0.04607606,0.08069764,-0.12076724,-27.48302778,2.51909392,-0.12076724,-27.48302778,2.51909392,-0.12018465,-27.45447894,2.47479141,-0.00267387,-0.01548022,0.00941895,-0.00099152,0.00066883,-0.00026197
13.320,1.39107308,0.30334314,3.21012054,0.13083725,-0.04533964,0.08031593,-0.01952760,0.00676699,-0.01198724,1.39375003,0.31881884,3.20070016,0.13182858,-0.04601346,0.08058159,-0.12105719,-27.48581533,2.52115225,-0.12105719,-27.48581533,2.52115225,-0.12047649,-27.45731705,2.47691590,-0.00267695,-0.01547570,0.00942038,-0.00099133,0.00067382,-0.00026566
13.330,1.39238047,0.30289008,3.21092310,0.13064175,-0.04527189,0.08019592,-0.01957178,0.00678230,-0.01201436,1.39506048,0.31836121,3.20150132,0.13163289,-0.04595069,0.08046526,-0.12134675,-27.48859450,2.52320664,-0.12134675,-27.48859450,2.52320664,-0.12076724,-27.46014659,2.47903578,-0.00268001,-0.01547113,0.00942178,-0.00099114,0.00067880,-0.00026934
13.340,1.39368591,0.30243770,3.21172446,0.13044581,-0.04520399,0.08007565,-0.01961582,0.00679756,-0.01204140,1.39636897,0.31790422,3.20230131,0.13143675,-0.04588775,0.08034866,-0.12163510,-27.49136396,2.52525758,-0.12163510,-27.49136396,2.52525758,-0.12105719,-27.46296586,2.48115282,-0.00268306,-0.01546652,0.00942315,-0.00099094,0.00068376,-0.00027301
13.350,1.39498939,0.30198600,3.21252461,0.13024943,-0.04513594,0.07995510,-0.01965974,0.00681278,-0.01206835,1.39767547,0.31744787,3.20310012,0.13124016,-0.04582465,0.08023179,-0.12192254,-27.49412399,2.52730374,-0.12192254,-27.49412399,2.52730374,-0.12134675,-27.46577683,2.48326606,-0.00268608,-0.01546187,0.00942449,-0.00099073,0.00068871,-0.00027669
13.360,1.39629090,0.30153498,3.21332356,0.13005262,-0.04506774,0.07983428,-0.01970352,0.00682795,-0.01209523,1.39897999,0.31699216,3.20389776,0.13104313,-0.04576138,0.08011465,-0.12220922,-27.49687489,2.52934711,-0.12220922,-27.49687489,2.52934711,-0.12163510,-27.46857817,2.48537597,-0.00268909,-0.01545718,0.00942580,-0.00099051,0.00069364,-0.00028037
13.370,1.39759044,0.30108464,3.21412129,0.12985536,-0.04499938,0.07971319,-0.01974717,0.00684308,-0.01212202,1.40028252,0.31653708,3.20469420,0.13084566,-0.04569795,0.07999723,-0.12249520,-27.49961662,2.53138512,-0.12249520,-27.49961662,2.53138512,-0.12192254,-27.47137016,2.48748125,-0.00269208,-0.01545244,0.00942709,-0.00099030,0.00069857,-0.00028404
13.380,1.39888801,0.30063499,3.21491782,0.12965767,-0.04493088,0.07959184,-0.01979068,0.00685816,-0.01214874,1.40158306,0.31608264,3.20548947,0.13064773,-0.04563436,0.07987955,-0.12278001,-27.50234817,2.53342122,-0.12278001,-27.50234817,2.53342122,-0.12220922,-27.47415310,2.48958387,-0.00269505,-0.01544765,0.00942835,-0.00099006,0.00070348,-0.00028771
13.390,1.40018359,0.30018603,3.21571313,0.12945955,-0.04486222,0.07947022,-0.01983407,0.00687319,-0.01217537,1.40288161,0.31562885,3.20628355,0.13044937,-0.04557060,0.07976159,-0.12306447,-27.50506914,2.53545276,-0.12306447,-27.50506914,2.53545276,-0.12249520,-27.47692696,2.49168126,-0.00269802,-0.01544282,0.00942958,-0.00098982,0.00070838,-0.00029137
13.400,1.40147719,0.29973775,3.21650722,0.12926099,-0.04479341,0.07934833,-0.01987731,0.00688818,-0.01220191,1.40417815,0.31517570,3.20707643,0.13025057,-0.04550668,0.07964336,-0.12334798,-27.50778217,2.53748008,-0.12334798,-27.50778217,2.53748008,-0.12278001,-27.47969071,2.49377687,-0.00270096,-0.01543795,0.00943079,-0.00098958,0.00071327,-0.00029503
13.410,1.40276881,0.29929016,3.21730010,0.12906200,-0.04472446,0.07922618,-0.01992042,0.00690312,-0.01222838,1.40547268,0.31472320,3.20786813,0.13005132,-0.04544260,0.07952487,-0.12363023,-27.51048594,2.53950520,-0.12363023,-27.51048594,2.53950520,-0.12306447,-27.48244396,2.49586806,-0.00270387,-0.01543304,0.00943197,-0.00098932,0.00071814,-0.00029869
13.420,1.40405843,0.29884326,3.21809175,0.12886258,-0.04465535,0.07910376,-0.01996340,0.00691801,-0.01225476,1.40676521,0.31427134,3.20865863,0.12985164,-0.04537835,0.07940611,-0.12391200,-27.51318005,2.54152540,-0.12391200,-27.51318005,2.54152540,-0.12334798,-27.48518937,2.49795518,-0.00270678,-0.01542808,0.00943312,-0.00098906,0.00072300,-0.00030235
13.430,1.40534606,0.29839705,3.21888217,0.12866274,-0.04458610,0.07898109,-0.02000624,0.00693286,-0.01228106,1.40805572,0.31382013,3.20944793,0.12965152,-0.04531394,0.07928708,-0.12419248,-27.51586545,2.54354122,-0.12419248,-27.51586545,2.54354122,-0.12363023,-27.48792558,2.50004020,-0.00270966,-0.01542308,0.00943424,-0.00098878,0.00072784,-0.00030599
13.440,1.40663169,0.29795154,3.21967137,0.12846246,-0.04451669,0.07885814,-0.02004895,0.00694765,-0.01230727,1.40934422,0.31336958,3.21023602,0.12945096,-0.04524937,0.07916778,-0.12447221,-27.51853976,2.54555425,-0.12447221,-27.51853976,2.54555425,-0.12391200,-27.49065221,2.50212045,-0.00271253,-0.01541804,0.00943535,-0.00098850,0.00073268,-0.00030964
13.450,1.40791531,0.29750672,3.22045933,0.12826176,-0.04444714,0.07873494,-0.02009152,0.00696241,-0.01233341,1.41063069,0.31291967,3.21102292,0.12924997,-0.04518464,0.07904822,-0.12475125,-27.52120596,2.54756218,-0.12475125,-27.52120596,2.54756218,-0.12419248,-27.49337023,2.50419645,-0.00271538,-0.01541295,0.00943641,-0.00098821,0.00073750,-0.00031328
13.460,1.40919692,0.29706260,3.22124607,0.12806063,-0.04437745,0.07861148,-0.02013395,0.00697711,-0.01235945,1.41191513,0.31247042,3.21180861,0.12904855,-0.04511975,0.07892840,-0.12502952,-27.52386235,2.54956829,-0.12502952,-27.52386235,2.54956829,-0.12447221,-27.49607722,2.50626978,-0.00271821,-0.01540782,0.00943746,-0.00098792,0.00074230,-0.00031692
13.470,1.41047652,0.29661917,3.22203156,0.12785908,-0.04430760,0.07848775,-0.02017624,0.00699177,-0.01238542,1.41319754,0.31202183,3.21259309,0.12884669,-0.04505470,0.07880831,-0.12530670,-27.52651055,2.55156840,-0.12530670,-27.52651055,2.55156840,-0.12475125,-27.49877619,2.50833816,-0.00272102,-0.01540266,0.00943847,-0.00098761,0.00074710,-0.00032056
13.480,1.41175410,0.29617645,3.22281582,0.12765711,-0.04423761,0.07836377,-0.02021840,0.00700638,-0.01241129,1.41447791,0.31157389,3.21337636,0.12864441,-0.04498948,0.07868797,-0.12558310,-27.52914753,2.55356601,-0.12558310,-27.52914753,2.55356601,-0.12502952,-27.50146543,2.51040484,-0.00272381,-0.01539744,0.00943946,-0.00098730,0.00075187,-0.00032420
13.490,1.41302966,0.29573442,3.22359884,0.12745471,-0.04416747,0.07823953,-0.02026042,0.00702094,-0.01243709,1.41575625,0.31112661,3.21415841,0.12844169,-0.04492411,0.07856735,-0.12585863,-27.53177722,2.55555996,-0.12585863,-27.53177722,2.55555996,-0.12530670,-27.50414655,2.51246564,-0.00272659,-0.01539219,0.00944043,-0.00098698,0.00075664,-0.00032782
13.500,1.41430319,0.29529310,3.22438061,0.12725190,-0.04409719,0.07811503,-0.02030230,0.00703545,-0.01246280,1.41703254,0.31067999,3.21493925,0.12823855,-0.04485858,0.07844648,-0.12613336,-27.53439629,2.55754911,-0.12613336,-27.53439629,2.55754911,-0.12558310,-27.50681653,2.51452408,-0.00272935,-0.01538689,0.00944136,-0.00098665,0.00076139,-0.00033145
13.510,1.41557470,0.29485248,3.22516114,0.12704867,-0.04402677,0.07799027,-0.02034404,0.00704991,-0.01248842,1.41830678,0.31023403,3.21571887,0.12803498,-0.04479289,0.07832535,-0.12640672,-27.53700700,2.55953530,-0.12640672,-27.53700700,2.55953530,-0.12585863,-27.50947931,2.51657899,-0.00273208,-0.01538155,0.00944227,-0.00098631,0.00076612,-0.00033508
13.520,1.41684417,0.29441256,3.22594041,0.12684502,-0.04395619,0.07786526,-0.02038564,0.00706433,-0.01251396,1.41957897,0.30978873,3.21649727,0.12783099,-0.04472705,0.07820396,-0.12667950,-27.53960895,2.56151603,-0.12667950,-27.53960895,2.56151603,-0.12613336,-27.51213154,2.51862922,-0.00273480,-0.01537617,0.00944314,-0.00098597,0.00077086,-0.00033870
13.530,1.41811160,0.29397335,3.22671844,0.12664095,-0.04388548,0.07773999,-0.02042710,0.00707870,-0.01253941,1.42084911,0.30934410,3.21727444,0.12762657,-0.04466104,0.07808231,-0.12695152,-27.54220147,2.56349455,-0.12695152,-27.54220147,2.56349455,-0.12640672,-27.51477548,2.52067662,-0.00273751,-0.01537075,0.00944400,-0.00098562,0.00077556,-0.00034232
13.540,1.41937698,0.29353485,3.22749521,0.12643648,-0.04381462,0.07761447,-0.02046843,0.00709302,-0.01256478,1.42211718,0.30890014,3.21805039,0.12742173,-0.04459488,0.07796040,-0.12722285,-27.54478415,2.56546838,-0.12722285,-27.54478415,2.56546838,-0.12667950,-27.51741075,2.52271870,-0.00274020,-0.01536529,0.00944482,-0.00098525,0.00078026,-0.00034593
13.550,1.42064032,0.29309706,3.22827073,0.12623159,-0.04374362,0.07748870,-0.02050961,0.00710729,-0.01259006,1.42338319,0.30845684,3.21882511,0.12721647,-0.04452856,0.07783823,-0.12749302,-27.54735760,2.56743936,-0.12749302,-27.54735760,2.56743936,-0.12695152,-27.52003666,2.52475869,-0.00274287,-0.01535978,0.00944562,-0.00098488,0.00078494,-0.00034953
13.560,1.42190161,0.29265998,3.22904499,0.12602628,-0.04367247,0.07736267,-0.02055065,0.00712151,-0.01261525,1.42464712,0.30801422,3.21959859,0.12701079,-0.04446209,0.07771580,-0.12776236,-27.54992178,2.56940627,-0.12776236,-27.54992178,2.56940627,-0.12722285,-27.52265281,2.52679411,-0.00274551,-0.01535424,0.00944640,-0.00098451,0.00078962,-0.00035313
13.570,1.42316085,0.29222361,3.22981798,0.12582057,-0.04360119,0.07723639,-0.02059155,0.00713569,-0.01264036,1.42590899,0.30757226,3.22037084,0.12680470,-0.04439546,0.07759312,-0.12803042,-27.55247765,2.57136804,-0.12803042,-27.55247765,2.57136804,-0.12749302,-27.52525982,2.52882681,-0.00274814,-0.01534865,0.00944714,-0.00098413,0.00079427,-0.00035673
13.580,1.42441802,0.29178796,3.23058971,0.12561445,-0.04352976,0.07710986,-0.02063231,0.00714981,-0.01266538,1.42716877,0.30713098,3.22114186,0.12659818,-0.04432867,0.07747019,-0.12829814,-27.55502280,2.57332652,-0.12829814,-27.55502280,2.57332652,-0.12776236,-27.52785762,2.53085557,-0.00275075,-0.01534302,0.00944785,-0.00098373,0.00079891,-0.00036033
13.590,1.42567314,0.29135302,3.23136018,0.12540793,-0.04345819,0.07698308,-0.02067293,0.00716389,-0.01269031,1.42842648,0.30669037,3.22191163,0.12639126,-0.04426173,0.07734701,-0.12856420,-27.55755986,2.57528212,-0.12856420,-27.55755986,2.57528212,-0.12803042,-27.53044719,2.53287931,-0.00275334,-0.01533735,0.00944855,-0.00098333,0.00080354,-0.00036393
13.600,1.42692618,0.29091879,3.23212937,0.12520100,-0.04338648,0.07685606,-0.02071340,0.00717791,-0.01271516,1.42968210,0.30625044,3.22268017,0.12618391,-0.04419464,0.07722357,-0.12883004,-27.56008914,2.57723231,-0.12883004,-27.56008914,2.57723231,-0.12829814,-27.53302612,2.53489990,-0.00275592,-0.01533165,0.00944920,-0.00098291,0.00080816,-0.00036751
13.610,1.42817715,0.29048529,3.23289730,0.12499366,-0.04331463,0.07672878,-0.02075373,0.00719189,-0.01273991,1.43093563,0.30581118,3.22344745,0.12597616,-0.04412739,0.07709988,-0.12909498,-27.56260690,2.57918021,-0.12909498,-27.56260690,2.57918021,-0.12856420,-27.53559704,2.53691772,-0.00275848,-0.01532589,0.00944985,-0.00098250,0.00081276,-0.00037110
13.620,1.42942605,0.29005250,3.23366395,0.12478592,-0.04324265,0.07660126,-0.02079392,0.00720581,-0.01276458,1.43218706,0.30537260,3.22421349,0.12576800,-0.04405998,0.07697593,-0.12935870,-27.56511776,2.58112341,-0.12935870,-27.56511776,2.58112341,-0.12883004,-27.53816025,2.53893026,-0.00276101,-0.01532010,0.00945046,-0.00098208,0.00081733,-0.00037467
13.630,1.43067287,0.28962044,3.23442932,0.12457778,-0.04317052,0.07647349,-0.02083396,0.00721969,-0.01278917,1.43343640,0.30493470,3.22497829,0.12555942,-0.04399243,0.07685174,-0.12962152,-27.56761730,2.58306213,-0.12962152,-27.56761730,2.58306213,-0.12909498,-27.54071202,2.54094063,-0.00276353,-0.01531426,0.00945103,-0.00098164,0.00082191,-0.00037825
13.640,1.43191761,0.28918909,3.23519342,0.12436924,-0.04309825,0.07634548,-0.02087387,0.00723352,-0.01281366,1.43468363,0.30449749,3.22574183,0.12535044,-0.04392472,0.07672730,-0.12988324,-27.57011012,2.58499833,-0.12988324,-27.57011012,2.58499833,-0.12935870,-27.54325696,2.54294642,-0.00276602,-0.01530840,0.00945159,-0.00098120,0.00082647,-0.00038182
13.650,1.43316025,0.28875847,3.23595623,0.12416031,-0.04302585,0.07621722,-0.02091362,0.00724729,-0.01283806,1.43592876,0.30406096,3.22650411,0.12514105,-0.04385686,0.07660261,-0.13014458,-27.57259290,2.58692930,-0.13014458,-27.57259290,2.58692930,-0.12962152,-27.54579065,2.54494786,-0.00276851,-0.01530249,0.00945212,-0.00098074,0.00083101,-0.00038539
13.660,1.43440081,0.28832858,3.23671776,0.12395097,-0.04295331,0.07608871,-0.02095323,0.00726102,-0.01286238,1.43717178,0.30362511,3.22726514,0.12493126,-0.04378885,0.07647768,-0.13040458,-27.57506551,2.58885684,-0.13040458,-27.57506551,2.58885684,-0.12988324,-27.54831771,2.54694690,-0.00277097,-0.01529653,0.00945262,-0.00098029,0.00083554,-0.00038897
13.670,1.43563927,0.28789941,3.23747800,0.12374124,-0.04288063,0.07595997,-0.02099270,0.00727470,-0.01288661,1.43841269,0.30318995,3.22802491,0.12472106,-0.04372069,0.07635249,-0.13066381,-27.57753024,2.59078003,-0.13066381,-27.57753024,2.59078003,-0.13014458,-27.55083480,2.54894083,-0.00277342,-0.01529054,0.00945309,-0.00097982,0.00084006,-0.00039252
13.680,1.43687563,0.28747096,3.23823696,0.12353112,-0.04280781,0.07583098,-0.02103202,0.00728832,-0.01291075,1.43965147,0.30275547,3.22878342,0.12451046,-0.04365238,0.07622707,-0.13092211,-27.57998738,2.59270054,-0.13092211,-27.57998738,2.59270054,-0.13040458,-27.55334179,2.55093145,-0.00277584,-0.01528451,0.00945354,-0.00097934,0.00084457,-0.00039609
13.690,1.43810989,0.28704325,3.23899462,0.12332060,-0.04273486,0.07570176,-0.02107120,0.00730190,-0.01293479,1.44088814,0.30232169,3.22954066,0.12429946,-0.04358391,0.07610139,-0.13117940,-27.58243357,2.59461594,-0.13117940,-27.58243357,2.59461594,-0.13066381,-27.55584098,2.55291785,-0.00277825,-0.01527844,0.00945396,-0.00097886,0.00084905,-0.00039963
13.700,1.43934205,0.28661627,3.23975099,0.12310969,-0.04266178,0.07557229,-0.02111022,0.00731542,-0.01295875,1.44212268,0.30188859,3.23029664,0.12408806,-0.04351530,0.07597547,-0.13143538,-27.58487102,2.59652781,-0.13143538,-27.58487102,2.59652781,-0.13092211,-27.55833265,2.55490168,-0.00278063,-0.01527232,0.00945435,-0.00097837,0.00085352,-0.00040318
13.710,1.44057209,0.28619001,3.24050607,0.12289840,-0.04258855,0.07544258,-0.02114911,0.00732890,-0.01298262,1.44335508,0.30145619,3.23105135,0.12387626,-0.04344654,0.07584931,-0.13169075,-27.58730134,2.59843665,-0.13169075,-27.58730134,2.59843665,-0.13117940,-27.56081344,2.55688052,-0.00278299,-0.01526618,0.00945472,-0.00097786,0.00085799,-0.00040673
13.720,1.44180001,0.28576450,3.24125984,0.12268671,-0.04251520,0.07531264,-0.02118784,0.00734232,-0.01300640,1.44458536,0.30102448,3.23180478,0.12366406,-0.04337763,0.07572291,-0.13194558,-27.58971984,2.60033989,-0.13194558,-27.58971984,2.60033989,-0.13143538,-27.56328558,2.55885597,-0.00278535,-0.01525998,0.00945506,-0.00097735,0.00086243,-0.00041027
13.730,1.44302582,0.28533971,3.24201232,0.12247464,-0.04244171,0.07518245,-0.02122643,0.00735569,-0.01303008,1.44581350,0.30059347,3.23255695,0.12345148,-0.04330857,0.07559626,-0.13219895,-27.59213205,2.60224064,-0.13219895,-27.59213205,2.60224064,-0.13169075,-27.56575064,2.56082849,-0.00278768,-0.01525376,0.00945537,-0.00097684,0.00086686,-0.00041381
13.740,1.44424950,0.28491566,3.24276349,0.12226218,-0.04236808,0.07505203,-0.02126487,0.00736901,-0.01305368,1.44703949,0.30016315,3.23330783,0.12323849,-0.04323936,0.07546938,-0.13245180,-27.59453429,2.60413649,-0.13245180,-27.59453429,2.60413649,-0.13194558,-27.56820397,2.56279553,-0.00278999,-0.01524749,0.00945566,-0.00097631,0.00087128,-0.00041735
13.750,1.44547106,0.28449235,3.24351336,0.12204934,-0.04229433,0.07492138,-0.02130316,0.00738228,-0.01307719,1.44826334,0.29973353,3.23405744,0.12302512,-0.04317001,0.07534225,-0.13270333,-27.59692749,2.60602923,-0.13270333,-27.59692749,2.60602923,-0.13219895,-27.57065108,2.56476020,-0.00279228,-0.01524118,0.00945592,-0.00097578,0.00087568,-0.00042087
13.760,1.44669049,0.28406978,3.24426192,0.12183612,-0.04222044,0.07479049,-0.02134130,0.00739550,-0.01310060,1.44948504,0.29930461,3.23480577,0.12281135,-0.04310051,0.07521489,-0.13295386,-27.59931122,2.60791765,-0.13295386,-27.59931122,2.60791765,-0.13245180,-27.57308829,2.56672009,-0.00279455,-0.01523483,0.00945615,-0.00097523,0.00088007,-0.00042440
13.770,1.44790778,0.28364794,3.24500917,0.12162252,-0.04214642,0.07465937,-0.02137929,0.00740867,-0.01312392,1.45070459,0.29887639,3.23555282,0.12259720,-0.04303086,0.07508729,-0.13320372,-27.60168809,2.60980214,-0.13320372,-27.60168809,2.60980214,-0.13270333,-27.57551653,2.56867699,-0.00279681,-0.01522845,0.00945635,-0.00097468,0.00088444,-0.00042792
13.780,1.44912294,0.28322685,3.24575511,0.12140854,-0.04207226,0.07452801,-0.02141714,0.00742178,-0.01314715,1.45192198,0.29844887,3.23629857,0.12238266,-0.04296107,0.07495946,-0.13345223,-27.60405403,2.61168295,-0.13345223,-27.60405403,2.61168295,-0.13295386,-27.57793537,2.57062967,-0.00279904,-0.01522202,0.00945654,-0.00097412,0.00088881,-0.00043145
13.790,1.45033595,0.28280650,3.24649973,0.12119418,-0.04199798,0.07439642,-0.02145483,0.00743484,-0.01317029,1.45313721,0.29802206,3.23704305,0.12216773,-0.04289113,0.07483139,-0.13370022,-27.60641197,2.61355901,-0.13370022,-27.60641197,2.61355901,-0.13320372,-27.58034743,2.57257855,-0.00280126,-0.01521556,0.00945668,-0.00097355,0.00089315,-0.00043497
13.800,1.45154682,0.28238689,3.24724303,0.12097944,-0.04192357,0.07426461,-0.02149237,0.00744785,-0.01319334,1.45435027,0.29759595,3.23778623,0.12195242,-0.04282105,0.07470308,-0.13394703,-27.60876184,2.61543075,-0.13394703,-27.60876184,2.61543075,-0.13345223,-27.58274862,2.57452387,-0.00280345,-0.01520906,0.00945680,-0.00097298,0.00089748,-0.00043847
13.810,1.45275554,0.28196803,3.24798502,0.12076433,-0.04184902,0.07413256,-0.02152977,0.00746081,-0.01321629,1.45556117,0.29717055,3.23852812,0.12173672,-0.04275082,0.07457454,-0.13419284,-27.61110156,2.61729982,-0.13419284,-27.61110156,2.61729982,-0.13370022,-27.58514190,2.57646455,-0.00280563,-0.01520252,0.00945690,-0.00097239,0.00090180,-0.00044198
13.820,1.45396211,0.28154991,3.24872568,0.12054885,-0.04177435,0.07400028,-0.02156701,0.00747372,-0.01323915,1.45676990,0.29674586,3.23926871,0.12152065,-0.04268045,0.07444577,-0.13443750,-27.61343410,2.61916368,-0.13443750,-27.61343410,2.61916368,-0.13394703,-27.58752717,2.57840102,-0.00280779,-0.01519595,0.00945697,-0.00097180,0.00090610,-0.00044549
13.830,1.45516652,0.28113254,3.24946502,0.12033299,-0.04169955,0.07386778,-0.02160410,0.00748657,-0.01326192,1.45797644,0.29632187,3.24000801,0.12130419,-0.04260994,0.07431676,-0.13468146,-27.61575735,2.62102425,-0.13468146,-27.61575735,2.62102425,-0.13419284,-27.58990237,2.58033494,-0.00280992,-0.01518933,0.00945701,-0.00097120,0.00091039,-0.00044898
13.840,1.45636876,0.28071592,3.25020304,0.12011676,-0.04162462,0.07373504,-0.02164104,0.00749937,-0.01328460,1.45918081,0.29589860,3.24074601,0.12108735,-0.04253928,0.07418752,-0.13492491,-27.61807157,2.62288167,-0.13492491,-27.61807157,2.62288167,-0.13443750,-27.59227044,2.58226378,-0.00281205,-0.01518268,0.00945703,-0.00097059,0.00091466,-0.00045248
13.850,1.45756885,0.28030005,3.25093972,0.11990017,-0.04154956,0.07360208,-0.02167782,0.00751212,-0.01330718,1.46038300,0.29547604,3.24148270,0.12087014,-0.04246848,0.07405805,-0.13516659,-27.62037702,2.62473349,-0.13516659,-27.62037702,2.62473349,-0.13468146,-27.59462931,2.58418943,-0.00281415,-0.01517599,0.00945702,-0.00096997,0.00091892,-0.00045597
13.860,1.45876677,0.27988493,3.25167508,0.11968321,-0.04147438,0.07346890,-0.02171445,0.00752481,-0.01332966,1.46158300,0.29505419,3.24221810,0.12065255,-0.04239754,0.07392835,-0.13540742,-27.62267429,2.62658298,-0.13540742,-27.62267429,2.62658298,-0.13492491,-27.59697921,2.58611205,-0.00281623,-0.01516926,0.00945698,-0.00096934,0.00092316,-0.00045945
13.870,1.45996251,0.27947056,3.25240910,0.11946588,-0.04139907,0.07333549,-0.02175093,0.00753745,-0.01335206,1.46278080,0.29463306,3.24295218,0.12043459,-0.04232646,0.07379842,-0.13564776,-27.62496330,2.62842740,-0.13564776,-27.62496330,2.62842740,-0.13516659,-27.59932042,2.58802918,-0.00281829,-0.01516250,0.00945692,-0.00096871,0.00092739,-0.00046293
13.880,1.46115608,0.27905695,3.25314179,0.11924819,-0.04132363,0.07320186,-0.02178726,0.00755004,-0.01337436,1.46397641,0.29421264,3.24368496,0.12021626,-0.04225523,0.07366826,-0.13588681,-27.62724228,2.63026866,-0.13588681,-27.62724228,2.63026866,-0.13540742,-27.60165351,2.58994408,-0.00282033,-0.01515569,0.00945683,-0.00096807,0.00093160,-0.00046640
13.890,1.46234748,0.27864409,3.25387314,0.11903014,-0.04124807,0.07306800,-0.02182343,0.00756258,-0.01339656,1.46516983,0.29379295,3.24441643,0.11999755,-0.04218387,0.07353787,-0.13612440,-27.62951382,2.63210547,-0.13612440,-27.62951382,2.63210547,-0.13564776,-27.60397841,2.59185405,-0.00282235,-0.01514886,0.00945671,-0.00096741,0.00093580,-0.00046987
13.900,1.46353668,0.27823199,3.25460315,0.11881172,-0.04117238,0.07293393,-0.02185945,0.00757506,-0.01341867,1.46636104,0.29337397,3.24514658,0.11977848,-0.04211237,0.07340726,-0.13636199,-27.63177584,2.63393834,-0.13636199,-27.63177584,2.63393834,-0.13588681,-27.60629335,2.59376094,-0.00282436,-0.01514198,0.00945657,-0.00096676,0.00093999,-0.00047333
13.910,1.46472371,0.27782064,3.25533182,0.11859295,-0.04109657,0.07279963,-0.02189531,0.00758749,-0.01344069,1.46755005,0.29295571,3.24587542,0.11955904,-0.04204072,0.07327643,-0.13659768,-27.63403092,2.63576738,-0.13659768,-27.63403092,2.63576738,-0.13612440,-27.60860092,2.59566351,-0.00282634,-0.01513507,0.00945640,-0.00096609,0.00094415,-0.00047680
13.920,1.46590854,0.27741005,3.25605914,0.11837382,-0.04102063,0.07266511,-0.02193102,0.00759986,-0.01346261,1.46873685,0.29253817,3.24660294,0.11933923,-0.04196894,0.07314537,-0.13683292,-27.63627698,2.63759153,-0.13683292,-27.63627698,2.63759153,-0.13636199,-27.61089904,2.59756224,-0.00282831,-0.01512812,0.00945620,-0.00096541,0.00094831,-0.00048026
13.930,1.46709118,0.27700023,3.25678512,0.11815433,-0.04094457,0.07253038,-0.02196658,0.00761218,-0.01348443,1.46992143,0.29212136,3.24732915,0.11911905,-0.04189702,0.07301409,-0.13706706,-27.63851258,2.63941267,-0.13706706,-27.63851258,2.63941267,-0.13659768,-27.61319029,2.59945726,-0.00283025,-0.01512113,0.00945597,-0.00096472,0.00095245,-0.00048371
13.940,1.46827163,0.27659116,3.25750975,0.11793448,-0.04086839,0.07239543,-0.02200197,0.00762445,-0.01350616,1.47110380,0.29170527,3.24805403,0.11889852,-0.04182497,0.07288259,-0.13729992,-27.64074197,2.64122955,-0.13729992,-27.64074197,2.64122955,-0.13683292,-27.61547258,2.60134749,-0.00283217,-0.01511411,0.00945572,-0.00096404,0.00095658,-0.00048716
13.950,1.46944987,0.27618286,3.25823303,0.11771429,-0.04079208,0.07226026,-0.02203721,0.00763666,-0.01352779,1.47228395,0.29128991,3.24877758,0.11867762,-0.04175277,0.07275086,-0.13753210,-27.64296107,2.64304247,-0.13753210,-27.64296107,2.64304247,-0.13706706,-27.61774449,2.60323482,-0.00283408,-0.01510705,0.00945545,-0.00096333,0.00096069,-0.00049060
13.960,1.47062591,0.27577532,3.25895495,0.11749374,-0.04071565,0.07212487,-0.02207230,0.00764882,-0.01354933,1.47346188,0.29087528,3.24949981,0.11845636,-0.04168044,0.07261892,-0.13776320,-27.64517244,2.64485025,-0.13776320,-27.64517244,2.64485025,-0.13729992,-27.62001025,2.60511800,-0.00283597,-0.01509996,0.00945514,-0.00096262,0.00096479,-0.00049405
13.970,1.47179975,0.27536855,3.25967552,0.11727284,-0.04063910,0.07198927,-0.02210723,0.00766092,-0.01357077,1.47463758,0.29046137,3.25022072,0.11823474,-0.04160798,0.07248676,-0.13799293,-27.64737435,2.64665478,-0.13799293,-27.64737435,2.64665478,-0.13753210,-27.62226578,2.60699734,-0.00283783,-0.01509282,0.00945480,-0.00096190,0.00096888,-0.00049749
13.980,1.47297137,0.27496254,3.26039474,0.11705160,-0.04056243,0.07185346,-0.02214199,0.00767297,-0.01359212,1.47581104,0.29004820,3.25094029,0.11801277,-0.04153537,0.07235437,-0.13822200,-27.64956905,2.64845643,-0.13822200,-27.64956905,2.64845643,-0.13776320,-27.62451366,2.60887163,-0.00283967,-0.01508566,0.00945445,-0.00096117,0.00097294,-0.00050091
13.990,1.47414078,0.27455730,3.26111259,0.11683000,-0.04048564,0.07171743,-0.02217661,0.00768496,-0.01361336,1.47698228,0.28963575,3.25165853,0.11779044,-0.04146264,0.07222177,-0.13845001,-27.65175479,2.65025241,-0.13845001,-27.65175479,2.65025241,-0.13799293,-27.62675214,2.61074280,-0.00284150,-0.01507845,0.00945406,-0.00096044,0.00097700,-0.00050434
14.000,1.47530797,0.27415283,3.26182908,0.11660807,-0.04040874,0.07158119,-0.02221106,0.00769690,-0.01363451,1.47815128,0.28922404,3.25237543,0.11756776,-0.04138976,0.07208895,-0.13867693,-27.65393214,2.65204458,-0.13867693,-27.65393214,2.65204458,-0.13822200,-27.62898347,2.61261118,-0.00284331,-0.01507121,0.00945365,-0.00095969,0.00098102,-0.00050776
14.010,1.47647294,0.27374913,3.26254421,0.11638578,-0.04033171,0.07144474,-0.02224535,0.00770879,-0.01365556,1.47931803,0.28881306,3.25309100,0.11734472,-0.04131676,0.07195591,-0.13890298,-27.65610065,2.65383328,-0.13890298,-27.65610065,2.65383328,-0.13845001,-27.63120592,2.61447400,-0.00284509,-0.01506393,0.00945321,-0.00095894,0.00098505,-0.00051117
14.020,1.47763568,0.27334619,3.26325798,0.11616316,-0.04025456,0.07130808,-0.02227949,0.00772062,-0.01367652,1.48048254,0.28840282,3.25380523,0.11712133,-0.04124362,0.07182266,-0.13912813,-27.65826292,2.65561884,-0.13912813,-27.65826292,2.65561884,-0.13867693,-27.63342004,2.61633313,-0.00284686,-0.01505663,0.00945275,-0.00095817,0.00098906,-0.00051458
14.030,1.47879620,0.27294404,3.26397037,0.11594019,-0.04017729,0.07117121,-0.02231347,0.00773239,-0.01369738,1.48164481,0.28799332,3.25451812,0.11689760,-0.04117034,0.07168919,-0.13935198,-27.66041318,2.65739855,-0.13935198,-27.66041318,2.65739855,-0.13890298,-27.63562539,2.61818889,-0.00284861,-0.01504928,0.00945225,-0.00095741,0.00099305,-0.00051798
14.040,1.47995448,0.27254265,3.26468140,0.11571689,-0.04009991,0.07103413,-0.02234728,0.00774411,-0.01371813,1.48280482,0.28758455,3.25522966,0.11667352,-0.04109693,0.07155551,-0.13957512,-27.66255798,2.65917566,-0.13957512,-27.66255798,2.65917566,-0.13912813,-27.63782456,2.62004161,-0.00285034,-0.01504190,0.00945174,-0.00095663,0.00099702,-0.00052138
14.050,1.48111054,0.27214204,3.26539106,0.11549325,-0.04002241,0.07089685,-0.02238094,0.00775577,-0.01373879,1.48396258,0.28717652,3.25593986,0.11644909,-0.04102340,0.07142161,-0.13979652,-27.66469324,2.66094913,-0.13979652,-27.66469324,2.66094913,-0.13935198,-27.64001179,2.62188859,-0.00285204,-0.01503448,0.00945120,-0.00095584,0.00100099,-0.00052476
14.060,1.48226435,0.27174220,3.26609934,0.11526927,-0.03994480,0.07075935,-0.02241444,0.00776738,-0.01375936,1.48511808,0.28676923,3.25664871,0.11622432,-0.04094972,0.07128750,-0.14001754,-27.66682153,2.66271752,-0.14001754,-27.66682153,2.66271752,-0.13957512,-27.64219362,2.62373307,-0.00285373,-0.01502703,0.00945063,-0.00095505,0.00100492,-0.00052815
14.070,1.48341592,0.27134314,3.26680624,0.11504496,-0.03986707,0.07062166,-0.02244777,0.00777893,-0.01377982,1.48627132,0.28636269,3.25735622,0.11599920,-0.04087592,0.07115318,-0.14023740,-27.66894071,2.66448138,-0.14023740,-27.66894071,2.66448138,-0.13979652,-27.64436598,2.62557401,-0.00285540,-0.01501955,0.00945002,-0.00095424,0.00100885,-0.00053152
14.080,1.48456525,0.27094486,3.26751177,0.11482032,-0.03978922,0.07048376,-0.02248094,0.00779043,-0.01380018,1.48742229,0.28595689,3.25806237,0.11577374,-0.04080199,0.07101866,-0.14045595,-27.67105101,2.66624232,-0.14045595,-27.67105101,2.66624232,-0.14001754,-27.64653143,2.62740997,-0.00285704,-0.01501203,0.00944940,-0.00095342,0.00101277,-0.00053490
14.090,1.48571232,0.27054736,3.26821592,0.11459534,-0.03971126,0.07034566,-0.02251395,0.00780187,-0.01382045,1.48857100,0.28555183,3.25876716,0.11554795,-0.04072793,0.07088393,-0.14067417,-27.67315300,2.66799927,-0.14067417,-27.67315300,2.66799927,-0.14023740,-27.64868784,2.62924151,-0.00285868,-0.01500447,0.00944876,-0.00095261,0.00101667,-0.00053827
14.100,1.48685715,0.27015064,3.26891868,0.11437004,-0.03963318,0.07020735,-0.02254680,0.00781325,-0.01384061,1.48971743,0.28514752,3.25947061,0.11532181,-0.04065374,0.07074899,-0.14089066,-27.67524658,2.66975089,-0.14089066,-27.67524658,2.66975089,-0.14045595,-27.65083542,2.63107024,-0.00286028,-0.01499688,0.00944807,-0.00095177,0.00102056,-0.00054164
14.110,1.48799972,0.26975469,3.26962006,0.11414441,-0.03955499,0.07006884,-0.02257949,0.00782458,-0.01386068,1.49086159,0.28474395,3.26017269,0.11509534,-0.04057942,0.07061385,-0.14110640,-27.67733431,2.67149906,-0.14110640,-27.67733431,2.67149906,-0.14067417,-27.65297477,2.63289506,-0.00286187,-0.01498926,0.00944737,-0.00095093,0.00102443,-0.00054501
14.120,1.48914004,0.26935954,3.27032006,0.11391845,-0.03947669,0.06993014,-0.02261201,0.00783585,-0.01388064,1.49200347,0.28434114,3.26087341,0.11486854,-0.04050498,0.07047850,-0.14132074,-27.67941045,2.67324421,-0.14132074,-27.67941045,2.67324421,-0.14089066,-27.65510576,2.63471467,-0.00286343,-0.01498160,0.00944665,-0.00095009,0.00102829,-0.00054836
14.130,1.49027809,0.26896516,3.27101867,0.11369217,-0.03939828,0.06979123,-0.02264437,0.00784706,-0.01390051,1.49314307,0.28393907,3.26157278,0.11464140,-0.04043040,0.07034294,-0.14153441,-27.68148119,2.67498491,-0.14153441,-27.68148119,2.67498491,-0.14110640,-27.65723097,2.63653092,-0.00286498,-0.01497391,0.00944589,-0.00094923,0.00103212,-0.00055171
14.140,1.49141388,0.26857157,3.27171588,0.11346556,-0.03931975,0.06965213,-0.02267657,0.00785822,-0.01392027,1.49428039,0.28353775,3.26227078,0.11441393,-0.04035570,0.07020719,-0.14174690,-27.68354242,2.67672013,-0.14174690,-27.68354242,2.67672013,-0.14132074,-27.65934465,2.63834424,-0.00286651,-0.01496618,0.00944510,-0.00094837,0.00103595,-0.00055506
14.150,1.49254740,0.26817877,3.27241171,0.11323864,-0.03924111,0.06951283,-0.02270860,0.00786932,-0.01393993,1.49541541,0.28313719,3.26296741,0.11418613,-0.04028087,0.07007123,-0.14195831,-27.68559468,2.67845303,-0.14195831,-27.68559468,2.67845303,-0.14153441,-27.66145300,2.64015323,-0.00286801,-0.01495842,0.00944430,-0.00094749,0.00103976,-0.00055840
14.160,1.49367865,0.26778675,3.27310614,0.11301139,-0.03916236,0.06937333,-0.02274047,0.00788036,-0.01395950,1.49654815,0.28273738,3.26366268,0.11395800,-0.04020592,0.06993508,-0.14216874,-27.68764022,2.68018093,-0.14216874,-27.68764022,2.68018093,-0.14174690,-27.66355189,2.64195683,-0.00286950,-0.01495063,0.00944346,-0.00094661,0.00104356,-0.00056175
14.170,1.49480763,0.26739552,3.27379917,0.11278383,-0.03908350,0.06923364,-0.02277217,0.00789135,-0.01397896,1.49767859,0.28233832,3.26435657,0.11372955,-0.04013084,0.06979872,-0.14237782,-27.68967726,2.68190419,-0.14237782,-27.68967726,2.68190419,-0.14195831,-27.66564188,2.64375820,-0.00287096,-0.01494280,0.00944260,-0.00094572,0.00104734,-0.00056508
14.180,1.49593433,0.26700508,3.27449081,0.11255595,-0.03900454,0.06909375,-0.02280371,0.00790228,-0.01399832,1.49880673,0.28194002,3.26504910,0.11350077,-0.04005564,0.06966216,-0.14258602,-27.69170636,2.68362450,-0.14258602,-27.69170636,2.68362450,-0.14216874,-27.66772520,2.64555468,-0.00287240,-0.01493494,0.00944171,-0.00094482,0.00105110,-0.00056841
14.190,1.49705875,0.26661543,3.27518105,0.11232775,-0.03892546,0.06895367,-0.02283508,0.00791315,-0.01401757,1.49993258,0.28154248,3.26574025,0.11327166,-0.03998031,0.06952541,-0.14279320,-27.69372706,2.68534077,-0.14279320,-27.69372706,2.68534077,-0.14237782,-27.66980009,2.64734662,-0.00287383,-0.01492705,0.00944080,-0.00094391,0.00105485,-0.00057174
14.200,1.49818088,0.26622657,3.27586988,0.11209925,-0.03884627,0.06881340,-0.02286629,0.00792396,-0.01403673,1.50105612,0.28114569,3.26643003,0.11304224,-0.03990486,0.06938846,-0.14299947,-27.69573991,2.68705175,-0.14299947,-27.69573991,2.68705175,-0.14258602,-27.67186711,2.64913570,-0.00287524,-0.01491912,0.00943985,-0.00094299,0.00105859,-0.00057506
14.210,1.49930073,0.26583850,3.27655732,0.11187043,-0.03876698,0.06867294,-0.02289732,0.00793472,-0.01405578,1.50217735,0.28074967,3.26711842,0.11281250,-0.03982929,0.06925131,-0.14320446,-27.69774546,2.68876071,-0.14320446,-27.69774546,2.68876071,-0.14279320,-27.67392578,2.65092084,-0.00287662,-0.01491117,0.00943890,-0.00094207,0.00106231,-0.00057837
14.220,1.50041829,0.26545123,3.27724334,0.11164130,-0.03868758,0.06853228,-0.02292820,0.00794541,-0.01407473,1.50329627,0.28035440,3.26780544,0.11258243,-0.03975359,0.06911396,-0.14340838,-27.69974161,2.69046334,-0.14340838,-27.69974161,2.69046334,-0.14299947,-27.67597666,2.65270079,-0.00287798,-0.01490317,0.00943790,-0.00094113,0.00106601,-0.00058168
14.230,1.50153356,0.26506475,3.27792796,0.11141187,-0.03860807,0.06839144,-0.02295890,0.00795605,-0.01409358,1.50441288,0.27995990,3.26849108,0.11235206,-0.03967777,0.06897643,-0.14361099,-27.70173051,2.69216307,-0.14361099,-27.70173051,2.69216307,-0.14320446,-27.67802031,2.65447880,-0.00287932,-0.01489515,0.00943688,-0.00094019,0.00106970,-0.00058499
14.240,1.50264653,0.26467907,3.27861117,0.11118212,-0.03852846,0.06825041,-0.02298944,0.00796664,-0.01411233,1.50552717,0.27956616,3.26917534,0.11212136,-0.03960183,0.06883870,-0.14381290,-27.70371078,2.69385861,-0.14381290,-27.70371078,2.69385861,-0.14340838,-27.68005460,2.65625059,-0.00288064,-0.01488709,0.00943583,-0.00093924,0.00107337,-0.00058829
14.250,1.50375720,0.26429418,3.27929297,0.11095208,-0.03844874,0.06810920,-0.02301981,0.00797716,-0.01413097,1.50663915,0.27917318,3.26985821,0.11189036,-0.03952577,0.06870077,-0.14401360,-27.70568425,2.69555034,-0.14401360,-27.70568425,2.69555034,-0.14361099,-27.68208172,2.65801957,-0.00288195,-0.01487900,0.00943476,-0.00093828,0.00107703,-0.00059157
14.260,1.50486557,0.26391010,3.27997335,0.11072173,-0.03836892,0.06796779,-0.02305001,0.00798763,-0.01414951,1.50774880,0.27878097,3.27053969,0.11165904,-0.03944959,0.06856266,-0.14421320,-27.70764751,2.69723680,-0.14421320,-27.70764751,2.69723680,-0.14381290,-27.68410026,2.65978446,-0.00288323,-0.01487087,0.00943366,-0.00093731,0.00108067,-0.00059487
14.270,1.50597163,0.26352681,3.28065232,0.11049108,-0.03828899,0.06782621,-0.02308004,0.00799803,-0.01416794,1.50885612,0.27838953,3.27121978,0.11142741,-0.03937328,0.06842435,-0.14441195,-27.70960438,2.69892006,-0.14441195,-27.70960438,2.69892006,-0.14401360,-27.68611206,2.66154562,-0.00288449,-0.01486272,0.00943254,-0.00093633,0.00108429,-0.00059814
14.280,1.50707539,0.26314432,3.28132988,0.11026013,-0.03820896,0.06768443,-0.02310990,0.00800838,-0.01418627,1.50996112,0.27799885,3.27189849,0.11119547,-0.03929686,0.06828586,-0.14460922,-27.71155347,2.70060013,-0.14460922,-27.71155347,2.70060013,-0.14421320,-27.68811371,2.66330162,-0.00288573,-0.01485453,0.00943139,-0.00093534,0.00108790,-0.00060143
14.290,1.50817683,0.26276263,3.28200601,0.11002888,-0.03812882,0.06754248,-0.02313959,0.00801867,-0.01420450,1.51106379,0.27760895,3.27257580,0.11096323,-0.03922032,0.06814717,-0.14480588,-27.71349463,2.70227455,-0.14480588,-27.71349463,2.70227455,-0.14441195,-27.69010903,2.66505451,-0.00288696,-0.01484632,0.00943021,-0.00093435,0.00109150,-0.00060469
14.300,1.50927596,0.26238174,3.28268073,0.10979734,-0.03804858,0.06740035,-0.02316911,0.00802890,-0.01422262,1.51216412,0.27721981,3.27325172,0.11073068,-0.03914366,0.06800830,-0.14500116,-27.71542839,2.70394646,-0.14500116,-27.71542839,2.70394646,-0.14460922,-27.69209662,2.66680429,-0.00288816,-0.01483807,0.00942901,-0.00093334,0.00109508,-0.00060795
14.310,1.51037278,0.26200166,3.28335402,0.10956550,-0.03796824,0.06725803,-0.02319846,0.00803907,-0.01424064,1.51326211,0.27683144,3.27392624,0.11049783,-0.03906689,0.06786924,-0.14519507,-27.71735297,2.70561303,-0.14519507,-27.71735297,2.70561303,-0.14480588,-27.69407635,2.66854852,-0.00288933,-0.01482978,0.00942778,-0.00093233,0.00109865,-0.00061121
14.320,1.51146727,0.26162238,3.28402589,0.10933337,-0.03788780,0.06711553,-0.02322764,0.00804918,-0.01425855,1.51435776,0.27644385,3.27459936,0.11026468,-0.03899000,0.06772999,-0.14538836,-27.71927054,2.70727609,-0.14538836,-27.71927054,2.70727609,-0.14500116,-27.69604873,2.67029033,-0.00289049,-0.01482147,0.00942653,-0.00093131,0.00110220,-0.00061446
14.330,1.51255944,0.26124390,3.28469633,0.10910095,-0.03780726,0.06697286,-0.02325665,0.00805924,-0.01427636,1.51545107,0.27605703,3.27527108,0.11003123,-0.03891299,0.06759056,-0.14558039,-27.72118133,2.70893451,-0.14558039,-27.72118133,2.70893451,-0.14519507,-27.69801199,2.67202689,-0.00289163,-0.01481313,0.00942525,-0.00093028,0.00110573,-0.00061770
14.340,1.51364929,0.26086623,3.28536534,0.10886824,-0.03772662,0.06683001,-0.02328549,0.00806923,-0.01429406,1.51654203,0.27567099,3.27594140,0.10979748,-0.03883586,0.06745096,-0.14577104,-27.72308352,2.71058843,-0.14577104,-27.72308352,2.71058843,-0.14538836,-27.69996830,2.67376003,-0.00289274,-0.01480476,0.00942394,-0.00092924,0.00110924,-0.00062095
14.350,1.51473681,0.26048937,3.28603293,0.10863524,-0.03764587,0.06668698,-0.02331415,0.00807916,-0.01431166,1.51763065,0.27528572,3.27661032,0.10956343,-0.03875862,0.06731116,-0.14596068,-27.72497697,2.71223963,-0.14596068,-27.72497697,2.71223963,-0.14558039,-27.70191788,2.67548862,-0.00289384,-0.01479635,0.00942261,-0.00092819,0.00111275,-0.00062418
14.360,1.51582199,0.26011331,3.28669908,0.10840195,-0.03756503,0.06654377,-0.02334264,0.00808903,-0.01432915,1.51871691,0.27490123,3.27727783,0.10932909,-0.03868127,0.06717119,-0.14614970,-27.72686456,2.71388538,-0.14614970,-27.72686456,2.71388538,-0.14577104,-27.70385892,2.67721280,-0.00289492,-0.01478792,0.00942125,-0.00092714,0.00111624,-0.00062742
14.370,1.51690485,0.25973807,3.28736380,0.10816838,-0.03748409,0.06640039,-0.02337096,0.00809885,-0.01434653,1.51980081,0.27451751,3.27794394,0.10909445,-0.03860380,0.06703103,-0.14633684,-27.72874215,2.71552750,-0.14633684,-27.72874215,2.71552750,-0.14596068,-27.70579127,2.67893434,-0.00289596,-0.01477944,0.00941986,-0.00092607,0.00111971,-0.00063064
14.380,1.51798536,0.25936363,3.28802709,0.10793453,-0.03740306,0.06625684,-0.02339911,0.00810860,-0.01436381,1.52088236,0.27413458,3.27860864,0.10885953,-0.03852622,0.06689070,-0.14652348,-27.73061429,2.71716626,-0.14652348,-27.73061429,2.71716626,-0.14614970,-27.70771783,2.68065053,-0.00289700,-0.01477095,0.00941845,-0.00092500,0.00112316,-0.00063386
14.390,1.51906354,0.25899001,3.28868894,0.10770040,-0.03732192,0.06611312,-0.02342708,0.00811830,-0.01438098,1.52196155,0.27375242,3.27927192,0.10862431,-0.03844852,0.06675019,-0.14670850,-27.73247647,2.71880042,-0.14670850,-27.73247647,2.71880042,-0.14633684,-27.70963444,2.68236317,-0.00289801,-0.01476241,0.00941702,-0.00092391,0.00112660,-0.00063707
14.400,1.52013937,0.25861719,3.28934935,0.10746599,-0.03724069,0.06596922,-0.02345488,0.00812793,-0.01439804,1.52303837,0.27337105,3.27993380,0.10838881,-0.03837071,0.06660950,-0.14689277,-27.73433358,2.72043010,-0.14689277,-27.73433358,2.72043010,-0.14652348,-27.71154564,2.68407255,-0.00289900,-0.01475386,0.00941555,-0.00092282,0.00113002,-0.00064028
14.410,1.52121286,0.25824519,3.29000832,0.10723131,-0.03715936,0.06582516,-0.02348250,0.00813750,-0.01441500,1.52411283,0.27299046,3.28059426,0.10815302,-0.03829280,0.06646863,-0.14707556,-27.73618146,2.72205574,-0.14707556,-27.73618146,2.72205574,-0.14670850,-27.71344695,2.68577741,-0.00289997,-0.01474527,0.00941406,-0.00092171,0.00113344,-0.00064347
14.420,1.52228399,0.25787401,3.29066585,0.10699634,-0.03707794,0.06568092,-0.02350995,0.00814701,-0.01443185,1.52518491,0.27261065,3.28125330,0.10791695,-0.03821477,0.06632759,-0.14725800,-27.73802064,2.72367739,-0.14725800,-27.73802064,2.72367739,-0.14689277,-27.71534324,2.68747787,-0.00290092,-0.01473664,0.00941255,-0.00092061,0.00113683,-0.00064667
14.430,1.52335278,0.25750364,3.29132194,0.10676111,-0.03699642,0.06553652,-0.02353723,0.00815646,-0.01444859,1.52625463,0.27223163,3.28191093,0.10768060,-0.03813663,0.06618637,-0.14743859,-27.73985297,2.72529550,-0.14743859,-27.73985297,2.72529550,-0.14707556,-27.71723036,2.68917438,-0.00290185,-0.01472799,0.00941101,-0.00091949,0.00114021,-0.00064985
14.440,1.52441922,0.25713408,3.29197658,0.10652560,-0.03691481,0.06539195,-0.02356432,0.00816585,-0.01446523,1.52732197,0.27185339,3.28256714,0.10744396,-0.03805838,0.06604498,-0.14761795,-27.74167901,2.72690871,-0.14761795,-27.74167901,2.72690871,-0.14725800,-27.71910883,2.69086698,-0.00290275,-0.01471931,0.00940944,-0.00091836,0.00114357,-0.00065303
14.450,1.52548329,0.25676534,3.29262978,0.10628982,-0.03683311,0.06524722,-0.02359124,0.00817518,-0.01448175,1.52838693,0.27147594,3.28322192,0.10720705,-0.03798002,0.06590342,-0.14779687,-27.74349693,2.72851886,-0.14779687,-27.74349693,2.72851886,-0.14743859,-27.72098050,2.69255613,-0.00290364,-0.01471060,0.00940786,-0.00091723,0.00114691,-0.00065620
14.460,1.52654501,0.25639742,3.29328153,0.10605378,-0.03675131,0.06510232,-0.02361799,0.00818445,-0.01449817,1.52944951,0.27109928,3.28387529,0.10696986,-0.03790155,0.06576168,-0.14797409,-27.74530657,2.73012458,-0.14797409,-27.74530657,2.73012458,-0.14761795,-27.72284593,2.69424047,-0.00290450,-0.01470186,0.00940624,-0.00091608,0.00115024,-0.00065936
14.470,1.52760437,0.25603031,3.29393182,0.10581746,-0.03666942,0.06495725,-0.02364456,0.00819366,-0.01451448,1.53050971,0.27072341,3.28452723,0.10673239,-0.03782297,0.06561978,-0.14815024,-27.74711045,2.73172456,-0.14815024,-27.74711045,2.73172456,-0.14779687,-27.72470331,2.69592182,-0.00290534,-0.01469310,0.00940459,-0.00091493,0.00115355,-0.00066253
14.480,1.52866136,0.25566403,3.29458067,0.10558088,-0.03658744,0.06481203,-0.02367095,0.00820280,-0.01453068,1.53156753,0.27034833,3.28517775,0.10649465,-0.03774429,0.06547772,-0.14832547,-27.74890473,2.73332223,-0.14832547,-27.74890473,2.73332223,-0.14797409,-27.72655245,2.69759882,-0.00290617,-0.01468430,0.00940292,-0.00091377,0.00115685,-0.00066569
14.490,1.52971598,0.25529857,3.29522806,0.10534404,-0.03650536,0.06466664,-0.02369716,0.00821189,-0.01454677,1.53262295,0.26997404,3.28582683,0.10625663,-0.03766550,0.06533548,-0.14849966,-27.75069127,2.73491468,-0.14849966,-27.75069127,2.73491468,-0.14815024,-27.72839588,2.69927017,-0.00290697,-0.01467547,0.00940123,-0.00091259,0.00116014,-0.00066884
14.500,1.53076824,0.25493392,3.29587400,0.10510694,-0.03642320,0.06452109,-0.02372320,0.00822091,-0.01456275,1.53367599,0.26960054,3.28647449,0.10601835,-0.03758660,0.06519308,-0.14867221,-27.75247294,2.73650370,-0.14867221,-27.75247294,2.73650370,-0.14832547,-27.73022978,2.70093930,-0.00290775,-0.01466662,0.00939951,-0.00091141,0.00116340,-0.00067199
14.510,1.53181812,0.25457010,3.29651849,0.10486958,-0.03634094,0.06437539,-0.02374905,0.00822987,-0.01457863,1.53472663,0.26922783,3.28712072,0.10577980,-0.03750760,0.06505051,-0.14884399,-27.75424525,2.73808966,-0.14884399,-27.75424525,2.73808966,-0.14849966,-27.73205597,2.70260328,-0.00290851,-0.01465773,0.00939777,-0.00091022,0.00116666,-0.00067512
14.520,1.53286563,0.25420710,3.29716151,0.10463196,-0.03625860,0.06422952,-0.02377473,0.00823877,-0.01459439,1.53577488,0.26885592,3.28776552,0.10554098,-0.03742850,0.06490777,-0.14901441,-27.75601104,2.73966955,-0.14901441,-27.75601104,2.73966955,-0.14867221,-27.73387735,2.70426392,-0.00290925,-0.01464882,0.00939599,-0.00090902,0.00116990,-0.00067825
14.530,1.53391076,0.25384493,3.29780308,0.10439409,-0.03617617,0.06408350,-0.02380023,0.00824760,-0.01461004,1.53682072,0.26848480,3.28840888,0.10530190,-0.03734929,0.06476488,-0.14918373,-27.75776813,2.74124675,-0.14918373,-27.75776813,2.74124675,-0.14884399,-27.73568942,2.70592156,-0.00290996,-0.01463987,0.00939420,-0.00090781,0.00117312,-0.00068138
14.540,1.53495351,0.25348358,3.29844318,0.10415596,-0.03609365,0.06393732,-0.02382555,0.00825638,-0.01462558,1.53786417,0.26811448,3.28905080,0.10506255,-0.03726997,0.06462183,-0.14935196,-27.75951869,2.74281842,-0.14935196,-27.75951869,2.74281842,-0.14901441,-27.73749502,2.70757322,-0.00291066,-0.01463090,0.00939238,-0.00090659,0.00117632,-0.00068451
14.550,1.53599388,0.25312306,3.29908182,0.10391758,-0.03601104,0.06379099,-0.02385069,0.00826509,-0.01464102,1.53890521,0.26774496,3.28969129,0.10482295,-0.03719056,0.06447861,-0.14951887,-27.76126091,2.74438634,-0.14951887,-27.76126091,2.74438634,-0.14918373,-27.73929197,2.70922226,-0.00291133,-0.01462190,0.00939053,-0.00090537,0.00117952,-0.00068762
14.560,1.53703186,0.25276336,3.29971900,0.10367894,-0.03592835,0.06364450,-0.02387565,0.00827374,-0.01465634,1.53994384,0.26737624,3.29033035,0.10458308,-0.03711104,0.06433524,-0.14968499,-27.76299732,2.74595067,-0.14968499,-27.76299732,2.74595067,-0.14935196,-27.74108245,2.71086585,-0.00291198,-0.01461288,0.00938865,-0.00090414,0.00118269,-0.00069074
14.570,1.53806746,0.25240449,3.30035471,0.10344006,-0.03584557,0.06349786,-0.02390042,0.00828232,-0.01467155,1.54098007,0.26700831,3.29096796,0.10434296,-0.03703142,0.06419171,-0.14984946,-27.76472575,2.74751025,-0.14984946,-27.76472575,2.74751025,-0.14951887,-27.74286463,2.71250578,-0.00291261,-0.01460382,0.00938675,-0.00090290,0.00118585,-0.00069385
14.580,1.53910066,0.25204645,3.30098896,0.10320094,-0.03576270,0.06335107,-0.02392502,0.00829085,-0.01468665,1.54201388,0.26664118,3.29160413,0.10410257,-0.03695169,0.06404802,-0.15001317,-27.76644637,2.74906678,-0.15001317,-27.76644637,2.74906678,-0.14968499,-27.74464105,2.71414220,-0.00291322,-0.01459473,0.00938483,-0.00090163,0.00118899,-0.00069695
14.590,1.54013147,0.25168924,3.30162173,0.10296156,-0.03567975,0.06320413,-0.02394943,0.00829931,-0.01470163,1.54304528,0.26627486,3.29223885,0.10386194,-0.03687187,0.06390417,-0.15017577,-27.76815968,2.75061748,-0.15017577,-27.76815968,2.75061748,-0.14984946,-27.74640955,2.71577394,-0.00291381,-0.01458562,0.00938288,-0.00090038,0.00119212,-0.00070004
14.600,1.54115989,0.25133285,3.30225304,0.10272195,-0.03559671,0.06305704,-0.02397367,0.00830771,-0.01471651,1.54407427,0.26590934,3.29287213,0.10362105,-0.03679195,0.06376017,-0.15033679,-27.76986752,2.75216554,-0.15033679,-27.76986752,2.75216554,-0.15001317,-27.74817028,2.71740270,-0.00291438,-0.01457649,0.00938091,-0.00089910,0.00119524,-0.00070313
14.610,1.54218591,0.25097730,3.30288287,0.10248209,-0.03551360,0.06290980,-0.02399772,0.00831604,-0.01473127,1.54510083,0.26554462,3.29350397,0.10337992,-0.03671192,0.06361601,-0.15049687,-27.77156676,2.75370820,-0.15049687,-27.77156676,2.75370820,-0.15017577,-27.74992376,2.71902571,-0.00291492,-0.01456732,0.00937890,-0.00089783,0.00119832,-0.00070621
14.620,1.54320953,0.25062258,3.30351123,0.10224199,-0.03543039,0.06276241,-0.02402158,0.00832431,-0.01474592,1.54612498,0.26518071,3.29413436,0.10313853,-0.03663180,0.06347170,-0.15065579,-27.77325849,2.75524716,-0.15065579,-27.77325849,2.75524716,-0.15033679,-27.75167180,2.72064615,-0.00291545,-0.01455813,0.00937687,-0.00089654,0.00120141,-0.00070929
14.630,1.54423075,0.25026869,3.30413812,0.10200166,-0.03534711,0.06261488,-0.02404527,0.00833252,-0.01476046,1.54714670,0.26481760,3.29476330,0.10289690,-0.03655158,0.06332724,-0.15081333,-27.77494393,2.75678274,-0.15081333,-27.77494393,2.75678274,-0.15049687,-27.75341130,2.72226128,-0.00291595,-0.01454891,0.00937482,-0.00089524,0.00120447,-0.00071236
14.640,1.54524957,0.24991564,3.30476353,0.10176109,-0.03526374,0.06246720,-0.02406877,0.00834066,-0.01477489,1.54816599,0.26445529,3.29539078,0.10265502,-0.03647127,0.06318262,-0.15096950,-27.77662055,2.75831357,-0.15096950,-27.77662055,2.75831357,-0.15065579,-27.75514333,2.72387277,-0.00291642,-0.01453965,0.00937275,-0.00089393,0.00120753,-0.00071542
14.650,1.54626597,0.24956342,3.30538746,0.10152029,-0.03518030,0.06231938,-0.02409208,0.00834874,-0.01478920,1.54918286,0.26409380,3.29601682,0.10241290,-0.03639085,0.06303785,-0.15112510,-27.77829121,2.75983992,-0.15112510,-27.77829121,2.75983992,-0.15081333,-27.75686912,2.72548097,-0.00291689,-0.01453038,0.00937064,-0.00089261,0.00121055,-0.00071847
14.660,1.54727997,0.24921203,3.30600992,0.10127925,-0.03509677,0.06217142,-0.02411522,0.00835676,-0.01480340,1.55019729,0.26373311,3.29664140,0.10217054,-0.03631034,0.06289294,-0.15127915,-27.77995537,2.76136350,-0.15127915,-27.77995537,2.76136350,-0.15096950,-27.75858615,2.72708448,-0.00291732,-0.01452108,0.00936852,-0.00089129,0.00121357,-0.00072152
14.670,1.54829156,0.24886149,3.30663089,0.10103798,-0.03501316,0.06202332,-0.02413816,0.00836471,-0.01481749,1.55120929,0.26337323,3.29726453,0.10192794,-0.03622973,0.06274787,-0.15143192,-27.78160955,2.76288153,-0.15143192,-27.78160955,2.76288153,-0.15112510,-27.76029725,2.72868358,-0.00291773,-0.01451174,0.00936636,-0.00088996,0.00121657,-0.00072455
14.680,1.54930073,0.24851177,3.30725038,0.10079649,-0.03492948,0.06187507,-0.02416092,0.00837260,-0.01483146,1.55221886,0.26301416,3.29788620,0.10168510,-0.03614903,0.06260266,-0.15158371,-27.78326023,2.76439557,-0.15158371,-27.78326023,2.76439557,-0.15127915,-27.76200191,2.73027999,-0.00291813,-0.01450239,0.00936418,-0.00088861,0.00121955,-0.00072759
14.690,1.55030749,0.24816290,3.30786839,0.10055476,-0.03484571,0.06172669,-0.02418350,0.00838042,-0.01484532,1.55322599,0.26265590,3.29850641,0.10144202,-0.03606824,0.06245730,-0.15173416,-27.78490090,2.76590604,-0.15173416,-27.78490090,2.76590604,-0.15143192,-27.76369663,2.73187092,-0.00291850,-0.01449300,0.00936198,-0.00088726,0.00122253,-0.00073061
14.700,1.55131182,0.24781486,3.30848492,0.10031282,-0.03476187,0.06157816,-0.02420589,0.00838818,-0.01485906,1.55423067,0.26229846,3.29912516,0.10119872,-0.03598735,0.06231179,-0.15188382,-27.78653640,2.76741295,-0.15188382,-27.78653640,2.76741295,-0.15158371,-27.76538789,2.73345793,-0.00291885,-0.01448360,0.00935976,-0.00088590,0.00122548,-0.00073363
14.710,1.55231374,0.24746766,3.30909996,0.10007065,-0.03467795,0.06142951,-0.02422809,0.00839587,-0.01487269,1.55523292,0.26194182,3.29974245,0.10095518,-0.03590637,0.06216614,-0.15203183,-27.78816455,2.76891529,-0.15203183,-27.78816455,2.76891529,-0.15173416,-27.76706920,2.73504144,-0.00291918,-0.01447416,0.00935751,-0.00088453,0.00122842,-0.00073663
14.720,1.55331324,0.24712130,3.30971351,0.09982826,-0.03459395,0.06128071,-0.02425011,0.00840350,-0.01488621,1.55623272,0.26158600,3.30035828,0.10071141,-0.03582529,0.06202035,-0.15217848,-27.78978548,2.77041290,-0.15217848,-27.78978548,2.77041290,-0.15188382,-27.76874537,2.73662146,-0.00291948,-0.01446470,0.00935523,-0.00088315,0.00123134,-0.00073964
14.730,1.55431031,0.24677578,3.31032557,0.09958565,-0.03450988,0.06113178,-0.02427194,0.00841107,-0.01489961,1.55723007,0.26123099,3.30097265,0.10046741,-0.03574412,0.06187443,-0.15232419,-27.79139966,2.77190617,-0.15232419,-27.79139966,2.77190617,-0.15203183,-27.77041424,2.73819697,-0.00291976,-0.01445521,0.00935292,-0.00088176,0.00123424,-0.00074265
14.740,1.55530495,0.24643110,3.31093614,0.09934282,-0.03442573,0.06098272,-0.02429358,0.00841857,-0.01491289,1.55822498,0.26087680,3.30158555,0.10022318,-0.03566287,0.06172836,-0.15246886,-27.79300692,2.77339529,-0.15246886,-27.79300692,2.77339529,-0.15217848,-27.77207593,2.73976782,-0.00292003,-0.01444570,0.00935059,-0.00088036,0.00123714,-0.00074564
14.750,1.55629716,0.24608727,3.31154522,0.09909977,-0.03434151,0.06083352,-0.02431504,0.00842600,-0.01492606,1.55921743,0.26052343,3.30219699,0.09997873,-0.03558152,0.06158215,-0.15261241,-27.79460576,2.77488038,-0.15261241,-27.79460576,2.77488038,-0.15232419,-27.77373093,2.74133440,-0.00292027,-0.01443616,0.00934823,-0.00087896,0.00124001,-0.00074863
14.760,1.55728694,0.24574427,3.31215281,0.09885652,-0.03425721,0.06068420,-0.02433630,0.00843337,-0.01493912,1.56020743,0.26017087,3.30280696,0.09973406,-0.03550008,0.06143581,-0.15275450,-27.79619996,2.77636183,-0.15275450,-27.79619996,2.77636183,-0.15246886,-27.77537904,2.74289690,-0.00292049,-0.01442660,0.00934585,-0.00087754,0.00124287,-0.00075161
14.770,1.55827429,0.24540212,3.31275891,0.09861305,-0.03417284,0.06053474,-0.02435738,0.00844068,-0.01495206,1.56119498,0.25981913,3.30341545,0.09948916,-0.03541855,0.06128932,-0.15289530,-27.79778605,2.77783965,-0.15289530,-27.79778605,2.77783965,-0.15261241,-27.77701877,2.74445544,-0.00292069,-0.01441701,0.00934346,-0.00087611,0.00124571,-0.00075458
14.780,1.55925920,0.24506082,3.31336351,0.09836937,-0.03408840,0.06038516,-0.02437827,0.00844791,-0.01496488,1.56218007,0.25946821,3.30402248,0.09924405,-0.03533694,0.06114270,-0.15303510,-27.79936415,2.77931270,-0.15303510,-27.79936415,2.77931270,-0.15275450,-27.77865391,2.74601041,-0.00292087,-0.01440739,0.00934103,-0.00087468,0.00124854,-0.00075754
14.790,1.56024168,0.24472035,3.31396661,0.09812548,-0.03400388,0.06023545,-0.02439897,0.00845509,-0.01497758,1.56316269,0.25911811,3.30462804,0.09899872,-0.03525523,0.06099595,-0.15317330,-27.80093804,2.78078102,-0.15317330,-27.80093804,2.78078102,-0.15289530,-27.78028099,2.74756180,-0.00292101,-0.01439776,0.00933857,-0.00087324,0.00125135,-0.00076050
14.800,1.56122171,0.24438074,3.31456821,0.09788139,-0.03391929,0.06008561,-0.02441947,0.00846219,-0.01499017,1.56414286,0.25876883,3.30523212,0.09875318,-0.03517344,0.06084907,-0.15331072,-27.80250223,2.78224479,-0.15331072,-27.80250223,2.78224479,-0.15303510,-27.78190012,2.74910849,-0.00292115,-0.01438809,0.00933609,-0.00087179,0.00125415,-0.00076346
14.810,1.56219931,0.24404197,3.31516832,0.09763710,-0.03383464,0.05993564,-0.02443979,0.00846923,-0.01500264,1.56512056,0.25842037,3.30583473,0.09850742,-0.03509157,0.06070205,-0.15344626,-27.80406119,2.78370570,-0.15344626,-27.80406119,2.78370570,-0.15317330,-27.78351507,2.75065051,-0.00292125,-0.01437840,0.00933359,-0.00087032,0.00125693,-0.00076641
14.820,1.56317445,0.24370405,3.31576693,0.09739260,-0.03374991,0.05978555,-0.02445992,0.00847621,-0.01501500,1.56609580,0.25807273,3.30643587,0.09826145,-0.03500960,0.06055490,-0.15358147,-27.80561239,2.78516259,-0.15358147,-27.80561239,2.78516259,-0.15331072,-27.78512037,2.75218806,-0.00292135,-0.01436868,0.00933106,-0.00086885,0.00125969,-0.00076935
14.830,1.56414716,0.24336697,3.31636403,0.09714790,-0.03366511,0.05963534,-0.02447985,0.00848312,-0.01502724,1.56706856,0.25772592,3.30703553,0.09801527,-0.03492755,0.06040762,-0.15371465,-27.80715831,2.78661408,-0.15371465,-27.80715831,2.78661408,-0.15344626,-27.78672048,2.75372281,-0.00292140,-0.01435895,0.00932850,-0.00086737,0.00126244,-0.00077228
14.840,1.56511741,0.24303074,3.31695963,0.09690300,-0.03358025,0.05948501,-0.02449960,0.00848996,-0.01503936,1.56803886,0.25737993,3.30763371,0.09776888,-0.03484542,0.06026022,-0.15384721,-27.80869744,2.78806183,-0.15384721,-27.80869744,2.78806183,-0.15358147,-27.78831288,2.75525359,-0.00292145,-0.01434919,0.00932592,-0.00086588,0.00126517,-0.00077521
14.850,1.56608522,0.24269537,3.31755373,0.09665791,-0.03349531,0.05933456,-0.02451915,0.00849674,-0.01505136,1.56900669,0.25703476,3.30823041,0.09752229,-0.03476320,0.06011268,-0.15397796,-27.81022720,2.78950605,-0.15397796,-27.81022720,2.78950605,-0.15371465,-27.78990004,2.75677904,-0.00292147,-0.01433939,0.00932332,-0.00086438,0.00126789,-0.00077812
14.860,1.56705057,0.24236084,3.31814632,0.09641262,-0.03341031,0.05918398,-0.02453851,0.00850344,-0.01506324,1.56997204,0.25669042,3.30882563,0.09727549,-0.03468090,0.05996502,-0.15410794,-27.81175241,2.79094528,-0.15410794,-27.81175241,2.79094528,-0.15384721,-27.79148044,2.75830082,-0.00292147,-0.01432958,0.00932069,-0.00086287,0.00127059,-0.00078104
14.870,1.56801347,0.24202716,3.31873741,0.09616714,-0.03332525,0.05903329,-0.02455768,0.00851009,-0.01507501,1.57093491,0.25634691,3.30941937,0.09702849,-0.03459852,0.05981723,-0.15423646,-27.81327124,2.79238141,-0.15423646,-27.81327124,2.79238141,-0.15397796,-27.79305151,2.75981911,-0.00292144,-0.01431975,0.00931804,-0.00086135,0.00127327,-0.00078394
14.880,1.56897391,0.24169433,3.31932699,0.09592146,-0.03324011,0.05888248,-0.02457665,0.00851666,-0.01508666,1.57189531,0.25600422,3.31001162,0.09678130,-0.03451606,0.05966932,-0.15436406,-27.81478311,2.79381300,-0.15436406,-27.81478311,2.79381300,-0.15410794,-27.79461808,2.76133250,-0.00292140,-0.01430989,0.00931537,-0.00085984,0.00127595,-0.00078684
14.890,1.56993190,0.24136236,3.31991506,0.09567560,-0.03315491,0.05873156,-0.02459543,0.00852317,-0.01509819,1.57285323,0.25566236,3.31060239,0.09653390,-0.03443351,0.05952128,-0.15448993,-27.81628682,2.79524028,-0.15448993,-27.81628682,2.79524028,-0.15423646,-27.79617830,2.76284282,-0.00292133,-0.01430000,0.00931267,-0.00085830,0.00127860,-0.00078972
14.900,1.57088742,0.24103123,3.32050162,0.09542956,-0.03306965,0.05858052,-0.02461402,0.00852961,-0.01510960,1.57380866,0.25532133,3.31119168,0.09628631,-0.03435088,0.05937312,-0.15461499,-27.81778649,2.79666332,-0.15461499,-27.81778649,2.79666332,-0.15436406,-27.79773160,2.76434867,-0.00292124,-0.01429010,0.00930994,-0.00085675,0.00128123,-0.00079260
14.910,1.57184049,0.24070097,3.32108667,0.09518332,-0.03298432,0.05842937,-0.02463241,0.00853598,-0.01512089,1.57476161,0.25498113,3.31177948,0.09603852,-0.03426818,0.05922485,-0.15473840,-27.81927593,2.79808236,-0.15473840,-27.81927593,2.79808236,-0.15448993,-27.79927679,2.76585027,-0.00292112,-0.01428016,0.00930719,-0.00085520,0.00128386,-0.00079548
14.920,1.57279109,0.24037155,3.32167021,0.09493691,-0.03289893,0.05827810,-0.02465061,0.00854229,-0.01513206,1.57571208,0.25464176,3.31236579,0.09579054,-0.03418539,0.05907645,-0.15486075,-27.82076157,2.79949747,-0.15486075,-27.82076157,2.79949747,-0.15461499,-27.80081797,2.76734768,-0.00292099,-0.01427021,0.00930442,-0.00085363,0.00128646,-0.00079835
14.930,1.57373922,0.24004299,3.32225223,0.09469031,-0.03281347,0.05812673,-0.02466861,0.00854853,-0.01514311,1.57666006,0.25430322,3.31295062,0.09554237,-0.03410253,0.05892794,-0.15498219,-27.82223923,2.80090750,-0.15498219,-27.82223923,2.80090750,-0.15473840,-27.80234896,2.76884116,-0.00292084,-0.01426023,0.00930161,-0.00085206,0.00128906,-0.00080121
14.940,1.57468489,0.23971528,3.32283274,0.09444354,-0.03272796,0.05797524,-0.02468642,0.00855470,-0.01515404,1.57760555,0.25396552,3.31353395,0.09529401,-0.03401959,0.05877931,-0.15510193,-27.82371172,2.80231390,-0.15510193,-27.82371172,2.80231390,-0.15486075,-27.80387619,2.77033075,-0.00292066,-0.01425024,0.00929879,-0.00085047,0.00129163,-0.00080407
14.950,1.57562809,0.23938843,3.32341174,0.09419659,-0.03264238,0.05782365,-0.02470403,0.00856080,-0.01516485,1.57854854,0.25362864,3.31411579,0.09504547,-0.03393657,0.05863057,-0.15522050,-27.82517646,2.80371705,-0.15522050,-27.82517646,2.80371705,-0.15498219,-27.80539547,2.77181534,-0.00292045,-0.01424021,0.00929595,-0.00084888,0.00129419,-0.00080692
14.960,1.57656882,0.23906243,3.32398921,0.09394946,-0.03255674,0.05767194,-0.02472144,0.00856684,-0.01517554,1.57948905,0.25329260,3.31469615,0.09479674,-0.03385348,0.05848171,-0.15533785,-27.82663592,2.80511389,-0.15533785,-27.82663592,2.80511389,-0.15510193,-27.80690962,2.77329634,-0.00292023,-0.01423017,0.00929306,-0.00084728,0.00129674,-0.00080977
14.970,1.57750708,0.23873729,3.32456517,0.09370216,-0.03247104,0.05752014,-0.02473866,0.00857280,-0.01518611,1.58042706,0.25295739,3.31527500,0.09454783,-0.03377031,0.05833274,-0.15545379,-27.82808821,2.80650784,-0.15545379,-27.82808821,2.80650784,-0.15522050,-27.80841606,2.77477414,-0.00291998,-0.01422010,0.00929017,-0.00084567,0.00129927,-0.00081260
14.980,1.57844287,0.23841301,3.32513962,0.09345469,-0.03238529,0.05736822,-0.02475568,0.00857870,-0.01519656,1.58136258,0.25262302,3.31585237,0.09429874,-0.03368706,0.05818365,-0.15556825,-27.82953380,2.80789880,-0.15556825,-27.82953380,2.80789880,-0.15533785,-27.80991726,2.77624569,-0.00291971,-0.01421001,0.00928725,-0.00084405,0.00130177,-0.00081543
14.990,1.57937618,0.23808959,3.32571254,0.09320704,-0.03229947,0.05721621,-0.02477250,0.00858453,-0.01520688,1.58229559,0.25228948,3.31642824,0.09404947,-0.03360374,0.05803446,-0.15568179,-27.83097211,2.80928421,-0.15568179,-27.83097211,2.80928421,-0.15545379,-27.81141132,2.77771441,-0.00291941,-0.01419989,0.00928430,-0.00084243,0.00130427,-0.00081825
15.000,1.58030701,0.23776702,3.32628394,0.09295924,-0.03221360,0.05706409,-0.02478913,0.00859029,-0.01521709,1.58322611,0.25195678,3.31700261,0.09380002,-0.03352035,0.05788515,-0.15579399,-27.83240593,2.81066546,-0.15579399,-27.83240593,2.81066546,-0.15556825,-27.81289872,2.77918018,-0.00291910,-0.01418976,0.00928133,-0.00084078,0.00130675,-0.00082106
15.010,1.58123536,0.23744532,3.32685382,0.09271126,-0.03212767,0.05691186,-0.02480556,0.00859598,-0.01522717,1.58415412,0.25162491,3.31757548,0.09355040,-0.03343688,0.05773574,-0.15590515,-27.83383105,2.81204272,-0.15590515,-27.83383105,2.81204272,-0.15568179,-27.81437887,2.78064046,-0.00291876,-0.01417959,0.00927834,-0.00083914,0.00130921,-0.00082388
15.020,1.58216123,0.23712447,3.32742218,0.09246313,-0.03204168,0.05675954,-0.02482178,0.00860161,-0.01523714,1.58507964,0.25129389,3.31814686,0.09330061,-0.03335335,0.05758621,-0.15601484,-27.83525156,2.81341632,-0.15601484,-27.83525156,2.81341632,-0.15579399,-27.81585456,2.78209664,-0.00291841,-0.01416942,0.00927532,-0.00083748,0.00131167,-0.00082667
15.030,1.58308462,0.23680448,3.32798901,0.09221483,-0.03195563,0.05660712,-0.02483781,0.00860716,-0.01524697,1.58600264,0.25096370,3.31871674,0.09305064,-0.03326974,0.05743659,-0.15612324,-27.83666560,2.81478483,-0.15612324,-27.83666560,2.81478483,-0.15590515,-27.81732159,2.78354887,-0.00291802,-0.01415922,0.00927227,-0.00083581,0.00131411,-0.00082947
15.040,1.58400553,0.23648536,3.32855432,0.09196637,-0.03186953,0.05645460,-0.02485364,0.00861265,-0.01525669,1.58692315,0.25063435,3.31928511,0.09280051,-0.03318605,0.05728685,-0.15623018,-27.83807160,2.81614984,-0.15623018,-27.83807160,2.81614984,-0.15601484,-27.81878405,2.78499749,-0.00291762,-0.01414899,0.00926921,-0.00083414,0.00131652,-0.00083225
15.050,1.58492395,0.23616709,3.32911810,0.09171775,-0.03178338,0.05630199,-0.02486927,0.00861806,-0.01526629,1.58784114,0.25030584,3.31985199,0.09255021,-0.03310230,0.05713702,-0.15633610,-27.83947368,2.81751013,-0.15633610,-27.83947368,2.81751013,-0.15612324,-27.82024007,2.78644108,-0.00291719,-0.01413875,0.00926611,-0.00083246,0.00131892,-0.00083503
15.060,1.58583988,0.23584969,3.32968036,0.09146898,-0.03169717,0.05614928,-0.02488470,0.00862341,-0.01527576,1.58875662,0.24997817,3.32041736,0.09229975,-0.03301848,0.05698707,-0.15644082,-27.84086761,2.81886722,-0.15644082,-27.84086761,2.81886722,-0.15623018,-27.82168809,2.78788122,-0.00291674,-0.01412848,0.00926300,-0.00083077,0.00132131,-0.00083779
15.070,1.58675333,0.23553315,3.33024109,0.09122006,-0.03161091,0.05599647,-0.02489993,0.00862869,-0.01528511,1.58966959,0.24965134,3.32098123,0.09204912,-0.03293459,0.05683703,-0.15654378,-27.84225582,2.82021975,-0.15654378,-27.84225582,2.82021975,-0.15633610,-27.82313222,2.78931668,-0.00291626,-0.01411819,0.00925986,-0.00082906,0.00132368,-0.00084056
15.080,1.58766428,0.23521747,3.33080029,0.09097099,-0.03152460,0.05584358,-0.02491496,0.00863390,-0.01529433,1.59058005,0.24932535,3.32154359,0.09179833,-0.03285064,0.05668689,-0.15664594,-27.84363843,2.82156803,-0.15664594,-27.84363843,2.82156803,-0.15644082,-27.82456823,2.79074899,-0.00291577,-0.01410788,0.00925670,-0.00082734,0.00132604,-0.00084331
15.090,1.58857275,0.23490266,3.33135796,0.09072176,-0.03143823,0.05569059,-0.02492978,0.00863903,-0.01530343,1.59148800,0.24900020,3.32210445,0.09154738,-0.03276661,0.05653664,-0.15674635,-27.84501317,2.82291198,-0.15674635,-27.84501317,2.82291198,-0.15654378,-27.82599855,2.79217679,-0.00291525,-0.01409754,0.00925351,-0.00082562,0.00132838,-0.00084605
15.100,1.58947872,0.23458871,3.33191410,0.09047239,-0.03135182,0.05553751,-0.02494441,0.00864410,-0.01531241,1.59239343,0.24867590,3.32266381,0.09129628,-0.03268252,0.05638630,-0.15684573,-27.84638285,2.82425182,-0.15684573,-27.84638285,2.82425182,-0.15664594,-27.82742331,2.79360039,-0.00291471,-0.01408719,0.00925029,-0.00082389,0.00133070,-0.00084879
15.110,1.59038219,0.23427562,3.33246871,0.09022288,-0.03126535,0.05538434,-0.02495883,0.00864910,-0.01532126,1.59329634,0.24835244,3.32322165,0.09104502,-0.03259836,0.05623586,-0.15694403,-27.84774687,2.82558769,-0.15694403,-27.84774687,2.82558769,-0.15674635,-27.82884023,2.79501970,-0.00291415,-0.01407682,0.00924706,-0.00082214,0.00133301,-0.00085152
15.120,1.59128318,0.23396340,3.33302179,0.08997322,-0.03117884,0.05523108,-0.02497305,0.00865403,-0.01532999,1.59419674,0.24802983,3.32377799,0.09079361,-0.03251414,0.05608533,-0.15704031,-27.84910404,2.82691973,-0.15704031,-27.84910404,2.82691973,-0.15684573,-27.83025211,2.79643495,-0.00291356,-0.01406643,0.00924380,-0.00082039,0.00133530,-0.00085425
15.130,1.59218166,0.23365204,3.33357333,0.08972342,-0.03109227,0.05507774,-0.02498707,0.00865888,-0.01533859,1.59509461,0.24770806,3.32433282,0.09054205,-0.03242985,0.05593470,-0.15713590,-27.85045573,2.82824662,-0.15713590,-27.85045573,2.82824662,-0.15694403,-27.83165838,2.79784629,-0.00291295,-0.01405602,0.00924051,-0.00081863,0.00133758,-0.00085696
15.140,1.59307764,0.23334155,3.33412334,0.08947348,-0.03100566,0.05492431,-0.02500088,0.00866367,-0.01534707,1.59598996,0.24738713,3.32488614,0.09029034,-0.03234550,0.05578398,-0.15723026,-27.85180073,2.82956988,-0.15723026,-27.85180073,2.82956988,-0.15704031,-27.83305782,2.79925381,-0.00291232,-0.01404558,0.00923720,-0.00081686,0.00133984,-0.00085967
15.150,1.59397113,0.23303193,3.33467182,0.08922340,-0.03091900,0.05477080,-0.02501449,0.00866839,-0.01535543,1.59688279,0.24706705,3.32543794,0.09003848,-0.03226108,0.05563317,-0.15732284,-27.85313878,2.83088975,-0.15732284,-27.85313878,2.83088975,-0.15713590,-27.83445181,2.80065626,-0.00291166,-0.01403512,0.00923388,-0.00081508,0.00134208,-0.00086237
15.160,1.59486211,0.23272317,3.33521876,0.08897319,-0.03083229,0.05461720,-0.02502789,0.00867303,-0.01536366,1.59777310,0.24674782,3.32598824,0.08978648,-0.03217660,0.05548227,-0.15741447,-27.85447198,2.83220474,-0.15741447,-27.85447198,2.83220474,-0.15723026,-27.83583914,2.80205511,-0.00291099,-0.01402465,0.00923052,-0.00081329,0.00134431,-0.00086507
15.170,1.59575059,0.23241529,3.33576416,0.08872284,-0.03074554,0.05446353,-0.02504109,0.00867761,-0.01537176,1.59866087,0.24642944,3.32653702,0.08953434,-0.03209207,0.05533127,-0.15750473,-27.85579676,2.83351514,-0.15750473,-27.85579676,2.83351514,-0.15732284,-27.83721956,2.80345060,-0.00291028,-0.01401415,0.00922714,-0.00081150,0.00134653,-0.00086774
15.180,1.59663657,0.23210826,3.33630803,0.08847237,-0.03065874,0.05430977,-0.02505409,0.00868211,-0.01537974,1.59954613,0.24611190,3.32708429,0.08928205,-0.03200747,0.05518019,-0.15759334,-27.85711886,2.83482236,-0.15759334,-27.85711886,2.83482236,-0.15741447,-27.83859514,2.80484127,-0.00290956,-0.01400364,0.00922374,-0.00080968,0.00134873,-0.00087042
15.190,1.59752004,0.23180211,3.33685036,0.08822176,-0.03057190,0.05415593,-0.02506688,0.00868654,-0.01538759,1.60042885,0.24579521,3.32763005,0.08902963,-0.03192281,0.05502903,-0.15768099,-27.85843274,2.83612513,-0.15768099,-27.85843274,2.83612513,-0.15750473,-27.83996235,2.80622738,-0.00290881,-0.01399310,0.00922031,-0.00080787,0.00135091,-0.00087310
15.200,1.59840100,0.23149683,3.33739114,0.08797103,-0.03048501,0.05400202,-0.02507946,0.00869090,-0.01539531,1.60130904,0.24547937,3.32817429,0.08877707,-0.03183809,0.05487777,-0.15776739,-27.85974012,2.83742214,-0.15776739,-27.85974012,2.83742214,-0.15759334,-27.84132689,2.80761035,-0.00290804,-0.01398254,0.00921685,-0.00080604,0.00135308,-0.00087575
15.210,1.59927946,0.23119241,3.33793040,0.08772017,-0.03039808,0.05384803,-0.02509184,0.00869519,-0.01540291,1.60218671,0.24516438,3.32871701,0.08852438,-0.03175331,0.05472644,-0.15785214,-27.86104342,2.83871789,-0.15785214,-27.86104342,2.83871789,-0.15768099,-27.84268326,2.80898892,-0.00290725,-0.01397197,0.00921339,-0.00080421,0.00135523,-0.00087841
15.220,1.60015541,0.23088886,3.33846811,0.08746919,-0.03031111,0.05369396,-0.02510401,0.00869941,-0.01541038,1.60306184,0.24485024,3.32925822,0.08827155,-0.03166847,0.05457501,-0.15793557,-27.86234077,2.84000804,-0.15793557,-27.86234077,2.84000804,-0.15776739,-27.84403314,2.81036177,-0.00290643,-0.01396138,0.00920989,-0.00080236,0.00135736,-0.00088105
15.230,1.60102884,0.23058619,3.33900427,0.08721809,-0.03022409,0.05353982,-0.02511597,0.00870355,-0.01541773,1.60393443,0.24453696,3.32979791,0.08801860,-0.03158358,0.05442351,-0.15801813,-27.86362986,2.84129272,-0.15801813,-27.86362986,2.84129272,-0.15785214,-27.84537897,2.81173339,-0.00290559,-0.01395077,0.00920636,-0.00080051,0.00135949,-0.00088369
15.240,1.60189977,0.23028438,3.33953890,0.08696687,-0.03013704,0.05338561,-0.02512773,0.00870763,-0.01542494,1.60480450,0.24422452,3.33033608,0.08776551,-0.03149863,0.05427193,-0.15809880,-27.86491545,2.84257504,-0.15809880,-27.86491545,2.84257504,-0.15793557,-27.84671888,2.81309945,-0.00290473,-0.01394014,0.00920282,-0.00079864,0.00136159,-0.00088632
15.250,1.60276818,0.22998345,3.34007199,0.08671554,-0.03004994,0.05323132,-0.02513928,0.00871163,-0.01543203,1.60567202,0.24391293,3.33087273,0.08751230,-0.03141362,0.05412026,-0.15817842,-27.86619296,2.84385355,-0.15817842,-27.86619296,2.84385355,-0.15801813,-27.84805056,2.81446009,-0.00290384,-0.01392948,0.00919926,-0.00079676,0.00136368,-0.00088894
15.260,1.60363408,0.22968338,3.34060353,0.08646409,-0.02996280,0.05307697,-0.02515062,0.00871556,-0.01543899,1.60653701,0.24360220,3.33140787,0.08725897,-0.03132856,0.05396851,-0.15825657,-27.86746681,2.84512701,-0.15825657,-27.86746681,2.84512701,-0.15809880,-27.84937876,2.81581840,-0.00290293,-0.01391882,0.00919566,-0.00079488,0.00136576,-0.00089154
15.270,1.60449746,0.22938419,3.34113353,0.08621253,-0.02987563,0.05292254,-0.02516175,0.00871942,-0.01544583,1.60739947,0.24329232,3.33194148,0.08700551,-0.03124344,0.05381669,-0.15833360,-27.86873340,2.84639680,-0.15833360,-27.86873340,2.84639680,-0.15817842,-27.85069892,2.81717293,-0.00290201,-0.01390813,0.00919205,-0.00079298,0.00136781,-0.00089415
15.280,1.60535833,0.22908587,3.34166198,0.08596085,-0.02978841,0.05276805,-0.02517267,0.00872320,-0.01545253,1.60825938,0.24298329,3.33247357,0.08675193,-0.03115827,0.05366480,-0.15840909,-27.86999410,2.84766169,-0.15840909,-27.86999410,2.84766169,-0.15825657,-27.85201543,2.81852246,-0.00290105,-0.01389742,0.00918841,-0.00079108,0.00136986,-0.00089675
15.290,1.60621668,0.22878842,3.34218889,0.08570907,-0.02970116,0.05261349,-0.02518338,0.00872691,-0.01545911,1.60911675,0.24267512,3.33300414,0.08649824,-0.03107305,0.05351283,-0.15848328,-27.87124969,2.84892318,-0.15848328,-27.87124969,2.84892318,-0.15833360,-27.85332471,2.81986833,-0.00290007,-0.01388670,0.00918475,-0.00078917,0.00137189,-0.00089934
15.300,1.60707251,0.22849185,3.34271425,0.08545719,-0.02961388,0.05245887,-0.02519389,0.00873055,-0.01546555,1.60997158,0.24236780,3.33353318,0.08624443,-0.03098777,0.05336079,-0.15855613,-27.87249824,2.85017997,-0.15855613,-27.87249824,2.85017997,-0.15840909,-27.85462813,2.82120936,-0.00289907,-0.01387595,0.00918107,-0.00078724,0.00137389,-0.00090192
15.310,1.60792582,0.22819615,3.34323806,0.08520520,-0.02952655,0.05230418,-0.02520418,0.00873412,-0.01547187,1.61082387,0.24206133,3.33406071,0.08599051,-0.03090245,0.05320868,-0.15862773,-27.87374112,2.85143202,-0.15862773,-27.87374112,2.85143202,-0.15848328,-27.85592646,2.82254701,-0.00289805,-0.01386518,0.00917735,-0.00078531,0.00137590,-0.00090450
15.320,1.60877661,0.22790132,3.34376033,0.08495310,-0.02943919,0.05214943,-0.02521426,0.00873762,-0.01547806,1.61167361,0.24175572,3.33458671,0.08573647,-0.03081707,0.05305649,-0.15869805,-27.87497910,2.85268104,-0.15869805,-27.87497910,2.85268104,-0.15855613,-27.85721777,2.82387999,-0.00289700,-0.01385440,0.00917362,-0.00078337,0.00137788,-0.00090706
15.330,1.60962488,0.22760736,3.34428105,0.08470091,-0.02935180,0.05199462,-0.02522413,0.00874104,-0.01548412,1.61252081,0.24145097,3.33511118,0.08548233,-0.03073164,0.05290424,-0.15876683,-27.87621228,2.85392565,-0.15876683,-27.87621228,2.85392565,-0.15862773,-27.85850344,2.82520828,-0.00289593,-0.01384361,0.00916987,-0.00078142,0.00137984,-0.00090962
15.340,1.61047063,0.22731428,3.34480022,0.08444862,-0.02926437,0.05183975,-0.02523379,0.00874438,-0.01549005,1.61336546,0.24114707,3.33563413,0.08522808,-0.03064616,0.05275191,-0.15883416,-27.87743835,2.85516591,-0.15883416,-27.87743835,2.85516591,-0.15869805,-27.85978423,2.82653357,-0.00289483,-0.01383279,0.00916609,-0.00077946,0.00138179,-0.00091216
15.350,1.61131385,0.22702208,3.34531785,0.08419624,-0.02917691,0.05168482,-0.02524324,0.00874766,-0.01549585,1.61420757,0.24084403,3.33615556,0.08497372,-0.03056064,0.05259952,-0.15890039,-27.87865771,2.85640339,-0.15890039,-27.87865771,2.85640339,-0.15876683,-27.86106025,2.82785448,-0.00289372,-0.01382195,0.00916229,-0.00077748,0.00138373,-0.00091470
15.360,1.61215455,0.22673074,3.34583392,0.08394376,-0.02908942,0.05152983,-0.02525248,0.00875086,-0.01550152,1.61504713,0.24054185,3.33667545,0.08471926,-0.03047506,0.05244706,-0.15896512,-27.87987443,2.85763517,-0.15896512,-27.87987443,2.85763517,-0.15883416,-27.86232918,2.82917107,-0.00289258,-0.01381111,0.00915847,-0.00077550,0.00138564,-0.00091723
15.370,1.61299273,0.22644029,3.34634844,0.08369119,-0.02900190,0.05137479,-0.02526150,0.00875399,-0.01550706,1.61588414,0.24024052,3.33719382,0.08446470,-0.03038944,0.05229454,-0.15902820,-27.88108256,2.85886288,-0.15902820,-27.88108256,2.85886288,-0.15890039,-27.86359142,2.83048490,-0.00289141,-0.01380023,0.00915462,-0.00077351,0.00138754,-0.00091975
15.380,1.61382838,0.22615071,3.34686142,0.08343853,-0.02891434,0.05121969,-0.02527031,0.00875704,-0.01551247,1.61671860,0.23994005,3.33771066,0.08421004,-0.03030378,0.05214196,-0.15909012,-27.88228579,2.86008801,-0.15909012,-27.88228579,2.86008801,-0.15896512,-27.86485104,2.83179307,-0.00289022,-0.01378934,0.00915076,-0.00077151,0.00138944,-0.00092227
15.390,1.61466150,0.22586200,3.34737284,0.08318578,-0.02882676,0.05106454,-0.02527891,0.00876002,-0.01551775,1.61755051,0.23964045,3.33822598,0.08395528,-0.03021806,0.05198931,-0.15915085,-27.88348491,2.86130774,-0.15915085,-27.88348491,2.86130774,-0.15902820,-27.86610210,2.83309719,-0.00288901,-0.01377845,0.00914686,-0.00076950,0.00139130,-0.00092477
15.400,1.61549209,0.22557417,3.34788271,0.08293295,-0.02873914,0.05090934,-0.02528729,0.00876292,-0.01552289,1.61837987,0.23934169,3.33873976,0.08370043,-0.03013230,0.05183661,-0.15921026,-27.88467725,2.86252359,-0.15921026,-27.88467725,2.86252359,-0.15909012,-27.86734827,2.83439875,-0.00288778,-0.01376752,0.00914295,-0.00076748,0.00139316,-0.00092727
15.410,1.61632016,0.22528722,3.34839102,0.08268004,-0.02865150,0.05075408,-0.02529546,0.00876575,-0.01552791,1.61920667,0.23904380,3.33925202,0.08344548,-0.03004650,0.05168385,-0.15926782,-27.88586355,2.86373404,-0.15926782,-27.88586355,2.86373404,-0.15915085,-27.86859036,2.83569495,-0.00288651,-0.01375658,0.00913900,-0.00076544,0.00139500,-0.00092977
15.420,1.61714569,0.22500114,3.34889779,0.08242704,-0.02856383,0.05059878,-0.02530342,0.00876851,-0.01553279,1.62003093,0.23874677,3.33976274,0.08319045,-0.02996066,0.05153103,-0.15932463,-27.88704552,2.86494234,-0.15932463,-27.88704552,2.86494234,-0.15921026,-27.86982569,2.83698730,-0.00288524,-0.01374563,0.00913505,-0.00076341,0.00139683,-0.00093225
15.430,1.61796870,0.22471594,3.34940300,0.08217397,-0.02847613,0.05044343,-0.02531116,0.00877119,-0.01553754,1.62085263,0.23845060,3.34027194,0.08293533,-0.02987477,0.05137816,-0.15937945,-27.88822123,2.86614552,-0.15937945,-27.88822123,2.86614552,-0.15926782,-27.87105500,2.83827427,-0.00288393,-0.01373466,0.00913106,-0.00076136,0.00139864,-0.00093473
15.440,1.61878917,0.22443162,3.34990666,0.08192082,-0.02838840,0.05028803,-0.02531868,0.00877380,-0.01554216,1.62167177,0.23815529,3.34077960,0.08268012,-0.02978884,0.05122523,-0.15943337,-27.88939071,2.86734508,-0.15943337,-27.88939071,2.86734508,-0.15932463,-27.87227999,2.83955912,-0.00288260,-0.01372367,0.00912706,-0.00075930,0.00140044,-0.00093720
15.450,1.61960711,0.22414817,3.35040876,0.08166760,-0.02830065,0.05013258,-0.02532599,0.00877633,-0.01554665,1.62248836,0.23786084,3.34128574,0.08242483,-0.02970288,0.05107225,-0.15948577,-27.89055636,2.86853959,-0.15948577,-27.89055636,2.86853959,-0.15937945,-27.87349875,2.84083886,-0.00288125,-0.01371267,0.00912302,-0.00075723,0.00140223,-0.00093967
15.460,1.62042252,0.22386561,3.35090931,0.08141430,-0.02821288,0.04997710,-0.02533308,0.00877879,-0.01555100,1.62330239,0.23756725,3.34179034,0.08216945,-0.02961687,0.05091922,-0.15953674,-27.89171422,2.86973081,-0.15953674,-27.89171422,2.86973081,-0.15943337,-27.87471129,2.84211502,-0.00287987,-0.01370164,0.00911897,-0.00075515,0.00140399,-0.00094212
15.470,1.62123540,0.22358392,3.35140830,0.08116094,-0.02812508,0.04982156,-0.02533996,0.00878117,-0.01555522,1.62411387,0.23727453,3.34229341,0.08191400,-0.02953082,0.05076613,-0.15958604,-27.89286799,2.87091700,-0.15958604,-27.89286799,2.87091700,-0.15948577,-27.87592002,2.84338615,-0.00287847,-0.01369061,0.00911489,-0.00075306,0.00140574,-0.00094457
15.480,1.62204574,0.22330310,3.35190574,0.08090750,-0.02803725,0.04966599,-0.02534661,0.00878348,-0.01555931,1.62492279,0.23698266,3.34279494,0.08165847,-0.02944473,0.05061300,-0.15963439,-27.89401774,2.87210000,-0.15963439,-27.89401774,2.87210000,-0.15953674,-27.87712099,2.84465401,-0.00287705,-0.01367956,0.00911080,-0.00075097,0.00140748,-0.00094701
15.490,1.62285355,0.22302317,3.35240162,0.08065400,-0.02794941,0.04951038,-0.02535306,0.00878571,-0.01556326,1.62572915,0.23669166,3.34329495,0.08140286,-0.02935860,0.05045981,-0.15968105,-27.89516020,2.87327831,-0.15968105,-27.89516020,2.87327831,-0.15958604,-27.87831788,2.84591687,-0.00287560,-0.01366849,0.00910667,-0.00074886,0.00140919,-0.00094943
15.500,1.62365882,0.22274412,3.35289595,0.08040044,-0.02786154,0.04935473,-0.02535928,0.00878787,-0.01556708,1.62653295,0.23640152,3.34379341,0.08114718,-0.02927244,0.05030658,-0.15972650,-27.89629668,2.87445345,-0.15972650,-27.89629668,2.87445345,-0.15963439,-27.87951076,2.84717656,-0.00287413,-0.01365740,0.00910254,-0.00074674,0.00141090,-0.00095185
15.510,1.62446156,0.22246594,3.35338871,0.08014682,-0.02777365,0.04919904,-0.02536529,0.00878995,-0.01557077,1.62733419,0.23611224,3.34429035,0.08089143,-0.02918624,0.05015330,-0.15977025,-27.89742959,2.87562246,-0.15977025,-27.89742959,2.87562246,-0.15968105,-27.88069638,2.84843158,-0.00287263,-0.01364630,0.00909836,-0.00074461,0.00141259,-0.00095426
15.520,1.62526176,0.22218864,3.35387993,0.07989314,-0.02768574,0.04904331,-0.02537107,0.00879196,-0.01557432,1.62813287,0.23582383,3.34478575,0.08063561,-0.02910001,0.04999998,-0.15981277,-27.89855697,2.87678988,-0.15981277,-27.89855697,2.87678988,-0.15972650,-27.88187603,2.84968344,-0.00287111,-0.01363519,0.00909418,-0.00074247,0.00141427,-0.00095667
15.530,1.62605942,0.22191223,3.35436958,0.07963940,-0.02759781,0.04888755,-0.02537664,0.00879389,-0.01557774,1.62892899,0.23553628,3.34527961,0.08037972,-0.02901374,0.04984660,-0.15985408,-27.89967685,2.87795139,-0.15985408,-27.89967685,2.87795139,-0.15977025,-27.88305213,2.85092921,-0.00286957,-0.01362405,0.00908997,-0.00074032,0.00141593,-0.00095905
15.540,1.62685455,0.22163669,3.35485768,0.07938561,-0.02750986,0.04873176,-0.02538199,0.00879574,-0.01558102,1.62972255,0.23524960,3.34577194,0.08012377,-0.02892743,0.04969319,-0.15989354,-27.90079325,2.87910999,-0.15989354,-27.90079325,2.87910999,-0.15981277,-27.88422271,2.85217340,-0.00286800,-0.01361291,0.00908574,-0.00073816,0.00141757,-0.00096143
15.550,1.62764713,0.22136203,3.35534422,0.07913176,-0.02742190,0.04857593,-0.02538712,0.00879752,-0.01558417,1.63051355,0.23496377,3.34626274,0.07986776,-0.02884109,0.04953974,-0.15993227,-27.90190458,2.88026414,-0.15993227,-27.90190458,2.88026414,-0.15985408,-27.88538581,2.85341170,-0.00286642,-0.01360174,0.00908148,-0.00073600,0.00141919,-0.00096381
15.560,1.62843718,0.22108825,3.35582920,0.07887786,-0.02733391,0.04842008,-0.02539203,0.00879922,-0.01558718,1.63130199,0.23467882,3.34675199,0.07961168,-0.02875472,0.04938625,-0.15996916,-27.90301016,2.88141406,-0.15996916,-27.90301016,2.88141406,-0.15989354,-27.88654545,2.85464710,-0.00286481,-0.01359057,0.00907721,-0.00073382,0.00142081,-0.00096617
15.570,1.62922469,0.22081535,3.35631262,0.07862392,-0.02724591,0.04826419,-0.02539671,0.00880084,-0.01559006,1.63208786,0.23439473,3.34723972,0.07935555,-0.02866832,0.04923272,-0.16000457,-27.90411069,2.88255956,-0.16000457,-27.90411069,2.88255956,-0.15993227,-27.88770002,2.85587808,-0.00286317,-0.01357938,0.00907290,-0.00073163,0.00142241,-0.00096853
15.580,1.63000966,0.22054333,3.35679448,0.07836993,-0.02715790,0.04810827,-0.02540118,0.00880239,-0.01559280,1.63287117,0.23411150,3.34772590,0.07909936,-0.02858189,0.04907915,-0.16003863,-27.90520621,2.88370078,-0.16003863,-27.90520621,2.88370078,-0.15996916,-27.88884886,2.85710483,-0.00286151,-0.01356817,0.00906858,-0.00072943,0.00142399,-0.00097088
15.590,1.63079209,0.22027219,3.35727478,0.07811590,-0.02706987,0.04795233,-0.02540543,0.00880386,-0.01559541,1.63365191,0.23382914,3.34821055,0.07884312,-0.02849542,0.04892555,-0.16007122,-27.90629638,2.88483785,-0.16007122,-27.90629638,2.88483785,-0.16000457,-27.88999267,2.85832718,-0.00285982,-0.01355695,0.00906423,-0.00072722,0.00142555,-0.00097322
15.600,1.63157198,0.22000193,3.35775353,0.07786182,-0.02698182,0.04779637,-0.02540945,0.00880526,-0.01559788,1.63443009,0.23354765,3.34869366,0.07858683,-0.02840893,0.04877191,-0.16010246,-27.90738125,2.88597233,-0.16010246,-27.90738125,2.88597233,-0.16003863,-27.89113148,2.85954527,-0.00285811,-0.01354572,0.00905987,-0.00072501,0.00142711,-0.00097554
15.610,1.63234933,0.21973256,3.35823071,0.07760771,-0.02689376,0.04764038,-0.02541325,0.00880657,-0.01560022,1.63520570,0.23326702,3.34917523,0.07833049,-0.02832241,0.04861824,-0.16013213,-27.90845917,2.88710115,-0.16013213,-27.90845917,2.88710115,-0.16007122,-27.89226496,2.86075923,-0.00285637,-0.01353446,0.00905548,-0.00072278,0.00142865,-0.00097786
15.620,1.63312413,0.21946406,3.35870633,0.07735356,-0.02680569,0.04748436,-0.02541683,0.00880781,-0.01560241,1.63597875,0.23298726,3.34965527,0.07807410,-0.02823586,0.04846454,-0.16016084,-27.90953416,2.88822579,-0.16016084,-27.90953416,2.88822579,-0.16010246,-27.89339314,2.86197061,-0.00285462,-0.01352320,0.00905106,-0.00072054,0.00143017,-0.00098018
15.630,1.63389640,0.21919644,3.35918040,0.07709937,-0.02671760,0.04732833,-0.02542019,0.00880898,-0.01560447,1.63674924,0.23270836,3.35013376,0.07781767,-0.02814929,0.04831081,-0.16018760,-27.91060391,2.88934801,-0.16018760,-27.91060391,2.88934801,-0.16013213,-27.89451439,2.86317634,-0.00285284,-0.01351192,0.00904664,-0.00071830,0.00143169,-0.00098248
15.640,1.63466612,0.21892971,3.35965290,0.07684516,-0.02662951,0.04717227,-0.02542333,0.00881006,-0.01560640,1.63751715,0.23243033,3.35061072,0.07756120,-0.02806268,0.04815705,-0.16021318,-27.91166714,2.89046464,-0.16021318,-27.91166714,2.89046464,-0.16016084,-27.89563272,2.86437791,-0.00285103,-0.01350062,0.00904218,-0.00071604,0.00143317,-0.00098478
15.650,1.63543330,0.21866385,3.36012384,0.07659091,-0.02654140,0.04701620,-0.02542623,0.00881107,-0.01560818,1.63828251,0.23215317,3.35108614,0.07730468,-0.02797606,0.04800326,-0.16023732,-27.91272714,2.89157735,-0.16023732,-27.91272714,2.89157735,-0.16018760,-27.89674582,2.86557706,-0.00284921,-0.01348932,0.00903770,-0.00071377,0.00143466,-0.00098706
15.660,1.63619794,0.21839888,3.36059322,0.07633663,-0.02645329,0.04686011,-0.02542892,0.00881200,-0.01560983,1.63904529,0.23187688,3.35156002,0.07704813,-0.02788940,0.04784944,-0.16025992,-27.91378064,2.89268608,-0.16025992,-27.91378064,2.89268608,-0.16021318,-27.89785242,2.86677064,-0.00284735,-0.01347800,0.00903320,-0.00071150,0.00143611,-0.00098933
15.670,1.63696003,0.21813479,3.36106104,0.07608233,-0.02636516,0.04670400,-0.02543138,0.00881286,-0.01561134,1.63980551,0.23160145,3.35203236,0.07679154,-0.02780273,0.04769560,-0.16028137,-27.91482895,2.89379085,-0.16028137,-27.91482895,2.89379085,-0.16023732,-27.89895579,2.86796031,-0.00284548,-0.01346666,0.00902868,-0.00070921,0.00143757,-0.00099160
15.680,1.63771958,0.21787157,3.36152730,0.07582800,-0.02627703,0.04654788,-0.02543362,0.00881363,-0.01561272,1.64056316,0.23132689,3.35250316,0.07653492,-0.02771603,0.04754174,-0.16030130,-27.91587478,2.89489179,-0.16030130,-27.91587478,2.89489179,-0.16025992,-27.90005268,2.86914601,-0.00284358,-0.01345532,0.00902414,-0.00070692,0.00143900,-0.00099386
15.690,1.63847659,0.21760925,3.36199200,0.07557366,-0.02618889,0.04639175,-0.02543563,0.00881433,-0.01561395,1.64131824,0.23105320,3.35297242,0.07627827,-0.02762931,0.04738785,-0.16031948,-27.91691180,2.89598890,-0.16031948,-27.91691180,2.89598890,-0.16028137,-27.90114438,2.87032776,-0.00284165,-0.01344395,0.00901958,-0.00070461,0.00144042,-0.00099610
15.700,1.63923106,0.21734780,3.36245514,0.07531929,-0.02610075,0.04623561,-0.02543741,0.00881495,-0.01561505,1.64207076,0.23078037,3.35344014,0.07602158,-0.02754256,0.04723394,-0.16033616,-27.91794634,2.89708217,-0.16033616,-27.91794634,2.89708217,-0.16030130,-27.90223361,2.87150568,-0.00283970,-0.01343257,0.00901500,-0.00070229,0.00144181,-0.00099833
15.710,1.63998298,0.21708723,3.36291671,0.07506491,-0.02601259,0.04607945,-0.02543897,0.00881549,-0.01561600,1.64282070,0.23050842,3.35390633,0.07576488,-0.02745580,0.04708001,-0.16035163,-27.91897572,2.89816999,-0.16035163,-27.91897572,2.89816999,-0.16031948,-27.90331405,2.87267979,-0.00283772,-0.01342119,0.00901038,-0.00069997,0.00144321,-0.00100056
15.720,1.64073236,0.21682755,3.36337673,0.07481051,-0.02592444,0.04592329,-0.02544031,0.00881595,-0.01561682,1.64356808,0.23023733,3.35437097,0.07550814,-0.02736901,0.04692607,-0.16036551,-27.91999897,2.89925554,-0.16036551,-27.91999897,2.89925554,-0.16033616,-27.90439201,2.87385005,-0.00283572,-0.01340978,0.00900576,-0.00069763,0.00144457,-0.00100278
15.730,1.64147919,0.21656874,3.36383518,0.07455611,-0.02583627,0.04576711,-0.02544141,0.00881633,-0.01561750,1.64431290,0.22996711,3.35483407,0.07525139,-0.02728221,0.04677211,-0.16037810,-27.92101906,2.90033565,-0.16037810,-27.92101906,2.90033565,-0.16035163,-27.90546482,2.87501488,-0.00283371,-0.01339837,0.00900111,-0.00069528,0.00144594,-0.00100500
15.740,1.64222348,0.21631082,3.36429207,0.07430169,-0.02574811,0.04561094,-0.02544229,0.00881664,-0.01561804,1.64505514,0.22969777,3.35529563,0.07499461,-0.02719539,0.04661814,-0.16038914,-27.92203303,2.90141207,-0.16038914,-27.92203303,2.90141207,-0.16036551,-27.90653151,2.87617743,-0.00283166,-0.01338695,0.00899644,-0.00069292,0.00144728,-0.00100720
15.750,1.64296522,0.21605378,3.36474740,0.07404726,-0.02565994,0.04545475,-0.02544294,0.00881686,-0.01561844,1.64579481,0.22942929,3.35575565,0.07473782,-0.02710855,0.04646415,-0.16039904,-27.92304217,2.90248453,-0.16039904,-27.92304217,2.90248453,-0.16037810,-27.90759504,2.87733455,-0.00282959,-0.01337551,0.00899175,-0.00069056,0.00144861,-0.00100940
15.760,1.64370442,0.21579762,3.36520117,0.07379283,-0.02557177,0.04529857,-0.02544337,0.00881701,-0.01561870,1.64653192,0.22916167,3.35621414,0.07448101,-0.02702170,0.04631016,-0.16040720,-27.92404682,2.90355330,-0.16040720,-27.92404682,2.90355330,-0.16038914,-27.90865246,2.87848799,-0.00282750,-0.01336405,0.00898703,-0.00068818,0.00144993,-0.00101159
15.770,1.64444108,0.21554234,3.36565337,0.07353839,-0.02548360,0.04514238,-0.02544356,0.00881708,-0.01561882,1.64726646,0.22889493,3.35667108,0.07422419,-0.02693483,0.04615615,-0.16041377,-27.92504700,2.90461669,-0.16041377,-27.92504700,2.90461669,-0.16039904,-27.90970505,2.87963746,-0.00282538,-0.01335259,0.00898229,-0.00068580,0.00145123,-0.00101377
15.780,1.64517519,0.21528795,3.36610401,0.07328396,-0.02539543,0.04498619,-0.02544353,0.00881706,-0.01561880,1.64799842,0.22862906,3.35712648,0.07396735,-0.02684795,0.04600214,-0.16041901,-27.92604068,2.90567625,-0.16041901,-27.92604068,2.90567625,-0.16040720,-27.91075318,2.88078325,-0.00282323,-0.01334111,0.00897753,-0.00068339,0.00145252,-0.00101595
15.790,1.64590676,0.21503444,3.36655309,0.07302952,-0.02530726,0.04483000,-0.02544326,0.00881697,-0.01561864,1.64872782,0.22836406,3.35758034,0.07371051,-0.02676105,0.04584812,-0.16042271,-27.92702986,2.90673202,-0.16042271,-27.92702986,2.90673202,-0.16041377,-27.91179683,2.88192366,-0.00282106,-0.01332962,0.00897275,-0.00068099,0.00145379,-0.00101812
15.800,1.64663578,0.21478180,3.36700061,0.07277509,-0.02521909,0.04467382,-0.02544277,0.00881680,-0.01561833,1.64945465,0.22809992,3.35803266,0.07345366,-0.02667414,0.04569409,-0.16042514,-27.92801656,2.90778411,-0.16042514,-27.92801656,2.90778411,-0.16041901,-27.91283398,2.88306025,-0.00281887,-0.01331812,0.00896795,-0.00067857,0.00145505,-0.00102027
15.810,1.64736226,0.21453005,3.36744657,0.07252067,-0.02513093,0.04451764,-0.02544205,0.00881655,-0.01561789,1.65017892,0.22783666,3.35848344,0.07319681,-0.02658721,0.04554006,-0.16042585,-27.92899713,2.90883241,-0.16042585,-27.92899713,2.90883241,-0.16042271,-27.91386664,2.88419304,-0.00281666,-0.01330661,0.00896313,-0.00067614,0.00145628,-0.00102242
15.820,1.64808619,0.21427919,3.36789097,0.07226625,-0.02504276,0.04436146,-0.02544109,0.00881622,-0.01561730,1.65090061,0.22757426,3.35893268,0.07293996,-0.02650028,0.04538602,-0.16042546,-27.92997083,2.90987690,-0.16042546,-27.92997083,2.90987690,-0.16042514,-27.91489683,2.88532216,-0.00281442,-0.01329507,0.00895829,-0.00067371,0.00145752,-0.00102456
15.830,1.64880758,0.21402920,3.36833380,0.07201185,-0.02495460,0.04420529,-0.02543991,0.00881581,-0.01561658,1.65161974,0.22731274,3.35938038,0.07268310,-0.02641333,0.04523197,-0.16042328,-27.93094233,2.91091612,-0.16042328,-27.93094233,2.91091612,-0.16042585,-27.91592089,2.88644749,-0.00281216,-0.01328354,0.00895342,-0.00067125,0.00145873,-0.00102668
15.840,1.64952643,0.21378009,3.36877507,0.07175746,-0.02486645,0.04404913,-0.02543849,0.00881532,-0.01561571,1.65233629,0.22705208,3.35982653,0.07242625,-0.02632637,0.04507793,-0.16041945,-27.93190964,2.91195155,-0.16041945,-27.93190964,2.91195155,-0.16042546,-27.91693808,2.88756900,-0.00280986,-0.01327199,0.00894854,-0.00066879,0.00145992,-0.00102880
15.850,1.65024273,0.21353187,3.36921478,0.07150308,-0.02477829,0.04389298,-0.02543684,0.00881475,-0.01561470,1.65305028,0.22679230,3.36027115,0.07216941,-0.02623940,0.04492389,-0.16041451,-27.93287004,2.91298318,-0.16041451,-27.93287004,2.91298318,-0.16042328,-27.91795307,2.88868524,-0.00280755,-0.01326043,0.00894363,-0.00066633,0.00146111,-0.00103091
15.860,1.65095649,0.21328453,3.36965293,0.07124872,-0.02469015,0.04373684,-0.02543497,0.00881410,-0.01561354,1.65376170,0.22653338,3.36071423,0.07191257,-0.02615243,0.04476984,-0.16040787,-27.93382655,2.91401100,-0.16040787,-27.93382655,2.91401100,-0.16041945,-27.91896389,2.88979769,-0.00280521,-0.01324885,0.00893870,-0.00066385,0.00146228,-0.00103300
15.870,1.65166771,0.21303807,3.37008952,0.07099438,-0.02460201,0.04358071,-0.02543285,0.00881337,-0.01561225,1.65447056,0.22627534,3.36115577,0.07165574,-0.02606545,0.04461580,-0.16039957,-27.93477847,2.91503499,-0.16039957,-27.93477847,2.91503499,-0.16041451,-27.91996779,2.89090634,-0.00280285,-0.01323727,0.00893375,-0.00066136,0.00146344,-0.00103509
15.880,1.65237638,0.21279249,3.37052455,0.07074006,-0.02451388,0.04342459,-0.02543051,0.00881255,-0.01561081,1.65517684,0.22601816,3.36159576,0.07139892,-0.02597845,0.04446176,-0.16039014,-27.93572612,2.91605511,-0.16039014,-27.93572612,2.91605511,-0.16040787,-27.92096781,2.89201118,-0.00280046,-0.01322567,0.00892879,-0.00065886,0.00146457,-0.00103717
15.890,1.65308251,0.21254779,3.37095801,0.07048577,-0.02442576,0.04326849,-0.02542793,0.00881166,-0.01560922,1.65588056,0.22576186,3.36203422,0.07114212,-0.02589146,0.04430773,-0.16037899,-27.93666948,2.91706992,-0.16037899,-27.93666948,2.91706992,-0.16039957,-27.92196323,2.89311217,-0.00279805,-0.01321407,0.00892379,-0.00065635,0.00146570,-0.00103924
15.900,1.65378610,0.21230397,3.37138992,0.07023151,-0.02433765,0.04311241,-0.02542512,0.00881068,-0.01560750,1.65658171,0.22550642,3.36247114,0.07088534,-0.02580446,0.04415370,-0.16036618,-27.93760851,2.91808236,-0.16036618,-27.93760851,2.91808236,-0.16039014,-27.92295439,2.89420930,-0.00279561,-0.01320245,0.00891878,-0.00065383,0.00146681,-0.00104129
15.910,1.65448714,0.21206104,3.37182026,0.06997727,-0.02424955,0.04295634,-0.02542207,0.00880963,-0.01560563,1.65728029,0.22525186,3.36290651,0.07062857,-0.02571745,0.04399969,-0.16035235,-27.93854119,2.91908932,-0.16035235,-27.93854119,2.91908932,-0.16037899,-27.92394126,2.89530110,-0.00279315,-0.01319082,0.00891375,-0.00065130,0.00146790,-0.00104335
15.920,1.65518564,0.21181898,3.37224904,0.06972307,-0.02416146,0.04280030,-0.02541879,0.00880849,-0.01560362,1.65797631,0.22499816,3.36334035,0.07037182,-0.02563044,0.04384568,-0.16033682,-27.93947146,2.92009244,-0.16033682,-27.93947146,2.92009244,-0.16036618,-27.92492380,2.89639053,-0.00279067,-0.01317918,0.00890869,-0.00064875,0.00146898,-0.00104538
15.930,1.65588160,0.21157781,3.37267627,0.06946889,-0.02407338,0.04264427,-0.02541528,0.00880728,-0.01560146,1.65866976,0.22474534,3.36377264,0.07011510,-0.02554343,0.04369168,-0.16031985,-27.94039532,2.92109300,-0.16031985,-27.94039532,2.92109300,-0.16035235,-27.92589999,2.89747448,-0.00278816,-0.01316753,0.00890363,-0.00064621,0.00147005,-0.00104741
15.940,1.65657502,0.21133751,3.37310193,0.06921476,-0.02398531,0.04248827,-0.02541153,0.00880598,-0.01559916,1.65936064,0.22449339,3.36420340,0.06985841,-0.02545641,0.04353770,-0.16030114,-27.94131673,2.92208817,-0.16030114,-27.94131673,2.92208817,-0.16033682,-27.92687377,2.89855457,-0.00278562,-0.01315588,0.00889853,-0.00064365,0.00147110,-0.00104943
15.950,1.65726590,0.21109810,3.37352603,0.06896066,-0.02389726,0.04233229,-0.02540754,0.00880459,-0.01559671,1.66004896,0.22424230,3.36463262,0.06960174,-0.02536940,0.04338373,-0.16028096,-27.94223201,2.92307926,-0.16028096,-27.94223201,2.92307926,-0.16031985,-27.92784115,2.89963209,-0.00278306,-0.01314420,0.00889341,-0.00064108,0.00147214,-0.00105144
15.960,1.65795423,0.21085957,3.37394857,0.06870661,-0.02380922,0.04217633,-0.02540332,0.00880313,-0.01559412,1.66073471,0.22399209,3.36506030,0.06934511,-0.02528238,0.04322977,-0.16025963,-27.94314274,2.92406624,-0.16025963,-27.94314274,2.92406624,-0.16030114,-27.92880607,2.90070421,-0.00278048,-0.01313252,0.00888827,-0.00063850,0.00147316,-0.00105344
15.970,1.65864003,0.21062192,3.37436956,0.06845260,-0.02372120,0.04202041,-0.02539886,0.00880159,-0.01559138,1.66141789,0.22374275,3.36548644,0.06908850,-0.02519537,0.04307584,-0.16023632,-27.94404926,2.92505079,-0.16023632,-27.94404926,2.92505079,-0.16028096,-27.92976485,2.90177225,-0.00277786,-0.01312083,0.00888312,-0.00063590,0.00147417,-0.00105543
15.980,1.65932329,0.21038514,3.37478898,0.06819863,-0.02363319,0.04186451,-0.02539417,0.00879996,-0.01558850,1.66209852,0.22349427,3.36591104,0.06883194,-0.02510835,0.04292191,-0.16021156,-27.94495320,2.92602966,-0.16021156,-27.94495320,2.92602966,-0.16025963,-27.93071908,2.90283617,-0.00277523,-0.01310913,0.00887794,-0.00063331,0.00147516,-0.00105740
15.990,1.66000400,0.21014925,3.37520685,0.06794472,-0.02354520,0.04170864,-0.02538924,0.00879825,-0.01558547,1.66277658,0.22324667,3.36633410,0.06857541,-0.02502134,0.04276801,-0.16018567,-27.94585085,2.92700587,-0.16018567,-27.94585085,2.92700587,-0.16023632,-27.93166911,2.90389763,-0.00277258,-0.01309742,0.00887275,-0.00063069,0.00147614,-0.00105937
16.000,1.66068218,0.20991424,3.37562315,0.06769085,-0.02345723,0.04155280,-0.02538407,0.00879646,-0.01558230,1.66345207,0.22299994,3.36675563,0.06831892,-0.02493434,0.04261413,-0.16015794,-27.94674415,2.92797637,-0.16015794,-27.94674415,2.92797637,-0.16021156,-27.93261655,2.90495342,-0.00276989,-0.01308570,0.00886752,-0.00062807,0.00147711,-0.00106133
16.010,1.66135782,0.20968011,3.37603790,0.06743704,-0.02336927,0.04139699,-0.02537866,0.00879459,-0.01557898,1.66412500,0.22275407,3.36717562,0.06806247,-0.02484733,0.04246027,-0.16012868,-27.94763269,2.92894407,-0.16012868,-27.94763269,2.92894407,-0.16018567,-27.93355769,2.90600652,-0.00276718,-0.01307396,0.00886228,-0.00062543,0.00147806,-0.00106328
16.020,1.66203092,0.20944685,3.37645109,0.06718328,-0.02328133,0.04124122,-0.02537302,0.00879263,-0.01557551,1.66479537,0.22250908,3.36759407,0.06780607,-0.02476033,0.04230644,-0.16009807,-27.94851882,2.92990757,-0.16009807,-27.94851882,2.92990757,-0.16015794,-27.93449448,2.90705390,-0.00276445,-0.01306223,0.00885702,-0.00062279,0.00147900,-0.00106522
16.030,1.66270148,0.20921448,3.37686273,0.06692958,-0.02319342,0.04108548,-0.02536713,0.00879059,-0.01557190,1.66546318,0.22226496,3.36801098,0.06754971,-0.02467334,0.04215263,-0.16006603,-27.94939882,2.93086819,-0.16006603,-27.94939882,2.93086819,-0.16012868,-27.93542651,2.90809847,-0.00276170,-0.01305048,0.00885175,-0.00062013,0.00147992,-0.00106715
16.040,1.66336951,0.20898299,3.37727280,0.06667594,-0.02310552,0.04092978,-0.02536101,0.00878847,-0.01556814,1.66612842,0.22202170,3.36842635,0.06729341,-0.02458635,0.04199884,-0.16003214,-27.95027394,2.93182296,-0.16003214,-27.95027394,2.93182296,-0.16009807,-27.93635612,2.90913882,-0.00275891,-0.01303871,0.00884645,-0.00061747,0.00148083,-0.00106906
16.050,1.66403500,0.20875237,3.37768132,0.06642236,-0.02301765,0.04077412,-0.02535464,0.00878626,-0.01556424,1.66679111,0.22177932,3.36884019,0.06703716,-0.02449938,0.04184509,-0.15999693,-27.95114681,2.93277477,-0.15999693,-27.95114681,2.93277477,-0.16006603,-27.93727960,2.91017628,-0.00275611,-0.01302695,0.00884113,-0.00061480,0.00148173,-0.00107097
16.060,1.66469796,0.20852263,3.37808829,0.06616884,-0.02292980,0.04061850,-0.02534804,0.00878397,-0.01556018,1.66745123,0.22153780,3.36925249,0.06678096,-0.02441241,0.04169137,-0.15995997,-27.95201506,2.93372359,-0.15995997,-27.95201506,2.93372359,-0.16003214,-27.93819819,2.91120787,-0.00275327,-0.01301517,0.00883580,-0.00061212,0.00148261,-0.00107287
16.070,1.66535838,0.20829377,3.37849369,0.06591540,-0.02284197,0.04046292,-0.02534120,0.00878160,-0.01555598,1.66810879,0.22129716,3.36966326,0.06652482,-0.02432544,0.04153767,-0.15992158,-27.95287862,2.93466634,-0.15992158,-27.95287862,2.93466634,-0.15999693,-27.93911453,2.91223647,-0.00275041,-0.01300339,0.00883043,-0.00060942,0.00148347,-0.00107475
16.080,1.66601627,0.20806579,3.37889755,0.06566202,-0.02275417,0.04030738,-0.02533411,0.00877915,-0.01555163,1.66876380,0.22105738,3.37007249,0.06626873,-0.02423849,0.04138402,-0.15988156,-27.95373774,2.93560738,-0.15988156,-27.95373774,2.93560738,-0.15995997,-27.94002624,2.91326207,-0.00274753,-0.01299159,0.00882506,-0.00060671,0.00148432,-0.00107664
16.090,1.66667162,0.20783869,3.37929984,0.06540872,-0.02266639,0.04015188,-0.02532679,0.00877661,-0.01554714,1.66941624,0.22081847,3.37048018,0.06601271,-0.02415155,0.04123039,-0.15984023,-27.95459204,2.93654219,-0.15984023,-27.95459204,2.93654219,-0.15992158,-27.94093325,2.91428158,-0.00274462,-0.01297978,0.00881966,-0.00060399,0.00148516,-0.00107851
16.100,1.66732444,0.20761247,3.37970058,0.06515549,-0.02257863,0.03999644,-0.02531922,0.00877399,-0.01554249,1.67006613,0.22058044,3.37088635,0.06575676,-0.02406463,0.04107681,-0.15979728,-27.95544143,2.93747384,-0.15979728,-27.95544143,2.93747384,-0.15988156,-27.94183582,2.91529935,-0.00274169,-0.01296797,0.00881423,-0.00060127,0.00148600,-0.00108037
16.110,1.66797473,0.20738712,3.38009977,0.06490233,-0.02249091,0.03984104,-0.02531141,0.00877128,-0.01553770,1.67071346,0.22034327,3.37129097,0.06550086,-0.02397771,0.04092327,-0.15975276,-27.95628859,2.93840208,-0.15975276,-27.95628859,2.93840208,-0.15984023,-27.94273355,2.91631088,-0.00273873,-0.01295615,0.00880880,-0.00059853,0.00148680,-0.00108223
16.120,1.66862249,0.20716265,3.38049740,0.06464926,-0.02240321,0.03968568,-0.02530336,0.00876849,-0.01553276,1.67135824,0.22010697,3.37169406,0.06524504,-0.02389081,0.04076976,-0.15970652,-27.95713077,2.93932536,-0.15970652,-27.95713077,2.93932536,-0.15979728,-27.94362637,2.91731922,-0.00273575,-0.01294432,0.00880334,-0.00059578,0.00148760,-0.00108408
16.130,1.66926772,0.20693905,3.38089348,0.06439627,-0.02231554,0.03953038,-0.02529507,0.00876562,-0.01552766,1.67200046,0.21987153,3.37209562,0.06498929,-0.02380393,0.04061629,-0.15965872,-27.95797023,2.94024527,-0.15965872,-27.95797023,2.94024527,-0.15975276,-27.94451695,2.91832413,-0.00273274,-0.01293248,0.00879786,-0.00059302,0.00148839,-0.00108591
16.140,1.66991041,0.20671634,3.38128801,0.06414336,-0.02222790,0.03937513,-0.02528653,0.00876266,-0.01552242,1.67264013,0.21963697,3.37249565,0.06473362,-0.02371705,0.04046287,-0.15960994,-27.95880293,2.94116164,-0.15960994,-27.95880293,2.94116164,-0.15970652,-27.94540255,2.91932407,-0.00272972,-0.01292063,0.00879236,-0.00059026,0.00148915,-0.00108774
16.150,1.67055058,0.20649450,3.38168099,0.06389054,-0.02214028,0.03921993,-0.02527775,0.00875962,-0.01551703,1.67327724,0.21940327,3.37289414,0.06447802,-0.02363020,0.04030948,-0.15955914,-27.95963241,2.94207438,-0.15955914,-27.95963241,2.94207438,-0.15965872,-27.94628542,2.92032060,-0.00272666,-0.01290877,0.00878685,-0.00058748,0.00148992,-0.00108955
16.160,1.67118823,0.20627353,3.38207241,0.06363780,-0.02205270,0.03906479,-0.02526872,0.00875649,-0.01551149,1.67391180,0.21917044,3.37329110,0.06422249,-0.02354336,0.04015614,-0.15950649,-27.96045932,2.94298199,-0.15950649,-27.96045932,2.94298199,-0.15960994,-27.94716151,2.92131358,-0.00272357,-0.01289691,0.00878131,-0.00058469,0.00149066,-0.00109135
16.170,1.67182334,0.20605344,3.38246228,0.06338516,-0.02196516,0.03890970,-0.02525945,0.00875328,-0.01550580,1.67454381,0.21893848,3.37368653,0.06396705,-0.02345654,0.04000285,-0.15945283,-27.96128160,2.94388574,-0.15945283,-27.96128160,2.94388574,-0.15955914,-27.94803437,2.92230289,-0.00272047,-0.01288504,0.00877575,-0.00058189,0.00149138,-0.00109315
16.180,1.67245593,0.20583423,3.38285061,0.06313261,-0.02187764,0.03875467,-0.02524994,0.00874998,-0.01549996,1.67517326,0.21870739,3.37408043,0.06371169,-0.02336974,0.03984961,-0.15939736,-27.96209844,2.94478716,-0.15939736,-27.96209844,2.94478716,-0.15950649,-27.94890466,2.92328705,-0.00271733,-0.01287316,0.00877018,-0.00057908,0.00149210,-0.00109494
16.190,1.67308599,0.20561589,3.38323738,0.06288016,-0.02179016,0.03859970,-0.02524018,0.00874660,-0.01549397,1.67580017,0.21847716,3.37447280,0.06345642,-0.02328295,0.03969642,-0.15934053,-27.96291247,2.94568316,-0.15934053,-27.96291247,2.94568316,-0.15945283,-27.94977029,2.92426732,-0.00271418,-0.01286127,0.00876458,-0.00057626,0.00149279,-0.00109672
16.200,1.67371353,0.20539842,3.38362260,0.06262781,-0.02170271,0.03844480,-0.02523018,0.00874313,-0.01548783,1.67642452,0.21824780,3.37486364,0.06320124,-0.02319619,0.03954328,-0.15928192,-27.96372327,2.94657520,-0.15928192,-27.96372327,2.94657520,-0.15939736,-27.95063048,2.92524523,-0.00271099,-0.01284938,0.00875896,-0.00057343,0.00149348,-0.00109848
16.210,1.67433855,0.20518183,3.38400627,0.06237556,-0.02161529,0.03828995,-0.02521993,0.00873958,-0.01548154,1.67704633,0.21801931,3.37525295,0.06294614,-0.02310945,0.03939019,-0.15922160,-27.96452875,2.94746299,-0.15922160,-27.96452875,2.94746299,-0.15934053,-27.95148785,2.92621770,-0.00270778,-0.01283748,0.00875332,-0.00057058,0.00149416,-0.00110024
16.220,1.67496104,0.20496612,3.38438840,0.06212341,-0.02152792,0.03813517,-0.02520943,0.00873594,-0.01547510,1.67766559,0.21779169,3.37564073,0.06269114,-0.02302273,0.03923715,-0.15916014,-27.96532952,2.94834813,-0.15916014,-27.96532952,2.94834813,-0.15928192,-27.95234198,2.92718617,-0.00270455,-0.01282557,0.00874767,-0.00056773,0.00149481,-0.00110198
16.230,1.67558102,0.20475128,3.38476898,0.06187137,-0.02144058,0.03798045,-0.02519869,0.00873222,-0.01546850,1.67828231,0.21756493,3.37602698,0.06243624,-0.02293604,0.03908417,-0.15909653,-27.96612681,2.94922896,-0.15909653,-27.96612681,2.94922896,-0.15922160,-27.95319077,2.92815037,-0.00270129,-0.01281365,0.00874200,-0.00056487,0.00149546,-0.00110372
16.240,1.67619847,0.20453731,3.38514801,0.06161944,-0.02135327,0.03782580,-0.02518770,0.00872841,-0.01546175,1.67889648,0.21733903,3.37641171,0.06218143,-0.02284937,0.03893125,-0.15903182,-27.96692055,2.95010543,-0.15903182,-27.96692055,2.95010543,-0.15916014,-27.95403484,2.92911189,-0.00269801,-0.01280172,0.00873630,-0.00056199,0.00149610,-0.00110545
16.250,1.67681341,0.20432421,3.38552549,0.06136762,-0.02126601,0.03767121,-0.02517646,0.00872452,-0.01545486,1.67950811,0.21711401,3.37679490,0.06192673,-0.02276272,0.03877838,-0.15896510,-27.96771135,2.95097733,-0.15896510,-27.96771135,2.95097733,-0.15909653,-27.95487542,2.93006907,-0.00269470,-0.01278980,0.00873059,-0.00055911,0.00149671,-0.00110717
16.260,1.67742583,0.20411199,3.38590143,0.06111591,-0.02117878,0.03751670,-0.02516497,0.00872054,-0.01544781,1.68011719,0.21688984,3.37717658,0.06167212,-0.02267610,0.03862557,-0.15889696,-27.96849642,2.95184626,-0.15889696,-27.96849642,2.95184626,-0.15903182,-27.95571243,2.93102186,-0.00269136,-0.01277785,0.00872485,-0.00055621,0.00149732,-0.00110887
16.270,1.67803573,0.20390063,3.38627583,0.06086432,-0.02109160,0.03736226,-0.02515324,0.00871647,-0.01544060,1.68072373,0.21666655,3.37755672,0.06141763,-0.02258951,0.03847282,-0.15882737,-27.96928038,2.95271203,-0.15882737,-27.96928038,2.95271203,-0.15896510,-27.95654649,2.93197004,-0.00268800,-0.01276592,0.00871911,-0.00055331,0.00149791,-0.00111056
16.280,1.67864311,0.20369015,3.38664868,0.06061285,-0.02100445,0.03720789,-0.02514126,0.00871232,-0.01543325,1.68132773,0.21644411,3.37793534,0.06116324,-0.02250294,0.03832014,-0.15875641,-27.97005844,2.95357303,-0.15875641,-27.97005844,2.95357303,-0.15889696,-27.95737480,2.93291522,-0.00268462,-0.01275396,0.00871334,-0.00055039,0.00149849,-0.00111225
16.290,1.67924798,0.20348055,3.38701999,0.06036150,-0.02091735,0.03705359,-0.02512903,0.00870808,-0.01542574,1.68192919,0.21622255,3.37831244,0.06090896,-0.02241640,0.03816751,-0.15868366,-27.97083116,2.95443057,-0.15868366,-27.97083116,2.95443057,-0.15882737,-27.95820199,2.93385721,-0.00268121,-0.01274200,0.00870755,-0.00054746,0.00149905,-0.00111392
16.300,1.67985034,0.20327181,3.38738975,0.06011027,-0.02083029,0.03689937,-0.02511654,0.00870375,-0.01541808,1.68252812,0.21600184,3.37868801,0.06065479,-0.02232989,0.03801495,-0.15860922,-27.97160210,2.95528316,-0.15860922,-27.97160210,2.95528316,-0.15875641,-27.95902326,2.93479439,-0.00267778,-0.01273003,0.00870174,-0.00054452,0.00149960,-0.00111558
16.310,1.68045019,0.20306394,3.38775797,0.05985917,-0.02074328,0.03674523,-0.02510381,0.00869934,-0.01541026,1.68312450,0.21578200,3.37906206,0.06040074,-0.02224341,0.03786246,-0.15853305,-27.97236954,2.95613216,-0.15853305,-27.97236954,2.95613216,-0.15868366,-27.95983917,2.93572808,-0.00267431,-0.01271806,0.00869591,-0.00054157,0.00150013,-0.00111723
16.320,1.68104753,0.20285694,3.38812465,0.05960819,-0.02065630,0.03659117,-0.02509083,0.00869484,-0.01540229,1.68371835,0.21556303,3.37943459,0.06014681,-0.02215696,0.03771004,-0.15845536,-27.97313270,2.95697747,-0.15845536,-27.97313270,2.95697747,-0.15860922,-27.96065329,2.93665678,-0.00267082,-0.01270609,0.00869006,-0.00053862,0.00150066,-0.00111887
16.330,1.68164235,0.20265081,3.38848980,0.05935735,-0.02056938,0.03643719,-0.02507760,0.00869026,-0.01539417,1.68430967,0.21534491,3.37980559,0.05989300,-0.02207054,0.03755768,-0.15837652,-27.97389249,2.95782048,-0.15837652,-27.97389249,2.95782048,-0.15853305,-27.96146390,2.93758185,-0.00266732,-0.01269410,0.00868421,-0.00053565,0.00150116,-0.00112049
16.340,1.68223467,0.20244555,3.38885340,0.05910664,-0.02048250,0.03628329,-0.02506412,0.00868559,-0.01538589,1.68489845,0.21512766,3.38017508,0.05963931,-0.02198416,0.03740539,-0.15829572,-27.97464813,2.95865807,-0.15829572,-27.97464813,2.95865807,-0.15845536,-27.96227019,2.93850321,-0.00266378,-0.01268211,0.00867832,-0.00053267,0.00150166,-0.00112210
16.350,1.68282449,0.20224116,3.38921546,0.05885607,-0.02039567,0.03612947,-0.02505038,0.00868083,-0.01537746,1.68548470,0.21491128,3.38054304,0.05938574,-0.02189781,0.03725318,-0.15821296,-27.97539983,2.95949152,-0.15821296,-27.97539983,2.95949152,-0.15837652,-27.96307311,2.93942222,-0.00266021,-0.01267012,0.00867242,-0.00052967,0.00150214,-0.00112371
16.360,1.68341180,0.20203764,3.38957599,0.05860564,-0.02030888,0.03597574,-0.02503640,0.00867598,-0.01536888,1.68606842,0.21469575,3.38090949,0.05913231,-0.02181149,0.03710104,-0.15812881,-27.97614713,2.96032233,-0.15812881,-27.97614713,2.96032233,-0.15829572,-27.96387186,2.94033576,-0.00265662,-0.01265811,0.00866650,-0.00052667,0.00150261,-0.00112530
16.370,1.68399660,0.20183499,3.38993498,0.05835534,-0.02022215,0.03582209,-0.02502216,0.00867104,-0.01536014,1.68664961,0.21448109,3.38127442,0.05887900,-0.02172521,0.03694898,-0.15804351,-27.97689063,2.96114876,-0.15804351,-27.97689063,2.96114876,-0.15821296,-27.96466664,2.94124513,-0.00265301,-0.01264610,0.00866056,-0.00052366,0.00150306,-0.00112689
16.380,1.68457890,0.20163320,3.39029243,0.05810519,-0.02013546,0.03566853,-0.02500767,0.00866602,-0.01535124,1.68722827,0.21426728,3.38163783,0.05862583,-0.02163897,0.03679699,-0.15795641,-27.97763153,2.96197077,-0.15795641,-27.97763153,2.96197077,-0.15812881,-27.96545700,2.94215181,-0.00264937,-0.01263408,0.00865460,-0.00052064,0.00150351,-0.00112846
16.390,1.68515870,0.20143228,3.39064835,0.05785519,-0.02004883,0.03551507,-0.02499292,0.00866091,-0.01534219,1.68780441,0.21405434,3.38199972,0.05837279,-0.02155277,0.03664509,-0.15786761,-27.97836843,2.96278980,-0.15786761,-27.97836843,2.96278980,-0.15804351,-27.96624356,2.94305408,-0.00264571,-0.01262206,0.00864863,-0.00051760,0.00150394,-0.00113002
16.400,1.68573601,0.20123222,3.39100273,0.05760534,-0.01996225,0.03536169,-0.02497792,0.00865572,-0.01533298,1.68837802,0.21384226,3.38236010,0.05811989,-0.02146660,0.03649326,-0.15777671,-27.97910286,2.96360402,-0.15777671,-27.97910286,2.96360402,-0.15795641,-27.96702748,2.94395188,-0.00264201,-0.01261004,0.00864263,-0.00051455,0.00150435,-0.00113157
16.410,1.68631081,0.20103303,3.39135558,0.05735563,-0.01987571,0.03520841,-0.02496267,0.00865043,-0.01532362,1.68894911,0.21363104,3.38271896,0.05786713,-0.02138047,0.03634152,-0.15768494,-27.97983235,2.96441497,-0.15768494,-27.97983235,2.96441497,-0.15786761,-27.96780739,2.94484665,-0.00263830,-0.01259801,0.00863662,-0.00051150,0.00150476,-0.00113311
16.420,1.68688312,0.20083471,3.39170690,0.05710608,-0.01978924,0.03505522,-0.02494717,0.00864506,-0.01531410,1.68951768,0.21342068,3.38307631,0.05761452,-0.02129438,0.03618986,-0.15759116,-27.98055781,2.96522241,-0.15759116,-27.98055781,2.96522241,-0.15777671,-27.96858480,2.94573658,-0.00263456,-0.01258597,0.00863059,-0.00050844,0.00150514,-0.00113464
16.430,1.68745293,0.20063725,3.39205669,0.05685669,-0.01970281,0.03490213,-0.02493141,0.00863960,-0.01530443,1.69008372,0.21321118,3.38343215,0.05736205,-0.02120833,0.03603828,-0.15749597,-27.98128008,2.96602629,-0.15749597,-27.98128008,2.96602629,-0.15768494,-27.96935725,2.94662319,-0.00263079,-0.01257393,0.00862454,-0.00050536,0.00150552,-0.00113615
16.440,1.68802025,0.20044065,3.39240494,0.05660746,-0.01961645,0.03474913,-0.02491539,0.00863405,-0.01529460,1.69064725,0.21300253,3.38378647,0.05710972,-0.02112233,0.03588680,-0.15739898,-27.98200011,2.96682483,-0.15739898,-27.98200011,2.96682483,-0.15759116,-27.97012566,2.94750624,-0.00262700,-0.01256188,0.00861847,-0.00050226,0.00150588,-0.00113767
16.450,1.68858508,0.20024492,3.39275167,0.05635838,-0.01953013,0.03459624,-0.02489912,0.00862841,-0.01528461,1.69120826,0.21279475,3.38413928,0.05685755,-0.02103636,0.03573540,-0.15730043,-27.98271469,2.96762107,-0.15730043,-27.98271469,2.96762107,-0.15749597,-27.97089085,2.94838568,-0.00262318,-0.01254983,0.00861239,-0.00049917,0.00150623,-0.00113916
16.460,1.68914742,0.20005005,3.39309687,0.05610947,-0.01944388,0.03444344,-0.02488259,0.00862268,-0.01527446,1.69176676,0.21258782,3.38449059,0.05660553,-0.02095044,0.03558409,-0.15720017,-27.98342676,2.96841317,-0.15720017,-27.98342676,2.96841317,-0.15739898,-27.97165376,2.94925975,-0.00261934,-0.01253777,0.00860628,-0.00049606,0.00150656,-0.00114065
16.470,1.68970727,0.19985604,3.39344054,0.05586073,-0.01935768,0.03429075,-0.02486581,0.00861686,-0.01526416,1.69232274,0.21238175,3.38484038,0.05635367,-0.02086457,0.03543288,-0.15709832,-27.98413549,2.96920114,-0.15709832,-27.98413549,2.96920114,-0.15730043,-27.97241122,2.95013145,-0.00261547,-0.01252571,0.00860016,-0.00049294,0.00150689,-0.00114213
16.480,1.69026464,0.19966289,3.39378268,0.05561216,-0.01927154,0.03413816,-0.02484877,0.00861096,-0.01525370,1.69287621,0.21217654,3.38518866,0.05610196,-0.02077874,0.03528176,-0.15699450,-27.98484110,2.96998472,-0.15699450,-27.98484110,2.96998472,-0.15720017,-27.97316613,2.95099897,-0.00261157,-0.01251365,0.00859402,-0.00048980,0.00150720,-0.00114360
16.490,1.69081952,0.19947061,3.39412330,0.05536376,-0.01918546,0.03398567,-0.02483147,0.00860497,-0.01524308,1.69342716,0.21197219,3.38553544,0.05585042,-0.02069296,0.03513073,-0.15688931,-27.98554144,2.97076523,-0.15688931,-27.98554144,2.97076523,-0.15709832,-27.97391769,2.95186232,-0.00260764,-0.01250158,0.00858786,-0.00048666,0.00150750,-0.00114506
16.500,1.69137191,0.19927918,3.39446240,0.05511553,-0.01909944,0.03383330,-0.02481392,0.00859888,-0.01523231,1.69397561,0.21176868,3.38588071,0.05559904,-0.02060722,0.03497980,-0.15678288,-27.98624038,2.97154273,-0.15678288,-27.98624038,2.97154273,-0.15699450,-27.97466609,2.95272121,-0.00260370,-0.01248950,0.00858169,-0.00048351,0.00150778,-0.00114650
16.510,1.69192183,0.19908862,3.39479997,0.05486748,-0.01901348,0.03368103,-0.02479611,0.00859271,-0.01522137,1.69452156,0.21156604,3.38622447,0.05534782,-0.02052154,0.03482897,-0.15667420,-27.98693381,2.97231535,-0.15667420,-27.98693381,2.97231535,-0.15688931,-27.97540920,2.95357699,-0.00259973,-0.01247742,0.00857550,-0.00048034,0.00150806,-0.00114794
16.520,1.69246926,0.19889891,3.39513602,0.05461961,-0.01892759,0.03352887,-0.02477804,0.00858645,-0.01521028,1.69506499,0.21136425,3.38656673,0.05509678,-0.02043590,0.03467824,-0.15656438,-27.98762590,2.97308446,-0.15656438,-27.98762590,2.97308446,-0.15678288,-27.97615088,2.95442971,-0.00259573,-0.01246534,0.00856929,-0.00047717,0.00150831,-0.00114937
16.530,1.69301422,0.19871007,3.39547055,0.05437192,-0.01884175,0.03337682,-0.02475971,0.00858010,-0.01519903,1.69560592,0.21116331,3.38690749,0.05484590,-0.02035032,0.03452761,-0.15645254,-27.98831184,2.97384992,-0.15645254,-27.98831184,2.97384992,-0.15667420,-27.97688703,2.95527749,-0.00259170,-0.01245324,0.00856306,-0.00047398,0.00150857,-0.00115079
16.540,1.69355670,0.19852208,3.39580356,0.05412442,-0.01875599,0.03322489,-0.02474112,0.00857366,-0.01518762,1.69614436,0.21096323,3.38724675,0.05459520,-0.02026478,0.03437708,-0.15633919,-27.98899652,2.97461163,-0.15633919,-27.98899652,2.97461163,-0.15656438,-27.97762181,2.95612171,-0.00258766,-0.01244115,0.00855681,-0.00047078,0.00150879,-0.00115219
16.550,1.69409671,0.19833495,3.39613505,0.05387710,-0.01867028,0.03307307,-0.02472227,0.00856712,-0.01517605,1.69668029,0.21076400,3.38758450,0.05434467,-0.02017930,0.03422666,-0.15622407,-27.98967678,2.97536931,-0.15622407,-27.98967678,2.97536931,-0.15645254,-27.97835042,2.95696222,-0.00258358,-0.01242905,0.00855055,-0.00046757,0.00150902,-0.00115359
16.560,1.69463425,0.19814867,3.39646502,0.05362997,-0.01858464,0.03292137,-0.02470317,0.00856050,-0.01516432,1.69721372,0.21056563,3.38792075,0.05409433,-0.02009387,0.03407634,-0.15610718,-27.99035515,2.97612288,-0.15610718,-27.99035515,2.97612288,-0.15633919,-27.97907773,2.95779893,-0.00257947,-0.01241696,0.00854427,-0.00046436,0.00150923,-0.00115497
16.570,1.69516931,0.19796325,3.39679347,0.05338304,-0.01849907,0.03276978,-0.02468380,0.00855379,-0.01515243,1.69774466,0.21036810,3.38825551,0.05384416,-0.02000849,0.03392614,-0.15598902,-27.99102950,2.97687204,-0.15598902,-27.99102950,2.97687204,-0.15622407,-27.97980059,2.95863155,-0.00257535,-0.01240485,0.00853796,-0.00046112,0.00150942,-0.00115636
16.580,1.69570191,0.19777869,3.39712041,0.05313630,-0.01841357,0.03261832,-0.02466417,0.00854699,-0.01514038,1.69827310,0.21017143,3.38858877,0.05359418,-0.01992317,0.03377604,-0.15586884,-27.99169967,2.97761834,-0.15586884,-27.99169967,2.97761834,-0.15610718,-27.98052154,2.95946000,-0.00257119,-0.01239274,0.00853164,-0.00045788,0.00150960,-0.00115772
16.590,1.69623204,0.19759498,3.39744584,0.05288975,-0.01832813,0.03246698,-0.02464428,0.00854010,-0.01512817,1.69879905,0.20997561,3.38892053,0.05334439,-0.01983791,0.03362605,-0.15574727,-27.99236718,2.97836152,-0.15574727,-27.99236718,2.97836152,-0.15598902,-27.98123845,2.96028401,-0.00256701,-0.01238063,0.00852531,-0.00045464,0.00150978,-0.00115907
16.600,1.69675970,0.19741213,3.39776975,0.05264341,-0.01824277,0.03231576,-0.02462413,0.00853312,-0.01511580,1.69932251,0.20978064,3.38925079,0.05309478,-0.01975270,0.03347617,-0.15562419,-27.99303057,2.97909988,-0.15562419,-27.99303057,2.97909988,-0.15586884,-27.98195114,2.96110508,-0.00256281,-0.01236851,0.00851896,-0.00045137,0.00150993,-0.00116041
16.610,1.69728491,0.19723013,3.39809216,0.05239727,-0.01815747,0.03216466,-0.02460372,0.00852604,-0.01510327,1.69984348,0.20958652,3.38957956,0.05284537,-0.01966755,0.03332640,-0.15549886,-27.99369098,2.97983621,-0.15549886,-27.99369098,2.97983621,-0.15574727,-27.98266113,2.96192297,-0.00255857,-0.01235639,0.00851260,-0.00044810,0.00151008,-0.00116174
16.620,1.69780765,0.19704898,3.39841305,0.05215134,-0.01807225,0.03201369,-0.02458305,0.00851888,-0.01509058,1.70036196,0.20939325,3.38990684,0.05259615,-0.01958245,0.03317674,-0.15537229,-27.99434898,2.98056744,-0.15537229,-27.99434898,2.98056744,-0.15562419,-27.98336698,2.96273600,-0.00255431,-0.01234427,0.00850621,-0.00044481,0.00151020,-0.00116305
16.630,1.69832793,0.19686868,3.39873243,0.05190561,-0.01798709,0.03186285,-0.02456211,0.00851162,-0.01507773,1.70087796,0.20920083,3.39023263,0.05234713,-0.01949742,0.03302720,-0.15524422,-27.99500370,2.98129480,-0.15524422,-27.99500370,2.98129480,-0.15549886,-27.98406982,2.96354692,-0.00255003,-0.01233215,0.00849980,-0.00044152,0.00151033,-0.00116435
16.640,1.69884576,0.19668924,3.39905030,0.05166010,-0.01790201,0.03171214,-0.02454091,0.00850428,-0.01506472,1.70139148,0.20900925,3.39055692,0.05209830,-0.01941245,0.03287778,-0.15511406,-27.99565367,2.98201811,-0.15511406,-27.99565367,2.98201811,-0.15537229,-27.98477022,2.96435268,-0.00254572,-0.01232001,0.00849338,-0.00043820,0.00151044,-0.00116564
16.650,1.69936114,0.19651064,3.39936667,0.05141479,-0.01781701,0.03156156,-0.02451945,0.00849684,-0.01505154,1.70190252,0.20881852,3.39087973,0.05184968,-0.01932753,0.03272848,-0.15498217,-27.99630272,2.98273868,-0.15498217,-27.99630272,2.98273868,-0.15524422,-27.98546730,2.96515451,-0.00254138,-0.01230788,0.00848694,-0.00043489,0.00151052,-0.00116692
16.660,1.69987406,0.19633290,3.39968154,0.05116971,-0.01773208,0.03141111,-0.02449772,0.00848931,-0.01503821,1.70241108,0.20862864,3.39120104,0.05160127,-0.01924268,0.03257930,-0.15484884,-27.99694637,2.98345633,-0.15484884,-27.99694637,2.98345633,-0.15511406,-27.98615960,2.96595224,-0.00253702,-0.01229574,0.00848050,-0.00043156,0.00151060,-0.00116819
16.670,1.70038453,0.19615600,3.39999490,0.05092484,-0.01764722,0.03126079,-0.02447573,0.00848169,-0.01502471,1.70291717,0.20843961,3.39152088,0.05135306,-0.01915790,0.03243023,-0.15471394,-27.99758843,2.98416934,-0.15471394,-27.99758843,2.98416934,-0.15498217,-27.98685095,2.96674715,-0.00253264,-0.01228361,0.00847402,-0.00042822,0.00151068,-0.00116944
16.680,1.70089256,0.19597995,3.40030675,0.05068020,-0.01756244,0.03111061,-0.02445348,0.00847398,-0.01501104,1.70342078,0.20825142,3.39183922,0.05110506,-0.01907317,0.03228130,-0.15457687,-27.99822708,2.98487754,-0.15457687,-27.99822708,2.98487754,-0.15484884,-27.98753687,2.96753909,-0.00252822,-0.01227147,0.00846753,-0.00042486,0.00151073,-0.00117069
16.690,1.70139814,0.19580475,3.40061711,0.05043577,-0.01747774,0.03096057,-0.02443096,0.00846617,-0.01499722,1.70392192,0.20806407,3.39215608,0.05085728,-0.01898851,0.03213249,-0.15443851,-27.99886214,2.98558371,-0.15443851,-27.99886214,2.98558371,-0.15471394,-27.98822116,2.96832631,-0.00252378,-0.01225932,0.00846103,-0.00042151,0.00151077,-0.00117192
16.700,1.70190127,0.19563040,3.40092596,0.05019158,-0.01739312,0.03081067,-0.02440817,0.00845828,-0.01498323,1.70442059,0.20787757,3.39247146,0.05060971,-0.01890392,0.03198381,-0.15429864,-27.99949344,2.98628468,-0.15429864,-27.99949344,2.98628468,-0.15457687,-27.98890201,2.96910866,-0.00251932,-0.01224717,0.00845450,-0.00041813,0.00151080,-0.00117314
16.710,1.70240197,0.19545689,3.40123332,0.04994761,-0.01730858,0.03066091,-0.02438512,0.00845029,-0.01496908,1.70491679,0.20769191,3.39278535,0.05036236,-0.01881940,0.03183526,-0.15415665,-28.00012281,2.98698321,-0.15415665,-28.00012281,2.98698321,-0.15443851,-27.98957922,2.96988891,-0.00251482,-0.01223502,0.00844797,-0.00041475,0.00151082,-0.00117435
16.720,1.70290023,0.19528422,3.40153918,0.04970388,-0.01722412,0.03051129,-0.02436180,0.00844221,-0.01495477,1.70541053,0.20750709,3.39309777,0.05011523,-0.01873494,0.03168683,-0.15401295,-28.00075010,2.98767761,-0.15401295,-28.00075010,2.98767761,-0.15429864,-27.99025266,2.97066390,-0.00251030,-0.01222287,0.00844141,-0.00041135,0.00151082,-0.00117554
16.730,1.70339605,0.19511240,3.40184355,0.04946038,-0.01713973,0.03036181,-0.02433822,0.00843404,-0.01494029,1.70590180,0.20732312,3.39340871,0.04986832,-0.01865055,0.03153854,-0.15386779,-28.00137277,2.98836913,-0.15386779,-28.00137277,2.98836913,-0.15415665,-27.99092412,2.97143638,-0.00250575,-0.01221072,0.00843484,-0.00040794,0.00151082,-0.00117673
16.740,1.70388943,0.19494143,3.40214642,0.04921711,-0.01705543,0.03021248,-0.02431437,0.00842577,-0.01492565,1.70639062,0.20713999,3.39371817,0.04962164,-0.01856623,0.03139039,-0.15372133,-28.00199130,2.98905613,-0.15372133,-28.00199130,2.98905613,-0.15401295,-27.99159346,2.97220465,-0.00250119,-0.01219856,0.00842825,-0.00040453,0.00151080,-0.00117791
16.750,1.70438039,0.19477130,3.40244780,0.04897409,-0.01697122,0.03006330,-0.02429025,0.00841741,-0.01491085,1.70687698,0.20695770,3.39402615,0.04937519,-0.01848199,0.03124237,-0.15357247,-28.00260752,2.98973987,-0.15357247,-28.00260752,2.98973987,-0.15386779,-27.99225815,2.97296997,-0.00249659,-0.01218640,0.00842165,-0.00040110,0.00151077,-0.00117907
16.760,1.70486892,0.19460200,3.40274769,0.04873131,-0.01688709,0.02991427,-0.02426586,0.00840896,-0.01489588,1.70736088,0.20677624,3.39433266,0.04912897,-0.01839781,0.03109449,-0.15342199,-28.00322292,2.99042011,-0.15342199,-28.00322292,2.99042011,-0.15372133,-27.99291866,2.97373071,-0.00249196,-0.01217424,0.00841503,-0.00039766,0.00151072,-0.00118022
16.770,1.70535502,0.19443355,3.40304608,0.04848877,-0.01680304,0.02976538,-0.02424121,0.00840042,-0.01488074,1.70784233,0.20659563,3.39463769,0.04888298,-0.01831371,0.03094675,-0.15327003,-28.00383331,2.99109501,-0.15327003,-28.00383331,2.99109501,-0.15357247,-27.99357682,2.97448810,-0.00248731,-0.01216208,0.00840839,-0.00039421,0.00151067,-0.00118137
16.780,1.70583869,0.19426594,3.40334299,0.04824648,-0.01671908,0.02961665,-0.02421629,0.00839178,-0.01486544,1.70832133,0.20641585,3.39494126,0.04863723,-0.01822968,0.03079915,-0.15311663,-28.00444082,2.99176752,-0.15311663,-28.00444082,2.99176752,-0.15342199,-27.99423412,2.97524193,-0.00248264,-0.01214991,0.00840173,-0.00039075,0.00151060,-0.00118250
16.790,1.70631995,0.19409917,3.40363842,0.04800445,-0.01663520,0.02946808,-0.02419109,0.00838305,-0.01484998,1.70879788,0.20623691,3.39524335,0.04839172,-0.01814573,0.03065169,-0.15296082,-28.00504493,2.99243746,-0.15296082,-28.00504493,2.99243746,-0.15327003,-27.99488637,2.97599035,-0.00247793,-0.01213774,0.00839507,-0.00038727,0.00151053,-0.00118361
16.800,1.70679878,0.19393324,3.40393236,0.04776266,-0.01655142,0.02931965,-0.02416563,0.00837423,-0.01483435,1.70927199,0.20605881,3.39554397,0.04814645,-0.01806185,0.03050438,-0.15280401,-28.00564617,2.99310288,-0.15280401,-28.00564617,2.99310288,-0.15311663,-27.99553570,2.97673630,-0.00247321,-0.01212557,0.00838839,-0.00038379,0.00151043,-0.00118473
16.810,1.70727520,0.19376814,3.40422481,0.04752114,-0.01646772,0.02917139,-0.02413990,0.00836531,-0.01481855,1.70974365,0.20588154,3.39584313,0.04790142,-0.01797805,0.03035721,-0.15264498,-28.00624564,2.99376378,-0.15264498,-28.00624564,2.99376378,-0.15296082,-27.99618161,2.97747960,-0.00246845,-0.01211340,0.00838168,-0.00038028,0.00151033,-0.00118582
16.820,1.70774921,0.19360388,3.40451578,0.04727987,-0.01638411,0.02902328,-0.02411390,0.00835630,-0.01480259,1.71021288,0.20570511,3.39614082,0.04765665,-0.01789433,0.03021020,-0.15248413,-28.00684148,2.99442123,-0.15248413,-28.00684148,2.99442123,-0.15280401,-27.99682459,2.97821830,-0.00246367,-0.01210123,0.00837496,-0.00037678,0.00151022,-0.00118692
16.830,1.70822080,0.19344046,3.40480528,0.04703886,-0.01630059,0.02887534,-0.02408763,0.00834720,-0.01478647,1.71067966,0.20552952,3.39643705,0.04741212,-0.01781068,0.03006333,-0.15232201,-28.00743351,2.99507669,-0.15232201,-28.00743351,2.99507669,-0.15264498,-27.99746576,2.97895242,-0.00245886,-0.01208906,0.00836823,-0.00037326,0.00151009,-0.00118799
16.840,1.70868998,0.19327787,3.40509329,0.04679811,-0.01621717,0.02872756,-0.02406109,0.00833800,-0.01477017,1.71114401,0.20535475,3.39673181,0.04716784,-0.01772712,0.02991661,-0.15215828,-28.00802387,2.99572686,-0.15215828,-28.00802387,2.99572686,-0.15248413,-27.99810327,2.97968300,-0.00245403,-0.01207688,0.00836148,-0.00036973,0.00150995,-0.00118905
16.850,1.70915676,0.19311612,3.40537983,0.04655764,-0.01613383,0.02857994,-0.02403428,0.00832871,-0.01475371,1.71160593,0.20518082,3.39702512,0.04692383,-0.01764364,0.02977004,-0.15199236,-28.00860968,2.99637441,-0.15199236,-28.00860968,2.99637441,-0.15232201,-27.99873692,2.98041152,-0.00244917,-0.01206470,0.00835471,-0.00036619,0.00150981,-0.00119010
16.860,1.70962114,0.19295519,3.40566489,0.04631743,-0.01605059,0.02843248,-0.02400719,0.00831932,-0.01473709,1.71206542,0.20500772,3.39731696,0.04668006,-0.01756023,0.02962363,-0.15182465,-28.00919543,2.99701762,-0.15182465,-28.00919543,2.99701762,-0.15215828,-27.99936886,2.98113466,-0.00244428,-0.01205253,0.00834793,-0.00036263,0.00150964,-0.00119115
16.870,1.71008311,0.19279510,3.40594848,0.04607749,-0.01596745,0.02828519,-0.02397983,0.00830984,-0.01472029,1.71252248,0.20483545,3.39760735,0.04643657,-0.01747691,0.02947737,-0.15165569,-28.00977692,2.99765783,-0.15165569,-28.00977692,2.99765783,-0.15199236,-27.99999621,2.98185511,-0.00243937,-0.01204035,0.00834113,-0.00035908,0.00150946,-0.00119218
16.880,1.71054269,0.19263585,3.40623060,0.04583783,-0.01588440,0.02813808,-0.02395220,0.00830027,-0.01470333,1.71297711,0.20466401,3.39789628,0.04619333,-0.01739367,0.02933126,-0.15148455,-28.01035357,2.99829487,-0.15148455,-28.01035357,2.99829487,-0.15182465,-28.00062345,2.98257114,-0.00243442,-0.01202816,0.00833432,-0.00035550,0.00150927,-0.00119318
16.890,1.71099987,0.19247742,3.40651124,0.04559845,-0.01580144,0.02799113,-0.02392430,0.00829060,-0.01468620,1.71342933,0.20449340,3.39818375,0.04595036,-0.01731052,0.02918532,-0.15131188,-28.01092918,2.99892677,-0.15131188,-28.01092918,2.99892677,-0.15165569,-28.00124639,2.98328408,-0.00242946,-0.01201598,0.00832749,-0.00035191,0.00150908,-0.00119419
16.900,1.71145466,0.19231982,3.40679042,0.04535935,-0.01571859,0.02784435,-0.02389613,0.00828084,-0.01466891,1.71387912,0.20432362,3.39846977,0.04570766,-0.01722745,0.02903954,-0.15113735,-28.01150226,2.99955635,-0.15113735,-28.01150226,2.99955635,-0.15148455,-28.00186445,2.98399377,-0.00242446,-0.01200380,0.00832065,-0.00034831,0.00150886,-0.00119519
16.910,1.71190706,0.19216304,3.40706813,0.04512053,-0.01563583,0.02769775,-0.02386768,0.00827098,-0.01465145,1.71432650,0.20415466,3.39875434,0.04546523,-0.01714447,0.02889392,-0.15096114,-28.01207390,3.00018197,-0.15096114,-28.01207390,3.00018197,-0.15131188,-28.00248142,2.98469824,-0.00241944,-0.01199162,0.00831379,-0.00034470,0.00150864,-0.00119617
16.920,1.71235707,0.19200710,3.40734437,0.04488200,-0.01555317,0.02755132,-0.02383895,0.00826102,-0.01463381,1.71477147,0.20398653,3.39903747,0.04522307,-0.01706157,0.02874846,-0.15078330,-28.01264024,3.00080326,-0.15078330,-28.01264024,3.00080326,-0.15113735,-28.00309582,2.98540030,-0.00241440,-0.01197943,0.00830690,-0.00034107,0.00150840,-0.00119714
16.930,1.71280470,0.19185198,3.40761916,0.04464375,-0.01547061,0.02740508,-0.02380996,0.00825097,-0.01461601,1.71521402,0.20381923,3.39931914,0.04498120,-0.01697877,0.02860317,-0.15060362,-28.01320501,3.00142313,-0.15060362,-28.01320501,3.00142313,-0.15096114,-28.00370873,2.98609833,-0.00240932,-0.01196725,0.00830002,-0.00033745,0.00150816,-0.00119809
16.940,1.71324995,0.19169769,3.40789248,0.04440580,-0.01538815,0.02725900,-0.02378068,0.00824083,-0.01459804,1.71565417,0.20365275,3.39959936,0.04473960,-0.01689605,0.02845804,-0.15042204,-28.01376605,3.00203805,-0.15042204,-28.01376605,3.00203805,-0.15078330,-28.00431629,2.98679194,-0.00240422,-0.01195506,0.00829312,-0.00033380,0.00150790,-0.00119904
16.950,1.71369282,0.19154422,3.40816434,0.04416814,-0.01530579,0.02711312,-0.02375113,0.00823059,-0.01457990,1.71609192,0.20348710,3.39987815,0.04449829,-0.01681342,0.02831308,-0.15023885,-28.01432509,3.00264956,-0.15023885,-28.01432509,3.00264956,-0.15060362,-28.00492224,2.98748403,-0.00239910,-0.01194288,0.00828619,-0.00033015,0.00150763,-0.00119996
16.960,1.71413331,0.19139157,3.40843474,0.04393078,-0.01522354,0.02696741,-0.02372131,0.00822026,-0.01456160,1.71652726,0.20332226,3.40015549,0.04425726,-0.01673088,0.02816830,-0.15005413,-28.01488229,3.00325711,-0.15005413,-28.01488229,3.00325711,-0.15042204,-28.00552441,2.98817108,-0.00239395,-0.01193069,0.00827925,-0.00032648,0.00150734,-0.00120089
16.970,1.71457143,0.19123975,3.40870369,0.04369371,-0.01514139,0.02682188,-0.02369121,0.00820983,-0.01454312,1.71696020,0.20315825,3.40043138,0.04401652,-0.01664844,0.02802368,-0.14986765,-28.01543507,3.00386200,-0.14986765,-28.01543507,3.00386200,-0.15023885,-28.00612454,2.98885464,-0.00238877,-0.01191850,0.00827231,-0.00032281,0.00150705,-0.00120180
16.980,1.71500718,0.19108874,3.40897118,0.04345695,-0.01505934,0.02667655,-0.02366083,0.00819930,-0.01452447,1.71739075,0.20299506,3.40070584,0.04377607,-0.01656609,0.02787924,-0.14967937,-28.01598719,3.00446268,-0.14967937,-28.01598719,3.00446268,-0.15005413,-28.00672277,2.98953415,-0.00238357,-0.01190632,0.00826534,-0.00031912,0.00150675,-0.00120269
16.990,1.71544057,0.19093856,3.40923722,0.04322050,-0.01497740,0.02653139,-0.02363018,0.00818868,-0.01450566,1.71781890,0.20283269,3.40097887,0.04353591,-0.01648383,0.02773497,-0.14948896,-28.01653479,3.00506002,-0.14948896,-28.01653479,3.00506002,-0.14986765,-28.00731654,2.99021091,-0.00237833,-0.01189413,0.00825835,-0.00031541,0.00150643,-0.00120358
17.000,1.71587160,0.19078919,3.40950181,0.04298435,-0.01489557,0.02638643,-0.02359925,0.00817796,-0.01448667,1.71824467,0.20267114,3.40125045,0.04329605,-0.01640167,0.02759089,-0.14929674,-28.01708161,3.00565405,-0.14929674,-28.01708161,3.00565405,-0.14967937,-28.00790960,2.99088337,-0.00237307,-0.01188195,0.00825136,-0.00031170,0.00150610,-0.00120446
17.010,1.71630026,0.19064065,3.40976495,0.04274851,-0.01481384,0.02624166,-0.02356804,0.00816714,-0.01446751,1.71866804,0.20251041,3.40152060,0.04305649,-0.01631960,0.02744698,-0.14910326,-28.01762309,3.00624437,-0.14910326,-28.01762309,3.00624437,-0.14948896,-28.00849808,2.99155240,-0.00236778,-0.01186976,0.00824435,-0.00030798,0.00150576,-0.00120532
17.020,1.71672657,0.19049292,3.41002664,0.04251299,-0.01473222,0.02609708,-0.02353656,0.00815623,-0.01444818,1.71908904,0.20235049,3.40178932,0.04281723,-0.01623763,0.02730325,-0.14890760,-28.01816333,3.00683068,-0.14890760,-28.01816333,3.00683068,-0.14929674,-28.00908575,2.99221802,-0.00236247,-0.01185757,0.00823732,-0.00030424,0.00150541,-0.00120617
17.030,1.71715052,0.19034600,3.41028689,0.04227778,-0.01465072,0.02595270,-0.02350479,0.00814523,-0.01442868,1.71950765,0.20219139,3.40205662,0.04257828,-0.01615576,0.02715970,-0.14871055,-28.01870246,3.00741429,-0.14871055,-28.01870246,3.00741429,-0.14910326,-28.00966802,2.99287984,-0.00235713,-0.01184539,0.00823027,-0.00030050,0.00150504,-0.00120700
17.040,1.71757212,0.19019990,3.41054569,0.04204290,-0.01456932,0.02580851,-0.02347275,0.00813412,-0.01440901,1.71992389,0.20203310,3.40232248,0.04233963,-0.01607399,0.02701633,-0.14851159,-28.01923756,3.00799332,-0.14851159,-28.01923756,3.00799332,-0.14890760,-28.01024899,2.99353756,-0.00235177,-0.01183320,0.00822321,-0.00029673,0.00150467,-0.00120782
17.050,1.71799138,0.19005462,3.41080306,0.04180833,-0.01448804,0.02566452,-0.02344043,0.00812292,-0.01438917,1.72033775,0.20187563,3.40258691,0.04210129,-0.01599232,0.02687315,-0.14831062,-28.01976905,3.00857055,-0.14831062,-28.01976905,3.00857055,-0.14871055,-28.01082881,2.99419249,-0.00234637,-0.01182101,0.00821615,-0.00029296,0.00150428,-0.00120863
17.060,1.71840829,0.18991014,3.41105899,0.04157409,-0.01440686,0.02552073,-0.02340783,0.00811162,-0.01436916,1.72074925,0.20171897,3.40284993,0.04186327,-0.01591075,0.02673015,-0.14810811,-28.02030002,3.00914421,-0.14810811,-28.02030002,3.00914421,-0.14851159,-28.01140454,2.99484274,-0.00234096,-0.01180883,0.00820906,-0.00028918,0.00150389,-0.00120942
17.070,1.71882286,0.18976648,3.41131348,0.04134017,-0.01432580,0.02537714,-0.02337494,0.00810023,-0.01434898,1.72115837,0.20156312,3.40311151,0.04162556,-0.01582928,0.02658734,-0.14790387,-28.02082692,3.00971396,-0.14790387,-28.02082692,3.00971396,-0.14831062,-28.01197662,2.99549110,-0.00233551,-0.01179664,0.00820197,-0.00028539,0.00150348,-0.00121020
17.080,1.71923510,0.18962363,3.41156653,0.04110659,-0.01424486,0.02523375,-0.02334178,0.00808874,-0.01432862,1.72156513,0.20140808,3.40337168,0.04138817,-0.01574791,0.02644472,-0.14769736,-28.02135148,3.01027944,-0.14769736,-28.02135148,3.01027944,-0.14810811,-28.01254812,2.99613578,-0.00233003,-0.01178445,0.00819485,-0.00028158,0.00150305,-0.00121097
17.090,1.71964500,0.18948158,3.41181815,0.04087334,-0.01416403,0.02509056,-0.02330834,0.00807715,-0.01430809,1.72196953,0.20125385,3.40363043,0.04115111,-0.01566665,0.02630230,-0.14748938,-28.02187510,3.01084184,-0.14748938,-28.02187510,3.01084184,-0.14790387,-28.01311549,2.99677644,-0.00232453,-0.01177227,0.00818772,-0.00027777,0.00150262,-0.00121174
17.100,1.72005256,0.18934034,3.41206834,0.04064042,-0.01408332,0.02494759,-0.02327461,0.00806546,-0.01428739,1.72237157,0.20110043,3.40388777,0.04091436,-0.01558549,0.02616007,-0.14728016,-28.02239591,3.01140107,-0.14728016,-28.02239591,3.01140107,-0.14769736,-28.01368047,2.99741275,-0.00231901,-0.01176009,0.00818057,-0.00027394,0.00150217,-0.00121248
17.110,1.72045781,0.18919991,3.41231710,0.04040785,-0.01400272,0.02480482,-0.02324061,0.00805368,-0.01426651,1.72277126,0.20094782,3.40414369,0.04067795,-0.01550444,0.02601803,-0.14706813,-28.02291328,3.01195663,-0.14706813,-28.02291328,3.01195663,-0.14748938,-28.01424446,2.99804588,-0.00231345,-0.01174791,0.00817341,-0.00027010,0.00150172,-0.00121321
17.120,1.72086072,0.18906029,3.41256444,0.04017561,-0.01392224,0.02466226,-0.02320632,0.00804179,-0.01424546,1.72316859,0.20079601,3.40439819,0.04044186,-0.01542350,0.02587619,-0.14685525,-28.02342730,3.01250977,-0.14685525,-28.02342730,3.01250977,-0.14728016,-28.01480558,2.99867574,-0.00230787,-0.01173572,0.00816625,-0.00026625,0.00150126,-0.00121393
17.130,1.72126132,0.18892147,3.41281035,0.03994372,-0.01384188,0.02451991,-0.02317175,0.00802981,-0.01422424,1.72356358,0.20064501,3.40465129,0.04020611,-0.01534266,0.02573455,-0.14663997,-28.02393971,3.01305868,-0.14663997,-28.02393971,3.01305868,-0.14706813,-28.01536321,2.99930182,-0.00230226,-0.01172354,0.00815906,-0.00026239,0.00150078,-0.00121464
17.140,1.72165960,0.18878345,3.41305484,0.03971218,-0.01376165,0.02437777,-0.02313689,0.00801774,-0.01420285,1.72395623,0.20049481,3.40490298,0.03997069,-0.01526193,0.02559311,-0.14642300,-28.02445062,3.01360451,-0.14642300,-28.02445062,3.01360451,-0.14685525,-28.01591742,2.99992538,-0.00229663,-0.01171136,0.00815186,-0.00025851,0.00150028,-0.00121534
17.150,1.72205556,0.18864624,3.41329791,0.03948099,-0.01368153,0.02423585,-0.02310176,0.00800556,-0.01418128,1.72434653,0.20034542,3.40515326,0.03973561,-0.01518132,0.02545187,-0.14620455,-28.02495706,3.01414702,-0.14620455,-28.02495706,3.01414702,-0.14663997,-28.01646998,3.00054460,-0.00229097,-0.01169918,0.00814465,-0.00025462,0.00149979,-0.00121602
17.160,1.72244922,0.18850982,3.41353956,0.03925014,-0.01360154,0.02409415,-0.02306634,0.00799329,-0.01415953,1.72473450,0.20019682,3.40540214,0.03950087,-0.01510081,0.02531084,-0.14598394,-28.02546346,3.01468587,-0.14598394,-28.02546346,3.01468587,-0.14642300,-28.01702097,3.00116064,-0.00228528,-0.01168700,0.00813742,-0.00025073,0.00149927,-0.00121669
17.170,1.72284057,0.18837420,3.41377979,0.03901966,-0.01352166,0.02395266,-0.02303063,0.00798091,-0.01413762,1.72512013,0.20004903,3.40564961,0.03926648,-0.01502042,0.02517002,-0.14576152,-28.02596686,3.01522062,-0.14576152,-28.02596686,3.01522062,-0.14620455,-28.01756744,3.00177325,-0.00227956,-0.01167483,0.00813018,-0.00024682,0.00149876,-0.00121736
17.180,1.72322961,0.18823939,3.41401861,0.03878953,-0.01344192,0.02381140,-0.02299465,0.00796844,-0.01411553,1.72550343,0.19990204,3.40589569,0.03903243,-0.01494014,0.02502940,-0.14553775,-28.02646604,3.01575261,-0.14553775,-28.02646604,3.01575261,-0.14598394,-28.01811381,3.00238209,-0.00227382,-0.01166265,0.00812292,-0.00024290,0.00149822,-0.00121800
17.190,1.72361636,0.18810537,3.41425602,0.03855977,-0.01336230,0.02367035,-0.02295837,0.00795587,-0.01409326,1.72588441,0.19975584,3.40614036,0.03879873,-0.01485998,0.02488900,-0.14531159,-28.02696401,3.01628135,-0.14531159,-28.02696401,3.01628135,-0.14576152,-28.01865712,3.00298673,-0.00226805,-0.01165047,0.00811566,-0.00023896,0.00149768,-0.00121865
17.200,1.72400081,0.18797214,3.41449202,0.03833037,-0.01328280,0.02352953,-0.02292181,0.00794320,-0.01407082,1.72626306,0.19961045,3.40638365,0.03856539,-0.01477993,0.02474880,-0.14508387,-28.02746055,3.01680668,-0.14508387,-28.02746055,3.01680668,-0.14553775,-28.01919615,3.00358850,-0.00226225,-0.01163831,0.00810837,-0.00023502,0.00149713,-0.00121927
17.210,1.72438297,0.18783971,3.41472661,0.03810133,-0.01320343,0.02338894,-0.02288497,0.00793044,-0.01404820,1.72663940,0.19946584,3.40662554,0.03833240,-0.01469999,0.02460882,-0.14485432,-28.02795371,3.01732826,-0.14485432,-28.02795371,3.01732826,-0.14531159,-28.01973392,3.00418691,-0.00225643,-0.01162613,0.00810107,-0.00023107,0.00149656,-0.00121988
17.220,1.72476284,0.18770807,3.41495980,0.03787267,-0.01312419,0.02324857,-0.02284784,0.00791757,-0.01402541,1.72701342,0.19932204,3.40686603,0.03809977,-0.01462018,0.02446905,-0.14462291,-28.02844522,3.01784714,-0.14462291,-28.02844522,3.01784714,-0.14508387,-28.02027018,3.00478180,-0.00225058,-0.01161397,0.00809377,-0.00022710,0.00149599,-0.00122048
17.230,1.72514042,0.18757722,3.41519158,0.03764438,-0.01304508,0.02310843,-0.02281042,0.00790460,-0.01400244,1.72738512,0.19917902,3.40710514,0.03786749,-0.01454048,0.02432950,-0.14438997,-28.02893479,3.01836156,-0.14438997,-28.02893479,3.01836156,-0.14485432,-28.02080302,3.00537284,-0.00224470,-0.01160180,0.00808644,-0.00022311,0.00149540,-0.00122107
17.240,1.72551573,0.18744717,3.41542197,0.03741646,-0.01296610,0.02296852,-0.02277272,0.00789154,-0.01397929,1.72775452,0.19903680,3.40734286,0.03763559,-0.01446090,0.02419017,-0.14415473,-28.02942015,3.01887418,-0.14415473,-28.02942015,3.01887418,-0.14462291,-28.02133413,3.00596105,-0.00223879,-0.01158963,0.00807911,-0.00021913,0.00149480,-0.00122165
17.250,1.72588875,0.18731790,3.41565095,0.03718892,-0.01288725,0.02282884,-0.02273473,0.00787837,-0.01395597,1.72812161,0.19889537,3.40757920,0.03740405,-0.01438144,0.02405106,-0.14391828,-28.02990500,3.01938164,-0.14391828,-28.02990500,3.01938164,-0.14438997,-28.02186326,3.00654471,-0.00223286,-0.01157747,0.00807175,-0.00021513,0.00149419,-0.00122222
17.260,1.72625951,0.18718942,3.41587854,0.03696177,-0.01280853,0.02268940,-0.02269645,0.00786511,-0.01393248,1.72848641,0.19875473,3.40781416,0.03717288,-0.01430210,0.02391216,-0.14367922,-28.03038708,3.01988667,-0.14367922,-28.03038708,3.01988667,-0.14415473,-28.02238810,3.00712643,-0.00222690,-0.01156531,0.00806438,-0.00021111,0.00149357,-0.00122276
17.270,1.72662799,0.18706173,3.41610474,0.03673500,-0.01272995,0.02255020,-0.02265789,0.00785174,-0.01390880,1.72884891,0.19861488,3.40804773,0.03694208,-0.01422289,0.02377349,-0.14343891,-28.03086645,3.02038895,-0.14343891,-28.03086645,3.02038895,-0.14391828,-28.02291238,3.00770290,-0.00222092,-0.01155315,0.00805701,-0.00020708,0.00149294,-0.00122329
17.280,1.72699421,0.18693482,3.41632955,0.03650861,-0.01265150,0.02241123,-0.02261903,0.00783828,-0.01388495,1.72920911,0.19847581,3.40827993,0.03671165,-0.01414380,0.02363504,-0.14319657,-28.03134447,3.02088801,-0.14319657,-28.03134447,3.02088801,-0.14367922,-28.02343382,3.00827682,-0.00221490,-0.01154099,0.00804962,-0.00020304,0.00149230,-0.00122381
17.290,1.72735816,0.18680870,3.41655297,0.03628262,-0.01257318,0.02227250,-0.02257989,0.00782471,-0.01386092,1.72956702,0.19833753,3.40851075,0.03648161,-0.01406483,0.02349682,-0.14295268,-28.03181885,3.02138357,-0.14295268,-28.03181885,3.02138357,-0.14343891,-28.02395249,3.00884788,-0.00220886,-0.01152883,0.00804222,-0.00019899,0.00149165,-0.00122432
17.300,1.72771986,0.18668336,3.41677500,0.03605701,-0.01249500,0.02213401,-0.02254046,0.00781105,-0.01383672,1.72992265,0.19820004,3.40874020,0.03625195,-0.01398599,0.02335882,-0.14270670,-28.03229164,3.02187523,-0.14270670,-28.03229164,3.02187523,-0.14319657,-28.02446974,3.00941559,-0.00220279,-0.01151668,0.00803480,-0.00019494,0.00149099,-0.00122481
17.310,1.72807930,0.18655880,3.41699565,0.03583181,-0.01241696,0.02199576,-0.02250074,0.00779728,-0.01381233,1.73027600,0.19806333,3.40896827,0.03602267,-0.01390727,0.02322106,-0.14245902,-28.03276254,3.02236412,-0.14245902,-28.03276254,3.02236412,-0.14295268,-28.02498329,3.00997969,-0.00219670,-0.01150453,0.00802738,-0.00019086,0.00149031,-0.00122530
17.320,1.72843650,0.18643502,3.41721491,0.03560700,-0.01233906,0.02185776,-0.02246073,0.00778342,-0.01378777,1.73062707,0.19792740,3.40919498,0.03579377,-0.01382868,0.02308353,-0.14220910,-28.03323127,3.02284846,-0.14220910,-28.03323127,3.02284846,-0.14270670,-28.02549518,3.01053977,-0.00219057,-0.01149238,0.00801993,-0.00018677,0.00148962,-0.00122577
17.330,1.72879145,0.18631202,3.41743280,0.03538259,-0.01226129,0.02172001,-0.02242042,0.00776945,-0.01376303,1.73097587,0.19779225,3.40942033,0.03556527,-0.01375022,0.02294623,-0.14195754,-28.03369718,3.02333089,-0.14195754,-28.03369718,3.02333089,-0.14245902,-28.02600512,3.01109695,-0.00218442,-0.01148023,0.00801247,-0.00018268,0.00148893,-0.00122622
17.340,1.72914415,0.18618979,3.41764932,0.03515859,-0.01218367,0.02158250,-0.02237983,0.00775539,-0.01373811,1.73132240,0.19765788,3.40964431,0.03533716,-0.01367189,0.02280917,-0.14170448,-28.03416269,3.02381097,-0.14170448,-28.03416269,3.02381097,-0.14220910,-28.02651282,3.01164948,-0.00217825,-0.01146809,0.00800501,-0.00017857,0.00148822,-0.00122667
17.350,1.72949462,0.18606834,3.41786445,0.03493500,-0.01210619,0.02144525,-0.02233895,0.00774122,-0.01371302,1.73166666,0.19752429,3.40986693,0.03510944,-0.01359369,0.02267234,-0.14144913,-28.03462513,3.02428550,-0.14144913,-28.03462513,3.02428550,-0.14195754,-28.02701764,3.01219997,-0.00217204,-0.01145595,0.00799752,-0.00017444,0.00148750,-0.00122709
17.360,1.72984285,0.18594767,3.41807822,0.03471181,-0.01202885,0.02130824,-0.02229777,0.00772695,-0.01368774,1.73200866,0.19739148,3.41008819,0.03488213,-0.01351562,0.02253575,-0.14119237,-28.03508417,3.02475833,-0.14119237,-28.03508417,3.02475833,-0.14170448,-28.02752198,3.01274798,-0.00216581,-0.01144381,0.00799003,-0.00017032,0.00148677,-0.00122751
17.370,1.73018886,0.18582777,3.41829062,0.03448904,-0.01195165,0.02117149,-0.02225630,0.00771258,-0.01366229,1.73234841,0.19725944,3.41030809,0.03465521,-0.01343769,0.02239940,-0.14093318,-28.03554150,3.02522783,-0.14093318,-28.03554150,3.02522783,-0.14144913,-28.02802319,3.01329032,-0.00215955,-0.01143167,0.00798253,-0.00016617,0.00148604,-0.00122791
17.380,1.73053264,0.18570864,3.41850165,0.03426669,-0.01187460,0.02103500,-0.02221455,0.00769811,-0.01363665,1.73268590,0.19712817,3.41052664,0.03442870,-0.01335989,0.02226330,-0.14067232,-28.03599720,3.02569359,-0.14067232,-28.03599720,3.02569359,-0.14119237,-28.02852093,3.01383084,-0.00215326,-0.01141953,0.00797501,-0.00016201,0.00148529,-0.00122830
17.390,1.73087419,0.18559028,3.41871132,0.03404475,-0.01179769,0.02089876,-0.02217249,0.00768354,-0.01361084,1.73302114,0.19699768,3.41074384,0.03420259,-0.01328222,0.02212744,-0.14041013,-28.03645059,3.02615660,-0.14041013,-28.03645059,3.02615660,-0.14093318,-28.02901690,3.01436790,-0.00214695,-0.01140740,0.00796748,-0.00015784,0.00148453,-0.00122868
17.400,1.73121353,0.18547268,3.41891963,0.03382324,-0.01172092,0.02076278,-0.02213015,0.00766886,-0.01358484,1.73335414,0.19686796,3.41095969,0.03397690,-0.01320469,0.02199182,-0.14014562,-28.03690337,3.02661659,-0.14014562,-28.03690337,3.02661659,-0.14067232,-28.02951115,3.01490110,-0.00214061,-0.01139528,0.00795994,-0.00015366,0.00148377,-0.00122904
17.410,1.73155066,0.18535586,3.41912658,0.03360215,-0.01164431,0.02062706,-0.02208751,0.00765409,-0.01355867,1.73368490,0.19673901,3.41117419,0.03375162,-0.01312729,0.02185645,-0.13987916,-28.03735192,3.02707314,-0.13987916,-28.03735192,3.02707314,-0.14041013,-28.03000304,3.01543143,-0.00213424,-0.01138315,0.00795239,-0.00014947,0.00148298,-0.00122939
17.420,1.73188558,0.18523980,3.41933217,0.03338149,-0.01156784,0.02049161,-0.02204458,0.00763921,-0.01353231,1.73401342,0.19661083,3.41138735,0.03352675,-0.01305003,0.02172134,-0.13961087,-28.03779920,3.02752593,-0.13961087,-28.03779920,3.02752593,-0.14014562,-28.03049424,3.01595860,-0.00212784,-0.01137103,0.00794482,-0.00014526,0.00148219,-0.00122973
17.430,1.73221829,0.18512450,3.41953641,0.03316126,-0.01149153,0.02035642,-0.02200135,0.00762423,-0.01350578,1.73433971,0.19648341,3.41159917,0.03330231,-0.01297291,0.02158647,-0.13934100,-28.03824560,3.02797594,-0.13934100,-28.03824560,3.02797594,-0.13987916,-28.03098115,3.01648220,-0.00212142,-0.01135891,0.00793724,-0.00014105,0.00148138,-0.00123005
17.440,1.73254880,0.18500996,3.41973930,0.03294147,-0.01141536,0.02022149,-0.02195783,0.00760915,-0.01347906,1.73466377,0.19635676,3.41180965,0.03307828,-0.01289594,0.02145186,-0.13906918,-28.03869012,3.02842280,-0.13906918,-28.03869012,3.02842280,-0.13961087,-28.03146670,3.01700191,-0.00211497,-0.01134680,0.00792965,-0.00013681,0.00148058,-0.00123037
17.450,1.73287712,0.18489619,3.41994084,0.03272211,-0.01133934,0.02008684,-0.02191401,0.00759396,-0.01345217,1.73498561,0.19623087,3.41201879,0.03285468,-0.01281910,0.02131751,-0.13879529,-28.03913075,3.02886629,-0.13879529,-28.03913075,3.02886629,-0.13934100,-28.03195131,3.01751872,-0.00210849,-0.01133468,0.00792205,-0.00013257,0.00147976,-0.00123067
17.460,1.73320325,0.18478318,3.42014104,0.03250319,-0.01126348,0.01995245,-0.02186990,0.00757868,-0.01342509,1.73530523,0.19610575,3.41222661,0.03263151,-0.01274240,0.02118341,-0.13851944,-28.03956950,3.02930728,-0.13851944,-28.03956950,3.02930728,-0.13906918,-28.03243396,3.01803224,-0.00210198,-0.01132257,0.00791443,-0.00012832,0.00147892,-0.00123096
17.470,1.73352719,0.18467092,3.42033989,0.03228471,-0.01118777,0.01981834,-0.02182549,0.00756329,-0.01339783,1.73562264,0.19598139,3.41243309,0.03240877,-0.01266585,0.02104957,-0.13824190,-28.04000773,3.02974408,-0.13824190,-28.04000773,3.02974408,-0.13879529,-28.03291265,3.01854226,-0.00209545,-0.01131047,0.00790680,-0.00012406,0.00147808,-0.00123123
17.480,1.73384894,0.18455942,3.42053741,0.03206668,-0.01111221,0.01968449,-0.02178079,0.00754780,-0.01337038,1.73593783,0.19585779,3.41263824,0.03218646,-0.01258944,0.02091599,-0.13796280,-28.04044309,3.03017905,-0.13796280,-28.04044309,3.03017905,-0.13851944,-28.03338939,3.01904965,-0.00208889,-0.01129837,0.00789917,-0.00011978,0.00147723,-0.00123150
17.490,1.73416852,0.18444868,3.42073358,0.03184909,-0.01103681,0.01955093,-0.02173579,0.00753220,-0.01334276,1.73625082,0.19573494,3.41284207,0.03196459,-0.01251318,0.02078268,-0.13768151,-28.04087561,3.03060908,-0.13768151,-28.04087561,3.03060908,-0.13824190,-28.03386553,3.01955272,-0.00208230,-0.01128626,0.00789151,-0.00011550,0.00147637,-0.00123175
17.500,1.73448593,0.18433868,3.42092842,0.03163196,-0.01096157,0.01941764,-0.02169049,0.00751651,-0.01331495,1.73656161,0.19561286,3.41304457,0.03174315,-0.01243707,0.02064963,-0.13739807,-28.04130895,3.03103652,-0.13739807,-28.04130895,3.03103652,-0.13796280,-28.03433874,3.02005381,-0.00207568,-0.01127418,0.00788385,-0.00011119,0.00147550,-0.00123199
17.510,1.73480116,0.18422944,3.42112194,0.03141529,-0.01088648,0.01928463,-0.02164489,0.00750071,-0.01328696,1.73687020,0.19549152,3.41324576,0.03152216,-0.01236110,0.02051684,-0.13711321,-28.04173844,3.03146261,-0.13711321,-28.04173844,3.03146261,-0.13768151,-28.03480902,3.02054984,-0.00206904,-0.01126208,0.00787618,-0.00010687,0.00147462,-0.00123221
17.520,1.73511423,0.18412095,3.42131412,0.03119907,-0.01081156,0.01915190,-0.02159900,0.00748480,-0.01325879,1.73717660,0.19537095,3.41344562,0.03130162,-0.01228528,0.02038432,-0.13682634,-28.04216642,3.03188390,-0.13682634,-28.04216642,3.03188390,-0.13739807,-28.03528004,3.02104315,-0.00206237,-0.01125000,0.00786850,-0.00010255,0.00147372,-0.00123242
17.530,1.73542514,0.18401321,3.42150497,0.03098331,-0.01073679,0.01901946,-0.02155281,0.00746879,-0.01323044,1.73748081,0.19525112,3.41364418,0.03108152,-0.01220961,0.02025207,-0.13653758,-28.04259184,3.03230152,-0.13653758,-28.04259184,3.03230152,-0.13711321,-28.03574714,3.02153495,-0.00205567,-0.01123791,0.00786079,-0.00009821,0.00147282,-0.00123261
17.540,1.73573390,0.18390622,3.42169451,0.03076801,-0.01066218,0.01888729,-0.02150632,0.00745268,-0.01320190,1.73778284,0.19513204,3.41384142,0.03086188,-0.01213409,0.02012009,-0.13624671,-28.04301471,3.03271785,-0.13624671,-28.04301471,3.03271785,-0.13682634,-28.03621266,3.02202183,-0.00204894,-0.01122582,0.00785309,-0.00009387,0.00147191,-0.00123280
17.550,1.73604051,0.18379997,3.42188272,0.03055318,-0.01058774,0.01875542,-0.02145953,0.00743647,-0.01317318,1.73808269,0.19501372,3.41403735,0.03064269,-0.01205872,0.01998838,-0.13595387,-28.04343706,3.03312980,-0.13595387,-28.04343706,3.03312980,-0.13653758,-28.03667554,3.02250489,-0.00204218,-0.01121375,0.00784537,-0.00008951,0.00147098,-0.00123296
17.560,1.73634497,0.18369446,3.42206962,0.03033882,-0.01051345,0.01862383,-0.02141244,0.00742015,-0.01314427,1.73838037,0.19489614,3.41423198,0.03042395,-0.01198350,0.01985695,-0.13565932,-28.04385784,3.03353969,-0.13565932,-28.04385784,3.03353969,-0.13624671,-28.03713579,3.02298653,-0.00203540,-0.01120168,0.00783764,-0.00008513,0.00147005,-0.00123312
17.570,1.73664728,0.18358970,3.42225520,0.03012493,-0.01043933,0.01849253,-0.02136505,0.00740373,-0.01311518,1.73867588,0.19477931,3.41442530,0.03020568,-0.01190844,0.01972579,-0.13536334,-28.04427540,3.03394570,-0.13536334,-28.04427540,3.03394570,-0.13595387,-28.03759543,3.02346364,-0.00202860,-0.01118961,0.00782990,-0.00008075,0.00146911,-0.00123326
17.580,1.73694747,0.18348568,3.42243947,0.02991152,-0.01036538,0.01836153,-0.02131736,0.00738720,-0.01308591,1.73896922,0.19466322,3.41461732,0.02998787,-0.01183353,0.01959491,-0.13506458,-28.04469138,3.03434895,-0.13506458,-28.04469138,3.03434895,-0.13565932,-28.03805344,3.02393856,-0.00202175,-0.01117754,0.00782215,-0.00007635,0.00146815,-0.00123338
17.590,1.73724552,0.18338239,3.42262243,0.02969859,-0.01029159,0.01823082,-0.02126937,0.00737057,-0.01305645,1.73926041,0.19454787,3.41480805,0.02977053,-0.01175878,0.01946431,-0.13476430,-28.04510708,3.03474892,-0.13476430,-28.04510708,3.03474892,-0.13536334,-28.03850814,3.02440945,-0.00201489,-0.01116548,0.00781438,-0.00007194,0.00146719,-0.00123349
17.600,1.73754144,0.18327984,3.42280409,0.02948613,-0.01021797,0.01810040,-0.02122108,0.00735384,-0.01302680,1.73954944,0.19443327,3.41499748,0.02955365,-0.01168418,0.01933399,-0.13446241,-28.04552051,3.03514665,-0.13446241,-28.04552051,3.03514665,-0.13506458,-28.03896118,3.02487744,-0.00200800,-0.01115343,0.00780661,-0.00006752,0.00146621,-0.00123359
17.610,1.73783524,0.18317803,3.42298444,0.02927417,-0.01014451,0.01797028,-0.02117249,0.00733700,-0.01299697,1.73983632,0.19431941,3.41518562,0.02933725,-0.01160974,0.01920395,-0.13415832,-28.04593094,3.03554029,-0.13415832,-28.04593094,3.03554029,-0.13476430,-28.03941387,3.02534200,-0.00200108,-0.01114138,0.00779882,-0.00006308,0.00146523,-0.00123367
17.620,1.73812692,0.18307695,3.42316349,0.02906269,-0.01007123,0.01784046,-0.02112360,0.00732006,-0.01296696,1.74012106,0.19420628,3.41537247,0.02912132,-0.01153546,0.01907420,-0.13385254,-28.04634068,3.03593086,-0.13385254,-28.04634068,3.03593086,-0.13446241,-28.03986420,3.02580417,-0.00199414,-0.01112933,0.00779102,-0.00005863,0.00146423,-0.00123374
17.630,1.73841650,0.18297661,3.42334125,0.02885170,-0.00999811,0.01771094,-0.02107440,0.00730301,-0.01293676,1.74040365,0.19409389,3.41555803,0.02890587,-0.01146134,0.01894474,-0.13354423,-28.04674671,3.03631942,-0.13354423,-28.04674671,3.03631942,-0.13415832,-28.04031144,3.02626212,-0.00198715,-0.01111728,0.00778322,-0.00005417,0.00146323,-0.00123380
17.640,1.73870396,0.18287699,3.42351771,0.02864120,-0.00992517,0.01758173,-0.02102490,0.00728586,-0.01290637,1.74068411,0.19398223,3.41574231,0.02869090,-0.01138738,0.01881557,-0.13323468,-28.04715335,3.03670413,-0.13323468,-28.04715335,3.03670413,-0.13385254,-28.04075793,3.02671684,-0.00198015,-0.01110524,0.00777540,-0.00004970,0.00146221,-0.00123384
17.650,1.73898932,0.18277810,3.42369289,0.02843120,-0.00985240,0.01745281,-0.02097510,0.00726860,-0.01287580,1.74096244,0.19387131,3.41592531,0.02847642,-0.01131359,0.01868668,-0.13292304,-28.04755791,3.03708731,-0.13292304,-28.04755791,3.03708731,-0.13354423,-28.04120061,3.02716940,-0.00197312,-0.01109321,0.00776758,-0.00004522,0.00146119,-0.00123387
17.660,1.73927259,0.18267994,3.42386677,0.02822170,-0.00977980,0.01732421,-0.02092499,0.00725124,-0.01284505,1.74123864,0.19376112,3.41610703,0.02826243,-0.01123995,0.01855809,-0.13260909,-28.04796000,3.03746581,-0.13260909,-28.04796000,3.03746581,-0.13323468,-28.04164383,3.02761798,-0.00196605,-0.01108118,0.00775974,-0.00004073,0.00146015,-0.00123388
17.670,1.73955376,0.18258251,3.42403937,0.02801270,-0.00970737,0.01719591,-0.02087458,0.00723377,-0.01281410,1.74151273,0.19365166,3.41628748,0.02804892,-0.01116649,0.01842979,-0.13229363,-28.04835922,3.03784189,-0.13229363,-28.04835922,3.03784189,-0.13292304,-28.04208487,3.02806486,-0.00195897,-0.01106915,0.00775189,-0.00003622,0.00145912,-0.00123388
17.680,1.73983284,0.18248579,3.42421069,0.02780421,-0.00963512,0.01706793,-0.02082387,0.00721619,-0.01278297,1.74178470,0.19354293,3.41646666,0.02783591,-0.01109318,0.01830179,-0.13197632,-28.04875957,3.03821532,-0.13197632,-28.04875957,3.03821532,-0.13260909,-28.04252337,3.02850691,-0.00195186,-0.01105714,0.00774403,-0.00003170,0.00145806,-0.00123386
17.690,1.74010984,0.18238980,3.42438073,0.02759622,-0.00956305,0.01694026,-0.02077285,0.00719851,-0.01275165,1.74205456,0.19343492,3.41664457,0.02762339,-0.01102005,0.01817409,-0.13165706,-28.04915669,3.03858554,-0.13165706,-28.04915669,3.03858554,-0.13229363,-28.04295891,3.02894640,-0.00194472,-0.01104512,0.00773616,-0.00002717,0.00145700,-0.00123383
17.700,1.74038477,0.18229453,3.42454950,0.02738875,-0.00949115,0.01681290,-0.02072153,0.00718073,-0.01272015,1.74232231,0.19332764,3.41682121,0.02741137,-0.01094708,0.01804669,-0.13133541,-28.04955183,3.03895353,-0.13133541,-28.04955183,3.03895353,-0.13197632,-28.04339549,3.02938308,-0.00193754,-0.01103311,0.00772829,-0.00002262,0.00145593,-0.00123379
17.710,1.74065762,0.18219998,3.42471699,0.02718179,-0.00941943,0.01668585,-0.02066990,0.00716284,-0.01268846,1.74258796,0.19322108,3.41699660,0.02719986,-0.01087428,0.01791959,-0.13101226,-28.04994494,3.03931734,-0.13101226,-28.04994494,3.03931734,-0.13165706,-28.04382876,3.02981639,-0.00193034,-0.01102110,0.00772039,-0.00001807,0.00145485,-0.00123374
17.720,1.74092840,0.18210614,3.42488321,0.02697535,-0.00934789,0.01655913,-0.02061797,0.00714484,-0.01265657,1.74285152,0.19311524,3.41717072,0.02698885,-0.01080165,0.01779279,-0.13068731,-28.05033766,3.03967813,-0.13068731,-28.05033766,3.03967813,-0.13133541,-28.04425995,3.03024733,-0.00192312,-0.01100910,0.00771249,-0.00001350,0.00145376,-0.00123366
17.730,1.74119713,0.18201302,3.42504817,0.02676943,-0.00927654,0.01643272,-0.02056573,0.00712674,-0.01262451,1.74311299,0.19301013,3.41734359,0.02677835,-0.01072919,0.01766631,-0.13035984,-28.05072795,3.04003676,-0.13035984,-28.05072795,3.04003676,-0.13101226,-28.04468904,3.03067391,-0.00191586,-0.01099711,0.00770458,-0.00000892,0.00145265,-0.00123359
17.740,1.74146379,0.18192061,3.42521187,0.02656404,-0.00920536,0.01630664,-0.02051318,0.00710853,-0.01259225,1.74337237,0.19290573,3.41751521,0.02656836,-0.01065690,0.01754013,-0.13003103,-28.05111675,3.04039296,-0.13003103,-28.05111675,3.04039296,-0.13068731,-28.04511764,3.03109734,-0.00190858,-0.01098512,0.00769666,-0.00000432,0.00145154,-0.00123349
17.750,1.74172841,0.18182891,3.42537431,0.02635917,-0.00913437,0.01618088,-0.02046033,0.00709021,-0.01255981,1.74362968,0.19280204,3.41768557,0.02635889,-0.01058478,0.01741425,-0.12969979,-28.05150435,3.04074614,-0.12969979,-28.05150435,3.04074614,-0.13035984,-28.04554373,3.03151844,-0.00190127,-0.01097313,0.00768874,0.00000028,0.00145041,-0.00123337
17.760,1.74199098,0.18173792,3.42553549,0.02615483,-0.00906356,0.01605544,-0.02040717,0.00707179,-0.01252717,1.74388491,0.19269907,3.41785469,0.02614993,-0.01051284,0.01728869,-0.12936680,-28.05189000,3.04109576,-0.12936680,-28.05189000,3.04109576,-0.13003103,-28.04596824,3.03193696,-0.00189393,-0.01096115,0.00768080,0.00000490,0.00144928,-0.00123325
17.770,1.74225151,0.18164764,3.42569542,0.02595103,-0.00899293,0.01593034,-0.02035370,0.00705326,-0.01249435,1.74413807,0.19259681,3.41802257,0.02594149,-0.01044108,0.01716345,-0.12903174,-28.05227330,3.04144301,-0.12903174,-28.05227330,3.04144301,-0.12969979,-28.04639146,3.03235228,-0.00188656,-0.01094917,0.00767285,0.00000954,0.00144815,-0.00123311
17.780,1.74251000,0.18155806,3.42585410,0.02574776,-0.00892249,0.01580556,-0.02029992,0.00703463,-0.01246134,1.74438917,0.19249527,3.41818921,0.02573358,-0.01036949,0.01703852,-0.12869504,-28.05265620,3.04178719,-0.12869504,-28.05265620,3.04178719,-0.12936680,-28.04681264,3.03276390,-0.00187917,-0.01093721,0.00766489,0.00001418,0.00144700,-0.00123296
17.790,1.74276647,0.18146919,3.42601153,0.02554503,-0.00885224,0.01568111,-0.02024583,0.00701588,-0.01242814,1.74463821,0.19239443,3.41835461,0.02552620,-0.01029808,0.01691390,-0.12835588,-28.05303633,3.04212791,-0.12835588,-28.05303633,3.04212791,-0.12903174,-28.04723138,3.03317297,-0.00187174,-0.01092524,0.00765692,0.00001883,0.00144584,-0.00123279
17.800,1.74302090,0.18138102,3.42616772,0.02534285,-0.00878217,0.01555699,-0.02019144,0.00699703,-0.01239475,1.74488520,0.19229430,3.41851877,0.02531934,-0.01022685,0.01678961,-0.12801544,-28.05341490,3.04246614,-0.12801544,-28.05341490,3.04246614,-0.12869504,-28.04764963,3.03357882,-0.00186430,-0.01091328,0.00764895,0.00002351,0.00144468,-0.00123262
17.810,1.74327332,0.18129355,3.42632267,0.02514120,-0.00871230,0.01543321,-0.02013674,0.00697808,-0.01236116,1.74513014,0.19219487,3.41868171,0.02511302,-0.01015580,0.01666564,-0.12767277,-28.05379225,3.04280152,-0.12767277,-28.05379225,3.04280152,-0.12835588,-28.04806501,3.03398105,-0.00185682,-0.01090132,0.00764096,0.00002818,0.00144350,-0.00123243
17.820,1.74352373,0.18120677,3.42647638,0.02494011,-0.00864261,0.01530977,-0.02008172,0.00695901,-0.01232739,1.74537304,0.19209615,3.41884342,0.02490723,-0.01008492,0.01654199,-0.12732782,-28.05416929,3.04313352,-0.12732782,-28.05416929,3.04313352,-0.12801544,-28.04847875,3.03438062,-0.00184931,-0.01088938,0.00763296,0.00003288,0.00144231,-0.00123222
17.830,1.74377213,0.18112069,3.42662887,0.02473957,-0.00857312,0.01518667,-0.02002640,0.00693984,-0.01229343,1.74561390,0.19199813,3.41900391,0.02470199,-0.01001423,0.01641866,-0.12698102,-28.05454430,3.04346465,-0.12698102,-28.05454430,3.04346465,-0.12767277,-28.04889117,3.03477717,-0.00184177,-0.01087744,0.00762496,0.00003758,0.00144111,-0.00123199
17.840,1.74401852,0.18103531,3.42678012,0.02453959,-0.00850382,0.01506390,-0.01997076,0.00692056,-0.01225928,1.74585273,0.19190080,3.41916318,0.02449728,-0.00994372,0.01629566,-0.12663255,-28.05491652,3.04379132,-0.12663255,-28.05491652,3.04379132,-0.12732782,-28.04930319,3.03517020,-0.00183421,-0.01086549,0.00761694,0.00004231,0.00143990,-0.00123176
17.850,1.74426292,0.18095062,3.42693015,0.02434016,-0.00843471,0.01494148,-0.01991482,0.00690117,-0.01222494,1.74608954,0.19180418,3.41932123,0.02429312,-0.00987340,0.01617299,-0.12628186,-28.05528751,3.04411613,-0.12628186,-28.05528751,3.04411613,-0.12698102,-28.04971309,3.03556217,-0.00182662,-0.01085356,0.00760892,0.00004704,0.00143869,-0.00123151
17.860,1.74450533,0.18086661,3.42707895,0.02414129,-0.00836579,0.01481941,-0.01985856,0.00688168,-0.01219040,1.74632432,0.19170825,3.41947806,0.02408951,-0.00980326,0.01605064,-0.12592914,-28.05565889,3.04443709,-0.12592914,-28.05565889,3.04443709,-0.12663255,-28.05012010,3.03594951,-0.00181899,-0.01084164,0.00760089,0.00005178,0.00143747,-0.00123123
17.870,1.74474575,0.18078330,3.42722653,0.02394299,-0.00829707,0.01469768,-0.01980199,0.00686208,-0.01215568,1.74655710,0.19161302,3.41963369,0.02388645,-0.00973330,0.01592863,-0.12557458,-28.05602657,3.04475504,-0.12557458,-28.05602657,3.04475504,-0.12628186,-28.05052579,3.03633483,-0.00181135,-0.01082972,0.00759284,0.00005654,0.00143623,-0.00123095
17.880,1.74498419,0.18070067,3.42737290,0.02374525,-0.00822855,0.01457629,-0.01974511,0.00684237,-0.01212076,1.74678786,0.19151847,3.41978811,0.02368395,-0.00966354,0.01580695,-0.12521813,-28.05639414,3.04507100,-0.12521813,-28.05639414,3.04507100,-0.12592914,-28.05093177,3.03671613,-0.00180367,-0.01081780,0.00758479,0.00006130,0.00143499,-0.00123066
17.890,1.74522066,0.18061873,3.42751806,0.02354809,-0.00816023,0.01445526,-0.01968792,0.00682255,-0.01208565,1.74701662,0.19142462,3.41994132,0.02348200,-0.00959396,0.01568561,-0.12485935,-28.05675919,3.04538465,-0.12485935,-28.05675919,3.04538465,-0.12557458,-28.05133396,3.03709426,-0.00179596,-0.01080589,0.00757674,0.00006609,0.00143373,-0.00123035
17.900,1.74545515,0.18053747,3.42766201,0.02335149,-0.00809210,0.01433458,-0.01963041,0.00680262,-0.01205035,1.74724339,0.19133146,3.42009334,0.02328062,-0.00952457,0.01556460,-0.12449932,-28.05712295,3.04569535,-0.12449932,-28.05712295,3.04569535,-0.12521813,-28.05173594,3.03747021,-0.00178824,-0.01079399,0.00756867,0.00007087,0.00143247,-0.00123002
17.910,1.74568769,0.18045689,3.42780475,0.02315548,-0.00802418,0.01421425,-0.01957259,0.00678258,-0.01201486,1.74746816,0.19123898,3.42024416,0.02307980,-0.00945537,0.01544393,-0.12413650,-28.05748568,3.04600254,-0.12413650,-28.05748568,3.04600254,-0.12485935,-28.05213530,3.03784369,-0.00178047,-0.01078209,0.00756059,0.00007568,0.00143119,-0.00122968
17.920,1.74591827,0.18037698,3.42794630,0.02296004,-0.00795645,0.01409428,-0.01951446,0.00676244,-0.01197917,1.74769095,0.19114719,3.42039378,0.02287954,-0.00938636,0.01532360,-0.12377194,-28.05784828,3.04630879,-0.12377194,-28.05784828,3.04630879,-0.12449932,-28.05253328,3.03821404,-0.00177268,-0.01077021,0.00755252,0.00008050,0.00142991,-0.00122932
17.930,1.74614689,0.18029776,3.42808664,0.02276519,-0.00788893,0.01397467,-0.01945601,0.00674218,-0.01194329,1.74791176,0.19105608,3.42054222,0.02267986,-0.00931755,0.01520361,-0.12340574,-28.05820700,3.04661055,-0.12340574,-28.05820700,3.04661055,-0.12413650,-28.05293013,3.03858072,-0.00176487,-0.01075832,0.00754442,0.00008533,0.00142862,-0.00122894
17.940,1.74637357,0.18021920,3.42822579,0.02257092,-0.00782161,0.01385542,-0.01939725,0.00672182,-0.01190722,1.74813059,0.19096564,3.42068947,0.02248075,-0.00924893,0.01508397,-0.12303734,-28.05856703,3.04691023,-0.12303734,-28.05856703,3.04691023,-0.12377194,-28.05332674,3.03894626,-0.00175702,-0.01074644,0.00753632,0.00009017,0.00142732,-0.00122855
17.950,1.74659831,0.18014132,3.42836375,0.02237725,-0.00775449,0.01373653,-0.01933817,0.00670135,-0.01187096,1.74834746,0.19087589,3.42083554,0.02228222,-0.00918050,0.01496468,-0.12266683,-28.05892396,3.04720730,-0.12266683,-28.05892396,3.04720730,-0.12340574,-28.05371939,3.03930715,-0.00174915,-0.01073457,0.00752821,0.00009503,0.00142601,-0.00122815
17.960,1.74682112,0.18006411,3.42850052,0.02218416,-0.00768758,0.01361800,-0.01927878,0.00668077,-0.01183450,1.74856236,0.19078682,3.42098043,0.02208426,-0.00911227,0.01484574,-0.12229429,-28.05927969,3.04750121,-0.12229429,-28.05927969,3.04750121,-0.12303734,-28.05411323,3.03966577,-0.00174124,-0.01072271,0.00752009,0.00009990,0.00142469,-0.00122774
17.970,1.74704200,0.17998757,3.42863611,0.02199167,-0.00762088,0.01349984,-0.01921907,0.00666007,-0.01179785,1.74877531,0.19069842,3.42112414,0.02188689,-0.00904424,0.01472715,-0.12191980,-28.05963377,3.04779299,-0.12191980,-28.05963377,3.04779299,-0.12266683,-28.05450389,3.04002161,-0.00173331,-0.01071085,0.00751197,0.00010478,0.00142336,-0.00122731
17.980,1.74726095,0.17991169,3.42877052,0.02179978,-0.00755438,0.01338204,-0.01915905,0.00663927,-0.01176100,1.74898631,0.19061069,3.42126668,0.02169011,-0.00897641,0.01460891,-0.12154370,-28.05998743,3.04808200,-0.12154370,-28.05998743,3.04808200,-0.12229429,-28.05489323,3.04037411,-0.00172536,-0.01069900,0.00750384,0.00010967,0.00142203,-0.00122687
17.990,1.74747799,0.17983648,3.42890375,0.02160849,-0.00748809,0.01326462,-0.01909871,0.00661836,-0.01172396,1.74919536,0.19052363,3.42140806,0.02149391,-0.00890878,0.01449103,-0.12116532,-28.06033857,3.04836788,-0.12116532,-28.06033857,3.04836788,-0.12191980,-28.05528083,3.04072429,-0.00171737,-0.01068715,0.00749569,0.00011458,0.00142069,-0.00122641
18.000,1.74769313,0.17976193,3.42903582,0.02141781,-0.00742201,0.01314757,-0.01903805,0.00659734,-0.01168672,1.74940247,0.19043724,3.42154827,0.02129831,-0.00884134,0.01437351,-0.12078439,-28.06068874,3.04865294,-0.12078439,-28.06068874,3.04865294,-0.12154370,-28.05566790,3.04107153,-0.00170934,-0.01067531,0.00748755,0.00011950,0.00141933,-0.00122594
18.010,1.74790635,0.17968804,3.42916671,0.02122773,-0.00735614,0.01303088,-0.01897708,0.00657621,-0.01164929,1.74960766,0.19035151,3.42168732,0.02110330,-0.00877411,0.01425634,-0.12040235,-28.06103750,3.04893355,-0.12040235,-28.06103750,3.04893355,-0.12116532,-28.05605236,3.04141545,-0.00170131,-0.01066347,0.00747939,0.00012443,0.00141797,-0.00122546
18.020,1.74811768,0.17961481,3.42929643,0.02103827,-0.00729049,0.01291458,-0.01891578,0.00655497,-0.01161167,1.74981091,0.19026645,3.42182521,0.02090889,-0.00870709,0.01413954,-0.12001782,-28.06138474,3.04921086,-0.12001782,-28.06138474,3.04921086,-0.12078439,-28.05643573,3.04175837,-0.00169323,-0.01065164,0.00747122,0.00012938,0.00141660,-0.00122496
18.030,1.74832712,0.17954223,3.42942500,0.02084942,-0.00722505,0.01279865,-0.01885417,0.00653362,-0.01157385,1.75001225,0.19018205,3.42196194,0.02071508,-0.00864026,0.01402311,-0.11963125,-28.06173166,3.04948713,-0.11963125,-28.06173166,3.04948713,-0.12040235,-28.05681760,3.04209665,-0.00168513,-0.01063982,0.00746306,0.00013434,0.00141521,-0.00122446
18.040,1.74853467,0.17947031,3.42955241,0.02066119,-0.00715982,0.01268310,-0.01879224,0.00651216,-0.01153583,1.75021167,0.19009832,3.42209753,0.02052188,-0.00857364,0.01390703,-0.11924287,-28.06207584,3.04976045,-0.11924287,-28.06207584,3.04976045,-0.12001782,-28.05719784,3.04243146,-0.00167700,-0.01062801,0.00745488,0.00013931,0.00141382,-0.00122393
18.050,1.74874035,0.17939903,3.42967866,0.02047357,-0.00709480,0.01256794,-0.01873000,0.00649059,-0.01149762,1.75040919,0.19001524,3.42223197,0.02032928,-0.00850723,0.01379132,-0.11885214,-28.06242081,3.05003029,-0.11885214,-28.06242081,3.05003029,-0.11963125,-28.05757766,3.04276504,-0.00166884,-0.01061621,0.00744669,0.00014429,0.00141243,-0.00122338
18.060,1.74894415,0.17932841,3.42980377,0.02028659,-0.00703001,0.01245315,-0.01866743,0.00646891,-0.01145921,1.75060480,0.18993281,3.42236527,0.02013730,-0.00844103,0.01367598,-0.11845955,-28.06276280,3.05029887,-0.11845955,-28.06276280,3.05029887,-0.11924287,-28.05795464,3.04309546,-0.00166065,-0.01060440,0.00743850,0.00014929,0.00141102,-0.00122283
18.070,1.74914608,0.17925843,3.42992773,0.02010023,-0.00696542,0.01233875,-0.01860454,0.00644712,-0.01142061,1.75079852,0.18985104,3.42249744,0.01994593,-0.00837503,0.01356101,-0.11806519,-28.06310431,3.05056434,-0.11806519,-28.06310431,3.05056434,-0.11885214,-28.05833229,3.04342224,-0.00165244,-0.01059261,0.00743029,0.00015430,0.00140961,-0.00122226
18.080,1.74934615,0.17918910,3.43005054,0.01991450,-0.00690106,0.01222474,-0.01854134,0.00642522,-0.01138181,1.75099035,0.18976992,3.42262846,0.01975518,-0.00830924,0.01344642,-0.11766880,-28.06344391,3.05082608,-0.11766880,-28.06344391,3.05082608,-0.11845955,-28.05870686,3.04374756,-0.00164420,-0.01058082,0.00742208,0.00015932,0.00140818,-0.00122168
18.090,1.74954437,0.17912041,3.43017222,0.01972940,-0.00683692,0.01211112,-0.01847781,0.00640320,-0.01134281,1.75118029,0.18968945,3.42275836,0.01956505,-0.00824366,0.01333219,-0.11727021,-28.06378280,3.05108650,-0.11727021,-28.06378280,3.05108650,-0.11806519,-28.05908084,3.04406958,-0.00163592,-0.01056904,0.00741386,0.00016435,0.00140674,-0.00122107
18.100,1.74974074,0.17905236,3.43029277,0.01954494,-0.00677300,0.01199788,-0.01841396,0.00638108,-0.01130362,1.75136837,0.18960963,3.42288712,0.01937554,-0.00817830,0.01321834,-0.11686967,-28.06412051,3.05134496,-0.11686967,-28.06412051,3.05134496,-0.11766880,-28.05945281,3.04438769,-0.00162763,-0.01055727,0.00740565,0.00016940,0.00140530,-0.00122046
18.110,1.74993527,0.17898495,3.43041218,0.01936112,-0.00670930,0.01188505,-0.01834979,0.00635884,-0.01126423,1.75155457,0.18953046,3.42301477,0.01918667,-0.00811315,0.01310487,-0.11646703,-28.06445659,3.05159966,-0.11646703,-28.06445659,3.05159966,-0.11727021,-28.05982395,3.04470428,-0.00161930,-0.01054551,0.00739741,0.00017445,0.00140385,-0.00121982
18.120,1.75012797,0.17891817,3.43053047,0.01917795,-0.00664582,0.01177260,-0.01828530,0.00633649,-0.01122464,1.75173890,0.18945192,3.42314129,0.01899842,-0.00804821,0.01299177,-0.11606202,-28.06479254,3.05185264,-0.11606202,-28.06479254,3.05185264,-0.11686967,-28.06019382,3.04501872,-0.00161093,-0.01053375,0.00738918,0.00017953,0.00140239,-0.00121917
18.130,1.75031883,0.17885203,3.43064764,0.01899542,-0.00658257,0.01166055,-0.01822049,0.00631403,-0.01118485,1.75192138,0.18937403,3.42326670,0.01881080,-0.00798348,0.01287906,-0.11565563,-28.06512624,3.05210356,-0.11565563,-28.06512624,3.05210356,-0.11646703,-28.06056193,3.04532919,-0.00160255,-0.01052200,0.00738094,0.00018462,0.00140091,-0.00121851
18.140,1.75050788,0.17878652,3.43076368,0.01881354,-0.00651954,0.01154890,-0.01815535,0.00629146,-0.01114487,1.75210201,0.18929677,3.42339100,0.01862382,-0.00791898,0.01276673,-0.11524660,-28.06545886,3.05235027,-0.11524660,-28.06545886,3.05235027,-0.11606202,-28.06092981,3.04563777,-0.00159413,-0.01051025,0.00737268,0.00018972,0.00139944,-0.00121783
18.150,1.75069511,0.17872164,3.43087862,0.01863231,-0.00645674,0.01143766,-0.01808989,0.00626877,-0.01110469,1.75228080,0.18922016,3.42351419,0.01843749,-0.00785469,0.01265479,-0.11483578,-28.06579026,3.05259675,-0.11483578,-28.06579026,3.05259675,-0.11565563,-28.06129533,3.04594408,-0.00158569,-0.01049852,0.00736443,0.00019482,0.00139795,-0.00121713
18.160,1.75088053,0.17865739,3.43099244,0.01845174,-0.00639417,0.01132681,-0.01802411,0.00624598,-0.01106431,1.75245774,0.18914417,3.42363628,0.01825179,-0.00779061,0.01254323,-0.11442293,-28.06611997,3.05283924,-0.11442293,-28.06611997,3.05283924,-0.11524660,-28.06165966,3.04624599,-0.00157721,-0.01048678,0.00735616,0.00019995,0.00139644,-0.00121642
18.170,1.75106414,0.17859376,3.43110515,0.01827183,-0.00633182,0.01121637,-0.01795800,0.00622307,-0.01102373,1.75263286,0.18906882,3.42375726,0.01806675,-0.00772676,0.01243207,-0.11400840,-28.06644916,3.05307876,-0.11400840,-28.06644916,3.05307876,-0.11483578,-28.06202265,3.04654746,-0.00156872,-0.01047506,0.00734789,0.00020508,0.00139494,-0.00121570
18.180,1.75124597,0.17853075,3.43121677,0.01809258,-0.00626971,0.01110634,-0.01789158,0.00620005,-0.01098295,1.75280615,0.18899410,3.42387715,0.01788235,-0.00766313,0.01232130,-0.11359107,-28.06677805,3.05331773,-0.11359107,-28.06677805,3.05331773,-0.11442293,-28.06238385,3.04684475,-0.00156018,-0.01046335,0.00733962,0.00021023,0.00139342,-0.00121496
18.190,1.75142600,0.17846836,3.43132728,0.01791400,-0.00620782,0.01099671,-0.01782482,0.00617692,-0.01094197,1.75297762,0.18892000,3.42399595,0.01769860,-0.00759972,0.01221091,-0.11317218,-28.06710546,3.05355247,-0.11317218,-28.06710546,3.05355247,-0.11400840,-28.06274441,3.04713888,-0.00155162,-0.01045164,0.00733133,0.00021540,0.00139190,-0.00121420
18.200,1.75160425,0.17840659,3.43143670,0.01773609,-0.00614617,0.01088750,-0.01775774,0.00615367,-0.01090079,1.75314729,0.18884653,3.42411366,0.01751551,-0.00753654,0.01210093,-0.11275111,-28.06743158,3.05378549,-0.11275111,-28.06743158,3.05378549,-0.11359107,-28.06310456,3.04743224,-0.00154304,-0.01043994,0.00732304,0.00022058,0.00139037,-0.00121343
18.210,1.75178072,0.17834544,3.43154503,0.01755885,-0.00608475,0.01077870,-0.01769034,0.00613032,-0.01085942,1.75331514,0.18877369,3.42423028,0.01733309,-0.00747358,0.01199134,-0.11232822,-28.06775557,3.05401611,-0.11232822,-28.06775557,3.05401611,-0.11317218,-28.06346312,3.04772118,-0.00153442,-0.01042825,0.00731475,0.00022576,0.00138883,-0.00121264
18.220,1.75195543,0.17828490,3.43165228,0.01738228,-0.00602356,0.01067031,-0.01762261,0.00610684,-0.01081784,1.75348120,0.18870146,3.42434583,0.01715132,-0.00741084,0.01188215,-0.11190289,-28.06807892,3.05424521,-0.11190289,-28.06807892,3.05424521,-0.11275111,-28.06382027,3.04800820,-0.00152577,-0.01041656,0.00730645,0.00023096,0.00138728,-0.00121184
18.230,1.75212837,0.17822497,3.43175844,0.01720639,-0.00596261,0.01056234,-0.01755455,0.00608326,-0.01077606,1.75364547,0.18862985,3.42446030,0.01697022,-0.00734833,0.01177336,-0.11147588,-28.06840151,3.05447075,-0.11147588,-28.06840151,3.05447075,-0.11232822,-28.06417517,3.04829262,-0.00151710,-0.01040488,0.00729814,0.00023617,0.00138572,-0.00121102
18.240,1.75229956,0.17816564,3.43186353,0.01703119,-0.00590190,0.01045479,-0.01748617,0.00605956,-0.01073409,1.75380796,0.18855886,3.42457370,0.01678979,-0.00728605,0.01166497,-0.11104643,-28.06872483,3.05469506,-0.11104643,-28.06872483,3.05469506,-0.11190289,-28.06452932,3.04857530,-0.00150840,-0.01039322,0.00728983,0.00024140,0.00138415,-0.00121018
18.250,1.75246900,0.17810693,3.43196754,0.01685667,-0.00584142,0.01034766,-0.01741746,0.00603575,-0.01069191,1.75396867,0.18848848,3.42468603,0.01661003,-0.00722399,0.01155699,-0.11061506,-28.06904403,3.05491604,-0.11061506,-28.06904403,3.05491604,-0.11147588,-28.06488259,3.04885423,-0.00149967,-0.01038155,0.00728151,0.00024664,0.00138257,-0.00120933
18.260,1.75263669,0.17804881,3.43207048,0.01668284,-0.00578118,0.01024095,-0.01734843,0.00601183,-0.01064953,1.75412760,0.18841871,3.42479730,0.01643095,-0.00716217,0.01144942,-0.11018202,-28.06936492,3.05513448,-0.11018202,-28.06936492,3.05513448,-0.11104643,-28.06523648,3.04913171,-0.00149091,-0.01036990,0.00727318,0.00025189,0.00138099,-0.00120847
18.270,1.75280266,0.17799130,3.43217236,0.01650971,-0.00572118,0.01013467,-0.01727906,0.00598779,-0.01060695,1.75428478,0.18834956,3.42490750,0.01625254,-0.00710058,0.01134225,-0.10974606,-28.06968301,3.05535138,-0.10974606,-28.06968301,3.05535138,-0.11061506,-28.06558613,3.04940565,-0.00148212,-0.01035826,0.00726486,0.00025717,0.00137940,-0.00120758
18.280,1.75296689,0.17793439,3.43227317,0.01633726,-0.00566143,0.01002881,-0.01720937,0.00596364,-0.01056417,1.75444019,0.18828100,3.42501666,0.01607482,-0.00703922,0.01123550,-0.10930883,-28.07000014,3.05556450,-0.10930883,-28.07000014,3.05556450,-0.11018202,-28.06593735,3.04967686,-0.00147330,-0.01034661,0.00725651,0.00026244,0.00137779,-0.00120669
18.290,1.75312940,0.17787807,3.43237294,0.01616552,-0.00560191,0.00992339,-0.01713935,0.00593938,-0.01052119,1.75459386,0.18821306,3.42512476,0.01589778,-0.00697809,0.01112917,-0.10886933,-28.07031709,3.05577787,-0.10886933,-28.07031709,3.05577787,-0.10974606,-28.06628566,3.04994630,-0.00146446,-0.01033499,0.00724818,0.00026774,0.00137618,-0.00120578
18.300,1.75329020,0.17782235,3.43247164,0.01599448,-0.00554264,0.00981839,-0.01706900,0.00591500,-0.01047800,1.75474578,0.18814571,3.42523181,0.01572144,-0.00691720,0.01102324,-0.10842759,-28.07063208,3.05598621,-0.10842759,-28.07063208,3.05598621,-0.10930883,-28.06663288,3.05021176,-0.00145558,-0.01032336,0.00723983,0.00027304,0.00137456,-0.00120485
18.310,1.75344929,0.17776722,3.43256930,0.01582414,-0.00548361,0.00971383,-0.01699832,0.00589051,-0.01043461,1.75489597,0.18807897,3.42533782,0.01554578,-0.00685654,0.01091774,-0.10798398,-28.07094619,3.05619346,-0.10798398,-28.07094619,3.05619346,-0.10886933,-28.06697980,3.05047726,-0.00144668,-0.01031175,0.00723148,0.00027836,0.00137293,-0.00120391
18.320,1.75360669,0.17771268,3.43266592,0.01565451,-0.00542483,0.00960970,-0.01692732,0.00586590,-0.01039103,1.75504443,0.18801282,3.42544280,0.01537082,-0.00679613,0.01081265,-0.10753778,-28.07125930,3.05639895,-0.10753778,-28.07125930,3.05639895,-0.10842759,-28.06732464,3.05073751,-0.00143774,-0.01030014,0.00722312,0.00028369,0.00137130,-0.00120295
18.330,1.75376239,0.17765872,3.43276150,0.01548559,-0.00536630,0.00950601,-0.01685598,0.00584118,-0.01034723,1.75519117,0.18794726,3.42554674,0.01519656,-0.00673594,0.01070798,-0.10708988,-28.07157289,3.05660211,-0.10708988,-28.07157289,3.05660211,-0.10798398,-28.06766849,3.05099647,-0.00142878,-0.01028854,0.00721476,0.00028903,0.00136964,-0.00120197
18.340,1.75391640,0.17760535,3.43285604,0.01531739,-0.00530801,0.00940276,-0.01678431,0.00581634,-0.01030324,1.75533619,0.18788230,3.42564965,0.01502300,-0.00667600,0.01060373,-0.10664005,-28.07188408,3.05680225,-0.10664005,-28.07188408,3.05680225,-0.10753778,-28.06801122,3.05125345,-0.00141979,-0.01027695,0.00720639,0.00029439,0.00136799,-0.00120097
18.350,1.75406874,0.17755256,3.43294956,0.01514991,-0.00524997,0.00929994,-0.01671231,0.00579139,-0.01025904,1.75547951,0.18781793,3.42575153,0.01485015,-0.00661630,0.01049991,-0.10618769,-28.07219466,3.05700159,-0.10618769,-28.07219466,3.05700159,-0.10708988,-28.06835429,3.05150788,-0.00141077,-0.01026537,0.00719803,0.00029976,0.00136633,-0.00119997
18.360,1.75421940,0.17750035,3.43304204,0.01498315,-0.00519218,0.00919758,-0.01663998,0.00576633,-0.01021464,1.75562112,0.18775415,3.42585240,0.01467800,-0.00655684,0.01039652,-0.10573370,-28.07250412,3.05719677,-0.10573370,-28.07250412,3.05719677,-0.10664005,-28.06869485,3.05175908,-0.00140172,-0.01025380,0.00718964,0.00030515,0.00136466,-0.00119894
18.370,1.75436840,0.17744872,3.43313351,0.01481711,-0.00513464,0.00909565,-0.01656732,0.00574115,-0.01017004,1.75576105,0.18769095,3.42595224,0.01450657,-0.00649763,0.01029356,-0.10527747,-28.07281191,3.05739128,-0.10527747,-28.07281191,3.05739128,-0.10618769,-28.06903467,3.05200925,-0.00139265,-0.01024223,0.00718127,0.00031054,0.00136299,-0.00119791
18.380,1.75451575,0.17739766,3.43322396,0.01465180,-0.00507736,0.00899418,-0.01649433,0.00571586,-0.01012523,1.75589928,0.18762833,3.42605108,0.01433585,-0.00643865,0.01019103,-0.10481879,-28.07311988,3.05758328,-0.10481879,-28.07311988,3.05758328,-0.10573370,-28.06937325,3.05225505,-0.00138353,-0.01023067,0.00717288,0.00031595,0.00136129,-0.00119685
18.390,1.75466144,0.17734717,3.43331339,0.01448723,-0.00502033,0.00889315,-0.01642100,0.00569045,-0.01008022,1.75603584,0.18756629,3.42614890,0.01416585,-0.00637993,0.01008893,-0.10435844,-28.07342713,3.05777187,-0.10435844,-28.07342713,3.05777187,-0.10527747,-28.06971004,3.05249995,-0.00137440,-0.01021912,0.00716449,0.00032138,0.00135960,-0.00119578
18.400,1.75480549,0.17729725,3.43340182,0.01432338,-0.00496355,0.00879257,-0.01634734,0.00566492,-0.01003500,1.75617073,0.18750483,3.42624573,0.01399657,-0.00632144,0.00998727,-0.10389606,-28.07373313,3.05795947,-0.10389606,-28.07373313,3.05795947,-0.10481879,-28.07004688,3.05274213,-0.00136524,-0.01020758,0.00715609,0.00032681,0.00135789,-0.00119470
18.410,1.75494791,0.17724790,3.43348925,0.01416028,-0.00490703,0.00869245,-0.01627335,0.00563928,-0.00998958,1.75630395,0.18744395,3.42634155,0.01382802,-0.00626321,0.00988605,-0.10343120,-28.07403769,3.05814552,-0.10343120,-28.07403769,3.05814552,-0.10435844,-28.07038288,3.05298068,-0.00135604,-0.01019605,0.00714770,0.00033226,0.00135618,-0.00119360
18.420,1.75508870,0.17719911,3.43357567,0.01399792,-0.00485076,0.00859278,-0.01619902,0.00561352,-0.00994395,1.75643552,0.18738363,3.42643638,0.01366019,-0.00620522,0.00978527,-0.10296439,-28.07434190,3.05832771,-0.10296439,-28.07434190,3.05832771,-0.10389606,-28.07071750,3.05321801,-0.00134682,-0.01018452,0.00713929,0.00033773,0.00135446,-0.00119249
18.430,1.75522787,0.17715088,3.43366110,0.01383630,-0.00479476,0.00849357,-0.01612436,0.00558765,-0.00989812,1.75656544,0.18732389,3.42653022,0.01349310,-0.00614749,0.00968492,-0.10249553,-28.07464593,3.05850843,-0.10249553,-28.07464593,3.05850843,-0.10343120,-28.07105055,3.05345356,-0.00133757,-0.01017301,0.00713088,0.00034320,0.00135273,-0.00119135
18.440,1.75536543,0.17710321,3.43374555,0.01367543,-0.00473901,0.00839482,-0.01604937,0.00556166,-0.00985209,1.75669371,0.18726471,3.42662307,0.01332674,-0.00609000,0.00958503,-0.10202442,-28.07494853,3.05868852,-0.10202442,-28.07494853,3.05868852,-0.10296439,-28.07138313,3.05368505,-0.00132828,-0.01016150,0.00712248,0.00034869,0.00135099,-0.00119021
18.450,1.75550138,0.17705610,3.43382900,0.01351531,-0.00468352,0.00829653,-0.01597404,0.00553556,-0.00980585,1.75682036,0.18720610,3.42671494,0.01316112,-0.00603277,0.00948557,-0.10155146,-28.07524949,3.05886428,-0.10155146,-28.07524949,3.05886428,-0.10249553,-28.07171539,3.05391483,-0.00131898,-0.01015000,0.00711406,0.00035419,0.00134925,-0.00118904
18.460,1.75563574,0.17700954,3.43391148,0.01335595,-0.00462830,0.00819870,-0.01589838,0.00550934,-0.00975940,1.75694537,0.18714806,3.42680584,0.01299624,-0.00597579,0.00938657,-0.10107596,-28.07555060,3.05903945,-0.10107596,-28.07555060,3.05903945,-0.10202442,-28.07204610,3.05414374,-0.00130963,-0.01013852,0.00710564,0.00035971,0.00134749,-0.00118787
18.470,1.75576851,0.17696353,3.43399298,0.01319735,-0.00457334,0.00810134,-0.01582238,0.00548300,-0.00971275,1.75706877,0.18709057,3.42689576,0.01283211,-0.00591907,0.00928801,-0.10059833,-28.07585096,3.05921199,-0.10059833,-28.07585096,3.05921199,-0.10155146,-28.07237505,3.05436811,-0.00130026,-0.01012704,0.00709722,0.00036524,0.00134573,-0.00118667
18.480,1.75589969,0.17691807,3.43407351,0.01303951,-0.00451864,0.00800445,-0.01574604,0.00545655,-0.00966589,1.75719056,0.18703363,3.42698472,0.01266872,-0.00586260,0.00918991,-0.10011899,-28.07615002,3.05938264,-0.10011899,-28.07615002,3.05938264,-0.10107596,-28.07270400,3.05459165,-0.00129087,-0.01011556,0.00708879,0.00037079,0.00134396,-0.00118546
18.490,1.75602930,0.17687316,3.43415307,0.01288243,-0.00446421,0.00790803,-0.01566937,0.00542998,-0.00961882,1.75731074,0.18697726,3.42707271,0.01250609,-0.00580639,0.00909226,-0.09963736,-28.07644756,3.05955071,-0.09963736,-28.07644756,3.05955071,-0.10059833,-28.07303209,3.05481232,-0.00128144,-0.01010410,0.00708036,0.00037634,0.00134218,-0.00118423
18.500,1.75615734,0.17682879,3.43423167,0.01272612,-0.00441004,0.00781207,-0.01559236,0.00540329,-0.00957155,1.75742932,0.18692143,3.42715975,0.01234421,-0.00575043,0.00899507,-0.09915373,-28.07674465,3.05971687,-0.09915373,-28.07674465,3.05971687,-0.10011899,-28.07335874,3.05503089,-0.00127198,-0.01009264,0.00707192,0.00038191,0.00134039,-0.00118300
18.510,1.75628382,0.17678496,3.43430931,0.01257058,-0.00435614,0.00771660,-0.01551502,0.00537649,-0.00952407,1.75754632,0.18686615,3.42724583,0.01218309,-0.00569474,0.00889834,-0.09866804,-28.07704112,3.05988072,-0.09866804,-28.07704112,3.05988072,-0.09963736,-28.07368373,3.05524664,-0.00126250,-0.01008119,0.00706348,0.00038749,0.00133860,-0.00118174
18.520,1.75640875,0.17674166,3.43438600,0.01241582,-0.00430251,0.00762159,-0.01543733,0.00534957,-0.00947638,1.75766174,0.18681142,3.42733096,0.01202274,-0.00563930,0.00880207,-0.09818008,-28.07733840,3.06004277,-0.09818008,-28.07733840,3.06004277,-0.09915373,-28.07400815,3.05546024,-0.00125299,-0.01006976,0.00705504,0.00039308,0.00133679,-0.00118048
18.530,1.75653214,0.17669891,3.43446175,0.01226184,-0.00424915,0.00752707,-0.01535931,0.00532253,-0.00942849,1.75777558,0.18675724,3.42741515,0.01186314,-0.00558413,0.00870625,-0.09768979,-28.07763194,3.06020410,-0.09768979,-28.07763194,3.06020410,-0.09866804,-28.07433182,3.05567132,-0.00124344,-0.01005833,0.00704660,0.00039870,0.00133498,-0.00117918
18.540,1.75665399,0.17665668,3.43453655,0.01210864,-0.00419606,0.00743302,-0.01528095,0.00529538,-0.00938039,1.75788786,0.18670359,3.42749840,0.01170432,-0.00552922,0.00861090,-0.09719758,-28.07792712,3.06036230,-0.09719758,-28.07792712,3.06036230,-0.09818008,-28.07465616,3.05588035,-0.00123387,-0.01004691,0.00703815,0.00040432,0.00133316,-0.00117788
18.550,1.75677432,0.17661498,3.43461041,0.01195622,-0.00414324,0.00733946,-0.01520226,0.00526811,-0.00933208,1.75799858,0.18665049,3.42758071,0.01154627,-0.00547457,0.00851602,-0.09670290,-28.07822141,3.06051828,-0.09670290,-28.07822141,3.06051828,-0.09768979,-28.07497662,3.05608842,-0.00122426,-0.01003551,0.00702970,0.00040995,0.00133133,-0.00117656
18.560,1.75689312,0.17657381,3.43468334,0.01180459,-0.00409070,0.00724638,-0.01512322,0.00524072,-0.00928356,1.75810775,0.18659792,3.42766209,0.01138899,-0.00542019,0.00842160,-0.09620655,-28.07851455,3.06067272,-0.09620655,-28.07851455,3.06067272,-0.09719758,-28.07529860,3.05629312,-0.00121463,-0.01002411,0.00702125,0.00041560,0.00132949,-0.00117522
18.570,1.75701041,0.17653317,3.43475534,0.01165376,-0.00403843,0.00715379,-0.01504384,0.00521321,-0.00923483,1.75821538,0.18654588,3.42774255,0.01123249,-0.00536608,0.00832765,-0.09570785,-28.07880560,3.06082501,-0.09570785,-28.07880560,3.06082501,-0.09670290,-28.07561954,3.05649537,-0.00120497,-0.01001271,0.00701279,0.00042127,0.00132765,-0.00117386
18.580,1.75712620,0.17649305,3.43482641,0.01150372,-0.00398644,0.00706169,-0.01496413,0.00518559,-0.00918590,1.75832148,0.18649437,3.42782209,0.01107678,-0.00531223,0.00823418,-0.09520685,-28.07909634,3.06097439,-0.09520685,-28.07909634,3.06097439,-0.09620655,-28.07593920,3.05669585,-0.00119528,-0.01000132,0.00700432,0.00042694,0.00132579,-0.00117249
18.590,1.75724049,0.17645344,3.43489657,0.01135447,-0.00393472,0.00697007,-0.01488407,0.00515785,-0.00913676,1.75842605,0.18644339,3.42790071,0.01092185,-0.00525865,0.00814118,-0.09470398,-28.07938787,3.06112304,-0.09470398,-28.07938787,3.06112304,-0.09570785,-28.07625665,3.05689392,-0.00118556,-0.00998995,0.00699586,0.00043262,0.00132393,-0.00117111
18.600,1.75735329,0.17641435,3.43496582,0.01120604,-0.00388328,0.00687895,-0.01480367,0.00512999,-0.00908740,1.75852910,0.18639294,3.42797842,0.01076771,-0.00520534,0.00804865,-0.09419884,-28.07967795,3.06127047,-0.09419884,-28.07967795,3.06127047,-0.09520685,-28.07657364,3.05708886,-0.00117581,-0.00997859,0.00698740,0.00043833,0.00132206,-0.00116970
18.610,1.75746461,0.17637577,3.43503415,0.01105840,-0.00383212,0.00678833,-0.01472293,0.00510201,-0.00903784,1.75852910,0.18639294,3.42797842,0.01076771,-0.00520534,0.00804865,-0.09044967,-28.08811044,3.07202987,-0.09044967,-28.08811044,3.07202987,-0.09520685,-28.07657364,3.05708886,-0.00106449,-0.01001717,0.00705573,0.00029069,0.00137322,-0.00126032
18.620,1.75757446,0.17633771,3.43510159,0.01091158,-0.00378124,0.00669820,-0.01464185,0.00507391,-0.00898807,1.75882923,0.18624471,3.42820612,0.01030985,-0.00504686,0.00777343,-0.09628557,-28.07232133,3.05122668,-0.09628557,-28.07232133,3.05122668,-0.09419884,-28.07723353,3.05752113,-0.00125477,-0.00990700,0.00689547,0.00060173,0.00126562,-0.00107523
18.630,1.75768285,0.17630015,3.43516812,0.01076557,-0.00373064,0.00660857,-0.01456043,0.00504569,-0.00893809,1.75892632,0.18619605,3.42828149,0.01015959,-0.00500152,0.00771446,-0.09572348,-28.07239499,3.05097557,-0.09572348,-28.07239499,3.05097557,-0.09044967,-28.08567769,3.06826109,-0.00124347,-0.00989590,0.00688663,0.00060598,0.00127088,-0.00110589
18.640,1.75778978,0.17626309,3.43523376,0.01062037,-0.00368033,0.00651944,-0.01447867,0.00501736,-0.00888789,1.75902188,0.18614820,3.42835469,0.01000877,-0.00494754,0.00761576,-0.09514111,-28.07283832,3.05131865,-0.09514111,-28.07283832,3.05131865,-0.09628557,-28.06992853,3.04756685,-0.00123210,-0.00988511,0.00687907,0.00061160,0.00126721,-0.00109632
18.650,1.75789526,0.17622654,3.43529851,0.01047599,-0.00363029,0.00643081,-0.01439656,0.00498891,-0.00883749,1.75911593,0.18610114,3.42842567,0.00985776,-0.00488696,0.00748640,-0.09454276,-28.07357861,3.05217059,-0.09454276,-28.07357861,3.05217059,-0.09572348,-28.07004239,3.04742641,-0.00122067,-0.00987460,0.00687284,0.00061823,0.00125667,-0.00105559
18.660,1.75799930,0.17619049,3.43536238,0.01033244,-0.00358055,0.00634269,-0.01431411,0.00496034,-0.00878688,1.75920847,0.18605489,3.42849448,0.00970684,-0.00482165,0.00733501,-0.09393153,-28.07455083,3.05344123,-0.09393153,-28.07455083,3.05344123,-0.09514111,-28.07052545,3.04787824,-0.00120917,-0.00986440,0.00686790,0.00062560,0.00124110,-0.00099232
18.670,1.75810191,0.17615493,3.43542536,0.01018971,-0.00353109,0.00625507,-0.01423132,0.00493164,-0.00873606,1.75929951,0.18600940,3.42856121,0.00955619,-0.00475336,0.00716959,-0.09330984,-28.07569158,3.05503402,-0.09330984,-28.07569158,3.05503402,-0.09454276,-28.07130437,3.04883391,-0.00119760,-0.00985447,0.00686415,0.00063352,0.00122227,-0.00091452
18.680,1.75820309,0.17611986,3.43548748,0.01004781,-0.00348192,0.00616797,-0.01414818,0.00490283,-0.00868502,1.75938906,0.18596466,3.42862602,0.00940598,-0.00468361,0.00699743,-0.09267970,-28.07694100,3.05685862,-0.09267970,-28.07694100,3.05685862,-0.09393153,-28.07231364,3.05020075,-0.00118597,-0.00984480,0.00686146,0.00064183,0.00120169,-0.00082946
18.690,1.75830287,0.17608529,3.43554873,0.00990675,-0.00343303,0.00608137,-0.01406470,0.00487390,-0.00863377,1.75947713,0.18592062,3.42868910,0.00925629,-0.00461376,0.00682493,-0.09204113,-28.07824211,3.05882107,-0.09204113,-28.07824211,3.05882107,-0.09330984,-28.07348948,3.05188031,-0.00117426,-0.00983533,0.00685963,0.00065046,0.00118073,-0.00074356
18.700,1.75840123,0.17605120,3.43560911,0.00976652,-0.00338444,0.00599529,-0.01398087,0.00484486,-0.00858232,1.75956373,0.18587723,3.42875065,0.00910720,-0.00454492,0.00665757,-0.09139655,-28.07955127,3.06083448,-0.09139655,-28.07955127,3.06083448,-0.09267970,-28.07477179,3.05378088,-0.00116250,-0.00982603,0.00685846,0.00065932,0.00116048,-0.00066228
18.710,1.75849820,0.17601760,3.43566863,0.00962713,-0.00333614,0.00590973,-0.01389670,0.00481569,-0.00853065,1.75964887,0.18583446,3.42881092,0.00895877,-0.00447802,0.00649985,-0.09074541,-28.08082472,3.06282075,-0.09074541,-28.08082472,3.06282075,-0.09204113,-28.07610345,3.05580772,-0.00115067,-0.00981686,0.00685771,0.00066836,0.00114188,-0.00059012
18.720,1.75859378,0.17598448,3.43572730,0.00948859,-0.00328812,0.00582468,-0.01381218,0.00478640,-0.00847877,1.75973255,0.18579225,3.42887013,0.00881104,-0.00441377,0.00635527,-0.09008853,-28.08202994,3.06471093,-0.09008853,-28.08202994,3.06471093,-0.09139655,-28.07744077,3.05787372,-0.00113877,-0.00980777,0.00685717,0.00067755,0.00112565,-0.00053059
18.730,1.75868797,0.17595184,3.43578513,0.00935089,-0.00324041,0.00574015,-0.01372732,0.00475699,-0.00842667,1.75981478,0.18575056,3.42892853,0.00866404,-0.00435265,0.00622633,-0.08942685,-28.08314118,3.06644675,-0.08942685,-28.08314118,3.06644675,-0.09074541,-28.07874007,3.05990100,-0.00112681,-0.00979872,0.00685660,0.00068685,0.00111224,-0.00048618
18.740,1.75878080,0.17591967,3.43584211,0.00921404,-0.00319299,0.00565615,-0.01364211,0.00472746,-0.00837437,1.75989557,0.18570934,3.42898632,0.00851781,-0.00429498,0.00611460,-0.08875957,-28.08414015,3.06797835,-0.08875957,-28.08414015,3.06797835,-0.09008853,-28.07996895,3.06182123,-0.00111477,-0.00978967,0.00685579,0.00069623,0.00110199,-0.00045845
18.750,1.75887226,0.17588797,3.43589825,0.00907805,-0.00314586,0.00557266,-0.01355656,0.00469782,-0.00832185,1.75997493,0.18566855,3.42904372,0.00837238,-0.00424091,0.00602075,-0.08808786,-28.08501416,3.06927029,-0.08808786,-28.08501416,3.06927029,-0.08942685,-28.08110185,3.06357715,-0.00110267,-0.00978058,0.00685453,0.00070567,0.00109505,-0.00044809
18.760,1.75896236,0.17585675,3.43595356,0.00894291,-0.00309903,0.00548971,-0.01347065,0.00466805,-0.00826911,1.76005287,0.18562816,3.42910088,0.00822777,-0.00419039,0.00594465,-0.08741216,-28.08575533,3.07029953,-0.08741216,-28.08575533,3.07029953,-0.08875957,-28.08212073,3.06512017,-0.00109051,-0.00977141,0.00685268,0.00071514,0.00109136,-0.00045494
18.770,1.75905112,0.17582599,3.43600805,0.00880864,-0.00305250,0.00540728,-0.01338440,0.00463816,-0.00821617,1.76012940,0.18558814,3.42915796,0.00808402,-0.00414328,0.00588547,-0.08673206,-28.08636727,3.07105402,-0.08673206,-28.08636727,3.07105402,-0.08808786,-28.08301318,3.06641633,-0.00107828,-0.00976215,0.00685009,0.00072462,0.00109078,-0.00047819
18.780,1.75913854,0.17579570,3.43606171,0.00867523,-0.00300627,0.00532539,-0.01329780,0.00460815,-0.00816301,1.76020452,0.18554847,3.42921506,0.00794116,-0.00409930,0.00584176,-0.08604856,-28.08685272,3.07152989,-0.08604856,-28.08685272,3.07152989,-0.08741216,-28.08377163,3.06744421,-0.00106598,-0.00975277,0.00684665,0.00073407,0.00109303,-0.00051637
18.790,1.75922463,0.17576587,3.43611456,0.00854268,-0.00296034,0.00524402,-0.01321086,0.00457802,-0.00810964,1.76027826,0.18550912,3.42927228,0.00779922,-0.00405811,0.00581162,-0.08536206,-28.08722268,3.07173711,-0.08536206,-28.08722268,3.07173711,-0.08673206,-28.08440000,3.06819343,-0.00105363,-0.00974325,0.00684228,0.00074346,0.00109777,-0.00056760
18.800,1.75930939,0.17573649,3.43616659,0.00841101,-0.00291471,0.00516319,-0.01312356,0.00454777,-0.00805605,1.76035061,0.18547009,3.42932964,0.00765823,-0.00401928,0.00579277,-0.08467325,-28.08749164,3.07169020,-0.08467325,-28.08749164,3.07169020,-0.08604856,-28.08490133,3.06866178,-0.00104122,-0.00973360,0.00683695,0.00075278,0.00110457,-0.00062958
18.810,1.75939285,0.17570757,3.43621782,0.00828021,-0.00286938,0.00508290,-0.01303592,0.00451740,-0.00800225,1.76042159,0.18543138,3.42938716,0.00751824,-0.00398235,0.00578271,-0.08398170,-28.08767260,3.07141518,-0.08398170,-28.08767260,3.07141518,-0.08536206,-28.08528691,3.06886085,-0.00102874,-0.00972381,0.00683066,0.00076197,0.00111297,-0.00069981
18.820,1.75947500,0.17567910,3.43626825,0.00815029,-0.00282436,0.00500315,-0.01294793,0.00448691,-0.00794823,1.76049122,0.18539298,3.42944483,0.00737926,-0.00394684,0.00577879,-0.08328875,-28.08778463,3.07094087,-0.08328875,-28.08778463,3.07094087,-0.08467325,-28.08557149,3.06880668,-0.00101622,-0.00971388,0.00682342,0.00077103,0.00112248,-0.00077564
18.830,1.75955586,0.17565108,3.43631789,0.00802126,-0.00277964,0.00492394,-0.01285958,0.00445629,-0.00789400,1.76055949,0.18535489,3.42950261,0.00724135,-0.00391228,0.00577837,-0.08259424,-28.08784495,3.07030174,-0.08259424,-28.08784495,3.07030174,-0.08398170,-28.08576831,3.06852662,-0.00100363,-0.00970381,0.00681528,0.00077991,0.00113264,-0.00085443
18.840,1.75963543,0.17562351,3.43636673,0.00789310,-0.00273523,0.00484527,-0.01277089,0.00442556,-0.00783956,1.76062643,0.18531713,3.42956041,0.00710451,-0.00387820,0.00577889,-0.08189935,-28.08787157,3.06953194,-0.08189935,-28.08787157,3.06953194,-0.08328875,-28.08589663,3.06805065,-0.00099100,-0.00969362,0.00680632,0.00078859,0.00114297,-0.00093362
18.850,1.75971372,0.17559638,3.43641480,0.00776584,-0.00269113,0.00476715,-0.01268185,0.00439470,-0.00778490,1.76069205,0.18527971,3.42961816,0.00696879,-0.00384421,0.00577794,-0.08120416,-28.08788355,3.06867292,-0.08120416,-28.08788355,3.06867292,-0.08259424,-28.08597385,3.06741419,-0.00097833,-0.00968333,0.00679664,0.00079705,0.00115308,-0.00101079
18.860,1.75979075,0.17556969,3.43646208,0.00763947,-0.00264734,0.00468957,-0.01259245,0.00436372,-0.00773002,1.76075635,0.18524264,3.42967576,0.00683421,-0.00380990,0.00577335,-0.08050870,-28.08789679,3.06775832,-0.08050870,-28.08789679,3.06775832,-0.08189935,-28.08601807,3.06665214,-0.00096560,-0.00967295,0.00678632,0.00080526,0.00116256,-0.00108378
18.870,1.75986652,0.17554343,3.43650859,0.00751399,-0.00260386,0.00461255,-0.01250270,0.00433262,-0.00767493,1.76081936,0.18520594,3.42973309,0.00670079,-0.00377498,0.00576327,-0.07981381,-28.08792745,3.06682655,-0.07981381,-28.08792745,3.06682655,-0.08120416,-28.08604844,3.06580641,-0.00095284,-0.00966251,0.00677550,0.00081320,0.00117112,-0.00115072
18.880,1.75994103,0.17551761,3.43655433,0.00738941,-0.00256069,0.00453608,-0.01241261,0.00430140,-0.00761962,1.76088108,0.18516962,3.42979003,0.00656854,-0.00373919,0.00574614,-0.07912021,-28.08798562,3.06591032,-0.07912021,-28.08798562,3.06591032,-0.08050870,-28.08608088,3.06491093,-0.00094005,-0.00965201,0.00676430,0.00082087,0.00117850,-0.00121006
18.890,1.76001431,0.17549222,3.43659931,0.00726574,-0.00251783,0.00446016,-0.01232216,0.00427005,-0.00756410,1.76094152,0.18513370,3.42984648,0.00643749,-0.00370235,0.00572080,-0.07842705,-28.08808301,3.06504050,-0.07842705,-28.08808301,3.06504050,-0.07981381,-28.08613154,3.06400416,-0.00092721,-0.00964148,0.00675283,0.00082825,0.00118452,-0.00126064
18.900,1.76008635,0.17546725,3.43664354,0.00714297,-0.00247529,0.00438480,-0.01223135,0.00423859,-0.00750836,1.76100070,0.18509820,3.42990232,0.00630763,-0.00366433,0.00568643,-0.07773568,-28.08822920,3.06424397,-0.07773568,-28.08822920,3.06424397,-0.07912021,-28.08621048,3.06311866,-0.00091435,-0.00963095,0.00674122,0.00083534,0.00118904,-0.00130163
18.910,1.76015717,0.17544271,3.43668701,0.00702111,-0.00243306,0.00430999,-0.01214020,0.00420700,-0.00745240,1.76105863,0.18506312,3.42995743,0.00617898,-0.00362508,0.00564258,-0.07704564,-28.08842646,3.06353977,-0.07704564,-28.08842646,3.06353977,-0.07842705,-28.08632935,3.06228498,-0.00090146,-0.00962041,0.00672958,0.00084213,0.00119202,-0.00133259
18.920,1.76022678,0.17541859,3.43672974,0.00690017,-0.00239115,0.00423575,-0.01204869,0.00417529,-0.00739622,1.76111532,0.18502849,3.43001172,0.00605153,-0.00358461,0.00558917,-0.07635695,-28.08867916,3.06294679,-0.07635695,-28.08867916,3.06294679,-0.07773568,-28.08649760,3.06152950,-0.00088854,-0.00960990,0.00671802,0.00084864,0.00119346,-0.00135342
18.930,1.76029518,0.17539488,3.43677173,0.00678014,-0.00234955,0.00416207,-0.01195682,0.00414345,-0.00733983,1.76117079,0.18499431,3.43006510,0.00592529,-0.00354299,0.00552643,-0.07567028,-28.08898861,3.06247563,-0.07567028,-28.08898861,3.06247563,-0.07704564,-28.08671739,3.06087068,-0.00087561,-0.00959943,0.00670663,0.00085485,0.00119344,-0.00136436
18.940,1.76036238,0.17537160,3.43681298,0.00666103,-0.00230828,0.00408895,-0.01186461,0.00411150,-0.00728322,1.76122504,0.18496059,3.43011750,0.00580025,-0.00350034,0.00545487,-0.07498556,-28.08934887,3.06213198,-0.07498556,-28.08934887,3.06213198,-0.07635695,-28.08699298,3.06032669,-0.00086266,-0.00958899,0.00669548,0.00086078,0.00119206,-0.00136592
18.950,1.76042840,0.17534872,3.43685351,0.00654285,-0.00226732,0.00401640,-0.01177204,0.00407942,-0.00722640,1.76127809,0.18492732,3.43016886,0.00567640,-0.00345680,0.00537527,-0.07430215,-28.08976064,3.06191990,-0.07430215,-28.08976064,3.06191990,-0.07567028,-28.08732552,3.05990739,-0.00084969,-0.00957860,0.00668465,0.00086645,0.00118948,-0.00135887
18.960,1.76049324,0.17532625,3.43689331,0.00642560,-0.00222669,0.00394442,-0.01167911,0.00404722,-0.00716935,1.76132994,0.18489453,3.43021915,0.00555372,-0.00341256,0.00528860,-0.07362048,-28.09021639,3.06183448,-0.07362048,-28.09021639,3.06183448,-0.07498556,-28.08770894,3.05961769,-0.00083670,-0.00956828,0.00667416,0.00087188,0.00118587,-0.00134418
18.970,1.76055692,0.17530418,3.43693240,0.00630927,-0.00218638,0.00387302,-0.01158583,0.00401489,-0.00711209,1.76138062,0.18486219,3.43026833,0.00543222,-0.00336784,0.00519598,-0.07294011,-28.09071013,3.06187143,-0.07294011,-28.09071013,3.06187143,-0.07430215,-28.08814380,3.05946083,-0.00082370,-0.00955801,0.00666407,0.00087705,0.00118146,-0.00132296
18.980,1.76061943,0.17528252,3.43697077,0.00619388,-0.00214639,0.00380218,-0.01149219,0.00398244,-0.00705461,1.76143013,0.18483031,3.43031640,0.00531187,-0.00332286,0.00509866,-0.07226169,-28.09123123,3.06201835,-0.07226169,-28.09123123,3.06201835,-0.07362048,-28.08862244,3.05943113,-0.00081070,-0.00954779,0.00665437,0.00088201,0.00117647,-0.00129648
18.990,1.76068080,0.17526125,3.43700844,0.00607943,-0.00210673,0.00373193,-0.01139819,0.00394987,-0.00699691,1.76147848,0.18479888,3.43036335,0.00519266,-0.00327784,0.00499792,-0.07158410,-28.09177474,3.06226506,-0.07158410,-28.09177474,3.06226506,-0.07294011,-28.08913873,3.05952359,-0.00079768,-0.00953763,0.00664509,0.00088677,0.00117111,-0.00126599
19.000,1.76074102,0.17524038,3.43704541,0.00596592,-0.00206740,0.00366225,-0.01130384,0.00391717,-0.00693899,1.76152568,0.18476790,3.43040922,0.00507458,-0.00323302,0.00489505,-0.07090820,-28.09232914,3.06259584,-0.07090820,-28.09232914,3.06259584,-0.07226169,-28.08968196,3.05972514,-0.00078466,-0.00952752,0.00663619,0.00089134,0.00116562,-0.00123280
19.010,1.76080012,0.17521990,3.43708169,0.00585335,-0.00202839,0.00359315,-0.01120914,0.00388435,-0.00688086,1.76157175,0.18473734,3.43045402,0.00495761,-0.00318860,0.00479131,-0.07023286,-28.09288650,3.06299531,-0.07023286,-28.09288650,3.06299531,-0.07158410,-28.09024708,3.06002500,-0.00077163,-0.00951744,0.00662767,0.00089574,0.00116021,-0.00119816
19.020,1.76085809,0.17519981,3.43711728,0.00574174,-0.00198971,0.00352463,-0.01111407,0.00385141,-0.00682250,1.76161669,0.18470721,3.43049780,0.00484174,-0.00314478,0.00468792,-0.06955870,-28.09343795,3.06344574,-0.06955870,-28.09343795,3.06344574,-0.07090820,-28.09082248,3.06040698,-0.00075860,-0.00950740,0.00661948,0.00090000,0.00115507,-0.00116329
19.030,1.76091496,0.17518011,3.43715219,0.00563107,-0.00195136,0.00345670,-0.01101865,0.00381834,-0.00676392,1.76166052,0.18467748,3.43054060,0.00472695,-0.00310173,0.00458594,-0.06888482,-28.09397486,3.06393081,-0.06888482,-28.09397486,3.06393081,-0.07023286,-28.09140020,3.06085530,-0.00074556,-0.00949737,0.00661159,0.00090412,0.00115037,-0.00112924
19.040,1.76097072,0.17516079,3.43718642,0.00552136,-0.00191334,0.00338935,-0.01092287,0.00378515,-0.00670513,1.76170324,0.18464815,3.43058247,0.00461324,-0.00305960,0.00448636,-0.06821187,-28.09449141,3.06443296,-0.06821187,-28.09449141,3.06443296,-0.06955870,-28.09197135,3.06135194,-0.00073252,-0.00948736,0.00660395,0.00090812,0.00114626,-0.00109701
19.050,1.76102539,0.17514184,3.43721997,0.00541262,-0.00187566,0.00332260,-0.01082673,0.00375184,-0.00664611,1.76174486,0.18461920,3.43062348,0.00450059,-0.00301851,0.00438997,-0.06753912,-28.09498312,3.06493583,-0.06753912,-28.09498312,3.06493583,-0.06888482,-28.09252725,3.06188041,-0.00071947,-0.00947736,0.00659649,0.00091203,0.00114285,-0.00106737
19.060,1.76107897,0.17512327,3.43725287,0.00530483,-0.00183831,0.00325643,-0.01073023,0.00371840,-0.00658687,1.76178541,0.18459061,3.43066368,0.00438899,-0.00297853,0.00429743,-0.06686721,-28.09544191,3.06542854,-0.06686721,-28.09544191,3.06542854,-0.06821187,-28.09306211,3.06242305,-0.00070644,-0.00946734,0.00658919,0.00091584,0.00114022,-0.00104100
19.070,1.76113149,0.17510507,3.43728511,0.00519801,-0.00180129,0.00319086,-0.01063337,0.00368483,-0.00652742,1.76182487,0.18456238,3.43070313,0.00427844,-0.00293973,0.00420922,-0.06619485,-28.09586525,3.06589636,-0.06619485,-28.09586525,3.06589636,-0.06753912,-28.09357145,3.06296353,-0.00069338,-0.00945731,0.00658198,0.00091957,0.00113844,-0.00101836
19.080,1.76118294,0.17508725,3.43731669,0.00509216,-0.00176461,0.00312588,-0.01053615,0.00365114,-0.00646774,1.76186328,0.18453449,3.43074188,0.00416894,-0.00290213,0.00412566,-0.06552298,-28.09624816,3.06632764,-0.06552298,-28.09624816,3.06632764,-0.06686721,-28.09404725,3.06349105,-0.00068034,-0.00944724,0.00657481,0.00092322,0.00113752,-0.00099978
19.090,1.76123333,0.17506978,3.43734762,0.00498729,-0.00172827,0.00306151,-0.01043857,0.00361733,-0.00640784,1.76190063,0.18450692,3.43077998,0.00406047,-0.00286571,0.00404690,-0.06485145,-28.09659453,3.06671463,-0.06485145,-28.09659453,3.06671463,-0.06619485,-28.09448702,3.06399105,-0.00066730,-0.00943714,0.00656764,0.00092682,0.00113744,-0.00098539
19.100,1.76128268,0.17505268,3.43737792,0.00488339,-0.00169227,0.00299773,-0.01034064,0.00358339,-0.00634772,1.76193694,0.18447968,3.43081749,0.00395304,-0.00283045,0.00397294,-0.06417987,-28.09689947,3.06705297,-0.06417987,-28.09689947,3.06705297,-0.06552298,-28.09488583,3.06445211,-0.00065426,-0.00942700,0.00656043,0.00093035,0.00113818,-0.00097521
19.110,1.76133100,0.17503593,3.43740758,0.00478048,-0.00165660,0.00293455,-0.01024234,0.00354932,-0.00628738,1.76197221,0.18445274,3.43085445,0.00384664,-0.00279629,0.00390363,-0.06350802,-28.09716678,3.06733633,-0.06350802,-28.09716678,3.06733633,-0.06485145,-28.09524763,3.06486677,-0.00064121,-0.00941681,0.00655313,0.00093384,0.00113969,-0.00096908
19.120,1.76137830,0.17501955,3.43743661,0.00467855,-0.00162128,0.00287198,-0.01014368,0.00351514,-0.00622681,1.76200646,0.18442610,3.43089089,0.00374129,-0.00276314,0.00383872,-0.06283603,-28.09739429,3.06756344,-0.06283603,-28.09739429,3.06756344,-0.06417987,-28.09556762,3.06523098,-0.00062816,-0.00940655,0.00654572,0.00093726,0.00114186,-0.00096674
19.130,1.76142458,0.17500351,3.43746502,0.00457761,-0.00158630,0.00281002,-0.01004465,0.00348082,-0.00616603,1.76203970,0.18439976,3.43092684,0.00363697,-0.00273092,0.00377785,-0.06216434,-28.09758961,3.06773498,-0.06216434,-28.09758961,3.06773498,-0.06350802,-28.09584965,3.06553872,-0.00061512,-0.00939625,0.00653818,0.00094064,0.00114462,-0.00096783
19.140,1.76146985,0.17498782,3.43749282,0.00447766,-0.00155166,0.00274866,-0.00994527,0.00344638,-0.00610502,1.76207194,0.18437371,3.43096233,0.00353369,-0.00269952,0.00372056,-0.06149301,-28.09775345,3.06785336,-0.06149301,-28.09775345,3.06785336,-0.06283603,-28.09609162,3.06578909,-0.00060209,-0.00938589,0.00653049,0.00094397,0.00114786,-0.00097190
19.150,1.76151413,0.17497247,3.43752000,0.00437870,-0.00151737,0.00268792,-0.00984552,0.00341182,-0.00604379,1.76210319,0.18434794,3.43099737,0.00343146,-0.00266883,0.00366637,-0.06082160,-28.09789138,3.06791987,-0.06082160,-28.09789138,3.06791987,-0.06216434,-28.09630123,3.06598308,-0.00058906,-0.00937547,0.00652263,0.00094724,0.00115146,-0.00097845
19.160,1.76155743,0.17495747,3.43754658,0.00428075,-0.00148343,0.00262779,-0.00974541,0.00337712,-0.00598233,1.76213346,0.18432245,3.43103196,0.00333027,-0.00263873,0.00361473,-0.06014996,-28.09800497,3.06794128,-0.06014996,-28.09800497,3.06794128,-0.06149301,-28.09647925,3.06612345,-0.00057603,-0.00936498,0.00651462,0.00095048,0.00115530,-0.00098694
19.170,1.76159975,0.17494280,3.43757256,0.00418380,-0.00144983,0.00256827,-0.00964494,0.00334231,-0.00592066,1.76216275,0.18429725,3.43106613,0.00323014,-0.00260910,0.00356510,-0.05947878,-28.09810165,3.06792256,-0.05947878,-28.09810165,3.06792256,-0.06082160,-28.09663128,3.06621177,-0.00056300,-0.00935445,0.00650643,0.00095366,0.00115927,-0.00099683
19.180,1.76164111,0.17492847,3.43759794,0.00408785,-0.00141658,0.00250937,-0.00954410,0.00330736,-0.00585876,1.76219109,0.18427233,3.43109985,0.00313107,-0.00257983,0.00351692,-0.05880766,-28.09818367,3.06786954,-0.05880766,-28.09818367,3.06786954,-0.06014996,-28.09675895,3.06625508,-0.00054998,-0.00934386,0.00649809,0.00095678,0.00116325,-0.00100755
19.190,1.76168151,0.17491447,3.43762275,0.00399291,-0.00138368,0.00245110,-0.00944290,0.00327229,-0.00579663,1.76221848,0.18424769,3.43113313,0.00303306,-0.00255082,0.00346968,-0.05813706,-28.09825681,3.06779300,-0.05813706,-28.09825681,3.06779300,-0.05947878,-28.09686976,3.06625859,-0.00053697,-0.00933322,0.00648962,0.00095985,0.00116714,-0.00101858
19.200,1.76172097,0.17490080,3.43764697,0.00389899,-0.00135114,0.00239344,-0.00934134,0.00323710,-0.00573429,1.76224494,0.18422334,3.43116595,0.00293612,-0.00252197,0.00342287,-0.05746645,-28.09832505,3.06769617,-0.05746645,-28.09832505,3.06769617,-0.05880766,-28.09696596,3.06622831,-0.00052397,-0.00932254,0.00648102,0.00096287,0.00117083,-0.00102943
19.210,1.76175950,0.17488745,3.43767062,0.00380609,-0.00131894,0.00233641,-0.00923941,0.00320177,-0.00567172,1.76227046,0.18419927,3.43119831,0.00284024,-0.00249319,0.00337608,-0.05679591,-28.09839295,3.06758849,-0.05679591,-28.09839295,3.06758849,-0.05813706,-28.09705338,3.06617515,-0.00051096,-0.00931182,0.00647231,0.00096585,0.00117425,-0.00103967
19.220,1.76179710,0.17487442,3.43769370,0.00371421,-0.00128710,0.00228001,-0.00913711,0.00316633,-0.00560892,1.76229507,0.18417549,3.43123019,0.00274544,-0.00246442,0.00332892,-0.05612602,-28.09846410,3.06747597,-0.05612602,-28.09846410,3.06747597,-0.05746645,-28.09713600,3.06610246,-0.00049797,-0.00930107,0.00646351,0.00096877,0.00117732,-0.00104891
19.230,1.76183378,0.17486170,3.43771622,0.00362335,-0.00125562,0.00222423,-0.00903445,0.00313075,-0.00554590,1.76231878,0.18415200,3.43126156,0.00265171,-0.00243560,0.00328108,-0.05545685,-28.09854291,3.06736547,-0.05545685,-28.09854291,3.06736547,-0.05679591,-28.09721839,3.06601971,-0.00048500,-0.00929030,0.00645466,0.00097164,0.00117998,-0.00105685
19.240,1.76186957,0.17484930,3.43773818,0.00353352,-0.00122449,0.00216909,-0.00893142,0.00309505,-0.00548266,1.76234159,0.18412880,3.43129242,0.00255906,-0.00240669,0.00323232,-0.05478734,-28.09862891,3.06726200,-0.05478734,-28.09862891,3.06726200,-0.05612602,-28.09730413,3.06593294,-0.00047202,-0.00927950,0.00644576,0.00097446,0.00118220,-0.00106323
19.250,1.76190446,0.17483721,3.43775960,0.00344472,-0.00119372,0.00211458,-0.00882803,0.00305922,-0.00541919,1.76236352,0.18410589,3.43132275,0.00246749,-0.00237765,0.00318249,-0.05411855,-28.09872576,3.06717242,-0.05411855,-28.09872576,3.06717242,-0.05545685,-28.09739763,3.06584897,-0.00045906,-0.00926868,0.00643685,0.00097723,0.00118393,-0.00106791
19.260,1.76193846,0.17482543,3.43778048,0.00335696,-0.00116330,0.00206071,-0.00872427,0.00302326,-0.00535549,1.76238457,0.18408328,3.43135254,0.00237699,-0.00234849,0.00313149,-0.05345040,-28.09883391,3.06709997,-0.05345040,-28.09883391,3.06709997,-0.05478734,-28.09749841,3.06577275,-0.00044611,-0.00925785,0.00642794,0.00097997,0.00118519,-0.00107078
19.270,1.76197160,0.17481395,3.43780082,0.00327024,-0.00113325,0.00200747,-0.00862014,0.00298718,-0.00529157,1.76240476,0.18406097,3.43138176,0.00228757,-0.00231919,0.00307930,-0.05278194,-28.09895629,3.06704663,-0.05278194,-28.09895629,3.06704663,-0.05411855,-28.09761011,3.06571107,-0.00043316,-0.00924702,0.00641906,0.00098267,0.00118594,-0.00107183
19.280,1.76200387,0.17480276,3.43782063,0.00318456,-0.00110356,0.00195488,-0.00851564,0.00295097,-0.00522743,1.76242411,0.18403895,3.43141042,0.00219923,-0.00228978,0.00302595,-0.05211418,-28.09909430,3.06701523,-0.05211418,-28.09909430,3.06701523,-0.05345040,-28.09773314,3.06566701,-0.00042024,-0.00923619,0.00641021,0.00098533,0.00118622,-0.00107107
19.290,1.76203529,0.17479187,3.43783992,0.00309992,-0.00107423,0.00190292,-0.00841078,0.00291463,-0.00516305,1.76244261,0.18401724,3.43143851,0.00211197,-0.00226026,0.00297156,-0.05144666,-28.09924519,3.06700725,-0.05144666,-28.09924519,3.06700725,-0.05278194,-28.09787043,3.06564245,-0.00040732,-0.00922537,0.00640141,0.00098795,0.00118603,-0.00106864
19.300,1.76206588,0.17478128,3.43785869,0.00301634,-0.00104527,0.00185162,-0.00830555,0.00287816,-0.00509846,1.76246028,0.18399582,3.43146601,0.00202578,-0.00223069,0.00291625,-0.05077865,-28.09940811,3.06702228,-0.05077865,-28.09940811,3.06702228,-0.05211418,-28.09802332,3.06564006,-0.00039440,-0.00921454,0.00639268,0.00099056,0.00118542,-0.00106463
19.310,1.76209563,0.17477097,3.43787695,0.00293382,-0.00101667,0.00180096,-0.00819995,0.00284157,-0.00503363,1.76247713,0.18397469,3.43149293,0.00194066,-0.00220109,0.00286023,-0.05011116,-28.09958517,3.06706003,-0.05011116,-28.09958517,3.06706003,-0.05144666,-28.09818905,3.06566118,-0.00038150,-0.00920372,0.00638402,0.00099316,0.00118442,-0.00105927
19.320,1.76212455,0.17476094,3.43789471,0.00285235,-0.00098844,0.00175094,-0.00809398,0.00280484,-0.00496858,1.76249318,0.18395387,3.43151927,0.00185662,-0.00217150,0.00280369,-0.04944432,-28.09977492,3.06711971,-0.04944432,-28.09977492,3.06711971,-0.05077865,-28.09836673,3.06570524,-0.00036863,-0.00919293,0.00637544,0.00099573,0.00118306,-0.00105275
19.330,1.76215268,0.17475120,3.43791197,0.00277194,-0.00096057,0.00170158,-0.00798764,0.00276799,-0.00490330,1.76250843,0.18393333,3.43154504,0.00177364,-0.00214199,0.00274687,-0.04877651,-28.09997295,3.06719861,-0.04877651,-28.09997295,3.06719861,-0.05011116,-28.09855845,3.06577182,-0.00035575,-0.00918213,0.00636693,0.00099830,0.00118142,-0.00104529
19.340,1.76218000,0.17474173,3.43792875,0.00269259,-0.00093308,0.00165288,-0.00788093,0.00273101,-0.00483780,1.76252289,0.18391309,3.43157023,0.00169173,-0.00211258,0.00269001,-0.04810923,-28.10018172,3.06729624,-0.04810923,-28.10018172,3.06729624,-0.04944432,-28.09876273,3.06585999,-0.00034289,-0.00917136,0.00635852,0.00100086,0.00117950,-0.00103713
19.350,1.76220653,0.17473253,3.43794503,0.00261432,-0.00090595,0.00160483,-0.00777385,0.00269391,-0.00477206,1.76253657,0.18389313,3.43159487,0.00161088,-0.00208334,0.00263337,-0.04744175,-28.10039827,3.06740568,-0.04744175,-28.10039827,3.06740568,-0.04877651,-28.09897514,3.06596690,-0.00033004,-0.00916060,0.00635016,0.00100344,0.00117739,-0.00102854
19.360,1.76223229,0.17472361,3.43796084,0.00253712,-0.00087920,0.00155744,-0.00766639,0.00265667,-0.00470610,1.76254949,0.18387346,3.43161895,0.00153109,-0.00205431,0.00257717,-0.04677368,-28.10061893,3.06752736,-0.04677368,-28.10061893,3.06752736,-0.04810923,-28.09919812,3.06609195,-0.00031720,-0.00914985,0.00634189,0.00100603,0.00117511,-0.00101973
19.370,1.76225728,0.17471495,3.43797618,0.00246099,-0.00085282,0.00151071,-0.00755857,0.00261931,-0.00463992,1.76256165,0.18385407,3.43164250,0.00145236,-0.00202553,0.00252164,-0.04610553,-28.10084508,3.06765709,-0.04610553,-28.10084508,3.06765709,-0.04744175,-28.09942868,3.06622815,-0.00030437,-0.00913912,0.00633368,0.00100863,0.00117271,-0.00101093
19.380,1.76228151,0.17470655,3.43799106,0.00238595,-0.00082681,0.00146464,-0.00745038,0.00258181,-0.00457350,1.76257306,0.18383495,3.43166553,0.00137469,-0.00199704,0.00246699,-0.04543708,-28.10107452,3.06779213,-0.04543708,-28.10107452,3.06779213,-0.04677368,-28.09966315,3.06637585,-0.00029155,-0.00912840,0.00632553,0.00101126,0.00117023,-0.00100235
19.390,1.76230500,0.17469841,3.43800548,0.00231199,-0.00080118,0.00141924,-0.00734181,0.00254419,-0.00450685,1.76258375,0.18381611,3.43168806,0.00129808,-0.00196888,0.00241339,-0.04476793,-28.10130553,3.06792842,-0.04476793,-28.10130553,3.06792842,-0.04610553,-28.09990288,3.06653080,-0.00027875,-0.00911770,0.00631742,0.00101391,0.00116770,-0.00099415
19.400,1.76232775,0.17469053,3.43801945,0.00223911,-0.00077593,0.00137450,-0.00723287,0.00250644,-0.00443998,1.76259371,0.18379753,3.43171010,0.00122252,-0.00194107,0.00236099,-0.04409862,-28.10153618,3.06806335,-0.04409862,-28.10153618,3.06806335,-0.04543708,-28.10014569,3.06669023,-0.00026596,-0.00910700,0.00630935,0.00101659,0.00116514,-0.00098649
19.410,1.76234979,0.17468289,3.43803297,0.00216733,-0.00075106,0.00133044,-0.00712356,0.00246856,-0.00437288,1.76260295,0.18377922,3.43173166,0.00114802,-0.00191365,0.00230992,-0.04342793,-28.10176874,3.06819341,-0.04342793,-28.10176874,3.06819341,-0.04476793,-28.10038984,3.06685007,-0.00025316,-0.00909633,0.00630131,0.00101931,0.00116259,-0.00097948
19.420,1.76237110,0.17467550,3.43804606,0.00209664,-0.00072656,0.00128705,-0.00701388,0.00243055,-0.00430555,1.76261149,0.18376116,3.43175278,0.00107457,-0.00188662,0.00226025,-0.04275748,-28.10199936,3.06831812,-0.04275748,-28.10199936,3.06831812,-0.04409862,-28.10063341,3.06700772,-0.00024039,-0.00908566,0.00629328,0.00102207,0.00116006,-0.00097320
19.430,1.76239172,0.17466836,3.43805872,0.00202705,-0.00070244,0.00124433,-0.00690382,0.00239241,-0.00423799,1.76261934,0.18374336,3.43177345,0.00100218,-0.00186000,0.00221206,-0.04208571,-28.10222707,3.06843453,-0.04208571,-28.10222707,3.06843453,-0.04342793,-28.10087867,3.06715968,-0.00022762,-0.00907500,0.00628527,0.00102487,0.00115756,-0.00096773
19.440,1.76241165,0.17466145,3.43807095,0.00195857,-0.00067871,0.00120229,-0.00679339,0.00235414,-0.00417020,1.76262651,0.18372581,3.43179370,0.00093084,-0.00183380,0.00216535,-0.04141302,-28.10245511,3.06854012,-0.04141302,-28.10245511,3.06854012,-0.04275748,-28.10112177,3.06730551,-0.00021486,-0.00906436,0.00627725,0.00102773,0.00115509,-0.00096306
19.450,1.76243090,0.17465478,3.43808276,0.00189119,-0.00065536,0.00116093,-0.00668258,0.00231575,-0.00410218,1.76263301,0.18370850,3.43181355,0.00086055,-0.00180802,0.00212012,-0.04073957,-28.10268024,3.06863423,-0.04073957,-28.10268024,3.06863423,-0.04208571,-28.10136174,3.06744230,-0.00020211,-0.00905372,0.00626921,0.00103064,0.00115266,-0.00095919
19.460,1.76244948,0.17464834,3.43809417,0.00182492,-0.00063240,0.00112025,-0.00657140,0.00227722,-0.00403393,1.76263884,0.18369144,3.43183300,0.00079133,-0.00178265,0.00207635,-0.04006530,-28.10290411,3.06871815,-0.04006530,-28.10290411,3.06871815,-0.04141302,-28.10160184,3.06756760,-0.00018936,-0.00904310,0.00626117,0.00103359,0.00115025,-0.00095610
19.470,1.76246740,0.17464213,3.43810517,0.00175976,-0.00060982,0.00108025,-0.00645984,0.00223856,-0.00396545,1.76264403,0.18367461,3.43185207,0.00072317,-0.00175769,0.00203397,-0.03939026,-28.10312582,3.06878911,-0.03939026,-28.10312582,3.06878911,-0.04073957,-28.10183884,3.06768080,-0.00017663,-0.00903248,0.00625310,0.00103659,0.00114787,-0.00095372
19.480,1.76248468,0.17463615,3.43811578,0.00169572,-0.00058763,0.00104094,-0.00634791,0.00219977,-0.00389674,1.76264858,0.18365802,3.43187076,0.00065606,-0.00173312,0.00199292,-0.03871388,-28.10334532,3.06884924,-0.03871388,-28.10334532,3.06884924,-0.04006530,-28.10207439,3.06778327,-0.00016390,-0.00902187,0.00624502,0.00103966,0.00114549,-0.00095198
19.490,1.76250132,0.17463038,3.43812599,0.00163280,-0.00056582,0.00100232,-0.00623560,0.00216085,-0.00382779,1.76265250,0.18364165,3.43188910,0.00059002,-0.00170895,0.00195311,-0.03803673,-28.10356598,3.06889646,-0.03803673,-28.10356598,3.06889646,-0.03939026,-28.10230761,3.06787228,-0.00015118,-0.00901127,0.00623689,0.00104278,0.00114313,-0.00095079
19.500,1.76251734,0.17462483,3.43813582,0.00157101,-0.00054441,0.00096438,-0.00612291,0.00212180,-0.00375862,1.76265580,0.18362551,3.43190708,0.00052505,-0.00168515,0.00191443,-0.03735824,-28.10378631,3.06893336,-0.03735824,-28.10378631,3.06893336,-0.03871388,-28.10253845,3.06795003,-0.00013846,-0.00900068,0.00622874,0.00104596,0.00114074,-0.00095005
19.510,1.76253274,0.17461949,3.43814528,0.00151035,-0.00052339,0.00092714,-0.00600985,0.00208262,-0.00368922,1.76265849,0.18360960,3.43192472,0.00046114,-0.00166170,0.00187679,-0.03667900,-28.10400783,3.06896163,-0.03667900,-28.10400783,3.06896163,-0.03803673,-28.10277029,3.06801453,-0.00012575,-0.00899011,0.00622056,0.00104921,0.00113831,-0.00094965
19.520,1.76254755,0.17461436,3.43815437,0.00145082,-0.00050276,0.00089060,-0.00589641,0.00204331,-0.00361958,1.76266059,0.18359391,3.43194202,0.00039831,-0.00163860,0.00184007,-0.03599807,-28.10423043,3.06898146,-0.03599807,-28.10423043,3.06898146,-0.03735824,-28.10300166,3.06806840,-0.00011304,-0.00897955,0.00621235,0.00105251,0.00113584,-0.00094947
19.530,1.76256176,0.17460943,3.43816310,0.00139242,-0.00048252,0.00085475,-0.00578260,0.00200387,-0.00354971,1.76266210,0.18357843,3.43195899,0.00033655,-0.00161584,0.00180418,-0.03531653,-28.10445596,3.06899449,-0.03531653,-28.10445596,3.06899449,-0.03667900,-28.10323406,3.06811339,-0.00010034,-0.00896900,0.00620411,0.00105587,0.00113332,-0.00094943
19.540,1.76257540,0.17460471,3.43817147,0.00133516,-0.00046268,0.00081961,-0.00566840,0.00196430,-0.00347961,1.76266304,0.18356317,3.43197562,0.00027587,-0.00159339,0.00176900,-0.03463333,-28.10468263,3.06900128,-0.03463333,-28.10468263,3.06900128,-0.03599807,-28.10346740,3.06814972,-0.00008764,-0.00895846,0.00619585,0.00105929,0.00113071,-0.00094939
19.550,1.76258847,0.17460018,3.43817949,0.00127905,-0.00044324,0.00078516,-0.00555383,0.00192459,-0.00340928,1.76266342,0.18354812,3.43199193,0.00021627,-0.00157126,0.00173446,-0.03394893,-28.10491421,3.06900349,-0.03394893,-28.10491421,3.06900349,-0.03531653,-28.10370353,3.06817907,-0.00007495,-0.00894794,0.00618756,0.00106278,0.00112802,-0.00094930
19.560,1.76260098,0.17459584,3.43818717,0.00122409,-0.00042419,0.00075142,-0.00543888,0.00188476,-0.00333872,1.76266324,0.18353328,3.43200792,0.00015774,-0.00154942,0.00170047,-0.03326341,-28.10515011,3.06900320,-0.03326341,-28.10515011,3.06900320,-0.03463333,-28.10394066,3.06820204,-0.00006226,-0.00893744,0.00617925,0.00106635,0.00112523,-0.00094905
19.570,1.76261295,0.17459169,3.43819452,0.00117028,-0.00040554,0.00071839,-0.00532355,0.00184479,-0.00326792,1.76266252,0.18351865,3.43202358,0.00010031,-0.00152789,0.00166695,-0.03257634,-28.10539033,3.06900224,-0.03257634,-28.10539033,3.06900224,-0.03394893,-28.10418257,3.06822029,-0.00004957,-0.00892696,0.00617094,0.00106997,0.00112235,-0.00094856
19.580,1.76262439,0.17458773,3.43820154,0.00111762,-0.00038729,0.00068606,-0.00520784,0.00180470,-0.00319689,1.76266127,0.18350422,3.43203892,0.00004396,-0.00150664,0.00163385,-0.03188782,-28.10563441,3.06900071,-0.03188782,-28.10563441,3.06900071,-0.03326341,-28.10442865,3.06823592,-0.00003688,-0.00891649,0.00616262,0.00107366,0.00111935,-0.00094779
19.590,1.76263531,0.17458395,3.43820824,0.00106612,-0.00036945,0.00065445,-0.00509175,0.00176447,-0.00312563,1.76265950,0.18348999,3.43205395,-0.00001130,-0.00148569,0.00160113,-0.03119779,-28.10588413,3.06900036,-0.03119779,-28.10588413,3.06900036,-0.03257634,-28.10467891,3.06825075,-0.00002419,-0.00890604,0.00615429,0.00107742,0.00111624,-0.00094668
19.600,1.76264572,0.17458034,3.43821463,0.00101579,-0.00035200,0.00062355,-0.00497528,0.00172411,-0.00305413,1.76265722,0.18347596,3.43206867,-0.00006546,-0.00146504,0.00156876,-0.03050622,-28.10614015,3.06900249,-0.03050622,-28.10614015,3.06900249,-0.03188782,-28.10493287,3.06826489,-0.00001150,-0.00889562,0.00614596,0.00108125,0.00111304,-0.00094521
19.610,1.76265563,0.17457691,3.43822072,0.00096662,-0.00033497,0.00059337,-0.00485843,0.00168361,-0.00298240,1.76265444,0.18346213,3.43208308,-0.00011853,-0.00144468,0.00153672,-0.02981331,-28.10640075,3.06900843,-0.02981331,-28.10640075,3.06900843,-0.03119779,-28.10519232,3.06828006,0.00000119,-0.00888522,0.00613764,0.00108515,0.00110971,-0.00094335
19.620,1.76266505,0.17457364,3.43822650,0.00091862,-0.00031833,0.00056390,-0.00474119,0.00164299,-0.00291044,1.76265118,0.18344848,3.43209718,-0.00017050,-0.00142463,0.00150500,-0.02911903,-28.10666799,3.06901609,-0.02911903,-28.10666799,3.06901609,-0.03050622,-28.10545791,3.06829755,0.00001387,-0.00887484,0.00612932,0.00108912,0.00110630,-0.00094110
19.630,1.76267401,0.17457054,3.43823200,0.00087179,-0.00030211,0.00053516,-0.00462358,0.00160223,-0.00283824,1.76264744,0.18343503,3.43211097,-0.00022137,-0.00140489,0.00147364,-0.02842245,-28.10693992,3.06902947,-0.02842245,-28.10693992,3.06902947,-0.02981331,-28.10572791,3.06831866,0.00002657,-0.00886449,0.00612103,0.00109316,0.00110278,-0.00093848
19.640,1.76268249,0.17456760,3.43823721,0.00082615,-0.00028629,0.00050714,-0.00450558,0.00156134,-0.00276580,1.76264323,0.18342175,3.43212447,-0.00027114,-0.00138548,0.00144264,-0.02772492,-28.10721679,3.06904614,-0.02772492,-28.10721679,3.06904614,-0.02911903,-28.10600437,3.06834128,0.00003926,-0.00885415,0.00611274,0.00109729,0.00109919,-0.00093550
19.650,1.76269053,0.17456481,3.43824214,0.00078168,-0.00027088,0.00047985,-0.00438720,0.00152032,-0.00269314,1.76263857,0.18340866,3.43213767,-0.00031981,-0.00136640,0.00141203,-0.02702527,-28.10749977,3.06906663,-0.02702527,-28.10749977,3.06906663,-0.02842245,-28.10628533,3.06836936,0.00005196,-0.00884385,0.00610447,0.00110149,0.00109552,-0.00093218
19.660,1.76269813,0.17456218,3.43824681,0.00073841,-0.00025588,0.00045328,-0.00426844,0.00147916,-0.00262023,1.76263347,0.18339575,3.43215058,-0.00036736,-0.00134768,0.00138186,-0.02632371,-28.10778566,3.06909267,-0.02632371,-28.10778566,3.06909267,-0.02772492,-28.10657104,3.06840047,0.00006466,-0.00883357,0.00609623,0.00110577,0.00109180,-0.00092858
19.670,1.76270531,0.17455969,3.43825121,0.00069632,-0.00024130,0.00042744,-0.00414930,0.00143788,-0.00254709,1.76262794,0.18338300,3.43216321,-0.00041381,-0.00132932,0.00135216,-0.02562007,-28.10807753,3.06912152,-0.02562007,-28.10807753,3.06912152,-0.02702527,-28.10686266,3.06843509,0.00007737,-0.00882331,0.00608800,0.00111013,0.00108802,-0.00092472
19.680,1.76271206,0.17455735,3.43825536,0.00065542,-0.00022713,0.00040234,-0.00402977,0.00139646,-0.00247372,1.76262199,0.18337043,3.43217557,-0.00045914,-0.00131133,0.00132299,-0.02491532,-28.10837173,3.06915480,-0.02491532,-28.10837173,3.06915480,-0.02632371,-28.10715697,3.06847493,0.00009007,-0.00881308,0.00607979,0.00111456,0.00108420,-0.00092065
19.690,1.76271842,0.17455515,3.43825926,0.00061572,-0.00021337,0.00037797,-0.00390986,0.00135490,-0.00240011,1.76261563,0.18335802,3.43218765,-0.00050336,-0.00129374,0.00129440,-0.02420794,-28.10866891,3.06919086,-0.02420794,-28.10866891,3.06919086,-0.02562007,-28.10745706,3.06851722,0.00010279,-0.00880287,0.00607161,0.00111908,0.00108037,-0.00091643
19.700,1.76272438,0.17455308,3.43826292,0.00057722,-0.00020003,0.00035434,-0.00378956,0.00131322,-0.00232627,1.76260887,0.18334577,3.43219948,-0.00054647,-0.00127655,0.00126642,-0.02349901,-28.10897007,3.06922964,-0.02349901,-28.10897007,3.06922964,-0.02491532,-28.10775925,3.06856355,0.00011551,-0.00879269,0.00606344,0.00112369,0.00107652,-0.00091208
19.710,1.76272997,0.17455115,3.43826635,0.00053993,-0.00018711,0.00033144,-0.00366888,0.00127140,-0.00225219,1.76260173,0.18333368,3.43221105,-0.00058845,-0.00125977,0.00123911,-0.02278751,-28.10927188,3.06927087,-0.02278751,-28.10927188,3.06927087,-0.02420794,-28.10806418,3.06861226,0.00012824,-0.00878253,0.00605530,0.00112838,0.00107266,-0.00090767
19.720,1.76273518,0.17454934,3.43826955,0.00050385,-0.00017460,0.00030929,-0.00354782,0.00122944,-0.00217787,1.76259421,0.18332173,3.43222238,-0.00062931,-0.00124343,0.00121252,-0.02207453,-28.10957665,3.06931304,-0.02207453,-28.10957665,3.06931304,-0.02349901,-28.10837287,3.06866327,0.00014097,-0.00877239,0.00604717,0.00113316,0.00106883,-0.00090323
19.730,1.76274005,0.17454765,3.43827254,0.00046898,-0.00016252,0.00028789,-0.00342637,0.00118735,-0.00210331,1.76258633,0.18330993,3.43223347,-0.00066905,-0.00122752,0.00118669,-0.02135867,-28.10988378,3.06935742,-0.02135867,-28.10988378,3.06935742,-0.02278751,-28.10868198,3.06871629,0.00015372,-0.00876228,0.00603907,0.00113803,0.00106500,-0.00089880
19.740,1.76274457,0.17454609,3.43827531,0.00043532,-0.00015085,0.00026723,-0.00330453,0.00114513,-0.00202852,1.76257809,0.18329828,3.43224434,-0.00070766,-0.00121206,0.00116164,-0.02064104,-28.11018930,3.06940072,-0.02064104,-28.11018930,3.06940072,-0.02207453,-28.10899381,3.06876979,0.00016648,-0.00875219,0.00603097,0.00114298,0.00106121,-0.00089441
19.750,1.76274876,0.17454463,3.43827789,0.00040289,-0.00013961,0.00024732,-0.00318230,0.00110278,-0.00195349,1.76256952,0.18328676,3.43225498,-0.00074513,-0.00119706,0.00113741,-0.01992099,-28.11049863,3.06944584,-0.01992099,-28.11049863,3.06944584,-0.02135867,-28.10930776,3.06882505,0.00017924,-0.00874213,0.00602291,0.00114802,0.00105745,-0.00089009
19.760,1.76275263,0.17454329,3.43828026,0.00037168,-0.00012880,0.00022816,-0.00305969,0.00106029,-0.00187823,1.76256061,0.18327537,3.43226542,-0.00078148,-0.00118252,0.00111403,-0.01919877,-28.11080660,3.06948819,-0.01919877,-28.11080660,3.06948819,-0.02064104,-28.10961985,3.06887877,0.00019202,-0.00873208,0.00601484,0.00115316,0.00105372,-0.00088587
19.770,1.76275620,0.17454206,3.43828245,0.00034170,-0.00011841,0.00020975,-0.00293670,0.00101767,-0.00180272,1.76255139,0.18326411,3.43227566,-0.00081668,-0.00116845,0.00109152,-0.01847386,-28.11111367,3.06953065,-0.01847386,-28.11111367,3.06953065,-0.01992099,-28.10993551,3.06893385,0.00020481,-0.00872205,0.00600679,0.00115838,0.00105004,-0.00088177
19.780,1.76275947,0.17454092,3.43828446,0.00031294,-0.00010845,0.00019210,-0.00281331,0.00097491,-0.00172698,1.76254186,0.18325297,3.43228571,-0.00085075,-0.00115485,0.00106988,-0.01774700,-28.11142311,3.06957189,-0.01774700,-28.11142311,3.06957189,-0.01919877,-28.11024957,3.06898570,0.00021761,-0.00871205,0.00599875,0.00116369,0.00104640,-0.00087778
19.790,1.76276246,0.17453989,3.43828630,0.00028543,-0.00009891,0.00017521,-0.00268954,0.00093202,-0.00165100,1.76253203,0.18324194,3.43229558,-0.00088367,-0.00114173,0.00104913,-0.01701745,-28.11172950,3.06961199,-0.01701745,-28.11172950,3.06961199,-0.01847386,-28.11056249,3.06903722,0.00023043,-0.00870205,0.00599072,0.00116910,0.00104282,-0.00087392
19.800,1.76276518,0.17453894,3.43828797,0.00025916,-0.00008981,0.00015909,-0.00256538,0.00088899,-0.00157479,1.76252193,0.18323103,3.43230528,-0.00091545,-0.00112909,0.00102926,-0.01628544,-28.11203852,3.06964970,-0.01628544,-28.11203852,3.06964970,-0.01774700,-28.11087753,3.06908707,0.00024325,-0.00869209,0.00598269,0.00117461,0.00103928,-0.00087017
19.810,1.76276765,0.17453809,3.43828948,0.00023412,-0.00008113,0.00014372,-0.00244083,0.00084583,-0.00149833,1.76251155,0.18322023,3.43231481,-0.00094607,-0.00111692,0.00101027,-0.01555073,-28.11234449,3.06968504,-0.01555073,-28.11234449,3.06968504,-0.01701745,-28.11118929,3.06913534,0.00025610,-0.00868214,0.00597467,0.00118019,0.00103579,-0.00086655
19.820,1.76276987,0.17453732,3.43829084,0.00021034,-0.00007289,0.00012912,-0.00231589,0.00080254,-0.00142163,1.76250091,0.18320952,3.43232419,-0.00097553,-0.00110524,0.00099215,-0.01481357,-28.11265116,3.06971853,-0.01481357,-28.11265116,3.06971853,-0.01628544,-28.11150343,3.06918080,0.00026896,-0.00867220,0.00596665,0.00118587,0.00103235,-0.00086303
19.830,1.76277186,0.17453663,3.43829207,0.00018781,-0.00006508,0.00011529,-0.00219056,0.00075910,-0.00134470,1.76249002,0.18319892,3.43233342,-0.00100384,-0.00109403,0.00097489,-0.01407374,-28.11295729,3.06975209,-0.01407374,-28.11295729,3.06975209,-0.01555073,-28.11181430,3.06922349,0.00028184,-0.00866229,0.00595865,0.00119165,0.00102895,-0.00085960
19.840,1.76277363,0.17453602,3.43829315,0.00016653,-0.00005771,0.00010223,-0.00206484,0.00071554,-0.00126753,1.76247890,0.18318841,3.43234251,-0.00103099,-0.00108329,0.00095847,-0.01333135,-28.11326236,3.06978168,-0.01333135,-28.11326236,3.06978168,-0.01481357,-28.11212562,3.06926392,0.00029473,-0.00865239,0.00595064,0.00119752,0.00102558,-0.00085624
19.850,1.76277519,0.17453547,3.43829411,0.00014651,-0.00005077,0.00008994,-0.00193873,0.00067184,-0.00119011,1.76246755,0.18317799,3.43235147,-0.00105696,-0.00107303,0.00094288,-0.01258644,-28.11356913,3.06981074,-0.01258644,-28.11356913,3.06981074,-0.01407374,-28.11243617,3.06930403,0.00030764,-0.00864252,0.00594264,0.00120347,0.00102226,-0.00085294
19.860,1.76277656,0.17453500,3.43829495,0.00012776,-0.00004427,0.00007843,-0.00181223,0.00062800,-0.00111246,1.76245599,0.18316765,3.43236031,-0.00108177,-0.00106324,0.00092810,-0.01183852,-28.11387314,3.06983847,-0.01183852,-28.11387314,3.06983847,-0.01333135,-28.11274543,3.06933980,0.00032057,-0.00863265,0.00593464,0.00120953,0.00101897,-0.00084967
19.870,1.76277775,0.17453459,3.43829568,0.00011027,-0.00003821,0.00006769,-0.00168534,0.00058403,-0.00103457,1.76244422,0.18315739,3.43236903,-0.00110540,-0.00105392,0.00091412,-0.01108785,-28.11417753,3.06986532,-0.01108785,-28.11417753,3.06986532,-0.01258644,-28.11305616,3.06937467,0.00033353,-0.00862280,0.00592665,0.00121567,0.00101571,-0.00084643
19.880,1.76277877,0.17453423,3.43829631,0.00009405,-0.00003259,0.00005773,-0.00155806,0.00053992,-0.00095643,1.76243227,0.18314720,3.43237764,-0.00112784,-0.00104506,0.00090090,-0.01033447,-28.11448347,3.06989201,-0.01033447,-28.11448347,3.06989201,-0.01183852,-28.11336390,3.06940784,0.00034650,-0.00861297,0.00591867,0.00122189,0.00101247,-0.00084317
19.890,1.76277964,0.17453393,3.43829684,0.00007911,-0.00002741,0.00004856,-0.00143039,0.00049568,-0.00087806,1.76242014,0.18313709,3.43238615,-0.00114911,-0.00103667,0.00088845,-0.00957790,-28.11478815,3.06991772,-0.00957790,-28.11478815,3.06991772,-0.01108785,-28.11367178,3.06943978,0.00035950,-0.00860316,0.00591069,0.00122822,0.00100926,-0.00083989
19.900,1.76278036,0.17453368,3.43829728,0.00006544,-0.00002268,0.00004017,-0.00130232,0.00045130,-0.00079945,1.76240785,0.18312704,3.43239457,-0.00116918,-0.00102874,0.00087674,-0.00881892,-28.11509304,3.06994294,-0.00881892,-28.11509304,3.06994294,-0.01033447,-28.11398100,3.06947121,0.00037251,-0.00859336,0.00590271,0.00123462,0.00100606,-0.00083657
19.910,1.76278095,0.17453348,3.43829765,0.00005306,-0.00001839,0.00003257,-0.00117386,0.00040678,-0.00072059,1.76239540,0.18311705,3.43240290,-0.00118806,-0.00102127,0.00086576,-0.00805694,-28.11539695,3.06996985,-0.00805694,-28.11539695,3.06996985,-0.00957790,-28.11428872,3.06950132,0.00038555,-0.00858357,0.00589475,0.00124112,0.00100288,-0.00083319
19.920,1.76278142,0.17453331,3.43829794,0.00004197,-0.00001454,0.00002576,-0.00104501,0.00036213,-0.00064149,1.76238281,0.18310712,3.43241115,-0.00120574,-0.00101426,0.00085550,-0.00729213,-28.11570301,3.06999605,-0.00729213,-28.11570301,3.06999605,-0.00881892,-28.11459643,3.06953058,0.00039861,-0.00857381,0.00588679,0.00124771,0.00099972,-0.00082974
19.930,1.76278179,0.17453319,3.43829816,0.00003216,-0.00001115,0.00001974,-0.00091577,0.00031734,-0.00056215,1.76237010,0.18309724,3.43241932,-0.00122222,-0.00100771,0.00084595,-0.00652426,-28.11600706,3.07002205,-0.00652426,-28.11600706,3.07002205,-0.00805694,-28.11490292,3.06956120,0.00041169,-0.00856405,0.00587884,0.00125438,0.00099656,-0.00082621
19.940,1.76278207,0.17453309,3.43829834,0.00002365,-0.00000820,0.00001452,-0.00078613,0.00027242,-0.00048257,1.76235726,0.18308740,3.43242742,-0.00123749,-0.00100161,0.00083711,-0.00575325,-28.11631349,3.07005147,-0.00575325,-28.11631349,3.07005147,-0.00729213,-28.11521135,3.06959075,0.00042481,-0.00855431,0.00587092,0.00126114,0.00099341,-0.00082259
19.950,1.76278227,0.17453302,3.43829846,0.00001644,-0.00000570,0.00001009,-0.00065609,0.00022736,-0.00040275,1.76234433,0.18307761,3.43243547,-0.00125155,-0.00099598,0.00082898,-0.00497928,-28.11661977,3.07008024,-0.00497928,-28.11661977,3.07008024,-0.00652426,-28.11551753,3.06961976,0.00043794,-0.00854459,0.00586299,0.00126799,0.00099028,-0.00081889
19.960,1.76278240,0.17453297,3.43829854,0.00001053,-0.00000365,0.00000647,-0.00052567,0.00018216,-0.00032269,1.76233130,0.18306786,3.43244346,-0.00126440,-0.00099080,0.00082155,-0.00420251,-28.11692695,3.07011044,-0.00420251,-28.11692695,3.07011044,-0.00575325,-28.11582586,3.06965183,0.00045110,-0.00853489,0.00585508,0.00127493,0.00098715,-0.00081508
19.970,1.76278249,0.17453295,3.43829859,0.00000593,-0.00000206,0.00000364,-0.00039484,0.00013683,-0.00024238,1.76231819,0.18305814,3.43245141,-0.00127602,-0.00098608,0.00081483,-0.00342200,-28.11723243,3.07014230,-0.00342200,-28.11723243,3.07014230,-0.00497928,-28.11613381,3.06968290,0.00046430,-0.00852519,0.00584718,0.00128195,0.00098402,-0.00081119
19.980,1.76278253,0.17453293,3.43829862,0.00000264,-0.00000091,0.00000162,-0.00026362,0.00009136,-0.00016183,1.76230501,0.18304845,3.43245932,-0.00128642,-0.00098182,0.00080882,-0.00263891,-28.11754054,3.07017639,-0.00263891,-28.11754054,3.07017639,-0.00420251,-28.11644243,3.06971504,0.00047752,-0.00851552,0.00583930,0.00128906,0.00098091,-0.00080720
19.990,1.76278254,0.17453293,3.43829863,0.00000066,-0.00000023,0.00000041,-0.00013201,0.00004575,-0.00008104,1.76229178,0.18303878,3.43246719,-0.00129558,-0.00097803,0.00080353,-0.00185293,-28.11784739,3.07021154,-0.00185293,-28.11784739,3.07021154,-0.00342200,-28.11674911,3.06974847,0.00049076,-0.00850585,0.00583144,0.00129624,0.00097780,-0.00080312
20.000,1.76278254,0.17453293,3.43829863,0.00000000,-0.00000000,0.00000000,0.00000000,-0.00000000,0.00000000,1.76227851,0.18302914,3.43247505,-0.00130352,-0.00097469,0.00079897,-0.00106361,-28.11815525,3.07024792,-0.00106361,-28.11815525,3.07024792,-0.00263891,-28.11705820,3.06978374,0.00050403,-0.00849621,0.00582358,0.00130352,0.00097469,-0.00079897
20.010,1.76278255,0.17453292,3.43829863,0.00000066,-0.00000023,0.00000041,0.00013241,-0.00004588,0.00008128,1.76226521,0.18301951,3.43248288,-0.00131021,-0.00097182,0.00079515,-0.00027065,-28.11846550,3.07028598,-0.00027065,-28.11846550,3.07028598,-0.00185293,-28.11736578,3.06981970,0.00051734,-0.00848659,0.00581575,0.00131087,0.00097159,-0.00079474
