t,q_des_1,q_des_2,q_des_3,qd_des_1,qd_des_2,qd_des_3,qdd_des_1,qdd_des_2,qdd_des_3,q_act_1,q_act_2,q_act_3,qd_act_1,qd_act_2,qd_act_3,tau_model_1,tau_model_2,tau_model_3,tau_fb_1,tau_fb_2,tau_fb_3,tau_total_1,tau_total_2,tau_total_3,tau_sensed_1,tau_sensed_2,tau_sensed_3,e_pos_1,e_pos_2,e_pos_3,e_vel_1,e_vel_2,e_vel_3
0.000,0.00000000,0.78539816,2.35619449,-0.00000000,-0.00000000,0.00000000,-0.00000000,-0.00000000,0.00000000,-0.00072474,0.79484678,2.34844298,0.00075968,-0.00838746,0.00097406,0.00000000,-21.86064918,-0.00000002,-0.28174559,-0.80432299,-0.11261220,-0.28174559,-22.66497217,-0.11261222,0.00000000,-21.83352333,-0.00093688,0.00072474,-0.00944862,0.00775151,-0.00075968,0.00838746,-0.00097406
0.010,-0.00000001,0.78539816,2.35619450,-0.00000442,-0.00000139,0.00000230,-0.00088257,-0.00027807,0.00045942,-0.00071584,0.79474649,2.34846463,0.00079215,-0.00879776,0.00127168,-0.00143738,-21.86141747,-0.00013984,-0.27565835,-0.78674148,-0.10934144,-0.27709574,-22.64815895,-0.10948128,-0.00000000,-21.83335070,-0.00108227,0.00071583,-0.00934833,0.00772987,-0.00079657,0.00879637,-0.00126938
0.020,-0.00000012,0.78539813,2.35619455,-0.00001764,-0.00000556,0.00000918,-0.00176073,-0.00055475,0.00091655,-0.00070668,0.79464280,2.34848917,0.00082305,-0.00919074,0.00156727,-0.00286758,-21.86218255,-0.00027890,-0.26960325,-0.76911109,-0.10607574,-0.27247083,-22.63129363,-0.10635463,0.00000000,-21.83318018,-0.00122702,0.00070656,-0.00924467,0.00770538,-0.00084069,0.00918518,-0.00155809
0.030,-0.00000040,0.78539804,2.35619470,-0.00003962,-0.00001248,0.00002062,-0.00263448,-0.00083004,0.00137137,-0.00070094,0.79452483,2.34851906,0.00076081,-0.00984232,0.00192270,-0.00429060,-21.86294492,-0.00041698,-0.26090347,-0.74595532,-0.10174754,-0.26519407,-22.60890024,-0.10216452,-0.28174559,-22.65907364,-0.11410672,0.00070054,-0.00912679,0.00767564,-0.00080043,0.00982984,-0.00190208
0.040,-0.00000094,0.78539787,2.35619498,-0.00007031,-0.00002215,0.00003660,-0.00350383,-0.00110395,0.00182391,-0.00069857,0.79439285,2.34855431,0.00063001,-0.01068118,0.00232331,-0.00570646,-21.86370500,-0.00055404,-0.25009576,-0.71834795,-0.09656752,-0.25580222,-22.58205295,-0.09712156,-0.27709574,-22.64156007,-0.11124385,0.00069763,-0.00899498,0.00764067,-0.00070032,0.01065903,-0.00228671
0.050,-0.00000183,0.78539759,2.35619544,-0.00010968,-0.00003456,0.00005709,-0.00436878,-0.00137646,0.00227416,-0.00069951,0.79424714,2.34859493,0.00044904,-0.01165368,0.00275806,-0.00711514,-21.86446331,-0.00068992,-0.23758915,-0.68710813,-0.09069634,-0.24470429,-22.55157144,-0.09138625,-0.27247083,-22.62400804,-0.10838579,0.00069768,-0.00884955,0.00760051,-0.00055872,0.01161912,-0.00270097
0.060,-0.00000316,0.78539717,2.35619614,-0.00015767,-0.00004968,0.00008208,-0.00522934,-0.00164760,0.00272212,-0.00070367,0.79408803,2.34864096,0.00023262,-0.01271783,0.00321918,-0.00851668,-21.86522041,-0.00082443,-0.22371811,-0.65290445,-0.08426599,-0.23223479,-22.51812486,-0.08509041,-0.26519407,-22.60094511,-0.10446580,0.00070051,-0.00869086,0.00755518,-0.00039029,0.01266815,-0.00313710
0.070,-0.00000501,0.78539658,2.35619710,-0.00021425,-0.00006750,0.00011153,-0.00608553,-0.00191736,0.00316781,-0.00071095,0.79391594,2.34869243,-0.00000746,-0.01384068,0.00370125,-0.00991111,-21.86597705,-0.00095764,-0.20875957,-0.61629113,-0.07738696,-0.21867068,-22.48226818,-0.07834460,-0.25580222,-22.57344834,-0.09969528,0.00070594,-0.00851936,0.00750467,-0.00020679,0.01377318,-0.00358972
0.080,-0.00000747,0.78539581,2.35619838,-0.00027937,-0.00008802,0.00014542,-0.00693734,-0.00218574,0.00361122,-0.00072120,0.79373131,2.34874941,-0.00026180,-0.01499631,0.00420049,-0.01129841,-21.86673312,-0.00108921,-0.19294293,-0.57772533,-0.07015073,-0.20424133,-22.44445845,-0.07123994,-0.24470429,-22.54233984,-0.09423535,0.00071373,-0.00833550,0.00744897,-0.00001757,0.01490829,-0.00405507
0.090,-0.00001063,0.78539481,2.35620002,-0.00035298,-0.00011121,0.00018374,-0.00778479,-0.00245274,0.00405236,-0.00073426,0.79353463,2.34881197,-0.00052287,-0.01616429,0.00471430,-0.01267860,-21.86748986,-0.00121921,-0.17646391,-0.53759891,-0.06263633,-0.18914251,-22.40508877,-0.06385554,-0.23223479,-22.50829074,-0.08821829,0.00072363,-0.00813982,0.00738805,0.00016989,0.01605308,-0.00453056
0.100,-0.00001456,0.78539358,2.35620207,-0.00043505,-0.00013707,0.00022646,-0.00862788,-0.00271837,0.00449123,-0.00074996,0.79332642,2.34888018,-0.00078466,-0.01732846,0.00524091,-0.01405171,-21.86824694,-0.00134730,-0.15948607,-0.49623929,-0.05491010,-0.17353777,-22.36448623,-0.05625740,-0.21867068,-22.47185769,-0.08175497,0.00073540,-0.00793284,0.00732189,0.00034961,0.01719139,-0.00501445
0.110,-0.00001936,0.78539206,2.35620457,-0.00052553,-0.00016558,0.00027356,-0.00946662,-0.00298263,0.00492783,-0.00076811,0.79310723,2.34895411,-0.00104236,-0.01847602,0.00577908,-0.01541773,-21.86900590,-0.00147362,-0.14215496,-0.45393880,-0.04703162,-0.15757269,-22.32294471,-0.04850524,-0.20424133,-22.43349910,-0.07493673,0.00074875,-0.00771517,0.00725046,0.00051683,0.01831044,-0.00550552
0.120,-0.00002510,0.78539025,2.35620756,-0.00062437,-0.00019672,0.00032501,-0.01030102,-0.00324553,0.00536218,-0.00078853,0.79287764,2.34903386,-0.00129215,-0.01959679,0.00632793,-0.01677670,-21.86976649,-0.00159790,-0.12459333,-0.41094483,-0.03905152,-0.14137003,-22.28071132,-0.04064942,-0.18914251,-22.39360923,-0.06784278,0.00076343,-0.00748739,0.00717370,0.00066778,0.01940007,-0.00600292
0.130,-0.00003187,0.78538812,2.35621108,-0.00073153,-0.00023048,0.00038080,-0.01113108,-0.00350705,0.00579426,-0.00081100,0.79263824,2.34911949,-0.00153100,-0.02068265,0.00688682,-0.01812860,-21.87052930,-0.00172007,-0.10691205,-0.36748117,-0.03101569,-0.12504066,-22.23801047,-0.03273576,-0.17353777,-22.35251610,-0.06053915,0.00077913,-0.00725012,0.00709159,0.00079947,0.02045217,-0.00650602
0.140,-0.00003976,0.78538564,2.35621519,-0.00084698,-0.00026686,0.00044089,-0.01195682,-0.00376722,0.00622410,-0.00083534,0.79238963,2.34921110,-0.00175652,-0.02172718,0.00745524,-0.01947349,-21.87129487,-0.00183993,-0.08920992,-0.32374775,-0.02296510,-0.10868341,-22.19504262,-0.02480503,-0.15757269,-22.31051434,-0.05308549,0.00079558,-0.00700399,0.00700409,0.00090954,0.02146032,-0.00701435
0.150,-0.00004884,0.78538278,2.35621991,-0.00097065,-0.00030582,0.00050527,-0.01277823,-0.00402602,0.00665168,-0.00086131,0.79213244,2.34930875,-0.00196685,-0.02272521,0.00803273,-0.02081133,-21.87206394,-0.00195754,-0.07157553,-0.27992696,-0.01493739,-0.09238687,-22.15199090,-0.01689493,-0.14137003,-22.26785166,-0.04553201,0.00081247,-0.00674966,0.00691116,0.00099620,0.02241939,-0.00752746
0.160,-0.00005920,0.78537951,2.35622531,-0.00110253,-0.00034737,0.00057392,-0.01359533,-0.00428346,0.00707702,-0.00088873,0.79186729,2.34941252,-0.00216056,-0.02367268,0.00861884,-0.02214217,-21.87283696,-0.00207264,-0.05408990,-0.23618389,-0.00696626,-0.07623207,-22.10902085,-0.00903890,-0.12504066,-22.22475292,-0.03792435,0.00082953,-0.00648778,0.00681279,0.00105803,0.02332531,-0.00804492
0.170,-0.00007092,0.78537582,2.35623141,-0.00124255,-0.00039149,0.00064680,-0.01440812,-0.00453955,0.00750012,-0.00091738,0.79159481,2.34952248,-0.00233657,-0.02456637,0.00921312,-0.02346601,-21.87361409,-0.00218516,-0.03682633,-0.19267000,0.00091706,-0.06029234,-22.06628409,-0.00126810,-0.10868341,-22.18141891,-0.03030301,0.00084646,-0.00621899,0.00670893,0.00109402,0.02417488,-0.00856632
0.180,-0.00008408,0.78537167,2.35623826,-0.00139067,-0.00043816,0.00072391,-0.01521662,-0.00479428,0.00792098,-0.00094704,0.79131565,2.34963869,-0.00249412,-0.02540374,0.00981505,-0.02478287,-21.87439620,-0.00229502,-0.01985343,-0.14952796,0.00868346,-0.04463630,-22.02392416,0.00638843,-0.09238687,-22.13803297,-0.02270536,0.00086296,-0.00594398,0.00659957,0.00110345,0.02496558,-0.00909114
0.190,-0.00009876,0.78536705,2.35624590,-0.00154686,-0.00048737,0.00080522,-0.01602082,-0.00504766,0.00833961,-0.00097753,0.79103045,2.34976120,-0.00263268,-0.02618287,0.01042409,-0.02609276,-21.87518331,-0.00240204,-0.00323347,-0.10688719,0.01630656,-0.02932622,-21.98207050,0.01390452,-0.07623207,-22.09476073,-0.01516449,0.00087877,-0.00566340,0.00648470,0.00108582,0.02569550,-0.00961887
0.200,-0.00011504,0.78536192,2.35625437,-0.00171108,-0.00053911,0.00089070,-0.01682075,-0.00529969,0.00875600,-0.00100863,0.79073984,2.34989006,-0.00275196,-0.02690230,0.01103959,-0.02739571,-21.87597638,-0.00250620,0.01297419,-0.06487281,0.02376098,-0.01442152,-21.94084918,0.02125478,-0.06029234,-22.05175380,-0.00771115,0.00089359,-0.00537792,0.00636431,0.00104088,0.02636319,-0.01014889
0.210,-0.00013301,0.78535626,2.35626373,-0.00188327,-0.00059336,0.00098033,-0.01761639,-0.00555037,0.00917018,-0.00104014,0.79044447,2.35002531,-0.00285182,-0.02756099,0.01166086,-0.02869170,-21.87677556,-0.00260724,0.02871557,-0.02359771,0.03102409,0.00002388,-21.90037327,0.02841685,-0.04463630,-22.00915563,-0.00037391,0.00090713,-0.00508821,0.00623842,0.00096855,0.02696763,-0.01068053
0.220,-0.00015273,0.78535004,2.35627400,-0.00206339,-0.00065011,0.00107409,-0.01840776,-0.00579971,0.00958212,-0.00107188,0.79014497,2.35016697,-0.00293231,-0.02815825,0.01228714,-0.02998076,-21.87758167,-0.00270522,0.04394020,0.01682888,0.03807386,0.01395944,-21.86075278,0.03536864,-0.02932622,-21.96709547,0.00682155,0.00091915,-0.00479493,0.00610703,0.00086892,0.02750814,-0.01121305
0.230,-0.00017430,0.78534325,2.35628522,-0.00225141,-0.00070935,0.00117196,-0.01919488,-0.00604770,0.00999185,-0.00110365,0.78984197,2.35031506,-0.00299361,-0.02869372,0.01291757,-0.03126293,-21.87839470,-0.00279995,0.05860083,0.05630822,0.04489069,0.02733790,-21.82208648,0.04209074,-0.01442152,-21.92569912,0.01385034,0.00092935,-0.00449872,0.00597016,0.00074220,0.02798437,-0.01174561
0.240,-0.00019779,0.78533585,2.35629745,-0.00244727,-0.00077106,0.00127392,-0.01997774,-0.00629436,0.01039937,-0.00113528,0.78953609,2.35046958,-0.00303601,-0.02916729,0.01355126,-0.03253820,-21.87921547,-0.00289127,0.07265395,0.09474556,0.05145605,0.04011575,-21.78446991,0.04856478,0.00002388,-21.88507928,0.02069069,0.00093749,-0.00420024,0.00582787,0.00058874,0.02839623,-0.01227734
0.250,-0.00022327,0.78532782,2.35631071,-0.00265095,-0.00083523,0.00137994,-0.02075635,-0.00653967,0.01080467,-0.00116660,0.78922795,2.35063053,-0.00305993,-0.02957908,0.01418721,-0.03380658,-21.88004443,-0.00297920,0.08605917,0.13205282,0.05775264,0.05225259,-21.74799161,0.05477343,0.01395944,-21.84534555,0.02732109,0.00094333,-0.00390013,0.00568018,0.00040898,0.02874385,-0.01280727
0.260,-0.00025083,0.78531913,2.35632506,-0.00286239,-0.00090185,0.00149001,-0.02153072,-0.00678365,0.01120777,-0.00119744,0.78891814,2.35079789,-0.00306586,-0.02992946,0.01482441,-0.03506809,-21.88088208,-0.00306354,0.09877897,0.16814891,0.06376500,0.06371088,-21.71273317,0.06070146,0.02733790,-21.80659619,0.03372275,0.00094661,-0.00359901,0.00552717,0.00020347,0.02902761,-0.01333440
0.270,-0.00028055,0.78530977,2.35634053,-0.00308155,-0.00097090,0.00160409,-0.02230086,-0.00702630,0.01160867,-0.00122764,0.78860727,2.35097163,-0.00305442,-0.03021896,0.01546174,-0.03632275,-21.88172853,-0.00314413,0.11077965,0.20296009,0.06947909,0.07445690,-21.67876844,0.06633496,0.04011575,-21.76892618,0.03987791,0.00094709,-0.00329750,0.00536890,-0.00002713,0.02924806,-0.01385765
0.280,-0.00031249,0.78529971,2.35635716,-0.00330839,-0.00104237,0.00172217,-0.02306678,-0.00726761,0.01200736,-0.00125706,0.78829590,2.35115170,-0.00302626,-0.03044831,0.01609806,-0.03757059,-21.88258439,-0.00322092,0.12203055,0.23641661,0.07488193,0.08445997,-21.64616778,0.07166101,0.05225259,-21.73242342,0.04576992,0.00094457,-0.00299619,0.00520546,-0.00028213,0.02940594,-0.01437589
0.290,-0.00034674,0.78528892,2.35637498,-0.00354287,-0.00111625,0.00184423,-0.02382847,-0.00750760,0.01240386,-0.00128555,0.78798462,2.35133805,-0.00298214,-0.03061841,0.01673217,-0.03881158,-21.88345037,-0.00329391,0.13250236,0.26845352,0.07996154,0.09369078,-21.61499685,0.07666763,0.06371088,-21.69716882,0.05138421,0.00093881,-0.00269570,0.00503693,-0.00056073,0.02950216,-0.01488794
0.300,-0.00038337,0.78527738,2.35639405,-0.00378494,-0.00119252,0.00197024,-0.02458596,-0.00774626,0.01279817,-0.00131301,0.78767396,2.35153059,-0.00292287,-0.03073029,0.01736284,-0.04004578,-21.88432667,-0.00336282,0.14217096,0.29901551,0.08470826,0.10212517,-21.58531116,0.08134544,0.07445690,-21.66323548,0.05670755,0.00092964,-0.00239658,0.00486346,-0.00086207,0.02953777,-0.01539260
0.310,-0.00042246,0.78526506,2.35641440,-0.00403457,-0.00127117,0.00210019,-0.02533925,-0.00798360,0.01319029,-0.00133929,0.78736446,2.35172926,-0.00284932,-0.03078513,0.01798878,-0.04127320,-21.88521398,-0.00342765,0.15101326,0.32804955,0.08911285,0.10974006,-21.55716443,0.08568520,0.08445997,-21.63069295,0.06172771,0.00091683,-0.00209940,0.00468514,-0.00118525,0.02951396,-0.01588859
0.320,-0.00046409,0.78525194,2.35643607,-0.00429172,-0.00135218,0.00223404,-0.02608834,-0.00821961,0.01358023,-0.00136431,0.78705664,2.35193394,-0.00276240,-0.03078425,0.01860868,-0.04249382,-21.88611261,-0.00348827,0.15900993,0.35551052,0.09316785,0.11651610,-21.53060209,0.08967958,0.09369078,-21.59960606,0.06643343,0.00090022,-0.00180470,0.00450213,-0.00152932,0.02943207,-0.01637464
0.330,-0.00050832,0.78523801,2.35645910,-0.00455633,-0.00143555,0.00237179,-0.02683324,-0.00845431,0.01396799,-0.00138796,0.78675101,2.35214453,-0.00266311,-0.03072906,0.01922122,-0.04370769,-21.88702261,-0.00354447,0.16614601,0.38136088,0.09686749,0.12243831,-21.50566174,0.09332302,0.10212517,-21.57002941,0.07081602,0.00087964,-0.00151300,0.00431457,-0.00189322,0.02929351,-0.01684943
0.340,-0.00055524,0.78522322,2.35648352,-0.00482837,-0.00152127,0.00251340,-0.02757396,-0.00868769,0.01435357,-0.00141017,0.78644804,2.35236090,-0.00255244,-0.03062110,0.01982504,-0.04491481,-21.88794528,-0.00359638,0.17240531,0.40556155,0.10020572,0.12749049,-21.48238372,0.09660934,0.10974006,-21.54201581,0.07486695,0.00085493,-0.00122482,0.00412262,-0.00227593,0.02909983,-0.01731164
0.350,-0.00060491,0.78520757,2.35650938,-0.00510779,-0.00160930,0.00265885,-0.02831051,-0.00891975,0.01473698,-0.00143085,0.78614819,2.35258290,-0.00243146,-0.03046202,0.02041878,-0.04611521,-21.88888025,-0.00364367,0.17777937,0.42808893,0.10317993,0.13166416,-21.46079133,0.09953626,0.11651610,-21.51560970,0.07857959,0.00082594,-0.00094062,0.00392648,-0.00267633,0.02885272,-0.01775993
0.360,-0.00065742,0.78519103,2.35653671,-0.00539456,-0.00169966,0.00280813,-0.02904289,-0.00915050,0.01511822,-0.00144996,0.78585191,2.35281038,-0.00230125,-0.03025354,0.02100105,-0.04730888,-21.88982825,-0.00368634,0.18225851,0.44891785,0.10578715,0.13494963,-21.44091039,0.10210081,0.12243831,-21.49084768,0.08194909,0.00079254,-0.00066088,0.00372633,-0.00309331,0.02855388,-0.01819292
0.370,-0.00071283,0.78517357,2.35656555,-0.00568864,-0.00179231,0.00296121,-0.02977111,-0.00937994,0.01549729,-0.00146744,0.78555962,2.35304316,-0.00216294,-0.02999749,0.02157049,-0.04849586,-21.89078988,-0.00372431,0.18583768,0.46803063,0.10802611,0.13734183,-21.42275925,0.10430180,0.12749049,-21.46776906,0.08496995,0.00075461,-0.00038605,0.00352239,-0.00352570,0.02820518,-0.01860928
0.380,-0.00077122,0.78515518,2.35659595,-0.00598997,-0.00188725,0.00311807,-0.03049519,-0.00960807,0.01587421,-0.00148326,0.78527171,2.35328108,-0.00201766,-0.02969575,0.02212571,-0.04967616,-21.89176512,-0.00375732,0.18851483,0.48541772,0.10989740,0.13883867,-21.40634740,0.10614008,0.13166416,-21.44639606,0.08764057,0.00071204,-0.00011653,0.00331487,-0.00397231,0.02780850,-0.01900764
0.390,-0.00083265,0.78513582,2.35662793,-0.00629853,-0.00198447,0.00327868,-0.03121511,-0.00983490,0.01624896,-0.00149739,0.78498857,2.35352392,-0.00186659,-0.02935029,0.02266535,-0.05084977,-21.89275503,-0.00378549,0.19028880,0.50106891,0.11140131,0.13943903,-21.39168612,0.10761582,0.13494963,-21.42675344,0.08995867,0.00066474,0.00014725,0.00310401,-0.00443194,0.02736582,-0.01938667
0.400,-0.00089721,0.78511548,2.35666153,-0.00661426,-0.00208394,0.00344304,-0.03193091,-0.01006042,0.01662157,-0.00150983,0.78471055,2.35377148,-0.00171091,-0.02896313,0.02318806,-0.05201676,-21.89375961,-0.00380862,0.19116218,0.51498494,0.11254066,0.13914542,-21.37877467,0.10873204,0.13734183,-21.40885841,0.09192371,0.00061262,0.00040493,0.00289005,-0.00490335,0.02687919,-0.01974502
0.410,-0.00096496,0.78509413,2.35669680,-0.00693713,-0.00218567,0.00361111,-0.03264257,-0.01028465,0.01699202,-0.00152057,0.78443799,2.35402354,-0.00155182,-0.02853637,0.02369251,-0.05317710,-21.89477947,-0.00382659,0.19113993,0.52716885,0.11331884,0.13796284,-21.36761062,0.10949226,0.13883867,-21.39271937,0.09353715,0.00055561,0.00065614,0.00267326,-0.00538531,0.02635070,-0.02008140
0.420,-0.00103598,0.78507176,2.35673377,-0.00726710,-0.00228963,0.00378287,-0.03335011,-0.01050757,0.01736033,-0.00152964,0.78417120,2.35427986,-0.00139052,-0.02807211,0.02417739,-0.05433081,-21.89581464,-0.00383924,0.19022954,0.53763077,0.11374066,0.13589873,-21.35818387,0.10990143,0.13943903,-21.37834644,0.09479980,0.00049366,0.00090056,0.00245391,-0.00587658,0.02578248,-0.02039452
0.430,-0.00111033,0.78504833,2.35677247,-0.00760412,-0.00239582,0.00395831,-0.03405354,-0.01072920,0.01772650,-0.00153705,0.78391046,2.35454020,-0.00122824,-0.02757254,0.02464143,-0.05547793,-21.89686616,-0.00384664,0.18843989,0.54638112,0.11381105,0.13296196,-21.35048504,0.10996441,0.13914542,-21.36573777,0.09571526,0.00042672,0.00113787,0.00223227,-0.00637588,0.02517672,-0.02068312
0.440,-0.00118808,0.78502384,2.35681294,-0.00794815,-0.00250421,0.00413740,-0.03475286,-0.01094953,0.01809053,-0.00154285,0.78365604,2.35480429,-0.00106618,-0.02703985,0.02508339,-0.05661845,-21.89793373,-0.00384853,0.18578420,0.55344164,0.11353737,0.12916576,-21.34449209,0.10968884,0.13796284,-21.35488973,0.09628763,0.00035477,0.00136780,0.00200865,-0.00688197,0.02453564,-0.02094599
0.450,-0.00126931,0.78499824,2.35685523,-0.00829916,-0.00261480,0.00432011,-0.03544808,-0.01116857,0.01845243,-0.00154709,0.78340819,2.35507187,-0.00090557,-0.02647627,0.02550206,-0.05775239,-21.89901852,-0.00384489,0.18227455,0.55883104,0.11292648,0.12452216,-21.34018748,0.10908159,0.13589873,-21.34579111,0.09652239,0.00027778,0.00159005,0.00178336,-0.00739359,0.02386147,-0.02118195
0.460,-0.00135409,0.78497153,2.35689936,-0.00865710,-0.00272758,0.00450644,-0.03613921,-0.01138633,0.01881219,-0.00154983,0.78316712,2.35534266,-0.00074762,-0.02588404,0.02589630,-0.05887980,-21.90012040,-0.00383561,0.17792791,0.56257850,0.11198727,0.11904811,-21.33754191,0.10815167,0.13296196,-21.33843136,0.09642490,0.00019574,0.00180441,0.00155670,-0.00790948,0.02315646,-0.02138986
0.470,-0.00144248,0.78494368,2.35694537,-0.00902193,-0.00284253,0.00469635,-0.03682625,-0.01160279,0.01916983,-0.00155114,0.78293302,2.35561637,-0.00059354,-0.02526543,0.02626500,-0.06000064,-21.90123997,-0.00382059,0.17276229,0.56471403,0.11072892,0.11276165,-21.33652593,0.10690834,0.12916576,-21.33278729,0.09600330,0.00010866,0.00201066,0.00132900,-0.00842839,0.02242290,-0.02156865
0.480,-0.00153455,0.78491467,2.35699330,-0.00939361,-0.00295963,0.00488983,-0.03750922,-0.01181797,0.01952535,-0.00155112,0.78270607,2.35589271,-0.00044452,-0.02462271,0.02660710,-0.06111498,-21.90237756,-0.00379971,0.16679779,0.56527311,0.10916179,0.10568282,-21.33710445,0.10536208,0.12452216,-21.32884021,0.09526488,0.00001657,0.00220860,0.00110059,-0.00894909,0.02166308,-0.02171727
0.490,-0.00163037,0.78488448,2.35704318,-0.00977210,-0.00307888,0.00508685,-0.03818812,-0.01203187,0.01987875,-0.00154985,0.78248643,2.35617136,-0.00030173,-0.02395814,0.02692162,-0.06222280,-21.90353358,-0.00377290,0.16005586,0.56429384,0.10729671,0.09783305,-21.33923975,0.10352382,0.11904811,-21.32655970,0.09421907,-0.00008052,0.00239805,0.00087182,-0.00947037,0.02087926,-0.02183477
0.500,-0.00173002,0.78485309,2.35709505,-0.01015736,-0.00320026,0.00528739,-0.03886295,-0.01224449,0.02023003,-0.00154745,0.78227422,2.35645201,-0.00016636,-0.02327397,0.02720764,-0.06332413,-21.90470834,-0.00374001,0.15255950,0.56181861,0.10514549,0.08923537,-21.34288973,0.10140548,0.11276165,-21.32591519,0.09287550,-0.00018257,0.00257887,0.00064304,-0.00999100,0.02007371,-0.02192025
0.510,-0.00183354,0.78482047,2.35714894,-0.01054935,-0.00332377,0.00549144,-0.03953373,-0.01245583,0.02057920,-0.00154404,0.78206954,2.35673436,-0.00003954,-0.02257247,0.02746428,-0.06441899,-21.90590253,-0.00370106,0.14433421,0.55789141,0.10272020,0.07991522,-21.34801112,0.09901915,0.10568282,-21.32687047,0.09124499,-0.00028950,0.00275093,0.00041458,-0.01050981,0.01924870,-0.02197284
0.520,-0.00194103,0.78478661,2.35720489,-0.01094802,-0.00344938,0.00569897,-0.04020046,-0.01266590,0.02092627,-0.00153975,0.78187248,2.35701806,0.00007761,-0.02185586,0.02769075,-0.06550738,-21.90711618,-0.00365582,0.13540575,0.55256223,0.10003420,0.06989836,-21.35455395,0.09637837,0.09783305,-21.32938673,0.08933874,-0.00040128,0.00291413,0.00018683,-0.01102563,0.01840648,-0.02199178
0.530,-0.00205253,0.78475148,2.35726293,-0.01135334,-0.00357708,0.00590996,-0.04086315,-0.01287469,0.02127123,-0.00153472,0.78168310,2.35730279,0.00018399,-0.02112636,0.02788633,-0.06658934,-21.90834996,-0.00360431,0.12580235,0.54588098,0.09710074,0.05921301,-21.36246898,0.09349643,0.08923537,-21.33342082,0.08716894,-0.00051781,0.00306838,-0.00003986,-0.01153733,0.01754928,-0.02197637
0.540,-0.00216811,0.78471506,2.35732310,-0.01176527,-0.00370687,0.00612439,-0.04152181,-0.01308221,0.02161409,-0.00152910,0.78150144,2.35758821,0.00027853,-0.02038613,0.02805039,-0.06766487,-21.90960422,-0.00354638,0.11555292,0.53790168,0.09393399,0.04788805,-21.37170254,0.09038761,0.07991522,-21.33892839,0.08474787,-0.00063901,0.00321362,-0.00026511,-0.01204380,0.01667926,-0.02192600
0.550,-0.00228785,0.78467733,2.35738543,-0.01218377,-0.00383872,0.00634224,-0.04217644,-0.01328847,0.02195486,-0.00152305,0.78132753,2.35787400,0.00036019,-0.01963733,0.02818234,-0.06873399,-21.91087934,-0.00348196,0.10468695,0.52868036,0.09054842,0.03595296,-21.38219898,0.08706646,0.06989836,-21.34585848,0.08208927,-0.00076480,0.00334980,-0.00048857,-0.01254396,0.01579861,-0.02184010
0.560,-0.00241181,0.78463828,2.35744995,-0.01260879,-0.00397263,0.00656348,-0.04282705,-0.01349346,0.02229353,-0.00151673,0.78116137,2.35815979,0.00042796,-0.01888207,0.02828171,-0.06979671,-21.91217540,-0.00341091,0.09323627,0.51827654,0.08695917,0.02343956,-21.39389887,0.08354826,0.05921301,-21.35416084,0.07920651,-0.00089508,0.00347691,-0.00070984,-0.01303675,0.01490944,-0.02171823
0.570,-0.00254005,0.78459787,2.35751671,-0.01304030,-0.00410859,0.00678810,-0.04347366,-0.01369718,0.02263012,-0.00151034,0.78100294,2.35844527,0.00048087,-0.01812241,0.02834810,-0.07085307,-21.91349326,-0.00333317,0.08123233,0.50674861,0.08318127,0.01037926,-21.40674465,0.07984810,0.04788805,-21.36378082,0.07611398,-0.00102971,0.00359493,-0.00092856,-0.01352117,0.01401382,-0.02156000
0.580,-0.00267264,0.78455610,2.35758573,-0.01347825,-0.00424657,0.00701607,-0.04411625,-0.01389964,0.02296463,-0.00150405,0.78085219,2.35873007,0.00051798,-0.01736037,0.02838119,-0.07190304,-21.91483277,-0.00324859,0.06870868,0.49416083,0.07923068,-0.00319437,-21.42067195,0.07598208,0.03595296,-21.37466185,0.07282623,-0.00116859,0.00370391,-0.00114434,-0.01399623,0.01311380,-0.02136512
0.590,-0.00280964,0.78451294,2.35765704,-0.01392261,-0.00438657,0.00724738,-0.04475486,-0.01410084,0.02329705,-0.00149805,0.78070909,2.35901387,0.00053839,-0.01659792,0.02838075,-0.07294670,-21.91619464,-0.00315718,0.05569824,0.48057480,0.07512282,-0.01724846,-21.43561984,0.07196563,0.02343956,-21.38674358,0.06935855,-0.00131159,0.00380385,-0.00135683,-0.01446100,0.01221135,-0.02113337
0.600,-0.00295111,0.78446836,2.35773069,-0.01437333,-0.00452858,0.00748201,-0.04538947,-0.01430079,0.02362739,-0.00149255,0.78057355,2.35929631,0.00054124,-0.01583697,0.02834663,-0.07398401,-21.91757941,-0.00305880,0.04223510,0.46605472,0.07087372,-0.03174891,-21.45152469,0.06781492,0.01037926,-21.39996759,0.06572596,-0.00145856,0.00389481,-0.00156562,-0.01491457,0.01130839,-0.02086462
0.610,-0.00309713,0.78442236,2.35780669,-0.01483038,-0.00467259,0.00771993,-0.04602010,-0.01449948,0.02395567,-0.00148776,0.78044548,2.35957706,0.00052571,-0.01507938,0.02827879,-0.07501502,-21.91898699,-0.00295337,0.02835352,0.45066731,0.06649957,-0.04666150,-21.46831968,0.06354620,-0.00319437,-21.41426865,0.06194445,-0.00160937,0.00397688,-0.00177037,-0.01535609,0.01040679,-0.02055886
0.620,-0.00324774,0.78437490,2.35788509,-0.01529372,-0.00481857,0.00796111,-0.04664676,-0.01469692,0.02428187,-0.00148389,0.78032478,2.35985579,0.00049104,-0.01432693,0.02817726,-0.07603973,-21.92041825,-0.00284083,0.01408870,0.43447753,0.06201641,-0.06195103,-21.48594072,0.05917557,-0.01724846,-21.42958504,0.05802930,-0.00176385,0.00405012,-0.00197070,-0.01578476,0.00950836,-0.02021615
0.630,-0.00340302,0.78432598,2.35796593,-0.01576330,-0.00496652,0.00820556,-0.04726945,-0.01489311,0.02460601,-0.00148116,0.78021134,2.36013216,0.00043647,-0.01358136,0.02804216,-0.07705817,-21.92187291,-0.00272091,-0.00052372,0.41755536,0.05744115,-0.07758189,-21.50431755,0.05472024,-0.03174891,-21.44585237,0.05399648,-0.00192186,0.00411464,-0.00216623,-0.01619977,0.00861484,-0.01983660
0.640,-0.00356303,0.78427557,2.35804922,-0.01623910,-0.00511643,0.00845323,-0.04788818,-0.01508806,0.02492809,-0.00147980,0.78010501,2.36040584,0.00036133,-0.01284432,0.02787372,-0.07807035,-21.92335179,-0.00259373,-0.01544974,0.39996481,0.05278915,-0.09352009,-21.52338698,0.05019542,-0.04666150,-21.46300308,0.04986201,-0.00208323,0.00417056,-0.00235662,-0.01660043,0.00772789,-0.01942049
0.650,-0.00372782,0.78422364,2.35813500,-0.01672106,-0.00526828,0.00870411,-0.04850296,-0.01528175,0.02524812,-0.00148004,0.78000564,2.36067652,0.00026498,-0.01211740,0.02767223,-0.07907627,-21.92485549,-0.00245922,-0.03065382,0.38177249,0.04807643,-0.10973010,-21.54308299,0.04561721,-0.06195103,-21.48097240,0.04564169,-0.00224778,0.00421800,-0.00254152,-0.01698604,0.00684912,-0.01896812
0.660,-0.00389747,0.78417019,2.35822331,-0.01720914,-0.00542206,0.00895818,-0.04911379,-0.01547421,0.02556608,-0.00148212,0.77991308,2.36094388,0.00014681,-0.01140212,0.02743809,-0.08007598,-21.92638376,-0.00231712,-0.04610041,0.36304857,0.04331965,-0.12617638,-21.56333519,0.04100253,-0.07758189,-21.49968941,0.04135239,-0.00241535,0.00425711,-0.00272057,-0.01735595,0.00598006,-0.01847991
0.670,-0.00407203,0.78411520,2.35831417,-0.01770332,-0.00557776,0.00921543,-0.04972069,-0.01566542,0.02588200,-0.00148627,0.77982714,2.36120760,0.00000629,-0.01069992,0.02717180,-0.08106947,-21.92793703,-0.00216742,-0.06175444,0.34385920,0.03853438,-0.14282391,-21.58407783,0.03636696,-0.09352009,-21.51909031,0.03700896,-0.00258576,0.00428806,-0.00289343,-0.01770961,0.00512216,-0.01795637
0.680,-0.00425156,0.78405863,2.35840763,-0.01820354,-0.00573536,0.00947582,-0.05032366,-0.01585540,0.02619588,-0.00149275,0.77974765,2.36146741,-0.00015710,-0.01001218,0.02687391,-0.08205678,-21.92951616,-0.00201005,-0.07758183,0.32426876,0.03373589,-0.15963861,-21.60524741,0.03172584,-0.10973010,-21.53910852,0.03262708,-0.00275881,0.00431098,-0.00305978,-0.01804644,0.00427682,-0.01739809
0.690,-0.00443612,0.78400048,2.35850370,-0.01870978,-0.00589486,0.00973934,-0.05092270,-0.01604414,0.02650771,-0.00150179,0.77967441,2.36172299,-0.00034381,-0.00934017,0.02654510,-0.08303790,-21.93112107,-0.00184493,-0.09354781,0.30434419,0.02893962,-0.17658571,-21.62677688,0.02709468,-0.12617638,-21.55967311,0.02822321,-0.00293433,0.00432607,-0.00321929,-0.01836597,0.00344531,-0.01680576
0.700,-0.00462577,0.78394073,2.35860243,-0.01922198,-0.00605624,0.01000596,-0.05151783,-0.01623165,0.02681750,-0.00151364,0.77960721,2.36197408,-0.00055423,-0.00868512,0.02618609,-0.08401286,-21.93275202,-0.00167188,-0.10961801,0.28415127,0.02416088,-0.19363087,-21.64860075,0.02248901,-0.14282391,-21.58071785,0.02381242,-0.00311213,0.00433352,-0.00337165,-0.01866775,0.00262888,-0.01618013
0.710,-0.00482058,0.78387935,2.35870383,-0.01974012,-0.00621949,0.01027568,-0.05210906,-0.01641792,0.02712526,-0.00152856,0.77954584,2.36222041,-0.00078874,-0.00804815,0.02579773,-0.08498169,-21.93440981,-0.00149100,-0.12576076,0.26375052,0.01941355,-0.21074245,-21.67065930,0.01792255,-0.15963861,-21.60217879,0.01940952,-0.00329202,0.00433351,-0.00351658,-0.01895138,0.00182866,-0.01552205
0.720,-0.00502059,0.78381633,2.35880795,-0.02026415,-0.00638460,0.01054846,-0.05269638,-0.01660297,0.02743099,-0.00154681,0.77949007,2.36246172,-0.00104763,-0.00743032,0.02538091,-0.08594439,-21.93609441,-0.00130204,-0.14194155,0.24320694,0.01471251,-0.22788594,-21.69288747,0.01341046,-0.17658571,-21.62398846,0.01502945,-0.00347378,0.00432626,-0.00365377,-0.01921652,0.00104572,-0.01483245
0.730,-0.00522588,0.78375165,2.35891481,-0.02079404,-0.00655155,0.01082429,-0.05327981,-0.01678679,0.02773469,-0.00156862,0.77943968,2.36269775,-0.00133118,-0.00683261,0.02493663,-0.08690097,-21.93780626,-0.00110499,-0.15812966,0.22258041,0.01007127,-0.24503063,-21.71522584,0.00896628,-0.19363087,-21.64608102,0.01068712,-0.00365726,0.00431197,-0.00378294,-0.01946286,0.00028106,-0.01411234
0.740,-0.00543649,0.78368530,2.35902445,-0.02132974,-0.00672033,0.01110315,-0.05385935,-0.01696938,0.02803637,-0.00159427,0.77939442,2.36292829,-0.00163959,-0.00625590,0.02446595,-0.08785146,-21.93954536,-0.00089964,-0.17429226,0.20193247,0.00550368,-0.26214371,-21.73761290,0.00460404,-0.21074245,-21.66839641,0.00639560,-0.00384222,0.00429088,-0.00390384,-0.01969015,-0.00046443,-0.01336280
0.750,-0.00565249,0.78361724,2.35913688,-0.02187121,-0.00689093,0.01138501,-0.05443501,-0.01715076,0.02833603,-0.00162401,0.77935406,2.36315311,-0.00197304,-0.00570102,0.02397000,-0.08879587,-21.94131287,-0.00068620,-0.19040122,0.18131600,0.00102145,-0.27919709,-21.75999688,0.00033525,-0.22788594,-21.69086929,0.00216939,-0.00402848,0.00426318,-0.00401623,-0.01989817,-0.00118991,-0.01258499
0.760,-0.00587394,0.78354747,2.35925216,-0.02241842,-0.00706334,0.01166986,-0.05500681,-0.01733091,0.02863368,-0.00165808,0.77931834,2.36337201,-0.00233165,-0.00516869,0.02344998,-0.08973423,-21.94310834,-0.00046426,-0.20642550,0.16079135,-0.00336196,-0.29615973,-21.78231699,-0.00382621,-0.24503063,-21.71343999,-0.00197870,-0.00421586,0.00422913,-0.00411985,-0.02008677,-0.00189465,-0.01178012
0.770,-0.00610088,0.78347597,2.35937029,-0.02297133,-0.00723754,0.01195768,-0.05557474,-0.01750985,0.02892931,-0.00169675,0.77928702,2.36358480,-0.00271549,-0.00465958,0.02290719,-0.09066655,-21.94493237,-0.00023394,-0.22233655,0.14041064,-0.00763536,-0.31300310,-21.80452172,-0.00786930,-0.26214371,-21.73604678,-0.00603536,-0.00440413,0.00418895,-0.00421451,-0.02025584,-0.00257796,-0.01094951
0.780,-0.00633338,0.78340271,2.35949132,-0.02352990,-0.00741353,0.01224844,-0.05613881,-0.01768757,0.02922294,-0.00174027,0.77925983,2.36379130,-0.00312460,-0.00417426,0.02234295,-0.09159283,-21.94678548,0.00000488,-0.23810777,0.12022466,-0.01178765,-0.32970060,-21.82656083,-0.01178277,-0.27919709,-21.75863772,-0.00998986,-0.00459311,0.00414288,-0.00429998,-0.02040530,-0.00323927,-0.01009451
0.790,-0.00657150,0.78332769,2.35961527,-0.02409410,-0.00759129,0.01254213,-0.05669903,-0.01786408,0.02951457,-0.00178889,0.77923653,2.36399136,-0.00355896,-0.00371324,0.02175866,-0.09251310,-21.94866756,0.00025236,-0.25371211,0.10028512,-0.01580787,-0.34622521,-21.84838244,-0.01555551,-0.29615973,-21.78115190,-0.01382911,-0.00478261,0.00409116,-0.00437609,-0.02053514,-0.00387805,-0.00921653
0.800,-0.00681528,0.78325088,2.35974217,-0.02466387,-0.00777081,0.01283873,-0.05725542,-0.01803938,0.02980419,-0.00184286,0.77921685,2.36418483,-0.00401852,-0.00327694,0.02115578,-0.09342740,-21.95057927,0.00050848,-0.26912409,0.08063781,-0.01968638,-0.36255149,-21.86994146,-0.01917789,-0.31300310,-21.80353769,-0.01754287,-0.00497242,0.00403403,-0.00444266,-0.02064535,-0.00449387,-0.00831705
0.810,-0.00706479,0.78317227,2.35987205,-0.02523919,-0.00795207,0.01313821,-0.05780797,-0.01821347,0.03009182,-0.00190244,0.77920053,2.36437159,-0.00450319,-0.00286573,0.02053582,-0.09433571,-21.95252069,0.00077339,-0.28431989,0.06132858,-0.02341367,-0.37865560,-21.89119211,-0.02264028,-0.32970060,-21.82574479,-0.02112073,-0.00516235,0.00397174,-0.00449954,-0.02073600,-0.00508634,-0.00739761
0.820,-0.00732008,0.78309184,2.36000495,-0.02582002,-0.00813507,0.01344056,-0.05835669,-0.01838635,0.03037746,-0.00196785,0.77918731,2.36455153,-0.00501283,-0.00247987,0.01990034,-0.09523805,-21.95449213,0.00104724,-0.29927627,0.04240014,-0.02698097,-0.39451432,-21.91209199,-0.02593374,-0.34622521,-21.84772129,-0.02455245,-0.00535223,0.00390453,-0.00454658,-0.02080719,-0.00565520,-0.00645978
0.830,-0.00758121,0.78300956,2.36014087,-0.02640631,-0.00831980,0.01374575,-0.05890159,-0.01855804,0.03066110,-0.00203936,0.77917692,2.36472456,-0.00554726,-0.00211959,0.01925094,-0.09613447,-21.95649450,0.00132980,-0.31397308,0.02388862,-0.03038130,-0.41010755,-21.93260588,-0.02905150,-0.36255149,-21.86942210,-0.02782926,-0.00554185,0.00383264,-0.00458369,-0.02085905,-0.00620021,-0.00550519
0.840,-0.00784823,0.78292543,2.36027987,-0.02699804,-0.00850623,0.01405377,-0.05944269,-0.01872852,0.03094277,-0.00211719,0.77916911,2.36489060,-0.00610627,-0.00178502,0.01858926,-0.09702496,-21.95852736,0.00162150,-0.32838801,0.00583620,-0.03360613,-0.42541297,-21.95269116,-0.03198463,-0.37865560,-21.89080146,-0.03094239,-0.00573104,0.00375632,-0.00461073,-0.02089177,-0.00672121,-0.00453549
0.850,-0.00812119,0.78283943,2.36042196,-0.02759515,-0.00869436,0.01436460,-0.05997997,-0.01889780,0.03122245,-0.00220159,0.77916361,2.36504960,-0.00668962,-0.00147624,0.01791699,-0.09790953,-21.96059121,0.00192228,-0.34250223,-0.01172405,-0.03664935,-0.44041175,-21.97231526,-0.03472707,-0.39451432,-21.91181703,-0.03388383,-0.00591960,0.00367582,-0.00462764,-0.02090553,-0.00721812,-0.00355239
0.860,-0.00840015,0.78275154,2.36056717,-0.02819763,-0.00888418,0.01467822,-0.06051346,-0.01906589,0.03150016,-0.00229278,0.77916016,2.36520153,-0.00729701,-0.00119327,0.01723585,-0.09878822,-21.96268646,0.00223219,-0.35629848,-0.02876061,-0.03950513,-0.45508670,-21.99144706,-0.03727294,-0.41010755,-21.93243370,-0.03664770,-0.00610737,0.00359138,-0.00463436,-0.02090062,-0.00769091,-0.00255763
0.870,-0.00868516,0.78266174,2.36071553,-0.02880541,-0.00907568,0.01499460,-0.06104316,-0.01923278,0.03177589,-0.00239100,0.77915852,2.36534635,-0.00792813,-0.00093606,0.01654756,-0.09966103,-21.96481346,0.00255132,-0.36976006,-0.04524444,-0.04216836,-0.46942109,-22.01005790,-0.03961704,-0.42541297,-21.95260895,-0.03922599,-0.00629416,0.00350322,-0.00463082,-0.02087728,-0.00813962,-0.00155296
0.880,-0.00897628,0.78257002,2.36086707,-0.02941848,-0.00926883,0.01531373,-0.06156908,-0.01939848,0.03204966,-0.00249646,0.77915842,2.36548408,-0.00858263,-0.00070450,0.01585391,-0.10052798,-21.96697231,0.00287979,-0.38287171,-0.06114763,-0.04463425,-0.48339970,-22.02811994,-0.04175445,-0.44041175,-21.97231035,-0.04161354,-0.00647982,0.00341160,-0.00461701,-0.02083585,-0.00856433,-0.00054018
0.890,-0.00927355,0.78247636,2.36102182,-0.03003678,-0.00946364,0.01563558,-0.06209122,-0.01956299,0.03232146,-0.00260938,0.77915962,2.36561473,-0.00926014,-0.00049842,0.01515667,-0.10138909,-21.96916338,0.00321769,-0.39561914,-0.07644676,-0.04689910,-0.49700823,-22.04561014,-0.04368141,-0.45508670,-21.99150696,-0.04380542,-0.00666417,0.00331674,-0.00459291,-0.02077664,-0.00896522,0.00047891
0.900,-0.00957703,0.78238074,2.36117979,-0.03066029,-0.00966009,0.01596015,-0.06260960,-0.01972631,0.03259130,-0.00272999,0.77916187,2.36573834,-0.00996025,-0.00031762,0.01445764,-0.10224438,-21.97138719,0.00356495,-0.40799076,-0.09112216,-0.04896024,-0.51023514,-22.06250935,-0.04539530,-0.46942109,-22.01017030,-0.04579732,-0.00684704,0.00321887,-0.00455855,-0.02070004,-0.00934247,0.00150251
0.910,-0.00988677,0.78228315,2.36134103,-0.03128896,-0.00985817,0.01628740,-0.06312421,-0.01988845,0.03285918,-0.00285848,0.77916492,2.36585495,-0.01068251,-0.00016182,0.01375864,-0.10309385,-21.97364368,0.00392183,-0.41997440,-0.10515309,-0.05081468,-0.52306825,-22.07879677,-0.04689285,-0.48339970,-22.02827274,-0.04758526,-0.00702829,0.00311823,-0.00451392,-0.02060645,-0.00969635,0.00252876
0.920,-0.01020282,0.78218357,2.36150555,-0.03192276,-0.01005786,0.01661733,-0.06363507,-0.02004941,0.03312511,-0.00299507,0.77916855,2.36596465,-0.01142649,-0.00003070,0.01306147,-0.10393754,-21.97593336,0.00428827,-0.43156066,-0.11852515,-0.05246109,-0.53549820,-22.09445851,-0.04817281,-0.49700823,-22.04579146,-0.04916639,-0.00720775,0.00301502,-0.00445910,-0.02049627,-0.01002716,0.00355586
0.930,-0.01052524,0.78208199,2.36167338,-0.03256165,-0.01025915,0.01694990,-0.06414219,-0.02020918,0.03338908,-0.00313994,0.77917251,2.36606753,-0.01219169,0.00007608,0.01236795,-0.10477545,-21.97825631,0.00466442,-0.44274099,-0.13122440,-0.05389826,-0.54751644,-22.10948070,-0.04923384,-0.51023514,-22.06270757,-0.05053899,-0.00738530,0.00290948,-0.00439415,-0.02036996,-0.01033523,0.00458195
0.940,-0.01085407,0.78197839,2.36184456,-0.03320559,-0.01046204,0.01728510,-0.06464557,-0.02036778,0.03365112,-0.00329329,0.77917659,2.36616369,-0.01297761,0.00015895,0.01167989,-0.10560761,-21.98061284,0.00505041,-0.45350757,-0.14324007,-0.05512568,-0.55911518,-22.12385290,-0.05007527,-0.52306825,-22.07900054,-0.05170072,-0.00756078,0.00280180,-0.00431913,-0.02022798,-0.01062099,0.00560521
0.950,-0.01118937,0.78187275,2.36201909,-0.03385455,-0.01066650,0.01762292,-0.06514521,-0.02052520,0.03391121,-0.00345531,0.77918055,2.36625325,-0.01378373,0.00021833,0.01099911,-0.10643401,-21.98300351,0.00544611,-0.46385559,-0.15456635,-0.05614424,-0.57028960,-22.13756986,-0.05069813,-0.53549820,-22.09465675,-0.05265118,-0.00773406,0.00269220,-0.00423416,-0.02007082,-0.01088483,0.00662381
0.960,-0.01153118,0.78176505,2.36219702,-0.03450848,-0.01087254,0.01796332,-0.06564114,-0.02068145,0.03416936,-0.00362618,0.77918419,2.36633637,-0.01460952,0.00025471,0.01032738,-0.10725471,-21.98542860,0.00585172,-0.47377964,-0.16519734,-0.05695462,-0.58103435,-22.15062594,-0.05110289,-0.54751644,-22.10966263,-0.05338993,-0.00790500,0.00258086,-0.00413935,-0.01989896,-0.01112725,0.00763594
0.970,-0.01187956,0.78165529,2.36237837,-0.03516736,-0.01108013,0.01830630,-0.06613334,-0.02083653,0.03442558,-0.00380607,0.77918730,2.36641321,-0.01545441,0.00026859,0.00966648,-0.10806967,-21.98788792,0.00626739,-0.48327588,-0.17512804,-0.05755794,-0.59134555,-22.16301597,-0.05129055,-0.55911518,-22.12400803,-0.05391716,-0.00807349,0.00246799,-0.00403484,-0.01971295,-0.01134872,0.00863982
0.980,-0.01223455,0.78154344,2.36256316,-0.03583114,-0.01128926,0.01865182,-0.06662184,-0.02099044,0.03467986,-0.00399515,0.77918966,2.36648394,-0.01631784,0.00026053,0.00901817,-0.10887896,-21.99038224,0.00669304,-0.49234249,-0.18436050,-0.05795695,-0.60122145,-22.17474274,-0.05126390,-0.57028960,-22.13768803,-0.05423475,-0.00823940,0.00235378,-0.00392078,-0.01951330,-0.01154979,0.00963365
0.990,-0.01259620,0.78142950,2.36275141,-0.03649978,-0.01149993,0.01899989,-0.06710664,-0.02114319,0.03493222,-0.00419359,0.77919109,2.36654877,-0.01719923,0.00023108,0.00838418,-0.10968258,-21.99291139,0.00712882,-0.50097759,-0.19289467,-0.05815399,-0.61066017,-22.18580606,-0.05102517,-0.58103435,-22.15069731,-0.05434399,-0.00840261,0.00223841,-0.00379736,-0.01930055,-0.01173101,0.01061571
1.000,-0.01296456,0.78131344,2.36294316,-0.03717326,-0.01171212,0.01935046,-0.06758774,-0.02129477,0.03518266,-0.00440153,0.77919139,2.36660789,-0.01809798,0.00018085,0.00776620,-0.11048053,-21.99547596,0.00757480,-0.50918186,-0.20073617,-0.05815259,-0.61966238,-22.19621213,-0.05057779,-0.59134555,-22.16303103,-0.05424668,-0.00856303,0.00212205,-0.00366473,-0.01907528,-0.01189297,0.01158426
1.010,-0.01333968,0.78119525,2.36313843,-0.03785152,-0.01192582,0.01970353,-0.06806516,-0.02144519,0.03543118,-0.00461913,0.77919038,2.36666154,-0.01901350,0.00011043,0.00716590,-0.11127284,-21.99807611,0.00803104,-0.51695608,-0.20789082,-0.05795649,-0.62822892,-22.20596694,-0.04992546,-0.60122145,-22.17469233,-0.05394641,-0.00872055,0.00200487,-0.00352311,-0.01883802,-0.01203625,0.01253763
1.020,-0.01372160,0.78107492,2.36333724,-0.03853455,-0.01214102,0.02005908,-0.06853889,-0.02159445,0.03567778,-0.00484653,0.77918789,2.36670996,-0.01994517,0.00002047,0.00658492,-0.11205951,-22.00071198,0.00849762,-0.52430204,-0.21436662,-0.05757001,-0.63636155,-22.21507860,-0.04907239,-0.61066017,-22.18568135,-0.05344615,-0.00887507,0.00188703,-0.00337272,-0.01858938,-0.01216149,0.01347416
1.030,-0.01411038,0.78095243,2.36353962,-0.03922229,-0.01235771,0.02041708,-0.06900896,-0.02174255,0.03592247,-0.00508387,0.77918374,2.36675340,-0.02089238,-0.00008839,0.00602483,-0.11284059,-22.00338393,0.00897460,-0.53122350,-0.22017476,-0.05699810,-0.64406408,-22.22355869,-0.04802349,-0.61966238,-22.19600465,-0.05275008,-0.00902651,0.00176869,-0.00321378,-0.01832991,-0.01226932,0.01439225
1.040,-0.01450607,0.78082776,2.36374559,-0.03991472,-0.01257587,0.02077752,-0.06947536,-0.02188950,0.03616526,-0.00533128,0.77917777,2.36679215,-0.02185452,-0.00021549,0.00548719,-0.11361606,-22.00609242,0.00946200,-0.53772511,-0.22532860,-0.05624630,-0.65134118,-22.23142103,-0.04678430,-0.62822892,-22.20566855,-0.05186260,-0.00917479,0.00164999,-0.00304656,-0.01806020,-0.01236038,0.01529033
1.050,-0.01490869,0.78070090,2.36395518,-0.04061179,-0.01279549,0.02114038,-0.06993810,-0.02203529,0.03640614,-0.00558889,0.77916983,2.36682647,-0.02283097,-0.00036015,0.00497350,-0.11438596,-22.00883751,0.00995995,-0.54381023,-0.22984091,-0.05532004,-0.65819619,-22.23867842,-0.04536010,-0.63636155,-22.21468152,-0.05078860,-0.00931980,0.00153107,-0.00287129,-0.01778082,-0.01243534,0.01616688
1.060,-0.01531832,0.78057184,2.36416841,-0.04131347,-0.01301657,0.02150564,-0.07039720,-0.02217994,0.03664512,-0.00585680,0.77915976,2.36685667,-0.02382111,-0.00052172,0.00448519,-0.11515031,-22.01161935,0.01046851,-0.54948623,-0.23372797,-0.05422559,-0.66463654,-22.24534732,-0.04375708,-0.64406408,-22.22305548,-0.04953363,-0.00946152,0.00141208,-0.00268826,-0.01749236,-0.01249485,0.01702045
1.070,-0.01573498,0.78044057,2.36438530,-0.04201972,-0.01323909,0.02187328,-0.07085265,-0.02232344,0.03688220,-0.00613514,0.77914743,2.36688307,-0.02482431,-0.00069950,0.00402367,-0.11590910,-22.01443808,0.01098776,-0.55475843,-0.23700634,-0.05296931,-0.67066753,-22.25144442,-0.04198155,-0.65134118,-22.23080461,-0.04810386,-0.00959984,0.00129314,-0.00249777,-0.01719541,-0.01253959,0.01784961
1.080,-0.01615873,0.78030706,2.36460588,-0.04273051,-0.01346304,0.02224328,-0.07130447,-0.02246579,0.03711739,-0.00642401,0.77913271,2.36690597,-0.02583996,-0.00089281,0.00359027,-0.11666237,-22.01729435,0.01151771,-0.55963575,-0.23969732,-0.05155854,-0.67629812,-22.25699167,-0.04004083,-0.65819619,-22.23794205,-0.04650513,-0.00973472,0.00117435,-0.00230009,-0.01689055,-0.01257023,0.01865301
1.090,-0.01658960,0.78017130,2.36483017,-0.04344579,-0.01368840,0.02261562,-0.07175266,-0.02260700,0.03735070,-0.00672351,0.77911545,2.36692571,-0.02686745,-0.00110097,0.00318626,-0.11741012,-22.02018831,0.01205842,-0.56412544,-0.24182052,-0.05000037,-0.68153556,-22.26200884,-0.03794195,-0.66463654,-22.24448459,-0.04474420,-0.00986609,0.00105585,-0.00209554,-0.01657834,-0.01258743,0.01942936
1.100,-0.01702766,0.78003329,2.36505820,-0.04416555,-0.01391517,0.02299028,-0.07219722,-0.02274707,0.03758212,-0.00703373,0.77909555,2.36694264,-0.02790617,-0.00132331,0.00281287,-0.11815237,-22.02311974,0.01261010,-0.56823682,-0.24339583,-0.04830189,-0.68638919,-22.26651557,-0.03569179,-0.67066753,-22.25044926,-0.04282789,-0.00999393,0.00093774,-0.00188444,-0.01625938,-0.01259186,0.02017741
1.110,-0.01747293,0.77989299,2.36528999,-0.04488973,-0.01414334,0.02336726,-0.07263818,-0.02288600,0.03781166,-0.00735477,0.77907288,2.36695710,-0.02895552,-0.00155914,0.00247123,-0.11888915,-22.02608967,0.01317261,-0.57197964,-0.24444962,-0.04647162,-0.69086879,-22.27053928,-0.03329901,-0.67629812,-22.25585835,-0.04076399,-0.01011816,0.00082011,-0.00166711,-0.01593421,-0.01258420,0.02089603
1.120,-0.01792547,0.77975041,2.36552555,-0.04561830,-0.01437289,0.02374651,-0.07307553,-0.02302380,0.03803932,-0.00768670,0.77904734,2.36696946,-0.03001490,-0.00180781,0.00216244,-0.11962047,-22.02909771,0.01374610,-0.57536371,-0.24500337,-0.04451721,-0.69498418,-22.27410108,-0.03077111,-0.68153556,-22.26073193,-0.03855998,-0.01023877,0.00070307,-0.00144391,-0.01560340,-0.01256508,0.02158407
1.130,-0.01838531,0.77960553,2.36576493,-0.04635123,-0.01460381,0.02412804,-0.07350928,-0.02316046,0.03826511,-0.00802960,0.77901883,2.36698009,-0.03108372,-0.00206865,0.00188750,-0.12034633,-22.03214408,0.01433077,-0.57839870,-0.24508084,-0.04244644,-0.69874503,-22.27722492,-0.02811567,-0.68638919,-22.26508998,-0.03622314,-0.01035571,0.00058670,-0.00121516,-0.01526751,-0.01253516,0.02224054
1.140,-0.01885250,0.77945833,2.36600812,-0.04708847,-0.01483609,0.02451181,-0.07393944,-0.02329599,0.03848903,-0.00838355,0.77898725,2.36698936,-0.03216142,-0.00234102,0.00164737,-0.12106676,-22.03522943,0.01492642,-0.58109703,-0.24471084,-0.04026861,-0.70216379,-22.27994027,-0.02534219,-0.69086879,-22.26896022,-0.03376250,-0.01046895,0.00047108,-0.00098124,-0.01492705,-0.01249507,0.02286444
1.150,-0.01932709,0.77930881,2.36625517,-0.04783000,-0.01506973,0.02489781,-0.07436602,-0.02343039,0.03871108,-0.00874860,0.77895251,2.36699765,-0.03324742,-0.00262429,0.00144292,-0.12178177,-22.03835339,0.01553338,-0.58346922,-0.24391626,-0.03799135,-0.70525099,-22.28226965,-0.02245797,-0.69498418,-22.27236404,-0.03118588,-0.01057849,0.00035630,-0.00074248,-0.01458258,-0.01244544,0.02345489
1.160,-0.01980912,0.77915693,2.36650609,-0.04857578,-0.01530470,0.02528602,-0.07478903,-0.02356367,0.03893127,-0.00912482,0.77891453,2.36700536,-0.03434116,-0.00291783,0.00127494,-0.12249141,-22.04151708,0.01615146,-0.58552859,-0.24272842,-0.03562431,-0.70802000,-22.28424549,-0.01947284,-0.69874503,-22.27532569,-0.02850117,-0.01068430,0.00024240,-0.00049927,-0.01423462,-0.01238687,0.02401108
1.170,-0.02029862,0.77900271,2.36676090,-0.04932577,-0.01554100,0.02567643,-0.07520846,-0.02369582,0.03914961,-0.00951227,0.77887322,2.36701288,-0.03544211,-0.00322106,0.00114416,-0.12319563,-22.04471970,0.01678094,-0.58728488,-0.24116976,-0.03317522,-0.71048051,-22.28588946,-0.01639427,-0.70216379,-22.27787490,-0.02571810,-0.01078635,0.00012949,-0.00025198,-0.01388366,-0.01231994,0.02453227
1.180,-0.02079565,0.77884611,2.36701962,-0.05007994,-0.01577861,0.02606901,-0.07562433,-0.02382684,0.03936609,-0.00991100,0.77882852,2.36702060,-0.03654974,-0.00353338,0.00105122,-0.12389449,-22.04796229,0.01742169,-0.58875284,-0.23927240,-0.03065379,-0.71264732,-22.28723469,-0.01323210,-0.70525099,-22.28003449,-0.02284418,-0.01088465,0.00001759,-0.00000098,-0.01353020,-0.01224523,0.02501779
1.190,-0.02130024,0.77868713,2.36728228,-0.05083825,-0.01601753,0.02646374,-0.07603665,-0.02395675,0.03958072,-0.01032105,0.77878035,2.36702894,-0.03766353,-0.00385422,0.00099671,-0.12458800,-22.05124465,0.01807389,-0.58994358,-0.23706181,-0.02806826,-0.71453158,-22.28830646,-0.00999437,-0.70802000,-22.28183712,-0.01988943,-0.01097919,-0.00009322,0.00025334,-0.01317472,-0.01216331,0.02546703
1.200,-0.02181243,0.77852575,2.36754890,-0.05160066,-0.01625774,0.02686062,-0.07644542,-0.02408554,0.03979351,-0.01074246,0.77872865,2.36703828,-0.03878298,-0.00418304,0.00098111,-0.12527617,-22.05456718,0.01873757,-0.59087008,-0.23456698,-0.02542763,-0.71614625,-22.28913416,-0.00669006,-0.71048051,-22.28330470,-0.01686143,-0.01106997,-0.00020290,0.00051062,-0.01281768,-0.01207470,0.02587951
1.210,-0.02233226,0.77836197,2.36781950,-0.05236714,-0.01649924,0.02725961,-0.07685065,-0.02421322,0.04000445,-0.01117528,0.77867337,2.36704904,-0.03990760,-0.00451933,0.00100485,-0.12595902,-22.05792974,0.01941285,-0.59154454,-0.23181449,-0.02274038,-0.71750355,-22.28974423,-0.00332754,-0.71264732,-22.28447060,-0.01377013,-0.01115698,-0.00031140,0.00077046,-0.01245954,-0.01197991,0.02625476
1.220,-0.02285978,0.77819577,2.36809410,-0.05313766,-0.01674200,0.02766070,-0.07725235,-0.02433978,0.04021355,-0.01161953,0.77861445,2.36706162,-0.04103693,-0.00486256,0.00106826,-0.12663656,-22.06133274,0.02009973,-0.59198056,-0.22883339,-0.02001545,-0.71861712,-22.29016612,0.00008429,-0.71453158,-22.28536032,-0.01062361,-0.01124025,-0.00041868,0.00103248,-0.01210073,-0.01187944,0.02659244
1.230,-0.02339503,0.77802713,2.36837272,-0.05391218,-0.01698603,0.02806387,-0.07765053,-0.02446524,0.04042082,-0.01207524,0.77855183,2.36707644,-0.04217051,-0.00521227,0.00117160,-0.12730882,-22.06477663,0.02079823,-0.59219154,-0.22565300,-0.01726177,-0.71950036,-22.29042963,0.00353646,-0.71614625,-22.28600346,-0.00743088,-0.01131979,-0.00052470,0.00129628,-0.01174167,-0.01177376,0.02689227
1.240,-0.02393804,0.77785604,2.36865539,-0.05469066,-0.01723130,0.02846911,-0.07804519,-0.02458958,0.04062626,-0.01254244,0.77848548,2.36709390,-0.04330790,-0.00556800,0.00131507,-0.12797580,-22.06826144,0.02150848,-0.59218932,-0.22229949,-0.01448751,-0.72016512,-22.29056093,0.00702097,-0.71750355,-22.28642663,-0.00420027,-0.01139560,-0.00062944,0.00156149,-0.01138276,-0.01166330,0.02715404
1.250,-0.02448886,0.77768250,2.36894211,-0.05547307,-0.01747782,0.02887639,-0.07843634,-0.02471282,0.04082988,-0.01302115,0.77841535,2.36711439,-0.04444868,-0.00592932,0.00149876,-0.12863752,-22.07178718,0.02223049,-0.59198707,-0.21880007,-0.01170122,-0.72062458,-22.29058725,0.01052927,-0.71861712,-22.28665949,-0.00094063,-0.01146771,-0.00073285,0.00182772,-0.01102439,-0.01154850,0.02737763
1.260,-0.02504751,0.77750648,2.36923292,-0.05625937,-0.01772556,0.02928570,-0.07882399,-0.02483496,0.04103167,-0.01351139,0.77834140,2.36713834,-0.04559245,-0.00629582,0.00172272,-0.12929400,-22.07535442,0.02296431,-0.59159691,-0.21518229,-0.00891115,-0.72089091,-22.29053671,0.01405316,-0.71950036,-22.28673198,0.00233918,-0.01153612,-0.00083492,0.00209458,-0.01066692,-0.01142974,0.02756298
1.270,-0.02561406,0.77732798,2.36952783,-0.05704954,-0.01797451,0.02969702,-0.07920814,-0.02495599,0.04123164,-0.01401317,0.77826359,2.36716613,-0.04673882,-0.00666711,0.00198689,-0.12994524,-22.07896305,0.02371002,-0.59103235,-0.21147174,-0.00612530,-0.72097759,-22.29043479,0.01758472,-0.72016512,-22.28667045,0.00563128,-0.01160089,-0.00093561,0.00236170,-0.01031072,-0.01130740,0.02771013
1.280,-0.02618852,0.77714699,2.36982687,-0.05784353,-0.01822467,0.03011033,-0.07958881,-0.02507593,0.04142979,-0.01452650,0.77818189,2.36719817,-0.04788742,-0.00704283,0.00229115,-0.13059128,-22.08261317,0.02446776,-0.59030397,-0.20769277,-0.00335121,-0.72089525,-22.29030594,0.02111655,-0.72062458,-22.28650225,0.00892729,-0.01166202,-0.00103490,0.00262870,-0.00995611,-0.01118184,0.02781918
1.290,-0.02677094,0.77696348,2.37013005,-0.05864130,-0.01847603,0.03052561,-0.07996599,-0.02519476,0.04162613,-0.01505139,0.77809626,2.36723485,-0.04903790,-0.00742266,0.00263532,-0.13123210,-22.08630552,0.02523741,-0.58942553,-0.20387375,-0.00059730,-0.72065763,-22.29017927,0.02464010,-0.72089091,-22.28625564,0.01221925,-0.01171955,-0.00113278,0.00289520,-0.00960340,-0.01105337,0.02789029
1.300,-0.02736136,0.77677746,2.37043739,-0.05944283,-0.01872856,0.03094285,-0.08033970,-0.02531251,0.04182067,-0.01558785,0.77800669,2.36727656,-0.05018991,-0.00780628,0.00301912,-0.13186775,-22.09003968,0.02601915,-0.58840758,-0.20003526,0.00212976,-0.72027533,-22.29007493,0.02814891,-0.72097759,-22.28595622,0.01549946,-0.01177351,-0.00122923,0.00316083,-0.00925292,-0.01092228,0.02792373
1.310,-0.02795981,0.77658891,2.37074891,-0.06024809,-0.01898227,0.03136202,-0.08070995,-0.02542916,0.04201340,-0.01613588,0.77791315,2.36732367,-0.05134315,-0.00819341,0.00344222,-0.13249824,-22.09381605,0.02681300,-0.58726185,-0.19620201,0.00482254,-0.71976008,-22.29001805,0.03163554,-0.72089525,-22.28562853,0.01876079,-0.01182393,-0.00132424,0.00342524,-0.00890494,-0.01078886,0.02791980
1.320,-0.02856633,0.77639781,2.37106463,-0.06105702,-0.01923714,0.03178311,-0.08107674,-0.02554473,0.04220433,-0.01669548,0.77781560,2.36737657,-0.05249731,-0.00858380,0.00390421,-0.13312358,-22.09763508,0.02761895,-0.58599978,-0.19239735,0.00747397,-0.71912335,-22.29003242,0.03509292,-0.72065763,-22.28530180,0.02199501,-0.01187085,-0.00141779,0.00368806,-0.00855971,-0.01065334,0.02787890
1.330,-0.02918096,0.77620416,2.37138458,-0.06186961,-0.01949316,0.03220610,-0.08144008,-0.02565920,0.04239347,-0.01726664,0.77771402,2.36743563,-0.05365211,-0.00897719,0.00440462,-0.13374377,-22.10149649,0.02843721,-0.58463153,-0.18864041,0.01007803,-0.71837530,-22.29013690,0.03851524,-0.72027533,-22.28499624,0.02519599,-0.01191432,-0.00150986,0.00394895,-0.00821750,-0.01051597,0.02780148
1.340,-0.02980373,0.77600795,2.37170876,-0.06268581,-0.01975032,0.03263097,-0.08179997,-0.02577259,0.04258081,-0.01784937,0.77760840,2.36750121,-0.05480727,-0.00937339,0.00494290,-0.13435883,-22.10540058,0.02926773,-0.58316742,-0.18495237,0.01262812,-0.71752625,-22.29035294,0.04189584,-0.71976008,-22.28473706,0.02835667,-0.01195436,-0.00160045,0.00420755,-0.00787854,-0.01037693,0.02768807
1.350,-0.03043469,0.77580915,2.37203720,-0.06350560,-0.02000861,0.03305771,-0.08215643,-0.02588490,0.04276636,-0.01844365,0.77749872,2.36757366,-0.05596254,-0.00977220,0.00551845,-0.13496879,-22.10934799,0.03011048,-0.58161890,-0.18135480,0.01511791,-0.71658770,-22.29070279,0.04522840,-0.71912335,-22.28454810,0.03147037,-0.01199104,-0.00168957,0.00446354,-0.00754306,-0.01023641,0.02753926
1.360,-0.03107386,0.77560777,2.37236992,-0.06432893,-0.02026802,0.03348629,-0.08250946,-0.02599613,0.04295013,-0.01904948,0.77738494,2.36765333,-0.05711769,-0.01017346,0.00613060,-0.13557366,-22.11333826,0.03096570,-0.57999349,-0.17786243,0.01754249,-0.71556715,-22.29120069,0.04850819,-0.71837530,-22.28444828,0.03453171,-0.01202438,-0.00177717,0.00471659,-0.00721124,-0.01009456,0.02735569
1.370,-0.03172128,0.77540379,2.37270694,-0.06515577,-0.02052853,0.03391670,-0.08285907,-0.02610628,0.04313212,-0.01966685,0.77726707,2.36774056,-0.05827250,-0.01057702,0.00677862,-0.13617345,-22.11737180,0.03183337,-0.57830089,-0.17449339,0.01989636,-0.71447434,-22.29186519,0.05172973,-0.71752625,-22.28445909,0.03753450,-0.01205443,-0.00186328,0.00496638,-0.00688327,-0.00995151,0.02713808
1.380,-0.03237699,0.77519720,2.37304826,-0.06598610,-0.02079014,0.03434893,-0.08320527,-0.02621536,0.04331233,-0.02029575,0.77714507,2.36783567,-0.05942676,-0.01098276,0.00746173,-0.13676819,-22.12144888,0.03271342,-0.57655040,-0.17126466,0.02217421,-0.71331859,-22.29271354,0.05488763,-0.71658770,-22.28460281,0.04047286,-0.01208124,-0.00194787,0.00521259,-0.00655934,-0.00980738,0.02688720
1.390,-0.03304101,0.77498798,2.37339392,-0.06681987,-0.02105284,0.03478295,-0.08354806,-0.02632336,0.04349077,-0.02093616,0.77701893,2.36793898,-0.06058028,-0.01139057,0.00817909,-0.13735787,-22.12556977,0.03360601,-0.57474946,-0.16819066,0.02437165,-0.71210733,-22.29376043,0.05797766,-0.71556715,-22.28489369,0.04334260,-0.01210485,-0.00203095,0.00545494,-0.00623959,-0.00966227,0.02660386
1.400,-0.03371339,0.77477614,2.37374393,-0.06765705,-0.02131660,0.03521874,-0.08388745,-0.02643029,0.04366744,-0.02158806,0.77688863,2.36805080,-0.06173287,-0.01180037,0.00892981,-0.13794251,-22.12973408,0.03451126,-0.57290535,-0.16528213,0.02648492,-0.71084786,-22.29501621,0.06099618,-0.71447434,-22.28535031,0.04613875,-0.01212533,-0.00211249,0.00569313,-0.00592418,-0.00951623,0.02628893
1.410,-0.03439416,0.77456165,2.37409830,-0.06849761,-0.02158144,0.03565629,-0.08422344,-0.02653615,0.04384234,-0.02225145,0.77675416,2.36817142,-0.06288439,-0.01221209,0.00971293,-0.13852212,-22.13394259,0.03542904,-0.57102647,-0.16255486,0.02850938,-0.70954859,-22.29649745,0.06393842,-0.71331859,-22.28598991,0.04885648,-0.01214271,-0.00219251,0.00592688,-0.00561322,-0.00936935,0.02594336
1.420,-0.03508336,0.77434450,2.37445706,-0.06934151,-0.02184732,0.03609558,-0.08455606,-0.02664095,0.04401548,-0.02292631,0.77661549,2.36830113,-0.06403467,-0.01262568,0.01052748,-0.13909675,-22.13819537,0.03635949,-0.56911926,-0.16001849,0.03044186,-0.70821601,-22.29821386,0.06680136,-0.71210733,-22.28682720,0.05149210,-0.01215705,-0.00227099,0.00615593,-0.00530684,-0.00922164,0.02556810
1.430,-0.03578101,0.77412470,2.37482022,-0.07018872,-0.02211425,0.03653659,-0.08488530,-0.02674468,0.04418687,-0.02361261,0.77647262,2.36844021,-0.06518359,-0.01304111,0.01137241,-0.13966638,-22.14249199,0.03730275,-0.56718842,-0.15768007,0.03227971,-0.70685480,-22.30017207,0.06958247,-0.71084786,-22.28787251,0.05404258,-0.01216840,-0.00234792,0.00638001,-0.00500513,-0.00907314,0.02516418
1.440,-0.03648714,0.77390221,2.37518780,-0.07103920,-0.02238221,0.03697931,-0.08521116,-0.02684735,0.04435650,-0.02431034,0.77632552,2.36858890,-0.06633100,-0.01345836,0.01224665,-0.14023102,-22.14683348,0.03825869,-0.56524092,-0.15555185,0.03401941,-0.70547194,-22.30238533,0.07227809,-0.70954859,-22.28914239,0.05650374,-0.01217680,-0.00242331,0.00659890,-0.00470820,-0.00892385,0.02473266
1.450,-0.03720180,0.77367705,2.37555981,-0.07189293,-0.02265120,0.03742372,-0.08553367,-0.02694896,0.04452438,-0.02501949,0.77617417,2.36874746,-0.06747680,-0.01387743,0.01314909,-0.14079072,-22.15121913,0.03922749,-0.56328129,-0.15363721,0.03565926,-0.70407201,-22.30485634,0.07488676,-0.70821601,-22.29064654,0.05887316,-0.01218231,-0.00249712,0.00681235,-0.00441613,-0.00877377,0.02427463
1.460,-0.03792501,0.77344919,2.37593628,-0.07274986,-0.02292119,0.03786979,-0.08585282,-0.02704952,0.04469051,-0.02574002,0.77601856,2.36891613,-0.06862089,-0.01429833,0.01407856,-0.14134546,-22.15564961,0.04020918,-0.56131423,-0.15194354,0.03719702,-0.70265969,-22.30759315,0.07740620,-0.70685480,-22.29239157,0.06114898,-0.01218499,-0.00256937,0.00702015,-0.00412897,-0.00862286,0.02379123
1.470,-0.03865681,0.77321862,2.37631721,-0.07360997,-0.02319218,0.03831752,-0.08616862,-0.02714902,0.04485490,-0.02647192,0.77585867,2.36909513,-0.06976317,-0.01472106,0.01503389,-0.14189527,-22.16012513,0.04120368,-0.55934467,-0.15047648,0.03863071,-0.70123994,-22.31060162,0.07983439,-0.70547194,-22.29439069,0.06332815,-0.01218489,-0.00264005,0.00722208,-0.00384680,-0.00847112,0.02328363
1.480,-0.03939722,0.77298534,2.37670263,-0.07447322,-0.02346417,0.03876688,-0.08648108,-0.02724747,0.04501755,-0.02721517,0.77569447,2.36928467,-0.07090355,-0.01514568,0.01601386,-0.14244015,-22.16464548,0.04221120,-0.55737490,-0.14923696,0.03995963,-0.69981505,-22.31388244,0.08217083,-0.70407201,-22.29664658,0.06540987,-0.01218205,-0.00270913,0.00741796,-0.00356967,-0.00831849,0.02275302
1.490,-0.04014628,0.77274933,2.37709256,-0.07533958,-0.02373713,0.03921787,-0.08679022,-0.02734486,0.04517847,-0.02796974,0.77552595,2.36948494,-0.07204195,-0.01557220,0.01701723,-0.14298014,-22.16921105,0.04323175,-0.55540879,-0.14822796,0.04118271,-0.69838893,-22.31743901,0.08441446,-0.70265969,-22.29916726,0.06739254,-0.01217654,-0.00277662,0.00760762,-0.00329763,-0.00816493,0.02220064
1.500,-0.04090402,0.77251059,2.37748700,-0.07620902,-0.02401106,0.03967045,-0.08709602,-0.02744121,0.04533765,-0.02873561,0.77535309,2.36969614,-0.07317832,-0.01600068,0.01804273,-0.14351523,-22.17382182,0.04426531,-0.55344888,-0.14745002,0.04229932,-0.69696410,-22.32127184,0.08656463,-0.70123994,-22.30195855,0.06927478,-0.01216841,-0.00284250,0.00779086,-0.00303070,-0.00801038,0.02162772
1.510,-0.04167047,0.77226911,2.37788597,-0.07708149,-0.02428595,0.04012461,-0.08739851,-0.02753652,0.04549511,-0.02951276,0.77517587,2.36991842,-0.07431258,-0.01643118,0.01908907,-0.14404545,-22.17847790,0.04531196,-0.55149713,-0.14690243,0.04330937,-0.69554258,-22.32538033,0.08862133,-0.69981505,-22.30502110,0.07105678,-0.01215771,-0.00290676,0.00796755,-0.00276891,-0.00785477,0.02103554
1.520,-0.04244566,0.77202487,2.37828949,-0.07795698,-0.02456179,0.04058034,-0.08769768,-0.02763078,0.04565085,-0.03030118,0.77499425,2.37015194,-0.07544470,-0.01686375,0.02015495,-0.14457078,-22.18317969,0.04637171,-0.54955586,-0.14658491,0.04421278,-0.69412665,-22.32976459,0.09058449,-0.69838893,-22.30835828,0.07273816,-0.01214448,-0.00296938,0.00813755,-0.00251228,-0.00769804,0.02042539
1.530,-0.04322962,0.77177787,2.37869758,-0.07883544,-0.02483856,0.04103762,-0.08799356,-0.02772400,0.04580487,-0.03110082,0.77480823,2.37039686,-0.07657460,-0.01729845,0.02123905,-0.14509129,-22.18792702,0.04744469,-0.54762557,-0.14649291,0.04501044,-0.69271686,-22.33441993,0.09245513,-0.69696410,-22.31197056,0.07431896,-0.01212880,-0.00303036,0.00830072,-0.00226084,-0.00754011,0.01979857
1.540,-0.04402238,0.77152810,2.37911025,-0.07971684,-0.02511626,0.04149644,-0.08828613,-0.02781618,0.04595717,-0.03191167,0.77461777,2.37065329,-0.07770227,-0.01773535,0.02234003,-0.14560694,-22.19272007,0.04853090,-0.54570733,-0.14662320,0.04570303,-0.69131427,-22.33934327,0.09423393,-0.69554258,-22.31585730,0.07579984,-0.01211071,-0.00308967,0.00845696,-0.00201457,-0.00738091,0.01915641
1.550,-0.04482397,0.77127554,2.37952752,-0.08060115,-0.02539488,0.04195676,-0.08857542,-0.02790733,0.04610775,-0.03273371,0.77442285,2.37092135,-0.07882765,-0.01817452,0.02345656,-0.14611778,-22.19755927,0.04963034,-0.54380218,-0.14697243,0.04629138,-0.68991997,-22.34453170,0.09592172,-0.69412665,-22.32001858,0.07718143,-0.01209026,-0.00314731,0.00860617,-0.00177350,-0.00722036,0.01850020
1.560,-0.04563441,0.77102020,2.37994939,-0.08148833,-0.02567441,0.04241859,-0.08886143,-0.02799744,0.04625664,-0.03356691,0.77422344,2.37120114,-0.07995071,-0.01861602,0.02458728,-0.14662381,-22.20244425,0.05074309,-0.54190892,-0.14753252,0.04677729,-0.68853273,-22.34997677,0.09752037,-0.69271686,-22.32444967,0.07846542,-0.01206750,-0.00320324,0.00874825,-0.00153762,-0.00705839,0.01783131
1.570,-0.04645375,0.77076205,2.38037589,-0.08237837,-0.02595483,0.04288189,-0.08914417,-0.02808652,0.04640381,-0.03441124,0.77401952,2.37149276,-0.08107143,-0.01905993,0.02573084,-0.14712506,-22.20737566,0.05186913,-0.54002915,-0.14829932,0.04716205,-0.68715421,-22.35567498,0.09903118,-0.69131427,-22.32914746,0.07965316,-0.01204251,-0.00325747,0.00888313,-0.00130694,-0.00689490,0.01715105
1.580,-0.04728199,0.77050110,2.38080703,-0.08327121,-0.02623613,0.04334666,-0.08942363,-0.02817457,0.04654929,-0.03526669,0.77381107,2.37179627,-0.08218977,-0.01950629,0.02688589,-0.14762149,-22.21235308,0.05300862,-0.53815975,-0.14926199,0.04744828,-0.68578125,-22.36161507,0.10045690,-0.68991997,-22.33410900,0.08074619,-0.01201530,-0.00330997,0.00901076,-0.00108144,-0.00672984,0.01646077
1.590,-0.04811918,0.77023733,2.38124283,-0.08416683,-0.02651832,0.04381287,-0.08969984,-0.02826159,0.04669307,-0.03613323,0.77359805,2.37211173,-0.08330572,-0.01995519,0.02805108,-0.14811318,-22.21737692,0.05416156,-0.53630142,-0.15041414,0.04763784,-0.68441460,-22.36779106,0.10179940,-0.68853273,-22.33932583,0.08174704,-0.01198595,-0.00336072,0.00913110,-0.00086111,-0.00656313,0.01576179
1.600,-0.04896534,0.76997073,2.38168330,-0.08506519,-0.02680136,0.04428051,-0.08997280,-0.02834759,0.04683516,-0.03701083,0.77338044,2.37243920,-0.08441925,-0.02040667,0.02922507,-0.14860011,-22.22244738,0.05532793,-0.53445243,-0.15174627,0.04773327,-0.68305254,-22.37419365,0.10306120,-0.68715421,-22.34479442,0.08265766,-0.01195451,-0.00340971,0.00924410,-0.00064594,-0.00639469,0.01505544
1.610,-0.04982049,0.76970130,2.38212845,-0.08596627,-0.02708526,0.04474957,-0.09024251,-0.02843257,0.04697555,-0.03789946,0.77315821,2.37277871,-0.08553034,-0.02086079,0.03040652,-0.14908228,-22.22756432,0.05650782,-0.53261062,-0.15324747,0.04773747,-0.68169291,-22.38081179,0.10424529,-0.68578125,-22.35050349,0.08348147,-0.01192103,-0.00345691,0.00934974,-0.00043593,-0.00622447,0.01434305
1.620,-0.05068467,0.76942902,2.38257829,-0.08687003,-0.02737001,0.04522002,-0.09050899,-0.02851653,0.04711427,-0.03879911,0.77293133,2.37313028,-0.08663898,-0.02131760,0.03159410,-0.14955975,-22.23272823,0.05770115,-0.53077543,-0.15490922,0.04765292,-0.68033517,-22.38763745,0.10535407,-0.68441460,-22.35644705,0.08422098,-0.01188556,-0.00350231,0.00944801,-0.00023105,-0.00605241,0.01362592
1.630,-0.05155790,0.76915389,2.38303285,-0.08777644,-0.02765559,0.04569185,-0.09077224,-0.02859947,0.04725130,-0.03970975,0.77269977,2.37349392,-0.08774513,-0.02177713,0.03278650,-0.15003249,-22.23793884,0.05890813,-0.52894353,-0.15671767,0.04748346,-0.67897602,-22.39465651,0.10639159,-0.68305254,-22.36261578,0.08487936,-0.01184815,-0.00354588,0.00953893,-0.00003131,-0.00587846,0.01290535
1.640,-0.05244021,0.76887591,2.38349213,-0.08868547,-0.02794200,0.04616504,-0.09103226,-0.02868140,0.04738666,-0.04063134,0.77246351,2.37386962,-0.08884878,-0.02223943,0.03398242,-0.15050052,-22.24319610,0.06012877,-0.52711270,-0.15866070,0.04723239,-0.67761322,-22.40185681,0.10736116,-0.68169291,-22.36899863,0.08546020,-0.01180887,-0.00358760,0.00962251,0.00016331,-0.00570257,0.01218262
1.650,-0.05333162,0.76859505,2.38395616,-0.08959708,-0.02822922,0.04663957,-0.09128907,-0.02876231,0.04752034,-0.04156388,0.77222251,2.37425737,-0.08994992,-0.02270451,0.03518057,-0.15096386,-22.24850065,0.06136306,-0.52528088,-0.16072786,0.04690299,-0.67624474,-22.40922852,0.10826605,-0.68033517,-22.37558758,0.08596655,-0.01176774,-0.00362746,0.00969879,0.00035284,-0.00552471,0.01145900
1.660,-0.05423216,0.76831132,2.38442493,-0.09051124,-0.02851724,0.04711544,-0.09154267,-0.02884221,0.04765235,-0.04250732,0.77197675,2.37465714,-0.09104852,-0.02317239,0.03637970,-0.15142252,-22.25385221,0.06261100,-0.52344507,-0.16290496,0.04649911,-0.67486759,-22.41675717,0.10911010,-0.67897602,-22.38236849,0.08640304,-0.01172484,-0.00366543,0.00976779,0.00053728,-0.00534485,0.01073574
1.670,-0.05514185,0.76802470,2.38489847,-0.09142792,-0.02880606,0.04759262,-0.09179308,-0.02892111,0.04778270,-0.04346165,0.77172620,2.37506889,-0.09214455,-0.02364307,0.03757857,-0.15187653,-22.25925112,0.06387266,-0.52160259,-0.16517963,0.04602452,-0.67347912,-22.42443075,0.10989718,-0.67761322,-22.38932924,0.08677356,-0.01168020,-0.00370150,0.00982958,0.00071663,-0.00516299,0.01001405
1.680,-0.05606073,0.76773520,2.38537679,-0.09234709,-0.02909566,0.04807109,-0.09204029,-0.02899899,0.04791138,-0.04442683,0.77147083,2.37549257,-0.09323800,-0.02411656,0.03877597,-0.15232588,-22.26469694,0.06514819,-0.51975022,-0.16753593,0.04548370,-0.67207609,-22.43223286,0.11063188,-0.67624474,-22.39646001,0.08708198,-0.01163390,-0.00373563,0.00988422,0.00089091,-0.00497910,0.00929512
1.690,-0.05698880,0.76744279,2.38585989,-0.09326871,-0.02938603,0.04855084,-0.09228431,-0.02907588,0.04803841,-0.04540284,0.77121061,2.37592812,-0.09432884,-0.02459283,0.03997070,-0.15277058,-22.27019052,0.06643736,-0.51788525,-0.16996357,0.04487993,-0.67065582,-22.44015410,0.11131729,-0.67486759,-22.40374634,0.08733266,-0.01158596,-0.00376782,0.00993177,0.00106013,-0.00479320,0.00858014
1.700,-0.05792611,0.76714747,2.38634781,-0.09419276,-0.02967717,0.04903185,-0.09252516,-0.02915176,0.04816378,-0.04638966,0.77094552,2.37637547,-0.09541704,-0.02507186,0.04116160,-0.15321066,-22.27573154,0.06774047,-0.51600484,-0.17244632,0.04421808,-0.66921550,-22.44817786,0.11195855,-0.67347912,-22.41117628,0.08753003,-0.01153645,-0.00379805,0.00997234,0.00122428,-0.00460531,0.00787025
1.710,-0.05887267,0.76684924,2.38684054,-0.09511921,-0.02996907,0.04951411,-0.09276284,-0.02922665,0.04828750,-0.04738725,0.77067553,2.37683452,-0.09650258,-0.02555361,0.04234754,-0.15364614,-22.28132000,0.06905744,-0.51410530,-0.17496993,0.04350229,-0.66775144,-22.45628994,0.11255973,-0.67207609,-22.41873344,0.08767919,-0.01148542,-0.00382629,0.01000602,0.00138337,-0.00441546,0.00716657
1.720,-0.05982850,0.76654809,2.38733809,-0.09604801,-0.03026170,0.04999759,-0.09299735,-0.02930053,0.04840958,-0.04839559,0.77040062,2.37730519,-0.09758541,-0.02603802,0.04352743,-0.15407699,-22.28695606,0.07038828,-0.51218330,-0.17752028,0.04273686,-0.66626029,-22.46447635,0.11312514,-0.67065582,-22.42640847,0.08778374,-0.01143291,-0.00385253,0.01003290,0.00153740,-0.00422368,0.00647016
1.730,-0.06079363,0.76624400,2.38784049,-0.09697914,-0.03055507,0.05048229,-0.09322871,-0.02937343,0.04853001,-0.04941465,0.77012076,2.37778738,-0.09866551,-0.02652503,0.04470020,-0.15450327,-22.29264009,0.07173304,-0.51023643,-0.18008416,0.04192613,-0.66473971,-22.47272426,0.11365917,-0.66921550,-22.43418482,0.08784930,-0.01137898,-0.00387676,0.01005311,0.00168637,-0.00403004,0.00578209
1.740,-0.06176809,0.76593698,2.38834774,-0.09791257,-0.03084917,0.05096819,-0.09345692,-0.02944533,0.04864881,-0.05044440,0.76983593,2.37828096,-0.09974283,-0.02701457,0.04586482,-0.15492497,-22.29837170,0.07309180,-0.50826122,-0.18264558,0.04107482,-0.66318619,-22.48101728,0.11416662,-0.66775144,-22.44204835,0.08788039,-0.01132369,-0.00389895,0.01006678,0.00183026,-0.00383460,0.00510337
1.750,-0.06275189,0.76562702,2.38885986,-0.09884827,-0.03114398,0.05145526,-0.09368198,-0.02951624,0.04876596,-0.05148481,0.76954610,2.37878583,-0.10081734,-0.02750654,0.04702029,-0.15534208,-22.30415100,0.07446464,-0.50625398,-0.18518997,0.04018751,-0.66159606,-22.48934096,0.11465215,-0.66626029,-22.44998512,0.08788179,-0.01126708,-0.00391908,0.01007403,0.00196907,-0.00363744,0.00443497
1.760,-0.06374506,0.76531410,2.38937685,-0.09978620,-0.03143949,0.05194350,-0.09390392,-0.02958617,0.04888149,-0.05253585,0.76925127,2.37930185,-0.10188900,-0.02800084,0.04816565,-0.15575467,-22.30997854,0.07585140,-0.50421294,-0.18770587,0.03926809,-0.65996761,-22.49768441,0.11511949,-0.66473971,-22.45798239,0.08785830,-0.01120921,-0.00393717,0.01007500,0.00210280,-0.00343865,0.00377785
1.770,-0.06474762,0.76499823,2.38989873,-0.10072634,-0.03173570,0.05243289,-0.09412273,-0.02965511,0.04899539,-0.05359749,0.76895140,2.37982888,-0.10295775,-0.02849735,0.04929999,-0.15616271,-22.31585381,0.07725230,-0.50213411,-0.19017655,0.03832168,-0.65829682,-22.50603035,0.11557398,-0.66318619,-22.46602383,0.08781512,-0.01115013,-0.00395317,0.01006985,0.00223141,-0.00323835,0.00313290
1.780,-0.06575960,0.76467939,2.39042551,-0.10166865,-0.03203259,0.05292341,-0.09433842,-0.02972306,0.04910767,-0.05466969,0.76864648,2.38036677,-0.10402354,-0.02899595,0.05042242,-0.15656621,-22.32177726,0.07866727,-0.50001576,-0.19259040,0.03735231,-0.65658197,-22.51436766,0.11601958,-0.66159606,-22.47409510,0.08775728,-0.01108991,-0.00396709,0.01005874,0.00235489,-0.00303664,0.00250099
1.790,-0.06678100,0.76435757,2.39095720,-0.10261310,-0.03233015,0.05341504,-0.09455100,-0.02979004,0.04921833,-0.05575244,0.76833650,2.38091539,-0.10508632,-0.02949648,0.05153211,-0.15696520,-22.32774910,0.08009632,-0.49785447,-0.19493432,0.03636433,-0.65481967,-22.52268342,0.11646065,-0.65996761,-22.48218537,0.08768890,-0.01102856,-0.00397893,0.01004181,0.00247322,-0.00283367,0.00188293
1.800,-0.06781187,0.76403278,2.39149382,-0.10355966,-0.03262838,0.05390777,-0.09476047,-0.02985604,0.04932737,-0.05684569,0.76802144,2.38147455,-0.10614604,-0.02999880,0.05262826,-0.15735968,-22.33376880,0.08153963,-0.49564799,-0.19719291,0.03536268,-0.65300767,-22.53096171,0.11690231,-0.65829682,-22.49027748,0.08761563,-0.01096618,-0.00398866,0.01001927,0.00258638,-0.00262958,0.00127951
1.810,-0.06885220,0.76370500,2.39203536,-0.10450830,-0.03292727,0.05440158,-0.09496685,-0.02992106,0.04943480,-0.05794942,0.76770130,2.38204411,-0.10720264,-0.03050273,0.05371011,-0.15774967,-22.33983697,0.08299702,-0.49339384,-0.19935634,0.03435094,-0.65114351,-22.53919331,0.11734797,-0.65658197,-22.49836041,0.08754175,-0.01090278,-0.00399630,0.00999125,0.00269434,-0.00242454,0.00069147
1.820,-0.06990204,0.76337423,2.39258185,-0.10545898,-0.03322680,0.05489646,-0.09517014,-0.02998511,0.04954062,-0.05906358,0.76737606,2.38262388,-0.10825605,-0.03100809,0.05477694,-0.15813517,-22.34595335,0.08446868,-0.49109031,-0.20141062,0.03333388,-0.64922548,-22.54736397,0.11780256,-0.65481967,-22.50642133,0.08747192,-0.01083846,-0.00400183,0.00995797,0.00279707,-0.00221871,0.00011952
1.830,-0.07096139,0.76304046,2.39313330,-0.10641169,-0.03352697,0.05539239,-0.09537034,-0.03004819,0.04964484,-0.06018815,0.76704571,2.38321370,-0.10930621,-0.03151469,0.05582810,-0.15851620,-22.35211809,0.08595462,-0.48873496,-0.20334455,0.03231552,-0.64725116,-22.55546264,0.11827014,-0.65300767,-22.51444447,0.08741154,-0.01077324,-0.00400525,0.00991960,0.00289452,-0.00201228,-0.00043571
1.840,-0.07203028,0.76270369,2.39368970,-0.10736638,-0.03382776,0.05588935,-0.09556747,-0.03011030,0.04974745,-0.06132308,0.76671026,2.38381337,-0.11035306,-0.03202232,0.05686294,-0.15889277,-22.35833121,0.08745477,-0.48632650,-0.20514725,0.03129970,-0.64521927,-22.56347846,0.11875447,-0.65114351,-22.52242071,0.08736424,-0.01070720,-0.00400657,0.00987633,0.00298668,-0.00180544,-0.00097359
1.850,-0.07310873,0.76236391,2.39425109,-0.10832303,-0.03412917,0.05638733,-0.09576154,-0.03017144,0.04984847,-0.06246835,0.76636970,2.38442272,-0.11139651,-0.03253076,0.05788088,-0.15926490,-22.36459265,0.08896933,-0.48386312,-0.20680706,0.03029080,-0.64312802,-22.57139972,0.11926013,-0.64922548,-22.53033592,0.08733520,-0.01064038,-0.00400579,0.00982837,0.00307348,-0.00159841,-0.00149355
1.860,-0.07419675,0.76202111,2.39481745,-0.10928160,-0.03443119,0.05688631,-0.09595254,-0.03023162,0.04994790,-0.06362392,0.76602403,2.38504155,-0.11243651,-0.03303980,0.05888140,-0.15963258,-22.37090279,0.09049810,-0.48134403,-0.20831621,0.02929195,-0.64097661,-22.57921901,0.11979005,-0.64725116,-22.53817919,0.08732867,-0.01057283,-0.00400292,0.00977590,0.00315491,-0.00139139,-0.00199509
1.870,-0.07529436,0.76167528,2.39538882,-0.11024207,-0.03473380,0.05738628,-0.09614049,-0.03029084,0.05004574,-0.06478974,0.76567326,2.38566967,-0.11347298,-0.03354918,0.05986398,-0.15999584,-22.37726159,0.09204128,-0.47876784,-0.20966397,0.02830736,-0.63876368,-22.58692556,0.12034863,-0.64521927,-22.54593979,0.08734861,-0.01050462,-0.00399798,0.00971915,0.00323091,-0.00118462,-0.00247770
1.880,-0.07640159,0.76132643,2.39596518,-0.11120440,-0.03503700,0.05788722,-0.09632540,-0.03034910,0.05014199,-0.06596579,0.76531738,2.38630688,-0.11450585,-0.03405867,0.06082818,-0.16035469,-22.38366882,0.09359880,-0.47613417,-0.21084138,0.02734037,-0.63648886,-22.59451019,0.12093917,-0.64312802,-22.55360615,0.08739974,-0.01043580,-0.00399095,0.00965830,0.00330145,-0.00097833,-0.00294096
1.890,-0.07751846,0.76097454,2.39654656,-0.11216857,-0.03534078,0.05838912,-0.09650727,-0.03040640,0.05023666,-0.06715201,0.76495642,2.38695297,-0.11553503,-0.03456800,0.06177358,-0.16070914,-22.39012478,0.09517073,-0.47344303,-0.21184127,0.02639439,-0.63415217,-22.60196606,0.12156512,-0.64097661,-22.56117101,0.08748515,-0.01036645,-0.00398188,0.00959359,0.00336646,-0.00077278,-0.00338446
1.900,-0.07864497,0.76061961,2.39713297,-0.11313454,-0.03564513,0.05889195,-0.09668611,-0.03046275,0.05032975,-0.06834838,0.76459039,2.38760776,-0.11656045,-0.03507691,0.06269984,-0.16105919,-22.39662937,0.09675715,-0.47069311,-0.21265519,0.02547286,-0.63175230,-22.60928456,0.12223001,-0.63876368,-22.56862373,0.08760934,-0.01029659,-0.00397078,0.00952521,0.00342591,-0.00056822,-0.00380789
1.910,-0.07978115,0.76026164,2.39772441,-0.11410228,-0.03595003,0.05939571,-0.09686192,-0.03051814,0.05042127,-0.06955485,0.76421929,2.38827103,-0.11758203,-0.03558513,0.06360661,-0.16140485,-22.40318249,0.09835804,-0.46788490,-0.21327618,0.02457890,-0.62928975,-22.61645867,0.12293694,-0.63648886,-22.57595530,0.08777570,-0.01022630,-0.00395765,0.00945338,0.00347975,-0.00036490,-0.00421090
1.920,-0.08092702,0.75990061,2.39832089,-0.11507176,-0.03625549,0.05990037,-0.09703472,-0.03057258,0.05051122,-0.07077137,0.76384315,2.38894258,-0.11859969,-0.03609238,0.06449363,-0.16174614,-22.40978460,0.09997335,-0.46501989,-0.21370085,0.02371491,-0.62676603,-22.62348545,0.12368826,-0.63415217,-22.58315900,0.08798777,-0.01015565,-0.00394254,0.00937831,0.00352793,-0.00016311,-0.00459326
1.930,-0.08208260,0.75953652,2.39892242,-0.11604296,-0.03656148,0.06040593,-0.09720451,-0.03062608,0.05059961,-0.07199792,0.76346199,2.38962219,-0.11961336,-0.03659836,0.06536066,-0.16208308,-22.41643558,0.10160314,-0.46209852,-0.21392288,0.02288390,-0.62418159,-22.63035846,0.12448703,-0.63175230,-22.59022641,0.08824914,-0.01008468,-0.00392547,0.00930023,0.00357040,0.00003688,-0.00495473
1.940,-0.08324789,0.75916938,2.39952901,-0.11701584,-0.03686801,0.06091236,-0.09737130,-0.03067863,0.05068643,-0.07323443,0.76307582,2.39030967,-0.12062295,-0.03710279,0.06620750,-0.16241566,-22.42313498,0.10324754,-0.45912025,-0.21393566,0.02208889,-0.62153591,-22.63707064,0.12533643,-0.62928975,-22.59715062,0.08856293,-0.01001346,-0.00390644,0.00921934,0.00360711,0.00023478,-0.00529514
1.950,-0.08442292,0.75879916,2.40014067,-0.11799038,-0.03717505,0.06141965,-0.09753510,-0.03073024,0.05077170,-0.07448088,0.76268469,2.39100481,-0.12162840,-0.03760537,0.06703400,-0.16274391,-22.42988355,0.10490642,-0.45608831,-0.21373905,0.02133159,-0.61883222,-22.64362260,0.12623801,-0.62676603,-22.60392889,0.08893150,-0.00994204,-0.00388553,0.00913586,0.00363802,0.00043032,-0.00561435
1.960,-0.08560770,0.75842587,2.40075740,-0.11896654,-0.03748261,0.06192779,-0.09769591,-0.03078090,0.05085541,-0.07573721,0.76228862,2.39170739,-0.12262961,-0.03810581,0.06784005,-0.16306783,-22.43668092,0.10657985,-0.45300340,-0.21332864,0.02061447,-0.61607123,-22.65000955,0.12719432,-0.62418159,-22.61055491,0.08935793,-0.00987049,-0.00386275,0.00905001,0.00366307,0.00062320,-0.00591226
1.970,-0.08680225,0.75804951,2.40137922,-0.11994429,-0.03779067,0.06243675,-0.09785374,-0.03083063,0.05093757,-0.07700339,0.76188764,2.39241721,-0.12362652,-0.03860379,0.06862558,-0.16338743,-22.44352688,0.10826796,-0.44986708,-0.21270095,0.01993992,-0.61325450,-22.65622784,0.12820788,-0.62153591,-22.61702177,0.08984535,-0.00979886,-0.00383813,0.00896201,0.00368223,0.00081312,-0.00618883
1.980,-0.08800659,0.75767006,2.40200614,-0.12092360,-0.03809922,0.06294653,-0.09800860,-0.03087942,0.05101818,-0.07827935,0.76148180,2.39313407,-0.12461905,-0.03909902,0.06939054,-0.16370272,-22.45042189,0.10997068,-0.44668249,-0.21185682,0.01930937,-0.61038521,-22.66227872,0.12928005,-0.61883222,-22.62333025,0.09039529,-0.00972724,-0.00381174,0.00887207,0.00369545,0.00099980,-0.00644401
1.990,-0.08922073,0.75728752,2.40263816,-0.12190445,-0.03840825,0.06345711,-0.09816050,-0.03092728,0.05109725,-0.07956507,0.76107112,2.39385775,-0.12560713,-0.03959119,0.07013495,-0.16401372,-22.45736588,0.11168802,-0.44345188,-0.21079549,0.01872446,-0.60746560,-22.66816137,0.13041248,-0.61607123,-22.62947571,0.09101023,-0.00965566,-0.00378360,0.00878041,0.00370268,0.00118294,-0.00667784
2.000,-0.09044469,0.75690189,2.40327529,-0.12288680,-0.03871776,0.06396847,-0.09830944,-0.03097421,0.05117478,-0.08086048,0.76065566,2.39458805,-0.12659069,-0.04007998,0.07085885,-0.16432043,-22.46435869,0.11342003,-0.44017795,-0.20951667,0.01818677,-0.60449837,-22.67387535,0.13160680,-0.61325450,-22.63545465,0.09169261,-0.00958421,-0.00375377,0.00868724,0.00370389,0.00136222,-0.00689038
2.010,-0.09167847,0.75651317,2.40391753,-0.12387063,-0.03902773,0.06448060,-0.09845543,-0.03102020,0.05125077,-0.08216555,0.76023545,2.39532478,-0.12756967,-0.04056511,0.07156231,-0.16462285,-22.47140023,0.11516673,-0.43686299,-0.20802079,0.01769762,-0.60148584,-22.67942103,0.13286436,-0.61038521,-22.64126848,0.09244371,-0.00951292,-0.00372228,0.00859275,0.00369904,0.00153738,-0.00708171
2.020,-0.09292210,0.75612134,2.40456490,-0.12485590,-0.03933816,0.06499348,-0.09859848,-0.03106527,0.05132524,-0.08348022,0.75981056,2.39606773,-0.12854399,-0.04104625,0.07224545,-0.16492101,-22.47849092,0.11692811,-0.43351161,-0.20631164,0.01725779,-0.59843262,-22.68480256,0.13418590,-0.60746560,-22.64691652,0.09326505,-0.00944188,-0.00368922,0.00849717,0.00368809,0.00170809,-0.00725197
2.030,-0.09417559,0.75572640,2.40521740,-0.12584259,-0.03964903,0.06550710,-0.09873859,-0.03110942,0.05139817,-0.08480444,0.75938102,2.39681670,-0.12951361,-0.04152311,0.07290840,-0.16521491,-22.48563066,0.11870417,-0.43012713,-0.20439134,0.01686819,-0.59534205,-22.69002200,0.13557235,-0.60449837,-22.65239850,0.09415816,-0.00937115,-0.00365462,0.00840070,0.00367102,0.00187408,-0.00740130
2.040,-0.09543896,0.75532835,2.40587504,-0.12683066,-0.03996035,0.06602144,-0.09887578,-0.03115264,0.05146959,-0.08613817,0.75894690,2.39757151,-0.13047847,-0.04199540,0.07355136,-0.16550457,-22.49281930,0.12049497,-0.42671344,-0.20226281,0.01652960,-0.59221801,-22.69508210,0.13702457,-0.60148584,-22.65771489,0.09512424,-0.00930079,-0.00361855,0.00830353,0.00364781,0.00203505,-0.00752992
2.050,-0.09671221,0.75492719,2.40653783,-0.12782009,-0.04027208,0.06653649,-0.09901005,-0.03119495,0.05153948,-0.08748136,0.75850825,2.39833195,-0.13143851,-0.04246282,0.07417453,-0.16579000,-22.50005671,0.12230058,-0.42327357,-0.19992858,0.01624285,-0.58906357,-22.69998530,0.13854343,-0.59843262,-22.66287002,0.09616389,-0.00923085,-0.00358106,0.00820588,0.00361842,0.00219074,-0.00763804
2.060,-0.09799537,0.75452291,2.40720578,-0.12881085,-0.04058424,0.06705223,-0.09914140,-0.03123633,0.05160785,-0.08883395,0.75806513,2.39909784,-0.13239368,-0.04292508,0.07477815,-0.16607118,-22.50734302,0.12412101,-0.41981305,-0.19739481,0.01600799,-0.58588423,-22.70473782,0.14012900,-0.59534205,-22.66786608,0.09727785,-0.00916142,-0.00354222,0.00810794,0.00358283,0.00234084,-0.00772592
2.070,-0.09928843,0.75411551,2.40787888,-0.12980291,-0.04089681,0.06756864,-0.09926985,-0.03127680,0.05167472,-0.09019590,0.75761760,2.39986899,-0.13334396,-0.04338189,0.07536248,-0.16634815,-22.51467823,0.12595618,-0.41633544,-0.19466676,0.01582506,-0.58268360,-22.70934498,0.14178125,-0.59221801,-22.67270593,0.09846682,-0.00909253,-0.00350209,0.00800989,0.00354105,0.00248508,-0.00779384
2.080,-0.10059143,0.75370497,2.40855715,-0.13079624,-0.04120977,0.06808571,-0.09939541,-0.03131636,0.05174007,-0.09156715,0.75716574,2.40064523,-0.13428929,-0.04383299,0.07592783,-0.16662093,-22.52206271,0.12780610,-0.41284727,-0.19175232,0.01569375,-0.57946820,-22.71381504,0.14349985,-0.58906357,-22.67739215,0.09973148,-0.00902428,-0.00346077,0.00791192,0.00349305,0.00262322,-0.00784212
2.090,-0.10190436,0.75329131,2.40924060,-0.13179081,-0.04152313,0.06860344,-0.09951807,-0.03135501,0.05180393,-0.09294766,0.75670961,2.40142638,-0.13522966,-0.04427811,0.07647453,-0.16688949,-22.52949573,0.12967096,-0.40935113,-0.18865430,0.01561468,-0.57624062,-22.71815003,0.14528564,-0.58588423,-22.68193109,0.10107170,-0.00895670,-0.00341830,0.00781422,0.00343885,0.00275498,-0.00787109
2.100,-0.10322725,0.75287451,2.40992922,-0.13278659,-0.04183687,0.06912179,-0.09963785,-0.03139275,0.05186628,-0.09433737,0.75624927,2.40221226,-0.13616503,-0.04471699,0.07700291,-0.16715387,-22.53697785,0.13155056,-0.40585421,-0.18538362,0.01558659,-0.57300808,-22.72236147,0.14713715,-0.58268360,-22.68632817,0.10248722,-0.00888988,-0.00337476,0.00771696,0.00337844,0.00288012,-0.00788112
2.110,-0.10456010,0.75245457,2.41062303,-0.13378356,-0.04215098,0.06964076,-0.09975475,-0.03142958,0.05192713,-0.09573623,0.75578480,2.40300270,-0.13709539,-0.04514938,0.07751336,-0.16741405,-22.54450886,0.13344503,-0.40236075,-0.18194648,0.01560939,-0.56977481,-22.72645534,0.14905443,-0.57946820,-22.69059177,0.10397751,-0.00882387,-0.00333023,0.00762033,0.00331183,0.00299840,-0.00787260
2.120,-0.10590292,0.75203149,2.41132204,-0.13478168,-0.04246546,0.07016033,-0.09986879,-0.03146551,0.05198649,-0.09714420,0.75531628,2.40379755,-0.13802073,-0.04557504,0.07800626,-0.16767008,-22.55208862,0.13535445,-0.39887584,-0.17835065,0.01568255,-0.56654592,-22.73043926,0.15103700,-0.57624062,-22.69472403,0.10554316,-0.00875872,-0.00328479,0.00752449,0.00323905,0.00310958,-0.00784593
2.130,-0.10725574,0.75160526,2.41202624,-0.13578092,-0.04278029,0.07068048,-0.09997996,-0.03150054,0.05204436,-0.09856122,0.75484379,2.40459665,-0.13894104,-0.04599374,0.07848203,-0.16792194,-22.55971739,0.13727867,-0.39540656,-0.17460709,0.01580466,-0.56332850,-22.73432448,0.15308334,-0.57300808,-22.69873655,0.10718247,-0.00869452,-0.00323853,0.00742959,0.00316012,0.00321345,-0.00780155
2.140,-0.10861855,0.75117588,2.41273565,-0.13678127,-0.04309547,0.07120121,-0.10008828,-0.03153466,0.05210075,-0.09998724,0.75436739,2.40539983,-0.13985632,-0.04640527,0.07894111,-0.16816963,-22.56739494,0.13921784,-0.39195726,-0.17072361,0.01597520,-0.56012690,-22.73811855,0.15519305,-0.56977481,-22.70263540,0.10889525,-0.00863131,-0.00319151,0.00733582,0.00307505,0.00330980,-0.00773990
2.150,-0.10999136,0.75074335,2.41345027,-0.13778268,-0.04341098,0.07172249,-0.10019376,-0.03156790,0.05215565,-0.10142222,0.75388717,2.40620695,-0.14076659,-0.04680943,0.07938396,-0.16841321,-22.57512124,0.14117194,-0.38853348,-0.16670974,0.01619304,-0.55694669,-22.74183098,0.15736498,-0.56654592,-22.70642831,0.11068075,-0.00856914,-0.00314382,0.00724332,0.00298391,0.00339845,-0.00766147
2.160,-0.11137420,0.75030766,2.41417010,-0.13878513,-0.04372682,0.07224432,-0.10029639,-0.03160023,0.05220908,-0.10286609,0.75340321,2.40701788,-0.14167187,-0.04720602,0.07981104,-0.16865262,-22.58289643,0.14314091,-0.38514257,-0.16257744,0.01645655,-0.55379518,-22.74547387,0.15959747,-0.56332850,-22.71012658,0.11253720,-0.00850811,-0.00309555,0.00715222,0.00288674,0.00347920,-0.00756672
2.170,-0.11276707,0.74986881,2.41489516,-0.13978860,-0.04404298,0.07276667,-0.10039620,-0.03163168,0.05226103,-0.10431882,0.75291560,2.40783246,-0.14257216,-0.04759488,0.08022283,-0.16888792,-22.59072034,0.14512489,-0.38178956,-0.15833591,0.01676474,-0.55067748,-22.74905625,0.16188963,-0.56012690,-22.71373783,0.11446393,-0.00844825,-0.00304679,0.00706270,0.00278356,0.00355190,-0.00745616
2.180,-0.11416998,0.74942680,2.41562544,-0.14079305,-0.04435945,0.07328953,-0.10049318,-0.03166223,0.05231152,-0.10578036,0.75242441,2.40865057,-0.14346752,-0.04797583,0.08061985,-0.16911910,-22.59859292,0.14712380,-0.37848054,-0.15399649,0.01711592,-0.54759964,-22.75258941,0.16423972,-0.55694669,-22.71727165,0.11645953,-0.00838962,-0.00299761,0.00697487,0.00267447,0.00361638,-0.00733032
2.190,-0.11558293,0.74898162,2.41636095,-0.14179845,-0.04467622,0.07381289,-0.10058734,-0.03169190,0.05236053,-0.10725065,0.75192973,2.40947208,-0.14435798,-0.04834872,0.08100261,-0.16934616,-22.60651433,0.14913764,-0.37522134,-0.14957098,0.01750843,-0.54456750,-22.75608531,0.16664607,-0.55379518,-22.72074015,0.11852203,-0.00833228,-0.00294811,0.00688887,0.00255953,0.00367250,-0.00718972
2.200,-0.11700595,0.74853328,2.41710170,-0.14280479,-0.04499329,0.07433674,-0.10067870,-0.03172069,0.05240809,-0.10872966,0.75143166,2.41029686,-0.14524360,-0.04871344,0.08137163,-0.16956914,-22.61448411,0.15116655,-0.37201826,-0.14506919,0.01794095,-0.54158741,-22.75955330,0.16910750,-0.55067748,-22.72415245,0.12065029,-0.00827629,-0.00289838,0.00680484,0.00243881,0.00372015,-0.00703489
2.210,-0.11843903,0.74808176,2.41784769,-0.14381202,-0.04531064,0.07486105,-0.10076725,-0.03174859,0.05245419,-0.11021733,0.75093027,2.41112481,-0.14612441,-0.04906986,0.08172744,-0.16978801,-22.62250276,0.15321039,-0.36887736,-0.14050523,0.01841118,-0.53866538,-22.76300798,0.17162156,-0.54759964,-22.72751985,0.12284228,-0.00822170,-0.00284851,0.00672288,0.00231239,0.00375922,-0.00686639
2.220,-0.11988219,0.74762706,2.41859892,-0.14482012,-0.04562826,0.07538582,-0.10085301,-0.03177561,0.05249883,-0.11171361,0.75042565,2.41195581,-0.14700051,-0.04941788,0.08207060,-0.17000281,-22.63057018,0.15526915,-0.36580512,-0.13589100,0.01891720,-0.53580793,-22.76646118,0.17418635,-0.54456750,-22.73085434,0.12509604,-0.00816858,-0.00279859,0.00664311,0.00218039,0.00378962,-0.00668478
2.230,-0.12133544,0.74716919,2.41935540,-0.14582907,-0.04594614,0.07591102,-0.10093598,-0.03180175,0.05254202,-0.11321848,0.74991789,2.41278976,-0.14787195,-0.04975742,0.08240165,-0.17021352,-22.63868593,0.15734298,-0.36280684,-0.13123653,0.01945752,-0.53302036,-22.76992246,0.17680050,-0.54158741,-22.73416528,0.12741010,-0.00811696,-0.00274870,0.00656564,0.00204288,0.00381128,-0.00649063
2.240,-0.12279878,0.74670814,2.42011714,-0.14683883,-0.04626429,0.07643665,-0.10101618,-0.03182701,0.05258376,-0.11473187,0.74940707,2.41362656,-0.14873882,-0.05008841,0.08272115,-0.17042018,-22.64685014,0.15943187,-0.35988833,-0.12655480,0.02003002,-0.53030851,-22.77340494,0.17946189,-0.53866538,-22.73746729,0.12978173,-0.00806691,-0.00269893,0.00649058,0.00189999,0.00382412,-0.00628450
2.250,-0.12427222,0.74624390,2.42088414,-0.14784938,-0.04658268,0.07696269,-0.10109359,-0.03185141,0.05262406,-0.11625376,0.74889329,2.41446611,-0.14960121,-0.05041080,0.08302968,-0.17062276,-22.65506302,0.16153575,-0.35705596,-0.12185919,0.02063235,-0.52767872,-22.77692222,0.18216810,-0.53580793,-22.74077219,0.13220872,-0.00801846,-0.00264939,0.00641803,0.00175183,0.00382812,-0.00606699
2.260,-0.12575577,0.74577648,2.42165640,-0.14886069,-0.04690131,0.07748913,-0.10116825,-0.03187493,0.05266292,-0.11778409,0.74837664,2.41530833,-0.15045922,-0.05072456,0.08332779,-0.17082130,-22.66332418,0.16365469,-0.35431502,-0.11716055,0.02126267,-0.52513632,-22.78048474,0.18491735,-0.53302036,-22.74408953,0.13468943,-0.00797168,-0.00260016,0.00634807,0.00159853,0.00382325,-0.00583866
2.270,-0.12724943,0.74530588,2.42243392,-0.14987274,-0.04722018,0.07801595,-0.10124015,-0.03189758,0.05270035,-0.11932283,0.74785718,2.41615314,-0.15131296,-0.05102968,0.08361607,-0.17101580,-22.67163352,0.16578868,-0.35167088,-0.11247113,0.02191876,-0.52268668,-22.78410465,0.18770743,-0.53030851,-22.74743243,0.13722144,-0.00792660,-0.00255130,0.00628078,0.00144022,0.00380950,-0.00560012
2.280,-0.12875322,0.74483208,2.42321672,-0.15088549,-0.04753926,0.07854313,-0.10130929,-0.03191937,0.05273635,-0.12086994,0.74733503,2.41700046,-0.15216254,-0.05132615,0.08389508,-0.17120625,-22.67999141,0.16793772,-0.34913005,-0.10780473,0.02259824,-0.52033630,-22.78779615,0.19053596,-0.52767872,-22.75081443,0.13980205,-0.00788328,-0.00250295,0.00621626,0.00127705,0.00378689,-0.00535195
2.290,-0.13026715,0.74435509,2.42400479,-0.15189892,-0.04785856,0.07907067,-0.10137570,-0.03194029,0.05277091,-0.12242539,0.74681025,2.41785023,-0.15300809,-0.05161400,0.08416540,-0.17139269,-22.68839752,0.17010181,-0.34669783,-0.10317282,0.02329892,-0.51809052,-22.79157034,0.19340074,-0.52513632,-22.75424596,0.14242917,-0.00784176,-0.00245516,0.00615456,0.00110917,0.00375544,-0.00509473
2.300,-0.13179121,0.74387491,2.42479813,-0.15291299,-0.04817807,0.07959854,-0.10143937,-0.03196035,0.05280405,-0.12398914,0.74628294,2.41870237,-0.15384973,-0.05189327,0.08442761,-0.17157511,-22.69685177,0.17228096,-0.34437856,-0.09858713,0.02401859,-0.51595367,-22.79543890,0.19629955,-0.52268668,-22.75773912,0.14510032,-0.00780207,-0.00240803,0.00609576,0.00093674,0.00371520,-0.00482907
2.310,-0.13332541,0.74339153,2.42559676,-0.15392769,-0.04849777,0.08012674,-0.10150031,-0.03197955,0.05283578,-0.12556115,0.74575318,2.41955683,-0.15468762,-0.05216401,0.08468227,-0.17175351,-22.70535419,0.17447521,-0.34217754,-0.09405964,0.02475512,-0.51393105,-22.79941384,0.19923033,-0.52033630,-22.76130803,0.14781282,-0.00776426,-0.00236165,0.00603993,0.00075993,0.00366624,-0.00455553
2.320,-0.13486976,0.74290495,2.42640067,-0.15494299,-0.04881765,0.08065526,-0.10155853,-0.03199789,0.05286608,-0.12714140,0.74522105,2.42041356,-0.15552189,-0.05242629,0.08492997,-0.17192790,-22.71390478,0.17668451,-0.34009997,-0.08960259,0.02550605,-0.51202787,-22.80350737,0.20219056,-0.51809052,-22.76496377,0.15056421,-0.00772836,-0.00231610,0.00598711,0.00057890,0.00360864,-0.00427471
2.330,-0.13642427,0.74241517,2.42720986,-0.15595885,-0.04913772,0.08118406,-0.10161404,-0.03201538,0.05289498,-0.12872985,0.74468663,2.42127251,-0.15635271,-0.05268021,0.08517126,-0.17209831,-22.72250344,0.17890885,-0.33815074,-0.08522785,0.02626900,-0.51024904,-22.80773130,0.20517785,-0.51595367,-22.76871792,0.15335197,-0.00769442,-0.00227146,0.00593735,0.00039386,0.00354249,-0.00398720
2.340,-0.13798894,0.74192220,2.42802435,-0.15697526,-0.04945796,0.08171315,-0.10166684,-0.03203202,0.05292246,-0.13032648,0.74415000,2.42213364,-0.15718022,-0.05292587,0.08540672,-0.17226472,-22.73114965,0.18114844,-0.33633299,-0.08094365,0.02704250,-0.50859771,-22.81209330,0.20819094,-0.51393105,-22.77258241,0.15617379,-0.00766246,-0.00222780,0.00589071,0.00020496,0.00346791,-0.00369357
2.350,-0.13956378,0.74142601,2.42884413,-0.15799218,-0.04977836,0.08224251,-0.10171694,-0.03204780,0.05294854,-0.13193125,0.74361124,2.42299692,-0.15800461,-0.05316339,0.08563690,-0.17242715,-22.73984422,0.18340299,-0.33465293,-0.07676592,0.02782324,-0.50708008,-22.81661015,0.21122623,-0.51202787,-22.77656938,0.15902684,-0.00763253,-0.00218523,0.00584721,0.00001243,0.00338503,-0.00339439
2.360,-0.14114879,0.74092663,2.42966920,-0.15900959,-0.05009891,0.08277212,-0.10176435,-0.03206274,0.05297322,-0.13354416,0.74307043,2.42386231,-0.15882605,-0.05339293,0.08586235,-0.17258560,-22.74858622,0.18567272,-0.33311269,-0.07270083,0.02860989,-0.50569829,-22.82128705,0.21428260,-0.51024904,-22.78069053,0.16190849,-0.00760463,-0.00214380,0.00580689,-0.00018354,0.00329402,-0.00309023
2.370,-0.14274397,0.74042404,2.43049957,-0.16002746,-0.05041961,0.08330197,-0.10180908,-0.03207683,0.05299651,-0.13516516,0.74252763,2.42472978,-0.15964472,-0.05361463,0.08608364,-0.17274009,-22.75737604,0.18795754,-0.33171663,-0.06876102,0.02939990,-0.50445672,-22.82613706,0.21735744,-0.50859771,-22.78495344,0.16481720,-0.00757881,-0.00210359,0.00576979,-0.00038274,0.00319502,-0.00278167
2.380,-0.14434934,0.73991824,2.43133524,-0.16104576,-0.05074045,0.08383204,-0.10185113,-0.03209008,0.05301839,-0.13679426,0.74198292,2.42559932,-0.16046081,-0.05382867,0.08630128,-0.17289062,-22.76621360,0.19025746,-0.33046889,-0.06495665,0.03019109,-0.50335951,-22.83117025,0.22044855,-0.50708008,-22.78937475,0.16774912,-0.00755508,-0.00206468,0.00573592,-0.00058495,0.00308822,-0.00246924
2.390,-0.14596489,0.73940923,2.43217621,-0.16206447,-0.05106141,0.08436233,-0.10189051,-0.03210249,0.05303889,-0.13843141,0.74143637,2.42647092,-0.16127452,-0.05403524,0.08651583,-0.17303719,-22.77509878,0.19257247,-0.32937196,-0.06129679,0.03098148,-0.50240915,-22.83639558,0.22355396,-0.50569829,-22.79395957,0.17070287,-0.00753348,-0.00202714,0.00570529,-0.00078995,0.00297383,-0.00215350
2.400,-0.14759063,0.73889701,2.43302249,-0.16308357,-0.05138249,0.08489281,-0.10192723,-0.03211406,0.05305801,-0.14007662,0.74088805,2.42734455,-0.16208605,-0.05423455,0.08672779,-0.17317982,-22.78403142,0.19490265,-0.32842889,-0.05779033,0.03176916,-0.50160871,-22.84182175,0.22667181,-0.50445672,-22.79872082,0.17367560,-0.00751401,-0.00199104,0.00567794,-0.00099752,0.00285206,-0.00183498
2.410,-0.14922656,0.73838158,2.43387407,-0.16410301,-0.05170369,0.08542348,-0.10196129,-0.03212479,0.05307574,-0.14172986,0.74033801,2.42822023,-0.16289559,-0.05442682,0.08693770,-0.17331850,-22.79301147,0.19724791,-0.32764223,-0.05444645,0.03255199,-0.50096074,-22.84745792,0.22979991,-0.50335951,-22.80366845,0.17666485,-0.00749670,-0.00195643,0.00565384,-0.00120742,0.00272313,-0.00151422
2.420,-0.15087269,0.73786293,2.43473096,-0.16512278,-0.05202499,0.08595433,-0.10199271,-0.03213469,0.05309210,-0.14339113,0.73978632,2.42909794,-0.16370338,-0.05461227,0.08714604,-0.17345326,-22.80203908,0.19960826,-0.32701495,-0.05127421,0.03332798,-0.50046822,-22.85331329,0.23293624,-0.50240915,-22.80881126,0.17966842,-0.00748156,-0.00192339,0.00563302,-0.00141940,0.00258728,-0.00119171
2.430,-0.15252902,0.73734108,2.43559316,-0.16614286,-0.05234638,0.08648532,-0.10202149,-0.03214376,0.05310708,-0.14506041,0.73923305,2.42997769,-0.16450961,-0.05479116,0.08735333,-0.17358410,-22.81111355,0.20198383,-0.32654793,-0.04827855,0.03409583,-0.50013203,-22.85939210,0.23607966,-0.50160871,-22.81415783,0.18268422,-0.00746861,-0.00189197,0.00561547,-0.00163325,0.00244478,-0.00086801
2.440,-0.15419555,0.73681601,2.43646066,-0.16716320,-0.05266786,0.08701646,-0.10204764,-0.03215200,0.05312069,-0.14673770,0.73867823,2.43085949,-0.16531451,-0.05496375,0.08756003,-0.17371102,-22.82023542,0.20437441,-0.32624391,-0.04547012,0.03485303,-0.49995493,-22.86570554,0.23922745,-0.50096074,-22.81971716,0.18570983,-0.00745785,-0.00186222,0.00560117,-0.00184869,0.00229589,-0.00054357
2.450,-0.15587228,0.73628772,2.43733349,-0.16818380,-0.05298942,0.08754773,-0.10207116,-0.03215941,0.05313293,-0.14842300,0.73812193,2.43174336,-0.16611830,-0.05513031,0.08776663,-0.17383402,-22.82940438,0.20678021,-0.32610364,-0.04285395,0.03559849,-0.49993766,-22.87225834,0.24237870,-0.50046822,-22.82549829,0.18874302,-0.00744928,-0.00183421,0.00559013,-0.00206550,0.00214089,-0.00021890
2.460,-0.15755922,0.73575622,2.43821162,-0.16920462,-0.05331104,0.08807912,-0.10209206,-0.03216599,0.05314381,-0.15011630,0.73756420,2.43262930,-0.16692122,-0.05529113,0.08797359,-0.17395311,-22.83862024,0.20920108,-0.32612856,-0.04043648,0.03633031,-0.50008166,-22.87905672,0.24553139,-0.50013203,-22.83150530,0.19178242,-0.00744292,-0.00180798,0.00558232,-0.00228340,0.00198009,0.00010553
2.470,-0.15925637,0.73522150,2.43909507,-0.17022563,-0.05363273,0.08861060,-0.10211036,-0.03217176,0.05315334,-0.15181760,0.73700507,2.43351735,-0.16772348,-0.05544650,0.08818136,-0.17406832,-22.84788307,0.21163708,-0.32631953,-0.03822402,0.03704699,-0.50038785,-22.88610710,0.24868407,-0.49995493,-22.83774923,0.19482512,-0.00743877,-0.00178357,0.00557772,-0.00250215,0.00181377,0.00042924
2.480,-0.16096374,0.73468356,2.43998383,-0.17124682,-0.05395448,0.08914218,-0.10212605,-0.03217670,0.05316151,-0.15352691,0.73644459,2.43440752,-0.16852533,-0.05559674,0.08839037,-0.17417962,-22.85719280,0.21408816,-0.32667766,-0.03622232,0.03774691,-0.50085728,-22.89341512,0.25183507,-0.49993766,-22.84423461,0.19786999,-0.00743683,-0.00176103,0.00557631,-0.00272149,0.00164226,0.00075181
2.490,-0.16268131,0.73414241,2.44087791,-0.17226814,-0.05427626,0.08967383,-0.10213915,-0.03218083,0.05316832,-0.15524423,0.73588281,2.43529985,-0.16932699,-0.05574215,0.08860106,-0.17428705,-22.86654899,0.21655444,-0.32720107,-0.03443331,0.03842932,-0.50148812,-22.90098231,0.25498376,-0.50008166,-22.85096753,0.20091483,-0.00743708,-0.00174040,0.00557806,-0.00294115,0.00146589,0.00107277
2.500,-0.16440910,0.73359804,2.44177731,-0.17328959,-0.05459809,0.09020554,-0.10214965,-0.03218414,0.05317379,-0.15696957,0.73531975,2.43619437,-0.17012871,-0.05588307,0.08881382,-0.17439058,-22.87595180,0.21903584,-0.32789129,-0.03286325,0.03909254,-0.50228187,-22.90881505,0.25812838,-0.50038785,-22.85795418,0.20395801,-0.00743953,-0.00172171,0.00558294,-0.00316088,0.00128498,0.00139172
2.510,-0.16614710,0.73305045,2.44268202,-0.17431113,-0.05491994,0.09073730,-0.10215758,-0.03218664,0.05317792,-0.15870294,0.73475545,2.43709112,-0.17093073,-0.05601984,0.08902908,-0.17449025,-22.88540121,0.22153231,-0.32874730,-0.03151561,0.03973531,-0.50323755,-22.91691682,0.26126761,-0.50085728,-22.86520006,0.20699766,-0.00744416,-0.00170500,0.00559090,-0.00338040,0.00109990,0.00170822
2.520,-0.16789532,0.73249964,2.44359206,-0.17533273,-0.05524182,0.09126909,-0.10216294,-0.03218832,0.05318071,-0.16044435,0.73418993,2.43799014,-0.17173327,-0.05615278,0.08924720,-0.17458606,-22.89489695,0.22404396,-0.32976832,-0.03039260,0.04035687,-0.50435438,-22.92528954,0.26440083,-0.50148812,-22.87270650,0.21003298,-0.00745097,-0.00169029,0.00560192,-0.00359946,0.00091096,0.00202189
2.530,-0.16965376,0.73194561,2.44450741,-0.17635438,-0.05556371,0.09180091,-0.10216572,-0.03218920,0.05318216,-0.16219381,0.73362323,2.43889146,-0.17253658,-0.05628226,0.08946856,-0.17467799,-22.90443906,0.22657067,-0.33095364,-0.02949746,0.04095591,-0.50563163,-22.93393652,0.26752657,-0.50228187,-22.88047970,0.21306205,-0.00745995,-0.00167762,0.00561595,-0.00381780,0.00071855,0.00233235
2.540,-0.17142241,0.73138836,2.44542807,-0.17737604,-0.05588560,0.09233273,-0.10216595,-0.03218927,0.05318228,-0.16395135,0.73305535,2.43979515,-0.17334090,-0.05640862,0.08969352,-0.17476607,-22.91402743,0.22911242,-0.33230125,-0.02883181,0.04153157,-0.50706733,-22.94285924,0.27064399,-0.50323755,-22.88852296,0.21608340,-0.00747106,-0.00166699,0.00563292,-0.00403514,0.00052302,0.00263921
2.550,-0.17320128,0.73082790,2.44635406,-0.17839769,-0.05620749,0.09286455,-0.10216363,-0.03218854,0.05318107,-0.16571698,0.73248632,2.44070124,-0.17414646,-0.05653223,0.08992244,-0.17485031,-22.92366154,0.23166942,-0.33380889,-0.02839443,0.04208374,-0.50865921,-22.95205596,0.27375316,-0.50435438,-22.89683801,0.21909624,-0.00748430,-0.00165842,0.00565282,-0.00425123,0.00032474,0.00294211
2.560,-0.17499036,0.73026421,2.44728536,-0.17941930,-0.05652937,0.09339635,-0.10215877,-0.03218701,0.05317854,-0.16749073,0.73191615,2.44160979,-0.17495351,-0.05665346,0.09015563,-0.17493072,-22.93334197,0.23424139,-0.33547553,-0.02818981,0.04261081,-0.51040625,-22.96153177,0.27685220,-0.50563163,-22.90542795,0.22209897,-0.00749963,-0.00165194,0.00567557,-0.00446579,0.00012409,0.00324072
2.570,-0.17678966,0.72969731,2.44822199,-0.18044086,-0.05685123,0.09392812,-0.10215137,-0.03218468,0.05317468,-0.16927261,0.73134485,2.44252086,-0.17576228,-0.05677267,0.09039342,-0.17500728,-22.94306789,0.23682860,-0.33729781,-0.02821407,0.04311313,-0.51230508,-22.97128196,0.27994173,-0.50706733,-22.91429409,0.22509060,-0.00751705,-0.00164754,0.00570113,-0.00467858,-0.00007856,0.00353470
2.580,-0.17859918,0.72912719,2.44916393,-0.18146232,-0.05717306,0.09445984,-0.10214143,-0.03218155,0.05316951,-0.17106267,0.73077242,2.44343450,-0.17657300,-0.05689023,0.09063611,-0.17507998,-22.95283962,0.23943085,-0.33927391,-0.02846926,0.04358956,-0.51435390,-22.98130888,0.28302041,-0.50865921,-22.92343451,0.22807106,-0.00753651,-0.00164523,0.00572943,-0.00488932,-0.00028283,0.00382373
2.590,-0.18041891,0.72855385,2.45011118,-0.18248368,-0.05749486,0.09499150,-0.10212898,-0.03217762,0.05316303,-0.17286091,0.73019886,2.44435078,-0.17738591,-0.05700651,0.09088400,-0.17514888,-22.96265704,0.24204812,-0.34140065,-0.02895428,0.04403974,-0.51654953,-22.99161132,0.28608786,-0.51040625,-22.93285409,0.23103836,-0.00755800,-0.00164501,0.00576040,-0.00509777,-0.00048835,0.00410750
2.600,-0.18224885,0.72797729,2.45106376,-0.18350489,-0.05781661,0.09552310,-0.10211402,-0.03217291,0.05315524,-0.17466738,0.72962418,2.44526975,-0.17820122,-0.05712189,0.09113736,-0.17521397,-22.97251993,0.24468056,-0.34367411,-0.02966607,0.04446383,-0.51888808,-23.00218600,0.28914438,-0.51230508,-22.94254794,0.23399301,-0.00758147,-0.00164689,0.00579401,-0.00530367,-0.00069472,0.00438574
2.610,-0.18408901,0.72739752,2.45202164,-0.18452595,-0.05813831,0.09605460,-0.10209654,-0.03216740,0.05314615,-0.17648211,0.72904837,2.44619149,-0.17901918,-0.05723675,0.09139646,-0.17527522,-22.98242804,0.24732801,-0.34609170,-0.03060324,0.04486123,-0.52136692,-23.01303127,0.29218925,-0.51435390,-22.95251822,0.23693354,-0.00760690,-0.00165085,0.00583015,-0.00550677,-0.00090156,0.00465814
2.620,-0.18593937,0.72681453,2.45298485,-0.18554682,-0.05845996,0.09658601,-0.10207657,-0.03216111,0.05313575,-0.17830514,0.72847141,2.44711606,-0.17984000,-0.05735146,0.09166154,-0.17533268,-22.99238138,0.24999062,-0.34864852,-0.03176246,0.04523226,-0.52398121,-23.02414384,0.29522288,-0.51654953,-22.96276353,0.23985947,-0.00763423,-0.00165688,0.00586879,-0.00570682,-0.00110850,0.00492447
2.630,-0.18779994,0.72622832,2.45395336,-0.18656747,-0.05878153,0.09711731,-0.10205411,-0.03215403,0.05312405,-0.18013649,0.72789330,2.44804353,-0.18066390,-0.05746638,0.09193284,-0.17538634,-23.00238002,0.25266817,-0.35134163,-0.03314214,0.04557634,-0.52672797,-23.03552216,0.29824451,-0.51888808,-22.97328042,0.24277101,-0.00766345,-0.00166498,0.00590983,-0.00590357,-0.00131515,0.00518447
2.640,-0.18967072,0.72563890,2.45492719,-0.18758789,-0.05910303,0.09764849,-0.10202916,-0.03214617,0.05311107,-0.18197622,0.72731402,2.44897396,-0.18149109,-0.05758189,0.09221059,-0.17543619,-23.01242342,0.25536087,-0.35416600,-0.03473627,0.04589420,-0.52960219,-23.04715969,0.30125506,-0.52136692,-22.98406706,0.24566733,-0.00769450,-0.00167512,0.00595323,-0.00609680,-0.00152114,0.00543790
2.650,-0.19155170,0.72504626,2.45590633,-0.18860805,-0.05942445,0.09817953,-0.10200173,-0.03213753,0.05309679,-0.18382436,0.72673354,2.44990745,-0.18232178,-0.05769836,0.09249499,-0.17548225,-23.02251181,0.25806857,-0.35711749,-0.03654257,0.04618554,-0.53259974,-23.05905438,0.30425411,-0.52398121,-22.99511995,0.24854879,-0.00772734,-0.00168728,0.00599888,-0.00628627,-0.00172609,0.00568454
2.660,-0.19344288,0.72445041,2.45689078,-0.18962792,-0.05974578,0.09871042,-0.10197183,-0.03212811,0.05308123,-0.18568095,0.72615184,2.45084405,-0.18315617,-0.05781616,0.09278624,-0.17552452,-23.03264480,0.26079134,-0.36019086,-0.03855488,0.04645095,-0.53571538,-23.07119968,0.30724229,-0.52672797,-23.00643739,0.25141452,-0.00776193,-0.00170143,0.00604673,-0.00647175,-0.00192962,0.00592418
2.670,-0.19534426,0.72385134,2.45788054,-0.19064748,-0.06006701,0.09924115,-0.10193947,-0.03211792,0.05306438,-0.18754605,0.72556890,2.45178384,-0.18399446,-0.05793562,0.09308452,-0.17556301,-23.04282256,0.26352910,-0.36338182,-0.04076956,0.04669049,-0.53894483,-23.08359212,0.31021959,-0.52960219,-23.01801267,0.25426537,-0.00779821,-0.00171756,0.00609670,-0.00665302,-0.00213139,0.00615663
2.680,-0.19725583,0.72324907,2.45887561,-0.19166670,-0.06038814,0.09977171,-0.10190466,-0.03210695,0.05304626,-0.18941969,0.72498469,2.45272690,-0.18483685,-0.05805713,0.09339001,-0.17559773,-23.05304438,0.26628199,-0.36668379,-0.04317812,0.04690518,-0.54228151,-23.09622250,0.31318717,-0.53259974,-23.02984357,0.25710087,-0.00783614,-0.00173562,0.00614871,-0.00682985,-0.00233101,0.00638170
2.690,-0.19917759,0.72264358,2.45987598,-0.19268556,-0.06070915,0.10030207,-0.10186739,-0.03209521,0.05302686,-0.19130192,0.72439916,2.45367332,-0.18568351,-0.05818101,0.09370287,-0.17562866,-23.06331078,0.26904980,-0.37009284,-0.04577804,0.04709475,-0.54572150,-23.10908882,0.31614455,-0.53571538,-23.04192336,0.25992158,-0.00787567,-0.00175558,0.00620266,-0.00700205,-0.00252814,0.00659920
2.700,-0.20110954,0.72203488,2.46088165,-0.19370404,-0.06103004,0.10083224,-0.10182769,-0.03208270,0.05300619,-0.19319280,0.72381229,2.45462316,-0.18653463,-0.05830761,0.09402323,-0.17565583,-23.07362137,0.27183259,-0.37360308,-0.04856156,0.04726009,-0.54925891,-23.12218293,0.31909267,-0.53894483,-23.05424841,0.26272743,-0.00791674,-0.00177741,0.00625849,-0.00716941,-0.00272243,0.00680901
2.710,-0.20305167,0.72142298,2.46189262,-0.19472211,-0.06135080,0.10136219,-0.10178555,-0.03206942,0.05298426,-0.19509238,0.72322402,2.45557651,-0.18739038,-0.05843727,0.09435123,-0.17567923,-23.08397572,0.27463042,-0.37720794,-0.05152047,0.04740212,-0.55288718,-23.13549619,0.32203254,-0.54228151,-23.06680938,0.26551955,-0.00795929,-0.00180104,0.00631611,-0.00733173,-0.00291353,0.00701096
2.720,-0.20500398,0.72080787,2.46290889,-0.19573974,-0.06167143,0.10189192,-0.10174099,-0.03205538,0.05296106,-0.19700070,0.72263433,2.45653346,-0.18825092,-0.05857030,0.09468700,-0.17569889,-23.09437401,0.27744323,-0.38090226,-0.05464921,0.04752127,-0.55660115,-23.14902323,0.32496450,-0.54572150,-23.07960412,0.26829740,-0.00800328,-0.00182646,0.00637543,-0.00748882,-0.00310113,0.00720492
2.730,-0.20696646,0.72018955,2.46393046,-0.19675692,-0.06199191,0.10242141,-0.10169401,-0.03204058,0.05293661,-0.19891783,0.72204316,2.45749407,-0.18911640,-0.05870703,0.09503064,-0.17571479,-23.10481612,0.28027101,-0.38467979,-0.05794017,0.04761838,-0.56039458,-23.16275629,0.32788939,-0.54925891,-23.09262432,0.27106189,-0.00804863,-0.00185361,0.00643639,-0.00764052,-0.00328488,0.00739077
2.740,-0.20893912,0.71956803,2.46495732,-0.19777361,-0.06231223,0.10295065,-0.10164462,-0.03202502,0.05291090,-0.20084382,0.72145046,2.45845844,-0.18998699,-0.05884776,0.09538225,-0.17572694,-23.11530170,0.28311374,-0.38853464,-0.06138490,0.04769433,-0.56426158,-23.17668660,0.33080808,-0.55288718,-23.10586121,0.27381400,-0.00809530,-0.00188243,0.00649888,-0.00778662,-0.00346447,0.00756840
2.750,-0.21092193,0.71894331,2.46598947,-0.19878980,-0.06263240,0.10347962,-0.10159282,-0.03200870,0.05288394,-0.20277872,0.72085618,2.45942665,-0.19086281,-0.05899280,0.09574191,-0.17573534,-23.12583062,0.28597144,-0.39245956,-0.06497530,0.04775005,-0.56819491,-23.19080593,0.33372149,-0.55660115,-23.11930928,0.27655405,-0.00814321,-0.00191287,0.00656282,-0.00792699,-0.00363960,0.00773771
2.760,-0.21291491,0.71831538,2.46702691,-0.19980546,-0.06295241,0.10400832,-0.10153863,-0.03199162,0.05285573,-0.20472260,0.72026027,2.46039878,-0.19174400,-0.05914241,0.09610971,-0.17574002,-23.13640305,0.28884402,-0.39644984,-0.06870485,0.04778614,-0.57218985,-23.20510790,0.33663016,-0.56039458,-23.13296066,0.27928284,-0.00819231,-0.00194489,0.00662813,-0.00806146,-0.00381000,0.00789861
2.770,-0.21491804,0.71768426,2.46806963,-0.20082057,-0.06327223,0.10453673,-0.10148205,-0.03197380,0.05282627,-0.20667550,0.71966266,2.46137492,-0.19263068,-0.05929689,0.09648570,-0.17574095,-23.14701837,0.29173155,-0.40049740,-0.07256221,0.04780406,-0.57623835,-23.21958057,0.33953561,-0.56426158,-23.14680643,0.28200124,-0.00824254,-0.00197840,0.00669471,-0.00818989,-0.00397534,0.00805103
2.780,-0.21693132,0.71704994,2.46911764,-0.20183509,-0.06359188,0.10506484,-0.10142309,-0.03195522,0.05279558,-0.20863750,0.71906331,2.46235515,-0.19352297,-0.05945650,0.09686993,-0.17573816,-23.15767665,0.29463402,-0.40459633,-0.07653997,0.04780469,-0.58033449,-23.23421662,0.34243871,-0.56819491,-23.16083827,0.28471017,-0.00829382,-0.00201337,0.00676249,-0.00831212,-0.00413538,0.00819491
2.790,-0.21895474,0.71641242,2.47017093,-0.20284902,-0.06391134,0.10559264,-0.10136175,-0.03193589,0.05276365,-0.21060865,0.71846215,2.46333955,-0.19442097,-0.05962148,0.09726246,-0.17573164,-23.16837783,0.29755137,-0.40874017,-0.08062958,0.04778894,-0.58447180,-23.24900741,0.34534030,-0.57218985,-23.17504969,0.28741014,-0.00834609,-0.00204973,0.00683138,-0.00842805,-0.00428986,0.00833018
2.800,-0.22098830,0.71577171,2.47122949,-0.20386232,-0.06423059,0.10612011,-0.10129805,-0.03191582,0.05273049,-0.21258901,0.71785911,2.46432821,-0.19532479,-0.05979207,0.09766330,-0.17572140,-23.17912159,0.30048357,-0.41292209,-0.08482101,0.04775801,-0.58864349,-23.26394260,0.34824158,-0.57623835,-23.18942864,0.29010269,-0.00839929,-0.00208740,0.00690128,-0.00853753,-0.00443852,0.00845681
2.810,-0.22303198,0.71512781,2.47229333,-0.20487497,-0.06454965,0.10664725,-0.10123199,-0.03189501,0.05269610,-0.21457865,0.71725413,2.46532121,-0.19623450,-0.05996851,0.09807249,-0.17570745,-23.18990773,0.30343070,-0.41713473,-0.08910461,0.04771323,-0.59284217,-23.27901234,0.35114393,-0.58033449,-23.20396770,0.29278868,-0.00845333,-0.00212632,0.00697212,-0.00864047,-0.00458114,0.00857476
2.820,-0.22508580,0.71448072,2.47336244,-0.20588695,-0.06486849,0.10717403,-0.10116357,-0.03187345,0.05266049,-0.21657762,0.71664715,2.46631863,-0.19715019,-0.06015101,0.09849003,-0.17568977,-23.20073616,0.30639269,-0.42137280,-0.09347181,0.04765549,-0.59706256,-23.29420797,0.35404819,-0.58447180,-23.21865816,0.29546897,-0.00850818,-0.00216643,0.00704381,-0.00873676,-0.00471748,0.00868400
2.830,-0.22714972,0.71383044,2.47443681,-0.20689824,-0.06518712,0.10770045,-0.10109281,-0.03185116,0.05262366,-0.21858599,0.71603809,2.46732057,-0.19807192,-0.06033976,0.09891593,-0.17566840,-23.21160685,0.30936946,-0.42562838,-0.09791343,0.04758588,-0.60129677,-23.30952028,0.35695534,-0.58864349,-23.23348959,0.29814477,-0.00856373,-0.00220765,0.00711624,-0.00882632,-0.00484736,0.00878452
2.840,-0.22922376,0.71317698,2.47551645,-0.20790880,-0.06550551,0.10822650,-0.10101971,-0.03182813,0.05258560,-0.22060383,0.71542688,2.46832710,-0.19899975,-0.06053495,0.09935018,-0.17564331,-23.22251931,0.31236114,-0.42989507,-0.10241804,0.04750605,-0.60553838,-23.32493735,0.35986718,-0.59284217,-23.24845208,0.30081747,-0.00861993,-0.00224990,0.00718935,-0.00890905,-0.00497056,0.00887632
2.850,-0.23130790,0.71252033,2.47660134,-0.20891862,-0.06582368,0.10875216,-0.10094429,-0.03180436,0.05254634,-0.22263118,0.71481346,2.46933830,-0.19993374,-0.06073675,0.09979276,-0.17561454,-23.23347382,0.31536752,-0.43416686,-0.10697893,0.04741647,-0.60978140,-23.34045275,0.36278398,-0.59706256,-23.26353689,0.30348794,-0.00867672,-0.00229313,0.00726304,-0.00898488,-0.00508693,0.00895940
2.860,-0.23340213,0.71186051,2.47769149,-0.20992768,-0.06614160,0.10927742,-0.10086654,-0.03177987,0.05250587,-0.22466813,0.71419775,2.47035427,-0.20087391,-0.06094533,0.10024365,-0.17558207,-23.24446963,0.31838880,-0.43843561,-0.11158277,0.04731919,-0.61401768,-23.35605239,0.36570799,-0.60129677,-23.27873476,0.30615719,-0.00873400,-0.00233724,0.00733722,-0.00905377,-0.00519627,0.00903377
2.870,-0.23550645,0.71119750,2.47878689,-0.21093595,-0.06645927,0.10980227,-0.10078647,-0.03175464,0.05246419,-0.22671472,0.71357968,2.47137507,-0.20182031,-0.06116081,0.10070280,-0.17554589,-23.25550721,0.32142477,-0.44269640,-0.11622364,0.04721464,-0.61824230,-23.37173085,0.36863941,-0.60553838,-23.29403372,0.30882704,-0.00879173,-0.00238218,0.00741182,-0.00911564,-0.00529846,0.00909947
2.880,-0.23762084,0.71053132,2.47988753,-0.21194340,-0.06677669,0.11032670,-0.10070410,-0.03172869,0.05242131,-0.22877103,0.71295917,2.47240079,-0.20277294,-0.06138333,0.10117019,-0.17550605,-23.26658597,0.32447549,-0.44694131,-0.12088961,0.04710443,-0.62244735,-23.38747558,0.37157992,-0.60978140,-23.30942730,0.31149781,-0.00884981,-0.00242785,0.00748674,-0.00917046,-0.00539336,0.00915651
2.890,-0.23974531,0.70986197,2.48099342,-0.21295002,-0.06709384,0.11085070,-0.10061943,-0.03170201,0.05237724,-0.23083712,0.71233615,2.47343152,-0.20373183,-0.06161301,0.10164576,-0.17546251,-23.27770568,0.32754102,-0.45116452,-0.12557079,0.04698993,-0.62662703,-23.40327647,0.37453096,-0.61401768,-23.32490137,0.31417176,-0.00890819,-0.00247418,0.00756190,-0.00921819,-0.00548083,0.00920494
2.900,-0.24187984,0.70918945,2.48210454,-0.21395578,-0.06741073,0.11137424,-0.10053246,-0.03167461,0.05233197,-0.23291304,0.71171054,2.47446732,-0.20469697,-0.06184993,0.10212944,-0.17541529,-23.28886635,0.33062123,-0.45535969,-0.13025905,0.04687193,-0.63077498,-23.41912540,0.37749317,-0.61824230,-23.34045050,0.31684916,-0.00896680,-0.00252109,0.00763722,-0.00925881,-0.00556080,0.00924480
2.910,-0.24402442,0.70851376,2.48322090,-0.21496066,-0.06772733,0.11189733,-0.10044321,-0.03164649,0.05228551,-0.23499887,0.71108227,2.47550829,-0.20566835,-0.06209419,0.10262117,-0.17536440,-23.30006779,0.33371618,-0.45952010,-0.13494407,0.04675192,-0.63488451,-23.43501186,0.38046810,-0.62244735,-23.35606210,0.31953173,-0.00902555,-0.00256851,0.00771261,-0.00929231,-0.00563314,0.00927616
2.920,-0.24617905,0.70783490,2.48434249,-0.21596464,-0.06804365,0.11241995,-0.10035168,-0.03161765,0.05223786,-0.23709465,0.71045126,2.47655449,-0.20664596,-0.06234584,0.10312088,-0.17530984,-23.31130992,0.33682578,-0.46364039,-0.13961768,0.04663078,-0.63895023,-23.45092760,0.38345657,-0.62662703,-23.37172607,0.32222096,-0.00908440,-0.00261636,0.00778800,-0.00931868,-0.00569781,0.00929907
2.930,-0.24834371,0.70715288,2.48546930,-0.21696769,-0.06835968,0.11294208,-0.10025788,-0.03158810,0.05218903,-0.23920047,0.70981744,2.47760600,-0.20762976,-0.06260495,0.10362848,-0.17525162,-23.32259240,0.33995004,-0.46771365,-0.14426978,0.04650980,-0.64296527,-23.46686217,0.38645984,-0.63077498,-23.38743427,0.32491753,-0.00914324,-0.00266456,0.00786330,-0.00933793,-0.00575473,0.00931360
2.940,-0.25051840,0.70646771,2.48660133,-0.21796979,-0.06867541,0.11346373,-0.10016182,-0.03155783,0.05213903,-0.24131636,0.70918073,2.47866290,-0.20861971,-0.06287154,0.10414388,-0.17518973,-23.33391479,0.34308901,-0.47173384,-0.14889003,0.04639039,-0.64692357,-23.48280482,0.38947941,-0.63488451,-23.40317621,0.32762306,-0.00920204,-0.00271302,0.00793843,-0.00935008,-0.00580387,0.00931985
2.950,-0.25270311,0.70577938,2.48773857,-0.21897092,-0.06899084,0.11398486,-0.10006350,-0.03152686,0.05208785,-0.24344240,0.70854105,2.47972526,-0.20961578,-0.06314564,0.10466698,-0.17512418,-23.34527733,0.34624256,-0.47569605,-0.15347197,0.04627313,-0.65082023,-23.49874930,0.39251569,-0.63895023,-23.41894363,0.33033843,-0.00926071,-0.00276167,0.00801331,-0.00935514,-0.00584520,0.00931788
2.960,-0.25489782,0.70508789,2.48888103,-0.21997105,-0.06930595,0.11450548,-0.09996293,-0.03149517,0.05203550,-0.24557864,0.70789833,2.48079316,-0.21061790,-0.06342725,0.10519767,-0.17505497,-23.35667980,0.34941075,-0.47959377,-0.15800604,0.04615941,-0.65464874,-23.51468584,0.39557015,-0.64296527,-23.43472612,0.33306495,-0.00931918,-0.00281044,0.00808787,-0.00935315,-0.00587870,0.00930781
2.970,-0.25710252,0.70439326,2.49002868,-0.22097017,-0.06962074,0.11502557,-0.09986012,-0.03146278,0.05198198,-0.24772515,0.70725249,2.48186666,-0.21162600,-0.06371637,0.10573586,-0.17498211,-23.36812170,0.35259349,-0.48342130,-0.16248291,0.04605019,-0.65840341,-23.53060461,0.39864368,-0.64692357,-23.45051295,0.33580421,-0.00937737,-0.00285923,0.00816202,-0.00934417,-0.00590437,0.00928971
2.980,-0.25931722,0.70369548,2.49118153,-0.22196825,-0.06993520,0.11554511,-0.09975507,-0.03142968,0.05192730,-0.24988197,0.70660346,2.48294584,-0.21264002,-0.06401298,0.10628141,-0.17490559,-23.37960311,0.35579080,-0.48717454,-0.16689567,0.04594634,-0.66208013,-23.54649878,0.40173714,-0.65082023,-23.46629790,0.33855667,-0.00943525,-0.00290798,0.00823569,-0.00932823,-0.00592222,0.00926370
2.990,-0.26154189,0.70299456,2.49233958,-0.22296526,-0.07024933,0.11606411,-0.09964780,-0.03139588,0.05187146,-0.25204916,0.70595117,2.48403077,-0.21365988,-0.06431704,0.10683420,-0.17482543,-23.39112361,0.35900271,-0.49084686,-0.17123471,0.04584922,-0.66567229,-23.56235833,0.40485193,-0.65464874,-23.48207123,0.34132387,-0.00949273,-0.00295661,0.00830881,-0.00930538,-0.00593229,0.00922991
3.000,-0.26377652,0.70229049,2.49350281,-0.22396120,-0.07056312,0.11658254,-0.09953831,-0.03136138,0.05181446,-0.25422678,0.70529554,2.48512151,-0.21468547,-0.06462849,0.10739410,-0.17474163,-23.40268348,0.36222904,-0.49443448,-0.17549512,0.04575904,-0.66917611,-23.57817859,0.40798808,-0.65840341,-23.49782319,0.34410678,-0.00954974,-0.00300505,0.00838130,-0.00927573,-0.00593463,0.00918844
3.010,-0.26602111,0.70158329,2.49467123,-0.22495602,-0.07087655,0.11710039,-0.09942661,-0.03132619,0.05175632,-0.25641489,0.70463650,2.48621812,-0.21571670,-0.06494727,0.10796097,-0.17465420,-23.41428195,0.36546996,-0.49793163,-0.17966606,0.04567747,-0.67258583,-23.59394801,0.41114744,-0.66208013,-23.51354697,0.34690635,-0.00960622,-0.00305321,0.00845311,-0.00923932,-0.00592928,0.00913942
3.020,-0.26827564,0.70087296,2.49584482,-0.22594972,-0.07118964,0.11761766,-0.09931270,-0.03129030,0.05169702,-0.25861353,0.70397399,2.48732068,-0.21675346,-0.06527331,0.10853467,-0.17456312,-23.42591901,0.36872535,-0.50133403,-0.18374186,0.04560495,-0.67589715,-23.60966087,0.41433030,-0.66567229,-23.52923262,0.34972405,-0.00966211,-0.00310103,0.00852414,-0.00919626,-0.00591633,0.00908299
3.030,-0.27054010,0.70015950,2.49702358,-0.22694227,-0.07150236,0.11813433,-0.09919659,-0.03125372,0.05163658,-0.26082275,0.70330793,2.48842924,-0.21779564,-0.06560650,0.10911505,-0.17446841,-23.43759452,0.37199520,-0.50463721,-0.18771549,0.04554231,-0.67910562,-23.62531002,0.41753751,-0.66917611,-23.54487555,0.35255999,-0.00971735,-0.00314843,0.00859434,-0.00914663,-0.00589586,0.00901928
3.040,-0.27281448,0.69944292,2.49820751,-0.22793364,-0.07181471,0.11865039,-0.09907830,-0.03121645,0.05157501,-0.26304260,0.70263825,2.48954387,-0.21884311,-0.06594674,0.10970195,-0.17437008,-23.44930807,0.37527955,-0.50783655,-0.19157922,0.04549060,-0.68220663,-23.64088729,0.42077015,-0.67258583,-23.56046427,0.35541611,-0.00977188,-0.00319533,0.00866364,-0.00909053,-0.00586797,0.00894844
3.050,-0.27509877,0.69872321,2.49939659,-0.22892383,-0.07212669,0.11916583,-0.09895782,-0.03117849,0.05151229,-0.26527314,0.70196490,2.49066462,-0.21989575,-0.06629392,0.11029521,-0.17426812,-23.46105991,0.37857821,-0.51092933,-0.19532962,0.04544981,-0.68519744,-23.65638952,0.42402803,-0.67589715,-23.57599314,0.35829280,-0.00982563,-0.00324169,0.00873197,-0.00902808,-0.00583277,0.00887062
3.060,-0.27739295,0.69800038,2.50059082,-0.22991279,-0.07243828,0.11968063,-0.09883517,-0.03113985,0.05144844,-0.26751440,0.70128780,2.49179155,-0.22095341,-0.06664790,0.11089467,-0.17416254,-23.47284964,0.38189124,-0.51391066,-0.19895916,0.04542096,-0.68807320,-23.67180880,0.42731219,-0.67910562,-23.59145510,0.36119099,-0.00987855,-0.00328742,0.00879927,-0.00895938,-0.00579038,0.00878596
3.070,-0.27969702,0.69727445,2.50179020,-0.23090052,-0.07274948,0.12019479,-0.09871035,-0.03110052,0.05138347,-0.26976644,0.70060690,2.49292472,-0.22201594,-0.06700854,0.11150016,-0.17405333,-23.48467654,0.38521876,-0.51677672,-0.20245985,0.04540514,-0.69083006,-23.68713638,0.43062390,-0.68220663,-23.60684206,0.36411185,-0.00993058,-0.00333245,0.00886548,-0.00888458,-0.00574094,0.00869463
3.080,-0.28201096,0.69654540,2.50299471,-0.23188699,-0.07306029,0.12070830,-0.09858337,-0.03106051,0.05131737,-0.27202929,0.69992212,2.49406417,-0.22308321,-0.06737569,0.11211149,-0.17394052,-23.49654116,0.38856050,-0.51952533,-0.20583047,0.04540199,-0.69346585,-23.70237163,0.43396249,-0.68519744,-23.62215097,0.36705529,-0.00998167,-0.00337672,0.00893054,-0.00880378,-0.00568460,0.00859681
3.090,-0.28433475,0.69581324,2.50420436,-0.23287218,-0.07337069,0.12122114,-0.09845424,-0.03101983,0.05125015,-0.27430299,0.69923343,2.49520997,-0.22415505,-0.06774917,0.11272848,-0.17382409,-23.50844303,0.39191658,-0.52215227,-0.20906405,0.04541255,-0.69597636,-23.71750708,0.43732913,-0.68807320,-23.63737400,0.37002246,-0.01003176,-0.00342019,0.00899439,-0.00871713,-0.00562152,0.00849266
3.100,-0.28666839,0.69507798,2.50541913,-0.23385607,-0.07368068,0.12173330,-0.09832296,-0.03097847,0.05118181,-0.27658759,0.69854075,2.49636215,-0.22523130,-0.06812881,0.11335096,-0.17370405,-23.52038184,0.39528693,-0.52465527,-0.21215617,0.04543708,-0.69835932,-23.73253801,0.44072401,-0.69083006,-23.65250251,0.37301470,-0.01008080,-0.00346277,0.00905698,-0.00862477,-0.00555187,0.00838234
3.110,-0.28901187,0.69433963,2.50663902,-0.23483864,-0.07399025,0.12224477,-0.09818954,-0.03093643,0.05111236,-0.27888313,0.69784404,2.49752077,-0.22631179,-0.06851442,0.11397872,-0.17358040,-23.53235716,0.39867161,-0.52703132,-0.21510136,0.04547627,-0.70061172,-23.74745852,0.44414788,-0.69346585,-23.66753599,0.37603148,-0.01012874,-0.00350441,0.00911825,-0.00852685,-0.00547583,0.00826605
3.120,-0.29136516,0.69359818,2.50786403,-0.23581985,-0.07429941,0.12275554,-0.09805399,-0.03089372,0.05104180,-0.28118963,0.69714324,2.49868587,-0.22739634,-0.06890582,0.11461158,-0.17345315,-23.54436914,0.40207054,-0.52927774,-0.21789732,0.04553022,-0.70273089,-23.76226646,0.44760076,-0.69597636,-23.68246708,0.37907405,-0.01017553,-0.00354506,0.00917816,-0.00842351,-0.00539359,0.00814396
3.130,-0.29372826,0.69285364,2.50909413,-0.23679971,-0.07460813,0.12326560,-0.09791632,-0.03085035,0.05097014,-0.28350713,0.69643830,2.49985750,-0.22848478,-0.06930278,0.11524933,-0.17332230,-23.55641757,0.40548359,-0.53139322,-0.22054088,0.04559891,-0.70471553,-23.77695845,0.45108250,-0.69835932,-23.69729117,0.38214272,-0.01022113,-0.00358466,0.00923663,-0.00831493,-0.00530535,0.00801627
3.140,-0.29610115,0.69210602,2.51032934,-0.23777817,-0.07491641,0.12377494,-0.09777653,-0.03080631,0.05089737,-0.28583566,0.69572918,2.50103569,-0.22957692,-0.06970510,0.11589177,-0.17318785,-23.56850186,0.40891093,-0.53337443,-0.22302654,0.04568328,-0.70656228,-23.79152840,0.45459421,-0.70061172,-23.71200250,0.38523834,-0.01026549,-0.00362316,0.00929365,-0.00820125,-0.00521131,0.00788317
3.150,-0.29848382,0.69135532,2.51156963,-0.23875523,-0.07522425,0.12428355,-0.09763464,-0.03076160,0.05082351,-0.28817526,0.69501583,2.50222048,-0.23067258,-0.07011255,0.11653869,-0.17304982,-23.58062207,0.41235238,-0.53522069,-0.22535356,0.04578288,-0.70827051,-23.80597563,0.45813526,-0.70273089,-23.72659902,0.38836104,-0.01030856,-0.00366051,0.00934915,-0.00808265,-0.00511170,0.00774486
3.160,-0.30087625,0.69060154,2.51281501,-0.23973086,-0.07553164,0.12479141,-0.09749064,-0.03071623,0.05074855,-0.29052594,0.69429821,2.50341192,-0.23177156,-0.07052489,0.11718988,-0.17290818,-23.59277800,0.41580799,-0.53692997,-0.22751909,0.04589807,-0.70983816,-23.82029708,0.46170606,-0.70471553,-23.74107748,0.39151077,-0.01035031,-0.00369667,0.00940309,-0.00795930,-0.00500675,0.00760153
3.170,-0.30327843,0.68984468,2.51406546,-0.24070504,-0.07583857,0.12529851,-0.09734455,-0.03067020,0.05067251,-0.29288774,0.69357628,2.50461003,-0.23287366,-0.07094191,0.11784512,-0.17276297,-23.60496961,0.41927760,-0.53850168,-0.22952240,0.04602854,-0.71126465,-23.83449201,0.46530615,-0.70656228,-23.75543193,0.39468879,-0.01039069,-0.00373160,0.00945543,-0.00783138,-0.00489666,0.00745339
3.180,-0.30569035,0.68908477,2.51532097,-0.24167774,-0.07614504,0.12580485,-0.09719637,-0.03062351,0.05059537,-0.29526068,0.69285001,2.50581484,-0.23397869,-0.07136333,0.11850420,-0.17261416,-23.61719601,0.42276136,-0.53993364,-0.23135841,0.04617495,-0.71254780,-23.84855442,0.46893631,-0.70827051,-23.76966183,0.39789454,-0.01042967,-0.00376524,0.00950613,-0.00769905,-0.00478171,0.00730065
3.190,-0.30811198,0.68832179,2.51658155,-0.24264896,-0.07645104,0.12631042,-0.09704611,-0.03057617,0.05051716,-0.29764478,0.69211935,2.50702639,-0.23508644,-0.07178892,0.11916689,-0.17246177,-23.62945754,0.42625918,-0.54122527,-0.23302806,0.04633698,-0.71368704,-23.86248560,0.47259616,-0.70983816,-23.78376423,0.40112857,-0.01046720,-0.00379756,0.00955516,-0.00756252,-0.00466212,0.00714353
3.200,-0.31054332,0.68755575,2.51784718,-0.24361866,-0.07675656,0.12681519,-0.09689378,-0.03052818,0.05043786,-0.30004005,0.69138428,2.50824470,-0.23619671,-0.07221842,0.11983297,-0.17230580,-23.64175389,0.42977099,-0.54237653,-0.23453053,0.04651439,-0.71468233,-23.87628442,0.47628538,-0.71126465,-23.79773855,0.40439054,-0.01050327,-0.00382853,0.00960248,-0.00742195,-0.00453814,0.00698222
3.210,-0.31298435,0.68678666,2.51911785,-0.24458683,-0.07706160,0.12731917,-0.09673939,-0.03047953,0.05035749,-0.30244652,0.69064477,2.50946980,-0.23730929,-0.07265157,0.12050222,-0.17214626,-23.65408471,0.43329679,-0.54338661,-0.23586448,0.04670718,-0.71553287,-23.88994919,0.48000397,-0.71254780,-23.81157892,0.40768134,-0.01053783,-0.00385811,0.00964805,-0.00727754,-0.00441003,0.00681695
3.220,-0.31543505,0.68601452,2.52039356,-0.24555344,-0.07736615,0.12782234,-0.09658294,-0.03043024,0.05027605,-0.30486420,0.68990079,2.51070171,-0.23842397,-0.07308809,0.12117439,-0.17198315,-23.66644985,0.43683655,-0.54425511,-0.23702980,0.04691522,-0.71623825,-23.90347965,0.48375177,-0.71368704,-23.82528676,0.41100071,-0.01057085,-0.00388627,0.00969185,-0.00712947,-0.00427806,0.00664795
3.230,-0.31789541,0.68523933,2.52167430,-0.24651848,-0.07767021,0.12832469,-0.09642444,-0.03038030,0.05019354,-0.30729310,0.68915233,2.51194045,-0.23954054,-0.07352773,0.12184926,-0.17181646,-23.67884921,0.44039021,-0.54498269,-0.23802753,0.04713806,-0.71679915,-23.91687675,0.48752827,-0.71468233,-23.83886111,0.41434845,-0.01060231,-0.00391300,0.00973385,-0.00697794,-0.00414248,0.00647543
3.240,-0.32036542,0.68446111,2.52296005,-0.24748192,-0.07797376,0.12882621,-0.09626390,-0.03032972,0.05010997,-0.30973324,0.68839935,2.51318603,-0.24065878,-0.07397019,0.12252659,-0.17164621,-23.69128224,0.44395776,-0.54556919,-0.23885646,0.04737564,-0.71721540,-23.93013870,0.49133340,-0.71553287,-23.85230039,0.41772468,-0.01063218,-0.00393824,0.00977402,-0.00682314,-0.00400357,0.00629962
3.250,-0.32284505,0.68367986,2.52425082,-0.24844375,-0.07827680,0.12932688,-0.09610132,-0.03027850,0.05002534,-0.31218462,0.68764185,2.51443848,-0.24177849,-0.07441522,0.12320615,-0.17147239,-23.70374872,0.44753926,-0.54601434,-0.23951697,0.04762789,-0.71748673,-23.94326569,0.49516715,-0.71623825,-23.86560450,0.42112936,-0.01066043,-0.00396199,0.00981234,-0.00666526,-0.00386158,0.00612073
3.260,-0.32533429,0.68289558,2.52554659,-0.24940394,-0.07857932,0.12982671,-0.09593671,-0.03022664,0.04993966,-0.31464724,0.68687980,2.51569781,-0.24289944,-0.07486253,0.12388769,-0.17129499,-23.71624861,0.45113456,-0.54631945,-0.24001137,0.04789412,-0.71761444,-23.95625998,0.49902868,-0.71679915,-23.87877453,0.42456211,-0.01068705,-0.00398422,0.00984878,-0.00650450,-0.00371679,0.00593902
3.270,-0.32783312,0.68210828,2.52684735,-0.25036248,-0.07888133,0.13032567,-0.09577009,-0.03017414,0.04985292,-0.31712111,0.68611321,2.51696401,-0.24402143,-0.07531183,0.12457097,-0.17111406,-23.72878156,0.45474366,-0.54648512,-0.24034070,0.04817398,-0.71759918,-23.96912226,0.50291764,-0.71721540,-23.89180883,0.42802299,-0.01071201,-0.00400493,0.00988334,-0.00634105,-0.00356950,0.00575470
3.280,-0.33034153,0.68131795,2.52815310,-0.25131934,-0.07918280,0.13082376,-0.09560145,-0.03012100,0.04976514,-0.31960624,0.68534205,2.51823712,-0.24514423,-0.07576285,0.12525576,-0.17092955,-23.74134769,0.45836649,-0.54651305,-0.24050802,0.04846688,-0.71744260,-23.98185571,0.50683336,-0.71748673,-23.90470773,0.43151209,-0.01073529,-0.00402410,0.00991598,-0.00617511,-0.00341995,0.00556800
3.290,-0.33285950,0.68052462,2.52946382,-0.25227450,-0.07948375,0.13132097,-0.09543080,-0.03006724,0.04967631,-0.32210262,0.68456632,2.51951711,-0.24626763,-0.07621531,0.12594180,-0.17074149,-23.75394617,0.46200308,-0.54640338,-0.24051273,0.04877274,-0.71714487,-23.99445889,0.51077582,-0.71761444,-23.91747364,0.43502872,-0.01075688,-0.00404170,0.00994671,-0.00600687,-0.00326844,0.00537917
3.300,-0.33538702,0.67972828,2.53077951,-0.25322795,-0.07978415,0.13181729,-0.09525816,-0.03001285,0.04958644,-0.32461025,0.68378602,2.52080402,-0.24739142,-0.07666891,0.12662886,-0.17054989,-23.76657710,0.46565338,-0.54615833,-0.24035855,0.04909087,-0.71670822,-24.00693566,0.51474426,-0.71759918,-23.93010740,0.43857263,-0.01077677,-0.00405774,0.00997549,-0.00583653,-0.00311524,0.00518843
3.310,-0.33792406,0.67892894,2.53210016,-0.25417966,-0.08008400,0.13231270,-0.09508353,-0.02995782,0.04949554,-0.32712912,0.68300116,2.52209782,-0.24851538,-0.07712339,0.12731668,-0.17035473,-23.77924012,0.46931738,-0.54577859,-0.24004734,0.04942089,-0.71613333,-24.01928746,0.51873827,-0.71744260,-23.94261230,0.44214329,-0.01079494,-0.00407222,0.01000234,-0.00566428,-0.00296061,0.00499602
3.320,-0.34047060,0.67812660,2.53342576,-0.25512961,-0.08038330,0.13280719,-0.09490691,-0.02990218,0.04940360,-0.32965923,0.68221172,2.52339852,-0.24963930,-0.07757845,0.12800502,-0.17015603,-23.79193516,0.47299499,-0.54526607,-0.23958276,0.04976206,-0.71542210,-24.03151792,0.52275705,-0.71714487,-23.95498707,0.44574080,-0.01081137,-0.00408512,0.01002724,-0.00549031,-0.00280485,0.00480217
3.330,-0.34302664,0.67732128,2.53475630,-0.25607779,-0.08068204,0.13330077,-0.09472832,-0.02984591,0.04931063,-0.33220057,0.68141772,2.52470611,-0.25076296,-0.07803383,0.12869364,-0.16995378,-23.80466155,0.47668628,-0.54462271,-0.23896598,0.05011418,-0.71457649,-24.04362753,0.52680047,-0.71670822,-23.96723568,0.44936451,-0.01082607,-0.00409644,0.01005019,-0.00531483,-0.00264821,0.00460713
3.340,-0.34559215,0.67651296,2.53609178,-0.25702417,-0.08098022,0.13379340,-0.09454776,-0.02978902,0.04921664,-0.33475313,0.68061917,2.52602059,-0.25188616,-0.07848923,0.12938229,-0.16974800,-23.81741971,0.48039110,-0.54385106,-0.23820345,0.05047614,-0.71359906,-24.05562316,0.53086724,-0.71613333,-23.97935974,0.45301416,-0.01083902,-0.00410621,0.01007119,-0.00513801,-0.00249099,0.00441111
3.350,-0.34816712,0.67570167,2.53743217,-0.25796874,-0.08127782,0.13428510,-0.09436524,-0.02973151,0.04912163,-0.33731689,0.67981607,2.52734195,-0.25300868,-0.07894439,0.13007071,-0.16953867,-23.83020885,0.48410945,-0.54295279,-0.23729614,0.05084761,-0.71249147,-24.06750498,0.53495706,-0.71542210,-23.99136298,0.45668906,-0.01085023,-0.00411440,0.01009022,-0.00496006,-0.00233343,0.00421439
3.360,-0.35075152,0.67488741,2.53877747,-0.25891147,-0.08157485,0.13477583,-0.09418076,-0.02967339,0.04902560,-0.33989184,0.67900844,2.52867018,-0.25413032,-0.07939904,0.13075868,-0.16932581,-23.84302881,0.48784131,-0.54192978,-0.23624828,0.05122796,-0.71125559,-24.07927709,0.53906927,-0.71457649,-24.00324605,0.46038918,-0.01085968,-0.00412103,0.01010729,-0.00478115,-0.00217581,0.00401715
3.370,-0.35334534,0.67407018,2.54012768,-0.25985235,-0.08187129,0.13526560,-0.09399434,-0.02961465,0.04892856,-0.34247797,0.67819629,2.53000526,-0.25525088,-0.07985290,0.13144593,-0.16910942,-23.85587944,0.49158667,-0.54078485,-0.23506398,0.05161662,-0.70989427,-24.09094342,0.54320329,-0.71359906,-24.01501592,0.46411339,-0.01086737,-0.00412611,0.01012242,-0.00460147,-0.00201839,0.00381967
3.380,-0.35594856,0.67324999,2.54148278,-0.26079135,-0.08216714,0.13575440,-0.09380597,-0.02955531,0.04883051,-0.34507525,0.67737965,2.53134717,-0.25637015,-0.08030571,0.13213223,-0.16888948,-23.86876044,0.49534546,-0.53952044,-0.23374738,0.05201282,-0.70840993,-24.10250782,0.54735828,-0.71249147,-24.02667292,0.46786150,-0.01087331,-0.00412966,0.01013561,-0.00442120,-0.00186143,0.00362217
3.390,-0.35856116,0.67242684,2.54284277,-0.26172846,-0.08246239,0.13624221,-0.09361568,-0.02949535,0.04873145,-0.34768366,0.67655853,2.53269589,-0.25748794,-0.08075720,0.13281733,-0.16866603,-23.88167165,0.49911767,-0.53813929,-0.23230313,0.05241592,-0.70680532,-24.11397478,0.55153359,-0.71125559,-24.03822125,0.47163295,-0.01087750,-0.00413169,0.01014688,-0.00424052,-0.00170519,0.00342488
3.400,-0.36118312,0.67160074,2.54420762,-0.26266366,-0.08275704,0.13672903,-0.09342346,-0.02943479,0.04863139,-0.35030318,0.67573296,2.53405141,-0.25860404,-0.08120713,0.13350100,-0.16843905,-23.89461284,0.50290316,-0.53664434,-0.23073623,0.05282497,-0.70508339,-24.12534907,0.55572813,-0.70989427,-24.04966496,0.47542729,-0.01087994,-0.00413222,0.01015621,-0.00405962,-0.00154991,0.00322803
3.410,-0.36381443,0.67077170,2.54557734,-0.26359692,-0.08305108,0.13721484,-0.09322933,-0.02937362,0.04853033,-0.35293379,0.67490297,2.53541370,-0.25971826,-0.08165524,0.13418299,-0.16820856,-23.90758351,0.50670204,-0.53503817,-0.22904986,0.05323974,-0.70324672,-24.13663337,0.55994178,-0.70840993,-24.06100804,0.47924380,-0.01088064,-0.00413127,0.01016364,-0.00387866,-0.00139584,0.00303185
3.420,-0.36645506,0.66993972,2.54695192,-0.26452824,-0.08334451,0.13769963,-0.09303328,-0.02931186,0.04842828,-0.35557546,0.67406857,2.53678274,-0.26083042,-0.08210128,0.13486306,-0.16797453,-23.92058357,0.51051425,-0.53332366,-0.22724963,0.05365938,-0.70129819,-24.14783320,0.56417363,-0.70680532,-24.07225507,0.48308196,-0.01087960,-0.00412885,0.01016918,-0.00369782,-0.00124323,0.00283657
3.430,-0.36910499,0.66910481,2.54833133,-0.26545758,-0.08363732,0.13818340,-0.09283533,-0.02924949,0.04832524,-0.35822816,0.67322981,2.53815848,-0.26194033,-0.08254502,0.13554098,-0.16773699,-23.93361278,0.51433963,-0.53150390,-0.22534082,0.05408297,-0.69924089,-24.15895360,0.56842261,-0.70508339,-24.08341095,0.48694075,-0.01087683,-0.00412500,0.01017285,-0.00351725,-0.00109230,0.00264242
3.440,-0.37176420,0.66826698,2.54971558,-0.26638494,-0.08392950,0.13866613,-0.09263549,-0.02918652,0.04822121,-0.36089186,0.67238671,2.53954092,-0.26304780,-0.08298622,0.13621652,-0.16749594,-23.94667064,0.51817833,-0.52958146,-0.22332692,0.05451029,-0.69707739,-24.16999756,0.57268862,-0.70324672,-24.09447846,0.49082021,-0.01087234,-0.00411973,0.01017466,-0.00333714,-0.00094328,0.00244961
3.450,-0.37443268,0.66742622,2.55110465,-0.26731028,-0.08422105,0.13914782,-0.09243376,-0.02912297,0.04811620,-0.36356654,0.67153931,2.54093000,-0.26415266,-0.08342466,0.13688944,-0.16725138,-23.95975742,0.52203010,-0.52756090,-0.22121603,0.05494002,-0.69481227,-24.18097345,0.57697012,-0.70129819,-24.10546322,0.49471952,-0.01086614,-0.00411309,0.01017465,-0.00315762,-0.00079639,0.00225838
3.460,-0.37711040,0.66658256,2.55249853,-0.26823361,-0.08451196,0.13962845,-0.09223015,-0.02905882,0.04801022,-0.36625214,0.67068765,2.54232570,-0.26525472,-0.08386011,0.13755952,-0.16700331,-23.97287218,0.52589510,-0.52544395,-0.21900995,0.05537210,-0.69244726,-24.19188213,0.58126721,-0.69924089,-24.11637037,0.49863772,-0.01085826,-0.00410509,0.01017283,-0.00297889,-0.00065185,0.00206893
3.470,-0.37979734,0.66573599,2.55389722,-0.26915488,-0.08480222,0.14010802,-0.09202467,-0.02899407,0.04790325,-0.36894866,0.66983176,2.54372797,-0.26635383,-0.08429236,0.13822654,-0.16675172,-23.98601503,0.52977324,-0.52323430,-0.21671563,0.05580569,-0.68998602,-24.20273066,0.58557893,-0.69707739,-24.12720301,0.50257482,-0.01084868,-0.00409577,0.01016925,-0.00280105,-0.00050986,0.00188148
3.480,-0.38249349,0.66488652,2.55530069,-0.27007409,-0.08509184,0.14058651,-0.09181732,-0.02892875,0.04779532,-0.37165603,0.66897168,2.54513679,-0.26744981,-0.08472120,0.13889028,-0.16649664,-23.99918577,0.53366437,-0.52093625,-0.21433945,0.05623971,-0.68743289,-24.21352522,0.58990409,-0.69481227,-24.13796958,0.50652938,-0.01083746,-0.00408516,0.01016390,-0.00262428,-0.00037064,0.00169623
3.490,-0.38519882,0.66403415,2.55670894,-0.27099122,-0.08538080,0.14106392,-0.09160812,-0.02886283,0.04768642,-0.37437424,0.66810746,2.54655210,-0.26854250,-0.08514644,0.13955051,-0.16623807,-24.01238420,0.53756849,-0.51855274,-0.21188684,0.05667364,-0.68479081,-24.22427104,0.59424213,-0.69244726,-24.14867105,0.51050160,-0.01082458,-0.00407331,0.01015684,-0.00244872,-0.00023436,0.00151341
3.500,-0.38791331,0.66317890,2.55812197,-0.27190625,-0.08566909,0.14154024,-0.09139706,-0.02879633,0.04757655,-0.37710323,0.66723914,2.54797386,-0.26963175,-0.08556788,0.14020703,-0.16597597,-24.02560963,0.54148572,-0.51608628,-0.20936083,0.05710740,-0.68206225,-24.23497046,0.59859312,-0.68998602,-24.15931455,0.51449063,-0.01081008,-0.00406024,0.01014811,-0.00227450,-0.00010121,0.00133321
3.510,-0.39063694,0.66232077,2.55953975,-0.27281916,-0.08595672,0.14201545,-0.09118416,-0.02872926,0.04746573,-0.37984298,0.66636676,2.54940204,-0.27071739,-0.08598535,0.14085964,-0.16571040,-24.03886212,0.54541584,-0.51354122,-0.20676917,0.05753973,-0.67925161,-24.24563128,0.60295558,-0.68743289,-24.16990634,0.51849536,-0.01079396,-0.00404599,0.01013771,-0.00210177,0.00002863,0.00115581
3.520,-0.39336968,0.66145977,2.56096227,-0.27372993,-0.08624368,0.14248955,-0.09096942,-0.02866160,0.04735395,-0.38259343,0.66549037,2.55083657,-0.27179929,-0.08639867,0.14150812,-0.16544132,-24.05214126,0.54935886,-0.51092036,-0.20411665,0.05797020,-0.67636168,-24.25625791,0.60732906,-0.68479081,-24.18045173,0.52251535,-0.01077625,-0.00403060,0.01012570,-0.00193064,0.00015499,0.00098143
3.530,-0.39611153,0.66059590,2.56238953,-0.27463854,-0.08652995,0.14296253,-0.09075286,-0.02859337,0.04724121,-0.38535454,0.66461003,2.55227742,-0.27287729,-0.08680767,0.14215228,-0.16516876,-24.06544692,0.55331474,-0.50822823,-0.20140936,0.05839820,-0.67339699,-24.26685628,0.61171294,-0.68206225,-24.19095312,0.52655074,-0.01075699,-0.00401413,0.01011211,-0.00176125,0.00027772,0.00081025
3.540,-0.39886245,0.65972917,2.56382152,-0.27554498,-0.08681554,0.14343437,-0.09053447,-0.02852456,0.04712753,-0.38812627,0.66372577,2.55372453,-0.27395127,-0.08721220,0.14279193,-0.16489270,-24.07877871,0.55728350,-0.50546740,-0.19865237,0.05882325,-0.67036010,-24.27743108,0.61610675,-0.67925161,-24.20141839,0.53060014,-0.01073618,-0.00399660,0.01009699,-0.00159371,0.00039666,0.00064244
3.550,-0.40162242,0.65885959,2.56525822,-0.27644922,-0.08710044,0.14390507,-0.09031427,-0.02845518,0.04701291,-0.39090858,0.66283765,2.55517785,-0.27502108,-0.08761210,0.14342688,-0.16461316,-24.09213634,0.56126504,-0.50264138,-0.19585115,0.05924473,-0.66725454,-24.28798750,0.62050977,-0.67636168,-24.21185200,0.53466319,-0.01071384,-0.00397806,0.01008037,-0.00142814,0.00051166,0.00047819
3.560,-0.40439143,0.65798717,2.56669962,-0.27735126,-0.08738464,0.14437463,-0.09009227,-0.02838523,0.04689734,-0.39370141,0.66194572,2.55663732,-0.27608659,-0.08800725,0.14405695,-0.16433015,-24.10551945,0.56525937,-0.49975410,-0.19301085,0.05966218,-0.66408425,-24.29853030,0.62492154,-0.67339699,-24.22225994,0.53873936,-0.01069002,-0.00395855,0.01006230,-0.00126467,0.00062261,0.00031768
3.570,-0.40716944,0.65711190,2.56814570,-0.27825106,-0.08766814,0.14484302,-0.08986846,-0.02831472,0.04678084,-0.39650472,0.66105004,2.55810289,-0.27714769,-0.08839751,0.14468197,-0.16404365,-24.11892828,0.56926625,-0.49680918,-0.19013965,0.06007449,-0.66085283,-24.30906793,0.62934074,-0.67036010,-24.23264695,0.54282824,-0.01066472,-0.00393814,0.01004281,-0.00110337,0.00072937,0.00016105
3.580,-0.40995644,0.65623381,2.56959647,-0.27914862,-0.08795093,0.14531024,-0.08964286,-0.02824364,0.04666341,-0.39931846,0.66015066,2.55957450,-0.27820425,-0.08878275,0.14530176,-0.16375366,-24.13236177,0.57328597,-0.49380910,-0.18723881,0.06048216,-0.65756277,-24.31960058,0.63376813,-0.66725454,-24.24301826,0.54692920,-0.01063798,-0.00391685,0.01002197,-0.00094437,0.00083182,0.00000848
3.590,-0.41275240,0.65535289,2.57105191,-0.28004391,-0.08823301,0.14577628,-0.08941548,-0.02817200,0.04654505,-0.40214258,0.65924762,2.56105209,-0.27925617,-0.08916287,0.14591616,-0.16346021,-24.14582017,0.57731829,-0.49075795,-0.18431652,0.06088413,-0.65421817,-24.33013669,0.63820242,-0.66408425,-24.25337869,0.55104185,-0.01060982,-0.00389473,0.00999982,-0.00078774,0.00092986,-0.00013988
3.600,-0.41555731,0.65446915,2.57251199,-0.28093692,-0.08851437,0.14624114,-0.08918632,-0.02809980,0.04642576,-0.40497702,0.65834100,2.56253561,-0.28030332,-0.08953777,0.14652503,-0.16316329,-24.15930325,0.58136308,-0.48766002,-0.18137873,0.06127965,-0.65082331,-24.34068198,0.64264273,-0.66085283,-24.26373670,0.55516493,-0.01058029,-0.00387185,0.00997638,-0.00063360,0.00102340,-0.00028389
3.610,-0.41837113,0.65358260,2.57397672,-0.28182763,-0.08879501,0.14670480,-0.08895540,-0.02802704,0.04630555,-0.40782175,0.65743084,2.56402499,-0.28134561,-0.08990734,0.14712820,-0.16286291,-24.17281050,0.58542046,-0.48451727,-0.17842909,0.06166882,-0.64738019,-24.35123959,0.64708929,-0.65756277,-24.27409255,0.55929927,-0.01054938,-0.00384824,0.00995173,-0.00048202,0.00111233,-0.00042340
3.620,-0.42119385,0.65269325,2.57544609,-0.28271603,-0.08907491,0.14716725,-0.08872271,-0.02795373,0.04618442,-0.41067670,0.65651720,2.56552016,-0.28238293,-0.09027152,0.14772553,-0.16255906,-24.18634155,0.58949042,-0.48133349,-0.17547234,0.06205136,-0.64389255,-24.36181389,0.65154178,-0.65421817,-24.28445467,0.56344365,-0.01051715,-0.00382395,0.00992593,-0.00033310,0.00119661,-0.00055828
3.630,-0.42402545,0.65180110,2.57692007,-0.28360208,-0.08935408,0.14762848,-0.08848826,-0.02787986,0.04606238,-0.41354182,0.65560014,2.56702107,-0.28341520,-0.09063021,0.14831690,-0.16225173,-24.19989644,0.59357275,-0.47811282,-0.17251573,0.06242629,-0.64036456,-24.37241217,0.65599905,-0.65082331,-24.29482883,0.56759723,-0.01048363,-0.00379904,0.00989900,-0.00018688,0.00127613,-0.00068842
3.640,-0.42686589,0.65090617,2.57839865,-0.28448578,-0.08963251,0.14808849,-0.08825207,-0.02780545,0.04593943,-0.41641706,0.65467971,2.56852765,-0.28444233,-0.09098336,0.14890218,-0.16194096,-24.21347454,0.59766750,-0.47485713,-0.16956207,0.06279375,-0.63679809,-24.38303662,0.66046125,-0.64738019,-24.30521818,0.57176029,-0.01044883,-0.00377354,0.00987100,-0.00004345,0.00135085,-0.00081369
3.650,-0.42971516,0.65000846,2.57988183,-0.28536712,-0.08991019,0.14854727,-0.08801414,-0.02773048,0.04581558,-0.41930235,0.65375597,2.57003984,-0.28546422,-0.09133092,0.14948124,-0.16162672,-24.22707566,0.60177467,-0.47157039,-0.16661686,0.06315342,-0.63319712,-24.39369252,0.66492808,-0.64389255,-24.31562710,0.57593257,-0.01041281,-0.00374751,0.00984199,0.00009710,0.00142073,-0.00093397
3.660,-0.43257322,0.64910797,2.58136959,-0.28624606,-0.09018712,0.14900480,-0.08777447,-0.02765497,0.04569082,-0.42219766,0.65282899,2.57155756,-0.28648081,-0.09167283,0.15005397,-0.16130903,-24.24069979,0.60589410,-0.46825544,-0.16368613,0.06350471,-0.62956447,-24.40438593,0.66939881,-0.64036456,-24.32606289,0.58011297,-0.01037556,-0.00372102,0.00981203,0.00023475,0.00148571,-0.00104917
3.670,-0.43544007,0.64820472,2.58286192,-0.28712260,-0.09046329,0.14946108,-0.08753308,-0.02757892,0.04556517,-0.42510292,0.65189881,2.57308075,-0.28749202,-0.09200905,0.15062027,-0.16098789,-24.25434629,0.61002585,-0.46491590,-0.16077301,0.06384768,-0.62590379,-24.41511931,0.67387353,-0.63679809,-24.33652775,0.58430167,-0.01033715,-0.00369409,0.00978117,0.00036942,0.00154576,-0.00115919
3.680,-0.43831567,0.64729871,2.58435881,-0.28799672,-0.09073869,0.14991610,-0.08728997,-0.02750232,0.04543862,-0.42801807,0.65096550,2.57460934,-0.28849777,-0.09233957,0.15118004,-0.16066329,-24.26801504,0.61416985,-0.46155433,-0.15788267,0.06418203,-0.62221762,-24.42589772,0.67835188,-0.63319712,-24.34702696,0.58849841,-0.01029760,-0.00366679,0.00974947,0.00050105,0.00160088,-0.00126394
3.690,-0.44119999,0.64638995,2.58586024,-0.28886839,-0.09101333,0.15036985,-0.08704516,-0.02742519,0.04531118,-0.43094305,0.65002911,2.57614327,-0.28949801,-0.09266435,0.15173320,-0.16033528,-24.28170578,0.61832601,-0.45817347,-0.15501969,0.06450746,-0.61850875,-24.43672547,0.68283347,-0.62956447,-24.35756658,0.59270247,-0.01025694,-0.00363916,0.00971697,0.00062962,0.00165102,-0.00136335
3.700,-0.44409303,0.64547844,2.58736620,-0.28973761,-0.09128719,0.15082232,-0.08679863,-0.02734751,0.04518285,-0.43387782,0.64908971,2.57768246,-0.29049267,-0.09298339,0.15227966,-0.16000378,-24.29541835,0.62249426,-0.45477777,-0.15218948,0.06482362,-0.61478155,-24.44760783,0.68731788,-0.62590379,-24.36814905,0.59691400,-0.01021521,-0.00361127,0.00968374,0.00075506,0.00169620,-0.00145734
3.710,-0.44699474,0.64456420,2.58887668,-0.29060436,-0.09156028,0.15127350,-0.08655042,-0.02726931,0.04505364,-0.43682231,0.64814734,2.57922685,-0.29148170,-0.09329668,0.15281936,-0.15966889,-24.30915217,0.62667466,-0.45136821,-0.14939418,0.06513078,-0.61103709,-24.45854635,0.69180543,-0.62221762,-24.37877944,0.60113265,-0.01017243,-0.00358314,0.00964983,0.00087734,0.00173640,-0.00154586
3.720,-0.44990511,0.64364724,2.59039167,-0.29146862,-0.09183258,0.15172339,-0.08630051,-0.02719057,0.04492355,-0.43977646,0.64720207,2.58077636,-0.29246505,-0.09360424,0.15335224,-0.15933053,-24.32290683,0.63086718,-0.44794798,-0.14663731,0.06542895,-0.60727850,-24.46954415,0.69629613,-0.61850875,-24.38946202,0.60535804,-0.01012865,-0.00355483,0.00961531,0.00099643,0.00177166,-0.00162885
3.730,-0.45282410,0.64272756,2.59191115,-0.29233037,-0.09210409,0.15217197,-0.08604892,-0.02711130,0.04479259,-0.44274021,0.64625396,2.58233092,-0.29344267,-0.09390607,0.15387823,-0.15898874,-24.33668232,0.63507169,-0.44451961,-0.14392406,0.06571774,-0.60350835,-24.48060638,0.70078944,-0.61478155,-24.40020204,0.60958978,-0.01008389,-0.00352640,0.00958023,0.00111230,0.00180198,-0.00170626
3.740,-0.45575170,0.64180516,2.59343510,-0.29318959,-0.09237480,0.15261924,-0.08579566,-0.02703151,0.04466076,-0.44571352,0.64530305,2.58389046,-0.29441452,-0.09420221,0.15439729,-0.15864353,-24.35047861,0.63928804,-0.44108693,-0.14125966,0.06599675,-0.59973045,-24.49173827,0.70528480,-0.61103709,-24.41100105,0.61382819,-0.01003818,-0.00349789,0.00954464,0.00122493,0.00182741,-0.00177805
3.750,-0.45868789,0.64088006,2.59496353,-0.29404627,-0.09264472,0.15306518,-0.08554073,-0.02695119,0.04452805,-0.44869630,0.64434941,2.58545492,-0.29538056,-0.09449267,0.15490940,-0.15829489,-24.36429490,0.64351642,-0.43765172,-0.13864520,0.06626664,-0.59594661,-24.50294010,0.70978306,-0.60727850,-24.42186212,0.61807328,-0.00999159,-0.00346935,0.00950861,0.00133429,0.00184795,-0.00184422
3.760,-0.46163262,0.63995227,2.59649640,-0.29490040,-0.09291382,0.15350980,-0.08528415,-0.02687035,0.04439449,-0.45168852,0.64339309,2.58702422,-0.29634076,-0.09477751,0.15541451,-0.15794283,-24.37813106,0.64775662,-0.43421566,-0.13608434,0.06652710,-0.59215849,-24.51421540,0.71428372,-0.60350835,-24.43279037,0.62232451,-0.00994410,-0.00344082,0.00947218,0.00144036,0.00186369,-0.00190471
3.770,-0.46458589,0.63902179,2.59803372,-0.29575195,-0.09318212,0.15395307,-0.08502591,-0.02678899,0.04426006,-0.45469010,0.64243414,2.58859829,-0.29729510,-0.09505676,0.15591262,-0.15758735,-24.39198683,0.65200869,-0.43078227,-0.13358104,0.06677826,-0.58836962,-24.52556786,0.71878694,-0.59973045,-24.44379101,0.62658133,-0.00989579,-0.00341235,0.00943543,0.00154315,0.00187464,-0.00195955
3.780,-0.46754765,0.63808863,2.59957546,-0.29660091,-0.09344960,0.15439500,-0.08476603,-0.02670710,0.04412478,-0.45770099,0.64147263,2.59017706,-0.29824354,-0.09533048,0.15640370,-0.15722845,-24.40586196,0.65627248,-0.42735288,-0.13113827,0.06702003,-0.58458133,-24.53700023,0.72329252,-0.59594661,-24.45486428,0.63084458,-0.00984666,-0.00338400,0.00939840,0.00164263,0.00188088,-0.00200870
3.790,-0.47051789,0.63715280,2.60112161,-0.29744727,-0.09371626,0.15483556,-0.08450451,-0.02662471,0.04398865,-0.46072112,0.64050859,2.59176046,-0.29918606,-0.09559874,0.15688777,-0.15686614,-24.41975612,0.66054799,-0.42393039,-0.12875892,0.06725252,-0.58079653,-24.54851504,0.72780051,-0.59215849,-24.46601364,0.63511374,-0.00979677,-0.00335579,0.00936115,0.00173879,0.00188248,-0.00205221
3.800,-0.47349659,0.63621431,2.60267217,-0.29829100,-0.09398209,0.15527477,-0.08424136,-0.02654180,0.04385167,-0.46375045,0.63954209,2.59334842,-0.30012265,-0.09586160,0.15736482,-0.15650041,-24.43366885,0.66483527,-0.42051664,-0.12644464,0.06747620,-0.57701705,-24.56011349,0.73231147,-0.58836962,-24.47724277,0.63938895,-0.00974614,-0.00332778,0.00932375,0.00183165,0.00187951,-0.00209005
3.810,-0.47648371,0.63527316,2.60422710,-0.29913209,-0.09424710,0.15571259,-0.08397659,-0.02645838,0.04371384,-0.46678890,0.63857317,2.59494087,-0.30105329,-0.09611914,0.15783488,-0.15613129,-24.44760026,0.66913404,-0.41711415,-0.12420060,0.06769042,-0.57324545,-24.57180086,0.73682445,-0.58458133,-24.48855435,0.64366999,-0.00969481,-0.00330001,0.00928623,0.00192120,0.00187204,-0.00212229
3.820,-0.47947922,0.63432937,2.60578641,-0.29997052,-0.09451126,0.15614904,-0.08371020,-0.02637445,0.04357517,-0.46983642,0.63760189,2.59653774,-0.30197797,-0.09637144,0.15829797,-0.15575875,-24.46154958,0.67344448,-0.41372338,-0.12202583,0.06789622,-0.56948213,-24.58357541,0.74134070,-0.58079653,-24.49995087,0.64795690,-0.00964280,-0.00327252,0.00924867,0.00200745,0.00186018,-0.00214893
3.830,-0.48248311,0.63338294,2.60735008,-0.30080629,-0.09477458,0.15658409,-0.08344221,-0.02629001,0.04343567,-0.47289295,0.63662829,2.59813896,-0.30289669,-0.09661859,0.15875411,-0.15538282,-24.47551676,0.67776646,-0.41034773,-0.11992459,0.06809332,-0.56573056,-24.59544135,0.74585978,-0.57701705,-24.51143347,0.65225019,-0.00959016,-0.00324535,0.00921112,0.00209040,0.00184401,-0.00217002
3.840,-0.48549534,0.63243388,2.60891809,-0.30163936,-0.09503706,0.15701775,-0.08317262,-0.02620507,0.04329534,-0.47595842,0.63565242,2.59974448,-0.30380944,-0.09686069,0.15920336,-0.15500350,-24.48950152,0.68209989,-0.40698822,-0.11789872,0.06828192,-0.56199172,-24.60740024,0.75038180,-0.57324545,-24.52300738,0.65654889,-0.00953692,-0.00321854,0.00917361,0.00217008,0.00182363,-0.00218561
3.850,-0.48851589,0.63148220,2.61049043,-0.30246973,-0.09529868,0.15745000,-0.08290143,-0.02611963,0.04315417,-0.47903279,0.63467433,2.60135421,-0.30471622,-0.09709782,0.15964577,-0.15462077,-24.50350348,0.68644476,-0.40364673,-0.11594967,0.06846232,-0.55826751,-24.61945315,0.75490708,-0.56948213,-24.53467079,0.66085421,-0.00948310,-0.00319213,0.00913622,0.00224649,0.00179914,-0.00219577
3.860,-0.49154472,0.63052791,2.61206709,-0.30329739,-0.09555945,0.15788083,-0.08262866,-0.02603369,0.04301218,-0.48211598,0.63369406,2.60296809,-0.30561704,-0.09733011,0.16008138,-0.15423467,-24.51752227,0.69080105,-0.40032418,-0.11407875,0.06863490,-0.55455885,-24.63160102,0.75943595,-0.56573056,-24.54642786,0.66516566,-0.00942874,-0.00316615,0.00909900,0.00231965,0.00177066,-0.00220055
3.870,-0.49458182,0.62957101,2.61364804,-0.30412230,-0.09581936,0.15831024,-0.08235431,-0.02594725,0.04286937,-0.48520795,0.63271165,2.60458606,-0.30651190,-0.09755766,0.16051028,-0.15384518,-24.53155793,0.69516857,-0.39702346,-0.11228954,0.06879935,-0.55086864,-24.64384747,0.76396792,-0.56199172,-24.55828008,0.66948332,-0.00937387,-0.00314064,0.00906198,0.00238960,0.00173830,-0.00220004
3.880,-0.49762716,0.62861152,2.61523329,-0.30494447,-0.09607839,0.15873822,-0.08207839,-0.02586032,0.04272574,-0.48830862,0.63172716,2.60620805,-0.30740081,-0.09778059,0.16093253,-0.15345230,-24.54560969,0.69954748,-0.39374485,-0.11058045,0.06895675,-0.54719715,-24.65619014,0.76850423,-0.55826751,-24.57022845,0.67380744,-0.00931854,-0.00311564,0.00902524,0.00245634,0.00170220,-0.00219431
3.890,-0.50068070,0.62764945,2.61682280,-0.30576386,-0.09633656,0.15916475,-0.08180091,-0.02577289,0.04258130,-0.49141795,0.63074062,2.60783400,-0.30828377,-0.09799902,0.16134822,-0.15305605,-24.55967737,0.70393759,-0.39048958,-0.10895391,0.06910687,-0.54354564,-24.66863129,0.77304446,-0.55455885,-24.58227386,0.67813831,-0.00926275,-0.00309117,0.00898880,0.00251991,0.00166246,-0.00218347
3.900,-0.50374243,0.62668480,2.61841658,-0.30658048,-0.09659385,0.15958984,-0.08152187,-0.02568497,0.04243604,-0.49453587,0.62975206,2.60946385,-0.30916082,-0.09821308,0.16175744,-0.15265643,-24.57376075,0.70833894,-0.38725967,-0.10741095,0.06925028,-0.53991610,-24.68117170,0.77758922,-0.55086864,-24.59441984,0.68247538,-0.00920656,-0.00306726,0.00895273,0.00258034,0.00161923,-0.00216760
3.910,-0.50681230,0.62571757,2.62001459,-0.30739430,-0.09685026,0.16001347,-0.08124129,-0.02559657,0.04228999,-0.49766232,0.62876154,2.61109754,-0.31003195,-0.09842289,0.16216028,-0.15225345,-24.58785993,0.71275125,-0.38405617,-0.10595464,0.06938663,-0.53630962,-24.69381457,0.78213788,-0.54719715,-24.60666397,0.68681983,-0.00914998,-0.00304397,0.00891705,0.00263765,0.00157263,-0.00214681
3.920,-0.50989031,0.62474779,2.62161684,-0.30820530,-0.09710578,0.16043564,-0.08095916,-0.02550768,0.04214313,-0.50079725,0.62776908,2.61273501,-0.31089720,-0.09862859,0.16255685,-0.15184708,-24.60197387,0.71717478,-0.38087984,-0.10458187,0.06951717,-0.53272692,-24.70655573,0.78669196,-0.54354564,-24.61900844,0.69117118,-0.00909306,-0.00302129,0.00888183,0.00269190,0.00152281,-0.00212121
3.930,-0.51297640,0.62377546,2.62322330,-0.30901348,-0.09736041,0.16085633,-0.08067550,-0.02541831,0.04199547,-0.50394060,0.62677473,2.61437619,-0.31175657,-0.09883032,0.16294726,-0.15143737,-24.61610260,0.72160932,-0.37773106,-0.10329482,0.06964179,-0.52916843,-24.71939742,0.79125111,-0.53991610,-24.63145395,0.69552997,-0.00903580,-0.00299927,0.00884711,0.00274309,0.00146991,-0.00209093
3.940,-0.51607057,0.62280059,2.62483396,-0.30981881,-0.09761414,0.16127554,-0.08039031,-0.02532845,0.04184701,-0.50709231,0.62577851,2.61602104,-0.31261010,-0.09902821,0.16333164,-0.15102428,-24.63024575,0.72605486,-0.37461182,-0.10209376,0.06976089,-0.52563610,-24.73233952,0.79581575,-0.53630962,-24.64400362,0.69989549,-0.00897826,-0.00297792,0.00881292,0.00279129,0.00141407,-0.00205610
3.950,-0.51917277,0.62182318,2.62644881,-0.31062128,-0.09786698,0.16169327,-0.08010361,-0.02523812,0.04169777,-0.51025232,0.62478046,2.61766950,-0.31345781,-0.09922242,0.16371011,-0.15060786,-24.64440324,0.73051130,-0.37152233,-0.10097977,0.06987475,-0.52213020,-24.74538301,0.80038605,-0.53272692,-24.65665321,0.70426920,-0.00892045,-0.00295728,0.00877931,0.00283653,0.00135544,-0.00201684
3.960,-0.52228298,0.62084325,2.62806782,-0.31142087,-0.09811891,0.16210950,-0.07981539,-0.02514731,0.04154774,-0.51342057,0.62378061,2.61932150,-0.31429973,-0.09941308,0.16408280,-0.15018808,-24.65857455,0.73497858,-0.36846350,-0.09995210,0.06998367,-0.51865158,-24.75852666,0.80496225,-0.52916843,-24.66940489,0.70865068,-0.00886241,-0.00293736,0.00874632,0.00287886,0.00129417,-0.00197330
3.970,-0.52540118,0.61986081,2.62969099,-0.31221758,-0.09836992,0.16252422,-0.07952567,-0.02505603,0.04139692,-0.51659702,0.62277899,2.62097701,-0.31513588,-0.09960035,0.16444984,-0.14976496,-24.67275926,0.73945675,-0.36543612,-0.09900994,0.07008832,-0.51520108,-24.77176921,0.80954507,-0.52563610,-24.68225844,0.71304025,-0.00880416,-0.00291818,0.00871398,0.00291830,0.00123043,-0.00192562
3.980,-0.52852732,0.61887586,2.63131830,-0.31301138,-0.09862002,0.16293743,-0.07923445,-0.02496428,0.04124533,-0.51978159,0.62177562,2.62263597,-0.31596630,-0.09978438,0.16481139,-0.14933849,-24.68695733,0.74394565,-0.36244031,-0.09815437,0.07018880,-0.51177880,-24.78511171,0.81413445,-0.52213020,-24.69521478,0.71743802,-0.00874573,-0.00289976,0.00868233,0.00295492,0.00116436,-0.00187396
3.990,-0.53166139,0.61788841,2.63294974,-0.31380226,-0.09886921,0.16334912,-0.07894174,-0.02487206,0.04109296,-0.52297424,0.62077054,2.62429834,-0.31679102,-0.09996531,0.16516760,-0.14890869,-24.70116839,0.74844529,-0.35947743,-0.09738502,0.07028551,-0.50838612,-24.79855342,0.81873080,-0.51865158,-24.70827260,0.72184415,-0.00868715,-0.00288213,0.00865140,0.00298876,0.00109610,-0.00181848
4.000,-0.53480336,0.61689848,2.63458528,-0.31459021,-0.09911746,0.16375929,-0.07864755,-0.02477937,0.04093982,-0.52617491,0.61976377,2.62596405,-0.31761007,-0.10014331,0.16551861,-0.14847555,-24.71539195,0.75295557,-0.35654762,-0.09670026,0.07037888,-0.50502318,-24.81209221,0.82333445,-0.51520108,-24.72143055,0.72625924,-0.00862845,-0.00286529,0.00862123,0.00301986,0.00102585,-0.00175932
4.010,-0.53795319,0.61590606,2.63622492,-0.31537521,-0.09936479,0.16416792,-0.07835189,-0.02468621,0.04078591,-0.52938355,0.61875533,2.62763308,-0.31842349,-0.10031853,0.16586460,-0.14803910,-24.72962809,0.75747643,-0.35365148,-0.09610156,0.07046905,-0.50169058,-24.82572965,0.82794548,-0.51177880,-24.73468961,0.73068318,-0.00856964,-0.00284927,0.00859184,0.00304828,0.00095374,-0.00169668
4.020,-0.54111085,0.61491118,2.63786863,-0.31615724,-0.09961119,0.16457500,-0.07805476,-0.02459259,0.04063124,-0.53260010,0.61774524,2.62930537,-0.31923131,-0.10049113,0.16620572,-0.14759932,-24.74387607,0.76200783,-0.35078860,-0.09558598,0.07055663,-0.49838792,-24.83946204,0.83256447,-0.50838612,-24.74804896,0.73511626,-0.00851075,-0.00283406,0.00856326,0.00307407,0.00087994,-0.00163072
4.030,-0.54427632,0.61391384,2.63951641,-0.31693630,-0.09985664,0.16498054,-0.07775617,-0.02449852,0.04047581,-0.53582450,0.61673352,2.63098088,-0.32003358,-0.10066126,0.16654214,-0.14715622,-24.75813572,0.76654978,-0.34795981,-0.09515302,0.07064210,-0.49511603,-24.85328874,0.83719188,-0.50502318,-24.76150639,0.73955874,-0.00845182,-0.00281968,0.00853553,0.00309728,0.00080462,-0.00156160
4.040,-0.54744957,0.61291405,2.64116824,-0.31771236,-0.10010116,0.16538452,-0.07745612,-0.02440398,0.04031962,-0.53905671,0.61572020,2.63265958,-0.32083032,-0.10082908,0.16687405,-0.14670980,-24.77240672,0.77110220,-0.34516543,-0.09480216,0.07072566,-0.49187523,-24.86720889,0.84182786,-0.50169058,-24.77506338,0.74401060,-0.00839286,-0.00280615,0.00850866,0.00311796,0.00072792,-0.00148953
4.050,-0.55063056,0.61191182,2.64282410,-0.31848542,-0.10034472,0.16578693,-0.07715463,-0.02430899,0.04016268,-0.54229666,0.61470528,2.63434142,-0.32162158,-0.10099475,0.16720160,-0.14626007,-24.78668880,0.77566499,-0.34240520,-0.09453196,0.07080769,-0.48866527,-24.88122076,0.84647268,-0.49838792,-24.78871617,0.74847233,-0.00833390,-0.00279346,0.00848268,0.00313616,0.00065003,-0.00141467
4.060,-0.55381927,0.61090716,2.64448397,-0.31925545,-0.10058733,0.16618777,-0.07685170,-0.02421355,0.04000500,-0.54554431,0.61368878,2.63602638,-0.32240740,-0.10115842,0.16752500,-0.14580704,-24.80098165,0.78023809,-0.33967972,-0.09434159,0.07088843,-0.48548677,-24.89532325,0.85112651,-0.49511603,-24.80246401,0.75294429,-0.00827496,-0.00278162,0.00845759,0.00315195,0.00057109,-0.00133723
4.070,-0.55701566,0.60990008,2.64614785,-0.32002245,-0.10082899,0.16658703,-0.07654735,-0.02411766,0.03984656,-0.54879960,0.61267073,2.63771440,-0.32318782,-0.10132026,0.16784441,-0.14535073,-24.81528486,0.78482154,-0.33698833,-0.09422885,0.07096854,-0.48233906,-24.90951370,0.85579008,-0.49187523,-24.81630599,0.75742653,-0.00821606,-0.00277065,0.00843345,0.00316537,0.00049127,-0.00125738
4.080,-0.56021971,0.60889058,2.64781571,-0.32078639,-0.10106969,0.16698470,-0.07624157,-0.02402132,0.03968739,-0.55206248,0.61165112,2.63940547,-0.32396287,-0.10148043,0.16816003,-0.14489111,-24.82959842,0.78941513,-0.33433219,-0.09419431,0.07104785,-0.47922330,-24.92379273,0.86046298,-0.48866527,-24.83024031,0.76191924,-0.00815723,-0.00276054,0.00841024,0.00317648,0.00041074,-0.00117533
4.090,-0.56343138,0.60787869,2.64948754,-0.32154727,-0.10130941,0.16738077,-0.07593437,-0.02392453,0.03952748,-0.55533290,0.61062997,2.64109955,-0.32473262,-0.10163907,0.16847204,-0.14442819,-24.84392147,0.79401898,-0.33170969,-0.09423307,0.07112734,-0.47613789,-24.93815454,0.86514633,-0.48548677,-24.84426575,0.76642247,-0.00809848,-0.00275128,0.00838799,0.00318535,0.00032966,-0.00109127
4.100,-0.56665064,0.60686440,2.65116332,-0.32230507,-0.10154817,0.16777524,-0.07562577,-0.02382730,0.03936684,-0.55861081,0.60960729,2.64279662,-0.32549708,-0.10179634,0.16878064,-0.14396201,-24.85825424,0.79863289,-0.32912188,-0.09434663,0.07120675,-0.47308389,-24.95260087,0.86983964,-0.48233906,-24.85837963,0.77093686,-0.00803983,-0.00274289,0.00836670,0.00319201,0.00024817,-0.00100540
4.110,-0.56987747,0.60584773,2.65284304,-0.32305978,-0.10178596,0.16816811,-0.07531576,-0.02372962,0.03920546,-0.56189615,0.60858308,2.64449664,-0.32625632,-0.10195239,0.16908601,-0.14349253,-24.87259608,0.80325689,-0.32656849,-0.09453162,0.07128675,-0.47006102,-24.96712770,0.87454364,-0.47922330,-24.87258245,0.77546191,-0.00798132,-0.00273535,0.00834640,0.00319654,0.00016643,-0.00091790
4.120,-0.57311183,0.60482868,2.65452667,-0.32381139,-0.10202277,0.16855935,-0.07500436,-0.02363151,0.03904337,-0.56518887,0.60755736,2.64619959,-0.32701037,-0.10210739,0.16938836,-0.14301978,-24.88694705,0.80789079,-0.32404973,-0.09478810,0.07136712,-0.46706952,-24.98173515,0.87925791,-0.47613789,-24.88686836,0.77999863,-0.00792296,-0.00272868,0.00832708,0.00319898,0.00008462,-0.00082901
4.130,-0.57635369,0.60380728,2.65621422,-0.32455987,-0.10225859,0.16894897,-0.07469158,-0.02353296,0.03888055,-0.56848893,0.60653012,2.64790546,-0.32775927,-0.10226147,0.16968787,-0.14254378,-24.90130613,0.81253482,-0.32156371,-0.09511003,0.07144920,-0.46410749,-24.99641616,0.88398402,-0.47308389,-24.90123901,0.78454644,-0.00786476,-0.00272284,0.00830876,0.00319940,0.00000288,-0.00073890
4.140,-0.57960301,0.60278352,2.65790565,-0.32530521,-0.10249342,0.16933696,-0.07437741,-0.02343398,0.03871701,-0.57179628,0.60550137,2.64961421,-0.32850307,-0.10241478,0.16998474,-0.14206449,-24.91567367,0.81718865,-0.31911128,-0.09549918,0.07153235,-0.46117577,-25.01117285,0.88872099,-0.47006102,-24.91569034,0.78910597,-0.00780673,-0.00271785,0.00829144,0.00319786,-0.00007864,-0.00064778
4.150,-0.58285978,0.60175741,2.65960095,-0.32604741,-0.10272727,0.16972331,-0.07406188,-0.02333456,0.03855276,-0.57511086,0.60447112,2.65132583,-0.32924182,-0.10256748,0.17027916,-0.14158196,-24.93004931,0.82185226,-0.31669319,-0.09595369,0.07161683,-0.45827515,-25.02600300,0.89346909,-0.46706952,-24.93022237,0.79367669,-0.00774892,-0.00271371,0.00827512,0.00319441,-0.00015979,-0.00055585
4.160,-0.58612395,0.60072897,2.66130011,-0.32678645,-0.10296011,0.17010801,-0.07374498,-0.02323472,0.03838780,-0.57843262,0.60343935,2.65304031,-0.32997555,-0.10271970,0.17057133,-0.14109618,-24.94443243,0.82652570,-0.31430742,-0.09646918,0.07170340,-0.45540360,-25.04090161,0.89822910,-0.46410749,-24.94482799,0.79826010,-0.00769133,-0.00271038,0.00825980,0.00318910,-0.00024041,-0.00046332
4.170,-0.58939550,0.59969821,2.66300311,-0.32752231,-0.10319196,0.17049106,-0.07342672,-0.02313445,0.03822213,-0.58176153,0.60240608,2.65475763,-0.33070431,-0.10287158,0.17086145,-0.14060714,-24.95882274,0.83120889,-0.31195434,-0.09704408,0.07179213,-0.45256148,-25.05586682,0.90300102,-0.46117577,-24.95950924,0.80285510,-0.00763397,-0.00270787,0.00824548,0.00318200,-0.00032038,-0.00037039
4.180,-0.59267439,0.59866514,2.66470992,-0.32825498,-0.10342280,0.17087245,-0.07310712,-0.02303375,0.03805576,-0.58509753,0.60137130,2.65647777,-0.33142814,-0.10302327,0.17114970,-0.14011488,-24.97322001,0.83590169,-0.30963340,-0.09767645,0.07188304,-0.44974827,-25.07089646,0.90778473,-0.45827515,-24.97426384,0.80746187,-0.00757686,-0.00270616,0.00823215,0.00317316,-0.00039953,-0.00027725
4.190,-0.59596059,0.59762976,2.66642055,-0.32898444,-0.10365263,0.17125218,-0.07278617,-0.02293263,0.03788869,-0.58844057,0.60033500,2.65820073,-0.33214709,-0.10317489,0.17143628,-0.13961936,-24.98762400,0.84060415,-0.30734412,-0.09836413,0.07197663,-0.44696348,-25.08598813,0.91258078,-0.45540360,-24.98908674,0.81208109,-0.00752002,-0.00270524,0.00821982,0.00316265,-0.00047774,-0.00018410
4.200,-0.59925406,0.59659209,2.66813496,-0.32971069,-0.10388145,0.17163022,-0.07246389,-0.02283109,0.03772093,-0.59179060,0.59929718,2.65992650,-0.33286121,-0.10332657,0.17172137,-0.13912063,-25.00203431,0.84531612,-0.30508587,-0.09910460,0.07207283,-0.44420650,-25.10113891,0.91738895,-0.45256148,-25.00397600,0.81671269,-0.00746346,-0.00270509,0.00820846,0.00315052,-0.00055488,-0.00009115
4.210,-0.60255479,0.59555213,2.66985315,-0.33043372,-0.10410925,0.17200659,-0.07214028,-0.02272913,0.03755247,-0.59514759,0.59825784,2.66165507,-0.33357053,-0.10347846,0.17200518,-0.13861867,-25.01645074,0.85003759,-0.30285933,-0.09989617,0.07217191,-0.44147800,-25.11634691,0.92220949,-0.44974827,-25.01892941,0.82135644,-0.00740720,-0.00270571,0.00819808,0.00313681,-0.00063079,0.00000141
4.220,-0.60586273,0.59450991,2.67157509,-0.33115350,-0.10433603,0.17238127,-0.07181535,-0.02262675,0.03738333,-0.59851147,0.59721697,2.66338643,-0.33427509,-0.10363066,0.17228787,-0.13811349,-25.03087257,0.85476854,-0.30066243,-0.10073418,0.07227425,-0.43877592,-25.13160675,0.92704279,-0.44696348,-25.03394450,0.82601280,-0.00735126,-0.00270706,0.00818866,0.00312159,-0.00070537,0.00009340
4.230,-0.60917785,0.59346542,2.67330077,-0.33187002,-0.10456179,0.17275426,-0.07148911,-0.02252397,0.03721351,-0.60188222,0.59617456,2.66512058,-0.33497495,-0.10378329,0.17256964,-0.13760511,-25.04529998,0.85950883,-0.29849562,-0.10161861,0.07237966,-0.43610073,-25.14691858,0.93188849,-0.44420650,-25.04901830,0.83068148,-0.00729563,-0.00270914,0.00818019,0.00310493,-0.00077850,0.00018462
4.240,-0.61250012,0.59241867,2.67503017,-0.33258327,-0.10478651,0.17312554,-0.07116156,-0.02242077,0.03704301,-0.60525978,0.59513060,2.66685751,-0.33567013,-0.10393649,0.17285066,-0.13709351,-25.05973263,0.86425837,-0.29635855,-0.10254701,0.07248821,-0.43345206,-25.16227964,0.93674658,-0.44147800,-25.06414887,0.83536263,-0.00724034,-0.00271193,0.00817266,0.00308686,-0.00085002,0.00027488
4.250,-0.61582950,0.59136969,2.67676327,-0.33329325,-0.10501020,0.17349511,-0.07083272,-0.02231716,0.03687183,-0.60864410,0.59408508,2.66859724,-0.33636069,-0.10409035,0.17313111,-0.13657872,-25.07416974,0.86901723,-0.29424960,-0.10351443,0.07260041,-0.43082833,-25.17768417,0.94161764,-0.43877592,-25.07933078,0.84005655,-0.00718540,-0.00271539,0.00816603,0.00306744,-0.00091985,0.00036400
4.260,-0.61916597,0.59031847,2.67850006,-0.33399992,-0.10523285,0.17386297,-0.07050259,-0.02221314,0.03669998,-0.61203515,0.59303799,2.67033975,-0.33704667,-0.10424498,0.17341117,-0.13606074,-25.08861147,0.87378524,-0.29216944,-0.10452071,0.07271602,-0.42823018,-25.19313218,0.94650126,-0.43610073,-25.09456414,0.84476282,-0.00713082,-0.00271952,0.00816031,0.00304675,-0.00098787,0.00045180
4.270,-0.62250949,0.58926504,2.68024053,-0.33470329,-0.10545446,0.17422911,-0.07017117,-0.02210872,0.03652746,-0.61543287,0.59198932,2.67208506,-0.33772810,-0.10440050,0.17369100,-0.13553957,-25.10305695,0.87856254,-0.29011622,-0.10556034,0.07283571,-0.42565579,-25.20861729,0.95139825,-0.43345206,-25.10984612,0.84948134,-0.00707662,-0.00272428,0.00815547,0.00302481,-0.00105396,0.00053811
4.280,-0.62586003,0.58820939,2.68198464,-0.33540334,-0.10567503,0.17459352,-0.06983848,-0.02200390,0.03635428,-0.61883723,0.59093905,2.67383316,-0.33840503,-0.10455699,0.17397076,-0.13501523,-25.11750653,0.88334877,-0.28809100,-0.10663458,0.07295861,-0.42310623,-25.22414111,0.95630738,-0.43082833,-25.12517093,0.85421261,-0.00702280,-0.00272966,0.00815148,0.00300169,-0.00111804,0.00062276
4.290,-0.62921755,0.58715154,2.68373239,-0.33610006,-0.10589454,0.17495619,-0.06950452,-0.02189868,0.03618043,-0.62224818,0.58988718,2.67558406,-0.33907750,-0.10471456,0.17425062,-0.13448771,-25.13195953,0.88814405,-0.28609195,-0.10773846,0.07308538,-0.42057967,-25.23969799,0.96122943,-0.42823018,-25.14053855,0.85895616,-0.00696937,-0.00273564,0.00814833,0.00297744,-0.00117998,0.00070557
4.300,-0.63258202,0.58609150,2.68548376,-0.33679343,-0.10611300,0.17531713,-0.06916929,-0.02179307,0.03600593,-0.62566567,0.58883369,2.67733777,-0.33974554,-0.10487329,0.17453073,-0.13395702,-25.14641568,0.89294830,-0.28411873,-0.10886971,0.07321597,-0.41807575,-25.25528539,0.96616427,-0.42565579,-25.15594255,0.86371272,-0.00691635,-0.00274219,0.00814599,0.00295211,-0.00123971,0.00078640
4.310,-0.63595340,0.58502928,2.68723873,-0.33748344,-0.10633040,0.17567631,-0.06883282,-0.02168705,0.03583078,-0.62908967,0.58777855,2.67909430,-0.34040920,-0.10503327,0.17481124,-0.13342318,-25.16087465,0.89776145,-0.28217053,-0.11002583,0.07335033,-0.41559370,-25.27090048,0.97111178,-0.42310623,-25.17138450,0.86848099,-0.00686373,-0.00274927,0.00814443,0.00292576,-0.00129713,0.00086507
4.320,-0.63933167,0.58396490,2.68899728,-0.33817008,-0.10654674,0.17603374,-0.06849510,-0.02158065,0.03565498,-0.63252014,0.58672177,2.68085365,-0.34106851,-0.10519458,0.17509230,-0.13288619,-25.17533595,0.90258347,-0.28024702,-0.11120322,0.07348860,-0.41313321,-25.28653917,0.97607208,-0.42057967,-25.18685874,0.87326170,-0.00681153,-0.00275687,0.00814363,0.00289843,-0.00135216,0.00094144
4.330,-0.64271679,0.58289835,2.69075940,-0.33885334,-0.10676201,0.17638941,-0.06815614,-0.02147385,0.03547854,-0.63595702,0.58566331,2.68261584,-0.34172351,-0.10535729,0.17537404,-0.13234604,-25.18979969,0.90741423,-0.27834809,-0.11240151,0.07363048,-0.41069413,-25.30220120,0.98104471,-0.41807575,-25.20236268,0.87805465,-0.00675977,-0.00276496,0.00814356,0.00287017,-0.00140472,0.00101537
4.340,-0.64610873,0.58182966,2.69252506,-0.33953320,-0.10697621,0.17674331,-0.06781595,-0.02136667,0.03530145,-0.63940029,0.58460317,2.68438089,-0.34237423,-0.10552147,0.17565659,-0.13180277,-25.20426518,0.91225370,-0.27647267,-0.11361617,0.07377611,-0.40827543,-25.31788135,0.98602980,-0.41559370,-25.21789347,0.88285966,-0.00670844,-0.00277351,0.00814417,0.00284103,-0.00145474,0.00108672
4.350,-0.64950745,0.58075883,2.69429426,-0.34020965,-0.10718934,0.17709544,-0.06747453,-0.02125910,0.03512373,-0.64284989,0.58354133,2.68614879,-0.34302072,-0.10568720,0.17594008,-0.13125635,-25.21873223,0.91710187,-0.27461996,-0.11484518,0.07392556,-0.40587631,-25.33357741,0.99102743,-0.41313321,-25.23344698,0.88767679,-0.00665756,-0.00278250,0.00814547,0.00281107,-0.00150214,0.00115536
4.360,-0.65291291,0.57968588,2.69606696,-0.34088269,-0.10740139,0.17744578,-0.06713190,-0.02115115,0.03494537,-0.64630579,0.58247776,2.68791957,-0.34366301,-0.10585453,0.17622464,-0.13070682,-25.23320044,0.92195859,-0.27278923,-0.11608563,0.07407857,-0.40349605,-25.34928606,0.99603716,-0.41069413,-25.24902294,0.89250556,-0.00660712,-0.00279188,0.00814739,0.00278032,-0.00154686,0.00122114
4.370,-0.65632509,0.57861081,2.69784317,-0.34155229,-0.10761236,0.17779434,-0.06678806,-0.02104281,0.03476639,-0.64976794,0.58141246,2.68969325,-0.34430113,-0.10602352,0.17651037,-0.13015417,-25.24766956,0.92682393,-0.27098029,-0.11733525,0.07423533,-0.40113445,-25.36500481,1.00105926,-0.40827543,-25.26461611,0.89734602,-0.00655715,-0.00280165,0.00814992,0.00274884,-0.00158884,0.00128397
4.380,-0.65974395,0.57753363,2.69962285,-0.34221844,-0.10782225,0.17814111,-0.06644302,-0.02093410,0.03458678,-0.65323632,0.58034540,2.69146983,-0.34493512,-0.10619421,0.17679738,-0.12959841,-25.26213948,0.93169765,-0.26919283,-0.11859260,0.07439533,-0.39879125,-25.38073207,1.00609298,-0.40587631,-25.28022426,0.90219822,-0.00650763,-0.00281177,0.00815302,0.00271668,-0.00162804,0.00134373
4.390,-0.66316945,0.57645437,2.70140598,-0.34288114,-0.10803105,0.17848607,-0.06609678,-0.02082501,0.03440654,-0.65671086,0.57927656,2.69324934,-0.34556502,-0.10636666,0.17708578,-0.12903955,-25.27660938,0.93657982,-0.26742522,-0.11985260,0.07455884,-0.39646477,-25.39646197,1.01113866,-0.40349605,-25.29584406,0.90706168,-0.00645859,-0.00282219,0.00815664,0.00268388,-0.00166439,0.00140029
4.400,-0.66660156,0.57537302,2.70319256,-0.34354038,-0.10823875,0.17882924,-0.06574935,-0.02071555,0.03422569,-0.66019155,0.57820592,2.69503180,-0.34619084,-0.10654090,0.17737564,-0.12847759,-25.29107935,0.94147036,-0.26567757,-0.12111459,0.07472570,-0.39415516,-25.41219393,1.01619606,-0.40113445,-25.31147301,0.91193664,-0.00641001,-0.00283290,0.00816076,0.00265046,-0.00169785,0.00145360
4.410,-0.67004024,0.57428959,2.70498256,-0.34419613,-0.10844535,0.17917059,-0.06540075,-0.02060572,0.03404423,-0.66367833,0.57713347,2.69681721,-0.34681264,-0.10671696,0.17766707,-0.12791256,-25.30554918,0.94636911,-0.26394928,-0.12237678,0.07489550,-0.39186184,-25.42792596,1.02126461,-0.39879125,-25.32710949,0.91682230,-0.00636191,-0.00284388,0.00816535,0.00261651,-0.00172839,0.00150352
4.420,-0.67348547,0.57320411,2.70677597,-0.34484839,-0.10865086,0.17951012,-0.06505097,-0.02049551,0.03386215,-0.66717116,0.57605918,2.69860560,-0.34743043,-0.10689489,0.17796013,-0.12734443,-25.32001801,0.95127620,-0.26223956,-0.12363423,0.07506862,-0.38958399,-25.44365224,1.02634482,-0.39646477,-25.34274765,0.92171900,-0.00631431,-0.00285507,0.00817037,0.00258204,-0.00175597,0.00154999
4.430,-0.67693720,0.57211658,2.70857276,-0.34549714,-0.10885526,0.17984783,-0.06470003,-0.02038494,0.03367947,-0.67067002,0.57498304,2.70039700,-0.34804425,-0.10707469,0.17825491,-0.12677325,-25.33448590,0.95619140,-0.26054770,-0.12488604,0.07524455,-0.38732095,-25.45937194,1.03143595,-0.39415516,-25.35838689,0.92662645,-0.00626718,-0.00286646,0.00817576,0.00254711,-0.00178057,0.00159292
4.440,-0.68039540,0.57102701,2.71037292,-0.34614238,-0.10905856,0.18018371,-0.06434793,-0.02027401,0.03349618,-0.67417486,0.57390503,2.70219141,-0.34865412,-0.10725639,0.17855145,-0.12619900,-25.34895248,0.96111472,-0.25887338,-0.12612989,0.07542320,-0.38507239,-25.47508237,1.03653792,-0.39186184,-25.37402521,0.93154407,-0.00622054,-0.00287802,0.00818151,0.00251174,-0.00180217,0.00163226
4.450,-0.68386003,0.56993541,2.71217643,-0.34678410,-0.10926074,0.18051775,-0.06399468,-0.02016271,0.03331230,-0.67768564,0.57282512,2.70398886,-0.34926009,-0.10744001,0.17884982,-0.12562170,-25.36341746,0.96604606,-0.25721584,-0.12736339,0.07560441,-0.38283754,-25.49078085,1.04165048,-0.38958399,-25.38965681,0.93647236,-0.00617439,-0.00288971,0.00818757,0.00247599,-0.00182073,0.00166793
4.460,-0.68733107,0.56884180,2.71398327,-0.34742227,-0.10946181,0.18084995,-0.06364029,-0.02005105,0.03312782,-0.68120232,0.57174330,2.70578936,-0.34986217,-0.10762554,0.17915006,-0.12504136,-25.37788033,0.97098542,-0.25557480,-0.12858349,0.07578811,-0.38061616,-25.50646383,1.04677353,-0.38732095,-25.40528086,0.94141056,-0.00612875,-0.00290150,0.00819391,0.00243990,-0.00183627,0.00169989
4.470,-0.69080847,0.56774618,2.71579342,-0.34805690,-0.10966176,0.18118030,-0.06328476,-0.01993904,0.03294275,-0.68472487,0.57065954,2.70759295,-0.35046040,-0.10781301,0.17945222,-0.12445797,-25.39234106,0.97593264,-0.25394967,-0.12978926,0.07597389,-0.37840764,-25.52213032,1.05190653,-0.38507239,-25.42089466,0.94635858,-0.00608360,-0.00291336,0.00820047,0.00240350,-0.00184875,0.00172808
4.480,-0.69429219,0.56664857,2.71760687,-0.34868796,-0.10986059,0.18150880,-0.06292811,-0.01982666,0.03275710,-0.68825325,0.56957384,2.70939964,-0.35105480,-0.10800240,0.17975632,-0.12387156,-25.40679904,0.98088778,-0.25233897,-0.13097687,0.07616196,-0.37621053,-25.53777591,1.05704974,-0.38283754,-25.43649557,0.95131616,-0.00603894,-0.00292527,0.00820723,0.00236684,-0.00185819,0.00175248
4.490,-0.69778221,0.56554897,2.71942359,-0.34931546,-0.11005829,0.18183544,-0.06257033,-0.01971394,0.03257086,-0.69178742,0.56848616,2.71120944,-0.35164540,-0.10819371,0.18006239,-0.12328212,-25.42125432,0.98585062,-0.25074380,-0.13214634,0.07635159,-0.37402593,-25.55340066,1.06220221,-0.38061616,-25.45208001,0.95628322,-0.00599479,-0.00293719,0.00821415,0.00232994,-0.00186458,0.00177305
4.500,-0.70127849,0.56444741,2.72124357,-0.34993937,-0.11025487,0.18216022,-0.06221144,-0.01960087,0.03238404,-0.69532735,0.56739650,2.71302239,-0.35223222,-0.10838693,0.18037046,-0.12268968,-25.43570606,0.99082128,-0.24916232,-0.13329280,0.07654318,-0.37185200,-25.56899886,1.06736446,-0.37840764,-25.46764703,0.96125921,-0.00595114,-0.00294909,0.00822118,0.00229285,-0.00186794,0.00178976
4.510,-0.70478099,0.56334388,2.72306679,-0.35055968,-0.11045031,0.18248312,-0.06185145,-0.01948744,0.03219664,-0.69887300,0.56630482,2.71483850,-0.35281529,-0.10858203,0.18068052,-0.12209424,-25.45015447,0.99579955,-0.24759476,-0.13441684,0.07673605,-0.36968900,-25.58457131,1.07253560,-0.37621053,-25.48319223,0.96624439,-0.00590799,-0.00296094,0.00822829,0.00225561,-0.00186828,0.00180260
4.520,-0.70828967,0.56223840,2.72489322,-0.35117639,-0.11064462,0.18280415,-0.06149035,-0.01937367,0.03200868,-0.70242432,0.56521112,2.71665778,-0.35339463,-0.10877901,0.18099257,-0.12149579,-25.46459908,1.00078535,-0.24604037,-0.13551590,0.07692998,-0.36753616,-25.60011498,1.07771533,-0.37402593,-25.49871569,0.97123784,-0.00586535,-0.00297272,0.00823544,0.00221824,-0.00186561,0.00181158
4.530,-0.71180451,0.56113099,2.72672286,-0.35178949,-0.11083778,0.18312329,-0.06112817,-0.01925956,0.03182014,-0.70598130,0.56411538,2.71848027,-0.35397027,-0.10897784,0.18130662,-0.12089438,-25.47903927,1.00577879,-0.24449859,-0.13658616,0.07712527,-0.36539297,-25.61562543,1.08290406,-0.37185200,-25.51421170,0.97624008,-0.00582321,-0.00298439,0.00824259,0.00218078,-0.00185994,0.00181667
4.540,-0.71532545,0.56002165,2.72855568,-0.35239895,-0.11102981,0.18344055,-0.06076490,-0.01914510,0.03163104,-0.70954388,0.56301757,2.72030598,-0.35454224,-0.10917847,0.18162265,-0.12028998,-25.49347505,1.01077967,-0.24296847,-0.13762762,0.07732131,-0.36325844,-25.63110267,1.08810098,-0.36968900,-25.52968111,0.98125024,-0.00578157,-0.00299592,0.00824970,0.00214329,-0.00185134,0.00181790
4.550,-0.71885247,0.55891040,2.73039167,-0.35300478,-0.11122068,0.18375591,-0.06040055,-0.01903031,0.03144138,-0.71311203,0.56191769,2.72213492,-0.35511054,-0.10938089,0.18194063,-0.11968260,-25.50790584,1.01578803,-0.24144979,-0.13863692,0.07751822,-0.36113239,-25.64654276,1.09330625,-0.36753616,-25.54512090,0.98626805,-0.00574044,-0.00300729,0.00825675,0.00210576,-0.00183979,0.00181528
4.560,-0.72238553,0.55779724,2.73223080,-0.35360696,-0.11141041,0.18406938,-0.06003514,-0.01891518,0.03125117,-0.71668572,0.56081572,2.72396713,-0.35567521,-0.10958505,0.18226054,-0.11907229,-25.52233168,1.02080366,-0.23994269,-0.13961447,0.07771530,-0.35901498,-25.66194615,1.09851896,-0.36539297,-25.56052667,0.99129393,-0.00569981,-0.00301848,0.00826367,0.00206825,-0.00182536,0.00180884
4.570,-0.72592460,0.55668219,2.73407305,-0.35420548,-0.11159899,0.18438093,-0.05966866,-0.01879972,0.03106040,-0.72026492,0.55971163,2.72580260,-0.35623627,-0.10979091,0.18258233,-0.11845902,-25.53675205,1.02582655,-0.23844670,-0.14055762,0.07791246,-0.35690571,-25.67730967,1.10373901,-0.36325844,-25.57589842,0.99632712,-0.00565968,-0.00302944,0.00827045,0.00203079,-0.00180808,0.00179860
4.580,-0.72946963,0.55556527,2.73591841,-0.35480033,-0.11178641,0.18469058,-0.05930113,-0.01868392,0.03086908,-0.72384958,0.55860542,2.72764137,-0.35679373,-0.10999842,0.18290598,-0.11784281,-25.55116637,1.03085674,-0.23696003,-0.14146289,0.07810995,-0.35480284,-25.69262926,1.10896669,-0.36113239,-25.59123229,1.00136779,-0.00562005,-0.00304015,0.00827704,0.00199340,-0.00178799,0.00178460
4.590,-0.73302059,0.55444647,2.73776685,-0.35539150,-0.11197266,0.18499831,-0.05893255,-0.01856779,0.03067722,-0.72743967,0.55749708,2.72948345,-0.35734763,-0.11020752,0.18323142,-0.11722366,-25.56557490,1.03589396,-0.23548382,-0.14233209,0.07830684,-0.35270748,-25.70790700,1.11420080,-0.35901498,-25.60652873,1.00641509,-0.00558092,-0.00305061,0.00828340,0.00195613,-0.00176514,0.00176689
4.600,-0.73657745,0.55332582,2.73961837,-0.35597898,-0.11215776,0.18530413,-0.05856293,-0.01845134,0.03048481,-0.73103516,0.55638657,2.73132885,-0.35789796,-0.11041817,0.18355860,-0.11660160,-25.57997679,1.04093840,-0.23401678,-0.14316084,0.07850365,-0.35061839,-25.72313763,1.11944204,-0.35690571,-25.62178462,1.01146894,-0.00554229,-0.00306075,0.00828952,0.00191898,-0.00173959,0.00174553
4.610,-0.74014016,0.55220332,2.74147293,-0.35656275,-0.11234169,0.18560801,-0.05819228,-0.01833456,0.03029187,-0.73463601,0.55527391,2.73317759,-0.35844477,-0.11063029,0.18388746,-0.11597664,-25.59437212,1.04598976,-0.23255877,-0.14394984,0.07869953,-0.34853541,-25.73832196,1.12468930,-0.35480284,-25.63699592,1.01652968,-0.00550415,-0.00307059,0.00829534,0.00188202,-0.00171140,0.00172055
4.620,-0.74370869,0.55107899,2.74333052,-0.35714282,-0.11252445,0.18590996,-0.05782061,-0.01821745,0.03009840,-0.73824219,0.55415906,2.73502969,-0.35898805,-0.11084384,0.18421792,-0.11534878,-25.60876029,1.05104812,-0.23110925,-0.14469637,0.07889465,-0.34645803,-25.75345667,1.12994277,-0.35270748,-25.65216476,1.02159615,-0.00546650,-0.00308007,0.00830083,0.00184523,-0.00168061,0.00169204
4.630,-0.74728301,0.54995283,2.74519112,-0.35771916,-0.11270604,0.18620998,-0.05744792,-0.01810003,0.02990440,-0.74185366,0.55304203,2.73688514,-0.35952784,-0.11105874,0.18454991,-0.11471803,-25.62314132,1.05611331,-0.22966860,-0.14540081,0.07908851,-0.34438663,-25.76854214,1.13520182,-0.35061839,-25.66728592,1.02666911,-0.00542935,-0.00308920,0.00830598,0.00180868,-0.00164730,0.00166007
4.640,-0.75086306,0.54882487,2.74705471,-0.35829177,-0.11288645,0.18650805,-0.05707421,-0.01798229,0.02970987,-0.74547040,0.55192279,2.73874398,-0.36006415,-0.11127492,0.18488334,-0.11408439,-25.63751443,1.06118539,-0.22823457,-0.14605930,0.07928136,-0.34231896,-25.78357373,1.14046675,-0.34853541,-25.68236023,1.03174748,-0.00539266,-0.00309792,0.00831073,0.00177238,-0.00161153,0.00162471
4.650,-0.75444883,0.54769511,2.74892128,-0.35886064,-0.11306568,0.18680417,-0.05669951,-0.01786423,0.02951481,-0.74909235,0.55080135,2.74060621,-0.36059699,-0.11149230,0.18521812,-0.11344790,-25.65187953,1.06626428,-0.22680846,-0.14667223,0.07947284,-0.34025636,-25.79855176,1.14573712,-0.34645803,-25.69738444,1.03683153,-0.00535648,-0.00310624,0.00831507,0.00173635,-0.00157338,0.00158605
4.660,-0.75804026,0.54656356,2.75079079,-0.35942576,-0.11324373,0.18709834,-0.05632381,-0.01774586,0.02931924,-0.75271950,0.54967769,2.74247183,-0.36112639,-0.11171082,0.18555417,-0.11280854,-25.66623649,1.07134976,-0.22538933,-0.14723939,0.07966241,-0.33819787,-25.81347587,1.15101217,-0.34438663,-25.71235895,1.04192067,-0.00532076,-0.00311413,0.00831896,0.00170063,-0.00153291,0.00154417
4.670,-0.76163733,0.54543024,2.75266324,-0.35998712,-0.11342060,0.18739055,-0.05594712,-0.01762717,0.02912316,-0.75635180,0.54855180,2.74434086,-0.36165235,-0.11193038,0.18589137,-0.11216633,-25.68058465,1.07644196,-0.22397693,-0.14775821,0.07985035,-0.33614326,-25.82834286,1.15629231,-0.34231896,-25.72727919,1.04701526,-0.00528553,-0.00312156,0.00832238,0.00166523,-0.00149022,0.00149918
4.680,-0.76523999,0.54429515,2.75453860,-0.36054470,-0.11359628,0.18768080,-0.05556945,-0.01750818,0.02892656,-0.75998922,0.54742367,2.74621330,-0.36217489,-0.11215091,0.18622963,-0.11152129,-25.69492408,1.08154066,-0.22257094,-0.14822951,0.08003610,-0.33409223,-25.84315359,1.16157677,-0.34025636,-25.74214551,1.05211492,-0.00525077,-0.00312852,0.00832530,0.00163019,-0.00144537,0.00145117
4.690,-0.76884821,0.54315832,2.75641685,-0.36109850,-0.11377076,0.18796908,-0.05519081,-0.01738888,0.02872946,-0.76363174,0.54629330,2.74808917,-0.36269403,-0.11237233,0.18656883,-0.11087343,-25.70925403,1.08664591,-0.22117066,-0.14865017,0.08021985,-0.33204408,-25.85790420,1.16686576,-0.33819787,-25.75695759,1.05721895,-0.00521647,-0.00313498,0.00832768,0.00159553,-0.00139843,0.00140025
4.700,-0.77246195,0.54201974,2.75829797,-0.36164851,-0.11394405,0.18825539,-0.05481120,-0.01726928,0.02853186,-0.76727931,0.54516069,2.74996846,-0.36320977,-0.11259453,0.18690886,-0.11022274,-25.72357471,1.09175750,-0.21977669,-0.14902246,0.08040094,-0.32999944,-25.87259717,1.17215845,-0.33614326,-25.77171228,1.06232784,-0.00518264,-0.00314095,0.00832951,0.00156126,-0.00134952,0.00134653
4.710,-0.77608117,0.54087944,2.76018195,-0.36219472,-0.11411615,0.18853972,-0.05443063,-0.01714938,0.02833375,-0.77093190,0.54402583,2.75185117,-0.36372215,-0.11281744,0.18724960,-0.10956926,-25.73788531,1.09687555,-0.21838762,-0.14934299,0.08057979,-0.32795688,-25.88722830,1.17745534,-0.33409223,-25.78641051,1.06744086,-0.00514927,-0.00314639,0.00833078,0.00152743,-0.00129871,0.00129012
4.720,-0.77970583,0.53973742,2.76206876,-0.36273712,-0.11428704,0.18882206,-0.05404911,-0.01702917,0.02813516,-0.77458948,0.54288872,2.75373732,-0.36423115,-0.11304096,0.18759092,-0.10891297,-25.75218586,1.10199985,-0.21700374,-0.14961295,0.08075581,-0.32591671,-25.90179881,1.18275566,-0.33204408,-25.80104845,1.07255833,-0.00511635,-0.00315130,0.00833144,0.00149403,-0.00124608,0.00123114
4.730,-0.78333590,0.53859370,2.76395838,-0.36327570,-0.11445673,0.18910242,-0.05366665,-0.01690867,0.02793607,-0.77825202,0.54174935,2.75562690,-0.36473681,-0.11326499,0.18793269,-0.10825391,-25.76647588,1.10713037,-0.21562482,-0.14983102,0.08092901,-0.32387873,-25.91630690,1.18805938,-0.32999944,-25.81562862,1.07767944,-0.00508388,-0.00315565,0.00833148,0.00146111,-0.00119174,0.00116973
4.740,-0.78697133,0.53744829,2.76585080,-0.36381045,-0.11462521,0.18938078,-0.05328325,-0.01678787,0.02773649,-0.78191948,0.54060772,2.75751991,-0.36523913,-0.11348944,0.18827479,-0.10759208,-25.78075504,1.11226711,-0.21424985,-0.14999645,0.08109943,-0.32184193,-25.93075148,1.19336654,-0.32795688,-25.83014690,1.08280480,-0.00505185,-0.00315943,0.00833089,0.00142868,-0.00113577,0.00110599
4.750,-0.79061210,0.53630120,2.76774599,-0.36434136,-0.11479248,0.18965715,-0.05289893,-0.01666679,0.02753643,-0.78559183,0.53946383,2.75941635,-0.36573812,-0.11371421,0.18861708,-0.10692751,-25.79502315,1.11740991,-0.21287977,-0.15010980,0.08126667,-0.31980727,-25.94513295,1.19867658,-0.32591671,-25.84460455,1.08793369,-0.00502027,-0.00316263,0.00832964,0.00139676,-0.00107827,0.00104007
4.760,-0.79425815,0.53515245,2.76964394,-0.36486843,-0.11495855,0.18993151,-0.05251368,-0.01654541,0.02733589,-0.78926904,0.53831769,2.76131622,-0.36623380,-0.11393920,0.18895942,-0.10626017,-25.80927963,1.12255885,-0.21151280,-0.15016934,0.08143097,-0.31777297,-25.95944897,1.20398982,-0.32387873,-25.85899982,1.09306617,-0.00498911,-0.00316524,0.00832772,0.00136537,-0.00101935,0.00097209
4.770,-0.79790945,0.53400203,2.77154462,-0.36539163,-0.11512339,0.19020386,-0.05212752,-0.01642374,0.02713487,-0.79295107,0.53716929,2.76321950,-0.36672617,-0.11416430,0.18930167,-0.10559010,-25.82352478,1.12771361,-0.21015003,-0.15017785,0.08159164,-0.31574013,-25.97370263,1.20930525,-0.32184193,-25.87333168,1.09820233,-0.00495838,-0.00316726,0.00832512,0.00133454,-0.00095909,0.00090219
4.780,-0.80156597,0.53284998,2.77344801,-0.36591098,-0.11528702,0.19047421,-0.05174045,-0.01630178,0.02693338,-0.79663790,0.53601865,2.76512620,-0.36721525,-0.11438942,0.18964369,-0.10491731,-25.83775760,1.13287435,-0.20879067,-0.15013205,0.08174907,-0.31370798,-25.98788965,1.21462342,-0.31980727,-25.88760056,1.10334171,-0.00492807,-0.00316867,0.00832181,0.00130427,-0.00089760,0.00083052
4.790,-0.80522766,0.53169630,2.77535409,-0.36642644,-0.11544943,0.19074253,-0.05135248,-0.01617955,0.02673143,-0.80032948,0.53486575,2.76703630,-0.36770104,-0.11461445,0.18998533,-0.10424180,-25.85197812,1.13804089,-0.20743427,-0.15003327,0.08190295,-0.31167607,-26.00201139,1.21994384,-0.31777297,-25.90180420,1.10848470,-0.00489818,-0.00316945,0.00831779,0.00127460,-0.00083498,0.00075720
4.800,-0.80889448,0.53054100,2.77726285,-0.36693802,-0.11561061,0.19100883,-0.05096361,-0.01605703,0.02652900,-0.80402579,0.53371061,2.76894980,-0.36818355,-0.11483929,0.19032644,-0.10356358,-25.86618598,1.14321323,-0.20608044,-0.14988130,0.08205340,-0.30964403,-26.01606728,1.22526664,-0.31574013,-25.91594573,1.11363035,-0.00486869,-0.00316961,0.00831305,0.00124553,-0.00077132,0.00068239
4.810,-0.81256641,0.52938409,2.77917426,-0.36744571,-0.11577057,0.19127311,-0.05057387,-0.01593423,0.02632612,-0.80772680,0.53255324,2.77086668,-0.36866280,-0.11506382,0.19066689,-0.10288270,-25.88038101,1.14839123,-0.20473027,-0.14967734,0.08220003,-0.30761297,-26.03005835,1.23059126,-0.31370798,-25.93002093,1.11877931,-0.00483961,-0.00316915,0.00830758,0.00121709,-0.00070675,0.00060622
4.820,-0.81624339,0.52822559,2.78108831,-0.36794950,-0.11592929,0.19153535,-0.05018324,-0.01581116,0.02612278,-0.81143247,0.53139364,2.77278694,-0.36913879,-0.11528795,0.19100651,-0.10219912,-25.89456264,1.15357493,-0.20338184,-0.14941976,0.08234321,-0.30558096,-26.04398240,1.23591815,-0.31167607,-25.94403122,1.12393115,-0.00481092,-0.00316805,0.00830137,0.00118929,-0.00064134,0.00052884
4.830,-0.81992538,0.52706551,2.78300496,-0.36844937,-0.11608679,0.19179556,-0.04979175,-0.01568781,0.02591899,-0.81514276,0.53023181,2.77471055,-0.36961153,-0.11551157,0.19134516,-0.10151290,-25.90873076,1.15876413,-0.20203543,-0.14911012,0.08248246,-0.30354832,-26.05784088,1.24124658,-0.30964403,-25.95797606,1.12908608,-0.00478262,-0.00316630,0.00829441,0.00116216,-0.00057522,0.00045040
4.840,-0.82361236,0.52590386,2.78492421,-0.36894533,-0.11624305,0.19205373,-0.04939939,-0.01556419,0.02571475,-0.81885766,0.52906778,2.77663750,-0.37008103,-0.11573457,0.19168269,-0.10082401,-25.92288498,1.16395886,-0.20069148,-0.14874833,0.08261803,-0.30151549,-26.07163332,1.24657689,-0.30761297,-25.97185656,1.13424362,-0.00475470,-0.00316392,0.00828671,0.00113570,-0.00050848,0.00037104
4.850,-0.82730428,0.52474065,2.78684603,-0.36943736,-0.11639807,0.19230986,-0.04900618,-0.01544030,0.02551007,-0.82257712,0.52790154,2.77856778,-0.37054729,-0.11595685,0.19201895,-0.10013249,-25.93702512,1.16915900,-0.19934950,-0.14833538,0.08274970,-0.29948199,-26.08536050,1.25190870,-0.30558096,-25.98567056,1.13940429,-0.00472716,-0.00316089,0.00827825,0.00110993,-0.00044122,0.00029091
4.860,-0.83100109,0.52357590,2.78877040,-0.36992545,-0.11655185,0.19256393,-0.04861212,-0.01531615,0.02530494,-0.82630111,0.52673311,2.78050136,-0.37101033,-0.11617829,0.19235378,-0.09943835,-25.95115070,1.17436452,-0.19800843,-0.14787070,0.08287762,-0.29744679,-26.09902140,1.25724214,-0.30354832,-25.99941957,1.14456745,-0.00469998,-0.00315721,0.00826904,0.00108488,-0.00037356,0.00021015
4.870,-0.83470277,0.52240962,2.79069730,-0.37040960,-0.11670439,0.19281595,-0.04821722,-0.01519173,0.02509938,-0.83002961,0.52556251,2.78243823,-0.37147014,-0.11639880,0.19268704,-0.09874160,-25.96526146,1.17957534,-0.19666919,-0.14735542,0.08300169,-0.29541079,-26.11261688,1.26257703,-0.30151549,-26.01310315,1.14973349,-0.00467316,-0.00315289,0.00825907,0.00106054,-0.00030559,0.00012891
4.880,-0.83840927,0.52124182,2.79262671,-0.37088979,-0.11685569,0.19306592,-0.04782149,-0.01506704,0.02489338,-0.83376258,0.52438974,2.78437836,-0.37192674,-0.11661827,0.19301857,-0.09804225,-25.97935715,1.18479139,-0.19533107,-0.14679030,0.08312192,-0.29337333,-26.12614745,1.26791330,-0.29948199,-26.02672216,1.15490212,-0.00464669,-0.00314792,0.00824835,0.00103695,-0.00023742,0.00004735
4.890,-0.84212055,0.52007251,2.79455861,-0.37136602,-0.11700573,0.19331382,-0.04742493,-0.01494210,0.02468695,-0.83749998,0.52321483,2.78632173,-0.37238013,-0.11683659,0.19334823,-0.09734031,-25.99343754,1.19001258,-0.19399398,-0.14617622,0.08323826,-0.29133429,-26.13961375,1.27325084,-0.29744679,-26.04027563,1.16007353,-0.00462057,-0.00314232,0.00823688,0.00101411,-0.00016914,-0.00003441
4.900,-0.84583658,0.51890171,2.79649298,-0.37183829,-0.11715453,0.19355966,-0.04702755,-0.01481690,0.02448009,-0.84124179,0.52203778,2.78826832,-0.37283032,-0.11705366,0.19367587,-0.09663580,-26.00750212,1.19523890,-0.19265800,-0.14551332,0.08335086,-0.28929380,-26.15301545,1.27858976,-0.29541079,-26.05376444,1.16524763,-0.00459479,-0.00313607,0.00822466,0.00099203,-0.00010087,-0.00011621
4.910,-0.84955731,0.51772942,2.79842980,-0.37230657,-0.11730207,0.19380342,-0.04662936,-0.01469144,0.02427282,-0.84498797,0.52085861,2.79021810,-0.37327731,-0.11726937,0.19400135,-0.09592873,-26.02155090,1.20047020,-0.19132278,-0.14480370,0.08345955,-0.28725151,-26.16635460,1.28392975,-0.29337333,-26.06718919,1.17042441,-0.00456934,-0.00312919,0.00821170,0.00097074,-0.00003270,-0.00019793
4.920,-0.85328270,0.51655567,2.80036905,-0.37277087,-0.11744836,0.19404511,-0.04623037,-0.01456573,0.02406512,-0.84873850,0.51967735,2.79217104,-0.37372110,-0.11748363,0.19432452,-0.09521912,-26.03558318,1.20570654,-0.18998751,-0.14404614,0.08356472,-0.28520663,-26.17962931,1.28927126,-0.29133429,-26.08055055,1.17560383,-0.00454420,-0.00312168,0.00819801,0.00095023,0.00003527,-0.00027941
4.930,-0.85701271,0.51538046,2.80231070,-0.37323118,-0.11759338,0.19428472,-0.04583058,-0.01443977,0.02385701,-0.85249333,0.51849400,2.79412711,-0.37416171,-0.11769634,0.19464524,-0.09450697,-26.04959899,1.21094770,-0.18865270,-0.14324336,0.08366600,-0.28315967,-26.19284235,1.29461370,-0.28929380,-26.09384822,1.18078606,-0.00451938,-0.00311354,0.00818359,0.00093053,0.00010296,-0.00036052
4.940,-0.86074731,0.51420381,2.80425473,-0.37368748,-0.11773715,0.19452225,-0.04543000,-0.01431356,0.02364849,-0.85625244,0.51730860,2.79608629,-0.37459913,-0.11790738,0.19496337,-0.09379230,-26.06359786,1.21619367,-0.18731834,-0.14239580,0.08376354,-0.28111064,-26.20599366,1.29995722,-0.28725151,-26.10708434,1.18597087,-0.00449487,-0.00310479,0.00816844,0.00091165,0.00017023,-0.00044112
4.950,-0.86448645,0.51302572,2.80620113,-0.37413977,-0.11787965,0.19475769,-0.04502864,-0.01418711,0.02343957,-0.86001581,0.51612115,2.79804854,-0.37503337,-0.11811668,0.19527877,-0.09307513,-26.07757974,1.22144438,-0.18598408,-0.14150542,0.08385743,-0.27905921,-26.21908516,1.30530180,-0.28520663,-26.12025703,1.19115876,-0.00447064,-0.00309543,0.00815259,0.00089360,0.00023703,-0.00052108
4.960,-0.86823009,0.51184622,2.80814988,-0.37458805,-0.11802089,0.19499104,-0.04462651,-0.01406041,0.02323024,-0.86378338,0.51493169,2.80001383,-0.37546443,-0.11832412,0.19559132,-0.09235548,-26.09154389,1.22669986,-0.18464909,-0.14057128,0.08394806,-0.27700457,-26.23211517,1.31064792,-0.28315967,-26.13336911,1.19634922,-0.00444671,-0.00308547,0.00813605,0.00087638,0.00030323,-0.00060028
4.970,-0.87197820,0.51066531,2.81010095,-0.37503230,-0.11816086,0.19522229,-0.04422361,-0.01393347,0.02302051,-0.86755514,0.51374023,2.80198212,-0.37589231,-0.11852963,0.19590088,-0.09163334,-26.10549039,1.23195992,-0.18331439,-0.13959659,0.08403505,-0.27494773,-26.24508698,1.31599497,-0.28111064,-26.14642059,1.20154244,-0.00442306,-0.00307492,0.00811883,0.00086001,0.00036877,-0.00067859
4.980,-0.87573072,0.50948300,2.81205432,-0.37547252,-0.11829956,0.19545145,-0.04381995,-0.01380629,0.02281038,-0.87133105,0.51254679,2.80395339,-0.37631702,-0.11873310,0.19620732,-0.09090875,-26.11941900,1.23722446,-0.18197895,-0.13858263,0.08411854,-0.27288770,-26.25800163,1.32134301,-0.27905921,-26.15941340,1.20673848,-0.00439967,-0.00306379,0.00810093,0.00084450,0.00043354,-0.00075587
4.990,-0.87948763,0.50829932,2.81400997,-0.37590870,-0.11843699,0.19567850,-0.04341554,-0.01367887,0.02259987,-0.87511108,0.51135141,2.80592759,-0.37673856,-0.11893444,0.19651052,-0.09018171,-26.13332901,1.24249355,-0.18064292,-0.13752884,0.08419887,-0.27082463,-26.27085785,1.32669243,-0.27700457,-26.17234593,1.21193785,-0.00437655,-0.00305209,0.00808238,0.00082986,0.00049745,-0.00083202
5.000,-0.88324888,0.50711427,2.81596788,-0.37634083,-0.11857314,0.19590344,-0.04301038,-0.01355122,0.02238897,-0.87889520,0.51015410,2.80790469,-0.37715694,-0.11913358,0.19681037,-0.08945223,-26.14722042,1.24776704,-0.17930615,-0.13643790,0.08427596,-0.26875837,-26.28365832,1.33204300,-0.27494773,-26.18522149,1.21714001,-0.00435368,-0.00303983,0.00806319,0.00081611,0.00056044,-0.00090693
5.010,-0.88701444,0.50592786,2.81792803,-0.37676890,-0.11870801,0.19612628,-0.04260449,-0.01342333,0.02217768,-0.88268338,0.50895489,2.80988465,-0.37757214,-0.11933042,0.19710675,-0.08872033,-26.16109300,1.25304485,-0.17796907,-0.13531163,0.08434987,-0.26668941,-26.29640463,1.33739471,-0.27288770,-26.19804116,1.22234507,-0.00433106,-0.00302703,0.00804338,0.00080324,0.00062241,-0.00098047
5.020,-0.89078425,0.50474011,2.81989040,-0.37719292,-0.11884160,0.19634700,-0.04219786,-0.01329522,0.02196601,-0.88647559,0.50775381,2.81186743,-0.37798418,-0.11952488,0.19739954,-0.08798603,-26.17494629,1.25832696,-0.17663041,-0.13415039,0.08442087,-0.26461644,-26.30909668,1.34274783,-0.27082463,-26.21080372,1.22755347,-0.00430866,-0.00301370,0.00802297,0.00079126,0.00068328,-0.00105254
5.030,-0.89455828,0.50355103,2.82185496,-0.37761286,-0.11897391,0.19656560,-0.04179052,-0.01316687,0.02175397,-0.89027178,0.50655088,2.81385299,-0.37839306,-0.11971688,0.19768864,-0.08724935,-26.18878010,1.26361323,-0.17529073,-0.13295647,0.08448884,-0.26254007,-26.32173658,1.34810207,-0.26875837,-26.22351188,1.23276503,-0.00428650,-0.00299985,0.00800197,0.00078020,0.00074297,-0.00112304
5.040,-0.89833649,0.50236064,2.82382170,-0.37802872,-0.11910494,0.19678208,-0.04138245,-0.01303831,0.02154155,-0.89407194,0.50534613,2.81584129,-0.37879877,-0.11990634,0.19797396,-0.08651027,-26.20259394,1.26890371,-0.17394942,-0.13173011,0.08455424,-0.26045970,-26.33432405,1.35345795,-0.26668941,-26.23616726,1.23797976,-0.00426455,-0.00298549,0.00798041,0.00077005,0.00080140,-0.00119188
5.050,-0.90211884,0.50116894,2.82579060,-0.37844050,-0.11923468,0.19699643,-0.04097369,-0.01290952,0.02132877,-0.89787603,0.50413959,2.81783228,-0.37920131,-0.12009320,0.19825539,-0.08576887,-26.21638778,1.27419826,-0.17260696,-0.13047439,0.08461695,-0.25837583,-26.34686218,1.35881521,-0.26461644,-26.24876979,1.24319800,-0.00424281,-0.00297065,0.00795832,0.00076081,0.00085852,-0.00125896
5.060,-0.90590529,0.49997595,2.82776163,-0.37884820,-0.11936313,0.19720865,-0.04056422,-0.01278051,0.02111562,-0.90168402,0.50293129,2.81982594,-0.37960070,-0.12027738,0.19853283,-0.08502511,-26.23016123,1.27949680,-0.17126318,-0.12919039,0.08467708,-0.25628829,-26.35935162,1.36417388,-0.26254007,-26.26132163,1.24841948,-0.00422127,-0.00295534,0.00793569,0.00075250,0.00091425,-0.00132418
5.070,-0.90969579,0.49878168,2.82973476,-0.37925179,-0.11949029,0.19741874,-0.04015405,-0.01265128,0.02090211,-0.90549587,0.50172126,2.82182220,-0.37999691,-0.12045880,0.19880622,-0.08427901,-26.24391413,1.28479918,-0.16991768,-0.12788027,0.08473455,-0.25419668,-26.37179440,1.36953372,-0.26045970,-26.27382252,1.25364476,-0.00419992,-0.00293958,0.00791256,0.00074512,0.00096851,-0.00138748
5.080,-0.91349031,0.49758615,2.83170999,-0.37965127,-0.11961615,0.19762669,-0.03974320,-0.01252183,0.02068824,-0.90931157,0.50050953,2.82382103,-0.38038997,-0.12063741,0.19907546,-0.08353060,-26.25764590,1.29010552,-0.16857014,-0.12654409,0.08479000,-0.25210073,-26.38418999,1.37489552,-0.25837583,-26.28627556,1.25887363,-0.00417874,-0.00292338,0.00788896,0.00073870,0.00102126,-0.00144877
5.090,-0.91728880,0.49638936,2.83368729,-0.38004665,-0.11974072,0.19783250,-0.03933168,-0.01239217,0.02047402,-0.91313106,0.49929613,2.82582239,-0.38077985,-0.12081314,0.19934047,-0.08277991,-26.27135660,1.29541561,-0.16722087,-0.12518554,0.08484317,-0.25000078,-26.39654214,1.38025878,-0.25628829,-26.29868145,1.26410612,-0.00415774,-0.00290677,0.00786490,0.00073320,0.00107242,-0.00150797
5.100,-0.92109123,0.49519134,2.83566664,-0.38043791,-0.11986400,0.19803617,-0.03891948,-0.01226230,0.02025945,-0.91695433,0.49808108,2.82782622,-0.38116657,-0.12098594,0.19960119,-0.08202692,-26.28504554,1.30072950,-0.16586948,-0.12380427,0.08489450,-0.24789641,-26.40884981,1.38562400,-0.25419668,-26.31104223,1.26934204,-0.00413690,-0.00288974,0.00784042,0.00072866,0.00112194,-0.00156502
5.110,-0.92489755,0.49399209,2.83764801,-0.38082504,-0.11998597,0.19823769,-0.03850662,-0.01213222,0.02004454,-0.92078134,0.49686443,2.82983249,-0.38155012,-0.12115575,0.19985756,-0.08127167,-26.29871281,1.30604699,-0.16451607,-0.12240362,0.08494376,-0.24578774,-26.42111644,1.39099075,-0.25210073,-26.32335741,1.27458219,-0.00411621,-0.00287234,0.00781552,0.00072508,0.00116978,-0.00161987
5.120,-0.92870772,0.49279162,2.83963138,-0.38120804,-0.12010664,0.19843706,-0.03809310,-0.01200194,0.01982928,-0.92461205,0.49564620,2.83184114,-0.38193050,-0.12132251,0.20010951,-0.08051418,-26.31235819,1.31136799,-0.16316074,-0.12098584,0.08499104,-0.24367491,-26.43334403,1.39635902,-0.25000078,-26.33563074,1.27982610,-0.00409567,-0.00285458,0.00779024,0.00072246,0.00121587,-0.00167245
5.130,-0.93252169,0.49158996,2.84161674,-0.38158690,-0.12022601,0.19863427,-0.03767893,-0.01187144,0.01961369,-0.92844645,0.49442643,2.83385213,-0.38230770,-0.12148619,0.20035698,-0.07975444,-26.32598090,1.31669262,-0.16180197,-0.11955007,0.08503702,-0.24155641,-26.44553097,1.40172964,-0.24789641,-26.34786121,1.28507429,-0.00407524,-0.00283647,0.00776461,0.00072080,0.00126018,-0.00172271
5.140,-0.93633944,0.49038711,2.84360406,-0.38196161,-0.12034407,0.19882933,-0.03726412,-0.01174075,0.01939776,-0.93228448,0.49320515,2.83586542,-0.38268173,-0.12164672,0.20059994,-0.07899248,-26.33958106,1.32202067,-0.16044139,-0.11810014,0.08508141,-0.23943387,-26.45768120,1.40710208,-0.24578774,-26.36005227,1.29032634,-0.00405496,-0.00281804,0.00773864,0.00072012,0.00130265,-0.00177061
5.150,-0.94016091,0.48918308,2.84559332,-0.38233218,-0.12046082,0.19902223,-0.03684868,-0.01160986,0.01918151,-0.93612613,0.49198239,2.83788096,-0.38305257,-0.12180408,0.20083834,-0.07822834,-26.35315843,1.32735207,-0.15907814,-0.11663800,0.08512434,-0.23730648,-26.46979642,1.41247641,-0.24367491,-26.37220595,1.29558226,-0.00403478,-0.00279931,0.00771236,0.00072039,0.00134326,-0.00181611
5.160,-0.94398607,0.48797789,2.84758450,-0.38269858,-0.12057627,0.19921296,-0.03643261,-0.01147877,0.01896492,-0.93997137,0.49075818,2.83989869,-0.38342024,-0.12195823,0.20107214,-0.07746200,-26.36671256,1.33268679,-0.15771229,-0.11516478,0.08516606,-0.23517429,-26.48187734,1.41785285,-0.24155641,-26.38432064,1.30084287,-0.00401470,-0.00278029,0.00768581,0.00072166,0.00138196,-0.00185918
5.170,-0.94781487,0.48677156,2.84957757,-0.38306083,-0.12069040,0.19940153,-0.03601593,-0.01134748,0.01874802,-0.94382015,0.48953256,2.84191858,-0.38378471,-0.12210912,0.20130131,-0.07669351,-26.38024307,1.33802477,-0.15634324,-0.11368141,0.08520671,-0.23303675,-26.49392447,1.42323149,-0.23943387,-26.39640031,1.30610767,-0.00399472,-0.00276100,0.00765899,0.00072388,0.00141872,-0.00189978
5.180,-0.95164727,0.48556409,2.85157252,-0.38341890,-0.12080322,0.19958792,-0.03559863,-0.01121601,0.01853079,-0.94767245,0.48830557,2.84394058,-0.38414600,-0.12225673,0.20152583,-0.07592286,-26.39374993,1.34336592,-0.15497119,-0.11219105,0.08524638,-0.23089405,-26.50594098,1.42861230,-0.23730648,-26.40844664,1.31137672,-0.00397482,-0.00274148,0.00763194,0.00072710,0.00145351,-0.00193791
5.190,-0.95548323,0.48435550,2.85356932,-0.38377280,-0.12091472,0.19977214,-0.03518072,-0.01108434,0.01831325,-0.95152823,0.48707723,2.84596463,-0.38450409,-0.12240104,0.20174567,-0.07515006,-26.40723274,1.34871017,-0.15359603,-0.11069484,0.08528518,-0.22874609,-26.51792758,1.43399535,-0.23517429,-26.42046036,1.31665024,-0.00395500,-0.00272173,0.00760469,0.00073129,0.00148632,-0.00197353
5.200,-0.95932271,0.48314580,2.85556796,-0.38412251,-0.12102490,0.19995418,-0.03476222,-0.01095248,0.01809540,-0.95538747,0.48584758,2.84799069,-0.38485898,-0.12254201,0.20196083,-0.07437515,-26.42069122,1.35405749,-0.15221754,-0.10919459,0.08532340,-0.22659269,-26.52988581,1.43938089,-0.23303675,-26.43244201,1.32192833,-0.00393524,-0.00270178,0.00757727,0.00073647,0.00151711,-0.00200665
5.210,-0.96316567,0.48193501,2.85756840,-0.38446804,-0.12113377,0.20013405,-0.03434313,-0.01082044,0.01787724,-0.95925012,0.48461665,2.85001872,-0.38521067,-0.12267964,0.20217130,-0.07359815,-26.43412509,1.35940776,-0.15083595,-0.10769202,0.08536090,-0.22443409,-26.54181711,1.44476866,-0.23089405,-26.44439472,1.32721096,-0.00391555,-0.00268164,0.00754968,0.00074263,0.00154587,-0.00203725
5.220,-0.96701206,0.48072313,2.85957063,-0.38480937,-0.12124131,0.20031173,-0.03392345,-0.01068821,0.01765878,-0.96311617,0.48338449,2.85204866,-0.38555914,-0.12281390,0.20237707,-0.07281904,-26.44753427,1.36476089,-0.14945085,-0.10618982,0.08539783,-0.22226989,-26.55372409,1.45015872,-0.22874609,-26.45631924,1.33249816,-0.00389589,-0.00266136,0.00752197,0.00074977,0.00157259,-0.00206534
5.230,-0.97086184,0.47951019,2.86157463,-0.38514651,-0.12134753,0.20048722,-0.03350320,-0.01055580,0.01744002,-0.96698557,0.48215111,2.85408048,-0.38590440,-0.12294478,0.20257814,-0.07203788,-26.46091811,1.37011693,-0.14806166,-0.10468778,0.08543462,-0.22009954,-26.56560589,1.45555155,-0.22659269,-26.46821710,1.33779020,-0.00387627,-0.00264092,0.00749415,0.00075789,0.00159725,-0.00209092
5.240,-0.97471498,0.47829618,2.86358037,-0.38547943,-0.12145242,0.20066053,-0.03308239,-0.01042322,0.01722097,-0.97085830,0.48091656,2.85611411,-0.38624643,-0.12307227,0.20277454,-0.07125468,-26.47427695,1.37547560,-0.14666975,-0.10319075,0.08547081,-0.21792443,-26.57746770,1.46094641,-0.22443409,-26.48008973,1.34308680,-0.00385668,-0.00262038,0.00746626,0.00076700,0.00161985,-0.00211401
5.250,-0.97857142,0.47708114,2.86558783,-0.38580815,-0.12155599,0.20083164,-0.03266101,-0.01029045,0.01700162,-0.97473431,0.47968088,2.85814953,-0.38658524,-0.12319637,0.20296626,-0.07046943,-26.48760985,1.38083704,-0.14527322,-0.10169709,0.08550701,-0.21574265,-26.58930694,1.46634405,-0.22226989,-26.49193975,1.34838801,-0.00383711,-0.00259974,0.00743830,0.00077709,0.00164038,-0.00213462
5.260,-0.98243113,0.47586507,2.86759699,-0.38613265,-0.12165823,0.20100056,-0.03223908,-0.01015752,0.01678199,-0.97861359,0.47844408,2.86018667,-0.38692082,-0.12331708,0.20315333,-0.06968218,-26.50091688,1.38620109,-0.14387289,-0.10021004,0.08554314,-0.21355507,-26.60112692,1.47174423,-0.22009954,-26.50376629,1.35369428,-0.00381754,-0.00257901,0.00741032,0.00078817,0.00165885,-0.00215277
5.270,-0.98629406,0.47464798,2.86960784,-0.38645293,-0.12175914,0.20116728,-0.03181660,-0.01002441,0.01656207,-0.98249609,0.47720622,2.86222550,-0.38725315,-0.12343440,0.20333577,-0.06889292,-26.51419774,1.39156774,-0.14246816,-0.09873119,0.08557947,-0.21136108,-26.61292893,1.47714721,-0.21792443,-26.51557452,1.35900486,-0.00379797,-0.00255824,0.00738234,0.00080022,0.00167526,-0.00216849
5.280,-0.99016017,0.47342989,2.87162033,-0.38676898,-0.12185872,0.20133180,-0.03139359,-0.00989113,0.01634187,-0.98638179,0.47596732,2.86426597,-0.38758223,-0.12354833,0.20351362,-0.06810170,-26.52745222,1.39693678,-0.14105933,-0.09726237,0.08561566,-0.20916103,-26.62471459,1.48255244,-0.21574265,-26.52736188,1.36432047,-0.00377838,-0.00253743,0.00735436,0.00081325,0.00168961,-0.00218182
5.290,-0.99402942,0.47221081,2.87363446,-0.38708080,-0.12195697,0.20149412,-0.03097004,-0.00975768,0.01612139,-0.99027064,0.47472741,2.86630804,-0.38790806,-0.12365889,0.20368691,-0.06730850,-26.54067996,1.40230827,-0.13964607,-0.09580485,0.08565217,-0.20695456,-26.63648482,1.48796044,-0.21355507,-26.53913164,1.36964085,-0.00375878,-0.00251660,0.00732642,0.00082726,0.00170192,-0.00219279
5.300,-0.99790177,0.47099076,2.87565021,-0.38738838,-0.12205387,0.20165423,-0.03054597,-0.00962407,0.01590064,-0.99416262,0.47348654,2.86835166,-0.38823062,-0.12376608,0.20385567,-0.06651336,-26.55388058,1.40768219,-0.13822795,-0.09435914,0.08568923,-0.20474131,-26.64823972,1.49337142,-0.21136108,-26.55088510,1.37496623,-0.00373915,-0.00249578,0.00729855,0.00084224,0.00171221,-0.00220144
5.310,-1.00177718,0.46976974,2.87766754,-0.38769172,-0.12214945,0.20181213,-0.03012139,-0.00949030,0.01567963,-0.99805770,0.47224472,2.87039679,-0.38854991,-0.12386993,0.20401995,-0.06571631,-26.56705420,1.41305828,-0.13680605,-0.09292944,0.08572628,-0.20252236,-26.65998364,1.49878455,-0.20916103,-26.56262385,1.38029605,-0.00371948,-0.00247498,0.00727075,0.00085819,0.00172048,-0.00220782
5.320,-1.00565559,0.46854777,2.87968644,-0.38799081,-0.12224368,0.20196782,-0.02969629,-0.00935637,0.01545834,-1.00195584,0.47100200,2.87244338,-0.38886591,-0.12397045,0.20417980,-0.06491733,-26.58020035,1.41843657,-0.13537866,-0.09151543,0.08576385,-0.20029599,-26.67171578,1.50420042,-0.20695456,-26.57434881,1.38563076,-0.00369975,-0.00245423,0.00724306,0.00087510,0.00172677,-0.00221198
5.330,-1.00953698,0.46732487,2.88170689,-0.38828564,-0.12233657,0.20212129,-0.02927070,-0.00922227,0.01523680,-1.00585701,0.46975841,2.87449140,-0.38917863,-0.12406766,0.20433527,-0.06411648,-26.59331860,1.42381707,-0.13394648,-0.09011810,0.08580206,-0.19806296,-26.68343670,1.50961913,-0.20474131,-26.58606006,1.39097058,-0.00367997,-0.00243354,0.00721549,0.00089299,0.00173109,-0.00221398
5.340,-1.01342129,0.46610104,2.88372886,-0.38857622,-0.12242812,0.20227255,-0.02884461,-0.00908803,0.01501500,-1.00976117,0.46851398,2.87654080,-0.38948805,-0.12416160,0.20448642,-0.06331375,-26.60640905,1.42919956,-0.13250928,-0.08874057,0.08584065,-0.19582303,-26.69514962,1.51504021,-0.20252236,-26.59776194,1.39631462,-0.00366012,-0.00241294,0.00718806,0.00091183,0.00173348,-0.00221387
5.350,-1.01730849,0.46487631,2.88575233,-0.38886253,-0.12251833,0.20242159,-0.02841803,-0.00895363,0.01479295,-1.01366830,0.46726873,2.87859154,-0.38979416,-0.12425228,0.20463331,-0.06250917,-26.61947107,1.43458410,-0.13106674,-0.08738225,0.08587994,-0.19357591,-26.70685331,1.52046404,-0.20029599,-26.60945361,1.40166344,-0.00364019,-0.00239242,0.00716079,0.00093163,0.00173395,-0.00221172
5.360,-1.02119853,0.46365068,2.88777729,-0.38914458,-0.12260720,0.20256841,-0.02799098,-0.00881908,0.01457065,-1.01757835,0.46602271,2.88064358,-0.39009695,-0.12433975,0.20477600,-0.06170277,-26.63250461,1.43997061,-0.12961872,-0.08604561,0.08592000,-0.19132150,-26.71855023,1.52589061,-0.19806296,-26.62113563,1.40701710,-0.00362018,-0.00237203,0.00713371,0.00095237,0.00173255,-0.00220759
5.370,-1.02509137,0.46242417,2.88980369,-0.38942235,-0.12269471,0.20271301,-0.02756345,-0.00868438,0.01434810,-1.02149130,0.46477594,2.88269688,-0.39039641,-0.12442403,0.20491455,-0.06089454,-26.64550947,1.44535888,-0.12816537,-0.08473185,0.08596047,-0.18905991,-26.73024132,1.53131935,-0.19582303,-26.63281118,1.41237509,-0.00360007,-0.00235177,0.00710681,0.00097406,0.00172932,-0.00220154
5.380,-1.02898696,0.46119679,2.89183154,-0.38969585,-0.12278088,0.20285537,-0.02713546,-0.00854953,0.01412531,-1.02540711,0.46352846,2.88475141,-0.39069253,-0.12450517,0.20504905,-0.06008453,-26.65848524,1.45074904,-0.12670581,-0.08344175,0.08600190,-0.18679033,-26.74192699,1.53675093,-0.19357591,-26.64447902,1.41773776,-0.00357985,-0.00233167,0.00708013,0.00099668,0.00172429,-0.00219368
5.390,-1.03288527,0.45996856,2.89386079,-0.38996506,-0.12286570,0.20299551,-0.02670701,-0.00841454,0.01390228,-1.02932574,0.46228028,2.88680712,-0.39098530,-0.12458320,0.20517956,-0.05927273,-26.67143174,1.45614087,-0.12524069,-0.08217655,0.08604389,-0.18451342,-26.75360829,1.54218476,-0.19132150,-26.65614157,1.42310506,-0.00355953,-0.00231172,0.00705367,0.00102024,0.00171750,-0.00218405
5.400,-1.03678625,0.45873948,2.89589144,-0.39022999,-0.12294917,0.20313342,-0.02627811,-0.00827941,0.01367902,-1.03324717,0.46103145,2.88886398,-0.39127471,-0.12465817,0.20530617,-0.05845918,-26.68434885,1.46153436,-0.12376965,-0.08093823,0.08608668,-0.18222882,-26.76528708,1.54762104,-0.18905991,-26.66779978,1.42847636,-0.00353908,-0.00229197,0.00702746,0.00104472,0.00170900,-0.00217275
5.410,-1.04068985,0.45750958,2.89792346,-0.39049062,-0.12303129,0.20326909,-0.02584877,-0.00814413,0.01345553,-1.03717136,0.45978199,2.89092195,-0.39156075,-0.12473013,0.20542894,-0.05764389,-26.69723601,1.46692950,-0.12229159,-0.07972600,0.08613041,-0.17993547,-26.77696201,1.55305992,-0.18679033,-26.67945399,1.43385230,-0.00351849,-0.00227241,0.00700151,0.00107013,0.00169884,-0.00215985
5.420,-1.04459605,0.45627886,2.89995682,-0.39074696,-0.12311206,0.20340253,-0.02541900,-0.00800873,0.01323181,-1.04109827,0.45853193,2.89298100,-0.39184340,-0.12479912,0.20554797,-0.05682690,-26.71009334,1.47232609,-0.12080829,-0.07854303,0.08617465,-0.17763518,-26.78863637,1.55850074,-0.18451342,-26.69110525,1.43923223,-0.00349778,-0.00225307,0.00697582,0.00109644,0.00168706,-0.00214544
5.430,-1.04850478,0.45504734,2.90199150,-0.39099900,-0.12319147,0.20353373,-0.02498879,-0.00787318,0.01300787,-1.04502788,0.45728130,2.89504110,-0.39212266,-0.12486519,0.20566334,-0.05600818,-26.72292042,1.47772412,-0.11931783,-0.07738895,0.08621963,-0.17532601,-26.80030936,1.56394374,-0.18222882,-26.70275538,1.44461633,-0.00347690,-0.00223396,0.00695040,0.00112366,0.00167372,-0.00212961
5.440,-1.05241601,0.45381504,2.90402748,-0.39124673,-0.12326952,0.20366268,-0.02455817,-0.00773751,0.01278371,-1.04896014,0.45603012,2.89710220,-0.39239850,-0.12492839,0.20577512,-0.05518780,-26.73571687,1.48312356,-0.11782038,-0.07626394,0.08626543,-0.17300818,-26.81198081,1.56938899,-0.17993547,-26.71440301,1.45000467,-0.00345587,-0.00221508,0.00692528,0.00115177,0.00165887,-0.00211244
5.450,-1.05632970,0.45258196,2.90606474,-0.39149016,-0.12334622,0.20378940,-0.02412713,-0.00760170,0.01255933,-1.05289502,0.45477842,2.89916428,-0.39267092,-0.12498878,0.20588342,-0.05436575,-26.74848270,1.48852428,-0.11631648,-0.07517049,0.08631188,-0.17068223,-26.82365319,1.57483616,-0.17763518,-26.72605139,1.45539658,-0.00343468,-0.00219646,0.00690046,0.00118076,0.00164256,-0.00209402
5.460,-1.06024580,0.45134812,2.90810326,-0.39172928,-0.12342155,0.20391387,-0.02369569,-0.00746577,0.01233474,-1.05683249,0.45352622,2.90122731,-0.39293991,-0.12504642,0.20598832,-0.05354207,-26.76121754,1.49392628,-0.11480522,-0.07410820,0.08635912,-0.16834729,-26.83532574,1.58028539,-0.17532601,-26.73769969,1.46079223,-0.00341331,-0.00217810,0.00687595,0.00121063,0.00162487,-0.00207445
5.470,-1.06416427,0.45011353,2.91014301,-0.39196407,-0.12349553,0.20403609,-0.02326385,-0.00732971,0.01210995,-1.06077251,0.45227356,2.90329126,-0.39320545,-0.12510137,0.20608991,-0.05271677,-26.77392127,1.49932940,-0.11328685,-0.07307869,0.08640687,-0.16600362,-26.84699995,1.58573627,-0.17300818,-26.74934771,1.46619165,-0.00339176,-0.00216003,0.00685175,0.00124138,0.00160584,-0.00205382
5.480,-1.06808507,0.44887821,2.91218398,-0.39219455,-0.12356815,0.20415607,-0.02283162,-0.00719352,0.01188495,-1.06471505,0.45102046,2.90535609,-0.39346753,-0.12515368,0.20618829,-0.05188986,-26.78659341,1.50473371,-0.11176091,-0.07208129,0.08645547,-0.16365077,-26.85867470,1.59118918,-0.17068223,-26.76099788,1.47159446,-0.00337002,-0.00214225,0.00682789,0.00127298,0.00158553,-0.00203222
5.490,-1.07200815,0.44764217,2.91422613,-0.39242071,-0.12363940,0.20427379,-0.02239901,-0.00705722,0.01165976,-1.06866007,0.44976693,2.90742179,-0.39372613,-0.12520342,0.20628354,-0.05106139,-26.79923395,1.51013900,-0.11022735,-0.07111741,0.08650447,-0.16128874,-26.87035137,1.59664347,-0.16834729,-26.77264942,1.47700075,-0.00334808,-0.00212476,0.00680434,0.00130542,0.00156402,-0.00200975
5.500,-1.07593347,0.44640543,2.91626945,-0.39264253,-0.12370929,0.20438926,-0.02196602,-0.00692080,0.01143436,-1.07260753,0.44851301,2.90948831,-0.39398124,-0.12525065,0.20637575,-0.05023135,-26.81184244,1.51554531,-0.10868552,-0.07018645,0.08655418,-0.15891687,-26.88202889,1.60209949,-0.16600362,-26.78430379,1.48241007,-0.00332594,-0.00210758,0.00678114,0.00133871,0.00154136,-0.00198649
5.510,-1.07986098,0.44516799,2.91831391,-0.39286002,-0.12377782,0.20450248,-0.02153266,-0.00678426,0.01120878,-1.07655741,0.44725871,2.91155564,-0.39423285,-0.12529543,0.20646503,-0.04939976,-26.82441895,1.52095245,-0.10713568,-0.06929063,0.08660418,-0.15653544,-26.89370958,1.60755664,-0.16365077,-26.79595981,1.48782275,-0.00330357,-0.00209072,0.00675827,0.00137283,0.00151761,-0.00196255
5.520,-1.08379065,0.44392988,2.92035949,-0.39307318,-0.12384498,0.20461344,-0.02109894,-0.00664761,0.01098301,-1.08050966,0.44600406,2.91362375,-0.39448093,-0.12533783,0.20655147,-0.04856666,-26.83696292,1.52636048,-0.10557760,-0.06842831,0.08665470,-0.15414426,-26.90539123,1.61301517,-0.16128874,-26.80761885,1.49323808,-0.00328099,-0.00207418,0.00673574,0.00140775,0.00149285,-0.00193803
5.530,-1.08772243,0.44269110,2.92240617,-0.39328200,-0.12391077,0.20472214,-0.02066486,-0.00651085,0.01075705,-1.08446425,0.44474908,2.91569261,-0.39472547,-0.12537792,0.20663515,-0.04773205,-26.84947437,1.53176924,-0.10401119,-0.06760124,0.08670550,-0.15174324,-26.91707561,1.61847474,-0.15891687,-26.81927979,1.49865639,-0.00325818,-0.00205798,0.00671356,0.00144347,0.00146715,-0.00191301
5.540,-1.09165628,0.44145166,2.92445392,-0.39348648,-0.12397519,0.20482858,-0.02023044,-0.00637397,0.01053091,-1.08842115,0.44349378,2.91776220,-0.39496647,-0.12541577,0.20671618,-0.04689597,-26.86195320,1.53717860,-0.10243673,-0.06681032,0.08675631,-0.14933270,-26.92876352,1.62393491,-0.15653544,-26.83094493,1.50407701,-0.00323513,-0.00204212,0.00669172,0.00147999,0.00144058,-0.00188760
5.550,-1.09559215,0.44021160,2.92650273,-0.39368661,-0.12403825,0.20493276,-0.01979568,-0.00623700,0.01030460,-1.09238031,0.44223820,2.91983250,-0.39520389,-0.12545144,0.20679464,-0.04605843,-26.87439856,1.54258875,-0.10085237,-0.06605216,0.08680774,-0.14691080,-26.94045072,1.62939649,-0.15414426,-26.84261200,1.50950016,-0.00321184,-0.00202660,0.00667023,0.00151728,0.00141319,-0.00186188
5.560,-1.09953000,0.43897090,2.92855257,-0.39388239,-0.12409993,0.20503467,-0.01936059,-0.00609991,0.01007812,-1.09634170,0.44098234,2.92190349,-0.39543774,-0.12548501,0.20687063,-0.04521946,-26.88681096,1.54799934,-0.09925951,-0.06533093,0.08685902,-0.14447897,-26.95214189,1.63485836,-0.15174324,-26.85428275,1.51492544,-0.00318830,-0.00201144,0.00664908,0.00155535,0.00138508,-0.00183596
5.570,-1.10346978,0.43772960,2.93060342,-0.39407382,-0.12416024,0.20513432,-0.01892517,-0.00596273,0.00985146,-1.10030529,0.43972623,2.92397514,-0.39566798,-0.12551654,0.20694423,-0.04437906,-26.89918963,1.55341051,-0.09765655,-0.06464339,0.08691056,-0.14203562,-26.96383303,1.64032106,-0.14933270,-26.86595796,1.52035239,-0.00316449,-0.00199663,0.00662828,0.00159416,0.00135630,-0.00180991
5.580,-1.10741146,0.43648770,2.93265525,-0.39426089,-0.12421919,0.20523170,-0.01848944,-0.00582544,0.00962464,-1.10427103,0.43846988,2.92604743,-0.39589460,-0.12554610,0.20701555,-0.04353729,-26.91153467,1.55882204,-0.09604469,-0.06399166,0.08696183,-0.13958197,-26.97552632,1.64578387,-0.14691080,-26.87763333,1.52578174,-0.00314043,-0.00198218,0.00660782,0.00163371,0.00132691,-0.00178385
5.590,-1.11135498,0.43524522,2.93470804,-0.39444361,-0.12427675,0.20532681,-0.01805340,-0.00568806,0.00939766,-1.10823890,0.43721331,2.92812035,-0.39611758,-0.12557376,0.20708466,-0.04269413,-26.92384570,1.56423392,-0.09442251,-0.06337420,0.08701300,-0.13711664,-26.98721991,1.65124692,-0.14447897,-26.88931351,1.53121237,-0.00311608,-0.00196809,0.00658769,0.00167397,0.00129701,-0.00175785
5.600,-1.11530032,0.43400217,2.93676178,-0.39462196,-0.12433295,0.20541965,-0.01761705,-0.00555058,0.00917052,-1.11220885,0.43595654,2.93019388,-0.39633691,-0.12559960,0.20715165,-0.04184961,-26.93612251,1.56964615,-0.09279089,-0.06279147,0.08706404,-0.13464050,-26.99891398,1.65671020,-0.14203562,-26.90099447,1.53664475,-0.00309147,-0.00195437,0.00656790,0.00171495,0.00126665,-0.00173200
5.610,-1.11924741,0.43275857,2.93881643,-0.39479595,-0.12438776,0.20551022,-0.01718041,-0.00541301,0.00894323,-1.11618084,0.43469958,2.93226800,-0.39655257,-0.12562369,0.20721661,-0.04100376,-26.94836487,1.57505859,-0.09114835,-0.06224234,0.08711475,-0.13215211,-27.01060721,1.66217334,-0.13958197,-26.91267835,1.54207812,-0.00306657,-0.00194101,0.00654843,0.00175662,0.00123593,-0.00170639
5.620,-1.12319622,0.43151442,2.94087197,-0.39496557,-0.12444121,0.20559851,-0.01674348,-0.00527534,0.00871579,-1.12015485,0.43344245,2.93434268,-0.39676454,-0.12564609,0.20727962,-0.04015660,-26.96057280,1.58047109,-0.08949592,-0.06172856,0.08716475,-0.12965253,-27.02230136,1.66763584,-0.13711664,-26.92436326,1.54751259,-0.00304137,-0.00192803,0.00652929,0.00179897,0.00120488,-0.00168111
5.630,-1.12714671,0.43026975,2.94292839,-0.39513082,-0.12449327,0.20568453,-0.01630628,-0.00513759,0.00848820,-1.12413082,0.43218516,2.93641792,-0.39697280,-0.12566687,0.20734077,-0.03930817,-26.97274570,1.58588377,-0.08783255,-0.06124704,0.08721450,-0.12714072,-27.03399275,1.67309827,-0.13464050,-26.93604937,1.55294809,-0.00301589,-0.00191541,0.00651047,0.00184198,0.00117360,-0.00165624
5.640,-1.13109882,0.42902456,2.94498566,-0.39529169,-0.12454396,0.20576828,-0.01586880,-0.00499976,0.00826047,-1.12810873,0.43092772,2.93849371,-0.39717733,-0.12568611,0.20740012,-0.03845846,-26.98488369,1.59129644,-0.08615788,-0.06079924,0.08726356,-0.12461634,-27.04568293,1.67856000,-0.13215211,-26.94773529,1.55838424,-0.00299009,-0.00190316,0.00649195,0.00188564,0.00114215,-0.00163184
5.650,-1.13505253,0.42777887,2.94704375,-0.39544819,-0.12459327,0.20584974,-0.01543105,-0.00486184,0.00803260,-1.13208854,0.42967015,2.94057001,-0.39737811,-0.12570388,0.20745777,-0.03760750,-26.99698645,1.59670902,-0.08447292,-0.06038433,0.08731168,-0.12208041,-27.05737077,1.68402069,-0.12965253,-26.95942277,1.56382049,-0.00296399,-0.00189128,0.00647374,0.00192992,0.00111061,-0.00160803
5.660,-1.13900777,0.42653270,2.94910265,-0.39560031,-0.12464119,0.20592893,-0.01499305,-0.00472384,0.00780460,-1.13607020,0.42841246,2.94264683,-0.39757513,-0.12572023,0.20751377,-0.03675532,-27.00905357,1.60212156,-0.08277543,-0.06000010,0.08735923,-0.11953075,-27.06905366,1.68948079,-0.12714072,-26.97110810,1.56925738,-0.00293757,-0.00187976,0.00645582,0.00197482,0.00107904,-0.00158484
5.670,-1.14296452,0.42528606,2.95116232,-0.39574805,-0.12468774,0.20600584,-0.01455479,-0.00458576,0.00757647,-1.14005368,0.42715465,2.94472415,-0.39776836,-0.12573525,0.20756820,-0.03590192,-27.02108503,1.60753386,-0.08106705,-0.05964742,0.08740560,-0.11696897,-27.08073245,1.69493946,-0.12461634,-26.98279278,1.57469425,-0.00291084,-0.00186859,0.00643817,0.00202031,0.00104751,-0.00156236
5.680,-1.14692272,0.42403895,2.95322275,-0.39589141,-0.12473291,0.20608046,-0.01411629,-0.00444760,0.00734821,-1.14403894,0.42589675,2.94680194,-0.39795778,-0.12574899,0.20762114,-0.03504735,-27.03308082,1.61294585,-0.07934696,-0.05932657,0.08745075,-0.11439431,-27.09240739,1.70039660,-0.12208041,-26.99447567,1.58013073,-0.00288378,-0.00185780,0.00642081,0.00206637,0.00101608,-0.00154068
5.690,-1.15088233,0.42279140,2.95528392,-0.39603038,-0.12477669,0.20615280,-0.01367756,-0.00430937,0.00711982,-1.14802594,0.42463876,2.94888022,-0.39814337,-0.12576152,0.20767264,-0.03419163,-27.04504040,1.61835758,-0.07761435,-0.05903466,0.08749491,-0.11180598,-27.10407506,1.70585249,-0.11953075,-27.00615410,1.58556723,-0.00285639,-0.00184736,0.00640370,0.00211299,0.00098483,-0.00151984
5.700,-1.15484331,0.42154342,2.95734580,-0.39616496,-0.12481910,0.20622285,-0.01323860,-0.00417106,0.00689132,-1.15201464,0.42338069,2.95095895,-0.39832511,-0.12577291,0.20772276,-0.03333477,-27.05696367,1.62376891,-0.07586959,-0.05877188,0.08753770,-0.10920436,-27.11573555,1.71130662,-0.11696897,-27.01782891,1.59100289,-0.00282867,-0.00183727,0.00638685,0.00216015,0.00095381,-0.00149991
5.710,-1.15880561,0.42029502,2.95940837,-0.39629515,-0.12486012,0.20629063,-0.01279941,-0.00403269,0.00666271,-1.15600501,0.42212255,2.95303813,-0.39850298,-0.12578322,0.20777157,-0.03247678,-27.06885050,1.62917978,-0.07411212,-0.05853735,0.08757911,-0.10658890,-27.12738785,1.71675889,-0.11439431,-27.02950031,1.59643760,-0.00280060,-0.00182753,0.00637024,0.00220783,0.00092310,-0.00148094
5.720,-1.16276920,0.41904622,2.96147161,-0.39642095,-0.12489975,0.20635611,-0.01236001,-0.00389425,0.00643398,-1.15999700,0.42086434,2.95511775,-0.39867695,-0.12579252,0.20781912,-0.03161770,-27.08070055,1.63459017,-0.07234222,-0.05832960,0.08761907,-0.10395993,-27.13903015,1.72220924,-0.11180598,-27.04116487,1.60187160,-0.00277220,-0.00181812,0.00635386,0.00225600,0.00089277,-0.00146301
5.730,-1.16673402,0.41779703,2.96353549,-0.39654235,-0.12493800,0.20641930,-0.01192041,-0.00375575,0.00620514,-1.16399057,0.41960608,2.95719779,-0.39884702,-0.12580085,0.20786547,-0.03075757,-27.09251374,1.63999994,-0.07055911,-0.05814823,0.08765735,-0.10131667,-27.15066197,1.72765728,-0.10920436,-27.05282262,1.60730437,-0.00274345,-0.00180905,0.00633770,0.00230467,0.00086285,-0.00144617
5.740,-1.17070003,0.41654747,2.96559999,-0.39665935,-0.12497486,0.20648021,-0.01148061,-0.00361718,0.00597621,-1.16798569,0.41834778,2.95927825,-0.39901314,-0.12580829,0.20791065,-0.02989638,-27.10428973,1.64540908,-0.06876241,-0.05799131,0.08769399,-0.09865879,-27.16228104,1.73310307,-0.10658890,-27.06447255,1.61273579,-0.00271434,-0.00180031,0.00632174,0.00235379,0.00083343,-0.00143044
5.750,-1.17466719,0.41529754,2.96766508,-0.39677196,-0.12501034,0.20653883,-0.01104061,-0.00347855,0.00574717,-1.17198230,0.41708943,2.96135912,-0.39917531,-0.12581488,0.20795472,-0.02903415,-27.11602863,1.65081740,-0.06695295,-0.05785987,0.08772851,-0.09598709,-27.17388850,1.73854591,-0.10395993,-27.07611281,1.61816578,-0.00268489,-0.00179189,0.00630596,0.00240335,0.00080454,-0.00141589
5.760,-1.17863546,0.41404727,2.96973075,-0.39688016,-0.12504444,0.20659515,-0.01060043,-0.00333986,0.00551803,-1.17598038,0.41583105,2.96344039,-0.39933349,-0.12582069,0.20799772,-0.02817092,-27.12772987,1.65622502,-0.06512971,-0.05775057,0.08776126,-0.09330063,-27.18548044,1.74398628,-0.10131667,-27.08774291,1.62359393,-0.00265508,-0.00178378,0.00629036,0.00245333,0.00077625,-0.00140257
5.770,-1.18260478,0.41279666,2.97179698,-0.39698397,-0.12507714,0.20664919,-0.01016008,-0.00320112,0.00528881,-1.17997989,0.41457264,2.96552204,-0.39948766,-0.12582577,0.20803968,-0.02730673,-27.13939350,1.66163179,-0.06329215,-0.05766340,0.08779213,-0.09059888,-27.19705690,1.74942391,-0.09865879,-27.09936054,1.62902029,-0.00262489,-0.00177598,0.00627494,0.00250369,0.00074863,-0.00139049
5.780,-1.18657512,0.41154573,2.97386373,-0.39708337,-0.12510846,0.20670093,-0.00971955,-0.00306232,0.00505949,-1.18398077,0.41331421,2.96760408,-0.39963781,-0.12583017,0.20808064,-0.02644155,-27.15101931,1.66703758,-0.06144093,-0.05759739,0.08782065,-0.08788248,-27.20861671,1.75485823,-0.09598709,-27.11096682,1.63444415,-0.00259435,-0.00176848,0.00625965,0.00255444,0.00072171,-0.00137971
5.790,-1.19054643,0.41029449,2.97593099,-0.39717836,-0.12513839,0.20675038,-0.00927886,-0.00292348,0.00483009,-1.18798299,0.41205575,2.96968649,-0.39978391,-0.12583394,0.20812063,-0.02557545,-27.16260714,1.67244238,-0.05957535,-0.05755123,0.08784699,-0.08515080,-27.22015836,1.76028937,-0.09330063,-27.12255782,1.63986599,-0.00256344,-0.00176126,0.00624450,0.00260555,0.00069555,-0.00137025
5.800,-1.19451867,0.40904297,2.97799873,-0.39726894,-0.12516693,0.20679753,-0.00883802,-0.00278458,0.00460061,-1.19198651,0.41079729,2.97176925,-0.39992593,-0.12583712,0.20815967,-0.02470844,-27.17415648,1.67784619,-0.05769500,-0.05752208,0.08787112,-0.08240344,-27.23167855,1.76571730,-0.09059888,-27.13413356,1.64528552,-0.00253216,-0.00175432,0.00622948,0.00265699,0.00067019,-0.00136214
5.810,-1.19849180,0.40779116,2.98006693,-0.39735512,-0.12519408,0.20684239,-0.00839703,-0.00264564,0.00437106,-1.19599129,0.40953881,2.97385237,-0.40006384,-0.12583977,0.20819778,-0.02384053,-27.18566763,1.68324880,-0.05580079,-0.05751142,0.08789266,-0.07964132,-27.24317905,1.77114146,-0.08788248,-27.14569285,1.65070216,-0.00250051,-0.00174765,0.00621456,0.00270872,0.00064569,-0.00135539
5.820,-1.20246576,0.40653909,2.98213557,-0.39743688,-0.12521984,0.20688495,-0.00795590,-0.00250665,0.00414143,-1.19999728,0.40828033,2.97593584,-0.40019764,-0.12584192,0.20823500,-0.02297175,-27.19714005,1.68865026,-0.05389094,-0.05751585,0.08791188,-0.07686270,-27.25465590,1.77656214,-0.08515080,-27.15723417,1.65611605,-0.00246848,-0.00174124,0.00619973,0.00276076,0.00062208,-0.00135005
5.830,-1.20644052,0.40528677,2.98420462,-0.39751424,-0.12524421,0.20692522,-0.00751463,-0.00236762,0.00391173,-1.20400444,0.40702184,2.97801964,-0.40032728,-0.12584362,0.20827132,-0.02210212,-27.20857369,1.69405046,-0.05196643,-0.05753487,0.08792845,-0.07406855,-27.26610857,1.78197891,-0.08240344,-27.16875419,1.66152716,-0.00243608,-0.00173507,0.00618498,0.00281304,0.00059941,-0.00134610
5.840,-1.21041603,0.40403421,2.98627407,-0.39758717,-0.12526719,0.20696319,-0.00707325,-0.00222856,0.00368196,-1.20801273,0.40576335,2.98010377,-0.40045275,-0.12584491,0.20830676,-0.02123169,-27.21996840,1.69944936,-0.05002647,-0.05756718,0.08794252,-0.07125816,-27.27753558,1.78739188,-0.07964132,-27.18025467,1.66693492,-0.00240330,-0.00172914,0.00617030,0.00286558,0.00057772,-0.00134357
5.850,-1.21439225,0.40278143,2.98834388,-0.39765570,-0.12528878,0.20699886,-0.00663174,-0.00208945,0.00345214,-1.21202211,0.40450487,2.98218822,-0.40057401,-0.12584582,0.20834133,-0.02036044,-27.23132391,1.70484685,-0.04807145,-0.05761131,0.08795375,-0.06843190,-27.28893522,1.79280060,-0.07686270,-27.19173163,1.67233962,-0.00237014,-0.00172344,0.00615566,0.00291831,0.00055704,-0.00134247
5.860,-1.21836913,0.40152844,2.99041404,-0.39771981,-0.12530898,0.20703223,-0.00619012,-0.00195031,0.00322226,-1.21603253,0.40324639,2.98427299,-0.40069106,-0.12584639,0.20837503,-0.01948842,-27.24264010,1.71024291,-0.04610067,-0.05766589,0.08796229,-0.06558908,-27.30030599,1.79820520,-0.07406855,-27.20318453,1.67774084,-0.00233660,-0.00171795,0.00614105,0.00297125,0.00053741,-0.00134280
5.870,-1.22234663,0.40027525,2.99248452,-0.39777950,-0.12532779,0.20706330,-0.00574840,-0.00181114,0.00299232,-1.22004395,0.40198791,2.98635805,-0.40080385,-0.12584664,0.20840786,-0.01861565,-27.25391690,1.71563741,-0.04411448,-0.05773028,0.08796788,-0.06273012,-27.31164718,1.80360529,-0.07125816,-27.21461187,1.68313871,-0.00230268,-0.00171266,0.00612647,0.00302435,0.00051885,-0.00134456
5.880,-1.22632471,0.39902189,2.99455530,-0.39783478,-0.12534520,0.20709208,-0.00530659,-0.00167194,0.00276233,-1.22405633,0.40072945,2.98844341,-0.40091236,-0.12584661,0.20843982,-0.01774216,-27.26515380,1.72103040,-0.04211232,-0.05780106,0.08797077,-0.05985447,-27.32295487,1.80900117,-0.06843190,-27.22601195,1.68853275,-0.00226838,-0.00170756,0.00611189,0.00307758,0.00050141,-0.00134774
5.890,-1.23030331,0.39776835,2.99662635,-0.39788563,-0.12536123,0.20711855,-0.00486468,-0.00153271,0.00253230,-1.22806962,0.39947099,2.99052905,-0.40101658,-0.12584633,0.20847089,-0.01686794,-27.27635114,1.72642161,-0.04009426,-0.05787993,0.08797043,-0.05696220,-27.33423108,1.81439204,-0.06558908,-27.23738325,1.69392314,-0.00223369,-0.00170264,0.00609730,0.00313095,0.00048510,-0.00135234
5.900,-1.23428240,0.39651467,2.99869766,-0.39793207,-0.12537586,0.20714272,-0.00442270,-0.00139345,0.00230223,-1.23208378,0.39821255,2.99261496,-0.40111646,-0.12584582,0.20850108,-0.01599305,-27.28750815,1.73181125,-0.03805973,-0.05796204,0.08796742,-0.05405278,-27.34547020,1.81977867,-0.06273012,-27.24872504,1.69930947,-0.00219862,-0.00169788,0.00608270,0.00318439,0.00046996,-0.00135836
5.910,-1.23826194,0.39526084,3.00076920,-0.39797409,-0.12538910,0.20716459,-0.00398064,-0.00125417,0.00207211,-1.23609877,0.39695412,2.99470115,-0.40121199,-0.12584510,0.20853036,-0.01511750,-27.29862519,1.73719904,-0.03600983,-0.05804914,0.08796122,-0.05112733,-27.35667433,1.82516025,-0.05985447,-27.26003340,1.70469207,-0.00216317,-0.00169328,0.00606805,0.00323790,0.00045600,-0.00136577
5.920,-1.24224187,0.39400689,3.00284094,-0.39801168,-0.12540094,0.20718416,-0.00353851,-0.00111487,0.00184196,-1.24011454,0.39569571,2.99678758,-0.40130314,-0.12584418,0.20855871,-0.01424130,-27.30970182,1.74258497,-0.03394310,-0.05813787,0.08795194,-0.04818440,-27.36783969,1.83053691,-0.05696220,-27.27131035,1.71007015,-0.00212733,-0.00168882,0.00605336,0.00329146,0.00044324,-0.00137455
5.930,-1.24622216,0.39275283,3.00491287,-0.39804486,-0.12541139,0.20720143,-0.00309633,-0.00097555,0.00161179,-1.24413104,0.39443731,2.99887427,-0.40138988,-0.12584310,0.20858612,-0.01336451,-27.32073787,1.74796904,-0.03186024,-0.05822727,0.08793970,-0.04522475,-27.37896513,1.83590874,-0.05405278,-27.28255028,1.71544450,-0.00209112,-0.00168448,0.00603860,0.00334502,0.00043171,-0.00138469
5.940,-1.25020275,0.39149867,3.00698496,-0.39807361,-0.12542045,0.20721640,-0.00265409,-0.00083622,0.00138158,-1.24814823,0.39317893,3.00096119,-0.40147219,-0.12584185,0.20861256,-0.01248711,-27.33173329,1.75335111,-0.02976051,-0.05831642,0.08792434,-0.04224762,-27.39004971,1.84127545,-0.05112733,-27.29375528,1.72081431,-0.00205452,-0.00168026,0.00602377,0.00339858,0.00042140,-0.00139616
5.950,-1.25418361,0.39024442,3.00905719,-0.39809794,-0.12542812,0.20722906,-0.00221181,-0.00069687,0.00115135,-1.25216606,0.39192056,3.00304833,-0.40155004,-0.12584045,0.20863801,-0.01160915,-27.34268799,1.75873112,-0.02764475,-0.05840454,0.08790578,-0.03925391,-27.40109252,1.84663690,-0.04818440,-27.30492156,1.72617974,-0.00201755,-0.00167614,0.00600886,0.00345210,0.00041233,-0.00140895
5.960,-1.25816470,0.38899011,3.01112954,-0.39811784,-0.12543439,0.20723943,-0.00176949,-0.00055751,0.00092111,-1.25618450,0.39066222,3.00513569,-0.40162340,-0.12583892,0.20866242,-0.01073064,-27.35360146,1.76410912,-0.02551234,-0.05848822,0.08788433,-0.03624299,-27.41208969,1.85199346,-0.04522475,-27.31604797,1.73154091,-0.00198020,-0.00167211,0.00599385,0.00350556,0.00040453,-0.00142299
5.970,-1.26214596,0.38773574,3.01320197,-0.39813333,-0.12543927,0.20724749,-0.00132714,-0.00041814,0.00069084,-1.26020349,0.38940390,3.00722324,-0.40169225,-0.12583725,0.20868578,-0.00985162,-27.36447394,1.76948485,-0.02336352,-0.05856825,0.08785946,-0.03321514,-27.42304219,1.85734432,-0.04224762,-27.32713359,1.73689753,-0.00194247,-0.00166816,0.00597873,0.00355892,0.00039798,-0.00143829
5.980,-1.26612735,0.38648133,3.01527448,-0.39814439,-0.12544275,0.20725324,-0.00088478,-0.00027876,0.00046057,-1.26422298,0.38814560,3.00931099,-0.40175656,-0.12583545,0.20870804,-0.00897212,-27.37530500,1.77485843,-0.02119759,-0.05864190,0.08783172,-0.03016971,-27.43394689,1.86269015,-0.03925391,-27.33817749,1.74224949,-0.00190437,-0.00166427,0.00596349,0.00361217,0.00039270,-0.00145480
5.990,-1.27010883,0.38522689,3.01734703,-0.39815102,-0.12544484,0.20725670,-0.00044239,-0.00013938,0.00023029,-1.26824294,0.38688732,3.01139892,-0.40181630,-0.12583353,0.20872916,-0.00809212,-27.38609468,1.78022966,-0.01901526,-0.05870890,0.08780072,-0.02710738,-27.44480358,1.86803039,-0.03624299,-27.34917581,1.74759718,-0.00186589,-0.00166043,0.00594811,0.00366528,0.00038869,-0.00147246
6.000,-1.27409035,0.38397244,3.01941961,-0.39815324,-0.12544554,0.20725785,-0.00000000,-0.00000000,0.00000000,-1.27226331,0.38562907,3.01348701,-0.40187144,-0.12583148,0.20874912,-0.00721169,-27.39684262,1.78559861,-0.01681591,-0.05876698,0.08776681,-0.02402760,-27.45560960,1.87336542,-0.03321514,-27.36012953,1.75293983,-0.00182704,-0.00165663,0.00593260,0.00371820,0.00038594,-0.00149127
6.010,-1.27807188,0.38271798,3.02149218,-0.39815102,-0.12544484,0.20725670,0.00044239,0.00013938,-0.00023029,-1.27628404,0.38437084,3.01557525,-0.40192197,-0.12582929,0.20876785,-0.00633083,-27.40754906,1.79096500,-0.01460091,-0.05881692,0.08772947,-0.02093174,-27.46636598,1.87869447,-0.03016971,-27.37103553,1.75827812,-0.00178784,-0.00165286,0.00591693,0.00377095,0.00038445,-0.00151115
6.020,-1.28205336,0.38146354,3.02356473,-0.39814439,-0.12544275,0.20725324,0.00088478,0.00027876,-0.00046057,-1.28030510,0.38311264,3.01766363,-0.40196785,-0.12582697,0.20878532,-0.00544957,-27.41821343,1.79632897,-0.01236888,-0.05885536,0.08768921,-0.01781845,-27.47706880,1.88401818,-0.02710738,-27.38189358,1.76361152,-0.00174826,-0.00164910,0.00590110,0.00382346,0.00038422,-0.00153208
6.030,-1.28603475,0.38020913,3.02563724,-0.39813333,-0.12543927,0.20724749,0.00132714,0.00041814,-0.00069084,-1.28432642,0.38185447,3.01975213,-0.40200905,-0.12582450,0.20880148,-0.00456795,-27.42883567,1.80169044,-0.01011998,-0.05888146,0.08764611,-0.01468793,-27.48771713,1.88933654,-0.02402760,-27.39270105,1.76894044,-0.00170833,-0.00164534,0.00588511,0.00387572,0.00038523,-0.00155399
6.040,-1.29001601,0.37895476,3.02770967,-0.39811784,-0.12543439,0.20723943,0.00176949,0.00055751,-0.00092111,-1.28834797,0.38059633,3.02184073,-0.40204556,-0.12582187,0.20881628,-0.00368596,-27.43941582,1.80704921,-0.00785501,-0.05889495,0.08759976,-0.01154097,-27.49831076,1.89464897,-0.02093174,-27.40345898,1.77426413,-0.00166804,-0.00164157,0.00586894,0.00392772,0.00038748,-0.00157685
6.050,-1.29399709,0.37770045,3.02978202,-0.39809794,-0.12542812,0.20722906,0.00221181,0.00069687,-0.00115135,-1.29236970,0.37933822,3.02392943,-0.40207734,-0.12581908,0.20882967,-0.00280364,-27.44995345,1.81240542,-0.00557320,-0.05889351,0.08755075,-0.00837684,-27.50884696,1.89995617,-0.01781845,-27.41416345,1.77958326,-0.00162739,-0.00163777,0.00585259,0.00397940,0.00039096,-0.00160061
6.060,-1.29797796,0.37644620,3.03185425,-0.39807361,-0.12542045,0.20721640,0.00265409,0.00083622,-0.00138158,-1.29639155,0.37808015,3.02601820,-0.40210436,-0.12581610,0.20884160,-0.00192102,-27.46044881,1.81775879,-0.00327604,-0.05887807,0.08749861,-0.00519706,-27.51932688,1.90525740,-0.01468793,-27.42481355,1.78489786,-0.00158641,-0.00163395,0.00583605,0.00403075,0.00039565,-0.00162520
6.070,-1.30195855,0.37519204,3.03392634,-0.39804486,-0.12541139,0.20720143,0.00309633,0.00097555,-0.00161179,-1.30041349,0.37682212,3.02810704,-0.40212661,-0.12581292,0.20885201,-0.00103812,-27.47090144,1.82310938,-0.00096181,-0.05884559,0.08744371,-0.00199993,-27.52974703,1.91055309,-0.01154097,-27.43540907,1.79020735,-0.00154506,-0.00163008,0.00581930,0.00408175,0.00040153,-0.00165058
6.080,-1.30593884,0.37393798,3.03599827,-0.39801168,-0.12540094,0.20718416,0.00353851,0.00111487,-0.00184196,-1.30443545,0.37556412,3.03019591,-0.40214404,-0.12580952,0.20886084,-0.00015497,-27.48131126,1.82845714,0.00136812,-0.05879567,0.08738604,0.00121315,-27.54010692,1.91584318,-0.00837684,-27.44594729,1.79551248,-0.00150339,-0.00162614,0.00580236,0.00413236,0.00040858,-0.00167668
6.090,-1.30991877,0.37268403,3.03807001,-0.39797409,-0.12538910,0.20716459,0.00398064,0.00125417,-0.00207211,-1.30845740,0.37430617,3.03228481,-0.40215665,-0.12580588,0.20886806,0.00072842,-27.49167824,1.83380192,0.00371401,-0.05872784,0.08732553,0.00444243,-27.55040607,1.92112746,-0.00519706,-27.45642940,1.80081256,-0.00146137,-0.00162214,0.00578520,0.00418256,0.00041678,-0.00170347
6.100,-1.31389830,0.37143020,3.04014155,-0.39793207,-0.12537586,0.20714272,0.00442270,0.00139345,-0.00230223,-1.31247927,0.37304827,3.03437371,-0.40216440,-0.12580198,0.20887358,0.00161201,-27.50200225,1.83914372,0.00607579,-0.05864122,0.08726246,0.00768780,-27.56064346,1.92640618,-0.00199993,-27.46685190,1.80610801,-0.00141903,-0.00161807,0.00576784,0.00423233,0.00042612,-0.00173086
6.110,-1.31787740,0.37017652,3.04221286,-0.39788563,-0.12536123,0.20711855,0.00486468,0.00153271,-0.00253230,-1.31650103,0.37179042,3.03646260,-0.40216727,-0.12579779,0.20887737,0.00249578,-27.51228289,1.84448254,0.00845285,-0.05853357,0.08719690,0.01094863,-27.57081646,1.93167944,0.00121315,-27.47721432,1.81139882,-0.00137637,-0.00161390,0.00575026,0.00428164,0.00043656,-0.00175882
6.120,-1.32185600,0.36892298,3.04428392,-0.39783478,-0.12534520,0.20709208,0.00530659,0.00167194,-0.00276233,-1.32052262,0.37053262,3.03855145,-0.40216524,-0.12579328,0.20887935,0.00337973,-27.52252047,1.84981818,0.01084553,-0.05840635,0.08712877,0.01422526,-27.58092682,1.93694695,0.00444243,-27.48751620,1.81668481,-0.00133338,-0.00160964,0.00573247,0.00433046,0.00044808,-0.00178727
6.130,-1.32583408,0.36766962,3.04635470,-0.39777950,-0.12532779,0.20706330,0.00574840,0.00181114,-0.00299232,-1.32454400,0.36927488,3.04064025,-0.40215827,-0.12578843,0.20887947,0.00426379,-27.53271443,1.85515070,0.01325318,-0.05825649,0.08705823,0.01751696,-27.59097092,1.94220893,0.00768780,-27.49775653,1.82196626,-0.00129008,-0.00160526,0.00571445,0.00437877,0.00046064,-0.00181617
6.140,-1.32981158,0.36641643,3.04842517,-0.39771981,-0.12530898,0.20703223,0.00619012,0.00195031,-0.00322226,-1.32856510,0.36801721,3.04272897,-0.40214634,-0.12578320,0.20887768,0.00514797,-27.54286512,1.86047984,0.01567536,-0.05808573,0.08698504,0.02082333,-27.60095085,1.94746487,0.01094863,-27.50793270,1.82724329,-0.00124648,-0.00160078,0.00569620,0.00442653,0.00047422,-0.00184545
6.150,-1.33378846,0.36516344,3.05049533,-0.39765570,-0.12528878,0.20699886,0.00663174,0.00208945,-0.00345214,-1.33258589,0.36675960,3.04481760,-0.40212943,-0.12577757,0.20887391,0.00603224,-27.55297197,1.86580578,0.01811271,-0.05789118,0.08690988,0.02414495,-27.61086315,1.95271567,0.01422526,-27.51804648,1.83251566,-0.00120257,-0.00159616,0.00567773,0.00447373,0.00048879,-0.00187505
6.160,-1.33776468,0.36391066,3.05256514,-0.39758717,-0.12526719,0.20696319,0.00707325,0.00222856,-0.00368196,-1.33660631,0.36550207,3.04690610,-0.40210752,-0.12577150,0.20886810,0.00691658,-27.56303504,1.87112835,0.02056421,-0.05767314,0.08683246,0.02748079,-27.62070817,1.95796081,0.01751696,-27.52809427,1.83778360,-0.00115837,-0.00159141,0.00565904,0.00452035,0.00050431,-0.00190491
6.170,-1.34174019,0.36265810,3.05463459,-0.39751424,-0.12524421,0.20692522,0.00751463,0.00236762,-0.00391173,-1.34062630,0.36424461,3.04899447,-0.40208058,-0.12576496,0.20886019,0.00780093,-27.57305422,1.87644752,0.02302992,-0.05743110,0.08675309,0.03083085,-27.63048531,1.96320060,0.02082333,-27.53807818,1.84304664,-0.00111389,-0.00158651,0.00564012,0.00456634,0.00052075,-0.00193497
6.180,-1.34571495,0.36140578,3.05670364,-0.39743688,-0.12521984,0.20688495,0.00795590,0.00250665,-0.00414143,-1.34464583,0.36298725,3.05108267,-0.40204859,-0.12575791,0.20885013,0.00868532,-27.58302936,1.88176317,0.02550937,-0.05716429,0.08667159,0.03419469,-27.64019364,1.96843475,0.02414495,-27.54799477,1.84830570,-0.00106912,-0.00158147,0.00562097,0.00461171,0.00053807,-0.00196518
6.190,-1.34968891,0.36015371,3.05877228,-0.39735512,-0.12519408,0.20684239,0.00839703,0.00264564,-0.00437106,-1.34866483,0.36172997,3.05317068,-0.40201152,-0.12575032,0.20883785,0.00956969,-27.59296034,1.88707529,0.02800250,-0.05687231,0.08658830,0.03757219,-27.64983266,1.97366359,0.02748079,-27.55784441,1.85356029,-0.00102408,-0.00157626,0.00560160,0.00465640,0.00055624,-0.00199546
6.200,-1.35366204,0.35890191,3.06084048,-0.39726894,-0.12516693,0.20679753,0.00883802,0.00278458,-0.00460061,-1.35268326,0.36047279,3.05525847,-0.40196936,-0.12574214,0.20882331,0.01045402,-27.60284700,1.89238382,0.03050843,-0.05655439,0.08650320,0.04096245,-27.65940139,1.97888702,0.03083085,-27.56762651,1.85881077,-0.00097878,-0.00157088,0.00558201,0.00470042,0.00057521,-0.00202578
6.210,-1.35763428,0.35765038,3.06290822,-0.39717836,-0.12513839,0.20675038,0.00927886,0.00292348,-0.00483009,-1.35670107,0.35921572,3.05734603,-0.40192209,-0.12573334,0.20880644,0.01133829,-27.61268945,1.89768863,0.03302709,-0.05621149,0.08641634,0.04436538,-27.66890094,1.98410497,0.03419469,-27.57734017,1.86405684,-0.00093321,-0.00156534,0.00556219,0.00474373,0.00059495,-0.00205606
6.220,-1.36160559,0.35639914,3.06497548,-0.39708337,-0.12510846,0.20670093,0.00971955,0.00306232,-0.00505949,-1.36071819,0.35795877,3.05943333,-0.40186967,-0.12572389,0.20878718,0.01222248,-27.62248745,1.90298972,0.03555824,-0.05584260,0.08632792,0.04778072,-27.67833005,1.98931764,0.03757219,-27.58698490,1.86929888,-0.00088740,-0.00155963,0.00554215,0.00478630,0.00061543,-0.00208625
6.230,-1.36557593,0.35514821,3.06704223,-0.39698397,-0.12507714,0.20664919,0.01016008,0.00320112,-0.00528881,-1.36473458,0.35670194,3.06152033,-0.40181210,-0.12571373,0.20876549,0.01310657,-27.63224083,1.90828701,0.03810135,-0.05544696,0.08623800,0.05120792,-27.68768778,1.99452500,0.04096245,-27.59655977,1.87453682,-0.00084135,-0.00155373,0.00552190,0.00482813,0.00063659,-0.00211630
6.240,-1.36954525,0.35389760,3.06910846,-0.39688016,-0.12504444,0.20659515,0.01060043,0.00333986,-0.00551803,-1.36875019,0.35544524,3.06360702,-0.40174934,-0.12570282,0.20874130,0.01399051,-27.64194946,1.91358050,0.04065643,-0.05502457,0.08614686,0.05464693,-27.69697404,1.99972737,0.04436538,-27.60606588,1.87977059,-0.00079506,-0.00154764,0.00550144,0.00486918,0.00065838,-0.00214615
6.250,-1.37351352,0.35264733,3.07117413,-0.39677196,-0.12501034,0.20653883,0.01104061,0.00347855,-0.00574717,-1.37276497,0.35418868,3.06569336,-0.40168139,-0.12569114,0.20871457,0.01487430,-27.65161324,1.91887008,0.04322213,-0.05457492,0.08605438,0.05809643,-27.70618816,2.00492445,0.04778072,-27.61550201,1.88500044,-0.00074855,-0.00154135,0.00548077,0.00490943,0.00068080,-0.00217574
6.260,-1.37748068,0.35139740,3.07323923,-0.39665935,-0.12497486,0.20648021,0.01148061,0.00361718,-0.00597621,-1.37677886,0.35293226,3.06777933,-0.40160822,-0.12567862,0.20868525,0.01575792,-27.66123225,1.92415566,0.04579870,-0.05409921,0.08596072,0.06155662,-27.71533146,2.01011638,0.05120792,-27.62486724,1.89022636,-0.00070182,-0.00153486,0.00545990,0.00494887,0.00070376,-0.00220504
6.270,-1.38144669,0.35014784,3.07530373,-0.39654235,-0.12493800,0.20641930,0.01192041,0.00375575,-0.00620514,-1.38079180,0.35167601,3.06986491,-0.40152982,-0.12566524,0.20865328,0.01664131,-27.67080612,1.92943725,0.04838575,-0.05359582,0.08586606,0.06502706,-27.72440194,2.01530331,0.05464693,-27.63416150,1.89544868,-0.00065489,-0.00152817,0.00543882,0.00498747,0.00072724,-0.00223398
6.280,-1.38541151,0.34889865,3.07736760,-0.39642095,-0.12489975,0.20635611,0.01236001,0.00389425,-0.00643398,-1.38480376,0.35041993,3.07195006,-0.40144616,-0.12565094,0.20861863,0.01752448,-27.68033508,1.93471464,0.05098211,-0.05306636,0.08577021,0.06850659,-27.73340144,2.02048486,0.05809643,-27.64338414,1.90066713,-0.00060775,-0.00152128,0.00541754,0.00502521,0.00075119,-0.00226252
6.290,-1.38937509,0.34764985,3.07943084,-0.39629515,-0.12486012,0.20629063,0.01279941,0.00403269,-0.00666271,-1.38881466,0.34916403,3.07403475,-0.40135724,-0.12563568,0.20858123,0.01840740,-27.68981875,1.93998798,0.05358826,-0.05250974,0.08567379,0.07199566,-27.74232849,2.02566177,0.06155662,-27.65253650,1.90588186,-0.00056043,-0.00151418,0.00539609,0.00506209,0.00077556,-0.00229060
6.300,-1.39333740,0.34640145,3.08149341,-0.39616496,-0.12481910,0.20622285,0.01323860,0.00417106,-0.00689132,-1.39282446,0.34790833,3.07611895,-0.40126302,-0.12561943,0.20854105,0.01929004,-27.69925722,1.94525707,0.05620243,-0.05192698,0.08557646,0.07549247,-27.75118420,2.03083353,0.06502706,-27.66161661,1.91109305,-0.00051294,-0.00150688,0.00537446,0.00509806,0.00080033,-0.00231820
6.310,-1.39729838,0.34515347,3.08355529,-0.39603038,-0.12477669,0.20615280,0.01367756,0.00430937,-0.00711982,-1.39683311,0.34665282,3.07820264,-0.40116351,-0.12560213,0.20849805,0.02017237,-27.70865026,1.95052189,0.05882528,-0.05131724,0.08547857,0.07899765,-27.75996750,2.03600046,0.06850659,-27.67062632,1.91630033,-0.00046527,-0.00149935,0.00535265,0.00513313,0.00082544,-0.00234525
6.320,-1.40125799,0.34390592,3.08561646,-0.39589141,-0.12473291,0.20608046,0.01411629,0.00444760,-0.00734821,-1.40084056,0.34539754,3.08028579,-0.40105868,-0.12558374,0.20845219,0.02105437,-27.71799786,1.95578240,0.06145590,-0.05068140,0.08538015,0.08251026,-27.76867926,2.04116255,0.07199566,-27.67956420,1.92150448,-0.00041743,-0.00149162,0.00533067,0.00516727,0.00085083,-0.00237173
6.330,-1.40521619,0.34265882,3.08767689,-0.39574805,-0.12468774,0.20600584,0.01455479,0.00458576,-0.00757647,-1.40484674,0.34414248,3.08236836,-0.40094852,-0.12556422,0.20840342,0.02193602,-27.72729984,1.96103852,0.06409369,-0.05001898,0.08528126,0.08602971,-27.77731883,2.04631977,0.07549247,-27.68843136,1.92670497,-0.00036945,-0.00148366,0.00530853,0.00520047,0.00087648,-0.00239758
6.340,-1.40917294,0.34141217,3.08973657,-0.39560031,-0.12464119,0.20592893,0.01499305,0.00472384,-0.00780460,-1.40885160,0.34288767,3.08445032,-0.40083302,-0.12554353,0.20835172,0.02281730,-27.73655630,1.96629018,0.06673760,-0.04933173,0.08518204,0.08955491,-27.78588802,2.05147222,0.07899765,-27.69722677,1.93190216,-0.00032134,-0.00147550,0.00528625,0.00523271,0.00090234,-0.00242279
6.350,-1.41312818,0.34016600,3.09179546,-0.39544819,-0.12459327,0.20584974,0.01543105,0.00486184,-0.00803260,-1.41285510,0.34163311,3.08653165,-0.40071217,-0.12552162,0.20829704,0.02369816,-27.74576695,1.97153733,0.06938807,-0.04861850,0.08508249,0.09308624,-27.79438545,2.05661983,0.08251026,-27.70595131,1.93709604,-0.00027308,-0.00146711,0.00526381,0.00526398,0.00092835,-0.00244730
6.360,-1.41708189,0.33892031,3.09385355,-0.39529169,-0.12454396,0.20576828,0.01586880,0.00499976,-0.00826047,-1.41685717,0.34037882,3.08861232,-0.40058594,-0.12549845,0.20823936,0.02457862,-27.75493190,1.97677990,0.07204318,-0.04788092,0.08498277,0.09662180,-27.80281282,2.06176267,0.08602971,-27.71460436,1.94228661,-0.00022472,-0.00145851,0.00524123,0.00529425,0.00095449,-0.00247108
6.370,-1.42103400,0.33767512,3.09591082,-0.39513082,-0.12449327,0.20568453,0.01630628,0.00513759,-0.00848820,-1.42085777,0.33912481,3.09069228,-0.40045435,-0.12547398,0.20817866,0.02545861,-27.76405093,1.98201789,0.07470384,-0.04711859,0.08488312,0.10016245,-27.81116952,2.06690100,0.08955491,-27.72318774,1.94747396,-0.00017623,-0.00144969,0.00521854,0.00532353,0.00098071,-0.00249413
6.380,-1.42498449,0.33643045,3.09796724,-0.39496557,-0.12444121,0.20559851,0.01674348,0.00527534,-0.00871579,-1.42485683,0.33787111,3.09277152,-0.40031736,-0.12544816,0.20811489,0.02633811,-27.77312390,1.98725122,0.07736834,-0.04633176,0.08478350,0.10370645,-27.81945566,2.07203472,0.09308624,-27.73170010,1.95265803,-0.00012766,-0.00144066,0.00519572,0.00535179,0.00100695,-0.00251638
6.390,-1.42893330,0.33518630,3.10002278,-0.39479595,-0.12438776,0.20551022,0.01718041,0.00541301,-0.00894323,-1.42885431,0.33661771,3.09484999,-0.40017498,-0.12542096,0.20804804,0.02721714,-27.78215100,1.99247972,0.08003631,-0.04552224,0.08468378,0.10725345,-27.82767324,2.07716350,0.09662180,-27.74014315,1.95783892,-0.00007899,-0.00143141,0.00517279,0.00537903,0.00103320,-0.00253782
6.400,-1.43288039,0.33394270,3.10207743,-0.39462196,-0.12433295,0.20541965,0.01761705,0.00555058,-0.00917052,-1.43285015,0.33536465,3.09692768,-0.40002720,-0.12539233,0.20797809,0.02809563,-27.79113183,1.99770351,0.08270764,-0.04468892,0.08458439,0.11080327,-27.83582075,2.08228790,0.10016245,-27.74851630,1.96301689,-0.00003024,-0.00142195,0.00514975,0.00540524,0.00105938,-0.00255844
6.410,-1.43682572,0.33269965,3.10413117,-0.39444361,-0.12427675,0.20532681,0.01805340,0.00568806,-0.00939766,-1.43684429,0.33411193,3.09900453,-0.39987400,-0.12536223,0.20790501,0.02897359,-27.80006651,2.00292246,0.08538116,-0.04383354,0.08448534,0.11435474,-27.84390005,2.08740780,0.10370645,-27.75681968,1.96819183,0.00001857,-0.00141228,0.00512664,0.00543039,0.00108548,-0.00257820
6.420,-1.44076925,0.33145717,3.10618396,-0.39426089,-0.12421919,0.20523170,0.01848944,0.00582544,-0.00962464,-1.44083669,0.33285957,3.10108054,-0.39971539,-0.12533064,0.20782880,0.02985095,-27.80895499,2.00813644,0.08805585,-0.04295678,0.08438641,0.11790681,-27.85191177,2.09252285,0.10725345,-27.76505532,1.97336342,0.00006744,-0.00140240,0.00510342,0.00545450,0.00111145,-0.00259710
6.430,-1.44471093,0.33021527,3.10823579,-0.39407382,-0.12416024,0.20513432,0.01892517,0.00596273,-0.00985146,-1.44482728,0.33160759,3.10315565,-0.39955136,-0.12529750,0.20774943,0.03072773,-27.81779718,2.01334545,0.09073153,-0.04205906,0.08428789,0.12145925,-27.85985624,2.09763335,0.11080327,-27.77322170,1.97853223,0.00011635,-0.00139232,0.00508014,0.00547754,0.00113726,-0.00261511
6.440,-1.44865071,0.32897397,3.11028664,-0.39388239,-0.12409993,0.20503467,0.01936059,0.00609991,-0.01007812,-1.44881601,0.33035600,3.10522984,-0.39938191,-0.12526278,0.20766690,0.03160389,-27.82659289,2.01854950,0.09340810,-0.04114060,0.08418998,0.12501199,-27.86773349,2.10273948,0.11435474,-27.78132074,1.98369815,0.00016530,-0.00138203,0.00505680,0.00549952,0.00116285,-0.00263223
6.450,-1.45258856,0.32773327,3.11233648,-0.39368661,-0.12403825,0.20493276,0.01979568,0.00623700,-0.01030460,-1.45280284,0.32910483,3.10730308,-0.39920703,-0.12522645,0.20758119,0.03247940,-27.83534232,2.02374839,0.09608360,-0.04020378,0.08409241,0.12856300,-27.87554611,2.10784079,0.11790681,-27.78935305,1.98886081,0.00021428,-0.00137156,0.00503340,0.00552042,0.00118820,-0.00264843
6.460,-1.45652443,0.32649321,3.11438529,-0.39348648,-0.12397519,0.20482858,0.02023044,0.00637397,-0.01053091,-1.45678770,0.32785408,3.10937534,-0.39902671,-0.12518847,0.20749231,0.03335423,-27.84404498,2.02894224,0.09875863,-0.03924629,0.08399558,0.13211286,-27.88329127,2.11293782,0.12145925,-27.79731898,1.99402052,0.00026327,-0.00136087,0.00500995,0.00554023,0.00121328,-0.00266373
6.470,-1.46045828,0.32525378,3.11643304,-0.39328200,-0.12391077,0.20472214,0.02066486,0.00651085,-0.01075705,-1.46077053,0.32660379,3.11144658,-0.39884097,-0.12514880,0.20740024,0.03422838,-27.85270122,2.03413082,0.10143137,-0.03827187,0.08389912,0.13565975,-27.89097309,2.11802994,0.12501199,-27.80521858,1.99917746,0.00031225,-0.00135001,0.00498646,0.00555897,0.00123803,-0.00267810
6.480,-1.46439005,0.32401500,3.11847972,-0.39307318,-0.12384498,0.20461344,0.02109894,0.00664761,-0.01098301,-1.46475130,0.32535395,3.11351677,-0.39864980,-0.12510743,0.20730498,0.03510181,-27.86131082,2.03931417,0.10410247,-0.03728012,0.08380346,0.13920429,-27.89859094,2.12311763,0.12856300,-27.81305446,2.00433119,0.00036125,-0.00133895,0.00496295,0.00557662,0.00126245,-0.00269154
6.490,-1.46831972,0.32277688,3.12052531,-0.39286002,-0.12377782,0.20450248,0.02153266,0.00678426,-0.01120878,-1.46872993,0.32410460,3.11558588,-0.39845319,-0.12506430,0.20720654,0.03597450,-27.86987377,2.04449224,0.10676997,-0.03627244,0.08370856,0.14274447,-27.90614621,2.12820079,0.13211286,-27.82082380,2.00948221,0.00041021,-0.00132772,0.00493943,0.00559317,0.00128648,-0.00270406
6.500,-1.47224724,0.32153944,3.12256977,-0.39264253,-0.12370929,0.20438926,0.02196602,0.00692080,-0.01143436,-1.47270638,0.32285576,3.11765388,-0.39825116,-0.12501940,0.20710492,0.03684642,-27.87839000,2.04966490,0.10943332,-0.03524930,0.08361420,0.14627973,-27.91363930,2.13327909,0.13565975,-27.82853074,2.01462991,0.00045914,-0.00131632,0.00491589,0.00560863,0.00131011,-0.00271566
6.510,-1.47617256,0.32030270,3.12461308,-0.39242071,-0.12363940,0.20427379,0.02239901,0.00705722,-0.01165976,-1.47668059,0.32160743,3.11972074,-0.39804370,-0.12497269,0.20700012,0.03771754,-27.88685935,2.05483215,0.11209243,-0.03421084,0.08352054,0.14980997,-27.92107019,2.13835268,0.13920429,-27.83617465,2.01977477,0.00050803,-0.00130473,0.00489234,0.00562299,0.00133329,-0.00272633
6.520,-1.48009564,0.31906666,3.12665523,-0.39219455,-0.12356815,0.20415607,0.02283162,0.00719352,-0.01188495,-1.48065252,0.32035965,3.12178642,-0.39783083,-0.12492416,0.20689215,0.03858785,-27.89528193,2.05999392,0.11474636,-0.03315919,0.08342771,0.15333421,-27.92844111,2.14342163,0.14274447,-27.84375694,2.02491667,0.00055688,-0.00129299,0.00486881,0.00563628,0.00135601,-0.00273608
6.530,-1.48401644,0.31783134,3.12869620,-0.39196407,-0.12349553,0.20403609,0.02326385,0.00732971,-0.01210995,-1.48462209,0.31911242,3.12385090,-0.39761254,-0.12487376,0.20678103,0.03945732,-27.90365754,2.06515023,0.11739441,-0.03209446,0.08333580,0.15685173,-27.93575200,2.14848603,0.14627973,-27.85127801,2.03005526,0.00060565,-0.00128108,0.00484530,0.00564847,0.00137823,-0.00274494
6.540,-1.48793491,0.31659675,3.13073595,-0.39172928,-0.12342155,0.20391387,0.02369569,0.00746577,-0.01233474,-1.48858927,0.31786577,3.12591414,-0.39738884,-0.12482149,0.20666676,0.04032593,-27.91198633,2.07030088,0.12003572,-0.03101833,0.08324449,0.16036165,-27.94300465,2.15354537,0.14980997,-27.85873786,2.03519071,0.00065436,-0.00126902,0.00482181,0.00565956,0.00139994,-0.00275289
6.550,-1.49185101,0.31536291,3.13277447,-0.39149016,-0.12334622,0.20378940,0.02412713,0.00760170,-0.01255933,-1.49255399,0.31661973,3.12797611,-0.39715974,-0.12476731,0.20654935,0.04119365,-27.92026806,2.07544594,0.12267002,-0.02993090,0.08315406,0.16386367,-27.95019897,2.15860000,0.15333421,-27.86613873,2.04032305,0.00070298,-0.00125682,0.00479836,0.00566958,0.00142109,-0.00275995
6.560,-1.49576470,0.31412983,3.13481173,-0.39124673,-0.12326952,0.20366268,0.02455817,0.00773751,-0.01278371,-1.49651621,0.31537430,3.13003678,-0.39692524,-0.12471120,0.20642884,0.04206046,-27.92850280,2.08058527,0.12529613,-0.02883349,0.08306433,0.16735659,-27.95733629,2.16364960,0.15685173,-27.87348055,2.04545238,0.00075151,-0.00124447,0.00477495,0.00567851,0.00144168,-0.00276616
6.570,-1.49967593,0.31289753,3.13684771,-0.39099900,-0.12319147,0.20353373,0.02498879,0.00787318,-0.01300787,-1.50047587,0.31412951,3.13209613,-0.39668537,-0.12465315,0.20630523,0.04292633,-27.93669039,2.08571889,0.12791391,-0.02772639,0.08297543,0.17084024,-27.96441678,2.16869432,0.16036165,-27.88076516,2.05057817,0.00079994,-0.00123198,0.00475158,0.00568637,0.00146168,-0.00277150
6.580,-1.50358466,0.31166601,3.13888240,-0.39074696,-0.12311206,0.20340253,0.02541900,0.00800873,-0.01323181,-1.50443291,0.31288538,3.13415411,-0.39644012,-0.12459314,0.20617855,0.04379126,-27.94483093,2.09084673,0.13052246,-0.02661172,0.08288742,0.17431373,-27.97144264,2.17373415,0.16386367,-27.88799242,2.05570075,0.00084825,-0.00121937,0.00472829,0.00569316,0.00148108,-0.00277602
6.590,-1.50749085,0.31043529,3.14091576,-0.39049062,-0.12303129,0.20326909,0.02584877,0.00814413,-0.01345553,-1.50838729,0.31164192,3.13621071,-0.39618951,-0.12453114,0.20604881,0.04465519,-27.95292441,2.09596866,0.13312076,-0.02549008,0.08280002,0.17777594,-27.97841448,2.17876867,0.16735659,-27.89516371,2.06081980,0.00089644,-0.00120663,0.00470505,0.00569889,0.00149985,-0.00277972
6.600,-1.51139446,0.30920539,3.14294777,-0.39022999,-0.12294917,0.20313342,0.02627811,0.00827941,-0.01367902,-1.51233895,0.31039917,3.13826589,-0.39593355,-0.12446715,0.20591605,0.04551812,-27.96097063,2.10108469,0.13570818,-0.02436180,0.08271329,0.18122629,-27.98533243,2.18379797,0.17084024,-27.90227919,2.06593544,0.00094449,-0.00119378,0.00468188,0.00570356,0.00151798,-0.00278263
6.610,-1.51529544,0.30797631,3.14497842,-0.38996506,-0.12286570,0.20299551,0.02670701,0.00841454,-0.01390228,-1.51628783,0.30915714,3.14031962,-0.39567226,-0.12440115,0.20578028,0.04638002,-27.96896976,2.10619476,0.13828434,-0.02322897,0.08262732,0.18466436,-27.99219872,2.18882207,0.17431373,-27.90934106,2.07104766,0.00099239,-0.00118083,0.00465880,0.00570720,0.00153545,-0.00278477
6.620,-1.51919375,0.30674808,3.14700767,-0.38969585,-0.12278088,0.20285537,0.02713546,0.00854953,-0.01412531,-1.52023389,0.30791585,3.14237187,-0.39540564,-0.12433313,0.20564155,0.04724086,-27.97692156,2.11129880,0.14084852,-0.02209112,0.08254189,0.18808938,-27.99901268,2.19384069,0.17777594,-27.91634995,2.07615601,0.00104014,-0.00116777,0.00463580,0.00570979,0.00155225,-0.00278618
6.630,-1.52308934,0.30552070,3.14903552,-0.38942235,-0.12269471,0.20271301,0.02756345,0.00868438,-0.01434810,-1.52417707,0.30667532,3.14442262,-0.39513373,-0.12426308,0.20549986,0.04810063,-27.98482612,2.11639682,0.14340060,-0.02095010,0.08245733,0.19150123,-28.00577622,2.19885414,0.18122629,-27.92330596,2.08126057,0.00108773,-0.00115462,0.00461290,0.00571138,0.00156837,-0.00278685
6.640,-1.52698218,0.30429419,3.15106193,-0.38914458,-0.12260720,0.20256841,0.02799098,0.00881908,-0.01457065,-1.52811732,0.30543557,3.14647183,-0.39485653,-0.12419099,0.20535526,0.04895929,-27.99268340,2.12148869,0.14593895,-0.01980677,0.08237319,0.19489824,-28.01249017,2.20386188,0.18466436,-27.93021136,2.08636134,0.00113514,-0.00114138,0.00459010,0.00571195,0.00158379,-0.00278685
6.650,-1.53087222,0.30306856,3.15308688,-0.38886253,-0.12251833,0.20242159,0.02841803,0.00895363,-0.01479295,-1.53205458,0.30419663,3.14851949,-0.39457406,-0.12411685,0.20520778,0.04981682,-28.00049343,2.12657436,0.14846346,-0.01866201,0.08228952,0.19828029,-28.01915545,2.20886387,0.18808938,-27.93706546,2.09145802,0.00118236,-0.00112807,0.00456739,0.00571153,0.00159852,-0.00278619
6.660,-1.53475942,0.30184383,3.15511035,-0.38857622,-0.12242812,0.20227255,0.02884461,0.00908803,-0.01501500,-1.53598882,0.30295851,3.15056555,-0.39428633,-0.12404066,0.20505745,0.05067322,-28.00825606,2.13165382,0.15097348,-0.01751626,0.08220633,0.20164670,-28.02577232,2.21386015,0.19150123,-27.94387018,2.09655092,0.00122940,-0.00111468,0.00454480,0.00571011,0.00161254,-0.00278490
6.670,-1.53864373,0.30062000,3.15713232,-0.38828564,-0.12233657,0.20212129,0.02927070,0.00922227,-0.01523680,-1.53991996,0.30172123,3.15261000,-0.39399338,-0.12396241,0.20490430,0.05152844,-28.01597149,2.13672695,0.15346851,-0.01637171,0.08212351,0.20499695,-28.03234319,2.21885046,0.19489824,-27.95062634,2.10163944,0.00127623,-0.00110123,0.00452232,0.00570774,0.00162584,-0.00278301
6.680,-1.54252512,0.29939710,3.15915277,-0.38799081,-0.12224368,0.20196782,0.02969629,0.00935637,-0.01545834,-1.54384797,0.30048482,3.15465281,-0.39369522,-0.12388210,0.20474838,0.05238246,-28.02363938,2.14179383,0.15594780,-0.01522753,0.08204116,0.20833026,-28.03886691,2.22383499,0.19828029,-27.95733486,2.10672357,0.00132285,-0.00108772,0.00449996,0.00570441,0.00163842,-0.00278056
6.690,-1.54640353,0.29817513,3.16117167,-0.38769172,-0.12214945,0.20181213,0.03012139,0.00949030,-0.01567963,-1.54777279,0.29924929,3.15669394,-0.39339188,-0.12379973,0.20458971,0.05323527,-28.03126002,2.14685425,0.15841121,-0.01408601,0.08195898,0.21164648,-28.04534604,2.22881323,0.20164670,-27.96399601,2.11180330,0.00136926,-0.00107416,0.00447773,0.00570016,0.00165028,-0.00277758
6.700,-1.55027894,0.29695412,3.16318900,-0.38738838,-0.12205387,0.20165423,0.03054597,0.00962407,-0.01590064,-1.55169436,0.29801467,3.15873338,-0.39308337,-0.12371530,0.20442833,0.05408683,-28.03883310,2.15190830,0.16085756,-0.01294627,0.08187703,0.21494438,-28.05177937,2.23378533,0.20499695,-27.97061219,2.11687837,0.00141542,-0.00106055,0.00445562,0.00569499,0.00166143,-0.00277410
6.710,-1.55415128,0.29573406,3.16520475,-0.38708080,-0.12195697,0.20149412,0.03097004,0.00975768,-0.01612139,-1.55561265,0.29678098,3.16077111,-0.39276972,-0.12362881,0.20426427,0.05493712,-28.04635892,2.15695584,0.16328718,-0.01181146,0.08179532,0.21822431,-28.05817038,2.23875116,0.20833026,-27.97718224,2.12194893,0.00146137,-0.00104692,0.00443364,0.00568892,0.00167184,-0.00277015
6.720,-1.55802054,0.29451498,3.16721888,-0.38676898,-0.12185872,0.20133180,0.03139359,0.00989113,-0.01634187,-1.55952760,0.29554823,3.16280708,-0.39245095,-0.12354027,0.20409759,0.05578614,-28.05383729,2.16199681,0.16569812,-0.01068091,0.08171349,0.22148426,-28.06451820,2.24371030,0.21164648,-27.98370872,2.12701446,0.00150706,-0.00103325,0.00441180,0.00568197,0.00168155,-0.00276579
6.730,-1.56188665,0.29329689,3.16923138,-0.38645293,-0.12175914,0.20116728,0.03181660,0.01002441,-0.01656207,-1.56343915,0.29431646,3.16484129,-0.39212709,-0.12344967,0.20392831,0.05663383,-28.06126820,2.16703123,0.16809140,-0.00955549,0.08163175,0.22472523,-28.07082370,2.24866297,0.21494438,-27.99019043,2.13207509,0.00155250,-0.00101957,0.00439009,0.00567416,0.00169053,-0.00276103
6.740,-1.56574958,0.29207980,3.17124222,-0.38613265,-0.12165823,0.20100056,0.03223908,0.01015752,-0.01678199,-1.56734727,0.29308566,3.16687370,-0.39179817,-0.12335703,0.20375648,0.05748020,-28.06865175,2.17205896,0.17046566,-0.00843656,0.08154978,0.22794586,-28.07708831,2.25360874,0.21822431,-27.99663082,2.13713066,0.00159769,-0.00100586,0.00436852,0.00566552,0.00169880,-0.00275592
6.750,-1.56960929,0.29086373,3.17325138,-0.38580815,-0.12155599,0.20083164,0.03266101,0.01029045,-0.01700162,-1.57125189,0.29185588,3.16890429,-0.39146422,-0.12326235,0.20358213,0.05832520,-28.07598782,2.17708001,0.17282053,-0.00732412,0.08146757,0.23114573,-28.08331194,2.25854759,0.22148426,-28.00302904,2.14218076,0.00164260,-0.00099215,0.00434709,0.00565607,0.00170636,-0.00275049
6.760,-1.57346573,0.28964869,3.17525884,-0.38547943,-0.12145242,0.20066053,0.03308239,0.01042322,-0.01722097,-1.57515298,0.29062713,3.17093304,-0.39112525,-0.12316565,0.20340531,0.05916883,-28.08327642,2.18209433,0.17515598,-0.00621910,0.08138510,0.23432481,-28.08949552,2.26347942,0.22472523,-28.00938593,2.14722556,0.00168725,-0.00097844,0.00432580,0.00564582,0.00171323,-0.00274478
6.770,-1.57731886,0.28843469,3.17726458,-0.38514651,-0.12134753,0.20048722,0.03350320,0.01055580,-0.01744002,-1.57905047,0.28939942,3.17295992,-0.39078131,-0.12306692,0.20322605,0.06001103,-28.09051762,2.18710185,0.17747125,-0.00512266,0.08130222,0.23748228,-28.09564028,2.26840406,0.22794586,-28.01570294,2.15226460,0.00173161,-0.00096473,0.00430466,0.00563480,0.00171939,-0.00273883
6.780,-1.58116865,0.28722174,3.17926858,-0.38480937,-0.12124131,0.20031173,0.03392345,0.01068821,-0.01765878,-1.58294433,0.28817278,3.17498491,-0.39043241,-0.12296619,0.20304439,0.06085183,-28.09771146,2.19210251,0.17976551,-0.00403568,0.08121886,0.24061734,-28.10174714,2.27332137,0.23114573,-28.02197994,2.15729788,0.00177568,-0.00095104,0.00428367,0.00562304,0.00172488,-0.00273266
6.790,-1.58501504,0.28600986,3.18127081,-0.38446804,-0.12113377,0.20013405,0.03434313,0.01082044,-0.01787724,-1.58683450,0.28694723,3.17700800,-0.39007860,-0.12286346,0.20286037,0.06169118,-28.10485786,2.19709626,0.18203913,-0.00295821,0.08113484,0.24373031,-28.10781607,2.27823110,0.23432481,-28.02821788,2.16232527,0.00181946,-0.00093737,0.00426281,0.00561056,0.00172969,-0.00272632
6.800,-1.58885799,0.28479907,3.18327125,-0.38412251,-0.12102490,0.19995418,0.03476222,0.01095248,-0.01809540,-1.59072094,0.28572278,3.17902915,-0.38971990,-0.12275875,0.20267403,0.06252905,-28.11195674,2.20208310,0.18429202,-0.00188999,0.08105017,0.24682107,-28.11384673,2.28313326,0.23748228,-28.03441797,2.16734656,0.00186295,-0.00092371,0.00424210,0.00559739,0.00173385,-0.00271985
6.810,-1.59269747,0.28358937,3.18526989,-0.38377280,-0.12091472,0.19977214,0.03518072,0.01108434,-0.01831325,-1.59460359,0.28449946,3.18104834,-0.38935634,-0.12265208,0.20248541,0.06336542,-28.11900823,2.20706297,0.18652296,-0.00083306,0.08096482,0.24988839,-28.11984129,2.28802779,0.24061734,-28.04058111,2.17236159,0.00190612,-0.00091009,0.00422155,0.00558354,0.00173736,-0.00271327
6.820,-1.59653344,0.28238078,3.18726669,-0.38341890,-0.12080322,0.19958792,0.03559863,0.01121601,-0.01853079,-1.59848242,0.28327728,3.18306556,-0.38898796,-0.12254345,0.20229455,0.06420029,-28.12601234,2.21203575,0.18873148,0.00021253,0.08087838,0.25293177,-28.12579981,2.29291413,0.24373031,-28.04670729,2.17737012,0.00194898,-0.00089650,0.00420113,0.00556906,0.00174023,-0.00270663
6.830,-1.60036584,0.28117331,3.18926164,-0.38306083,-0.12069040,0.19940153,0.03601593,0.01134748,-0.01874802,-1.60235737,0.28205627,3.18508078,-0.38861478,-0.12243289,0.20210148,0.06503361,-28.13296908,2.21700145,0.19091831,0.00124634,0.08079102,0.25595192,-28.13172275,2.29779246,0.24682107,-28.05279613,2.18237213,0.00199153,-0.00088296,0.00418086,0.00555395,0.00174249,-0.00269995
6.840,-1.60419464,0.27996698,3.19125471,-0.38269858,-0.12057627,0.19921296,0.03643261,0.01147877,-0.01896492,-1.60622840,0.28083644,3.18709399,-0.38823686,-0.12232041,0.20190624,0.06586535,-28.13987838,2.22196000,0.19308266,0.00226825,0.08070246,0.25894801,-28.13761014,2.30266246,0.24988839,-28.05884981,2.18736752,0.00203376,-0.00086946,0.00416072,0.00553828,0.00174414,-0.00269328
6.850,-1.60801980,0.27876179,3.19324589,-0.38233218,-0.12046082,0.19902223,0.03684868,0.01160986,-0.01918151,-1.61009547,0.27961781,3.18910516,-0.38785420,-0.12220603,0.20170887,0.06669553,-28.14674041,2.22691135,0.19522396,0.00327675,0.08061275,0.26191948,-28.14346366,2.30752411,0.25293177,-28.06486836,2.19235575,0.00207567,-0.00085602,0.00414073,0.00552202,0.00174521,-0.00268664
6.860,-1.61184127,0.27755776,3.19523515,-0.38196161,-0.12034407,0.19882933,0.03726412,0.01174075,-0.01939776,-1.61395852,0.27840040,3.19111427,-0.38746687,-0.12208978,0.20150941,0.06752409,-28.15355513,2.23185545,0.19734255,0.00427191,0.08052168,0.26486664,-28.14928322,2.31237713,0.25595192,-28.07085224,2.19733696,0.00211725,-0.00084264,0.00412088,0.00550526,0.00174571,-0.00268008
6.870,-1.61565901,0.27635491,3.19722247,-0.38158690,-0.12022601,0.19863427,0.03767893,0.01187144,-0.01961369,-1.61781750,0.27718423,3.19312130,-0.38707487,-0.12197166,0.20130788,0.06835103,-28.16032243,2.23679229,0.19943828,0.00525419,0.08042923,0.26778931,-28.15506824,2.31722152,0.25894801,-28.07680148,2.20231081,0.00215849,-0.00082932,0.00410117,0.00548797,0.00174565,-0.00267361
6.880,-1.61947299,0.27515325,3.19920783,-0.38120804,-0.12010664,0.19843706,0.03809310,0.01200194,-0.01982928,-1.62167239,0.27596931,3.19512624,-0.38667827,-0.12185171,0.20110432,0.06917632,-28.16704236,2.24172183,0.20151046,0.00622289,0.08033529,0.27068679,-28.16081947,2.32205712,0.26191948,-28.08271773,2.20727728,0.00219940,-0.00081606,0.00408159,0.00547023,0.00174507,-0.00266726
6.890,-1.62328316,0.27395278,3.20119120,-0.38082504,-0.11998597,0.19823769,0.03850662,0.01213222,-0.02004454,-1.62552312,0.27475566,3.19712906,-0.38627708,-0.12172994,0.20089877,0.06999994,-28.17371524,2.24664387,0.20355875,0.00717617,0.08023949,0.27355869,-28.16653907,2.32688335,0.26486664,-28.08860090,2.21223607,0.00223996,-0.00080288,0.00406214,0.00545204,0.00174397,-0.00266108
6.900,-1.62708948,0.27275353,3.20317258,-0.38043791,-0.11986400,0.19803617,0.03891948,0.01226230,-0.02025945,-1.62936967,0.27354331,3.19912974,-0.38587135,-0.12160638,0.20069126,0.07082185,-28.18034066,2.25155861,0.20558391,0.00811589,0.08014228,0.27640576,-28.17222478,2.33170089,0.26778931,-28.09445039,2.21718716,0.00228019,-0.00078978,0.00404284,0.00543344,0.00174238,-0.00265509
6.910,-1.63089191,0.27155551,3.20515192,-0.38004665,-0.11974072,0.19783250,0.03933168,0.01239217,-0.02047402,-1.63321197,0.27233226,3.20112828,-0.38546111,-0.12148104,0.20048181,0.07164206,-28.18691889,2.25646580,0.20758515,0.00904113,0.08004299,0.27922720,-28.17787777,2.33650880,0.27068679,-28.10026695,2.22213039,0.00232006,-0.00077675,0.00402364,0.00541446,0.00174032,-0.00264931
6.920,-1.63469040,0.27035872,3.20712922,-0.37965127,-0.11961615,0.19762669,0.03974320,0.01252183,-0.02068824,-1.63704999,0.27112253,3.20312464,-0.38504640,-0.12135396,0.20027046,0.07246051,-28.19345003,2.26136546,0.20956287,0.00995058,0.07994187,0.28202338,-28.18349945,2.34130733,0.27355869,-28.10605271,2.22706515,0.00235959,-0.00076381,0.00400458,0.00539513,0.00173781,-0.00264377
6.930,-1.63848492,0.26916319,3.20910445,-0.37925179,-0.11949029,0.19741874,0.04015405,0.01265128,-0.02090211,-1.64088369,0.26991414,3.20511882,-0.38462726,-0.12122515,0.20005723,0.07327721,-28.19993388,2.26625759,0.21151667,0.01084559,0.07983872,0.28479388,-28.18908829,2.34609631,0.27640576,-28.11180541,2.23199211,0.00239877,-0.00075095,0.00398563,0.00537547,0.00173486,-0.00263849
6.940,-1.64227542,0.26796892,3.21107759,-0.37884820,-0.11936313,0.19720865,0.04056422,0.01278051,-0.02111562,-1.64471302,0.26870711,3.20711079,-0.38420372,-0.12109465,0.19984216,0.07409214,-28.20637068,2.27114206,0.21344679,0.01172492,0.07973343,0.28753893,-28.19464576,2.35087549,0.27922720,-28.11752620,2.23691033,0.00243760,-0.00073819,0.00396680,0.00535552,0.00173152,-0.00263351
6.950,-1.64606187,0.26677593,3.21304861,-0.37844050,-0.11923468,0.19699643,0.04097369,0.01290952,-0.02132877,-1.64853794,0.26750145,3.20910053,-0.38377583,-0.12096247,0.19962526,0.07490526,-28.21276042,2.27601883,0.21535272,0.01258889,0.07962575,0.29025797,-28.20017153,2.35564458,0.28202338,-28.12321649,2.24182004,0.00247607,-0.00072552,0.00394808,0.00533533,0.00172779,-0.00262883
6.960,-1.64984422,0.26558423,3.21501751,-0.37802872,-0.11910494,0.19678208,0.04138245,0.01303831,-0.02154155,-1.65235841,0.26629718,3.21108804,-0.38334363,-0.12082864,0.19940657,0.07571653,-28.21910304,2.28088795,0.21723516,0.01343752,0.07951602,0.29295169,-28.20566552,2.36040398,0.28479388,-28.12887472,2.24672106,0.00251419,-0.00071295,0.00392947,0.00531491,0.00172370,-0.00262449
6.970,-1.65362243,0.26439384,3.21698425,-0.37761286,-0.11897391,0.19656560,0.04179052,0.01316687,-0.02175397,-1.65617439,0.26509431,3.21307329,-0.38290714,-0.12069318,0.19918610,0.07652599,-28.22539858,2.28574932,0.21909398,0.01427123,0.07940382,0.29561997,-28.21112736,2.36515315,0.28753893,-28.13450236,2.25161314,0.00255196,-0.00070047,0.00391096,0.00529428,0.00171927,-0.00262050
6.980,-1.65739646,0.26320476,3.21894881,-0.37719292,-0.11884160,0.19634700,0.04219786,0.01329522,-0.02196601,-1.65998583,0.26389286,3.21505626,-0.38246641,-0.12055612,0.19896388,0.07733355,-28.23164727,2.29060282,0.22092892,0.01508862,0.07928902,0.29826247,-28.21655865,2.36989183,0.29025797,-28.14009905,2.25649598,0.00258937,-0.00068810,0.00389255,0.00527349,0.00171452,-0.00261688
6.990,-1.66116627,0.26201701,3.22091118,-0.37676890,-0.11870801,0.19612628,0.04260449,0.01342333,-0.02217768,-1.66379270,0.26269285,3.21703694,-0.38202148,-0.12041749,0.19873992,0.07813925,-28.23784899,2.29544850,0.22274053,0.01589064,0.07917178,0.30087978,-28.22195835,2.37462028,0.29295169,-28.14566472,2.26136995,0.00262643,-0.00067584,0.00387424,0.00525258,0.00170948,-0.00261364
7.000,-1.66493182,0.26083060,3.22287133,-0.37634083,-0.11857314,0.19590344,0.04301038,0.01355122,-0.02238897,-1.66759495,0.26149428,3.21901531,-0.38157238,-0.12027731,0.19851425,0.07894302,-28.24400386,2.30028626,0.22452848,0.01667690,0.07905184,0.30347149,-28.22732697,2.37933810,0.29561997,-28.15119897,2.26623453,0.00266313,-0.00066368,0.00385602,0.00523155,0.00170417,-0.00261081
7.010,-1.66869308,0.25964555,3.22482924,-0.37590870,-0.11843699,0.19567850,0.04341554,0.01367887,-0.02259987,-1.67139255,0.26029717,3.22099136,-0.38111916,-0.12013561,0.19828688,0.07974487,-28.25011183,2.30511610,0.22629275,0.01744820,0.07892919,0.30603762,-28.23266363,2.38404529,0.29826247,-28.15670340,2.27108945,0.00269947,-0.00065162,0.00383788,0.00521046,0.00169862,-0.00260838
7.020,-1.67244999,0.25846187,3.22678489,-0.37547252,-0.11829956,0.19545145,0.04381995,0.01380629,-0.02281038,-1.67518544,0.25910155,3.22296506,-0.38066186,-0.11999241,0.19805783,0.08054476,-28.25617297,2.30993796,0.22803445,0.01820456,0.07880381,0.30857921,-28.23796841,2.38874178,0.30087978,-28.16217694,2.27593494,0.00273545,-0.00063968,0.00381983,0.00518934,0.00169285,-0.00260638
7.030,-1.67620251,0.25727956,3.22873826,-0.37503230,-0.11816086,0.19522229,0.04422361,0.01393347,-0.02302051,-1.67897361,0.25790741,3.22493641,-0.38020050,-0.11984774,0.19782711,0.08134268,-28.26218753,2.31475173,0.22975337,0.01894473,0.07867555,0.31109605,-28.24324281,2.39342728,0.30347149,-28.16762010,2.28077062,0.00277110,-0.00062785,0.00380185,0.00516820,0.00168688,-0.00260482
7.040,-1.67995062,0.25609865,3.23068933,-0.37458805,-0.11802089,0.19499104,0.04462651,0.01406041,-0.02323024,-1.68275700,0.25671478,3.22690539,-0.37973513,-0.11970162,0.19759473,0.08213860,-28.26815529,2.31955748,0.23144920,0.01967052,0.07854445,0.31358780,-28.24848477,2.39810194,0.30603762,-28.17303199,2.28559649,0.00280638,-0.00061613,0.00378394,0.00514708,0.00168073,-0.00260369
7.050,-1.68369426,0.25491915,3.23263808,-0.37413977,-0.11787965,0.19475769,0.04502864,0.01418711,-0.02343957,-1.68653558,0.25552366,3.22887198,-0.37926579,-0.11955409,0.19736072,0.08293250,-28.27407633,2.32435515,0.23312320,0.02038204,0.07841051,0.31605570,-28.25369430,2.40276567,0.30857921,-28.17841268,2.29041245,0.00284132,-0.00060451,0.00376610,0.00512602,0.00167444,-0.00260303
7.060,-1.68743340,0.25374106,3.23458448,-0.37368748,-0.11773715,0.19452225,0.04543000,0.01431356,-0.02364849,-1.69030930,0.25433408,3.23083616,-0.37879252,-0.11940515,0.19712506,0.08372438,-28.27995097,2.32914457,0.23477445,0.02107791,0.07827337,0.31849883,-28.25887306,2.40741794,0.31109605,-28.18376363,2.29521823,0.00287590,-0.00059302,0.00374832,0.00510504,0.00166800,-0.00260281
7.070,-1.69116800,0.25256441,3.23652852,-0.37323118,-0.11759338,0.19428472,0.04583058,0.01443977,-0.02385701,-1.69407814,0.25314604,3.23279792,-0.37831535,-0.11925485,0.19688778,0.08451420,-28.28577892,2.33392586,0.23640403,0.02176043,0.07813333,0.32091823,-28.26401849,2.41205918,0.31358780,-28.18908280,2.30001397,0.00291014,-0.00058163,0.00373060,0.00508417,0.00166147,-0.00260306
7.080,-1.69489801,0.25138920,3.23847017,-0.37277087,-0.11744836,0.19404511,0.04623037,0.01456573,-0.02406512,-1.69784206,0.25195956,3.23475724,-0.37783432,-0.11910320,0.19664888,0.08530194,-28.29156050,2.33869884,0.23801225,0.02242837,0.07799010,0.32331419,-28.26913213,2.41668894,0.31605570,-28.19437017,2.30479957,0.00294405,-0.00057036,0.00371293,0.00506345,0.00165484,-0.00260377
7.090,-1.69862340,0.25021545,3.24040941,-0.37230657,-0.11730207,0.19380342,0.04662936,0.01469144,-0.02427282,-1.70160100,0.25077464,3.23671411,-0.37734947,-0.11895023,0.19640837,0.08608759,-28.29729565,2.34346352,0.23959911,0.02308291,0.07784370,0.32568670,-28.27421274,2.42130722,0.31849883,-28.19962740,2.30957452,0.00297760,-0.00055919,0.00369530,0.00504290,0.00164816,-0.00260495
7.100,-1.70234413,0.24904316,3.24234623,-0.37183829,-0.11715453,0.19355966,0.04702755,0.01481690,-0.02448009,-1.70535495,0.24959131,3.23866851,-0.37686083,-0.11879597,0.19616625,0.08687112,-28.30298455,2.34821986,0.24116479,0.02372305,0.07769421,0.32803591,-28.27926150,2.42591407,0.32091823,-28.20485190,2.31433924,0.00301082,-0.00054815,0.00367772,0.00502254,0.00164144,-0.00260659
7.110,-1.70606015,0.24787236,3.24428060,-0.37136602,-0.11700573,0.19331382,0.04742493,0.01494210,-0.02468695,-1.70910387,0.24840957,3.24062042,-0.37636845,-0.11864043,0.19592252,0.08765252,-28.30862708,2.35296784,0.24271063,0.02435099,0.07754157,0.33036315,-28.28427610,2.43050941,0.32331419,-28.21004522,2.31909328,0.00304372,-0.00053721,0.00366018,0.00500243,0.00163470,-0.00260870
7.120,-1.70977144,0.24670305,3.24621250,-0.37088979,-0.11685569,0.19306592,0.04782149,0.01506704,-0.02489338,-1.71284771,0.24722944,3.24256983,-0.37587235,-0.11848364,0.19567718,0.08843175,-28.31422348,2.35770737,0.24423547,0.02496546,0.07738563,0.33266722,-28.28925802,2.43509300,0.32568670,-28.21520610,2.32383664,0.00307627,-0.00052639,0.00364267,0.00498256,0.00162795,-0.00261126
7.130,-1.71347794,0.24553525,3.24814191,-0.37040960,-0.11670439,0.19281595,0.04821722,0.01519173,-0.02509938,-1.71658644,0.24605092,3.24451673,-0.37537257,-0.11832563,0.19543024,0.08920881,-28.31977368,2.36243845,0.24574111,0.02556799,0.07722650,0.33494992,-28.29420569,2.43966494,0.32803591,-28.22033571,2.32856936,0.00310850,-0.00051567,0.00362518,0.00496297,0.00162124,-0.00261429
7.140,-1.71717961,0.24436897,3.25006881,-0.36992545,-0.11655185,0.19256393,0.04861212,0.01531615,-0.02530494,-1.72032003,0.24487404,3.24646109,-0.37486915,-0.11816641,0.19518169,0.08998367,-28.32527783,2.36716101,0.24722798,0.02615860,0.07706417,0.33721165,-28.29911923,2.44422519,0.33036315,-28.22543172,2.33329140,0.00314042,-0.00050507,0.00360772,0.00494370,0.00161456,-0.00261776
7.150,-1.72087643,0.24320422,3.25199318,-0.36943736,-0.11639807,0.19230986,0.04900618,0.01544030,-0.02551007,-1.72404844,0.24369879,3.24840290,-0.37436212,-0.11800601,0.19493153,0.09075632,-28.33073600,2.37187502,0.24869536,0.02673728,0.07689858,0.33945168,-28.30399872,2.44877360,0.33266722,-28.23049562,2.33800248,0.00317201,-0.00049457,0.00359028,0.00492476,0.00160794,-0.00262167
7.160,-1.72456835,0.24204101,3.25391500,-0.36894533,-0.11624305,0.19205373,0.04939939,0.01556419,-0.02571475,-1.72777164,0.24252519,3.25034214,-0.37385152,-0.11784444,0.19467975,0.09152673,-28.33614831,2.37658041,0.25014426,0.02730432,0.07672972,0.34167098,-28.30884399,2.45331013,0.33494992,-28.23552581,2.34270273,0.00320329,-0.00048418,0.00357286,0.00490619,0.00160139,-0.00262602
7.170,-1.72825533,0.24087936,3.25583425,-0.36844937,-0.11608679,0.19179556,0.04979175,0.01568781,-0.02591899,-1.73148958,0.24135325,3.25227880,-0.37333738,-0.11768174,0.19442636,0.09229489,-28.34151471,2.38127720,0.25157542,0.02786099,0.07655769,0.34387031,-28.31365373,2.45783489,0.33721165,-28.24052241,2.34739210,0.00323425,-0.00047389,0.00355545,0.00488801,0.00159495,-0.00263080
7.180,-1.73193732,0.23971928,3.25775090,-0.36794950,-0.11592929,0.19153535,0.05018324,0.01581116,-0.02612278,-1.73520225,0.24018299,3.25421286,-0.37281972,-0.11751791,0.19417133,0.09306076,-28.34683539,2.38596526,0.25298956,0.02840745,0.07638233,0.34605032,-28.31842794,2.46234759,0.33945168,-28.24548550,2.35207047,0.00326493,-0.00046371,0.00353804,0.00487022,0.00158862,-0.00263598
7.190,-1.73561430,0.23856078,3.25966495,-0.36744571,-0.11577057,0.19127311,0.05057387,0.01593423,-0.02632612,-1.73890960,0.23901441,3.25614431,-0.37229860,-0.11735299,0.19391468,0.09382436,-28.35211032,2.39064468,0.25438663,0.02894389,0.07620397,0.34821099,-28.32316643,2.46684865,0.34167098,-28.25041488,2.35673778,0.00329530,-0.00045363,0.00352064,0.00485289,0.00158242,-0.00264157
7.200,-1.73928622,0.23740387,3.26157636,-0.36693802,-0.11561061,0.19100883,0.05096361,0.01605703,-0.02652900,-1.74261161,0.23784752,3.25807313,-0.37177403,-0.11718698,0.19365638,0.09458563,-28.35733976,2.39531526,0.25576721,0.02947060,0.07602226,0.35035284,-28.32786916,2.47133752,0.34387031,-28.25530925,2.36139415,0.00332539,-0.00044365,0.00350323,0.00483601,0.00157637,-0.00264755
7.210,-1.74295305,0.23624857,3.26348512,-0.36642644,-0.11544943,0.19074253,0.05135248,0.01617955,-0.02673143,-1.74630823,0.23668233,3.25999929,-0.37124605,-0.11701991,0.19339643,0.09534458,-28.36252358,2.39997709,0.25713175,0.02998871,0.07583746,0.35247634,-28.33253488,2.47581454,0.34605032,-28.26016859,2.36603929,0.00335518,-0.00043376,0.00348583,0.00481961,0.00157048,-0.00265390
7.220,-1.74661474,0.23509489,3.26539120,-0.36591098,-0.11528702,0.19047421,0.05174045,0.01630178,-0.02693338,-1.74999943,0.23551886,3.26192279,-0.37071468,-0.11685179,0.19313483,0.09610118,-28.36766200,2.40463004,0.25848113,0.03049858,0.07564942,0.35458231,-28.33716342,2.48027947,0.34821099,-28.26499271,2.37067364,0.00338469,-0.00042397,0.00346841,0.00480370,0.00156477,-0.00266062
7.230,-1.75027126,0.23394284,3.26729460,-0.36539163,-0.11512339,0.19020386,0.05212752,0.01642374,-0.02713487,-1.75368519,0.23435710,3.26384361,-0.37017996,-0.11668265,0.19287155,0.09685540,-28.37275498,2.40927419,0.25981588,0.03100058,0.07545853,0.35667128,-28.34175440,2.48473272,0.35035284,-28.26978155,2.37529666,0.00341393,-0.00041426,0.00345099,0.00478833,0.00155926,-0.00266769
7.240,-1.75392256,0.23279243,3.26919527,-0.36486843,-0.11495855,0.18993151,0.05251368,0.01654541,-0.02733589,-1.75736547,0.23319708,3.26576173,-0.36964192,-0.11651249,0.19260658,0.09760723,-28.37780285,2.41390931,0.26113629,0.03149466,0.07526428,0.35874351,-28.34630819,2.48917358,0.35247634,-28.27453387,2.37990869,0.00344291,-0.00040465,0.00343354,0.00477349,0.00155394,-0.00267507
7.250,-1.75756861,0.23164367,3.27109322,-0.36434136,-0.11479248,0.18965715,0.05289893,0.01666679,-0.02753643,-1.76104024,0.23203881,3.26767713,-0.36910058,-0.11634134,0.19233993,0.09835666,-28.38280553,2.41853551,0.26244328,0.03198163,0.07506726,0.36079994,-28.35082391,2.49360277,0.35458231,-28.27924949,2.38450949,0.00347163,-0.00039514,0.00341609,0.00475922,0.00154886,-0.00268278
7.260,-1.76120937,0.23049658,3.27298841,-0.36381045,-0.11462521,0.18938078,0.05328325,0.01678787,-0.02773649,-1.76470946,0.23088228,3.26958979,-0.36855597,-0.11616920,0.19207156,0.09910364,-28.38776314,2.42315269,0.26373707,0.03246225,0.07486716,0.36284071,-28.35530090,2.49801985,0.35667128,-28.28392801,2.38909949,0.00350009,-0.00038570,0.00339862,0.00474552,0.00154399,-0.00269078
7.270,-1.76484481,0.22935117,3.27488083,-0.36327570,-0.11445673,0.18910242,0.05366665,0.01690867,-0.02793607,-1.76837310,0.22972751,3.27149970,-0.36800812,-0.11599609,0.19180147,0.09984820,-28.39267572,2.42776086,0.26501808,0.03293703,0.07466423,0.36486628,-28.35973868,2.50242509,0.35874351,-28.28856980,2.39367798,0.00352829,-0.00037634,0.00338113,0.00473242,0.00153936,-0.00269905
7.280,-1.76847488,0.22820745,3.27677045,-0.36273712,-0.11428704,0.18882206,0.05404911,0.01702917,-0.02813516,-1.77203114,0.22857451,3.27340684,-0.36745705,-0.11582203,0.19152965,0.10059029,-28.39754346,2.43235990,0.26628723,0.03340628,0.07445831,0.36687752,-28.36413719,2.50681822,0.36079994,-28.29317399,2.39824569,0.00355626,-0.00036706,0.00336361,0.00471993,0.00153499,-0.00270759
7.290,-1.77209954,0.22706543,3.27865726,-0.36219472,-0.11411615,0.18853972,0.05443063,0.01714938,-0.02833375,-1.77568354,0.22742329,3.27531120,-0.36690279,-0.11564703,0.19125607,0.10132991,-28.40236643,2.43694983,0.26754536,0.03387036,0.07424970,0.36887526,-28.36849608,2.51119953,0.36284071,-28.29773989,2.40280218,0.00358400,-0.00035786,0.00334606,0.00470807,0.00153088,-0.00271635
7.300,-1.77571876,0.22592513,3.28054124,-0.36164851,-0.11394405,0.18825539,0.05481120,0.01726928,-0.02853186,-1.77933027,0.22627386,3.27721275,-0.36634536,-0.11547109,0.19098073,0.10206702,-28.40714463,2.44153065,0.26879285,0.03433063,0.07403845,0.37085987,-28.37281400,2.51556910,0.36486628,-28.30226704,2.40734773,0.00361151,-0.00034873,0.00332849,0.00469685,0.00152704,-0.00272534
7.310,-1.77933250,0.22478656,3.28242236,-0.36109850,-0.11377076,0.18796908,0.05519081,0.01738888,-0.02872946,-1.78297130,0.22512622,3.27911147,-0.36578479,-0.11529424,0.19070361,0.10280162,-28.41187823,2.44610225,0.27003010,0.03478713,0.07382443,0.37283172,-28.37709110,2.51992667,0.36687752,-28.30675535,2.41188209,0.00363880,-0.00033966,0.00331089,0.00468629,0.00152348,-0.00273453
7.320,-1.78294071,0.22364972,3.28430062,-0.36054470,-0.11359628,0.18768080,0.05556945,0.01750818,-0.02892656,-1.78660660,0.22398039,3.28100735,-0.36522110,-0.11511647,0.19042469,0.10353368,-28.41656739,2.45066463,0.27125846,0.03523954,0.07360807,0.37479214,-28.38132785,2.52427270,0.36887526,-28.31120448,2.41640556,0.00366589,-0.00033067,0.00329327,0.00467640,0.00152019,-0.00274389
7.330,-1.78654338,0.22251463,3.28617597,-0.35998712,-0.11342060,0.18739055,0.05594712,0.01762717,-0.02912316,-1.79023614,0.22283637,3.28290037,-0.36465430,-0.11493781,0.19014397,0.10426319,-28.42121229,2.45521763,0.27247667,0.03568872,0.07338883,0.37673986,-28.38552356,2.52860645,0.37085987,-28.31561309,2.42091821,0.00369276,-0.00032174,0.00327560,0.00466718,0.00151721,-0.00275342
7.340,-1.79014044,0.22138131,3.28804842,-0.35942576,-0.11324373,0.18709834,0.05632381,0.01774586,-0.02931924,-1.79385989,0.22169418,3.28479050,-0.36408443,-0.11475826,0.18986141,0.10499013,-28.42581271,2.45976143,0.27368794,0.03613651,0.07316751,0.37867807,-28.38967621,2.53292894,0.37283172,-28.31998130,2.42541980,0.00371945,-0.00031287,0.00325792,0.00465867,0.00151453,-0.00276307
7.350,-1.79373188,0.22024976,3.28991793,-0.35886064,-0.11306568,0.18680417,0.05669951,0.01786423,-0.02951481,-1.79747782,0.22055381,3.28667774,-0.36351149,-0.11457782,0.18957701,0.10571448,-28.43036910,2.46429581,0.27489056,0.03658169,0.07294362,0.38060504,-28.39378741,2.53723943,0.37479214,-28.32430959,2.42991080,0.00374594,-0.00030405,0.00324019,0.00465085,0.00151214,-0.00277284
7.360,-1.79731764,0.21912000,3.29178450,-0.35829177,-0.11288645,0.18650805,0.05707421,0.01798229,-0.02970987,-1.80108989,0.21941529,3.28856206,-0.36293552,-0.11439651,0.18929075,0.10643622,-28.43488129,2.46882089,0.27608696,0.03702598,0.07271778,0.38252318,-28.39785531,2.54153866,0.37673986,-28.32859727,2.43439046,0.00377225,-0.00029529,0.00322244,0.00464375,0.00151006,-0.00278270
7.370,-1.80089770,0.21799204,3.29364809,-0.35771916,-0.11270604,0.18620998,0.05744792,0.01810003,-0.02990440,-1.80469609,0.21827861,3.29044344,-0.36235652,-0.11421433,0.18900262,0.10715535,-28.43934956,2.47333650,0.27727636,0.03746934,0.07248958,0.38443171,-28.40188022,2.54582608,0.37867807,-28.33284231,2.43885982,0.00379839,-0.00028657,0.00320465,0.00463736,0.00150829,-0.00279264
7.380,-1.80447202,0.21686588,3.29550869,-0.35714282,-0.11252445,0.18590996,0.05782061,0.01821745,-0.03009840,-1.80829637,0.21714379,3.29232187,-0.36177451,-0.11403129,0.18871260,0.10787183,-28.44377413,2.47784259,0.27845937,0.03791124,0.07225924,0.38633119,-28.40586289,2.55010183,0.38060504,-28.33704632,2.44331816,0.00382435,-0.00027791,0.00318682,0.00463169,0.00150684,-0.00280264
7.390,-1.80804055,0.21574155,3.29736628,-0.35656275,-0.11234169,0.18560801,0.05819228,0.01833456,-0.03029187,-1.81189072,0.21601083,3.29419732,-0.36118951,-0.11384740,0.18842068,0.10858565,-28.44815486,2.48233923,0.27963780,0.03835399,0.07202701,0.38822345,-28.40980087,2.55436624,0.38252318,-28.34120746,2.44776622,0.00385017,-0.00026928,0.00316896,0.00462676,0.00150571,-0.00281267
7.400,-1.81160326,0.21461905,3.29922084,-0.35597898,-0.11215776,0.18530413,0.05856293,0.01845134,-0.03048481,-1.81547910,0.21487974,3.29606977,-0.36060154,-0.11366264,0.18812683,0.10929680,-28.45249202,2.48682631,0.28081142,0.03879681,0.07179287,0.39010822,-28.41369521,2.55861918,0.38443171,-28.34532602,2.45220343,0.00387584,-0.00026069,0.00315107,0.00462256,0.00150488,-0.00282270
7.410,-1.81516011,0.21349840,3.30107236,-0.35539150,-0.11197266,0.18499831,0.05893255,0.01856779,-0.03067722,-1.81906147,0.21375054,3.29793921,-0.36001061,-0.11347705,0.18783105,0.11000526,-28.45678558,2.49130390,0.28198148,0.03924113,0.07155713,0.39198674,-28.41754445,2.56286103,0.38633119,-28.34940277,2.45662997,0.00390136,-0.00025214,0.00313315,0.00461911,0.00150439,-0.00283274
7.420,-1.81871108,0.21237961,3.30292080,-0.35480033,-0.11178641,0.18469058,0.05930113,0.01868392,-0.03086908,-1.82263782,0.21262323,3.29980561,-0.35941673,-0.11329060,0.18753332,0.11071102,-28.46103578,2.49577182,0.28314714,0.03968672,0.07131946,0.39385816,-28.42134906,2.56709128,0.38822345,-28.35343523,2.46104617,0.00392674,-0.00024362,0.00311519,0.00461640,0.00150419,-0.00284274
7.430,-1.82225611,0.21126268,3.30476616,-0.35420548,-0.11159899,0.18438093,0.05966866,0.01879972,-0.03106040,-1.82620812,0.21149781,3.30166895,-0.35881991,-0.11310332,0.18723363,0.11141405,-28.46524280,2.50023009,0.28431032,0.04013345,0.07108032,0.39572437,-28.42510935,2.57131042,0.39010822,-28.35742448,2.46545190,0.00395201,-0.00023513,0.00309721,0.00461443,0.00150433,-0.00285270
7.440,-1.82579517,0.21014763,3.30660842,-0.35360696,-0.11141041,0.18406938,0.06003514,0.01891518,-0.03125117,-1.82977233,0.21037431,3.30352922,-0.35822018,-0.11291519,0.18693196,0.11211434,-28.46940665,2.50467872,0.28547145,0.04058242,0.07083985,0.39758579,-28.42882423,2.57551858,0.39198674,-28.36136904,2.46984755,0.00397716,-0.00022668,0.00307920,0.00461322,0.00150478,-0.00286258
7.450,-1.82932824,0.20903447,3.30844754,-0.35300478,-0.11122068,0.18375591,0.06040055,0.01903031,-0.03144138,-1.83333042,0.20925271,3.30538640,-0.35761753,-0.11272623,0.18662830,0.11281186,-28.47352760,2.50911753,0.28662965,0.04103346,0.07059763,0.39944152,-28.43249414,2.57971516,0.39385816,-28.36526939,2.47423262,0.00400218,-0.00021824,0.00306114,0.00461275,0.00150555,-0.00287239
7.460,-1.83285526,0.20792322,3.31028353,-0.35239895,-0.11102981,0.18344055,0.06076490,0.01914510,-0.03163104,-1.83688238,0.20813304,3.30724045,-0.35701197,-0.11253642,0.18632264,0.11350663,-28.47760547,2.51354673,0.28778757,0.04148819,0.07035448,0.40129420,-28.43611728,2.58390121,0.39572437,-28.36912584,2.47860759,0.00402712,-0.00020982,0.00304308,0.00461302,0.00150661,-0.00288209
7.470,-1.83637620,0.20681388,3.31211635,-0.35178949,-0.11083778,0.18312329,0.06112817,0.01925956,-0.03182014,-1.84042816,0.20701530,3.30909137,-0.35640353,-0.11234578,0.18601497,0.11419860,-28.48164068,2.51796607,0.28894464,0.04194581,0.07011000,0.40314324,-28.43969487,2.58807606,0.39758579,-28.37293730,2.48297260,0.00405196,-0.00020142,0.00302498,0.00461404,0.00150800,-0.00289168
7.480,-1.83989103,0.20570647,3.31394599,-0.35117639,-0.11064462,0.18280415,0.06149035,0.01937367,-0.03200868,-1.84396774,0.20589951,3.31093913,-0.35579220,-0.11215430,0.18570527,0.11488775,-28.48563320,2.52237562,0.29010155,0.04240731,0.06986450,0.40498930,-28.44322589,2.59224012,0.39944152,-28.37670420,2.48732707,0.00407671,-0.00019304,0.00300686,0.00461581,0.00150968,-0.00290112
7.490,-1.84339972,0.20460099,3.31577243,-0.35055968,-0.11045031,0.18248312,0.06185145,0.01948744,-0.03219664,-1.84750110,0.20478566,3.31278372,-0.35517799,-0.11196199,0.18539354,0.11557410,-28.48958329,2.52677528,0.29125808,0.04287205,0.06961796,0.40683218,-28.44671124,2.59639324,0.40129420,-28.38042477,2.49167204,0.00410138,-0.00018467,0.00298871,0.00461831,0.00151168,-0.00291042
7.500,-1.84690222,0.20349747,3.31759564,-0.34993937,-0.11025487,0.18216022,0.06221144,0.01960087,-0.03238404,-1.85102819,0.20367376,3.31462510,-0.35456091,-0.11176883,0.18507976,0.11625760,-28.49349092,2.53116505,0.29241567,0.04334202,0.06937043,0.40867327,-28.45014890,2.60053548,0.40314324,-28.38410020,2.49600684,0.00412597,-0.00017629,0.00297054,0.00462154,0.00151396,-0.00291954
7.510,-1.85039849,0.20239590,3.31941562,-0.34931546,-0.11005829,0.18183544,0.06257033,0.01971394,-0.03257086,-1.85454900,0.20256383,3.31646327,-0.35394097,-0.11157483,0.18476393,0.11693825,-28.49735640,2.53554490,0.29357497,0.04381577,0.06912225,0.41051322,-28.45354063,2.60466714,0.40498930,-28.38772947,2.50033189,0.00415051,-0.00016793,0.00295235,0.00462551,0.00151654,-0.00292849
7.520,-1.85388851,0.20129630,3.32123235,-0.34868796,-0.10986059,0.18150880,0.06292811,0.01982666,-0.03275710,-1.85806350,0.20145588,3.31829819,-0.35331816,-0.11137999,0.18444604,0.11761603,-28.50117974,2.53991482,0.29473580,0.04429415,0.06887351,0.41235184,-28.45688558,2.60878832,0.40683218,-28.39131352,2.50464705,0.00417499,-0.00015958,0.00293416,0.00463020,0.00151940,-0.00293724
7.530,-1.85737224,0.20019869,3.32304579,-0.34805690,-0.10966176,0.18118030,0.06328476,0.01993904,-0.03294275,-1.86157166,0.20034991,3.32012985,-0.35269250,-0.11118430,0.18412609,0.11829093,-28.50496108,2.54427470,0.29589850,0.04477824,0.06862393,0.41418942,-28.46018284,2.61289863,0.40867327,-28.39485029,2.50895237,0.00419942,-0.00015122,0.00291594,0.00463560,0.00152254,-0.00294579
7.540,-1.86084964,0.19910307,3.32485595,-0.34742227,-0.10946181,0.18084995,0.06364029,0.02005105,-0.03312782,-1.86507344,0.19924593,3.32195823,-0.35206399,-0.11098775,0.18380405,0.11896293,-28.50870055,2.54862463,0.29706420,0.04526744,0.06837415,0.41602712,-28.46343312,2.61699878,0.41051322,-28.39834156,2.51324816,0.00422380,-0.00014286,0.00289772,0.00464172,0.00152594,-0.00295410
7.550,-1.86432067,0.19800946,3.32666279,-0.34678410,-0.10926074,0.18051775,0.06399468,0.02016271,-0.03331230,-1.86856883,0.19814394,3.32378331,-0.35143263,-0.11079036,0.18347994,0.11963201,-28.51239830,2.55296449,0.29823319,0.04576269,0.06812387,0.41786520,-28.46663561,2.62108836,0.41235184,-28.40178650,2.51753452,0.00424816,-0.00013448,0.00287948,0.00464853,0.00152962,-0.00296219
7.560,-1.86778531,0.19691786,3.32846630,-0.34614238,-0.10905856,0.18018371,0.06434793,0.02027401,-0.03349618,-1.87205778,0.19704397,3.32560506,-0.35079842,-0.11059211,0.18315375,0.12029816,-28.51605456,2.55729422,0.29940513,0.04626307,0.06787327,0.41970330,-28.46979149,2.62516749,0.41418942,-28.40518416,2.52181105,0.00427247,-0.00012611,0.00286124,0.00465604,0.00153355,-0.00297004
7.570,-1.87124351,0.19582829,3.33026645,-0.34549714,-0.10885526,0.17984783,0.06470003,0.02038494,-0.03367947,-1.87554029,0.19594601,3.32742347,-0.35016136,-0.11039299,0.18282547,0.12096137,-28.51966943,2.56161379,0.30058106,0.04676975,0.06762228,0.42154243,-28.47289968,2.62923607,0.41602712,-28.40853529,2.52607847,0.00429678,-0.00011772,0.00284298,0.00466422,0.00153773,-0.00297764
7.580,-1.87469524,0.19474076,3.33206325,-0.34484839,-0.10865086,0.17951012,0.06505097,0.02049551,-0.03386215,-1.87901630,0.19485008,3.32923851,-0.34952145,-0.11019301,0.18249509,0.12162162,-28.52324289,2.56592332,0.30176161,0.04728286,0.06737153,0.42338323,-28.47596003,2.63329485,0.41786520,-28.41183907,2.53033637,0.00432106,-0.00010932,0.00282474,0.00467306,0.00154215,-0.00298497
7.590,-1.87814047,0.19365528,3.33385665,-0.34419613,-0.10844535,0.17917059,0.06540075,0.02060572,-0.03404423,-1.88248581,0.19375619,3.33105016,-0.34887870,-0.10999216,0.18216263,0.12227890,-28.52677528,2.57022258,0.30294633,0.04780230,0.06712048,0.42522523,-28.47897297,2.63734306,0.41970330,-28.41509669,2.53458487,0.00434534,-0.00010091,0.00280649,0.00468257,0.00154681,-0.00299204
7.600,-1.88157915,0.19257186,3.33564665,-0.34354038,-0.10823875,0.17882924,0.06574935,0.02071555,-0.03422569,-1.88594877,0.19266433,3.33285840,-0.34823311,-0.10979043,0.18182807,0.12293318,-28.53026666,2.57451164,0.30413660,0.04832824,0.06686959,0.42706977,-28.48193842,2.64138123,0.42154243,-28.41830706,2.53882387,0.00436962,-0.00009247,0.00278825,0.00469273,0.00155168,-0.00299883
7.610,-1.88501126,0.19149051,3.33743323,-0.34288114,-0.10803105,0.17848607,0.06609678,0.02082501,-0.03440654,-1.88940516,0.19157453,3.33466322,-0.34758466,-0.10958782,0.18149142,0.12358446,-28.53371721,2.57879046,0.30533200,0.04886072,0.06661886,0.42891646,-28.48485649,2.64540932,0.42338323,-28.42147003,2.54305411,0.00439390,-0.00008402,0.00277001,0.00470352,0.00155677,-0.00300535
7.620,-1.88843676,0.19041124,3.33921637,-0.34221844,-0.10782225,0.17814111,0.06644302,0.02093410,-0.03458678,-1.89285496,0.19048680,3.33646458,-0.34693336,-0.10938433,0.18115268,0.12423273,-28.53712708,2.58305899,0.30653299,0.04939984,0.06636837,0.43076572,-28.48772724,2.64942736,0.42522523,-28.42458606,2.54727483,0.00441820,-0.00007556,0.00275179,0.00471492,0.00156208,-0.00301157
7.630,-1.89185562,0.18933406,3.34099605,-0.34155229,-0.10761236,0.17779434,0.06678806,0.02104281,-0.03476639,-1.89629813,0.18940113,3.33826247,-0.34627921,-0.10917993,0.18081184,0.12487796,-28.54049646,2.58731717,0.30773951,0.04994547,0.06611811,0.43261747,-28.49055098,2.65343528,0.42706977,-28.42765504,2.55148656,0.00444251,-0.00006707,0.00273358,0.00472692,0.00156757,-0.00301750
7.640,-1.89526780,0.18825899,3.34277225,-0.34088269,-0.10740139,0.17744578,0.06713190,0.02115115,-0.03494537,-1.89973464,0.18831754,3.34005688,-0.34562220,-0.10897464,0.18046893,0.12552014,-28.54382537,2.59156502,0.30895239,0.05049858,0.06586818,0.43447253,-28.49332679,2.65743320,0.42891646,-28.43067710,2.55568923,0.00446684,-0.00005855,0.00271537,0.00473951,0.00157325,-0.00302315
7.650,-1.89867326,0.18718604,3.34454496,-0.34020965,-0.10718934,0.17709544,0.06747453,0.02125910,-0.03512373,-1.90316447,0.18723604,3.34184777,-0.34496234,-0.10876844,0.18012392,0.12615926,-28.54711395,2.59580255,0.31017236,0.05105930,0.06561882,0.43633162,-28.49605465,2.66142137,0.43076572,-28.43365232,2.55988290,0.00449121,-0.00005000,0.00269719,0.00475269,0.00157910,-0.00302848
7.660,-1.90207198,0.18611521,3.34631415,-0.33953320,-0.10697621,0.17674331,0.06781595,0.02136667,-0.03530145,-1.90658758,0.18615664,3.34363512,-0.34429961,-0.10856133,0.17977685,0.12679532,-28.55036255,2.60002960,0.31139825,0.05162646,0.06536975,0.43819357,-28.49873610,2.66539935,0.43261747,-28.43658098,2.56406747,0.00451560,-0.00004143,0.00267903,0.00476641,0.00158512,-0.00303354
7.670,-1.90546391,0.18504652,3.34807982,-0.33885334,-0.10676201,0.17638941,0.06815614,0.02147385,-0.03547854,-1.91000395,0.18507935,3.34541892,-0.34363401,-0.10835331,0.17942770,0.12742828,-28.55357112,2.60424629,0.31263180,0.05220119,0.06512148,0.44006008,-28.50136992,2.66936777,0.43447253,-28.43946218,2.56824307,0.00454004,-0.00003283,0.00266090,0.00478067,0.00159130,-0.00303829
7.680,-1.90884903,0.18397997,3.34984193,-0.33817008,-0.10654674,0.17603374,0.06849510,0.02158065,-0.03565498,-1.91341355,0.18400418,3.34719915,-0.34296553,-0.10814435,0.17907648,0.12805814,-28.55674005,2.60845239,0.31387177,0.05278228,0.06487355,0.44192991,-28.50395778,2.67332594,0.43633162,-28.44229591,2.57240996,0.00456452,-0.00002421,0.00264278,0.00479545,0.00159761,-0.00304274
7.690,-1.91222730,0.18291559,3.35160048,-0.33748344,-0.10633040,0.17567631,0.06883282,0.02168705,-0.03583078,-1.91681635,0.18293113,3.34897579,-0.34229418,-0.10793447,0.17872321,0.12868487,-28.55986918,2.61264810,0.31511945,0.05337176,0.06462646,0.44380432,-28.50649742,2.67727455,0.43819357,-28.44508369,2.57656765,0.00458905,-0.00001554,0.00262469,0.00481074,0.00160407,-0.00304690
7.700,-1.91559869,0.18185337,3.35335545,-0.33679343,-0.10611300,0.17531713,0.06916929,0.02179307,-0.03600593,-1.92021233,0.18186022,3.35074881,-0.34161994,-0.10772364,0.17836789,0.12930848,-28.56295892,2.61683325,0.31637427,0.05396757,0.06438011,0.44568275,-28.50899135,2.68121336,0.44006008,-28.44782434,2.58071681,0.00461364,-0.00000685,0.00260664,0.00482651,0.00161064,-0.00305076
7.710,-1.91896316,0.18079333,3.35510682,-0.33610006,-0.10589454,0.17495619,0.06950452,0.02189868,-0.03618043,-1.92360144,0.18079145,3.35251819,-0.34094280,-0.10751187,0.17801053,0.12992896,-28.56600935,2.62100785,0.31763688,0.05457065,0.06413455,0.44756584,-28.51143870,2.68514240,0.44192991,-28.45051950,2.58485672,0.00463828,0.00000188,0.00258863,0.00484274,0.00161733,-0.00305434
7.720,-1.92232068,0.17973548,3.35685457,-0.33540334,-0.10567503,0.17459352,0.06983848,0.02200390,-0.03635428,-1.92698367,0.17972484,3.35428392,-0.34026277,-0.10729915,0.17765114,0.13054627,-28.56902062,2.62517185,0.31890720,0.05518081,0.06388979,0.44945347,-28.51383981,2.68906164,0.44380432,-28.45316693,2.58898807,0.00466299,0.00001064,0.00257065,0.00485943,0.00162412,-0.00305762
7.730,-1.92567122,0.17867983,3.35859869,-0.33470329,-0.10545446,0.17422911,0.07017117,0.02210872,-0.03652746,-1.93035898,0.17866040,3.35604597,-0.33957984,-0.10708546,0.17728973,0.13116041,-28.57199288,2.62932527,0.32018524,0.05579810,0.06364598,0.45134566,-28.51619478,2.69297124,0.44568275,-28.45576914,2.59311061,0.00468776,0.00001943,0.00255272,0.00487655,0.00163100,-0.00306062
7.740,-1.92901474,0.17762640,3.36033915,-0.33399992,-0.10523285,0.17386297,0.07050259,0.02221314,-0.03669998,-1.93372734,0.17759813,3.35780434,-0.33889399,-0.10687081,0.17692631,0.13177138,-28.57492624,2.63346805,0.32147140,0.05642318,0.06340295,0.45324278,-28.51850306,2.69687100,0.44756584,-28.45832527,2.59722436,0.00471260,0.00002827,0.00253481,0.00489407,0.00163796,-0.00306334
7.750,-1.93235121,0.17657518,3.36207594,-0.33329325,-0.10501020,0.17349511,0.07083272,0.02231716,-0.03687183,-1.93708873,0.17653804,3.35955898,-0.33820522,-0.10665519,0.17656090,0.13237914,-28.57782107,2.63760010,0.32276522,0.05705410,0.06316081,0.45514436,-28.52076697,2.70076091,0.44945347,-28.46083565,2.60132930,0.00473752,0.00003714,0.00251696,0.00491197,0.00164499,-0.00306579
7.760,-1.93568059,0.17552620,3.36380904,-0.33258327,-0.10478651,0.17312554,0.07116156,0.02242077,-0.03704301,-1.94044312,0.17548016,3.36130990,-0.33751352,-0.10643859,0.17619351,0.13298369,-28.58067732,2.64172147,0.32406768,0.05769271,0.06291964,0.45705137,-28.52298462,2.70464111,0.45134566,-28.46330039,2.60542557,0.00476253,0.00004604,0.00249914,0.00493025,0.00165208,-0.00306797
7.770,-1.93900286,0.17447945,3.36553844,-0.33187002,-0.10456179,0.17275426,0.07148911,0.02252397,-0.03721351,-1.94379047,0.17442447,3.36305706,-0.33681889,-0.10622100,0.17582416,0.13358504,-28.58349537,2.64583207,0.32537759,0.05833685,0.06267946,0.45896263,-28.52515852,2.70851153,0.45324278,-28.46571894,2.60951296,0.00478761,0.00005498,0.00248138,0.00494887,0.00165921,-0.00306990
7.780,-1.94231798,0.17343496,3.36726412,-0.33115350,-0.10433603,0.17238127,0.07181535,0.02262675,-0.03738333,-1.94713075,0.17337101,3.36480045,-0.33612132,-0.10600242,0.17545285,0.13418314,-28.58627515,2.64993197,0.32669586,0.05898845,0.06244032,0.46087900,-28.52728670,2.71237229,0.45514436,-28.46809364,2.61359144,0.00481277,0.00006395,0.00246367,0.00496782,0.00166639,-0.00307158
7.790,-1.94562592,0.17239274,3.36898606,-0.33043372,-0.10410925,0.17200659,0.07214028,0.02272913,-0.03755247,-1.95046394,0.17231977,3.36654004,-0.33542079,-0.10578284,0.17507961,0.13477801,-28.58901684,2.65402112,0.32802228,0.05964717,0.06220219,0.46280028,-28.52936967,2.71622330,0.45705137,-28.47042257,2.61766117,0.00483802,0.00007297,0.00244602,0.00498707,0.00167359,-0.00307302
7.800,-1.94892664,0.17135278,3.37070425,-0.32971069,-0.10388145,0.17163022,0.07246389,0.02283109,-0.03772093,-1.95379001,0.17127076,3.36827583,-0.33471730,-0.10556225,0.17470444,0.13536961,-28.59172084,2.65809940,0.32935692,0.06031112,0.06196516,0.46472653,-28.53140973,2.72006457,0.45896263,-28.47270827,2.62172206,0.00486337,0.00008202,0.00242842,0.00500661,0.00168080,-0.00307422
7.810,-1.95222012,0.17031511,3.37241866,-0.32898444,-0.10365263,0.17125218,0.07278617,0.02293263,-0.03788869,-1.95710893,0.17022400,3.37000780,-0.33401085,-0.10534065,0.17432737,0.13595794,-28.59438715,2.66216684,0.33069918,0.06098186,0.06172904,0.46665712,-28.53340529,2.72389588,0.46087900,-28.47494877,2.62577421,0.00488881,0.00009111,0.00241086,0.00502641,0.00168802,-0.00307519
7.820,-1.95550632,0.16927973,3.37412929,-0.32825498,-0.10342280,0.17087245,0.07310712,0.02303375,-0.03805576,-1.96042066,0.16917950,3.37173591,-0.33330141,-0.10511804,0.17394841,0.13654300,-28.59701596,2.66622345,0.33204949,0.06165838,0.06149409,0.46859249,-28.53535758,2.72771754,0.46280028,-28.47714457,2.62981754,0.00491434,0.00010023,0.00239338,0.00504643,0.00169524,-0.00307596
7.830,-1.95878521,0.16824666,3.37583611,-0.32752231,-0.10319196,0.17049106,0.07342672,0.02313445,-0.03822213,-1.96372517,0.16813727,3.37346016,-0.33258899,-0.10489440,0.17356758,0.13712474,-28.59960741,2.67026918,0.33340776,0.06234142,0.06126012,0.47053251,-28.53726599,2.73152930,0.46472653,-28.47929799,2.63385202,0.00493996,0.00010939,0.00237595,0.00506668,0.00170244,-0.00307652
7.840,-1.96205676,0.16721590,3.37753910,-0.32678645,-0.10296011,0.17010801,0.07374498,0.02323472,-0.03838780,-1.96702245,0.16709731,3.37518053,-0.33187358,-0.10466973,0.17318490,0.13770320,-28.60216181,2.67430392,0.33477344,0.06302984,0.06102702,0.47247665,-28.53913197,2.73533094,0.46665712,-28.48140743,2.63787746,0.00496569,0.00011859,0.00235857,0.00508713,0.00170962,-0.00307689
7.850,-1.96532093,0.16618746,3.37923826,-0.32604741,-0.10272727,0.16972331,0.07406188,0.02333456,-0.03855276,-1.97031245,0.16605964,3.37689700,-0.33115517,-0.10444403,0.17280038,0.13827833,-28.60467925,2.67832774,0.33614720,0.06372348,0.06079513,0.47442553,-28.54095577,2.73912288,0.46859249,-28.48347412,2.64189412,0.00499152,0.00012782,0.00234126,0.00510776,0.00171676,-0.00307707
7.860,-1.96857769,0.16516136,3.38093356,-0.32530521,-0.10249342,0.16933696,0.07437741,0.02343398,-0.03871701,-1.97359514,0.16502427,3.37860955,-0.33043374,-0.10421729,0.17241405,0.13885013,-28.60715984,2.68234061,0.33752875,0.06442321,0.06056419,0.47637888,-28.54273663,2.74290480,0.47053251,-28.48549746,2.64590177,0.00501745,0.00013709,0.00232401,0.00512853,0.00172387,-0.00307709
7.870,-1.97182702,0.16413759,3.38262500,-0.32455987,-0.10225859,0.16894897,0.07469158,0.02353296,-0.03888055,-1.97687050,0.16399121,3.38031816,-0.32970930,-0.10398950,0.17202592,0.13941860,-28.60960393,2.68634246,0.33891715,0.06512672,0.06033441,0.47833575,-28.54447721,2.74667687,0.47247665,-28.48747890,2.64990017,0.00504348,0.00014638,0.00230684,0.00514943,0.00173091,-0.00307695
7.880,-1.97506888,0.16311619,3.38431254,-0.32381139,-0.10202277,0.16855935,0.07500436,0.02363151,-0.03904337,-1.98013850,0.16296047,3.38202283,-0.32898182,-0.10376066,0.17163602,0.13998370,-28.61201145,2.69033332,0.34031302,0.06583671,0.06010543,0.48029672,-28.54617474,2.75043875,0.47442553,-28.48941869,2.65388973,0.00506962,0.00015572,0.00228971,0.00517043,0.00173789,-0.00307667
7.890,-1.97830324,0.16209714,3.38599618,-0.32305978,-0.10178596,0.16816811,0.07531576,0.02372962,-0.03920546,-1.98339909,0.16193205,3.38372352,-0.32825132,-0.10353077,0.17124435,0.14054545,-28.61438286,2.69431307,0.34171581,0.06655030,0.05987748,0.48226126,-28.54783257,2.75419056,0.47637888,-28.49131609,2.65787012,0.00509585,0.00016509,0.00227266,0.00519154,0.00174481,-0.00307624
7.900,-1.98153007,0.16108047,3.38767589,-0.32230507,-0.10154817,0.16777524,0.07562577,0.02382730,-0.03936684,-1.98665226,0.16090599,3.38542023,-0.32751777,-0.10329982,0.17085095,0.14110383,-28.61671817,2.69828174,0.34312530,0.06726899,0.05965027,0.48422913,-28.54944918,2.75793201,0.47833575,-28.49317372,2.66184150,0.00512219,0.00017448,0.00225566,0.00521270,0.00175165,-0.00307571
7.910,-1.98474933,0.16006618,3.38935168,-0.32154727,-0.10130941,0.16738077,0.07593437,0.02392453,-0.03952748,-1.98989798,0.15988227,3.38711293,-0.32678117,-0.10306781,0.17045583,0.14165881,-28.61901754,2.70223939,0.34454214,0.06799182,0.05942433,0.48620094,-28.55102572,2.76166372,0.48029672,-28.49498885,2.66580352,0.00514865,0.00018391,0.00223875,0.00523390,0.00175840,-0.00307506
7.920,-1.98796100,0.15905429,3.39102350,-0.32078639,-0.10106969,0.16698470,0.07624157,0.02402132,-0.03968739,-1.99313620,0.15886091,3.38880162,-0.32604151,-0.10283473,0.17005901,0.14221040,-28.62128120,2.70618585,0.34596507,0.06871920,0.05919894,0.48817547,-28.55256200,2.76538479,0.48226126,-28.49676482,2.66975629,0.00517520,0.00019338,0.00222188,0.00525512,0.00176504,-0.00307431
7.930,-1.99116505,0.15804479,3.39269136,-0.32002245,-0.10082899,0.16658703,0.07654735,0.02411766,-0.03984656,-1.99636691,0.15784193,3.39048627,-0.32529878,-0.10260058,0.16966050,0.14275858,-28.62350945,2.71012114,0.34739394,0.06944943,0.05897452,0.49015252,-28.55406002,2.76909567,0.48422913,-28.49850011,2.67369951,0.00520186,0.00020286,0.00220509,0.00527633,0.00177159,-0.00307347
7.940,-1.99436144,0.15703771,3.39435524,-0.31925545,-0.10058733,0.16618777,0.07685170,0.02421355,-0.04000500,-1.99959007,0.15682533,3.39216687,-0.32455299,-0.10236536,0.16926034,0.14330333,-28.62570224,2.71404534,0.34882943,0.07018406,0.05875104,0.49213276,-28.55551818,2.77279638,0.48620094,-28.50019587,2.67763379,0.00522863,0.00021238,0.00218837,0.00529754,0.00177803,-0.00307257
7.950,-1.99755015,0.15603305,3.39601512,-0.31848542,-0.10034472,0.16578693,0.07715463,0.02430899,-0.04016268,-2.00280564,0.15581113,3.39384340,-0.32380411,-0.10212907,0.16885854,0.14384466,-28.62785989,2.71795834,0.35027033,0.07092180,0.05852832,0.49411499,-28.55693809,2.77648665,0.48817547,-28.50185191,2.68155822,0.00525549,0.00022192,0.00217172,0.00531869,0.00178435,-0.00307161
7.960,-2.00073114,0.15503082,3.39767097,-0.31771236,-0.10010116,0.16538452,0.07745612,0.02440398,-0.04031962,-2.00601360,0.15479934,3.39551585,-0.32305215,-0.10189169,0.16845512,0.14438256,-28.62998267,2.72186002,0.35171673,0.07166251,0.05830608,0.49609928,-28.55832016,2.78016610,0.49015252,-28.50347024,2.68547324,0.00528246,0.00023148,0.00215512,0.00533979,0.00179053,-0.00307060
7.970,-2.00390438,0.15403103,3.39932280,-0.31693630,-0.09985664,0.16498054,0.07775617,0.02449852,-0.04047581,-2.00921392,0.15378996,3.39718420,-0.32229710,-0.10165323,0.16805010,0.14491701,-28.63207060,2.72575053,0.35316878,0.07240622,0.05808476,0.49808579,-28.55966438,2.78383529,0.49213276,-28.50504925,2.68937886,0.00530954,0.00024107,0.00213860,0.00536080,0.00179659,-0.00306956
7.980,-2.00706986,0.15303369,3.40097058,-0.31615724,-0.09961119,0.16457500,0.07805476,0.02459259,-0.04063124,-2.01240657,0.15278301,3.39884843,-0.32153895,-0.10141370,0.16764350,0.14544798,-28.63412396,2.72962975,0.35462492,0.07315230,0.05786399,0.50007291,-28.56097166,2.78749374,0.49411499,-28.50659055,2.69327481,0.00533671,0.00025068,0.00212215,0.00538171,0.00180251,-0.00306850
7.990,-2.01022752,0.15203881,3.40261430,-0.31537521,-0.09936479,0.16416792,0.07835189,0.02468621,-0.04078591,-2.01559151,0.15177850,3.40050854,-0.32077770,-0.10117307,0.16723534,0.14597549,-28.63614289,2.73349771,0.35608655,0.07390101,0.05764394,0.50206204,-28.56224188,2.79114164,0.49609928,-28.50809456,2.69716067,0.00536399,0.00026031,0.00210576,0.00540249,0.00180828,-0.00306742
8.000,-2.01337735,0.15104640,3.40425393,-0.31459021,-0.09911746,0.16375929,0.07864755,0.02477937,-0.04093982,-2.01876871,0.15077643,3.40216451,-0.32001333,-0.10093136,0.16682563,0.14649951,-28.63812767,2.73735428,0.35755207,0.07465182,0.05742418,0.50405158,-28.56347585,2.79477846,0.49808579,-28.50956126,2.70103703,0.00539136,0.00026997,0.00208942,0.00542312,0.00181390,-0.00306634
8.010,-2.01651931,0.15005646,3.40588948,-0.31380226,-0.09886921,0.16334912,0.07894174,0.02487206,-0.04109296,-2.02193814,0.14977683,3.40381632,-0.31924586,-0.10068857,0.16641441,0.14702005,-28.64007844,2.74119956,0.35902199,0.07540373,0.05720518,0.50604204,-28.56467471,2.79840474,0.50007291,-28.51099157,2.70490337,0.00541883,0.00027963,0.00207316,0.00544360,0.00181936,-0.00306529
8.020,-2.01965338,0.14906901,3.40752091,-0.31301138,-0.09862002,0.16293743,0.07923445,0.02496428,-0.04124533,-2.02509978,0.14877970,3.40546395,-0.31847527,-0.10044468,0.16600168,0.14753709,-28.64199542,2.74503342,0.36049527,0.07615754,0.05698642,0.50803235,-28.56583788,2.80201984,0.50206204,-28.51238537,2.70875990,0.00544640,0.00028931,0.00205696,0.00546389,0.00182466,-0.00306425
8.030,-2.02277953,0.14808406,3.40914822,-0.31221758,-0.09836992,0.16252422,0.07952567,0.02505603,-0.04139692,-2.02825358,0.14778505,3.40710740,-0.31770156,-0.10019971,0.16558746,0.14805062,-28.64387870,2.74885595,0.36197190,0.07691290,0.05676813,0.51002252,-28.56696579,2.80562409,0.50405158,-28.51374346,2.71260605,0.00547405,0.00029901,0.00204082,0.00548398,0.00182979,-0.00306324
8.040,-2.02589773,0.14710162,3.41077139,-0.31142087,-0.09811891,0.16210950,0.07981539,0.02514731,-0.04154774,-2.03139953,0.14679290,3.40874665,-0.31692473,-0.09995365,0.16517178,0.14856061,-28.64572848,2.75266710,0.36345158,0.07766967,0.05655017,0.51201219,-28.56805881,2.80921728,0.50604204,-28.51506698,2.71644237,0.00550180,0.00030872,0.00202474,0.00550386,0.00183474,-0.00306228
8.050,-2.02900794,0.14612169,3.41239040,-0.31062128,-0.09786698,0.16169327,0.08010361,0.02523812,-0.04169777,-2.03453757,0.14580325,3.41038168,-0.31614477,-0.09970650,0.16475466,0.14906709,-28.64754510,2.75646677,0.36493415,0.07842692,0.05633239,0.51400124,-28.56911818,2.81279916,0.50803235,-28.51635535,2.72026821,0.00552963,0.00031844,0.00200872,0.00552349,0.00183952,-0.00306139
8.060,-2.03211014,0.14514428,3.41400525,-0.30981881,-0.09761414,0.16127554,0.08039031,0.02532845,-0.04184701,-2.03766770,0.14481611,3.41201248,-0.31536168,-0.09945826,0.16433610,0.14957002,-28.64932866,2.76025501,0.36641923,0.07918445,0.05611500,0.51598925,-28.57014422,2.81637002,0.51002252,-28.51760902,2.72408388,0.00555756,0.00032817,0.00199277,0.00554287,0.00184412,-0.00306056
8.070,-2.03520431,0.14416941,3.41561591,-0.30901348,-0.09736041,0.16085633,0.08067550,0.02541831,-0.04199547,-2.04078987,0.14383150,3.41363905,-0.31457546,-0.09920893,0.16391612,0.15006940,-28.65107931,2.76403180,0.36790590,0.07994275,0.05589768,0.51797530,-28.57113656,2.81992948,0.51201219,-28.51882833,2.72788917,0.00558556,0.00033791,0.00197686,0.00556198,0.00184852,-0.00305979
8.080,-2.03829040,0.14319708,3.41722237,-0.30820530,-0.09710578,0.16043564,0.08095916,0.02550768,-0.04214313,-2.04390405,0.14284943,3.41526135,-0.31378611,-0.09895852,0.16349475,0.15056523,-28.65279733,2.76779708,0.36939489,0.08070104,0.05568048,0.51996012,-28.57209629,2.82347757,0.51400124,-28.52001453,2.73168383,0.00561365,0.00034765,0.00196102,0.00558081,0.00185274,-0.00305911
8.090,-2.04136840,0.14222730,3.41882462,-0.30739430,-0.09685026,0.16001347,0.08124129,0.02559657,-0.04228999,-2.04701021,0.14186990,3.41687939,-0.31299363,-0.09870703,0.16307200,0.15105749,-28.65448287,2.77155088,0.37088485,0.08145901,0.05546338,0.52194234,-28.57302386,2.82701426,0.51598925,-28.52116794,2.73546814,0.00564181,0.00035740,0.00194523,0.00559933,0.00185677,-0.00305853
8.100,-2.04443828,0.14126008,3.42042264,-0.30658048,-0.09659385,0.15958984,0.08152187,0.02568497,-0.04243604,-2.05010832,0.14089294,3.41849314,-0.31219801,-0.09845445,0.16264789,0.15154616,-28.65613615,2.77529313,0.37237559,0.08221655,0.05524624,0.52392175,-28.57391960,2.83053937,0.51797530,-28.52228820,2.73924171,0.00567004,0.00036714,0.00192950,0.00561753,0.00186060,-0.00305805
8.110,-2.04750000,0.14029542,3.42201641,-0.30576386,-0.09633656,0.15916475,0.08180091,0.02577289,-0.04258130,-2.05319835,0.13991854,3.42010261,-0.31139926,-0.09820079,0.16222243,0.15203126,-28.65775750,2.77902373,0.37386699,0.08297263,0.05502891,0.52589825,-28.57478486,2.83405264,0.51996012,-28.52337638,2.74300455,0.00569835,0.00037688,0.00191380,0.00563540,0.00186423,-0.00305768
8.120,-2.05055355,0.13933335,3.42360593,-0.30494447,-0.09607839,0.15873822,0.08207839,0.02586032,-0.04272574,-2.05628027,0.13894672,3.42170776,-0.31059738,-0.09794605,0.16179563,0.15251275,-28.65934678,2.78274289,0.37535842,0.08372890,0.05481161,0.52787118,-28.57561788,2.83755450,0.52194234,-28.52443294,2.74675663,0.00572672,0.00038663,0.00189817,0.00565291,0.00186766,-0.00305741
8.130,-2.05359888,0.13837386,3.42519117,-0.30412230,-0.09581936,0.15831024,0.08235431,0.02594725,-0.04286937,-2.05935404,0.13797749,3.42330859,-0.30979237,-0.09769024,0.16136752,0.15299065,-28.66090452,2.78645037,0.37685009,0.08448339,0.05459398,0.52984073,-28.57642113,2.84104435,0.52392175,-28.52545819,2.75049778,0.00575516,0.00039637,0.00188258,0.00567007,0.00187088,-0.00305728
8.140,-2.05663598,0.13741696,3.42677213,-0.30329739,-0.09555945,0.15788083,0.08262866,0.02603369,-0.04301218,-2.06241964,0.13701087,3.42490509,-0.30898422,-0.09743336,0.16093810,0.15346494,-28.66243080,2.79014625,0.37834090,0.08523611,0.05437622,0.53180584,-28.57719469,2.84452247,0.52589825,-28.52645351,2.75422772,0.00578366,0.00040609,0.00186704,0.00568683,0.00187391,-0.00305727
8.150,-2.05966482,0.13646267,3.42834878,-0.30246973,-0.09529868,0.15745000,0.08290143,0.02611963,-0.04315417,-2.06547703,0.13604685,3.42649724,-0.30817295,-0.09717540,0.16050739,0.15393560,-28.66392581,2.79383048,0.37983070,0.08598773,0.05415799,0.53376630,-28.57793808,2.84798847,0.52787118,-28.52741711,2.75794687,0.00581221,0.00041582,0.00185154,0.00570322,0.00187672,-0.00305739
8.160,-2.06268537,0.13551099,3.42992112,-0.30163936,-0.09503706,0.15701775,0.08317262,0.02620507,-0.04329534,-2.06852618,0.13508546,3.42808503,-0.30735856,-0.09691638,0.16007540,0.15440263,-28.66538973,2.79750307,0.38131916,0.08673722,0.05393949,0.53572179,-28.57865251,2.85144257,0.52984073,-28.52835148,2.76165463,0.00584081,0.00042553,0.00183609,0.00571920,0.00187932,-0.00305765
8.170,-2.06569760,0.13456193,3.43148913,-0.30080629,-0.09477458,0.15658409,0.08344221,0.02629001,-0.04343567,-2.07156707,0.13412670,3.42966846,-0.30654105,-0.09665630,0.15964215,0.15486602,-28.66682281,2.80116399,0.38280604,0.08748464,0.05372057,0.53767206,-28.57933817,2.85488455,0.53180584,-28.52925667,2.76535127,0.00586947,0.00043523,0.00182067,0.00573476,0.00188172,-0.00305806
8.180,-2.06870149,0.13361550,3.43305280,-0.29997052,-0.09451126,0.15614904,0.08371020,0.02637445,-0.04357517,-2.07459966,0.13317058,3.43124750,-0.30572042,-0.09639516,0.15920764,0.15532576,-28.66822520,2.80481324,0.38429082,0.08822974,0.05350125,0.53961658,-28.57999546,2.85831448,0.53376630,-28.53013221,2.76903641,0.00589817,0.00044492,0.00180530,0.00574990,0.00188390,-0.00305860
8.190,-2.07169700,0.13267171,3.43461211,-0.29913209,-0.09424710,0.15571259,0.08397659,0.02645838,-0.04371384,-2.07762391,0.13221712,3.43282215,-0.30489668,-0.09613296,0.15877189,0.15578186,-28.66959712,2.80845078,0.38577352,0.08897255,0.05328136,0.54155539,-28.58062458,2.86173213,0.53572179,-28.53097932,2.77271024,0.00592691,0.00045459,0.00178996,0.00576459,0.00188586,-0.00305930
8.200,-2.07468412,0.13173056,3.43616705,-0.29829100,-0.09398209,0.15527477,0.08424136,0.02654180,-0.04385167,-2.08063980,0.13126632,3.43439239,-0.30406983,-0.09586972,0.15833491,0.15623429,-28.67093886,2.81207656,0.38725300,0.08971214,0.05306091,0.54348729,-28.58122673,2.86513747,0.53767206,-28.53179818,2.77637257,0.00595568,0.00046424,0.00177466,0.00577883,0.00188763,-0.00306014
8.210,-2.07766281,0.13079207,3.43771760,-0.29744727,-0.09371626,0.15483556,0.08450451,0.02662471,-0.04398865,-2.08364730,0.13031819,3.43595821,-0.30323989,-0.09560543,0.15789671,0.15668305,-28.67225052,2.81569059,0.38872956,0.09044920,0.05283973,0.54541261,-28.58180133,2.86853033,0.53961658,-28.53258917,2.78002342,0.00598449,0.00047388,0.00175939,0.00579262,0.00188917,-0.00306115
8.220,-2.08063306,0.12985624,3.43926375,-0.29660091,-0.09344960,0.15439500,0.08476603,0.02670710,-0.04412478,-2.08664638,0.12937275,3.43751960,-0.30240685,-0.09534011,0.15745731,0.15712813,-28.67353239,2.81929284,0.39020201,0.09118283,0.05261785,0.54733014,-28.58234956,2.87191069,0.54155539,-28.53335251,2.78366259,0.00601332,0.00048349,0.00174415,0.00580594,0.00189051,-0.00306231
8.230,-2.08359482,0.12892308,3.44080549,-0.29575195,-0.09318212,0.15395307,0.08502591,0.02678899,-0.04426006,-2.08963700,0.12843000,3.43907655,-0.30157072,-0.09507375,0.15701670,0.15756951,-28.67478460,2.82288331,0.39167119,0.09191309,0.05239529,0.54924071,-28.58287151,2.87527860,0.54348729,-28.53408938,2.78729003,0.00604218,0.00049308,0.00172894,0.00581877,0.00189163,-0.00306363
8.240,-2.08654809,0.12799260,3.44234281,-0.29490040,-0.09291382,0.15350980,0.08528415,0.02687035,-0.04439449,-2.09261914,0.12748996,3.44062904,-0.30073152,-0.09480637,0.15657490,0.15800721,-28.67600736,2.82646202,0.39313557,0.09263986,0.05217205,0.55114278,-28.58336749,2.87863407,0.54541261,-28.53479922,2.79090558,0.00607105,0.00050264,0.00171377,0.00583112,0.00189255,-0.00306510
8.250,-2.08949282,0.12706481,3.44387569,-0.29404627,-0.09264472,0.15306518,0.08554073,0.02695119,-0.04452805,-2.09559277,0.12655263,3.44217707,-0.29988924,-0.09453797,0.15613191,0.15844119,-28.67720087,2.83002893,0.39459594,0.09336312,0.05194800,0.55303713,-28.58383775,2.88197693,0.54733014,-28.53548318,2.79450920,0.00609995,0.00051218,0.00169862,0.00584297,0.00189325,-0.00306673
8.260,-2.09242900,0.12613971,3.44540411,-0.29318959,-0.09237480,0.15261924,0.08579566,0.02703151,-0.04466076,-2.09855785,0.12561803,3.44372062,-0.29904390,-0.09426855,0.15568776,0.15887148,-28.67836547,2.83358392,0.39605082,0.09408207,0.05172294,0.55492230,-28.58428340,2.88530687,0.54924071,-28.53614136,2.79810096,0.00612885,0.00052168,0.00168349,0.00585431,0.00189375,-0.00306852
8.270,-2.09535661,0.12521732,3.44692807,-0.29233037,-0.09210409,0.15217197,0.08604892,0.02711130,-0.04479259,-2.10151435,0.12468616,3.44525969,-0.29819551,-0.09399812,0.15524243,0.15929803,-28.67950116,2.83712714,0.39750002,0.09479738,0.05149706,0.55679806,-28.58470378,2.88862420,0.55114278,-28.53677407,2.80168085,0.00615774,0.00053116,0.00166838,0.00586514,0.00189403,-0.00307046
8.280,-2.09827560,0.12429763,3.44844754,-0.29146862,-0.09183258,0.15172339,0.08630051,0.02719057,-0.04492355,-2.10446225,0.12375704,3.44679425,-0.29734408,-0.09372670,0.15479595,0.15972088,-28.68060844,2.84065835,0.39894390,0.09550753,0.05127007,0.55866477,-28.58510091,2.89192842,0.55303713,-28.53738154,2.80524868,0.00618665,0.00054059,0.00165329,0.00587546,0.00189412,-0.00307256
8.290,-2.10118597,0.12338067,3.44996253,-0.29060436,-0.09156028,0.15127350,0.08655042,0.02726931,-0.04505364,-2.10740151,0.12283067,3.44832431,-0.29648962,-0.09345428,0.15434831,0.16013999,-28.68168715,2.84417781,0.40038163,0.09621419,0.05104230,0.56052162,-28.58547296,2.89522011,0.55492230,-28.53796489,2.80880417,0.00621554,0.00055000,0.00163822,0.00588526,0.00189400,-0.00307481
8.300,-2.10408768,0.12246643,3.45147301,-0.28973761,-0.09128719,0.15082232,0.08679863,0.02734751,-0.04518285,-2.11033211,0.12190706,3.44984984,-0.29563214,-0.09318087,0.15389952,0.16055534,-28.68273780,2.84768530,0.40181298,0.09691570,0.05081345,0.56236831,-28.58582211,2.89849874,0.55679806,-28.53852346,2.81234762,0.00624443,0.00055937,0.00162317,0.00589453,0.00189368,-0.00307720
8.310,-2.10698071,0.12155492,3.45297897,-0.28886839,-0.09101333,0.15036985,0.08704516,0.02742519,-0.04531118,-2.11325401,0.12098623,3.45137084,-0.29477165,-0.09290648,0.15344959,0.16096697,-28.68376054,2.85118082,0.40323738,0.09761194,0.05058350,0.56420435,-28.58614860,2.90176432,0.55866477,-28.53905925,2.81587851,0.00627330,0.00056869,0.00160813,0.00590326,0.00189315,-0.00307974
8.320,-2.10986504,0.12064616,3.45448040,-0.28799672,-0.09073869,0.14991610,0.08728997,0.02750232,-0.04543862,-2.11616719,0.12006818,3.45288729,-0.29390816,-0.09263113,0.15299853,0.16137481,-28.68475545,2.85466446,0.40465458,0.09830398,0.05035247,0.56602939,-28.58645147,2.90501693,0.56052162,-28.53957043,2.81939745,0.00630215,0.00057798,0.00159311,0.00591144,0.00189244,-0.00308243
8.330,-2.11274064,0.11974015,3.45597729,-0.28712260,-0.09046329,0.14946108,0.08753308,0.02757892,-0.04556517,-2.11907161,0.11915292,3.45439919,-0.29304169,-0.09235481,0.15254633,0.16177891,-28.68572280,2.85813617,0.40606452,0.09899091,0.05012041,0.56784343,-28.58673189,2.90825659,0.56236831,-28.54005918,2.82290387,0.00633097,0.00058723,0.00157810,0.00591909,0.00189152,-0.00308525
8.340,-2.11560748,0.11883690,3.45746962,-0.28624606,-0.09018712,0.14900480,0.08777447,0.02765497,-0.04569082,-2.12196725,0.11824046,3.45590652,-0.29217225,-0.09207754,0.15209301,0.16217924,-28.68666282,2.86159590,0.40746703,0.09967296,0.04988718,0.56964627,-28.58698986,2.91148308,0.56420435,-28.54052574,2.82639780,0.00635977,0.00059644,0.00156310,0.00592619,0.00189042,-0.00308821
8.350,-2.11846555,0.11793641,3.45895738,-0.28536712,-0.08991019,0.14854727,0.08801414,0.02773048,-0.04581558,-2.12485407,0.11733081,3.45740927,-0.29129986,-0.09179932,0.15163856,0.16257580,-28.68757578,2.86504361,0.40886092,0.10034919,0.04965273,0.57143672,-28.58722659,2.91469634,0.56602939,-28.54096914,2.82987932,0.00638852,0.00060560,0.00154811,0.00593274,0.00188913,-0.00309129
8.360,-2.12131482,0.11703870,3.46044056,-0.28448578,-0.08963251,0.14808849,0.08825207,0.02780545,-0.04593943,-2.12773206,0.11642399,3.45890743,-0.29042452,-0.09152016,0.15118299,0.16296857,-28.68846176,2.86847937,0.41024659,0.10102061,0.04941712,0.57321516,-28.58744114,2.91789649,0.56784343,-28.54139054,2.83334844,0.00641724,0.00061471,0.00153313,0.00593874,0.00188765,-0.00309450
8.370,-2.12415526,0.11614377,3.46191915,-0.28360208,-0.08935408,0.14762848,0.08848826,0.02787986,-0.04606238,-2.13060117,0.11551999,3.46040100,-0.28954626,-0.09124007,0.15072631,0.16335754,-28.68932103,2.87190313,0.41162384,0.10168651,0.04918041,0.57498138,-28.58763452,2.92108354,0.56964627,-28.54178996,2.83680494,0.00644591,0.00062378,0.00151815,0.00594418,0.00188599,-0.00309783
8.380,-2.12698685,0.11525162,3.46339313,-0.28271603,-0.08907491,0.14716725,0.08872271,0.02795373,-0.04618442,-2.13346139,0.11461883,3.46188995,-0.28866509,-0.09095907,0.15026852,0.16374274,-28.69015393,2.87531480,0.41299192,0.10234606,0.04894240,0.57673465,-28.58780787,2.92425720,0.57143672,-28.54216857,2.84024877,0.00647454,0.00063279,0.00150318,0.00594906,0.00188416,-0.00310127
8.390,-2.12980957,0.11436227,3.46486249,-0.28182763,-0.08879501,0.14670480,0.08895540,0.02802704,-0.04630555,-2.13631268,0.11372051,3.46337428,-0.28778103,-0.09067715,0.14980962,0.16412412,-28.69096053,2.87871443,0.41435075,0.10300022,0.04870313,0.57847486,-28.58796031,2.92741756,0.57321516,-28.54252545,2.84368004,0.00650311,0.00064176,0.00148821,0.00595340,0.00188214,-0.00310482
8.400,-2.13262340,0.11347572,3.46632722,-0.28093692,-0.08851437,0.14624114,0.08918632,0.02809980,-0.04642576,-2.13915501,0.11282506,3.46485397,-0.28689409,-0.09039433,0.14934961,0.16450167,-28.69174109,2.88210200,0.41569964,0.10364836,0.04846259,0.58020131,-28.58809274,2.93056459,0.57498138,-28.54286158,2.84709875,0.00653161,0.00065066,0.00147325,0.00595717,0.00187996,-0.00310847
8.410,-2.13542830,0.11259199,3.46778731,-0.28004391,-0.08823301,0.14577628,0.08941548,0.02817200,-0.04654505,-2.14198836,0.11193246,3.46632902,-0.28600429,-0.09011062,0.14888849,0.16487543,-28.69249570,2.88547757,0.41703954,0.10429148,0.04822087,0.58191496,-28.58820421,2.93369844,0.57673465,-28.54317813,2.85050463,0.00656006,0.00065953,0.00145829,0.00596038,0.00187761,-0.00311221
8.420,-2.13822427,0.11171107,3.46924274,-0.27914862,-0.08795093,0.14531024,0.08964286,0.02824364,-0.04666341,-2.14481270,0.11104274,3.46779942,-0.28511164,-0.08982603,0.14842628,0.16524536,-28.69322479,2.88884098,0.41836847,0.10492791,0.04797776,0.58361383,-28.58829689,2.93681873,0.57847486,-28.54347418,2.85389775,0.00658843,0.00066833,0.00144332,0.00596302,0.00187510,-0.00311604
8.430,-2.14101127,0.11083297,3.47069351,-0.27825106,-0.08766814,0.14484302,0.08986846,0.02831472,-0.04678084,-2.14762800,0.11015590,3.46926515,-0.28421618,-0.08954056,0.14796296,0.16561146,-28.69392848,2.89219229,0.41968742,0.10555787,0.04773352,0.58529889,-28.58837061,2.93992581,0.58020131,-28.54375065,2.85727808,0.00661673,0.00067707,0.00142836,0.00596512,0.00187242,-0.00311994
8.440,-2.14378928,0.10995770,3.47213960,-0.27735126,-0.08738464,0.14437463,0.09009227,0.02838523,-0.04689734,-2.15043423,0.10927194,3.47072620,-0.28331790,-0.08925423,0.14749854,0.16597374,-28.69460701,2.89553148,0.42099581,0.10618159,0.04748797,0.58696955,-28.58842542,2.94301945,0.58191496,-28.54400659,2.86064579,0.00664495,0.00068576,0.00141340,0.00596664,0.00186959,-0.00312391
8.450,-2.14655829,0.10908528,3.47358100,-0.27644922,-0.08710044,0.14390507,0.09031427,0.02845518,-0.04701291,-2.15323136,0.10839089,3.47218257,-0.28241685,-0.08896705,0.14703303,0.16633215,-28.69526043,2.89885860,0.42229313,0.10680003,0.04724111,0.58862528,-28.58846040,2.94609971,0.58361383,-28.54424413,2.86400049,0.00667307,0.00069439,0.00139843,0.00596763,0.00186661,-0.00312796
8.460,-2.14931826,0.10821570,3.47501769,-0.27554498,-0.08681554,0.14343437,0.09053447,0.02852456,-0.04712753,-2.15601938,0.10751274,3.47363423,-0.28151302,-0.08867903,0.14656642,0.16668673,-28.69588919,2.90217350,0.42357947,0.10741178,0.04699285,0.59026620,-28.58847741,2.94916635,0.58529889,-28.54446313,2.86734251,0.00670112,0.00070296,0.00138346,0.00596804,0.00186349,-0.00313205
8.470,-2.15206918,0.10734897,3.47644968,-0.27463854,-0.08652995,0.14296253,0.09075286,0.02859337,-0.04724121,-2.15879825,0.10663750,3.47508119,-0.28060645,-0.08839018,0.14609872,0.16703746,-28.69649335,2.90547630,0.42485457,0.10801698,0.04674356,0.59189202,-28.58847638,2.95221987,0.58696955,-28.54466361,2.87067164,0.00672907,0.00071147,0.00136849,0.00596791,0.00186023,-0.00313619
8.480,-2.15481102,0.10648510,3.47787694,-0.27372993,-0.08624368,0.14248955,0.09096942,0.02866160,-0.04735395,-2.16156794,0.10576519,3.47652343,-0.27969715,-0.08810050,0.14562993,0.16738431,-28.69707322,2.90876691,0.42611820,0.10861584,0.04649290,0.59350250,-28.58845738,2.95525981,0.58862528,-28.54484466,2.87398794,0.00675692,0.00071991,0.00135351,0.00596722,0.00185682,-0.00314038
8.490,-2.15754377,0.10562410,3.47929947,-0.27281916,-0.08595672,0.14201545,0.09118416,0.02872926,-0.04746573,-2.16432843,0.10489580,3.47796093,-0.27878515,-0.08781002,0.14516004,0.16772731,-28.69762888,2.91204540,0.42736993,0.10920868,0.04624107,0.59509724,-28.58842020,2.95828647,0.59026620,-28.54500813,2.87729115,0.00678466,0.00072830,0.00133854,0.00596599,0.00185330,-0.00314459
8.500,-2.16026740,0.10476597,3.48071725,-0.27190625,-0.08566909,0.14154024,0.09139706,0.02879633,-0.04757655,-2.16707969,0.10402935,3.47939369,-0.27787047,-0.08751873,0.14468907,0.16806643,-28.69816070,2.91531166,0.42860966,0.10979479,0.04598794,0.59667609,-28.58836591,2.96129960,0.59189202,-28.54515394,2.88058179,0.00681229,0.00073662,0.00132356,0.00596422,0.00184964,-0.00314883
8.510,-2.16298189,0.10391072,3.48213027,-0.27099122,-0.08538080,0.14106392,0.09160812,0.02886283,-0.04768642,-2.16982170,0.10316585,3.48082170,-0.27695312,-0.08722665,0.14421700,0.16840168,-28.69866883,2.91856570,0.42983717,0.11037439,0.04573353,0.59823885,-28.58829444,2.96429923,0.59350250,-28.54528216,2.88385940,0.00683981,0.00074487,0.00130857,0.00596190,0.00184585,-0.00315308
8.520,-2.16568722,0.10305836,3.48353852,-0.27007409,-0.08509184,0.14058651,0.09181732,0.02892875,-0.04779532,-2.17255444,0.10230530,3.48224494,-0.27603313,-0.08693380,0.14374385,0.16873303,-28.69915347,2.92180755,0.43105233,0.11094789,0.04547788,0.59978536,-28.58820557,2.96728542,0.59509724,-28.54539258,2.88712427,0.00686722,0.00075306,0.00129358,0.00595904,0.00184196,-0.00315734
8.530,-2.16838336,0.10220888,3.48494199,-0.26915488,-0.08480222,0.14010802,0.09202467,0.02899407,-0.04790325,-2.17527786,0.10144770,3.48366341,-0.27511053,-0.08664018,0.14326962,0.16906050,-28.69961499,2.92503709,0.43225513,0.11151382,0.04522105,0.60131563,-28.58810117,2.97025814,0.59667609,-28.54548626,2.89037615,0.00689450,0.00076118,0.00127858,0.00595565,0.00183796,-0.00316160
8.540,-2.17107031,0.10136231,3.48634068,-0.26823361,-0.08451196,0.13962845,0.09223015,0.02905882,-0.04801022,-2.17799196,0.10059308,3.48507710,-0.27418533,-0.08634580,0.14279430,0.16938407,-28.70005328,2.92825451,0.43344489,0.11207399,0.04496319,0.60282896,-28.58797930,2.97321770,0.59823885,-28.54556311,2.89361507,0.00692165,0.00076923,0.00126358,0.00595172,0.00183384,-0.00316585
8.550,-2.17374803,0.10051865,3.48773456,-0.26731028,-0.08422105,0.13914782,0.09243376,0.02912297,-0.04811620,-2.18069670,0.09974142,3.48648598,-0.27325756,-0.08605067,0.14231789,0.16970374,-28.70046878,2.93145966,0.43462214,0.11262808,0.04470403,0.60432589,-28.58784070,2.97616369,0.59978536,-28.54562292,2.89684109,0.00694867,0.00077723,0.00124858,0.00594728,0.00182962,-0.00317007
8.560,-2.17641651,0.09967789,3.48912363,-0.26638494,-0.08392950,0.13866613,0.09263549,0.02918652,-0.04822121,-2.18339207,0.09889275,3.48789006,-0.27232725,-0.08575482,0.14184040,0.17001951,-28.70086179,2.93465249,0.43578585,0.11317454,0.04444374,0.60580536,-28.58768725,2.97909623,0.60131563,-28.54566755,2.90005416,0.00697556,0.00078514,0.00123357,0.00594231,0.00182532,-0.00317427
8.570,-2.17907572,0.09884006,3.49050788,-0.26545758,-0.08363732,0.13818340,0.09283533,0.02924949,-0.04832524,-2.18607803,0.09804707,3.48928932,-0.27139441,-0.08545823,0.14136184,0.17033136,-28.70123226,2.93783313,0.43693704,0.11371549,0.04418240,0.60726839,-28.58751678,2.98201553,0.60282896,-28.54569505,2.90325464,0.00700231,0.00079299,0.00121856,0.00593683,0.00182091,-0.00317844
8.580,-2.18172565,0.09800515,3.49188729,-0.26452824,-0.08334451,0.13769963,0.09303328,0.02931186,-0.04842828,-2.18875456,0.09720438,3.49068376,-0.27045907,-0.08516094,0.14088219,0.17063930,-28.70158067,2.94100141,0.43807437,0.11424948,0.04391980,0.60871367,-28.58733118,2.98492121,0.60432589,-28.54570617,2.90644206,0.00702891,0.00080077,0.00120353,0.00593083,0.00181643,-0.00318256
8.590,-2.18436628,0.09717317,3.49326187,-0.26359692,-0.08305108,0.13721484,0.09322933,0.02937362,-0.04853033,-2.19142163,0.09636469,3.49207335,-0.26952125,-0.08486294,0.14040147,0.17094332,-28.70190705,2.94415748,0.43919836,0.11477684,0.04365639,0.61014168,-28.58713021,2.98781386,0.60580536,-28.54570277,2.90961657,0.00705535,0.00080848,0.00118852,0.00592433,0.00181186,-0.00318663
8.600,-2.18699758,0.09634413,3.49463159,-0.26266366,-0.08275704,0.13672903,0.09342346,0.02943479,-0.04863139,-2.19407924,0.09552801,3.49345809,-0.26858099,-0.08456426,0.13991968,0.17124339,-28.70221171,2.94730121,0.44030892,0.11529794,0.04339181,0.61155231,-28.58691377,2.99069302,0.60726839,-28.54568268,2.91277838,0.00708166,0.00081612,0.00117350,0.00591733,0.00180722,-0.00319065
8.610,-2.18961955,0.09551803,3.49599645,-0.26172846,-0.08246239,0.13624221,0.09361568,0.02949535,-0.04873145,-2.19672734,0.09469434,3.49483797,-0.26763830,-0.08426490,0.13943681,0.17153954,-28.70249486,2.95043264,0.44140513,0.11581221,0.04312624,0.61294467,-28.58668265,2.99355887,0.60871367,-28.54564778,2.91592711,0.00710779,0.00082369,0.00115848,0.00590984,0.00180251,-0.00319460
8.620,-2.19223215,0.09469488,3.49735643,-0.26079135,-0.08216714,0.13575440,0.09380597,0.02955531,-0.04883051,-2.19936592,0.09386369,3.49621298,-0.26669322,-0.08396487,0.13895287,0.17183175,-28.70275673,2.95355170,0.44248778,0.11632012,0.04285959,0.61431953,-28.58643662,2.99641129,0.61014168,-28.54559782,2.91906333,0.00713377,0.00083119,0.00114345,0.00590187,0.00179773,-0.00319847
8.630,-2.19483537,0.09387469,3.49871153,-0.25985235,-0.08187129,0.13526560,0.09399434,0.02961465,-0.04892856,-2.20199495,0.09303607,3.49758311,-0.26574576,-0.08366418,0.13846787,0.17212002,-28.70299746,2.95665848,0.44355655,0.11682203,0.04259204,0.61567657,-28.58617543,2.99925052,0.61155231,-28.54553271,2.92218659,0.00715958,0.00083862,0.00112842,0.00589341,0.00179289,-0.00320227
8.640,-2.19742919,0.09305746,3.50006174,-0.25891147,-0.08157485,0.13477583,0.09418076,0.02967339,-0.04902560,-2.20461442,0.09221148,3.49894835,-0.26479595,-0.08336285,0.13798180,0.17240433,-28.70321730,2.95975293,0.44461135,0.11731744,0.04232363,0.61701568,-28.58589986,3.00207657,0.61294467,-28.54545321,2.92529707,0.00718523,0.00084598,0.00111339,0.00588448,0.00178800,-0.00320597
8.650,-2.20001359,0.09224320,3.50140704,-0.25796874,-0.08127782,0.13428510,0.09436524,0.02973151,-0.04912163,-2.20722429,0.09138993,3.50030868,-0.26384382,-0.08306089,0.13749468,0.17268470,-28.70341651,2.96283501,0.44565197,0.11780683,0.04205421,0.61833667,-28.58560968,3.00488922,0.61431953,-28.54535911,2.92839464,0.00721070,0.00085327,0.00109836,0.00587508,0.00178307,-0.00320958
8.660,-2.20258856,0.09143191,3.50274744,-0.25702417,-0.08098022,0.13379340,0.09454776,0.02978902,-0.04921664,-2.20982455,0.09057142,3.50166410,-0.26288939,-0.08275831,0.13700649,0.17296109,-28.70359523,2.96590478,0.44667817,0.11828954,0.04178414,0.61963926,-28.58530569,3.00768892,0.61567657,-28.54525015,2.93147955,0.00723599,0.00086049,0.00108334,0.00586522,0.00177809,-0.00321309
8.670,-2.20515407,0.09062359,3.50408291,-0.25607779,-0.08068204,0.13330077,0.09472832,0.02984591,-0.04931063,-2.21241518,0.08975597,3.50301460,-0.26193270,-0.08245511,0.13651725,0.17323352,-28.70375387,2.96896208,0.44768998,0.11876536,0.04151313,0.62092351,-28.58498851,3.01047521,0.61701568,-28.54512709,2.93455180,0.00726111,0.00086762,0.00106831,0.00585491,0.00177307,-0.00321648
8.680,-2.20771010,0.08981827,3.50541345,-0.25512961,-0.08038330,0.13280719,0.09490691,0.02990218,-0.04940360,-2.21499615,0.08894357,3.50436016,-0.26097377,-0.08215132,0.13602697,0.17350198,-28.70389233,2.97200711,0.44868804,0.11923632,0.04124134,0.62219002,-28.58465601,3.01324846,0.61833667,-28.54498971,2.93761117,0.00728605,0.00087470,0.00105329,0.00584416,0.00176802,-0.00321978
8.690,-2.21025665,0.08901593,3.50673905,-0.25417966,-0.08008400,0.13231270,0.09508353,0.02995782,-0.04949554,-2.21756744,0.08813423,3.50570077,-0.26001262,-0.08184694,0.13553564,0.17376647,-28.70401111,2.97503970,0.44967085,0.11970022,0.04096882,0.62343733,-28.58431090,3.01600852,0.61963926,-28.54483878,2.94065810,0.00731079,0.00088170,0.00103828,0.00583296,0.00176294,-0.00322294
8.700,-2.21279369,0.08821659,3.50805970,-0.25322795,-0.07978415,0.13181729,0.09525816,0.03001285,-0.04958644,-2.22012903,0.08732796,3.50703644,-0.25904929,-0.08154199,0.13504326,0.17402697,-28.70411026,2.97805992,0.45063928,0.12015840,0.04069558,0.62466625,-28.58395186,3.01875550,0.62092351,-28.54467495,2.94369214,0.00733534,0.00088863,0.00102326,0.00582134,0.00175784,-0.00322597
8.710,-2.21532121,0.08742025,3.50937539,-0.25227450,-0.07948375,0.13132097,0.09543080,0.03006724,-0.04967631,-2.22268091,0.08652476,3.50836713,-0.25808379,-0.08123647,0.13454985,0.17428349,-28.70419008,2.98106773,0.45159275,0.12061048,0.04042161,0.62587624,-28.58357961,3.02148934,0.62219002,-28.54449606,2.94671364,0.00735970,0.00089549,0.00100826,0.00580929,0.00175272,-0.00322888
8.720,-2.21783918,0.08662692,3.51068612,-0.25131934,-0.07918280,0.13082376,0.09560145,0.03012100,-0.04976514,-2.22522304,0.08572464,3.50969285,-0.25711617,-0.08093039,0.13405542,0.17453603,-28.70425068,2.98406320,0.45253212,0.12105700,0.04014717,0.62706815,-28.58319368,3.02421037,0.62343733,-28.54430481,2.94972247,0.00738386,0.00090228,0.00099327,0.00579683,0.00174759,-0.00323166
8.730,-2.22034759,0.08583659,3.51199186,-0.25036248,-0.07888133,0.13032567,0.09577009,0.03017414,-0.04985292,-2.22775541,0.08492760,3.51101359,-0.25614643,-0.08062377,0.13355995,0.17478457,-28.70429253,2.98704610,0.45345629,0.12149653,0.03987189,0.62824086,-28.58279601,3.02691800,0.62466625,-28.54409990,2.95271872,0.00740782,0.00090899,0.00097827,0.00578395,0.00174244,-0.00323428
8.740,-2.22284642,0.08504929,3.51329263,-0.24940394,-0.07857932,0.12982671,0.09593671,0.03022664,-0.04993966,-2.23027800,0.08413365,3.51232933,-0.25517463,-0.08031663,0.13306347,0.17502909,-28.70431547,2.99001675,0.45436646,0.12193145,0.03959636,0.62939555,-28.58238402,3.02961312,0.62587624,-28.54388202,2.95570232,0.00743158,0.00091564,0.00096330,0.00577069,0.00173731,-0.00323676
8.750,-2.22533566,0.08426501,3.51458840,-0.24844375,-0.07827680,0.12932688,0.09610132,0.03027850,-0.05002534,-2.23279080,0.08334279,3.51364006,-0.25420077,-0.08000896,0.13256598,0.17526963,-28.70431996,2.99297493,0.45526139,0.12236031,0.03932017,0.63053102,-28.58195965,3.03229510,0.62706815,-28.54365070,2.95867363,0.00745514,0.00092222,0.00094834,0.00575702,0.00173216,-0.00323910
8.760,-2.22781529,0.08348376,3.51587916,-0.24748192,-0.07797376,0.12882621,0.09626390,0.03032972,-0.05010997,-2.23529377,0.08255503,3.51494578,-0.25322490,-0.07970078,0.13206747,0.17550615,-28.70430620,2.99592064,0.45614146,0.12278379,0.03904337,0.63164761,-28.58152241,3.03496400,0.62824086,-28.54340788,2.96163201,0.00747848,0.00092873,0.00093338,0.00574298,0.00172702,-0.00324126
8.770,-2.23028529,0.08270554,3.51716492,-0.24651848,-0.07767021,0.12832469,0.09642444,0.03038030,-0.05019354,-2.23778690,0.08177037,3.51624648,-0.25224703,-0.07939210,0.13156797,0.17573865,-28.70427433,2.99885395,0.45700698,0.12320147,0.03876633,0.63274563,-28.58107286,3.03762028,0.62939555,-28.54315098,2.96457838,0.00750161,0.00093517,0.00091844,0.00572855,0.00172189,-0.00324328
8.780,-2.23274565,0.08193035,3.51844565,-0.24555344,-0.07736615,0.12782234,0.09658294,0.03043024,-0.05027605,-2.24027018,0.08098881,3.51754214,-0.25126720,-0.07908294,0.13106748,0.17596713,-28.70422474,3.00177471,0.45785722,0.12361307,0.03848868,0.63382435,-28.58061167,3.04026339,0.63053102,-28.54288193,2.96751210,0.00752453,0.00094154,0.00090351,0.00571376,0.00171679,-0.00324514
8.790,-2.23519636,0.08115822,3.51972136,-0.24458683,-0.07706160,0.12731917,0.09673939,0.03047953,-0.05035749,-2.24274358,0.08021037,3.51883275,-0.25028543,-0.07877330,0.13056600,0.17619159,-28.70415731,3.00468317,0.45869254,0.12402064,0.03821077,0.63488413,-28.58013667,3.04289394,0.63164761,-28.54260022,2.97043322,0.00754722,0.00094785,0.00088861,0.00569860,0.00171170,-0.00324683
8.800,-2.23763739,0.08038912,3.52099203,-0.24361866,-0.07675656,0.12681519,0.09689378,0.03052818,-0.05043786,-2.24520709,0.07943504,3.52011832,-0.24930176,-0.07846319,0.13006355,0.17641202,-28.70407264,3.00757903,0.45951294,0.12442142,0.03793248,0.63592496,-28.57965122,3.04551151,0.63274563,-28.54230643,2.97334219,0.00756970,0.00095408,0.00087371,0.00568310,0.00170663,-0.00324836
8.810,-2.24006872,0.07962309,3.52225766,-0.24264896,-0.07645104,0.12631042,0.09704611,0.03057617,-0.05051716,-2.24766068,0.07866283,3.52139881,-0.24831621,-0.07815263,0.12956013,0.17662841,-28.70397058,3.01046256,0.46031937,0.12481850,0.03765400,0.63694778,-28.57915208,3.04811656,0.63382435,-28.54200120,2.97623846,0.00759196,0.00096026,0.00085885,0.00566725,0.00170159,-0.00324971
8.820,-2.24249036,0.07886010,3.52351824,-0.24167774,-0.07614504,0.12580485,0.09719637,0.03062351,-0.05059537,-2.25010435,0.07789374,3.52267424,-0.24732882,-0.07784162,0.12905574,0.17684078,-28.70385167,3.01333353,0.46110990,0.12520892,0.03737525,0.63795067,-28.57864275,3.05070878,0.63488413,-28.54168237,2.97912264,0.00761399,0.00096636,0.00084400,0.00565108,0.00169658,-0.00325089
8.830,-2.24490227,0.07810019,3.52477376,-0.24070504,-0.07583857,0.12529851,0.09734455,0.03067020,-0.05067251,-2.25253807,0.07712778,3.52394458,-0.24633960,-0.07753018,0.12855041,0.17704910,-28.70371581,3.01619212,0.46188630,0.12559588,0.03709629,0.63893540,-28.57811992,3.05328842,0.63592496,-28.54135329,2.98199431,0.00763580,0.00097241,0.00082918,0.00563456,0.00169161,-0.00325190
8.840,-2.24730446,0.07734333,3.52602421,-0.23973086,-0.07553164,0.12479141,0.09749064,0.03071623,-0.05074855,-2.25496183,0.07636496,3.52520984,-0.24534859,-0.07721831,0.12804413,0.17725337,-28.70356355,3.01903812,0.46264678,0.12597638,0.03681709,0.63990015,-28.57758717,3.05585521,0.63694778,-28.54101072,2.98485391,0.00765737,0.00097837,0.00081437,0.00561773,0.00168667,-0.00325272
8.850,-2.24969689,0.07658956,3.52726958,-0.23875523,-0.07522425,0.12428355,0.09763464,0.03076160,-0.05082351,-2.25737560,0.07560527,3.52646999,-0.24435582,-0.07690603,0.12753692,0.17745359,-28.70339479,3.02187171,0.46339316,0.12635373,0.03653765,0.64084675,-28.57704106,3.05840936,0.63795067,-28.54065816,2.98770113,0.00767871,0.00098429,0.00079959,0.00560059,0.00168178,-0.00325337
8.860,-2.25207956,0.07583885,3.52850988,-0.23777817,-0.07491641,0.12377494,0.09777653,0.03080631,-0.05089737,-2.25977938,0.07484871,3.52772503,-0.24336132,-0.07659334,0.12702879,0.17764974,-28.70320996,3.02469279,0.46412446,0.12672493,0.03625833,0.64177420,-28.57648504,3.06095112,0.63893540,-28.54029228,2.99053622,0.00769982,0.00099014,0.00078485,0.00558315,0.00167693,-0.00325385
8.870,-2.25445245,0.07509123,3.52974508,-0.23679971,-0.07460813,0.12326560,0.09791632,0.03085035,-0.05097014,-2.26217314,0.07409530,3.52897496,-0.24236511,-0.07628026,0.12651974,0.17784184,-28.70300917,3.02750138,0.46484094,0.12709230,0.03597873,0.64268278,-28.57591686,3.06348011,0.63990015,-28.53991666,2.99335891,0.00772069,0.00099593,0.00077012,0.00556540,0.00167213,-0.00325414
8.880,-2.25681554,0.07434669,3.53097518,-0.23581985,-0.07429941,0.12275554,0.09805399,0.03089372,-0.05104180,-2.26455688,0.07334504,3.53021976,-0.24136723,-0.07596680,0.12600979,0.17802987,-28.70279272,3.03029742,0.46554299,0.12745481,0.03569907,0.64357286,-28.57533791,3.06599649,0.64084675,-28.53952786,2.99616938,0.00774134,0.00100165,0.00075542,0.00554738,0.00166739,-0.00325425
8.890,-2.25916884,0.07360524,3.53220019,-0.23483864,-0.07399025,0.12224477,0.09818954,0.03093643,-0.05111236,-2.26693057,0.07259792,3.53145942,-0.24036771,-0.07565296,0.12549896,0.17821384,-28.70256066,3.03308105,0.46622962,0.12781291,0.03541962,0.64444347,-28.57474775,3.06850067,0.64177420,-28.53912932,2.99896790,0.00776173,0.00100732,0.00074077,0.00552907,0.00166271,-0.00325419
8.900,-2.26151231,0.07286689,3.53342008,-0.23385607,-0.07368068,0.12173330,0.09832296,0.03097847,-0.05118181,-2.26929420,0.07185396,3.53269394,-0.23936656,-0.07533875,0.12498724,0.17839374,-28.70231328,3.03585216,0.46690208,0.12816720,0.03514006,0.64529582,-28.57414608,3.07099222,0.64268278,-28.53871880,3.00175406,0.00778189,0.00101293,0.00072614,0.00551049,0.00165807,-0.00325394
8.910,-2.26384596,0.07213163,3.53463485,-0.23287218,-0.07337069,0.12122114,0.09845424,0.03101983,-0.05125015,-2.27164776,0.07111316,3.53392331,-0.23836383,-0.07502419,0.12447465,0.17856955,-28.70205091,3.03861071,0.46755896,0.12851658,0.03486049,0.64612851,-28.57353433,3.07347119,0.64357286,-28.53829765,3.00452804,0.00780180,0.00101847,0.00071154,0.00549165,0.00165350,-0.00325351
8.920,-2.26616975,0.07139947,3.53584450,-0.23188699,-0.07306029,0.12070830,0.09858337,0.03106051,-0.05131737,-2.27399123,0.07037551,3.53514752,-0.23735955,-0.07470928,0.12396121,0.17874127,-28.70177364,3.04135676,0.46820195,0.12886173,0.03458115,0.64694322,-28.57291191,3.07593790,0.64444347,-28.53786547,3.00729023,0.00782148,0.00102396,0.00069698,0.00547256,0.00164899,-0.00325291
8.930,-2.26848369,0.07067043,3.53704901,-0.23090052,-0.07274948,0.12019479,0.09871035,0.03110052,-0.05138347,-2.27632459,0.06964103,3.53636656,-0.23635373,-0.07439404,0.12344692,0.17890891,-28.70148161,3.04409033,0.46882989,0.12920408,0.03430170,0.64773879,-28.57227752,3.07839203,0.64529582,-28.53742193,3.01004020,0.00784090,0.00102940,0.00068245,0.00545321,0.00164456,-0.00325213
8.940,-2.27078776,0.06994449,3.53824839,-0.22991279,-0.07243828,0.11968063,0.09883517,0.03113985,-0.05144844,-2.27864783,0.06890971,3.53758043,-0.23534641,-0.07407847,0.12293179,0.17907246,-28.70117515,3.04681138,0.46944314,0.12954159,0.03402259,0.64851559,-28.57163357,3.08083397,0.64612851,-28.53696845,3.01277798,0.00786007,0.00103478,0.00066796,0.00543362,0.00164019,-0.00325116
8.950,-2.27308194,0.06922166,3.53944262,-0.22892383,-0.07212669,0.11916583,0.09895782,0.03117849,-0.05151229,-2.28096095,0.06818156,3.53878911,-0.23433763,-0.07376258,0.12241585,0.17923190,-28.70085452,3.04951985,0.47004192,0.12987499,0.03374359,0.64927382,-28.57097952,3.08326344,0.64694322,-28.53650446,3.01550389,0.00787901,0.00104010,0.00065351,0.00541380,0.00163589,-0.00325002
8.960,-2.27536623,0.06850195,3.54063171,-0.22793364,-0.07181471,0.11865039,0.09907830,0.03121645,-0.05157501,-2.28326391,0.06745658,3.53999260,-0.23332740,-0.07344637,0.12189910,0.17938725,-28.70051974,3.05221588,0.47062620,0.13020487,0.03346498,0.65001345,-28.57031487,3.08568086,0.64773879,-28.53602864,3.01821761,0.00789768,0.00104537,0.00063911,0.00539376,0.00163166,-0.00324871
8.970,-2.27764061,0.06778537,3.54181563,-0.22694227,-0.07150236,0.11813433,0.09919659,0.03125372,-0.05163658,-2.28555672,0.06673478,3.54119088,-0.23231576,-0.07312987,0.12138155,0.17953849,-28.70017112,3.05489936,0.47119586,0.13053184,0.03318635,0.65073435,-28.56963928,3.08808571,0.64851559,-28.53554339,3.02091952,0.00791611,0.00105059,0.00062475,0.00537349,0.00162751,-0.00324722
8.980,-2.27990507,0.06707191,3.54299439,-0.22594972,-0.07118964,0.11761766,0.09931270,0.03129030,-0.05169702,-2.28783936,0.06601615,3.54238397,-0.23130274,-0.07281307,0.12086322,0.17968563,-28.69980890,3.05757031,0.47175112,0.13085485,0.03290806,0.65143675,-28.56895405,3.09047837,0.64927382,-28.53504818,3.02360932,0.00793429,0.00105576,0.00061042,0.00535302,0.00162343,-0.00324556
8.990,-2.28215960,0.06636158,3.54416798,-0.22495602,-0.07087655,0.11710039,0.09942661,0.03132619,-0.05175632,-2.29011181,0.06530071,3.54357184,-0.23028836,-0.07249599,0.12034412,0.17982865,-28.69943324,3.06022873,0.47229191,0.13117460,0.03263003,0.65212056,-28.56825864,3.09285876,0.65001345,-28.53454250,3.02628745,0.00795221,0.00106087,0.00059614,0.00533234,0.00161944,-0.00324373
9.000,-2.28440419,0.06565438,3.54533640,-0.22396120,-0.07056312,0.11658254,0.09953831,0.03136138,-0.05181446,-2.29237407,0.06458844,3.54475448,-0.22927266,-0.07217863,0.11982427,0.17996754,-28.69904436,3.06287464,0.47281820,0.13149065,0.03235244,0.65278574,-28.56755371,3.09522708,0.65073435,-28.53402600,3.02895336,0.00796988,0.00106594,0.00058192,0.00531146,0.00161551,-0.00324173
9.010,-2.28663882,0.06495032,3.54649963,-0.22296526,-0.07024933,0.11606411,0.09964780,0.03139588,-0.05187146,-2.29462611,0.06387936,3.54593190,-0.22825566,-0.07186100,0.11930367,0.18010231,-28.69864247,3.06550799,0.47333049,0.13180398,0.03207501,0.65343280,-28.56683849,3.09758300,0.65143675,-28.53349999,3.03160742,0.00798729,0.00107096,0.00056773,0.00529040,0.00161167,-0.00323956
9.020,-2.28886349,0.06424939,3.54765768,-0.22196825,-0.06993520,0.11554511,0.09975507,0.03142968,-0.05192730,-2.29686794,0.06317347,3.54710409,-0.22723740,-0.07154311,0.11878235,0.18023295,-28.69822781,3.06812880,0.47382814,0.13211331,0.03179806,0.65406110,-28.56611450,3.09992686,0.65212056,-28.53296392,3.03424957,0.00800445,0.00107592,0.00055359,0.00526915,0.00160791,-0.00323724
9.030,-2.29107818,0.06355161,3.54881053,-0.22097017,-0.06962074,0.11502557,0.09986012,0.03146278,-0.05198198,-2.29909953,0.06247076,3.54827103,-0.22621790,-0.07122497,0.11826032,0.18035948,-28.69780053,3.07073707,0.47431186,0.13242024,0.03152138,0.65467134,-28.56538029,3.10225844,0.65278574,-28.53241844,3.03687997,0.00802135,0.00108085,0.00053950,0.00524773,0.00160423,-0.00323475
9.040,-2.29328289,0.06285698,3.54995819,-0.21997105,-0.06930595,0.11450548,0.09996293,0.03149517,-0.05203550,-2.30132088,0.06177125,3.54943272,-0.22519719,-0.07090659,0.11773758,0.18048185,-28.69736077,3.07333287,0.47478133,0.13272451,0.03124520,0.65526318,-28.56463626,3.10457808,0.65343280,-28.53186278,3.03949831,0.00803799,0.00108573,0.00052547,0.00522614,0.00160064,-0.00323210
9.050,-2.29547760,0.06216549,3.55110064,-0.21897092,-0.06899084,0.11398486,0.10006350,0.03152686,-0.05208785,-2.30353198,0.06107492,3.55058916,-0.22417530,-0.07058796,0.11721416,0.18060009,-28.69690893,3.07591605,0.47523655,0.13302519,0.03096934,0.65583664,-28.56388374,3.10688540,0.65406110,-28.53129846,3.04210490,0.00805438,0.00109057,0.00051148,0.00520438,0.00159712,-0.00322930
9.060,-2.29766231,0.06147716,3.55223788,-0.21796979,-0.06867541,0.11346373,0.10016182,0.03155783,-0.05213903,-2.30573281,0.06038180,3.55174034,-0.22315226,-0.07026910,0.11669008,0.18071417,-28.69644504,3.07848674,0.47567756,0.13332378,0.03069388,0.65639173,-28.56312127,3.10918061,0.65467134,-28.53072402,3.04469954,0.00807050,0.00109536,0.00049754,0.00518247,0.00159369,-0.00322635
9.070,-2.29983699,0.06079199,3.55336991,-0.21696769,-0.06835968,0.11294208,0.10025788,0.03158810,-0.05218903,-2.30792337,0.05969187,3.55288625,-0.22212810,-0.06995002,0.11616534,0.18082410,-28.69596930,3.08104493,0.47610540,0.13362006,0.03041895,0.65692951,-28.56234923,3.11146388,0.65526318,-28.53013986,3.04728252,0.00808638,0.00110012,0.00048366,0.00516041,0.00159034,-0.00322326
9.080,-2.30200166,0.06010997,3.55449672,-0.21596464,-0.06804365,0.11241995,0.10035168,0.03161765,-0.05223786,-2.31010364,0.05900514,3.55402689,-0.22110284,-0.06963073,0.11563995,0.18092988,-28.69548205,3.08359053,0.47651836,0.13391298,0.03014446,0.65744824,-28.56156907,3.11373499,0.65583664,-28.52954732,3.04985349,0.00810198,0.00110483,0.00046983,0.00513820,0.00158708,-0.00322000
9.090,-2.30415628,0.05943112,3.55561831,-0.21496066,-0.06772733,0.11189733,0.10044321,0.03164649,-0.05228551,-2.31227361,0.05832162,3.55516225,-0.22007652,-0.06931122,0.11511395,0.18103151,-28.69498331,3.08612367,0.47691844,0.13420414,0.02987055,0.65794995,-28.56077917,3.11599422,0.65639173,-28.52894491,3.05241265,0.00811733,0.00110950,0.00045606,0.00511586,0.00158389,-0.00321662
9.100,-2.30630087,0.05875542,3.55673467,-0.21395578,-0.06741073,0.11137424,0.10053246,0.03167461,-0.05233197,-2.31443328,0.05764129,3.55629232,-0.21904916,-0.06899151,0.11458733,0.18112897,-28.69447352,3.08864418,0.47730367,0.13449157,0.02959710,0.65843264,-28.55998195,3.11824129,0.65692951,-28.52833304,3.05496014,0.00813241,0.00111413,0.00044235,0.00509338,0.00158078,-0.00321309
9.110,-2.30843540,0.05808290,3.55784579,-0.21295002,-0.06709384,0.11085070,0.10061943,0.03170201,-0.05237724,-2.31658264,0.05696417,3.55741711,-0.21802080,-0.06867161,0.11406012,0.18122226,-28.69395267,3.09115219,0.47767561,0.13477789,0.02932405,0.65889787,-28.55917478,3.12047624,0.65744824,-28.52771313,3.05749575,0.00814724,0.00111873,0.00042868,0.00507078,0.00157777,-0.00320942
9.120,-2.31055986,0.05741355,3.55895168,-0.21194340,-0.06677669,0.11032670,0.10070410,0.03172869,-0.05242131,-2.31872168,0.05629026,3.55853660,-0.21699146,-0.06835151,0.11353233,0.18131138,-28.69342098,3.09364772,0.47803440,0.13506187,0.02905168,0.65934577,-28.55835911,3.12269940,0.65794995,-28.52708355,3.06001975,0.00816182,0.00112329,0.00041508,0.00504806,0.00157482,-0.00320563
9.130,-2.31267426,0.05674737,3.56005233,-0.21093595,-0.06645927,0.10980227,0.10078647,0.03175464,-0.05246419,-2.32085038,0.05561956,3.55965078,-0.21596116,-0.06803124,0.11300397,0.18139632,-28.69287872,3.09613071,0.47837900,0.13534344,0.02877987,0.65977531,-28.55753527,3.12491058,0.65843264,-28.52644675,3.06253183,0.00817612,0.00112781,0.00040155,0.00502521,0.00157197,-0.00320170
9.140,-2.31477858,0.05608436,3.56114772,-0.20992768,-0.06614160,0.10927742,0.10086654,0.03177987,-0.05250587,-2.32296874,0.05495206,3.56075967,-0.21492995,-0.06771078,0.11247507,0.18147709,-28.69232618,3.09860105,0.47870980,0.13562249,0.02850839,0.66018689,-28.55670370,3.12710944,0.65889787,-28.52580007,3.06503207,0.00819016,0.00113230,0.00038805,0.00500227,0.00156918,-0.00319765
9.150,-2.31687281,0.05542454,3.56223787,-0.20891862,-0.06582368,0.10875216,0.10094429,0.03180436,-0.05254634,-2.32507676,0.05428778,3.56186324,-0.21389784,-0.06739015,0.11194563,0.18155366,-28.69176329,3.10105901,0.47902770,0.13590048,0.02823766,0.66058136,-28.55586280,3.12929667,0.65934577,-28.52514497,3.06752074,0.00820395,0.00113676,0.00037463,0.00497922,0.00156647,-0.00319347
9.160,-2.31895695,0.05476789,3.56332277,-0.20790880,-0.06550551,0.10822650,0.10101971,0.03182813,-0.05258560,-2.32717442,0.05362671,3.56296150,-0.21286486,-0.06706936,0.11141567,0.18162603,-28.69119044,3.10350440,0.47933182,0.13617568,0.02796761,0.66095785,-28.55501477,3.13147201,0.65977531,-28.52448178,3.06999768,0.00821747,0.00114118,0.00036127,0.00495606,0.00156385,-0.00318917
9.170,-2.32103099,0.05411443,3.56440240,-0.20689824,-0.06518712,0.10770045,0.10109281,0.03185116,-0.05262366,-2.32926171,0.05296885,3.56405444,-0.21183105,-0.06674841,0.11088522,0.18169422,-28.69060780,3.10593725,0.47962230,0.13644951,0.02769789,0.66131652,-28.55415830,3.13363514,0.66018689,-28.52381092,3.07246252,0.00823072,0.00114558,0.00034796,0.00493281,0.00156129,-0.00318477
9.180,-2.32309491,0.05346415,3.56547677,-0.20588695,-0.06486849,0.10717403,0.10116357,0.03187345,-0.05266049,-2.33133864,0.05231422,3.56514205,-0.21079643,-0.06642730,0.11035427,0.18175821,-28.69001559,3.10835755,0.47990010,0.13672123,0.02742888,0.66165831,-28.55329436,3.13578643,0.66058136,-28.52313081,3.07491595,0.00824373,0.00114993,0.00033472,0.00490948,0.00155881,-0.00318024
9.190,-2.32514872,0.05281706,3.56654588,-0.20487497,-0.06454965,0.10664725,0.10123199,0.03189501,-0.05269610,-2.33340519,0.05166279,3.56622434,-0.20976102,-0.06610605,0.10982286,0.18181800,-28.68941388,3.11076539,0.48016443,0.13699126,0.02716057,0.66198243,-28.55242262,3.13792597,0.66095785,-28.52244362,3.07735770,0.00825647,0.00115427,0.00032154,0.00488605,0.00155640,-0.00317561
9.200,-2.32719241,0.05217316,3.56760972,-0.20386232,-0.06423059,0.10612011,0.10129805,0.03191582,-0.05273049,-2.33546135,0.05101459,3.56730129,-0.20872487,-0.06578465,0.10929099,0.18187357,-28.68880296,3.11316072,0.48041538,0.13725967,0.02689284,0.66228894,-28.55154330,3.14005356,0.66131652,-28.52174807,3.07978745,0.00826894,0.00115857,0.00030843,0.00486255,0.00155406,-0.00317088
9.210,-2.32922597,0.05153245,3.56866828,-0.20284902,-0.06391134,0.10559264,0.10136175,0.03193589,-0.05276365,-2.33750712,0.05036960,3.56837291,-0.20768798,-0.06546312,0.10875868,0.18192492,-28.68818306,3.11554348,0.48065305,0.13752619,0.02662562,0.66257796,-28.55065688,3.14216910,0.66165831,-28.52104510,3.08220555,0.00828115,0.00116285,0.00029537,0.00483896,0.00155178,-0.00316604
9.220,-2.33124939,0.05089493,3.56972157,-0.20183509,-0.06359188,0.10506484,0.10142309,0.03195522,-0.05279558,-2.33954250,0.04972784,3.56943919,-0.20665040,-0.06514145,0.10822595,0.18197206,-28.68755431,3.11791375,0.48087796,0.13779089,0.02635917,0.66285003,-28.54976342,3.14427292,0.66198243,-28.52033440,3.08461209,0.00829311,0.00116709,0.00028238,0.00481531,0.00154957,-0.00316111
9.230,-2.33326267,0.05026061,3.57076958,-0.20082057,-0.06327223,0.10453673,0.10148205,0.03197380,-0.05282627,-2.34156747,0.04908930,3.57050012,-0.20561215,-0.06481965,0.10769281,0.18201497,-28.68691688,3.12027153,0.48108974,0.13805438,0.02609334,0.66310472,-28.54886250,3.14636487,0.66228894,-28.51961616,3.08700687,0.00830480,0.00117131,0.00026946,0.00479158,0.00154742,-0.00315608
9.240,-2.33526580,0.04962949,3.57181230,-0.19980546,-0.06295241,0.10400832,0.10153863,0.03199162,-0.05285573,-2.34358204,0.04845398,3.57155571,-0.20457326,-0.06449773,0.10715928,0.18205366,-28.68627101,3.12261678,0.48128863,0.13831651,0.02582801,0.66334229,-28.54795451,3.14844480,0.66257796,-28.51889088,3.08938976,0.00831624,0.00117551,0.00025659,0.00476780,0.00154532,-0.00315096
9.250,-2.33725877,0.04900156,3.57284974,-0.19878980,-0.06263240,0.10347962,0.10159282,0.03200870,-0.05288394,-2.34558619,0.04782188,3.57260594,-0.20353376,-0.06417570,0.10662537,0.18208811,-28.68561692,3.12494952,0.48147493,0.13857651,0.02556348,0.66356304,-28.54704041,3.15051300,0.66285003,-28.51815862,3.09176110,0.00832742,0.00117968,0.00024380,0.00474396,0.00154330,-0.00314575
9.260,-2.33924159,0.04837684,3.57388189,-0.19777361,-0.06231223,0.10295065,0.10164462,0.03202502,-0.05291090,-2.34757993,0.04719301,3.57365083,-0.20249366,-0.06385355,0.10609110,0.18211834,-28.68495468,3.12726980,0.48164802,0.13883571,0.02529954,0.66376635,-28.54611896,3.15256933,0.66310472,-28.51741895,3.09412073,0.00833834,0.00118383,0.00023106,0.00472005,0.00154132,-0.00314045
9.270,-2.34121425,0.04775532,3.57490875,-0.19675692,-0.06199191,0.10242141,0.10169401,0.03204058,-0.05293661,-2.34956324,0.04656736,3.57469035,-0.20145301,-0.06353130,0.10555648,0.18214430,-28.68428456,3.12957758,0.48180802,0.13909318,0.02503626,0.66395233,-28.54519137,3.15461384,0.66334229,-28.51667225,3.09646848,0.00834899,0.00118796,0.00021840,0.00469609,0.00153939,-0.00313507
9.280,-2.34317673,0.04713700,3.57593032,-0.19573974,-0.06167143,0.10189192,0.10174099,0.03205538,-0.05296106,-2.35153612,0.04594494,3.57572452,-0.20041182,-0.06320894,0.10502154,0.18216603,-28.68360675,3.13187287,0.48195596,0.13934902,0.02477376,0.66412199,-28.54425773,3.15664663,0.66356304,-28.51591948,3.09880464,0.00835939,0.00119206,0.00020580,0.00467208,0.00153751,-0.00312962
9.290,-2.34512904,0.04652189,3.57694659,-0.19472211,-0.06135080,0.10136219,0.10178555,0.03206942,-0.05298426,-2.35349857,0.04532575,3.57675333,-0.19937013,-0.06288648,0.10448628,0.18218350,-28.68292140,3.13415569,0.48209097,0.13960390,0.02451183,0.66427447,-28.54331750,3.15866751,0.66376635,-28.51515941,3.10112908,0.00836953,0.00119614,0.00019326,0.00464802,0.00153568,-0.00312409
9.300,-2.34707117,0.04590999,3.57795756,-0.19370404,-0.06103004,0.10083224,0.10182769,0.03208270,-0.05300619,-2.35545058,0.04470979,3.57777677,-0.19832796,-0.06256392,0.10395072,0.18219672,-28.68222871,3.13642603,0.48221353,0.13985765,0.02425055,0.66441025,-28.54237106,3.16067658,0.66395233,-28.51439324,3.10344181,0.00837941,0.00120020,0.00018079,0.00462392,0.00153388,-0.00311848
9.310,-2.34900312,0.04530129,3.57896324,-0.19268556,-0.06070915,0.10030207,0.10186739,0.03209521,-0.05302686,-2.35739216,0.04409706,3.57879484,-0.19728534,-0.06224128,0.10341488,0.18220567,-28.68152887,3.13868392,0.48232348,0.14010932,0.02399016,0.66452915,-28.54141955,3.16267408,0.66412199,-28.51362105,3.10574295,0.00838904,0.00120423,0.00016840,0.00459978,0.00153213,-0.00311281
9.320,-2.35092488,0.04469580,3.57996361,-0.19166670,-0.06038814,0.09977171,0.10190466,0.03210695,-0.05304626,-2.35932329,0.04348755,3.57980754,-0.19624230,-0.06191855,0.10287877,0.18221037,-28.68082210,3.14092930,0.48242097,0.14035975,0.02373033,0.66463134,-28.54046235,3.16465963,0.66427447,-28.51284232,3.10803229,0.00839841,0.00120825,0.00015607,0.00457560,0.00153041,-0.00310706
9.330,-2.35283645,0.04409353,3.58095867,-0.19064748,-0.06006701,0.09924115,0.10193947,0.03211792,-0.05306438,-2.36124398,0.04288128,3.58081488,-0.19519886,-0.06159574,0.10234241,0.18221077,-28.68010851,3.14316224,0.48250603,0.14060972,0.02347103,0.66471680,-28.53949879,3.16663327,0.66441025,-28.51205740,3.11030992,0.00840753,0.00121225,0.00014379,0.00455138,0.00152873,-0.00310126
9.340,-2.35473783,0.04349446,3.58194843,-0.18962792,-0.05974578,0.09871042,0.10197183,0.03212811,-0.05308123,-2.36315421,0.04227824,3.58181684,-0.19415505,-0.06127285,0.10180581,0.18220691,-28.67938838,3.14538270,0.48257848,0.14085732,0.02321258,0.66478539,-28.53853106,3.16859527,0.66452915,-28.51126745,3.11257607,0.00841638,0.00121622,0.00013159,0.00452713,0.00152707,-0.00309539
9.350,-2.35662901,0.04289861,3.58293288,-0.18860805,-0.05942445,0.09817953,0.10200173,0.03213753,-0.05309679,-2.36505400,0.04167843,3.58281342,-0.19311090,-0.06094989,0.10126899,0.18219877,-28.67866178,3.14759073,0.48263883,0.14110426,0.02295477,0.66483760,-28.53755752,3.17054550,0.66463134,-28.51047185,3.11483036,0.00842499,0.00122018,0.00011946,0.00450285,0.00152544,-0.00308946
9.360,-2.35850999,0.04230598,3.58391202,-0.18758789,-0.05910303,0.09764849,0.10202916,0.03214617,-0.05311107,-2.36694333,0.04108185,3.58380463,-0.19206643,-0.06062686,0.10073197,0.18218634,-28.67792889,3.14978636,0.48268701,0.14135041,0.02269763,0.66487335,-28.53657847,3.17248399,0.66471680,-28.50966990,3.11707283,0.00843334,0.00122413,0.00010739,0.00447854,0.00152383,-0.00308348
9.370,-2.36038076,0.04171655,3.58488585,-0.18656747,-0.05878153,0.09711731,0.10205411,0.03215403,-0.05312405,-2.36882220,0.04048851,3.58479046,-0.19102168,-0.06030377,0.10019475,0.18216962,-28.67719005,3.15196947,0.48272312,0.14159407,0.02244125,0.66489274,-28.53559598,3.17441073,0.66478539,-28.50886381,3.11930372,0.00844144,0.00122804,0.00009539,0.00445421,0.00152224,-0.00307744
9.380,-2.36224134,0.04113035,3.58585436,-0.18554682,-0.05845996,0.09658601,0.10207657,0.03216111,-0.05313575,-2.37069062,0.03989839,3.58577092,-0.18997666,-0.05998062,0.09965736,0.18214858,-28.67644525,3.15414020,0.48274627,0.14183755,0.02218535,0.66489485,-28.53460770,3.17632554,0.66483760,-28.50805194,3.12152291,0.00844928,0.00123196,0.00008344,0.00442984,0.00152066,-0.00307135
9.390,-2.36409170,0.04054735,3.58681757,-0.18452595,-0.05813831,0.09605460,0.10209654,0.03216740,-0.05314615,-2.37254857,0.03931152,3.58674599,-0.18893140,-0.05965740,0.09911981,0.18212325,-28.67569480,3.15629848,0.48275805,0.14207847,0.02193049,0.66488130,-28.53361633,3.17822897,0.66487335,-28.50723459,3.12373041,0.00845687,0.00123583,0.00007158,0.00440545,0.00151909,-0.00306521
9.400,-2.36593185,0.03996758,3.58777546,-0.18350489,-0.05781661,0.09552310,0.10211402,0.03217291,-0.05315524,-2.37439607,0.03872787,3.58771568,-0.18788594,-0.05933414,0.09858212,0.18209363,-28.67493874,3.15844439,0.48275789,0.14231911,0.02167620,0.66485152,-28.53261964,3.18012060,0.66489274,-28.50641381,3.12592621,0.00846422,0.00123971,0.00005978,0.00438105,0.00151753,-0.00305902
9.410,-2.36776180,0.03939102,3.58872803,-0.18248368,-0.05749486,0.09499150,0.10212898,0.03217762,-0.05316303,-2.37623310,0.03814746,3.58867999,-0.18684029,-0.05901083,0.09804429,0.18205967,-28.67417743,3.16057783,0.48274479,0.14255776,0.02142248,0.66480446,-28.53161967,3.18200031,0.66489485,-28.50558726,3.12811014,0.00847130,0.00124356,0.00004804,0.00435661,0.00151597,-0.00305279
9.420,-2.36958153,0.03881768,3.58967529,-0.18146232,-0.05717306,0.09445984,0.10214143,0.03218155,-0.05316951,-2.37805967,0.03757029,3.58963891,-0.18579449,-0.05868747,0.09750634,0.18202140,-28.67341086,3.16269891,0.48272036,0.14279528,0.02116963,0.66474176,-28.53061558,3.18386855,0.66488130,-28.50475764,3.13028271,0.00847814,0.00124739,0.00003638,0.00433217,0.00151441,-0.00304650
9.430,-2.37139104,0.03824756,3.59061723,-0.18044086,-0.05685123,0.09392812,0.10215137,0.03218468,-0.05317468,-2.37987578,0.03699635,3.59059245,-0.18474855,-0.05836407,0.09696830,0.18197882,-28.67263930,3.16480760,0.48268417,0.14303155,0.02091743,0.66466299,-28.52960775,3.18572503,0.66485152,-28.50392270,3.13244351,0.00848474,0.00125121,0.00002478,0.00430769,0.00151284,-0.00304018
9.440,-2.37319034,0.03768066,3.59155385,-0.17941930,-0.05652937,0.09339635,0.10215877,0.03218701,-0.05317854,-2.38168142,0.03642565,3.59154061,-0.18370252,-0.05804063,0.09643017,0.18193190,-28.67186291,3.16690389,0.48263588,0.14326654,0.02066586,0.66456777,-28.52859637,3.18756975,0.66480446,-28.50308450,3.13459242,0.00849108,0.00125501,0.00001324,0.00428322,0.00151126,-0.00303382
9.450,-2.37497943,0.03711697,3.59248515,-0.17839769,-0.05620749,0.09286455,0.10216363,0.03218854,-0.05318107,-2.38347661,0.03585818,3.59248338,-0.18265640,-0.05771716,0.09589197,0.18188063,-28.67108195,3.16898774,0.48257518,0.14349936,0.02041497,0.66445581,-28.52758258,3.18940270,0.66474176,-28.50224221,3.13672986,0.00849718,0.00125879,0.00000177,0.00425871,0.00150967,-0.00302742
9.460,-2.37675830,0.03655651,3.59341114,-0.17737604,-0.05588560,0.09233273,0.10216595,0.03218927,-0.05318228,-2.38526132,0.03529395,3.59342077,-0.18161023,-0.05739367,0.09535372,0.18182503,-28.67029635,3.17105933,0.48250321,0.14373156,0.02016491,0.66432824,-28.52656478,3.19122425,0.66466299,-28.50139617,3.13885555,0.00850302,0.00126256,-0.00000963,0.00423419,0.00150807,-0.00302099
9.470,-2.37852695,0.03599926,3.59433181,-0.17635438,-0.05556371,0.09180091,0.10216572,0.03218920,-0.05318216,-2.38703558,0.03473295,3.59435278,-0.18056404,-0.05707014,0.09481542,0.18176508,-28.66950651,3.17311850,0.48241948,0.14396150,0.01991559,0.66418456,-28.52554501,3.19303409,0.66456777,-28.50054658,3.14096949,0.00850863,0.00126631,-0.00002097,0.00420966,0.00150643,-0.00301451
9.480,-2.38028539,0.03544523,3.59524716,-0.17533273,-0.05524182,0.09126909,0.10216294,0.03218832,-0.05318071,-2.38879937,0.03417519,3.59527940,-0.17951785,-0.05674660,0.09427710,0.18170080,-28.66871252,3.17516532,0.48232367,0.14418999,0.01966690,0.66402447,-28.52452253,3.19483222,0.66445581,-28.49969460,3.14307164,0.00851398,0.00127004,-0.00003224,0.00418512,0.00150478,-0.00300801
9.490,-2.38203361,0.03489442,3.59615719,-0.17431113,-0.05491994,0.09073730,0.10215758,0.03218664,-0.05317792,-2.39055270,0.03362067,3.59620064,-0.17847168,-0.05642304,0.09373876,0.18163214,-28.66791454,3.17719978,0.48221630,0.14441700,0.01941891,0.66384844,-28.52349754,3.19661870,0.66432824,-28.49883861,3.14516237,0.00851909,0.00127375,-0.00004345,0.00416055,0.00150310,-0.00300146
9.500,-2.38377161,0.03434683,3.59706190,-0.17328959,-0.05459809,0.09020554,0.10214965,0.03218414,-0.05317379,-2.39229557,0.03306938,3.59711649,-0.17742557,-0.05609947,0.09320043,0.18155911,-28.66711275,3.17922191,0.48209749,0.14464244,0.01917160,0.66365660,-28.52247032,3.19839351,0.66418456,-28.49798063,3.14724138,0.00852396,0.00127745,-0.00005459,0.00413598,0.00150138,-0.00299489
9.510,-2.38549940,0.03380246,3.59796130,-0.17226814,-0.05427626,0.08967383,0.10213915,0.03218083,-0.05316832,-2.39402799,0.03252133,3.59802696,-0.17637954,-0.05577588,0.09266211,0.18148174,-28.66630725,3.18123177,0.48196699,0.14486630,0.01892513,0.66344873,-28.52144095,3.20015690,0.66402447,-28.49711996,3.14930864,0.00852859,0.00128113,-0.00006566,0.00411140,0.00149962,-0.00298828
9.520,-2.38721697,0.03326131,3.59885538,-0.17124682,-0.05395448,0.08914218,0.10212605,0.03217670,-0.05316151,-2.39574995,0.03197652,3.59893205,-0.17533361,-0.05545230,0.09212383,0.18139996,-28.66549827,3.18322931,0.48182507,0.14508850,0.01867933,0.66322503,-28.52040977,3.20190864,0.66384844,-28.49625677,3.15136421,0.00853298,0.00128479,-0.00007667,0.00408679,0.00149782,-0.00298165
9.530,-2.38892433,0.03272337,3.59974414,-0.17022563,-0.05363273,0.08861060,0.10211036,0.03217176,-0.05315334,-2.39746145,0.03143494,3.59983176,-0.17428781,-0.05512871,0.09158559,0.18131382,-28.66468604,3.18521447,0.48167137,0.14530842,0.01843418,0.66298519,-28.51937762,3.20364865,0.66365660,-28.49539134,3.15340808,0.00853712,0.00128843,-0.00008762,0.00406218,0.00149598,-0.00297499
9.540,-2.39062149,0.03218865,3.60062759,-0.16920462,-0.05331104,0.08807912,0.10209206,0.03216599,-0.05314381,-2.39916250,0.03089659,3.60072609,-0.17324217,-0.05480513,0.09104741,0.18122328,-28.66387060,3.18718739,0.48150565,0.14552654,0.01818984,0.66272893,-28.51834406,3.20537723,0.66344873,-28.49452376,3.15544046,0.00854101,0.00129206,-0.00009850,0.00403755,0.00149409,-0.00296829
9.550,-2.39230843,0.03165715,3.60150573,-0.16818380,-0.05298942,0.08754773,0.10207116,0.03215941,-0.05313293,-2.40085311,0.03036148,3.60161504,-0.17219671,-0.05448156,0.09050931,0.18112836,-28.66305209,3.18914807,0.48132912,0.14574298,0.01794631,0.66245748,-28.51730912,3.20709438,0.66322503,-28.49365434,3.15746113,0.00854468,0.00129567,-0.00010931,0.00401291,0.00149214,-0.00296158
9.560,-2.39398516,0.03112887,3.60237855,-0.16716320,-0.05266786,0.08701646,0.10204764,0.03215200,-0.05312069,-2.40253326,0.02982961,3.60249861,-0.17115146,-0.05415800,0.08997130,0.18102904,-28.66223075,3.19109646,0.48114123,0.14595788,0.01770337,0.66217026,-28.51627287,3.20879984,0.66298519,-28.49278396,3.15947002,0.00854810,0.00129926,-0.00012006,0.00398826,0.00149014,-0.00295484
9.570,-2.39565169,0.03060379,3.60324606,-0.16614286,-0.05234638,0.08648532,0.10202149,0.03214376,-0.05310708,-2.40420298,0.02930097,3.60337681,-0.17010644,-0.05383446,0.08943339,0.18092530,-28.66140685,3.19303252,0.48094137,0.14616944,0.01746124,0.66186667,-28.51523740,3.21049376,0.66272893,-28.49191214,3.16146740,0.00855129,0.00130282,-0.00013075,0.00396358,0.00148808,-0.00294807
9.580,-2.39730802,0.03008194,3.60410825,-0.16512278,-0.05202499,0.08595433,0.10199271,0.03213469,-0.05309210,-2.40586225,0.02877557,3.60424963,-0.16906168,-0.05351094,0.08889560,0.18081716,-28.66058034,3.19495636,0.48073012,0.14638018,0.01721962,0.66154727,-28.51420017,3.21217598,0.66245748,-28.49103892,3.16345327,0.00855423,0.00130637,-0.00014138,0.00393890,0.00148595,-0.00294127
9.590,-2.39895415,0.02956329,3.60496514,-0.16410301,-0.05170369,0.08542348,0.10196129,0.03212479,-0.05307574,-2.40751109,0.02825340,3.60511708,-0.16801721,-0.05318745,0.08835794,0.18070459,-28.65975152,3.19686793,0.48050739,0.14658761,0.01697893,0.66121199,-28.51316392,3.21384686,0.66217026,-28.49016439,3.16542736,0.00855694,0.00130989,-0.00015194,0.00391420,0.00148376,-0.00293446
9.600,-2.40059008,0.02904786,3.60581672,-0.16308357,-0.05138249,0.08489281,0.10192723,0.03211406,-0.05305801,-2.40914949,0.02773446,3.60597916,-0.16697304,-0.05286399,0.08782043,0.18058762,-28.65892044,3.19876731,0.48027354,0.14679343,0.01673892,0.66086116,-28.51212701,3.21550623,0.66186667,-28.48929060,3.16738982,0.00855941,0.00131340,-0.00016244,0.00388947,0.00148150,-0.00292762
9.610,-2.40221582,0.02853564,3.60666300,-0.16206447,-0.05106141,0.08436233,0.10189051,0.03210249,-0.05303889,-2.41077747,0.02721876,3.60683587,-0.16592921,-0.05254056,0.08728308,0.18046621,-28.65808728,3.20065450,0.48002837,0.14699669,0.01649978,0.66049458,-28.51109059,3.21715428,0.66154727,-28.48841502,3.16934047,0.00856165,0.00131688,-0.00017287,0.00386474,0.00147915,-0.00292075
9.620,-2.40383137,0.02802664,3.60750397,-0.16104576,-0.05074045,0.08383204,0.10185113,0.03209008,-0.05301839,-2.41239503,0.02670629,3.60768721,-0.16488575,-0.05221718,0.08674590,0.18034036,-28.65725217,3.20252951,0.47977183,0.14719836,0.01626121,0.66011219,-28.51005381,3.21879072,0.66121199,-28.48754040,3.17127967,0.00856366,0.00132035,-0.00018324,0.00383999,0.00147673,-0.00291386
9.630,-2.40543674,0.02752084,3.60833964,-0.16002746,-0.05041961,0.08330197,0.10180908,0.03207683,-0.05299651,-2.41400216,0.02619705,3.60853319,-0.16384267,-0.05189384,0.08620891,0.18021006,-28.65641538,3.20439228,0.47950360,0.14739684,0.01602345,0.65971367,-28.50901853,3.22041573,0.66086116,-28.48666509,3.17320725,0.00856542,0.00132379,-0.00019355,0.00381521,0.00147423,-0.00290694
9.640,-2.40703192,0.02701824,3.60917001,-0.15900959,-0.05009891,0.08277212,0.10176435,0.03206274,-0.05297322,-2.41559888,0.02569104,3.60937381,-0.16280000,-0.05157056,0.08567213,0.18007531,-28.65557704,3.20624282,0.47922443,0.14759215,0.01578647,0.65929974,-28.50798488,3.22202930,0.66049458,-28.48579024,3.17512339,0.00856696,0.00132720,-0.00020380,0.00379041,0.00147165,-0.00290001
9.650,-2.40861693,0.02651886,3.60999508,-0.15799218,-0.04977836,0.08224251,0.10171694,0.03204780,-0.05294854,-2.41718519,0.02518827,3.61020907,-0.16175777,-0.05124733,0.08513557,0.17993611,-28.65473716,3.20808127,0.47893375,0.14778587,0.01555013,0.65886986,-28.50695129,3.22363140,0.66011219,-28.48491498,3.17702778,0.00856826,0.00133059,-0.00021399,0.00376559,0.00146897,-0.00289306
9.660,-2.41019177,0.02602267,3.61081486,-0.15697526,-0.04945796,0.08171315,0.10166684,0.03203202,-0.05292246,-2.41876110,0.02468872,3.61103897,-0.16071600,-0.05092417,0.08459923,0.17979245,-28.65389606,3.20990750,0.47863155,0.14797565,0.01531467,0.65842400,-28.50592041,3.22522217,0.65971367,-28.48404120,3.17892061,0.00856933,0.00133395,-0.00022411,0.00374074,0.00146621,-0.00288608
9.670,-2.41175644,0.02552970,3.61162935,-0.15595885,-0.04913772,0.08118406,0.10161404,0.03201538,-0.05289498,-2.42032661,0.02419240,3.61186352,-0.15967472,-0.05060107,0.08406315,0.17964432,-28.65305367,3.21172171,0.47831855,0.14816398,0.01507996,0.65796287,-28.50488969,3.22680166,0.65929974,-28.48316900,3.18080185,0.00857017,0.00133730,-0.00023417,0.00371587,0.00146335,-0.00287909
9.680,-2.41331095,0.02503992,3.61243854,-0.15494299,-0.04881765,0.08065526,0.10155853,0.03199789,-0.05286608,-2.42188172,0.02369931,3.61268272,-0.15863396,-0.05027804,0.08352732,0.17949170,-28.65221043,3.21352365,0.47799379,0.14834854,0.01484585,0.65748550,-28.50386188,3.22836951,0.65886986,-28.48229680,3.18267147,0.00857077,0.00134061,-0.00024418,0.00369097,0.00146039,-0.00287206
9.690,-2.41485530,0.02455334,3.61324245,-0.15392769,-0.04849777,0.08012674,0.10150031,0.03197955,-0.05283578,-2.42342645,0.02320945,3.61349657,-0.15759374,-0.04995510,0.08299177,0.17933461,-28.65136627,3.21531353,0.47765813,0.14853003,0.01461262,0.65699274,-28.50283624,3.22992615,0.65842400,-28.48142728,3.18452961,0.00857115,0.00134389,-0.00025412,0.00366605,0.00145733,-0.00286503
9.700,-2.41638950,0.02406996,3.61404108,-0.15291299,-0.04817807,0.07959854,0.10143937,0.03196035,-0.05280405,-2.42496080,0.02272281,3.61430508,-0.15655408,-0.04963224,0.08245651,0.17917303,-28.65052137,3.21709134,0.47731130,0.14870864,0.01438023,0.65648433,-28.50181273,3.23147157,0.65796287,-28.48055786,3.18637630,0.00857130,0.00134715,-0.00026400,0.00364109,0.00145417,-0.00285797
9.710,-2.41791356,0.02358978,3.61483443,-0.15189892,-0.04785856,0.07907067,0.10137570,0.03194029,-0.05277091,-2.42648478,0.02223940,3.61510825,-0.15551501,-0.04930947,0.08192155,0.17900694,-28.64967586,3.21885709,0.47695304,0.14888442,0.01414860,0.65595998,-28.50079144,3.23300569,0.65748550,-28.47969130,3.18821117,0.00857122,0.00135038,-0.00027382,0.00361609,0.00145091,-0.00285088
9.720,-2.41942748,0.02311279,3.61562250,-0.15088549,-0.04753926,0.07854313,0.10130929,0.03191937,-0.05273635,-2.42799839,0.02175922,3.61590608,-0.15447656,-0.04898680,0.08138691,0.17883635,-28.64882996,3.22061073,0.47658358,0.14905663,0.01391769,0.65541993,-28.49977333,3.23452841,0.65699274,-28.47882685,3.19003466,0.00857091,0.00135357,-0.00028358,0.00359107,0.00144754,-0.00284378
9.730,-2.42093127,0.02263899,3.61640529,-0.14987274,-0.04722018,0.07801595,0.10124015,0.03189758,-0.05270035,-2.42950165,0.02128225,3.61669857,-0.15343875,-0.04866423,0.08085260,0.17866126,-28.64798383,3.22235226,0.47620265,0.14922534,0.01368744,0.65486391,-28.49875850,3.23603971,0.65648433,-28.47796447,3.19184674,0.00857038,0.00135674,-0.00029328,0.00356601,0.00144405,-0.00283665
9.740,-2.42242494,0.02216839,3.61718282,-0.14886069,-0.04690131,0.07748913,0.10116825,0.03187493,-0.05266292,-2.43099455,0.02080851,3.61748574,-0.15240160,-0.04834177,0.08031864,0.17848164,-28.64713741,3.22408188,0.47581063,0.14939145,0.01345811,0.65429227,-28.49774597,3.23753998,0.65595998,-28.47710424,3.19364731,0.00856961,0.00135988,-0.00030292,0.00354091,0.00144046,-0.00282951
9.750,-2.42390849,0.02170097,3.61795507,-0.14784938,-0.04658268,0.07696269,0.10109359,0.03185141,-0.05262406,-2.43247711,0.02033798,3.61826758,-0.15136515,-0.04801942,0.07978503,0.17829749,-28.64629112,3.22579934,0.47540707,0.14955347,0.01322931,0.65370456,-28.49673764,3.23902865,0.65541993,-28.47624713,3.19543630,0.00856862,0.00136299,-0.00031251,0.00351577,0.00143674,-0.00282234
9.760,-2.42538193,0.02123673,3.61872207,-0.14683883,-0.04626429,0.07643665,0.10101618,0.03182701,-0.05258376,-2.43394933,0.01987068,3.61904410,-0.15032942,-0.04769720,0.07925180,0.17810883,-28.64544492,3.22750483,0.47499247,0.14971138,0.01300158,0.65310130,-28.49573354,3.24050641,0.65486391,-28.47539323,3.19721365,0.00856740,0.00136605,-0.00032203,0.00349059,0.00143291,-0.00281515
9.770,-2.42684527,0.02077568,3.61948381,-0.14582907,-0.04594614,0.07591102,0.10093598,0.03180175,-0.05254202,-2.43541122,0.01940659,3.61981531,-0.14929443,-0.04737511,0.07871896,0.17791561,-28.64459892,3.22919837,0.47456657,0.14986623,0.01277456,0.65248218,-28.49473269,3.24197293,0.65429227,-28.47454155,3.19897976,0.00856595,0.00136909,-0.00033150,0.00346536,0.00142897,-0.00280794
9.780,-2.42829851,0.02031781,3.62024029,-0.14482012,-0.04562826,0.07538582,0.10085301,0.03177561,-0.05249883,-2.43686280,0.01894572,3.62058120,-0.14826020,-0.04705316,0.07818652,0.17771785,-28.64375336,3.23087989,0.47412966,0.15001724,0.01254826,0.65184750,-28.49373612,3.24342814,0.65370456,-28.47369400,3.20073405,0.00856429,0.00137209,-0.00034091,0.00344008,0.00142490,-0.00280070
9.790,-2.42974167,0.01986312,3.62099153,-0.14381202,-0.04531064,0.07486105,0.10076725,0.03174859,-0.05245419,-2.43830406,0.01848806,3.62134178,-0.14722678,-0.04673134,0.07765450,0.17751553,-28.64290826,3.23254952,0.47368135,0.15016451,0.01232290,0.65119688,-28.49274375,3.24487241,0.65310130,-28.47285059,3.20247719,0.00856239,0.00137506,-0.00035025,0.00341476,0.00142070,-0.00279345
9.800,-2.43117476,0.01941160,3.62173751,-0.14280479,-0.04499329,0.07433674,0.10067870,0.03172069,-0.05240809,-2.43973503,0.01803361,3.62209707,-0.14619417,-0.04640968,0.07712291,0.17730865,-28.64206393,3.23420708,0.47322108,0.15030752,0.01209806,0.65052973,-28.49175641,3.24630514,0.65248218,-28.47201034,3.20420886,0.00856027,0.00137799,-0.00035956,0.00338938,0.00141639,-0.00278617
9.810,-2.43259777,0.01896325,3.62247826,-0.14179845,-0.04467622,0.07381289,0.10058734,0.03169190,-0.05236053,-2.44115570,0.01758237,3.62284705,-0.14516240,-0.04608818,0.07659177,0.17709719,-28.64122037,3.23585277,0.47275038,0.15044630,0.01187426,0.64984757,-28.49077406,3.24772703,0.65184750,-28.47117429,3.20592898,0.00855793,0.00138088,-0.00036879,0.00336395,0.00141196,-0.00277888
9.820,-2.43401073,0.01851807,3.62321377,-0.14079305,-0.04435945,0.07328953,0.10049318,0.03166223,-0.05231152,-2.44256609,0.01713434,3.62359174,-0.14413151,-0.04576684,0.07606108,0.17688116,-28.64037773,3.23748653,0.47226775,0.15058091,0.01165118,0.64914891,-28.48979683,3.24913771,0.65119688,-28.47034234,3.20763790,0.00855536,0.00138373,-0.00037797,0.00333846,0.00140739,-0.00277155
9.830,-2.43541364,0.01807606,3.62394405,-0.13978860,-0.04404298,0.07276667,0.10039620,0.03163168,-0.05226103,-2.44396620,0.01668952,3.62433114,-0.14310151,-0.04544567,0.07553087,0.17666055,-28.63953611,3.23910842,0.47177395,0.15071156,0.01142892,0.64843450,-28.48882455,3.25053734,0.65052973,-28.46951532,3.20933502,0.00855256,0.00138654,-0.00038709,0.00331291,0.00140269,-0.00276420
9.840,-2.43680651,0.01763721,3.62466911,-0.13878513,-0.04372682,0.07224432,0.10029639,0.03160023,-0.05220908,-2.44535606,0.01624791,3.62506526,-0.14207244,-0.04512469,0.07500115,0.17643533,-28.63869566,3.24071845,0.47126892,0.15083756,0.01120761,0.64770425,-28.48785810,3.25192606,0.64984757,-28.46869320,3.21102105,0.00854955,0.00138930,-0.00039615,0.00328731,0.00139787,-0.00275683
9.850,-2.43818934,0.01720152,3.62538894,-0.13778268,-0.04341098,0.07172249,0.10019376,0.03156790,-0.05215565,-2.44673565,0.01580949,3.62579410,-0.14104431,-0.04480389,0.07447193,0.17620553,-28.63785656,3.24231657,0.47075282,0.15095923,0.01098695,0.64695835,-28.48689733,3.25330352,0.64914891,-28.46787608,3.21269558,0.00854631,0.00139203,-0.00040516,0.00326163,0.00139291,-0.00274944
9.860,-2.43956216,0.01676899,3.62610356,-0.13678127,-0.04309547,0.07120121,0.10008828,0.03153466,-0.05210075,-2.44810501,0.01537428,3.62651767,-0.14001716,-0.04448329,0.07394322,0.17597109,-28.63701885,3.24390289,0.47022503,0.15107653,0.01076720,0.64619612,-28.48594233,3.25467009,0.64843450,-28.46706381,3.21435879,0.00854285,0.00139471,-0.00041411,0.00323589,0.00138782,-0.00274201
9.870,-2.44092497,0.01633961,3.62681297,-0.13578092,-0.04278029,0.07068048,0.09997996,0.03150054,-0.05204436,-2.44946414,0.01494226,3.62723598,-0.13899100,-0.04416290,0.07341505,0.17573205,-28.63618271,3.24547736,0.46968591,0.15118900,0.01054828,0.64541796,-28.48499372,3.25602565,0.64770425,-28.46625725,3.21601079,0.00853917,0.00139735,-0.00042301,0.00321008,0.00138261,-0.00273457
9.880,-2.44227778,0.01591338,3.62751717,-0.13478168,-0.04246546,0.07016033,0.09986879,0.03146551,-0.05198649,-2.45081304,0.01451344,3.62794903,-0.13796587,-0.04384271,0.07288742,0.17548839,-28.63534829,3.24704000,0.46913529,0.15129676,0.01033011,0.64462368,-28.48405153,3.25737011,0.64695835,-28.46545625,3.21765125,0.00853526,0.00139994,-0.00043186,0.00318419,0.00137725,-0.00272709
9.890,-2.44362061,0.01549030,3.62821618,-0.13378356,-0.04215098,0.06964076,0.09975475,0.03142958,-0.05192713,-2.45215174,0.01408781,3.62865682,-0.13694179,-0.04352275,0.07236036,0.17524008,-28.63451559,3.24859092,0.46857311,0.15139995,0.01011289,0.64381319,-28.48311563,3.25870381,0.64619612,-28.46466089,3.21928051,0.00853113,0.00140249,-0.00044064,0.00315823,0.00137177,-0.00271960
9.900,-2.44495346,0.01507036,3.62890999,-0.13278659,-0.04183687,0.06912179,0.09963785,0.03139275,-0.05186628,-2.45348023,0.01366537,3.62935936,-0.13591879,-0.04320302,0.07183386,0.17498714,-28.63368486,3.25013001,0.46799955,0.15149806,0.00989639,0.64298669,-28.48218680,3.26002640,0.64541796,-28.46387180,3.22089845,0.00852677,0.00140499,-0.00044937,0.00313220,0.00136615,-0.00271207
9.910,-2.44627635,0.01465356,3.62959862,-0.13179081,-0.04152313,0.06860344,0.09951807,0.03135501,-0.05180393,-2.45479855,0.01324612,3.63005666,-0.13489688,-0.04288353,0.07130796,0.17472954,-28.63285614,3.25165739,0.46741440,0.15159121,0.00968085,0.64214394,-28.48126493,3.26133824,0.64462368,-28.46308900,3.22250498,0.00852220,0.00140744,-0.00045804,0.00310607,0.00136040,-0.00270452
9.920,-2.44758928,0.01423990,3.63028206,-0.13079624,-0.04120977,0.06808571,0.09939541,0.03131636,-0.05174007,-2.45610668,0.01283005,3.63074873,-0.13387611,-0.04256428,0.07078266,0.17446729,-28.63202959,3.25317301,0.46681802,0.15167980,0.00946595,0.64128531,-28.48034979,3.26263896,0.64381319,-28.46231236,3.22410043,0.00851740,0.00140985,-0.00046667,0.00307987,0.00135451,-0.00269695
9.930,-2.44889227,0.01382936,3.63096033,-0.12980291,-0.04089681,0.06756864,0.09926985,0.03127680,-0.05167472,-2.45740466,0.01241717,3.63143557,-0.13285649,-0.04224530,0.07025798,0.17420035,-28.63120538,3.25467687,0.46621008,0.15176221,0.00925207,0.64041043,-28.47944317,3.26392894,0.64298669,-28.46154263,3.22568443,0.00851239,0.00141219,-0.00047524,0.00305358,0.00134849,-0.00268934
9.940,-2.45018534,0.01342196,3.63163344,-0.12881085,-0.04058424,0.06705223,0.09914140,0.03123633,-0.05160785,-2.45869249,0.01200747,3.63211719,-0.13183805,-0.04192657,0.06973393,0.17392875,-28.63038342,3.25616916,0.46559051,0.15184038,0.00903910,0.63951926,-28.47854304,3.26520826,0.64214394,-28.46077972,3.22725735,0.00850715,0.00141449,-0.00048375,0.00302720,0.00134233,-0.00268170
9.950,-2.45146850,0.01301768,3.63230138,-0.12782009,-0.04027208,0.06653649,0.09901005,0.03119495,-0.05153948,-2.45997018,0.01160094,3.63279359,-0.13082081,-0.04160813,0.06921053,0.17365247,-28.62956404,3.25764970,0.46495888,0.15191302,0.00882680,0.63861135,-28.47765102,3.26647650,0.64128531,-28.46002340,3.22881881,0.00850168,0.00141674,-0.00049221,0.00300072,0.00133605,-0.00267404
9.960,-2.45274175,0.01261652,3.63296417,-0.12683066,-0.03996035,0.06602144,0.09887578,0.03115264,-0.05146959,-2.46123775,0.01119758,3.63346479,-0.12980481,-0.04128996,0.06868778,0.17337148,-28.62874725,3.25911861,0.46431613,0.15198022,0.00861546,0.63768761,-28.47676703,3.26773408,0.64041043,-28.45927543,3.23036916,0.00849600,0.00141894,-0.00050062,0.00297415,0.00132961,-0.00266634
9.970,-2.45400511,0.01221847,3.63362181,-0.12584259,-0.03964903,0.06550710,0.09873859,0.03110942,-0.05139817,-2.46249520,0.01079740,3.63413078,-0.12879006,-0.04097210,0.06816572,0.17308579,-28.62793324,3.26057584,0.46366173,0.15204172,0.00840496,0.63674752,-28.47589152,3.26898081,0.63951926,-28.45853380,3.23190850,0.00849009,0.00142107,-0.00050897,0.00294747,0.00132307,-0.00265862
9.980,-2.45525860,0.01182353,3.63427431,-0.12485590,-0.03933816,0.06499348,0.09859848,0.03106527,-0.05132524,-2.46374257,0.01040038,3.63479158,-0.12777660,-0.04065453,0.06764434,0.17279540,-28.62712207,3.26202146,0.46299543,0.15209749,0.00819533,0.63579083,-28.47502458,3.27021679,0.63861135,-28.45780010,3.23343639,0.00848397,0.00142315,-0.00051727,0.00292070,0.00131637,-0.00265086
9.990,-2.45650224,0.01143171,3.63492168,-0.12387063,-0.03902773,0.06448060,0.09845543,0.03102020,-0.05125077,-2.46497985,0.01000653,3.63544720,-0.12676445,-0.04033728,0.06712367,0.17250027,-28.62631373,3.26345558,0.46231710,0.15214870,0.00798653,0.63481737,-28.47416504,3.27144211,0.63768761,-28.45707426,3.23495325,0.00847761,0.00142518,-0.00052552,0.00289382,0.00130955,-0.00264307
10.000,-2.45773602,0.01104298,3.63556393,-0.12288680,-0.03871776,0.06396847,0.09830944,0.03097421,-0.05117478,-2.46620706,0.00961583,3.63609764,-0.12575363,-0.04002035,0.06660371,0.17220043,-28.62550849,3.26487809,0.46162771,0.15219324,0.00777880,0.63382814,-28.47331525,3.27265689,0.63674752,-28.45635673,3.23645888,0.00847104,0.00142715,-0.00053371,0.00286683,0.00130259,-0.00263524
10.010,-2.45895998,0.01065735,3.63620105,-0.12190445,-0.03840825,0.06345711,0.09816050,0.03092728,-0.05109725,-2.46742422,0.00922829,3.63674291,-0.12474418,-0.03970376,0.06608449,0.17189584,-28.62470648,3.26628900,0.46092571,0.15223232,0.00757167,0.63282155,-28.47247415,3.27386067,0.63579083,-28.45564759,3.23795337,0.00846424,0.00142906,-0.00054186,0.00283973,0.00129551,-0.00262738
10.020,-2.46017412,0.01027481,3.63683307,-0.12092360,-0.03809922,0.06294653,0.09800860,0.03087942,-0.05101818,-2.46863134,0.00884390,3.63738301,-0.12373612,-0.03938751,0.06556602,0.17158649,-28.62390768,3.26768842,0.46021225,0.15226524,0.00736564,0.63179874,-28.47164244,3.27505406,0.63481737,-28.45494565,3.23943681,0.00845722,0.00143091,-0.00054994,0.00281252,0.00128829,-0.00261949
10.030,-2.46137845,0.00989536,3.63745999,-0.11994429,-0.03779067,0.06243675,0.09785374,0.03083063,-0.05093757,-2.46982843,0.00846266,3.63801797,-0.12272948,-0.03907161,0.06504831,0.17127240,-28.62311222,3.26907637,0.45948740,0.15229246,0.00716055,0.63075980,-28.47081977,3.27623692,0.63382814,-28.45425329,3.24090930,0.00844998,0.00143270,-0.00055798,0.00278519,0.00128094,-0.00261156
10.040,-2.46257301,0.00951900,3.63808181,-0.11896654,-0.03748261,0.06192779,0.09769591,0.03078090,-0.05085541,-2.47101552,0.00808457,3.63864777,-0.12172427,-0.03875608,0.06453138,0.17095354,-28.62232022,3.27045283,0.45874984,0.15231426,0.00695618,0.62970337,-28.47000596,3.27740901,0.63282155,-28.45356941,3.24237038,0.00844251,0.00143443,-0.00056596,0.00275773,0.00127347,-0.00260359
10.050,-2.46375779,0.00914571,3.63869855,-0.11799038,-0.03717505,0.06141965,0.09753510,0.03073024,-0.05077170,-2.47219261,0.00770961,3.63927244,-0.12072054,-0.03844093,0.06401524,0.17062990,-28.62153180,3.27181783,0.45800087,0.15232941,0.00675286,0.62863076,-28.46920240,3.27857069,0.63179874,-28.45289471,3.24382066,0.00843482,0.00143610,-0.00057389,0.00273016,0.00126588,-0.00259559
10.060,-2.46493282,0.00877549,3.63931020,-0.11701584,-0.03686801,0.06091236,0.09737130,0.03067863,-0.05068643,-2.47335973,0.00733779,3.63989198,-0.11971831,-0.03812616,0.06349990,0.17030147,-28.62074716,3.27317129,0.45723944,0.15233824,0.00655021,0.62754090,-28.46840893,3.27972150,0.63075980,-28.45222884,3.24525997,0.00842691,0.00143770,-0.00058178,0.00270247,0.00125815,-0.00258754
10.070,-2.46609811,0.00840835,3.63991680,-0.11604296,-0.03656148,0.06040593,0.09720451,0.03062608,-0.05059961,-2.47451688,0.00696911,3.64050640,-0.11871759,-0.03781178,0.06298538,0.16996824,-28.61996609,3.27451353,0.45646659,0.15234179,0.00634878,0.62643483,-28.46762429,3.28086231,0.62970337,-28.45157162,3.24668809,0.00841877,0.00143924,-0.00058960,0.00267463,0.00125030,-0.00257945
10.080,-2.46725369,0.00804426,3.64051833,-0.11507176,-0.03625549,0.05990037,0.09703472,0.03057258,-0.05051122,-2.47566409,0.00660355,3.64111570,-0.11771843,-0.03749782,0.06247170,0.16963022,-28.61918902,3.27584424,0.45568075,0.15233810,0.00614809,0.62531096,-28.46685093,3.28199234,0.62863076,-28.45092444,3.24810536,0.00841040,0.00144071,-0.00059737,0.00264667,0.00124233,-0.00257133
10.090,-2.46839955,0.00768324,3.64111481,-0.11410228,-0.03595003,0.05939571,0.09686192,0.03051814,-0.05042127,-2.47680137,0.00624111,3.64171991,-0.11672084,-0.03718427,0.06195887,0.16928737,-28.61841582,3.27716368,0.45488380,0.15232925,0.00594834,0.62417117,-28.46608657,3.28311202,0.62754090,-28.45028711,3.24951132,0.00840182,0.00144213,-0.00060510,0.00261856,0.00123424,-0.00256316
10.100,-2.46953574,0.00732526,3.64170624,-0.11313454,-0.03564513,0.05889195,0.09668611,0.03046275,-0.05032975,-2.47792874,0.00588179,3.64231902,-0.11572486,-0.03687115,0.06144690,0.16893971,-28.61764679,3.27847165,0.45407351,0.15231305,0.00574936,0.62301322,-28.46533375,3.28422101,0.62643483,-28.44965839,3.25090681,0.00839300,0.00144347,-0.00061278,0.00259032,0.00122602,-0.00255495
10.110,-2.47066225,0.00697033,3.64229265,-0.11216857,-0.03534078,0.05838912,0.09650727,0.03040640,-0.05023666,-2.47904622,0.00552559,3.64291304,-0.11473051,-0.03655848,0.06093581,0.16858720,-28.61688182,3.27976841,0.45325194,0.15229074,0.00555158,0.62183914,-28.46459108,3.28531999,0.62531096,-28.44904070,3.25229106,0.00838397,0.00144474,-0.00062039,0.00256194,0.00121770,-0.00254669
10.120,-2.47177911,0.00661844,3.64287403,-0.11120440,-0.03503700,0.05788722,0.09632540,0.03034910,-0.05014199,-2.48015381,0.00517249,3.64350199,-0.11373782,-0.03624625,0.06042562,0.16822984,-28.61612113,3.28105383,0.45241793,0.15226198,0.00535460,0.62064777,-28.46385915,3.28640843,0.62417117,-28.44843178,3.25366450,0.00837470,0.00144595,-0.00062796,0.00253342,0.00120925,-0.00253840
10.130,-2.47288634,0.00626959,3.64345040,-0.11024207,-0.03473380,0.05738628,0.09614049,0.03029084,-0.05004574,-2.48125155,0.00482250,3.64408588,-0.11274681,-0.03593449,0.05991633,0.16786763,-28.61536470,3.28232804,0.45157158,0.15222704,0.00515862,0.61943921,-28.46313766,3.28748667,0.62301322,-28.44783414,3.25502678,0.00836521,0.00144709,-0.00063548,0.00250474,0.00120069,-0.00253005
10.140,-2.47398396,0.00592376,3.64402176,-0.10928160,-0.03443119,0.05688631,0.09595254,0.03023162,-0.04994790,-2.48233945,0.00447561,3.64466471,-0.11175752,-0.03562320,0.05940796,0.16750056,-28.61461279,3.28359093,0.45071245,0.15218485,0.00496351,0.61821301,-28.46242794,3.28855444,0.62183914,-28.44724641,3.25637856,0.00835549,0.00144815,-0.00064295,0.00247592,0.00119201,-0.00252165
10.150,-2.47507198,0.00558096,3.64458813,-0.10832303,-0.03412917,0.05638733,0.09576154,0.03017144,-0.04984847,-2.48341752,0.00413181,3.64523849,-0.11076997,-0.03531240,0.05890053,0.16712862,-28.61386530,3.28484266,0.44984132,0.15213662,0.00476942,0.61696993,-28.46172868,3.28961209,0.62064777,-28.44666915,3.25771931,0.00834554,0.00144915,-0.00065036,0.00244694,0.00118323,-0.00251320
10.160,-2.47615043,0.00524118,3.64514951,-0.10736638,-0.03382776,0.05588935,0.09556747,0.03011030,-0.04974745,-2.48448579,0.00379110,3.64580723,-0.10978418,-0.03500210,0.05839406,0.16675177,-28.61312242,3.28608319,0.44895736,0.15208197,0.00457616,0.61570913,-28.46104044,3.29065935,0.61943921,-28.44610206,3.25904936,0.00833536,0.00145008,-0.00065772,0.00241780,0.00117434,-0.00250471
10.170,-2.47721932,0.00490441,3.64570592,-0.10641169,-0.03352697,0.05539239,0.09537034,0.03004819,-0.04964484,-2.48554427,0.00345347,3.64637095,-0.10880020,-0.03469231,0.05788854,0.16637004,-28.61238419,3.28731258,0.44806110,0.15202050,0.00438396,0.61443114,-28.46036369,3.29169654,0.61821301,-28.44554647,3.26036843,0.00832495,0.00145094,-0.00066503,0.00238851,0.00116534,-0.00249615
10.180,-2.47827867,0.00457064,3.64625736,-0.10545898,-0.03322680,0.05489646,0.09517014,0.02998511,-0.04954062,-2.48659299,0.00311892,3.64692966,-0.10781803,-0.03438304,0.05738401,0.16598341,-28.61165079,3.28853077,0.44715231,0.15195202,0.00419264,0.61313571,-28.45969877,3.29272341,0.61696993,-28.44500106,3.26167688,0.00831432,0.00145172,-0.00067230,0.00235905,0.00115624,-0.00248755
10.190,-2.47932850,0.00423987,3.64680385,-0.10450830,-0.03292727,0.05440158,0.09496685,0.02992106,-0.04943480,-2.48763196,0.00278743,3.64748336,-0.10683772,-0.03407430,0.05688047,0.16559184,-28.61092220,3.28973788,0.44623105,0.15187683,0.00400236,0.61182289,-28.45904537,3.29374024,0.61570913,-28.44446639,3.26297442,0.00830346,0.00145244,-0.00067951,0.00232942,0.00114703,-0.00247889
10.200,-2.48036884,0.00391209,3.64734539,-0.10355966,-0.03262838,0.05390777,0.09476047,0.02985604,-0.04932737,-2.48866120,0.00245902,3.64803206,-0.10585929,-0.03376611,0.05637794,0.16519535,-28.61019859,3.29093385,0.44529670,0.15179474,0.00381294,0.61049205,-28.45840385,3.29474678,0.61443114,-28.44394292,3.26426136,0.00829236,0.00145307,-0.00068667,0.00229963,0.00113773,-0.00247017
10.210,-2.48139970,0.00358730,3.64788201,-0.10261310,-0.03233015,0.05341504,0.09455100,0.02979004,-0.04921833,-2.48968073,0.00213366,3.64857578,-0.10488276,-0.03345848,0.05587644,0.16479393,-28.60947988,3.29211886,0.44435012,0.15170602,0.00362473,0.60914404,-28.45777387,3.29574359,0.61313571,-28.44343098,3.26553745,0.00828103,0.00145364,-0.00069377,0.00226966,0.00112833,-0.00246140
10.220,-2.48242111,0.00326548,3.64841370,-0.10166865,-0.03203259,0.05292341,0.09433842,0.02972306,-0.04910767,-2.49069057,0.00181136,3.64911453,-0.10390817,-0.03315142,0.05537597,0.16438755,-28.60876637,3.29329274,0.44339022,0.15160972,0.00343738,0.60777776,-28.45715665,3.29673012,0.61182289,-28.44293026,3.26680296,0.00826946,0.00145412,-0.00070083,0.00223952,0.00111883,-0.00245256
10.230,-2.48343308,0.00294664,3.64894048,-0.10072634,-0.03173570,0.05243289,0.09412273,0.02965511,-0.04899539,-2.49169075,0.00149211,3.64964831,-0.10293554,-0.03284494,0.05487656,0.16397621,-28.60805796,3.29445566,0.44241793,0.15150718,0.00325101,0.60639413,-28.45655078,3.29770667,0.61049205,-28.44244111,3.26805763,0.00825767,0.00145453,-0.00070783,0.00220920,0.00110924,-0.00244367
10.240,-2.48443564,0.00263077,3.64946236,-0.09978620,-0.03143949,0.05194350,0.09390392,0.02958617,-0.04888149,-2.49268128,0.00117589,3.65017714,-0.10196491,-0.03253905,0.05437821,0.16355989,-28.60735475,3.29560763,0.44143270,0.15139808,0.00306560,0.60499259,-28.45595667,3.29867324,0.60914404,-28.44196317,3.26930200,0.00824564,0.00145488,-0.00071478,0.00217871,0.00109956,-0.00243471
10.250,-2.48542881,0.00231785,3.64997935,-0.09884827,-0.03114398,0.05145526,0.09368198,0.02951624,-0.04876596,-2.49366218,0.00086271,3.65070103,-0.10099630,-0.03223377,0.05388094,0.16313858,-28.60665694,3.29674859,0.44043433,0.15128131,0.00288121,0.60357291,-28.45537563,3.29962980,0.60777776,-28.44149769,3.27053554,0.00823337,0.00145514,-0.00072168,0.00214803,0.00108979,-0.00242568
10.260,-2.48641262,0.00200789,3.65049147,-0.09791257,-0.03084917,0.05096819,0.09345692,0.02944533,-0.04864881,-2.49463348,0.00055256,3.65122000,-0.10002973,-0.03192910,0.05338477,0.16271231,-28.60596441,3.29787872,0.43942282,0.15115815,0.00269790,0.60213513,-28.45480626,3.30057662,0.60639413,-28.44104322,3.27175854,0.00822086,0.00145533,-0.00072853,0.00211716,0.00107993,-0.00241658
10.270,-2.48738707,0.00170087,3.65099872,-0.09697914,-0.03055507,0.05048229,0.09322871,0.02937343,-0.04853001,-2.49559520,0.00024543,3.65173404,-0.09906525,-0.03162507,0.05288972,0.16228101,-28.60527740,3.29899790,0.43839881,0.15102776,0.00251556,0.60067982,-28.45424964,3.30151346,0.60499259,-28.44060018,3.27297096,0.00820813,0.00145544,-0.00073532,0.00208611,0.00107000,-0.00240743
10.280,-2.48835221,0.00139678,3.65150112,-0.09604801,-0.03026170,0.04999759,0.09299735,0.02930053,-0.04840958,-2.49654736,-0.00005868,3.65224318,-0.09810287,-0.03132168,0.05239578,0.16184469,-28.60459596,3.30010619,0.43736098,0.15088962,0.00233430,0.59920567,-28.45370634,3.30244049,0.60357291,-28.44016987,3.27417281,0.00819515,0.00145546,-0.00074206,0.00205486,0.00105998,-0.00239819
10.290,-2.48930804,0.00109563,3.65199868,-0.09511921,-0.02996907,0.04951411,0.09276284,0.02922665,-0.04828750,-2.49748998,-0.00035979,3.65274743,-0.09714262,-0.03101895,0.05190299,0.16140336,-28.60392003,3.30120371,0.43631067,0.15074519,0.00215409,0.59771403,-28.45317485,3.30335781,0.60213513,-28.43975088,3.27536432,0.00818194,0.00145542,-0.00074875,0.00202341,0.00104988,-0.00238888
10.300,-2.49025460,0.00079740,3.65249141,-0.09419276,-0.02967717,0.04903185,0.09252516,0.02915176,-0.04816378,-2.49842308,-0.00065790,3.65324679,-0.09618454,-0.03071689,0.05141135,0.16095696,-28.60324981,3.30229041,0.43524683,0.15059358,0.00197488,0.59620380,-28.45265623,3.30426529,0.60067982,-28.43934429,3.27654524,0.00816848,0.00145530,-0.00075538,0.00199178,0.00103972,-0.00237950
10.310,-2.49119191,0.00050208,3.65297932,-0.09326871,-0.02938603,0.04855084,0.09228431,0.02907588,-0.04803841,-2.49934669,-0.00095301,3.65374129,-0.09522866,-0.03041551,0.05092088,0.16050552,-28.60258537,3.30336628,0.43416941,0.15043444,0.00179667,0.59467493,-28.45215093,3.30516294,0.59920567,-28.43895066,3.27771575,0.00815478,0.00145509,-0.00076197,0.00195995,0.00102948,-0.00237004
10.320,-2.49211998,0.00020968,3.65346243,-0.09234709,-0.02909566,0.04807109,0.09204029,0.02899899,-0.04791138,-2.50026083,-0.00124514,3.65423092,-0.09427500,-0.03011482,0.05043160,0.16004903,-28.60192663,3.30443150,0.43307943,0.15026913,0.00161955,0.59312846,-28.45165750,3.30605105,0.59771403,-28.43856847,3.27887594,0.00814085,0.00145482,-0.00076849,0.00192791,0.00101916,-0.00236051
10.330,-2.49303886,-0.00007983,3.65394074,-0.09142792,-0.02880606,0.04759262,0.09179308,0.02892111,-0.04778270,-2.50116552,-0.00153429,3.65471572,-0.09332358,-0.02981484,0.04994351,0.15958746,-28.60127386,3.30548589,0.43197509,0.15009599,0.00144333,0.59156255,-28.45117787,3.30692923,0.59620380,-28.43819879,3.28002566,0.00812666,0.00145446,-0.00077498,0.00189566,0.00100878,-0.00235089
10.340,-2.49394855,-0.00036645,3.65441428,-0.09051124,-0.02851724,0.04711544,0.09154267,0.02884221,-0.04765235,-2.50206079,-0.00182047,3.65519568,-0.09237446,-0.02951557,0.04945664,0.15912079,-28.60062700,3.30652964,0.43085798,0.14991556,0.00126837,0.58997877,-28.45071144,3.30779801,0.59467493,-28.43784204,3.28116493,0.00811224,0.00145402,-0.00078140,0.00186322,0.00099833,-0.00234120
10.350,-2.49484909,-0.00065018,3.65488306,-0.08959708,-0.02822922,0.04663957,0.09128907,0.02876231,-0.04752034,-2.50294667,-0.00210368,3.65567082,-0.09142764,-0.02921704,0.04897099,0.15864903,-28.59998605,3.30756280,0.42972730,0.14972833,0.00109455,0.58837633,-28.45025772,3.30865735,0.59312846,-28.43749678,3.28229402,0.00809758,0.00145350,-0.00078776,0.00183056,0.00098782,-0.00233142
10.360,-2.49574050,-0.00093103,3.65534708,-0.08868547,-0.02794200,0.04616504,0.09103226,0.02868140,-0.04738666,-2.50382316,-0.00238394,3.65614115,-0.09048316,-0.02891925,0.04848659,0.15817216,-28.59935117,3.30858532,0.42858306,0.14953435,0.00092167,0.58675522,-28.44981682,3.30950699,0.59156255,-28.43716493,3.28341254,0.00808266,0.00145291,-0.00079407,0.00179769,0.00097725,-0.00232155
10.370,-2.49662281,-0.00120902,3.65580636,-0.08777644,-0.02765559,0.04569185,0.09077224,0.02859947,-0.04725130,-2.50469031,-0.00266125,3.65660669,-0.08954105,-0.02862222,0.04800344,0.15769018,-28.59872247,3.30959719,0.42742492,0.14933263,0.00074987,0.58511510,-28.44938985,3.31034706,0.58997877,-28.43684588,3.28452101,0.00806750,0.00145223,-0.00080033,0.00176461,0.00096663,-0.00231159
10.380,-2.49749604,-0.00148415,3.65626092,-0.08687003,-0.02737001,0.04522002,0.09050899,0.02851653,-0.04711427,-2.50554813,-0.00293562,3.65706745,-0.08860134,-0.02832596,0.04752157,0.15720304,-28.59809991,3.31059853,0.42625332,0.14912367,0.00057928,0.58345636,-28.44897624,3.31117781,0.58837633,-28.43653914,3.28561938,0.00805209,0.00145147,-0.00080653,0.00173131,0.00095595,-0.00230155
10.390,-2.49836022,-0.00175643,3.65671077,-0.08596627,-0.02708526,0.04474957,0.09024251,0.02843257,-0.04697555,-2.50639666,-0.00320706,3.65752344,-0.08766407,-0.02803048,0.04704098,0.15671076,-28.59748357,3.31158935,0.42506794,0.14890744,0.00040983,0.58177870,-28.44857613,3.31199918,0.58675522,-28.43624480,3.28670738,0.00803644,0.00145063,-0.00081267,0.00169780,0.00094522,-0.00229141
10.400,-2.49921537,-0.00202586,3.65715592,-0.08506519,-0.02680136,0.04428051,0.08997280,0.02834759,-0.04683516,-2.50723590,-0.00347558,3.65797468,-0.08672925,-0.02773580,0.04656169,0.15621333,-28.59687347,3.31256969,0.42386909,0.14868459,0.00024143,0.58008241,-28.44818888,3.31281113,0.58511510,-28.43596397,3.28778514,0.00802053,0.00144972,-0.00081876,0.00166406,0.00093444,-0.00228118
10.410,-2.50006153,-0.00229246,3.65759638,-0.08416683,-0.02651832,0.04381287,0.08969984,0.02826159,-0.04669307,-2.50806590,-0.00374118,3.65842118,-0.08579692,-0.02744192,0.04608372,0.15571072,-28.59626978,3.31353952,0.42265578,0.14845420,0.00007405,0.57836650,-28.44781559,3.31361356,0.58345636,-28.43569609,3.28885291,0.00800437,0.00144872,-0.00082480,0.00163009,0.00092360,-0.00227085
10.420,-2.50089872,-0.00255623,3.65803218,-0.08327121,-0.02623613,0.04334666,0.08942363,0.02817457,-0.04654929,-2.50888668,-0.00400388,3.65886295,-0.08486711,-0.02714887,0.04560708,0.15520292,-28.59567239,3.31449899,0.42142885,0.14821698,-0.00009204,0.57663177,-28.44745541,3.31440695,0.58177870,-28.43544127,3.28991060,0.00798796,0.00144765,-0.00083077,0.00159590,0.00091274,-0.00226042
10.430,-2.50172696,-0.00281718,3.65846332,-0.08237837,-0.02595483,0.04288189,0.08914417,0.02808652,-0.04640381,-2.50969826,-0.00426368,3.65930001,-0.08393986,-0.02685665,0.04513179,0.15468995,-28.59508146,3.31544805,0.42018823,0.14797279,-0.00025708,0.57487818,-28.44710867,3.31519097,0.58008241,-28.43519889,3.29095817,0.00797130,0.00144650,-0.00083669,0.00156149,0.00090182,-0.00224990
10.440,-2.50254629,-0.00307533,3.65888982,-0.08148833,-0.02567441,0.04241859,0.08886143,0.02799744,-0.04625664,-2.51050067,-0.00452059,3.65973237,-0.08301518,-0.02656527,0.04465785,0.15417174,-28.59449707,3.31638671,0.41893335,0.14772079,-0.00042091,0.57310509,-28.44677627,3.31596580,0.57836650,-28.43497001,3.29199554,0.00795438,0.00144526,-0.00084255,0.00152685,0.00089086,-0.00223926
10.450,-2.50335674,-0.00333067,3.65931170,-0.08060115,-0.02539488,0.04195676,0.08857542,0.02790733,-0.04610775,-2.51129394,-0.00477462,3.66016005,-0.08209312,-0.02627476,0.04418530,0.15364832,-28.59391911,3.31731513,0.41766417,0.14746244,-0.00058356,0.57131248,-28.44645667,3.31673157,0.57663177,-28.43475380,3.29302314,0.00793720,0.00144395,-0.00084835,0.00149197,0.00087988,-0.00222854
10.460,-2.50415833,-0.00358323,3.65972896,-0.07971684,-0.02511626,0.04149644,0.08828613,0.02781618,-0.04595717,-2.51207810,-0.00502579,3.66058305,-0.08117370,-0.02598512,0.04371413,0.15311966,-28.59334786,3.31823314,0.41638072,0.14719617,-0.00074513,0.56950037,-28.44615170,3.31748801,0.57487818,-28.43455057,3.29404066,0.00791977,0.00144256,-0.00085409,0.00145686,0.00086886,-0.00221769
10.470,-2.50495108,-0.00383300,3.66014163,-0.07883544,-0.02483856,0.04103762,0.08799356,0.02772400,-0.04580487,-2.51285316,-0.00527409,3.66100140,-0.08025695,-0.02569636,0.04324437,0.15258577,-28.59278316,3.31914098,0.41508382,0.14692340,-0.00090544,0.56766959,-28.44585975,3.31823554,0.57310509,-28.43436123,3.29504826,0.00790208,0.00144109,-0.00085977,0.00142151,0.00085780,-0.00220675
10.480,-2.50573504,-0.00408000,3.66054972,-0.07795698,-0.02456179,0.04058034,0.08769768,0.02763078,-0.04565085,-2.51361917,-0.00551954,3.66141511,-0.07934291,-0.02540850,0.04277602,0.15204659,-28.59222514,3.32003858,0.41377218,0.14664327,-0.00106454,0.56581877,-28.44558187,3.31897404,0.57131248,-28.43418421,3.29604607,0.00788413,0.00143954,-0.00086539,0.00138593,0.00084671,-0.00219568
10.490,-2.50651023,-0.00432424,3.66095324,-0.07708149,-0.02428595,0.04012461,0.08739851,0.02753652,-0.04549511,-2.51437615,-0.00576214,3.66182420,-0.07843161,-0.02512155,0.04230912,0.15150217,-28.59167389,3.32092595,0.41244613,0.14635591,-0.00122251,0.56394830,-28.44531799,3.31970344,0.56950037,-28.43402135,3.29703381,0.00786592,0.00143790,-0.00087096,0.00135012,0.00083560,-0.00218451
10.500,-2.50727668,-0.00456572,3.66135222,-0.07620902,-0.02401106,0.03967045,0.08709602,0.02744121,-0.04533765,-2.51512412,-0.00600192,3.66222867,-0.07752307,-0.02483552,0.04184366,0.15095244,-28.59112931,3.32180326,0.41110589,0.14606183,-0.00137911,0.56205833,-28.44506748,3.32042415,0.56766959,-28.43387103,3.29801189,0.00784744,0.00143620,-0.00087645,0.00131405,0.00082446,-0.00217321
10.510,-2.50803442,-0.00480446,3.66174666,-0.07533958,-0.02373713,0.03921787,0.08679022,0.02734486,-0.04517847,-2.51586312,-0.00623887,3.66262855,-0.07661732,-0.02455043,0.04137967,0.15039742,-28.59059160,3.32267039,0.40975112,0.14576041,-0.00153458,0.56014854,-28.44483119,3.32113581,0.56581877,-28.43373429,3.29898019,0.00782870,0.00143441,-0.00088189,0.00127774,0.00081330,-0.00216180
10.520,-2.50878349,-0.00504047,3.66213658,-0.07447322,-0.02346417,0.03876688,0.08648108,0.02724747,-0.04501755,-2.51659318,-0.00647301,3.66302384,-0.07571441,-0.02426629,0.04091716,0.14983707,-28.59006076,3.32352740,0.40838121,0.14545157,-0.00168889,0.55821828,-28.44460919,3.32183852,0.56394830,-28.43361106,3.29993862,0.00780969,0.00143254,-0.00088726,0.00124119,0.00080212,-0.00215028
10.530,-2.50952390,-0.00527375,3.66252200,-0.07360997,-0.02319218,0.03831752,0.08616862,0.02714902,-0.04485490,-2.51731432,-0.00670434,3.66341457,-0.07481436,-0.02398310,0.04045615,0.14927141,-28.58953677,3.32437442,0.40699747,0.14513618,-0.00184188,0.55626888,-28.44440059,3.32253254,0.56205833,-28.43350071,3.30088760,0.00779042,0.00143059,-0.00089257,0.00120439,0.00079092,-0.00213863
10.540,-2.51025570,-0.00550432,3.66290293,-0.07274986,-0.02292119,0.03786979,0.08585282,0.02704952,-0.04469051,-2.51802658,-0.00693289,3.66380076,-0.07391720,-0.02370089,0.03999665,0.14870041,-28.58901976,3.32521137,0.40559858,0.14481333,-0.00199370,0.55429899,-28.44420643,3.32321766,0.56014854,-28.43340405,3.30182674,0.00777088,0.00142857,-0.00089783,0.00116734,0.00077970,-0.00212686
10.550,-2.51097891,-0.00573218,3.66327940,-0.07189293,-0.02265120,0.03742372,0.08553367,0.02694896,-0.04452438,-2.51872998,-0.00715865,3.66418240,-0.07302297,-0.02341967,0.03953867,0.14812406,-28.58850962,3.32603843,0.40418546,0.14448378,-0.00214408,0.55230952,-28.44402584,3.32389435,0.55821828,-28.43332119,3.30275614,0.00775107,0.00142647,-0.00090300,0.00113004,0.00076847,-0.00211495
10.560,-2.51169357,-0.00595734,3.66365141,-0.07103920,-0.02238221,0.03697931,0.08521116,0.02684735,-0.04435650,-2.51942456,-0.00738163,3.66455953,-0.07213169,-0.02313945,0.03908224,0.14754232,-28.58800648,3.32685554,0.40275738,0.14414780,-0.00229338,0.55029970,-28.44385868,3.32456216,0.55626888,-28.43325120,3.30367606,0.00773099,0.00142429,-0.00090812,0.00109249,0.00075724,-0.00210293
10.570,-2.51239970,-0.00617982,3.66401899,-0.07018872,-0.02211425,0.03653659,0.08488530,0.02674468,-0.04418687,-2.52011035,-0.00760186,3.66493216,-0.07124340,-0.02286024,0.03862736,0.14695524,-28.58751036,3.32766277,0.40131495,0.14380438,-0.00244122,0.54827018,-28.44370597,3.32522155,0.55429899,-28.43319513,3.30458629,0.00771065,0.00142204,-0.00091317,0.00105468,0.00074599,-0.00209077
10.580,-2.51309735,-0.00639963,3.66438215,-0.06934151,-0.02184732,0.03609558,0.08455606,0.02664095,-0.04401548,-2.52078737,-0.00781933,3.66530030,-0.07035813,-0.02258206,0.03817406,0.14636274,-28.58702133,3.32846011,0.39985717,0.14345367,-0.00258777,0.54621991,-28.44356767,3.32587233,0.55230952,-28.43315209,3.30548727,0.00769002,0.00141970,-0.00091815,0.00101662,0.00073474,-0.00207848
10.590,-2.51378654,-0.00661677,3.66474091,-0.06849761,-0.02158144,0.03565629,0.08422344,0.02653615,-0.04384234,-2.52145566,-0.00803407,3.66566397,-0.06947591,-0.02230491,0.03772235,0.14576482,-28.58653936,3.32924767,0.39838478,0.14309642,-0.00273299,0.54414960,-28.44344293,3.32651467,0.55029970,-28.43312195,3.30637856,0.00766912,0.00141730,-0.00092306,0.00097830,0.00072347,-0.00206606
10.600,-2.51446731,-0.00683126,3.66509528,-0.06765705,-0.02131660,0.03521874,0.08388745,0.02643029,-0.04366744,-2.52211525,-0.00824607,3.66602319,-0.06859678,-0.02202881,0.03727224,0.14516151,-28.58606455,3.33002539,0.39689716,0.14273214,-0.00287700,0.54205867,-28.44333241,3.32714840,0.54827018,-28.43310572,3.30726059,0.00764794,0.00141481,-0.00092791,0.00093973,0.00071221,-0.00205350
10.610,-2.51513970,-0.00704311,3.66544529,-0.06681987,-0.02105284,0.03478295,0.08354806,0.02632336,-0.04349077,-2.52276618,-0.00845536,3.66637798,-0.06772076,-0.02175377,0.03682376,0.14455275,-28.58559688,3.33079340,0.39539409,0.14236051,-0.00301952,0.53994684,-28.44323636,3.32777388,0.54621991,-28.43310334,3.30813319,0.00762648,0.00141225,-0.00093269,0.00090089,0.00070093,-0.00204081
10.620,-2.51580372,-0.00725232,3.66579095,-0.06598610,-0.02079014,0.03434893,0.08320527,0.02621536,-0.04331233,-2.52340848,-0.00866194,3.66672834,-0.06684790,-0.02147981,0.03637691,0.14393854,-28.58513633,3.33155175,0.39387678,0.14198280,-0.00316073,0.53781532,-28.44315353,3.32839102,0.54414960,-28.43311397,3.30899650,0.00760476,0.00140962,-0.00093739,0.00086180,0.00068967,-0.00202798
10.630,-2.51645943,-0.00745892,3.66613228,-0.06515577,-0.02052853,0.03391670,0.08285907,0.02610628,-0.04313212,-2.52404217,-0.00886582,3.66707430,-0.06597822,-0.02120693,0.03593171,0.14331886,-28.58468307,3.33230038,0.39234367,0.14159728,-0.00330052,0.53566253,-28.44308579,3.32899985,0.54205867,-28.43313826,3.30985034,0.00758274,0.00140690,-0.00094202,0.00082245,0.00067840,-0.00201501
10.640,-2.51710685,-0.00766290,3.66646929,-0.06432893,-0.02026802,0.03348629,0.08250946,0.02599613,-0.04295013,-2.52466729,-0.00906702,3.66741588,-0.06511175,-0.02093515,0.03548818,0.14269371,-28.58423700,3.33303939,0.39079545,0.14120570,-0.00343909,0.53348917,-28.44303130,3.32960031,0.53994684,-28.43317645,3.31069509,0.00756044,0.00140412,-0.00094659,0.00078282,0.00066713,-0.00200189
10.650,-2.51774602,-0.00786428,3.66680201,-0.06350560,-0.02000861,0.03305771,0.08215643,0.02588490,-0.04276636,-2.52528388,-0.00926555,3.66775308,-0.06424853,-0.02066449,0.03504633,0.14206307,-28.58379816,3.33376887,0.38923203,0.14080737,-0.00357618,0.53129511,-28.44299078,3.33019269,0.53781532,-28.43322728,3.31153062,0.00753786,0.00140127,-0.00095107,0.00074293,0.00065588,-0.00198862
10.660,-2.51837697,-0.00806307,3.66713045,-0.06268581,-0.01975032,0.03263097,0.08179997,0.02577259,-0.04258081,-2.52589197,-0.00946141,3.66808594,-0.06338859,-0.02039495,0.03460619,0.14142693,-28.58336660,3.33448878,0.38765348,0.14040244,-0.00371193,0.52908041,-28.44296416,3.33077685,0.53566253,-28.43329263,3.31235698,0.00751500,0.00139834,-0.00095549,0.00070278,0.00064463,-0.00197522
10.670,-2.51899975,-0.00825929,3.66745463,-0.06186961,-0.01949316,0.03220610,0.08144008,0.02565920,-0.04239347,-2.52649159,-0.00965462,3.66841447,-0.06253197,-0.02012655,0.03416776,0.14078527,-28.58294239,3.33519915,0.38605882,0.13999017,-0.00384630,0.52684409,-28.44295222,3.33135285,0.53348917,-28.43337063,3.31317407,0.00749184,0.00139533,-0.00095984,0.00066236,0.00063339,-0.00196166
10.680,-2.51961438,-0.00845294,3.66777458,-0.06105702,-0.01923714,0.03178311,0.08107674,0.02554473,-0.04220433,-2.52708278,-0.00984520,3.66873868,-0.06167870,-0.01985929,0.03373107,0.14013807,-28.58252542,3.33590014,0.38444927,0.13957143,-0.00397906,0.52458735,-28.44295399,3.33192108,0.53129511,-28.43346202,3.31398220,0.00746840,0.00139226,-0.00096410,0.00062168,0.00062215,-0.00194796
10.690,-2.52022090,-0.00864404,3.66809030,-0.06024809,-0.01898227,0.03136202,0.08070995,0.02542916,-0.04201340,-2.52766557,-0.01003315,3.66905859,-0.06082880,-0.01959320,0.03329612,0.13948532,-28.58211588,3.33659163,0.38282401,0.13914576,-0.00411054,0.52230934,-28.44297012,3.33248108,0.52908041,-28.43356670,3.31478121,0.00744467,0.00138911,-0.00096829,0.00058071,0.00061093,-0.00193410
10.700,-2.52081935,-0.00883259,3.66840182,-0.05944283,-0.01872856,0.03094285,0.08033970,0.02531251,-0.04182067,-2.52824000,-0.01021848,3.66937422,-0.05998233,-0.01932828,0.03286295,0.13882701,-28.58171363,3.33727379,0.38118333,0.13871397,-0.00424058,0.52001034,-28.44299966,3.33303321,0.52684409,-28.43368547,3.31557115,0.00742065,0.00138589,-0.00097240,0.00053950,0.00059972,-0.00192010
10.710,-2.52140977,-0.00901861,3.66870916,-0.05864130,-0.01847603,0.03052561,0.07996599,0.02519476,-0.04162613,-2.52880610,-0.01040122,3.66968560,-0.05913930,-0.01906454,0.03243155,0.13816313,-28.58131876,3.33794663,0.37952673,0.13827537,-0.00436913,0.51768986,-28.44304339,3.33357749,0.52458735,-28.43381732,3.31635240,0.00739633,0.00138261,-0.00097644,0.00049800,0.00058851,-0.00190594
10.720,-2.52199219,-0.00920212,3.66901234,-0.05784353,-0.01822467,0.03011033,0.07958881,0.02507593,-0.04142979,-2.52936391,-0.01058136,3.66999273,-0.05829975,-0.01880200,0.03200195,0.13749366,-28.58093131,3.33861014,0.37785452,0.13782949,-0.00449610,0.51534818,-28.44310182,3.33411404,0.52230934,-28.43396293,3.31712450,0.00737172,0.00137924,-0.00098039,0.00045622,0.00057733,-0.00189162
10.730,-2.52256665,-0.00938311,3.66931138,-0.05704954,-0.01797451,0.02969702,0.07920814,0.02495599,-0.04123164,-2.52991347,-0.01075893,3.67029564,-0.05746372,-0.01854068,0.03157417,0.13681857,-28.58055117,3.33926449,0.37616686,0.13737794,-0.00462157,0.51298543,-28.44317324,3.33464292,0.52001034,-28.43412131,3.31788779,0.00734682,0.00137582,-0.00098426,0.00041418,0.00056617,-0.00187715
10.740,-2.52313319,-0.00956161,3.66960629,-0.05625937,-0.01772556,0.02928570,0.07882399,0.02483496,-0.04103167,-2.53045480,-0.01093393,3.67059434,-0.05663124,-0.01828057,0.03114823,0.13613787,-28.58017852,3.33990956,0.37446315,0.13691942,-0.00474564,0.51060102,-28.44325910,3.33516392,0.51768986,-28.43429327,3.31864230,0.00732161,0.00137232,-0.00098805,0.00037187,0.00055501,-0.00186253
10.750,-2.52369185,-0.00973763,3.66989710,-0.05547307,-0.01747782,0.02887639,0.07843634,0.02471282,-0.04082988,-2.53098796,-0.01110638,3.67088886,-0.05580234,-0.01802170,0.03072413,0.13545153,-28.57981331,3.34054548,0.37274338,0.13645411,-0.00486814,0.50819491,-28.44335920,3.33567735,0.51534818,-28.43447928,3.31938812,0.00729611,0.00136875,-0.00099176,0.00032927,0.00054388,-0.00184774
10.760,-2.52424267,-0.00991117,3.67018382,-0.05469066,-0.01723130,0.02846911,0.07804519,0.02458958,-0.04062626,-2.53151297,-0.01127629,3.67117921,-0.05497706,-0.01776407,0.03030190,0.13475954,-28.57945552,3.34117230,0.37100748,0.13598309,-0.00498929,0.50576702,-28.44347243,3.33618301,0.51298543,-28.43467764,3.32012532,0.00727030,0.00136512,-0.00099539,0.00028640,0.00053277,-0.00183279
10.770,-2.52478568,-0.01008226,3.67046649,-0.05391218,-0.01698603,0.02806387,0.07765053,0.02446524,-0.04042082,-2.53202988,-0.01144368,3.67146542,-0.05415543,-0.01750770,0.02988155,0.13406188,-28.57910516,3.34179006,0.36925598,0.13550471,-0.00510860,0.50331786,-28.44360046,3.33668146,0.51060102,-28.43488981,3.32085367,0.00724420,0.00136142,-0.00099893,0.00024325,0.00052167,-0.00181768
10.780,-2.52532092,-0.01025090,3.67074511,-0.05313766,-0.01674200,0.02766070,0.07725235,0.02433978,-0.04021355,-2.53253872,-0.01160855,3.67174749,-0.05333749,-0.01725260,0.02946311,0.13335854,-28.57876230,3.34239877,0.36748860,0.13502032,-0.00522651,0.50084714,-28.44374198,3.33717227,0.50819491,-28.43511555,3.32157346,0.00721780,0.00135765,-0.00100238,0.00019983,0.00051060,-0.00180241
10.790,-2.52584845,-0.01041710,3.67101971,-0.05236714,-0.01649924,0.02725961,0.07685065,0.02421322,-0.04000445,-2.53303952,-0.01177092,3.67202546,-0.05252328,-0.01699878,0.02904658,0.13264952,-28.57842684,3.34299855,0.36570438,0.13452983,-0.00534290,0.49835390,-28.44389701,3.33765565,0.50576702,-28.43535377,3.32228450,0.00719107,0.00135382,-0.00100575,0.00015614,0.00049954,-0.00178697
10.800,-2.52636828,-0.01058088,3.67129031,-0.05160066,-0.01625774,0.02686062,0.07644542,0.02408554,-0.03979351,-2.53353234,-0.01193081,3.67229935,-0.05171282,-0.01674625,0.02863199,0.13193478,-28.57809886,3.34358939,0.36390472,0.13403299,-0.00545766,0.49583950,-28.44406587,3.33813173,0.50331786,-28.43560612,3.32298735,0.00716406,0.00134993,-0.00100904,0.00011216,0.00048851,-0.00177137
10.810,-2.52688047,-0.01074226,3.67155693,-0.05083825,-0.01601753,0.02646374,0.07603665,0.02395675,-0.03958072,-2.53401720,-0.01208822,3.67256916,-0.05090615,-0.01649503,0.02821935,0.13121432,-28.57777842,3.34417129,0.36208845,0.13352906,-0.00557082,0.49330277,-28.44424936,3.33860046,0.50084714,-28.43587130,3.32368154,0.00713673,0.00134596,-0.00101223,0.00006790,0.00047750,-0.00175561
10.820,-2.52738506,-0.01090124,3.67181959,-0.05007994,-0.01577861,0.02606901,0.07562433,0.02382684,-0.03936609,-2.53449414,-0.01224318,3.67283493,-0.05010330,-0.01624512,0.02780869,0.13048811,-28.57746545,3.34474435,0.36025576,0.13301915,-0.00568243,0.49074387,-28.44444630,3.33906192,0.49835390,-28.43614930,3.32436731,0.00710908,0.00134194,-0.00101534,0.00002336,0.00046651,-0.00173968
10.830,-2.52788208,-0.01105784,3.67207832,-0.04932577,-0.01554100,0.02567643,0.07520846,0.02369582,-0.03914961,-2.53496322,-0.01239569,3.67309667,-0.04930432,-0.01599654,0.02740001,0.12975615,-28.57715993,3.34530865,0.35840720,0.13250264,-0.00579227,0.48816335,-28.44465729,3.33951638,0.49583950,-28.43644047,3.32504474,0.00708114,0.00133785,-0.00101835,-0.00002145,0.00045554,-0.00172358
10.840,-2.52837159,-0.01121206,3.67233313,-0.04857578,-0.01530470,0.02528602,0.07478903,0.02356367,-0.03893127,-2.53542446,-0.01254576,3.67335440,-0.04850923,-0.01574931,0.02699334,0.12901843,-28.57686187,3.34586423,0.35654164,0.13198071,-0.00590067,0.48556007,-28.44488115,3.33996356,0.49330277,-28.43674557,3.32571379,0.00705287,0.00133370,-0.00102127,-0.00006655,0.00044461,-0.00170732
10.850,-2.52885361,-0.01136393,3.67258404,-0.04783000,-0.01506973,0.02489781,0.07436602,0.02343039,-0.03871108,-2.53587790,-0.01269342,3.67360815,-0.04771808,-0.01550342,0.02658870,0.12827490,-28.57657138,3.34641103,0.35466001,0.13145212,-0.00600749,0.48293490,-28.44511926,3.34040354,0.49074387,-28.43706342,3.32637454,0.00702429,0.00132949,-0.00102411,-0.00011192,0.00043369,-0.00169089
10.860,-2.52932820,-0.01151346,3.67283109,-0.04708847,-0.01483609,0.02451181,0.07393944,0.02329599,-0.03848903,-2.53632360,-0.01283867,3.67385793,-0.04693089,-0.01525889,0.02618610,0.12752557,-28.57628833,3.34694922,0.35276166,0.13091698,-0.00611244,0.48028723,-28.44537135,3.34083678,0.48816335,-28.43739463,3.32702724,0.00699540,0.00132521,-0.00102684,-0.00015758,0.00042280,-0.00167429
10.870,-2.52979540,-0.01166066,3.67307429,-0.04635123,-0.01460381,0.02412804,0.07350928,0.02316046,-0.03826511,-2.53676158,-0.01298154,3.67410377,-0.04614771,-0.01501574,0.02578555,0.12677044,-28.57601277,3.34747881,0.35084644,0.13037557,-0.00621577,0.47761688,-28.44563720,3.34126304,0.48556007,-28.43773801,3.32767159,0.00696618,0.00132088,-0.00102948,-0.00020352,0.00041193,-0.00165751
10.880,-2.53025524,-0.01180554,3.67331366,-0.04561830,-0.01437289,0.02374651,0.07307553,0.02302380,-0.03803932,-2.53719189,-0.01312202,3.67434569,-0.04536856,-0.01477398,0.02538709,0.12600948,-28.57574469,3.34799984,0.34891507,0.12982836,-0.00631749,0.47492455,-28.44591633,3.34168236,0.48293490,-28.43809492,3.32830769,0.00693665,0.00131648,-0.00103203,-0.00024974,0.00040109,-0.00164058
10.890,-2.53070778,-0.01194812,3.67354922,-0.04488973,-0.01414334,0.02336726,0.07263818,0.02288600,-0.03781166,-2.53761457,-0.01326015,3.67458370,-0.04459349,-0.01453361,0.02499072,0.12524266,-28.57548415,3.34851232,0.34696644,0.12927485,-0.00641762,0.47220910,-28.44620931,3.34209470,0.48028723,-28.43846510,3.32893597,0.00690679,0.00131203,-0.00103448,-0.00029624,0.00039027,-0.00162346
10.900,-2.53115305,-0.01208841,3.67378101,-0.04416555,-0.01391517,0.02299028,0.07219722,0.02274707,-0.03758212,-2.53802967,-0.01339592,3.67481784,-0.04382252,-0.01429465,0.02459647,0.12446998,-28.57523101,3.34901641,0.34500158,0.12871525,-0.00651586,0.46947156,-28.44651576,3.34250055,0.47761688,-28.43884832,3.32955618,0.00687662,0.00130751,-0.00103683,-0.00034303,0.00037948,-0.00160619
10.910,-2.53159110,-0.01222643,3.67400904,-0.04344579,-0.01368840,0.02261562,0.07175266,0.02260700,-0.03735070,-2.53843722,-0.01352937,3.67504812,-0.04305571,-0.01405710,0.02420436,0.12369143,-28.57498538,3.34951206,0.34301990,0.12814913,-0.00661236,0.46671133,-28.44683625,3.34289970,0.47492455,-28.43924409,3.33016835,0.00684612,0.00130294,-0.00103908,-0.00039008,0.00036870,-0.00158874
10.920,-2.53202198,-0.01236219,3.67423333,-0.04273051,-0.01346304,0.02224328,0.07130447,0.02246579,-0.03711739,-2.53883727,-0.01366050,3.67527457,-0.04229307,-0.01382099,0.02381439,0.12290698,-28.57474725,3.34999931,0.34102082,0.12757686,-0.00670725,0.46392780,-28.44717039,3.34329206,0.47220910,-28.43965297,3.33077245,0.00681529,0.00129831,-0.00104124,-0.00043744,0.00035795,-0.00157111
10.930,-2.53244573,-0.01249570,3.67445391,-0.04201972,-0.01323909,0.02187328,0.07085265,0.02232344,-0.03688220,-2.53922987,-0.01378932,3.67549720,-0.04153465,-0.01358632,0.02342660,0.12211661,-28.57451654,3.35047829,0.33900493,0.12699882,-0.00680040,0.46112154,-28.44751772,3.34367789,0.46947156,-28.44007460,3.33136894,0.00678414,0.00129362,-0.00104329,-0.00048507,0.00034723,-0.00155332
10.940,-2.53286239,-0.01262697,3.67467080,-0.04131347,-0.01301657,0.02150564,0.07039720,0.02217994,-0.03664512,-2.53961505,-0.01391585,3.67571604,-0.04078049,-0.01335311,0.02304099,0.12132033,-28.57429325,3.35094904,0.33697230,0.12641535,-0.00689186,0.45829263,-28.44787790,3.34405718,0.46671133,-28.44050952,3.33195761,0.00675266,0.00128888,-0.00104524,-0.00053298,0.00033654,-0.00153535
10.950,-2.53327201,-0.01275603,3.67488403,-0.04061179,-0.01279549,0.02114038,0.06993810,0.02203529,-0.03640614,-2.53999286,-0.01404012,3.67593111,-0.04003061,-0.01312136,0.02265760,0.12051809,-28.57407742,3.35141157,0.33492265,0.12582518,-0.00698143,0.45544073,-28.44825224,3.34443014,0.46392780,-28.44095734,3.33253835,0.00672085,0.00128409,-0.00104708,-0.00058118,0.00032587,-0.00151722
10.960,-2.53367464,-0.01288289,3.67509362,-0.03991472,-0.01257587,0.02077752,0.06947536,0.02188950,-0.03616526,-2.54036334,-0.01416212,3.67614244,-0.03928507,-0.01289108,0.02227643,0.11970991,-28.57386903,3.35186592,0.33285563,0.12522864,-0.00706920,0.45256554,-28.44864039,3.34479673,0.46112154,-28.44141759,3.33311143,0.00668870,0.00127923,-0.00104882,-0.00062965,0.00031521,-0.00149891
10.970,-2.53407032,-0.01300756,3.67529959,-0.03922229,-0.01235771,0.02041708,0.06900896,0.02174255,-0.03592247,-2.54072655,-0.01428188,3.67635005,-0.03854389,-0.01266229,0.02189751,0.11889575,-28.57366808,3.35231216,0.33077157,0.12462626,-0.00715525,0.44966732,-28.44904182,3.34515692,0.45829263,-28.44188993,3.33367681,0.00665623,0.00127432,-0.00105046,-0.00067840,0.00030458,-0.00148043
10.980,-2.53445910,-0.01313005,3.67550197,-0.03853455,-0.01214102,0.02005908,0.06853889,0.02159445,-0.03567778,-2.54108251,-0.01439941,3.67655396,-0.03780710,-0.01243500,0.02152085,0.11807559,-28.57347448,3.35275040,0.32867029,0.12401833,-0.00723949,0.44674588,-28.44945614,3.34551091,0.45544073,-28.44237567,3.33423470,0.00662341,0.00126936,-0.00105199,-0.00072745,0.00029398,-0.00146177
10.990,-2.53484103,-0.01325038,3.67570078,-0.03785152,-0.01192582,0.01970353,0.06806516,0.02144519,-0.03543118,-2.54143129,-0.01451473,3.67675419,-0.03707476,-0.01220922,0.02114648,0.11724945,-28.57328827,3.35318063,0.32655153,0.12340449,-0.00732199,0.44380098,-28.44988379,3.34585864,0.45256554,-28.44287445,3.33478504,0.00659026,0.00126435,-0.00105341,-0.00077676,0.00028340,-0.00144295
11.000,-2.53521615,-0.01336857,3.67589605,-0.03717326,-0.01171212,0.01935046,0.06758774,0.02129477,-0.03518266,-2.54177292,-0.01462785,3.67695078,-0.03634689,-0.01198496,0.02077442,0.11641727,-28.57310946,3.35360290,0.32441552,0.12278429,-0.00740258,0.44083279,-28.45032517,3.34620033,0.44966732,-28.44338574,3.33532781,0.00655677,0.00125928,-0.00105473,-0.00082637,0.00027284,-0.00142396
11.010,-2.53558451,-0.01348463,3.67608780,-0.03649978,-0.01149993,0.01899989,0.06710664,0.02114319,-0.03493222,-2.54210746,-0.01473879,3.67714373,-0.03562353,-0.01176222,0.02040468,0.11557906,-28.57293801,3.35401728,0.32226225,0.12215823,-0.00748136,0.43784131,-28.45077979,3.34653593,0.44674588,-28.44390913,3.33586319,0.00652295,0.00125416,-0.00105593,-0.00087625,0.00026229,-0.00140479
11.020,-2.53594616,-0.01359857,3.67627605,-0.03583114,-0.01128926,0.01865182,0.06662184,0.02099044,-0.03467986,-2.54243494,-0.01484756,3.67733308,-0.03490472,-0.01154103,0.02003728,0.11473479,-28.57277391,3.35442382,0.32009131,0.12152677,-0.00755849,0.43482610,-28.45124715,3.34686533,0.44380098,-28.44444506,3.33639110,0.00648878,0.00124899,-0.00105703,-0.00092642,0.00025177,-0.00138546
11.030,-2.53630115,-0.01371042,3.67646084,-0.03516736,-0.01108013,0.01830630,0.06613334,0.02083653,-0.03442558,-2.54275542,-0.01495419,3.67751885,-0.03419050,-0.01132139,0.01967224,0.11388445,-28.57261714,3.35482257,0.31790287,0.12088854,-0.00763354,0.43178733,-28.45172861,3.34718903,0.44083279,-28.44499393,3.33691176,0.00645427,0.00124377,-0.00105801,-0.00097686,0.00024126,-0.00136594
11.040,-2.53664953,-0.01382018,3.67664219,-0.03450848,-0.01087254,0.01796332,0.06564114,0.02068145,-0.03416936,-2.54306894,-0.01505868,3.67770107,-0.03348090,-0.01110332,0.01930959,0.11302805,-28.57246763,3.35521364,0.31569682,0.12024492,-0.00770675,0.42872487,-28.45222271,3.34750689,0.43784131,-28.44555524,3.33742511,0.00641941,0.00123850,-0.00105888,-0.00102758,0.00023078,-0.00134627
11.050,-2.53699134,-0.01392787,3.67682012,-0.03385455,-0.01066650,0.01762292,0.06514521,0.02052520,-0.03391121,-2.54337555,-0.01516105,3.67787975,-0.03277596,-0.01088681,0.01894934,0.11216552,-28.57232540,3.35559703,0.31347337,0.11959564,-0.00777813,0.42563888,-28.45272976,3.34781890,0.43482610,-28.44612849,3.33793104,0.00638421,0.00123318,-0.00105963,-0.00107859,0.00022031,-0.00132642
11.060,-2.53732663,-0.01403352,3.67699466,-0.03320559,-0.01046204,0.01728510,0.06464557,0.02036778,-0.03365112,-2.54367530,-0.01526132,3.67805493,-0.03207572,-0.01067190,0.01859151,0.11129689,-28.57219051,3.35597274,0.31123242,0.11893945,-0.00784754,0.42252931,-28.45325106,3.34812520,0.43178733,-28.44671504,3.33843002,0.00634867,0.00122780,-0.00106027,-0.00112987,0.00020986,-0.00130641
11.070,-2.53765547,-0.01413712,3.67716583,-0.03256165,-0.01025915,0.01694990,0.06414219,0.02020918,-0.03338908,-2.54396824,-0.01535951,3.67822663,-0.03138022,-0.01045857,0.01823612,0.11042211,-28.57206281,3.35634094,0.30897303,0.11827848,-0.00791525,0.41939514,-28.45378434,3.34842569,0.42872487,-28.44731341,3.33892191,0.00631277,0.00122239,-0.00106080,-0.00118143,0.00019942,-0.00128622
11.080,-2.53797788,-0.01423870,3.67733366,-0.03192276,-0.01005786,0.01661733,0.06363507,0.02004941,-0.03312511,-2.54425441,-0.01545563,3.67839488,-0.03068949,-0.01024686,0.01788319,0.10954119,-28.57194234,3.35670162,0.30669664,0.11761158,-0.00798103,0.41623783,-28.45433076,3.34872059,0.42563888,-28.44792391,3.33940669,0.00627653,0.00121693,-0.00106122,-0.00123327,0.00018900,-0.00126586
11.090,-2.53829394,-0.01433828,3.67749818,-0.03128896,-0.00985817,0.01628740,0.06312421,0.01988845,-0.03285918,-2.54453387,-0.01554969,3.67855969,-0.03000357,-0.01003676,0.01753275,0.10865410,-28.57182909,3.35705483,0.30440169,0.11693841,-0.00804488,0.41305579,-28.45489068,3.34900995,0.42252931,-28.44854783,3.33988449,0.00623993,0.00121141,-0.00106151,-0.00128539,0.00017859,-0.00124535
11.100,-2.53860368,-0.01443587,3.67765942,-0.03066029,-0.00966009,0.01596015,0.06260960,0.01972631,-0.03259130,-2.54480666,-0.01564172,3.67872110,-0.02932251,-0.00982829,0.01718481,0.10776084,-28.57172296,3.35740070,0.30208936,0.11625948,-0.00810667,0.40985020,-28.45546349,3.34929404,0.41939514,-28.44918290,3.34035520,0.00620298,0.00120585,-0.00106168,-0.00133778,0.00016820,-0.00122466
11.110,-2.53890716,-0.01453149,3.67781740,-0.03003678,-0.00946364,0.01563558,0.06209122,0.01956299,-0.03232146,-2.54507284,-0.01573173,3.67887913,-0.02864633,-0.00962145,0.01683939,0.10686136,-28.57162401,3.35773922,0.29975901,0.11557449,-0.00816654,0.40662037,-28.45604952,3.34957268,0.41623783,-28.44983028,3.34081902,0.00616568,0.00120024,-0.00106173,-0.00139045,0.00015781,-0.00120381
11.120,-2.53920443,-0.01462515,3.67797214,-0.02941848,-0.00926883,0.01531373,0.06156908,0.01939848,-0.03204966,-2.54533245,-0.01581974,3.67903381,-0.02797508,-0.00941627,0.01649651,0.10595568,-28.57153219,3.35807044,0.29741055,0.11488401,-0.00822462,0.40336623,-28.45664818,3.34984582,0.41305579,-28.45049032,3.34127601,0.00612802,0.00119459,-0.00106167,-0.00144340,0.00014744,-0.00118278
11.130,-2.53949555,-0.01471687,3.67812368,-0.02880541,-0.00907568,0.01499460,0.06104316,0.01923278,-0.03177589,-2.54558555,-0.01590576,3.67918516,-0.02730880,-0.00921274,0.01615620,0.10504377,-28.57144744,3.35839447,0.29504381,0.11418758,-0.00828068,0.40008758,-28.45725986,3.35011379,0.40985020,-28.45116240,3.34172641,0.00609000,0.00118889,-0.00106148,-0.00149661,0.00013706,-0.00116160
11.140,-2.53978056,-0.01480667,3.67827204,-0.02819763,-0.00888418,0.01467822,0.06051346,0.01906589,-0.03150016,-2.54583219,-0.01598981,3.67933322,-0.02664752,-0.00901089,0.01581847,0.10412560,-28.57136979,3.35871131,0.29265911,0.11348519,-0.00833481,0.39678472,-28.45788459,3.35037650,0.40662037,-28.45184685,3.34217005,0.00605163,0.00118314,-0.00106118,-0.00155011,0.00012671,-0.00114025
11.150,-2.54005952,-0.01489456,3.67841725,-0.02759515,-0.00869436,0.01436460,0.05997997,0.01889780,-0.03122245,-2.54607242,-0.01607191,3.67947800,-0.02599128,-0.00881072,0.01548334,0.10320118,-28.57129915,3.35902107,0.29025631,0.11277721,-0.00838699,0.39345748,-28.45852194,3.35063408,0.40336623,-28.45254308,3.34260684,0.00601290,0.00117735,-0.00106075,-0.00160387,0.00011636,-0.00111874
11.160,-2.54033248,-0.01498056,3.67855934,-0.02699804,-0.00850623,0.01405377,0.05944269,0.01872852,-0.03094277,-2.54630628,-0.01615208,3.67961953,-0.02534013,-0.00861223,0.01515084,0.10227048,-28.57123550,3.35932381,0.28783532,0.11206335,-0.00843715,0.39010580,-28.45917215,3.35088666,0.40008758,-28.45325147,3.34303713,0.00597380,0.00117152,-0.00106019,-0.00165791,0.00010600,-0.00109707
11.170,-2.54059950,-0.01506469,3.67869834,-0.02640631,-0.00831980,0.01374575,0.05890159,0.01855804,-0.03066110,-2.54653384,-0.01623033,3.67975784,-0.02469409,-0.00841545,0.01482098,0.10133346,-28.57117882,3.35961958,0.28539598,0.11134337,-0.00848522,0.38672945,-28.45983545,3.35113436,0.39678472,-28.45397204,3.34346080,0.00593434,0.00116564,-0.00105950,-0.00171222,0.00009565,-0.00107523
11.180,-2.54086062,-0.01514696,3.67883427,-0.02582002,-0.00813507,0.01344056,0.05835669,0.01838635,-0.03037746,-2.54675515,-0.01630668,3.67989297,-0.02405322,-0.00822039,0.01449378,0.10039015,-28.57112908,3.35990844,0.28293876,0.11061802,-0.00853137,0.38332891,-28.46051106,3.35137706,0.39345748,-28.45470435,3.34387798,0.00589453,0.00115972,-0.00105870,-0.00176680,0.00008532,-0.00105322
11.190,-2.54111591,-0.01522740,3.67896716,-0.02523919,-0.00795207,0.01313821,0.05780797,0.01821347,-0.03009182,-2.54697025,-0.01638115,3.68002492,-0.02341754,-0.00802704,0.01416928,0.09944051,-28.57108630,3.36019037,0.28046276,0.10988612,-0.00857554,0.37990327,-28.46120018,3.35161483,0.39010580,-28.45544865,3.34428879,0.00585434,0.00115375,-0.00105776,-0.00182165,0.00007497,-0.00103107
11.200,-2.54136543,-0.01530601,3.67909704,-0.02466387,-0.00777081,0.01283873,0.05725542,0.01803938,-0.02980419,-2.54717921,-0.01645376,3.68015374,-0.02278710,-0.00783543,0.01384748,0.09848452,-28.57105036,3.36046556,0.27796784,0.10914896,-0.00861779,0.37645235,-28.46190139,3.35184777,0.38672945,-28.45620515,3.34469332,0.00581378,0.00114775,-0.00105670,-0.00187677,0.00006462,-0.00100875
11.210,-2.54160921,-0.01538282,3.67922394,-0.02409410,-0.00759129,0.01254213,0.05669903,0.01786408,-0.02951457,-2.54738208,-0.01652452,3.68027946,-0.02216194,-0.00764556,0.01352841,0.09752215,-28.57102127,3.36073399,0.27545511,0.10840575,-0.00865796,0.37297726,-28.46261552,3.35207603,0.38332891,-28.45697308,3.34509146,0.00577287,0.00114170,-0.00105552,-0.00193216,0.00005427,-0.00098628
11.220,-2.54184733,-0.01545784,3.67934789,-0.02352990,-0.00741353,0.01224844,0.05613881,0.01768757,-0.02922294,-2.54757890,-0.01659345,3.68040209,-0.02154209,-0.00745745,0.01321208,0.09655343,-28.57099897,3.36099578,0.27292351,0.10765690,-0.00869611,0.36947693,-28.46334206,3.35229967,0.37990327,-28.45775363,3.34548327,0.00573157,0.00113561,-0.00105420,-0.00198781,0.00004392,-0.00096364
11.230,-2.54207983,-0.01553110,3.67946892,-0.02297133,-0.00723754,0.01195768,0.05557474,0.01750985,-0.02892931,-2.54776974,-0.01666057,3.68052167,-0.02092760,-0.00727110,0.01289853,0.09557830,-28.57098346,3.36125092,0.27037355,0.10690150,-0.00873211,0.36595185,-28.46408196,3.35251881,0.37645235,-28.45854536,3.34586883,0.00568991,0.00112947,-0.00105275,-0.00204373,0.00003356,-0.00094085
11.240,-2.54230677,-0.01560260,3.67958706,-0.02241842,-0.00706334,0.01166986,0.05500681,0.01733091,-0.02863368,-2.54795465,-0.01672590,3.68063822,-0.02031850,-0.00708653,0.01258777,0.09459676,-28.57097462,3.36149959,0.26780523,0.10614085,-0.00876607,0.36240199,-28.46483377,3.35273353,0.37297726,-28.45934911,3.34624828,0.00564788,0.00112330,-0.00105116,-0.00209992,0.00002319,-0.00091791
11.250,-2.54252822,-0.01567237,3.67970233,-0.02187121,-0.00689093,0.01138501,0.05443501,0.01715076,-0.02833603,-2.54813369,-0.01678945,3.68075178,-0.01971484,-0.00690375,0.01227982,0.09360878,-28.57097253,3.36174173,0.26521753,0.10537414,-0.00879810,0.35882631,-28.46559839,3.35294362,0.36947693,-28.46016437,3.34662168,0.00560547,0.00111708,-0.00104945,-0.00215637,0.00001282,-0.00089481
11.260,-2.54274422,-0.01574042,3.67981477,-0.02132974,-0.00672033,0.01110315,0.05385935,0.01696938,-0.02803637,-2.54830691,-0.01685125,3.68086237,-0.01911666,-0.00672276,0.01197470,0.09261437,-28.57097704,3.36197750,0.26261157,0.10460186,-0.00882801,0.35522594,-28.46637518,3.35314948,0.36595185,-28.46099206,3.34698913,0.00556269,0.00111083,-0.00104760,-0.00221308,0.00000243,-0.00087155
11.270,-2.54295483,-0.01580678,3.67992440,-0.02079404,-0.00655155,0.01082429,0.05327981,0.01678679,-0.02773469,-2.54847437,-0.01691131,3.68097003,-0.01852399,-0.00654358,0.01167244,0.09161350,-28.57098824,3.36220683,0.25998687,0.10382323,-0.00885595,0.35160037,-28.46716501,3.35335089,0.36240199,-28.46183075,3.34735070,0.00551954,0.00110453,-0.00104563,-0.00227005,-0.00000797,-0.00084815
11.280,-2.54316012,-0.01587146,3.68003126,-0.02026415,-0.00638460,0.01054846,0.05269638,0.01660297,-0.02743099,-2.54863613,-0.01696965,3.68107478,-0.01793687,-0.00636622,0.01137306,0.09060614,-28.57100599,3.36242991,0.25734307,0.10303872,-0.00888176,0.34794921,-28.46796727,3.35354816,0.35882631,-28.46268133,3.34770618,0.00547601,0.00109819,-0.00104352,-0.00232728,-0.00001838,-0.00082460
11.290,-2.54336013,-0.01593448,3.68013538,-0.01974012,-0.00621949,0.01027568,0.05210906,0.01641792,-0.02712526,-2.54879224,-0.01702629,3.68117665,-0.01735535,-0.00619068,0.01107657,0.08959229,-28.57103025,3.36264679,0.25468097,0.10224827,-0.00890539,0.34427326,-28.46878199,3.35374140,0.35522594,-28.46354314,3.34805593,0.00543211,0.00109181,-0.00104127,-0.00238477,-0.00002881,-0.00080089
11.300,-2.54355494,-0.01599586,3.68023679,-0.01922198,-0.00605624,0.01000596,0.05151783,0.01623165,-0.02681750,-2.54894276,-0.01708125,3.68127567,-0.01677946,-0.00601699,0.01078299,0.08857191,-28.57106100,3.36285751,0.25199943,0.10145163,-0.00892692,0.34057134,-28.46960937,3.35393059,0.35160037,-28.46441706,3.34839975,0.00538782,0.00108539,-0.00103888,-0.00244252,-0.00003925,-0.00077703
11.310,-2.54374459,-0.01605561,3.68033551,-0.01870978,-0.00589486,0.00973934,0.05092270,0.01604414,-0.02650771,-2.54908774,-0.01713455,3.68137188,-0.01620925,-0.00584514,0.01049236,0.08754502,-28.57109820,3.36306214,0.24929924,0.10064963,-0.00894651,0.33684426,-28.47044857,3.35411563,0.34794921,-28.46530247,3.34873792,0.00534315,0.00107894,-0.00103637,-0.00250053,-0.00004972,-0.00075302
11.320,-2.54392915,-0.01611376,3.68043158,-0.01820354,-0.00573536,0.00947582,0.05032366,0.01585540,-0.02619588,-2.54922725,-0.01718620,3.68146530,-0.01564476,-0.00567516,0.01020469,0.08651159,-28.57114182,3.36326072,0.24657997,0.09984130,-0.00896397,0.33309156,-28.47130052,3.35429675,0.34427326,-28.46619939,3.34907056,0.00529810,0.00107244,-0.00103372,-0.00255878,-0.00006020,-0.00072887
11.330,-2.54410868,-0.01617033,3.68052504,-0.01770332,-0.00557776,0.00921543,0.04972069,0.01566542,-0.02588200,-2.54936135,-0.01723623,3.68155595,-0.01508602,-0.00550704,0.00992000,0.08547159,-28.57119179,3.36345338,0.24384158,0.09902636,-0.00897911,0.32931318,-28.47216542,3.35447427,0.34057134,-28.46710802,3.34939762,0.00525267,0.00106590,-0.00103091,-0.00261730,-0.00007072,-0.00070457
11.340,-2.54428324,-0.01622532,3.68061590,-0.01720914,-0.00542206,0.00895818,0.04911379,0.01547421,-0.02556608,-2.54949009,-0.01728465,3.68164389,-0.01453308,-0.00534081,0.00963832,0.08442502,-28.57124804,3.36364015,0.24108398,0.09820660,-0.00899246,0.32550900,-28.47304144,3.35464770,0.33684426,-28.46802751,3.34971900,0.00520685,0.00105933,-0.00102799,-0.00267606,-0.00008125,-0.00068014
11.350,-2.54445289,-0.01627877,3.68070421,-0.01672106,-0.00526828,0.00870411,0.04850296,0.01528175,-0.02524812,-2.54961354,-0.01733148,3.68172912,-0.01398597,-0.00517647,0.00935966,0.08337185,-28.57131057,3.36382111,0.23830716,0.09738010,-0.00900350,0.32167902,-28.47393048,3.35481761,0.33309156,-28.46895880,3.35003491,0.00516065,0.00105271,-0.00102491,-0.00273509,-0.00009181,-0.00065555
11.360,-2.54461768,-0.01633069,3.68079000,-0.01623910,-0.00511643,0.00845323,0.04788818,0.01508806,-0.02492809,-2.54973175,-0.01737675,3.68181170,-0.01344475,-0.00501403,0.00908404,0.08231208,-28.57137928,3.36399635,0.23551185,0.09654765,-0.00901229,0.31782392,-28.47483163,3.35498406,0.32931318,-28.46990206,3.35034566,0.00511407,0.00104606,-0.00102170,-0.00279435,-0.00010240,-0.00063081
11.370,-2.54477769,-0.01638111,3.68087329,-0.01576330,-0.00496652,0.00820556,0.04726945,0.01489311,-0.02460601,-2.54984479,-0.01742047,3.68189163,-0.01290944,-0.00485351,0.00881150,0.08124567,-28.57145426,3.36416582,0.23269668,0.09570848,-0.00901906,0.31394235,-28.47574578,3.35514677,0.32550900,-28.47085547,3.35065076,0.00506710,0.00103936,-0.00101834,-0.00285386,-0.00011301,-0.00060594
11.380,-2.54493297,-0.01643003,3.68095412,-0.01529372,-0.00481857,0.00796111,0.04664676,0.01469692,-0.02428187,-2.54995271,-0.01746266,3.68196897,-0.01238009,-0.00469491,0.00854204,0.08017262,-28.57153529,3.36432975,0.22986243,0.09486398,-0.00902374,0.31003505,-28.47667130,3.35530601,0.32167902,-28.47182092,3.35095077,0.00501974,0.00103263,-0.00101485,-0.00291363,-0.00012366,-0.00058093
11.390,-2.54508358,-0.01647749,3.68103252,-0.01483038,-0.00467259,0.00771993,0.04602010,0.01449948,-0.02395567,-2.55005557,-0.01750334,3.68204374,-0.01185675,-0.00453824,0.00827570,0.07909291,-28.57162246,3.36448807,0.22700910,0.09401258,-0.00902621,0.30610201,-28.47760988,3.35546186,0.31782392,-28.47279751,3.35124573,0.00497199,0.00102585,-0.00101122,-0.00297363,-0.00013435,-0.00055577
11.400,-2.54522960,-0.01652349,3.68110853,-0.01437333,-0.00452858,0.00748201,0.04538947,0.01430079,-0.02362739,-2.55015345,-0.01754254,3.68211597,-0.01133944,-0.00438352,0.00801249,0.07800653,-28.57171555,3.36464101,0.22413599,0.09315577,-0.00902652,0.30214252,-28.47855979,3.35561449,0.31394235,-28.47378610,3.35153533,0.00492385,0.00101905,-0.00100744,-0.00303389,-0.00014506,-0.00053048
11.410,-2.54537107,-0.01656806,3.68118217,-0.01392261,-0.00438657,0.00724738,0.04475486,0.01410084,-0.02329705,-2.55024640,-0.01758026,3.68218569,-0.01082822,-0.00423076,0.00775244,0.07691345,-28.57181467,3.36478852,0.22124390,0.09229280,-0.00902478,0.29815735,-28.47952187,3.35576373,0.31003505,-28.47478507,3.35181987,0.00487533,0.00101220,-0.00100352,-0.00309439,-0.00015581,-0.00050506
11.420,-2.54550807,-0.01661123,3.68125349,-0.01347825,-0.00424657,0.00701607,0.04411625,0.01389964,-0.02296463,-2.55033447,-0.01761654,3.68225294,-0.01032313,-0.00407997,0.00749556,0.07581365,-28.57191970,3.36493069,0.21833224,0.09142265,-0.00902063,0.29414589,-28.48049706,3.35591006,0.30610201,-28.47579609,3.35209940,0.00482640,0.00100531,-0.00099945,-0.00315512,-0.00016660,-0.00047949
11.430,-2.54564066,-0.01665300,3.68132250,-0.01304030,-0.00410859,0.00678810,0.04347366,0.01369718,-0.02263012,-2.55041775,-0.01765139,3.68231775,-0.00982420,-0.00393115,0.00724188,0.07470715,-28.57203062,3.36506759,0.21540087,0.09054712,-0.00901461,0.29010801,-28.48148350,3.35605298,0.30214252,-28.47681744,3.35237407,0.00477709,0.00099839,-0.00099525,-0.00321610,-0.00017744,-0.00045378
11.440,-2.54576890,-0.01669341,3.68138926,-0.01260879,-0.00397263,0.00656348,0.04282705,0.01349346,-0.02229353,-2.55049628,-0.01768482,3.68238015,-0.00933148,-0.00378432,0.00699142,0.07359388,-28.57214734,3.36519933,0.21245033,0.08966449,-0.00900610,0.28604421,-28.48248284,3.35619322,0.29815735,-28.47784995,3.35264371,0.00472738,0.00099141,-0.00099089,-0.00327731,-0.00018831,-0.00042794
11.450,-2.54589285,-0.01673246,3.68145378,-0.01218377,-0.00383872,0.00634224,0.04217644,0.01328847,-0.02195486,-2.55057014,-0.01771687,3.68244017,-0.00884500,-0.00363949,0.00674421,0.07247386,-28.57226981,3.36532596,0.20948053,0.08877644,-0.00899564,0.28195440,-28.48349337,3.35633031,0.29414589,-28.47889455,3.35290878,0.00467729,0.00098441,-0.00098639,-0.00333877,-0.00019923,-0.00040197
11.460,-2.54601259,-0.01677019,3.68151611,-0.01176527,-0.00370687,0.00612439,0.04152181,0.01308221,-0.02161409,-2.55063938,-0.01774756,3.68249786,-0.00836482,-0.00349667,0.00650026,0.07134707,-28.57239802,3.36544753,0.20649081,0.08788123,-0.00898286,0.27783788,-28.48451678,3.35646468,0.29010801,-28.47994939,3.35316878,0.00462679,0.00097737,-0.00098175,-0.00340045,-0.00021020,-0.00037587
11.470,-2.54612818,-0.01680661,3.68157628,-0.01135334,-0.00357708,0.00590996,0.04086315,0.01287469,-0.02127123,-2.55070407,-0.01777689,3.68255323,-0.00789097,-0.00335588,0.00625959,0.07021349,-28.57253185,3.36556417,0.20348141,0.08697980,-0.00896786,0.27369490,-28.48555204,3.35659631,0.28604421,-28.48101610,3.35342443,0.00457589,0.00097028,-0.00097695,-0.00346237,-0.00022120,-0.00034963
11.480,-2.54623968,-0.01684174,3.68163433,-0.01094802,-0.00344938,0.00569897,0.04020046,0.01266590,-0.02092627,-2.55076428,-0.01780490,3.68260634,-0.00742350,-0.00321712,0.00602223,0.06907309,-28.57267121,3.36567597,0.20045270,0.08607200,-0.00895050,0.26952580,-28.48659921,3.35672547,0.28195440,-28.48209296,3.35367524,0.00452460,0.00096316,-0.00097201,-0.00352452,-0.00023226,-0.00032326
11.490,-2.54634716,-0.01687560,3.68169027,-0.01054935,-0.00332377,0.00549144,0.03953373,0.01245583,-0.02057920,-2.55082008,-0.01783160,3.68265720,-0.00696244,-0.00308040,0.00578820,0.06792588,-28.57281620,3.36578289,0.19740401,0.08515821,-0.00893130,0.26532989,-28.48765799,3.35685159,0.27783788,-28.48318166,3.35392162,0.00447292,0.00095600,-0.00096693,-0.00358691,-0.00024337,-0.00029676
11.500,-2.54645069,-0.01690822,3.68174417,-0.01015736,-0.00320026,0.00528739,0.03886295,0.01224449,-0.02023003,-2.55087152,-0.01785702,3.68270585,-0.00650783,-0.00294573,0.00555752,0.06677182,-28.57296659,3.36588514,0.19433579,0.08423733,-0.00890949,0.26110761,-28.48872926,3.35697565,0.27369490,-28.48428117,3.35416357,0.00442083,0.00094880,-0.00096168,-0.00364953,-0.00025453,-0.00027013
11.510,-2.54655033,-0.01693961,3.68179603,-0.00977210,-0.00307888,0.00508685,0.03818812,0.01203187,-0.01987875,-2.55091867,-0.01788117,3.68275233,-0.00605973,-0.00281313,0.00533022,0.06561091,-28.57312247,3.36598267,0.19124775,0.08331045,-0.00888580,0.25685866,-28.48981202,3.35709688,0.26952580,-28.48539154,3.35440132,0.00436834,0.00094156,-0.00095630,-0.00371237,-0.00026575,-0.00024337
11.520,-2.54664616,-0.01696980,3.68184591,-0.00939361,-0.00295963,0.00488983,0.03750922,0.01181797,-0.01952535,-2.55096161,-0.01790408,3.68279668,-0.00561817,-0.00268261,0.00510631,0.06444312,-28.57328369,3.36607565,0.18813959,0.08237665,-0.00885972,0.25258271,-28.49090704,3.35721592,0.26532989,-28.48651247,3.35463430,0.00431545,0.00093428,-0.00095077,-0.00377544,-0.00027702,-0.00021648
11.530,-2.54673823,-0.01699881,3.68189384,-0.00902193,-0.00284253,0.00469635,0.03682625,0.01160279,-0.01916983,-2.55100039,-0.01792577,3.68283892,-0.00518320,-0.00255418,0.00488582,0.06326844,-28.57345020,3.36616412,0.18501211,0.08143606,-0.00883133,0.24828055,-28.49201414,3.35733280,0.26110761,-28.48764482,3.35486348,0.00426216,0.00092696,-0.00094508,-0.00383873,-0.00028835,-0.00018947
11.540,-2.54682662,-0.01702666,3.68193985,-0.00865710,-0.00272758,0.00450644,0.03613921,0.01138633,-0.01881219,-2.55103509,-0.01794626,3.68287910,-0.00475485,-0.00242785,0.00466877,0.06208687,-28.57362197,3.36624815,0.18186462,0.08048887,-0.00880074,0.24395149,-28.49313310,3.35744741,0.25685866,-28.48878760,3.35508807,0.00420847,0.00091960,-0.00093925,-0.00390225,-0.00029973,-0.00016233
11.550,-2.54691139,-0.01705337,3.68198398,-0.00829916,-0.00261480,0.00432011,0.03544808,0.01116857,-0.01845243,-2.55106577,-0.01796557,3.68291724,-0.00433317,-0.00230363,0.00445518,0.06089836,-28.57379892,3.36632785,0.17869763,0.07953512,-0.00876788,0.23959599,-28.49426380,3.35755997,0.25258271,-28.48994156,3.35530872,0.00415438,0.00091220,-0.00093326,-0.00396599,-0.00031117,-0.00013507
11.560,-2.54699262,-0.01707896,3.68202627,-0.00794815,-0.00250421,0.00413740,0.03475286,0.01094953,-0.01809053,-2.55109250,-0.01798372,3.68295339,-0.00391821,-0.00218153,0.00424507,0.05970292,-28.57398093,3.36640333,0.17551066,0.07857473,-0.00873266,0.23521358,-28.49540619,3.35767067,0.24828055,-28.49110653,3.35552542,0.00409988,0.00090476,-0.00092712,-0.00402994,-0.00032268,-0.00010767
11.570,-2.54707038,-0.01710346,3.68206674,-0.00760412,-0.00239582,0.00395831,0.03405354,0.01072920,-0.01772650,-2.55111536,-0.01800074,3.68298758,-0.00350999,-0.00206156,0.00403847,0.05850053,-28.57416808,3.36647452,0.17230316,0.07760727,-0.00869538,0.23080369,-28.49656081,3.35777914,0.24395149,-28.49228227,3.35573808,0.00404498,0.00089728,-0.00092084,-0.00409413,-0.00033426,-0.00008016
11.580,-2.54714473,-0.01712689,3.68210545,-0.00726710,-0.00228963,0.00378287,0.03335011,0.01050757,-0.01736033,-2.55113440,-0.01801664,3.68301984,-0.00310858,-0.00194374,0.00383539,0.05729116,-28.57436019,3.36654167,0.16907621,0.07663272,-0.00865557,0.22636737,-28.49772746,3.35788610,0.23959599,-28.49346866,3.35594688,0.00398967,0.00088975,-0.00091439,-0.00415852,-0.00034589,-0.00005252
11.590,-2.54721575,-0.01714926,3.68214241,-0.00693713,-0.00218567,0.00361111,0.03264257,0.01028465,-0.01699202,-2.55114970,-0.01803145,3.68305021,-0.00271400,-0.00182808,0.00363587,0.05607481,-28.57455723,3.36660476,0.16582890,0.07565210,-0.00861379,0.22190371,-28.49890514,3.35799097,0.23521358,-28.49466565,3.35615202,0.00393395,0.00088219,-0.00090780,-0.00422313,-0.00035759,-0.00002476
11.600,-2.54728350,-0.01717061,3.68217768,-0.00661426,-0.00208394,0.00344304,0.03193091,0.01006042,-0.01662157,-2.55116133,-0.01804519,3.68307873,-0.00232631,-0.00171458,0.00343992,0.05485146,-28.57475916,3.36666390,0.16256195,0.07466388,-0.00856948,0.21741341,-28.50009528,3.35809441,0.23080369,-28.49587376,3.35635311,0.00387783,0.00087458,-0.00090105,-0.00428795,-0.00036936,0.00000312
11.610,-2.54734805,-0.01719095,3.68221129,-0.00629853,-0.00198447,0.00327868,0.03121511,0.00983490,-0.01624896,-2.55116937,-0.01805789,3.68310544,-0.00194553,-0.00160327,0.00324756,0.05362108,-28.57496584,3.36671921,0.15927537,0.07366894,-0.00852285,0.21289645,-28.50129690,3.35819636,0.22636737,-28.49709280,3.35655086,0.00382132,0.00086694,-0.00089415,-0.00435300,-0.00038120,0.00003112
11.620,-2.54740949,-0.01721031,3.68224327,-0.00598997,-0.00188725,0.00311807,0.03049519,0.00960807,-0.01587421,-2.55117387,-0.01806955,3.68313036,-0.00157173,-0.00149414,0.00305882,0.05238369,-28.57517731,3.36677069,0.15596812,0.07266684,-0.00847401,0.20835181,-28.50251047,3.35829668,0.22190371,-28.49832175,3.35674467,0.00376438,0.00085924,-0.00088709,-0.00441824,-0.00039311,0.00005925
11.630,-2.54746788,-0.01722870,3.68227366,-0.00568864,-0.00179231,0.00296121,0.02977111,0.00937994,-0.01549729,-2.55117492,-0.01808022,3.68315355,-0.00120494,-0.00138722,0.00287372,0.05113923,-28.57539340,3.36681851,0.15264077,0.07165841,-0.00842298,0.20378000,-28.50373499,3.35839552,0.21741341,-28.49956205,3.35693521,0.00370704,0.00085152,-0.00087989,-0.00448370,-0.00040509,0.00008749
11.640,-2.54752329,-0.01724616,3.68230250,-0.00539456,-0.00169966,0.00280813,0.02904289,0.00915050,-0.01511822,-2.55117257,-0.01808990,3.68317503,-0.00084520,-0.00128252,0.00269227,0.04988771,-28.57561415,3.36686266,0.14929346,0.07064229,-0.00836959,0.19918118,-28.50497186,3.35849307,0.21289645,-28.50081269,3.35712238,0.00364928,0.00084374,-0.00087253,-0.00454936,-0.00041714,0.00011586
11.650,-2.54757579,-0.01726270,3.68232983,-0.00510779,-0.00160930,0.00265885,0.02831051,0.00891975,-0.01473698,-2.55116692,-0.01809863,3.68319484,-0.00049256,-0.00118004,0.00251451,0.04862912,-28.57583939,3.36690331,0.14592638,0.06961951,-0.00831386,0.19455550,-28.50621987,3.35858945,0.20835181,-28.50207416,3.35730606,0.00359113,0.00083593,-0.00086501,-0.00461523,-0.00042926,0.00014434
11.660,-2.54762547,-0.01727835,3.68235569,-0.00482837,-0.00152127,0.00251340,0.02757396,0.00868769,-0.01435357,-2.55115803,-0.01810642,3.68321302,-0.00014705,-0.00107981,0.00234046,0.04736342,-28.57606908,3.36694052,0.14253860,0.06858921,-0.00825573,0.18990202,-28.50747987,3.35868480,0.20378000,-28.50334545,3.35748638,0.00353256,0.00082807,-0.00085733,-0.00468132,-0.00044146,0.00017294
11.670,-2.54767239,-0.01729314,3.68238012,-0.00455633,-0.00143555,0.00237179,0.02683324,0.00845431,-0.01396799,-2.55114596,-0.01811330,3.68322961,0.00019127,-0.00098182,0.00217013,0.04609062,-28.57630320,3.36697435,0.13913084,0.06755111,-0.00819512,0.18522146,-28.50875209,3.35877923,0.19918118,-28.50462793,3.35766350,0.00347357,0.00082016,-0.00084949,-0.00474760,-0.00045373,0.00020166
11.680,-2.54771662,-0.01730707,3.68240314,-0.00429172,-0.00135218,0.00223404,0.02608834,0.00821961,-0.01358023,-2.55113081,-0.01811929,3.68324465,0.00052237,-0.00088609,0.00200355,0.04481069,-28.57654164,3.36700491,0.13570313,0.06650698,-0.00813249,0.18051381,-28.51003466,3.35887241,0.19455550,-28.50592041,3.35783755,0.00341419,0.00081222,-0.00084151,-0.00481409,-0.00046609,0.00023049
11.690,-2.54775824,-0.01732019,3.68242481,-0.00403457,-0.00127117,0.00210019,0.02533925,0.00798360,-0.01319029,-2.55111263,-0.01812441,3.68325818,0.00084619,-0.00079265,0.00184074,0.04352361,-28.57678435,3.36703225,0.13225537,0.06545447,-0.00806726,0.17577898,-28.51132987,3.35896498,0.18990202,-28.50722372,3.35800864,0.00335439,0.00080422,-0.00083337,-0.00488076,-0.00047852,0.00025945
11.700,-2.54779734,-0.01733250,3.68244516,-0.00378494,-0.00119252,0.00197024,0.02458596,0.00774626,-0.01279817,-2.55109151,-0.01812869,3.68327022,0.00116271,-0.00070148,0.00168173,0.04222936,-28.57703119,3.36705654,0.12878671,0.06439555,-0.00799983,0.17101608,-28.51263564,3.35905671,0.18522146,-28.50853809,3.35817689,0.00329417,0.00079619,-0.00082506,-0.00494765,-0.00049104,0.00028851
11.710,-2.54783397,-0.01734405,3.68246423,-0.00354287,-0.00111625,0.00184423,0.02382847,0.00750760,-0.01240386,-2.55106751,-0.01813215,3.68328083,0.00147187,-0.00061262,0.00152653,0.04092795,-28.57728223,3.36707772,0.12529822,0.06332813,-0.00792991,0.16622617,-28.51395410,3.35914781,0.18051381,-28.50986164,3.35834195,0.00323354,0.00078810,-0.00081660,-0.00501474,-0.00050363,0.00031770
11.720,-2.54786822,-0.01735484,3.68248206,-0.00330839,-0.00104237,0.00172217,0.02306678,0.00726761,-0.01200736,-2.55104073,-0.01813482,3.68329004,0.00177363,-0.00052607,0.00137517,0.03961937,-28.57753726,3.36709603,0.12178946,0.06225401,-0.00785769,0.16140882,-28.51528325,3.35923835,0.17577898,-28.51119666,3.35850444,0.00317251,0.00077998,-0.00080798,-0.00508202,-0.00051630,0.00034700
11.730,-2.54790016,-0.01736490,3.68249868,-0.00308155,-0.00097090,0.00160409,0.02230086,0.00702630,-0.01160867,-2.55101122,-0.01813671,3.68329789,0.00206795,-0.00044185,0.00122767,0.03830356,-28.57779628,3.36711146,0.11826044,0.06117273,-0.00778326,0.15656399,-28.51662355,3.35932820,0.17101608,-28.51254105,3.35866412,0.00311106,0.00077181,-0.00079921,-0.00514950,-0.00052905,0.00037642
11.740,-2.54792988,-0.01737426,3.68251415,-0.00286239,-0.00090185,0.00149001,0.02153072,0.00678365,-0.01120777,-2.55097906,-0.01813785,3.68330443,0.00235478,-0.00035996,0.00108405,0.03698053,-28.57805916,3.36712419,0.11471079,0.06008356,-0.00770626,0.15169132,-28.51797560,3.35941793,0.16622617,-28.51389695,3.35882121,0.00304918,0.00076359,-0.00079028,-0.00521717,-0.00054189,0.00040596
11.750,-2.54795744,-0.01738295,3.68252850,-0.00265095,-0.00083523,0.00137994,0.02075635,0.00653967,-0.01080467,-2.55094434,-0.01813827,3.68330968,0.00263408,-0.00028042,0.00094434,0.03565028,-28.57832592,3.36713420,0.11114112,0.05898623,-0.00762680,0.14679140,-28.51933969,3.35950740,0.16140882,-28.51526235,3.35897574,0.00298690,0.00075532,-0.00078118,-0.00528503,-0.00055481,0.00043560
11.760,-2.54798292,-0.01739098,3.68254176,-0.00244727,-0.00077106,0.00127392,0.01997774,0.00629436,-0.01039937,-2.55090713,-0.01813798,3.68331369,0.00290581,-0.00020324,0.00080856,0.03431278,-28.57859643,3.36714161,0.10755127,0.05788182,-0.00754513,0.14186405,-28.52071461,3.35959648,0.15656399,-28.51663770,3.35912760,0.00292421,0.00074700,-0.00077193,-0.00535308,-0.00056782,0.00046536
11.770,-2.54800641,-0.01739838,3.68255399,-0.00225141,-0.00070935,0.00117196,0.01919488,0.00604770,-0.00999185,-2.55086751,-0.01813702,3.68331650,0.00316992,-0.00012843,0.00067672,0.03296801,-28.57887056,3.36714660,0.10394079,0.05676965,-0.00746090,0.13690880,-28.52210092,3.35968570,0.15169132,-28.51802359,3.35927732,0.00286110,0.00073864,-0.00076251,-0.00542133,-0.00058092,0.00049524
11.780,-2.54802797,-0.01740517,3.68256522,-0.00206339,-0.00065011,0.00107409,0.01840776,0.00579971,-0.00958212,-2.55082555,-0.01813541,3.68331816,0.00342638,-0.00005601,0.00054886,0.03161594,-28.57914826,3.36714922,0.10031062,0.05565023,-0.00737426,0.13192657,-28.52349803,3.35977496,0.14679140,-28.51942031,3.35942477,0.00279758,0.00073024,-0.00075294,-0.00548977,-0.00059410,0.00052523
11.790,-2.54804770,-0.01741139,3.68257549,-0.00188327,-0.00059336,0.00098033,0.01761639,0.00555037,-0.00917018,-2.55078134,-0.01813317,3.68331869,0.00367512,0.00001400,0.00042499,0.03025661,-28.57942955,3.36714947,0.09665933,0.05452224,-0.00728521,0.12691594,-28.52490731,3.35986426,0.14186405,-28.52082664,3.35956979,0.00273364,0.00072178,-0.00074320,-0.00555839,-0.00060736,0.00055534
11.800,-2.54806567,-0.01741705,3.68258484,-0.00171108,-0.00053911,0.00089070,0.01682075,0.00529969,-0.00875600,-2.55073495,-0.01813033,3.68331814,0.00391612,0.00008161,0.00030513,0.02888996,-28.57971427,3.36714752,0.09298760,0.05338686,-0.00719382,0.12187756,-28.52632741,3.35995370,0.13690880,-28.52224313,3.35971292,0.00266928,0.00071328,-0.00073330,-0.00562720,-0.00062072,0.00058557
11.810,-2.54808195,-0.01742218,3.68259331,-0.00154686,-0.00048737,0.00080522,0.01602082,0.00504766,-0.00833961,-2.55068646,-0.01812690,3.68331656,0.00414933,0.00014679,0.00018932,0.02751597,-28.58000239,3.36714342,0.08929586,0.05224374,-0.00710006,0.11681183,-28.52775865,3.36004336,0.13192657,-28.52366919,3.35985403,0.00260451,0.00070472,-0.00072325,-0.00569619,-0.00063416,0.00061590
11.820,-2.54809663,-0.01742680,3.68260096,-0.00139067,-0.00043816,0.00072391,0.01521662,0.00479428,-0.00792098,-2.55063595,-0.01812293,3.68331399,0.00437470,0.00020953,0.00007756,0.02613466,-28.58029368,3.36713742,0.08558385,0.05109294,-0.00700364,0.11171851,-28.52920074,3.36013378,0.12691594,-28.52510619,3.35999311,0.00253932,0.00069613,-0.00071303,-0.00576537,-0.00064769,0.00064635
11.830,-2.54810979,-0.01743095,3.68260781,-0.00124255,-0.00039149,0.00064680,0.01440812,0.00453955,-0.00750012,-2.55058350,-0.01811842,3.68331046,0.00459220,0.00026983,-0.00003011,0.02474598,-28.58058828,3.36712938,0.08185105,0.04993355,-0.00690487,0.10659703,-28.53065473,3.36022451,0.12187756,-28.52655276,3.36013026,0.00247371,0.00068747,-0.00070265,-0.00583475,-0.00066132,0.00067691
11.840,-2.54812151,-0.01743464,3.68261391,-0.00110253,-0.00034737,0.00057392,0.01359533,0.00428346,-0.00707702,-2.55052920,-0.01811341,3.68330601,0.00480177,0.00032765,-0.00013367,0.02334995,-28.58088598,3.36711954,0.07809791,0.04876666,-0.00680366,0.10144786,-28.53211932,3.36031589,0.11681183,-28.52800922,3.36026554,0.00240769,0.00067877,-0.00069210,-0.00590430,-0.00067502,0.00070759
11.850,-2.54813187,-0.01743790,3.68261930,-0.00097065,-0.00030582,0.00050527,0.01277823,0.00402602,-0.00665168,-2.55047312,-0.01810792,3.68330070,0.00500337,0.00038300,-0.00023311,0.02194653,-28.58118673,3.36710796,0.07432437,0.04759189,-0.00670005,0.09627090,-28.53359485,3.36040791,0.11171851,-28.52947527,3.36039948,0.00234125,0.00067002,-0.00068140,-0.00597402,-0.00068882,0.00073838
11.860,-2.54814095,-0.01744077,3.68262403,-0.00084698,-0.00026686,0.00044089,0.01195682,0.00376722,-0.00622410,-2.55041534,-0.01810197,3.68329455,0.00519696,0.00043586,-0.00032839,0.02053573,-28.58149050,3.36709469,0.07053034,0.04640794,-0.00659378,0.09106606,-28.53508256,3.36050091,0.10659703,-28.53095196,3.36053163,0.00227439,0.00066120,-0.00067052,-0.00604394,-0.00070272,0.00076928
11.870,-2.54814883,-0.01744325,3.68262813,-0.00073153,-0.00023048,0.00038080,0.01113108,0.00350705,-0.00579426,-2.55035595,-0.01809560,3.68328763,0.00538249,0.00048622,-0.00041950,0.01911749,-28.58179713,3.36707991,0.06671620,0.04521710,-0.00648523,0.08583369,-28.53658002,3.36059468,0.10144786,-28.53243797,3.36066230,0.00220712,0.00065235,-0.00065950,-0.00611402,-0.00071670,0.00080030
11.880,-2.54815561,-0.01744538,3.68263166,-0.00062437,-0.00019672,0.00032501,0.01030102,0.00324553,-0.00536218,-2.55029503,-0.01808882,3.68327995,0.00555992,0.00053406,-0.00050642,0.01769185,-28.58210650,3.36706373,0.06288099,0.04401781,-0.00637406,0.08057283,-28.53808868,3.36068967,0.09627090,-28.53393364,3.36079150,0.00213942,0.00064344,-0.00064829,-0.00618429,-0.00073078,0.00083143
11.890,-2.54816135,-0.01744719,3.68263464,-0.00052553,-0.00016558,0.00027356,0.00946662,0.00298263,-0.00492783,-2.55023266,-0.01808167,3.68327158,0.00572921,0.00057937,-0.00058912,0.01625876,-28.58241871,3.36704608,0.05902553,0.04281016,-0.00626059,0.07528428,-28.53960855,3.36078550,0.09106606,-28.53544021,3.36091952,0.00207131,0.00063448,-0.00063694,-0.00625474,-0.00074495,0.00086268
11.900,-2.54816615,-0.01744870,3.68263714,-0.00043505,-0.00013707,0.00022646,0.00862788,0.00271837,-0.00449123,-2.55016892,-0.01807417,3.68326255,0.00589032,0.00062214,-0.00066758,0.01481822,-28.58273347,3.36702727,0.05514954,0.04159427,-0.00614439,0.06996776,-28.54113920,3.36088288,0.08583369,-28.53695524,3.36104615,0.00200277,0.00062547,-0.00062541,-0.00632537,-0.00075921,0.00089404
11.910,-2.54817008,-0.01744994,3.68263919,-0.00035298,-0.00011121,0.00018374,0.00778479,0.00245274,-0.00405236,-2.55010390,-0.01806634,3.68325291,0.00604318,0.00066235,-0.00074177,0.01337022,-28.58305081,3.36700729,0.05125341,0.04036997,-0.00602566,0.06462363,-28.54268084,3.36098163,0.08057283,-28.53848017,3.36117185,0.00193382,0.00061640,-0.00061372,-0.00639616,-0.00077356,0.00092551
11.920,-2.54817323,-0.01745094,3.68264083,-0.00027937,-0.00008802,0.00014542,0.00693734,0.00218574,-0.00361122,-2.55003769,-0.01805821,3.68324270,0.00618778,0.00069999,-0.00081168,0.01191473,-28.58337068,3.36698619,0.04733665,0.03913692,-0.00590447,0.05925138,-28.54423376,3.36108173,0.07528428,-28.54001500,3.36129621,0.00186446,0.00060727,-0.00060187,-0.00646715,-0.00078801,0.00095710
11.930,-2.54817569,-0.01745171,3.68264211,-0.00021425,-0.00006750,0.00011153,0.00608553,0.00191736,-0.00316781,-2.54997036,-0.01804981,3.68323195,0.00632405,0.00073504,-0.00087729,0.01045176,-28.58369286,3.36696421,0.04339941,0.03789639,-0.00578077,0.05385117,-28.54579647,3.36118345,0.06996776,-28.54155931,3.36141993,0.00179467,0.00059810,-0.00058984,-0.00653830,-0.00080254,0.00098882
11.940,-2.54817755,-0.01745230,3.68264308,-0.00015767,-0.00004968,0.00008208,0.00522934,0.00164760,-0.00272212,-2.54990200,-0.01804116,3.68322073,0.00645195,0.00076750,-0.00093856,0.00898127,-28.58401738,3.36694135,0.03944119,0.03664636,-0.00565436,0.04842246,-28.54737102,3.36128699,0.06462363,-28.54311328,3.36154281,0.00172445,0.00058886,-0.00057765,-0.00660962,-0.00081718,0.00102064
11.950,-2.54817888,-0.01745272,3.68264377,-0.00010968,-0.00003456,0.00005709,0.00436878,0.00137646,-0.00227416,-2.54983270,-0.01803229,3.68320907,0.00657145,0.00079734,-0.00099548,0.00750328,-28.58434413,3.36691772,0.03546268,0.03538842,-0.00552558,0.04296596,-28.54895571,3.36139214,0.05925138,-28.54467720,3.36166485,0.00165382,0.00057957,-0.00056530,-0.00668113,-0.00083190,0.00105257
11.960,-2.54817977,-0.01745300,3.68264423,-0.00007031,-0.00002215,0.00003660,0.00350383,0.00110395,-0.00182391,-2.54976255,-0.01802323,3.68319701,0.00668249,0.00082456,-0.00104802,0.00601774,-28.58467300,3.36689344,0.03146387,0.03412226,-0.00539428,0.03748161,-28.55055074,3.36149917,0.05385117,-28.54624958,3.36178628,0.00158278,0.00057023,-0.00055278,-0.00675280,-0.00084671,0.00108462
11.970,-2.54818031,-0.01745317,3.68264452,-0.00003962,-0.00001248,0.00002062,0.00263448,0.00083004,-0.00137137,-2.54969162,-0.01801400,3.68318461,0.00678503,0.00084914,-0.00109617,0.00452466,-28.58500386,3.36686869,0.02744467,0.03284732,-0.00526016,0.03196932,-28.55215654,3.36160852,0.04842246,-28.54783246,3.36190730,0.00151131,0.00056083,-0.00054009,-0.00682465,-0.00086162,0.00111679
11.980,-2.54818059,-0.01745326,3.68264466,-0.00001764,-0.00000556,0.00000918,0.00176073,0.00055475,-0.00091655,-2.54962001,-0.01800463,3.68317190,0.00687903,0.00087107,-0.00113990,0.00302401,-28.58533675,3.36684339,0.02340451,0.03156367,-0.00512371,0.02642852,-28.55377309,3.36171968,0.04296596,-28.54942413,3.36202768,0.00143942,0.00055137,-0.00052724,-0.00689667,-0.00087663,0.00114908
11.990,-2.54818069,-0.01745329,3.68264471,-0.00000442,-0.00000139,0.00000230,0.00088257,0.00027807,-0.00045942,-2.54954780,-0.01799515,3.68315892,0.00696444,0.00089032,-0.00117918,0.00151579,-28.58567148,3.36681779,0.01934412,0.03027181,-0.00498464,0.02085991,-28.55539967,3.36183315,0.03748161,-28.55102479,3.36214768,0.00136711,0.00054186,-0.00051421,-0.00696886,-0.00089171,0.00118148
12.000,-2.54818071,-0.01745329,3.68264472,-0.00000000,-0.00000000,0.00000000,-0.00000000,-0.00000000,0.00000000,-2.54947509,-0.01798558,3.68314574,0.00704122,0.00090690,-0.00121400,0.00000000,-28.58600794,3.36679200,0.01526291,0.02897132,-0.00484290,0.01526291,-28.55703661,3.36194910,0.03196932,-28.55263485,3.36226774,0.00129438,0.00053229,-0.00050102,-0.00704122,-0.00090690,0.00121400
