t,q_des_1,q_des_2,q_des_3,qd_des_1,qd_des_2,qd_des_3,qdd_des_1,qdd_des_2,qdd_des_3,q_act_1,q_act_2,q_act_3,qd_act_1,qd_act_2,qd_act_3,tau_model_1,tau_model_2,tau_model_3,tau_fb_1,tau_fb_2,tau_fb_3,tau_total_1,tau_total_2,tau_total_3,tau_sensed_1,tau_sensed_2,tau_sensed_3,e_pos_1,e_pos_2,e_pos_3,e_vel_1,e_vel_2,e_vel_3
0.000,0.00000000,0.78539816,2.35619449,-0.00000000,-0.00000000,-0.00000000,-0.00000000,-0.00000000,-0.00000000,-0.00030382,0.78944974,2.35268514,0.00043130,-0.00492496,0.00124886,0.00000000,-21.86064918,-0.00000002,-0.11201667,-0.31910947,-0.04226161,-0.11201667,-22.17975864,-0.04226163,0.00000000,-21.83560658,-0.00083851,0.00030382,-0.00405158,0.00350935,-0.00043130,0.00492496,-0.00124886
0.010,-0.00000002,0.78539816,2.35619448,-0.00000451,-0.00000130,-0.00000166,-0.00090071,-0.00025994,-0.00033248,-0.00029893,0.78939311,2.35270321,0.00044572,-0.00510947,0.00138846,-0.00154383,-21.86164438,-0.00021417,-0.10889825,-0.31007462,-0.04062202,-0.11044207,-22.17171901,-0.04083619,-0.00000000,-21.83553353,-0.00090363,0.00029891,-0.00399495,0.00349127,-0.00045023,0.00510817,-0.00139012
0.020,-0.00000012,0.78539813,2.35619445,-0.00001800,-0.00000519,-0.00000664,-0.00179691,-0.00051857,-0.00066329,-0.00029538,0.78933045,2.35272411,0.00042306,-0.00539862,0.00156376,-0.00307992,-21.86263563,-0.00042758,-0.10479667,-0.29895002,-0.03859911,-0.10787660,-22.16158565,-0.03902670,-0.11201667,-22.17662562,-0.04330648,0.00029526,-0.00393232,0.00347034,-0.00044106,0.00539343,-0.00157040
0.030,-0.00000040,0.78539805,2.35619434,-0.00004043,-0.00001167,-0.00001492,-0.00268861,-0.00077591,-0.00099244,-0.00029316,0.78926189,2.35274783,0.00037294,-0.00576295,0.00176570,-0.00460831,-21.86362396,-0.00064080,-0.09992914,-0.28616864,-0.03627604,-0.10453745,-22.14979260,-0.03691685,-0.11044207,-22.16829104,-0.04202194,0.00029276,-0.00386384,0.00344651,-0.00041337,0.00575128,-0.00178062
0.040,-0.00000096,0.78539789,2.35619414,-0.00007176,-0.00002071,-0.00002649,-0.00357582,-0.00103195,-0.00131993,-0.00029223,0.78918759,2.35277436,0.00030290,-0.00617969,0.00198758,-0.00612900,-21.86461033,-0.00085409,-0.09446993,-0.27207661,-0.03371946,-0.10059893,-22.13668694,-0.03457356,-0.10787660,-22.15787068,-0.04035330,0.00029127,-0.00378970,0.00341978,-0.00037466,0.00615898,-0.00201407
0.050,-0.00000187,0.78539762,2.35619380,-0.00011193,-0.00003230,-0.00004132,-0.00445855,-0.00128670,-0.00164577,-0.00029256,0.78910774,2.35280371,0.00021888,-0.00663122,0.00222448,-0.00764201,-21.86559600,-0.00106801,-0.08856001,-0.25695634,-0.03098442,-0.09620202,-22.12255234,-0.03205242,-0.10453745,-22.14579969,-0.03838444,0.00029069,-0.00371012,0.00339009,-0.00033081,0.00659892,-0.00226580
0.060,-0.00000323,0.78539723,2.35619330,-0.00016091,-0.00004644,-0.00005940,-0.00533680,-0.00154015,-0.00196996,-0.00029411,0.78902252,2.35283589,0.00012553,-0.00710386,0.00247278,-0.00914735,-21.86658139,-0.00128274,-0.08231459,-0.24103512,-0.02811532,-0.09146194,-22.10761651,-0.02939805,-0.10059893,-22.13242606,-0.03618238,0.00029088,-0.00362529,0.00335741,-0.00028644,0.00705742,-0.00253218
0.070,-0.00000512,0.78539669,2.35619260,-0.00021865,-0.00006310,-0.00008071,-0.00621058,-0.00179231,-0.00229249,-0.00029681,0.78893216,2.35287089,0.00002649,-0.00758697,0.00272975,-0.01064503,-21.86756768,-0.00149876,-0.07582926,-0.22450376,-0.02514986,-0.08647429,-22.09207145,-0.02664862,-0.09620202,-22.11803417,-0.03380277,0.00029169,-0.00353547,0.00332171,-0.00024514,0.00752387,-0.00281046
0.080,-0.00000763,0.78539596,2.35619167,-0.00028511,-0.00008228,-0.00010524,-0.00707989,-0.00204319,-0.00261338,-0.00030062,0.78883687,2.35290874,-0.00007538,-0.00807232,0.00299338,-0.01213507,-21.86855631,-0.00171655,-0.06918497,-0.20752361,-0.02212008,-0.08132004,-22.07607991,-0.02383663,-0.09146194,-22.10285233,-0.03129019,0.00029299,-0.00344091,0.00328293,-0.00020973,0.00799004,-0.00309862
0.090,-0.00001085,0.78539503,2.35619049,-0.00036024,-0.00010396,-0.00013297,-0.00794475,-0.00229278,-0.00293263,-0.00030547,0.78873690,2.35294942,-0.00017787,-0.00855346,0.00326212,-0.01361749,-21.86954769,-0.00193631,-0.06244825,-0.19022613,-0.01905212,-0.07606574,-22.05977382,-0.02098842,-0.08647429,-22.08707301,-0.02868279,0.00029462,-0.00334187,0.00324107,-0.00018237,0.00844950,-0.00339509
0.100,-0.00001486,0.78539387,2.35618900,-0.00044399,-0.00012813,-0.00016389,-0.00880517,-0.00254109,-0.00325023,-0.00031131,0.78863249,2.35299295,-0.00027927,-0.00902539,0.00353477,-0.01509232,-21.87054315,-0.00215864,-0.05567753,-0.17272908,-0.01596980,-0.07076985,-22.04327223,-0.01812844,-0.08132004,-22.07085932,-0.02601298,0.00029645,-0.00323862,0.00319605,-0.00016472,0.00889726,-0.00369866
0.110,-0.00001976,0.78539246,2.35618720,-0.00053632,-0.00015478,-0.00019797,-0.00966114,-0.00278811,-0.00356619,-0.00031806,0.78852388,2.35303932,-0.00037827,-0.00948421,0.00381035,-0.01655954,-21.87154327,-0.00238368,-0.04892249,-0.15513003,-0.01289251,-0.06548202,-22.02667330,-0.01527619,-0.07606574,-22.05434348,-0.02330697,0.00029830,-0.00313142,0.00314788,-0.00015805,0.00932943,-0.00400832
0.120,-0.00002562,0.78539077,2.35618503,-0.00063720,-0.00018389,-0.00023521,-0.01051269,-0.00303386,-0.00388052,-0.00032567,0.78841134,2.35308853,-0.00047386,-0.00992690,0.00408807,-0.01801920,-21.87254940,-0.00261204,-0.04222717,-0.13751905,-0.00983864,-0.06024637,-22.01006844,-0.01245068,-0.07076985,-22.03764476,-0.02058905,0.00030005,-0.00302057,0.00309650,-0.00016334,0.00974301,-0.00432328
0.130,-0.00003253,0.78538878,2.35618248,-0.00074656,-0.00021545,-0.00027558,-0.01135980,-0.00327833,-0.00419322,-0.00033407,0.78829510,2.35314058,-0.00056531,-0.01035109,0.00436724,-0.01947129,-21.87356217,-0.00284392,-0.03562954,-0.11997200,-0.00682332,-0.05510083,-21.99353417,-0.00966724,-0.06548202,-22.02086146,-0.01787857,0.00030154,-0.00290632,0.00304190,-0.00018125,0.01013564,-0.00464282
0.140,-0.00004058,0.78538645,2.35617951,-0.00086438,-0.00024945,-0.00031907,-0.01220250,-0.00352153,-0.00450428,-0.00034319,0.78817543,2.35319545,-0.00065210,-0.01075499,0.00464724,-0.02091586,-21.87458310,-0.00307986,-0.02916556,-0.10256170,-0.00386131,-0.05008141,-21.97714479,-0.00694118,-0.06024637,-22.00408509,-0.01519430,0.00030261,-0.00278898,0.00298406,-0.00021228,0.01050554,-0.00496631
0.150,-0.00004984,0.78538378,2.35617609,-0.00099060,-0.00028588,-0.00036566,-0.01304080,-0.00376345,-0.00481372,-0.00035298,0.78805259,2.35325313,-0.00073385,-0.01113723,0.00492749,-0.02235291,-21.87561236,-0.00332006,-0.02286406,-0.08534715,-0.00096444,-0.04521697,-21.96095951,-0.00428451,-0.05510083,-21.98739221,-0.01255137,0.00030314,-0.00266881,0.00292296,-0.00025675,0.01085135,-0.00529315
0.160,-0.00006042,0.78538073,2.35617219,-0.00112518,-0.00032472,-0.00041533,-0.01387469,-0.00400410,-0.00512153,-0.00036338,0.78792684,2.35331361,-0.00081036,-0.01149676,0.00520744,-0.02378245,-21.87665137,-0.00356500,-0.01675508,-0.06838821,0.00185530,-0.04053753,-21.94503958,-0.00170970,-0.05008141,-21.97085711,-0.00996481,0.00030296,-0.00254611,0.00285858,-0.00031482,0.01117204,-0.00562277
0.170,-0.00007238,0.78537728,2.35616777,-0.00126808,-0.00036596,-0.00046808,-0.01470418,-0.00424349,-0.00542772,-0.00037433,0.78779843,2.35337684,-0.00088151,-0.01183285,0.00548653,-0.02520451,-21.87770101,-0.00381507,-0.01086307,-0.05173687,0.00458749,-0.03606758,-21.92943788,0.00077242,-0.04521697,-21.95453896,-0.00744641,0.00030195,-0.00242115,0.00279093,-0.00038657,0.01146689,-0.00595461
0.180,-0.00008581,0.78537340,2.35616282,-0.00141925,-0.00040958,-0.00052388,-0.01552929,-0.00448161,-0.00573229,-0.00038578,0.78766761,2.35344282,-0.00094729,-0.01214497,0.00576421,-0.02661911,-21.87876225,-0.00407056,-0.00521131,-0.03544063,0.00722291,-0.03183041,-21.91420288,0.00315235,-0.04053753,-21.93849891,-0.00500833,0.00029997,-0.00229421,0.00272000,-0.00047196,0.01173539,-0.00628809
0.190,-0.00010079,0.78536908,2.35615729,-0.00157865,-0.00045558,-0.00058272,-0.01635002,-0.00471846,-0.00603524,-0.00039767,0.78753465,2.35351149,-0.00100777,-0.01243281,0.00603993,-0.02802626,-21.87983572,-0.00433185,0.00017936,-0.01954287,0.00975292,-0.02784690,-21.89937859,0.00542107,-0.03606758,-21.92278973,-0.00266113,0.00029688,-0.00216557,0.00264580,-0.00057088,0.01197723,-0.00662265
0.200,-0.00011741,0.78536428,2.35615115,-0.00174623,-0.00050395,-0.00064458,-0.01716638,-0.00495406,-0.00633658,-0.00040996,0.78739979,2.35358281,-0.00106309,-0.01269618,0.00631312,-0.02942599,-21.88092285,-0.00459943,0.00528833,-0.00408664,0.01216917,-0.02413766,-21.88500949,0.00756974,-0.03183041,-21.90745973,-0.00041399,0.00029255,-0.00203551,0.00256834,-0.00068314,0.01219223,-0.00695770
0.210,-0.00013574,0.78535899,2.35614438,-0.00192196,-0.00055466,-0.00070945,-0.01797837,-0.00518839,-0.00663631,-0.00042260,0.78726327,2.35365675,-0.00111345,-0.01293506,0.00658318,-0.03081831,-21.88202405,-0.00487349,0.01009945,0.01089385,0.01446523,-0.02071885,-21.87113020,0.00959174,-0.02784690,-21.89255273,0.00172439,0.00028686,-0.00190428,0.00248763,-0.00080851,0.01238040,-0.00729263
0.220,-0.00015587,0.78535318,2.35613695,-0.00210579,-0.00060771,-0.00077730,-0.01878601,-0.00542146,-0.00693443,-0.00043556,0.78712534,2.35373323,-0.00115910,-0.01314954,0.00684953,-0.03220325,-21.88314043,-0.00515444,0.01459588,0.02536326,0.01663444,-0.01760737,-21.85777718,0.01148000,-0.02413766,-21.87811300,0.00374547,0.00027969,-0.00177216,0.00240372,-0.00094669,0.01254183,-0.00762683
0.230,-0.00017788,0.78534683,2.35612883,-0.00229767,-0.00066309,-0.00084813,-0.01958929,-0.00565329,-0.00723095,-0.00044880,0.78698624,2.35381221,-0.00120032,-0.01333980,0.00711153,-0.03358082,-21.88427283,-0.00544263,0.01876323,0.03929074,0.01867111,-0.01481759,-21.84498209,0.01322848,-0.02071885,-21.86417491,0.00564297,0.00027092,-0.00163941,0.00231662,-0.00109735,0.01267671,-0.00795966
0.240,-0.00020185,0.78533991,2.35611998,-0.00249756,-0.00072077,-0.00092192,-0.02038824,-0.00588385,-0.00752586,-0.00046229,0.78684618,2.35389361,-0.00123744,-0.01350612,0.00736857,-0.03495105,-21.88542237,-0.00573850,0.02258784,0.05264652,0.02056976,-0.01236321,-21.83277585,0.01483126,-0.01760737,-21.85077465,0.00741016,0.00026044,-0.00150627,0.00222637,-0.00126012,0.01278535,-0.00829049
0.250,-0.00022786,0.78533241,2.35611038,-0.00270542,-0.00078076,-0.00099864,-0.02118285,-0.00611317,-0.00781917,-0.00047600,0.78670541,2.35397735,-0.00127082,-0.01364883,0.00761999,-0.03631396,-21.88658953,-0.00604228,0.02605878,0.06540720,0.02232642,-0.01025518,-21.82118234,0.01628414,-0.01481759,-21.83794360,0.00904135,0.00024814,-0.00137300,0.00213303,-0.00143460,0.01286807,-0.00861863
0.260,-0.00025599,0.78532429,2.35610000,-0.00292120,-0.00084303,-0.00107830,-0.02197313,-0.00634124,-0.00811089,-0.00048991,0.78656414,2.35406335,-0.00130086,-0.01376838,0.00786516,-0.03766956,-21.88777570,-0.00635443,0.02916472,0.07754725,0.02393666,-0.00850484,-21.81022846,0.01758223,-0.01236321,-21.82571234,0.01053093,0.00023392,-0.00123985,0.00203665,-0.00162034,0.01292535,-0.00894346
0.270,-0.00028631,0.78531554,2.35608881,-0.00314487,-0.00090758,-0.00116086,-0.02275910,-0.00656806,-0.00840101,-0.00050400,0.78642259,2.35415154,-0.00132797,-0.01386523,0.00810340,-0.03901789,-21.88898138,-0.00667521,0.03189755,0.08904816,0.02539757,-0.00712034,-21.79993322,0.01872235,-0.01025518,-21.81410444,0.01187508,0.00021769,-0.00110705,0.00193727,-0.00181690,0.01295765,-0.00926426
0.280,-0.00031891,0.78530613,2.35607677,-0.00337637,-0.00097439,-0.00124631,-0.02354075,-0.00679364,-0.00868954,-0.00051827,0.78628095,2.35424180,-0.00135259,-0.01393994,0.00833404,-0.04035896,-21.89020775,-0.00700511,0.03424841,0.09989016,0.02670593,-0.00611055,-21.79031759,0.01970082,-0.00850484,-21.80314643,0.01306924,0.00019936,-0.00097482,0.00183497,-0.00202378,0.01296555,-0.00958035
0.290,-0.00035386,0.78529604,2.35606387,-0.00361567,-0.00104345,-0.00133464,-0.02431810,-0.00701798,-0.00897648,-0.00053270,0.78613942,2.35433403,-0.00137518,-0.01399308,0.00855642,-0.04169279,-21.89145547,-0.00734432,0.03621153,0.11005937,0.02786002,-0.00548126,-21.78139611,0.02051570,-0.00712034,-21.79285697,0.01411057,0.00017884,-0.00084338,0.00172984,-0.00224049,0.01294963,-0.00989106
0.300,-0.00039125,0.78528525,2.35605007,-0.00386272,-0.00111474,-0.00142584,-0.02509115,-0.00724107,-0.00926184,-0.00054729,0.78599820,2.35442813,-0.00139623,-0.01402529,0.00876986,-0.04301941,-21.89272541,-0.00769324,0.03778097,0.11954233,0.02885803,-0.00523843,-21.77318308,0.02116479,-0.00611055,-21.78325662,0.01499573,0.00015604,-0.00071295,0.00162194,-0.00246649,0.01291055,-0.01019570
0.310,-0.00043114,0.78527374,2.35603534,-0.00411748,-0.00118826,-0.00151987,-0.02585992,-0.00746293,-0.00954561,-0.00056205,0.78585747,2.35452398,-0.00141622,-0.01403726,0.00897368,-0.04433884,-21.89401839,-0.00805222,0.03895340,0.12832889,0.02969897,-0.00538544,-21.76568949,0.02164675,-0.00548126,-21.77435952,0.01572313,0.00013091,-0.00058373,0.00151136,-0.00270126,0.01284900,-0.01049355
0.320,-0.00047362,0.78526148,2.35601966,-0.00437990,-0.00126400,-0.00161674,-0.02662440,-0.00768355,-0.00982780,-0.00057699,0.78571740,2.35462146,-0.00143566,-0.01402970,0.00916721,-0.04565110,-21.89533542,-0.00842158,0.03972496,0.13640970,0.03038209,-0.00592614,-21.75892571,0.02196051,-0.00523843,-21.76617959,0.01629089,0.00010337,-0.00045592,0.00139820,-0.00294424,0.01276570,-0.01078395
0.330,-0.00051877,0.78524845,2.35600300,-0.00464995,-0.00134193,-0.00171642,-0.02738461,-0.00790294,-0.01010841,-0.00059213,0.78557816,2.35472044,-0.00145507,-0.01400334,0.00934978,-0.04695621,-21.89667732,-0.00880167,0.04009375,0.14377918,0.03090743,-0.00686247,-21.75289814,0.02210576,-0.00538544,-21.75872736,0.01669800,0.00007336,-0.00032971,0.00128256,-0.00319488,0.01266141,-0.01106620
0.340,-0.00056665,0.78523463,2.35598532,-0.00492758,-0.00142205,-0.00181890,-0.02814055,-0.00812110,-0.01038745,-0.00060747,0.78543990,2.35482077,-0.00147498,-0.01395898,0.00952074,-0.04825420,-21.89804497,-0.00919289,0.04005955,0.15043315,0.03127525,-0.00819465,-21.74761182,0.02208237,-0.00592614,-21.75201277,0.01694371,0.00004082,-0.00020527,0.00116455,-0.00345260,0.01253693,-0.01133964
0.350,-0.00061734,0.78522000,2.35596661,-0.00521275,-0.00150435,-0.00192417,-0.02889223,-0.00833803,-0.01066492,-0.00062306,0.78530277,2.35492233,-0.00149591,-0.01389740,0.00967943,-0.04954509,-21.89943902,-0.00959543,0.03962298,0.15637119,0.03148685,-0.00992211,-21.74306783,0.02189142,-0.00686247,-21.74604180,0.01702801,0.00000572,-0.00008277,0.00104428,-0.00371684,0.01239305,-0.01160360
0.360,-0.00067093,0.78520454,2.35594683,-0.00550541,-0.00158881,-0.00203220,-0.02963966,-0.00855373,-0.01094081,-0.00063892,0.78516692,2.35502495,-0.00151842,-0.01381945,0.00982521,-0.05082890,-21.90086033,-0.01000970,0.03878469,0.16159325,0.03154344,-0.01204422,-21.73926708,0.02153374,-0.00819465,-21.74081903,0.01695108,-0.00003201,0.00003762,0.00092188,-0.00398699,0.01223064,-0.01185741
0.370,-0.00072748,0.78518822,2.35592596,-0.00580553,-0.00167542,-0.00214298,-0.03038285,-0.00876820,-0.01121515,-0.00065509,0.78503246,2.35512850,-0.00154303,-0.01372596,0.00995747,-0.05210567,-21.90230996,-0.01043604,0.03754735,0.16610121,0.03144677,-0.01455832,-21.73620874,0.02101074,-0.00992211,-21.73634509,0.01671430,-0.00007239,0.00015576,0.00079746,-0.00426250,0.01205054,-0.01210045
0.380,-0.00078706,0.78517102,2.35590396,-0.00611305,-0.00176417,-0.00225650,-0.03112180,-0.00898146,-0.01148791,-0.00067161,0.78489953,2.35523280,-0.00157031,-0.01361780,0.01007560,-0.05337540,-21.90378877,-0.01087485,0.03591443,0.16989907,0.03119893,-0.01746097,-21.73388970,0.02032408,-0.01204422,-21.73262043,0.01631875,-0.00011545,0.00027149,0.00067116,-0.00454274,0.01185363,-0.01233210
0.390,-0.00084976,0.78515293,2.35588082,-0.00642795,-0.00185505,-0.00237273,-0.03185652,-0.00919349,-0.01175912,-0.00068853,0.78476823,2.35533769,-0.00160080,-0.01349584,0.01017901,-0.05463813,-21.90529712,-0.01132626,0.03389047,0.17299573,0.03080326,-0.02074766,-21.73230139,0.01947699,-0.01455832,-21.72964376,0.01576612,-0.00016123,0.00038470,0.00054313,-0.00482715,0.01164079,-0.01255174
0.400,-0.00091565,0.78513392,2.35585650,-0.00675017,-0.00194804,-0.00249167,-0.03258702,-0.00940431,-0.01202877,-0.00070591,0.78463866,2.35544300,-0.00163504,-0.01336097,0.01026713,-0.05589388,-21.90683620,-0.01179075,0.03148020,0.17539747,0.03026233,-0.02441368,-21.73143872,0.01847158,-0.01746097,-21.72741152,0.01505833,-0.00020974,0.00049526,0.00041350,-0.00511513,0.01141293,-0.01275880
0.410,-0.00098479,0.78511396,2.35583098,-0.00707967,-0.00204313,-0.00261330,-0.03331331,-0.00961391,-0.01229686,-0.00072380,0.78451093,2.35554857,-0.00167358,-0.01321409,0.01033943,-0.05714269,-21.90840701,-0.01226865,0.02868999,0.17711361,0.02957954,-0.02845269,-21.73129340,0.01731089,-0.02074766,-21.72591466,0.01419883,-0.00026099,0.00060303,0.00028241,-0.00540609,0.01117096,-0.01295273
0.420,-0.00105726,0.78509305,2.35580422,-0.00741642,-0.00214031,-0.00273760,-0.03403539,-0.00982229,-0.01256340,-0.00074227,0.78438511,2.35565420,-0.00171696,-0.01305609,0.01039538,-0.05838455,-21.91000984,-0.01276022,0.02552728,0.17815801,0.02875908,-0.03285727,-21.73185183,0.01599886,-0.02441368,-21.72514767,0.01318996,-0.00031499,0.00070794,0.00015002,-0.00569946,0.01091578,-0.01313298
0.430,-0.00113314,0.78507115,2.35577622,-0.00776037,-0.00223957,-0.00286457,-0.03475327,-0.01002947,-0.01282839,-0.00076139,0.78426128,2.35575972,-0.00176571,-0.01288789,0.01043450,-0.05961951,-21.91164589,-0.01326574,0.02199900,0.17854252,0.02780500,-0.03762051,-21.73310338,0.01453926,-0.02845269,-21.72510176,0.01203497,-0.00037175,0.00080987,0.00001650,-0.00599466,0.01064832,-0.01329907
0.440,-0.00121250,0.78504825,2.35574692,-0.00811147,-0.00234089,-0.00299417,-0.03546696,-0.01023543,-0.01309183,-0.00078124,0.78413950,2.35586494,-0.00182037,-0.01271039,0.01045631,-0.06084759,-21.91331585,-0.01378568,0.01811374,0.17828181,0.02672155,-0.04273385,-21.73503403,0.01293587,-0.03285727,-21.72576290,0.01073798,-0.00043126,0.00090875,-0.00011802,-0.00629110,0.01036950,-0.01345048
0.450,-0.00129540,0.78502432,2.35571632,-0.00846969,-0.00244427,-0.00312640,-0.03617647,-0.01044019,-0.01335373,-0.00080188,0.78401983,2.35596966,-0.00188146,-0.01252448,0.01046040,-0.06206882,-21.91502063,-0.01432023,0.01388112,0.17739225,0.02551372,-0.04818770,-21.73762838,0.01119349,-0.03762051,-21.72712000,0.00930293,-0.00049352,0.00100449,-0.00025334,-0.00658823,0.01008021,-0.01358680
0.460,-0.00138191,0.78499936,2.35568439,-0.00883499,-0.00254969,-0.00326124,-0.03688180,-0.01064374,-0.01361409,-0.00082342,0.78390232,2.35607370,-0.00194948,-0.01233106,0.01044636,-0.06328321,-21.91676042,-0.01486960,0.00931218,0.17589442,0.02418718,-0.05397103,-21.74086600,0.00931757,-0.04273385,-21.72915862,0.00773376,-0.00055849,0.00109704,-0.00038931,-0.00688551,0.00978137,-0.01370760
0.470,-0.00147212,0.78497332,2.35565109,-0.00920731,-0.00265714,-0.00339867,-0.03758296,-0.01084609,-0.01387290,-0.00084593,0.78378701,2.35617687,-0.00202495,-0.01213103,0.01041381,-0.06449080,-21.91853699,-0.01543439,0.00441468,0.17380160,0.02274600,-0.06007612,-21.74473540,0.00731160,-0.04818770,-21.73186290,0.00603540,-0.00062619,0.00118631,-0.00052578,-0.00718236,0.00947389,-0.01381248
0.480,-0.00156608,0.78494621,2.35561641,-0.00958663,-0.00276661,-0.00353869,-0.03827996,-0.01104724,-0.01413019,-0.00086952,0.78367393,2.35627895,-0.00210836,-0.01192527,0.01036243,-0.06569161,-21.92035011,-0.01601461,-0.00079752,0.17113942,0.02119700,-0.06648914,-21.74921069,0.00518240,-0.05397103,-21.73521201,0.00421343,-0.00069656,0.00127228,-0.00066254,-0.00747827,0.00915866,-0.01390112
0.490,-0.00166387,0.78491798,2.35558031,-0.00997290,-0.00287809,-0.00368127,-0.03897280,-0.01124719,-0.01438593,-0.00089428,0.78356311,2.35637975,-0.00220018,-0.01171464,0.01029192,-0.06688566,-21.92220154,-0.01661084,-0.00631521,0.16792355,0.01954476,-0.07320087,-21.75427799,0.00293391,-0.06007612,-21.73919401,0.00227141,-0.00076959,0.00135487,-0.00079944,-0.00777272,0.00883655,-0.01397319
0.500,-0.00176556,0.78488864,2.35554277,-0.01036608,-0.00299155,-0.00382640,-0.03966150,-0.01144594,-0.01464015,-0.00092031,0.78345454,2.35647908,-0.00230090,-0.01150001,0.01020201,-0.06807299,-21.92409111,-0.01722317,-0.01212444,0.16418107,0.01779628,-0.08019743,-21.75991005,0.00057311,-0.06648914,-21.74378263,0.00021625,-0.00084525,0.00143410,-0.00093631,-0.00806518,0.00850846,-0.01402841
0.510,-0.00187122,0.78485815,2.35550377,-0.01076612,-0.00310700,-0.00397407,-0.04034607,-0.01164350,-0.01489284,-0.00094772,0.78334826,2.35657671,-0.00241095,-0.01128222,0.01009248,-0.06925363,-21.92602017,-0.01785199,-0.01821382,0.15993187,0.01595710,-0.08746745,-21.76608830,-0.00189490,-0.07320087,-21.74896357,-0.00194804,-0.00092350,0.00150989,-0.00107294,-0.00835517,0.00817522,-0.01406655
0.520,-0.00198091,0.78482649,2.35546328,-0.01117298,-0.00322442,-0.00412426,-0.04102650,-0.01183986,-0.01514401,-0.00097662,0.78324424,2.35667247,-0.00253078,-0.01106208,0.00996315,-0.07042758,-21.92798949,-0.01849764,-0.02457011,0.15519963,0.01403343,-0.09499770,-21.77278985,-0.00446421,-0.08019743,-21.75470921,-0.00421447,-0.00100429,0.00158225,-0.00120919,-0.00864220,0.00783766,-0.01408741
0.530,-0.00209470,0.78479365,2.35542128,-0.01158663,-0.00334379,-0.00427694,-0.04170280,-0.01203504,-0.01539365,-0.00100713,0.78314248,2.35676613,-0.00266082,-0.01084042,0.00981386,-0.07159488,-21.92999952,-0.01916032,-0.03117949,0.15001067,0.01203209,-0.10277437,-21.77998885,-0.00712823,-0.08746745,-21.76100059,-0.00657789,-0.00108757,0.00165117,-0.00134485,-0.00892581,0.00749663,-0.01409080
0.540,-0.00221266,0.78475961,2.35537773,-0.01200703,-0.00346511,-0.00443212,-0.04237500,-0.01222903,-0.01564178,-0.00103936,0.78304298,2.35685749,-0.00280148,-0.01061801,0.00964451,-0.07275558,-21.93205113,-0.01984043,-0.03802899,0.14438863,0.00995916,-0.11078456,-21.78766250,-0.00988128,-0.09499770,-21.76781446,-0.00903244,-0.00117330,0.00171663,-0.00147976,-0.00920555,0.00715290,-0.01407663
0.550,-0.00233486,0.78472434,2.35533263,-0.01243412,-0.00358837,-0.00458978,-0.04304308,-0.01242183,-0.01588838,-0.00107344,0.78294569,2.35694636,-0.00295314,-0.01039562,0.00945502,-0.07390966,-21.93414518,-0.02053817,-0.04510483,0.13835894,0.00782132,-0.11901448,-21.79578624,-0.01271685,-0.10277437,-21.77512462,-0.01157151,-0.00126142,0.00177865,-0.00161373,-0.00948098,0.00680725,-0.01404480
0.560,-0.00246137,0.78468784,2.35528593,-0.01286787,-0.00371355,-0.00474989,-0.04370706,-0.01261345,-0.01613348,-0.00110950,0.78285060,2.35703252,-0.00311618,-0.01017400,0.00924537,-0.07505717,-21.93628205,-0.02125388,-0.05239260,0.13194901,0.00562533,-0.12744978,-21.80433304,-0.01562855,-0.11078456,-21.78290794,-0.01418949,-0.00135187,0.00183724,-0.00174659,-0.00975169,0.00646045,-0.01399526
0.570,-0.00259224,0.78465007,2.35523762,-0.01330825,-0.00384063,-0.00491244,-0.04436695,-0.01280388,-0.01637706,-0.00114765,0.78275767,2.35711578,-0.00329096,-0.00995386,0.00901557,-0.07619815,-21.93846296,-0.02198789,-0.05987825,0.12518321,0.00337752,-0.13607640,-21.81327975,-0.01861037,-0.11901448,-21.79113952,-0.01687993,-0.00144459,0.00189240,-0.00187816,-0.01001729,0.00611323,-0.01392801
0.580,-0.00272756,0.78461102,2.35518767,-0.01375520,-0.00396962,-0.00507742,-0.04502275,-0.01299314,-0.01661914,-0.00118803,0.78266685,2.35719594,-0.00347782,-0.00973589,0.00876567,-0.07733260,-21.94068844,-0.02274047,-0.06754818,0.11808829,0.00108453,-0.14488079,-21.82260015,-0.02165594,-0.12744978,-21.79979204,-0.01963653,-0.00153953,0.00194417,-0.00200827,-0.01027738,0.00576627,-0.01384309
0.590,-0.00286737,0.78457067,2.35513607,-0.01420869,-0.00410049,-0.00524482,-0.04567448,-0.01318122,-0.01685971,-0.00123078,0.78257809,2.35727280,-0.00367708,-0.00952077,0.00849575,-0.07846058,-21.94295914,-0.02351182,-0.07538656,0.11069227,-0.00124663,-0.15384714,-21.83226687,-0.02475845,-0.13607640,-21.80884205,-0.02245338,-0.00163659,0.00199258,-0.00213673,-0.01053161,0.00542028,-0.01374057
0.600,-0.00301175,0.78452900,2.35508277,-0.01466867,-0.00423324,-0.00541461,-0.04632213,-0.01336813,-0.01709877,-0.00127603,0.78249135,2.35734617,-0.00388903,-0.00930913,0.00820596,-0.07958209,-21.94527599,-0.02430240,-0.08338023,0.10301976,-0.00360996,-0.16296232,-21.84225623,-0.02791237,-0.14488079,-21.81826304,-0.02532423,-0.00173572,0.00203765,-0.00226340,-0.01077964,0.00507589,-0.01362057
0.610,-0.00316076,0.78448600,2.35502776,-0.01513512,-0.00436785,-0.00558679,-0.04696572,-0.01355387,-0.01733634,-0.00132392,0.78240656,2.35741585,-0.00411397,-0.00910159,0.00789646,-0.08069716,-21.94763936,-0.02511236,-0.09151387,0.09509965,-0.00599839,-0.17221103,-21.85253970,-0.03111075,-0.15384714,-21.82802739,-0.02824242,-0.00183684,0.00207944,-0.00238809,-0.01102115,0.00473374,-0.01348325
0.620,-0.00331447,0.78444164,2.35497103,-0.01560798,-0.00450431,-0.00576133,-0.04760525,-0.01373843,-0.01757241,-0.00137459,0.78232366,2.35748165,-0.00435215,-0.00889872,0.00756746,-0.08180582,-21.95005018,-0.02594196,-0.09977352,0.08695770,-0.00840549,-0.18157934,-21.86309248,-0.03434745,-0.16296232,-21.83811117,-0.03120259,-0.00193988,0.00211798,-0.00251062,-0.01125583,0.00439441,-0.01332879
0.630,-0.00347295,0.78439590,2.35491253,-0.01608721,-0.00464262,-0.00593823,-0.04824074,-0.01392182,-0.01780698,-0.00142817,0.78224258,2.35754340,-0.00460381,-0.00870109,0.00721920,-0.08290811,-21.95250940,-0.02679166,-0.10814591,0.07861806,-0.01082555,-0.19105402,-21.87389134,-0.03761721,-0.17221103,-21.84848561,-0.03419797,-0.00204478,0.00215332,-0.00263087,-0.01148340,0.00405847,-0.01315743
0.640,-0.00363624,0.78434878,2.35485225,-0.01657278,-0.00478275,-0.00611747,-0.04887218,-0.01410405,-0.01804007,-0.00148483,0.78216324,2.35760090,-0.00486918,-0.00850921,0.00685198,-0.08400404,-21.95501710,-0.02766154,-0.11661441,0.07011114,-0.01325130,-0.20061845,-21.88490596,-0.04091284,-0.18157934,-21.85912569,-0.03722261,-0.00215141,0.00218554,-0.00274865,-0.01170360,0.00372646,-0.01296945
0.650,-0.00380442,0.78430024,2.35479017,-0.01706464,-0.00492469,-0.00629903,-0.04949960,-0.01428512,-0.01827166,-0.00154469,0.78208557,2.35765398,-0.00514846,-0.00832358,0.00646612,-0.08509366,-21.95757460,-0.02855200,-0.12516680,0.06145946,-0.01567726,-0.21026046,-21.89611514,-0.04422926,-0.19105402,-21.87000799,-0.04027147,-0.00225973,0.00221467,-0.00286381,-0.01191618,0.00339889,-0.01276515
0.660,-0.00397755,0.78425028,2.35472627,-0.01756275,-0.00506845,-0.00648290,-0.05012298,-0.01446502,-0.01850177,-0.00160791,0.78200950,2.35770248,-0.00544184,-0.00814467,0.00606197,-0.08617695,-21.96018199,-0.02946316,-0.13378814,0.05269103,-0.01809684,-0.21996509,-21.90749096,-0.04756000,-0.20061845,-21.88110199,-0.04333761,-0.00236964,0.00224078,-0.00297621,-0.01212091,0.00307622,-0.01254487
0.670,-0.00415570,0.78419887,2.35466051,-0.01806708,-0.00521399,-0.00666906,-0.05074235,-0.01464377,-0.01873040,-0.00167463,0.78193492,2.35774622,-0.00574948,-0.00797291,0.00563994,-0.08725400,-21.96284049,-0.03039550,-0.14246607,0.04382828,-0.02050482,-0.22972007,-21.91901221,-0.05090033,-0.21026046,-21.89238632,-0.04641617,-0.00248107,0.00226395,-0.00308571,-0.01231760,0.00275892,-0.01230900
0.680,-0.00433892,0.78414599,2.35459288,-0.01857759,-0.00536132,-0.00685750,-0.05135771,-0.01482135,-0.01895754,-0.00174501,0.78186176,2.35778504,-0.00607151,-0.00780870,0.00520045,-0.08832479,-21.96555070,-0.03134922,-0.15118662,0.03489595,-0.02289536,-0.23951141,-21.93065475,-0.05424458,-0.21996509,-21.90383293,-0.04950098,-0.00259391,0.00228423,-0.00319216,-0.01250608,0.00244738,-0.01205795
0.690,-0.00452727,0.78409164,2.35452335,-0.01909423,-0.00551041,-0.00704820,-0.05196906,-0.01499778,-0.01918321,-0.00181919,0.78178992,2.35781878,-0.00640808,-0.00765242,0.00474396,-0.08938936,-21.96831286,-0.03232452,-0.15993557,0.02592046,-0.02526247,-0.24932494,-21.94239239,-0.05758698,-0.22972007,-21.91542043,-0.05258757,-0.00270808,0.00230172,-0.00329543,-0.01268615,0.00214201,-0.01179216
0.700,-0.00472082,0.78403578,2.35445191,-0.01961696,-0.00566127,-0.00724116,-0.05257642,-0.01517306,-0.01940740,-0.00189732,0.78171932,2.35784730,-0.00675927,-0.00750439,0.00427097,-0.09044776,-21.97112821,-0.03332173,-0.16870163,0.01692190,-0.02760138,-0.25914939,-21.95420631,-0.06092311,-0.23951141,-21.92712459,-0.05567058,-0.00282350,0.00231646,-0.00339539,-0.01285769,0.00184312,-0.01151213
0.710,-0.00491963,0.78397840,2.35437852,-0.02014574,-0.00581387,-0.00743635,-0.05317979,-0.01534719,-0.01963012,-0.00197955,0.78164985,2.35787045,-0.00712518,-0.00736495,0.00378200,-0.09149999,-21.97399731,-0.03434118,-0.17747211,0.00792318,-0.02990702,-0.26897210,-21.96607413,-0.06424821,-0.24932494,-21.93891909,-0.05874453,-0.00294008,0.00232855,-0.00349193,-0.01302056,0.00155108,-0.01121835
0.720,-0.00512376,0.78391950,2.35430317,-0.02068054,-0.00596821,-0.00763376,-0.05377918,-0.01552017,-0.01985137,-0.00206603,0.78158143,2.35788810,-0.00750587,-0.00723436,0.00327761,-0.09254609,-21.97692023,-0.03538295,-0.18623373,-0.00105078,-0.03217377,-0.27877981,-21.97797101,-0.06755672,-0.25914939,-21.95078502,-0.06180533,-0.00305773,0.00233807,-0.00358493,-0.01317467,0.00126615,-0.01091137
0.730,-0.00533326,0.78385903,2.35422584,-0.02122131,-0.00612427,-0.00783337,-0.05437460,-0.01569200,-0.02007116,-0.00215691,0.78151394,2.35790011,-0.00790140,-0.00711288,0.00275838,-0.09358608,-21.97989858,-0.03644750,-0.19497592,-0.00998339,-0.03439785,-0.28856200,-21.98988197,-0.07084535,-0.26897210,-21.96269992,-0.06484856,-0.00317635,0.00234509,-0.00367427,-0.01331991,0.00098861,-0.01059175
0.740,-0.00554820,0.78379700,2.35414650,-0.02176802,-0.00628205,-0.00803517,-0.05496605,-0.01586268,-0.02028948,-0.00225233,0.78144730,2.35790635,-0.00831178,-0.00700073,0.00222493,-0.09461999,-21.98293224,-0.03753496,-0.20368657,-0.01885134,-0.03657422,-0.29830657,-22.00178359,-0.07410918,-0.27877981,-21.97463887,-0.06786900,-0.00329587,0.00234970,-0.00375985,-0.01345624,0.00071868,-0.01026010
0.750,-0.00576864,0.78373339,2.35406513,-0.02232062,-0.00644152,-0.00823915,-0.05555354,-0.01603223,-0.02050634,-0.00235246,0.78138140,2.35790672,-0.00873704,-0.00689810,0.00167787,-0.09564786,-21.98602198,-0.03864561,-0.21235474,-0.02763542,-0.03869872,-0.30800260,-22.01365740,-0.07734432,-0.28856200,-21.98658685,-0.07086370,-0.00341618,0.00235199,-0.00384159,-0.01358358,0.00045658,-0.00991702
0.760,-0.00599463,0.78366817,2.35398171,-0.02287908,-0.00660269,-0.00844530,-0.05613708,-0.01620063,-0.02072174,-0.00245744,0.78131613,2.35790110,-0.00917718,-0.00680517,0.00111787,-0.09666970,-21.98916878,-0.03977977,-0.22097037,-0.03631931,-0.04076782,-0.31764007,-22.02548809,-0.08054758,-0.29830657,-21.99852040,-0.07382813,-0.00353719,0.00235204,-0.00391939,-0.01370190,0.00020248,-0.00956317
0.770,-0.00622624,0.78360133,2.35389621,-0.02344335,-0.00676553,-0.00865358,-0.05671668,-0.01636790,-0.02093569,-0.00256741,0.78125141,2.35788939,-0.00963216,-0.00672206,0.00054562,-0.09768555,-21.99237316,-0.04093771,-0.22952350,-0.04488481,-0.04277773,-0.32720905,-22.03725797,-0.08371544,-0.30800260,-22.01042103,-0.07675875,-0.00365883,0.00234992,-0.00399318,-0.01381119,-0.00004347,-0.00919920
0.780,-0.00646352,0.78353285,2.35380863,-0.02401340,-0.00693004,-0.00886401,-0.05729235,-0.01653403,-0.02114818,-0.00268252,0.78118711,2.35787149,-0.01010195,-0.00664890,-0.00003820,-0.09869545,-21.99563570,-0.04211957,-0.23800402,-0.05331486,-0.04472480,-0.33669947,-22.04895056,-0.08684437,-0.31764007,-22.02227339,-0.07965275,-0.00378100,0.00234574,-0.00406286,-0.01391145,-0.00028114,-0.00882581
0.790,-0.00670653,0.78346272,2.35371893,-0.02458918,-0.00709621,-0.00907654,-0.05786408,-0.01669903,-0.02135923,-0.00280292,0.78112315,2.35784732,-0.01058650,-0.00658575,-0.00063287,-0.09969939,-21.99895695,-0.04332567,-0.24640280,-0.06159395,-0.04660599,-0.34610219,-22.06055090,-0.08993166,-0.32720905,-22.03405981,-0.08250700,-0.00390361,0.00233957,-0.00412839,-0.01400268,-0.00051046,-0.00844367
0.800,-0.00695532,0.78339092,2.35362709,-0.02517066,-0.00726402,-0.00929118,-0.05843190,-0.01686290,-0.02156882,-0.00292876,0.78105941,2.35781680,-0.01108573,-0.00653269,-0.00123766,-0.10069744,-22.00233765,-0.04455630,-0.25471107,-0.06970792,-0.04841850,-0.35540850,-22.07204557,-0.09297480,-0.33669947,-22.04576380,-0.08531837,-0.00402656,0.00233151,-0.00418971,-0.01408493,-0.00073133,-0.00805352
0.810,-0.00720996,0.78331744,2.35353310,-0.02575781,-0.00743346,-0.00950792,-0.05899580,-0.01702563,-0.02177697,-0.00306017,0.78099581,2.35777986,-0.01159958,-0.00648975,-0.00185181,-0.10168959,-22.00577813,-0.04581157,-0.26292069,-0.07764196,-0.05015939,-0.36461028,-22.08342009,-0.09597095,-0.34610219,-22.05737043,-0.08808453,-0.00414979,0.00232163,-0.00424676,-0.01415823,-0.00094371,-0.00765611
0.820,-0.00747050,0.78324225,2.35343692,-0.02635057,-0.00760453,-0.00972672,-0.05955580,-0.01718724,-0.02198368,-0.00319730,0.78093222,2.35773643,-0.01212793,-0.00645694,-0.00247457,-0.10267590,-22.00927957,-0.04709196,-0.27102476,-0.08538667,-0.05182706,-0.37370065,-22.09466624,-0.09891902,-0.35540850,-22.06886632,-0.09080338,-0.00427320,0.00231003,-0.00429951,-0.01422264,-0.00114759,-0.00725215
0.830,-0.00773699,0.78316534,2.35333855,-0.02694891,-0.00777720,-0.00994758,-0.06011190,-0.01734773,-0.02218896,-0.00334029,0.78086856,2.35768646,-0.01267067,-0.00643426,-0.00310516,-0.10365638,-22.01284226,-0.04839753,-0.27901496,-0.09292816,-0.05341885,-0.38267134,-22.10577042,-0.10181638,-0.36461028,-22.08023699,-0.09347248,-0.00439670,0.00229678,-0.00434791,-0.01427824,-0.00134294,-0.00684242
0.840,-0.00800949,0.78308670,2.35323797,-0.02755279,-0.00795148,-0.01017049,-0.06066411,-0.01750709,-0.02239279,-0.00348928,0.78080472,2.35762990,-0.01322769,-0.00642166,-0.00374282,-0.10463107,-22.01646660,-0.04972849,-0.28688456,-0.10025551,-0.05493284,-0.39151562,-22.11672211,-0.10466132,-0.37370065,-22.09147431,-0.09609113,-0.00452021,0.00228198,-0.00439193,-0.01432510,-0.00152982,-0.00642767
0.850,-0.00828806,0.78300631,2.35313514,-0.02816218,-0.00812734,-0.01039544,-0.06121244,-0.01766533,-0.02259520,-0.00364440,0.78074061,2.35756672,-0.01379885,-0.00641910,-0.00438675,-0.10559998,-22.02015346,-0.05108522,-0.29462819,-0.10736100,-0.05636802,-0.40022817,-22.12751446,-0.10745324,-0.38267134,-22.10256472,-0.09865711,-0.00464366,0.00226570,-0.00443158,-0.01436333,-0.00170824,-0.00600869
0.860,-0.00857276,0.78292415,2.35303005,-0.02877703,-0.00830478,-0.01062239,-0.06175689,-0.01782246,-0.02279617,-0.00380579,0.78067612,2.35749687,-0.01438400,-0.00642650,-0.00503616,-0.10656316,-22.02390351,-0.05246795,-0.30224031,-0.11423638,-0.05772308,-0.40880347,-22.13813989,-0.11019102,-0.39151562,-22.11349775,-0.10116913,-0.00476697,0.00224803,-0.00446682,-0.01439303,-0.00187828,-0.00558623
0.870,-0.00886362,0.78284021,2.35292268,-0.02939730,-0.00848379,-0.01085135,-0.06229747,-0.01797847,-0.02299571,-0.00397359,0.78061116,2.35742035,-0.01498298,-0.00644378,-0.00569025,-0.10752061,-22.02771714,-0.05387685,-0.30971435,-0.12087325,-0.05899684,-0.41723496,-22.14859039,-0.11287369,-0.40022817,-22.12426665,-0.10362697,-0.00489003,0.00222905,-0.00449767,-0.01441432,-0.00204001,-0.00516110
0.880,-0.00916072,0.78275447,2.35281302,-0.03002296,-0.00866435,-0.01108230,-0.06283420,-0.01813336,-0.02319383,-0.00414793,0.78054564,2.35733712,-0.01559562,-0.00647083,-0.00634824,-0.10847239,-22.03159501,-0.05531214,-0.31704675,-0.12726565,-0.06018860,-0.42551914,-22.15886066,-0.11550074,-0.40880347,-22.13486390,-0.10602993,-0.00501279,0.00220883,-0.00452410,-0.01442734,-0.00219352,-0.00473406
0.890,-0.00946410,0.78266691,2.35270103,-0.03065397,-0.00884645,-0.01131523,-0.06336707,-0.01828714,-0.02339053,-0.00432893,0.78047947,2.35724720,-0.01622174,-0.00650752,-0.00700932,-0.10941851,-22.03553799,-0.05677421,-0.32423339,-0.13341005,-0.06129841,-0.43365190,-22.16894804,-0.11807263,-0.41723496,-22.14528159,-0.10837742,-0.00513517,0.00218744,-0.00454617,-0.01443223,-0.00233893,-0.00430591
0.900,-0.00977382,0.78257753,2.35258671,-0.03129029,-0.00903008,-0.01155011,-0.06389609,-0.01843981,-0.02358581,-0.00451672,0.78041254,2.35715057,-0.01686117,-0.00655372,-0.00767270,-0.11035899,-22.03954604,-0.05826307,-0.33126948,-0.13929869,-0.06232524,-0.44162847,-22.17884473,-0.12058831,-0.42551914,-22.15551450,-0.11066932,-0.00525710,0.00216499,-0.00456386,-0.01442912,-0.00247636,-0.00387741
0.910,-0.01008992,0.78248631,2.35247002,-0.03193188,-0.00921524,-0.01178694,-0.06442128,-0.01859138,-0.02377967,-0.00471144,0.78034478,2.35704725,-0.01751369,-0.00660928,-0.00833759,-0.11129388,-22.04362006,-0.05977911,-0.33815196,-0.14493025,-0.06326971,-0.44944583,-22.18855030,-0.12304882,-0.43365190,-22.16556007,-0.11290650,-0.00537848,0.00214153,-0.00457723,-0.01441819,-0.00260596,-0.00344935
0.920,-0.01041247,0.78239322,2.35235096,-0.03257871,-0.00940191,-0.01202570,-0.06494264,-0.01874184,-0.02397212,-0.00491319,0.78027610,2.35693725,-0.01817912,-0.00667402,-0.00900320,-0.11222320,-22.04776089,-0.06132253,-0.34487919,-0.15030355,-0.06413224,-0.45710239,-22.19806444,-0.12545477,-0.44162847,-22.17541061,-0.11508829,-0.00549928,0.00211712,-0.00458629,-0.01439959,-0.00272789,-0.00302250
0.930,-0.01074151,0.78229826,2.35222950,-0.03323072,-0.00959007,-0.01226637,-0.06546018,-0.01889119,-0.02416315,-0.00512211,0.78020641,2.35682059,-0.01885724,-0.00674778,-0.00966877,-0.11314697,-22.05196872,-0.06289353,-0.35144749,-0.15541517,-0.06491303,-0.46459446,-22.20738389,-0.12780656,-0.44944583,-22.18506578,-0.11721609,-0.00561940,0.00209185,-0.00459109,-0.01437348,-0.00284229,-0.00259760
0.940,-0.01107710,0.78220142,2.35210563,-0.03388790,-0.00977973,-0.01250896,-0.06597390,-0.01903945,-0.02435278,-0.00533830,0.78013563,2.35669732,-0.01954783,-0.00683036,-0.01033351,-0.11406522,-22.05624393,-0.06449225,-0.35785517,-0.16026396,-0.06561269,-0.47192038,-22.21650789,-0.13010494,-0.45710239,-22.19452538,-0.11929089,-0.00573880,0.00206579,-0.00459169,-0.01434007,-0.00294937,-0.00217545
0.950,-0.01141929,0.78210266,2.35197932,-0.03455019,-0.00997086,-0.01275343,-0.06648381,-0.01918660,-0.02454100,-0.00556189,0.78006368,2.35656745,-0.02025068,-0.00692157,-0.01099668,-0.11497797,-22.06058787,-0.06611915,-0.36410205,-0.16485421,-0.06623309,-0.47908002,-22.22544208,-0.13235224,-0.46459446,-22.20378629,-0.12131346,-0.00585740,0.00203898,-0.00458813,-0.01429951,-0.00304929,-0.00175675
0.960,-0.01176812,0.78200199,2.35185055,-0.03521756,-0.01016346,-0.01299977,-0.06698993,-0.01933266,-0.02472782,-0.00579300,0.77999048,2.35643105,-0.02096555,-0.00702120,-0.01165754,-0.11588528,-22.06500039,-0.06777430,-0.37018534,-0.16918355,-0.06677472,-0.48607061,-22.23418394,-0.13454902,-0.47192038,-22.21284784,-0.12328489,-0.00597512,0.00201151,-0.00458050,-0.01425201,-0.00314226,-0.00134223
0.970,-0.01212366,0.78189939,2.35171931,-0.03588997,-0.01035751,-0.01324798,-0.06749225,-0.01947763,-0.02491325,-0.00603172,0.77991595,2.35628817,-0.02169222,-0.00712905,-0.01231534,-0.11678714,-22.06948213,-0.06945790,-0.37610532,-0.17325454,-0.06723905,-0.49289247,-22.24273667,-0.13669695,-0.47908002,-22.22171579,-0.12520786,-0.00609194,0.00198344,-0.00456886,-0.01419775,-0.00322846,-0.00093264
0.980,-0.01248594,0.78179484,2.35158559,-0.03656739,-0.01055301,-0.01349803,-0.06799078,-0.01962150,-0.02509727,-0.00627817,0.77984003,2.35613885,-0.02243045,-0.00724489,-0.01296938,-0.11768359,-22.07403372,-0.07117015,-0.38186102,-0.17707002,-0.06762765,-0.49954460,-22.25110374,-0.13879780,-0.48607061,-22.23038774,-0.12708327,-0.00620777,0.00195481,-0.00455326,-0.01413694,-0.00330812,-0.00052865
0.990,-0.01285502,0.78168832,2.35144935,-0.03724978,-0.01074994,-0.01374992,-0.06848554,-0.01976428,-0.02527990,-0.00653246,0.77976263,2.35598317,-0.02318001,-0.00736850,-0.01361895,-0.11857467,-22.07865603,-0.07291144,-0.38745375,-0.18063586,-0.06794295,-0.50602842,-22.25929189,-0.14085439,-0.49289247,-22.23886701,-0.12891311,-0.00632256,0.00192569,-0.00453382,-0.01406977,-0.00338144,-0.00013097
1.000,-0.01323095,0.78157983,2.35131058,-0.03793709,-0.01094829,-0.01400362,-0.06897653,-0.01990598,-0.02546114,-0.00679468,0.77968370,2.35582121,-0.02394066,-0.00749965,-0.01426339,-0.11946040,-22.08334912,-0.07468185,-0.39288293,-0.18395358,-0.06818629,-0.51234333,-22.26730270,-0.14286814,-0.49954460,-22.24715719,-0.13069946,-0.00643627,0.00189613,-0.00451063,-0.01399643,-0.00344864,0.00025977
1.010,-0.01361378,0.78146935,2.35116927,-0.03862930,-0.01114805,-0.01425914,-0.06946376,-0.02004659,-0.02564098,-0.00706495,0.77960317,2.35565303,-0.02471215,-0.00763811,-0.01490201,-0.12034081,-22.08811361,-0.07648157,-0.39814970,-0.18702871,-0.06835990,-0.51849051,-22.27514232,-0.14484146,-0.50602842,-22.25526514,-0.13244544,-0.00654883,0.00186618,-0.00448376,-0.01391715,-0.00350994,0.00064287
1.020,-0.01400355,0.78135687,2.35102539,-0.03932635,-0.01134922,-0.01451644,-0.06994723,-0.02018611,-0.02581945,-0.00734335,0.77952096,2.35547872,-0.02549424,-0.00778365,-0.01553420,-0.12121591,-22.09294999,-0.07831086,-0.40325471,-0.18986676,-0.06846612,-0.52447062,-22.28281675,-0.14677699,-0.51234333,-22.26319256,-0.13415276,-0.00666020,0.00183591,-0.00445333,-0.01383211,-0.00356557,0.00101776
1.030,-0.01440032,0.78124237,2.35087893,-0.04002823,-0.01155177,-0.01477552,-0.07042695,-0.02032456,-0.02599653,-0.00762999,0.77943703,2.35529837,-0.02628669,-0.00793603,-0.01615932,-0.12208575,-22.09785893,-0.08016994,-0.40820017,-0.19247439,-0.06850746,-0.53028592,-22.29033332,-0.14867741,-0.51849051,-22.27094573,-0.13582412,-0.00677033,0.00180534,-0.00441944,-0.01374154,-0.00361574,0.00138380
1.040,-0.01480414,0.78112583,2.35072988,-0.04073488,-0.01175570,-0.01503637,-0.07090294,-0.02046192,-0.02617222,-0.00792496,0.77935131,2.35511208,-0.02708926,-0.00809503,-0.01677679,-0.12295035,-22.10284104,-0.08205899,-0.41298800,-0.19485895,-0.06848657,-0.53593835,-22.29769999,-0.15054557,-0.52447062,-22.27853075,-0.13746239,-0.00687918,0.00177452,-0.00438220,-0.01364562,-0.00366067,0.00174042
1.050,-0.01521504,0.78100725,2.35057820,-0.04144627,-0.01196101,-0.01529896,-0.07137519,-0.02059821,-0.02634655,-0.00822835,0.77926375,2.35491994,-0.02790169,-0.00826039,-0.01738603,-0.12380974,-22.10789661,-0.08397830,-0.41761920,-0.19702679,-0.06840611,-0.54142894,-22.30492341,-0.15238440,-0.53028592,-22.28595508,-0.13907053,-0.00698669,0.00174350,-0.00434174,-0.01354458,-0.00370062,0.00208707
1.060,-0.01563308,0.78088660,2.35042389,-0.04216237,-0.01216766,-0.01556329,-0.07184372,-0.02073342,-0.02651949,-0.00854025,0.77917428,2.35472206,-0.02872375,-0.00843190,-0.01798650,-0.12466394,-22.11302648,-0.08592804,-0.42209703,-0.19898688,-0.06826902,-0.54676097,-22.31201337,-0.15419706,-0.53593835,-22.29322678,-0.14065162,-0.00709283,0.00171232,-0.00429817,-0.01343862,-0.00373576,0.00242321
1.070,-0.01605830,0.78076389,2.35026693,-0.04288314,-0.01237567,-0.01582935,-0.07230853,-0.02086756,-0.02669107,-0.00886075,0.77908287,2.35451855,-0.02955519,-0.00860932,-0.01857768,-0.12551298,-22.11823050,-0.08790829,-0.42642255,-0.20074437,-0.06807763,-0.55193553,-22.31897487,-0.15598592,-0.54142894,-22.30035262,-0.14220880,-0.00719755,0.00168102,-0.00425162,-0.01332795,-0.00376635,0.00274833
1.080,-0.01649075,0.78063909,2.35010730,-0.04360853,-0.01258501,-0.01609711,-0.07276963,-0.02100063,-0.02686127,-0.00918992,0.77898945,2.35430952,-0.03039577,-0.00879242,-0.01915907,-0.12635689,-22.12350965,-0.08991938,-0.43059937,-0.20231007,-0.06783540,-0.55695625,-22.32581972,-0.15775479,-0.54676097,-22.30734251,-0.14374544,-0.00730083,0.00164964,-0.00420222,-0.01321276,-0.00379259,0.00306196
1.090,-0.01693049,0.78051218,2.34994498,-0.04433852,-0.01279568,-0.01636657,-0.07322703,-0.02113263,-0.02703011,-0.00952786,0.77889398,2.35409508,-0.03124526,-0.00898098,-0.01973021,-0.12719569,-22.12886466,-0.09196159,-0.43463163,-0.20369455,-0.06754580,-0.56182733,-22.33255921,-0.15950738,-0.55193553,-22.31420154,-0.14526410,-0.00740263,0.00161820,-0.00415010,-0.01309326,-0.00381470,0.00336364
1.100,-0.01737754,0.78038317,2.34977996,-0.04507306,-0.01300766,-0.01663771,-0.07368073,-0.02126357,-0.02719758,-0.00987464,0.77879642,2.35387536,-0.03210342,-0.00917477,-0.02029066,-0.12802942,-22.13429528,-0.09403490,-0.43851962,-0.20490245,-0.06721096,-0.56654904,-22.33919773,-0.16124585,-0.55695625,-22.32094164,-0.14676877,-0.00750290,0.00158675,-0.00409540,-0.01296964,-0.00383289,0.00365295
1.110,-0.01783196,0.78025203,2.34961222,-0.04581212,-0.01322095,-0.01691051,-0.07413075,-0.02139344,-0.02736370,-0.01023034,0.77869672,2.35365048,-0.03297000,-0.00937359,-0.02084002,-0.12885810,-22.13980251,-0.09613965,-0.44226831,-0.20594630,-0.06683473,-0.57112641,-22.34574881,-0.16297438,-0.56182733,-22.32757419,-0.14826333,-0.00760162,0.00155531,-0.00403826,-0.01284212,-0.00384736,0.00392951
1.120,-0.01829380,0.78011875,2.34944175,-0.04655566,-0.01343553,-0.01718498,-0.07457708,-0.02152225,-0.02752845,-0.01059503,0.77859484,2.35342057,-0.03384479,-0.00957722,-0.02137791,-0.12968174,-22.14538669,-0.09827597,-0.44588093,-0.20683496,-0.06642017,-0.57556267,-22.35222165,-0.16469613,-0.56654904,-22.33410368,-0.14975007,-0.00769877,0.00152391,-0.00397882,-0.01271087,-0.00385831,0.00419293
1.130,-0.01876309,0.77998331,2.34926852,-0.04730365,-0.01365139,-0.01746108,-0.07501975,-0.02164999,-0.02769185,-0.01096879,0.77849074,2.35318575,-0.03472756,-0.00978545,-0.02190397,-0.13050040,-22.15104860,-0.10044419,-0.44936097,-0.20757977,-0.06597091,-0.57986137,-22.35862837,-0.16641510,-0.57112641,-22.34054373,-0.15123330,-0.00779430,0.00149257,-0.00391723,-0.01257609,-0.00386594,0.00444289
1.140,-0.01923988,0.77984571,2.34909252,-0.04805604,-0.01386852,-0.01773881,-0.07545875,-0.02177669,-0.02785390,-0.01135168,0.77838438,2.35294615,-0.03561807,-0.00999809,-0.02241788,-0.13131409,-22.15678831,-0.10264439,-0.45271134,-0.20818855,-0.06548977,-0.58402543,-22.36497685,-0.16813416,-0.57556267,-22.34690364,-0.15271631,-0.00788820,0.00146133,-0.00385363,-0.01243797,-0.00387043,0.00467907
1.150,-0.01972423,0.77970594,2.34891374,-0.04881281,-0.01408692,-0.01801815,-0.07589409,-0.02190232,-0.02801460,-0.01174379,0.77827572,2.35270191,-0.03651610,-0.01021495,-0.02291937,-0.13212282,-22.16260611,-0.10487669,-0.45593626,-0.20867095,-0.06497991,-0.58805908,-22.37127706,-0.16985660,-0.57986137,-22.35319561,-0.15420318,-0.00798044,0.00143022,-0.00378817,-0.01229671,-0.00387197,0.00490122
1.160,-0.02021616,0.77956397,2.34873215,-0.04957391,-0.01430657,-0.01829910,-0.07632579,-0.02202690,-0.02817395,-0.01214516,0.77816474,2.35245317,-0.03742145,-0.01043584,-0.02340817,-0.13292666,-22.16850312,-0.10714149,-0.45903955,-0.20904005,-0.06444535,-0.59196621,-22.37754318,-0.17158684,-0.58402543,-22.35942760,-0.15569688,-0.00807100,0.00139923,-0.00372102,-0.01215246,-0.00387073,0.00510907
1.170,-0.02071572,0.77941980,2.34854775,-0.05033931,-0.01452745,-0.01858163,-0.07675384,-0.02215044,-0.02833195,-0.01255587,0.77805139,2.35220005,-0.03833390,-0.01066058,-0.02388404,-0.13372559,-22.17447931,-0.10943879,-0.46202417,-0.20930302,-0.06388865,-0.59574976,-22.38378233,-0.17332743,-0.58805908,-22.36560965,-0.15720076,-0.00815985,0.00136841,-0.00365230,-0.01200541,-0.00386687,0.00530241
1.180,-0.02122296,0.77927342,2.34836051,-0.05110898,-0.01474957,-0.01886573,-0.07717826,-0.02227292,-0.02848862,-0.01297599,0.77793565,2.35194270,-0.03925323,-0.01088901,-0.02434681,-0.13451967,-22.18053514,-0.11176886,-0.46489456,-0.20947090,-0.06331335,-0.59941423,-22.39000604,-0.17508220,-0.59196621,-22.37175603,-0.15871929,-0.00824697,0.00133777,-0.00358219,-0.01185575,-0.00386056,0.00548108
1.190,-0.02173791,0.77912481,2.34817043,-0.05188287,-0.01497291,-0.01915139,-0.07759905,-0.02239436,-0.02864394,-0.01340556,0.77781748,2.35168125,-0.04017925,-0.01112096,-0.02479629,-0.13530891,-22.18667119,-0.11413182,-0.46765391,-0.20955356,-0.06272255,-0.60296282,-22.39622475,-0.17685438,-0.59574976,-22.37787392,-0.16025506,-0.00833235,0.00130733,-0.00351082,-0.01170362,-0.00385195,0.00564490
1.200,-0.02226063,0.77897396,2.34797748,-0.05266095,-0.01519745,-0.01943860,-0.07801622,-0.02251475,-0.02879793,-0.01384465,0.77769686,2.35141584,-0.04111176,-0.01135629,-0.02523236,-0.13609333,-22.19288793,-0.11652795,-0.47030703,-0.20956169,-0.06211971,-0.60640036,-22.40244962,-0.17864766,-0.59941423,-22.38397491,-0.16181192,-0.00841598,0.00127710,-0.00343836,-0.01154919,-0.00384116,0.00579376
1.210,-0.02279114,0.77882085,2.34778165,-0.05344318,-0.01542320,-0.01972735,-0.07842978,-0.02263410,-0.02895059,-0.01429332,0.77757375,2.35114662,-0.04205055,-0.01159483,-0.02565490,-0.13687298,-22.19918601,-0.11895744,-0.47285713,-0.20950591,-0.06150810,-0.60973010,-22.40869192,-0.18046554,-0.60296282,-22.39006951,-0.16339310,-0.00849782,0.00124710,-0.00336497,-0.01139263,-0.00382837,0.00592755
1.220,-0.02332950,0.77866549,2.34758293,-0.05422953,-0.01565013,-0.02001761,-0.07883973,-0.02275241,-0.02910191,-0.01475162,0.77744814,2.35087371,-0.04299544,-0.01183647,-0.02606385,-0.13764785,-22.20556516,-0.12142029,-0.47530734,-0.20939220,-0.06088999,-0.61295519,-22.41495735,-0.18231029,-0.60640036,-22.39616893,-0.16500231,-0.00857788,0.00121735,-0.00329078,-0.01123409,-0.00381366,0.00604624
1.230,-0.02387575,0.77850785,2.34738129,-0.05501996,-0.01587824,-0.02030938,-0.07924609,-0.02286968,-0.02925191,-0.01521961,0.77731999,2.35059726,-0.04394625,-0.01208106,-0.02645916,-0.13841801,-22.21202645,-0.12391691,-0.47766274,-0.20923382,-0.06026932,-0.61608075,-22.42126027,-0.18418622,-0.60973010,-22.40228450,-0.16664300,-0.00865614,0.00118786,-0.00321597,-0.01107371,-0.00379718,0.00614978
1.240,-0.02442992,0.77834792,2.34717674,-0.05581444,-0.01610752,-0.02060265,-0.07964886,-0.02298591,-0.02940059,-0.01569733,0.77718928,2.35031740,-0.04490279,-0.01232850,-0.02684081,-0.13918345,-22.21857009,-0.12644728,-0.47992587,-0.20903808,-0.05964845,-0.61910933,-22.42760817,-0.18609573,-0.61295519,-22.40842195,-0.16831740,-0.00873259,0.00115864,-0.00314066,-0.01091165,-0.00377902,0.00623816
1.250,-0.02499205,0.77818569,2.34696924,-0.05661293,-0.01633796,-0.02089739,-0.08004805,-0.02310111,-0.02954794,-0.01618484,0.77705599,2.35003428,-0.04586489,-0.01257867,-0.02720882,-0.13994422,-22.22519662,-0.12901174,-0.48210072,-0.20881517,-0.05903066,-0.62204495,-22.43401179,-0.18804241,-0.61608075,-22.41459569,-0.17002980,-0.00880721,0.00112970,-0.00306504,-0.01074804,-0.00375929,0.00631143
1.260,-0.02556219,0.77802116,2.34675878,-0.05741539,-0.01656954,-0.02119360,-0.08044366,-0.02321528,-0.02969397,-0.01668219,0.77692009,2.34974801,-0.04683237,-0.01283146,-0.02756323,-0.14070033,-22.23190608,-0.13161036,-0.48419044,-0.20857185,-0.05841832,-0.62489077,-22.44047793,-0.19002868,-0.61910933,-22.42081326,-0.17178250,-0.00888000,0.00110107,-0.00298923,-0.01058302,-0.00373808,0.00636963
1.270,-0.02614037,0.77785430,2.34654536,-0.05822179,-0.01680226,-0.02149126,-0.08083571,-0.02332843,-0.02983868,-0.01718942,0.77678157,2.34945874,-0.04780507,-0.01308678,-0.02790411,-0.14145182,-22.23869935,-0.13424333,-0.48619877,-0.20831839,-0.05781438,-0.62765060,-22.44701773,-0.19205771,-0.62204495,-22.42708541,-0.17357904,-0.00895095,0.00107273,-0.00291338,-0.01041672,-0.00371548,0.00641285
1.280,-0.02672664,0.77768511,2.34632895,-0.05903209,-0.01703611,-0.02179037,-0.08122419,-0.02344054,-0.02998208,-0.01770659,0.77664039,2.34916660,-0.04878284,-0.01334455,-0.02823155,-0.14219869,-22.24557656,-0.13691086,-0.48812926,-0.20806238,-0.05722144,-0.63032794,-22.45363894,-0.19413230,-0.62489077,-22.43341900,-0.17542174,-0.00902005,0.00104472,-0.00283765,-0.01024925,-0.00369156,0.00644118
1.290,-0.02732103,0.77751357,2.34610955,-0.05984626,-0.01727107,-0.02209090,-0.08160913,-0.02355163,-0.03012417,-0.01823372,0.77649654,2.34887172,-0.04976550,-0.01360469,-0.02854569,-0.14294100,-22.25253832,-0.13961307,-0.48998478,-0.20781162,-0.05664189,-0.63292578,-22.46034994,-0.19625496,-0.62765060,-22.43982518,-0.17731367,-0.00908731,0.00101703,-0.00276217,-0.01008076,-0.00366638,0.00645479
1.300,-0.02792358,0.77733968,2.34588713,-0.06066426,-0.01750714,-0.02239285,-0.08199052,-0.02366169,-0.03026496,-0.01877087,0.77634999,2.34857423,-0.05075291,-0.01386712,-0.02884667,-0.14367874,-22.25958477,-0.14235016,-0.49176829,-0.20757305,-0.05607813,-0.63544703,-22.46715782,-0.19842829,-0.63032794,-22.44631173,-0.17925750,-0.00915271,0.00098969,-0.00268710,-0.00991135,-0.00364002,0.00645382
1.310,-0.02853432,0.77716343,2.34566169,-0.06148606,-0.01774430,-0.02269620,-0.08236837,-0.02377074,-0.03040443,-0.01931808,0.77620073,2.34827424,-0.05174493,-0.01413179,-0.02913466,-0.14441196,-22.26671620,-0.14512220,-0.49348194,-0.20735234,-0.05553202,-0.63789390,-22.47406854,-0.20065422,-0.63292578,-22.45288704,-0.18125564,-0.00921624,0.00096270,-0.00261255,-0.00974113,-0.00361251,0.00643846
1.320,-0.02915331,0.77698479,2.34543320,-0.06231162,-0.01798255,-0.02300093,-0.08274270,-0.02387877,-0.03054261,-0.01987539,0.77604874,2.34797189,-0.05274140,-0.01439864,-0.02940988,-0.14514069,-22.27393368,-0.14792959,-0.49513102,-0.20716040,-0.05500670,-0.64027170,-22.48109408,-0.20293629,-0.63544703,-22.45955822,-0.18331053,-0.00927792,0.00093605,-0.00253869,-0.00957022,-0.00358391,0.00640895
1.330,-0.02978057,0.77680377,2.34520166,-0.06314090,-0.01822187,-0.02330704,-0.08311350,-0.02398578,-0.03067948,-0.02044284,0.77589400,2.34766728,-0.05374219,-0.01466763,-0.02967254,-0.14586493,-22.28123685,-0.15077225,-0.49671587,-0.20699911,-0.05450320,-0.64258080,-22.48823596,-0.20527546,-0.63789390,-22.46633125,-0.18542396,-0.00933773,0.00090977,-0.00246562,-0.00939871,-0.00355424,0.00636550
1.340,-0.03041614,0.77662035,2.34496706,-0.06397388,-0.01846226,-0.02361452,-0.08348079,-0.02409177,-0.03081506,-0.02102046,0.77573648,2.34736054,-0.05474717,-0.01493870,-0.02992288,-0.14658471,-22.28862635,-0.15365039,-0.49823977,-0.20687566,-0.05402369,-0.64482449,-22.49550201,-0.20767408,-0.64027170,-22.47321812,-0.18759933,-0.00939568,0.00088387,-0.00239348,-0.00922671,-0.00352356,0.00630836
1.350,-0.03106006,0.77643452,2.34472937,-0.06481051,-0.01870370,-0.02392334,-0.08384458,-0.02419676,-0.03094934,-0.02160829,0.77557616,2.34705178,-0.05575619,-0.01521183,-0.03016119,-0.14730009,-22.29610268,-0.15656427,-0.49970541,-0.20679609,-0.05357016,-0.64700550,-22.50289877,-0.21013443,-0.64258080,-22.48022035,-0.18983741,-0.00945177,0.00085836,-0.00232241,-0.00905432,-0.00349187,0.00623785
1.360,-0.03171236,0.77624627,2.34448858,-0.06565076,-0.01894619,-0.02423350,-0.08420486,-0.02430073,-0.03108233,-0.02220637,0.77541304,2.34674111,-0.05676915,-0.01548699,-0.03038774,-0.14801104,-22.30366613,-0.15951402,-0.50111474,-0.20676515,-0.05314419,-0.64912578,-22.51043128,-0.21265821,-0.64482449,-22.48734578,-0.19214038,-0.00950599,0.00083323,-0.00225253,-0.00888161,-0.00345920,0.00615424
1.370,-0.03237309,0.77605559,2.34424469,-0.06649459,-0.01918971,-0.02454498,-0.08456166,-0.02440370,-0.03121403,-0.02281473,0.77524708,2.34642862,-0.05778591,-0.01576415,-0.03060285,-0.14871764,-22.31131699,-0.16249971,-0.50247006,-0.20678647,-0.05274700,-0.65118769,-22.51810346,-0.21524671,-0.64700550,-22.49460095,-0.19451034,-0.00955836,0.00080851,-0.00218393,-0.00870868,-0.00342556,0.00605787
1.380,-0.03304227,0.77586248,2.34399768,-0.06734198,-0.01943426,-0.02485778,-0.08491496,-0.02450566,-0.03134445,-0.02343341,0.77507828,2.34611444,-0.05880635,-0.01604330,-0.03080685,-0.14941985,-22.31905535,-0.16552147,-0.50377233,-0.20686291,-0.05237978,-0.65319218,-22.52591826,-0.21790125,-0.64912578,-22.50199090,-0.19694879,-0.00960886,0.00078420,-0.00211676,-0.00853563,-0.00339096,0.00594907
1.390,-0.03371994,0.77566691,2.34374753,-0.06819288,-0.01967982,-0.02517187,-0.08526480,-0.02460662,-0.03147358,-0.02406243,0.77490660,2.34579864,-0.05983036,-0.01632443,-0.03100007,-0.15011777,-22.32688220,-0.16857963,-0.50502463,-0.20700125,-0.05204444,-0.65514240,-22.53388345,-0.22062407,-0.65118769,-22.50951955,-0.19945684,-0.00965751,0.00076031,-0.00205111,-0.00836252,-0.00335539,0.00582820
1.400,-0.03440614,0.77546888,2.34349424,-0.06904726,-0.01992639,-0.02548724,-0.08561116,-0.02470658,-0.03160144,-0.02470183,0.77473203,2.34548132,-0.06085782,-0.01660753,-0.03118290,-0.15081136,-22.33479752,-0.17167418,-0.50622804,-0.20720253,-0.05174157,-0.65703940,-22.54200005,-0.22341575,-0.65319218,-22.51718985,-0.20203556,-0.00970431,0.00073685,-0.00198708,-0.00818944,-0.00331886,0.00569566
1.410,-0.03510089,0.77526838,2.34323778,-0.06990509,-0.02017395,-0.02580389,-0.08595406,-0.02480553,-0.03172801,-0.02535164,0.77455455,2.34516258,-0.06188862,-0.01689260,-0.03135569,-0.15150066,-22.34280174,-0.17480539,-0.50738374,-0.20747018,-0.05147240,-0.65888440,-22.55027192,-0.22627779,-0.65514240,-22.52500956,-0.20468703,-0.00974925,0.00071383,-0.00192480,-0.00801647,-0.00328135,0.00555180
1.420,-0.03580425,0.77506539,2.34297816,-0.07076633,-0.02042250,-0.02612180,-0.08629351,-0.02490350,-0.03185331,-0.02601189,0.77437414,2.34484250,-0.06292267,-0.01717963,-0.03151886,-0.15218573,-22.35089540,-0.17797333,-0.50849427,-0.20780702,-0.05123773,-0.66068000,-22.55870242,-0.22921106,-0.65703940,-22.53297969,-0.20741158,-0.00979236,0.00069125,-0.00186434,-0.00784366,-0.00324287,0.00539706
1.430,-0.03651623,0.77485992,2.34271534,-0.07163095,-0.02067202,-0.02644095,-0.08662951,-0.02500046,-0.03197734,-0.02668261,0.77419079,2.34452115,-0.06395984,-0.01746863,-0.03167279,-0.15286655,-22.35907839,-0.18117819,-0.50955916,-0.20821296,-0.05103803,-0.66242570,-22.56729134,-0.23221621,-0.65888440,-22.54110410,-0.21021049,-0.00983362,0.00066913,-0.00180581,-0.00767111,-0.00320339,0.00523184
1.440,-0.03723688,0.77465195,2.34244933,-0.07249891,-0.02092250,-0.02676134,-0.08696208,-0.02509644,-0.03210010,-0.02736381,0.77400446,2.34419862,-0.06500004,-0.01775961,-0.03181792,-0.15354318,-22.36735123,-0.18442004,-0.51058021,-0.20868978,-0.05087381,-0.66412338,-22.57604102,-0.23529384,-0.66068000,-22.54938614,-0.21308440,-0.00987307,0.00064749,-0.00174929,-0.00749887,-0.00316289,0.00505658
1.450,-0.03796622,0.77444147,2.34218011,-0.07337018,-0.02117394,-0.02708295,-0.08729121,-0.02519142,-0.03222159,-0.02805554,0.77381515,2.34387497,-0.06604317,-0.01805258,-0.03195467,-0.15421560,-22.37571429,-0.18769907,-0.51155793,-0.20923880,-0.05074562,-0.66577353,-22.58495309,-0.23844469,-0.66242570,-22.55782560,-0.21603375,-0.00991068,0.00062632,-0.00169486,-0.00732701,-0.00312136,0.00487172
1.460,-0.03870429,0.77422847,2.34190767,-0.07424472,-0.02142633,-0.02740577,-0.08761692,-0.02528542,-0.03234182,-0.02875781,0.77362282,2.34355027,-0.06708913,-0.01834755,-0.03208349,-0.15488387,-22.38416792,-0.19101541,-0.51249331,-0.20986052,-0.05065376,-0.66737718,-22.59402844,-0.24166918,-0.66412338,-22.56642478,-0.21905887,-0.00994648,0.00060565,-0.00164260,-0.00715559,-0.00307878,0.00467772
1.470,-0.03945113,0.77401294,2.34163199,-0.07512251,-0.02167965,-0.02772978,-0.08793921,-0.02537843,-0.03246078,-0.02947065,0.77342747,2.34322458,-0.06813782,-0.01864454,-0.03220482,-0.15554800,-22.39271249,-0.19436927,-0.51338748,-0.21055550,-0.05059855,-0.66893547,-22.60326799,-0.24496782,-0.66577353,-22.57518535,-0.22216028,-0.00998048,0.00058547,-0.00159259,-0.00698469,-0.00303511,0.00447504
1.480,-0.04020675,0.77379487,2.34135307,-0.07600350,-0.02193389,-0.02805498,-0.08825809,-0.02547046,-0.03257849,-0.03019408,0.77322906,2.34289796,-0.06918916,-0.01894355,-0.03231912,-0.15620801,-22.40134828,-0.19776071,-0.51423955,-0.21132239,-0.05057976,-0.67044755,-22.61267068,-0.24834047,-0.66737718,-22.58410814,-0.22533816,-0.01001267,0.00056581,-0.00154489,-0.00681434,-0.00299034,0.00426414
1.490,-0.04097121,0.77357426,2.34107089,-0.07688766,-0.02218906,-0.02838135,-0.08857358,-0.02556150,-0.03269494,-0.03092813,0.77302758,2.34257046,-0.07024304,-0.01924461,-0.03242686,-0.15686394,-22.41007536,-0.20118985,-0.51505089,-0.21216028,-0.05059731,-0.67191483,-22.62223564,-0.25178716,-0.66893547,-22.59319410,-0.22859279,-0.01004308,0.00054668,-0.00149957,-0.00664462,-0.00294445,0.00404551
1.500,-0.04174452,0.77335109,2.34078544,-0.07777496,-0.02244512,-0.02870888,-0.08888566,-0.02565157,-0.03281014,-0.03167281,0.77282301,2.34224213,-0.07129937,-0.01954773,-0.03252850,-0.15751578,-22.41889437,-0.20465690,-0.51582114,-0.21306874,-0.05065117,-0.67333691,-22.63196311,-0.25530806,-0.67044755,-22.60244213,-0.23192375,-0.01007171,0.00052808,-0.00145669,-0.00647559,-0.00289739,0.00381962
1.510,-0.04252672,0.77312535,2.34049671,-0.07866536,-0.02270208,-0.02903755,-0.08919437,-0.02574066,-0.03292410,-0.03242815,0.77261533,2.34191300,-0.07235807,-0.01985292,-0.03262452,-0.15816359,-22.42780563,-0.20816198,-0.51655082,-0.21404666,-0.05074107,-0.67471441,-22.64185229,-0.25890305,-0.67191483,-22.61185139,-0.23533087,-0.01009857,0.00051002,-0.00141629,-0.00630729,-0.00284916,0.00358697
1.520,-0.04331783,0.77289704,2.34020469,-0.07955883,-0.02295993,-0.02936735,-0.08949969,-0.02582877,-0.03303680,-0.03319417,0.77240451,2.34158312,-0.07341905,-0.02016021,-0.03271540,-0.15880736,-22.43680914,-0.21170515,-0.51723887,-0.21509058,-0.05086627,-0.67604623,-22.65189973,-0.26257143,-0.67333691,-22.62142207,-0.23881404,-0.01012366,0.00049253,-0.00137843,-0.00613978,-0.00279972,0.00334805
1.530,-0.04411790,0.77266615,2.33990936,-0.08045534,-0.02321866,-0.02969828,-0.08980164,-0.02591591,-0.03314826,-0.03397089,0.77219053,2.34125252,-0.07448221,-0.02046961,-0.03280162,-0.15944714,-22.44590532,-0.21528662,-0.51788634,-0.21619939,-0.05102653,-0.67733347,-22.66210471,-0.26631315,-0.67471441,-22.63115340,-0.24237291,-0.01014701,0.00047562,-0.00134316,-0.00597313,-0.00274905,0.00310334
1.540,-0.04492695,0.77243267,2.33961072,-0.08135485,-0.02347825,-0.03003032,-0.09010023,-0.02600208,-0.03325848,-0.03475832,0.77197337,2.34092122,-0.07554746,-0.02078112,-0.03288366,-0.16008294,-22.45509442,-0.21890645,-0.51849220,-0.21736965,-0.05122094,-0.67857514,-22.67246407,-0.27012740,-0.67604623,-22.64104189,-0.24600653,-0.01016863,0.00045930,-0.00131050,-0.00580739,-0.00269713,0.00285334
1.550,-0.04574501,0.77219658,2.33930875,-0.08225734,-0.02373869,-0.03036345,-0.09039547,-0.02608728,-0.03336745,-0.03555648,0.77175301,2.34058925,-0.07661473,-0.02109477,-0.03296201,-0.16071479,-22.46437710,-0.22256490,-0.51905702,-0.21860074,-0.05144930,-0.67977181,-22.68297785,-0.27401420,-0.67733347,-22.65108685,-0.24971463,-0.01018853,0.00044357,-0.00128050,-0.00564261,-0.00264392,0.00259856
1.560,-0.04657211,0.77195789,2.33900344,-0.08316275,-0.02399999,-0.03069766,-0.09068735,-0.02617152,-0.03347520,-0.03636540,0.77152944,2.34025663,-0.07768392,-0.02141057,-0.03303714,-0.16134269,-22.47375312,-0.22626197,-0.51957927,-0.21988697,-0.05171024,-0.68092196,-22.69364009,-0.27797222,-0.67857514,-22.66128509,-0.25349613,-0.01020671,0.00042845,-0.00125319,-0.00547883,-0.00258942,0.00233948
1.570,-0.04740827,0.77171658,2.33869479,-0.08407107,-0.02426212,-0.03103295,-0.09097590,-0.02625479,-0.03358171,-0.03718508,0.77130261,2.33992336,-0.07875494,-0.02172851,-0.03310954,-0.16196669,-22.48322300,-0.22999779,-0.52005849,-0.22122564,-0.05200294,-0.68202518,-22.70444864,-0.28200073,-0.67977181,-22.67163667,-0.25735084,-0.01022319,0.00041397,-0.00122857,-0.00531613,-0.00253361,0.00207659
1.580,-0.04825354,0.77147265,2.33838278,-0.08498226,-0.02452508,-0.03136929,-0.09126111,-0.02633710,-0.03368699,-0.03801554,0.77107252,2.33958946,-0.07982771,-0.02204861,-0.03317968,-0.16258679,-22.49278684,-0.23377248,-0.52049477,-0.22261279,-0.05232638,-0.68308156,-22.71539964,-0.28609886,-0.68092196,-22.68213563,-0.26127716,-0.01023800,0.00040013,-0.00120668,-0.00515455,-0.00247647,0.00181039
1.590,-0.04910793,0.77122608,2.33806740,-0.08589628,-0.02478886,-0.03170668,-0.09154299,-0.02641845,-0.03379104,-0.03885679,0.77083915,2.33925493,-0.08090214,-0.02237087,-0.03324804,-0.16320302,-22.50244525,-0.23758625,-0.52088728,-0.22404604,-0.05267981,-0.68409029,-22.72649129,-0.29026606,-0.68202518,-22.69277981,-0.26527417,-0.01025114,0.00038693,-0.00118753,-0.00499414,-0.00241799,0.00154136
1.600,-0.04997147,0.77097687,2.33774864,-0.08681311,-0.02505345,-0.03204511,-0.09182156,-0.02649884,-0.03389386,-0.03970886,0.77060246,2.33891977,-0.08197815,-0.02269529,-0.03331508,-0.16381540,-22.51219825,-0.24143915,-0.52123501,-0.22552010,-0.05306184,-0.68505041,-22.73771836,-0.29450098,-0.68308156,-22.70356536,-0.26934075,-0.01026261,0.00037441,-0.00117113,-0.00483496,-0.00235816,0.00126997
1.610,-0.05084420,0.77072500,2.33742650,-0.08773270,-0.02531883,-0.03238455,-0.09209681,-0.02657827,-0.03399547,-0.04057174,0.77036244,2.33858397,-0.08305564,-0.02302187,-0.03338128,-0.16442395,-22.52204638,-0.24533131,-0.52153804,-0.22703176,-0.05347138,-0.68596199,-22.74907815,-0.29880269,-0.68409029,-22.71449050,-0.27347612,-0.01027246,0.00036256,-0.00115747,-0.00467706,-0.00229696,0.00099673
1.620,-0.05172614,0.77047049,2.33710095,-0.08865503,-0.02558501,-0.03272501,-0.09236876,-0.02665676,-0.03409585,-0.04144545,0.77011908,2.33824752,-0.08413452,-0.02335059,-0.03344709,-0.16502870,-22.53198923,-0.24926281,-0.52179437,-0.22857395,-0.05390678,-0.68682307,-22.76056318,-0.30316958,-0.68505041,-22.72554998,-0.27767873,-0.01028069,0.00035141,-0.00114657,-0.00452051,-0.00223442,0.00072208
1.630,-0.05261731,0.77021330,2.33677199,-0.08958007,-0.02585197,-0.03306647,-0.09263742,-0.02673429,-0.03419502,-0.04233000,0.76987234,2.33791042,-0.08521472,-0.02368144,-0.03351295,-0.16562967,-22.54202790,-0.25323389,-0.52200441,-0.23014594,-0.05436743,-0.68763408,-22.77217384,-0.30760132,-0.68596199,-22.73674114,-0.28194742,-0.01028731,0.00034096,-0.00113843,-0.00436535,-0.00217053,0.00044648
1.640,-0.05351775,0.76995344,2.33643962,-0.09050777,-0.02611969,-0.03340891,-0.09290279,-0.02681087,-0.03429298,-0.04322541,0.76962220,2.33757263,-0.08629614,-0.02401442,-0.03357932,-0.16622688,-22.55216206,-0.25724449,-0.52216655,-0.23173972,-0.05485119,-0.68839343,-22.78390178,-0.31209569,-0.68682307,-22.74805650,-0.28628037,-0.01029234,0.00033124,-0.00113301,-0.00421163,-0.00210527,0.00017041
1.650,-0.05442747,0.76969091,2.33610381,-0.09143811,-0.02638818,-0.03375232,-0.09316487,-0.02688651,-0.03438972,-0.04413167,0.76936866,2.33723415,-0.08737869,-0.02434950,-0.03364663,-0.16682033,-22.56239186,-0.26129481,-0.52227943,-0.23335065,-0.05535682,-0.68909976,-22.79574251,-0.31665164,-0.68763408,-22.75949647,-0.29067703,-0.01029580,0.00032225,-0.00113034,-0.00405942,-0.00203868,-0.00010569
1.660,-0.05534652,0.76942568,2.33576457,-0.09237106,-0.02665742,-0.03409670,-0.09342369,-0.02696120,-0.03448525,-0.04504880,0.76911168,2.33689493,-0.08846229,-0.02468665,-0.03371531,-0.16741007,-22.57271806,-0.26538497,-0.52234414,-0.23497627,-0.05588325,-0.68975421,-22.80769434,-0.32126822,-0.68839343,-22.77105273,-0.29513502,-0.01029772,0.00031400,-0.00113036,-0.00390877,-0.00197077,-0.00038139
1.670,-0.05627490,0.76915775,2.33542187,-0.09330657,-0.02692740,-0.03444202,-0.09367924,-0.02703495,-0.03457958,-0.04597680,0.76885124,2.33655496,-0.08954683,-0.02502585,-0.03378576,-0.16799611,-22.58314083,-0.26951518,-0.52235857,-0.23661122,-0.05642900,-0.69035468,-22.81975206,-0.32594418,-0.68909976,-22.78272079,-0.29965307,-0.01029810,0.00030651,-0.00113309,-0.00375974,-0.00190155,-0.00065626
1.680,-0.05721266,0.76888713,2.33507572,-0.09424463,-0.02719811,-0.03478829,-0.09393153,-0.02710776,-0.03467271,-0.04691569,0.76858733,2.33621420,-0.09063224,-0.02536706,-0.03385841,-0.16857847,-22.59365974,-0.27368528,-0.52232184,-0.23824726,-0.05699178,-0.69090031,-22.83190700,-0.33067706,-0.68975421,-22.79449899,-0.30423005,-0.01029697,0.00029980,-0.00113848,-0.00361239,-0.00183105,-0.00092988
1.690,-0.05815981,0.76861379,2.33472611,-0.09518519,-0.02746955,-0.03513547,-0.09418057,-0.02717963,-0.03476464,-0.04786546,0.76831994,2.33587260,-0.09171841,-0.02571025,-0.03393363,-0.16915716,-22.60427569,-0.27789555,-0.52223365,-0.23988248,-0.05757068,-0.69139081,-22.84415817,-0.33546622,-0.69035468,-22.80638215,-0.30886453,-0.01029435,0.00029385,-0.00114649,-0.00346678,-0.00175930,-0.00120184
1.700,-0.05911637,0.76833773,2.33437301,-0.09612823,-0.02774170,-0.03548358,-0.09442636,-0.02725056,-0.03485537,-0.04882612,0.76804903,2.33553014,-0.09280526,-0.02605536,-0.03401182,-0.16973220,-22.61498883,-0.28214617,-0.52209319,-0.24151208,-0.05816434,-0.69182539,-22.85650091,-0.34031050,-0.69090031,-22.81836164,-0.31355387,-0.01029025,0.00028870,-0.00115713,-0.00332297,-0.00168634,-0.00147176
1.710,-0.06008238,0.76805895,2.33401643,-0.09707371,-0.02801456,-0.03583258,-0.09466892,-0.02732056,-0.03494490,-0.04979767,0.76777460,2.33518676,-0.09389270,-0.02640236,-0.03409335,-0.17030363,-22.62579904,-0.28643708,-0.52189961,-0.24312903,-0.05877062,-0.69220324,-22.86892807,-0.34520769,-0.69139081,-22.83043649,-0.31829726,-0.01028471,0.00028435,-0.00117033,-0.00318101,-0.00161220,-0.00173923
1.720,-0.06105785,0.76777744,2.33365636,-0.09802160,-0.02828811,-0.03618247,-0.09490825,-0.02738963,-0.03503325,-0.05078011,0.76749662,2.33484242,-0.09498063,-0.02675120,-0.03417856,-0.17087145,-22.63670663,-0.29076840,-0.52165178,-0.24472855,-0.05938800,-0.69252323,-22.88143518,-0.35015640,-0.69182539,-22.84260206,-0.32309339,-0.01027774,0.00028082,-0.00118606,-0.00304097,-0.00153691,-0.00200391
1.730,-0.06204282,0.76749319,2.33329278,-0.09897186,-0.02856235,-0.03653324,-0.09514437,-0.02745777,-0.03512040,-0.05177345,0.76721508,2.33449706,-0.09606896,-0.02710180,-0.03426782,-0.17143571,-22.64771198,-0.29514033,-0.52135028,-0.24630731,-0.06001530,-0.69278598,-22.89401929,-0.35515564,-0.69220324,-22.85485126,-0.32793989,-0.01026937,0.00027811,-0.00120428,-0.00290290,-0.00146055,-0.00226542
1.740,-0.06303730,0.76720619,2.33292569,-0.09992448,-0.02883726,-0.03688487,-0.09537726,-0.02752498,-0.03520637,-0.05277769,0.76692997,2.33415064,-0.09715760,-0.02745412,-0.03436145,-0.17199637,-22.65881530,-0.29955293,-0.52099399,-0.24786005,-0.06065081,-0.69299036,-22.90667535,-0.36020374,-0.69252323,-22.86717965,-0.33283523,-0.01025961,0.00027622,-0.00122495,-0.00276688,-0.00138314,-0.00252342
1.750,-0.06404132,0.76691644,2.33255508,-0.10087940,-0.02911285,-0.03723736,-0.09560696,-0.02759127,-0.03529116,-0.05379282,0.76664127,2.33380309,-0.09824644,-0.02780808,-0.03445977,-0.17255352,-22.67001665,-0.30400627,-0.52058238,-0.24938153,-0.06129287,-0.69313590,-22.91939818,-0.36529914,-0.69278598,-22.87958431,-0.33777827,-0.01024850,0.00027517,-0.00124801,-0.00263296,-0.00130477,-0.00277759
1.760,-0.06505489,0.76662393,2.33218094,-0.10183660,-0.02938909,-0.03759069,-0.09583345,-0.02765663,-0.03537476,-0.05481884,0.76634897,2.33345436,-0.09933540,-0.02816361,-0.03456308,-0.17310712,-22.68131628,-0.30850046,-0.52011462,-0.25086719,-0.06193995,-0.69322174,-22.93218347,-0.37044041,-0.69299036,-22.89206026,-0.34276723,-0.01023605,0.00027496,-0.00127342,-0.00250120,-0.00122548,-0.00302761
1.770,-0.06607806,0.76632866,2.33180326,-0.10279606,-0.02966598,-0.03794485,-0.09605676,-0.02772108,-0.03545719,-0.05585575,0.76605305,2.33310439,-0.10042437,-0.02852063,-0.03467168,-0.17365724,-22.69271424,-0.31303557,-0.51959147,-0.25231229,-0.06259049,-0.69324871,-22.94502653,-0.37562606,-0.69313590,-22.90460233,-0.34780040,-0.01022231,0.00027561,-0.00130113,-0.00237169,-0.00114535,-0.00327317
1.780,-0.06711082,0.76603061,2.33142204,-0.10375773,-0.02994351,-0.03829983,-0.09627688,-0.02778460,-0.03553845,-0.05690355,0.76575351,2.33275310,-0.10151328,-0.02887907,-0.03478584,-0.17420385,-22.70421103,-0.31761172,-0.51901167,-0.25371342,-0.06324312,-0.69321552,-22.95792445,-0.38085485,-0.69322174,-22.91720628,-0.35287626,-0.01020727,0.00027710,-0.00133106,-0.00224445,-0.00106444,-0.00351399
1.790,-0.06815322,0.76572979,2.33103726,-0.10472158,-0.03022167,-0.03865562,-0.09649382,-0.02784721,-0.03561853,-0.05796223,0.76545033,2.33240045,-0.10260201,-0.02923883,-0.03490582,-0.17474699,-22.71580645,-0.32222899,-0.51837573,-0.25506516,-0.06389620,-0.69312272,-22.97087160,-0.38612519,-0.69324871,-22.92986747,-0.35799318,-0.01019099,0.00027946,-0.00136319,-0.00211957,-0.00098284,-0.00374980
1.800,-0.06920526,0.76542618,2.33064892,-0.10568759,-0.03050045,-0.03901220,-0.09670760,-0.02790891,-0.03569744,-0.05903179,0.76514350,2.33204635,-0.10369047,-0.02959983,-0.03503186,-0.17528669,-22.72750103,-0.32688749,-0.51768325,-0.25636465,-0.06454846,-0.69296993,-22.98386568,-0.39143594,-0.69321552,-22.94258304,-0.36314985,-0.01017347,0.00028268,-0.00139743,-0.00199712,-0.00090062,-0.00398034
1.810,-0.07026698,0.76511977,2.33025702,-0.10665573,-0.03077984,-0.03936956,-0.09691822,-0.02796969,-0.03577518,-0.06011222,0.76483302,2.33169074,-0.10477857,-0.02996197,-0.03516420,-0.17582295,-22.73929498,-0.33158728,-0.51693518,-0.25760846,-0.06519853,-0.69275813,-22.99690344,-0.39678580,-0.69312272,-22.95534741,-0.36834457,-0.01015476,0.00028675,-0.00143372,-0.00187716,-0.00081787,-0.00420536
1.820,-0.07133838,0.76481058,2.32986153,-0.10762595,-0.03105984,-0.03972770,-0.09712569,-0.02802956,-0.03585176,-0.06120351,0.76451887,2.33133354,-0.10586622,-0.03032515,-0.03530306,-0.17635580,-22.75118787,-0.33632842,-0.51612971,-0.25879025,-0.06584463,-0.69248551,-23.00997812,-0.40217305,-0.69296993,-22.96815832,-0.37357613,-0.01013487,0.00029171,-0.00147201,-0.00175973,-0.00073469,-0.00442464
1.830,-0.07241950,0.76449858,2.32946246,-0.10859823,-0.03134043,-0.04008659,-0.09733001,-0.02808853,-0.03592718,-0.06230566,0.76420105,2.33097469,-0.10695331,-0.03068928,-0.03544862,-0.17688526,-22.76318045,-0.34111105,-0.51526889,-0.25990916,-0.06648585,-0.69215415,-23.02308961,-0.40759689,-0.69275813,-22.98101261,-0.37884314,-0.01011384,0.00029753,-0.00151223,-0.00164492,-0.00065115,-0.00463797
1.840,-0.07351035,0.76418377,2.32905980,-0.10957254,-0.03162161,-0.04044624,-0.09753119,-0.02814658,-0.03600145,-0.06341865,0.76387956,2.33061410,-0.10803976,-0.03105424,-0.03560109,-0.17741132,-22.77527271,-0.34593521,-0.51435245,-0.26096135,-0.06712080,-0.69176377,-23.03623405,-0.41305601,-0.69248551,-22.99390355,-0.38414380,-0.01009170,0.00030421,-0.00155430,-0.00153278,-0.00056737,-0.00484515
1.850,-0.07461096,0.76386614,2.32865353,-0.11054884,-0.03190336,-0.04080662,-0.09772924,-0.02820374,-0.03607455,-0.06454247,0.76355439,2.33025171,-0.10912546,-0.03141993,-0.03576063,-0.17793403,-22.78746503,-0.35080111,-0.51338168,-0.26194512,-0.06774861,-0.69131571,-23.04941016,-0.41854972,-0.69215415,-23.00683111,-0.38947727,-0.01006849,0.00031175,-0.00159818,-0.00142338,-0.00048343,-0.00504599
1.860,-0.07572134,0.76354570,2.32824366,-0.11152711,-0.03218568,-0.04116773,-0.09792417,-0.02825999,-0.03614651,-0.06567712,0.76322554,2.32988743,-0.11021034,-0.03178624,-0.03592739,-0.17845339,-22.79975698,-0.35570860,-0.51235560,-0.26285437,-0.06836728,-0.69080899,-23.06261135,-0.42407588,-0.69176377,-23.01979147,-0.39484217,-0.01004422,0.00032016,-0.00164377,-0.00131677,-0.00039944,-0.00524034
1.870,-0.07684151,0.76322243,2.32783018,-0.11250732,-0.03246855,-0.04152955,-0.09811598,-0.02831535,-0.03621731,-0.06682259,0.76289300,2.32952119,-0.11129429,-0.03215305,-0.03610152,-0.17896942,-22.81214915,-0.36065787,-0.51127569,-0.26368869,-0.06897615,-0.69024511,-23.07583785,-0.42963402,-0.69131571,-23.03278342,-0.40023776,-0.01001892,0.00032943,-0.00169101,-0.00121303,-0.00031550,-0.00542803
1.880,-0.07797149,0.76289632,2.32741307,-0.11348942,-0.03275198,-0.04189207,-0.09830469,-0.02836981,-0.03628697,-0.06797885,0.76255679,2.32915291,-0.11237722,-0.03252024,-0.03628314,-0.17948215,-22.82464191,-0.36564912,-0.51014335,-0.26444761,-0.06957460,-0.68962550,-23.08908952,-0.43522372,-0.69080899,-23.04580044,-0.40566188,-0.00999264,0.00033953,-0.00173984,-0.00111220,-0.00023174,-0.00560893
1.890,-0.07911130,0.76256738,2.32699233,-0.11447340,-0.03303595,-0.04225528,-0.09849029,-0.02842337,-0.03635548,-0.06914589,0.76221689,2.32878251,-0.11345905,-0.03288770,-0.03647236,-0.17999157,-22.83723486,-0.37068227,-0.50895862,-0.26512628,-0.07016100,-0.68895019,-23.10236114,-0.44084327,-0.69024511,-23.05884281,-0.41111400,-0.00996541,0.00035049,-0.00179018,-0.00101435,-0.00014825,-0.00578292
1.900,-0.08026096,0.76223560,2.32656796,-0.11545922,-0.03332045,-0.04261917,-0.09867281,-0.02847604,-0.03642285,-0.07032371,0.76187330,2.32840991,-0.11453968,-0.03325530,-0.03666929,-0.18049773,-22.84992827,-0.37575739,-0.50772263,-0.26572321,-0.07073440,-0.68822036,-23.11565148,-0.44649179,-0.68962550,-23.07191046,-0.41659370,-0.00993725,0.00036230,-0.00184195,-0.00091954,-0.00006515,-0.00594988
1.910,-0.08142049,0.76190097,2.32613995,-0.11644685,-0.03360547,-0.04298373,-0.09885224,-0.02852783,-0.03648908,-0.07151228,0.76152605,2.32803503,-0.11561903,-0.03362292,-0.03687399,-0.18100063,-22.86272242,-0.38087459,-0.50643696,-0.26623788,-0.07129414,-0.68743760,-23.12896029,-0.45216873,-0.68895019,-23.08499824,-0.42209922,-0.00990821,0.00037492,-0.00189508,-0.00082782,0.00001745,-0.00610974
1.920,-0.08258991,0.76156349,2.32570828,-0.11743625,-0.03389100,-0.04334895,-0.09902859,-0.02857872,-0.03655418,-0.07271159,0.76117512,2.32765779,-0.11669701,-0.03399044,-0.03708654,-0.18150027,-22.87561735,-0.38603400,-0.50510294,-0.26666914,-0.07183951,-0.68660321,-23.14228650,-0.45787352,-0.68822036,-23.09810497,-0.42762969,-0.00987832,0.00038837,-0.00194951,-0.00073924,0.00009944,-0.00626241
1.930,-0.08376922,0.76122315,2.32527296,-0.11842741,-0.03417704,-0.04371481,-0.09920187,-0.02862873,-0.03661814,-0.07392162,0.76082052,2.32727810,-0.11777354,-0.03435773,-0.03730700,-0.18199669,-22.88861325,-0.39123562,-0.50372117,-0.26701562,-0.07236955,-0.68571786,-23.15562886,-0.46360517,-0.68743760,-23.11123049,-0.43318455,-0.00984760,0.00040263,-0.00200514,-0.00065387,0.00018069,-0.00640781
1.940,-0.08495846,0.76087995,2.32483398,-0.11942028,-0.03446357,-0.04408131,-0.09937208,-0.02867785,-0.03668097,-0.07514235,0.76046227,2.32689590,-0.11884853,-0.03472467,-0.03753539,-0.18248988,-22.90171008,-0.39647949,-0.50229386,-0.26727633,-0.07288354,-0.68478373,-23.16898641,-0.46936303,-0.68660321,-23.12437376,-0.43876322,-0.00981611,0.00041768,-0.00206192,-0.00057175,0.00026110,-0.00654592
1.950,-0.08615763,0.76053388,2.32439134,-0.12041484,-0.03475059,-0.04444843,-0.09953925,-0.02872609,-0.03674267,-0.07637377,0.76010036,2.32651109,-0.11992191,-0.03509112,-0.03777176,-0.18297989,-22.91490809,-0.40176568,-0.50082202,-0.26745109,-0.07338084,-0.68380191,-23.18235917,-0.47514652,-0.68571786,-23.13753362,-0.44436473,-0.00978386,0.00043352,-0.00211975,-0.00049293,0.00034053,-0.00667667
1.960,-0.08736676,0.76018494,2.32394501,-0.12141105,-0.03503809,-0.04481616,-0.09970336,-0.02877345,-0.03680325,-0.07761586,0.75973482,2.32612360,-0.12099360,-0.03545697,-0.03801612,-0.18346670,-22.92820739,-0.40709438,-0.49930821,-0.26754072,-0.07386127,-0.68277491,-23.19574810,-0.48095565,-0.68478373,-23.15070916,-0.44998843,-0.00975090,0.00045012,-0.00217859,-0.00041745,0.00041888,-0.00680004
1.970,-0.08858586,0.75983312,2.32349501,-0.12240890,-0.03532606,-0.04518449,-0.09986444,-0.02881994,-0.03686271,-0.07886859,0.75936564,2.32573334,-0.12206352,-0.03582208,-0.03826846,-0.18395037,-22.94160808,-0.41246551,-0.49775376,-0.26754445,-0.07432398,-0.68170413,-23.20915253,-0.48678949,-0.68380191,-23.16390047,-0.45563378,-0.00971727,0.00046748,-0.00223833,-0.00034538,0.00049602,-0.00691603
1.980,-0.08981495,0.75947841,2.32304132,-0.12340833,-0.03561449,-0.04555341,-0.10002248,-0.02886555,-0.03692105,-0.08013195,0.75899285,2.32534025,-0.12313160,-0.03618632,-0.03852878,-0.18443086,-22.95511051,-0.41787927,-0.49616119,-0.26746435,-0.07476898,-0.68059205,-23.22257486,-0.49264825,-0.68277491,-23.17710857,-0.46130079,-0.00968300,0.00048556,-0.00229893,-0.00027673,0.00057183,-0.00702463
1.990,-0.09105403,0.75912082,2.32258394,-0.12440933,-0.03590337,-0.04592291,-0.10017750,-0.02891028,-0.03697827,-0.08140591,0.75861646,2.32494423,-0.12419777,-0.03654958,-0.03879705,-0.18490823,-22.96871429,-0.42333557,-0.49453093,-0.26729831,-0.07519532,-0.67943916,-23.23601260,-0.49853089,-0.68170413,-23.19033285,-0.46698856,-0.00964812,0.00050436,-0.00236029,-0.00021156,0.00064621,-0.00712586
2.000,-0.09230314,0.75876035,2.32212286,-0.12541187,-0.03619269,-0.04629297,-0.10032950,-0.02895415,-0.03703438,-0.08269046,0.75823648,2.32454521,-0.12526196,-0.03691173,-0.03907324,-0.18538247,-22.98241944,-0.42883447,-0.49286607,-0.26704715,-0.07560270,-0.67824854,-23.24946659,-0.50443717,-0.68059205,-23.20357577,-0.47269735,-0.00961268,0.00052387,-0.00242235,-0.00014991,0.00071904,-0.00721973
2.010,-0.09356228,0.75839697,2.32165808,-0.12641591,-0.03648245,-0.04666359,-0.10047849,-0.02899715,-0.03708937,-0.08398557,0.75785292,2.32414311,-0.12632411,-0.03727265,-0.03935730,-0.18585360,-22.99622674,-0.43437617,-0.49116936,-0.26671547,-0.07599159,-0.67702297,-23.26294220,-0.51036776,-0.67943916,-23.21683490,-0.47842614,-0.00957671,0.00054405,-0.00248503,-0.00009180,0.00079020,-0.00730629
2.020,-0.09483146,0.75803069,2.32118959,-0.12742143,-0.03677263,-0.04703476,-0.10062448,-0.02903928,-0.03714326,-0.08529121,0.75746581,2.32373787,-0.12738415,-0.03763221,-0.03964918,-0.18632164,-23.01013589,-0.43996065,-0.48944219,-0.26630259,-0.07636143,-0.67576383,-23.27643848,-0.51632208,-0.67824854,-23.23011114,-0.48417476,-0.00954025,0.00056488,-0.00254828,-0.00003728,0.00085958,-0.00738558
2.030,-0.09611071,0.75766152,2.32071738,-0.12842839,-0.03706323,-0.04740645,-0.10076747,-0.02908055,-0.03719605,-0.08660737,0.75707517,2.32332939,-0.12844204,-0.03799029,-0.03994882,-0.18678660,-23.02414660,-0.44558790,-0.48768687,-0.26580856,-0.07671180,-0.67447347,-23.28995516,-0.52229971,-0.67702297,-23.24340993,-0.48994390,-0.00950334,0.00058635,-0.00261201,0.00001365,0.00092706,-0.00745763
2.040,-0.09740003,0.75728943,2.32024146,-0.12943677,-0.03735424,-0.04777867,-0.10090748,-0.02912095,-0.03724773,-0.08793401,0.75668100,2.32291761,-0.12949770,-0.03834679,-0.04025612,-0.18724850,-23.03825957,-0.45125805,-0.48590635,-0.26523808,-0.07704320,-0.67315485,-23.30349765,-0.52830124,-0.67576383,-23.25673034,-0.49573305,-0.00946602,0.00060843,-0.00267615,0.00006093,0.00099255,-0.00752255
2.050,-0.09869945,0.75691443,2.31976181,-0.13044653,-0.03764564,-0.04815141,-0.10104450,-0.02916049,-0.03729831,-0.08927112,0.75628334,2.32250245,-0.13055109,-0.03870159,-0.04057102,-0.18770732,-23.05247457,-0.45697114,-0.48410333,-0.26459215,-0.07735550,-0.67181065,-23.31706673,-0.53432664,-0.67447347,-23.27007217,-0.50154185,-0.00942833,0.00063109,-0.00274064,0.00010456,0.00105595,-0.00758039
2.060,-0.10000897,0.75653651,2.31927843,-0.13145765,-0.03793744,-0.04852464,-0.10117856,-0.02919918,-0.03734779,-0.09061868,0.75588221,2.32208385,-0.13160216,-0.03905457,-0.04089342,-0.18816314,-23.06679185,-0.46272724,-0.48228005,-0.26387364,-0.07764887,-0.67044318,-23.33066549,-0.54037611,-0.67315485,-23.28344090,-0.50737094,-0.00939029,0.00065430,-0.00280542,0.00014451,0.00111713,-0.00763122
2.070,-0.10132861,0.75615568,2.31879131,-0.13247010,-0.03822962,-0.04889836,-0.10130965,-0.02923701,-0.03739618,-0.09197665,0.75547762,2.32166172,-0.13265087,-0.03940563,-0.04122320,-0.18861591,-23.08121105,-0.46852633,-0.48043875,-0.26308330,-0.07792313,-0.66905467,-23.34429435,-0.54644946,-0.67181065,-23.29683733,-0.51322036,-0.00935196,0.00067806,-0.00287041,0.00018077,0.00117601,-0.00767516
2.080,-0.10265838,0.75577192,2.31830046,-0.13348383,-0.03852218,-0.04927256,-0.10143778,-0.02927399,-0.03744347,-0.09334501,0.75506960,2.32123601,-0.13369718,-0.03975466,-0.04156027,-0.18906567,-23.09573263,-0.47436847,-0.47858245,-0.26222537,-0.07817872,-0.66764813,-23.35795800,-0.55254719,-0.67044318,-23.31026461,-0.51909038,-0.00931337,0.00070232,-0.00293555,0.00021335,0.00123248,-0.00771229
2.090,-0.10399829,0.75538523,2.31780586,-0.13449884,-0.03881510,-0.04964722,-0.10156296,-0.02931012,-0.03748968,-0.09472374,0.75465818,2.32080663,-0.13474105,-0.04010157,-0.04190450,-0.18951244,-23.11035664,-0.48025378,-0.47671397,-0.26130295,-0.07841601,-0.66622641,-23.37165959,-0.55866979,-0.66905467,-23.32372320,-0.52498087,-0.00927455,0.00072705,-0.00300077,0.00024221,0.00128647,-0.00774272
2.100,-0.10534836,0.75499562,2.31730751,-0.13551508,-0.03910838,-0.05002235,-0.10168520,-0.02934539,-0.03753481,-0.09611280,0.75424338,2.32037354,-0.13578244,-0.04044625,-0.04225576,-0.18995621,-23.12508268,-0.48618217,-0.47483555,-0.26031710,-0.07863489,-0.66479176,-23.38539979,-0.56481706,-0.66764813,-23.33721784,-0.53089241,-0.00923556,0.00075224,-0.00306603,0.00026736,0.00133787,-0.00776659
2.110,-0.10670859,0.75460307,2.31680541,-0.13653254,-0.03940201,-0.05039792,-0.10180451,-0.02937982,-0.03757884,-0.09751218,0.75382522,2.31993665,-0.13682132,-0.04078863,-0.04261393,-0.19039702,-23.13991127,-0.49215378,-0.47295027,-0.25927296,-0.07883607,-0.66334729,-23.39918424,-0.57098985,-0.66622641,-23.35075171,-0.53682558,-0.00919641,0.00077785,-0.00313124,0.00028878,0.00138662,-0.00778399
2.120,-0.10807901,0.75420758,2.31629955,-0.13755116,-0.03969597,-0.05077392,-0.10192088,-0.02941341,-0.03762180,-0.09892185,0.75340374,2.31949592,-0.13785768,-0.04112860,-0.04297886,-0.19083485,-23.15484240,-0.49816866,-0.47106150,-0.25817381,-0.07901997,-0.66189635,-23.41301621,-0.57718862,-0.66479176,-23.36432553,-0.54278024,-0.00915716,0.00080384,-0.00319637,0.00030652,0.00143263,-0.00779506
2.130,-0.10945962,0.75380915,2.31578993,-0.13857094,-0.03999027,-0.05115035,-0.10203434,-0.02944615,-0.03766368,-0.10034178,0.75297895,2.31905127,-0.13889148,-0.04146609,-0.04335040,-0.19126974,-23.16987595,-0.50422678,-0.46917157,-0.25702262,-0.07918690,-0.66044131,-23.42689857,-0.58341368,-0.66334729,-23.37794496,-0.54875733,-0.00911784,0.00083020,-0.00326134,0.00032054,0.00147582,-0.00779995
2.140,-0.11085043,0.75340777,2.31527654,-0.13959184,-0.04028489,-0.05152719,-0.10214489,-0.02947806,-0.03770449,-0.10177194,0.75255089,2.31860264,-0.13992272,-0.04180102,-0.04372841,-0.19170170,-23.18501222,-0.51032828,-0.46728363,-0.25582414,-0.07933763,-0.65898533,-23.44083636,-0.58966590,-0.66189635,-23.39161331,-0.55475740,-0.00907849,0.00085688,-0.00332610,0.00033088,0.00151613,-0.00779878
2.150,-0.11225146,0.75300345,2.31475939,-0.14061383,-0.04057983,-0.05190443,-0.10225253,-0.02950912,-0.03774422,-0.10321232,0.75211959,2.31814999,-0.14095138,-0.04213331,-0.04411274,-0.19213072,-23.20025072,-0.51647299,-0.46539996,-0.25457954,-0.07947204,-0.65753069,-23.45483026,-0.59594503,-0.66044131,-23.40533347,-0.56078083,-0.00903914,0.00088386,-0.00339060,0.00033755,0.00155348,-0.00779169
2.160,-0.11366271,0.75259617,2.31423845,-0.14163688,-0.04087507,-0.05228207,-0.10235728,-0.02953935,-0.03778289,-0.10466287,0.75168507,2.31769324,-0.14197744,-0.04246290,-0.04450321,-0.19255685,-23.21559220,-0.52266126,-0.46352441,-0.25329658,-0.07959171,-0.65608126,-23.46888878,-0.60225296,-0.65898533,-23.41911052,-0.56682859,-0.00899984,0.00091110,-0.00345479,0.00034056,0.00158783,-0.00777886
2.170,-0.11508420,0.75218594,2.31371374,-0.14266097,-0.04117061,-0.05266009,-0.10245913,-0.02956874,-0.03782049,-0.10612359,0.75124737,2.31723235,-0.14300091,-0.04278973,-0.04489967,-0.19298004,-23.23103608,-0.52889284,-0.46165913,-0.25197602,-0.07969639,-0.65463917,-23.48301210,-0.60858923,-0.65753069,-23.43294515,-0.57290051,-0.00896061,0.00093857,-0.00351861,0.00033994,0.00161912,-0.00776042
2.180,-0.11651594,0.75177276,2.31318525,-0.14368606,-0.04146645,-0.05303848,-0.10255811,-0.02959731,-0.03785702,-0.10759443,0.75080651,2.31676726,-0.14402179,-0.04311374,-0.04530194,-0.19340037,-23.24658240,-0.53516782,-0.45980691,-0.25062191,-0.07978677,-0.65320729,-23.49720431,-0.61495459,-0.65608126,-23.44684590,-0.57899857,-0.00892151,0.00096625,-0.00358201,0.00033573,0.00164729,-0.00773654
2.190,-0.11795793,0.75135661,2.31265297,-0.14471212,-0.04176256,-0.05341723,-0.10265421,-0.02962504,-0.03789249,-0.10907538,0.75036253,2.31629792,-0.14504007,-0.04343488,-0.04570987,-0.19381781,-23.26223166,-0.54148636,-0.45797110,-0.24924088,-0.07986409,-0.65178891,-23.51147254,-0.62135045,-0.65463917,-23.46081295,-0.58512242,-0.00888255,0.00099408,-0.00364495,0.00032795,0.00167232,-0.00770736
2.200,-0.11941018,0.75093751,2.31211691,-0.14573913,-0.04205894,-0.05379632,-0.10274744,-0.02965195,-0.03792691,-0.11056641,0.74991545,2.31582429,-0.14605577,-0.04375311,-0.04612326,-0.19423237,-23.27798315,-0.54784825,-0.45615305,-0.24783286,-0.07992805,-0.65038542,-23.52581602,-0.62777630,-0.65320729,-23.47485042,-0.59127287,-0.00884377,0.00102206,-0.00370738,0.00031664,0.00169417,-0.00767306
2.210,-0.12087271,0.75051543,2.31157705,-0.14676706,-0.04235559,-0.05417576,-0.10283781,-0.02967803,-0.03796027,-0.11206749,0.74946531,2.31534631,-0.14706890,-0.04406838,-0.04654195,-0.19464407,-23.29383776,-0.55425381,-0.45435801,-0.24640766,-0.07998067,-0.64900208,-23.54024543,-0.63423447,-0.65178891,-23.48896545,-0.59745144,-0.00880522,0.00105012,-0.00376926,0.00030184,0.00171279,-0.00763381
2.220,-0.12234553,0.75009039,2.31103339,-0.14779588,-0.04265250,-0.05455553,-0.10292533,-0.02970328,-0.03799257,-0.11357860,0.74901214,2.31486394,-0.14807947,-0.04438066,-0.04696575,-0.19505292,-23.30979481,-0.56070288,-0.45258744,-0.24496581,-0.08002187,-0.64764035,-23.55476063,-0.64072475,-0.65038542,-23.50315726,-0.60365772,-0.00876693,0.00107825,-0.00383055,0.00028359,0.00172816,-0.00758978
2.230,-0.12382863,0.74966238,2.31048593,-0.14882556,-0.04294966,-0.05493561,-0.10301001,-0.02972772,-0.03802383,-0.11509972,0.74855596,2.31437713,-0.14908751,-0.04468993,-0.04739449,-0.19545894,-23.32585453,-0.56719553,-0.45084344,-0.24351206,-0.08005248,-0.64630238,-23.56936660,-0.64724801,-0.64900208,-23.51743656,-0.60989412,-0.00872891,0.00110642,-0.00389120,0.00026195,0.00174027,-0.00754112
2.240,-0.12532204,0.74923140,2.30993468,-0.14985607,-0.04324705,-0.05531600,-0.10309185,-0.02975134,-0.03805404,-0.11663082,0.74809681,2.31388585,-0.15009304,-0.04499616,-0.04782798,-0.19586212,-23.34201672,-0.57373167,-0.44912922,-0.24204968,-0.08007299,-0.64499134,-23.58406640,-0.65380466,-0.64764035,-23.53180319,-0.61616052,-0.00869122,0.00113459,-0.00395117,0.00023697,0.00174911,-0.00748802
2.250,-0.12682576,0.74879744,2.30937961,-0.15088738,-0.04354468,-0.05569669,-0.10317086,-0.02977414,-0.03808320,-0.11817187,0.74763472,2.31339004,-0.15109609,-0.04529935,-0.04826604,-0.19626248,-23.35828178,-0.58031155,-0.44744810,-0.24058589,-0.08008497,-0.64371059,-23.59886767,-0.66039652,-0.64630238,-23.54626214,-0.62245791,-0.00865389,0.00116272,-0.00401043,0.00020871,0.00175467,-0.00743065
2.260,-0.12833979,0.74836051,2.30882074,-0.15191948,-0.04384253,-0.05607766,-0.10324705,-0.02979613,-0.03811133,-0.11972285,0.74716972,2.31288969,-0.15209668,-0.04559948,-0.04870848,-0.19666004,-23.37464919,-0.58693494,-0.44580112,-0.23912127,-0.08008830,-0.64246116,-23.61377046,-0.66702324,-0.64499134,-23.56081647,-0.62878676,-0.00861694,0.00119079,-0.00406895,0.00017720,0.00175695,-0.00736918
2.270,-0.12986415,0.74792059,2.30825806,-0.15295232,-0.04414060,-0.05645891,-0.10332042,-0.02981730,-0.03813841,-0.12128375,0.74670184,2.31238474,-0.15309487,-0.04589654,-0.04915512,-0.19705477,-23.39111948,-0.59360204,-0.44419240,-0.23766347,-0.08008454,-0.64124717,-23.62878295,-0.67368658,-0.64371059,-23.57547380,-0.63514900,-0.00858040,0.00121875,-0.00412668,0.00014255,0.00175594,-0.00730379
2.280,-0.13139884,0.74747769,2.30769156,-0.15398587,-0.04443888,-0.05684042,-0.10339099,-0.02983767,-0.03816446,-0.12285453,0.74623112,2.31187516,-0.15409068,-0.04619055,-0.04960578,-0.19744674,-23.40769236,-0.60031283,-0.44262346,-0.23621503,-0.08007420,-0.64007020,-23.64390739,-0.68038703,-0.64246116,-23.59023418,-0.64154437,-0.00854431,0.00124657,-0.00418360,0.00010481,0.00175167,-0.00723464
2.290,-0.13294387,0.74703181,2.30712125,-0.15502013,-0.04473735,-0.05722219,-0.10345876,-0.02985723,-0.03818948,-0.12443517,0.74575757,2.31136092,-0.15508417,-0.04648151,-0.05006027,-0.19783591,-23.42436763,-0.60706722,-0.44109652,-0.23477890,-0.08005775,-0.63893243,-23.65914653,-0.68712497,-0.64124717,-23.60510575,-0.64797472,-0.00850870,0.00127424,-0.00423967,0.00006404,0.00174416,-0.00716192
2.300,-0.13449924,0.74658295,2.30654712,-0.15605504,-0.04503602,-0.05760421,-0.10352374,-0.02987598,-0.03821346,-0.12602566,0.74528124,2.31084199,-0.15607537,-0.04676944,-0.05051840,-0.19822231,-23.44114525,-0.61386525,-0.43961346,-0.23335934,-0.08003610,-0.63783577,-23.67450459,-0.69390135,-0.64007020,-23.62009078,-0.65444062,-0.00847358,0.00130171,-0.00429487,0.00002033,0.00173342,-0.00708581
2.310,-0.13606497,0.74613109,2.30596917,-0.15709059,-0.04533487,-0.05798646,-0.10358593,-0.02989393,-0.03823642,-0.12762598,0.74480215,2.31031835,-0.15706434,-0.04705436,-0.05098000,-0.19860594,-23.45802571,-0.62070706,-0.43817805,-0.23196286,-0.08001055,-0.63678399,-23.68998857,-0.70071760,-0.63893243,-23.63519197,-0.66094257,-0.00843899,0.00132894,-0.00434918,-0.00002625,0.00171949,-0.00700646
2.320,-0.13764106,0.74567625,2.30538739,-0.15812675,-0.04563389,-0.05836893,-0.10364535,-0.02991107,-0.03825835,-0.12923609,0.74432033,2.30978995,-0.15805114,-0.04733629,-0.05144488,-0.19898681,-23.47500838,-0.62759254,-0.43679104,-0.23059037,-0.07998131,-0.63577785,-23.70559875,-0.70757385,-0.63783577,-23.65041354,-0.66748160,-0.00840497,0.00135592,-0.00440256,-0.00007561,0.00170240,-0.00692405
2.330,-0.13922751,0.74521841,2.30480179,-0.15916349,-0.04593309,-0.05875162,-0.10370199,-0.02992742,-0.03827926,-0.13085599,0.74383581,2.30925678,-0.15903583,-0.04761528,-0.05191286,-0.19936492,-23.49209367,-0.63452174,-0.43545496,-0.22924780,-0.07994954,-0.63481988,-23.72134147,-0.71447129,-0.63678399,-23.66576246,-0.67405921,-0.00837152,0.00138260,-0.00445499,-0.00012766,0.00168219,-0.00683876
2.340,-0.14082433,0.74475759,2.30421236,-0.16020078,-0.04623244,-0.05913452,-0.10375588,-0.02994297,-0.03829915,-0.13248565,0.74334861,2.30871882,-0.16001846,-0.04789135,-0.05238376,-0.19974030,-23.50928097,-0.64149459,-0.43417076,-0.22793574,-0.07991542,-0.63391106,-23.73721671,-0.72141002,-0.63577785,-23.68123896,-0.68067562,-0.00833868,0.00140898,-0.00450646,-0.00018232,0.00165891,-0.00675076
2.350,-0.14243153,0.74429376,2.30361909,-0.16123860,-0.04653194,-0.05951760,-0.10380701,-0.02995773,-0.03831802,-0.13412506,0.74285877,2.30817603,-0.16099909,-0.04816456,-0.05285740,-0.20011294,-23.52657110,-0.64851133,-0.43294221,-0.22666257,-0.07988075,-0.63305515,-23.75323367,-0.72839208,-0.63481988,-23.69684938,-0.68733213,-0.00830647,0.00143499,-0.00455694,-0.00023951,0.00163262,-0.00666020
2.360,-0.14404910,0.74382695,2.30302200,-0.16227691,-0.04683159,-0.05990087,-0.10385540,-0.02997169,-0.03833588,-0.13577420,0.74236631,2.30762841,-0.16197781,-0.04843495,-0.05333361,-0.20048285,-23.54396293,-0.65557160,-0.43176808,-0.22542549,-0.07984482,-0.63225093,-23.76938842,-0.73541642,-0.63391106,-23.71259364,-0.69402890,-0.00827490,0.00146064,-0.00460641,-0.00029910,0.00160336,-0.00656726
2.370,-0.14567707,0.74335713,2.30242108,-0.16331570,-0.04713138,-0.06028432,-0.10390104,-0.02998486,-0.03835273,-0.13743306,0.74187125,2.30707593,-0.16295467,-0.04870259,-0.05381221,-0.20085003,-23.56145730,-0.66267564,-0.43065296,-0.22423298,-0.07980950,-0.63150299,-23.78569028,-0.74248515,-0.63305515,-23.72848092,-0.70076806,-0.00824401,0.00148588,-0.00465485,-0.00036103,0.00157121,-0.00647211
2.380,-0.14731542,0.74288432,2.30181632,-0.16435492,-0.04743129,-0.06066792,-0.10394396,-0.02999725,-0.03836858,-0.13910161,0.74137363,2.30651858,-0.16392975,-0.04896752,-0.05429304,-0.20121452,-23.57905361,-0.66982339,-0.42959591,-0.22308470,-0.07977480,-0.63081043,-23.80213831,-0.74959819,-0.63225093,-23.74450726,-0.70754866,-0.00821381,0.00151069,-0.00470226,-0.00042517,0.00153623,-0.00637488
2.390,-0.14896417,0.74240850,2.30120772,-0.16539457,-0.04773132,-0.06105169,-0.10398415,-0.03000885,-0.03838341,-0.14077984,0.74087346,2.30595633,-0.16490313,-0.04922982,-0.05477592,-0.20157628,-23.59675227,-0.67701493,-0.42860030,-0.22198695,-0.07974208,-0.63017658,-23.81873922,-0.75675701,-0.63150299,-23.76068192,-0.71437287,-0.00818433,0.00153504,-0.00474861,-0.00049144,0.00149850,-0.00627577
2.400,-0.15062331,0.74192969,2.30059528,-0.16643460,-0.04803146,-0.06143559,-0.10402162,-0.03001966,-0.03839724,-0.14246774,0.74037078,2.30538918,-0.16587488,-0.04948956,-0.05526068,-0.20193534,-23.61455262,-0.68425012,-0.42766526,-0.22093872,-0.07971116,-0.62960059,-23.83549134,-0.76396128,-0.63081043,-23.77700393,-0.72124069,-0.00815557,0.00155891,-0.00479390,-0.00055972,0.00145810,-0.00617491
2.410,-0.15229286,0.74144788,2.29997901,-0.16747499,-0.04833171,-0.06181963,-0.10405639,-0.03002970,-0.03841008,-0.14416530,0.73986559,2.30481712,-0.16684509,-0.04974680,-0.05574717,-0.20229171,-23.63245479,-0.69152895,-0.42679303,-0.21994378,-0.07968282,-0.62908475,-23.85239857,-0.77121177,-0.63017658,-23.79347995,-0.72815369,-0.00812756,0.00158229,-0.00483811,-0.00062990,0.00141509,-0.00607246
2.420,-0.15397281,0.74096306,2.29935889,-0.16851572,-0.04863205,-0.06220379,-0.10408845,-0.03003895,-0.03842191,-0.14587250,0.73935793,2.30424012,-0.16781383,-0.05000164,-0.05623523,-0.20264538,-23.65045903,-0.69885157,-0.42598483,-0.21900669,-0.07965823,-0.62863021,-23.86946572,-0.77850979,-0.62960059,-23.81010827,-0.73511159,-0.00810031,0.00160513,-0.00488123,-0.00070189,0.00136959,-0.00596856
2.430,-0.15566317,0.74047523,2.29873493,-0.16955675,-0.04893248,-0.06258806,-0.10411782,-0.03004743,-0.03843275,-0.14758933,0.73884781,2.30365819,-0.16878119,-0.05025415,-0.05672468,-0.20299638,-23.66856521,-0.70621791,-0.42524150,-0.21812911,-0.07963771,-0.62823788,-23.88669432,-0.78585561,-0.62908475,-23.82689273,-0.74211525,-0.00807384,0.00162742,-0.00492326,-0.00077556,0.00132167,-0.00586338
2.440,-0.15736395,0.73998441,2.29810713,-0.17059806,-0.04923300,-0.06297244,-0.10414451,-0.03005513,-0.03844260,-0.14931578,0.73833526,2.30307132,-0.16974726,-0.05050442,-0.05721538,-0.20334470,-23.68677260,-0.71362780,-0.42456307,-0.21731023,-0.07962119,-0.62790777,-23.90408283,-0.79324899,-0.62863021,-23.84383811,-0.74916604,-0.00804817,0.00164915,-0.00496419,-0.00085080,0.00127142,-0.00575706
2.450,-0.15907514,0.73949057,2.29747548,-0.17163963,-0.04953358,-0.06335691,-0.10416851,-0.03006205,-0.03845146,-0.15105185,0.73782029,2.30247949,-0.17071211,-0.05075254,-0.05770718,-0.20369033,-23.70508201,-0.72108150,-0.42395123,-0.21655638,-0.07961013,-0.62764156,-23.92163839,-0.80069163,-0.62823788,-23.86094587,-0.75626432,-0.00802329,0.00167028,-0.00500401,-0.00092752,0.00121896,-0.00564973
2.460,-0.16079674,0.73899373,2.29683999,-0.17268143,-0.04983424,-0.06374147,-0.10418985,-0.03006821,-0.03845934,-0.15279752,0.73730292,2.30188271,-0.17167585,-0.05099860,-0.05819993,-0.20403332,-23.72349271,-0.72857877,-0.42340515,-0.21586593,-0.07960423,-0.62743846,-23.93935864,-0.80818300,-0.62790777,-23.87821443,-0.76340990,-0.00799922,0.00169081,-0.00504272,-0.00100558,0.00116436,-0.00554154
2.470,-0.16252876,0.73849389,2.29620065,-0.17372342,-0.05013495,-0.06412609,-0.10420852,-0.03007360,-0.03846623,-0.15455279,0.73678317,2.30128097,-0.17263856,-0.05124271,-0.05869349,-0.20437362,-23.74200463,-0.73611966,-0.42292548,-0.21524056,-0.07960399,-0.62729910,-23.95724519,-0.81572366,-0.62764156,-23.89565086,-0.77060456,-0.00797597,0.00171072,-0.00508032,-0.00108486,0.00110776,-0.00543260
2.480,-0.16427121,0.73799104,2.29555747,-0.17476559,-0.05043571,-0.06451079,-0.10422453,-0.03007822,-0.03847214,-0.15631765,0.73626106,2.30067426,-0.17360033,-0.05148497,-0.05918770,-0.20471127,-23.76061785,-0.74370415,-0.42251335,-0.21468288,-0.07961002,-0.62722462,-23.97530073,-0.82331417,-0.62743846,-23.91325277,-0.77784784,-0.00795356,0.00172998,-0.00511679,-0.00116526,0.00104926,-0.00532309
2.490,-0.16602408,0.73748517,2.29491043,-0.17580790,-0.05073651,-0.06489553,-0.10423789,-0.03008208,-0.03847708,-0.15809209,0.73573659,2.30006260,-0.17456126,-0.05172548,-0.05968243,-0.20504625,-23.77933269,-0.75133241,-0.42216911,-0.21419635,-0.07962326,-0.62721537,-23.99352904,-0.83095566,-0.62729910,-23.93102169,-0.78514034,-0.00793199,0.00174858,-0.00515217,-0.00124664,0.00098897,-0.00521310
2.500,-0.16778737,0.73697631,2.29425956,-0.17685034,-0.05103735,-0.06528033,-0.10424862,-0.03008517,-0.03848103,-0.15987611,0.73520978,2.29944597,-0.17552143,-0.05196434,-0.06017755,-0.20537860,-23.79814794,-0.75900400,-0.42189058,-0.21377571,-0.07964254,-0.62726918,-24.01192366,-0.83864655,-0.62722462,-23.94896027,-0.79248271,-0.00791126,0.00176653,-0.00518641,-0.00132891,0.00092699,-0.00510278
2.510,-0.16956108,0.73646443,2.29360483,-0.17789286,-0.05133821,-0.06566515,-0.10425671,-0.03008751,-0.03848402,-0.16166970,0.73468064,2.29882438,-0.17648093,-0.05220166,-0.06067293,-0.20570830,-23.81706458,-0.76671932,-0.42167955,-0.21342774,-0.07966959,-0.62738785,-24.03049231,-0.84638891,-0.62721537,-23.96707222,-0.79987613,-0.00789138,0.00178379,-0.00521955,-0.00141193,0.00086345,-0.00499222
2.520,-0.17134523,0.73594954,2.29294625,-0.17893546,-0.05163909,-0.06605000,-0.10426217,-0.03008908,-0.03848604,-0.16347287,0.73414919,2.29819783,-0.17743987,-0.05243756,-0.06116843,-0.20603535,-23.83608207,-0.77447819,-0.42153618,-0.21315146,-0.07970428,-0.62757152,-24.04923353,-0.85418247,-0.62726918,-23.98535103,-0.80731908,-0.00787236,0.00180035,-0.00525158,-0.00149559,0.00079847,-0.00488157
2.530,-0.17313979,0.73543165,2.29228383,-0.17997810,-0.05193999,-0.06643487,-0.10426502,-0.03008990,-0.03848709,-0.16528560,0.73361543,2.29756632,-0.17839834,-0.05267214,-0.06166393,-0.20635977,-23.85519997,-0.78228046,-0.42145779,-0.21294470,-0.07974622,-0.62781756,-24.06814467,-0.86202668,-0.62738785,-24.00380437,-0.81481370,-0.00785419,0.00181622,-0.00528249,-0.00157976,0.00073215,-0.00477094
2.540,-0.17494479,0.73491074,2.29161756,-0.18102075,-0.05224089,-0.06681974,-0.10426525,-0.03008997,-0.03848717,-0.16710791,0.73307937,2.29692987,-0.17935642,-0.05290552,-0.06215931,-0.20668154,-23.87441879,-0.79012630,-0.42144653,-0.21281159,-0.07979646,-0.62812806,-24.08723038,-0.86992276,-0.62757152,-24.02243069,-0.82235975,-0.00783688,0.00183137,-0.00531231,-0.00166433,0.00066463,-0.00466043
2.550,-0.17676021,0.73438683,2.29094743,-0.18206340,-0.05254179,-0.06720461,-0.10426288,-0.03008929,-0.03848630,-0.16893979,0.73254103,2.29628847,-0.18031421,-0.05313781,-0.06265445,-0.20700068,-23.89373789,-0.79801561,-0.42150012,-0.21274969,-0.07985471,-0.62850080,-24.10648758,-0.87787033,-0.62781756,-24.04122732,-0.82995675,-0.00782042,0.00184580,-0.00534104,-0.00174919,0.00059602,-0.00455016
2.560,-0.17858606,0.73385991,2.29027346,-0.18310600,-0.05284267,-0.06758946,-0.10425792,-0.03008786,-0.03848447,-0.17078123,0.73200039,2.29564213,-0.18127181,-0.05336914,-0.06314923,-0.20731721,-23.91315729,-0.80594831,-0.42161820,-0.21275900,-0.07992098,-0.62893541,-24.12591629,-0.88586929,-0.62812806,-24.06019882,-0.83760598,-0.00780483,0.00185952,-0.00536867,-0.00183419,0.00052647,-0.00444023
2.570,-0.18042233,0.73332997,2.28959564,-0.18414855,-0.05314354,-0.06797430,-0.10425037,-0.03008568,-0.03848168,-0.17263225,0.73145748,2.29499087,-0.18222930,-0.05359961,-0.06364354,-0.20763110,-23.93267720,-0.81392449,-0.42180057,-0.21284170,-0.07999594,-0.62943166,-24.14551890,-0.89392043,-0.62850080,-24.07934207,-0.84530708,-0.00779008,0.00187249,-0.00539523,-0.00191925,0.00045607,-0.00433076
2.580,-0.18226903,0.73279704,2.28891398,-0.18519100,-0.05344438,-0.06835909,-0.10424023,-0.03008275,-0.03847794,-0.17449284,0.73091230,2.29433468,-0.18318678,-0.05382935,-0.06413728,-0.20794234,-23.95229656,-0.82194386,-0.42204468,-0.21299192,-0.08007844,-0.62998702,-24.16528847,-0.90202230,-0.62893541,-24.09865701,-0.85306004,-0.00777619,0.00188474,-0.00542070,-0.00200422,0.00038497,-0.00422181
2.590,-0.18412615,0.73226109,2.28822846,-0.18623334,-0.05374519,-0.06874385,-0.10422752,-0.03007908,-0.03847325,-0.17636301,0.73036484,2.29367359,-0.18414434,-0.05405846,-0.06463034,-0.20825097,-23.97201624,-0.83000672,-0.42235136,-0.21321510,-0.08016992,-0.63060234,-24.18523134,-0.91017663,-0.62943166,-24.11814599,-0.86086568,-0.00776314,0.00189625,-0.00544513,-0.00208900,0.00031327,-0.00411351
2.600,-0.18599369,0.73172213,2.28753910,-0.18727554,-0.05404596,-0.06912856,-0.10421225,-0.03007468,-0.03846761,-0.17824277,0.72981511,2.29300760,-0.18510206,-0.05428707,-0.06512261,-0.20855700,-23.99183571,-0.83811284,-0.42271852,-0.21350764,-0.08026964,-0.63127552,-24.20534335,-0.91838248,-0.62998702,-24.13780202,-0.86872258,-0.00775092,0.00190702,-0.00546850,-0.00217348,0.00024111,-0.00400595
2.610,-0.18787166,0.73118017,2.28684589,-0.18831758,-0.05434668,-0.06951320,-0.10419442,-0.03006953,-0.03846103,-0.18013210,0.72926311,2.29233671,-0.18606004,-0.05451530,-0.06561400,-0.20886039,-24.01175456,-0.84626220,-0.42314518,-0.21386788,-0.08037748,-0.63200557,-24.22562244,-0.92663967,-0.63060234,-24.15763135,-0.87663255,-0.00773956,0.00191706,-0.00549082,-0.00225754,0.00016862,-0.00389920
2.620,-0.18976004,0.73063520,2.28614884,-0.18935942,-0.05464735,-0.06989777,-0.10417403,-0.03006365,-0.03845350,-0.18203104,0.72870884,2.29166096,-0.18701835,-0.05474326,-0.06610442,-0.20916116,-24.03177291,-0.85445475,-0.42362944,-0.21429552,-0.08049347,-0.63279059,-24.24606843,-0.93494823,-0.63127552,-24.17762979,-0.88459466,-0.00772900,0.00192636,-0.00551212,-0.00234107,0.00009591,-0.00379335
2.630,-0.19165885,0.73008722,2.28544794,-0.19040105,-0.05494795,-0.07028227,-0.10415111,-0.03005703,-0.03844504,-0.18393957,0.72815230,2.29098034,-0.18797710,-0.05497106,-0.06659376,-0.20945932,-24.05189068,-0.86269055,-0.42417127,-0.21479032,-0.08061781,-0.63363059,-24.26668100,-0.94330836,-0.63200557,-24.19779521,-0.89260878,-0.00771928,0.00193492,-0.00553240,-0.00242395,0.00002311,-0.00368851
2.640,-0.19356806,0.72953624,2.28474319,-0.19144244,-0.05524849,-0.07066667,-0.10412565,-0.03004968,-0.03843564,-0.18585771,0.72759347,2.29029487,-0.18893635,-0.05519882,-0.06708194,-0.20975486,-24.07210744,-0.87096948,-0.42476733,-0.21534916,-0.08074998,-0.63452220,-24.28745660,-0.95171946,-0.63279059,-24.21812739,-0.90067498,-0.00771035,0.00194277,-0.00555168,-0.00250609,-0.00004967,-0.00358473
2.650,-0.19548769,0.72898225,2.28403460,-0.19248355,-0.05554895,-0.07105098,-0.10409765,-0.03004160,-0.03842531,-0.18778547,0.72703237,2.28960458,-0.18989619,-0.05542665,-0.06756887,-0.21004777,-24.09242327,-0.87929151,-0.42541738,-0.21597176,-0.08089006,-0.63546515,-24.30839504,-0.96018158,-0.63363059,-24.23862593,-0.90879352,-0.00770222,0.00194988,-0.00556998,-0.00258736,-0.00012230,-0.00348211
2.660,-0.19741773,0.72842526,2.28332217,-0.19352438,-0.05584932,-0.07143517,-0.10406714,-0.03003280,-0.03841405,-0.18972285,0.72646899,2.28890946,-0.19085670,-0.05565466,-0.06805448,-0.21033808,-24.11283776,-0.88765656,-0.42611899,-0.21665485,-0.08103752,-0.63645707,-24.32949262,-0.96869407,-0.63452220,-24.25928725,-0.91696382,-0.00769488,0.00195627,-0.00558729,-0.00266768,-0.00019466,-0.00338069
2.670,-0.19935818,0.72786527,2.28260590,-0.19456489,-0.05614960,-0.07181925,-0.10403412,-0.03002327,-0.03840186,-0.19166987,0.72590331,2.28820955,-0.19181796,-0.05588296,-0.06853867,-0.21062578,-24.13335075,-0.89606457,-0.42687062,-0.21739704,-0.08119223,-0.63749640,-24.35074779,-0.97725680,-0.63546515,-24.28011110,-0.92518596,-0.00768831,0.00196196,-0.00560365,-0.00274693,-0.00026664,-0.00328058
2.680,-0.20130903,0.72730227,2.28188579,-0.19560505,-0.05644978,-0.07220321,-0.10399859,-0.03001302,-0.03838874,-0.19362653,0.72533533,2.28750486,-0.19278004,-0.05611167,-0.06902137,-0.21091085,-24.15396238,-0.90451559,-0.42767068,-0.21819794,-0.08135431,-0.63858153,-24.37216032,-0.98586990,-0.63645707,-24.30109372,-0.93345934,-0.00768250,0.00196694,-0.00561907,-0.00282501,-0.00033811,-0.00318184
2.690,-0.20327028,0.72673627,2.28116184,-0.19664485,-0.05674986,-0.07258703,-0.10396056,-0.03000204,-0.03837470,-0.19559285,0.72476504,2.28679540,-0.19374302,-0.05634088,-0.06950250,-0.21119330,-24.17467222,-0.91300951,-0.42851708,-0.21905433,-0.08152324,-0.63971038,-24.39372655,-0.99453275,-0.63749640,-24.32223353,-0.94178385,-0.00767743,0.00197123,-0.00563356,-0.00290183,-0.00040898,-0.00308453
2.700,-0.20524193,0.72616727,2.28043405,-0.19768426,-0.05704982,-0.07297070,-0.10392004,-0.02999035,-0.03835975,-0.19756884,0.72419244,2.28608119,-0.19470697,-0.05657069,-0.06998200,-0.21147315,-24.19548013,-0.92154631,-0.42940804,-0.21996413,-0.08169876,-0.64088119,-24.41544426,-1.00324507,-0.63858153,-24.34353025,-0.95015966,-0.00767309,0.00197483,-0.00564714,-0.00297729,-0.00047913,-0.00298870
2.710,-0.20722396,0.72559527,2.27970242,-0.19872324,-0.05734966,-0.07335422,-0.10387704,-0.02997794,-0.03834387,-0.19955451,0.72361752,2.28536226,-0.19567194,-0.05680122,-0.07045978,-0.21175037,-24.21638597,-0.93012594,-0.43034081,-0.22092519,-0.08188060,-0.64209118,-24.43731116,-1.01200654,-0.63971038,-24.36498015,-0.95858618,-0.00766945,0.00197775,-0.00565984,-0.00305130,-0.00054844,-0.00289444
2.720,-0.20921639,0.72502028,2.27896696,-0.19976179,-0.05764938,-0.07373757,-0.10383156,-0.02996481,-0.03832709,-0.20154987,0.72304025,2.28463862,-0.19663802,-0.05703254,-0.07093579,-0.21202497,-24.23738921,-0.93874823,-0.43131401,-0.22193374,-0.08206808,-0.64333898,-24.45932295,-1.02081631,-0.64088119,-24.38658099,-0.96706316,-0.00766652,0.00198003,-0.00567166,-0.00312377,-0.00061684,-0.00280178
2.730,-0.21121920,0.72444229,2.27822767,-0.20079987,-0.05794896,-0.07412076,-0.10378361,-0.02995098,-0.03830939,-0.20355494,0.72246064,2.28391030,-0.19760526,-0.05726477,-0.07140996,-0.21229695,-24.25849003,-0.94741322,-0.43232526,-0.22298877,-0.08226118,-0.64462221,-24.48147880,-1.02967440,-0.64209118,-24.40833043,-0.97559031,-0.00766426,0.00198165,-0.00568263,-0.00319461,-0.00068419,-0.00271080
2.740,-0.21323239,0.72386130,2.27748455,-0.20183745,-0.05824839,-0.07450376,-0.10373321,-0.02993643,-0.03829078,-0.20556973,0.72187866,2.28317731,-0.19857372,-0.05749799,-0.07188222,-0.21256632,-24.27968825,-0.95612087,-0.43337265,-0.22408795,-0.08245958,-0.64593897,-24.50377620,-1.03858045,-0.64333898,-24.43022413,-0.98416681,-0.00766266,0.00198264,-0.00569276,-0.00326373,-0.00075040,-0.00262154
2.750,-0.21525595,0.72327732,2.27673760,-0.20287452,-0.05854768,-0.07488657,-0.10368035,-0.02992117,-0.03827127,-0.20759426,0.72129431,2.28243968,-0.19954346,-0.05773229,-0.07235252,-0.21283306,-24.30098343,-0.96487107,-0.43445350,-0.22522776,-0.08266273,-0.64728656,-24.52621119,-1.04753379,-0.64462221,-24.45226121,-0.99279270,-0.00766169,0.00198301,-0.00570208,-0.00333106,-0.00081539,-0.00253405
2.760,-0.21728987,0.72269035,2.27598682,-0.20391105,-0.05884681,-0.07526918,-0.10362504,-0.02990521,-0.03825085,-0.20962854,0.72070757,2.28169742,-0.20051452,-0.05796775,-0.07282079,-0.21309717,-24.32237544,-0.97366378,-0.43556535,-0.22640557,-0.08287024,-0.64866252,-24.54878100,-1.05653402,-0.64593897,-24.47443913,-1.00146765,-0.00766133,0.00198278,-0.00571060,-0.00339653,-0.00087906,-0.00244839
2.770,-0.21933416,0.72210038,2.27523221,-0.20494702,-0.05914578,-0.07565158,-0.10356730,-0.02988855,-0.03822954,-0.21167258,0.72011842,2.28095056,-0.20148697,-0.05820446,-0.07328698,-0.21335866,-24.34386441,-0.98249905,-0.43670740,-0.22762090,-0.08308220,-0.65006607,-24.57148531,-1.06558125,-0.64728656,-24.49675390,-1.01019101,-0.00766158,0.00198196,-0.00571835,-0.00346005,-0.00094132,-0.00236460
2.780,-0.22138881,0.72150743,2.27447379,-0.20598239,-0.05944458,-0.07603377,-0.10350712,-0.02987118,-0.03820733,-0.21372640,0.71952685,2.28019913,-0.20246085,-0.05844248,-0.07375104,-0.21361751,-24.36544945,-0.99137655,-0.43787566,-0.22886694,-0.08329725,-0.65149317,-24.59431639,-1.07467380,-0.64866252,-24.51920272,-1.01896241,-0.00766241,0.00198058,-0.00572534,-0.00352154,-0.00100210,-0.00228273
2.790,-0.22345381,0.72091149,2.27371154,-0.20701715,-0.05974320,-0.07641573,-0.10344453,-0.02985312,-0.03818422,-0.21579003,0.71893285,2.27944315,-0.20343620,-0.05868191,-0.07421292,-0.21387375,-24.38713087,-1.00029645,-0.43906876,-0.23014392,-0.08351572,-0.65294251,-24.61727479,-1.08381217,-0.65006607,-24.54178522,-1.02778198,-0.00766378,0.00197864,-0.00573161,-0.00358095,-0.00106129,-0.00220281
2.800,-0.22552915,0.72031257,2.27294547,-0.20805127,-0.06004164,-0.07679745,-0.10337951,-0.02983436,-0.03816022,-0.21786346,0.71833640,2.27868263,-0.20441306,-0.05892280,-0.07467256,-0.21412733,-24.40890812,-1.00925858,-0.44028357,-0.23144726,-0.08373677,-0.65441089,-24.64035538,-1.09299535,-0.65149317,-24.56449365,-1.03664806,-0.00766569,0.00197617,-0.00573716,-0.00363821,-0.00111884,-0.00212489
2.810,-0.22761483,0.71971066,2.27217559,-0.20908473,-0.06033989,-0.07717893,-0.10331209,-0.02981490,-0.03813534,-0.21994673,0.71773747,2.27791761,-0.20539147,-0.05916522,-0.07512992,-0.21437828,-24.43078128,-1.01826290,-0.44151852,-0.23277553,-0.08396023,-0.65589680,-24.66355681,-1.10222313,-0.65294251,-24.58732854,-1.04556118,-0.00766810,0.00197319,-0.00574202,-0.00369326,-0.00117467,-0.00204901
2.820,-0.22971085,0.71910577,2.27140190,-0.21011751,-0.06063794,-0.07756015,-0.10324227,-0.02979475,-0.03810956,-0.22203984,0.71713606,2.27714811,-0.20637146,-0.05940924,-0.07558494,-0.21462659,-24.45274991,-1.02730929,-0.44277118,-0.23412475,-0.08418544,-0.65739777,-24.68687466,-1.11149473,-0.65441089,-24.61028474,-1.05452034,-0.00767101,0.00196971,-0.00574621,-0.00374605,-0.00122870,-0.00197521
2.830,-0.23181718,0.71849790,2.27062439,-0.21114957,-0.06093578,-0.07794112,-0.10317006,-0.02977391,-0.03808291,-0.22414282,0.71653214,2.27637416,-0.20735307,-0.05965491,-0.07603760,-0.21487226,-24.47481391,-1.03639778,-0.44403836,-0.23549282,-0.08441220,-0.65891062,-24.71030673,-1.12080998,-0.65589680,-24.63336086,-1.06352534,-0.00767436,0.00196576,-0.00574977,-0.00379650,-0.00128087,-0.00190352
2.840,-0.23393383,0.71788706,2.26984307,-0.21218090,-0.06123341,-0.07832181,-0.10309546,-0.02975238,-0.03805537,-0.22625568,0.71592570,2.27559577,-0.20833632,-0.05990228,-0.07648784,-0.21511527,-24.49697276,-1.04552821,-0.44531800,-0.23687542,-0.08463970,-0.66043327,-24.73384818,-1.13016791,-0.65739777,-24.65655246,-1.07257544,-0.00767815,0.00196136,-0.00575270,-0.00384458,-0.00133113,-0.00183397
2.850,-0.23606080,0.71727324,2.26905795,-0.21321147,-0.06153083,-0.07870222,-0.10301849,-0.02973017,-0.03802696,-0.22837844,0.71531671,2.27481298,-0.20932123,-0.06015141,-0.07693563,-0.21535565,-24.51922655,-1.05470052,-0.44660861,-0.23827128,-0.08486782,-0.66196426,-24.75749783,-1.13956834,-0.65891062,-24.67985734,-1.08167048,-0.00768236,0.00195653,-0.00575503,-0.00389024,-0.00137942,-0.00176659
2.860,-0.23819806,0.71665644,2.26826903,-0.21424126,-0.06182802,-0.07908235,-0.10293914,-0.02970727,-0.03799767,-0.23051112,0.71470516,2.27402581,-0.21030783,-0.06040233,-0.07738093,-0.21559335,-24.54157507,-1.06391467,-0.44790687,-0.23967755,-0.08509613,-0.66350022,-24.78125262,-1.14901080,-0.66043327,-24.70327062,-1.09080950,-0.00768694,0.00195128,-0.00575678,-0.00393343,-0.00142569,-0.00170142
2.870,-0.24034562,0.71603668,2.26747631,-0.21527025,-0.06212497,-0.07946217,-0.10285743,-0.02968369,-0.03796751,-0.23265373,0.71409102,2.27323429,-0.21129612,-0.06065510,-0.07782370,-0.21582839,-24.56401761,-1.07317048,-0.44921040,-0.24108896,-0.08532368,-0.66503879,-24.80510657,-1.15849416,-0.66196426,-24.72679113,-1.09999234,-0.00769189,0.00194566,-0.00575798,-0.00397413,-0.00146987,-0.00163847
2.880,-0.24250346,0.71541394,2.26667979,-0.21629840,-0.06242169,-0.07984169,-0.10277336,-0.02965943,-0.03793648,-0.23480629,0.71347429,2.27243845,-0.21228614,-0.06090974,-0.07826390,-0.21606076,-24.58655457,-1.08246805,-0.45051754,-0.24250642,-0.08555087,-0.66657830,-24.82906099,-1.16801891,-0.66350022,-24.75041579,-1.10921854,-0.00769717,0.00193965,-0.00575866,-0.00401226,-0.00151195,-0.00157779
2.890,-0.24467158,0.71478824,2.26587948,-0.21732571,-0.06271816,-0.08022090,-0.10268695,-0.02963449,-0.03790458,-0.23696882,0.71285493,2.27163830,-0.21327787,-0.06116629,-0.07870151,-0.21629047,-24.60918515,-1.09180712,-0.45182538,-0.24392396,-0.08577653,-0.66811585,-24.85310911,-1.17758365,-0.66503879,-24.77413860,-1.11848700,-0.00770276,0.00193331,-0.00575882,-0.00404784,-0.00155187,-0.00151939
2.900,-0.24684997,0.71415958,2.26507537,-0.21835213,-0.06301437,-0.08059978,-0.10259820,-0.02960888,-0.03787182,-0.23914134,0.71223293,2.27083389,-0.21427134,-0.06142478,-0.07913649,-0.21651750,-24.63190927,-1.10118773,-0.45313178,-0.24533984,-0.08600054,-0.66964928,-24.87724911,-1.18718827,-0.66657830,-24.79796087,-1.12779820,-0.00770863,0.00192665,-0.00575852,-0.00408079,-0.00158959,-0.00146329
2.910,-0.24903862,0.71352796,2.26426748,-0.21937766,-0.06331033,-0.08097833,-0.10250711,-0.02958259,-0.03783820,-0.24132386,0.71160826,2.27002523,-0.21526653,-0.06168523,-0.07956881,-0.21674183,-24.65472658,-1.11060968,-0.45443442,-0.24675098,-0.08622230,-0.67117626,-24.90147756,-1.19683199,-0.66811585,-24.82187583,-1.13715076,-0.00771476,0.00191970,-0.00575775,-0.00411113,-0.00162510,-0.00140952
2.920,-0.25123753,0.71289337,2.26345581,-0.22040227,-0.06360602,-0.08135654,-0.10241370,-0.02955563,-0.03780372,-0.24351640,0.71098091,2.26921236,-0.21626346,-0.06194766,-0.07999845,-0.21696349,-24.67763723,-1.12007301,-0.45573216,-0.24815677,-0.08644187,-0.67269564,-24.92579400,-1.20651488,-0.66964928,-24.84588164,-1.14654459,-0.00772113,0.00191246,-0.00575655,-0.00413881,-0.00165836,-0.00135809
2.930,-0.25344667,0.71225584,2.26264035,-0.22142593,-0.06390144,-0.08173440,-0.10231797,-0.02952801,-0.03776838,-0.24571898,0.71035086,2.26839530,-0.21726212,-0.06221208,-0.08042538,-0.21718245,-24.70064027,-1.12957753,-0.45702058,-0.24955104,-0.08665816,-0.67420303,-24.95019131,-1.21623569,-0.67117626,-24.86997489,-1.15597891,-0.00772769,0.00190498,-0.00575495,-0.00416381,-0.00168936,-0.00130902
2.940,-0.25566604,0.71161535,2.26182112,-0.22244862,-0.06419658,-0.08211191,-0.10221994,-0.02949971,-0.03773219,-0.24793162,0.70971808,2.26757407,-0.21826249,-0.06247850,-0.08084957,-0.21739872,-24.72373593,-1.13912318,-0.45829887,-0.25093380,-0.08687124,-0.67569758,-24.97466974,-1.22599442,-0.67269564,-24.89415511,-1.16545381,-0.00773442,0.00189727,-0.00575295,-0.00418613,-0.00171808,-0.00126234
2.950,-0.25789564,0.71097191,2.26099811,-0.22347032,-0.06449143,-0.08248904,-0.10211960,-0.02947076,-0.03769515,-0.25015433,0.70908256,2.26674872,-0.21926457,-0.06274693,-0.08127100,-0.21761227,-24.74692386,-1.14870993,-0.45956525,-0.25230234,-0.08708075,-0.67717752,-24.99922620,-1.23579069,-0.67420303,-24.91841519,-1.17496803,-0.00774131,0.00188935,-0.00575061,-0.00420575,-0.00174450,-0.00121804
2.960,-0.26013544,0.71032552,2.26017134,-0.22449100,-0.06478599,-0.08286581,-0.10201696,-0.02944114,-0.03765727,-0.25238712,0.70844427,2.26591927,-0.22026835,-0.06301738,-0.08168966,-0.21782311,-24.77020373,-1.15833759,-0.46081649,-0.25365355,-0.08728611,-0.67863959,-25.02385728,-1.24562370,-0.67569758,-24.94275538,-1.18452161,-0.00774832,0.00188125,-0.00574793,-0.00422265,-0.00176861,-0.00117615
2.970,-0.26238545,0.70967619,2.25934080,-0.22551065,-0.06508026,-0.08324219,-0.10191204,-0.02941086,-0.03761854,-0.25463003,0.70780320,2.26508573,-0.22127380,-0.06328984,-0.08210551,-0.21803123,-24.79357514,-1.16800611,-0.46205155,-0.25498524,-0.08748706,-0.68008279,-25.04856038,-1.25549317,-0.67717752,-24.96717259,-1.19411414,-0.00775542,0.00187299,-0.00574493,-0.00423685,-0.00179042,-0.00113668
2.980,-0.26464565,0.70902391,2.25850650,-0.22652924,-0.06537421,-0.08361818,-0.10180483,-0.02937992,-0.03757897,-0.25688305,0.70715932,2.26424816,-0.22228091,-0.06356430,-0.08251855,-0.21823661,-24.81703813,-1.17771544,-0.46326838,-0.25629626,-0.08768346,-0.68150499,-25.07333439,-1.26539891,-0.67863959,-24.99166343,-1.20374487,-0.00776260,0.00186459,-0.00574166,-0.00424833,-0.00180991,-0.00109963
2.990,-0.26691603,0.70836870,2.25766844,-0.22754674,-0.06566785,-0.08399376,-0.10169536,-0.02934832,-0.03753855,-0.25914621,0.70651262,2.26340656,-0.22328966,-0.06384076,-0.08292876,-0.21843927,-24.84059197,-1.18746540,-0.46446427,-0.25758227,-0.08787457,-0.68290354,-25.09817425,-1.27533997,-0.68008279,-25.01622531,-1.21341348,-0.00776982,0.00185608,-0.00573812,-0.00425708,-0.00182709,-0.00106500
3.000,-0.26919658,0.70771056,2.25682662,-0.22856314,-0.06596117,-0.08436894,-0.10158362,-0.02931608,-0.03749731,-0.26141952,0.70586307,2.26256098,-0.22430000,-0.06411920,-0.08333612,-0.21863918,-24.86423650,-1.19725594,-0.46563774,-0.25884205,-0.08806029,-0.68427692,-25.12307855,-1.28531623,-0.68150499,-25.04085713,-1.22311981,-0.00777706,0.00184749,-0.00573436,-0.00426314,-0.00184197,-0.00103282
3.010,-0.27148729,0.70704948,2.25598106,-0.22957841,-0.06625417,-0.08474371,-0.10146962,-0.02928318,-0.03745523,-0.26370299,0.70521067,2.26171144,-0.22531192,-0.06439961,-0.08374062,-0.21883634,-24.88797166,-1.20708693,-0.46678732,-0.26007466,-0.08824047,-0.68562366,-25.14804632,-1.29532739,-0.68290354,-25.06555384,-1.23286292,-0.00778430,0.00183881,-0.00573038,-0.00426649,-0.00185456,-0.00100309
3.020,-0.27378815,0.70638548,2.25513175,-0.23059252,-0.06654684,-0.08511805,-0.10135337,-0.02924963,-0.03741232,-0.26599665,0.70455538,2.26085797,-0.22632538,-0.06468195,-0.08414224,-0.21903074,-24.91179678,-1.21695825,-0.46791066,-0.26127646,-0.08841454,-0.68694140,-25.17307324,-1.30537279,-0.68427692,-25.09031406,-1.24264267,-0.00779150,0.00183010,-0.00572622,-0.00426714,-0.00186489,-0.00097581
3.030,-0.27609914,0.70571855,2.25427870,-0.23160547,-0.06683916,-0.08549195,-0.10123488,-0.02921544,-0.03736858,-0.26830051,0.70389719,2.26000060,-0.22734035,-0.06496622,-0.08454099,-0.21922237,-24.93571189,-1.22686987,-0.46900626,-0.26244700,-0.08858251,-0.68822863,-25.19815889,-1.31545238,-0.68562366,-25.11513681,-1.25245878,-0.00779863,0.00182136,-0.00572190,-0.00426512,-0.00187294,-0.00095096
3.040,-0.27842025,0.70504869,2.25342191,-0.23261721,-0.06713114,-0.08586541,-0.10111415,-0.02918060,-0.03732402,-0.27061457,0.70323608,2.25913935,-0.22835679,-0.06525238,-0.08493684,-0.21941122,-24.95971682,-1.23682171,-0.47007273,-0.26358567,-0.08874441,-0.68948395,-25.22330248,-1.32556612,-0.68694140,-25.14001781,-1.26231059,-0.00780568,0.00181261,-0.00571744,-0.00426042,-0.00187876,-0.00092857
3.050,-0.28075148,0.70437592,2.25256139,-0.23362774,-0.06742277,-0.08623843,-0.10099120,-0.02914511,-0.03727863,-0.27293885,0.70257203,2.25827427,-0.22937465,-0.06554040,-0.08532980,-0.21959729,-24.98381073,-1.24681352,-0.47110825,-0.26468819,-0.08889943,-0.69070554,-25.24849892,-1.33571295,-0.68822863,-25.16495667,-1.27219804,-0.00781263,0.00180389,-0.00571288,-0.00425309,-0.00188237,-0.00090863
3.060,-0.28309280,0.70370024,2.25169715,-0.23463703,-0.06771404,-0.08661098,-0.10086603,-0.02910899,-0.03723243,-0.27527336,0.70190503,2.25740537,-0.23039389,-0.06583024,-0.08571986,-0.21978057,-25.00799340,-1.25684519,-0.47211032,-0.26575275,-0.08904726,-0.69189089,-25.27374615,-1.34589246,-0.68948395,-25.18995260,-1.28212110,-0.00781944,0.00179521,-0.00570822,-0.00424314,-0.00188380,-0.00089112
3.070,-0.28544422,0.70302164,2.25082918,-0.23564505,-0.06800495,-0.08698307,-0.10073865,-0.02907223,-0.03718541,-0.27761813,0.70123507,2.25653268,-0.23141447,-0.06612187,-0.08610701,-0.21996106,-25.03226498,-1.26691679,-0.47307964,-0.26678154,-0.08918860,-0.69304070,-25.29904652,-1.35610539,-0.69070554,-25.21500054,-1.29207871,-0.00782609,0.00178657,-0.00570350,-0.00423058,-0.00188308,-0.00087606
3.080,-0.28780570,0.70234014,2.24995749,-0.23665179,-0.06829548,-0.08735469,-0.10060906,-0.02903483,-0.03713757,-0.27997315,0.70056211,2.25565624,-0.23243633,-0.06641524,-0.08649127,-0.22013872,-25.05662464,-1.27702807,-0.47401248,-0.26776980,-0.08932250,-0.69415119,-25.32439444,-1.36635056,-0.69189089,-25.24009847,-1.30207044,-0.00783255,0.00177803,-0.00569875,-0.00421546,-0.00188024,-0.00086342
3.090,-0.29017725,0.70165574,2.24908208,-0.23765723,-0.06858564,-0.08772582,-0.10047727,-0.02899680,-0.03708892,-0.28233843,0.69988616,2.25477607,-0.23345943,-0.06671032,-0.08687261,-0.22031355,-25.08107221,-1.28717896,-0.47490899,-0.26871776,-0.08944915,-0.69522254,-25.34978997,-1.37662811,-0.69304070,-25.26524874,-1.31209706,-0.00783882,0.00176958,-0.00569399,-0.00419780,-0.00187532,-0.00085321
3.100,-0.29255884,0.70096843,2.24820297,-0.23866133,-0.06887542,-0.08809647,-0.10034329,-0.02895813,-0.03703947,-0.28471400,0.69920719,2.25389221,-0.23448370,-0.06700706,-0.08725106,-0.22048555,-25.10560763,-1.29736934,-0.47576735,-0.26962521,-0.08956856,-0.69625289,-25.37523285,-1.38693791,-0.69415119,-25.29044581,-1.32215736,-0.00784484,0.00176124,-0.00568924,-0.00417763,-0.00186836,-0.00084541
3.110,-0.29495047,0.70027823,2.24732016,-0.23966409,-0.06916480,-0.08846661,-0.10020713,-0.02891884,-0.03698921,-0.28709985,0.69852518,2.25300468,-0.23550910,-0.06730540,-0.08762661,-0.22065471,-25.13023018,-1.30759903,-0.47658628,-0.27048894,-0.08968016,-0.69724099,-25.40071912,-1.39727919,-0.69522254,-25.31568975,-1.33225148,-0.00785062,0.00175305,-0.00568452,-0.00415499,-0.00185940,-0.00084000
3.120,-0.29735212,0.69958514,2.24643364,-0.24066547,-0.06945379,-0.08883625,-0.10006880,-0.02887892,-0.03693815,-0.28949600,0.69784013,2.25211351,-0.23653556,-0.06760530,-0.08799927,-0.22082103,-25.15493971,-1.31786803,-0.47736486,-0.27130988,-0.08978435,-0.69818589,-25.42624959,-1.40765238,-0.69625289,-25.34098034,-1.34237928,-0.00785612,0.00174501,-0.00567987,-0.00412991,-0.00184849,-0.00083698
3.130,-0.29976377,0.69888915,2.24554343,-0.24166546,-0.06974238,-0.08920537,-0.09992830,-0.02883837,-0.03688629,-0.29190245,0.69715202,2.25121872,-0.23756303,-0.06790671,-0.08836905,-0.22098447,-25.17973617,-1.32817621,-0.47810212,-0.27208824,-0.08988119,-0.69908659,-25.45182440,-1.41805740,-0.69724099,-25.36631365,-1.35254001,-0.00786132,0.00173713,-0.00567529,-0.00410243,-0.00183567,-0.00083632
3.140,-0.30218542,0.69819029,2.24464954,-0.24266403,-0.07003056,-0.08957397,-0.09978564,-0.02879720,-0.03683363,-0.29431922,0.69646084,2.25032036,-0.23859144,-0.06820956,-0.08873595,-0.22114504,-25.20461847,-1.33852325,-0.47879621,-0.27281924,-0.08996973,-0.69994126,-25.47743771,-1.42849298,-0.69818589,-25.39169053,-1.36273405,-0.00786620,0.00172945,-0.00567082,-0.00407259,-0.00182100,-0.00083802
3.150,-0.30461705,0.69748854,2.24375195,-0.24366116,-0.07031832,-0.08994204,-0.09964083,-0.02875541,-0.03678017,-0.29674631,0.69576658,2.24941843,-0.23962073,-0.06851381,-0.08909999,-0.22130273,-25.22958711,-1.34890935,-0.47944770,-0.27350752,-0.09005120,-0.70075044,-25.50309463,-1.43896055,-0.69908659,-25.41711113,-1.37296134,-0.00787074,0.00172196,-0.00566648,-0.00404043,-0.00180451,-0.00084205
3.160,-0.30705864,0.69678392,2.24285070,-0.24465684,-0.07060566,-0.09030957,-0.09949387,-0.02871300,-0.03672593,-0.29918372,0.69506921,2.24851299,-0.24065083,-0.06881938,-0.08946118,-0.22145751,-25.25464106,-1.35933404,-0.48005393,-0.27414795,-0.09012442,-0.70151145,-25.52878901,-1.44945846,-0.69994126,-25.44256965,-1.38322060,-0.00787492,0.00171471,-0.00566229,-0.00400601,-0.00178628,-0.00084839
3.170,-0.30951018,0.69607643,2.24194577,-0.24565103,-0.07089258,-0.09067656,-0.09934478,-0.02866997,-0.03667089,-0.30163146,0.69436875,2.24760404,-0.24168168,-0.06912623,-0.08981953,-0.22160940,-25.27978027,-1.36979742,-0.48061501,-0.27474266,-0.09019005,-0.70222440,-25.55452292,-1.45998747,-0.70075044,-25.46807124,-1.39351325,-0.00787872,0.00170768,-0.00565827,-0.00396935,-0.00176635,-0.00085703
3.180,-0.31197166,0.69536607,2.24103717,-0.24664372,-0.07117906,-0.09104299,-0.09919356,-0.02862633,-0.03661507,-0.30408954,0.69366516,2.24669162,-0.24271320,-0.06943429,-0.09017507,-0.22175836,-25.30500446,-1.38029933,-0.48113052,-0.27529157,-0.09024816,-0.70288888,-25.58029604,-1.47054749,-0.70151145,-25.49360978,-1.40383762,-0.00788212,0.00170091,-0.00565445,-0.00393052,-0.00174477,-0.00086792
3.190,-0.31444305,0.69465285,2.24012491,-0.24763490,-0.07146510,-0.09140885,-0.09904021,-0.02858207,-0.03655847,-0.30655796,0.69295845,2.24577576,-0.24374532,-0.06974350,-0.09052781,-0.22190437,-25.33031308,-1.39083959,-0.48159874,-0.27579325,-0.09029848,-0.70350311,-25.60610634,-1.48113806,-0.70222440,-25.51918737,-1.41419446,-0.00788509,0.00169440,-0.00565085,-0.00388958,-0.00172160,-0.00088104
3.200,-0.31692435,0.69393677,2.23920899,-0.24862452,-0.07175070,-0.09177415,-0.09888475,-0.02853721,-0.03650108,-0.30903672,0.69224860,2.24485649,-0.24477798,-0.07005378,-0.09087777,-0.22204745,-25.35570596,-1.40141813,-0.48202002,-0.27624908,-0.09034142,-0.70406747,-25.63195504,-1.49175955,-0.70288888,-25.54480372,-1.42458366,-0.00788763,0.00168817,-0.00564750,-0.00384654,-0.00169692,-0.00089638
3.210,-0.31941554,0.69321784,2.23828943,-0.24961258,-0.07203585,-0.09213887,-0.09872719,-0.02849174,-0.03644292,-0.31152582,0.69153561,2.24393382,-0.24581110,-0.07036508,-0.09122497,-0.22218759,-25.38118247,-1.41203469,-0.48239307,-0.27665713,-0.09037657,-0.70458066,-25.65783960,-1.50241126,-0.70350311,-25.57045685,-1.43500477,-0.00788972,0.00168223,-0.00564439,-0.00380148,-0.00167077,-0.00091390
3.220,-0.32191660,0.69249606,2.23736622,-0.25059906,-0.07232053,-0.09250301,-0.09856752,-0.02844566,-0.03638398,-0.31402527,0.69081947,2.24300779,-0.24684459,-0.07067732,-0.09156944,-0.22232473,-25.40674246,-1.42268926,-0.48271769,-0.27701903,-0.09040444,-0.70504242,-25.68376149,-1.51309370,-0.70406747,-25.59614802,-1.44545812,-0.00789133,0.00167659,-0.00564157,-0.00375447,-0.00164321,-0.00093357
3.230,-0.32442751,0.69177143,2.23643937,-0.25158393,-0.07260476,-0.09286655,-0.09840576,-0.02839898,-0.03632428,-0.31653507,0.69010018,2.24207843,-0.24787840,-0.07099044,-0.09191121,-0.22245890,-25.43238568,-1.43338172,-0.48299342,-0.27733568,-0.09042526,-0.70545232,-25.70972136,-1.52380698,-0.70458066,-25.62187470,-1.45594301,-0.00789244,0.00167125,-0.00563906,-0.00370553,-0.00161432,-0.00095534
3.240,-0.32694827,0.69104396,2.23550889,-0.25256717,-0.07288851,-0.09322949,-0.09824192,-0.02835170,-0.03626380,-0.31905521,0.68937771,2.24114575,-0.24891244,-0.07130437,-0.09225029,-0.22259008,-25.45811158,-1.44411186,-0.48322022,-0.27760622,-0.09043888,-0.70581030,-25.73571780,-1.53455075,-0.70504242,-25.64763841,-1.46645993,-0.00789306,0.00166625,-0.00563686,-0.00365473,-0.00158414,-0.00097920
3.250,-0.32947885,0.69031366,2.23457478,-0.25354876,-0.07317179,-0.09359182,-0.09807600,-0.02830381,-0.03620255,-0.32158571,0.68865208,2.24020979,-0.24994663,-0.07161905,-0.09258672,-0.22271824,-25.48391965,-1.45487955,-0.48339702,-0.27783064,-0.09044540,-0.70611526,-25.76175028,-1.54532496,-0.70545232,-25.67343983,-1.47700896,-0.00789314,0.00166158,-0.00563501,-0.00360213,-0.00155274,-0.00100510
3.260,-0.33201924,0.68958053,2.23363705,-0.25452868,-0.07345459,-0.09395354,-0.09790802,-0.02825533,-0.03614054,-0.32412654,0.68792328,2.23927057,-0.25098089,-0.07193439,-0.09292054,-0.22284339,-25.50980965,-1.46568467,-0.48352403,-0.27800995,-0.09044507,-0.70636742,-25.78781959,-1.55612974,-0.70581030,-25.69927759,-1.48758975,-0.00789270,0.00165725,-0.00563352,-0.00354779,-0.00152020,-0.00103300
3.270,-0.33456942,0.68884457,2.23269571,-0.25550691,-0.07373689,-0.09431463,-0.09773797,-0.02820626,-0.03607777,-0.32667772,0.68719130,2.23832812,-0.25201515,-0.07225034,-0.09325177,-0.22296549,-25.53578129,-1.47652706,-0.48360093,-0.27814483,-0.09043807,-0.70656642,-25.81392612,-1.56696513,-0.70611526,-25.72515119,-1.49820223,-0.00789170,0.00165327,-0.00563241,-0.00349176,-0.00148655,-0.00106286
3.280,-0.33712937,0.68810579,2.23175076,-0.25648343,-0.07401871,-0.09467509,-0.09756586,-0.02815659,-0.03601424,-0.32923924,0.68645614,2.23738245,-0.25304933,-0.07256682,-0.09358045,-0.22308454,-25.56183408,-1.48740659,-0.48362744,-0.27823593,-0.09042461,-0.70671197,-25.84007001,-1.57783120,-0.70636742,-25.75106147,-1.50884650,-0.00789013,0.00164965,-0.00563169,-0.00343410,-0.00145189,-0.00109464
3.290,-0.33969908,0.68736420,2.23080221,-0.25745822,-0.07430002,-0.09503491,-0.09739171,-0.02810633,-0.03594996,-0.33181109,0.68571779,2.23643360,-0.25408334,-0.07288376,-0.09390661,-0.22320052,-25.58796748,-1.49832307,-0.48360333,-0.27828263,-0.09040457,-0.70680385,-25.86625010,-1.58872764,-0.70656642,-25.77700884,-1.51952257,-0.00788799,0.00164641,-0.00563139,-0.00337488,-0.00141626,-0.00112830
3.300,-0.34227853,0.68661980,2.22985007,-0.25843126,-0.07458083,-0.09539409,-0.09721552,-0.02805549,-0.03588492,-0.33439328,0.68497626,2.23548159,-0.25511710,-0.07320109,-0.09423030,-0.22331343,-25.61418121,-1.50927635,-0.48352870,-0.27828644,-0.09037832,-0.70684213,-25.89246765,-1.59965468,-0.70671197,-25.80299347,-1.53023051,-0.00788525,0.00164354,-0.00563152,-0.00331416,-0.00137974,-0.00116379
3.310,-0.34486770,0.68587259,2.22889433,-0.25940253,-0.07486113,-0.09575261,-0.09703730,-0.02800405,-0.03581914,-0.33698579,0.68423154,2.23452644,-0.25615054,-0.07351874,-0.09455155,-0.22342325,-25.64047510,-1.52026643,-0.48340400,-0.27824988,-0.09034651,-0.70682724,-25.91872498,-1.61061294,-0.70680385,-25.82901425,-1.54096999,-0.00788191,0.00164105,-0.00563211,-0.00325199,-0.00134239,-0.00120106
3.320,-0.34746657,0.68512257,2.22793502,-0.26037200,-0.07514091,-0.09611047,-0.09685705,-0.02795204,-0.03575260,-0.33958861,0.68348364,2.23356817,-0.25718357,-0.07383665,-0.09487041,-0.22352995,-25.66684877,-1.53129304,-0.48322882,-0.27817297,-0.09030905,-0.70675877,-25.94502174,-1.62160209,-0.70684213,-25.85507246,-1.55174119,-0.00787796,0.00163893,-0.00563315,-0.00318843,-0.00130426,-0.00124006
3.330,-0.35007513,0.68436977,2.22697213,-0.26133966,-0.07542017,-0.09646766,-0.09667479,-0.02789944,-0.03568533,-0.34220175,0.68273255,2.23260680,-0.25821610,-0.07415474,-0.09518691,-0.22363353,-25.69330124,-1.54235597,-0.48300284,-0.27805412,-0.09026571,-0.70663637,-25.97135536,-1.63262168,-0.70682724,-25.88117047,-1.56254473,-0.00787338,0.00163722,-0.00563467,-0.00312356,-0.00126543,-0.00128075
3.340,-0.35269336,0.68361417,2.22600567,-0.26230549,-0.07569890,-0.09682417,-0.09649052,-0.02784626,-0.03561731,-0.34482519,0.68197827,2.23164236,-0.25924806,-0.07447295,-0.09550111,-0.22373397,-25.71983275,-1.55345520,-0.48272729,-0.27789785,-0.09021747,-0.70646126,-25.99773061,-1.64367267,-0.70675877,-25.90730796,-1.57338024,-0.00786817,0.00163590,-0.00563669,-0.00305743,-0.00122595,-0.00132306
3.350,-0.35532124,0.68285579,2.22503564,-0.26326946,-0.07597709,-0.09718000,-0.09630425,-0.02779250,-0.03554855,-0.34745892,0.68122081,2.23067488,-0.26027936,-0.07479121,-0.09581304,-0.22383126,-25.74644256,-1.56459055,-0.48240158,-0.27770331,-0.09016419,-0.70623284,-26.02414587,-1.65475474,-0.70663637,-25.93348237,-1.58424726,-0.00786232,0.00163498,-0.00563924,-0.00299010,-0.00118588,-0.00136696
3.360,-0.35795874,0.68209463,2.22406207,-0.26423157,-0.07625475,-0.09753514,-0.09611598,-0.02773817,-0.03547905,-0.35010294,0.68046017,2.22970436,-0.26130992,-0.07510944,-0.09612276,-0.22392537,-25.77313024,-1.57576173,-0.48202531,-0.27747090,-0.09010587,-0.70595068,-26.05060115,-1.66586760,-0.70646126,-25.95969853,-1.59514672,-0.00785580,0.00163446,-0.00564229,-0.00292165,-0.00114531,-0.00141238
3.370,-0.36060586,0.68133070,2.22308494,-0.26519178,-0.07653186,-0.09788958,-0.09592573,-0.02768326,-0.03540883,-0.35275723,0.67969635,2.22873083,-0.26233967,-0.07542760,-0.09643031,-0.22401631,-25.79989544,-1.58696872,-0.48159983,-0.27720282,-0.09004311,-0.70561614,-26.07709826,-1.67701184,-0.70623284,-25.98595484,-1.60607826,-0.00784863,0.00163435,-0.00564589,-0.00285211,-0.00110426,-0.00145927
3.380,-0.36326257,0.68056400,2.22210428,-0.26615007,-0.07680841,-0.09824332,-0.09573349,-0.02762779,-0.03533787,-0.35542178,0.67892935,2.22775431,-0.26336850,-0.07574560,-0.09673574,-0.22410402,-25.82673775,-1.59821127,-0.48112465,-0.27689931,-0.08997587,-0.70522868,-26.10363706,-1.68818714,-0.70595068,-26.01225134,-1.61704157,-0.00784079,0.00163465,-0.00565003,-0.00278157,-0.00106281,-0.00150758
3.390,-0.36592886,0.67979453,2.22112008,-0.26710644,-0.07708441,-0.09859634,-0.09553929,-0.02757174,-0.03526618,-0.35809658,0.67815919,2.22677481,-0.26439635,-0.07606339,-0.09703912,-0.22418853,-25.85365699,-1.60948935,-0.48060142,-0.27656386,-0.08990497,-0.70478995,-26.13022085,-1.69939432,-0.70561614,-26.03858988,-1.62803722,-0.00783228,0.00163534,-0.00565473,-0.00271009,-0.00102102,-0.00155722
3.400,-0.36860470,0.67902231,2.22013235,-0.26806085,-0.07735984,-0.09894864,-0.09534312,-0.02751513,-0.03519377,-0.36078161,0.67738585,2.22579237,-0.26542314,-0.07638091,-0.09734048,-0.22426980,-25.88065234,-1.62080269,-0.48002894,-0.27619488,-0.08983005,-0.70429874,-26.15684721,-1.71063274,-0.70522868,-26.06497033,-1.63906486,-0.00782309,0.00163646,-0.00566002,-0.00263771,-0.00097893,-0.00160816
3.410,-0.37129007,0.67824734,2.21914111,-0.26901330,-0.07763471,-0.09930021,-0.09514500,-0.02745795,-0.03512064,-0.36347687,0.67660936,2.22480699,-0.26644877,-0.07669809,-0.09763988,-0.22434783,-25.90772343,-1.63215108,-0.47940780,-0.27579382,-0.08975136,-0.70375563,-26.18351725,-1.72190244,-0.70478995,-26.09139604,-1.65012528,-0.00781320,0.00163798,-0.00566588,-0.00256453,-0.00093662,-0.00166033
3.420,-0.37398496,0.67746962,2.21814635,-0.26996375,-0.07790900,-0.09965105,-0.09494492,-0.02740021,-0.03504678,-0.36618233,0.67582970,2.22381869,-0.26747317,-0.07701486,-0.09793738,-0.22442257,-25.93487011,-1.64353450,-0.47873941,-0.27536388,-0.08966967,-0.70316197,-26.21023399,-1.73320416,-0.70429874,-26.11786461,-1.66121780,-0.00780263,0.00163992,-0.00567234,-0.00249058,-0.00089414,-0.00171367
3.430,-0.37668934,0.67668916,2.21714809,-0.27091219,-0.07818271,-0.10000114,-0.09474291,-0.02734191,-0.03497221,-0.36889799,0.67504690,2.22282749,-0.26849627,-0.07733119,-0.09823303,-0.22449404,-25.96209177,-1.65495267,-0.47802327,-0.27490468,-0.08958480,-0.70251731,-26.23699645,-1.74453747,-0.70375563,-26.14437717,-1.67234244,-0.00779135,0.00164226,-0.00567940,-0.00241592,-0.00085152,-0.00176811
3.440,-0.37940319,0.67590597,2.21614633,-0.27185860,-0.07845584,-0.10035049,-0.09453896,-0.02728306,-0.03489693,-0.37162382,0.67426096,2.22183340,-0.26951797,-0.07764699,-0.09852690,-0.22456220,-25.98938789,-1.66640546,-0.47725989,-0.27441751,-0.08949706,-0.70182209,-26.26380541,-1.75590252,-0.70316197,-26.17093679,-1.68349992,-0.00777937,0.00164501,-0.00568707,-0.00234063,-0.00080885,-0.00182359
3.450,-0.38212650,0.67512005,2.21514108,-0.27280296,-0.07872837,-0.10069908,-0.09433309,-0.02722364,-0.03482094,-0.37435981,0.67347188,2.22083645,-0.27053819,-0.07796223,-0.09881903,-0.22462704,-26.01675817,-1.67789270,-0.47645045,-0.27390423,-0.08940682,-0.70107749,-26.29066240,-1.76729952,-0.70251731,-26.19754248,-1.69468976,-0.00776669,0.00164817,-0.00569537,-0.00226477,-0.00076614,-0.00188005
3.460,-0.38485924,0.67433140,2.21413235,-0.27374525,-0.07900031,-0.10104691,-0.09412529,-0.02716367,-0.03474424,-0.37710594,0.67267967,2.21983664,-0.27155687,-0.07827683,-0.09910949,-0.22468854,-26.04420232,-1.68941425,-0.47559533,-0.27336699,-0.08931449,-0.70028386,-26.31756932,-1.77872875,-0.70182209,-26.22419508,-1.70591209,-0.00775330,0.00165173,-0.00570429,-0.00218838,-0.00072348,-0.00193742
3.470,-0.38760140,0.67354004,2.21312015,-0.27468546,-0.07927164,-0.10139396,-0.09391559,-0.02710316,-0.03466683,-0.37986219,0.67188435,2.21883399,-0.27257391,-0.07859076,-0.09939834,-0.22474669,-26.07171953,-1.70096984,-0.47469485,-0.27280462,-0.08921978,-0.69944154,-26.34452415,-1.79018962,-0.70107749,-26.25089613,-1.71716708,-0.00773921,0.00165569,-0.00571384,-0.00211155,-0.00068088,-0.00199562
3.480,-0.39035295,0.67274597,2.21210448,-0.27562356,-0.07954237,-0.10174024,-0.09370398,-0.02704209,-0.03458872,-0.38262854,0.67108591,2.21782852,-0.27358925,-0.07890396,-0.09968563,-0.22480146,-26.09930953,-1.71255937,-0.47374962,-0.27222000,-0.08912332,-0.69855108,-26.37152952,-1.80168270,-0.70028386,-26.27764755,-1.72845499,-0.00772441,0.00166006,-0.00572404,-0.00203431,-0.00063841,-0.00205461
3.490,-0.39311386,0.67194920,2.21108535,-0.27655953,-0.07981248,-0.10208573,-0.09349047,-0.02698047,-0.03450991,-0.38540497,0.67028437,2.21682023,-0.27460281,-0.07921637,-0.09997144,-0.22485283,-26.12697175,-1.72418263,-0.47275942,-0.27161320,-0.08902508,-0.69761224,-26.39858495,-1.81320771,-0.69944154,-26.30444734,-1.73977520,-0.00770889,0.00166483,-0.00573488,-0.00195672,-0.00059611,-0.00211429
3.500,-0.39588413,0.67114972,2.21006276,-0.27749336,-0.08008198,-0.10243044,-0.09327508,-0.02691831,-0.03443040,-0.38819147,0.66947975,2.21580914,-0.27561450,-0.07952795,-0.10025581,-0.22490080,-26.15470626,-1.73583960,-0.47172716,-0.27098920,-0.08892612,-0.69662796,-26.42569546,-1.82476572,-0.69855108,-26.33129817,-1.75112823,-0.00769266,0.00166997,-0.00574638,-0.00187886,-0.00055403,-0.00217463
3.510,-0.39866372,0.67034756,2.20903674,-0.27842503,-0.08035085,-0.10277434,-0.09305781,-0.02685561,-0.03435020,-0.39098800,0.66867204,2.21479526,-0.27662425,-0.07983866,-0.10053882,-0.22494535,-26.18251180,-1.74752980,-0.47065067,-0.27034341,-0.08882530,-0.69559603,-26.45285521,-1.83635510,-0.69761224,-26.35819956,-1.76251379,-0.00767572,0.00167552,-0.00575852,-0.00180078,-0.00051219,-0.00223552
3.520,-0.40145262,0.66954271,2.20800728,-0.27935451,-0.08061909,-0.10311744,-0.09283866,-0.02679236,-0.03426930,-0.39379456,0.66786126,2.21377860,-0.27763199,-0.08014844,-0.10082052,-0.22498644,-26.21038846,-1.75925327,-0.46953243,-0.26968112,-0.08872380,-0.69451886,-26.48006958,-1.84797707,-0.69662796,-26.38515656,-1.77393291,-0.00765806,0.00168145,-0.00577132,-0.00172252,-0.00047065,-0.00229692
3.530,-0.40425081,0.66873518,2.20697439,-0.28028180,-0.08088669,-0.10345972,-0.09261764,-0.02672858,-0.03418772,-0.39661110,0.66704743,2.21275918,-0.27863764,-0.08045726,-0.10110097,-0.22502405,-26.23833569,-1.77100979,-0.46837304,-0.26900275,-0.08862165,-0.69339709,-26.50733844,-1.85963144,-0.69559603,-26.41216335,-1.78538393,-0.00763971,0.00168775,-0.00578479,-0.00164416,-0.00042943,-0.00235875
3.540,-0.40705825,0.66792498,2.20593809,-0.28120686,-0.08115366,-0.10380119,-0.09239477,-0.02666426,-0.03410545,-0.39943762,0.66623054,2.21173700,-0.27964113,-0.08076507,-0.10138025,-0.22505819,-26.26635284,-1.78279908,-0.46717176,-0.26830818,-0.08851872,-0.69222995,-26.53466102,-1.87131780,-0.69451886,-26.43922533,-1.79686803,-0.00762063,0.00169444,-0.00579891,-0.00156573,-0.00038859,-0.00242094
3.550,-0.40987494,0.66711211,2.20489837,-0.28212969,-0.08141998,-0.10414183,-0.09217004,-0.02659941,-0.03402250,-0.40227408,0.66541062,2.21071207,-0.28064239,-0.08107183,-0.10165841,-0.22508882,-26.29443974,-1.79462112,-0.46593120,-0.26760085,-0.08841577,-0.69102002,-26.56204058,-1.88303689,-0.69339709,-26.46634238,-1.80838500,-0.00760086,0.00170149,-0.00581370,-0.00148730,-0.00034815,-0.00248342
3.560,-0.41270084,0.66629658,2.20385525,-0.28305025,-0.08168564,-0.10448164,-0.09194348,-0.02653402,-0.03393887,-0.40512046,0.66458767,2.20968440,-0.28164135,-0.08137750,-0.10193551,-0.22511593,-26.32259575,-1.80647561,-0.46465054,-0.26688023,-0.08831258,-0.68976647,-26.58947598,-1.89478819,-0.69222995,-26.49351376,-1.81993439,-0.00758038,0.00170891,-0.00582915,-0.00140890,-0.00030814,-0.00254613
3.570,-0.41553593,0.66547840,2.20280874,-0.28396855,-0.08195066,-0.10482061,-0.09171507,-0.02646811,-0.03385456,-0.40797674,0.66376172,2.20865400,-0.28263793,-0.08168205,-0.10221162,-0.22513949,-26.35082029,-1.81836234,-0.46333073,-0.26614727,-0.08820927,-0.68847023,-26.61696756,-1.90657161,-0.69102002,-26.52074273,-1.83151691,-0.00755919,0.00171668,-0.00584526,-0.00133062,-0.00026861,-0.00260899
3.580,-0.41838020,0.66465757,2.20175885,-0.28488455,-0.08221500,-0.10515873,-0.09148484,-0.02640167,-0.03376957,-0.41084288,0.66293276,2.20762088,-0.28363207,-0.08198544,-0.10248681,-0.22515949,-26.37911307,-1.83028114,-0.46197314,-0.26540354,-0.08810612,-0.68713263,-26.64451661,-1.91838726,-0.68976647,-26.54802817,-1.84313201,-0.00753732,0.00172481,-0.00586203,-0.00125248,-0.00022956,-0.00267192
3.590,-0.42123362,0.66383410,2.20070557,-0.28579824,-0.08247869,-0.10549599,-0.09125279,-0.02633470,-0.03368391,-0.41371887,0.66210082,2.20658504,-0.28462369,-0.08228764,-0.10276112,-0.22517591,-26.40747362,-1.84223193,-0.46057856,-0.26465129,-0.08800362,-0.68575448,-26.67212491,-1.93023555,-0.68847023,-26.57537044,-1.85477958,-0.00751475,0.00173328,-0.00587947,-0.00117455,-0.00019105,-0.00273487
3.600,-0.42409616,0.66300800,2.19964893,-0.28670960,-0.08274170,-0.10583240,-0.09101892,-0.02626721,-0.03359759,-0.41660467,0.66126590,2.20554649,-0.28561274,-0.08258861,-0.10303463,-0.22518872,-26.43590125,-1.85421436,-0.45914666,-0.26388921,-0.08790131,-0.68433537,-26.69979046,-1.94211567,-0.68713263,-26.60277084,-1.86645968,-0.00749149,0.00174210,-0.00589756,-0.00109686,-0.00015309,-0.00279777
3.610,-0.42696780,0.66217927,2.19858893,-0.28761861,-0.08300403,-0.10616794,-0.09078325,-0.02619919,-0.03351059,-0.41950025,0.66042803,2.20450523,-0.28659913,-0.08288833,-0.10330740,-0.22519790,-26.46439570,-1.86622831,-0.45767883,-0.26311996,-0.08779975,-0.68287673,-26.72751566,-1.95402806,-0.68575448,-26.63023116,-1.87817269,-0.00746755,0.00175124,-0.00591630,-0.00101948,-0.00011570,-0.00286054
3.620,-0.42984852,0.66134792,2.19752557,-0.28852526,-0.08326568,-0.10650261,-0.09054578,-0.02613066,-0.03342294,-0.42240559,0.65958721,2.20346127,-0.28758282,-0.08318677,-0.10357949,-0.22520345,-26.49295648,-1.87827365,-0.45617615,-0.26234478,-0.08769916,-0.68137959,-26.75530127,-1.96597281,-0.68433537,-26.65774942,-1.88991779,-0.00744293,0.00176071,-0.00593570,-0.00094244,-0.00007891,-0.00292312
3.630,-0.43273830,0.66051396,2.19645888,-0.28942952,-0.08352664,-0.10683640,-0.09030651,-0.02606161,-0.03333462,-0.42532066,0.65874345,2.20241462,-0.28856373,-0.08348390,-0.10385096,-0.22520531,-26.52158287,-1.89035000,-0.45463881,-0.26156263,-0.08759914,-0.67984411,-26.78314550,-1.97794914,-0.68287673,-26.68532801,-1.90169538,-0.00741764,0.00177051,-0.00595574,-0.00086579,-0.00004274,-0.00298544
3.640,-0.43563711,0.65967739,2.19538885,-0.29033138,-0.08378691,-0.10716930,-0.09006547,-0.02599205,-0.03324564,-0.42824542,0.65789678,2.20136527,-0.28954180,-0.08377970,-0.10412186,-0.22520351,-26.55027469,-1.90245734,-0.45306806,-0.26077671,-0.08750039,-0.67827157,-26.81105140,-1.98995773,-0.68137959,-26.71296773,-1.91350552,-0.00739169,0.00178061,-0.00597642,-0.00078958,-0.00000721,-0.00304744
3.650,-0.43854492,0.65883822,2.19431549,-0.29123082,-0.08404648,-0.10750131,-0.08982265,-0.02592197,-0.03315601,-0.43117984,0.65704721,2.20031324,-0.29051697,-0.08407414,-0.10439226,-0.22519799,-26.57903135,-1.91459545,-0.45146415,-0.25998721,-0.08740285,-0.67666214,-26.83901856,-2.00199830,-0.67984411,-26.74066677,-1.92534740,-0.00736508,0.00179101,-0.00599775,-0.00071385,0.00002766,-0.00310905
3.660,-0.44146171,0.65799646,2.19323882,-0.29212783,-0.08430535,-0.10783242,-0.08957806,-0.02585139,-0.03306573,-0.43412390,0.65619475,2.19925852,-0.29148918,-0.08436719,-0.10466222,-0.22518875,-26.60785222,-1.92676402,-0.44982772,-0.25919387,-0.08730634,-0.67501647,-26.86704609,-2.01407036,-0.67827157,-26.76842821,-1.93722168,-0.00733781,0.00180171,-0.00601970,-0.00063865,0.00006184,-0.00317020
3.670,-0.44438747,0.65715212,2.19215885,-0.29302238,-0.08456351,-0.10816262,-0.08933171,-0.02578029,-0.03297479,-0.43707756,0.65533941,2.19820111,-0.29245836,-0.08465885,-0.10493179,-0.22517575,-26.63673670,-1.93896283,-0.44816001,-0.25839702,-0.08721084,-0.67333576,-26.89513372,-2.02617367,-0.67666214,-26.79625165,-1.94912804,-0.00730991,0.00181271,-0.00604226,-0.00056402,0.00009534,-0.00323083
3.680,-0.44732215,0.65630519,2.19107557,-0.29391446,-0.08482095,-0.10849191,-0.08908360,-0.02570869,-0.03288321,-0.44004079,0.65448121,2.19714103,-0.29342446,-0.08494909,-0.10520104,-0.22515898,-26.66568488,-1.95119191,-0.44646173,-0.25760097,-0.08711727,-0.67162071,-26.92328584,-2.03830918,-0.67501647,-26.82413619,-1.96106598,-0.00728136,0.00182398,-0.00606546,-0.00049000,0.00012814,-0.00329087
3.690,-0.45026575,0.65545570,2.18998901,-0.29480405,-0.08507768,-0.10882029,-0.08883376,-0.02563659,-0.03279098,-0.44301355,0.65362017,2.19607826,-0.29438743,-0.08523789,-0.10547000,-0.22513844,-26.69469553,-1.96345077,-0.44473344,-0.25680209,-0.08702468,-0.66987187,-26.95149762,-2.05047545,-0.67333576,-26.85208157,-1.97303521,-0.00725220,0.00183553,-0.00608925,-0.00041662,0.00016021,-0.00335029
3.700,-0.45321823,0.65460364,2.18889917,-0.29569113,-0.08533368,-0.10914773,-0.08858217,-0.02556398,-0.03269812,-0.44599581,0.65275629,2.19501281,-0.29534720,-0.08552524,-0.10573875,-0.22511406,-26.72376863,-1.97573938,-0.44297599,-0.25600373,-0.08693372,-0.66809005,-26.97977236,-2.06267310,-0.67162071,-26.88009220,-1.98503669,-0.00722242,0.00184735,-0.00611364,-0.00034393,0.00019156,-0.00340898
3.710,-0.45617956,0.65374903,2.18780606,-0.29657568,-0.08558896,-0.10947425,-0.08832885,-0.02549088,-0.03260461,-0.44898755,0.65188961,2.19394468,-0.29630372,-0.08581113,-0.10600733,-0.22508586,-26.75290337,-1.98805743,-0.44118934,-0.25520480,-0.08684408,-0.66627520,-27.00810817,-2.07490151,-0.66987187,-26.90816323,-1.99706892,-0.00719201,0.00185942,-0.00613862,-0.00027196,0.00022217,-0.00346692
3.720,-0.45914973,0.65289187,2.18670969,-0.29745770,-0.08584350,-0.10979982,-0.08807381,-0.02541727,-0.03251047,-0.45198871,0.65102012,2.19287386,-0.29725693,-0.08609553,-0.10627579,-0.22505379,-26.78209938,-2.00040476,-0.43937541,-0.25440686,-0.08675598,-0.66442920,-27.03650624,-2.08716074,-0.66809005,-26.93629799,-2.00913251,-0.00716102,0.00187175,-0.00616417,-0.00020077,0.00025203,-0.00352403
3.730,-0.46212871,0.65203216,2.18561007,-0.29833715,-0.08609730,-0.11012445,-0.08781705,-0.02534318,-0.03241569,-0.45499928,0.65014785,2.19180037,-0.29820679,-0.08637844,-0.10654419,-0.22501785,-26.81135640,-2.01278121,-0.43753496,-0.25361162,-0.08666971,-0.66255281,-27.06496802,-2.09945092,-0.66627520,-26.96449459,-2.02122682,-0.00712943,0.00188431,-0.00619030,-0.00013036,0.00028114,-0.00358026
3.740,-0.46511647,0.65116992,2.18450720,-0.29921403,-0.08635036,-0.11044813,-0.08755859,-0.02526859,-0.03232028,-0.45801920,0.64927281,2.19072419,-0.29915324,-0.08665984,-0.10681257,-0.22497802,-26.84067360,-2.02518654,-0.43566821,-0.25281830,-0.08658504,-0.66064623,-27.09349191,-2.11177158,-0.66442920,-26.99275421,-2.03335189,-0.00709727,0.00189711,-0.00621699,-0.00006079,0.00030948,-0.00363556
3.750,-0.46811298,0.65030516,2.18340111,-0.30008832,-0.08660267,-0.11077086,-0.08729842,-0.02519350,-0.03222425,-0.46104845,0.64839501,2.18964533,-0.30009623,-0.08693973,-0.10708097,-0.22493424,-26.87005027,-2.03762037,-0.43377508,-0.25202547,-0.08650148,-0.65870933,-27.12207574,-2.12412185,-0.66255281,-27.02107832,-2.04550782,-0.00706453,0.00191015,-0.00624422,0.00000791,0.00033706,-0.00368989
3.760,-0.47111822,0.64943787,2.18229179,-0.30096000,-0.08685423,-0.11109262,-0.08703656,-0.02511793,-0.03212759,-0.46408699,0.64751448,2.18856378,-0.30103571,-0.08721810,-0.10734946,-0.22488653,-26.89948649,-2.05008275,-0.43185790,-0.25123768,-0.08642000,-0.65674444,-27.15072417,-2.13650275,-0.66064623,-27.04946530,-2.05769413,-0.00703123,0.00192339,-0.00627199,0.00007571,0.00036387,-0.00374316
3.770,-0.47413217,0.64856807,2.18117926,-0.30182905,-0.08710503,-0.11141341,-0.08677302,-0.02504188,-0.03203031,-0.46713479,0.64663123,2.18747954,-0.30197163,-0.08749494,-0.10761806,-0.22483487,-26.92898137,-2.06257331,-0.42991688,-0.25045272,-0.08633998,-0.65475175,-27.17943408,-2.14891329,-0.65870933,-27.07791301,-2.06990993,-0.00699738,0.00193684,-0.00630028,0.00014258,0.00038991,-0.00379535
3.780,-0.47715480,0.64769577,2.18006353,-0.30269545,-0.08735506,-0.11173322,-0.08650780,-0.02496534,-0.03193241,-0.47019180,0.64574526,2.18639261,-0.30290395,-0.08777024,-0.10788682,-0.22477920,-26.95853428,-2.07509180,-0.42795235,-0.24967037,-0.08626127,-0.65273155,-27.20820465,-2.16135307,-0.65674444,-27.10642609,-2.08215620,-0.00696300,0.00195051,-0.00632908,0.00020850,0.00041518,-0.00384640
3.790,-0.48018607,0.64682098,2.17894460,-0.30355920,-0.08760433,-0.11205205,-0.08624090,-0.02488831,-0.03183389,-0.47325798,0.64485661,2.18530299,-0.30383262,-0.08804401,-0.10815578,-0.22471951,-26.98814468,-2.08763806,-0.42596463,-0.24889137,-0.08618398,-0.65068414,-27.23703606,-2.17382204,-0.65475175,-27.13500143,-2.09443196,-0.00692809,0.00196437,-0.00635839,0.00027342,0.00043968,-0.00389627
3.800,-0.48322597,0.64594369,2.17782249,-0.30442026,-0.08785283,-0.11236990,-0.08597235,-0.02481081,-0.03173476,-0.47633331,0.64396528,2.18421066,-0.30475759,-0.08831622,-0.10842498,-0.22465580,-27.01781252,-2.10021192,-0.42395583,-0.24811822,-0.08610851,-0.64861163,-27.26593074,-2.18632043,-0.65273155,-27.16363821,-2.10673679,-0.00689266,0.00197841,-0.00638817,0.00033733,0.00046339,-0.00394492
3.810,-0.48627447,0.64506392,2.17669720,-0.30527864,-0.08810055,-0.11268675,-0.08570214,-0.02473283,-0.03163502,-0.47941773,0.64307129,2.18311563,-0.30567882,-0.08858689,-0.10869445,-0.22458804,-27.04753694,-2.11281312,-0.42192624,-0.24734978,-0.08603456,-0.64651428,-27.29488672,-2.19884769,-0.65068414,-27.19233661,-2.11907060,-0.00685674,0.00199263,-0.00641843,0.00040018,0.00048634,-0.00399230
3.820,-0.48933153,0.64418168,2.17556876,-0.30613430,-0.08834748,-0.11300259,-0.08543028,-0.02465438,-0.03153467,-0.48251122,0.64217466,2.18201790,-0.30659628,-0.08885601,-0.10896424,-0.22451618,-27.07731726,-2.12544132,-0.41987514,-0.24658418,-0.08596153,-0.64439132,-27.32390144,-2.21140285,-0.64861163,-27.22109906,-2.13143363,-0.00682031,0.00200702,-0.00644914,0.00046198,0.00050853,-0.00403835
3.830,-0.49239714,0.64329697,2.17443716,-0.30698724,-0.08859363,-0.11331744,-0.08515678,-0.02457545,-0.03143371,-0.48561373,0.64127540,2.18091745,-0.30750991,-0.08912358,-0.10923437,-0.22444022,-27.10715326,-2.13809646,-0.41780525,-0.24582489,-0.08589018,-0.64224547,-27.35297815,-2.22398664,-0.64651428,-27.24992358,-2.14382531,-0.00678341,0.00202157,-0.00648029,0.00052267,0.00052995,-0.00408307
3.840,-0.49547127,0.64240981,2.17330241,-0.30783743,-0.08883899,-0.11363127,-0.08488164,-0.02449605,-0.03133215,-0.48872522,0.64037352,2.17981428,-0.30841968,-0.08938959,-0.10950487,-0.22436012,-27.13704408,-2.15077824,-0.41571635,-0.24506987,-0.08581995,-0.64007647,-27.38211395,-2.23659819,-0.64439132,-27.27880763,-2.15624466,-0.00674605,0.00203629,-0.00651187,0.00058225,0.00055060,-0.00412640
3.850,-0.49855388,0.64152020,2.17216453,-0.30868487,-0.08908355,-0.11394408,-0.08460489,-0.02441618,-0.03122999,-0.49184565,0.63946905,2.17870840,-0.30932555,-0.08965405,-0.10977578,-0.22427590,-27.16698935,-2.16348641,-0.41360878,-0.24431960,-0.08575083,-0.63788468,-27.41130895,-2.24923723,-0.64224547,-27.30775443,-2.16869239,-0.00670823,0.00205115,-0.00654387,0.00064068,0.00057050,-0.00416830
3.860,-0.50164496,0.64062814,2.17102353,-0.30952952,-0.08932731,-0.11425586,-0.08432651,-0.02433584,-0.03112724,-0.49497498,0.63856199,2.17759979,-0.31022748,-0.08991696,-0.11004712,-0.22418747,-27.19698873,-2.17622080,-0.41148444,-0.24357569,-0.08568305,-0.63567191,-27.44056442,-2.26190385,-0.64007647,-27.33676111,-2.18116763,-0.00666998,0.00206615,-0.00657626,0.00069796,0.00058965,-0.00420874
3.870,-0.50474446,0.63973365,2.16987942,-0.31037139,-0.08957027,-0.11456662,-0.08404653,-0.02425504,-0.03102389,-0.49811318,0.63765237,2.17648845,-0.31112543,-0.09017831,-0.11031891,-0.22409488,-27.22704136,-2.18898111,-0.40934249,-0.24283627,-0.08561613,-0.63343736,-27.46987763,-2.27459723,-0.63788468,-27.36582776,-2.19367010,-0.00663128,0.00208128,-0.00660903,0.00075404,0.00060804,-0.00424771
3.880,-0.50785238,0.63883674,2.16873220,-0.31121045,-0.08981241,-0.11487634,-0.08376494,-0.02417377,-0.03091994,-0.50126019,0.63674019,2.17537437,-0.31201938,-0.09043812,-0.11059117,-0.22399804,-27.25714671,-2.20176715,-0.40718507,-0.24210181,-0.08555011,-0.63118311,-27.49924852,-2.28731726,-0.63567191,-27.39495565,-2.20619986,-0.00659219,0.00209655,-0.00664217,0.00080893,0.00062571,-0.00428517
3.890,-0.51096866,0.63793741,2.16758190,-0.31204668,-0.09005374,-0.11518502,-0.08348175,-0.02409205,-0.03081541,-0.50441598,0.63582548,2.17425754,-0.31290928,-0.09069638,-0.11086394,-0.22389696,-27.28730433,-2.21457862,-0.40501118,-0.24137206,-0.08548477,-0.62890814,-27.52867639,-2.30006338,-0.63343736,-27.42414205,-2.21875612,-0.00655268,0.00211193,-0.00667564,0.00086260,0.00064264,-0.00432108
3.900,-0.51409330,0.63703567,2.16642851,-0.31288008,-0.09029425,-0.11549265,-0.08319698,-0.02400987,-0.03071030,-0.50758050,0.63490825,2.17313797,-0.31379510,-0.09095310,-0.11113722,-0.22379162,-27.31751376,-2.22741540,-0.40282349,-0.24064845,-0.08542041,-0.62661511,-27.55816221,-2.31283581,-0.63118311,-27.45338689,-2.23133873,-0.00651280,0.00212742,-0.00670946,0.00091502,0.00065885,-0.00435543
3.910,-0.51722626,0.63613153,2.16527205,-0.31371062,-0.09053394,-0.11579922,-0.08291063,-0.02392723,-0.03060460,-0.51075372,0.63398851,2.17201565,-0.31467681,-0.09120828,-0.11141103,-0.22368199,-27.34777431,-2.24027718,-0.40062169,-0.23992988,-0.08535666,-0.62430368,-27.58770419,-2.32563384,-0.62890814,-27.48268949,-2.24394716,-0.00647254,0.00214302,-0.00674360,0.00096619,0.00067434,-0.00438819
3.920,-0.52036750,0.63522499,2.16411253,-0.31453829,-0.09077279,-0.11610474,-0.08262271,-0.02384414,-0.03049831,-0.51393559,0.63306628,2.17089056,-0.31555439,-0.09146192,-0.11168538,-0.22356805,-27.37808567,-2.25316379,-0.39840625,-0.23921733,-0.08529366,-0.62197430,-27.61730300,-2.33845745,-0.62661511,-27.51205078,-2.25658159,-0.00643191,0.00215871,-0.00677803,0.00101610,0.00068913,-0.00441936
3.930,-0.52351701,0.63431607,2.16294996,-0.31536307,-0.09101082,-0.11640919,-0.08233322,-0.02376059,-0.03039146,-0.51712607,0.63214158,2.16976271,-0.31642779,-0.09171403,-0.11196029,-0.22344976,-27.40844698,-2.26607491,-0.39617839,-0.23850950,-0.08523102,-0.61962815,-27.64695648,-2.35130593,-0.62430368,-27.54146901,-2.26924133,-0.00639094,0.00217449,-0.00681275,0.00106472,0.00070321,-0.00444890
3.940,-0.52667475,0.63340478,2.16178435,-0.31618495,-0.09124800,-0.11671256,-0.08204217,-0.02367660,-0.03028402,-0.52032512,0.63121441,2.16863209,-0.31729699,-0.09196462,-0.11223577,-0.22332710,-27.43885764,-2.27901030,-0.39393802,-0.23780551,-0.08516848,-0.61726511,-27.67666315,-2.36417878,-0.62197430,-27.57094482,-2.28192635,-0.00634963,0.00219037,-0.00684774,0.00111204,0.00071662,-0.00447679
3.950,-0.52984070,0.63249112,2.16061571,-0.31700391,-0.09148435,-0.11701486,-0.08174957,-0.02359216,-0.03017602,-0.52353269,0.63028480,2.16749869,-0.31816197,-0.09221368,-0.11251182,-0.22320006,-27.46931732,-2.29196977,-0.39168686,-0.23710722,-0.08510637,-0.61488691,-27.70642454,-2.37707613,-0.61962815,-27.60047604,-2.29463595,-0.00630801,0.00220632,-0.00688298,0.00115806,0.00072933,-0.00450304
3.960,-0.53301482,0.63157509,2.15944405,-0.31781993,-0.09171985,-0.11731608,-0.08145543,-0.02350727,-0.03006744,-0.52674874,0.62935276,2.16636251,-0.31902270,-0.09246124,-0.11278845,-0.22306860,-27.49982568,-2.30495313,-0.38942531,-0.23641547,-0.08504479,-0.61249391,-27.73624114,-2.38999792,-0.61726511,-27.63006120,-2.30736961,-0.00626608,0.00222233,-0.00691846,0.00120277,0.00074139,-0.00452763
3.970,-0.53619709,0.63065672,2.15826939,-0.31863301,-0.09195449,-0.11761621,-0.08115976,-0.02342194,-0.02995830,-0.52997322,0.62841831,2.16522354,-0.31987914,-0.09270728,-0.11306566,-0.22293272,-27.53038153,-2.31795996,-0.38715339,-0.23572617,-0.08498272,-0.61008611,-27.76610770,-2.40294268,-0.61488691,-27.65970184,-2.32012749,-0.00622387,0.00223841,-0.00695415,0.00124613,0.00075279,-0.00455055
3.980,-0.53938747,0.62973601,2.15709173,-0.31944312,-0.09218828,-0.11791525,-0.08086256,-0.02333617,-0.02984859,-0.53320610,0.62748146,2.16408177,-0.32073129,-0.09295182,-0.11334345,-0.22279238,-27.56098462,-2.33099013,-0.38487181,-0.23504134,-0.08492058,-0.60766419,-27.79602596,-2.41591071,-0.61249391,-27.68939842,-2.33290951,-0.00618137,0.00225455,-0.00699004,0.00128817,0.00076354,-0.00457180
3.990,-0.54258594,0.62881296,2.15591109,-0.32025025,-0.09242121,-0.11821318,-0.08056383,-0.02324997,-0.02973833,-0.53644733,0.62654222,2.16293720,-0.32157911,-0.09319486,-0.11362182,-0.22264754,-27.59163453,-2.34404339,-0.38258198,-0.23436152,-0.08485836,-0.60522952,-27.82599605,-2.42890175,-0.61008611,-27.71914570,-2.34571421,-0.00613861,0.00227074,-0.00702611,0.00132886,0.00077365,-0.00459136
4.000,-0.54579247,0.62788759,2.15472747,-0.32105439,-0.09265328,-0.11851001,-0.08026360,-0.02316332,-0.02962750,-0.53969686,0.62560060,2.16178982,-0.32242259,-0.09343642,-0.11390077,-0.22249821,-27.62233046,-2.35711949,-0.38028432,-0.23368571,-0.08479582,-0.60278253,-27.85601617,-2.44191532,-0.60766419,-27.74894541,-2.35854189,-0.00609561,0.00228699,-0.00706235,0.00136820,0.00078314,-0.00460924
4.010,-0.54900702,0.62695990,2.15354089,-0.32185552,-0.09288448,-0.11880573,-0.07996186,-0.02307624,-0.02951612,-0.54295465,0.62465664,2.16063963,-0.32326170,-0.09367650,-0.11418030,-0.22234434,-27.65307201,-2.37021818,-0.37797911,-0.23301422,-0.08473293,-0.60032345,-27.88608623,-2.45495111,-0.60522952,-27.77879769,-2.37139232,-0.00605237,0.00230326,-0.00709874,0.00140618,0.00079202,-0.00462543
4.020,-0.55222957,0.62602990,2.15235136,-0.32265363,-0.09311480,-0.11910033,-0.07965862,-0.02298873,-0.02940419,-0.54622065,0.62371033,2.15948663,-0.32409643,-0.09391510,-0.11446039,-0.22218592,-27.68385860,-2.38333920,-0.37566751,-0.23234678,-0.08466955,-0.59785343,-27.91620537,-2.46800875,-0.60278253,-27.80870072,-2.38426499,-0.00600892,0.00231957,-0.00713527,0.00144280,0.00080030,-0.00463994
4.030,-0.55546008,0.62509760,2.15115889,-0.32344869,-0.09334425,-0.11939381,-0.07935389,-0.02290079,-0.02929171,-0.54949483,0.62276169,2.15833080,-0.32492675,-0.09415223,-0.11474103,-0.22202291,-27.71468961,-2.39648231,-0.37334958,-0.23168319,-0.08460558,-0.59537248,-27.94637280,-2.48108790,-0.60032345,-27.83865442,-2.39715962,-0.00596525,0.00233591,-0.00717191,0.00147806,0.00080798,-0.00465278
4.040,-0.55869853,0.62416302,2.14996349,-0.32424070,-0.09357282,-0.11968616,-0.07904769,-0.02281242,-0.02917868,-0.55277713,0.62181074,2.15717214,-0.32575265,-0.09438790,-0.11502222,-0.22185531,-27.74556419,-2.40964720,-0.37102609,-0.23102165,-0.08454057,-0.59288140,-27.97658584,-2.49418776,-0.59785343,-27.86865791,-2.41007586,-0.00592140,0.00235228,-0.00720865,0.00151195,0.00081508,-0.00466394
4.050,-0.56194489,0.62322615,2.14876517,-0.32502964,-0.09380050,-0.11997738,-0.07874000,-0.02272362,-0.02906510,-0.55606752,0.62085750,2.15601065,-0.32657411,-0.09462212,-0.11530394,-0.22168306,-27.77648224,-2.42283372,-0.36869861,-0.23036496,-0.08447507,-0.59038167,-28.00684721,-2.50730879,-0.59537248,-27.89871040,-2.42301335,-0.00587737,0.00236865,-0.00724548,0.00154447,0.00082162,-0.00467344
4.060,-0.56519911,0.62228701,2.14756394,-0.32581549,-0.09402729,-0.12026746,-0.07843085,-0.02263441,-0.02895098,-0.55936594,0.61990196,2.15484632,-0.32739112,-0.09485490,-0.11558618,-0.22150618,-27.80744295,-2.43604158,-0.36636617,-0.22971106,-0.08440857,-0.58787234,-28.03715401,-2.52045014,-0.59288140,-27.92880923,-2.43597132,-0.00583317,0.00238505,-0.00728238,0.00157563,0.00082761,-0.00468128
4.070,-0.56846119,0.62134561,2.14635982,-0.32659825,-0.09425319,-0.12055640,-0.07812024,-0.02254477,-0.02883633,-0.56267235,0.61894416,2.15367915,-0.32820366,-0.09508624,-0.11586891,-0.22132461,-27.83844561,-2.44927044,-0.36403103,-0.22905955,-0.08434089,-0.58535564,-28.06750515,-2.53361133,-0.59038167,-27.95895708,-2.44895023,-0.00578884,0.00240145,-0.00731933,0.00160541,0.00083305,-0.00468749
4.080,-0.57173107,0.62040195,2.14515282,-0.32737789,-0.09447818,-0.12084419,-0.07780817,-0.02245471,-0.02872114,-0.56598671,0.61798410,2.15250913,-0.32901172,-0.09531615,-0.11615212,-0.22113833,-27.86948988,-2.46252013,-0.36169247,-0.22841103,-0.08427212,-0.58283080,-28.09790090,-2.54679224,-0.58787234,-27.98915107,-2.46194927,-0.00574436,0.00241785,-0.00735631,0.00163383,0.00083797,-0.00469207
4.090,-0.57500873,0.61945605,2.14394294,-0.32815441,-0.09470228,-0.12113082,-0.07749467,-0.02236423,-0.02860541,-0.56930897,0.61702180,2.15133626,-0.32981529,-0.09554463,-0.11643579,-0.22094734,-27.90057497,-2.47579037,-0.35935167,-0.22776493,-0.08420212,-0.58029901,-28.12833990,-2.55999249,-0.58535564,-28.01939010,-2.47496794,-0.00569976,0.00243425,-0.00739332,0.00166088,0.00084235,-0.00469503
4.100,-0.57829415,0.61850791,2.14273021,-0.32892778,-0.09492547,-0.12141630,-0.07717972,-0.02227334,-0.02848916,-0.57263909,0.61605727,2.15016054,-0.33061436,-0.09577171,-0.11671989,-0.22075159,-27.93170043,-2.48908086,-0.35700977,-0.22712121,-0.08413076,-0.57776136,-28.15882163,-2.57321163,-0.58283080,-28.04967444,-2.48800614,-0.00565506,0.00245064,-0.00743033,0.00168658,0.00084624,-0.00469641
4.110,-0.58158728,0.61755754,2.14151462,-0.32969800,-0.09514774,-0.12170060,-0.07686335,-0.02218204,-0.02837238,-0.57597701,0.61509053,2.14898196,-0.33140891,-0.09599738,-0.11700441,-0.22055107,-27.96286577,-2.50239147,-0.35466680,-0.22648054,-0.08405823,-0.57521787,-28.18934631,-2.58644970,-0.58029901,-28.08000270,-2.50106352,-0.00561027,0.00246701,-0.00746734,0.00171091,0.00084964,-0.00469619
4.120,-0.58488810,0.61660495,2.14029620,-0.33046504,-0.09536911,-0.12198374,-0.07654555,-0.02209033,-0.02825507,-0.57932270,0.61412158,2.14780052,-0.33219894,-0.09622165,-0.11728930,-0.22034575,-27.99407026,-2.51572181,-0.35232363,-0.22584206,-0.08398421,-0.57266938,-28.21991232,-2.59970602,-0.57776136,-28.11037440,-2.51413962,-0.00556540,0.00248337,-0.00750432,0.00173390,0.00085254,-0.00469444
4.130,-0.58819657,0.61565016,2.13907495,-0.33122890,-0.09558955,-0.12226570,-0.07622634,-0.02199820,-0.02813724,-0.58267611,0.61315045,2.14661622,-0.33298444,-0.09644454,-0.11757456,-0.22013560,-28.02531309,-2.52907163,-0.34998010,-0.22520408,-0.08390834,-0.57011570,-28.25051717,-2.61297997,-0.57521787,-28.14078972,-2.52723453,-0.00552046,0.00249971,-0.00754127,0.00175554,0.00085499,-0.00469114
4.140,-0.59151266,0.61469317,2.13785089,-0.33198957,-0.09580907,-0.12254648,-0.07590572,-0.02190568,-0.02801889,-0.58603720,0.61217715,2.14542905,-0.33376540,-0.09666604,-0.11786015,-0.21992061,-28.05659389,-2.54244066,-0.34763728,-0.22456763,-0.08383077,-0.56755789,-28.28116151,-2.62627143,-0.57266938,-28.17124704,-2.54034757,-0.00547546,0.00251602,-0.00757816,0.00177583,0.00085697,-0.00468633
4.150,-0.59483635,0.61373398,2.13662403,-0.33274701,-0.09602766,-0.12282608,-0.07558370,-0.02181274,-0.02790002,-0.58940591,0.61120168,2.14423901,-0.33454182,-0.09688617,-0.11814603,-0.21970074,-28.08791227,-2.55582871,-0.34529672,-0.22393419,-0.08375180,-0.56499745,-28.31184646,-2.63958052,-0.57011570,-28.20174390,-2.55347813,-0.00543044,0.00253230,-0.00761498,0.00179481,0.00085851,-0.00468005
4.160,-0.59816759,0.61277262,2.13539437,-0.33350124,-0.09624532,-0.12310448,-0.07526029,-0.02171941,-0.02778064,-0.59278220,0.61022407,2.14304611,-0.33531369,-0.09710493,-0.11843218,-0.21947598,-28.11926721,-2.56923547,-0.34295751,-0.22330099,-0.08367083,-0.56243348,-28.34256821,-2.65290630,-0.56755789,-28.23228091,-2.56662612,-0.00538539,0.00254855,-0.00765174,0.00181245,0.00085961,-0.00467230
4.170,-0.60150636,0.61180908,2.13416194,-0.33425222,-0.09646205,-0.12338169,-0.07493549,-0.02162568,-0.02766075,-0.59616603,0.60924432,2.14185033,-0.33608102,-0.09732233,-0.11871856,-0.21924629,-28.15065849,-2.58266066,-0.34062132,-0.22266996,-0.08358818,-0.55986761,-28.37332845,-2.66624884,-0.56499745,-28.26285919,-2.57979167,-0.00534033,0.00256476,-0.00768839,0.00182880,0.00086028,-0.00466313
4.180,-0.60485263,0.61084338,2.13292674,-0.33499994,-0.09667784,-0.12365770,-0.07460932,-0.02153155,-0.02754035,-0.59955735,0.60826246,2.14065168,-0.33684378,-0.09753839,-0.11900514,-0.21901167,-28.18208531,-2.59610404,-0.33828861,-0.22204004,-0.08350364,-0.55730028,-28.40412535,-2.67960768,-0.56243348,-28.29347493,-2.59297386,-0.00529528,0.00258092,-0.00772494,0.00184384,0.00086055,-0.00465256
4.190,-0.60820635,0.60987553,2.13168879,-0.33574440,-0.09689268,-0.12393250,-0.07428178,-0.02143702,-0.02741945,-0.60295612,0.60727848,2.13945016,-0.33760199,-0.09775310,-0.11929188,-0.21877207,-28.21354699,-2.60956527,-0.33595884,-0.22141013,-0.08341689,-0.55473091,-28.43495712,-2.69298216,-0.55986761,-28.32412983,-2.60617279,-0.00525023,0.00259705,-0.00776137,0.00185759,0.00086042,-0.00464062
4.200,-0.61156750,0.60890553,2.13044810,-0.33648557,-0.09710657,-0.12420608,-0.07395287,-0.02134210,-0.02729804,-0.60636228,0.60629242,2.13824577,-0.33835565,-0.09796648,-0.11957874,-0.21852746,-28.24504320,-2.62304417,-0.33363366,-0.22078192,-0.08332829,-0.55216112,-28.46582512,-2.70637246,-0.55730028,-28.35482205,-2.61938801,-0.00520522,0.00261311,-0.00779767,0.00187008,0.00085991,-0.00462734
4.210,-0.61493605,0.60793340,2.12920467,-0.33722345,-0.09731952,-0.12447845,-0.07362261,-0.02124679,-0.02717613,-0.60977580,0.60530427,2.13703850,-0.33910475,-0.09817853,-0.11986570,-0.21827786,-28.27657314,-2.63654046,-0.33131374,-0.22015491,-0.08323777,-0.54959159,-28.49672805,-2.71977823,-0.55473091,-28.38554978,-2.63261888,-0.00516025,0.00262913,-0.00783383,0.00188130,0.00085901,-0.00461275
4.220,-0.61831196,0.60695914,2.12795853,-0.33795802,-0.09753151,-0.12474960,-0.07329101,-0.02115110,-0.02705373,-0.61319663,0.60431406,2.13582836,-0.33984929,-0.09838926,-0.12015270,-0.21802322,-28.30813635,-2.65005383,-0.32899918,-0.21952886,-0.08314518,-0.54702240,-28.52766521,-2.73319901,-0.55216112,-28.41631439,-2.64586561,-0.00511533,0.00264508,-0.00786983,0.00189127,0.00085775,-0.00459690
4.230,-0.62169520,0.60598277,2.12670968,-0.33868927,-0.09774254,-0.12501953,-0.07295806,-0.02105501,-0.02693083,-0.61662472,0.60332179,2.13461536,-0.34058928,-0.09859869,-0.12043970,-0.21776350,-28.33973200,-2.66358400,-0.32669051,-0.21890305,-0.08305040,-0.54445400,-28.55863505,-2.74663440,-0.54959159,-28.44711457,-2.65912787,-0.00507048,0.00266098,-0.00790568,0.00190001,0.00085615,-0.00457983
4.240,-0.62508574,0.60500429,2.12545814,-0.33941718,-0.09795261,-0.12528822,-0.07262379,-0.02095854,-0.02680744,-0.62006003,0.60232748,2.13339948,-0.34132471,-0.09880681,-0.12072668,-0.21749871,-28.37135971,-2.67713073,-0.32438867,-0.21827838,-0.08295356,-0.54188737,-28.58963809,-2.76008429,-0.54702240,-28.47794963,-2.67240521,-0.00502571,0.00267681,-0.00794134,0.00190753,0.00085420,-0.00456154
4.250,-0.62848353,0.60402372,2.12420392,-0.34014174,-0.09816171,-0.12555567,-0.07228819,-0.02086169,-0.02668356,-0.62350252,0.60133113,2.13218074,-0.34205560,-0.09901363,-0.12101358,-0.21722879,-28.40301862,-2.69069368,-0.32209280,-0.21765301,-0.08285426,-0.53932159,-28.62067163,-2.77354795,-0.54445400,-28.50881800,-2.68569726,-0.00498101,0.00269259,-0.00797682,0.00191386,0.00085192,-0.00454209
4.260,-0.63188856,0.60304106,2.12294704,-0.34086294,-0.09836984,-0.12582189,-0.07195127,-0.02076446,-0.02655919,-0.62695213,0.60033278,2.13095913,-0.34278195,-0.09921917,-0.12130036,-0.21695374,-28.43470830,-2.70427259,-0.31980513,-0.21702840,-0.08275279,-0.53675886,-28.65173670,-2.78702539,-0.54188737,-28.53972020,-2.69900394,-0.00493643,0.00270828,-0.00801209,0.00191901,0.00084933,-0.00452153
4.270,-0.63530078,0.60205633,2.12168749,-0.34158076,-0.09857700,-0.12608686,-0.07161304,-0.02066685,-0.02643434,-0.63040882,0.59933241,2.12973466,-0.34350375,-0.09942343,-0.12158698,-0.21667352,-28.46642804,-2.71786726,-0.31752513,-0.21640418,-0.08264914,-0.53419865,-28.68283222,-2.80051641,-0.53932159,-28.57065353,-2.71232452,-0.00489196,0.00272392,-0.00804717,0.00192299,0.00084643,-0.00449988
4.280,-0.63872016,0.60106953,2.12042530,-0.34229519,-0.09878318,-0.12635057,-0.07127351,-0.02056887,-0.02630902,-0.63387255,0.59833006,2.12850734,-0.34422103,-0.09962641,-0.12187340,-0.21638812,-28.49817736,-2.73147737,-0.31525360,-0.21578056,-0.08254329,-0.53164172,-28.71395792,-2.81402065,-0.53675886,-28.60161902,-2.72565906,-0.00484761,0.00273947,-0.00808204,0.00192584,0.00084323,-0.00447717
4.290,-0.64214667,0.60008067,2.11916048,-0.34300622,-0.09898837,-0.12661304,-0.07093269,-0.02047051,-0.02618321,-0.63734327,0.59732573,2.12727715,-0.34493378,-0.09982813,-0.12215957,-0.21609752,-28.52995564,-2.74510263,-0.31299132,-0.21515780,-0.08243529,-0.52908884,-28.74511344,-2.82753793,-0.53419865,-28.63261557,-2.73900737,-0.00480340,0.00275494,-0.00811667,0.00192756,0.00083976,-0.00445347
4.300,-0.64558028,0.59908976,2.11789305,-0.34371384,-0.09919259,-0.12687424,-0.07059058,-0.02037178,-0.02605693,-0.64082093,0.59631943,2.12604412,-0.34564201,-0.10002860,-0.12244544,-0.21580169,-28.56176223,-2.75874274,-0.31073891,-0.21453562,-0.08232506,-0.52654060,-28.77629784,-2.84106780,-0.53164172,-28.66364292,-2.75236912,-0.00475935,0.00277033,-0.00815107,0.00192817,0.00083601,-0.00442880
4.310,-0.64902094,0.59809682,2.11662300,-0.34441803,-0.09939581,-0.12713417,-0.07024719,-0.02027268,-0.02593017,-0.64430550,0.59531117,2.12480825,-0.34634574,-0.10022781,-0.12273098,-0.21550059,-28.59359639,-2.77239748,-0.30849575,-0.21391338,-0.08221254,-0.52399635,-28.80750976,-2.85461002,-0.52908884,-28.69470071,-2.76574414,-0.00471544,0.00278565,-0.00818525,0.00192771,0.00083200,-0.00440319
4.320,-0.65246863,0.59710185,2.11535037,-0.34511878,-0.09959804,-0.12739284,-0.06990253,-0.02017321,-0.02580295,-0.64779693,0.59430098,2.12356953,-0.34704497,-0.10042578,-0.12301613,-0.21519423,-28.62545758,-2.78606646,-0.30626311,-0.21329125,-0.08209767,-0.52145734,-28.83874884,-2.86816413,-0.52654060,-28.72578799,-2.77913201,-0.00467170,0.00280087,-0.00821916,0.00192619,0.00082774,-0.00437671
4.330,-0.65592330,0.59610486,2.11407515,-0.34581608,-0.09979927,-0.12765023,-0.06955661,-0.02007338,-0.02567526,-0.65129517,0.59328885,2.12232798,-0.34773971,-0.10062252,-0.12330084,-0.21488257,-28.65734535,-2.79974955,-0.30404095,-0.21267044,-0.08198081,-0.51892352,-28.87001578,-2.88173036,-0.52399635,-28.75690339,-2.79253252,-0.00462813,0.00281601,-0.00825283,0.00192363,0.00082325,-0.00434939
4.340,-0.65938494,0.59510587,2.11279737,-0.34650991,-0.09999950,-0.12790634,-0.06920942,-0.01997319,-0.02554710,-0.65480018,0.59227480,2.12108360,-0.34842997,-0.10081804,-0.12358508,-0.21456556,-28.68925869,-2.81344629,-0.30183025,-0.21204858,-0.08186137,-0.51639581,-28.90130727,-2.89530765,-0.52145734,-28.78804655,-2.80594523,-0.00458476,0.00283107,-0.00828623,0.00192006,0.00081854,-0.00432126
4.350,-0.66285349,0.59410487,2.11151703,-0.34720026,-0.10019873,-0.12816117,-0.06886099,-0.01987264,-0.02541849,-0.65831191,0.59125885,2.11983640,-0.34911576,-0.10101233,-0.12386880,-0.21424323,-28.72119759,-2.82715659,-0.29963119,-0.21142951,-0.08174026,-0.51387441,-28.93262710,-2.90889685,-0.51892352,-28.81921817,-2.81937038,-0.00454158,0.00284602,-0.00831937,0.00191550,0.00081360,-0.00429237
4.360,-0.66632893,0.59310190,2.11023415,-0.34788712,-0.10039696,-0.12841471,-0.06851132,-0.01977172,-0.02528941,-0.66183032,0.59024100,2.11858639,-0.34979710,-0.10120542,-0.12415195,-0.21391552,-28.75316059,-2.84087995,-0.29744349,-0.21080829,-0.08161637,-0.51135901,-28.96396889,-2.92249632,-0.51639581,-28.85041493,-2.83280696,-0.00449861,0.00286090,-0.00835224,0.00190998,0.00080846,-0.00426276
4.370,-0.66981122,0.59209694,2.10894874,-0.34857048,-0.10059417,-0.12866696,-0.06816042,-0.01967046,-0.02515989,-0.66535537,0.58922127,2.11733357,-0.35047401,-0.10139730,-0.12443447,-0.21358244,-28.78514790,-2.85461628,-0.29526865,-0.21018961,-0.08149077,-0.50885109,-28.99533751,-2.93610704,-0.51387441,-28.88164063,-2.84625582,-0.00445585,0.00287567,-0.00838483,0.00190353,0.00080313,-0.00423249
4.380,-0.67330033,0.59109002,2.10766081,-0.34925033,-0.10079036,-0.12891791,-0.06780828,-0.01956883,-0.02502990,-0.66888701,0.58819967,2.11607795,-0.35114648,-0.10158799,-0.12471634,-0.21324390,-28.81715835,-2.86836517,-0.29310648,-0.20957070,-0.08136285,-0.50635039,-29.02672905,-2.94972803,-0.51135901,-28.91288886,-2.85971535,-0.00441332,0.00289035,-0.00841714,0.00189615,0.00079763,-0.00420157
4.390,-0.67679622,0.59008113,2.10637038,-0.34992665,-0.10098554,-0.12916755,-0.06745493,-0.01946686,-0.02489947,-0.67242519,0.58717621,2.11481954,-0.35181454,-0.10177749,-0.12499749,-0.21289996,-28.84919182,-2.88212645,-0.29095783,-0.20895441,-0.08123326,-0.50385779,-29.05814623,-2.96335971,-0.50885109,-28.94416452,-2.87318656,-0.00437103,0.00290492,-0.00844916,0.00188789,0.00079195,-0.00417006
4.400,-0.68029885,0.58907031,2.10507747,-0.35059942,-0.10117970,-0.12941589,-0.06710037,-0.01936454,-0.02476859,-0.67596989,0.58615091,2.11355835,-0.35247821,-0.10196581,-0.12527789,-0.21255055,-28.88124691,-2.89589958,-0.28882116,-0.20833550,-0.08110080,-0.50137171,-29.08958240,-2.97700039,-0.50635039,-28.97546366,-2.88666849,-0.00432896,0.00291940,-0.00848088,0.00187879,0.00078611,-0.00413800
4.410,-0.68380819,0.58805754,2.10378207,-0.35126865,-0.10137283,-0.12966292,-0.06674460,-0.01926186,-0.02463727,-0.67952104,0.58512376,2.11229439,-0.35313749,-0.10215296,-0.12555749,-0.21219565,-28.91332382,-2.90968460,-0.28669909,-0.20772043,-0.08096704,-0.49889474,-29.12104425,-2.99065164,-0.50385779,-29.00678903,-2.90016157,-0.00428715,0.00293378,-0.00851232,0.00186884,0.00078013,-0.00410543
4.420,-0.68732421,0.58704285,2.10248421,-0.35193431,-0.10156494,-0.12990864,-0.06638764,-0.01915885,-0.02450550,-0.68307861,0.58409479,2.11102766,-0.35379240,-0.10233894,-0.12583623,-0.21183527,-28.94542142,-2.92348100,-0.28459092,-0.20710526,-0.08083104,-0.49642619,-29.15252667,-3.00431204,-0.50137171,-29.03813396,-2.91366415,-0.00424560,0.00294806,-0.00854345,0.00185809,0.00077400,-0.00407241
4.430,-0.69084687,0.58602625,2.10118390,-0.35259640,-0.10175601,-0.13015303,-0.06602948,-0.01905549,-0.02437330,-0.68664256,0.58306401,2.10975819,-0.35444297,-0.10252377,-0.12611409,-0.21146933,-28.97753904,-2.93728851,-0.28249674,-0.20648991,-0.08069283,-0.49396607,-29.18402895,-3.01798133,-0.49889474,-29.06950512,-2.92717782,-0.00420431,0.00296224,-0.00857429,0.00184657,0.00076776,-0.00403894
4.440,-0.69437613,0.58500774,2.09988116,-0.35325490,-0.10194604,-0.13039610,-0.06567015,-0.01895179,-0.02424066,-0.69021284,0.58203143,2.10848597,-0.35508920,-0.10270745,-0.12639100,-0.21109786,-29.00967629,-2.95110685,-0.28041687,-0.20587570,-0.08055269,-0.49151474,-29.21555200,-3.03165954,-0.49642619,-29.10089743,-2.94070118,-0.00416329,0.00297631,-0.00860481,0.00183430,0.00076141,-0.00400510
4.450,-0.69791195,0.58398733,2.09857598,-0.35390980,-0.10213504,-0.13063784,-0.06530964,-0.01884775,-0.02410759,-0.69378940,0.58099705,2.10721102,-0.35573112,-0.10288999,-0.12666693,-0.21072082,-29.04183269,-2.96493588,-0.27835188,-0.20526456,-0.08041116,-0.48907271,-29.24709726,-3.04534704,-0.49396607,-29.13231014,-2.95423398,-0.00412255,0.00299028,-0.00863504,0.00182132,0.00075495,-0.00397091
4.460,-0.70145431,0.58296504,2.09726840,-0.35456109,-0.10232300,-0.13087825,-0.06494797,-0.01874337,-0.02397408,-0.69737222,0.57996089,2.10593336,-0.35636874,-0.10307140,-0.12694182,-0.21033820,-29.07400721,-2.97877508,-0.27630194,-0.20465331,-0.08026747,-0.48664014,-29.27866052,-3.05904255,-0.49151474,-29.16374418,-2.96777628,-0.00408209,0.00300415,-0.00866496,0.00180765,0.00074840,-0.00393643
4.470,-0.70500316,0.58194088,2.09595842,-0.35520875,-0.10250991,-0.13111732,-0.06458514,-0.01863866,-0.02384015,-0.70096124,0.57892297,2.10465299,-0.35700208,-0.10325168,-0.12721564,-0.20994996,-29.10619932,-2.99262424,-0.27426661,-0.20404268,-0.08012186,-0.48421658,-29.31024200,-3.07274610,-0.48907271,-29.19520099,-2.98132848,-0.00404192,0.00301791,-0.00869457,0.00179333,0.00074177,-0.00390168
4.480,-0.70855847,0.58091485,2.09464606,-0.35585279,-0.10269577,-0.13135506,-0.06422115,-0.01853362,-0.02370579,-0.70455643,0.57788329,2.10336992,-0.35763116,-0.10343085,-0.12748835,-0.20955608,-29.13840859,-3.00648310,-0.27224702,-0.20343423,-0.07997467,-0.48180310,-29.34184282,-3.08645777,-0.48664014,-29.22667634,-2.99488932,-0.00400204,0.00303156,-0.00872386,0.00177837,0.00073508,-0.00386671
4.490,-0.71212021,0.57988696,2.09333133,-0.35649317,-0.10288058,-0.13159144,-0.06385602,-0.01842825,-0.02357102,-0.70815773,0.57684185,2.10208418,-0.35825600,-0.10360891,-0.12775989,-0.20915655,-29.17063444,-3.02035137,-0.27024354,-0.20282828,-0.07982602,-0.47940009,-29.37346271,-3.10017739,-0.48421658,-29.25817045,-3.00845884,-0.00396248,0.00304511,-0.00875285,0.00176283,0.00072833,-0.00383155
4.500,-0.71568832,0.57885724,2.09201424,-0.35712990,-0.10306433,-0.13182647,-0.06348976,-0.01832255,-0.02343582,-0.71176512,0.57579869,2.10079576,-0.35887662,-0.10378587,-0.12803024,-0.20875135,-29.20287575,-3.03422867,-0.26825428,-0.20222179,-0.07967528,-0.47700564,-29.40509754,-3.11390395,-0.48180310,-29.28968444,-3.02203714,-0.00392320,0.00305855,-0.00878152,0.00174672,0.00072154,-0.00379623
4.510,-0.71926279,0.57782568,2.09069480,-0.35776296,-0.10324703,-0.13206015,-0.06312237,-0.01821652,-0.02330020,-0.71537854,0.57475379,2.09950470,-0.35949304,-0.10396174,-0.12829933,-0.20834046,-29.23513243,-3.04811484,-0.26628195,-0.20161893,-0.07952342,-0.47462241,-29.43675136,-3.12763825,-0.47940009,-29.32121804,-3.03562408,-0.00388425,0.00307189,-0.00880990,0.00173008,0.00071471,-0.00376082
4.520,-0.72284357,0.57679230,2.08937304,-0.35839235,-0.10342866,-0.13229248,-0.06275385,-0.01811017,-0.02316417,-0.71899796,0.57370718,2.09821099,-0.36010528,-0.10413653,-0.12856714,-0.20792384,-29.26740351,-3.06200942,-0.26432513,-0.20101673,-0.07936975,-0.47224897,-29.46842024,-3.14137917,-0.47700564,-29.35276710,-3.04921866,-0.00384561,0.00308512,-0.00883795,0.00171293,0.00070787,-0.00372534
4.530,-0.72643063,0.57575711,2.08804896,-0.35901804,-0.10360923,-0.13252344,-0.06238423,-0.01800350,-0.02302773,-0.72262333,0.57265887,2.09691466,-0.36071335,-0.10431024,-0.12883363,-0.20750151,-29.29968847,-3.07591222,-0.26238450,-0.20041649,-0.07921464,-0.46988601,-29.50010496,-3.15512685,-0.47462241,-29.38433568,-3.06282171,-0.00380730,0.00309824,-0.00886570,0.00169531,0.00070101,-0.00368981
4.540,-0.73002392,0.57472012,2.08672257,-0.35964003,-0.10378873,-0.13275303,-0.06201349,-0.01789651,-0.02289089,-0.72625463,0.57160886,2.09561572,-0.36131728,-0.10448288,-0.12909874,-0.20707339,-29.33198669,-3.08982294,-0.26045954,-0.19981841,-0.07905818,-0.46753293,-29.53180510,-3.16888112,-0.47224897,-29.41591984,-3.07643212,-0.00376929,0.00311126,-0.00889315,0.00167725,0.00069415,-0.00365429
4.550,-0.73362341,0.57368134,2.08539390,-0.36025830,-0.10396716,-0.13298125,-0.06164166,-0.01778920,-0.02275363,-0.72989179,0.57055717,2.09431418,-0.36191710,-0.10465446,-0.12936245,-0.20663951,-29.36429746,-3.10374120,-0.25855036,-0.19922167,-0.07890017,-0.46518987,-29.56351913,-3.18264138,-0.46988601,-29.44752035,-3.09005006,-0.00373162,0.00312417,-0.00892028,0.00165880,0.00068730,-0.00361880
4.560,-0.73722907,0.57264078,2.08406295,-0.36087286,-0.10414452,-0.13320810,-0.06126874,-0.01768158,-0.02261598,-0.73353479,0.56950380,2.09301007,-0.36251281,-0.10482499,-0.12962472,-0.20619985,-29.39662025,-3.11766679,-0.25665791,-0.19862763,-0.07874100,-0.46285776,-29.59524788,-3.19640779,-0.46753293,-29.47913681,-3.10367536,-0.00369428,0.00313698,-0.00894712,0.00163995,0.00068047,-0.00358338
4.570,-0.74084086,0.57159845,2.08272974,-0.36148367,-0.10432079,-0.13343357,-0.06089473,-0.01757365,-0.02247792,-0.73718358,0.56844878,2.09170339,-0.36310445,-0.10499448,-0.12988551,-0.20575435,-29.42895440,-3.13159937,-0.25478164,-0.19803565,-0.07858054,-0.46053600,-29.62699004,-3.21017991,-0.46518987,-29.51076765,-3.11730744,-0.00365728,0.00314967,-0.00897365,0.00162078,0.00067369,-0.00354806
4.580,-0.74445873,0.57055437,2.08139429,-0.36209075,-0.10449599,-0.13365766,-0.06051965,-0.01746540,-0.02233947,-0.74083813,0.56739209,2.09039416,-0.36369203,-0.10516293,-0.13014478,-0.20530304,-29.46129899,-3.14553854,-0.25292062,-0.19744413,-0.07841844,-0.45822366,-29.65874312,-3.22395698,-0.46285776,-29.54241373,-3.13094650,-0.00362060,0.00316228,-0.00899987,0.00160128,0.00066694,-0.00351288
4.590,-0.74808266,0.56950854,2.08005660,-0.36269406,-0.10467010,-0.13388036,-0.06014349,-0.01735685,-0.02220062,-0.74449839,0.56633377,2.08908241,-0.36427558,-0.10533036,-0.13040249,-0.20484585,-29.49365376,-3.15948416,-0.25107628,-0.19685572,-0.07825538,-0.45592212,-29.69050948,-3.23773954,-0.46053600,-29.57407372,-3.14459209,-0.00358427,0.00317477,-0.00902581,0.00158152,0.00066026,-0.00347787
4.600,-0.75171260,0.56846097,2.07871668,-0.36329361,-0.10484312,-0.13410167,-0.05976628,-0.01724799,-0.02206138,-0.74816433,0.56527381,2.08776814,-0.36485511,-0.10549677,-0.13065862,-0.20438280,-29.52601810,-3.17343594,-0.24924815,-0.19627082,-0.07809151,-0.45363096,-29.72228892,-3.25152745,-0.45822366,-29.60574513,-3.15824348,-0.00354827,0.00318716,-0.00905146,0.00156150,0.00065365,-0.00344305
4.610,-0.75534852,0.56741168,2.07737457,-0.36388939,-0.10501506,-0.13432159,-0.05938802,-0.01713882,-0.02192175,-0.75183590,0.56421222,2.08645137,-0.36543064,-0.10566217,-0.13091312,-0.20391388,-29.55839098,-3.18739337,-0.24743578,-0.19568650,-0.07792612,-0.45134966,-29.75407749,-3.26531949,-0.45592212,-29.63743030,-3.17190122,-0.00351262,0.00319946,-0.00907680,0.00154125,0.00064711,-0.00340847
4.620,-0.75899038,0.56636067,2.07603026,-0.36448137,-0.10518590,-0.13454010,-0.05900870,-0.01702936,-0.02178174,-0.75551307,0.56314903,2.08513213,-0.36600221,-0.10582656,-0.13116597,-0.20343902,-29.59077220,-3.20135636,-0.24563963,-0.19510579,-0.07775999,-0.44907865,-29.78587799,-3.27911635,-0.45363096,-29.66912905,-3.18556519,-0.00347731,0.00321164,-0.00910187,0.00152084,0.00064066,-0.00337413
4.630,-0.76263814,0.56530796,2.07468377,-0.36506956,-0.10535564,-0.13475722,-0.05862835,-0.01691959,-0.02164134,-0.75919580,0.56208422,2.08381042,-0.36656983,-0.10598996,-0.13141713,-0.20295825,-29.62316083,-3.21532451,-0.24385918,-0.19452705,-0.07759279,-0.44681743,-29.81768789,-3.29291731,-0.45134966,-29.70083741,-3.19923418,-0.00344234,0.00322374,-0.00912665,0.00150027,0.00063432,-0.00334009
4.640,-0.76629176,0.56425356,2.07333512,-0.36565393,-0.10552429,-0.13497293,-0.05824697,-0.01680953,-0.02150056,-0.76288404,0.56101783,2.08248627,-0.36713351,-0.10615237,-0.13166657,-0.20247154,-29.65555626,-3.22929750,-0.24209398,-0.19395007,-0.07742449,-0.44456553,-29.84950633,-3.30672199,-0.44907865,-29.73255818,-3.21290890,-0.00340772,0.00323573,-0.00915115,0.00147958,0.00062808,-0.00330636
4.650,-0.76995120,0.56319748,2.07198432,-0.36623449,-0.10569183,-0.13518723,-0.05786457,-0.01669917,-0.02135940,-0.76657777,0.55994985,2.08115970,-0.36769329,-0.10631381,-0.13191427,-0.20197888,-29.68795786,-3.24327503,-0.24034399,-0.19337506,-0.07725518,-0.44232287,-29.88133291,-3.32053021,-0.44681743,-29.76428883,-3.22658863,-0.00337343,0.00324763,-0.00917538,0.00145880,0.00062198,-0.00327296
4.660,-0.77361643,0.56213973,2.07063138,-0.36681122,-0.10585827,-0.13540012,-0.05748115,-0.01658852,-0.02121787,-0.77027694,0.55888029,2.07983072,-0.36824918,-0.10647427,-0.13216018,-0.20148023,-29.72036505,-3.25725684,-0.23860966,-0.19280280,-0.07708510,-0.44008988,-29.91316784,-3.33434195,-0.44456553,-29.79602850,-3.24027302,-0.00333949,0.00325944,-0.00919934,0.00143796,0.00061600,-0.00323994
4.670,-0.77728741,0.56108032,2.06927632,-0.36738411,-0.10602360,-0.13561159,-0.05709672,-0.01647758,-0.02107597,-0.77398151,0.55780917,2.07849935,-0.36880121,-0.10663377,-0.13240429,-0.20097558,-29.75277719,-3.27124260,-0.23689058,-0.19223286,-0.07691417,-0.43786616,-29.94501004,-3.34815676,-0.44232287,-29.82777678,-3.25396191,-0.00330590,0.00327115,-0.00922303,0.00141710,0.00061017,-0.00320730
4.680,-0.78096410,0.56001926,2.06791915,-0.36795315,-0.10618782,-0.13582163,-0.05671129,-0.01636635,-0.02093370,-0.77769145,0.55673649,2.07716562,-0.36934939,-0.10679231,-0.13264656,-0.20046492,-29.78519367,-3.28523202,-0.23518661,-0.19166568,-0.07674253,-0.43565152,-29.97685935,-3.36197455,-0.44008988,-29.85953388,-3.26765525,-0.00327265,0.00328277,-0.00924647,0.00139624,0.00060449,-0.00317507
4.690,-0.78464646,0.55895657,2.06655989,-0.36851833,-0.10635093,-0.13603026,-0.05632487,-0.01625483,-0.02079106,-0.78140672,0.55566226,2.07582954,-0.36989374,-0.10694990,-0.13288698,-0.19994823,-29.81761362,-3.29922471,-0.23349698,-0.19109959,-0.07656983,-0.43344522,-30.00871320,-3.37579455,-0.43786616,-29.89129870,-3.28135266,-0.00323974,0.00329431,-0.00926965,0.00137541,0.00059897,-0.00314328
4.700,-0.78833446,0.55789225,2.06519855,-0.36907965,-0.10651292,-0.13623745,-0.05593746,-0.01614302,-0.02064805,-0.78512728,0.55458650,2.07449113,-0.37043429,-0.10710656,-0.13312551,-0.19942549,-29.85003665,-3.31322046,-0.23182255,-0.19053646,-0.07639656,-0.43124805,-30.04057311,-3.38961701,-0.43565152,-29.92307109,-3.29505400,-0.00320718,0.00330575,-0.00929258,0.00135464,0.00059364,-0.00311194
4.710,-0.79202804,0.55682631,2.06383515,-0.36963708,-0.10667379,-0.13644322,-0.05554907,-0.01603094,-0.02050469,-0.78885309,0.55350920,2.07315041,-0.37097105,-0.10726227,-0.13336212,-0.19889670,-29.88246219,-3.32721893,-0.23016163,-0.18997593,-0.07622264,-0.42905833,-30.07243812,-3.40344156,-0.43344522,-29.95484849,-3.30875856,-0.00317495,0.00331711,-0.00931526,0.00133397,0.00058848,-0.00308110
4.720,-0.79572719,0.55575877,2.06246969,-0.37019063,-0.10683354,-0.13664755,-0.05515971,-0.01591857,-0.02036097,-0.79258412,0.55243039,2.07180740,-0.37150405,-0.10741707,-0.13359681,-0.19836182,-29.91488940,-3.34121984,-0.22851571,-0.18941792,-0.07604814,-0.42687753,-30.10430732,-3.41726798,-0.43124805,-29.98663239,-3.32246658,-0.00314307,0.00332838,-0.00933771,0.00131342,0.00058353,-0.00305074
4.730,-0.79943184,0.55468964,2.06110220,-0.37074027,-0.10699216,-0.13685044,-0.05476939,-0.01580593,-0.02021689,-0.79632033,0.55135006,2.07046212,-0.37203330,-0.10757094,-0.13382953,-0.19782086,-29.94731762,-3.35522281,-0.22688219,-0.18886089,-0.07587271,-0.42470305,-30.13617851,-3.43109552,-0.42905833,-30.01842185,-3.33617771,-0.00311151,0.00333958,-0.00935992,0.00129303,0.00057878,-0.00302091
4.740,-0.80314198,0.55361893,2.05973269,-0.37128601,-0.10714965,-0.13705188,-0.05437812,-0.01569301,-0.02007246,-0.80006169,0.55026823,2.06911459,-0.37255882,-0.10772389,-0.13406028,-0.19727380,-29.97974624,-3.36922755,-0.22526280,-0.18830570,-0.07569659,-0.42253660,-30.16805194,-3.44492413,-0.42687753,-30.05021593,-3.34989172,-0.00308029,0.00335070,-0.00938190,0.00127281,0.00057424,-0.00299160
4.750,-0.80685755,0.55254666,2.05836117,-0.37182783,-0.10730602,-0.13725188,-0.05398589,-0.01557982,-0.01992768,-0.80380815,0.54918491,2.06776484,-0.37308064,-0.10787594,-0.13428903,-0.19672060,-30.01217445,-3.38323373,-0.22365568,-0.18775119,-0.07551957,-0.42037628,-30.19992564,-3.45875330,-0.42470305,-30.08201246,-3.36360787,-0.00304940,0.00336175,-0.00940367,0.00125281,0.00056992,-0.00296285
4.760,-0.81057852,0.55147282,2.05698765,-0.37236572,-0.10746125,-0.13745044,-0.05359273,-0.01546636,-0.01978255,-0.80755968,0.54810011,2.06641288,-0.37359876,-0.10802709,-0.13451576,-0.19616128,-30.04460214,-3.39724119,-0.22206200,-0.18720088,-0.07534250,-0.41822328,-30.23180302,-3.47258370,-0.42253660,-30.11381166,-3.37732615,-0.00301884,0.00337271,-0.00942523,0.00123304,0.00056584,-0.00293468
4.770,-0.81430485,0.55039743,2.05561216,-0.37289968,-0.10761534,-0.13764753,-0.05319863,-0.01535262,-0.01963708,-0.81131624,0.54701383,2.06505874,-0.37411321,-0.10817735,-0.13474046,-0.19559580,-30.07702835,-3.41124948,-0.22048071,-0.18665204,-0.07516475,-0.41607651,-30.26368039,-3.48641424,-0.42037628,-30.14561158,-3.39104603,-0.00298861,0.00338360,-0.00944658,0.00121353,0.00056201,-0.00290707
4.780,-0.81803650,0.54932052,2.05423471,-0.37342969,-0.10776830,-0.13784318,-0.05280361,-0.01523862,-0.01949126,-0.81507781,0.54592608,2.06370243,-0.37462400,-0.10832671,-0.13496310,-0.19502416,-30.10945205,-3.42525822,-0.21891073,-0.18610233,-0.07498585,-0.41393489,-30.29555438,-3.50024406,-0.41822328,-30.17741562,-3.40476819,-0.00295869,0.00339444,-0.00946772,0.00119431,0.00055841,-0.00288008
4.790,-0.82177343,0.54824207,2.05285530,-0.37395575,-0.10792012,-0.13803736,-0.05240766,-0.01512436,-0.01934511,-0.81884433,0.54483687,2.06234397,-0.37513115,-0.10847520,-0.13518367,-0.19444633,-30.14187342,-3.43926734,-0.21735329,-0.18555738,-0.07480714,-0.41179962,-30.32743080,-3.51407448,-0.41607651,-30.20922007,-3.41849155,-0.00292910,0.00340520,-0.00948867,0.00117540,0.00055508,-0.00285369
4.800,-0.82551560,0.54716212,2.05147397,-0.37447784,-0.10807079,-0.13823008,-0.05201081,-0.01500983,-0.01919862,-0.82261579,0.54374622,2.06098340,-0.37563468,-0.10862280,-0.13540215,-0.19386233,-30.17429099,-3.45327623,-0.21580614,-0.18501063,-0.07462711,-0.40966846,-30.35930162,-3.52790335,-0.41393489,-30.24102157,-3.43221527,-0.00289981,0.00341590,-0.00950943,0.00115684,0.00055201,-0.00282793
4.810,-0.82926298,0.54608066,2.05009071,-0.37499596,-0.10822031,-0.13842133,-0.05161306,-0.01489504,-0.01905180,-0.82639213,0.54265412,2.05962072,-0.37613460,-0.10876954,-0.13561853,-0.19327212,-30.20670477,-3.46728485,-0.21427094,-0.18446730,-0.07444704,-0.40754306,-30.39117207,-3.54173190,-0.41179962,-30.27282593,-3.44594065,-0.00287085,0.00342654,-0.00953001,0.00113864,0.00054923,-0.00280280
4.820,-0.83301551,0.54499771,2.04870554,-0.37551010,-0.10836869,-0.13861111,-0.05121441,-0.01478000,-0.01890465,-0.83017333,0.54156059,2.05825596,-0.37663093,-0.10891540,-0.13583279,-0.19267570,-30.23911389,-3.48129281,-0.21274563,-0.18392546,-0.07426653,-0.40542132,-30.42303935,-3.55555934,-0.40966846,-30.30462512,-3.45966556,-0.00284218,0.00343712,-0.00955042,0.00112083,0.00054671,-0.00277832
4.830,-0.83677316,0.54391329,2.04731849,-0.37602025,-0.10851591,-0.13879942,-0.05081487,-0.01466469,-0.01875717,-0.83395935,0.54046563,2.05688915,-0.37712368,-0.10906041,-0.13604492,-0.19207303,-30.27151740,-3.49529964,-0.21122963,-0.18338235,-0.07408493,-0.40330266,-30.45489976,-3.56938457,-0.40754306,-30.33642436,-3.47339124,-0.00281381,0.00344766,-0.00957066,0.00110343,0.00054450,-0.00275450
4.840,-0.84053590,0.54282740,2.04592956,-0.37652640,-0.10866198,-0.13898625,-0.05041445,-0.01454914,-0.01860936,-0.83775015,0.53936926,2.05552030,-0.37761287,-0.10920455,-0.13625491,-0.19146413,-30.30391505,-3.50930521,-0.20972392,-0.18284102,-0.07390300,-0.40118805,-30.48675607,-3.58320821,-0.40542132,-30.36822085,-3.48711690,-0.00278575,0.00345814,-0.00959074,0.00108647,0.00054257,-0.00273134
4.850,-0.84430368,0.54174005,2.04453877,-0.37702854,-0.10880689,-0.13917161,-0.05001316,-0.01443333,-0.01846123,-0.84154571,0.53827149,2.05414944,-0.37809850,-0.10934784,-0.13646275,-0.19084898,-30.33630618,-3.52330916,-0.20822740,-0.18230101,-0.07372068,-0.39907639,-30.51860719,-3.59702984,-0.40330266,-30.40001089,-3.50084144,-0.00275797,0.00346856,-0.00961067,0.00106996,0.00054095,-0.00270886
4.860,-0.84807646,0.54065127,2.04314613,-0.37752666,-0.10895065,-0.13935548,-0.04961100,-0.01431727,-0.01831279,-0.84534598,0.53717231,2.05277659,-0.37858060,-0.10949029,-0.13666842,-0.19022756,-30.36868976,-3.53731111,-0.20673892,-0.18175963,-0.07353740,-0.39696649,-30.55044939,-3.61084851,-0.40118805,-30.43179726,-3.51456550,-0.00273048,0.00347896,-0.00963046,0.00105394,0.00053964,-0.00268706
4.870,-0.85185420,0.53956105,2.04175167,-0.37802075,-0.10909324,-0.13953786,-0.04920799,-0.01420096,-0.01816402,-0.84915093,0.53607174,2.05140176,-0.37905918,-0.10963188,-0.13687191,-0.18959988,-30.40106555,-3.55131079,-0.20525858,-0.18121881,-0.07335357,-0.39485846,-30.58228436,-3.62466436,-0.39907639,-30.46357885,-3.52828864,-0.00270327,0.00348931,-0.00965009,0.00103843,0.00053864,-0.00266595
4.880,-0.85563686,0.53846941,2.04035538,-0.37851081,-0.10923466,-0.13971876,-0.04880412,-0.01408441,-0.01801494,-0.85296052,0.53496980,2.05002499,-0.37953424,-0.10977264,-0.13707323,-0.18896589,-30.43343288,-3.56530797,-0.20378614,-0.18067898,-0.07316942,-0.39275204,-30.61411186,-3.63847739,-0.39696649,-30.49535194,-3.54200993,-0.00267634,0.00349961,-0.00966961,0.00102343,0.00053798,-0.00264553
4.890,-0.85942440,0.53737636,2.03895729,-0.37899683,-0.10937492,-0.13989816,-0.04839941,-0.01396762,-0.01786555,-0.85677472,0.53386647,2.04864629,-0.38000579,-0.10991255,-0.13727235,-0.18832562,-30.46579105,-3.57930227,-0.20232094,-0.18013923,-0.07298471,-0.39064656,-30.64593028,-3.65228698,-0.39485846,-30.52711821,-3.55572950,-0.00264968,0.00350989,-0.00968900,0.00100896,0.00053763,-0.00262581
4.900,-0.86321678,0.53628191,2.03755742,-0.37947880,-0.10951402,-0.14007607,-0.04799387,-0.01385058,-0.01771586,-0.86059351,0.53276178,2.04726569,-0.38047386,-0.11005163,-0.13746927,-0.18767906,-30.49813943,-3.59329335,-0.20086249,-0.17959939,-0.07279942,-0.38854155,-30.67773882,-3.66609277,-0.39275204,-30.55887744,-3.56944737,-0.00262327,0.00352013,-0.00970827,0.00099506,0.00053761,-0.00260680
4.910,-0.86701396,0.53518608,2.03615578,-0.37995671,-0.10965194,-0.14025248,-0.04758750,-0.01373330,-0.01756586,-0.86441683,0.53165574,2.04588321,-0.38093844,-0.11018987,-0.13766399,-0.18702617,-30.53047721,-3.60728088,-0.19940997,-0.17905795,-0.07261326,-0.38643614,-30.70953516,-3.67989415,-0.39064656,-30.59062799,-3.58316291,-0.00259713,0.00353034,-0.00972743,0.00098173,0.00053793,-0.00258849
4.920,-0.87081590,0.53408888,2.03475238,-0.38043055,-0.10978868,-0.14042738,-0.04718031,-0.01361579,-0.01741555,-0.86824466,0.53054834,2.04449887,-0.38139954,-0.11032728,-0.13785649,-0.18636695,-30.56280384,-3.62126460,-0.19796306,-0.17851535,-0.07242637,-0.38433001,-30.74131919,-3.69369097,-0.38854155,-30.62236906,-3.59687577,-0.00257124,0.00354054,-0.00974649,0.00096899,0.00053860,-0.00257089
4.930,-0.87462256,0.53299031,2.03334724,-0.38090031,-0.10992425,-0.14060079,-0.04677230,-0.01349805,-0.01726494,-0.87207696,0.52943961,2.04311269,-0.38185718,-0.11046386,-0.13804678,-0.18570140,-30.59511893,-3.63524421,-0.19652178,-0.17797327,-0.07223916,-0.38222318,-30.77309220,-3.70748337,-0.38643614,-30.65409836,-3.61058533,-0.00254560,0.00355070,-0.00976545,0.00095687,0.00053961,-0.00255401
4.940,-0.87843390,0.53189039,2.03194037,-0.38136599,-0.11005864,-0.14077268,-0.04636350,-0.01338007,-0.01711404,-0.87591370,0.52832954,2.04172470,-0.38231136,-0.11059961,-0.13823484,-0.18502953,-30.62742165,-3.64921940,-0.19508539,-0.17743028,-0.07205133,-0.38011492,-30.80485193,-3.72127073,-0.38433001,-30.68581576,-3.62429145,-0.00252020,0.00356085,-0.00978433,0.00094537,0.00054097,-0.00253784
4.950,-0.88224987,0.53078914,2.03053179,-0.38182758,-0.11019185,-0.14094307,-0.04595389,-0.01326186,-0.01696284,-0.87975484,0.52721815,2.04033492,-0.38276209,-0.11073453,-0.13842068,-0.18435129,-30.65971117,-3.66318977,-0.19365240,-0.17688456,-0.07186249,-0.37800369,-30.83659573,-3.73505226,-0.38222318,-30.71752256,-3.63799427,-0.00249503,0.00357099,-0.00980313,0.00093451,0.00054268,-0.00252239
4.960,-0.88607043,0.52968656,2.02912151,-0.38228507,-0.11032388,-0.14111194,-0.04554349,-0.01314342,-0.01681136,-0.88360035,0.52610544,2.03894337,-0.38320937,-0.11086862,-0.13860429,-0.18366669,-30.69198714,-3.67715510,-0.19222289,-0.17633809,-0.07167314,-0.37588959,-30.86832523,-3.74882824,-0.38011492,-30.74921648,-3.65169317,-0.00247008,0.00358112,-0.00982186,0.00092430,0.00054474,-0.00250765
4.970,-0.88989556,0.52858267,2.02770955,-0.38273844,-0.11045472,-0.14127929,-0.04513231,-0.01302476,-0.01665958,-0.88745020,0.52499142,2.03755007,-0.38365321,-0.11100189,-0.13878567,-0.18297573,-30.72424874,-3.69111502,-0.19079708,-0.17578913,-0.07148288,-0.37377282,-30.90003787,-3.76259790,-0.37800369,-30.78089489,-3.66538736,-0.00244536,0.00359125,-0.00984052,0.00091477,0.00054717,-0.00249362
4.980,-0.89372519,0.52747747,2.02629593,-0.38318771,-0.11058437,-0.14144513,-0.04472036,-0.01290588,-0.01650751,-0.89130435,0.52387610,2.03615505,-0.38409362,-0.11113433,-0.13896482,-0.18227842,-30.75649555,-3.70506924,-0.18937333,-0.17523883,-0.07129200,-0.37165175,-30.93173438,-3.77636124,-0.37588959,-30.81255941,-3.67907711,-0.00242084,0.00360137,-0.00985912,0.00090591,0.00054996,-0.00248031
4.990,-0.89755930,0.52637098,2.02488066,-0.38363285,-0.11071284,-0.14160944,-0.04430764,-0.01278677,-0.01635517,-0.89516276,0.52275950,2.03475833,-0.38453059,-0.11126594,-0.13914173,-0.18157472,-30.78872679,-3.71901744,-0.18795200,-0.17468636,-0.07110033,-0.36952673,-30.96341315,-3.79011777,-0.37377282,-30.84420748,-3.69276166,-0.00239654,0.00361148,-0.00987767,0.00089774,0.00055310,-0.00246771
5.000,-0.90139783,0.52526322,2.02346375,-0.38407386,-0.11084011,-0.14177223,-0.04389416,-0.01266744,-0.01620254,-0.89902541,0.52164160,2.03335992,-0.38496413,-0.11139672,-0.13931641,-0.18086464,-30.82094166,-3.73295928,-0.18653117,-0.17413017,-0.07090759,-0.36739581,-30.99507183,-3.80386687,-0.37165175,-30.87583985,-3.70644102,-0.00237242,0.00362162,-0.00989617,0.00089027,0.00055661,-0.00245582
5.010,-0.90524076,0.52415419,2.02204522,-0.38451073,-0.11096618,-0.14193349,-0.04347992,-0.01254790,-0.01604964,-0.90289225,0.52052244,2.03195986,-0.38539424,-0.11152668,-0.13948885,-0.18014816,-30.85313980,-3.74689450,-0.18511202,-0.17357185,-0.07071413,-0.36526018,-31.02671164,-3.81760863,-0.36952673,-30.90745488,-3.72011469,-0.00234851,0.00363175,-0.00991464,0.00088351,0.00056050,-0.00244464
5.020,-0.90908803,0.52304390,2.02062508,-0.38494346,-0.11109106,-0.14209322,-0.04306494,-0.01242814,-0.01589646,-0.90676326,0.51940201,2.03055816,-0.38582092,-0.11165580,-0.13965905,-0.17942529,-30.88532061,-3.76082282,-0.18369317,-0.17301189,-0.07052011,-0.36311846,-31.05833250,-3.83134293,-0.36739581,-30.93905024,-3.73378204,-0.00232477,0.00364189,-0.00993308,0.00087746,0.00056474,-0.00243417
5.030,-0.91293961,0.52193237,2.01920336,-0.38537203,-0.11121475,-0.14225142,-0.04264923,-0.01230817,-0.01574300,-0.91063840,0.51828032,2.02915485,-0.38624418,-0.11178409,-0.13982703,-0.17869604,-30.91748324,-3.77474381,-0.18227411,-0.17244790,-0.07032496,-0.36097015,-31.08993114,-3.84506876,-0.36526018,-30.97062716,-3.74744316,-0.00230121,0.00365205,-0.00995149,0.00087215,0.00056934,-0.00242439
5.040,-0.91679546,0.52081961,2.01778006,-0.38579644,-0.11133723,-0.14240808,-0.04223278,-0.01218798,-0.01558928,-0.91451764,0.51715738,2.02774995,-0.38666401,-0.11191155,-0.13999276,-0.17796036,-30.94962715,-3.78865723,-0.18085473,-0.17188079,-0.07012895,-0.35881509,-31.12150794,-3.85878619,-0.36311846,-31.00218554,-3.76109794,-0.00227782,0.00366223,-0.00996989,0.00086757,0.00057432,-0.00241532
5.050,-0.92065553,0.51970563,2.01635520,-0.38621668,-0.11145850,-0.14256320,-0.04181561,-0.01206759,-0.01543529,-0.91840094,0.51603320,2.02634349,-0.38708042,-0.11203817,-0.14015627,-0.17721828,-30.98175176,-3.80256278,-0.17943399,-0.17131029,-0.06993204,-0.35665227,-31.15306205,-3.87249482,-0.36097015,-31.03372213,-3.77474537,-0.00225459,0.00367243,-0.00998829,0.00086374,0.00057967,-0.00240693
5.060,-0.92451978,0.51859044,2.01492880,-0.38663275,-0.11157858,-0.14271679,-0.04139773,-0.01194699,-0.01528104,-0.92228826,0.51490779,2.02493547,-0.38749339,-0.11216395,-0.14031755,-0.17646980,-31.01385645,-3.81646012,-0.17801164,-0.17073664,-0.06973429,-0.35448144,-31.18459309,-3.88619441,-0.35881509,-31.06523730,-3.78838549,-0.00223152,0.00368265,-0.01000667,0.00086064,0.00058537,-0.00239924
5.070,-0.92838817,0.51747406,2.01350087,-0.38704463,-0.11169744,-0.14286882,-0.04097914,-0.01182619,-0.01512653,-0.92617957,0.51378115,2.02352593,-0.38790294,-0.11228889,-0.14047661,-0.17571490,-31.04594046,-3.83034893,-0.17658677,-0.17015813,-0.06953534,-0.35230167,-31.21609858,-3.89988427,-0.35665227,-31.09673020,-3.80201794,-0.00220860,0.00369291,-0.01002506,0.00085831,0.00059145,-0.00239221
5.080,-0.93226066,0.51635650,2.01207143,-0.38745233,-0.11181510,-0.14301932,-0.04055984,-0.01170519,-0.01497175,-0.93007485,0.51265330,2.02211489,-0.38830905,-0.11241298,-0.14063344,-0.17495357,-31.07800315,-3.84422887,-0.17515928,-0.16957518,-0.06933530,-0.35011285,-31.24757833,-3.91356417,-0.35448144,-31.12820047,-3.81564245,-0.00218581,0.00370320,-0.01004346,0.00085672,0.00059788,-0.00238588
5.090,-0.93613720,0.51523776,2.01064049,-0.38785583,-0.11193155,-0.14316826,-0.04013986,-0.01158399,-0.01481673,-0.93397404,0.51152424,2.02070238,-0.38871172,-0.11253622,-0.14078805,-0.17418584,-31.11004423,-3.85809975,-0.17372855,-0.16898950,-0.06913459,-0.34791440,-31.27903373,-3.92723433,-0.35230167,-31.15964561,-3.82925832,-0.00216316,0.00371352,-0.01006189,0.00085589,0.00060467,-0.00238021
5.100,-0.94001776,0.51411787,2.00920807,-0.38825512,-0.11204678,-0.14331565,-0.03971919,-0.01146259,-0.01466145,-0.93787713,0.51039398,2.01928840,-0.38911094,-0.11265861,-0.14094045,-0.17341168,-31.14206263,-3.87196111,-0.17229399,-0.16839780,-0.06893246,-0.34570567,-31.31046043,-3.94089357,-0.35011285,-31.19106544,-3.84286535,-0.00214063,0.00372389,-0.01008033,0.00085582,0.00061183,-0.00237520
5.110,-0.94390229,0.51299683,2.00777418,-0.38865021,-0.11216080,-0.14346149,-0.03929785,-0.01134099,-0.01450592,-0.94178407,0.50926253,2.01787299,-0.38950672,-0.11278014,-0.14109065,-0.17263111,-31.17405802,-3.88581275,-0.17085540,-0.16780239,-0.06872948,-0.34348651,-31.34186041,-3.95454222,-0.34791440,-31.22246137,-3.85646372,-0.00211822,0.00373430,-0.01009881,0.00085651,0.00061934,-0.00237084
5.120,-0.94779075,0.51187466,2.00633884,-0.38904108,-0.11227360,-0.14360577,-0.03887583,-0.01121920,-0.01435014,-0.94569483,0.50812990,2.01645616,-0.38989904,-0.11290080,-0.14123863,-0.17184410,-31.20602959,-3.89965428,-0.16941184,-0.16720131,-0.06852520,-0.34125594,-31.37323090,-3.96817948,-0.34570567,-31.25382903,-3.87005227,-0.00209592,0.00374476,-0.01011732,0.00085796,0.00062720,-0.00236714
5.130,-0.95168310,0.51075136,2.00490207,-0.38942772,-0.11238518,-0.14374849,-0.03845316,-0.01109722,-0.01419412,-0.94960938,0.50699610,2.01503794,-0.39028790,-0.11302060,-0.14138442,-0.17105069,-31.23797698,-3.91348544,-0.16796339,-0.16659610,-0.06831998,-0.33901407,-31.40457308,-3.98180543,-0.34348651,-31.28517041,-3.88363133,-0.00207372,0.00375526,-0.01013587,0.00086018,0.00063542,-0.00236407
5.140,-0.95557929,0.50962696,2.00346388,-0.38981014,-0.11249554,-0.14388965,-0.03802983,-0.01097505,-0.01403786,-0.95352767,0.50586114,2.01361836,-0.39067329,-0.11313952,-0.14152802,-0.17025084,-31.26989918,-3.92730586,-0.16650859,-0.16598410,-0.06811325,-0.33675944,-31.43588328,-3.99541911,-0.34125594,-31.31648276,-3.89720008,-0.00205162,0.00376582,-0.01015448,0.00086315,0.00064398,-0.00236163
5.150,-0.95947929,0.50850146,2.00202428,-0.39018832,-0.11260468,-0.14402924,-0.03760585,-0.01085269,-0.01388135,-0.95744968,0.50472502,2.01219742,-0.39105520,-0.11325756,-0.14166943,-0.16944456,-31.30179587,-3.94111531,-0.16504826,-0.16536763,-0.06790556,-0.33449282,-31.46716350,-4.00902087,-0.33901407,-31.34776723,-3.91075860,-0.00202961,0.00377644,-0.01017314,0.00086688,0.00065288,-0.00235981
5.160,-0.96338304,0.50737487,2.00058330,-0.39056225,-0.11271260,-0.14416727,-0.03718123,-0.01073015,-0.01372461,-0.96137537,0.50358776,2.01077516,-0.39143363,-0.11337472,-0.14180865,-0.16863186,-31.33366642,-3.95491343,-0.16358063,-0.16474575,-0.06769667,-0.33221250,-31.49841218,-4.02261010,-0.33675944,-31.37902018,-3.92430594,-0.00200767,0.00378711,-0.01019186,0.00087138,0.00066212,-0.00235862
5.170,-0.96729052,0.50624721,1.99914094,-0.39093194,-0.11281928,-0.14430374,-0.03675598,-0.01060743,-0.01356764,-0.96530470,0.50244936,2.00935159,-0.39180855,-0.11349099,-0.14194571,-0.16781275,-31.36551013,-3.96869994,-0.16210673,-0.16411824,-0.06748660,-0.32991948,-31.52962837,-4.03618654,-0.33449282,-31.41024361,-3.93784243,-0.00198582,0.00379785,-0.01021065,0.00087661,0.00067171,-0.00235803
5.180,-0.97120167,0.50511849,1.99769723,-0.39129737,-0.11292474,-0.14443863,-0.03633010,-0.01048453,-0.01341044,-0.96923765,0.50130984,2.00792673,-0.39217997,-0.11360635,-0.14208059,-0.16698720,-31.39732634,-3.98247447,-0.16062478,-0.16348423,-0.06727512,-0.32761198,-31.56081058,-4.04974959,-0.33221250,-31.44143595,-3.95136747,-0.00196402,0.00380865,-0.01022950,0.00088260,0.00068161,-0.00235804
5.190,-0.97511645,0.50398872,1.99625218,-0.39165854,-0.11302897,-0.14457194,-0.03590361,-0.01036145,-0.01325301,-0.97317416,0.50016920,2.00650062,-0.39254787,-0.11372081,-0.14221332,-0.16615525,-31.42911453,-3.99623676,-0.15913473,-0.16284432,-0.06706238,-0.32528998,-31.59195885,-4.06329914,-0.32991948,-31.47259627,-3.96488079,-0.00194229,0.00381952,-0.01024844,0.00088933,0.00069184,-0.00235862
5.200,-0.97903482,0.50285791,1.99480580,-0.39201544,-0.11313197,-0.14470369,-0.03547651,-0.01023819,-0.01309536,-0.97711421,0.49902745,2.00507326,-0.39291224,-0.11383436,-0.14234390,-0.16531688,-31.46087414,-4.00998654,-0.15763655,-0.16219939,-0.06684864,-0.32295343,-31.62307354,-4.07683518,-0.32761198,-31.50372307,-3.97838178,-0.00192061,0.00383046,-0.01026746,0.00089680,0.00070239,-0.00235979
5.210,-0.98295675,0.50172608,1.99335811,-0.39236807,-0.11323374,-0.14483385,-0.03504881,-0.01011476,-0.01293748,-0.98105777,0.49788460,2.00364469,-0.39327307,-0.11394699,-0.14247233,-0.16447210,-31.49260440,-4.02372343,-0.15613025,-0.16154776,-0.06663348,-0.32060235,-31.65415215,-4.09035692,-0.32528998,-31.53481641,-3.99187033,-0.00189898,0.00384148,-0.01028658,0.00090500,0.00071325,-0.00236152
5.220,-0.98688217,0.50059324,1.99190912,-0.39271641,-0.11333427,-0.14496243,-0.03462051,-0.00999115,-0.01277938,-0.98500479,0.49674066,2.00221491,-0.39363033,-0.11405869,-0.14259863,-0.16362090,-31.52430475,-4.03744718,-0.15461377,-0.16088970,-0.06641702,-0.31823467,-31.68519445,-4.10386421,-0.32295343,-31.56587664,-4.00534642,-0.00187738,0.00385258,-0.01030579,0.00091392,0.00072442,-0.00236380
5.230,-0.99081106,0.49945940,1.99045886,-0.39306048,-0.11343356,-0.14508944,-0.03419162,-0.00986738,-0.01262107,-0.98895524,0.49559564,2.00078396,-0.39398403,-0.11416946,-0.14272279,-0.16276330,-31.55597458,-4.05115742,-0.15308827,-0.16022489,-0.06619915,-0.31585156,-31.71619947,-4.11735656,-0.32060235,-31.59690128,-4.01880927,-0.00185582,0.00386376,-0.01032510,0.00092355,0.00073590,-0.00236665
5.240,-0.99474337,0.49832457,1.98900734,-0.39340025,-0.11353161,-0.14521486,-0.03376216,-0.00974344,-0.01246254,-0.99290909,0.49444956,1.99935185,-0.39433415,-0.11427928,-0.14284484,-0.16189930,-31.58761336,-4.06485387,-0.15155289,-0.15955379,-0.06597999,-0.31345219,-31.74716715,-4.13083386,-0.31823467,-31.62789007,-4.03225871,-0.00183428,0.00387501,-0.01034451,0.00093390,0.00074767,-0.00237002
5.250,-0.99867905,0.49718877,1.98755457,-0.39373572,-0.11362843,-0.14533869,-0.03333212,-0.00961934,-0.01230380,-0.99686629,0.49330241,1.99791860,-0.39468067,-0.11438816,-0.14296478,-0.16102891,-31.61922035,-4.07853623,-0.15000672,-0.15887567,-0.06575941,-0.31103562,-31.77809602,-4.14429564,-0.31585156,-31.65884208,-4.04569426,-0.00181276,0.00388636,-0.01036403,0.00094495,0.00075973,-0.00237391
5.260,-1.00261807,0.49605201,1.98610057,-0.39406689,-0.11372400,-0.14546093,-0.03290152,-0.00949507,-0.01214486,-1.00082681,0.49215421,1.99648424,-0.39502357,-0.11449607,-0.14308262,-0.16015212,-31.65079496,-4.09220418,-0.14845024,-0.15819040,-0.06553736,-0.30860236,-31.80898536,-4.15774155,-0.31345219,-31.68975725,-4.05911579,-0.00179126,0.00389780,-0.01038367,0.00095668,0.00077207,-0.00237831
5.270,-1.00656037,0.49491430,1.98464536,-0.39439375,-0.11381833,-0.14558158,-0.03247037,-0.00937064,-0.01198571,-1.00479062,0.49100497,1.99504878,-0.39536284,-0.11460301,-0.14319837,-0.15926897,-31.68233663,-4.10585741,-0.14688206,-0.15749798,-0.06531387,-0.30615103,-31.83983462,-4.17117127,-0.31103562,-31.72063410,-4.07252283,-0.00176975,0.00390933,-0.01040342,0.00096909,0.00078468,-0.00238321
5.280,-1.01050593,0.49377565,1.98318895,-0.39471629,-0.11391141,-0.14570064,-0.03203866,-0.00924606,-0.01182635,-1.00875767,0.48985470,1.99361225,-0.39569847,-0.11470898,-0.14331203,-0.15837942,-31.71384485,-4.11949565,-0.14530350,-0.15679935,-0.06508915,-0.30368291,-31.87064420,-4.18458480,-0.30860236,-31.75147192,-4.08591503,-0.00174826,0.00392095,-0.01042330,0.00098218,0.00079757,-0.00238861
5.290,-1.01445469,0.49263607,1.98173135,-0.39503452,-0.11400325,-0.14581811,-0.03160641,-0.00912131,-0.01166680,-1.01272794,0.48870341,1.99217467,-0.39603043,-0.11481396,-0.14342362,-0.15748350,-31.74531907,-4.13311864,-0.14371354,-0.15609532,-0.06486342,-0.30119703,-31.90141438,-4.19798206,-0.30615103,-31.78227016,-4.09929208,-0.00172675,0.00393266,-0.01044332,0.00099591,0.00081071,-0.00239449
5.300,-1.01840660,0.49149559,1.98027259,-0.39534842,-0.11409384,-0.14593398,-0.03117363,-0.00899642,-0.01150704,-1.01670137,0.48755111,1.99073605,-0.39635871,-0.11491795,-0.14353315,-0.15658122,-31.77675827,-4.14672592,-0.14211033,-0.15538166,-0.06463569,-0.29869155,-31.93213993,-4.21136161,-0.30368291,-31.81302925,-4.11265393,-0.00170523,0.00394448,-0.01046346,0.00101029,0.00082411,-0.00240083
5.310,-1.02236164,0.49035420,1.97881268,-0.39565799,-0.11418318,-0.14604825,-0.03074032,-0.00887137,-0.01134710,-1.02067794,0.48639782,1.98929642,-0.39668329,-0.11502093,-0.14364062,-0.15567259,-31.80816235,-4.16031734,-0.14049614,-0.15466272,-0.06440696,-0.29616873,-31.96282507,-4.22472429,-0.30119703,-31.84374944,-4.12600054,-0.00168370,0.00395638,-0.01048374,0.00102530,0.00083775,-0.00240763
5.320,-1.02631975,0.48921193,1.97735163,-0.39596322,-0.11427127,-0.14616092,-0.03030649,-0.00874617,-0.01118696,-1.02465761,0.48524353,1.98785580,-0.39700416,-0.11512290,-0.14374605,-0.15475760,-31.83953038,-4.17389252,-0.13886902,-0.15393594,-0.06417667,-0.29362662,-31.99346632,-4.23806919,-0.29869155,-31.87442552,-4.13933044,-0.00166214,0.00396840,-0.01050417,0.00104094,0.00085163,-0.00241487
5.330,-1.03028089,0.48806878,1.97588946,-0.39626412,-0.11435810,-0.14627199,-0.02987215,-0.00862082,-0.01102663,-1.02864034,0.48408826,1.98641420,-0.39732129,-0.11522385,-0.14384945,-0.15383627,-31.87086199,-4.18745121,-0.13722945,-0.15320295,-0.06394520,-0.29106572,-32.02406494,-4.25139641,-0.29616873,-31.90506173,-4.15264447,-0.00164055,0.00398052,-0.01052474,0.00105717,0.00086575,-0.00242254
5.340,-1.03424502,0.48692477,1.97442620,-0.39656066,-0.11444368,-0.14638145,-0.02943731,-0.00849533,-0.01086612,-1.03262608,0.48293203,1.98497165,-0.39763466,-0.11532376,-0.14395082,-0.15290863,-31.90215639,-4.20099300,-0.13557669,-0.15246163,-0.06371202,-0.28848532,-32.05461803,-4.26470502,-0.29362662,-31.93565457,-4.16594172,-0.00161894,0.00399274,-0.01054545,0.00107400,0.00088008,-0.00243063
5.350,-1.03821209,0.48577991,1.97296184,-0.39685286,-0.11452801,-0.14648931,-0.02900197,-0.00836969,-0.01070542,-1.03661481,0.48177483,1.98352817,-0.39794426,-0.11542263,-0.14405018,-0.15197466,-31.93341315,-4.21451773,-0.13391090,-0.15171439,-0.06347777,-0.28588557,-32.08512753,-4.27799550,-0.29106572,-31.96620532,-4.17922228,-0.00159728,0.00400508,-0.01056633,0.00109140,0.00089462,-0.00243913
5.360,-1.04218206,0.48463421,1.97149641,-0.39714070,-0.11461107,-0.14659556,-0.02856614,-0.00824392,-0.01054455,-1.04060649,0.48061669,1.98208378,-0.39825006,-0.11552045,-0.14414754,-0.15103438,-31.96463168,-4.22802506,-0.13223174,-0.15096026,-0.06324218,-0.28326612,-32.11559194,-4.29126724,-0.28848532,-31.99671107,-4.19248522,-0.00157557,0.00401752,-0.01058737,0.00110936,0.00090938,-0.00244802
5.370,-1.04615489,0.48348769,1.97002993,-0.39742418,-0.11469288,-0.14670020,-0.02812982,-0.00811800,-0.01038349,-1.04460107,0.47945762,1.98063848,-0.39855205,-0.11561721,-0.14424291,-0.15008778,-31.99581118,-4.24151461,-0.13053901,-0.15019818,-0.06300501,-0.28062679,-32.14600937,-4.30451962,-0.28588557,-32.02717379,-4.20573100,-0.00155382,0.00403007,-0.01060855,0.00112787,0.00092433,-0.00245729
5.380,-1.05013053,0.48234036,1.96856242,-0.39770330,-0.11477343,-0.14680323,-0.02769304,-0.00799195,-0.01022226,-1.04859852,0.47829762,1.97919232,-0.39885020,-0.11571290,-0.14433629,-0.14913493,-32.02695115,-4.25498609,-0.12883217,-0.14942809,-0.06276623,-0.27796710,-32.17637924,-4.31775233,-0.28326612,-32.05759196,-4.21895902,-0.00153201,0.00404274,-0.01062990,0.00114690,0.00093947,-0.00246694
5.390,-1.05410894,0.48119223,1.96709388,-0.39797804,-0.11485272,-0.14690465,-0.02725579,-0.00786576,-0.01006086,-1.05259879,0.47713671,1.97774530,-0.39914450,-0.11580751,-0.14442771,-0.14817579,-32.05805110,-4.26843930,-0.12711155,-0.14865169,-0.06252629,-0.27528733,-32.20670279,-4.33096559,-0.28062679,-32.08796370,-4.23216864,-0.00151015,0.00405552,-0.01065142,0.00116646,0.00095479,-0.00247694
5.400,-1.05809007,0.48004331,1.96562433,-0.39824841,-0.11493075,-0.14700445,-0.02681807,-0.00773944,-0.00989929,-1.05660185,0.47597489,1.97629745,-0.39943492,-0.11590102,-0.14451717,-0.14721037,-32.08911050,-4.28187392,-0.12537674,-0.14786909,-0.06228520,-0.27258710,-32.23697958,-4.34415911,-0.27796710,-32.11828845,-4.24535956,-0.00148822,0.00406842,-0.01067312,0.00118651,0.00097027,-0.00248728
5.410,-1.06207389,0.47889362,1.96415379,-0.39851440,-0.11500751,-0.14710263,-0.02637991,-0.00761299,-0.00973755,-1.06060766,0.47481218,1.97484877,-0.39972143,-0.11599344,-0.14460467,-0.14623871,-32.12012859,-4.29528960,-0.12362807,-0.14707885,-0.06204261,-0.26986679,-32.26720744,-4.35733222,-0.27528733,-32.14856745,-4.25853199,-0.00146623,0.00408144,-0.01069498,0.00120703,0.00098593,-0.00249796
5.420,-1.06606035,0.47774316,1.96268228,-0.39877601,-0.11508301,-0.14719920,-0.02594131,-0.00748642,-0.00957565,-1.06461618,0.47364860,1.97339930,-0.40000403,-0.11608475,-0.14469024,-0.14526084,-32.15110506,-4.30868611,-0.12186557,-0.14628300,-0.06179900,-0.26712640,-32.29738806,-4.37048511,-0.27258710,-32.17880025,-4.27168563,-0.00144417,0.00409456,-0.01071702,0.00122802,0.00100174,-0.00250896
5.430,-1.07004940,0.47659196,1.96120981,-0.39903323,-0.11515724,-0.14729414,-0.02550226,-0.00735971,-0.00941359,-1.06862737,0.47248414,1.97194906,-0.40028269,-0.11617493,-0.14477389,-0.14427670,-32.18203895,-4.32206307,-0.12008803,-0.14547889,-0.06155376,-0.26436473,-32.32751784,-4.38361683,-0.26986679,-32.20898470,-4.28481980,-0.00142203,0.00410782,-0.01073925,0.00124946,0.00101769,-0.00252025
5.440,-1.07404100,0.47544002,1.95973640,-0.39928605,-0.11523020,-0.14738747,-0.02506279,-0.00723289,-0.00925137,-1.07264118,0.47131883,1.97049805,-0.40055738,-0.11626399,-0.14485562,-0.14328638,-32.21292999,-4.33542026,-0.11829603,-0.14466855,-0.06130736,-0.26158241,-32.35759854,-4.39672762,-0.26712640,-32.23912249,-4.29793470,-0.00139982,0.00412119,-0.01076165,0.00127133,0.00103379,-0.00253185
5.450,-1.07803510,0.47428736,1.95826207,-0.39953448,-0.11530190,-0.14747917,-0.02462290,-0.00710594,-0.00908899,-1.07665758,0.47015267,1.96904630,-0.40082808,-0.11635190,-0.14493544,-0.14228987,-32.24377738,-4.34875730,-0.11648891,-0.14385059,-0.06105947,-0.25877878,-32.38762797,-4.40981677,-0.26436473,-32.26921001,-4.31102937,-0.00137752,0.00413469,-0.01078423,0.00129360,0.00105000,-0.00254373
5.460,-1.08203167,0.47313399,1.95678683,-0.39977851,-0.11537232,-0.14756925,-0.02418259,-0.00697887,-0.00892646,-1.08067653,0.46898568,1.96759383,-0.40109477,-0.11643867,-0.14501338,-0.14128716,-32.27458066,-4.36207397,-0.11466761,-0.14302591,-0.06081031,-0.25595477,-32.41760656,-4.42288427,-0.26158241,-32.29924905,-4.32410403,-0.00135514,0.00414831,-0.01080700,0.00131626,0.00106635,-0.00255587
5.470,-1.08603066,0.47197992,1.95531069,-0.40001813,-0.11544147,-0.14765770,-0.02374188,-0.00685168,-0.00876378,-1.08469798,0.46781787,1.96614065,-0.40135743,-0.11652428,-0.14508943,-0.14027830,-32.30533934,-4.37537000,-0.11283190,-0.14219555,-0.06056013,-0.25311020,-32.44753489,-4.43593014,-0.25877878,-32.32923742,-4.33715798,-0.00133268,0.00416205,-0.01082996,0.00133930,0.00108281,-0.00256827
5.480,-1.09003202,0.47082516,1.95383368,-0.40025334,-0.11550935,-0.14774452,-0.02330076,-0.00672438,-0.00860095,-1.08872190,0.46664925,1.96468679,-0.40161604,-0.11660871,-0.14516361,-0.13926327,-32.33605286,-4.38864506,-0.11098127,-0.14135898,-0.06030879,-0.25024454,-32.47741185,-4.44895385,-0.25595477,-32.35917555,-4.35019120,-0.00131012,0.00417591,-0.01085311,0.00136270,0.00109936,-0.00258091
5.490,-1.09403571,0.46966974,1.95235580,-0.40048414,-0.11557596,-0.14782972,-0.02285926,-0.00659697,-0.00843798,-1.09274824,0.46547984,1.96323226,-0.40187057,-0.11669197,-0.14523593,-0.13824214,-32.36672038,-4.40189886,-0.10911564,-0.14051488,-0.06005601,-0.24735778,-32.50723525,-4.46195487,-0.25311020,-32.38906402,-4.36320369,-0.00128747,0.00418990,-0.01087646,0.00138643,0.00111601,-0.00259379
5.500,-1.09804169,0.46851365,1.95087709,-0.40071053,-0.11564129,-0.14791328,-0.02241737,-0.00646944,-0.00827487,-1.09677697,0.46430963,1.96177708,-0.40212099,-0.11677405,-0.14530641,-0.13721488,-32.39734164,-4.41513109,-0.10723573,-0.13966501,-0.05980214,-0.24445061,-32.53700665,-4.47493323,-0.25024454,-32.41890171,-4.37619494,-0.00126472,0.00420402,-0.01089999,0.00141046,0.00113276,-0.00260687
5.510,-1.10204991,0.46735691,1.94939754,-0.40093249,-0.11570535,-0.14799521,-0.02197511,-0.00634181,-0.00811162,-1.10080803,0.46313866,1.96032127,-0.40236730,-0.11685492,-0.14537504,-0.13618154,-32.42791612,-4.42834156,-0.10534125,-0.13881045,-0.05954750,-0.24152279,-32.56672657,-4.48788906,-0.24735778,-32.44868648,-4.38916439,-0.00124188,0.00421825,-0.01092373,0.00143481,0.00114957,-0.00262017
5.520,-1.10606032,0.46619955,1.94791719,-0.40115003,-0.11576813,-0.14807551,-0.02153248,-0.00621407,-0.00794823,-1.10484139,0.46196692,1.95886485,-0.40260946,-0.11693459,-0.14544186,-0.13514212,-32.45844275,-4.44152979,-0.10343089,-0.13794655,-0.05929096,-0.23857300,-32.59638931,-4.50082075,-0.24445061,-32.47841985,-4.40211208,-0.00121893,0.00423263,-0.01094766,0.00145943,0.00116646,-0.00263365
5.530,-1.11007289,0.46504156,1.94643604,-0.40136314,-0.11582963,-0.14815418,-0.02108948,-0.00608623,-0.00778471,-1.10887700,0.46079444,1.95740783,-0.40284745,-0.11701304,-0.14550686,-0.13409662,-32.48892154,-4.45469569,-0.10150670,-0.13707853,-0.05903374,-0.23560332,-32.62600007,-4.51372943,-0.24152279,-32.50810236,-4.41503814,-0.00119589,0.00424712,-0.01097179,0.00148431,0.00118341,-0.00264732
5.540,-1.11408757,0.46388296,1.94495411,-0.40157182,-0.11588985,-0.14823121,-0.02064614,-0.00595828,-0.00762106,-1.11291483,0.45962122,1.95595023,-0.40308124,-0.11709027,-0.14557005,-0.13304511,-32.51935176,-4.46783890,-0.09956807,-0.13620495,-0.05877553,-0.23261318,-32.65555671,-4.52661443,-0.23857300,-32.53772833,-4.42794093,-0.00117274,0.00426174,-0.01099612,0.00150942,0.00120042,-0.00266116
5.550,-1.11810432,0.46272376,1.94347142,-0.40177606,-0.11594880,-0.14830660,-0.02020244,-0.00583023,-0.00745728,-1.11695483,0.45844727,1.95449208,-0.40331083,-0.11716627,-0.14563146,-0.13198755,-32.54973289,-4.48095915,-0.09761538,-0.13532635,-0.05851641,-0.22960293,-32.68505924,-4.53947556,-0.23560332,-32.56730295,-4.44082159,-0.00114949,0.00427649,-0.01102066,0.00153477,0.00121747,-0.00267514
5.560,-1.12212308,0.46156399,1.94198798,-0.40197586,-0.11600646,-0.14838035,-0.01975841,-0.00570209,-0.00729337,-1.12099695,0.45727262,1.95303338,-0.40353617,-0.11724102,-0.14569109,-0.13092401,-32.58006408,-4.49405610,-0.09564709,-0.13444006,-0.05825580,-0.22657110,-32.71450413,-4.55231191,-0.23261318,-32.59682407,-4.45367944,-0.00112613,0.00429137,-0.01104540,0.00156031,0.00123456,-0.00268926
5.570,-1.12614382,0.46040364,1.94050382,-0.40217123,-0.11606284,-0.14845247,-0.01931405,-0.00557385,-0.00712935,-1.12504115,0.45609727,1.95157415,-0.40375726,-0.11731452,-0.14574895,-0.12985451,-32.61034516,-4.50712951,-0.09366506,-0.13354931,-0.05799441,-0.22351956,-32.74389447,-4.56512393,-0.22960293,-32.62629173,-4.46651430,-0.00110267,0.00430637,-0.01107033,0.00158603,0.00125168,-0.00270352
5.580,-1.13016649,0.45924273,1.93901894,-0.40236214,-0.11611793,-0.14852294,-0.01886936,-0.00544552,-0.00696520,-1.12908740,0.45492124,1.95011442,-0.40397406,-0.11738676,-0.14580505,-0.12877902,-32.64057554,-4.52017915,-0.09166873,-0.13265393,-0.05773223,-0.22044775,-32.77322947,-4.57791139,-0.22657110,-32.65570239,-4.47932523,-0.00107909,0.00432149,-0.01109548,0.00161192,0.00126883,-0.00271789
5.590,-1.13419105,0.45808128,1.93753337,-0.40254861,-0.11617175,-0.14859177,-0.01842436,-0.00531710,-0.00680094,-1.13313564,0.45374453,1.94865419,-0.40418656,-0.11745773,-0.14585940,-0.12769762,-32.67075444,-4.53320464,-0.08965833,-0.13175237,-0.05746887,-0.21735595,-32.80250682,-4.59067351,-0.22351956,-32.68505915,-4.49211269,-0.00105541,0.00433675,-0.01112082,0.00163795,0.00128598,-0.00273237
5.600,-1.13821745,0.45691930,1.93604711,-0.40273063,-0.11622428,-0.14865896,-0.01797905,-0.00518858,-0.00663656,-1.13718583,0.45256717,1.94719350,-0.40439473,-0.11752743,-0.14591202,-0.12661031,-32.70088146,-4.54620578,-0.08763387,-0.13084608,-0.05720470,-0.21424418,-32.83172754,-4.60341048,-0.22044775,-32.71436121,-4.50487645,-0.00103162,0.00435213,-0.01114639,0.00166410,0.00130315,-0.00274694
5.610,-1.14224564,0.45575680,1.93456019,-0.40290819,-0.11627552,-0.14872450,-0.01753343,-0.00505998,-0.00647207,-1.14123793,0.45138915,1.94573234,-0.40459855,-0.11759585,-0.14596292,-0.12551708,-32.73095606,-4.55918226,-0.08559495,-0.12993450,-0.05693955,-0.21111202,-32.86089057,-4.61612181,-0.21735595,-32.74360627,-4.51761571,-0.00100771,0.00436765,-0.01117215,0.00169036,0.00132033,-0.00276158
5.620,-1.14627559,0.45459380,1.93307263,-0.40308130,-0.11632548,-0.14878840,-0.01708753,-0.00493130,-0.00630748,-1.14529189,0.45021051,1.94427074,-0.40479800,-0.11766297,-0.14601210,-0.12441802,-32.76097756,-4.57213373,-0.08354253,-0.12901680,-0.05667323,-0.20796055,-32.88999437,-4.62880696,-0.21424418,-32.77279537,-4.53033065,-0.00098370,0.00438329,-0.01119811,0.00171670,0.00133749,-0.00277630
5.630,-1.15030725,0.45343030,1.93158443,-0.40324994,-0.11637414,-0.14885065,-0.01664134,-0.00480253,-0.00614278,-1.14934768,0.44903125,1.94280872,-0.40499306,-0.11772879,-0.14605958,-0.12331311,-32.79094574,-4.58506008,-0.08147695,-0.12809597,-0.05640645,-0.20479006,-32.91904171,-4.64146653,-0.21111202,-32.80192744,-4.54302079,-0.00095957,0.00439905,-0.01122429,0.00174312,0.00135465,-0.00279107
5.640,-1.15434058,0.45226632,1.93009562,-0.40341412,-0.11642153,-0.14891125,-0.01619487,-0.00467369,-0.00597797,-1.15340523,0.44785138,1.94134630,-0.40518371,-0.11779331,-0.14610537,-0.12220238,-32.82085987,-4.59796092,-0.07939844,-0.12717058,-0.05613885,-0.20160082,-32.94803045,-4.65409977,-0.20796055,-32.83100094,-4.55568559,-0.00093535,0.00441494,-0.01125068,0.00176959,0.00137178,-0.00280588
5.650,-1.15837552,0.45110187,1.92860621,-0.40357384,-0.11646762,-0.14897021,-0.01574813,-0.00454476,-0.00581307,-1.15746452,0.44667092,1.93988348,-0.40536991,-0.11785651,-0.14614948,-0.12108586,-32.85071950,-4.61083603,-0.07730632,-0.12624115,-0.05587057,-0.19839218,-32.97696064,-4.66670659,-0.20479006,-32.86001866,-4.56832562,-0.00091100,0.00443095,-0.01127727,0.00179607,0.00138889,-0.00282073
5.660,-1.16241204,0.44993697,1.92711622,-0.40372909,-0.11651242,-0.14902751,-0.01530112,-0.00441576,-0.00564806,-1.16152549,0.44548988,1.93842029,-0.40555167,-0.11791838,-0.14619192,-0.11996356,-32.88052394,-4.62368507,-0.07520138,-0.12530658,-0.05560133,-0.19516494,-33.00583052,-4.67928640,-0.20160082,-32.88897844,-4.58094015,-0.00088655,0.00444709,-0.01130407,0.00182258,0.00140596,-0.00283559
5.670,-1.16645009,0.44877163,1.92562567,-0.40387986,-0.11655593,-0.14908317,-0.01485386,-0.00428668,-0.00548297,-1.16558809,0.44430827,1.93695673,-0.40572894,-0.11797893,-0.14623270,-0.11883553,-32.91027272,-4.63650779,-0.07308351,-0.12436731,-0.05533124,-0.19191903,-33.03464003,-4.69183903,-0.19839218,-32.91788035,-4.59352907,-0.00086200,0.00446336,-0.01133106,0.00184908,0.00142300,-0.00285047
5.680,-1.17048962,0.44760586,1.92413456,-0.40402616,-0.11659815,-0.14913717,-0.01440635,-0.00415754,-0.00531778,-1.16965230,0.44312611,1.93549284,-0.40590172,-0.11803815,-0.14627184,-0.11770178,-32.93996547,-4.64930400,-0.07095303,-0.12342503,-0.05506070,-0.18865481,-33.06339051,-4.70436470,-0.19516494,-32.94672262,-4.60609178,-0.00083732,0.00447975,-0.01135828,0.00187556,0.00144000,-0.00286533
5.690,-1.17453060,0.44643967,1.92264293,-0.40416799,-0.11663908,-0.14918953,-0.01395860,-0.00402832,-0.00515250,-1.17371804,0.44194342,1.93402862,-0.40606998,-0.11809602,-0.14630933,-0.11656235,-32.96960158,-4.66207334,-0.06881096,-0.12247894,-0.05478948,-0.18537331,-33.09208052,-4.71686282,-0.19191903,-32.97550521,-4.61862811,-0.00081256,0.00449625,-0.01138569,0.00190199,0.00145694,-0.00288020
5.700,-1.17857297,0.44527308,1.92115078,-0.40430533,-0.11667872,-0.14924022,-0.01351062,-0.00389904,-0.00498714,-1.17778529,0.44076020,1.93256410,-0.40623370,-0.11815254,-0.14634520,-0.11541727,-32.99918051,-4.67481558,-0.06665632,-0.12152884,-0.05451757,-0.18207359,-33.12070935,-4.72933315,-0.18865481,-33.00422945,-4.63113830,-0.00078768,0.00451288,-0.01141332,0.00192837,0.00147382,-0.00289502
5.710,-1.18261669,0.44410610,1.91965813,-0.40443820,-0.11671706,-0.14928927,-0.01306241,-0.00376969,-0.00482170,-1.18185400,0.43957647,1.93109927,-0.40639286,-0.11820771,-0.14637946,-0.11426655,-33.02870175,-4.68753046,-0.06448995,-0.12057527,-0.05424508,-0.17875650,-33.14927702,-4.74177553,-0.18537331,-33.03289391,-4.64362171,-0.00076269,0.00452963,-0.01144114,0.00195466,0.00149065,-0.00290981
5.720,-1.18666172,0.44293874,1.91816500,-0.40456658,-0.11675411,-0.14933666,-0.01261399,-0.00364028,-0.00465617,-1.18592411,0.43839224,1.92963417,-0.40654745,-0.11826152,-0.14641210,-0.11311025,-33.05816486,-4.70021771,-0.06231234,-0.11961863,-0.05397208,-0.17542258,-33.17778349,-4.75418978,-0.18207359,-33.06149788,-4.65607813,-0.00073761,0.00454650,-0.01146917,0.00198087,0.00150741,-0.00292456
5.730,-1.19070801,0.44177102,1.91667140,-0.40469048,-0.11678987,-0.14938239,-0.01216535,-0.00351081,-0.00449057,-1.18999558,0.43720752,1.92816881,-0.40669744,-0.11831396,-0.14644315,-0.11194835,-33.08756920,-4.71287705,-0.06012336,-0.11865837,-0.05369846,-0.17207172,-33.20622757,-4.76657552,-0.17875650,-33.09004138,-4.66850739,-0.00071243,0.00456350,-0.01149741,0.00200696,0.00152409,-0.00293924
5.740,-1.19475551,0.44060295,1.91517736,-0.40480989,-0.11682433,-0.14942647,-0.01171651,-0.00338127,-0.00432489,-1.19406837,0.43602234,1.92670320,-0.40684282,-0.11836503,-0.14647261,-0.11078091,-33.11691426,-4.72550819,-0.05792276,-0.11769395,-0.05342407,-0.16870368,-33.23460821,-4.77893226,-0.17542258,-33.11852437,-4.68090929,-0.00068714,0.00458061,-0.01152584,0.00203293,0.00154070,-0.00295386
5.750,-1.19880419,0.43943454,1.91368288,-0.40492481,-0.11685749,-0.14946889,-0.01126747,-0.00325169,-0.00415913,-1.19814243,0.43483670,1.92523736,-0.40698357,-0.11841472,-0.14650050,-0.10960796,-33.14619971,-4.73811095,-0.05571221,-0.11672733,-0.05314939,-0.16532016,-33.26292703,-4.79126034,-0.17207172,-33.14694568,-4.69328344,-0.00066176,0.00459784,-0.01155448,0.00205876,0.00155723,-0.00296839
5.760,-1.20285399,0.43826580,1.91218798,-0.40503524,-0.11688936,-0.14950965,-0.01081825,-0.00312204,-0.00399331,-1.20221771,0.43365062,1.92377130,-0.40711967,-0.11846303,-0.14652682,-0.10842953,-33.17542503,-4.75068507,-0.05349107,-0.11575890,-0.05287449,-0.16192060,-33.29118393,-4.80355956,-0.16870368,-33.17530423,-4.70562938,-0.00063628,0.00461518,-0.01158332,0.00208443,0.00157367,-0.00298283
5.770,-1.20690488,0.43709676,1.91069269,-0.40514117,-0.11691994,-0.14954875,-0.01036884,-0.00299235,-0.00382743,-1.20629416,0.43246412,1.92230504,-0.40725110,-0.11850995,-0.14655158,-0.10724564,-33.20458939,-4.76323015,-0.05125978,-0.11478514,-0.05259853,-0.15850542,-33.31937453,-4.81582868,-0.16532016,-33.20360168,-4.71794741,-0.00061072,0.00463264,-0.01161235,0.00210993,0.00159001,-0.00299717
5.780,-1.21095680,0.43592741,1.90919701,-0.40524261,-0.11694921,-0.14958620,-0.00991927,-0.00286261,-0.00366147,-1.21037174,0.43127720,1.92083860,-0.40737785,-0.11855548,-0.14657479,-0.10605635,-33.23369279,-4.77574612,-0.04901875,-0.11381079,-0.05232263,-0.15507510,-33.34750358,-4.82806875,-0.16192060,-33.23183790,-4.73023734,-0.00058506,0.00465021,-0.01164159,0.00213524,0.00160627,-0.00301141
5.790,-1.21500972,0.43475778,1.90770097,-0.40533956,-0.11697719,-0.14962198,-0.00946952,-0.00273282,-0.00349546,-1.21445040,0.43008988,1.91937198,-0.40749990,-0.11859961,-0.14659646,-0.10486165,-33.26273433,-4.78823258,-0.04676855,-0.11283255,-0.05204600,-0.15163020,-33.37556688,-4.84027857,-0.15850542,-33.26000853,-4.74249793,-0.00055932,0.00466790,-0.01167101,0.00216034,0.00162242,-0.00302552
5.800,-1.21906358,0.43358787,1.90620458,-0.40543200,-0.11700387,-0.14965611,-0.00901962,-0.00260298,-0.00332939,-1.21853010,0.42890217,1.91790521,-0.40761724,-0.11864233,-0.14661661,-0.10366160,-33.29171382,-4.80068936,-0.04450889,-0.11185295,-0.05176923,-0.14817049,-33.40356677,-4.85245860,-0.15507510,-33.28811832,-4.75473023,-0.00053348,0.00468570,-0.01170063,0.00218524,0.00163846,-0.00303950
5.810,-1.22311834,0.43241770,1.90470785,-0.40551995,-0.11702925,-0.14968857,-0.00856957,-0.00247310,-0.00316326,-1.22261077,0.42771409,1.91643830,-0.40772985,-0.11868365,-0.14663523,-0.10245624,-33.32063066,-4.81311622,-0.04224043,-0.11087143,-0.05149221,-0.14469667,-33.43150209,-4.86460843,-0.15163020,-33.31616307,-4.76693302,-0.00050757,0.00470361,-0.01173045,0.00220990,0.00165440,-0.00305334
5.820,-1.22717396,0.43124729,1.90321081,-0.40560339,-0.11705333,-0.14971937,-0.00811938,-0.00234318,-0.00299708,-1.22669239,0.42652566,1.91497127,-0.40783771,-0.11872357,-0.14665234,-0.10124559,-33.34948419,-4.82551281,-0.03996326,-0.10988603,-0.05121444,-0.14120885,-33.45937022,-4.87672725,-0.14817049,-33.34414512,-4.77910676,-0.00048157,0.00472163,-0.01176046,0.00223432,0.00167024,-0.00306703
5.830,-1.23123039,0.43007664,1.90171347,-0.40568234,-0.11707611,-0.14974851,-0.00766905,-0.00221321,-0.00283086,-1.23077489,0.42533689,1.91350412,-0.40794081,-0.11876206,-0.14666795,-0.10002968,-33.37827417,-4.83787896,-0.03767812,-0.10889948,-0.05093656,-0.13770780,-33.48717365,-4.88881552,-0.14469667,-33.37206331,-4.79125104,-0.00045550,0.00473975,-0.01179065,0.00225847,0.00168595,-0.00308056
5.840,-1.23528759,0.42890577,1.90021585,-0.40575677,-0.11709759,-0.14977599,-0.00721859,-0.00208322,-0.00266458,-1.23485823,0.42414778,1.91203687,-0.40803914,-0.11879914,-0.14668207,-0.09880854,-33.40700003,-4.85021439,-0.03538514,-0.10791051,-0.05065828,-0.13419369,-33.51491054,-4.90087267,-0.14120885,-33.39991503,-4.80336504,-0.00042936,0.00475799,-0.01182102,0.00228237,0.00170155,-0.00309392
5.850,-1.23934551,0.42773469,1.89871796,-0.40582671,-0.11711777,-0.14980180,-0.00676801,-0.00195318,-0.00249826,-1.23894236,0.42295836,1.91056955,-0.40813268,-0.11883480,-0.14669470,-0.09758222,-33.43566131,-4.86251888,-0.03308481,-0.10692014,-0.05037984,-0.13066703,-33.54258145,-4.91289872,-0.13770780,-33.42770276,-4.81544923,-0.00040315,0.00477633,-0.01185159,0.00230597,0.00171703,-0.00310710
5.860,-1.24340411,0.42656342,1.89721982,-0.40589213,-0.11713666,-0.14982596,-0.00631732,-0.00182312,-0.00233190,-1.24302724,0.42176865,1.90910215,-0.40822142,-0.11886903,-0.14670585,-0.09635076,-33.46425746,-4.87479216,-0.03077734,-0.10592742,-0.05010099,-0.12712810,-33.57018489,-4.92489315,-0.13419369,-33.45542467,-4.82750302,-0.00037687,0.00479477,-0.01188233,0.00232929,0.00173237,-0.00312011
5.870,-1.24746334,0.42539196,1.89572144,-0.40595305,-0.11715424,-0.14984844,-0.00586652,-0.00169302,-0.00216549,-1.24711281,0.42057864,1.90763471,-0.40830535,-0.11890184,-0.14671553,-0.09511417,-33.49278824,-4.88703405,-0.02846336,-0.10493450,-0.04982226,-0.12357753,-33.59772274,-4.93685631,-0.13066703,-33.48308133,-4.83952643,-0.00035053,0.00481332,-0.01191327,0.00235230,0.00174760,-0.00313291
5.880,-1.25152316,0.42422034,1.89422285,-0.40600946,-0.11717052,-0.14986927,-0.00541563,-0.00156290,-0.00199906,-1.25119903,0.41938837,1.90616722,-0.40838445,-0.11893321,-0.14672375,-0.09387253,-33.52125283,-4.89924419,-0.02614279,-0.10393813,-0.04954286,-0.12001532,-33.62519096,-4.94878705,-0.12712810,-33.51067122,-4.85151895,-0.00032413,0.00483197,-0.01194437,0.00237499,0.00176269,-0.00314552
5.890,-1.25558352,0.42304856,1.89272406,-0.40606137,-0.11718549,-0.14988842,-0.00496464,-0.00143275,-0.00183259,-1.25528584,0.41819784,1.90469972,-0.40845872,-0.11896315,-0.14673051,-0.09262581,-33.54965102,-4.91142242,-0.02381623,-0.10294059,-0.04926331,-0.11644204,-33.65259161,-4.96068573,-0.12357753,-33.53819626,-4.86348091,-0.00029768,0.00485072,-0.01197566,0.00239735,0.00177766,-0.00315791
5.900,-1.25964437,0.42187663,1.89122509,-0.40610876,-0.11719917,-0.14990592,-0.00451357,-0.00130257,-0.00166608,-1.25937321,0.41700707,1.90323220,-0.40852814,-0.11899165,-0.14673583,-0.09137411,-33.57798240,-4.92356849,-0.02148369,-0.10194270,-0.04898381,-0.11285780,-33.67992510,-4.97255231,-0.12001532,-33.56565238,-4.87541116,-0.00027116,0.00486956,-0.01200711,0.00241938,0.00179248,-0.00317009
5.910,-1.26370568,0.42070458,1.88972595,-0.40615164,-0.11721155,-0.14992175,-0.00406243,-0.00117238,-0.00149955,-1.26346107,0.41581607,1.90176469,-0.40859271,-0.11901871,-0.14673970,-0.09011745,-33.60624624,-4.93568214,-0.01914613,-0.10094214,-0.04870383,-0.10926358,-33.70718839,-4.98438597,-0.11644204,-33.59304166,-4.88731006,-0.00024461,0.00488851,-0.01203874,0.00244107,0.00180716,-0.00318205
5.920,-1.26776739,0.41953241,1.88822666,-0.40619000,-0.11722262,-0.14993591,-0.00361122,-0.00104216,-0.00133300,-1.26754939,0.41462486,1.90029719,-0.40865241,-0.11904434,-0.14674215,-0.08885586,-33.63444230,-4.94776316,-0.01680316,-0.09994054,-0.04842372,-0.10565902,-33.73438284,-4.99618687,-0.11285780,-33.62036450,-4.89917757,-0.00021800,0.00490755,-0.01207053,0.00246241,0.00182172,-0.00319376
5.930,-1.27182946,0.41836013,1.88672724,-0.40622386,-0.11723239,-0.14994840,-0.00315995,-0.00091193,-0.00116642,-1.27163810,0.41343345,1.89882973,-0.40870723,-0.11906851,-0.14674316,-0.08758938,-33.66257017,-4.95981131,-0.01445579,-0.09893846,-0.04814361,-0.10204518,-33.76150863,-5.00795492,-0.10926358,-33.64761786,-4.91101286,-0.00019136,0.00492668,-0.01210249,0.00248337,0.00183612,-0.00320524
5.940,-1.27589185,0.41718776,1.88522770,-0.40625320,-0.11724086,-0.14995924,-0.00270863,-0.00078168,-0.00099983,-1.27572717,0.41224185,1.89736231,-0.40875717,-0.11909125,-0.14674276,-0.08631807,-33.69062931,-4.97182637,-0.01210445,-0.09793552,-0.04786342,-0.09842252,-33.78856484,-5.01968979,-0.10565902,-33.67480312,-4.92281610,-0.00016468,0.00494591,-0.01213461,0.00250397,0.00185039,-0.00321648
5.950,-1.27995451,0.41601532,1.88372806,-0.40627803,-0.11724802,-0.14996840,-0.00225726,-0.00065142,-0.00083322,-1.27981655,0.41105009,1.89589496,-0.40880222,-0.11911253,-0.14674095,-0.08504193,-33.71861913,-4.98380805,-0.00974890,-0.09692999,-0.04758274,-0.09479083,-33.81554911,-5.03139079,-0.10204518,-33.70192044,-4.93458717,-0.00013796,0.00496523,-0.01216690,0.00252419,0.00186451,-0.00322745
5.960,-1.28401740,0.41484281,1.88222834,-0.40629835,-0.11725389,-0.14997590,-0.00180585,-0.00052115,-0.00066659,-1.28390617,0.40985817,1.89442768,-0.40884237,-0.11913236,-0.14673773,-0.08376102,-33.74653940,-4.99575617,-0.00739037,-0.09592432,-0.04730212,-0.09115139,-33.84246372,-5.04305829,-0.09842252,-33.72896890,-4.94632576,-0.00011123,0.00498464,-0.01219934,0.00254402,0.00187847,-0.00323817
5.970,-1.28808046,0.41367024,1.88072855,-0.40631415,-0.11725845,-0.14998173,-0.00135441,-0.00039087,-0.00049995,-1.28799601,0.40866611,1.89296049,-0.40887761,-0.11915075,-0.14673311,-0.08247538,-33.77438979,-5.00767055,-0.00502823,-0.09491902,-0.04702169,-0.08750361,-33.86930881,-5.05469224,-0.09479083,-33.75594617,-4.95803117,-0.00008445,0.00500413,-0.01223194,0.00256346,0.00189230,-0.00324862
5.980,-1.29214366,0.41249764,1.87922871,-0.40632544,-0.11726170,-0.14998590,-0.00090296,-0.00026058,-0.00033331,-1.29208600,0.40747393,1.89149339,-0.40890794,-0.11916768,-0.14672709,-0.08118508,-33.80216952,-5.01955086,-0.00266337,-0.09391138,-0.04674082,-0.08384845,-33.89608090,-5.06629168,-0.09115139,-33.78285448,-4.96970377,-0.00005766,0.00502371,-0.01226468,0.00258250,0.00190598,-0.00325881
5.990,-1.29620696,0.41132502,1.87772884,-0.40633221,-0.11726366,-0.14998840,-0.00045148,-0.00013029,-0.00016665,-1.29617609,0.40628163,1.89002642,-0.40893334,-0.11918315,-0.14671968,-0.07989011,-33.82987821,-5.03139688,-0.00029654,-0.09290196,-0.04645962,-0.08018665,-33.92278017,-5.07785650,-0.08750361,-33.80969402,-4.98134351,-0.00003087,0.00504339,-0.01229758,0.00260113,0.00191949,-0.00326872
6.000,-1.30027029,0.41015237,1.87622895,-0.40633447,-0.11726431,-0.14998923,-0.00000000,-0.00000000,-0.00000000,-1.30026625,0.40508924,1.88855957,-0.40895383,-0.11919717,-0.14671089,-0.07859054,-33.85751588,-5.04320852,0.00207270,-0.09189454,-0.04617898,-0.07651784,-33.94941042,-5.08938750,-0.08384845,-33.83646128,-4.99294941,-0.00000404,0.00506313,-0.01233062,0.00261936,0.00193286,-0.00327834
6.010,-1.30433363,0.40897973,1.87472906,-0.40633221,-0.11726366,-0.14998840,0.00045148,0.00013029,0.00016665,-1.30435641,0.40389677,1.88709287,-0.40896938,-0.11920974,-0.14670073,-0.07728642,-33.88508161,-5.05498543,0.00444327,-0.09088499,-0.04589792,-0.07284316,-33.97596660,-5.10088336,-0.08018665,-33.86315645,-5.00452139,0.00002278,0.00508296,-0.01236381,0.00263717,0.00194608,-0.00328767
6.020,-1.30839692,0.40780711,1.87322918,-0.40632544,-0.11726170,-0.14998590,0.00090296,0.00026058,0.00033331,-1.30844652,0.40270422,1.88562633,-0.40898001,-0.11922084,-0.14668919,-0.07597777,-33.91257503,-5.06672742,0.00681557,-0.08987396,-0.04561662,-0.06916220,-34.00244899,-5.11234405,-0.07651784,-33.88978334,-5.01606022,0.00004960,0.00510289,-0.01239715,0.00265457,0.00195914,-0.00329671
6.030,-1.31246012,0.40663450,1.87172934,-0.40631415,-0.11725845,-0.14998173,0.00135441,0.00039087,0.00049995,-1.31253655,0.40151163,1.88415995,-0.40898569,-0.11923049,-0.14667628,-0.07466467,-33.93999612,-5.07843433,0.00918834,-0.08886462,-0.04533578,-0.06547633,-34.02886074,-5.12377011,-0.07284316,-33.91633688,-5.02756458,0.00007643,0.00512287,-0.01243061,0.00267154,0.00197204,-0.00330545
6.040,-1.31652319,0.40546194,1.87022955,-0.40629835,-0.11725389,-0.14997590,0.00180585,0.00052115,0.00066659,-1.31662644,0.40031900,1.88269376,-0.40898643,-0.11923868,-0.14666200,-0.07334712,-33.96734397,-5.09010584,0.01156162,-0.08785292,-0.04505446,-0.06178550,-34.05519690,-5.13516030,-0.06916220,-33.94281737,-5.03903445,0.00010325,0.00514294,-0.01246421,0.00268808,0.00198479,-0.00331390
6.050,-1.32058608,0.40428943,1.86872983,-0.40627803,-0.11724802,-0.14996840,0.00225726,0.00065142,0.00083322,-1.32071614,0.39912634,1.88122776,-0.40898224,-0.11924541,-0.14664637,-0.07202517,-33.99461842,-5.10174179,0.01393512,-0.08684062,-0.04477306,-0.05809005,-34.08145904,-5.14651485,-0.06547633,-33.96922795,-5.05047037,0.00013006,0.00516309,-0.01249793,0.00270421,0.00199739,-0.00332203
6.060,-1.32464874,0.40311698,1.86723019,-0.40625320,-0.11724086,-0.14995924,0.00270863,0.00078168,0.00099983,-1.32480559,0.39793368,1.87976198,-0.40897309,-0.11925067,-0.14662939,-0.07069890,-34.02181913,-5.11334200,0.01630846,-0.08582912,-0.04449193,-0.05439044,-34.10764825,-5.15783392,-0.06178550,-33.99556366,-5.06187108,0.00015685,0.00518330,-0.01253179,0.00271989,0.00200981,-0.00332985
6.070,-1.32871112,0.40194462,1.86573065,-0.40622386,-0.11723239,-0.14994840,0.00315995,0.00091193,0.00116642,-1.32889476,0.39674102,1.87829642,-0.40895901,-0.11925448,-0.14661105,-0.06936833,-34.04894537,-5.12490617,0.01868233,-0.08481490,-0.04421022,-0.05068601,-34.13376027,-5.16911639,-0.05809005,-34.02182609,-5.07323683,0.00018364,0.00520360,-0.01256577,0.00273515,0.00202209,-0.00333735
6.080,-1.33277320,0.40077234,1.86423123,-0.40619000,-0.11722262,-0.14993591,0.00361122,0.00104216,0.00133300,-1.33298359,0.39554838,1.87683110,-0.40893997,-0.11925683,-0.14659136,-0.06803352,-34.07599716,-5.13643419,0.02105394,-0.08380211,-0.04392891,-0.04697958,-34.15979926,-5.18036309,-0.05439044,-34.04801632,-5.08456777,0.00021039,0.00522396,-0.01259987,0.00274997,0.00203421,-0.00334455
6.090,-1.33683491,0.39960017,1.86273194,-0.40615164,-0.11721155,-0.14992175,0.00406243,0.00117238,0.00149955,-1.33707203,0.39435578,1.87536602,-0.40891599,-0.11925771,-0.14657033,-0.06669449,-34.10297379,-5.14792579,0.02342499,-0.08278814,-0.04364738,-0.04326950,-34.18576193,-5.19157317,-0.05068601,-34.07413009,-5.09586277,0.00023712,0.00524439,-0.01263408,0.00276435,0.00204616,-0.00335142
6.100,-1.34089622,0.39842811,1.86123280,-0.40610876,-0.11719917,-0.14990592,0.00451357,0.00130257,0.00166608,-1.34116003,0.39316322,1.87390122,-0.40888706,-0.11925713,-0.14654797,-0.06535131,-34.12987512,-5.15938082,0.02579393,-0.08177484,-0.04336607,-0.03955739,-34.21164996,-5.20274689,-0.04697958,-34.10017157,-5.10712266,0.00026381,0.00526489,-0.01266842,0.00277830,0.00205796,-0.00335795
6.110,-1.34495707,0.39725619,1.85973383,-0.40606137,-0.11718549,-0.14988842,0.00496464,0.00143275,0.00183259,-1.34524755,0.39197073,1.87243668,-0.40885319,-0.11925509,-0.14652426,-0.06400401,-34.15670041,-5.17079898,0.02816195,-0.08075921,-0.04308426,-0.03584206,-34.23745963,-5.21388324,-0.04326950,-34.12613744,-5.11834660,0.00029048,0.00528546,-0.01270285,0.00279182,0.00206960,-0.00336416
6.120,-1.34901743,0.39608441,1.85823504,-0.40600946,-0.11717052,-0.14986927,0.00541563,0.00156290,0.00199906,-1.34933453,0.39077832,1.87097244,-0.40881437,-0.11925159,-0.14649922,-0.06265264,-34.18344957,-5.18218016,0.03052719,-0.07974436,-0.04280269,-0.03212545,-34.26319394,-5.22498285,-0.03955739,-34.15202942,-5.12953484,0.00031710,0.00530609,-0.01273740,0.00280491,0.00208107,-0.00337005
6.130,-1.35307724,0.39491278,1.85673645,-0.40595305,-0.11715424,-0.14984844,0.00586652,0.00169302,0.00216549,-1.35342092,0.38958600,1.86950851,-0.40877061,-0.11924663,-0.14647285,-0.06129727,-34.21012224,-5.19352415,0.03289023,-0.07872987,-0.04252126,-0.02840704,-34.28885211,-5.23604541,-0.03584206,-34.17784376,-5.14068637,0.00034368,0.00532678,-0.01277206,0.00281756,0.00209239,-0.00337559
6.140,-1.35713647,0.39374133,1.85523807,-0.40589213,-0.11713666,-0.14982596,0.00631732,0.00182312,0.00233190,-1.35750668,0.38839379,1.86804489,-0.40872190,-0.11924020,-0.14644515,-0.05993791,-34.23671774,-5.20483071,0.03525019,-0.07771398,-0.04223955,-0.02468772,-34.31443172,-5.24707027,-0.03212545,-34.20358347,-5.15180183,0.00037021,0.00534754,-0.01280682,0.00282977,0.00210354,-0.00338081
6.150,-1.36119507,0.39257006,1.85373993,-0.40582671,-0.11711777,-0.14980180,0.00676801,0.00195318,0.00249826,-1.36159175,0.38720171,1.86658160,-0.40866826,-0.11923231,-0.14641612,-0.05857465,-34.26323591,-5.21609965,0.03760685,-0.07669737,-0.04195772,-0.02096780,-34.33993328,-5.25805737,-0.02840704,-34.22924778,-5.16288089,0.00039668,0.00536835,-0.01284167,0.00284155,0.00211454,-0.00338568
6.160,-1.36525299,0.39139898,1.85224204,-0.40575677,-0.11709759,-0.14977599,0.00721859,0.00208322,0.00266458,-1.36567609,0.38600976,1.86511865,-0.40860969,-0.11922296,-0.14638577,-0.05720750,-34.28967641,-5.22733081,0.03996014,-0.07568154,-0.04167610,-0.01724736,-34.36535795,-5.26900692,-0.02468772,-34.25483426,-5.17392291,0.00042310,0.00538922,-0.01287661,0.00285292,0.00212537,-0.00339022
6.170,-1.36931019,0.39022811,1.85074442,-0.40568234,-0.11707611,-0.14974851,0.00766905,0.00221321,0.00283086,-1.36975965,0.38481796,1.86365606,-0.40854618,-0.11921215,-0.14635409,-0.05583654,-34.31603878,-5.23852396,0.04230946,-0.07466485,-0.04139433,-0.01352707,-34.39070363,-5.27991828,-0.02096780,-34.28034342,-5.18492783,0.00044946,0.00541015,-0.01291164,0.00286384,0.00213604,-0.00339442
6.180,-1.37336662,0.38905746,1.84924708,-0.40560339,-0.11705333,-0.14971937,0.00811938,0.00234318,0.00299708,-1.37384237,0.38362633,1.86219384,-0.40847775,-0.11919988,-0.14632110,-0.05446179,-34.34232270,-5.24967893,0.04465497,-0.07364828,-0.04111262,-0.00980682,-34.41597098,-5.29079155,-0.01724736,-34.30577642,-5.19589586,0.00047575,0.00543113,-0.01294676,0.00287436,0.00214655,-0.00339827
6.190,-1.37742224,0.38788705,1.84775004,-0.40551995,-0.11702925,-0.14968857,0.00856957,0.00247310,0.00316326,-1.37792421,0.38243488,1.86073200,-0.40840440,-0.11918615,-0.14628679,-0.05308335,-34.36852769,-5.26079551,0.04699601,-0.07263050,-0.04083068,-0.00608733,-34.44115819,-5.30162619,-0.01352707,-34.33113115,-5.20682636,0.00050197,0.00545217,-0.01298196,0.00288445,0.00215690,-0.00340178
6.200,-1.38147701,0.38671688,1.84625331,-0.40543200,-0.11700387,-0.14965611,0.00901962,0.00260298,0.00332939,-1.38200513,0.38124363,1.85927056,-0.40832613,-0.11917096,-0.14625116,-0.05170121,-34.39465364,-5.27187359,0.04933164,-0.07161417,-0.04054912,-0.00236957,-34.46626782,-5.31242270,-0.00980682,-34.35640829,-5.21771942,0.00052812,0.00547325,-0.01301725,0.00289413,0.00216709,-0.00340495
6.210,-1.38553087,0.38554697,1.84475692,-0.40533956,-0.11697719,-0.14962198,0.00946952,0.00273282,0.00349546,-1.38608506,0.38005258,1.85780952,-0.40824295,-0.11915431,-0.14621421,-0.05031546,-34.42070001,-5.28291289,0.05166288,-0.07059692,-0.04026736,0.00134743,-34.49129692,-5.32318025,-0.00608733,-34.38160602,-5.22857450,0.00055419,0.00549439,-0.01305260,0.00290339,0.00217712,-0.00340777
6.220,-1.38958378,0.38437734,1.84326088,-0.40524261,-0.11694921,-0.14958620,0.00991927,0.00286261,0.00366147,-1.39016397,0.37886176,1.85634891,-0.40815487,-0.11913620,-0.14617595,-0.04892611,-34.44666636,-5.29391323,0.05398943,-0.06957823,-0.03998531,0.00506332,-34.51624459,-5.33389854,-0.00236957,-34.40672688,-5.23939212,0.00058019,0.00551558,-0.01308803,0.00291226,0.00218699,-0.00341025
6.230,-1.39363571,0.38320799,1.84176520,-0.40514117,-0.11691994,-0.14954875,0.01036884,0.00299235,0.00382743,-1.39424180,0.37767119,1.85488873,-0.40806188,-0.11911663,-0.14613638,-0.04753328,-34.47255260,-5.30487452,0.05630927,-0.06856092,-0.03970363,0.00877600,-34.54111352,-5.34457814,0.00134743,-34.43176796,-5.25017142,0.00060609,0.00553680,-0.01312353,0.00292071,0.00219669,-0.00341237
6.240,-1.39768659,0.38203895,1.84026991,-0.40503524,-0.11688936,-0.14950965,0.01081825,0.00312204,0.00399331,-1.39831850,0.37648086,1.85342900,-0.40796401,-0.11909561,-0.14609549,-0.04613694,-34.49835803,-5.31579644,0.05862470,-0.06754073,-0.03942129,0.01248776,-34.56589876,-5.35521773,0.00506332,-34.45672833,-5.26091213,0.00063191,0.00555809,-0.01315909,0.00292877,0.00220625,-0.00341416
6.250,-1.40173640,0.38087021,1.83877501,-0.40492481,-0.11685749,-0.14946889,0.01126747,0.00325169,0.00415913,-1.40239403,0.37529080,1.85196974,-0.40786126,-0.11907313,-0.14605329,-0.04473721,-34.52408276,-5.32667898,0.06093281,-0.06652317,-0.03913962,0.01619560,-34.59060593,-5.36581860,0.00877600,-34.48161068,-5.27161480,0.00065763,0.00557941,-0.01319473,0.00293645,0.00221564,-0.00341560
6.260,-1.40578507,0.37970180,1.83728054,-0.40480989,-0.11682433,-0.14942647,0.01171651,0.00338127,0.00432489,-1.40646834,0.37410103,1.85051095,-0.40775363,-0.11904919,-0.14600978,-0.04333410,-34.54972609,-5.33752181,0.06323591,-0.06550340,-0.03885745,0.01990181,-34.61522949,-5.37637926,0.01248776,-34.50641007,-5.28227811,0.00068327,0.00560077,-0.01323041,0.00294374,0.00222486,-0.00341669
6.270,-1.40983258,0.37853373,1.83578649,-0.40469048,-0.11678987,-0.14938239,0.01216535,0.00351081,0.00449057,-1.41054138,0.37291155,1.84905264,-0.40764113,-0.11902380,-0.14596495,-0.04192768,-34.57528781,-5.34832486,0.06553159,-0.06448400,-0.03857541,0.02360391,-34.63977181,-5.38690027,0.01619560,-34.53113211,-5.29290336,0.00070880,0.00562218,-0.01326615,0.00295065,0.00223393,-0.00341744
6.280,-1.41387887,0.37736601,1.83429289,-0.40456658,-0.11675411,-0.14933666,0.01261399,0.00364028,0.00465617,-1.41461309,0.37172239,1.84759484,-0.40752378,-0.11899696,-0.14591882,-0.04051800,-34.60076763,-5.35908793,0.06782080,-0.06346433,-0.03829334,0.02730280,-34.66423196,-5.39738127,0.01990181,-34.55577128,-5.30348905,0.00073422,0.00564362,-0.01330195,0.00295720,0.00224285,-0.00341784
6.290,-1.41792390,0.37619865,1.83279976,-0.40443820,-0.11671706,-0.14928927,0.01306241,0.00376969,0.00482170,-1.41868344,0.37053355,1.84613755,-0.40740158,-0.11896866,-0.14587137,-0.03910513,-34.62616524,-5.36981085,0.07010283,-0.06244473,-0.03801132,0.03099770,-34.68860998,-5.40782217,0.02360391,-34.58032993,-5.31403576,0.00075954,0.00566510,-0.01333779,0.00296338,0.00225160,-0.00341790
6.300,-1.42196762,0.37503167,1.83130711,-0.40430533,-0.11667872,-0.14924022,0.01351062,0.00389904,0.00498714,-1.42275238,0.36934505,1.84468078,-0.40727454,-0.11893891,-0.14582261,-0.03768909,-34.65148022,-5.38049344,0.07237808,-0.06142448,-0.03772917,0.03468899,-34.71290470,-5.41822261,0.02730280,-34.60480713,-5.32454311,0.00078476,0.00568662,-0.01337367,0.00296921,0.00226019,-0.00341761
6.310,-1.42600999,0.37386508,1.82981496,-0.40416799,-0.11663908,-0.14918953,0.01395860,0.00402832,0.00515250,-1.42681985,0.36815691,1.84322456,-0.40714267,-0.11890771,-0.14577254,-0.03626997,-34.67671230,-5.39113553,0.07464581,-0.06040380,-0.03744697,0.03837584,-34.73711609,-5.42858250,0.03099770,-34.62920292,-5.33501100,0.00080986,0.00570817,-0.01340960,0.00297468,0.00226863,-0.00341699
6.320,-1.43005096,0.37269889,1.82832333,-0.40402616,-0.11659815,-0.14913717,0.01440635,0.00415754,0.00531778,-1.43088581,0.36696914,1.84176889,-0.40700598,-0.11887506,-0.14572115,-0.03484778,-34.70186117,-5.40173697,0.07690635,-0.05938275,-0.03716470,0.04205857,-34.76124392,-5.43890167,0.03468899,-34.65351615,-5.34543911,0.00083485,0.00572975,-0.01344556,0.00297982,0.00227691,-0.00341602
6.330,-1.43409050,0.37153312,1.82683223,-0.40387986,-0.11655593,-0.14908317,0.01485386,0.00428668,0.00548297,-1.43495021,0.36578176,1.84031379,-0.40686449,-0.11884096,-0.14566845,-0.03342262,-34.72692647,-5.41229759,0.07915841,-0.05836104,-0.03688232,0.04573579,-34.78528751,-5.44917991,0.03837584,-34.67774677,-5.35582732,0.00085971,0.00575136,-0.01348156,0.00298463,0.00228503,-0.00341472
6.340,-1.43812854,0.37036778,1.82534167,-0.40372909,-0.11651242,-0.14902751,0.01530112,0.00441576,0.00564806,-1.43901300,0.36459477,1.83885926,-0.40671819,-0.11880541,-0.14561444,-0.03199451,-34.75190793,-5.42281726,0.08140347,-0.05733923,-0.03659996,0.04940896,-34.80924716,-5.45941723,0.04205857,-34.70189454,-5.36617547,0.00088446,0.00577301,-0.01351759,0.00298910,0.00229299,-0.00341307
6.350,-1.44216506,0.36920288,1.82385168,-0.40357384,-0.11646762,-0.14897021,0.01574813,0.00454476,0.00581307,-1.44307414,0.36340819,1.83740533,-0.40656711,-0.11876842,-0.14555912,-0.03056352,-34.77680527,-5.43329580,0.08363978,-0.05631711,-0.03631757,0.05307626,-34.83312238,-5.46961336,0.04573579,-34.72595880,-5.37648334,0.00090908,0.00579469,-0.01355365,0.00299327,0.00230080,-0.00341109
6.360,-1.44620001,0.36803843,1.82236227,-0.40341412,-0.11642153,-0.14891125,0.01619487,0.00467369,0.00597797,-1.44713358,0.36222205,1.83595201,-0.40641126,-0.11872998,-0.14550248,-0.02912971,-34.80161825,-5.44373307,0.08586734,-0.05529544,-0.03603531,0.05673762,-34.85691369,-5.47976838,0.04940896,-34.74993984,-5.38675095,0.00093357,0.00581638,-0.01358974,0.00299714,0.00230845,-0.00340877
6.370,-1.45023333,0.36687445,1.82087346,-0.40324994,-0.11637414,-0.14885065,0.01664134,0.00480253,0.00614278,-1.45119126,0.36103634,1.83449930,-0.40625064,-0.11869009,-0.14544452,-0.02769314,-34.82634646,-5.45412889,0.08808729,-0.05427261,-0.03575283,0.06039415,-34.88061907,-5.48988172,0.05307626,-34.77383716,-5.39697804,0.00095793,0.00583811,-0.01362584,0.00300070,0.00231595,-0.00340613
6.380,-1.45426499,0.36571095,1.81938527,-0.40308130,-0.11632548,-0.14878840,0.01708753,0.00493130,0.00630748,-1.45524715,0.35985110,1.83304722,-0.40608527,-0.11864877,-0.14538525,-0.02625386,-34.85098961,-5.46448310,0.09029834,-0.05324934,-0.03547027,0.06404448,-34.90423895,-5.49995337,0.05673762,-34.79765130,-5.40716467,0.00098216,0.00585985,-0.01366195,0.00300397,0.00232329,-0.00340315
6.390,-1.45829494,0.36454795,1.81789770,-0.40290819,-0.11627552,-0.14872450,0.01753343,0.00505998,0.00647207,-1.45930120,0.35866632,1.83159580,-0.40591517,-0.11860600,-0.14532465,-0.02481193,-34.87554740,-5.47479560,0.09250098,-0.05222514,-0.03518755,0.06768904,-34.92777254,-5.50998315,0.06039415,-34.82138022,-5.41731028,0.00100626,0.00588163,-0.01369810,0.00300698,0.00233048,-0.00339985
6.400,-1.46232314,0.36338545,1.81641078,-0.40273063,-0.11622428,-0.14865896,0.01797905,0.00518858,0.00663656,-1.46335336,0.35748203,1.83014503,-0.40574033,-0.11856179,-0.14526274,-0.02336738,-34.90001966,-5.48506622,0.09469428,-0.05120154,-0.03490502,0.07132690,-34.95122120,-5.51997124,0.06404448,-34.84502437,-5.42741487,0.00103022,0.00590342,-0.01373425,0.00300970,0.00233751,-0.00339622
6.410,-1.46634954,0.36222346,1.81492453,-0.40254861,-0.11617175,-0.14859177,0.01842436,0.00531710,0.00680094,-1.46740358,0.35629823,1.82869493,-0.40556079,-0.11851614,-0.14519950,-0.02192029,-34.92440617,-5.49529483,0.09687864,-0.05017840,-0.03462263,0.07495835,-34.97458457,-5.52991746,0.06768904,-34.86858294,-5.43747825,0.00105404,0.00592523,-0.01377040,0.00301218,0.00234439,-0.00339227
6.420,-1.47037410,0.36106201,1.81343895,-0.40236214,-0.11611793,-0.14852294,0.01886936,0.00544552,0.00696520,-1.47145182,0.35511496,1.82724552,-0.40537655,-0.11846905,-0.14513495,-0.02047073,-34.94870645,-5.50548128,0.09905387,-0.04915426,-0.03434007,0.07858314,-34.99786071,-5.53982135,0.07132690,-34.89205730,-5.44750060,0.00107772,0.00594705,-0.01380657,0.00301441,0.00235112,-0.00338799
6.430,-1.47439677,0.35990111,1.81195407,-0.40217123,-0.11606284,-0.14845247,0.01931405,0.00557385,0.00712935,-1.47549803,0.35393221,1.82579680,-0.40518762,-0.11842053,-0.14506907,-0.01901873,-34.97292020,-5.51562539,0.10122022,-0.04812880,-0.03405724,0.08220149,-35.02104900,-5.54968263,0.07495835,-34.91544708,-5.45748175,0.00110126,0.00596890,-0.01384273,0.00301639,0.00235769,-0.00338340
6.440,-1.47841751,0.35874076,1.81046991,-0.40197586,-0.11600646,-0.14838035,0.01975841,0.00570209,0.00729337,-1.47954216,0.35275000,1.82434880,-0.40499402,-0.11837058,-0.14500186,-0.01756436,-34.99704736,-5.52572706,0.10337724,-0.04710343,-0.03377448,0.08581287,-35.04415078,-5.55950154,0.07858314,-34.93875036,-5.46742123,0.00112465,0.00599076,-0.01387889,0.00301816,0.00236412,-0.00337849
6.450,-1.48243627,0.35758098,1.80898647,-0.40177606,-0.11594880,-0.14830660,0.02020244,0.00583023,0.00745728,-1.48358417,0.35156835,1.82290152,-0.40479576,-0.11831919,-0.14493333,-0.01610769,-35.02108760,-5.53578618,0.10552494,-0.04607851,-0.03349190,0.08941725,-35.06716611,-5.56927807,0.08220149,-34.96196649,-5.47731877,0.00114790,0.00601263,-0.01391505,0.00301970,0.00237039,-0.00337327
6.460,-1.48645301,0.35642179,1.80750378,-0.40157182,-0.11588985,-0.14823121,0.02064614,0.00595828,0.00762106,-1.48762401,0.35038727,1.82145498,-0.40459285,-0.11826637,-0.14486346,-0.01464874,-35.04504048,-5.54580253,0.10766349,-0.04505157,-0.03320889,0.09301475,-35.09009205,-5.57901143,0.08581287,-34.98509683,-5.48717460,0.00117100,0.00603452,-0.01395120,0.00302103,0.00237652,-0.00336775
6.470,-1.49046769,0.35526319,1.80602185,-0.40136314,-0.11582963,-0.14815418,0.02108948,0.00608623,0.00778471,-1.49166164,0.34920678,1.82000920,-0.40438532,-0.11821211,-0.14479227,-0.01318763,-35.06890601,-5.55577608,0.10979203,-0.04402553,-0.03292616,0.09660440,-35.11293154,-5.58870224,0.08941725,-35.00814143,-5.49698873,0.00119395,0.00605641,-0.01398735,0.00302218,0.00238248,-0.00336191
6.480,-1.49448026,0.35410520,1.80454070,-0.40115003,-0.11576813,-0.14807551,0.02153248,0.00621407,0.00794823,-1.49569701,0.34802688,1.81856417,-0.40417316,-0.11815643,-0.14471975,-0.01172434,-35.09268379,-5.56570664,0.11191113,-0.04299871,-0.03264331,0.10018678,-35.13568251,-5.59834994,0.09301475,-35.03109735,-5.50676034,0.00121675,0.00607832,-0.01402347,0.00302313,0.00238830,-0.00335576
6.490,-1.49849068,0.35294783,1.80306035,-0.40093249,-0.11570535,-0.14799521,0.02197511,0.00634181,0.00811162,-1.49973007,0.34684760,1.81711993,-0.40395641,-0.11809932,-0.14464589,-0.01025900,-35.11637361,-5.57559408,0.11402042,-0.04197137,-0.03236039,0.10376141,-35.15834497,-5.60795446,0.09660440,-35.05396754,-5.51649008,0.00123939,0.00610023,-0.01405958,0.00302392,0.00239397,-0.00334932
6.500,-1.50249890,0.35179110,1.80158080,-0.40071053,-0.11564129,-0.14791328,0.02241737,0.00646944,0.00827487,-1.50376078,0.34566895,1.81567648,-0.40373507,-0.11804079,-0.14457069,-0.00879165,-35.13997516,-5.58543831,0.11612023,-0.04094349,-0.03207743,0.10732858,-35.18091865,-5.61751574,0.10018678,-35.07674991,-5.52617739,0.00126188,0.00612215,-0.01409568,0.00302454,0.00239950,-0.00334259
6.510,-1.50650487,0.35063501,1.80010209,-0.40048414,-0.11557596,-0.14782972,0.02285926,0.00659697,0.00843798,-1.50778909,0.34449094,1.81423383,-0.40350916,-0.11798083,-0.14449416,-0.00732231,-35.16348831,-5.59523917,0.11821097,-0.03991544,-0.03179449,0.11088866,-35.20340375,-5.62703366,0.10376141,-35.09944449,-5.53582218,0.00128422,0.00614407,-0.01413174,0.00302502,0.00240487,-0.00333556
6.520,-1.51050856,0.34947958,1.79862421,-0.40025334,-0.11550935,-0.14774452,0.02330076,0.00672438,0.00860095,-1.51181497,0.34331359,1.81279201,-0.40327869,-0.11791945,-0.14441628,-0.00585109,-35.18691283,-5.60499660,0.12029137,-0.03888793,-0.03151177,0.11444027,-35.22580077,-5.63650837,0.10732858,-35.12205100,-5.54542441,0.00130641,0.00616599,-0.01416780,0.00302535,0.00241010,-0.00332824
6.530,-1.51450993,0.34832483,1.79714720,-0.40001813,-0.11544147,-0.14765770,0.02374188,0.00685168,0.00876378,-1.51583835,0.34213691,1.81135101,-0.40304367,-0.11785665,-0.14433707,-0.00437801,-35.21024827,-5.61471038,0.12236159,-0.03785825,-0.03122860,0.11798358,-35.24810652,-5.64593899,0.11088866,-35.14456963,-5.55498394,0.00132842,0.00618792,-0.01420381,0.00302554,0.00241518,-0.00332063
6.540,-1.51850891,0.34717076,1.79567107,-0.39977851,-0.11537232,-0.14756925,0.02418259,0.00697887,0.00892646,-1.51985921,0.34096091,1.80991087,-0.40280413,-0.11779243,-0.14425651,-0.00290317,-35.23349461,-5.62438046,0.12442312,-0.03682865,-0.03094553,0.12151996,-35.27032326,-5.65532600,0.11444027,-35.16700088,-5.56450095,0.00135030,0.00620985,-0.01423980,0.00302562,0.00242011,-0.00331274
6.550,-1.52250548,0.34601739,1.79419582,-0.39953448,-0.11530190,-0.14747917,0.02462290,0.00710594,0.00908899,-1.52387749,0.33978561,1.80847158,-0.40256008,-0.11772680,-0.14417461,-0.00142659,-35.25665160,-5.63400676,0.12647428,-0.03579937,-0.03066264,0.12504769,-35.29245097,-5.66466940,0.11798358,-35.18934157,-5.57397454,0.00137201,0.00623178,-0.01427576,0.00302560,0.00242490,-0.00330456
6.560,-1.52649959,0.34486473,1.79272149,-0.39928605,-0.11523020,-0.14738747,0.02506279,0.00723289,0.00925137,-1.52789315,0.33861102,1.80703316,-0.40231152,-0.11765975,-0.14409135,0.00005164,-35.27971897,-5.64358909,0.12851566,-0.03476886,-0.03037954,0.12856730,-35.31448783,-5.67396862,0.12151996,-35.21159397,-5.58340520,0.00139356,0.00625371,-0.01431167,0.00302547,0.00242955,-0.00329612
6.570,-1.53049119,0.34371279,1.79124808,-0.39903323,-0.11515724,-0.14729414,0.02550226,0.00735971,0.00941359,-1.53190614,0.33743716,1.80559563,-0.40205849,-0.11759128,-0.14400675,0.00153147,-35.30269661,-5.65312740,0.13054736,-0.03373902,-0.03009669,0.13207883,-35.33643563,-5.68322409,0.12504769,-35.23375803,-5.59279293,0.00141495,0.00627563,-0.01434755,0.00302526,0.00243404,-0.00328739
6.580,-1.53448024,0.34256158,1.78977561,-0.39877601,-0.11508301,-0.14719920,0.02594131,0.00748642,0.00957565,-1.53591642,0.33626405,1.80415900,-0.40180099,-0.11752140,-0.14392080,0.00301286,-35.32558430,-5.66262159,0.13256923,-0.03270997,-0.02981413,0.13558209,-35.35829427,-5.69243572,0.12856730,-35.25583195,-5.60213715,0.00143618,0.00629753,-0.01438339,0.00302498,0.00243839,-0.00327840
6.590,-1.53846669,0.34141113,1.78830410,-0.39851440,-0.11500751,-0.14710263,0.02637991,0.00761299,0.00973755,-1.53992396,0.33509168,1.80272329,-0.40153903,-0.11745011,-0.14383349,0.00449570,-35.34838160,-5.67207148,0.13458227,-0.03167833,-0.02953105,0.13907797,-35.38005993,-5.70160253,0.13207883,-35.27781750,-5.61143830,0.00145727,0.00631945,-0.01441919,0.00302463,0.00244260,-0.00326914
6.600,-1.54245051,0.34026144,1.78683356,-0.39824841,-0.11493075,-0.14700445,0.02681807,0.00773944,0.00989929,-1.54392869,0.33392009,1.80128850,-0.40127264,-0.11737742,-0.14374483,0.00597997,-35.37108849,-5.68147703,0.13658497,-0.03064707,-0.02924818,0.14256493,-35.40173555,-5.71072521,0.13558209,-35.29971460,-5.62069629,0.00147818,0.00634135,-0.01445494,0.00302423,0.00244667,-0.00325962
6.610,-1.54643165,0.33911252,1.78536402,-0.39797804,-0.11485272,-0.14690465,0.02725579,0.00786576,0.01006086,-1.54793058,0.33274928,1.79985465,-0.40100183,-0.11730332,-0.14365482,0.00746562,-35.39370476,-5.69083809,0.13857799,-0.02961524,-0.02896526,0.14604361,-35.42332000,-5.71980335,0.13907797,-35.32151942,-5.62991015,0.00149893,0.00636324,-0.01449063,0.00302379,0.00245060,-0.00324983
6.620,-1.55041006,0.33796439,1.78389548,-0.39770330,-0.11477343,-0.14680323,0.02769304,0.00799195,0.01022226,-1.55192959,0.33157927,1.79842176,-0.40072661,-0.11722781,-0.14356344,0.00895255,-35.41623017,-5.70015460,0.14056180,-0.02858297,-0.02868237,0.14951434,-35.44481313,-5.72883697,0.14256493,-35.34323490,-5.63908055,0.00151953,0.00638512,-0.01452628,0.00302331,0.00245438,-0.00323979
6.630,-1.55438570,0.33681706,1.78242796,-0.39742418,-0.11469288,-0.14670020,0.02812982,0.00811800,0.01038349,-1.55592568,0.33041007,1.79698983,-0.40044700,-0.11715090,-0.14347070,0.01044070,-35.43866456,-5.70942647,0.14253629,-0.02755046,-0.02839954,0.15297698,-35.46621502,-5.73782601,0.14604361,-35.36485990,-5.64820711,0.00153998,0.00640699,-0.01456187,0.00302282,0.00245802,-0.00322950
6.640,-1.55835853,0.33567054,1.78096148,-0.39714070,-0.11461107,-0.14659556,0.02856614,0.00824392,0.01054455,-1.55991879,0.32924169,1.79555889,-0.40016301,-0.11707260,-0.14337660,0.01193006,-35.46100775,-5.71865359,0.14450108,-0.02651787,-0.02811681,0.15643114,-35.48752562,-5.74677039,0.14951434,-35.38639430,-5.65728982,0.00156026,0.00642885,-0.01459741,0.00302231,0.00246153,-0.00321896
6.650,-1.56232850,0.33452484,1.77949605,-0.39685286,-0.11452801,-0.14648931,0.02900197,0.00836969,0.01070542,-1.56390888,0.32807415,1.79412894,-0.39987466,-0.11699289,-0.14328114,0.01342051,-35.48325966,-5.72783590,0.14645660,-0.02548618,-0.02783442,0.15987711,-35.50874584,-5.75567032,0.15297698,-35.40783813,-5.66632864,0.00158038,0.00645069,-0.01463289,0.00302180,0.00246488,-0.00320817
6.660,-1.56629557,0.33337998,1.77803170,-0.39656066,-0.11444368,-0.14638145,0.02943731,0.00849533,0.01086612,-1.56789592,0.32690747,1.79270000,-0.39958197,-0.11691179,-0.14318431,0.01491201,-35.50541989,-5.73697323,0.14840316,-0.02445276,-0.02755174,0.16331517,-35.52987265,-5.76452498,0.15643114,-35.42919138,-5.67532348,0.00160035,0.00647251,-0.01466830,0.00302131,0.00246811,-0.00319714
6.670,-1.57025970,0.33223597,1.77656843,-0.39626412,-0.11435810,-0.14627199,0.02987215,0.00862082,0.01102663,-1.57187986,0.32574165,1.79127209,-0.39928494,-0.11682930,-0.14308611,0.01640449,-35.52748840,-5.74606557,0.15034010,-0.02341969,-0.02726929,0.16674459,-35.55090809,-5.77333487,0.15987711,-35.45045493,-5.68427456,0.00162016,0.00649432,-0.01470366,0.00302082,0.00247120,-0.00318588
6.680,-1.57422084,0.33109282,1.77510626,-0.39596322,-0.11427127,-0.14616092,0.03030649,0.00874617,0.01118696,-1.57586066,0.32457671,1.78984521,-0.39898360,-0.11674541,-0.14298655,0.01789791,-35.54946503,-5.75511283,0.15226824,-0.02238690,-0.02698705,0.17016616,-35.57185193,-5.78209988,0.16331517,-35.47162577,-5.69318105,0.00163982,0.00651611,-0.01473895,0.00302038,0.00247414,-0.00317437
6.690,-1.57817895,0.32995055,1.77364521,-0.39565799,-0.11418318,-0.14604825,0.03074032,0.00887137,0.01134710,-1.57983827,0.32341267,1.78841938,-0.39867796,-0.11666014,-0.14288561,0.01939220,-35.57134948,-5.76411487,0.15418747,-0.02135280,-0.02670464,0.17357967,-35.59270228,-5.79081951,0.16674459,-35.49270593,-5.70204347,0.00165932,0.00653788,-0.01477417,0.00301997,0.00247696,-0.00316264
6.700,-1.58213398,0.32880916,1.77218530,-0.39534842,-0.11409384,-0.14593398,0.03117363,0.00899642,0.01150704,-1.58381265,0.32224953,1.78699462,-0.39836803,-0.11657348,-0.14278330,0.02088730,-35.59314178,-5.77307166,0.15609819,-0.02031920,-0.02642250,0.17698548,-35.61346099,-5.79949415,0.17016616,-35.51369519,-5.71086169,0.00167867,0.00655963,-0.01480932,0.00301961,0.00247964,-0.00315068
6.710,-1.58608590,0.32766868,1.77072654,-0.39503452,-0.11400325,-0.14581811,0.03160641,0.00912131,0.01166680,-1.58778376,0.32108732,1.78557093,-0.39805383,-0.11648543,-0.14267962,0.02238312,-35.61484153,-5.78198307,0.15799992,-0.01928377,-0.02614007,0.18038303,-35.63412530,-5.80812314,0.17357967,-35.53459164,-5.71963523,0.00169786,0.00658136,-0.01484439,0.00301931,0.00248218,-0.00313849
6.720,-1.59003466,0.32652910,1.76926895,-0.39471629,-0.11391141,-0.14570064,0.03203866,0.00924606,0.01182635,-1.59175156,0.31992604,1.78414834,-0.39773538,-0.11639600,-0.14257456,0.02387964,-35.63644887,-5.79084908,0.15989274,-0.01824983,-0.02585815,0.18377237,-35.65469870,-5.81670723,0.17698548,-35.55539713,-5.72836446,0.00171690,0.00660306,-0.01487939,0.00301909,0.00248459,-0.00312608
6.730,-1.59398021,0.32539045,1.76781253,-0.39439375,-0.11381833,-0.14558158,0.03247037,0.00937064,0.01198571,-1.59571601,0.31876572,1.78272685,-0.39741268,-0.11630519,-0.14246813,0.02537677,-35.65796347,-5.79966963,0.16177741,-0.01721590,-0.02557641,0.18715418,-35.67517937,-5.82524605,0.18038303,-35.57610892,-5.73704872,0.00173580,0.00662473,-0.01491432,0.00301893,0.00248686,-0.00311345
6.740,-1.59792252,0.32425274,1.76635732,-0.39406689,-0.11372400,-0.14546093,0.03290152,0.00949507,0.01214486,-1.59967706,0.31760635,1.78130648,-0.39708575,-0.11621301,-0.14236032,0.02687443,-35.67938513,-5.80844457,0.16365347,-0.01618041,-0.02529446,0.19052790,-35.69556554,-5.83373903,0.18377237,-35.59673047,-5.74568879,0.00175454,0.00664639,-0.01494916,0.00301886,0.00248901,-0.00310061
6.750,-1.60186153,0.32311598,1.76490332,-0.39373572,-0.11362843,-0.14533869,0.03333212,0.00961934,0.01230380,-1.60363467,0.31644796,1.77988724,-0.39675461,-0.11611945,-0.14225113,0.02837260,-35.70071379,-5.81717388,0.16552200,-0.01514500,-0.02501271,0.19389460,-35.71585879,-5.84218659,0.18715418,-35.61725999,-5.75428426,0.00177314,0.00666802,-0.01498392,0.00301889,0.00249102,-0.00308756
6.760,-1.60579722,0.32198017,1.76345055,-0.39340025,-0.11353161,-0.14521486,0.03376216,0.00974344,0.01246254,-1.60758880,0.31529057,1.77846916,-0.39641926,-0.11602451,-0.14214056,0.02987121,-35.72194949,-5.82585753,0.16738111,-0.01411141,-0.02473156,0.19725233,-35.73606091,-5.85058909,0.19052790,-35.63769568,-5.76283460,0.00179158,0.00668960,-0.01501861,0.00301901,0.00249290,-0.00307430
6.770,-1.60972953,0.32084535,1.76199903,-0.39306048,-0.11343356,-0.14508944,0.03419162,0.00986738,0.01262107,-1.61153941,0.31413417,1.77705223,-0.39607973,-0.11592821,-0.14202861,0.03137017,-35.74309167,-5.83449535,0.16923301,-0.01307493,-0.02444990,0.20060319,-35.75616660,-5.85894526,0.19389460,-35.65803914,-5.77134021,0.00180988,0.00671118,-0.01505320,0.00301925,0.00249465,-0.00306083
6.780,-1.61365841,0.31971151,1.76054877,-0.39271641,-0.11333427,-0.14496243,0.03462051,0.00999115,0.01277938,-1.61548646,0.31297880,1.77563648,-0.39573603,-0.11583054,-0.14191528,0.03286946,-35.76414056,-5.84308738,0.17107780,-0.01203943,-0.02416867,0.20394726,-35.77617999,-5.86725605,0.19725233,-35.67829214,-5.77980145,0.00182805,0.00673271,-0.01508771,0.00301962,0.00249627,-0.00304715
6.790,-1.61758384,0.31857867,1.75909978,-0.39236807,-0.11323374,-0.14483385,0.03504881,0.01011476,0.01293748,-1.61942991,0.31182445,1.77422191,-0.39538817,-0.11573150,-0.14180057,0.03436898,-35.78509591,-5.85163353,0.17291381,-0.01100446,-0.02388777,0.20728278,-35.79610037,-5.87552130,0.20060319,-35.69844940,-5.78821705,0.00184607,0.00675422,-0.01512213,0.00302010,0.00249776,-0.00303328
6.800,-1.62150576,0.31744684,1.75765210,-0.39201544,-0.11313197,-0.14470369,0.03547651,0.01023819,0.01309536,-1.62336971,0.31067115,1.77280855,-0.39503617,-0.11563110,-0.14168447,0.03586866,-35.80595759,-5.86013369,0.17474293,-0.00996825,-0.02360675,0.21061159,-35.81592585,-5.88374044,0.20394726,-35.71851504,-5.79658796,0.00186395,0.00677569,-0.01515645,0.00302073,0.00249913,-0.00301922
6.810,-1.62542413,0.31631603,1.75620572,-0.39165854,-0.11302897,-0.14457194,0.03590361,0.01036145,0.01325301,-1.62730582,0.30951891,1.77139640,-0.39468003,-0.11552934,-0.14156698,0.03736847,-35.82672559,-5.86858789,0.17656463,-0.00893329,-0.02332624,0.21393310,-35.83565888,-5.89191412,0.20728278,-35.73848834,-5.80491403,0.00188169,0.00679712,-0.01519068,0.00302149,0.00250037,-0.00300496
6.820,-1.62933892,0.31518626,1.75476066,-0.39129737,-0.11292474,-0.14443863,0.03633010,0.01048453,0.01341044,-1.63123821,0.30836775,1.76998549,-0.39431977,-0.11542623,-0.14144812,0.03886832,-35.84739967,-5.87699604,0.17837841,-0.00789828,-0.02304593,0.21724674,-35.85529795,-5.90004196,0.21061159,-35.75836741,-5.81319468,0.00189929,0.00681851,-0.01522483,0.00302240,0.00250149,-0.00299051
6.830,-1.63325007,0.31405754,1.75331695,-0.39093194,-0.11281928,-0.14430374,0.03675598,0.01060743,0.01356764,-1.63516684,0.30721766,1.76857582,-0.39395541,-0.11532175,-0.14132786,0.04036819,-35.86797970,-5.88535805,0.18018581,-0.00686216,-0.02276556,0.22055399,-35.87484186,-5.90812360,0.21393310,-35.77815471,-5.82143057,0.00191677,0.00683988,-0.01525887,0.00302347,0.00250247,-0.00297588
6.840,-1.63715754,0.31292988,1.75187459,-0.39056225,-0.11271260,-0.14416727,0.03718123,0.01073015,0.01372461,-1.63909165,0.30606868,1.76716740,-0.39358695,-0.11521593,-0.14120623,0.04186796,-35.88846568,-5.89367393,0.18198660,-0.00582667,-0.02248556,0.22385456,-35.89429235,-5.91615949,0.21724674,-35.79784872,-5.82962131,0.00193411,0.00686120,-0.01529281,0.00302470,0.00250333,-0.00296104
6.850,-1.64106130,0.31180329,1.75043361,-0.39018832,-0.11260468,-0.14402924,0.03760585,0.01085269,0.01388135,-1.64301262,0.30492081,1.76576026,-0.39321441,-0.11510876,-0.14108320,0.04336761,-35.90885746,-5.90194358,0.18378002,-0.00479100,-0.02220573,0.22714764,-35.91364845,-5.92414932,0.22055399,-35.81744824,-5.83776654,0.00195132,0.00688248,-0.01532665,0.00302609,0.00250408,-0.00294604
6.860,-1.64496129,0.31067779,1.74899401,-0.38981014,-0.11249554,-0.14388965,0.03802983,0.01097505,0.01403786,-1.64692970,0.30377406,1.76435441,-0.39283780,-0.11500024,-0.14095879,0.04486706,-35.92915489,-5.91016701,0.18556771,-0.00375520,-0.02192612,0.23043477,-35.93291010,-5.93209312,0.22385456,-35.83695501,-5.84586671,0.00196841,0.00690373,-0.01536040,0.00302766,0.00250470,-0.00293086
6.870,-1.64885749,0.30955339,1.74755582,-0.38942772,-0.11238518,-0.14374849,0.03845316,0.01109722,0.01419412,-1.65084285,0.30262845,1.76294985,-0.39245714,-0.11489037,-0.14083299,0.04636624,-35.94935790,-5.91834411,0.18734822,-0.00271861,-0.02164654,0.23371446,-35.95207651,-5.93999065,0.22714764,-35.85636806,-5.85392152,0.00198536,0.00692494,-0.01539403,0.00302942,0.00250519,-0.00291550
6.880,-1.65274983,0.30843009,1.74611905,-0.38904108,-0.11227360,-0.14360577,0.03887583,0.01121920,0.01435014,-1.65475204,0.30148400,1.76154661,-0.39207243,-0.11477917,-0.14070581,0.04786508,-35.96946656,-5.92647492,0.18912329,-0.00168353,-0.02136755,0.23698837,-35.97115008,-5.94784247,0.23043477,-35.87568732,-5.86193100,0.00200221,0.00694609,-0.01542756,0.00303135,0.00250557,-0.00289996
6.890,-1.65663829,0.30730792,1.74468371,-0.38865021,-0.11216080,-0.14346149,0.03929785,0.01134099,0.01450592,-1.65865721,0.30034071,1.76014469,-0.39168369,-0.11466663,-0.14057723,0.04936357,-35.98948055,-5.93455935,0.19089200,-0.00064756,-0.02108860,0.24025557,-35.99012811,-5.95564795,0.23371446,-35.89491201,-5.86989489,0.00201892,0.00696721,-0.01546098,0.00303348,0.00250583,-0.00288426
6.900,-1.66052282,0.30618688,1.74324982,-0.38825512,-0.11204678,-0.14331565,0.03971919,0.01146259,0.01466145,-1.66255834,0.29919859,1.75874412,-0.39129092,-0.11455275,-0.14044728,0.05086159,-36.00939996,-5.94259740,0.19265482,0.00038771,-0.02081006,0.24351641,-36.00901225,-5.96340746,0.23698837,-35.91404453,-5.87781377,0.00203552,0.00698829,-0.01549430,0.00303580,0.00250597,-0.00286837
6.910,-1.66440338,0.30506699,1.74181740,-0.38785583,-0.11193155,-0.14316826,0.04013986,0.01158399,0.01481673,-1.66645537,0.29805767,1.75734490,-0.39089414,-0.11443754,-0.14031593,0.05235910,-36.02922458,-5.95058898,0.19441184,0.00142370,-0.02053161,0.24677094,-36.02780088,-5.97112059,0.24025557,-35.93308216,-5.88568701,0.00205199,0.00700932,-0.01552750,0.00303831,0.00250599,-0.00285233
6.920,-1.66827993,0.30394825,1.74038646,-0.38745233,-0.11181510,-0.14301932,0.04055984,0.01170519,0.01497175,-1.67034828,0.29691796,1.75594705,-0.39049337,-0.11432100,-0.14018320,0.05385603,-36.04895454,-5.95853414,0.19616292,0.00245816,-0.02025377,0.25001896,-36.04649638,-5.97878791,0.24351641,-35.95202656,-5.89351496,0.00206835,0.00703029,-0.01556059,0.00304104,0.00250590,-0.00283612
6.930,-1.67215242,0.30283069,1.73895702,-0.38704463,-0.11169744,-0.14286882,0.04097914,0.01182619,0.01512653,-1.67423703,0.29577947,1.75455058,-0.39008860,-0.11420313,-0.14004908,0.05535236,-36.06858950,-5.96643277,0.19790931,0.00349444,-0.01997576,0.25326167,-36.06509506,-5.98640852,0.24677094,-35.97087612,-5.90129723,0.00208461,0.00705122,-0.01559356,0.00304397,0.00250569,-0.00281974
6.940,-1.67602081,0.30171431,1.73752909,-0.38663275,-0.11157858,-0.14271679,0.04139773,0.01194699,0.01528104,-1.67812156,0.29464220,1.75315551,-0.38967986,-0.11408394,-0.13991358,0.05684795,-36.08812957,-5.97428489,0.19965049,0.00452970,-0.01969826,0.25649844,-36.08359987,-5.99398315,0.25001896,-35.98963320,-5.90903437,0.00210075,0.00707211,-0.01562642,0.00304711,0.00250536,-0.00280321
6.950,-1.67988506,0.30059912,1.73610269,-0.38621668,-0.11145850,-0.14256320,0.04181561,0.01206759,0.01543529,-1.68200185,0.29350618,1.75176185,-0.38926715,-0.11396342,-0.13977669,0.05834279,-36.10757471,-5.98209047,0.20138675,0.00556457,-0.01942113,0.25972953,-36.10201014,-6.00151160,0.25326167,-36.00829412,-5.91672551,0.00211679,0.00709294,-0.01565916,0.00305047,0.00250492,-0.00278651
6.960,-1.68374513,0.29948514,1.73467783,-0.38579644,-0.11133723,-0.14240808,0.04223278,0.01218798,0.01558928,-1.68587786,0.29237142,1.75036962,-0.38885048,-0.11384159,-0.13963842,0.05983680,-36.12692478,-5.98984950,0.20311805,0.00659922,-0.01914432,0.26295485,-36.12032555,-6.00899382,0.25649844,-36.02686182,-5.92437135,0.00213273,0.00711372,-0.01569179,0.00305404,0.00250436,-0.00276966
6.970,-1.68760097,0.29837238,1.73325453,-0.38537203,-0.11121475,-0.14225142,0.04264923,0.01230817,0.01574300,-1.68974954,0.29123793,1.74897882,-0.38842987,-0.11371845,-0.13949876,0.06132993,-36.14617972,-5.99756193,0.20484533,0.00763420,-0.01886773,0.26617527,-36.13854552,-6.01642965,0.25972953,-36.04533563,-5.93197171,0.00214857,0.00713445,-0.01572429,0.00305784,0.00250370,-0.00275266
6.980,-1.69145255,0.29726085,1.73183281,-0.38494346,-0.11109106,-0.14209322,0.04306494,0.01242814,0.01589646,-1.69361686,0.29010573,1.74758947,-0.38800531,-0.11359399,-0.13935772,0.06282209,-36.16533952,-6.00522775,0.20656787,0.00866949,-0.01859133,0.26938996,-36.15667003,-6.02381908,0.26295485,-36.06371525,-5.93952652,0.00216431,0.00715512,-0.01575666,0.00306185,0.00250293,-0.00273550
6.990,-1.69529983,0.29615056,1.73041268,-0.38451073,-0.11096618,-0.14193349,0.04347992,0.01254790,0.01604964,-1.69747977,0.28897482,1.74620159,-0.38757683,-0.11346822,-0.13921530,0.06431326,-36.18440418,-6.01284696,0.20828563,0.00970398,-0.01831542,0.27259889,-36.17470020,-6.03116238,0.26617527,-36.08200005,-5.94703564,0.00217994,0.00717574,-0.01578891,0.00306610,0.00250204,-0.00271819
7.000,-1.69914275,0.29504153,1.72899415,-0.38407386,-0.11084011,-0.14177223,0.04389416,0.01266744,0.01620254,-1.70133824,0.28784522,1.74481519,-0.38714443,-0.11334115,-0.13907149,0.06580336,-36.20337356,-6.02041954,0.21000020,0.01073874,-0.01803975,0.27580356,-36.19263482,-6.03845929,0.26938996,-36.10019006,-5.95449904,0.00219549,0.00719631,-0.01582104,0.00307057,0.00250104,-0.00270074
7.010,-1.70298129,0.29393376,1.72757724,-0.38363285,-0.11071284,-0.14160944,0.04430764,0.01278677,0.01635517,-1.70519223,0.28671694,1.74343028,-0.38670811,-0.11321278,-0.13892631,0.06729231,-36.22224775,-6.02794550,0.21171001,0.01177222,-0.01776467,0.27900232,-36.21047553,-6.04571018,0.27259889,-36.11828637,-5.96191699,0.00221094,0.00721682,-0.01585304,0.00307526,0.00249994,-0.00268313
7.020,-1.70681540,0.29282728,1.72616196,-0.38318771,-0.11058437,-0.14144513,0.04472036,0.01290588,0.01650751,-1.70904171,0.28559000,1.74204688,-0.38626790,-0.11308310,-0.13877975,0.06878006,-36.24102652,-6.03542480,0.21341625,0.01280704,-0.01748960,0.28219631,-36.22821949,-6.05291440,0.27580356,-36.13628778,-5.96928925,0.00222631,0.00723728,-0.01588492,0.00308019,0.00249873,-0.00266538
7.030,-1.71064503,0.29172208,1.72474834,-0.38273844,-0.11045472,-0.14127929,0.04513231,0.01302476,0.01665958,-1.71288662,0.28446441,1.74066500,-0.38582379,-0.11295213,-0.13863181,0.07026654,-36.25971010,-6.04285746,0.21511938,0.01384059,-0.01721512,0.28538592,-36.24586951,-6.06007258,0.27900232,-36.15419593,-5.97661618,0.00224159,0.00725767,-0.01591666,0.00308535,0.00249741,-0.00264748
7.040,-1.71447015,0.29061819,1.72333638,-0.38228507,-0.11032388,-0.14111194,0.04554349,0.01314342,0.01681136,-1.71672694,0.28334018,1.73928466,-0.38537580,-0.11281986,-0.13848250,0.07175171,-36.27829824,-6.05024345,0.21681882,0.01487463,-0.01694085,0.28857053,-36.26342361,-6.06718431,0.28219631,-36.17200795,-5.98389713,0.00225679,0.00727801,-0.01594828,0.00309073,0.00249598,-0.00262944
7.050,-1.71829072,0.28951561,1.72192610,-0.38182758,-0.11019185,-0.14094307,0.04595389,0.01326186,0.01696284,-1.72056262,0.28221732,1.73790586,-0.38492393,-0.11268631,-0.13833181,0.07323551,-36.29679107,-6.05758281,0.21851470,0.01590772,-0.01666712,0.29175021,-36.28088335,-6.07424993,0.28538592,-36.18972670,-5.99113271,0.00227190,0.00729829,-0.01597976,0.00309635,0.00249446,-0.00261126
7.060,-1.72210669,0.28841435,1.72051752,-0.38136599,-0.11005864,-0.14077268,0.04636350,0.01338007,0.01711404,-1.72439363,0.28109585,1.73652863,-0.38446819,-0.11255146,-0.13817975,0.07471786,-36.31518859,-6.06487551,0.22020772,0.01693987,-0.01639394,0.29492558,-36.29824872,-6.08126945,0.28857053,-36.20735015,-5.99832253,0.00228694,0.00731850,-0.01601111,0.00310220,0.00249282,-0.00259293
7.070,-1.72591802,0.28731444,1.71911066,-0.38090031,-0.10992425,-0.14060079,0.04677230,0.01349805,0.01726494,-1.72821993,0.27997578,1.73515297,-0.38400859,-0.11241533,-0.13802631,0.07619867,-36.33349055,-6.07212150,0.22189841,0.01797438,-0.01612052,0.29809708,-36.31551617,-6.08824202,0.29175021,-36.22487988,-6.00546692,0.00230191,0.00733866,-0.01604231,0.00310828,0.00249108,-0.00257448
7.080,-1.72972468,0.28621587,1.71770551,-0.38043055,-0.10978868,-0.14042738,0.04718031,0.01361579,0.01741555,-1.73204148,0.27885713,1.73377889,-0.38354514,-0.11227792,-0.13787151,0.07767795,-36.35169728,-6.07932093,0.22358537,0.01900579,-0.01584817,0.30126332,-36.33269149,-6.09516910,0.29492558,-36.24231587,-6.01256590,0.00231680,0.00735874,-0.01607338,0.00311459,0.00248924,-0.00255587
7.090,-1.73352662,0.28511867,1.71630211,-0.37995671,-0.10965194,-0.14025248,0.04758750,0.01373330,0.01756586,-1.73585824,0.27773989,1.73240643,-0.38307784,-0.11213923,-0.13771534,0.07915558,-36.36980847,-6.08647366,0.22527013,0.02003880,-0.01557578,0.30442572,-36.34976968,-6.10204944,0.29809708,-36.25965458,-6.01961861,0.00233162,0.00737878,-0.01610432,0.00312113,0.00248729,-0.00253714
7.100,-1.73732380,0.28402284,1.71490047,-0.37947880,-0.10951402,-0.14007607,0.04799387,0.01385058,0.01771586,-1.73967017,0.27662410,1.73103557,-0.38260670,-0.11199927,-0.13755781,0.08063152,-36.38782429,-6.09357976,0.22695251,0.02107144,-0.01530381,0.30758403,-36.36675285,-6.10888358,0.30126332,-36.27690180,-6.02662650,0.00234637,0.00739874,-0.01613510,0.00312790,0.00248525,-0.00251826
7.110,-1.74111618,0.28292839,1.71350060,-0.37899683,-0.10937492,-0.13989816,0.04839941,0.01396762,0.01786555,-1.74347724,0.27550976,1.72966635,-0.38213173,-0.11185803,-0.13739891,0.08210571,-36.40574478,-6.10063927,0.22863249,0.02210299,-0.01503245,0.31073820,-36.38364179,-6.11567172,0.30442572,-36.29405251,-6.03358834,0.00236106,0.00741863,-0.01616575,0.00313490,0.00248311,-0.00249925
7.120,-1.74490373,0.28183534,1.71210251,-0.37851081,-0.10923466,-0.13971876,0.04880412,0.01408441,0.01801494,-1.74727940,0.27439688,1.72829877,-0.38165294,-0.11171553,-0.13723865,0.08357810,-36.42356987,-6.10765218,0.23030949,0.02313402,-0.01476156,0.31388759,-36.40043585,-6.12241374,0.30758403,-36.31110885,-6.04050465,0.00237567,0.00743846,-0.01619626,0.00314213,0.00248087,-0.00248011
7.130,-1.74868639,0.28074370,1.71070623,-0.37802075,-0.10909324,-0.13953786,0.04920799,0.01420096,0.01816402,-1.75107663,0.27328547,1.72693285,-0.38117032,-0.11157176,-0.13707703,0.08504861,-36.44129953,-6.11461848,0.23198524,0.02416570,-0.01449086,0.31703385,-36.41713383,-6.12910934,0.31073820,-36.32807156,-6.04737563,0.00239024,0.00745823,-0.01622662,0.00314957,0.00247852,-0.00246083
7.140,-1.75246413,0.27965348,1.70931176,-0.37752666,-0.10895065,-0.13935548,0.04961100,0.01431727,0.01831279,-1.75486887,0.27217556,1.72556860,-0.38068389,-0.11142673,-0.13691405,0.08651717,-36.45893384,-6.12153822,0.23365890,0.02519659,-0.01422072,0.32017607,-36.43373725,-6.13575894,0.31388759,-36.34494003,-6.05420118,0.00240474,0.00747792,-0.01625684,0.00315723,0.00247608,-0.00244143
7.150,-1.75623691,0.27856469,1.70791912,-0.37702854,-0.10880689,-0.13917161,0.05001316,0.01443333,0.01846123,-1.75865610,0.27106714,1.72420603,-0.38019366,-0.11128043,-0.13674972,0.08798376,-36.47647284,-6.12841143,0.23533071,0.02622694,-0.01395106,0.32331446,-36.45024590,-6.14236249,0.31703385,-36.36171305,-6.06098098,0.00241919,0.00749755,-0.01628691,0.00316512,0.00247354,-0.00242189
7.160,-1.76000468,0.27747735,1.70652833,-0.37652640,-0.10866198,-0.13898625,0.05041445,0.01454914,0.01860936,-1.76243828,0.26996024,1.72284516,-0.37969963,-0.11113289,-0.13658403,0.08944827,-36.49391643,-6.13523808,0.23700170,0.02725837,-0.01368151,0.32644998,-36.46665807,-6.14891959,0.32017607,-36.37839213,-6.06771545,0.00243360,0.00751711,-0.01631683,0.00317323,0.00247091,-0.00240222
7.170,-1.76376742,0.27639146,1.70513940,-0.37602025,-0.10851591,-0.13879942,0.05081487,0.01466469,0.01875717,-1.76621536,0.26885486,1.72148600,-0.37920180,-0.11098408,-0.13641700,0.09091068,-36.51126482,-6.14201825,0.23867017,0.02828848,-0.01341264,0.32958085,-36.48297633,-6.15543089,0.32331446,-36.39497706,-6.07440454,0.00244794,0.00753660,-0.01634660,0.00318155,0.00246817,-0.00238242
7.180,-1.76752508,0.27530703,1.70375235,-0.37551010,-0.10836869,-0.13861111,0.05121441,0.01478000,0.01890465,-1.76998732,0.26775102,1.72012857,-0.37870018,-0.11083403,-0.13624862,0.09237092,-36.52851799,-6.14875196,0.24033696,0.02931748,-0.01314440,0.33270789,-36.49920051,-6.16189635,0.32644998,-36.41146613,-6.08104785,0.00246224,0.00755601,-0.01637622,0.00319008,0.00246534,-0.00236249
7.190,-1.77127761,0.27422409,1.70236718,-0.37499596,-0.10822031,-0.13842133,0.05161306,0.01489504,0.01905180,-1.77375410,0.26664873,1.71877287,-0.37819478,-0.11068273,-0.13607890,0.09382892,-36.54567584,-6.15543922,0.24200328,0.03034749,-0.01287630,0.33583220,-36.51532836,-6.16831552,0.32958085,-36.42786191,-6.08764603,0.00247649,0.00757536,-0.01640569,0.00319882,0.00246242,-0.00234243
7.200,-1.77502498,0.27314263,1.70098393,-0.37447784,-0.10807079,-0.13823008,0.05201081,0.01500983,0.01919862,-1.77751568,0.26554801,1.71741893,-0.37768561,-0.11053019,-0.13590783,0.09528461,-36.56273858,-6.16208005,0.24366815,0.03137658,-0.01260879,0.33895276,-36.53136201,-6.17468884,0.33270789,-36.44416422,-6.09419904,0.00249070,0.00759462,-0.01643500,0.00320777,0.00245940,-0.00232225
7.210,-1.77876715,0.27206268,1.69960259,-0.37395575,-0.10792012,-0.13803736,0.05240766,0.01512436,0.01934511,-1.78127202,0.26444886,1.71606674,-0.37717266,-0.11037641,-0.13573542,0.09673796,-36.57970609,-6.16867451,0.24533192,0.03240612,-0.01234156,0.34206988,-36.54729998,-6.18101607,0.33583220,-36.46037083,-6.10070642,0.00250487,0.00761382,-0.01646415,0.00321691,0.00245629,-0.00230194
7.220,-1.78250408,0.27098423,1.69822318,-0.37342969,-0.10776830,-0.13784318,0.05280361,0.01523862,0.01949126,-1.78502308,0.26335129,1.71471634,-0.37665594,-0.11022139,-0.13556168,0.09818892,-36.59657870,-6.17522267,0.24699436,0.03343296,-0.01207536,0.34518328,-36.56314574,-6.18729803,0.33895276,-36.47648384,-6.10716861,0.00251900,0.00763294,-0.01649316,0.00322625,0.00245309,-0.00228150
7.230,-1.78623573,0.26990731,1.69684573,-0.37289968,-0.10761534,-0.13764753,0.05319863,0.01535262,0.01963708,-1.78876882,0.26225533,1.71336773,-0.37613546,-0.11006514,-0.13538661,0.09963739,-36.61335615,-6.18172449,0.24865603,0.03446136,-0.01180916,0.34829341,-36.57889479,-6.19353365,0.34206988,-36.49250179,-6.11358537,0.00253309,0.00765198,-0.01652200,0.00323578,0.00244980,-0.00226092
7.240,-1.78996206,0.26883193,1.69547024,-0.37236572,-0.10746125,-0.13745044,0.05359273,0.01546636,0.01978255,-1.79250920,0.26116098,1.71202092,-0.37561122,-0.10990765,-0.13521021,0.10108333,-36.63003856,-6.18818003,0.25031695,0.03548963,-0.01154339,0.35140028,-36.59454893,-6.19972343,0.34518328,-36.50842814,-6.11995753,0.00254714,0.00767095,-0.01655068,0.00324550,0.00244640,-0.00224023
7.250,-1.79368304,0.26775809,1.69409673,-0.37182783,-0.10730602,-0.13725188,0.05398589,0.01557982,0.01992768,-1.79624420,0.26006825,1.71067592,-0.37508323,-0.10974894,-0.13503248,0.10252667,-36.64662615,-6.19458938,0.25197623,0.03651669,-0.01127830,0.35450290,-36.61010945,-6.20586768,0.34829341,-36.52425839,-6.12628400,0.00256116,0.00768984,-0.01657919,0.00325540,0.00244292,-0.00221940
7.260,-1.79739861,0.26668581,1.69272521,-0.37128601,-0.10714965,-0.13705188,0.05437812,0.01569301,0.02007246,-1.79997376,0.25897716,1.70933276,-0.37455149,-0.10958900,-0.13485343,0.10396739,-36.66311885,-6.20095255,0.25363575,0.03754361,-0.01101364,0.35760314,-36.62557523,-6.21196619,0.35140028,-36.53999434,-6.13256530,0.00257515,0.00770865,-0.01660755,0.00326548,0.00243935,-0.00219845
7.270,-1.80110874,0.26561510,1.69135569,-0.37074027,-0.10699216,-0.13685044,0.05476939,0.01580593,0.02021689,-1.80369785,0.25788772,1.70799144,-0.37401601,-0.10942784,-0.13467305,0.10540538,-36.67951677,-6.20726961,0.25529477,0.03856949,-0.01074964,0.36070015,-36.64094728,-6.21801925,0.35450290,-36.55563727,-6.13880171,0.00258911,0.00772738,-0.01663575,0.00327574,0.00243568,-0.00217739
7.280,-1.80481340,0.26454597,1.68998820,-0.37019063,-0.10683354,-0.13664755,0.05515971,0.01591857,0.02036097,-1.80741645,0.25679993,1.70665198,-0.37347678,-0.10926546,-0.13449136,0.10684061,-36.69581995,-6.21354056,0.25695269,0.03959556,-0.01048598,0.36379331,-36.65622439,-6.22402654,0.35760314,-36.57118607,-6.14499304,0.00260305,0.00774604,-0.01666378,0.00328615,0.00243192,-0.00215619
7.290,-1.80851254,0.26347844,1.68862275,-0.36963708,-0.10667379,-0.13644322,0.05554907,0.01603094,0.02050469,-1.81112949,0.25571382,1.70531438,-0.37293383,-0.10910187,-0.13430836,0.10827304,-36.71202837,-6.21976546,0.25861078,0.04062304,-0.01022239,0.36688382,-36.67140533,-6.22998785,0.36070015,-36.58664173,-6.15113957,0.00261695,0.00776462,-0.01669163,0.00329675,0.00242808,-0.00213486
7.300,-1.81220613,0.26241250,1.68725934,-0.36907965,-0.10651292,-0.13623745,0.05593746,0.01614302,0.02064805,-1.81483697,0.25462939,1.70397867,-0.37238714,-0.10893706,-0.13412405,0.10970259,-36.72814242,-6.22594444,0.26026758,0.04164707,-0.00996004,0.36997017,-36.68649535,-6.23590448,0.36379331,-36.60200306,-6.15724098,0.00263084,0.00778311,-0.01671933,0.00330749,0.00242414,-0.00211340
7.310,-1.81589412,0.26134818,1.68589800,-0.36851833,-0.10635093,-0.13603026,0.05632487,0.01625483,0.02079106,-1.81853882,0.25354666,1.70264486,-0.37183672,-0.10877105,-0.13393844,0.11112921,-36.74416187,-6.23207747,0.26192473,0.04267199,-0.00969787,0.37305394,-36.70148988,-6.24177534,0.36688382,-36.61726883,-6.16329706,0.00264470,0.00780152,-0.01674686,0.00331839,0.00242012,-0.00209182
7.320,-1.81957648,0.26028549,1.68453874,-0.36795315,-0.10618782,-0.13582163,0.05671129,0.01636635,0.02093370,-1.82223502,0.25246564,1.70131295,-0.37128258,-0.10860383,-0.13375152,0.11255282,-36.76008688,-6.23816462,0.26358137,0.04369745,-0.00943599,0.37613419,-36.71638943,-6.24760062,0.36997017,-36.63244427,-6.16930910,0.00265854,0.00781985,-0.01677421,0.00332943,0.00241601,-0.00207011
7.330,-1.82325317,0.25922443,1.68318157,-0.36738411,-0.10602360,-0.13561159,0.05709672,0.01647758,0.02107597,-1.82592553,0.25138634,1.69998296,-0.37072473,-0.10843540,-0.13356330,0.11397339,-36.77591768,-6.24420600,0.26523743,0.04472093,-0.00917500,0.37921082,-36.73119675,-6.25338100,0.37305394,-36.64752481,-6.17527602,0.00267236,0.00783809,-0.01680139,0.00334062,0.00241180,-0.00204829
7.340,-1.82692415,0.25816502,1.68182651,-0.36681122,-0.10585827,-0.13540012,0.05748115,0.01658852,0.02121787,-1.82961032,0.25030877,1.69865491,-0.37016316,-0.10826578,-0.13337379,0.11539086,-36.79165422,-6.25020162,0.26689330,0.04574459,-0.00891438,0.38228416,-36.74590963,-6.25911599,0.37613419,-36.66251098,-6.18119799,0.00268617,0.00785625,-0.01682840,0.00335194,0.00240751,-0.00202633
7.350,-1.83058938,0.25710727,1.68047358,-0.36623449,-0.10569183,-0.13518723,0.05786457,0.01669917,0.02135940,-1.83328934,0.24923295,1.69732880,-0.36959787,-0.10809496,-0.13318299,0.11680516,-36.80729660,-6.25615153,0.26854916,0.04676870,-0.00865406,0.38535432,-36.76052790,-6.26480559,0.37921082,-36.67740550,-6.18707571,0.00269996,0.00787432,-0.01685522,0.00336338,0.00240313,-0.00200424
7.360,-1.83424883,0.25605119,1.67912277,-0.36565393,-0.10552429,-0.13497293,0.05824697,0.01680953,0.02150056,-1.83696256,0.24815888,1.69600466,-0.36902889,-0.10792295,-0.13299090,0.11821624,-36.82284499,-6.26205587,0.27020415,0.04779098,-0.00839460,0.38842039,-36.77505401,-6.27045047,0.38228416,-36.69220618,-6.19290868,0.00271373,0.00789231,-0.01688189,0.00337496,0.00239866,-0.00198203
7.370,-1.83790245,0.25499679,1.67777412,-0.36506956,-0.10535564,-0.13475722,0.05862835,0.01691959,0.02164134,-1.84062994,0.24708658,1.69468248,-0.36845620,-0.10774974,-0.13279753,0.11962405,-36.83829946,-6.26791463,0.27185930,0.04881357,-0.00813549,0.39148335,-36.78948589,-6.27605012,0.38535432,-36.70691283,-6.19869688,0.00272749,0.00791021,-0.01690836,0.00338664,0.00239410,-0.00195969
7.380,-1.84155021,0.25394408,1.67642764,-0.36448137,-0.10518590,-0.13454010,0.05900870,0.01702936,0.02178174,-1.84429145,0.24601606,1.69336229,-0.36787981,-0.10757535,-0.13260288,0.12102854,-36.85366012,-6.27372791,0.27351411,0.04983570,-0.00787690,0.39454265,-36.80382442,-6.28160481,0.38842039,-36.72152793,-6.20444101,0.00274124,0.00792802,-0.01693465,0.00339844,0.00238945,-0.00193722
7.390,-1.84519206,0.25289307,1.67508333,-0.36388939,-0.10501506,-0.13432159,0.05938802,0.01713882,0.02192175,-1.84794704,0.24494732,1.69204410,-0.36729972,-0.10739977,-0.13240695,0.12242967,-36.86892714,-6.27949581,0.27516918,0.05085623,-0.00761912,0.39759885,-36.81807092,-6.28711493,0.39148335,-36.73604937,-6.21014053,0.00275498,0.00794575,-0.01696077,0.00341033,0.00238471,-0.00191464
7.400,-1.84882798,0.25184378,1.67374121,-0.36329361,-0.10484312,-0.13410167,0.05976628,0.01724799,0.02206138,-1.85159669,0.24388040,1.69072792,-0.36671595,-0.10722302,-0.13220976,0.12382733,-36.88410051,-6.28521836,0.27682362,0.05187727,-0.00736165,0.40065095,-36.83222324,-6.29258001,0.39454265,-36.75047805,-6.21579572,0.00276871,0.00796338,-0.01698671,0.00342234,0.00237990,-0.00189191
7.410,-1.85245792,0.25079621,1.67240130,-0.36269406,-0.10467010,-0.13388036,0.06014349,0.01735685,0.02220062,-1.85524035,0.24281528,1.68941376,-0.36612848,-0.10704508,-0.13201129,0.12522150,-36.89918046,-6.29089565,0.27847791,0.05289714,-0.00710488,0.40369941,-36.84628332,-6.29800053,0.39759885,-36.76481528,-6.22140698,0.00278243,0.00798093,-0.01701246,0.00343442,0.00237498,-0.00186907
7.420,-1.85608185,0.24975038,1.67106361,-0.36209075,-0.10449599,-0.13365766,0.06051965,0.01746540,0.02233947,-1.85887799,0.24175200,1.68810164,-0.36553734,-0.10686597,-0.13181157,0.12661215,-36.91416702,-6.29652776,0.28013164,0.05391722,-0.00684849,0.40674380,-36.86024980,-6.30337624,0.40065095,-36.77905892,-6.22697381,0.00279614,0.00799838,-0.01703803,0.00344659,0.00236998,-0.00184609
7.430,-1.85969973,0.24870630,1.66972815,-0.36148367,-0.10432079,-0.13343357,0.06089473,0.01757365,0.02247792,-1.86250957,0.24069055,1.68679156,-0.36494251,-0.10668568,-0.13161059,0.12799918,-36.92906033,-6.30211476,0.28178515,0.05493719,-0.00659255,0.40978433,-36.87412314,-6.30870731,0.40369941,-36.79321090,-6.23249671,0.00280984,0.00801575,-0.01706341,0.00345884,0.00236489,-0.00182298
7.440,-1.86331151,0.24766397,1.66839494,-0.36087286,-0.10414452,-0.13320810,0.06126874,0.01768158,0.02261598,-1.86613505,0.23963095,1.68548354,-0.36434401,-0.10650423,-0.13140836,0.12938256,-36.94386064,-6.30765675,0.28343885,0.05595542,-0.00633746,0.41282142,-36.88790521,-6.31399420,0.40674380,-36.80726986,-6.23797541,0.00282354,0.00803302,-0.01708860,0.00347115,0.00235971,-0.00179974
7.450,-1.86691717,0.24662341,1.66706399,-0.36025830,-0.10396716,-0.13298125,0.06164166,0.01778920,0.02275363,-1.86975440,0.23857321,1.68417760,-0.36374184,-0.10632161,-0.13120488,0.13076223,-36.95856798,-6.31315380,0.28509190,0.05697348,-0.00608283,0.41585413,-36.90159449,-6.31923664,0.40978433,-36.82123626,-6.24341009,0.00283723,0.00805020,-0.01711361,0.00348354,0.00235445,-0.00177637
7.460,-1.87051667,0.24558463,1.66573532,-0.35964003,-0.10378873,-0.13275303,0.06201349,0.01789651,0.02289089,-1.87336759,0.23751735,1.68287374,-0.36313600,-0.10613783,-0.13100015,0.13213814,-36.97318246,-6.31860598,0.28674417,0.05799139,-0.00582867,0.41888230,-36.91519107,-6.32443466,0.41282142,-36.83511197,-6.24880122,0.00285092,0.00806728,-0.01713842,0.00349597,0.00234910,-0.00175288
7.470,-1.87410996,0.24454764,1.66440893,-0.35901804,-0.10360923,-0.13252344,0.06238423,0.01800350,0.02302773,-1.87697457,0.23646337,1.68157198,-0.36252650,-0.10595289,-0.13079419,0.13351025,-36.98770429,-6.32401342,0.28839670,0.05900811,-0.00557524,0.42190695,-36.92869618,-6.32958866,0.41585413,-36.84889546,-6.25414849,0.00286461,0.00808427,-0.01716305,0.00350846,0.00234366,-0.00172925
7.480,-1.87769701,0.24351245,1.66308485,-0.35839235,-0.10342866,-0.13229248,0.06275385,0.01811017,0.02316417,-1.88057531,0.23541128,1.68027232,-0.36191334,-0.10576679,-0.13058699,0.13487847,-37.00213358,-6.32937617,0.29004893,0.06002484,-0.00532222,0.42492740,-36.94210874,-6.33469839,0.41888230,-36.86258682,-6.25945196,0.00287830,0.00810117,-0.01718747,0.00352099,0.00233813,-0.00170549
7.490,-1.88127779,0.24247907,1.66176309,-0.35776296,-0.10324703,-0.13206015,0.06312237,0.01821652,0.02330020,-1.88416977,0.23436111,1.67897479,-0.36129652,-0.10557954,-0.13037856,0.13624280,-37.01647048,-6.33469432,0.29170033,0.06104104,-0.00506976,0.42794313,-36.95542943,-6.33976408,0.42190695,-36.87618729,-6.26471203,0.00289198,0.00811796,-0.01721170,0.00353356,0.00233251,-0.00168159
7.500,-1.88485226,0.24144751,1.66044366,-0.35712990,-0.10306433,-0.13182647,0.06348976,0.01832255,0.02343582,-1.88775792,0.23331285,1.67767939,-0.36067606,-0.10539113,-0.13016890,0.13760314,-37.03071515,-6.33996798,0.29335086,0.06205643,-0.00481793,0.43095400,-36.96865872,-6.34478591,0.42492740,-36.88969578,-6.26992842,0.00290566,0.00813466,-0.01723573,0.00354616,0.00232680,-0.00165757
7.510,-1.88842038,0.24041779,1.65912656,-0.35649317,-0.10288058,-0.13159144,0.06385602,0.01842825,0.02357102,-1.89133971,0.23226652,1.67638614,-0.36005194,-0.10520158,-0.12995803,0.13895946,-37.04486769,-6.34519726,0.29500090,0.06307126,-0.00456667,0.43396036,-36.98179644,-6.34976392,0.42794313,-36.90311297,-6.27510138,0.00291933,0.00815127,-0.01725958,0.00355877,0.00232100,-0.00163341
7.520,-1.89198211,0.23938990,1.65781183,-0.35585279,-0.10269577,-0.13135506,0.06422115,0.01853362,0.02370579,-1.89491512,0.23122213,1.67509504,-0.35942419,-0.10501089,-0.12974594,0.14031172,-37.05892843,-6.35038223,0.29665034,0.06408444,-0.00431622,0.43696206,-36.99484398,-6.35469845,0.43095400,-36.91643932,-6.28023107,0.00293301,0.00816777,-0.01728321,0.00357140,0.00231512,-0.00160912
7.530,-1.89553742,0.23836387,1.65649947,-0.35520875,-0.10250991,-0.13111732,0.06458514,0.01863866,0.02384015,-1.89848411,0.23017969,1.67380611,-0.35879280,-0.10481905,-0.12953264,0.14165987,-37.07289732,-6.35552298,0.29829912,0.06509813,-0.00406609,0.43995899,-37.00779919,-6.35958907,0.43396036,-36.92967467,-6.28531756,0.00294669,0.00818418,-0.01730664,0.00358405,0.00230914,-0.00158468
7.540,-1.89908628,0.23733971,1.65518949,-0.35456109,-0.10232300,-0.13087825,0.06494797,0.01874337,0.02397408,-1.90204663,0.22913922,1.67251937,-0.35815778,-0.10462607,-0.12931813,0.14300382,-37.08677455,-6.36061963,0.29994634,0.06611174,-0.00381640,0.44295016,-37.02066281,-6.36443603,0.43696206,-36.94282041,-6.29036114,0.00296035,0.00820049,-0.01732988,0.00359669,0.00230307,-0.00156012
7.550,-1.90262863,0.23631742,1.65388191,-0.35390980,-0.10213504,-0.13063784,0.06530964,0.01884775,0.02410759,-1.90560267,0.22810073,1.67123481,-0.35751912,-0.10443196,-0.12910243,0.14434354,-37.10056038,-6.36567227,0.30159382,0.06712438,-0.00356739,0.44593736,-37.03343600,-6.36923966,0.43995899,-36.95587438,-6.29536142,0.00297404,0.00821669,-0.01735290,0.00360932,0.00229692,-0.00153541
7.560,-1.90616446,0.23529701,1.65257674,-0.35325490,-0.10194604,-0.13039610,0.06567015,0.01895179,0.02424066,-1.90915217,0.22706422,1.66995247,-0.35687685,-0.10423671,-0.12888552,0.14567901,-37.11425501,-6.37068103,0.30323931,0.06813535,-0.00331919,0.44891832,-37.04611966,-6.37400022,0.44295016,-36.96883732,-6.30031862,0.00298771,0.00823279,-0.01737573,0.00362195,0.00229067,-0.00151058
7.570,-1.90969372,0.23427850,1.65127399,-0.35259640,-0.10175601,-0.13015303,0.06602948,0.01905549,0.02437330,-1.91269510,0.22602970,1.66867233,-0.35623096,-0.10404034,-0.12866743,0.14701013,-37.12785850,-6.37564599,0.30488398,0.06914599,-0.00307151,0.45189411,-37.05871251,-6.37871750,0.44593736,-36.98171040,-6.30523308,0.00300138,0.00824880,-0.01739834,0.00363456,0.00228433,-0.00148560
7.580,-1.91321638,0.23326189,1.64997368,-0.35193431,-0.10156494,-0.12990864,0.06638764,0.01915885,0.02450550,-1.91623143,0.22499720,1.66739443,-0.35558146,-0.10384284,-0.12844815,0.14833692,-37.14137114,-6.38056727,0.30652715,0.07015524,-0.00282458,0.45486406,-37.07121590,-6.38339186,0.44891832,-36.99449449,-6.31010506,0.00301505,0.00826469,-0.01742075,0.00364715,0.00227790,-0.00146049
7.590,-1.91673239,0.23224720,1.64867582,-0.35126865,-0.10137283,-0.12966292,0.06674460,0.01926186,0.02463727,-1.91976112,0.22396672,1.66611877,-0.35492835,-0.10364421,-0.12822769,0.14965925,-37.15479301,-6.38544497,0.30816992,0.07116468,-0.00257805,0.45782917,-37.08362833,-6.38802302,0.45189411,-37.00718835,-6.31493434,0.00302873,0.00828048,-0.01744295,0.00365970,0.00227138,-0.00143523
7.600,-1.92024174,0.23123444,1.64738043,-0.35059942,-0.10117970,-0.12941589,0.06710037,0.01936454,0.02476859,-1.92328413,0.22293827,1.66484536,-0.35427163,-0.10344446,-0.12800606,0.15097713,-37.16812425,-6.39027918,0.30981032,0.07217425,-0.00233189,0.46078744,-37.09595000,-6.39261108,0.45486406,-37.01979329,-6.31972128,0.00304239,0.00829617,-0.01746493,0.00367221,0.00226476,-0.00140983
7.610,-1.92374437,0.23022361,1.64608751,-0.34992665,-0.10098554,-0.12916755,0.06745493,0.01946686,0.02489947,-1.92680044,0.22191186,1.66357421,-0.35361133,-0.10324360,-0.12778326,0.15229047,-37.18136523,-6.39507007,0.31144968,0.07318159,-0.00208671,0.46374015,-37.10818365,-6.39715678,0.45782917,-37.03230782,-6.32446560,0.00305607,0.00831175,-0.01748670,0.00368468,0.00225806,-0.00138429
7.620,-1.92724026,0.22921473,1.64479708,-0.34925033,-0.10079036,-0.12891791,0.06780828,0.01956883,0.02502990,-1.93030999,0.22088750,1.66230533,-0.35294743,-0.10304162,-0.12755929,0.15359925,-37.19451601,-6.39981771,0.31308715,0.07418860,-0.00184203,0.46668640,-37.12032742,-6.40165974,0.46078744,-37.04473215,-6.32916738,0.00306973,0.00832723,-0.01750825,0.00369710,0.00225126,-0.00135862
7.630,-1.93072936,0.22820781,1.64350915,-0.34857048,-0.10059417,-0.12866696,0.06816042,0.01967046,0.02515989,-1.93381277,0.21986521,1.66103875,-0.35227995,-0.10283853,-0.12733416,0.15490344,-37.20757677,-6.40452223,0.31472364,0.07519508,-0.00159790,0.46962708,-37.13238168,-6.40612012,0.46374015,-37.05706902,-6.33382739,0.00308341,0.00834260,-0.01752960,0.00370947,0.00224436,-0.00133280
7.640,-1.93421166,0.22720285,1.64222374,-0.34788712,-0.10039696,-0.12841471,0.06851132,0.01977172,0.02528941,-1.93730873,0.21884499,1.65977446,-0.35160889,-0.10263433,-0.12710788,0.15620293,-37.22054784,-6.40918375,0.31635686,0.07619992,-0.00135457,0.47255979,-37.14434792,-6.41053832,0.46668640,-37.06931655,-6.33844522,0.00309707,0.00835786,-0.01755072,0.00372177,0.00223737,-0.00130683
7.650,-1.93768710,0.22619987,1.64094086,-0.34720026,-0.10019873,-0.12816117,0.06886099,0.01987264,0.02541849,-1.94079783,0.21782686,1.65851247,-0.35093425,-0.10242903,-0.12688045,0.15749772,-37.23342926,-6.41380238,0.31798882,0.07720466,-0.00111169,0.47548655,-37.15622460,-6.41491407,0.46962708,-37.08147512,-6.34302104,0.00311073,0.00837301,-0.01757161,0.00373399,0.00223030,-0.00128072
7.660,-1.94115565,0.22519888,1.63966053,-0.34650991,-0.09999950,-0.12790634,0.06920942,0.01997319,0.02554710,-1.94428005,0.21681082,1.65725281,-0.35025606,-0.10222262,-0.12665188,0.15878776,-37.24622128,-6.41837822,0.31961906,0.07820956,-0.00086918,0.47840682,-37.16801172,-6.41924740,0.47255979,-37.09354622,-6.34755524,0.00312440,0.00838806,-0.01759228,0.00374615,0.00222312,-0.00125446
7.670,-1.94461728,0.22419989,1.63838274,-0.34581608,-0.09979927,-0.12765023,0.06955661,0.02007338,0.02567526,-1.94775534,0.21579690,1.65599548,-0.34957430,-0.10201512,-0.12642217,0.16007303,-37.25892412,-6.42291145,0.32124695,0.07921280,-0.00062750,0.48131997,-37.17971132,-6.42353895,0.47548655,-37.10552830,-6.35204754,0.00313806,0.00840299,-0.01761274,0.00375822,0.00221585,-0.00122806
7.680,-1.94807196,0.22320290,1.63710753,-0.34511878,-0.09959804,-0.12739284,0.06990253,0.02017321,0.02580295,-1.95122367,0.21478509,1.65474049,-0.34888899,-0.10180651,-0.12619133,0.16135341,-37.27153805,-6.42740215,0.32287200,0.08021487,-0.00038650,0.48422541,-37.19132318,-6.42778865,0.47840682,-37.11742136,-6.35649800,0.00315171,0.00841781,-0.01763296,0.00377021,0.00220847,-0.00120151
7.690,-1.95151965,0.22220793,1.63583489,-0.34441803,-0.09939581,-0.12713417,0.07024719,0.02027268,0.02593017,-1.95468500,0.21377541,1.65348786,-0.34820014,-0.10159682,-0.12595937,0.16262891,-37.28406322,-6.43185048,0.32449448,0.08121577,-0.00014620,0.48712339,-37.20284745,-6.43199667,0.48131997,-37.12922746,-6.36090722,0.00316535,0.00843252,-0.01765297,0.00378211,0.00220101,-0.00117480
7.700,-1.95496031,0.22121499,1.63456485,-0.34371384,-0.09919259,-0.12687424,0.07059058,0.02037178,0.02605693,-1.95813931,0.21276788,1.65223759,-0.34750775,-0.10138603,-0.12572628,0.16389947,-37.29649980,-6.43625652,0.32611481,0.08221664,0.00009369,0.49001428,-37.21428317,-6.43616283,0.48422541,-37.14094634,-6.36527514,0.00317900,0.00844711,-0.01767274,0.00379391,0.00219344,-0.00114796
7.710,-1.95839391,0.22022408,1.63329741,-0.34300622,-0.09898837,-0.12661304,0.07093269,0.02047051,0.02618321,-1.96158655,0.21176249,1.65098969,-0.34681183,-0.10117416,-0.12549208,0.16516506,-37.30884816,-6.44062046,0.32773230,0.08321514,0.00033260,0.49289736,-37.22563302,-6.44028786,0.48712339,-37.15257818,-6.36960194,0.00319264,0.00846159,-0.01769228,0.00380561,0.00218579,-0.00112096
7.720,-1.96182042,0.21923522,1.63203259,-0.34229519,-0.09878318,-0.12635057,0.07127351,0.02056887,0.02630902,-1.96502669,0.21075927,1.64974419,-0.34611238,-0.10096120,-0.12525677,0.16642560,-37.32110838,-6.44494239,0.32934660,0.08421308,0.00057098,0.49577220,-37.23689530,-6.44437141,0.49001428,-37.16412200,-6.37388742,0.00320627,0.00847595,-0.01771160,0.00381719,0.00217802,-0.00109380
7.730,-1.96523980,0.21824842,1.63077040,-0.34158076,-0.09857700,-0.12608686,0.07161304,0.02066685,0.02643434,-1.96845969,0.20975822,1.64850108,-0.34540943,-0.10074716,-0.12502035,0.16768108,-37.33328071,-6.44922245,0.33095807,0.08521050,0.00080882,0.49863915,-37.24807020,-6.44841363,0.49289736,-37.17558050,-6.37813231,0.00321989,0.00849020,-0.01773068,0.00382867,0.00217016,-0.00106651
7.740,-1.96865203,0.21726369,1.62951086,-0.34086294,-0.09836984,-0.12582189,0.07195127,0.02076446,0.02655919,-1.97188553,0.20875935,1.64726037,-0.34470296,-0.10053204,-0.12478284,0.16893146,-37.34536533,-6.45346076,0.33256556,0.08620803,0.00104631,0.50149702,-37.25915730,-6.45241446,0.49577220,-37.18695195,-6.38233626,0.00323350,0.00850434,-0.01774951,0.00384002,0.00216220,-0.00103905
7.750,-1.97205705,0.21628103,1.62825397,-0.34014174,-0.09816171,-0.12555567,0.07228819,0.02086169,0.02668356,-1.97530416,0.20776268,1.64602209,-0.34399300,-0.10031585,-0.12454423,0.17017667,-37.35736261,-6.45765750,0.33417073,0.08720303,0.00128278,0.50434740,-37.27015958,-6.45637472,0.49863915,-37.19823657,-6.38649942,0.00324711,0.00851835,-0.01776812,0.00385126,0.00215414,-0.00101144
7.760,-1.97545485,0.21530046,1.62699975,-0.33941718,-0.09795261,-0.12528822,0.07262379,0.02095854,0.02680744,-1.97871555,0.20676821,1.64478623,-0.34327955,-0.10009859,-0.12430454,0.17141667,-37.36927267,-6.46181276,0.33577174,0.08819758,0.00151875,0.50718841,-37.28107509,-6.46029401,0.50149702,-37.20943390,-6.39062172,0.00326070,0.00853225,-0.01778648,0.00386237,0.00214598,-0.00098368
7.770,-1.97884538,0.21432198,1.62574821,-0.33868927,-0.09774254,-0.12501953,0.07295806,0.02105501,0.02693083,-1.98211967,0.20577596,1.64355282,-0.34256261,-0.09988025,-0.12406377,0.17265142,-37.38109584,-6.46592672,0.33736958,0.08919014,0.00175386,0.51002100,-37.29190570,-6.46417286,0.50434740,-37.22054695,-6.39470399,0.00327429,0.00854602,-0.01780461,0.00387334,0.00213771,-0.00095576
7.780,-1.98222862,0.21334561,1.62449936,-0.33795802,-0.09753151,-0.12474960,0.07329101,0.02115110,0.02705373,-1.98551648,0.20478593,1.64232186,-0.34184221,-0.09966086,-0.12382193,0.17388091,-37.39283224,-6.46999950,0.33896325,0.09018209,0.00198843,0.51284416,-37.30265016,-6.46801107,0.50718841,-37.23157376,-6.39874582,0.00328786,0.00855968,-0.01782250,0.00388419,0.00212935,-0.00092767
7.790,-1.98560453,0.21237135,1.62325322,-0.33722345,-0.09731952,-0.12447845,0.07362261,0.02124679,0.02717613,-1.98890595,0.20379814,1.64109335,-0.34111834,-0.09944040,-0.12357901,0.17510504,-37.40448225,-6.47403124,0.34055292,0.09117238,0.00222223,0.51565796,-37.31330987,-6.47180901,0.51002100,-37.24251619,-6.40274773,0.00330142,0.00857321,-0.01784013,0.00389489,0.00212088,-0.00089944
7.800,-1.98897308,0.21139922,1.62200980,-0.33648557,-0.09710657,-0.12420608,0.07395287,0.02134210,0.02729804,-1.99228804,0.20281260,1.63986732,-0.34039102,-0.09921888,-0.12333504,0.17632382,-37.41604595,-6.47802207,0.34213841,0.09216266,0.00245564,0.51846223,-37.32388329,-6.47556643,0.51284416,-37.25337300,-6.40670951,0.00331496,0.00858662,-0.01785752,0.00390545,0.00211231,-0.00087104
7.810,-1.99233423,0.21042922,1.62076910,-0.33574440,-0.09689268,-0.12393250,0.07428178,0.02143702,0.02741945,-1.99566272,0.20182931,1.63864377,-0.33966025,-0.09899630,-0.12309001,0.17753720,-37.42752373,-6.48197218,0.34371977,0.09315008,0.00268798,0.52125697,-37.33437366,-6.47928420,0.51565796,-37.26414558,-6.41063156,0.00332849,0.00859991,-0.01787467,0.00391585,0.00210362,-0.00084249
7.820,-1.99568796,0.20946137,1.61953115,-0.33499994,-0.09667784,-0.12365770,0.07460932,0.02153155,0.02754035,-1.99902995,0.20084829,1.63742272,-0.33892605,-0.09877267,-0.12284392,0.17874511,-37.43891571,-6.48588166,0.34529630,0.09413805,0.00292009,0.52404141,-37.34477766,-6.48296157,0.51846223,-37.27483240,-6.41451360,0.00334199,0.00861308,-0.01789157,0.00392611,0.00209483,-0.00081378
7.830,-1.99903422,0.20849567,1.61829595,-0.33425222,-0.09646205,-0.12338169,0.07493549,0.02162568,0.02766075,-2.00238971,0.19986955,1.63620416,-0.33818843,-0.09854799,-0.12259680,0.17994753,-37.45022225,-6.48975071,0.34686879,0.09512414,0.00315138,0.52681632,-37.35509810,-6.48659933,0.52125697,-37.28543667,-6.41835649,0.00335549,0.00862612,-0.01790821,0.00393621,0.00208594,-0.00078489
7.840,-2.00237299,0.20753213,1.61706352,-0.33350124,-0.09624532,-0.12310448,0.07526029,0.02171941,0.02778064,-2.00574195,0.19889310,1.63498812,-0.33744740,-0.09832227,-0.12234863,0.18114443,-37.46144359,-6.49357944,0.34843629,0.09610885,0.00338197,0.52958072,-37.36533473,-6.49019747,0.52404141,-37.29595511,-6.42215950,0.00336896,0.00863903,-0.01792460,0.00394616,0.00207695,-0.00075585
7.850,-2.00570424,0.20657077,1.61583387,-0.33274701,-0.09602766,-0.12282608,0.07558370,0.02181274,0.02790002,-2.00908665,0.19791895,1.63377460,-0.33670296,-0.09809551,-0.12209943,0.18233574,-37.47257988,-6.49736801,0.34999863,0.09709362,0.00361222,0.53233438,-37.37548626,-6.49375579,0.52681632,-37.30639050,-6.42592341,0.00338241,0.00865182,-0.01794073,0.00395595,0.00206785,-0.00072665
7.860,-2.00902792,0.20561158,1.61460700,-0.33198957,-0.09580907,-0.12254648,0.07590572,0.02190568,0.02801889,-2.01242376,0.19694711,1.63256362,-0.33595513,-0.09786770,-0.12184921,0.18352146,-37.48363157,-6.50111661,0.35155640,0.09807452,0.00384118,0.53507785,-37.38555705,-6.49727544,0.52958072,-37.31674259,-6.42964820,0.00339584,0.00866447,-0.01795662,0.00396556,0.00205863,-0.00069727
7.870,-2.01234402,0.20465459,1.61338294,-0.33122890,-0.09558955,-0.12226570,0.07622634,0.02199820,0.02813724,-2.01575327,0.19597758,1.63135517,-0.33520392,-0.09763886,-0.12159797,0.18470152,-37.49459875,-6.50482534,0.35310849,0.09905625,0.00406998,0.53781001,-37.39554250,-6.50075536,0.53233438,-37.32701010,-6.43333368,0.00340925,0.00867701,-0.01797223,0.00397502,0.00204931,-0.00066773
7.880,-2.01565249,0.20369979,1.61216169,-0.33046504,-0.09536911,-0.12198374,0.07654555,0.02209033,0.02825507,-2.01907512,0.19501039,1.63014928,-0.33444934,-0.09740898,-0.12134571,0.18587588,-37.50548182,-6.50849440,0.35465549,0.10003467,0.00429764,0.54053138,-37.40544715,-6.50419675,0.53507785,-37.33719738,-6.43698097,0.00342263,0.00868940,-0.01798759,0.00398430,0.00203987,-0.00063803
7.890,-2.01895331,0.20274721,1.61094327,-0.32969800,-0.09514774,-0.12170060,0.07686335,0.02218204,0.02837238,-2.02238930,0.19404554,1.62894596,-0.33369140,-0.09717808,-0.12109244,0.18704453,-37.51628089,-6.51212390,0.35619678,0.10101408,0.00452520,0.54324131,-37.41526681,-6.50759870,0.53781001,-37.34729982,-6.44058904,0.00343599,0.00870167,-0.01800269,0.00399340,0.00203034,-0.00060816
7.900,-2.02224644,0.20179684,1.60972768,-0.32892778,-0.09492547,-0.12141630,0.07717972,0.02227334,0.02848916,-2.02569576,0.19308303,1.62774520,-0.33293012,-0.09694615,-0.12083818,0.18820739,-37.52699642,-6.51571405,0.35773255,0.10198985,0.00475154,0.54593995,-37.42500657,-6.51096251,0.54053138,-37.35732198,-6.44415906,0.00344932,0.00871381,-0.01801752,0.00400234,0.00202068,-0.00057812
7.910,-2.02553185,0.20084870,1.60851495,-0.32815441,-0.09470228,-0.12113082,0.07749467,0.02236423,0.02860541,-2.02899448,0.19212289,1.62654703,-0.33216550,-0.09671319,-0.12058292,0.18936448,-37.53762853,-6.51926495,0.35926269,0.10296578,0.00497758,0.54862717,-37.43466275,-6.51428737,0.54324131,-37.36725965,-6.44769013,0.00346263,0.00872581,-0.01803208,0.00401109,0.00201091,-0.00054790
7.920,-2.02880952,0.19990280,1.60730507,-0.32737789,-0.09447818,-0.12084419,0.07780817,0.02245471,0.02872114,-2.03228542,0.19116512,1.62535145,-0.33139756,-0.09647922,-0.12032667,0.19051570,-37.54817753,-6.52277681,0.36078617,0.10393996,0.00520287,0.55130187,-37.44423757,-6.51757394,0.54593995,-37.37711792,-6.45118355,0.00347590,0.00873768,-0.01804638,0.00401967,0.00200104,-0.00051752
7.930,-2.03207940,0.19895914,1.60609807,-0.32659825,-0.09425319,-0.12055640,0.07812024,0.02254477,0.02883633,-2.03556854,0.19020973,1.62415848,-0.33062632,-0.09624423,-0.12006944,0.19166108,-37.55864375,-6.52624977,0.36230406,0.10491223,0.00542738,0.55396514,-37.45373152,-6.52082239,0.54862717,-37.38689312,-6.45463850,0.00348914,0.00874941,-0.01806041,0.00402807,0.00199104,-0.00048696
7.940,-2.03534147,0.19801774,1.60489395,-0.32581549,-0.09402729,-0.12026746,0.07843085,0.02263441,0.02895098,-2.03884382,0.18925672,1.62296811,-0.32985178,-0.09600823,-0.11981123,0.19280053,-37.56902741,-6.52968400,0.36381564,0.10588382,0.00565140,0.55661617,-37.46314359,-6.52403260,0.55130187,-37.39658746,-6.45805564,0.00350235,0.00876102,-0.01807416,0.00403629,0.00198094,-0.00045623
7.950,-2.03859570,0.19707860,1.60369272,-0.32502964,-0.09380050,-0.11997738,0.07874000,0.02272362,0.02906510,-2.04211123,0.18830612,1.62178036,-0.32907395,-0.09577122,-0.11955205,0.19393403,-37.57932887,-6.53307968,0.36532033,0.10685277,0.00587447,0.55925436,-37.47247610,-6.52720521,0.55396514,-37.40620143,-6.46143514,0.00351553,0.00877248,-0.01808764,0.00404431,0.00197072,-0.00042533
7.960,-2.04184205,0.19614173,1.60249440,-0.32424070,-0.09357282,-0.11968616,0.07904769,0.02281242,0.02917868,-2.04537072,0.18735793,1.62059525,-0.32829286,-0.09553320,-0.11929191,0.19506157,-37.58954835,-6.53643695,0.36681892,0.10782007,0.00609683,0.56188049,-37.48172828,-6.53034012,0.55661617,-37.41573402,-6.46477686,0.00352867,0.00878380,-0.01810085,0.00405216,0.00196038,-0.00039425
7.970,-2.04508050,0.19520715,1.60129900,-0.32344869,-0.09334425,-0.11939381,0.07935389,0.02290079,0.02929171,-2.04862228,0.18641216,1.61941277,-0.32750851,-0.09529418,-0.11903081,0.19618305,-37.59968610,-6.53975597,0.36831054,0.10878744,0.00631890,0.56449359,-37.49089866,-6.53343707,0.55925436,-37.42518754,-6.46808146,0.00354178,0.00879499,-0.01811377,0.00405982,0.00194993,-0.00036300
7.980,-2.04831102,0.19427485,1.60010653,-0.32265363,-0.09311480,-0.11910033,0.07965862,0.02298873,0.02940419,-2.05186586,0.18546882,1.61823295,-0.32672092,-0.09505416,-0.11876876,0.19729851,-37.60974254,-6.54303694,0.36979460,0.10975153,0.00653989,0.56709311,-37.49999101,-6.53649704,0.56188049,-37.43456123,-6.47134881,0.00355484,0.00880603,-0.01812642,0.00406729,0.00193936,-0.00033157
7.990,-2.05153356,0.19334485,1.59891700,-0.32185552,-0.09288448,-0.11880573,0.07996186,0.02307624,0.02951612,-2.05510144,0.18452792,1.61705578,-0.32593010,-0.09481315,-0.11850577,0.19840788,-37.61971789,-6.54628001,0.37127284,0.11071407,0.00676021,0.56968072,-37.50900382,-6.53951980,0.56449359,-37.44385360,-6.47457868,0.00356788,0.00881693,-0.01813878,0.00407458,0.00192867,-0.00029996
8.000,-2.05474812,0.19241716,1.59773042,-0.32105439,-0.09265328,-0.11851001,0.08026360,0.02316332,0.02962750,-2.05832898,0.18358946,1.61588128,-0.32513606,-0.09457114,-0.11824183,0.19951113,-37.62961241,-6.54948535,0.37274259,0.11167526,0.00697991,0.57225372,-37.51793715,-6.54250544,0.56709311,-37.45306844,-6.47777202,0.00358086,0.00882770,-0.01815086,0.00408167,0.00191786,-0.00026818
8.010,-2.05795464,0.19149179,1.59654680,-0.32025025,-0.09242121,-0.11821318,0.08056383,0.02324997,0.02973833,-2.06154845,0.18265347,1.61470946,-0.32433883,-0.09432815,-0.11797697,0.20060821,-37.63942639,-6.55265314,0.37420612,0.11263522,0.00719903,0.57481433,-37.52679117,-6.54545411,0.56968072,-37.46220423,-6.48092861,0.00359381,0.00883832,-0.01816266,0.00408858,0.00190694,-0.00023621
8.020,-2.06115311,0.19056874,1.59536616,-0.31944312,-0.09218828,-0.11791525,0.08086256,0.02333617,0.02984859,-2.06475982,0.18171995,1.61354032,-0.32353841,-0.09408418,-0.11771118,0.20169913,-37.64916023,-6.55578355,0.37566155,0.11359296,0.00741734,0.57736069,-37.53556727,-6.54836621,0.57225372,-37.47126103,-6.48404853,0.00360671,0.00884879,-0.01817416,0.00409529,0.00189590,-0.00020407
8.030,-2.06434350,0.18964803,1.59418850,-0.31863301,-0.09195449,-0.11761621,0.08115976,0.02342194,0.02995830,-2.06796306,0.18078891,1.61237387,-0.32273482,-0.09383922,-0.11744448,0.20278381,-37.65881410,-6.55887674,0.37710896,0.11454967,0.00763513,0.57989277,-37.54426443,-6.55124161,0.57481433,-37.48023900,-6.48713193,0.00361956,0.00885912,-0.01818537,0.00410181,0.00188473,-0.00017173
8.040,-2.06752576,0.18872965,1.59301384,-0.31781993,-0.09171985,-0.11731608,0.08145543,0.02350727,0.03006744,-2.07115814,0.17986035,1.61121013,-0.32192808,-0.09359329,-0.11717686,0.20386223,-37.66838848,-6.56193291,0.37854958,0.11550284,0.00785180,0.58241181,-37.55288564,-6.55408112,0.57736069,-37.48913953,-6.49017920,0.00363238,0.00886930,-0.01819629,0.00410815,0.00187344,-0.00013922
8.050,-2.07069988,0.18781363,1.59184218,-0.31700391,-0.09148435,-0.11701486,0.08174957,0.02359216,0.03017602,-2.07434502,0.17893430,1.61004911,-0.32111820,-0.09334638,-0.11690833,0.20493438,-37.67788348,-6.56495223,0.37998192,0.11645532,0.00806803,0.58491630,-37.56142815,-6.55688419,0.57989277,-37.49796160,-6.49319023,0.00364514,0.00887933,-0.01820693,0.00411429,0.00186203,-0.00010653
8.060,-2.07386583,0.18689997,1.59067355,-0.31618495,-0.09124800,-0.11671256,0.08204217,0.02367660,0.03028402,-2.07752369,0.17801075,1.60889080,-0.32030520,-0.09309850,-0.11663891,0.20600022,-37.68729948,-6.56793484,0.38140597,0.11740709,0.00828385,0.58740619,-37.56989239,-6.55965100,0.58241181,-37.50670820,-6.49616580,0.00365786,0.00888922,-0.01821725,0.00412025,0.00185050,-0.00007365
8.070,-2.07702357,0.18598868,1.58950794,-0.31536307,-0.09101082,-0.11640919,0.08233322,0.02376059,0.03039146,-2.08069409,0.17708972,1.60773522,-0.31948909,-0.09284966,-0.11636860,0.20705971,-37.69663680,-6.57088097,0.38282232,0.11835649,0.00849883,0.58988204,-37.57828031,-6.56238214,0.58491630,-37.51537658,-6.49910537,0.00367052,0.00889896,-0.01822728,0.00412602,0.00183884,-0.00004059
8.080,-2.08017308,0.18507976,1.58834537,-0.31453829,-0.09077279,-0.11610474,0.08262271,0.02384414,0.03049831,-2.08385622,0.17617121,1.60658239,-0.31866989,-0.09259986,-0.11609740,0.20811282,-37.70589579,-6.57379078,0.38423003,0.11930328,0.00871295,0.59234286,-37.58659251,-6.56507783,0.58740619,-37.52396716,-6.50200910,0.00368314,0.00890855,-0.01823702,0.00413160,0.00182707,-0.00000734
8.090,-2.08331433,0.18417322,1.58718585,-0.31371062,-0.09053394,-0.11579922,0.08291063,0.02392723,0.03060460,-2.08701002,0.17525524,1.60543230,-0.31784761,-0.09234910,-0.11582531,0.20915951,-37.71507678,-6.57666446,0.38562910,0.12024722,0.00892616,0.59478861,-37.59482956,-6.56773831,0.58988204,-37.53248190,-6.50487760,0.00369569,0.00891798,-0.01824645,0.00413699,0.00181516,0.00002609
8.100,-2.08644729,0.18326908,1.58602938,-0.31288008,-0.09029425,-0.11549265,0.08319698,0.02400987,0.03071030,-2.09015549,0.17434182,1.60428496,-0.31702227,-0.09209738,-0.11555236,0.21019976,-37.72417998,-6.57950219,0.38701963,0.12118967,0.00913876,0.59721939,-37.60299030,-6.57036343,0.59234286,-37.54092139,-6.50771108,0.00370820,0.00892726,-0.01825558,0.00414219,0.00180313,0.00005971
8.110,-2.08957192,0.18236734,1.58487600,-0.31204668,-0.09005374,-0.11518502,0.08348175,0.02409205,0.03081541,-2.09329257,0.17343095,1.60314039,-0.31619390,-0.09184472,-0.11527854,0.21123355,-37.73320575,-6.58230412,0.38840243,0.12213150,0.00935099,0.59963598,-37.61107425,-6.57295313,0.59478861,-37.54928620,-6.51050977,0.00372065,0.00893639,-0.01826439,0.00414722,0.00179098,0.00009352
8.120,-2.09268821,0.18146801,1.58372569,-0.31121045,-0.08981241,-0.11487634,0.08376494,0.02417377,0.03091994,-2.09642126,0.17252265,1.60199859,-0.31536250,-0.09159110,-0.11500386,0.21226086,-37.74215444,-6.58507047,0.38977570,0.12307052,0.00956232,0.60203655,-37.61908391,-6.57550815,0.59721939,-37.55757517,-6.51327352,0.00373305,0.00894536,-0.01827290,0.00415205,0.00177869,0.00012752
8.130,-2.09579612,0.18057109,1.58257847,-0.31037139,-0.08957027,-0.11456662,0.08404653,0.02425504,0.03102389,-2.09954151,0.17161692,1.60085957,-0.31452809,-0.09133655,-0.11472833,0.21328163,-37.75102639,-6.58780142,0.39114029,0.12400602,0.00977259,0.60442193,-37.62702037,-6.57802883,0.59963598,-37.56578780,-6.51600226,0.00374539,0.00895417,-0.01828110,0.00415670,0.00176628,0.00016171
8.140,-2.09889563,0.17967661,1.58143436,-0.30952952,-0.08932731,-0.11425586,0.08432651,0.02433584,0.03112724,-2.10265329,0.17071378,1.59972335,-0.31369069,-0.09108106,-0.11445195,0.21429583,-37.75982177,-6.59049712,0.39249584,0.12494262,0.00998292,0.60679166,-37.63487916,-6.58051420,0.60203655,-37.57392662,-6.51869674,0.00375766,0.00896283,-0.01828899,0.00416117,0.00175375,0.00019609
8.150,-2.10198670,0.17878455,1.58029336,-0.30868487,-0.08908355,-0.11394408,0.08460489,0.02441618,0.03122999,-2.10575658,0.16981322,1.59858992,-0.31285032,-0.09082463,-0.11417473,0.21530346,-37.76854113,-6.59315781,0.39384251,0.12587449,0.01019192,0.60914597,-37.64266665,-6.58296590,0.60442193,-37.58199269,-6.52135729,0.00376988,0.00897133,-0.01829656,0.00416545,0.00174108,0.00023065
8.160,-2.10506932,0.17789494,1.57915548,-0.30783743,-0.08883899,-0.11363127,0.08488164,0.02449605,0.03133215,-2.10885135,0.16891527,1.59745929,-0.31200699,-0.09056728,-0.11389668,0.21630446,-37.77718464,-6.59578365,0.39517943,0.12680536,0.01040047,0.61148389,-37.65037928,-6.58538318,0.60679166,-37.58998155,-6.52398294,0.00378203,0.00897967,-0.01830381,0.00416956,0.00172829,0.00026541
8.170,-2.10814344,0.17700777,1.57802074,-0.30698724,-0.08859363,-0.11331744,0.08515678,0.02457545,0.03143371,-2.11193757,0.16801993,1.59633148,-0.31116072,-0.09030899,-0.11361781,0.21729886,-37.78575273,-6.59837483,0.39650777,0.12773312,0.01060810,0.61380663,-37.65801962,-6.58776673,0.60914597,-37.59789958,-6.52657531,0.00379413,0.00898784,-0.01831074,0.00417348,0.00171536,0.00030037
8.180,-2.11120905,0.17612307,1.57688914,-0.30613430,-0.08834748,-0.11300259,0.08543028,0.02465438,0.03153467,-2.11501521,0.16712721,1.59520649,-0.31031154,-0.09004979,-0.11333811,0.21828657,-37.79424559,-6.60093153,0.39782652,0.12866050,0.01081545,0.61611309,-37.66558510,-6.59011608,0.61148389,-37.60574319,-6.52913367,0.00380616,0.00899586,-0.01831735,0.00417724,0.00170231,0.00033552
8.190,-2.11426612,0.17524083,1.57576069,-0.30527864,-0.08810055,-0.11268675,0.08570214,0.02473283,0.03163502,-2.11808424,0.16623711,1.59408433,-0.30945946,-0.08978967,-0.11305760,0.21926759,-37.80266370,-6.60345397,0.39913536,0.12958421,0.01102175,0.61840295,-37.67307949,-6.59243222,0.61380663,-37.61351497,-6.53165870,0.00381812,0.00900372,-0.01832364,0.00418082,0.00168912,0.00037085
8.200,-2.11731462,0.17436106,1.57463540,-0.30442026,-0.08785283,-0.11236990,0.08597235,0.02481081,0.03173476,-2.12114464,0.16534966,1.59296500,-0.30860449,-0.08952863,-0.11277628,0.22024188,-37.81100735,-6.60594232,0.40043466,0.13050504,0.01122718,0.62067654,-37.68050231,-6.59471514,0.61611309,-37.62121233,-6.53414992,0.00383002,0.00901140,-0.01832960,0.00418423,0.00167580,0.00040638
8.210,-2.12035451,0.17348377,1.57351329,-0.30355920,-0.08760433,-0.11205205,0.08624090,0.02488831,0.03183389,-2.12419637,0.16446485,1.59184853,-0.30774666,-0.08926668,-0.11249417,0.22120942,-37.81927687,-6.60839677,0.40172516,0.13142406,0.01143202,0.62293458,-37.68785282,-6.59696476,0.61840295,-37.62883907,-6.53660831,0.00384186,0.00901892,-0.01833524,0.00418746,0.00166235,0.00044212
8.220,-2.12338579,0.17260898,1.57239437,-0.30269545,-0.08735506,-0.11173322,0.08650780,0.02496534,0.03193241,-2.12723941,0.16358270,1.59073490,-0.30688599,-0.08900383,-0.11221126,0.22217022,-37.82747247,-6.61081750,0.40300512,0.13234298,0.01163668,0.62517534,-37.69512950,-6.59918081,0.62067654,-37.63639467,-6.53903388,0.00385362,0.00902628,-0.01834053,0.00419054,0.00164877,0.00047804
8.230,-2.12640841,0.17173667,1.57127863,-0.30182905,-0.08710503,-0.11141341,0.08677302,0.02504188,0.03203031,-2.13027373,0.16270321,1.58962414,-0.30602249,-0.08874008,-0.11192756,0.22312419,-37.83559477,-6.61320475,0.40427555,0.13325565,0.01183969,0.62739975,-37.70233912,-6.60136505,0.62293458,-37.64387840,-6.54142652,0.00386532,0.00903346,-0.01834551,0.00419344,0.00163505,0.00051415
8.240,-2.12942236,0.17086688,1.57016610,-0.30096000,-0.08685423,-0.11109262,0.08703656,0.02511793,0.03212759,-2.13329930,0.16182639,1.58851624,-0.30515618,-0.08847544,-0.11164309,0.22407134,-37.84364382,-6.61555866,0.40553583,0.13416924,0.01204279,0.62960718,-37.70947459,-6.60351587,0.62517534,-37.65128875,-6.54378598,0.00387694,0.00904049,-0.01835014,0.00419618,0.00162121,0.00055047
8.250,-2.13242761,0.16999959,1.56905678,-0.30008832,-0.08660267,-0.11077086,0.08729842,0.02519350,0.03222425,-2.13631610,0.16095226,1.58741122,-0.30428708,-0.08820990,-0.11135784,0.22501166,-37.85162018,-6.61787946,0.40678568,0.13507826,0.01224466,0.63179734,-37.71654192,-6.60563481,0.62739975,-37.65863249,-6.54611400,0.00388849,0.00904733,-0.01835444,0.00419876,0.00160723,0.00058698
8.260,-2.13542412,0.16913483,1.56795069,-0.29921403,-0.08635036,-0.11044813,0.08755859,0.02526859,0.03232028,-2.13932410,0.16008082,1.58630908,-0.30341522,-0.08794347,-0.11107183,0.22594512,-37.85952399,-6.62016732,0.40802645,0.13598726,0.01244639,0.63397157,-37.72353673,-6.60772093,0.62960718,-37.66590250,-6.54840898,0.00389998,0.00905401,-0.01835839,0.00420119,0.00159311,0.00062370
8.270,-2.13841188,0.16827259,1.56684782,-0.29833715,-0.08609730,-0.11012445,0.08781705,0.02534318,0.03241569,-2.14232327,0.15921208,1.58520983,-0.30254061,-0.08767616,-0.11078505,0.22687166,-37.86735580,-6.62242247,0.40925646,0.13689165,0.01264689,0.63612812,-37.73046415,-6.60977558,0.63179734,-37.67310481,-6.55067244,0.00391139,0.00906051,-0.01836201,0.00420346,0.00157886,0.00066060
8.280,-2.14139085,0.16741288,1.56574820,-0.29745770,-0.08584350,-0.10979982,0.08807381,0.02541727,0.03251047,-2.14531358,0.15834604,1.58411348,-0.30166327,-0.08740797,-0.11049753,0.22779130,-37.87511589,-6.62464509,0.41047682,0.13779345,0.01284667,0.63826812,-37.73732244,-6.61179842,0.63397157,-37.68023503,-6.55290345,0.00392273,0.00906684,-0.01836528,0.00420557,0.00156447,0.00069771
8.290,-2.14436102,0.16655572,1.56465183,-0.29657568,-0.08558896,-0.10947425,0.08832885,0.02549088,0.03260461,-2.14829501,0.15748273,1.58302004,-0.30078321,-0.08713890,-0.11020926,0.22870399,-37.88280450,-6.62683537,0.41168658,0.13869397,0.01304603,0.64039057,-37.74411052,-6.61378933,0.63612812,-37.68729829,-6.55510336,0.00393399,0.00907299,-0.01836821,0.00420753,0.00154994,0.00073501
8.300,-2.14732236,0.16570111,1.56355872,-0.29569113,-0.08533368,-0.10914773,0.08858217,0.02556398,0.03269812,-2.15126753,0.15662213,1.58192951,-0.29990047,-0.08686897,-0.10992025,0.22960972,-37.89042207,-6.62899351,0.41288569,0.13959224,0.01324476,0.64249541,-37.75082983,-6.61574875,0.63826812,-37.69429286,-6.55727182,0.00394517,0.00907898,-0.01837079,0.00420934,0.00153529,0.00077252
8.310,-2.15027484,0.16484905,1.56246888,-0.29480405,-0.08507768,-0.10882029,0.08883376,0.02563659,0.03279098,-2.15423112,0.15576428,1.58084189,-0.29901507,-0.08659817,-0.10963050,0.23050847,-37.89796898,-6.63111973,0.41407452,0.14048664,0.01344247,0.64458299,-37.75748234,-6.61767726,0.64039057,-37.70121764,-6.55940870,0.00395628,0.00908477,-0.01837301,0.00421102,0.00152049,0.00081021
8.320,-2.15321843,0.16399956,1.56138232,-0.29391446,-0.08482095,-0.10849191,0.08908360,0.02570869,0.03288321,-2.15718575,0.15490916,1.57975721,-0.29812701,-0.08632651,-0.10934003,0.23140018,-37.90544551,-6.63321420,0.41525359,0.14137980,0.01363980,0.64665376,-37.76406572,-6.61957441,0.64249541,-37.70807406,-6.56151444,0.00396732,0.00909040,-0.01837489,0.00421255,0.00150556,0.00084812
8.330,-2.15615312,0.16315263,1.56029904,-0.29302238,-0.08456351,-0.10816262,0.08933171,0.02578029,0.03297479,-2.16013139,0.15405680,1.57867546,-0.29723632,-0.08605400,-0.10904884,0.23228490,-37.91285214,-6.63527716,0.41642133,0.14226758,0.01383576,0.64870623,-37.77058456,-6.62144140,0.64458299,-37.71486411,-6.56358962,0.00397827,0.00909583,-0.01837642,0.00421394,0.00149049,0.00088622
8.340,-2.15907887,0.16230829,1.55921907,-0.29212783,-0.08430535,-0.10783242,0.08957806,0.02585139,0.03306573,-2.16306802,0.15320719,1.57759664,-0.29634303,-0.08578063,-0.10875694,0.23316255,-37.92018901,-6.63730876,0.41757929,0.14315577,0.01403175,0.65074184,-37.77703324,-6.62327701,0.64665376,-37.72158545,-6.56563379,0.00398915,0.00910110,-0.01837757,0.00421520,0.00147528,0.00092452
8.350,-2.16199567,0.16146653,1.55814240,-0.29123082,-0.08404648,-0.10750131,0.08982265,0.02592197,0.03315601,-2.16599562,0.15236035,1.57652078,-0.29544714,-0.08550642,-0.10846434,0.23403313,-37.92745667,-6.63930925,0.41872603,0.14403990,0.01422672,0.65275916,-37.78341677,-6.62508254,0.64870623,-37.72824267,-6.56764815,0.00399995,0.00910618,-0.01837838,0.00421632,0.00145994,0.00096303
8.360,-2.16490348,0.16062736,1.55706904,-0.29033138,-0.08378691,-0.10716930,0.09006547,0.02599205,0.03324564,-2.16891415,0.15151629,1.57544787,-0.29454869,-0.08523136,-0.10817103,0.23489661,-37.93465542,-6.64127882,0.41986267,0.14492046,0.01442076,0.65475927,-37.78973496,-6.62685805,0.65074184,-37.73483015,-6.56963145,0.00401067,0.00911107,-0.01837883,0.00421731,0.00144445,0.00100173
8.370,-2.16780229,0.15979079,1.55599902,-0.28942952,-0.08352664,-0.10683640,0.09030651,0.02606161,0.03333462,-2.17182360,0.15067501,1.57437792,-0.29364770,-0.08495547,-0.10787703,0.23575296,-37.94178558,-6.64321764,0.42098821,0.14579956,0.01461443,0.65674117,-37.79598602,-6.62860321,0.65275916,-37.74135288,-6.57158502,0.00402131,0.00911578,-0.01837890,0.00421818,0.00142883,0.00104063
8.380,-2.17069206,0.15895683,1.55493232,-0.28852526,-0.08326568,-0.10650261,0.09054578,0.02613066,0.03342294,-2.17472393,0.14983653,1.57331093,-0.29274417,-0.08467874,-0.10758235,0.23660222,-37.94884753,-6.64512595,0.42210382,0.14667545,0.01480727,0.65870604,-37.80217207,-6.63031868,0.65475927,-37.74781068,-6.57350891,0.00403187,0.00912030,-0.01837861,0.00421891,0.00141306,0.00107974
8.390,-2.17357278,0.15812548,1.55386897,-0.28761861,-0.08300403,-0.10616794,0.09078325,0.02619919,0.03351059,-2.17761513,0.14900084,1.57224692,-0.29183815,-0.08440119,-0.10728699,0.23744430,-37.95584165,-6.64700395,0.42320842,0.14754862,0.01499944,0.66065272,-37.80829303,-6.63200451,0.65674117,-37.75420176,-6.57540276,0.00404235,0.00912464,-0.01837795,0.00421954,0.00139716,0.00111905
8.400,-2.17644443,0.15729675,1.55280896,-0.28670960,-0.08274170,-0.10583240,0.09101892,0.02626721,0.03359759,-2.18049717,0.14816797,1.57118590,-0.29092964,-0.08412281,-0.10699095,0.23827920,-37.96276828,-6.64885184,0.42430153,0.14841795,0.01519067,0.66258073,-37.81435033,-6.63366117,0.65870604,-37.76052823,-6.57726726,0.00405274,0.00912878,-0.01837694,0.00422004,0.00138111,0.00115855
8.410,-2.17930697,0.15647065,1.55175232,-0.28579824,-0.08247869,-0.10549599,0.09125279,0.02633470,0.03368391,-2.18337003,0.14733791,1.57012785,-0.29001866,-0.08384362,-0.10669425,0.23910692,-37.96962778,-6.65066981,0.42538464,0.14928584,0.01538153,0.66449156,-37.82034194,-6.63528827,0.66065272,-37.76679000,-6.57910243,0.00406306,0.00913274,-0.01837553,0.00422042,0.00136493,0.00119826
8.420,-2.18216038,0.15564718,1.55069905,-0.28488455,-0.08221500,-0.10515873,0.09148484,0.02640167,0.03376957,-2.18623368,0.14651067,1.56907281,-0.28910525,-0.08356362,-0.10639689,0.23992741,-37.97642054,-6.65245808,0.42645733,0.15015041,0.01557160,0.66638474,-37.82627013,-6.63688648,0.66258073,-37.77298853,-6.58090876,0.00407330,0.00913651,-0.01837376,0.00422070,0.00134862,0.00123816
8.430,-2.18500465,0.15482635,1.54964915,-0.28396855,-0.08195066,-0.10482061,0.09171507,0.02646811,0.03385456,-2.18908810,0.14568627,1.56802076,-0.28818941,-0.08328280,-0.10609888,0.24074068,-37.98314693,-6.65421687,0.42751849,0.15101118,0.01576076,0.66825916,-37.83213575,-6.63845611,0.66449156,-37.77912176,-6.58268585,0.00408345,0.00914008,-0.01837161,0.00422086,0.00133214,0.00127827
8.440,-2.18783975,0.15400817,1.54860264,-0.28305025,-0.08168564,-0.10448164,0.09194348,0.02653402,0.03393887,-2.19193327,0.14486470,1.56697171,-0.28727118,-0.08300119,-0.10580023,0.24154672,-37.98980727,-6.65594636,0.42856887,0.15187016,0.01594950,0.67011559,-37.83793712,-6.63999686,0.66638474,-37.78519196,-6.58443435,0.00409352,0.00914347,-0.01836907,0.00422093,0.00131555,0.00131859
8.450,-2.19066565,0.15319264,1.54755952,-0.28212969,-0.08141998,-0.10414183,0.09217004,0.02659941,0.03402250,-2.19476915,0.14404599,1.56592568,-0.28635057,-0.08271877,-0.10550094,0.24234545,-37.99640197,-6.65764677,0.42960865,0.15272498,0.01613725,0.67195410,-37.84367700,-6.64150952,0.66825916,-37.79119999,-6.58615458,0.00410350,0.00914665,-0.01836616,0.00422088,0.00129879,0.00135911
8.460,-2.19348233,0.15237977,1.54651980,-0.28120686,-0.08115366,-0.10380119,0.09239477,0.02666426,0.03410545,-2.19759574,0.14323013,1.56488267,-0.28542760,-0.08243557,-0.10520101,0.24313694,-38.00293140,-6.65931832,0.43063799,0.15357670,0.01632429,0.67377493,-37.84935470,-6.64299403,0.67011559,-37.79714414,-6.58784625,0.00411341,0.00914964,-0.01836287,0.00422074,0.00128191,0.00139982
8.470,-2.19628978,0.15156957,1.54548350,-0.28028180,-0.08088669,-0.10345972,0.09261764,0.02672858,0.03418772,-2.20041300,0.14241713,1.56384268,-0.28450230,-0.08215158,-0.10490046,0.24392110,-38.00939588,-6.66096119,0.43165573,0.15442674,0.01651097,0.67557683,-37.85496914,-6.64445022,0.67195410,-37.80302720,-6.58951012,0.00412322,0.00915244,-0.01835918,0.00422050,0.00126489,0.00144074
8.480,-2.19908796,0.15076204,1.54445061,-0.27935451,-0.08061909,-0.10311744,0.09283866,0.02679236,0.03426930,-2.20322092,0.14160701,1.56280573,-0.28357468,-0.08186680,-0.10459929,0.24469797,-38.01579584,-6.66257561,0.43266332,0.15527227,0.01669660,0.67736129,-37.86052356,-6.64587901,0.67377493,-37.80884846,-6.59114613,0.00413296,0.00915503,-0.01835512,0.00422017,0.00124771,0.00148185
8.490,-2.20187686,0.14995719,1.54342115,-0.27842503,-0.08035085,-0.10277434,0.09305781,0.02685561,0.03435020,-2.20601947,0.14079976,1.56177180,-0.28264478,-0.08158125,-0.10429751,0.24546749,-38.02213159,-6.66416178,0.43365967,0.15611513,0.01688165,0.67912716,-37.86601646,-6.64728013,0.67557683,-37.81460684,-6.59275413,0.00414261,0.00915743,-0.01835065,0.00421975,0.00123040,0.00152317
8.500,-2.20465646,0.14915503,1.54239513,-0.27749336,-0.08008198,-0.10243044,0.09327508,0.02691831,0.03443040,-2.20880863,0.13999540,1.56074092,-0.28171260,-0.08129493,-0.10399512,0.24622965,-38.02840353,-6.66571990,0.43464486,0.15695588,0.01706625,0.68087451,-37.87144766,-6.64865366,0.67736129,-37.82030558,-6.59433503,0.00415217,0.00915963,-0.01834579,0.00421924,0.00121295,0.00156468
8.510,-2.20742672,0.14835555,1.54137255,-0.27655953,-0.07981248,-0.10208573,0.09349047,0.02698047,0.03450991,-2.21158838,0.13919394,1.55971309,-0.28077817,-0.08100784,-0.10369214,0.24698444,-38.03461211,-6.66725021,0.43562002,0.15779141,0.01724966,0.68260446,-37.87682070,-6.65000054,0.67912716,-37.82594317,-6.59588854,0.00416166,0.00916161,-0.01834054,0.00421864,0.00119536,0.00160641
8.520,-2.21018764,0.14755878,1.54035342,-0.27562356,-0.07954237,-0.10174024,0.09370398,0.02704209,0.03458872,-2.21435870,0.13839537,1.55868831,-0.27984152,-0.08071999,-0.10338857,0.24773187,-38.04075755,-6.66875288,0.43658371,0.15862532,0.01743276,0.68431558,-37.88213222,-6.65132012,0.68087451,-37.83151943,-6.59741474,0.00417106,0.00916341,-0.01833489,0.00421796,0.00117762,0.00164833
8.530,-2.21293919,0.14676471,1.53933774,-0.27468546,-0.07927164,-0.10139396,0.09391559,0.02710316,0.03466683,-2.21711956,0.13759972,1.55766660,-0.27890267,-0.08043139,-0.10308440,0.24847189,-38.04684034,-6.67022816,0.43753652,0.15945470,0.01761485,0.68600841,-37.88738564,-6.65261330,0.68260446,-37.83703791,-6.59891458,0.00418037,0.00916499,-0.01832886,0.00421721,0.00115975,0.00169044
8.540,-2.21568134,0.14597335,1.53832554,-0.27374525,-0.07900031,-0.10104691,0.09412529,0.02716367,0.03474424,-2.21987094,0.13680698,1.55664794,-0.27796163,-0.08014203,-0.10277967,0.24920448,-38.05286083,-6.67167622,0.43847923,0.16028158,0.01779644,0.68768371,-37.89257926,-6.65387978,0.68431558,-37.84249524,-6.60038739,0.00418960,0.00916637,-0.01832240,0.00421638,0.00114172,0.00173276
8.550,-2.21841408,0.14518470,1.53731681,-0.27280296,-0.07872837,-0.10069908,0.09433309,0.02722364,0.03482094,-2.22261283,0.13601716,1.55563236,-0.27701843,-0.07985193,-0.10247436,0.24992967,-38.05881942,-6.67309731,0.43941077,0.16110387,0.01797703,0.68934044,-37.89771554,-6.65512027,0.68600841,-37.84789483,-6.60183409,0.00419875,0.00916754,-0.01831555,0.00421547,0.00112356,0.00177528
8.560,-2.22113739,0.14439878,1.53631156,-0.27185860,-0.07845584,-0.10035049,0.09453896,0.02728306,0.03489693,-2.22534520,0.13523027,1.55461985,-0.27607309,-0.07956110,-0.10216848,0.25064739,-38.06471639,-6.67449161,0.44033134,0.16192373,0.01815715,0.69097873,-37.90279266,-6.65633446,0.68768371,-37.85323497,-6.60325436,0.00420781,0.00916851,-0.01830829,0.00421449,0.00110526,0.00181799
8.570,-2.22385125,0.14361559,1.53530980,-0.27091219,-0.07818271,-0.10000114,0.09474291,0.02734191,0.03497221,-2.22806804,0.13444633,1.55361042,-0.27512563,-0.07926952,-0.10186205,0.25135767,-38.07055219,-6.67585934,0.44124085,0.16274064,0.01833667,0.69259852,-37.90781155,-6.65752267,0.68934044,-37.85851814,-6.60464890,0.00421679,0.00916926,-0.01830062,0.00421344,0.00108681,0.00186091
8.580,-2.22655563,0.14283513,1.53431154,-0.26996375,-0.07790900,-0.09965105,0.09494492,0.02740021,0.03504678,-2.23078131,0.13366532,1.55260408,-0.27417607,-0.07897722,-0.10155506,0.25206046,-38.07632720,-6.67720072,0.44214000,0.16355346,0.01851534,0.69420046,-37.91277374,-6.65868538,0.69097873,-37.86374249,-6.60601741,0.00422568,0.00916981,-0.01829254,0.00421232,0.00106822,0.00190401
8.590,-2.22925052,0.14205741,1.53331678,-0.26901330,-0.07763471,-0.09930021,0.09514500,0.02745795,0.03512064,-2.23348501,0.13288727,1.55160083,-0.27322445,-0.07868420,-0.10124753,0.25275579,-38.08204178,-6.67851596,0.44302803,0.16436246,0.01869323,0.69578382,-37.91767933,-6.65982273,0.69259852,-37.86890898,-6.60736020,0.00423449,0.00917014,-0.01828405,0.00421115,0.00104949,0.00194732
8.600,-2.23193589,0.14128244,1.53232554,-0.26806085,-0.07735984,-0.09894864,0.09534312,0.02751513,0.03519377,-2.23617910,0.13211218,1.55060068,-0.27227077,-0.07839047,-0.10093946,0.25344360,-38.08769629,-6.67980525,0.44390593,0.16516934,0.01887075,0.69734953,-37.92252695,-6.66093451,0.69420046,-37.87401911,-6.60867775,0.00424321,0.00917026,-0.01827514,0.00420992,0.00103063,0.00199082
8.610,-2.23461173,0.14051022,1.53133781,-0.26710644,-0.07708441,-0.09859634,0.09553929,0.02757174,0.03526618,-2.23886358,0.13134005,1.54960363,-0.27131506,-0.07809602,-0.10063086,0.25412391,-38.09329115,-6.68106883,0.44477261,0.16597151,0.01904729,0.69889652,-37.92731964,-6.66202155,0.69578382,-37.87907299,-6.60997020,0.00425185,0.00917017,-0.01826582,0.00420862,0.00101161,0.00203452
8.620,-2.23727801,0.13974075,1.53035361,-0.26615007,-0.07680841,-0.09824332,0.09573349,0.02762779,0.03533787,-2.24153842,0.13057090,1.54860968,-0.27035734,-0.07780087,-0.10032174,0.25479668,-38.09882675,-6.68230690,0.44562910,0.16676930,0.01922293,0.70042578,-37.93205746,-6.66308397,0.69734953,-37.88406925,-6.61123732,0.00426041,0.00916985,-0.01825607,0.00420727,0.00099246,0.00207842
8.630,-2.23993472,0.13897405,1.52937295,-0.26519178,-0.07653186,-0.09788958,0.09592573,0.02768326,0.03540883,-2.24420361,0.12980472,1.54761885,-0.26939764,-0.07750501,-0.10001209,0.25546195,-38.10430341,-6.68351967,0.44647462,0.16756505,0.01939827,0.70193656,-37.93673836,-6.66412141,0.69889652,-37.88901091,-6.61247997,0.00426889,0.00916933,-0.01824590,0.00420586,0.00097315,0.00212251
8.640,-2.24258184,0.13821012,1.52839582,-0.26423157,-0.07625475,-0.09753514,0.09611598,0.02773817,0.03547905,-2.24685912,0.12904153,1.54663114,-0.26843597,-0.07720847,-0.09970194,0.25611963,-38.10972153,-6.68470736,0.44730938,0.16835665,0.01957277,0.70342901,-37.94136488,-6.66513459,0.70042578,-37.89389804,-6.61369823,0.00427728,0.00916859,-0.01823532,0.00420440,0.00095372,0.00216680
8.650,-2.24521935,0.13744896,1.52742225,-0.26326946,-0.07597709,-0.09718000,0.09630425,0.02779250,0.03554855,-2.24950493,0.12828134,1.54564654,-0.26747236,-0.07691124,-0.09939128,0.25676977,-38.11508152,-6.68587017,0.44813347,0.16914495,0.01974668,0.70490323,-37.94593657,-6.66612349,0.70193656,-37.89872859,-6.61489176,0.00428558,0.00916762,-0.01822429,0.00420290,0.00093415,0.00221128
8.660,-2.24784722,0.13669058,1.52645223,-0.26230549,-0.07569890,-0.09682417,0.09649052,0.02784626,0.03561731,-2.25214104,0.12752414,1.54466508,-0.26650683,-0.07661332,-0.09908012,0.25741232,-38.12038374,-6.68700832,0.44894758,0.16992910,0.01991978,0.70635990,-37.95045464,-6.66708854,0.70342901,-37.90350509,-6.61606127,0.00429382,0.00916644,-0.01821285,0.00420134,0.00091442,0.00225595
8.670,-2.25046545,0.13593498,1.52548577,-0.26133966,-0.07542017,-0.09646766,0.09667479,0.02789944,0.03568533,-2.25476741,0.12676995,1.54368674,-0.26553940,-0.07631473,-0.09876847,0.25804728,-38.12562860,-6.68812203,0.44975045,0.17070861,0.02009197,0.70779773,-37.95492000,-6.66803006,0.70490323,-37.90822709,-6.61720673,0.00430196,0.00916503,-0.01820097,0.00419974,0.00089456,0.00230081
8.680,-2.25307401,0.13518217,1.52452288,-0.26037200,-0.07514091,-0.09611047,0.09685705,0.02795204,0.03575260,-2.25738403,0.12601878,1.54271154,-0.26457010,-0.07601547,-0.09845633,0.25867465,-38.13081647,-6.68921150,0.45054296,0.17148448,0.02026350,0.70921761,-37.95933199,-6.66894800,0.70635990,-37.91289579,-6.61832858,0.00431002,0.00916339,-0.01818866,0.00419810,0.00087456,0.00234586
8.690,-2.25567289,0.13443216,1.52356356,-0.25940253,-0.07486113,-0.09575261,0.09703730,0.02800405,0.03581914,-2.25999088,0.12527062,1.54173948,-0.26359894,-0.07571555,-0.09814371,0.25929442,-38.13594769,-6.69027695,0.45132454,0.17225685,0.02043441,0.71061896,-37.96369085,-6.66984254,0.70779773,-37.91751211,-6.61942713,0.00431799,0.00916154,-0.01817592,0.00419641,0.00085442,0.00239110
8.700,-2.25826206,0.13368495,1.52260783,-0.25843126,-0.07458083,-0.09539409,0.09721552,0.02805549,0.03588492,-2.26258795,0.12452549,1.54077057,-0.26262594,-0.07541497,-0.09783062,0.25990656,-38.14102266,-6.69131858,0.45209625,0.17302598,0.02060477,0.71200281,-37.96799668,-6.67071381,0.70921761,-37.92207537,-6.62050232,0.00432589,0.00915946,-0.01816274,0.00419468,0.00083414,0.00243653
8.710,-2.26084150,0.13294055,1.52165568,-0.25745822,-0.07430002,-0.09503491,0.09739171,0.02810633,0.03594996,-2.26517522,0.12378339,1.53980481,-0.26165114,-0.07511374,-0.09751707,0.26051108,-38.14604176,-6.69233662,0.45285822,0.17379134,0.02077445,0.71336930,-37.97225043,-6.67156217,0.71061896,-37.92658582,-6.62155434,0.00433372,0.00915716,-0.01814913,0.00419292,0.00081372,0.00248216
8.720,-2.26341121,0.13219895,1.52070713,-0.25648343,-0.07401871,-0.09467509,0.09756586,0.02815659,0.03601424,-2.26775267,0.12304432,1.53884220,-0.26067455,-0.07481187,-0.09720305,0.26110795,-38.15100545,-6.69333128,0.45360892,0.17455121,0.02094308,0.71471687,-37.97645424,-6.67238820,0.71200281,-37.93104356,-6.62258330,0.00434146,0.00915463,-0.01813507,0.00419112,0.00079316,0.00252796
8.730,-2.26597117,0.13146018,1.51976218,-0.25550691,-0.07373689,-0.09431463,0.09773797,0.02820626,0.03607777,-2.27032028,0.12230831,1.53788274,-0.25969619,-0.07450936,-0.09688859,0.26169718,-38.15591395,-6.69430275,0.45434889,0.17530955,0.02111158,0.71604607,-37.98060441,-6.67319117,0.71336930,-37.93544952,-6.62358958,0.00434911,0.00915187,-0.01812056,0.00418928,0.00077247,0.00257396
8.740,-2.26852135,0.13072422,1.51882084,-0.25452868,-0.07345459,-0.09395354,0.09790802,0.02825533,0.03614054,-2.27287804,0.12157534,1.53692646,-0.25871608,-0.07420621,-0.09657367,0.26227874,-38.16076783,-6.69525127,0.45507887,0.17606206,0.02127895,0.71735762,-37.98470576,-6.67397232,0.71471687,-37.93980585,-6.62457373,0.00435669,0.00914888,-0.01810562,0.00418740,0.00075162,0.00262013
8.750,-2.27106174,0.12999109,1.51788311,-0.25354876,-0.07317179,-0.09359182,0.09807600,0.02830381,0.03620255,-2.27542593,0.12084543,1.53597333,-0.25773425,-0.07390244,-0.09625832,0.26285261,-38.16556734,-6.69617704,0.45579855,0.17681121,0.02144579,0.71865116,-37.98875614,-6.67473126,0.71604607,-37.94410885,-6.62553504,0.00436419,0.00914566,-0.01809022,0.00418549,0.00073065,0.00266650
8.760,-2.27359232,0.12926078,1.51694900,-0.25256717,-0.07288851,-0.09322949,0.09824192,0.02835170,0.03626380,-2.27796393,0.12011858,1.53502338,-0.25675072,-0.07359805,-0.09594253,0.26341882,-38.17031297,-6.69708028,0.45650804,0.17755445,0.02161149,0.71992687,-37.99275852,-6.67546879,0.71735762,-37.94836333,-6.62647473,0.00437161,0.00914220,-0.01807438,0.00418355,0.00070954,0.00271304
8.770,-2.27611307,0.12853332,1.51601852,-0.25158393,-0.07260476,-0.09286655,0.09840576,0.02839898,0.03632428,-2.28049203,0.11939480,1.53407660,-0.25576552,-0.07329304,-0.09562632,0.26397733,-38.17500497,-6.69796119,0.45720795,0.17829627,0.02177713,0.72118528,-37.99670870,-6.67618406,0.71865116,-37.95256712,-6.62739242,0.00437896,0.00913852,-0.01805808,0.00418159,0.00068828,0.00275977
8.780,-2.27862399,0.12780869,1.51509168,-0.25059906,-0.07232053,-0.09250301,0.09856752,0.02844566,0.03638398,-2.28301021,0.11867409,1.53313301,-0.25477865,-0.07298743,-0.09530968,0.26452816,-38.17964385,-6.69881999,0.45789674,0.17903303,0.02194187,0.72242490,-38.00061082,-6.67687813,0.71992687,-37.95672322,-6.62828890,0.00438622,0.00913460,-0.01804133,0.00417959,0.00066690,0.00280667
8.790,-2.28112505,0.12708691,1.51416847,-0.24961258,-0.07203585,-0.09213887,0.09872719,0.02849174,0.03644292,-2.28551845,0.11795647,1.53219259,-0.25379014,-0.07268122,-0.09499264,0.26507128,-38.18422990,-6.69965689,0.45857570,0.17976569,0.02210592,0.72364698,-38.00446422,-6.67755098,0.72118528,-37.96082740,-6.62916332,0.00439340,0.00913044,-0.01802412,0.00417756,0.00064537,0.00285377
8.800,-2.28361624,0.12636797,1.51324890,-0.24862452,-0.07175070,-0.09177415,0.09888475,0.02853721,0.03650108,-2.28801675,0.11724193,1.53125536,-0.25280003,-0.07237442,-0.09467518,0.26560666,-38.18876361,-6.70047212,0.45924415,0.18049240,0.02226886,0.72485081,-38.00827121,-6.67820325,0.72242490,-37.96488382,-6.63001672,0.00440051,0.00912604,-0.01800646,0.00417551,0.00062372,0.00290103
8.810,-2.28609753,0.12565190,1.51233298,-0.24763490,-0.07146510,-0.09140885,0.09904021,0.02858207,0.03655847,-2.29050508,0.11653048,1.53032133,-0.25180832,-0.07206702,-0.09435732,0.26613433,-38.19324521,-6.70126586,0.45990355,0.18121759,0.02243175,0.72603788,-38.01202762,-6.67883410,0.72364698,-37.96889179,-6.63084910,0.00440755,0.00912142,-0.01798835,0.00417342,0.00060192,0.00294847
8.820,-2.28856893,0.12493867,1.51142072,-0.24664372,-0.07117906,-0.09104299,0.09919356,0.02862633,0.03661507,-2.29298343,0.11582213,1.52939048,-0.25081503,-0.07175905,-0.09403907,0.26665427,-38.19767525,-6.70203833,0.46055174,0.18193558,0.02259326,0.72720601,-38.01573967,-6.67944507,0.72485081,-37.97285364,-6.63166109,0.00441450,0.00911654,-0.01796976,0.00417131,0.00057999,0.00299608
8.830,-2.29103040,0.12422832,1.51051213,-0.24565103,-0.07089258,-0.09067656,0.09934478,0.02866997,0.03667089,-2.29545179,0.11511688,1.52846284,-0.24982020,-0.07145050,-0.09372043,0.26716646,-38.20205395,-6.70278975,0.46119081,0.18265291,0.02275495,0.72835727,-38.01940104,-6.68003480,0.72603788,-37.97676519,-6.63245185,0.00442139,0.00911144,-0.01795071,0.00416917,0.00055792,0.00304387
8.840,-2.29348194,0.12352082,1.50960720,-0.24465684,-0.07060566,-0.09030957,0.09949387,0.02871300,0.03672593,-2.29791014,0.11441474,1.52753839,-0.24882384,-0.07114139,-0.09340141,0.26767089,-38.20638186,-6.70352034,0.46181934,0.18336263,0.02291517,0.72949022,-38.02301923,-6.68060516,0.72720601,-37.98063265,-6.63322290,0.00442820,0.00910608,-0.01793119,0.00416700,0.00053573,0.00309184
8.850,-2.29592354,0.12281620,1.50870594,-0.24366116,-0.07031832,-0.08994204,0.09964083,0.02875541,0.03678017,-2.30035846,0.11371571,1.52661716,-0.24782598,-0.07083172,-0.09308201,0.26816758,-38.21065925,-6.70423029,0.46243733,0.18406900,0.02307494,0.73060491,-38.02659025,-6.68115535,0.72835727,-37.98444970,-6.63397289,0.00443492,0.00910049,-0.01791122,0.00416482,0.00051340,0.00313997
8.860,-2.29835516,0.12211446,1.50780836,-0.24266403,-0.07003056,-0.08957397,0.09978564,0.02879720,0.03683363,-2.30279675,0.11301980,1.52569913,-0.24682663,-0.07052149,-0.09276224,0.26865649,-38.21488650,-6.70491982,0.46304662,0.18477189,0.02323424,0.73170311,-38.03011461,-6.68168558,0.72949022,-37.98822383,-6.63470369,0.00444159,0.00909466,-0.01789077,0.00416260,0.00049093,0.00318827
8.870,-2.30077681,0.12141559,1.50691446,-0.24166546,-0.06974238,-0.08920537,0.09992830,0.02883837,0.03688629,-2.30522498,0.11232702,1.52478431,-0.24582582,-0.07021071,-0.09244212,0.26913764,-38.21906408,-6.70558915,0.46364526,0.18546848,0.02339241,0.73278290,-38.03359560,-6.68219674,0.73060491,-37.99195105,-6.63541448,0.00444817,0.00908857,-0.01786985,0.00416036,0.00046833,0.00323675
8.880,-2.30318847,0.12071961,1.50602425,-0.24066547,-0.06945379,-0.08883625,0.10006880,0.02887892,0.03693815,-2.30764315,0.11163736,1.52387271,-0.24482356,-0.06989940,-0.09212163,0.26961100,-38.22319229,-6.70623847,0.46423391,0.18616170,0.02355015,0.73384491,-38.03703059,-6.68268832,0.73170311,-37.99563189,-6.63610550,0.00445468,0.00908225,-0.01784846,0.00415809,0.00044561,0.00328538
8.890,-2.30559012,0.12002652,1.50513774,-0.23966409,-0.06916480,-0.08846661,0.10020713,0.02891884,0.03698921,-2.31005124,0.11095084,1.52296433,-0.24381989,-0.06958755,-0.09180079,0.27007657,-38.22727152,-6.70686801,0.46481296,0.18685123,0.02370740,0.73488953,-38.04042029,-6.68316060,0.73278290,-37.99926960,-6.63677760,0.00446112,0.00907568,-0.01782659,0.00415580,0.00042275,0.00333418
8.900,-2.30798174,0.11933632,1.50425492,-0.23866133,-0.06887542,-0.08809647,0.10034329,0.02895813,0.03703947,-2.31244923,0.11026746,1.52205916,-0.24281482,-0.06927518,-0.09147961,0.27053436,-38.23130220,-6.70747797,0.46538300,0.18753506,0.02386368,0.73591736,-38.04376714,-6.68361429,0.73384491,-38.00286156,-6.63743029,0.00446749,0.00906886,-0.01780424,0.00415349,0.00039976,0.00338314
8.910,-2.31036334,0.11864901,1.50337581,-0.23765723,-0.06858564,-0.08772582,0.10047727,0.02899680,0.03708892,-2.31483712,0.10958723,1.52115723,-0.24180838,-0.06896229,-0.09115810,0.27098435,-38.23528469,-6.70806855,0.46594195,0.18821399,0.02401921,0.73692630,-38.04707070,-6.68404934,0.73488953,-38.00640849,-6.63806383,0.00447378,0.00906178,-0.01778142,0.00415115,0.00037665,0.00343228
8.920,-2.31273488,0.11796461,1.50250041,-0.23665179,-0.06829548,-0.08735469,0.10060906,0.02903483,0.03713757,-2.31721490,0.10891014,1.52025852,-0.24080058,-0.06864888,-0.09083625,0.27142653,-38.23921933,-6.70863998,0.46649235,0.18888998,0.02417444,0.73791888,-38.05032935,-6.68446554,0.73591736,-38.00991280,-6.63867894,0.00448002,0.00905447,-0.01775811,0.00414879,0.00035340,0.00348156
8.930,-2.31509637,0.11728310,1.50162872,-0.23564505,-0.06800495,-0.08698307,0.10073865,0.02907223,0.03718541,-2.31958254,0.10823621,1.51936305,-0.23979144,-0.06833497,-0.09051407,0.27186090,-38.24310660,-6.70919246,0.46703193,0.18955866,0.02432836,0.73889283,-38.05354794,-6.68486410,0.73692630,-38.01337408,-6.63927557,0.00448617,0.00904689,-0.01773433,0.00414639,0.00033002,0.00353100
8.940,-2.31744778,0.11660451,1.50076075,-0.23463703,-0.06771404,-0.08661098,0.10086603,0.02910899,0.03723243,-2.32194003,0.10756543,1.51847081,-0.23878100,-0.06802057,-0.09019158,0.27228742,-38.24694675,-6.70972619,0.46756240,0.19022498,0.02448214,0.73984982,-38.05672177,-6.68524405,0.73791888,-38.01679067,-6.63985349,0.00449225,0.00903908,-0.01771006,0.00414397,0.00030653,0.00358060
8.950,-2.31978911,0.11592882,1.49989650,-0.23362774,-0.06742277,-0.08623843,0.10099120,0.02914511,0.03727863,-2.32428737,0.10689782,1.51758180,-0.23776926,-0.06770567,-0.08986877,0.27270613,-38.25074029,-6.71024139,0.46808261,0.19088435,0.02463471,0.74078874,-38.05985594,-6.68560668,0.73889283,-38.02016745,-6.64041392,0.00449826,0.00903100,-0.01768530,0.00414152,0.00028290,0.00363034
8.960,-2.32212033,0.11525605,1.49903598,-0.23261721,-0.06713114,-0.08586541,0.10111415,0.02918060,0.03732402,-2.32662455,0.10623338,1.51669604,-0.23675625,-0.06739029,-0.08954566,0.27311701,-38.25448749,-6.71073825,0.46859410,0.19154017,0.02478687,0.74171111,-38.06294733,-6.68595139,0.73984982,-38.02349969,-6.64095588,0.00450422,0.00902267,-0.01766006,0.00413904,0.00025915,0.00368025
8.970,-2.32444145,0.11458620,1.49817919,-0.23160547,-0.06683916,-0.08549195,0.10123488,0.02921544,0.03736858,-2.32895154,0.10557211,1.51581352,-0.23574200,-0.06707443,-0.08922225,0.27352006,-38.25818878,-6.71121700,0.46909497,0.19219116,0.02493834,0.74261504,-38.06599763,-6.68627867,0.74078874,-38.02679251,-6.64148067,0.00451009,0.00901409,-0.01763433,0.00413653,0.00023527,0.00373030
8.980,-2.32675244,0.11391927,1.49732614,-0.23059252,-0.06654684,-0.08511805,0.10135337,0.02924963,0.03741232,-2.33126834,0.10491402,1.51493424,-0.23472653,-0.06675811,-0.08889855,0.27391526,-38.26184455,-6.71167784,0.46958689,0.19283721,0.02508910,0.74350215,-38.06900734,-6.68658875,0.74171111,-38.03004276,-6.64198767,0.00451590,0.00900525,-0.01760810,0.00413401,0.00021127,0.00378050
8.990,-2.32905329,0.11325527,1.49647683,-0.22957841,-0.06625417,-0.08474371,0.10146962,0.02928318,0.03745523,-2.33357494,0.10425911,1.51405822,-0.23370984,-0.06644132,-0.08857455,0.27430261,-38.26545513,-6.71212097,0.47006951,0.19347936,0.02523939,0.74437212,-38.07197577,-6.68688158,0.74261504,-38.03325214,-6.64247738,0.00452165,0.00899616,-0.01758139,0.00413143,0.00018715,0.00383084
9.000,-2.33134400,0.11259419,1.49563127,-0.22856314,-0.06596117,-0.08436894,0.10158362,0.02931608,0.03749731,-2.33587132,0.10360739,1.51318544,-0.23269198,-0.06612408,-0.08825028,0.27468211,-38.26902097,-6.71254659,0.47054201,0.19411553,0.02538875,0.74522412,-38.07490544,-6.68715784,0.74350215,-38.03642116,-6.64295002,0.00452732,0.00898680,-0.01755417,0.00412884,0.00016291,0.00388134
9.010,-2.33362455,0.11193604,1.49478945,-0.22754674,-0.06566785,-0.08399376,0.10169536,0.02934832,0.03753855,-2.33815748,0.10295886,1.51231592,-0.23167295,-0.06580639,-0.08792573,0.27505375,-38.27254243,-6.71295493,0.47100507,0.19474555,0.02553713,0.74605882,-38.07779688,-6.68741780,0.74437212,-38.03954910,-6.64340553,0.00453293,0.00897718,-0.01752647,0.00412621,0.00013854,0.00393197
9.020,-2.33589493,0.11128083,1.49395139,-0.22652924,-0.06537421,-0.08361818,0.10180483,0.02937992,0.03757897,-2.34043340,0.10231352,1.51144966,-0.23065279,-0.06548827,-0.08760091,0.27541750,-38.27601981,-6.71334617,0.47145862,0.19537186,0.02568513,0.74687612,-38.08064795,-6.68766104,0.74522412,-38.04263849,-6.64384461,0.00453847,0.00896731,-0.01749827,0.00412355,0.00011406,0.00398273
9.030,-2.33815513,0.11062856,1.49311709,-0.22551065,-0.06508026,-0.08324219,0.10191204,0.02941086,0.03761854,-2.34269908,0.10167138,1.51058665,-0.22963151,-0.06516971,-0.08727583,0.27577342,-38.27945355,-6.71372052,0.47190269,0.19599367,0.02583256,0.74767612,-38.08345988,-6.68788796,0.74605882,-38.04568986,-6.64426751,0.00454395,0.00895718,-0.01746956,0.00412086,0.00008945,0.00403364
9.040,-2.34040514,0.10997923,1.49228655,-0.22449100,-0.06478599,-0.08286581,0.10201696,0.02944114,0.03765727,-2.34495450,0.10103244,1.50972691,-0.22860913,-0.06485073,-0.08695049,0.27612144,-38.28284402,-6.71407819,0.47233715,0.19661030,0.02597927,0.74845859,-38.08623372,-6.68809892,0.74687612,-38.04870106,-6.64467380,0.00454936,0.00894679,-0.01744036,0.00411813,0.00006474,0.00408468
9.050,-2.34264495,0.10933284,1.49145978,-0.22347032,-0.06449143,-0.08248904,0.10211960,0.02947076,0.03769515,-2.34719965,0.10039671,1.50887043,-0.22758567,-0.06453134,-0.08662490,0.27646159,-38.28619161,-6.71441939,0.47276184,0.19722136,0.02612519,0.74922344,-38.08897025,-6.68829420,0.74767612,-38.05167330,-6.64506389,0.00455470,0.00893613,-0.01741065,0.00411535,0.00003991,0.00413586
9.060,-2.34487455,0.10868940,1.49063677,-0.22244862,-0.06419658,-0.08211191,0.10221994,0.02949971,0.03773219,-2.34943453,0.09976419,1.50801721,-0.22656116,-0.06421153,-0.08629907,0.27679385,-38.28949667,-6.71474431,0.47317696,0.19782684,0.02627030,0.74997081,-38.09166983,-6.68847402,0.74845859,-38.05460766,-6.64543814,0.00455998,0.00892521,-0.01738044,0.00411254,0.00001495,0.00418716
9.070,-2.34709392,0.10804891,1.48981754,-0.22142593,-0.06390144,-0.08173440,0.10231797,0.02952801,0.03776838,-2.35165912,0.09913488,1.50716726,-0.22553562,-0.06389133,-0.08597300,0.27711820,-38.29275956,-6.71505316,0.47358322,0.19842786,0.02641489,0.75070142,-38.09433170,-6.68863827,0.74922344,-38.05750489,-6.64579681,0.00456520,0.00891403,-0.01734972,0.00410969,-0.00001011,0.00423860
9.080,-2.34930306,0.10741137,1.48900209,-0.22040227,-0.06360602,-0.08135654,0.10241370,0.02955563,0.03780372,-2.35387341,0.09850879,1.50632059,-0.22450907,-0.06357073,-0.08564669,0.27743468,-38.29598070,-6.71534614,0.47397984,0.19902339,0.02655872,0.75141453,-38.09695731,-6.68878742,0.74997081,-38.06036537,-6.64614013,0.00457035,0.00890258,-0.01731850,0.00410680,-0.00003529,0.00429015
9.090,-2.35150196,0.10677679,1.48819041,-0.21937766,-0.06331033,-0.08097833,0.10250711,0.02958259,0.03783820,-2.35607740,0.09788592,1.50547718,-0.22348152,-0.06324974,-0.08532016,0.27774326,-38.29916040,-6.71562345,0.47436697,0.19961354,0.02670182,0.75211023,-38.09954686,-6.68892163,0.75070142,-38.06318830,-6.64646799,0.00457544,0.00889087,-0.01728677,0.00410386,-0.00006059,0.00434183
9.100,-2.35369061,0.10614517,1.48738252,-0.21835213,-0.06301437,-0.08059978,0.10259820,0.02960888,0.03787182,-2.35827108,0.09726628,1.50463705,-0.22245301,-0.06292838,-0.08499340,0.27804395,-38.30229905,-6.71588529,0.47474456,0.20019924,0.02684443,0.75278851,-38.10209982,-6.68904086,0.75141453,-38.06597516,-6.64678084,0.00458047,0.00887889,-0.01725453,0.00410088,-0.00008599,0.00439362
9.110,-2.35586900,0.10551651,1.48657842,-0.21732571,-0.06271816,-0.08022090,0.10268695,0.02963449,0.03790458,-2.36045443,0.09664986,1.50380019,-0.22142356,-0.06260665,-0.08466644,0.27833671,-38.30539706,-6.71613187,0.47511258,0.20077950,0.02698633,0.75344929,-38.10461756,-6.68914554,0.75211023,-38.06872613,-6.64707886,0.00458543,0.00886665,-0.01722177,0.00409785,-0.00011151,0.00444554
9.120,-2.35803712,0.10489081,1.48577810,-0.21629840,-0.06242169,-0.07984169,0.10277336,0.02965943,0.03793648,-2.36262745,0.09603668,1.50296662,-0.22039318,-0.06228456,-0.08433926,0.27862156,-38.30845478,-6.71636337,0.47547135,0.20135318,0.02712722,0.75409292,-38.10710160,-6.68923615,0.75278851,-38.07144068,-6.64736199,0.00459033,0.00885413,-0.01718852,0.00409478,-0.00013713,0.00449757
9.130,-2.36019497,0.10426807,1.48498158,-0.21527025,-0.06212497,-0.07946217,0.10285743,0.02968369,0.03796751,-2.36479013,0.09542673,1.50213632,-0.21936189,-0.06196211,-0.08401188,0.27889852,-38.31147260,-6.71658002,0.47581988,0.20192096,0.02726732,0.75471841,-38.10955163,-6.68931270,0.75344929,-38.07412017,-6.64763067,0.00459516,0.00884134,-0.01715474,0.00409164,-0.00016286,0.00454971
9.140,-2.36234252,0.10364831,1.48418886,-0.21424126,-0.06182802,-0.07908235,0.10293914,0.02970727,0.03799767,-2.36694246,0.09482002,1.50130930,-0.21832973,-0.06163932,-0.08368431,0.27916755,-38.31445081,-6.71678199,0.47616030,0.20248535,0.02740719,0.75532785,-38.11196546,-6.68937479,0.75409292,-38.07676613,-6.64788536,0.00459994,0.00882829,-0.01712044,0.00408847,-0.00018870,0.00460196
9.150,-2.36447979,0.10303151,1.48339994,-0.21321147,-0.06153083,-0.07870222,0.10301849,0.02973017,0.03802696,-2.36908444,0.09421656,1.50048557,-0.21729670,-0.06131619,-0.08335654,0.27942866,-38.31738987,-6.71696948,0.47648997,0.20304268,0.02754601,0.75591863,-38.11434718,-6.68942348,0.75471841,-38.07937823,-6.64812608,0.00460465,0.00881495,-0.01708563,0.00408523,-0.00021464,0.00465432
9.160,-2.36660675,0.10241769,1.48261482,-0.21218090,-0.06123341,-0.07832181,0.10309546,0.02975238,0.03805537,-2.37121605,0.09361633,1.49966512,-0.21626284,-0.06099273,-0.08302859,0.27968182,-38.32029008,-6.71714271,0.47681085,0.20359549,0.02768435,0.75649267,-38.11669459,-6.68945836,0.75532785,-38.08195428,-6.64835243,0.00460930,0.00880136,-0.01705030,0.00408194,-0.00024068,0.00470678
9.170,-2.36872340,0.10180685,1.48183350,-0.21114957,-0.06093578,-0.07794112,0.10317006,0.02977391,0.03808291,-2.37333729,0.09301936,1.49884796,-0.21522816,-0.06066895,-0.08270046,0.27992707,-38.32315180,-6.71730186,0.47712232,0.20414298,0.02782204,0.75704939,-38.11900882,-6.68947982,0.75591863,-38.08449838,-6.64856544,0.00461389,0.00878749,-0.01701446,0.00407859,-0.00026683,0.00475934
9.180,-2.37082974,0.10119898,1.48105600,-0.21011751,-0.06063794,-0.07756015,0.10324227,0.02979475,0.03810956,-2.37544815,0.09242563,1.49803409,-0.21419269,-0.06034486,-0.08237215,0.28016438,-38.32597547,-6.71744712,0.47742361,0.20468460,0.02795898,0.75758799,-38.12129087,-6.68948815,0.75649267,-38.08700830,-6.64876474,0.00461841,0.00877335,-0.01697809,0.00407518,-0.00029308,0.00481200
9.190,-2.37292575,0.10059409,1.48028230,-0.20908473,-0.06033989,-0.07717893,0.10331209,0.02981490,0.03813534,-2.37754863,0.09183516,1.49722351,-0.21315644,-0.06002046,-0.08204368,0.28039375,-38.32876139,-6.71757870,0.47771595,0.20521984,0.02809502,0.75810970,-38.12354155,-6.68948368,0.75704939,-38.08948519,-6.64895069,0.00462288,0.00875893,-0.01694121,0.00407171,-0.00031943,0.00486475
9.200,-2.37501143,0.09999218,1.47951242,-0.20805127,-0.06004164,-0.07679745,0.10337951,0.02983436,0.03816022,-2.37963872,0.09124794,1.49641622,-0.21211944,-0.05969576,-0.08171505,0.28061519,-38.33150995,-6.71769679,0.47799858,0.20574976,0.02823045,0.75861377,-38.12576019,-6.68946634,0.75758799,-38.09193003,-6.64912357,0.00462729,0.00874424,-0.01690380,0.00406817,-0.00034588,0.00491760
9.210,-2.37708677,0.09939326,1.47874635,-0.20701715,-0.05974320,-0.07641573,0.10344453,0.02985312,0.03818422,-2.38171840,0.09066398,1.49561222,-0.21108171,-0.05937078,-0.08138626,0.28082870,-38.33422147,-6.71780158,0.47827185,0.20627456,0.02836530,0.75910055,-38.12794691,-6.68943627,0.75810970,-38.09434364,-6.64928373,0.00463163,0.00872928,-0.01686587,0.00406456,-0.00037242,0.00497053
9.220,-2.37915177,0.09879732,1.47798410,-0.20598239,-0.05944458,-0.07603377,0.10350712,0.02987118,0.03820733,-2.38378768,0.09008329,1.49481151,-0.21004328,-0.05904552,-0.08105732,0.28103423,-38.33689638,-6.71789326,0.47853516,0.20679285,0.02849928,0.75956939,-38.13010353,-6.68939399,0.75861377,-38.09672533,-6.64943108,0.00463591,0.00871403,-0.01682741,0.00406089,-0.00039906,0.00502355
9.230,-2.38120642,0.09820436,1.47722568,-0.20494702,-0.05914578,-0.07565158,0.10356730,0.02988855,0.03822954,-2.38584655,0.08950585,1.49401410,-0.20900416,-0.05871998,-0.08072824,0.28123184,-38.33953500,-6.71797203,0.47878872,0.20730499,0.02863247,0.76002056,-38.13223001,-6.68933957,0.75910055,-38.09907522,-6.64956577,0.00464013,0.00869851,-0.01678842,0.00405714,-0.00042580,0.00507666
9.240,-2.38325071,0.09761440,1.47647107,-0.20391105,-0.05884681,-0.07526918,0.10362504,0.02990521,0.03825085,-2.38789500,0.08893168,1.49321999,-0.20796437,-0.05839418,-0.08039902,0.28142147,-38.34213767,-6.71803809,0.47903314,0.20781213,0.02876513,0.76045460,-38.13432554,-6.68927296,0.75956939,-38.10139513,-6.64968830,0.00464429,0.00868272,-0.01674892,0.00405332,-0.00045263,0.00512984
9.250,-2.38528464,0.09702743,1.47572029,-0.20287452,-0.05854768,-0.07488657,0.10368035,0.02992117,0.03827127,-2.38993303,0.08836078,1.49242917,-0.20692394,-0.05806813,-0.08006967,0.28160316,-38.34470475,-6.71809161,0.47926765,0.20831370,0.02889715,0.76087081,-38.13639105,-6.68919446,0.76002056,-38.10368503,-6.64979876,0.00464839,0.00866665,-0.01670888,0.00404942,-0.00047955,0.00518310
9.260,-2.38730820,0.09644345,1.47497334,-0.20183745,-0.05824839,-0.07450376,0.10373321,0.02993643,0.03829078,-2.39196062,0.08779316,1.49164165,-0.20588290,-0.05774183,-0.07974019,0.28177688,-38.34723662,-6.71813279,0.47949264,0.20880937,0.02902846,0.76126952,-38.13842725,-6.68910433,0.76045460,-38.10594407,-6.64989709,0.00465242,0.00865029,-0.01666831,0.00404545,-0.00050656,0.00523643
9.270,-2.38932139,0.09586246,1.47423022,-0.20079987,-0.05794896,-0.07412076,0.10378361,0.02995098,0.03830939,-2.39397779,0.08722880,1.49085744,-0.20484125,-0.05741530,-0.07941059,0.28194262,-38.34973364,-6.71816183,0.47970756,0.20929845,0.02915891,0.76165018,-38.14043519,-6.68900292,0.76087081,-38.10817320,-6.64998357,0.00465640,0.00863366,-0.01662722,0.00404138,-0.00053366,0.00528983
9.280,-2.39132420,0.09528447,1.47349093,-0.19976179,-0.05764938,-0.07373757,0.10383156,0.02996481,0.03832709,-2.39598451,0.08666772,1.49007652,-0.20379903,-0.05708853,-0.07908088,0.28210042,-38.35219614,-6.71817890,0.47991303,0.20978254,0.02928887,0.76201346,-38.14241360,-6.68889003,0.76126952,-38.11037313,-6.65005847,0.00466031,0.00861675,-0.01658559,0.00403724,-0.00056085,0.00534331
9.290,-2.39331662,0.09470947,1.47275547,-0.19872324,-0.05734966,-0.07335422,0.10387704,0.02997794,0.03834387,-2.39798079,0.08610991,1.48929890,-0.20275626,-0.05676155,-0.07875105,0.28225025,-38.35462450,-6.71818420,0.48010930,0.21025939,0.02941782,0.76235954,-38.14436511,-6.68876638,0.76165018,-38.11254489,-6.65012213,0.00466417,0.00859956,-0.01654343,0.00403302,-0.00058811,0.00539683
9.300,-2.39529866,0.09413748,1.47202384,-0.19768426,-0.05704982,-0.07297070,0.10392004,0.02999035,0.03835975,-2.39996662,0.08555538,1.48852459,-0.20171296,-0.05643435,-0.07842112,0.28239209,-38.35701900,-6.71817792,0.48029512,0.21073184,0.02954644,0.76268721,-38.14628717,-6.68863147,0.76201346,-38.11468722,-6.65017436,0.00466796,0.00858210,-0.01650075,0.00402870,-0.00061547,0.00545042
9.310,-2.39727031,0.09356848,1.47129606,-0.19664485,-0.05674986,-0.07258703,0.10396056,0.03000204,0.03837470,-2.40194200,0.08500413,1.48775358,-0.20066915,-0.05610696,-0.07809110,0.28252596,-38.35938010,-6.71816024,0.48047103,0.21119781,0.02967427,0.76299699,-38.14818229,-6.68848597,0.76235954,-38.11680272,-6.65021587,0.00467169,0.00856435,-0.01645752,0.00402430,-0.00064290,0.00550407
9.320,-2.39923155,0.09300248,1.47057210,-0.19560505,-0.05644978,-0.07220321,0.10399859,0.03001302,0.03838874,-2.40390692,0.08445617,1.48698587,-0.19962485,-0.05577936,-0.07776098,0.28265185,-38.36170807,-6.71813133,0.48063819,0.21165649,0.02980107,0.76329004,-38.15005158,-6.68833027,0.76268721,-38.11888887,-6.65024616,0.00467537,0.00854631,-0.01641377,0.00401980,-0.00067042,0.00555777
9.330,-2.40118240,0.09243948,1.46985199,-0.19456489,-0.05614960,-0.07181925,0.10403412,0.03002327,0.03840186,-2.40586138,0.08391149,1.48622147,-0.19858009,-0.05545159,-0.07743077,0.28276976,-38.36400330,-6.71809141,0.48079457,0.21210962,0.02992731,0.76356433,-38.15189368,-6.68816410,0.76299699,-38.12094816,-6.65026589,0.00467898,0.00852799,-0.01636948,0.00401520,-0.00069801,0.00561152
9.340,-2.40312285,0.09187949,1.46913572,-0.19352438,-0.05584932,-0.07143517,0.10406714,0.03003280,0.03841405,-2.40780537,0.08337009,1.48546038,-0.19753489,-0.05512363,-0.07710048,0.28287967,-38.36626609,-6.71804064,0.48094090,0.21255785,0.03005313,0.76382057,-38.15370824,-6.68798750,0.76329004,-38.12298170,-6.65027546,0.00468252,0.00850940,-0.01632466,0.00401051,-0.00072569,0.00566531
9.350,-2.40505289,0.09132250,1.46842329,-0.19248355,-0.05554895,-0.07105098,0.10409765,0.03004160,0.03842531,-2.40973889,0.08283198,1.48470259,-0.19648927,-0.05479551,-0.07677012,0.28298160,-38.36849683,-6.71797920,0.48107752,0.21299918,0.03017807,0.76405912,-38.15549765,-6.68780114,0.76356433,-38.12498810,-6.65027458,0.00468600,0.00849052,-0.01627930,0.00400572,-0.00075344,0.00571914
9.360,-2.40697252,0.09076851,1.46771470,-0.19144244,-0.05524849,-0.07066667,0.10412565,0.03004968,0.03843564,-2.41166194,0.08229715,1.48394810,-0.19544326,-0.05446724,-0.07643969,0.28307557,-38.37069584,-6.71790729,0.48120399,0.21343359,0.03030212,0.76427957,-38.15726225,-6.68760517,0.76382057,-38.12696704,-6.65026331,0.00468942,0.00847136,-0.01623340,0.00400082,-0.00078125,0.00577302
9.370,-2.40888174,0.09021753,1.46700996,-0.19040105,-0.05494795,-0.07028227,0.10415111,0.03005703,0.03844504,-2.41357452,0.08176562,1.48319692,-0.19439687,-0.05413881,-0.07610919,0.28316152,-38.37286346,-6.71782507,0.48132040,0.21386308,0.03042578,0.76448191,-38.15900038,-6.68739929,0.76405912,-38.12892089,-6.65024229,0.00469278,0.00845191,-0.01618696,0.00399582,-0.00080914,0.00582692
9.380,-2.41078054,0.08966955,1.46630906,-0.18935942,-0.05464735,-0.06989777,0.10417403,0.03006365,0.03845350,-2.41547662,0.08123737,1.48244905,-0.19335013,-0.05381024,-0.07577863,0.28323945,-38.37500006,-6.71773274,0.48142703,0.21428493,0.03054839,0.76466648,-38.16071513,-6.68718435,0.76427957,-38.13084998,-6.65021169,0.00469608,0.00843218,-0.01613999,0.00399071,-0.00083711,0.00588086
9.390,-2.41266893,0.08912458,1.46561200,-0.18831758,-0.05434668,-0.06951320,0.10419442,0.03006953,0.03846103,-2.41736824,0.08071242,1.48170449,-0.19230307,-0.05348154,-0.07544802,0.28330942,-38.37710595,-6.71763046,0.48152290,0.21470068,0.03067033,0.76483232,-38.16240527,-6.68696013,0.76448191,-38.13275266,-6.65017120,0.00469931,0.00841216,-0.01609249,0.00398549,-0.00086514,0.00593482
9.400,-2.41454689,0.08858262,1.46491879,-0.18727554,-0.05404596,-0.06912856,0.10421225,0.03007468,0.03846761,-2.41924938,0.08019076,1.48096324,-0.19125570,-0.05315272,-0.07511736,0.28337136,-38.37918146,-6.71751843,0.48160955,0.21511083,0.03079173,0.76498092,-38.16407062,-6.68672670,0.76466648,-38.13463200,-6.65012166,0.00470249,0.00839186,-0.01604445,0.00398016,-0.00089324,0.00598880
9.410,-2.41641444,0.08804366,1.46422943,-0.18623334,-0.05374519,-0.06874385,0.10422752,0.03007908,0.03847325,-2.42112003,0.07967239,1.48022529,-0.19020805,-0.05282378,-0.07478666,0.28342529,-38.38122699,-6.71739681,0.48168496,0.21551371,0.03091220,0.76511025,-38.16571328,-6.68648461,0.76483232,-38.13648678,-6.65006286,0.00470559,0.00837127,-0.01599586,0.00397471,-0.00092141,0.00604281
9.420,-2.41827156,0.08750771,1.46354391,-0.18519100,-0.05344438,-0.06835909,0.10424023,0.03008275,0.03847794,-2.42298019,0.07915731,1.47949066,-0.18916014,-0.05249475,-0.07445592,0.28347123,-38.38324280,-6.71726579,0.48175069,0.21590994,0.03103189,0.76522192,-38.16733286,-6.68623390,0.76498092,-38.13831681,-6.64999485,0.00470863,0.00835040,-0.01594675,0.00396914,-0.00094963,0.00609683
9.430,-2.42011826,0.08697477,1.46286225,-0.18414855,-0.05314354,-0.06797430,0.10425037,0.03008568,0.03848168,-2.42482987,0.07864553,1.47875933,-0.18811200,-0.05216561,-0.07412515,0.28350917,-38.38522925,-6.71712553,0.48180572,0.21630083,0.03115113,0.76531489,-38.16892843,-6.68597441,0.76511025,-38.14012417,-6.64991819,0.00471161,0.00832924,-0.01589708,0.00396345,-0.00097793,0.00615085
9.440,-2.42195453,0.08644484,1.46218443,-0.18310600,-0.05284267,-0.06758946,0.10425792,0.03008786,0.03848447,-2.42666905,0.07813704,1.47803131,-0.18706365,-0.05183640,-0.07379435,0.28353906,-38.38718669,-6.71697622,0.48185092,0.21668506,0.03126959,0.76538998,-38.17050162,-6.68570663,0.76522192,-38.14190849,-6.64983292,0.00471452,0.00830780,-0.01584688,0.00395765,-0.00100627,0.00620489
9.450,-2.42378038,0.08591792,1.46151046,-0.18206340,-0.05254179,-0.06720461,0.10426288,0.03008929,0.03848630,-2.42849775,0.07763185,1.47730660,-0.18601511,-0.05150710,-0.07346353,0.28356094,-38.38911543,-6.71681803,0.48188509,0.21706287,0.03138735,0.76544602,-38.17205256,-6.68543069,0.76531489,-38.14366882,-6.64973887,0.00471737,0.00828607,-0.01579614,0.00395171,-0.00103469,0.00625892
9.460,-2.42559580,0.08539401,1.46084034,-0.18102075,-0.05224089,-0.06681974,0.10426525,0.03008997,0.03848717,-2.43031595,0.07712995,1.47658520,-0.18496640,-0.05117774,-0.07313270,0.28357480,-38.39101581,-6.71665113,0.48190922,0.21743464,0.03150449,0.76548403,-38.17358117,-6.68514664,0.76538998,-38.14540679,-6.64963653,0.00472015,0.00826406,-0.01574486,0.00394565,-0.00106315,0.00631296
9.470,-2.42740079,0.08487310,1.46017406,-0.17997810,-0.05193999,-0.06643487,0.10426502,0.03008990,0.03848709,-2.43212366,0.07663135,1.47586710,-0.18391756,-0.05084833,-0.07280185,0.28358065,-38.39288819,-6.71647569,0.48192292,0.21779757,0.03162036,0.76550357,-38.17509062,-6.68485533,0.76544602,-38.14712252,-6.64952602,0.00472287,0.00824175,-0.01569304,0.00393946,-0.00109166,0.00636698
9.480,-2.42919536,0.08435521,1.45951164,-0.17893546,-0.05163909,-0.06605000,0.10426217,0.03008908,0.03848604,-2.43392088,0.07613605,1.47515232,-0.18286860,-0.05051886,-0.07247101,0.28357845,-38.39473282,-6.71629189,0.48192562,0.21815670,0.03173619,0.76550408,-38.17657611,-6.68455570,0.76548403,-38.14881594,-6.64940741,0.00472552,0.00821916,-0.01564068,0.00393314,-0.00112023,0.00642101
9.490,-2.43097950,0.08384032,1.45885306,-0.17789286,-0.05133821,-0.06566515,0.10425671,0.03008751,0.03848402,-2.43570760,0.07564404,1.47444084,-0.18181954,-0.05018936,-0.07214016,0.28356825,-38.39655009,-6.71609988,0.48191793,0.21850688,0.03185071,0.76548618,-38.17804321,-6.68424917,0.76550357,-38.15049019,-6.64928152,0.00472810,0.00819628,-0.01558778,0.00392668,-0.00114885,0.00647501
9.500,-2.43275322,0.08332844,1.45819834,-0.17685034,-0.05103735,-0.06528033,0.10424862,0.03008517,0.03848103,-2.43748383,0.07515532,1.47373267,-0.18077042,-0.04985983,-0.07180932,0.28354999,-38.39834032,-6.71589986,0.48189893,0.21885143,0.03196477,0.76544892,-38.17948889,-6.68393509,0.76550408,-38.15214050,-6.64914731,0.00473061,0.00817312,-0.01553433,0.00392008,-0.00117752,0.00652899
9.510,-2.43451651,0.08281957,1.45754746,-0.17580790,-0.05073651,-0.06489553,0.10423789,0.03008208,0.03847708,-2.43924957,0.07466991,1.47302781,-0.17972125,-0.04953028,-0.07147849,0.28352369,-38.40010380,-6.71569197,0.48186974,0.21918914,0.03207804,0.76539343,-38.18091466,-6.68361393,0.76548618,-38.15377239,-6.64900617,0.00473306,0.00814966,-0.01548035,0.00391335,-0.00120623,0.00658296
9.520,-2.43626938,0.08231371,1.45690043,-0.17476559,-0.05043571,-0.06451079,0.10422453,0.03007822,0.03847214,-2.44100481,0.07418779,1.47232626,-0.17867206,-0.04920072,-0.07114767,0.28348937,-38.40184087,-6.71547639,0.48182932,0.21952036,0.03219063,0.76531869,-38.18232051,-6.68328576,0.76544892,-38.15538287,-6.64885748,0.00473543,0.00812592,-0.01542583,0.00390647,-0.00123499,0.00663688
9.530,-2.43801182,0.08181086,1.45625724,-0.17372342,-0.05013495,-0.06412609,0.10420852,0.03007360,0.03846623,-2.44274957,0.07370896,1.47162802,-0.17762288,-0.04887116,-0.07081688,0.28344700,-38.40355184,-6.71525329,0.48177871,0.21984477,0.03230247,0.76522571,-38.18370706,-6.68295082,0.76539343,-38.15697342,-6.64870168,0.00473775,0.00810190,-0.01537078,0.00389946,-0.00126379,0.00669079
9.540,-2.43974384,0.08131101,1.45561790,-0.17268143,-0.04983424,-0.06374147,0.10418985,0.03006821,0.03845934,-2.44448383,0.07323343,1.47093308,-0.17657372,-0.04854161,-0.07048612,0.28339658,-38.40523706,-6.71502282,0.48171695,0.22016129,0.03241330,0.76511353,-38.18507577,-6.68260952,0.76531869,-38.15854403,-6.64853885,0.00473999,0.00807758,-0.01531518,0.00389229,-0.00129263,0.00674465
9.550,-2.44146545,0.08081417,1.45498241,-0.17163963,-0.04953358,-0.06335691,0.10416851,0.03006205,0.03845146,-2.44620760,0.07276120,1.47024145,-0.17552462,-0.04821208,-0.07015538,0.28333809,-38.40689682,-6.71478516,0.48164357,0.22047203,0.03252364,0.76498166,-38.18642479,-6.68226152,0.76522571,-38.16009532,-6.64836923,0.00474215,0.00805297,-0.01525904,0.00388499,-0.00132150,0.00679847
9.560,-2.44317664,0.08032034,1.45435076,-0.17059806,-0.04923300,-0.06297244,0.10414451,0.03005513,0.03844260,-2.44792089,0.07229226,1.46955312,-0.17447559,-0.04788258,-0.06982469,0.28327157,-38.40853140,-6.71454046,0.48155935,0.22077584,0.03263321,0.76483093,-38.18775556,-6.68190725,0.76511353,-38.16162873,-6.64819322,0.00474425,0.00802808,-0.01520236,0.00387753,-0.00135042,0.00685225
9.570,-2.44487741,0.07982951,1.45372296,-0.16955675,-0.04893248,-0.06258806,0.10411782,0.03004743,0.03843275,-2.44962369,0.07182661,1.46886810,-0.17342667,-0.04755312,-0.06949404,0.28319697,-38.41014118,-6.71428889,0.48146433,0.22107253,0.03274198,0.76466130,-38.18906864,-6.68154691,0.76498166,-38.16314242,-6.64801048,0.00474628,0.00800290,-0.01514514,0.00386992,-0.00137936,0.00690598
9.580,-2.44656777,0.07934169,1.45309900,-0.16851572,-0.04863205,-0.06220379,0.10408845,0.03003895,0.03842191,-2.45131600,0.07136426,1.46818638,-0.17237787,-0.04722371,-0.06916343,0.28311432,-38.41172643,-6.71403061,0.48135798,0.22136270,0.03285009,0.76447230,-38.19036372,-6.68118052,0.76483093,-38.16463782,-6.64782143,0.00474823,0.00797743,-0.01508738,0.00386215,-0.00140834,0.00695964
9.590,-2.44824773,0.07885687,1.45247889,-0.16747499,-0.04833171,-0.06181963,0.10405639,0.03002970,0.03841008,-2.45299783,0.07090519,1.46750797,-0.17132922,-0.04689436,-0.06883288,0.28302362,-38.41328747,-6.71376577,0.48123969,0.22164585,0.03295744,0.76426331,-38.19164161,-6.68080834,0.76466130,-38.16611549,-6.64762629,0.00475010,0.00795168,-0.01502908,0.00385423,-0.00143735,0.00701325
9.600,-2.44991727,0.07837506,1.45186261,-0.16643460,-0.04803146,-0.06143559,0.10402162,0.03001966,0.03839724,-2.45466919,0.07044942,1.46683286,-0.17028075,-0.04656508,-0.06850239,0.28292482,-38.41482460,-6.71349455,0.48111121,0.22192246,0.03306411,0.76403603,-38.19290214,-6.68043044,0.76447230,-38.16757511,-6.64742506,0.00475192,0.00792564,-0.01497025,0.00384615,-0.00146638,0.00706680
9.610,-2.45157642,0.07789624,1.45125017,-0.16539457,-0.04773132,-0.06105169,0.10398415,0.03000885,0.03838341,-2.45633006,0.06999694,1.46616106,-0.16923249,-0.04623587,-0.06817197,0.28281798,-38.41633815,-6.71321708,0.48097027,0.22218988,0.03316952,0.76378825,-38.19414827,-6.68004757,0.76426331,-38.16901748,-6.64721800,0.00475364,0.00789930,-0.01491089,0.00383792,-0.00149545,0.00712028
9.620,-2.45322517,0.07742043,1.45064158,-0.16435492,-0.04743129,-0.06066792,0.10394396,0.02999725,0.03836858,-2.45798047,0.06954774,1.46549255,-0.16818444,-0.04590676,-0.06784161,0.28270304,-38.41782840,-6.71293354,0.48081813,0.22245281,0.03327477,0.76352117,-38.19537560,-6.67965877,0.76403603,-38.17044243,-6.64700517,0.00475530,0.00787269,-0.01485097,0.00382952,-0.00152453,0.00717369
9.630,-2.45486352,0.07694762,1.45003681,-0.16331570,-0.04713138,-0.06028432,0.10390104,0.02998486,0.03835273,-2.45962040,0.06910184,1.46482735,-0.16713666,-0.04557774,-0.06751132,0.28258001,-38.41929567,-6.71264408,0.48065475,0.22270723,0.03337890,0.76323477,-38.19658844,-6.67926518,0.76378825,-38.17185292,-6.64678733,0.00475688,0.00784578,-0.01479054,0.00382096,-0.00155364,0.00722700
9.640,-2.45649148,0.07647780,1.44943589,-0.16227691,-0.04683159,-0.05990087,0.10385540,0.02997169,0.03833588,-2.46124987,0.06865922,1.46416544,-0.16608915,-0.04524883,-0.06718112,0.28244893,-38.42074026,-6.71234885,0.48047983,0.22295448,0.03348226,0.76292876,-38.19778577,-6.67886659,0.76352117,-38.17324454,-6.64656352,0.00475839,0.00781858,-0.01472955,0.00381224,-0.00158276,0.00728025
9.650,-2.45810906,0.07601099,1.44883880,-0.16123860,-0.04653194,-0.05951760,0.10380701,0.02995773,0.03831802,-2.46286887,0.06821988,1.46350683,-0.16504194,-0.04492005,-0.06685100,0.28230973,-38.42216242,-6.71204800,0.48029277,0.22319629,0.03358524,0.76260250,-38.19896613,-6.67846276,0.76323477,-38.17462160,-6.64633487,0.00475981,0.00779111,-0.01466803,0.00380334,-0.00161189,0.00733340
9.660,-2.45971626,0.07554716,1.44824554,-0.16020078,-0.04623244,-0.05913452,0.10375588,0.02994297,0.03829915,-2.46447741,0.06778382,1.46285153,-0.16399506,-0.04459139,-0.06652096,0.28216246,-38.42356255,-6.71174168,0.48009388,0.22342797,0.03368674,0.76225633,-38.20013458,-6.67805494,0.76292876,-38.17598307,-6.64610115,0.00476115,0.00776334,-0.01460599,0.00379428,-0.00164105,0.00738644
9.670,-2.46131308,0.07508634,1.44765611,-0.15916349,-0.04593309,-0.05875162,0.10370199,0.02992742,0.03827926,-2.46607550,0.06735105,1.46219951,-0.16294854,-0.04426287,-0.06619103,0.28200707,-38.42494084,-6.71143005,0.47988358,0.22365517,0.03378810,0.76189065,-38.20128567,-6.67764195,0.76260250,-38.17732748,-6.64586215,0.00476242,0.00773529,-0.01454340,0.00378505,-0.00167022,0.00743941
9.680,-2.46289953,0.07462850,1.44707050,-0.15812675,-0.04563389,-0.05836893,0.10364535,0.02991107,0.03825835,-2.46766314,0.06692156,1.46155080,-0.16190240,-0.04393450,-0.06586119,0.28184361,-38.42629766,-6.71111326,0.47966135,0.22387247,0.03388804,0.76150495,-38.20242519,-6.67722522,0.76225633,-38.17865989,-6.64561910,0.00476361,0.00770694,-0.01448030,0.00377565,-0.00169939,0.00749226
9.690,-2.46447561,0.07417366,1.44648873,-0.15709059,-0.04533487,-0.05798646,0.10358593,0.02989393,0.03823642,-2.46924034,0.06649534,1.46090537,-0.16085666,-0.04360629,-0.06553146,0.28167201,-38.42763324,-6.71079146,0.47942765,0.22408482,0.03398774,0.76109966,-38.20354843,-6.67680371,0.76189065,-38.17997484,-6.64537082,0.00476473,0.00767832,-0.01441664,0.00376607,-0.00172858,0.00754500
9.700,-2.46604134,0.07372180,1.44591077,-0.15605504,-0.04503602,-0.05760421,0.10352374,0.02987598,0.03821346,-2.47080709,0.06607240,1.46026324,-0.15981136,-0.04327825,-0.06520183,0.28149232,-38.42894795,-6.71046478,0.47918117,0.22428731,0.03408604,0.76067349,-38.20466064,-6.67637874,0.76150495,-38.18127813,-6.64511874,0.00476575,0.00764940,-0.01435247,0.00375632,-0.00175777,0.00759762
9.710,-2.46759672,0.07327294,1.44533664,-0.15502013,-0.04473735,-0.05722219,0.10345876,0.02985723,0.03818948,-2.47236341,0.06565273,1.45962441,-0.15876652,-0.04295039,-0.06487232,0.28130450,-38.43024199,-6.71013339,0.47892244,0.22448527,0.03418421,0.76022694,-38.20575672,-6.67594918,0.76109966,-38.18256502,-6.64486181,0.00476669,0.00762021,-0.01428777,0.00374639,-0.00178696,0.00765013
9.720,-2.46914175,0.07282706,1.44476633,-0.15398587,-0.04443888,-0.05684042,0.10339099,0.02983767,0.03816446,-2.47390930,0.06523633,1.45898886,-0.15772217,-0.04262272,-0.06454294,0.28110857,-38.43151571,-6.70979743,0.47865199,0.22467480,0.03428132,0.75976056,-38.20684091,-6.67551611,0.76067349,-38.18384078,-6.64460136,0.00476755,0.00759073,-0.01422253,0.00373630,-0.00181616,0.00770252
9.730,-2.47067644,0.07238416,1.44419983,-0.15295232,-0.04414060,-0.05645891,0.10332042,0.02981730,0.03813841,-2.47544477,0.06482321,1.45835660,-0.15667833,-0.04229526,-0.06421367,0.28090451,-38.43276939,-6.70945703,0.47836919,0.22485590,0.03437736,0.75927370,-38.20791349,-6.67507966,0.76022694,-38.18510029,-6.64433624,0.00476833,0.00756095,-0.01415677,0.00372601,-0.00184534,0.00775476
9.740,-2.47220080,0.07194424,1.44363715,-0.15191948,-0.04384253,-0.05607766,0.10324705,0.02979613,0.03811133,-2.47696982,0.06441334,1.45772763,-0.15563502,-0.04196800,-0.06388454,0.28069234,-38.43400329,-6.70911234,0.47807401,0.22502973,0.03447264,0.75876635,-38.20897356,-6.67463970,0.75976056,-38.18634779,-6.64406754,0.00476902,0.00753090,-0.01409048,0.00371554,-0.00187453,0.00780688
9.750,-2.47371483,0.07150731,1.44307828,-0.15088738,-0.04354468,-0.05569669,0.10317086,0.02977414,0.03808320,-2.47848446,0.06400674,1.45710194,-0.15459229,-0.04164097,-0.06355554,0.28047201,-38.43521769,-6.70876351,0.47776705,0.22519762,0.03456746,0.75823907,-38.21002006,-6.67419605,0.75927370,-38.18758356,-6.64379539,0.00476963,0.00750057,-0.01402366,0.00370491,-0.00190371,0.00785885
9.760,-2.47521855,0.07107335,1.44252321,-0.14985607,-0.04324705,-0.05531600,0.10309185,0.02975134,0.03805404,-2.47998870,0.06360341,1.45647954,-0.15355015,-0.04131417,-0.06322669,0.28024356,-38.43641288,-6.70841067,0.47744691,0.22535622,0.03466102,0.75769047,-38.21105666,-6.67374965,0.75876635,-38.18880667,-6.64351964,0.00477015,0.00746994,-0.01395633,0.00369408,-0.00193288,0.00791069
9.770,-2.47671195,0.07064236,1.44197196,-0.14882556,-0.04294966,-0.05493561,0.10301001,0.02972772,0.03802383,-2.48148254,0.06320333,1.45586042,-0.15250862,-0.04098762,-0.06289797,0.28000696,-38.43758917,-6.70805397,0.47711514,0.22550741,0.03475379,0.75712209,-38.21208176,-6.67330018,0.75823907,-38.19001609,-6.64324014,0.00477059,0.00743903,-0.01388846,0.00368306,-0.00196204,0.00796236
9.780,-2.47819506,0.07021435,1.44142450,-0.14779588,-0.04265250,-0.05455553,0.10292533,0.02970328,0.03799257,-2.48296599,0.06280650,1.45524459,-0.15146775,-0.04066132,-0.06256941,0.27976219,-38.43874678,-6.70769354,0.47677001,0.22565139,0.03484580,0.75653220,-38.21309539,-6.67284775,0.75769047,-38.19121545,-6.64295779,0.00477093,0.00740785,-0.01382009,0.00367187,-0.00199118,0.00801388
9.790,-2.47966787,0.06978931,1.44088085,-0.14676706,-0.04235559,-0.05417576,0.10283781,0.02967803,0.03796027,-2.48443906,0.06241293,1.45463203,-0.15042755,-0.04033529,-0.06224101,0.27950929,-38.43988600,-6.70732952,0.47641284,0.22578860,0.03493716,0.75592212,-38.21409740,-6.67239236,0.75712209,-38.19240317,-6.64267229,0.00477119,0.00737638,-0.01375118,0.00366049,-0.00202030,0.00806525
9.800,-2.48113040,0.06936724,1.44034099,-0.14573913,-0.04205894,-0.05379632,0.10274744,0.02965195,0.03792691,-2.48590176,0.06202261,1.45402275,-0.14938806,-0.04000953,-0.06191276,0.27924823,-38.44100711,-6.70696205,0.47604268,0.22591799,0.03502764,0.75529091,-38.21508912,-6.67193441,0.75653220,-38.19357927,-6.64238373,0.00477136,0.00734463,-0.01368176,0.00364893,-0.00204941,0.00811644
9.810,-2.48258266,0.06894813,1.43980492,-0.14471212,-0.04176256,-0.05341723,0.10265421,0.02962504,0.03789249,-2.48735409,0.06163553,1.45341674,-0.14834929,-0.03968406,-0.06158468,0.27897900,-38.44211041,-6.70659126,0.47565932,0.22603846,0.03511695,0.75463832,-38.21607195,-6.67147431,0.75592212,-38.19474358,-6.64209214,0.00477143,0.00731260,-0.01361182,0.00363717,-0.00207850,0.00816745
9.820,-2.48402465,0.06853199,1.43927264,-0.14368606,-0.04146645,-0.05303848,0.10255811,0.02959731,0.03785702,-2.48879606,0.06125170,1.45281401,-0.14731128,-0.03935888,-0.06125677,0.27870159,-38.44319611,-6.70621728,0.47526351,0.22615266,0.03520574,0.75396510,-38.21704345,-6.67101154,0.75529091,-38.19589744,-6.64179789,0.00477141,0.00728029,-0.01354137,0.00362522,-0.00210757,0.00821829
9.830,-2.48545638,0.06811880,1.43874415,-0.14266097,-0.04117061,-0.05266009,0.10245913,0.02956874,0.03782049,-2.49022768,0.06087110,1.45221455,-0.14627406,-0.03903401,-0.06092903,0.27841599,-38.44426455,-6.70584025,0.47485514,0.22625804,0.03529341,0.75327112,-38.21800650,-6.67054684,0.75463832,-38.19704225,-6.64150139,0.00477130,0.00724770,-0.01347040,0.00361309,-0.00213660,0.00826894
9.840,-2.48687787,0.06770858,1.43821944,-0.14163688,-0.04087507,-0.05228207,0.10235728,0.02953935,0.03778289,-2.49164897,0.06049375,1.45161837,-0.14523765,-0.03870947,-0.06060148,0.27812223,-38.44531589,-6.70546030,0.47443344,0.22635751,0.03538065,0.75255568,-38.21895838,-6.67007965,0.75396510,-38.19817554,-6.64120213,0.00477110,0.00721483,-0.01339893,0.00360077,-0.00216560,0.00831941
9.850,-2.48828912,0.06730130,1.43769850,-0.14061383,-0.04057983,-0.05190443,0.10225253,0.02950912,0.03774422,-2.49305992,0.06011962,1.45102545,-0.14420208,-0.03838525,-0.06027411,0.27782026,-38.44635051,-6.70507755,0.47399892,0.22644620,0.03546628,0.75181918,-38.21990431,-6.66961127,0.75327112,-38.19930021,-6.64090083,0.00477080,0.00718168,-0.01332695,0.00358825,-0.00219458,0.00836968
9.860,-2.48969015,0.06689698,1.43718135,-0.13959184,-0.04028489,-0.05152719,0.10214489,0.02947806,0.03770449,-2.49446056,0.05974872,1.45043579,-0.14316738,-0.03806137,-0.05994693,0.27751011,-38.44736859,-6.70469215,0.47355094,0.22652983,0.03555170,0.75106105,-38.22083876,-6.66914044,0.75255568,-38.20041351,-6.64059696,0.00477041,0.00714826,-0.01325444,0.00357554,-0.00222352,0.00841974
9.870,-2.49108097,0.06649560,1.43666796,-0.13857094,-0.03999027,-0.05115035,0.10203434,0.02944615,0.03766368,-2.49585088,0.05938105,1.44984940,-0.14213358,-0.03773785,-0.05961995,0.27719175,-38.44837045,-6.70430420,0.47308941,0.22660341,0.03563571,0.75028116,-38.22176704,-6.66866850,0.75181918,-38.20152068,-6.64029177,0.00476991,0.00711455,-0.01318144,0.00356264,-0.00225242,0.00846960
9.880,-2.49246157,0.06609717,1.43615834,-0.13755116,-0.03969597,-0.05077392,0.10192088,0.02941341,0.03762180,-2.49723090,0.05901660,1.44926627,-0.14110071,-0.03741468,-0.05929317,0.27686518,-38.44935628,-6.70391385,0.47261602,0.22667039,0.03571911,0.74948120,-38.22268589,-6.66819474,0.75106105,-38.20261617,-6.63998403,0.00476933,0.00708057,-0.01310793,0.00354955,-0.00228129,0.00851925
9.890,-2.49383199,0.06570168,1.43565248,-0.13653254,-0.03940201,-0.05039792,0.10180451,0.02937982,0.03757884,-2.49860063,0.05865536,1.44868641,-0.14006879,-0.03709189,-0.05896659,0.27653042,-38.45032639,-6.70352122,0.47212826,0.22672886,0.03580146,0.74865868,-38.22359753,-6.66771975,0.75028116,-38.20370528,-6.63967507,0.00476864,0.00704632,-0.01303393,0.00353625,-0.00231012,0.00856867
9.900,-2.49519223,0.06530913,1.43515038,-0.13551508,-0.03910838,-0.05002235,0.10168520,0.02934539,0.03753481,-2.49996008,0.05829734,1.44810979,-0.13903785,-0.03676949,-0.05864022,0.27618740,-38.45128099,-6.70312642,0.47162732,0.22678010,0.03588308,0.74781472,-38.22450090,-6.66724334,0.74948120,-38.20478475,-6.63936418,0.00476785,0.00701179,-0.01295941,0.00352277,-0.00233889,0.00861787
9.910,-2.49654230,0.06491951,1.43465203,-0.13449884,-0.03881510,-0.04964722,0.10156296,0.02931012,0.03748968,-2.50130926,0.05794253,1.44753644,-0.13800793,-0.03644748,-0.05831407,0.27583617,-38.45222037,-6.70272958,0.47111294,0.22682236,0.03596353,0.74694911,-38.22539801,-6.66676605,0.74865868,-38.20585680,-6.63905194,0.00476696,0.00697698,-0.01288441,0.00350909,-0.00236762,0.00866685
9.920,-2.49788221,0.06453283,1.43415743,-0.13348383,-0.03852218,-0.04927256,0.10143778,0.02927399,0.03744347,-2.50264818,0.05759092,1.44696634,-0.13697904,-0.03612588,-0.05798814,0.27547671,-38.45314475,-6.70233084,0.47058551,0.22685804,0.03604339,0.74606223,-38.22628671,-6.66628745,0.74781472,-38.20692036,-6.63873817,0.00476597,0.00694191,-0.01280891,0.00349521,-0.00239630,0.00871558
9.930,-2.49921198,0.06414907,1.43366658,-0.13247010,-0.03822962,-0.04889836,0.10130965,0.02923701,0.03739618,-2.50397686,0.05724250,1.44639948,-0.13595123,-0.03580469,-0.05766243,0.27510901,-38.45405441,-6.70193030,0.47004406,0.22688504,0.03612218,0.74515307,-38.22716937,-6.66580812,0.74694911,-38.20797744,-6.63842339,0.00476488,0.00690657,-0.01273290,0.00348113,-0.00242493,0.00876407
9.940,-2.50053162,0.06376823,1.43317946,-0.13145765,-0.03793744,-0.04852464,0.10117856,0.02919918,0.03734779,-2.50529531,0.05689729,1.44583588,-0.13492452,-0.03548394,-0.05733696,0.27473304,-38.45494958,-6.70152807,0.46948911,0.22690250,0.03619966,0.74422216,-38.22804708,-6.66532841,0.74606223,-38.20902587,-6.63810718,0.00476369,0.00687094,-0.01265642,0.00346687,-0.00245350,0.00881232
9.950,-2.50184114,0.06339032,1.43269608,-0.13044653,-0.03764564,-0.04815141,0.10104450,0.02916049,0.03729831,-2.50660353,0.05655526,1.44527552,-0.13389893,-0.03516362,-0.05701171,0.27434881,-38.45583048,-6.70112429,0.46892069,0.22691399,0.03627670,0.74326950,-38.22891649,-6.66484760,0.74515307,-38.21006802,-6.63779012,0.00476239,0.00683506,-0.01257944,0.00345240,-0.00248202,0.00886030
9.960,-2.50314055,0.06301532,1.43221643,-0.12943677,-0.03735424,-0.04777867,0.10090748,0.02912095,0.03724773,-2.50790154,0.05621642,1.44471840,-0.13287451,-0.03484376,-0.05668671,0.27395634,-38.45669737,-6.70071907,0.46833892,0.22691631,0.03635253,0.74229527,-38.22978106,-6.66436654,0.74422216,-38.21110499,-6.63747255,0.00476099,0.00679890,-0.01250197,0.00343774,-0.00251048,0.00890804
9.970,-2.50442988,0.06264323,1.43174051,-0.12842839,-0.03706323,-0.04740645,0.10076747,0.02908055,0.03719605,-2.50918936,0.05588076,1.44416452,-0.13185127,-0.03452436,-0.05636196,0.27355558,-38.45755051,-6.70031252,0.46774257,0.22691062,0.03642745,0.74129814,-38.23063989,-6.66388508,0.74326950,-38.21213341,-6.63715375,0.00475948,0.00676247,-0.01242401,0.00342288,-0.00253887,0.00895551
9.980,-2.50570912,0.06227405,1.43126830,-0.12742143,-0.03677263,-0.04703476,0.10062448,0.02903928,0.03714326,-2.51046699,0.05554827,1.44361388,-0.13082924,-0.03420544,-0.05603745,0.27314655,-38.45839013,-6.69990476,0.46713343,0.22689625,0.03650125,0.74027998,-38.23149387,-6.66340351,0.74229527,-38.21315673,-6.63683457,0.00475787,0.00672578,-0.01234558,0.00340781,-0.00256719,0.00900269
9.990,-2.50697831,0.06190778,1.43079981,-0.12641591,-0.03648245,-0.04666359,0.10047849,0.02899715,0.03708937,-2.51173445,0.05521895,1.44306648,-0.12980847,-0.03388700,-0.05571320,0.27272922,-38.45921642,-6.69949591,0.46650949,0.22687517,0.03657444,0.73923872,-38.23234126,-6.66292146,0.74129814,-38.21417405,-6.63651485,0.00475614,0.00668883,-0.01226667,0.00339256,-0.00259545,0.00904961
10.000,-2.50823745,0.06154440,1.43033503,-0.12541187,-0.03619269,-0.04629297,0.10032950,0.02895415,0.03703438,-2.51299175,0.05489280,1.44252231,-0.12878897,-0.03356906,-0.05538921,0.27230360,-38.46002969,-6.69908606,0.46587169,0.22684437,0.03664630,0.73817529,-38.23318532,-6.66243976,0.74027998,-38.21518626,-6.63619489,0.00475430,0.00665160,-0.01218728,0.00337710,-0.00262363,0.00909624
10.010,-2.50948655,0.06118392,1.42987395,-0.12440933,-0.03590337,-0.04592291,0.10017750,0.02891028,0.03697827,-2.51423892,0.05456981,1.44198136,-0.12777077,-0.03325163,-0.05506549,0.27186968,-38.46083012,-6.69867533,0.46522055,0.22680569,0.03671724,0.73709023,-38.23402444,-6.66195809,0.73923872,-38.21619159,-6.63587430,0.00475237,0.00661411,-0.01210741,0.00336144,-0.00265174,0.00914258
10.020,-2.51072564,0.06082633,1.42941657,-0.12340833,-0.03561449,-0.04555341,0.10002248,0.02886555,0.03692105,-2.51547595,0.05424997,1.44144365,-0.12675391,-0.03293471,-0.05474204,0.27142744,-38.46161794,-6.69826384,0.46455468,0.22675879,0.03678720,0.73598212,-38.23485915,-6.66147663,0.73817529,-38.21719333,-6.63555392,0.00475031,0.00657636,-0.01202708,0.00334558,-0.00267978,0.00918863
10.030,-2.51195472,0.06047163,1.42896288,-0.12240890,-0.03532606,-0.04518449,0.09986444,0.02881994,0.03686271,-2.51670287,0.05393328,1.44090915,-0.12573842,-0.03261833,-0.05441886,0.27097689,-38.46239339,-6.69785168,0.46387532,0.22670401,0.03685625,0.73485221,-38.23568938,-6.66099543,0.73709023,-38.21818984,-6.63523343,0.00474815,0.00653835,-0.01194627,0.00332952,-0.00270773,0.00923437
10.040,-2.51317382,0.06011981,1.42851288,-0.12141105,-0.03503809,-0.04481616,0.09970336,0.02877345,0.03680325,-2.51791969,0.05361973,1.44037788,-0.12472433,-0.03230249,-0.05409596,0.27051799,-38.46315671,-6.69743898,0.46318145,0.22664084,0.03692427,0.73369944,-38.23651587,-6.66051471,0.73598212,-38.21918166,-6.63491300,0.00474587,0.00650008,-0.01186500,0.00331328,-0.00273560,0.00927980
10.050,-2.51438295,0.05977087,1.42806656,-0.12041484,-0.03475059,-0.04444843,0.09953925,0.02872609,0.03674267,-2.51912642,0.05330931,1.43984983,-0.12371166,-0.03198721,-0.05377335,0.27005078,-38.46390809,-6.69702582,0.46247322,0.22656969,0.03699136,0.73252400,-38.23733840,-6.66003447,0.73485221,-38.22016870,-6.63459268,0.00474347,0.00646156,-0.01178327,0.00329682,-0.00276338,0.00932492
10.060,-2.51558212,0.05942480,1.42762391,-0.11942028,-0.03446357,-0.04408131,0.09937208,0.02867785,0.03668097,-2.52032309,0.05300203,1.43932498,-0.12270045,-0.03167249,-0.05345103,0.26957519,-38.46464778,-6.69661232,0.46175129,0.22648935,0.03705721,0.73132648,-38.23815843,-6.65955511,0.73369944,-38.22115170,-6.63427268,0.00474097,0.00642277,-0.01170107,0.00328017,-0.00279108,0.00936972
10.070,-2.51677136,0.05908160,1.42718493,-0.11842741,-0.03417704,-0.04371481,0.09920187,0.02862873,0.03661814,-2.52150971,0.05269787,1.43880336,-0.12169072,-0.03135835,-0.05312900,0.26909129,-38.46537598,-6.69619857,0.46101446,0.22640104,0.03712213,0.73010575,-38.23897494,-6.65907644,0.73252400,-38.22213044,-6.63395301,0.00473835,0.00638373,-0.01161843,0.00326331,-0.00281869,0.00941419
10.080,-2.51795068,0.05874126,1.42674961,-0.11743625,-0.03389100,-0.04334895,0.09902859,0.02857872,0.03655418,-2.52268629,0.05239683,1.43828493,-0.12068252,-0.03104480,-0.05280727,0.26859899,-38.46609294,-6.69578469,0.46026335,0.22630370,0.03718585,0.72886234,-38.23978924,-6.65859883,0.73132648,-38.22310635,-6.63363406,0.00473561,0.00634443,-0.01153532,0.00324627,-0.00284620,0.00945832
10.090,-2.51912009,0.05840377,1.42631795,-0.11644685,-0.03360547,-0.04298373,0.09885224,0.02852783,0.03648908,-2.52385285,0.05209890,1.43776972,-0.11967586,-0.03073185,-0.05248585,0.26809833,-38.46679887,-6.69537076,0.45949824,0.22619686,0.03724828,0.72759657,-38.24060200,-6.65812248,0.73010575,-38.22407843,-6.63331565,0.00473276,0.00630487,-0.01145177,0.00322901,-0.00287362,0.00950212
10.100,-2.52027962,0.05806915,1.42588993,-0.11545922,-0.03332045,-0.04261917,0.09867281,0.02847604,0.03642285,-2.52500940,0.05180407,1.43725770,-0.11867078,-0.03041951,-0.05216474,0.26758927,-38.46749393,-6.69495690,0.45871848,0.22608369,0.03731013,0.72630775,-38.24141024,-6.65764677,0.72886234,-38.22504799,-6.63299813,0.00472978,0.00626508,-0.01136777,0.00321156,-0.00290094,0.00954557
10.110,-2.52142928,0.05773736,1.42546556,-0.11447340,-0.03303595,-0.04225528,0.09849029,0.02842337,0.03635548,-2.52615597,0.05151235,1.43674889,-0.11766731,-0.03010780,-0.05184395,0.26707181,-38.46817841,-6.69454318,0.45792434,0.22595969,0.03737037,0.72499615,-38.24221872,-6.65717282,0.72759657,-38.22601567,-6.63268170,0.00472669,0.00622501,-0.01128333,0.00319391,-0.00292815,0.00958867
10.120,-2.52256910,0.05740842,1.42504482,-0.11348942,-0.03275198,-0.04189207,0.09830469,0.02836981,0.03628697,-2.52729257,0.05122371,1.43624327,-0.11666549,-0.02979673,-0.05152347,0.26654598,-38.46885246,-6.69412972,0.45711501,0.22582795,0.03742970,0.72366099,-38.24302451,-6.65670002,0.72630775,-38.22697849,-6.63236574,0.00472347,0.00618471,-0.01119845,0.00317607,-0.00295525,0.00963140
10.130,-2.52369908,0.05708232,1.42462772,-0.11250732,-0.03246855,-0.04152955,0.09811598,0.02831535,0.03621731,-2.52841922,0.05093816,1.43574084,-0.11566534,-0.02948630,-0.05120333,0.26601171,-38.46951632,-6.69371662,0.45629178,0.22568903,0.03748827,0.72230349,-38.24382728,-6.65622835,0.72499615,-38.22794122,-6.63205137,0.00472014,0.00614416,-0.01111312,0.00315802,-0.00298225,0.00967378
10.140,-2.52481925,0.05675905,1.42421423,-0.11152711,-0.03218568,-0.04116773,0.09792417,0.02825999,0.03614651,-2.52953594,0.05065569,1.43524160,-0.11466689,-0.02917653,-0.05088351,0.26546903,-38.47017018,-6.69330395,0.45545395,0.22554016,0.03754540,0.72092298,-38.24463002,-6.65575855,0.72366099,-38.22890089,-6.63173799,0.00471669,0.00610336,-0.01102737,0.00313978,-0.00300915,0.00971578
10.150,-2.52592963,0.05643861,1.42380436,-0.11054884,-0.03190336,-0.04080662,0.09772924,0.02820374,0.03607455,-2.53064274,0.05037629,1.43474554,-0.11367017,-0.02886744,-0.05056403,0.26491791,-38.47081423,-6.69289183,0.45460121,0.22538388,0.03760171,0.71951913,-38.24543035,-6.65529012,0.72230349,-38.22985721,-6.63142555,0.00471311,0.00606232,-0.01094118,0.00312133,-0.00303592,0.00975741
10.160,-2.52703023,0.05612098,1.42339810,-0.10957254,-0.03162161,-0.04044624,0.09753119,0.02814658,0.03600145,-2.53173964,0.05009995,1.43425267,-0.11267523,-0.02855903,-0.05024489,0.26435836,-38.47144874,-6.69248032,0.45373424,0.22521733,0.03765650,0.71809259,-38.24623141,-6.65482382,0.72092298,-38.23081312,-6.63111481,0.00470941,0.00602103,-0.01085457,0.00310269,-0.00306258,0.00979865
10.170,-2.52812108,0.05580617,1.42299543,-0.10859823,-0.03134043,-0.04008659,0.09733001,0.02808853,0.03592718,-2.53282667,0.04982667,1.43376297,-0.11168208,-0.02825131,-0.04992610,0.26379035,-38.47207382,-6.69206953,0.45285239,0.22504231,0.03771019,0.71664274,-38.24703151,-6.65435934,0.71951913,-38.23176627,-6.63080525,0.00470559,0.00597950,-0.01076754,0.00308385,-0.00308912,0.00983951
10.180,-2.52920220,0.05549417,1.42259636,-0.10762595,-0.03105984,-0.03972770,0.09712569,0.02802956,0.03585176,-2.53390383,0.04955644,1.43327645,-0.11069076,-0.02794430,-0.04960766,0.26321386,-38.47268973,-6.69165955,0.45195548,0.22485914,0.03776287,0.71516935,-38.24783059,-6.65389668,0.71809259,-38.23271977,-6.63049765,0.00470163,0.00593773,-0.01068009,0.00306481,-0.00311554,0.00987996
10.190,-2.53027361,0.05518497,1.42220088,-0.10665573,-0.03077984,-0.03936956,0.09691822,0.02796969,0.03577518,-2.53497116,0.04928924,1.43279309,-0.10970130,-0.02763801,-0.04928958,0.26262889,-38.47329665,-6.69125047,0.45104351,0.22466726,0.03781440,0.71367240,-38.24862939,-6.65343606,0.71664274,-38.23367193,-6.63019167,0.00469755,0.00589573,-0.01059221,0.00304557,-0.00314183,0.00992002
10.200,-2.53133532,0.05487857,1.42180897,-0.10568759,-0.03050045,-0.03901220,0.09670760,0.02790891,0.03569744,-2.53602867,0.04902509,1.43231291,-0.10871374,-0.02733246,-0.04897186,0.26203544,-38.47389475,-6.69084236,0.45011748,0.22446635,0.03786468,0.71215293,-38.24942840,-6.65297767,0.71516935,-38.23462269,-6.62988733,0.00469335,0.00585348,-0.01050394,0.00302615,-0.00316799,0.00995966
10.210,-2.53238737,0.05457496,1.42142063,-0.10472158,-0.03022167,-0.03865562,0.09649382,0.02784721,0.03561853,-2.53707639,0.04876395,1.43183588,-0.10772809,-0.02702765,-0.04865451,0.26143350,-38.47448426,-6.69043532,0.44917560,0.22425656,0.03791376,0.71060910,-38.25022771,-6.65252155,0.71367240,-38.23557278,-6.62958484,0.00468902,0.00581101,-0.01041525,0.00300651,-0.00319402,0.00999889
10.220,-2.53342976,0.05427414,1.42103585,-0.10375773,-0.02994351,-0.03829983,0.09627688,0.02778460,0.03553845,-2.53811432,0.04850584,1.43136202,-0.10674441,-0.02672359,-0.04833753,0.26082306,-38.47506534,-6.69002943,0.44821961,0.22403874,0.03796183,0.70904267,-38.25102660,-6.65206760,0.71215293,-38.23652269,-6.62928438,0.00468456,0.00576830,-0.01032617,0.00298668,-0.00321992,0.01003770
10.230,-2.53446253,0.05397609,1.42065463,-0.10279606,-0.02966598,-0.03794485,0.09605676,0.02772108,0.03545719,-2.53914250,0.04825074,1.43089131,-0.10576271,-0.02642030,-0.04802093,0.26020410,-38.47563821,-6.68962477,0.44724803,0.22381112,0.03800847,0.70745213,-38.25182708,-6.65161630,0.71060910,-38.23747249,-6.62898599,0.00467997,0.00572535,-0.01023668,0.00296665,-0.00324568,0.01007608
10.240,-2.53548569,0.05368082,1.42027695,-0.10183660,-0.02938909,-0.03759069,0.09583345,0.02765663,0.03537476,-2.54016094,0.04799863,1.43042374,-0.10478304,-0.02611779,-0.04770471,0.25957658,-38.47620302,-6.68922143,0.44626193,0.22357547,0.03805408,0.70583851,-38.25262755,-6.65116735,0.70904267,-38.23842147,-6.62868957,0.00467525,0.00568219,-0.01014679,0.00294644,-0.00327130,0.01011402
10.250,-2.53649927,0.05338831,1.41990281,-0.10087940,-0.02911285,-0.03723736,0.09560696,0.02759127,0.03529116,-2.54116966,0.04774952,1.42995933,-0.10380542,-0.02581608,-0.04738888,0.25894054,-38.47675997,-6.68881947,0.44526038,0.22333015,0.03809828,0.70420092,-38.25342982,-6.65072119,0.70745213,-38.23937162,-6.62839560,0.00467039,0.00563879,-0.01005652,0.00292602,-0.00329677,0.01015152
10.260,-2.53750329,0.05309856,1.41953220,-0.09992448,-0.02883726,-0.03688487,0.09537726,0.02752498,0.03520637,-2.54216869,0.04750340,1.42949806,-0.10282988,-0.02551516,-0.04707345,0.25829592,-38.47730926,-6.68841899,0.44424371,0.22307626,0.03814133,0.70253963,-38.25423300,-6.65027767,0.70583851,-38.24032133,-6.62810377,0.00466540,0.00559516,-0.00996586,0.00290540,-0.00332210,0.01018858
10.270,-2.53849777,0.05281156,1.41916511,-0.09897186,-0.02856235,-0.03653324,0.09514437,0.02745777,0.03512040,-2.54315806,0.04726025,1.42903993,-0.10185646,-0.02521507,-0.04675841,0.25764277,-38.47785105,-6.68802006,0.44321225,0.22281269,0.03818294,0.70085502,-38.25503836,-6.64983712,0.70420092,-38.24127243,-6.62781453,0.00466029,0.00555131,-0.00987482,0.00288460,-0.00334728,0.01022517
10.280,-2.53948273,0.05252731,1.41880154,-0.09802160,-0.02828811,-0.03618247,0.09490825,0.02738963,0.03503325,-2.54413777,0.04702007,1.42858493,-0.10088519,-0.02491580,-0.04644378,0.25698100,-38.47838552,-6.68762276,0.44216595,0.22254162,0.03822364,0.69914694,-38.25584390,-6.64939912,0.70253963,-38.24222401,-6.62752772,0.00465504,0.00550724,-0.00978339,0.00286359,-0.00337231,0.01026131
10.290,-2.54045821,0.05224579,1.41844146,-0.09707371,-0.02801456,-0.03583258,0.09466892,0.02732056,0.03494490,-2.54510786,0.04678285,1.42813306,-0.09991610,-0.02461737,-0.04612956,0.25631066,-38.47891287,-6.68722716,0.44110368,0.22225892,0.03826243,0.69741433,-38.25665395,-6.64896472,0.70085502,-38.24317732,-6.62724367,0.00464965,0.00546294,-0.00969160,0.00284239,-0.00339719,0.01029698
10.300,-2.54142421,0.05196701,1.41808488,-0.09612823,-0.02774170,-0.03548358,0.09442636,0.02725056,0.03485537,-2.54606834,0.04654858,1.42768431,-0.09894923,-0.02431980,-0.04581576,0.25563171,-38.47943323,-6.68683333,0.44002729,0.22196903,0.03830036,0.69565900,-38.25746420,-6.64853297,0.69914694,-38.24413036,-6.62696195,0.00464413,0.00541843,-0.00959943,0.00282100,-0.00342190,0.01033218
10.310,-2.54238078,0.05169096,1.41773179,-0.09518519,-0.02746955,-0.03513547,0.09418057,0.02717963,0.03476464,-2.54701925,0.04631725,1.42723869,-0.09798460,-0.02402309,-0.04550238,0.25494415,-38.47994678,-6.68644136,0.43893469,0.22167125,0.03833728,0.69387884,-38.25827553,-6.64810408,0.69741433,-38.24508747,-6.62668361,0.00463847,0.00537371,-0.00950690,0.00279941,-0.00344646,0.01036691
10.320,-2.54332793,0.05141762,1.41738217,-0.09424463,-0.02719811,-0.03478829,0.09393153,0.02710776,0.03467271,-2.54796060,0.04608885,1.42679619,-0.09702225,-0.02372726,-0.04518942,0.25424795,-38.48045373,-6.68605130,0.43782691,0.22136250,0.03837242,0.69207485,-38.25909122,-6.64767888,0.69565900,-38.24604431,-6.62640769,0.00463267,0.00532877,-0.00941402,0.00277762,-0.00347085,0.01040113
10.330,-2.54426568,0.05114699,1.41703602,-0.09330657,-0.02692740,-0.03444202,0.09367924,0.02703495,0.03457958,-2.54889242,0.04586338,1.42635679,-0.09606222,-0.02343232,-0.04487689,0.25354310,-38.48095422,-6.68566323,0.43670445,0.22104475,0.03840626,0.69024755,-38.25990947,-6.64725697,0.69387884,-38.24700178,-6.62613442,0.00462674,0.00528361,-0.00932077,0.00275565,-0.00349508,0.01043487
10.340,-2.54519407,0.05087907,1.41669332,-0.09237106,-0.02665742,-0.03409670,0.09342369,0.02696120,0.03448525,-2.54981474,0.04564082,1.42592051,-0.09510453,-0.02313829,-0.04456481,0.25282960,-38.48144842,-6.68527722,0.43556598,0.22071827,0.03843884,0.68839558,-38.26073015,-6.64683838,0.69207485,-38.24796314,-6.62586460,0.00462067,0.00523825,-0.00922719,0.00273347,-0.00351913,0.01046811
10.350,-2.54611311,0.05061384,1.41635408,-0.09143811,-0.02638818,-0.03375232,0.09316487,0.02688651,0.03438972,-2.55072757,0.04542116,1.42548733,-0.09414922,-0.02284516,-0.04425316,0.25210741,-38.48193650,-6.68489334,0.43441286,0.22038264,0.03847008,0.68652027,-38.26155386,-6.64642326,0.69024755,-38.24892657,-6.62559786,0.00461446,0.00519268,-0.00913325,0.00271111,-0.00354302,0.01050084
10.360,-2.54702284,0.05035130,1.41601827,-0.09050777,-0.02611969,-0.03340891,0.09290279,0.02681087,0.03429298,-2.55163095,0.04520439,1.42505724,-0.09319632,-0.02255297,-0.04394197,0.25137657,-38.48241862,-6.68451165,0.43324383,0.22003731,0.03849982,0.68462040,-38.26238131,-6.64601183,0.68839558,-38.24989196,-6.62533419,0.00460811,0.00514691,-0.00903897,0.00268855,-0.00356672,0.01053306
10.370,-2.54792327,0.05009145,1.41568590,-0.08958007,-0.02585197,-0.03306647,0.09263742,0.02673429,0.03419502,-2.55252489,0.04499051,1.42463025,-0.09224587,-0.02226172,-0.04363123,0.25063701,-38.48289492,-6.68413223,0.43206017,0.21968500,0.03852870,0.68269718,-38.26320992,-6.64560353,0.68652027,-38.25085988,-6.62507376,0.00460162,0.00510094,-0.00894435,0.00266580,-0.00359025,0.01056476
10.380,-2.54881445,0.04983426,1.41535694,-0.08865503,-0.02558501,-0.03272501,0.09236876,0.02665676,0.03409585,-2.55340943,0.04477951,1.42420635,-0.09129789,-0.02197141,-0.04332095,0.24988874,-38.48336560,-6.68375512,0.43086006,0.21932070,0.03855555,0.68074880,-38.26404490,-6.64519957,0.68462040,-38.25183105,-6.62481678,0.00459498,0.00505475,-0.00884941,0.00264286,-0.00361360,0.01059594
10.390,-2.54969638,0.04957974,1.41503140,-0.08773270,-0.02531883,-0.03238455,0.09209681,0.02657827,0.03399547,-2.55428459,0.04457137,1.42378553,-0.09035242,-0.02168208,-0.04301113,0.24913175,-38.48383080,-6.68338040,0.42964549,0.21894869,0.03858134,0.67877724,-38.26488212,-6.64479906,0.68269718,-38.25280289,-6.62456268,0.00458821,0.00500837,-0.00875413,0.00261972,-0.00363675,0.01062658
10.400,-2.55056911,0.04932788,1.41470925,-0.08681311,-0.02505345,-0.03204511,0.09182156,0.02649884,0.03389386,-2.55515040,0.04436608,1.42336780,-0.08940950,-0.02139372,-0.04270179,0.24836603,-38.48429065,-6.68300813,0.42841466,0.21856676,0.03860556,0.67678070,-38.26572389,-6.64440257,0.68074880,-38.25378058,-6.62431270,0.00458129,0.00496180,-0.00865855,0.00259639,-0.00365973,0.01065668
10.410,-2.55143266,0.04907867,1.41439049,-0.08589628,-0.02478886,-0.03170668,0.09154299,0.02641845,0.03379104,-2.55600688,0.04416364,1.42295313,-0.08846915,-0.02110635,-0.04239292,0.24759154,-38.48474532,-6.68263836,0.42716827,0.21817585,0.03862842,0.67475981,-38.26656947,-6.64400994,0.67877724,-38.25476000,-6.62406590,0.00457422,0.00491503,-0.00856264,0.00257287,-0.00368251,0.01068624
10.420,-2.55228705,0.04883210,1.41407511,-0.08498226,-0.02452508,-0.03136929,0.09126111,0.02633710,0.03368699,-2.55685406,0.04396403,1.42254154,-0.08753142,-0.02081998,-0.04208454,0.24680830,-38.48519498,-6.68227116,0.42590673,0.21777534,0.03864976,0.67271503,-38.26741964,-6.64362139,0.67678070,-38.25574345,-6.62382287,0.00456701,0.00486807,-0.00846643,0.00254916,-0.00370510,0.01071525
10.430,-2.55313231,0.04858817,1.41376310,-0.08407107,-0.02426212,-0.03103295,0.09097590,0.02625479,0.03358171,-2.55769197,0.04376725,1.42213301,-0.08659632,-0.02053462,-0.04177664,0.24601626,-38.48563975,-6.68190659,0.42463005,0.21736660,0.03866990,0.67064632,-38.26827316,-6.64323669,0.67475981,-38.25673019,-6.62358346,0.00455966,0.00482092,-0.00836991,0.00252525,-0.00372750,0.01074369
10.440,-2.55396848,0.04834686,1.41345445,-0.08316275,-0.02399999,-0.03069766,0.09068735,0.02617152,0.03347520,-2.55852064,0.04357327,1.42172754,-0.08566391,-0.02025030,-0.04146924,0.24521541,-38.48607981,-6.68154470,0.42333717,0.21694776,0.03868840,0.66855258,-38.26913205,-6.64285629,0.67271503,-38.25772098,-6.62334788,0.00455216,0.00477359,-0.00827309,0.00250116,-0.00374969,0.01077158
10.450,-2.55479558,0.04810817,1.41314914,-0.08225734,-0.02373869,-0.03036345,0.09039547,0.02608728,0.03336745,-2.55934009,0.04338210,1.42132512,-0.08473420,-0.01996701,-0.04116234,0.24440578,-38.48651528,-6.68118554,0.42202875,0.21651947,0.03870539,0.66643453,-38.26999581,-6.64248015,0.67064632,-38.25871458,-6.62311587,0.00454451,0.00472607,-0.00817598,0.00247686,-0.00377168,0.01079889
10.460,-2.55561363,0.04787208,1.41284718,-0.08135485,-0.02347825,-0.03003032,0.09010023,0.02600208,0.03325848,-2.56015035,0.04319372,1.42092576,-0.08380724,-0.01968478,-0.04085594,0.24358729,-38.48694632,-6.68082917,0.42070566,0.21608120,0.03872074,0.66429295,-38.27086513,-6.64210843,0.66855258,-38.25971301,-6.62288792,0.00453672,0.00467836,-0.00807858,0.00245239,-0.00379347,0.01082562
10.470,-2.55642268,0.04763860,1.41254853,-0.08045534,-0.02321866,-0.02969828,0.08980164,0.02591591,0.03314826,-2.56095146,0.04300812,1.42052943,-0.08288306,-0.01940361,-0.04055006,0.24275997,-38.48737304,-6.68047565,0.41936612,0.21563403,0.03873469,0.66212609,-38.27173902,-6.64174096,0.66643453,-38.26071575,-6.62266395,0.00452878,0.00463048,-0.00798090,0.00242772,-0.00381505,0.01085178
10.480,-2.55722275,0.04740771,1.41225321,-0.07955883,-0.02295993,-0.02936735,0.08949969,0.02582877,0.03303680,-2.56174344,0.04282529,1.42013615,-0.08196169,-0.01912352,-0.04024469,0.24192380,-38.48779562,-6.68012503,0.41801090,0.21517843,0.03874737,0.65993470,-38.27261719,-6.64137766,0.66429295,-38.26172350,-6.62244414,0.00452069,0.00458242,-0.00788294,0.00240286,-0.00383641,0.01087734
10.490,-2.55801387,0.04717940,1.41196118,-0.07866536,-0.02270208,-0.02903755,0.08919437,0.02574066,0.03292410,-2.56252631,0.04264521,1.41974589,-0.08104317,-0.01884452,-0.03993985,0.24107877,-38.48821417,-6.67977735,0.41663999,0.21471169,0.03875808,0.65771876,-38.27350248,-6.64101926,0.66212609,-38.26273525,-6.62222830,0.00451244,0.00453419,-0.00778471,0.00237781,-0.00385756,0.01090230
10.500,-2.55879607,0.04695366,1.41167245,-0.07777496,-0.02244512,-0.02870888,0.08888566,0.02565157,0.03281014,-2.56330012,0.04246788,1.41935867,-0.08012752,-0.01856663,-0.03963554,0.24022481,-38.48862886,-6.67943266,0.41525342,0.21423532,0.03876722,0.65547822,-38.27439353,-6.64066544,0.65993470,-38.26375072,-6.62201637,0.00450405,0.00448578,-0.00768622,0.00235256,-0.00387849,0.01092666
10.510,-2.55956938,0.04673049,1.41138700,-0.07688766,-0.02218906,-0.02838135,0.08857358,0.02556150,0.03269494,-2.56406488,0.04229329,1.41897446,-0.07921479,-0.01828985,-0.03933176,0.23936199,-38.48903979,-6.67909103,0.41385131,0.21375015,0.03877495,0.65321330,-38.27528964,-6.64031608,0.65771876,-38.26477272,-6.62180905,0.00449550,0.00443720,-0.00758746,0.00232713,-0.00389921,0.01095041
10.520,-2.56033383,0.04650988,1.41110482,-0.07600350,-0.02193389,-0.02805498,0.08825809,0.02547046,0.03257849,-2.56482064,0.04212141,1.41859327,-0.07830500,-0.01801420,-0.03902852,0.23849020,-38.48944709,-6.67875248,0.41243369,0.21325637,0.03878130,0.65092389,-38.27619071,-6.63997118,0.65547822,-38.26579991,-6.62160603,0.00448681,0.00438847,-0.00748845,0.00230150,-0.00391969,0.01097354
10.530,-2.56108946,0.04629181,1.41082590,-0.07512251,-0.02167965,-0.02772978,0.08793921,0.02537843,0.03246078,-2.56556742,0.04195225,1.41821510,-0.07739820,-0.01773969,-0.03872584,0.23760951,-38.48985093,-6.67841708,0.41099983,0.21275180,0.03878577,0.64860934,-38.27709912,-6.63963131,0.65321330,-38.26683156,-6.62140719,0.00447796,0.00433956,-0.00738920,0.00227569,-0.00393996,0.01099606
10.540,-2.56183629,0.04607628,1.41055022,-0.07424472,-0.02142633,-0.02740577,0.08761692,0.02528542,0.03234182,-2.56630525,0.04178579,1.41783992,-0.07649441,-0.01746634,-0.03842370,0.23671986,-38.49025139,-6.67808485,0.40955079,0.21223758,0.03878859,0.64627065,-38.27801381,-6.63929626,0.65092389,-38.26786758,-6.62121253,0.00446896,0.00429049,-0.00728970,0.00224969,-0.00395999,0.01101793
10.550,-2.56257436,0.04586328,1.41027778,-0.07337018,-0.02117394,-0.02708295,0.08729121,0.02519142,0.03222159,-2.56703416,0.04162201,1.41746775,-0.07559367,-0.01719415,-0.03812213,0.23582123,-38.49064865,-6.67775586,0.40808571,0.21171458,0.03878997,0.64390695,-38.27893406,-6.63896588,0.64860934,-38.26891033,-6.62102260,0.00445980,0.00424127,-0.00718997,0.00222349,-0.00397979,0.01103918
10.560,-2.56330371,0.04565280,1.41000856,-0.07249891,-0.02092250,-0.02676134,0.08696208,0.02509644,0.03210010,-2.56775419,0.04146091,1.41709857,-0.07469601,-0.01692314,-0.03782113,0.23491363,-38.49104278,-6.67743013,0.40660415,0.21118184,0.03878969,0.64151777,-38.27986093,-6.63864044,0.64627065,-38.26995875,-6.62083721,0.00445048,0.00419189,-0.00709001,0.00219710,-0.00399936,0.01105979
10.570,-2.56402435,0.04544483,1.40974255,-0.07163095,-0.02067202,-0.02644095,0.08662951,0.02500046,0.03197734,-2.56846537,0.04130247,1.41673237,-0.07380147,-0.01665333,-0.03752069,0.23399699,-38.49143394,-6.67710771,0.40510785,0.21063946,0.03878772,0.63910484,-38.28079448,-6.63831999,0.64390695,-38.27101212,-6.62065619,0.00444102,0.00414236,-0.00698982,0.00217052,-0.00401869,0.01107974
10.580,-2.56473634,0.04523935,1.40947973,-0.07076633,-0.02042250,-0.02612180,0.08629351,0.02490350,0.03185331,-2.56916773,0.04114668,1.41636916,-0.07291009,-0.01638472,-0.03722084,0.23307136,-38.49182225,-6.67678863,0.40359468,0.21008516,0.03878355,0.63666605,-38.28173709,-6.63800509,0.64151777,-38.27207149,-6.62047981,0.00443139,0.00409267,-0.00688943,0.00214376,-0.00403778,0.01109904
10.590,-2.56543969,0.04503637,1.40922011,-0.06990509,-0.02017395,-0.02580389,0.08595406,0.02480553,0.03172801,-2.56986130,0.04099353,1.41600892,-0.07202189,-0.01611733,-0.03692157,0.23213669,-38.49220783,-6.67647297,0.40206648,0.20952407,0.03877837,0.63420317,-38.28268376,-6.63769460,0.63910484,-38.27313690,-6.62030811,0.00442161,0.00404284,-0.00678881,0.00211680,-0.00405662,0.01111768
10.600,-2.56613445,0.04483587,1.40896365,-0.06904726,-0.01992639,-0.02548724,0.08561116,0.02470658,0.03160144,-2.57054612,0.04084301,1.41565166,-0.07113691,-0.01585117,-0.03662289,0.23119297,-38.49259076,-6.67616071,0.40052201,0.20895209,0.03877119,0.63171498,-38.28363866,-6.63738952,0.63666605,-38.27421074,-6.62014166,0.00441167,0.00399286,-0.00668801,0.00208965,-0.00407522,0.01113565
10.610,-2.56682065,0.04463784,1.40871036,-0.06819288,-0.01967982,-0.02517187,0.08526480,0.02460662,0.03147358,-2.57122222,0.04069509,1.41529735,-0.07025518,-0.01558626,-0.03632481,0.23024018,-38.49297122,-6.67585193,0.39896149,0.20837108,0.03876246,0.62920167,-38.28460014,-6.63708947,0.63420317,-38.27528801,-6.61997931,0.00440157,0.00394275,-0.00658699,0.00206230,-0.00409356,0.01115294
10.620,-2.56749832,0.04444227,1.40846021,-0.06734198,-0.01943426,-0.02485778,0.08491496,0.02450566,0.03134445,-2.57188964,0.04054977,1.41494600,-0.06937675,-0.01532260,-0.03602734,0.22927827,-38.49334928,-6.67554664,0.39738536,0.20777959,0.03875180,0.62666363,-38.28556968,-6.63679484,0.63171498,-38.27637285,-6.61982206,0.00439132,0.00389250,-0.00648579,0.00203477,-0.00411166,0.01116956
10.630,-2.56816750,0.04424915,1.40821320,-0.06649459,-0.01918971,-0.02454498,0.08456166,0.02440370,0.03121403,-2.57254840,0.04040704,1.41459760,-0.06850164,-0.01506022,-0.03573047,0.22830730,-38.49372506,-6.67524489,0.39579321,0.20717882,0.03873951,0.62410051,-38.28654624,-6.63650538,0.62920167,-38.27746361,-6.61966953,0.00438090,0.00384211,-0.00638440,0.00200705,-0.00412949,0.01118549
10.640,-2.56882822,0.04405847,1.40796931,-0.06565076,-0.01894619,-0.02423350,0.08420486,0.02430073,0.03108233,-2.57319855,0.04026689,1.41425215,-0.06762988,-0.01479911,-0.03543423,0.22732716,-38.49409870,-6.67494671,0.39418532,0.20656795,0.03872536,0.62151248,-38.28753075,-6.63622135,0.62666363,-38.27856178,-6.61952210,0.00437033,0.00379158,-0.00628284,0.00197912,-0.00414708,0.01120073
10.650,-2.56948053,0.04387023,1.40772852,-0.06481051,-0.01870370,-0.02392334,0.08384458,0.02419676,0.03094934,-2.57384011,0.04012929,1.41390963,-0.06676153,-0.01453931,-0.03513860,0.22633791,-38.49447024,-6.67465213,0.39256073,0.20594837,0.03870968,0.61889864,-38.28852187,-6.63594245,0.62410051,-38.27966630,-6.61937952,0.00435958,0.00374094,-0.00618111,0.00195102,-0.00416439,0.01121526
10.660,-2.57012445,0.04368440,1.40749084,-0.06397388,-0.01846226,-0.02361452,0.08348079,0.02409177,0.03081506,-2.57447313,0.03999423,1.41357004,-0.06589660,-0.01428081,-0.03484361,0.22533947,-38.49483988,-6.67436119,0.39092051,0.20531843,0.03869208,0.61625999,-38.28952145,-6.63566910,0.62151248,-38.28077809,-6.61924203,0.00434868,0.00369017,-0.00607920,0.00192272,-0.00418145,0.01122909
10.670,-2.57076002,0.04350098,1.40725623,-0.06314090,-0.01822187,-0.02330704,0.08311350,0.02398578,0.03067948,-2.57509764,0.03986171,1.41323338,-0.06503513,-0.01402363,-0.03454926,0.22433187,-38.49520766,-6.67407389,0.38926453,0.20467805,0.03867250,0.61359641,-38.29052961,-6.63540139,0.61889864,-38.28189582,-6.61910935,0.00433762,0.00363927,-0.00597715,0.00189423,-0.00419824,0.01124222
10.680,-2.57138728,0.04331996,1.40702469,-0.06231162,-0.01798255,-0.02300093,0.08274270,0.02387877,0.03054261,-2.57571367,0.03973171,1.41289964,-0.06417716,-0.01376779,-0.03425555,0.22331509,-38.49557371,-6.67379029,0.38759231,0.20402804,0.03865115,0.61090740,-38.29154567,-6.63513915,0.61625999,-38.28302131,-6.61898189,0.00432639,0.00358825,-0.00587495,0.00186554,-0.00421476,0.01125462
10.690,-2.57200626,0.04314132,1.40679621,-0.06148606,-0.01774430,-0.02269620,0.08236837,0.02377074,0.03040443,-2.57632126,0.03960421,1.41256880,-0.06332272,-0.01351330,-0.03396249,0.22228907,-38.49593816,-6.67351042,0.38590452,0.20336735,0.03862775,0.60819358,-38.29257082,-6.63488266,0.61359641,-38.28415470,-6.61885973,0.00431500,0.00353711,-0.00577259,0.00183666,-0.00423100,0.01126629
10.700,-2.57261701,0.04296507,1.40657076,-0.06066426,-0.01750714,-0.02239285,0.08199052,0.02366169,0.03026496,-2.57692046,0.03947920,1.41224088,-0.06247185,-0.01326017,-0.03367009,0.22125383,-38.49630105,-6.67323428,0.38420019,0.20269806,0.03860278,0.60545402,-38.29360300,-6.63463150,0.61090740,-38.28529529,-6.61874270,0.00430345,0.00348587,-0.00567012,0.00180759,-0.00424697,0.01127724
10.710,-2.57321956,0.04279118,1.40634834,-0.05984626,-0.01727107,-0.02209090,0.08160913,0.02355163,0.03012417,-2.57751128,0.03935667,1.41191584,-0.06162459,-0.01300841,-0.03337835,0.22020934,-38.49666252,-6.67296192,0.38247977,0.20201820,0.03857578,0.60268911,-38.29464431,-6.63438614,0.60819358,-38.28644425,-6.61863109,0.00429172,0.00343451,-0.00556750,0.00177833,-0.00426266,0.01128745
10.720,-2.57381395,0.04261964,1.40612894,-0.05903209,-0.01703611,-0.02179037,0.08122419,0.02344054,0.02998208,-2.57809379,0.03923660,1.41159370,-0.06078096,-0.01275804,-0.03308729,0.21915556,-38.49702267,-6.67269335,0.38074314,0.20132802,0.03854679,0.59989871,-38.29569465,-6.63414656,0.60545402,-38.28759953,-6.61852446,0.00427984,0.00338304,-0.00546476,0.00174887,-0.00427807,0.01129692
10.730,-2.57440021,0.04245045,1.40591253,-0.05822179,-0.01680226,-0.02149126,0.08083571,0.02332843,0.02983868,-2.57866800,0.03911898,1.41127445,-0.05994100,-0.01250907,-0.03279690,0.21809252,-38.49738157,-6.67242860,0.37899102,0.20062839,0.03851598,0.59708354,-38.29675317,-6.63391261,0.60268911,-38.28876324,-6.61842327,0.00426779,0.00333147,-0.00536192,0.00171921,-0.00429319,0.01130564
10.740,-2.57497840,0.04228359,1.40569911,-0.05741539,-0.01656954,-0.02119360,0.08044366,0.02321528,0.02969397,-2.57923396,0.03900379,1.41095806,-0.05910475,-0.01226151,-0.03250720,0.21702015,-38.49773935,-6.67216769,0.37722164,0.19991865,0.03848322,0.59424179,-38.29782071,-6.63368447,0.59989871,-38.28993523,-6.61832751,0.00425556,0.00327980,-0.00525895,0.00168936,-0.00430803,0.01131360
10.750,-2.57554853,0.04211906,1.40548866,-0.05661293,-0.01633796,-0.02089739,0.08004805,0.02310111,0.02954794,-2.57979170,0.03889102,1.41064455,-0.05827225,-0.01201538,-0.03221819,0.21593846,-38.49809607,-6.67191066,0.37543737,0.19920034,0.03844884,0.59137583,-38.29889573,-6.63346181,0.59708354,-38.29111468,-6.61823703,0.00424317,0.00322804,-0.00515589,0.00165932,-0.00432258,0.01132080
10.760,-2.57611067,0.04195683,1.40528116,-0.05581444,-0.01610752,-0.02060265,0.07964886,0.02298591,0.02940059,-2.58034128,0.03878066,1.41033390,-0.05744352,-0.01177069,-0.03192988,0.21484741,-38.49845184,-6.67165749,0.37363573,0.19847005,0.03841202,0.58848314,-38.29998180,-6.63324547,0.59424179,-38.29230240,-6.61815199,0.00423061,0.00317617,-0.00505274,0.00162908,-0.00433683,0.01132723
10.770,-2.57666484,0.04179690,1.40507660,-0.05501996,-0.01587824,-0.02030938,0.07924609,0.02286968,0.02925191,-2.58088272,0.03867268,1.41002611,-0.05661861,-0.01152745,-0.03164228,0.21374700,-38.49880675,-6.67140823,0.37181829,0.19772997,0.03837327,0.58556529,-38.30107678,-6.63303495,0.59137583,-38.29349686,-6.61807208,0.00421788,0.00312422,-0.00494951,0.00159865,-0.00435079,0.01133290
10.780,-2.57721108,0.04163926,1.40487496,-0.05422953,-0.01565013,-0.02001761,0.07883973,0.02275241,0.02910191,-2.58141606,0.03856708,1.40972116,-0.05579754,-0.01128568,-0.03135539,0.21263720,-38.49916088,-6.67116289,0.36998504,0.19697984,0.03833251,0.58262224,-38.30218104,-6.63283038,0.58848314,-38.29470162,-6.61799811,0.00420498,0.00307218,-0.00484620,0.00156801,-0.00436445,0.01133778
10.790,-2.57774944,0.04148390,1.40467624,-0.05344318,-0.01542320,-0.01972735,0.07842978,0.02263410,0.02895059,-2.58194135,0.03846383,1.40941905,-0.05498036,-0.01104538,-0.03106922,0.21151802,-38.49951432,-6.67092149,0.36813521,0.19622112,0.03829009,0.57965323,-38.30329319,-6.63263141,0.58556529,-38.29591453,-6.61792960,0.00419191,0.00302007,-0.00474281,0.00153718,-0.00437782,0.01134187
10.800,-2.57827996,0.04133079,1.40448041,-0.05266095,-0.01519745,-0.01943860,0.07801622,0.02251475,0.02879793,-2.58245862,0.03836293,1.40911978,-0.05416710,-0.01080658,-0.03078378,0.21038939,-38.49986718,-6.67068404,0.36626881,0.19544991,0.03824506,0.57665819,-38.30441727,-6.63243899,0.58262224,-38.29713595,-6.61786665,0.00417866,0.00296786,-0.00463937,0.00150615,-0.00439087,0.01134518
10.810,-2.57880267,0.04117994,1.40428746,-0.05188287,-0.01497291,-0.01915139,0.07759905,0.02239436,0.02864394,-2.58296792,0.03826436,1.40882333,-0.05335780,-0.01056928,-0.03049907,0.20925132,-38.50021950,-6.67045057,0.36438685,0.19466977,0.03819824,0.57363816,-38.30554973,-6.63225233,0.57965323,-38.29836450,-6.61780893,0.00416525,0.00291558,-0.00453587,0.00147493,-0.00440363,0.01134768
10.820,-2.57931763,0.04103133,1.40409738,-0.05110898,-0.01474957,-0.01886573,0.07717826,0.02227292,0.02848862,-2.58346929,0.03816809,1.40852970,-0.05255249,-0.01033350,-0.03021511,0.20810378,-38.50057141,-6.67022108,0.36248775,0.19388015,0.03814951,0.57059154,-38.30669126,-6.63207157,0.57665819,-38.29960419,-6.61775737,0.00415166,0.00286324,-0.00443232,0.00144351,-0.00441607,0.01134938
10.830,-2.57982487,0.04088495,1.40391014,-0.05033931,-0.01452745,-0.01858163,0.07675384,0.02215044,0.02833195,-2.58396276,0.03807413,1.40823888,-0.05175120,-0.01009926,-0.02993190,0.20694675,-38.50092294,-6.66999559,0.36057259,0.19308013,0.03809862,0.56751934,-38.30784281,-6.63189697,0.57363816,-38.30085148,-6.61771119,0.00413789,0.00281082,-0.00432874,0.00141189,-0.00442819,0.01135027
10.840,-2.58032443,0.04074078,1.40372574,-0.04957391,-0.01430657,-0.01829910,0.07632579,0.02202690,0.02817395,-2.58444838,0.03798244,1.40795085,-0.05095397,-0.00986655,-0.02964945,0.20578023,-38.50127422,-6.66977411,0.35864131,0.19226949,0.03804552,0.56442154,-38.30900473,-6.63172859,0.57059154,-38.30210704,-6.61767052,0.00412395,0.00275834,-0.00422511,0.00138006,-0.00444002,0.01135035
10.850,-2.58081636,0.04059881,1.40354416,-0.04881281,-0.01408692,-0.01801815,0.07589409,0.02190232,0.02801460,-2.58492620,0.03789302,1.40766563,-0.05016085,-0.00963541,-0.02936776,0.20460416,-38.50162531,-6.66955664,0.35669340,0.19144864,0.03799029,0.56129756,-38.31017666,-6.63156635,0.56751934,-38.30337183,-6.61763562,0.00410984,0.00270579,-0.00412147,0.00134804,-0.00445151,0.01134961
10.860,-2.58130070,0.04045904,1.40336537,-0.04805604,-0.01386852,-0.01773881,0.07545875,0.02177669,0.02785390,-2.58539625,0.03780585,1.40738319,-0.04937186,-0.00940583,-0.02908685,0.20341856,-38.50197624,-6.66934321,0.35472925,0.19061825,0.03793305,0.55814781,-38.31135800,-6.63141015,0.56442154,-38.30464618,-6.61760653,0.00409555,0.00265319,-0.00401782,0.00131582,-0.00446269,0.01134804
10.870,-2.58177750,0.04032144,1.40318937,-0.04730365,-0.01365139,-0.01746108,0.07501975,0.02164999,0.02769185,-2.58585857,0.03772092,1.40710352,-0.04858703,-0.00917784,-0.02880672,0.20222340,-38.50232718,-6.66913382,0.35274805,0.18977659,0.03787342,0.55497144,-38.31255059,-6.63126040,0.56129756,-38.30592973,-6.61758319,0.00408107,0.00260052,-0.00391415,0.00128338,-0.00447355,0.01134564
10.880,-2.58224679,0.04018600,1.40301615,-0.04655566,-0.01343553,-0.01718498,0.07457708,0.02152225,0.02752845,-2.58631322,0.03763819,1.40682663,-0.04780642,-0.00895144,-0.02852737,0.20101862,-38.50267813,-6.66892847,0.35075107,0.18892472,0.03781162,0.55176970,-38.31375341,-6.63111685,0.55814781,-38.30722186,-6.61756548,0.00406643,0.00254781,-0.00381048,0.00125076,-0.00448409,0.01134239
10.890,-2.58270862,0.04005272,1.40284567,-0.04581212,-0.01322095,-0.01691051,0.07413075,0.02139344,0.02736370,-2.58676023,0.03755767,1.40655250,-0.04703004,-0.00872666,-0.02824883,0.19980428,-38.50302918,-6.66872718,0.34873781,0.18806299,0.03774770,0.54854208,-38.31496619,-6.63097948,0.55497144,-38.30852443,-6.61755380,0.00405161,0.00249505,-0.00370683,0.00121792,-0.00449429,0.01133832
10.900,-2.58316305,0.03992158,1.40267793,-0.04507306,-0.01300766,-0.01663771,0.07368073,0.02126357,0.02719758,-2.58719964,0.03747933,1.40628112,-0.04625795,-0.00850350,-0.02797108,0.19858027,-38.50338041,-6.66852996,0.34670699,0.18719129,0.03768164,0.54528726,-38.31618912,-6.63084831,0.55176970,-38.30983640,-6.61754793,0.00403659,0.00244225,-0.00360319,0.00118489,-0.00450416,0.01133337
10.910,-2.58361010,0.03979256,1.40251291,-0.04433852,-0.01279568,-0.01636657,0.07322703,0.02113263,0.02703011,-2.58763151,0.03740316,1.40601249,-0.04549016,-0.00828198,-0.02769415,0.19734663,-38.50373190,-6.66833679,0.34466054,0.18630823,0.03761309,0.54200718,-38.31742367,-6.63072370,0.54854208,-38.31115749,-6.61754780,0.00402141,0.00238940,-0.00349958,0.00115164,-0.00451370,0.01132758
10.920,-2.58404983,0.03966566,1.40235059,-0.04360853,-0.01258501,-0.01609711,0.07276963,0.02100063,0.02686127,-2.58805587,0.03732913,1.40574659,-0.04472673,-0.00806210,-0.02741804,0.19610331,-38.50408369,-6.66814771,0.34259741,0.18541581,0.03754251,0.53870072,-38.31866788,-6.63060520,0.54528726,-38.31248787,-6.61755346,0.00400604,0.00233653,-0.00339600,0.00111820,-0.00452291,0.01132093
10.930,-2.58448229,0.03954086,1.40219096,-0.04288314,-0.01237567,-0.01582935,0.07230853,0.02086756,0.02669107,-2.58847278,0.03725724,1.40548342,-0.04396769,-0.00784389,-0.02714276,0.19485030,-38.50443586,-6.66796270,0.34051703,0.18451321,0.03746970,0.53536733,-38.31992264,-6.63049299,0.54200718,-38.31382904,-6.61756525,0.00399049,0.00228362,-0.00329246,0.00108455,-0.00453178,0.01131341
10.940,-2.58490751,0.03941814,1.40203400,-0.04216237,-0.01216766,-0.01556329,0.07184372,0.02073342,0.02651949,-2.58888227,0.03718746,1.40522297,-0.04321306,-0.00762736,-0.02686831,0.19358757,-38.50478849,-6.66778176,0.33842084,0.18359939,0.03739440,0.53200841,-38.32118910,-6.63038736,0.53870072,-38.31517900,-6.61758271,0.00397476,0.00223068,-0.00318897,0.00105069,-0.00454030,0.01130502
10.950,-2.58532555,0.03929750,1.40187969,-0.04144627,-0.01196101,-0.01529896,0.07137519,0.02059821,0.02634655,-2.58928440,0.03711978,1.40496523,-0.04246290,-0.00741252,-0.02659471,0.19231510,-38.50514161,-6.66760491,0.33630764,0.18267585,0.03731693,0.52862274,-38.32246577,-6.63028797,0.53536733,-38.31653865,-6.61760604,0.00395885,0.00217772,-0.00308554,0.00101663,-0.00454849,0.01129575
10.960,-2.58573645,0.03917892,1.40172802,-0.04073488,-0.01175570,-0.01503637,0.07090294,0.02046192,0.02617222,-2.58967920,0.03705418,1.40471019,-0.04171723,-0.00719937,-0.02632196,0.19103289,-38.50549533,-6.66743214,0.33417789,0.18174261,0.03723731,0.52521078,-38.32375272,-6.63019483,0.53200841,-38.31790913,-6.61763551,0.00394275,0.00212474,-0.00298217,0.00098235,-0.00455633,0.01128559
10.970,-2.58614026,0.03906238,1.40157896,-0.04002823,-0.01155177,-0.01477552,0.07042695,0.02032456,0.02599653,-2.59006673,0.03699064,1.40445785,-0.04097609,-0.00698795,-0.02605007,0.18974087,-38.50584967,-6.66726344,0.33203142,0.18079725,0.03715493,0.52177229,-38.32505242,-6.63010850,0.52862274,-38.31928893,-6.61767077,0.00392647,0.00207174,-0.00287889,0.00094786,-0.00456382,0.01127455
10.980,-2.58653703,0.03894788,1.40143250,-0.03932635,-0.01134922,-0.01451644,0.06994723,0.02018611,0.02581945,-2.59044702,0.03692915,1.40420819,-0.04023953,-0.00677826,-0.02577905,0.18843909,-38.50620472,-6.66709883,0.32986811,0.17984265,0.03707047,0.51830719,-38.32636207,-6.63002836,0.52521078,-38.32067814,-6.61771183,0.00390999,0.00201873,-0.00277569,0.00091318,-0.00457096,0.01126261
10.990,-2.58692681,0.03883539,1.40128862,-0.03862930,-0.01114805,-0.01425914,0.06946376,0.02004659,0.02564098,-2.59082014,0.03686969,1.40396121,-0.03950756,-0.00657030,-0.02550890,0.18712747,-38.50656053,-6.66693828,0.32768748,0.17887615,0.03698328,0.51481495,-38.32768437,-6.62995500,0.52177229,-38.32207920,-6.61775927,0.00389333,0.00196570,-0.00267259,0.00087826,-0.00457775,0.01124976
11.000,-2.58730963,0.03872491,1.40114731,-0.03793709,-0.01094829,-0.01400362,0.06897653,0.01990598,0.02546114,-2.59118612,0.03681223,1.40371689,-0.03878024,-0.00636411,-0.02523965,0.18580600,-38.50691715,-6.66678182,0.32549130,0.17790047,0.03689399,0.51129729,-38.32901668,-6.62988783,0.51830719,-38.32348931,-6.61781242,0.00387649,0.00191268,-0.00256958,0.00084315,-0.00458418,0.01123603
11.010,-2.58768556,0.03861642,1.40100854,-0.03724978,-0.01074994,-0.01374992,0.06848554,0.01976428,0.02527990,-2.59154502,0.03675677,1.40347522,-0.03805760,-0.00615968,-0.02497128,0.18447466,-38.50727465,-6.66662943,0.32327760,0.17691361,0.03680211,0.50775226,-38.33036103,-6.62982731,0.51481495,-38.32491117,-6.61787190,0.00385946,0.00185965,-0.00246668,0.00080782,-0.00459026,0.01122136
11.020,-2.58805464,0.03850991,1.40087231,-0.03656739,-0.01055301,-0.01349803,0.06799078,0.01962150,0.02509727,-2.59189688,0.03670328,1.40323621,-0.03733968,-0.00595704,-0.02470382,0.18313344,-38.50763307,-6.66648111,0.32104723,0.17591789,0.03670820,0.50418067,-38.33171518,-6.62977291,0.51129729,-38.32634213,-6.61793711,0.00384224,0.00180663,-0.00236390,0.00077229,-0.00459597,0.01120579
11.030,-2.58841693,0.03840536,1.40073858,-0.03588997,-0.01035751,-0.01324798,0.06749225,0.01947763,0.02491325,-2.59224175,0.03665174,1.40299983,-0.03662650,-0.00575619,-0.02443727,0.18178233,-38.50799247,-6.66633684,0.31879923,0.17491051,0.03661154,0.50058155,-38.33308196,-6.62972530,0.50775226,-38.32778421,-6.61800850,0.00382482,0.00175362,-0.00226125,0.00073653,-0.00460132,0.01118929
11.040,-2.58877246,0.03830276,1.40060734,-0.03521756,-0.01016346,-0.01299977,0.06698993,0.01933266,0.02472782,-2.59257968,0.03660214,1.40276609,-0.03591812,-0.00555715,-0.02417165,0.18042127,-38.50835292,-6.66619664,0.31653512,0.17389280,0.03651246,0.49695639,-38.33446011,-6.62968418,0.50418067,-38.32923516,-6.61808553,0.00380722,0.00170062,-0.00215875,0.00070056,-0.00460631,0.01117188
11.050,-2.58912130,0.03820208,1.40047858,-0.03455019,-0.00997086,-0.01275343,0.06648381,0.01918660,0.02454100,-2.59291072,0.03655446,1.40253496,-0.03521456,-0.00535993,-0.02390695,0.17905023,-38.50871447,-6.66606047,0.31425330,0.17286289,0.03641050,0.49330353,-38.33585159,-6.62964997,0.50058155,-38.33069782,-6.61816887,0.00378942,0.00164762,-0.00205638,0.00066437,-0.00461093,0.01115352
11.060,-2.58946348,0.03810333,1.40035227,-0.03388790,-0.00977973,-0.01250896,0.06597390,0.01903945,0.02435278,-2.59323492,0.03650867,1.40230644,-0.03451587,-0.00516455,-0.02364318,0.17766925,-38.50907713,-6.66592834,0.31195547,0.17182391,0.03630637,0.48962473,-38.33725322,-6.62962197,0.49695639,-38.33217091,-6.61825823,0.00377144,0.00159466,-0.00195417,0.00062797,-0.00461518,0.01113422
11.070,-2.58979907,0.03800649,1.40022839,-0.03323072,-0.00959007,-0.01226637,0.06546018,0.01889119,0.02416315,-2.59355232,0.03646477,1.40208052,-0.03382207,-0.00497102,-0.02338037,0.17627826,-38.50944099,-6.66580025,0.30964016,0.17077510,0.03619988,0.48591843,-38.33866590,-6.62960037,0.49330353,-38.33365638,-6.61835401,0.00375325,0.00154172,-0.00185213,0.00059135,-0.00461905,0.01111400
11.080,-2.59012811,0.03791153,1.40010693,-0.03257871,-0.00940191,-0.01202570,0.06494264,0.01874184,0.02397212,-2.59386299,0.03642273,1.40185719,-0.03313322,-0.00477935,-0.02311851,0.17487724,-38.50980609,-6.66567618,0.30730794,0.16971410,0.03609047,0.48218518,-38.34009199,-6.62958571,0.48962473,-38.33515106,-6.61845551,0.00373488,0.00148880,-0.00175026,0.00055451,-0.00462256,0.01109281
11.090,-2.59045066,0.03781844,1.39998787,-0.03193188,-0.00921524,-0.01178694,0.06442128,0.01859138,0.02377967,-2.59416697,0.03638252,1.40163644,-0.03244934,-0.00458955,-0.02285761,0.17346618,-38.51017249,-6.66555611,0.30495841,0.16864217,0.03597842,0.47842459,-38.34153033,-6.62957769,0.48591843,-38.33665581,-6.61856291,0.00371631,0.00143592,-0.00164857,0.00051746,-0.00462569,0.01107067
11.100,-2.59076677,0.03772722,1.39987119,-0.03129029,-0.00903008,-0.01155011,0.06389609,0.01843981,0.02358581,-2.59446430,0.03634415,1.40141826,-0.03177047,-0.00440164,-0.02259769,0.17204505,-38.51054022,-6.66544006,0.30259155,0.16756153,0.03586424,0.47463660,-38.34297870,-6.62957582,0.48218518,-38.33817303,-6.61867674,0.00369753,0.00138307,-0.00154707,0.00048018,-0.00462844,0.01104758
11.110,-2.59107649,0.03763784,1.39975686,-0.03065397,-0.00884645,-0.01131523,0.06336707,0.01828714,0.02339053,-2.59475506,0.03630757,1.40120264,-0.03109665,-0.00421564,-0.02233875,0.17061386,-38.51090932,-6.66532798,0.30020758,0.16646869,0.03574708,0.47082144,-38.34444063,-6.62958090,0.47842459,-38.33970151,-6.61879672,0.00367857,0.00133027,-0.00144578,0.00044268,-0.00463081,0.01102352
11.120,-2.59137987,0.03755028,1.39964488,-0.03002296,-0.00866435,-0.01108230,0.06283420,0.01813336,0.02319383,-2.59503927,0.03627278,1.40098957,-0.03042792,-0.00403155,-0.02208081,0.16917254,-38.51127987,-6.66521988,0.29780663,0.16536466,0.03562718,0.46697916,-38.34591521,-6.62959270,0.47463660,-38.34123905,-6.61892233,0.00365940,0.00127750,-0.00134469,0.00040496,-0.00463280,0.01099851
11.130,-2.59167696,0.03746454,1.39953521,-0.02939730,-0.00848379,-0.01085135,0.06229747,0.01797847,0.02299571,-2.59531701,0.03623975,1.40077904,-0.02976432,-0.00384939,-0.02182386,0.16772106,-38.51165186,-6.66511574,0.29538901,0.16425028,0.03550470,0.46311007,-38.34740158,-6.62961104,0.47082144,-38.34278918,-6.61905439,0.00364005,0.00122479,-0.00124383,0.00036702,-0.00463440,0.01097251
11.140,-2.59196783,0.03738060,1.39942784,-0.02877703,-0.00830478,-0.01062239,0.06175689,0.01782246,0.02279617,-2.59558831,0.03620846,1.40057104,-0.02910588,-0.00366917,-0.02156793,0.16625946,-38.51202537,-6.66501555,0.29295331,0.16312560,0.03537965,0.45921276,-38.34889977,-6.62963590,0.46697916,-38.34435095,-6.61919264,0.00362048,0.00117214,-0.00114320,0.00032885,-0.00463561,0.01094554
11.150,-2.59225252,0.03729844,1.39932275,-0.02816218,-0.00812734,-0.01039544,0.06121244,0.01766533,0.02259520,-2.59585324,0.03617890,1.40036556,-0.02845264,-0.00349091,-0.02131301,0.16478766,-38.51240045,-6.66491928,0.29050071,0.16198968,0.03525179,0.45528837,-38.35041077,-6.62966749,0.46311007,-38.34592352,-6.61933691,0.00360072,0.00111954,-0.00104281,0.00029046,-0.00463643,0.01091757
11.160,-2.59253109,0.03721805,1.39921993,-0.02755279,-0.00795148,-0.01017049,0.06066411,0.01750709,0.02239279,-2.59611185,0.03615104,1.40016258,-0.02780464,-0.00331462,-0.02105913,0.16330566,-38.51277711,-6.66482695,0.28803068,0.16084445,0.03512159,0.45133634,-38.35193266,-6.62970536,0.45921276,-38.34750691,-6.61948716,0.00358076,0.00106701,-0.00094265,0.00025185,-0.00463686,0.01088864
11.170,-2.59280360,0.03713941,1.39911934,-0.02694891,-0.00777720,-0.00994758,0.06011190,0.01734773,0.02218896,-2.59636419,0.03612487,1.39996211,-0.02716191,-0.00314031,-0.02080628,0.16181343,-38.51315539,-6.66473850,0.28554272,0.15968762,0.03498845,0.44735615,-38.35346776,-6.62975005,0.45528837,-38.34910208,-6.61964362,0.00356059,0.00101454,-0.00084277,0.00021300,-0.00463689,0.01085870
11.180,-2.59307009,0.03706250,1.39902097,-0.02635057,-0.00760453,-0.00972672,0.05955580,0.01718724,0.02198368,-2.59661031,0.03610036,1.39976412,-0.02652450,-0.00296799,-0.02055449,0.16031095,-38.51353536,-6.66465394,0.28303805,0.15851905,0.03485234,0.44334900,-38.35501631,-6.62980160,0.45133634,-38.35070714,-6.61980582,0.00354022,0.00096214,-0.00074315,0.00017393,-0.00463654,0.01082777
11.190,-2.59333063,0.03698731,1.39892480,-0.02575781,-0.00743346,-0.00950792,0.05899580,0.01702563,0.02177697,-2.59685027,0.03607749,1.39956860,-0.02589244,-0.00279768,-0.02030375,0.15879820,-38.51391703,-6.66457324,0.28051549,0.15734013,0.03471358,0.43931369,-38.35657690,-6.62985966,0.44735615,-38.35232438,-6.61997429,0.00351964,0.00090982,-0.00064380,0.00013463,-0.00463578,0.01079583
11.200,-2.59358526,0.03691383,1.39883080,-0.02517066,-0.00726402,-0.00929118,0.05843190,0.01686290,0.02156882,-2.59708413,0.03605625,1.39937555,-0.02526578,-0.00262940,-0.02005408,0.15727516,-38.51430042,-6.66449639,0.27797642,0.15615096,0.03457215,0.43525159,-38.35814946,-6.62992423,0.44334900,-38.35395404,-6.62014907,0.00349887,0.00085758,-0.00054475,0.00009512,-0.00463462,0.01076290
11.210,-2.59383406,0.03684203,1.39873897,-0.02458918,-0.00709621,-0.00907654,0.05786408,0.01669903,0.02135923,-2.59731194,0.03603660,1.39918495,-0.02464454,-0.00246315,-0.01980549,0.15574179,-38.51468563,-6.66442336,0.27541859,0.15495083,0.03442792,0.43116038,-38.35973480,-6.62999544,0.43931369,-38.35559470,-6.62032981,0.00347788,0.00080543,-0.00044598,0.00005536,-0.00463306,0.01072895
11.220,-2.59407707,0.03677190,1.39864926,-0.02401340,-0.00693004,-0.00886401,0.05729235,0.01653403,0.02114818,-2.59753375,0.03601854,1.39899680,-0.02402877,-0.00229895,-0.01955798,0.15419810,-38.51507264,-6.66435413,0.27284350,0.15373858,0.03428055,0.42704160,-38.36133406,-6.63007358,0.43525159,-38.35724629,-6.62051649,0.00345668,0.00075336,-0.00034754,0.00001537,-0.00463109,0.01069397
11.230,-2.59431434,0.03670342,1.39856168,-0.02344335,-0.00676553,-0.00865358,0.05671668,0.01636790,0.02093569,-2.59774963,0.03600204,1.39881107,-0.02341850,-0.00213681,-0.01931158,0.15264401,-38.51546151,-6.66428870,0.27025169,0.15251609,0.03413050,0.42289570,-38.36294542,-6.63015820,0.43116038,-38.35890960,-6.62070926,0.00343529,0.00070138,-0.00024939,-0.00002485,-0.00462872,0.01065800
11.240,-2.59454595,0.03663658,1.39847619,-0.02287908,-0.00660269,-0.00844530,0.05613708,0.01620063,0.02072174,-2.59795963,0.03598707,1.39862777,-0.02281378,-0.00197674,-0.01906628,0.15107955,-38.51585227,-6.66422702,0.26764127,0.15128270,0.03397759,0.41872083,-38.36456957,-6.63024944,0.42704160,-38.36058579,-6.62090839,0.00341368,0.00064951,-0.00015158,-0.00006530,-0.00462595,0.01062098
11.250,-2.59477195,0.03657136,1.39839277,-0.02232062,-0.00644152,-0.00823915,0.05555354,0.01603223,0.02050634,-2.59816380,0.03597362,1.39844687,-0.02221464,-0.00181877,-0.01882210,0.14950469,-38.51624492,-6.66416909,0.26501293,0.15003843,0.03382180,0.41451762,-38.36620649,-6.63034728,0.42289570,-38.36227300,-6.62111342,0.00339185,0.00059774,-0.00005410,-0.00010598,-0.00462275,0.01058295
11.260,-2.59499238,0.03650774,1.39831140,-0.02176802,-0.00628205,-0.00803517,0.05496605,0.01586268,0.02028948,-2.59836220,0.03596167,1.39826838,-0.02162112,-0.00166289,-0.01857905,0.14791939,-38.51663955,-6.66411487,0.26236798,0.14878236,0.03366290,0.41028737,-38.36785719,-6.63045196,0.41872083,-38.36397193,-6.62132449,0.00336982,0.00054607,0.00004302,-0.00014690,-0.00461916,0.01054388
11.270,-2.59520733,0.03644571,1.39823205,-0.02122131,-0.00612427,-0.00783337,0.05437460,0.01569200,0.02007116,-2.59855490,0.03595119,1.39809226,-0.02103327,-0.00150913,-0.01833714,0.14632363,-38.51703612,-6.66406433,0.25970402,0.14751534,0.03350108,0.40602765,-38.36952078,-6.63056325,0.41451762,-38.36568257,-6.62154158,0.00334757,0.00049452,0.00013979,-0.00018804,-0.00461514,0.01050377
11.280,-2.59541683,0.03638525,1.39815472,-0.02068054,-0.00596821,-0.00763376,0.05377918,0.01552017,0.01985137,-2.59874195,0.03594216,1.39791852,-0.02045111,-0.00135750,-0.01809638,0.14471737,-38.51743472,-6.66401748,0.25702315,0.14623832,0.03333656,0.40174052,-38.37119639,-6.63068092,0.41028737,-38.36740588,-6.62176492,0.00332512,0.00044309,0.00023620,-0.00022943,-0.00461071,0.01046262
11.290,-2.59562096,0.03632634,1.39807937,-0.02014574,-0.00581387,-0.00743635,0.05317979,0.01534719,0.01963012,-2.59892340,0.03593457,1.39774714,-0.01987469,-0.00120801,-0.01785678,0.14310062,-38.51783535,-6.66397427,0.25432385,0.14494963,0.03316891,0.39742446,-38.37288572,-6.63080536,0.40602765,-38.36914100,-6.62199426,0.00330244,0.00039177,0.00033223,-0.00027105,-0.00460586,0.01042043
11.300,-2.59581976,0.03626897,1.39800599,-0.01961696,-0.00566127,-0.00724116,0.05257642,0.01517306,0.01940740,-2.59909932,0.03592838,1.39757811,-0.01930404,-0.00106068,-0.01761835,0.14147333,-38.51823806,-6.66393469,0.25160754,0.14365123,0.03299859,0.39308088,-38.37458683,-6.63093609,0.40174052,-38.37088705,-6.62222940,0.00327956,0.00034059,0.00042788,-0.00031292,-0.00460059,0.01037719
11.310,-2.59601332,0.03621311,1.39793454,-0.01909423,-0.00551041,-0.00704820,0.05196906,0.01499778,0.01918321,-2.59926977,0.03592358,1.39741142,-0.01873922,-0.00091551,-0.01738110,0.13983549,-38.51864285,-6.66389868,0.24887193,0.14233983,0.03282481,0.38870742,-38.37630303,-6.63107387,0.39742446,-38.37264571,-6.62247068,0.00325645,0.00028953,0.00052312,-0.00035501,-0.00459490,0.01033290
11.320,-2.59620167,0.03615876,1.39786501,-0.01857759,-0.00536132,-0.00685750,0.05135771,0.01482135,0.01895754,-2.59943480,0.03592015,1.39724705,-0.01818024,-0.00077253,-0.01714504,0.13818709,-38.51904975,-6.66386625,0.24611945,0.14101887,0.03264835,0.38430654,-38.37803088,-6.63121790,0.39308088,-38.37441504,-6.62271766,0.00323313,0.00023861,0.00061796,-0.00039735,-0.00458879,0.01028754
11.330,-2.59638489,0.03610588,1.39779738,-0.01806708,-0.00521399,-0.00666906,0.05074235,0.01464377,0.01873040,-2.59959448,0.03591805,1.39708499,-0.01762716,-0.00063174,-0.01691018,0.13652807,-38.51945881,-6.66383735,0.24334847,0.13968530,0.03246850,0.37987654,-38.37977351,-6.63136885,0.38870742,-38.37619834,-6.62297107,0.00320959,0.00018783,0.00071239,-0.00043992,-0.00458225,0.01024112
11.340,-2.59656303,0.03605447,1.39773163,-0.01756275,-0.00506845,-0.00648290,0.05012298,0.01446502,0.01850177,-2.59974887,0.03591728,1.39692524,-0.01708002,-0.00049316,-0.01667654,0.13485843,-38.51987006,-6.66381198,0.24055982,0.13834191,0.03228589,0.37541825,-38.38152815,-6.63152609,0.38430654,-38.37799217,-6.62323010,0.00318584,0.00013719,0.00080639,-0.00048273,-0.00457529,0.01019364
11.350,-2.59673616,0.03600451,1.39766772,-0.01706464,-0.00492469,-0.00629903,0.04949960,0.01428512,0.01827166,-2.59989802,0.03591780,1.39676777,-0.01653884,-0.00035680,-0.01644412,0.13317816,-38.52028348,-6.66379008,0.23775284,0.13698738,0.03210018,0.37093100,-38.38329610,-6.63168989,0.37987654,-38.37979964,-6.62349542,0.00316186,0.00008671,0.00089995,-0.00052580,-0.00456789,0.01014509
11.360,-2.59690435,0.03595597,1.39760564,-0.01657278,-0.00478275,-0.00611747,0.04887218,0.01410405,0.01804007,-2.60004200,0.03591960,1.39661257,-0.01600368,-0.00022268,-0.01621293,0.13148719,-38.52069914,-6.66377162,0.23492691,0.13562018,0.03191103,0.36641410,-38.38507896,-6.63186060,0.37541825,-38.38161800,-6.62376640,0.00313765,0.00003637,0.00099307,-0.00056910,-0.00456007,0.01009546
11.370,-2.59706764,0.03590884,1.39754536,-0.01608721,-0.00464262,-0.00593823,0.04824074,0.01392182,0.01780698,-2.60018088,0.03592265,1.39645964,-0.01547457,-0.00009080,-0.01598300,0.12978555,-38.52111704,-6.66375659,0.23208387,0.13424153,0.03171866,0.36186942,-38.38687551,-6.63203793,0.37093100,-38.38344851,-6.62404330,0.00311324,-0.00001381,0.00108572,-0.00061264,-0.00455182,0.01004477
11.380,-2.59722611,0.03586311,1.39748687,-0.01560798,-0.00450431,-0.00576133,0.04760525,0.01373843,0.01757241,-2.60031470,0.03592692,1.39630896,-0.01495156,0.00003881,-0.01575432,0.12807317,-38.52153719,-6.66374496,0.22922220,0.13285378,0.03152366,0.35729538,-38.38868341,-6.63222130,0.36641410,-38.38529279,-6.62432646,0.00308859,-0.00006381,0.00117791,-0.00065642,-0.00454312,0.00999299
11.390,-2.59737982,0.03581875,1.39743013,-0.01513512,-0.00436785,-0.00558679,0.04696572,0.01355387,0.01733634,-2.60044354,0.03593240,1.39616051,-0.01443467,0.00016615,-0.01552690,0.12635008,-38.52195963,-6.66373669,0.22634227,0.13145336,0.03132515,0.35269234,-38.39050627,-6.63241154,0.36186942,-38.38714959,-6.62461559,0.00306372,-0.00011365,0.00126962,-0.00070045,-0.00453400,0.00994011
11.400,-2.59752883,0.03577575,1.39737512,-0.01466867,-0.00423324,-0.00541461,0.04632213,0.01336813,0.01709877,-2.60056746,0.03593907,1.39601429,-0.01392395,0.00029121,-0.01530077,0.12461620,-38.52238439,-6.66373174,0.22344436,0.13004223,0.03112356,0.34806056,-38.39234216,-6.63260818,0.35729538,-38.38901659,-6.62491011,0.00303863,-0.00016332,0.00136083,-0.00074472,-0.00452445,0.00988616
11.410,-2.59767322,0.03573408,1.39732183,-0.01420869,-0.00410049,-0.00524482,0.04567448,0.01318122,0.01685971,-2.60068652,0.03594689,1.39587027,-0.01341945,0.00041396,-0.01507593,0.12287155,-38.52281149,-6.66373010,0.22052690,0.12861946,0.03091870,0.34339845,-38.39419203,-6.63281140,0.35269234,-38.39089737,-6.62521084,0.00301330,-0.00021281,0.00145156,-0.00078924,-0.00451445,0.00983111
11.420,-2.59781303,0.03569373,1.39727022,-0.01375520,-0.00396962,-0.00507742,0.04502275,0.01299314,0.01661914,-2.60080078,0.03595585,1.39572846,-0.01292119,0.00053440,-0.01485239,0.12111606,-38.52324093,-6.66373172,0.21759212,0.12718519,0.03071054,0.33870817,-38.39605574,-6.63302117,0.34806056,-38.39279001,-6.62551729,0.00298775,-0.00026212,0.00154176,-0.00083401,-0.00450402,0.00977497
11.430,-2.59794834,0.03565468,1.39722027,-0.01330825,-0.00384063,-0.00491244,0.04436695,0.01280388,0.01637706,-2.60091032,0.03596592,1.39558882,-0.01242923,0.00065250,-0.01463017,0.11934975,-38.52367275,-6.66373656,0.21463868,0.12573961,0.03049913,0.33398843,-38.39793314,-6.63323743,0.34339845,-38.39469545,-6.62582965,0.00296198,-0.00031124,0.00163145,-0.00087902,-0.00449313,0.00971773
11.440,-2.59807922,0.03561691,1.39717196,-0.01286787,-0.00371355,-0.00474989,0.04370706,0.01261345,0.01613348,-2.60101518,0.03597707,1.39545136,-0.01194360,0.00076827,-0.01440927,0.11757257,-38.52410694,-6.66374461,0.21166626,0.12428257,0.03028443,0.32923884,-38.39982436,-6.63346017,0.33870817,-38.39661353,-6.62614789,0.00293596,-0.00036016,0.00172060,-0.00092427,-0.00448182,0.00965938
11.450,-2.59820572,0.03558040,1.39712526,-0.01243412,-0.00358837,-0.00458978,0.04304308,0.01242183,0.01588838,-2.60111545,0.03598929,1.39531605,-0.01146434,0.00088169,-0.01418971,0.11578452,-38.52454355,-6.66375582,0.20867594,0.12281387,0.03006636,0.32446046,-38.40172968,-6.63368945,0.33398843,-38.39854410,-6.62647191,0.00290973,-0.00040889,0.00180921,-0.00096978,-0.00447006,0.00959993
11.460,-2.59832792,0.03554514,1.39708016,-0.01200703,-0.00346511,-0.00443212,0.04237500,0.01222903,0.01564178,-2.60121118,0.03600255,1.39518288,-0.01099149,0.00099274,-0.01397150,0.11398557,-38.52498258,-6.66377017,0.20566666,0.12133604,0.02984553,0.31965223,-38.40364655,-6.63392464,0.32923884,-38.40048730,-6.62680174,0.00288326,-0.00045741,0.00189728,-0.00101554,-0.00445785,0.00953938
11.470,-2.59844588,0.03551110,1.39703661,-0.01158663,-0.00334379,-0.00427694,0.04170280,0.01203504,0.01539365,-2.60130244,0.03601682,1.39505184,-0.01052510,0.00110140,-0.01375465,0.11217565,-38.52542406,-6.66378760,0.20263909,0.11984505,0.02962093,0.31481474,-38.40557901,-6.63416667,0.32446046,-38.40244338,-6.62713740,0.00285656,-0.00050572,0.00198477,-0.00106153,-0.00444519,0.00947771
11.480,-2.59855968,0.03547826,1.39699461,-0.01117298,-0.00322442,-0.00412426,0.04102650,0.01183986,0.01514401,-2.60138929,0.03603209,1.39492291,-0.01006519,0.00120767,-0.01353918,0.11035482,-38.52586801,-6.66380810,0.19959188,0.11834269,0.02939301,0.30994670,-38.40752532,-6.63441509,0.31965223,-38.40440979,-6.62747826,0.00282961,-0.00055383,0.00207170,-0.00110779,-0.00443209,0.00941492
11.490,-2.59866937,0.03544660,1.39695412,-0.01076612,-0.00310700,-0.00397407,0.04034607,0.01164350,0.01489284,-2.60147181,0.03604832,1.39479608,-0.00961182,0.00131154,-0.01332509,0.10852300,-38.52631443,-6.66383160,0.19652645,0.11682810,0.02916152,0.30504945,-38.40948634,-6.63467008,0.31481474,-38.40639058,-6.62782526,0.00280244,-0.00060172,0.00215804,-0.00115430,-0.00441854,0.00935102
11.500,-2.59877502,0.03541611,1.39691512,-0.01036608,-0.00299155,-0.00382640,0.03966150,0.01144594,0.01464015,-2.60155006,0.03606549,1.39467134,-0.00916503,0.00141299,-0.01311239,0.10668015,-38.52676335,-6.66385810,0.19344275,0.11530299,0.02892686,0.30012289,-38.41146036,-6.63493124,0.30994670,-38.40838398,-6.62817793,0.00277504,-0.00064938,0.00224378,-0.00120105,-0.00440454,0.00928599
11.510,-2.59887671,0.03538676,1.39687758,-0.00997290,-0.00287809,-0.00368127,0.03897280,0.01124719,0.01438593,-2.60162410,0.03608358,1.39454866,-0.00872484,0.00151200,-0.01290111,0.10482629,-38.52721478,-6.66388754,0.19033978,0.11376512,0.02868849,0.29516608,-38.41344966,-6.63519905,0.30504945,-38.41039085,-6.62853645,0.00274739,-0.00069682,0.00232892,-0.00124806,-0.00439009,0.00921984
11.520,-2.59897450,0.03535854,1.39684149,-0.00958663,-0.00276661,-0.00353869,0.03827996,0.01104724,0.01413019,-2.60169401,0.03610257,1.39442805,-0.00829132,0.00160856,-0.01269125,0.10296141,-38.52766873,-6.66391990,0.18721813,0.11221769,0.02844715,0.29017954,-38.41545104,-6.63547275,0.30012289,-38.41240949,-6.62890041,0.00271951,-0.00074403,0.00241344,-0.00129531,-0.00437517,0.00915256
11.530,-2.59906847,0.03533142,1.39680680,-0.00920731,-0.00265714,-0.00339867,0.03758296,0.01084609,0.01387290,-2.60175985,0.03612242,1.39430947,-0.00786449,0.00170267,-0.01248283,0.10108543,-38.52812523,-6.66395512,0.18407693,0.11065688,0.02820192,0.28516236,-38.41746835,-6.63575320,0.29516608,-38.41444215,-6.62927028,0.00269138,-0.00079100,0.00249733,-0.00134282,-0.00435981,0.00908416
11.540,-2.59915867,0.03530539,1.39677350,-0.00883499,-0.00254969,-0.00326124,0.03688180,0.01064374,0.01361409,-2.60182169,0.03614311,1.39419292,-0.00744440,0.00179430,-0.01227585,0.09919836,-38.52858427,-6.66399318,0.18091761,0.10908549,0.02795344,0.28011598,-38.41949878,-6.63603975,0.29017954,-38.41648564,-6.62964529,0.00266302,-0.00083772,0.00258058,-0.00139059,-0.00434399,0.00901461
11.550,-2.59924519,0.03528042,1.39674157,-0.00846969,-0.00244427,-0.00312640,0.03617647,0.01044019,0.01335373,-2.60187960,0.03616462,1.39407838,-0.00703109,0.00188345,-0.01207033,0.09730017,-38.52904589,-6.66403404,0.17773872,0.10750248,0.02770147,0.27503890,-38.42154341,-6.63633257,0.28516236,-38.41854379,-6.63002632,0.00263441,-0.00088420,0.00266319,-0.00143860,-0.00432772,0.00894393
11.560,-2.59932809,0.03525650,1.39671097,-0.00811147,-0.00234089,-0.00299417,0.03546696,0.01023543,0.01309183,-2.60193365,0.03618692,1.39396584,-0.00662460,0.00197009,-0.01186628,0.09539083,-38.52951009,-6.66407765,0.17454094,0.10590846,0.02744612,0.26993177,-38.42360163,-6.63663154,0.28011598,-38.42061380,-6.63041268,0.00260556,-0.00093042,0.00274513,-0.00148687,-0.00431098,0.00887211
11.570,-2.59940744,0.03523360,1.39668168,-0.00776037,-0.00223957,-0.00286457,0.03475327,0.01002947,0.01282839,-2.60198391,0.03620998,1.39385528,-0.00622497,0.00205423,-0.01166372,0.09347033,-38.52997687,-6.66412398,0.17132427,0.10430214,0.02718707,0.26479460,-38.42567473,-6.63693691,0.27503890,-38.42269672,-6.63080456,0.00257647,-0.00097638,0.00282640,-0.00153540,-0.00429380,0.00879915
11.580,-2.59948332,0.03521170,1.39665367,-0.00741642,-0.00214031,-0.00273760,0.03403539,0.00982229,0.01256340,-2.60203045,0.03623379,1.39374669,-0.00583224,0.00213583,-0.01146266,0.09153864,-38.53044628,-6.66417297,0.16808810,0.10268363,0.02692434,0.25962674,-38.42776265,-6.63724863,0.26993177,-38.42479196,-6.63120181,0.00254713,-0.00102209,0.00290698,-0.00158418,-0.00427614,0.00872506
11.590,-2.59955580,0.03519079,1.39662691,-0.00707967,-0.00204313,-0.00261330,0.03331331,0.00961391,0.01229686,-2.60207334,0.03625831,1.39364004,-0.00544646,0.00221490,-0.01126310,0.08959574,-38.53091828,-6.66422460,0.16483250,0.10105408,0.02665817,0.25442824,-38.42986420,-6.63756642,0.26479460,-38.42690079,-6.63160469,0.00251754,-0.00106752,0.00298687,-0.00163321,-0.00425803,0.00864980
11.600,-2.59962494,0.03517083,1.39660139,-0.00675017,-0.00194804,-0.00249167,0.03258702,0.00940431,0.01202877,-2.60211266,0.03628352,1.39353533,-0.00506766,0.00229142,-0.01106507,0.08764158,-38.53139294,-6.66427881,0.16155821,0.09941176,0.02638817,0.24919979,-38.43198118,-6.63789064,0.25962674,-38.42902314,-6.63201314,0.00248772,-0.00111269,0.00306606,-0.00168251,-0.00423946,0.00857340
11.610,-2.59969082,0.03515182,1.39657707,-0.00642795,-0.00185505,-0.00237273,0.03185652,0.00919349,0.01175912,-2.60214846,0.03630939,1.39343254,-0.00469590,0.00236537,-0.01086858,0.08567618,-38.53187024,-6.66433559,0.15826482,0.09775909,0.02611486,0.24394101,-38.43411115,-6.63822072,0.25442824,-38.43115782,-6.63242687,0.00245764,-0.00115757,0.00314453,-0.00173205,-0.00422042,0.00849585
11.620,-2.59975352,0.03513372,1.39655393,-0.00611305,-0.00176417,-0.00225650,0.03112180,0.00898146,0.01148791,-2.60218083,0.03633590,1.39333166,-0.00433120,0.00243675,-0.01067364,0.08369950,-38.53235019,-6.66439486,0.15495169,0.09609346,0.02583764,0.23865119,-38.43625673,-6.63855722,0.24919979,-38.43330661,-6.63284624,0.00242731,-0.00120218,0.00322227,-0.00178185,-0.00420092,0.00841714
11.630,-2.59981311,0.03511653,1.39653193,-0.00580553,-0.00167542,-0.00214298,0.03038285,0.00876820,0.01121515,-2.60220984,0.03636302,1.39323265,-0.00397361,0.00250553,-0.01048026,0.08171151,-38.53283280,-6.66445661,0.15161893,0.09441734,0.02555706,0.23333044,-38.43841546,-6.63889955,0.24394101,-38.43546708,-6.63327066,0.00239673,-0.00124649,0.00329928,-0.00183192,-0.00418095,0.00833728
11.640,-2.59986966,0.03510021,1.39651106,-0.00550541,-0.00158881,-0.00203220,0.02963966,0.00855373,0.01094081,-2.60223556,0.03639072,1.39313552,-0.00362318,0.00257171,-0.01028846,0.07971218,-38.53331809,-6.66452078,0.14826697,0.09272891,0.02527268,0.22797915,-38.44058919,-6.63924810,0.23865119,-38.43764185,-6.63370070,0.00236590,-0.00129051,0.00337554,-0.00188223,-0.00416052,0.00825626
11.650,-2.59992324,0.03508474,1.39649128,-0.00521275,-0.00150435,-0.00192417,0.02889223,0.00833803,0.01066492,-2.60225806,0.03641898,1.39304025,-0.00327994,0.00263527,-0.01009824,0.07770151,-38.53380607,-6.66458731,0.14489596,0.09102746,0.02498431,0.22259747,-38.44277862,-6.63960301,0.23333044,-38.43982843,-6.63413575,0.00233482,-0.00133424,0.00345103,-0.00193281,-0.00413962,0.00817407
11.660,-2.59997394,0.03507011,1.39647257,-0.00492758,-0.00142205,-0.00181890,0.02814055,0.00812110,0.01038745,-2.60227742,0.03644777,1.39294681,-0.00294394,0.00269620,-0.00990963,0.07567947,-38.53429676,-6.66465620,0.14150476,0.08931556,0.02469256,0.21718423,-38.44498120,-6.63996364,0.22797915,-38.44202868,-6.63457620,0.00230348,-0.00137766,0.00352576,-0.00198364,-0.00411825,0.00809073
11.670,-2.60002182,0.03505630,1.39645489,-0.00464995,-0.00134193,-0.00171642,0.02738461,0.00790294,0.01010841,-2.60229371,0.03647706,1.39285519,-0.00261522,0.00275448,-0.00972264,0.07364602,-38.53479013,-6.66472737,0.13809453,0.08759229,0.02439717,0.21174055,-38.44719785,-6.64033020,0.22259747,-38.44424328,-6.63502217,0.00227189,-0.00142076,0.00359970,-0.00203473,-0.00409641,0.00800622
11.680,-2.60006696,0.03504327,1.39643823,-0.00437990,-0.00126400,-0.00161674,0.02662440,0.00768355,0.00982780,-2.60230701,0.03650683,1.39276538,-0.00229383,0.00281011,-0.00953728,0.07160114,-38.53528624,-6.66480079,0.13466478,0.08585608,0.02409778,0.20626593,-38.44943016,-6.64070301,0.21718423,-38.44646970,-6.63547304,0.00224005,-0.00146356,0.00367285,-0.00208607,-0.00407411,0.00792054
11.690,-2.60010944,0.03503101,1.39642255,-0.00411748,-0.00118826,-0.00151987,0.02585992,0.00746293,0.00954561,-2.60231739,0.03653705,1.39267736,-0.00197979,0.00286307,-0.00935356,0.06954483,-38.53578507,-6.66487642,0.13121514,0.08410820,0.02379468,0.20075997,-38.45167687,-6.64108174,0.21174055,-38.44870882,-6.63592900,0.00220795,-0.00150604,0.00374519,-0.00213769,-0.00405133,0.00783369
11.700,-2.60014934,0.03501950,1.39640782,-0.00386272,-0.00111474,-0.00142584,0.02509115,0.00724107,0.00926184,-2.60232492,0.03656770,1.39259110,-0.00167317,0.00291334,-0.00917150,0.06747703,-38.53628663,-6.66495419,0.12774543,0.08234843,0.02348777,0.19522246,-38.45393820,-6.64146642,0.20626593,-38.45096224,-6.63639035,0.00217558,-0.00154820,0.00381672,-0.00218955,-0.00402808,0.00774566
11.710,-2.60018672,0.03500871,1.39639402,-0.00361567,-0.00104345,-0.00133464,0.02431810,0.00701798,0.00897648,-2.60232968,0.03659873,1.39250660,-0.00137399,0.00296092,-0.00899112,0.06539776,-38.53679093,-6.66503408,0.12425683,0.08057634,0.02317696,0.18965459,-38.45621459,-6.64185712,0.20075997,-38.45322869,-6.63685676,0.00214296,-0.00159002,0.00388742,-0.00224168,-0.00400437,0.00765648
11.720,-2.60022168,0.03499862,1.39638112,-0.00337637,-0.00097439,-0.00124631,0.02354075,0.00679364,0.00868954,-2.60233176,0.03663014,1.39242384,-0.00108231,0.00300579,-0.00881242,0.06330697,-38.53729801,-6.66511604,0.12074753,0.07879220,0.02286231,0.18405450,-38.45850581,-6.64225373,0.19522246,-38.45550840,-6.63732826,0.00211008,-0.00163152,0.00395728,-0.00229406,-0.00398018,0.00756611
11.730,-2.60025428,0.03498921,1.39636909,-0.00314487,-0.00090758,-0.00116086,0.02275910,0.00656806,0.00840101,-2.60233121,0.03666188,1.39234280,-0.00079817,0.00304794,-0.00863542,0.06120465,-38.53780785,-6.66520002,0.11721884,0.07699620,0.02254382,0.17842349,-38.46081165,-6.64265619,0.18965459,-38.45780178,-6.63780491,0.00207693,-0.00167267,0.00402629,-0.00234670,-0.00395552,0.00747456
11.740,-2.60028460,0.03498046,1.39635789,-0.00292120,-0.00084303,-0.00107830,0.02197313,0.00634124,0.00811089,-2.60232813,0.03669394,1.39226345,-0.00052160,0.00308735,-0.00846013,0.05909076,-38.53832043,-6.66528596,0.11367075,0.07518797,0.02222140,0.17276150,-38.46313246,-6.64306456,0.18405450,-38.46010861,-6.63828659,0.00204353,-0.00171348,0.00409444,-0.00239960,-0.00393038,0.00738183
11.750,-2.60031273,0.03497234,1.39634751,-0.00270542,-0.00078076,-0.00099864,0.02118285,0.00611317,0.00781917,-2.60232259,0.03672628,1.39218579,-0.00025265,0.00312401,-0.00828658,0.05696530,-38.53883582,-6.66537384,0.11010204,0.07336767,0.02189508,0.16706734,-38.46546815,-6.64347875,0.17842349,-38.46242865,-6.63877324,0.00200986,-0.00175394,0.00416172,-0.00245277,-0.00390477,0.00728794
11.760,-2.60033873,0.03496484,1.39633791,-0.00249756,-0.00072077,-0.00092192,0.02038824,0.00588385,0.00752586,-2.60231467,0.03675887,1.39210980,0.00000863,0.00315792,-0.00811477,0.05482823,-38.53935398,-6.66546360,0.10651442,0.07153658,0.02156514,0.16134265,-38.46781739,-6.64389845,0.17276150,-38.46476227,-6.63926490,0.00197594,-0.00179403,0.00422811,-0.00250619,-0.00387869,0.00719285
11.770,-2.60036270,0.03495792,1.39632906,-0.00229767,-0.00066309,-0.00084813,0.01958929,0.00565329,0.00723095,-2.60230444,0.03679170,1.39203546,0.00026221,0.00318904,-0.00794471,0.05267952,-38.53987492,-6.66555517,0.10290606,0.06969171,0.02123087,0.15558558,-38.47018321,-6.64432431,0.16706734,-38.46710936,-6.63976148,0.00194174,-0.00183378,0.00429360,-0.00255988,-0.00385213,0.00709658
11.780,-2.60038471,0.03495157,1.39632094,-0.00210579,-0.00060771,-0.00077730,0.01878601,0.00542146,0.00693443,-2.60229198,0.03682472,1.39196274,0.00050803,0.00321738,-0.00777643,0.05051919,-38.54039870,-6.66564855,0.09927777,0.06783619,0.02089299,0.14979696,-38.47256251,-6.64475557,0.16134265,-38.46946860,-6.64026266,0.00190727,-0.00187315,0.00435820,-0.00261382,-0.00382509,0.00699913
11.790,-2.60040485,0.03494576,1.39631351,-0.00192196,-0.00055466,-0.00070945,0.01797837,0.00518839,0.00663631,-2.60227738,0.03685792,1.39189164,0.00074606,0.00324292,-0.00760994,0.04834717,-38.54092526,-6.66574366,0.09562878,0.06596774,0.02055095,0.14397594,-38.47495752,-6.64519271,0.15558558,-38.47184298,-6.64076908,0.00187253,-0.00191216,0.00442187,-0.00266802,-0.00379758,0.00690049
11.800,-2.60042318,0.03494047,1.39630674,-0.00174623,-0.00050395,-0.00064458,0.01716638,0.00495406,0.00633658,-2.60226071,0.03689125,1.39182212,0.00097625,0.00326565,-0.00744525,0.04616346,-38.54145463,-6.66584045,0.09196065,0.06408705,0.02020488,0.13812411,-38.47736759,-6.64563557,0.14979696,-38.47422942,-6.64127998,0.00183753,-0.00195078,0.00448462,-0.00272248,-0.00376960,0.00680067
11.810,-2.60043980,0.03493567,1.39630061,-0.00157865,-0.00045558,-0.00058272,0.01635002,0.00471846,0.00603524,-2.60224206,0.03692471,1.39175419,0.00119856,0.00328555,-0.00728237,0.04396803,-38.54198686,-6.66593888,0.08827171,0.06219386,0.01985473,0.13223974,-38.47979300,-6.64608415,0.14397594,-38.47663014,-6.64179584,0.00180226,-0.00198904,0.00454642,-0.00277721,-0.00374113,0.00669965
11.820,-2.60045478,0.03493135,1.39629507,-0.00141925,-0.00040958,-0.00052388,0.01552929,0.00448161,0.00573229,-2.60222150,0.03695824,1.39168780,0.00141295,0.00330261,-0.00712133,0.04176086,-38.54252188,-6.66603889,0.08456312,0.06028862,0.01950056,0.12632398,-38.48223325,-6.64653833,0.13812411,-38.47904448,-6.64231647,0.00176672,-0.00202689,0.00460727,-0.00283220,-0.00371219,0.00659745
11.830,-2.60046821,0.03492747,1.39629012,-0.00126808,-0.00036596,-0.00046808,0.01470418,0.00424349,0.00542772,-2.60219911,0.03699184,1.39162296,0.00161937,0.00331682,-0.00696213,0.03954193,-38.54305977,-6.66614045,0.08083397,0.05837099,0.01914232,0.12037590,-38.48468878,-6.64699813,0.13223974,-38.48147272,-6.64284188,0.00173090,-0.00206437,0.00466716,-0.00288745,-0.00368278,0.00649405
11.840,-2.60048017,0.03492402,1.39628570,-0.00112518,-0.00032472,-0.00041533,0.01387469,0.00400410,0.00512153,-2.60217498,0.03702546,1.39155963,0.00181778,0.00332816,-0.00680480,0.03731124,-38.54360050,-6.66624350,0.07708461,0.05644116,0.01878001,0.11439585,-38.48715933,-6.64746349,0.12632398,-38.48391435,-6.64337193,0.00169481,-0.00210144,0.00472607,-0.00294296,-0.00365288,0.00638947
11.850,-2.60049074,0.03492097,1.39628180,-0.00099060,-0.00028588,-0.00036566,0.01304080,0.00376345,0.00481372,-2.60214919,0.03705908,1.39149780,0.00200813,0.00333663,-0.00664934,0.03506873,-38.54414406,-6.66634799,0.07331508,0.05449951,0.01841372,0.10838381,-38.48964455,-6.64793428,0.12037590,-38.48636980,-6.64390665,0.00165845,-0.00213811,0.00478400,-0.00299873,-0.00362251,0.00628368
11.860,-2.60050001,0.03491829,1.39627838,-0.00086438,-0.00024945,-0.00031907,0.01220250,0.00352153,0.00450428,-2.60212182,0.03709267,1.39143745,0.00219038,0.00334220,-0.00649577,0.03281437,-38.54469050,-6.66645387,0.06952488,0.05254447,0.01804305,0.10233925,-38.49214603,-6.64841081,0.11439585,-38.48883879,-6.64444595,0.00162181,-0.00217438,0.00484093,-0.00305476,-0.00359165,0.00617670
11.870,-2.60050806,0.03491597,1.39627541,-0.00074656,-0.00021545,-0.00027558,0.01135980,0.00327833,0.00419322,-2.60209295,0.03712620,1.39137856,0.00236449,0.00334487,-0.00634412,0.03054819,-38.54523980,-6.66656109,0.06571433,0.05057830,0.01766853,0.09626252,-38.49466150,-6.64889255,0.10838381,-38.49132099,-6.64498970,0.00158489,-0.00221023,0.00489685,-0.00311105,-0.00356032,0.00606854
11.880,-2.60051497,0.03491398,1.39627286,-0.00063720,-0.00018389,-0.00023521,0.01051269,0.00303386,0.00388052,-2.60206267,0.03715964,1.39132111,0.00253041,0.00334462,-0.00619438,0.02827016,-38.54579196,-6.66666960,0.06188357,0.04860012,0.01728994,0.09015373,-38.49719184,-6.64937966,0.10233925,-38.49381797,-6.64553822,0.00154770,-0.00224566,0.00495175,-0.00316761,-0.00352851,0.00595917
11.890,-2.60052083,0.03491229,1.39627069,-0.00053632,-0.00015478,-0.00019797,0.00966114,0.00278811,0.00356619,-2.60203105,0.03719296,1.39126507,0.00268810,0.00334145,-0.00604659,0.02598020,-38.54634700,-6.66677934,0.05803240,0.04660842,0.01690690,0.08401260,-38.49973858,-6.64987244,0.09626252,-38.49632746,-6.64609095,0.00151022,-0.00228067,0.00500562,-0.00322442,-0.00349623,0.00584862
11.900,-2.60052572,0.03491087,1.39626889,-0.00044399,-0.00012813,-0.00016389,0.00880517,0.00254109,0.00325023,-2.60199820,0.03722613,1.39121044,0.00283751,0.00333532,-0.00590075,0.02367835,-38.54690493,-6.66689026,0.05416084,0.04460386,0.01651957,0.07783919,-38.50230107,-6.65037069,0.09015373,-38.49885032,-6.64664804,0.00147248,-0.00231526,0.00505845,-0.00328150,-0.00346345,0.00573686
11.910,-2.60052974,0.03490972,1.39626741,-0.00036024,-0.00010396,-0.00013297,0.00794475,0.00229278,0.00293263,-2.60196418,0.03725912,1.39115719,0.00297861,0.00332625,-0.00575688,0.02136455,-38.54746573,-6.66700233,0.05026796,0.04258909,0.01612855,0.07163251,-38.50487665,-6.65087379,0.08401260,-38.50138809,-6.64720981,0.00143444,-0.00234940,0.00511022,-0.00333885,-0.00343021,0.00562391
11.920,-2.60053296,0.03490879,1.39626622,-0.00028511,-0.00008228,-0.00010524,0.00707989,0.00204319,0.00261338,-2.60192908,0.03729190,1.39110530,0.00311133,0.00331420,-0.00561499,0.01903881,-38.54802944,-6.66711547,0.04635500,0.04056000,0.01573285,0.06539381,-38.50746944,-6.65138263,0.07783919,-38.50394010,-6.64777602,0.00139612,-0.00238311,0.00516092,-0.00339644,-0.00339648,0.00550975
11.930,-2.60053547,0.03490806,1.39626529,-0.00021865,-0.00006310,-0.00008071,0.00621058,0.00179231,0.00229249,-2.60189300,0.03732444,1.39105474,0.00323565,0.00329918,-0.00547511,0.01670111,-38.54859606,-6.66722964,0.04242158,0.03851762,0.01533270,0.05912270,-38.51007844,-6.65189694,0.07163251,-38.50650370,-6.64834606,0.00135753,-0.00241638,0.00521055,-0.00345430,-0.00336228,0.00539440
11.940,-2.60053736,0.03490752,1.39626459,-0.00016091,-0.00004644,-0.00005940,0.00533680,0.00154015,0.00196996,-2.60185601,0.03735671,1.39100551,0.00335152,0.00328116,-0.00533724,0.01435139,-38.54916555,-6.66734479,0.03846740,0.03646444,0.01492868,0.05281880,-38.51270111,-6.65241611,0.06539381,-38.50908299,-6.64892081,0.00131865,-0.00244919,0.00525908,-0.00351243,-0.00332760,0.00527784
11.950,-2.60053872,0.03490712,1.39626409,-0.00011193,-0.00003230,-0.00004132,0.00445855,0.00128670,0.00164577,-2.60181820,0.03738868,1.39095757,0.00345888,0.00326013,-0.00520141,0.01198965,-38.54973798,-6.66746086,0.03449219,0.03439678,0.01451992,0.04648184,-38.51534120,-6.65294094,0.05912270,-38.51167697,-6.64949998,0.00127948,-0.00248156,0.00530652,-0.00357081,-0.00329243,0.00516009
11.960,-2.60053963,0.03490686,1.39626376,-0.00007176,-0.00002071,-0.00002649,0.00357582,0.00103195,0.00131993,-2.60177965,0.03742032,1.39091090,0.00355770,0.00323609,-0.00506763,0.00961587,-38.55031333,-6.66757781,0.03049653,0.03231870,0.01410736,0.04011240,-38.51799463,-6.65347046,0.05281880,-38.51428308,-6.65008297,0.00124002,-0.00251346,0.00535286,-0.00362946,-0.00325680,0.00504114
11.970,-2.60054018,0.03490670,1.39626355,-0.00004043,-0.00001167,-0.00001492,0.00268861,0.00077591,0.00099244,-2.60174047,0.03745160,1.39086550,0.00364794,0.00320901,-0.00493591,0.00723004,-38.55089159,-6.66769557,0.02648043,0.03022666,0.01369012,0.03371047,-38.52066492,-6.65400545,0.04648184,-38.51690508,-6.65067055,0.00120029,-0.00254490,0.00539805,-0.00368837,-0.00322068,0.00492099
11.980,-2.60054047,0.03490662,1.39626345,-0.00001800,-0.00000519,-0.00000664,0.00179691,0.00051857,0.00066329,-2.60170072,0.03748248,1.39082132,0.00372954,0.00317888,-0.00480628,0.00483214,-38.55147278,-6.66781410,0.02244273,0.02812329,0.01326885,0.02727487,-38.52334949,-6.65454525,0.04011240,-38.51953889,-6.65126177,0.00116025,-0.00257586,0.00544213,-0.00374754,-0.00318407,0.00479964
11.990,-2.60054057,0.03490659,1.39626341,-0.00000451,-0.00000130,-0.00000166,0.00090071,0.00025994,0.00033248,-2.60166051,0.03751294,1.39077836,0.00380246,0.00314570,-0.00467875,0.00242213,-38.55205689,-6.66793333,0.01838503,0.02600629,0.01284297,0.02080717,-38.52605060,-6.65509037,0.03371047,-38.52218799,-6.65185737,0.00111994,-0.00260635,0.00548505,-0.00380697,-0.00314700,0.00467709
12.000,-2.60054059,0.03490659,1.39626340,-0.00000000,-0.00000000,-0.00000000,-0.00000000,-0.00000000,-0.00000000,-2.60161992,0.03754295,1.39073659,0.00386666,0.00310944,-0.00455333,0.00000000,-38.55264395,-6.66805323,0.01430572,0.02387703,0.01241278,0.01430572,-38.52876693,-6.65564044,0.02727487,-38.52484983,-6.65245671,0.00107933,-0.00263636,0.00552681,-0.00386666,-0.00310944,0.00455333
