t,q_des_1,q_des_2,q_des_3,qd_des_1,qd_des_2,qd_des_3,qdd_des_1,qdd_des_2,qdd_des_3,q_act_1,q_act_2,q_act_3,qd_act_1,qd_act_2,qd_act_3,tau_delan_1,tau_delan_2,tau_delan_3,tau_dnn_1,tau_dnn_2,tau_dnn_3,tau_fb_1,tau_fb_2,tau_fb_3,tau_total_1,tau_total_2,tau_total_3,tau_sensed_1,tau_sensed_2,tau_sensed_3,e_pos_1,e_pos_2,e_pos_3,e_vel_1,e_vel_2,e_vel_3,gru_active
0.000,0.00000000,0.78539816,2.35619449,-0.00000000,-0.00000000,-0.00000000,-0.00000000,-0.00000000,-0.00000000,0.00054490,0.77888078,2.35926285,0.00072519,-0.00994621,0.00996934,-0.00165734,-21.86057281,-0.00157482,-0.00165734,-21.86057281,-0.00157482,-0.00962443,0.21267852,-0.06481512,-0.01128177,-21.64789429,-0.06638994,-0.00000000,-21.83361240,-0.00496129,-0.00054490,0.00651738,-0.00306836,-0.00072519,0.00994621,-0.00996934,0
0.010,-0.00000002,0.78539816,2.35619448,-0.00000451,-0.00000130,-0.00000166,-0.00090071,-0.00025994,-0.00033248,0.00054490,0.77888078,2.35926285,0.00072519,-0.00994621,0.00996934,-0.00731826,-21.86348534,-0.00233377,-0.00731826,-21.86348534,-0.00233377,-0.00963429,0.21268506,-0.06482247,-0.01695256,-21.65080028,-0.06715624,-0.00000000,-21.83361240,-0.00496129,-0.00054492,0.00651738,-0.00306837,-0.00072970,0.00994491,-0.00997100,0
0.020,-0.00000012,0.78539813,2.35619445,-0.00001800,-0.00000519,-0.00000664,-0.00179691,-0.00051857,-0.00066329,0.00057019,0.77852643,2.35964686,0.00065643,-0.00913996,0.00968510,-0.01295089,-21.86638451,-0.00308995,-0.01295089,-21.86638451,-0.00308995,-0.00990514,0.21750617,-0.06912025,-0.02285602,-21.64887834,-0.07221020,0.00000000,-21.83413262,-0.00469991,-0.00057031,0.00687170,-0.00345241,-0.00067443,0.00913477,-0.00969174,0
0.030,-0.00000040,0.78539805,2.35619434,-0.00004043,-0.00001167,-0.00001492,-0.00268861,-0.00077591,-0.00099244,0.00057560,0.77844884,2.35972773,0.00062756,-0.00879464,0.00928556,-0.01855511,-21.86926842,-0.00384238,-0.01855511,-21.86926842,-0.00384238,-0.00997816,0.21769875,-0.06919837,-0.02853327,-21.65156966,-0.07304074,-0.01128177,-21.64401494,-0.07043341,-0.00057600,0.00694921,-0.00353339,-0.00066799,0.00878297,-0.00930048,0
0.040,-0.00000096,0.78539789,2.35619414,-0.00007176,-0.00002071,-0.00002649,-0.00357582,-0.00103195,-0.00131993,0.00058033,0.77837830,2.35979548,0.00058889,-0.00835951,0.00865808,-0.02413139,-21.87214661,-0.00459040,-0.02413139,-21.87214661,-0.00459040,-0.01004339,0.21725144,-0.06854563,-0.03417478,-21.65489517,-0.07313603,-0.01695256,-21.64727323,-0.07054406,-0.00058129,0.00701959,-0.00360134,-0.00066065,0.00833880,-0.00868457,0
0.050,-0.00000187,0.78539762,2.35619380,-0.00011193,-0.00003230,-0.00004132,-0.00445855,-0.00128670,-0.00164577,0.00058427,0.77831495,2.35984954,0.00054039,-0.00785342,0.00784488,-0.02967921,-21.87501144,-0.00533991,-0.02967921,-21.87501144,-0.00533991,-0.01010022,0.21625424,-0.06726046,-0.03977943,-21.65875721,-0.07260037,-0.02285602,-21.64571077,-0.07491284,-0.00058614,0.00708267,-0.00365574,-0.00065232,0.00782112,-0.00788620,0
0.060,-0.00000323,0.78539723,2.35619330,-0.00016091,-0.00004644,-0.00005940,-0.00533680,-0.00154015,-0.00196996,0.00058735,0.77825877,2.35988991,0.00048224,-0.00729453,0.00689295,-0.03519905,-21.87786293,-0.00608632,-0.03519905,-21.87786293,-0.00608632,-0.01014902,0.21479810,-0.06546085,-0.04534807,-21.66306483,-0.07154717,-0.02853327,-21.64876073,-0.07505931,-0.00059058,0.00713846,-0.00369661,-0.00064315,0.00724809,-0.00695235,0
0.070,-0.00000512,0.78539669,2.35619260,-0.00021865,-0.00006310,-0.00008071,-0.00621058,-0.00179231,-0.00229249,0.00058947,0.77820972,2.35991673,0.00041456,-0.00669715,0.00584025,-0.04069112,-21.88071442,-0.00683069,-0.04069112,-21.88071442,-0.00683069,-0.01018981,0.21295502,-0.06324388,-0.05088093,-21.66775940,-0.07007457,-0.03417478,-21.65244267,-0.07447710,-0.00059459,0.00718697,-0.00372413,-0.00063321,0.00663405,-0.00592096,0
0.080,-0.00000763,0.78539596,2.35619167,-0.00028511,-0.00008228,-0.00010524,-0.00707989,-0.00204319,-0.00261338,0.00059053,0.77816773,2.35993023,0.00033749,-0.00607259,0.00471760,-0.04615433,-21.88355064,-0.00757457,-0.04615433,-21.88355064,-0.00757457,-0.01022279,0.21078224,-0.06068987,-0.05637712,-21.67276840,-0.06826443,-0.03977943,-21.65665775,-0.07327520,-0.00059816,0.00722823,-0.00373856,-0.00062260,0.00599031,-0.00482284,0
0.090,-0.00001085,0.78539503,2.35619049,-0.00036024,-0.00010396,-0.00013297,-0.00794475,-0.00229278,-0.00293263,0.00059045,0.77813272,2.35993070,0.00025116,-0.00542983,0.00355005,-0.05158999,-21.88638496,-0.00831614,-0.05158999,-21.88638496,-0.00831614,-0.01024811,0.20832670,-0.05786555,-0.06183810,-21.67805826,-0.06618170,-0.04534807,-21.66131406,-0.07157087,-0.00060130,0.00726231,-0.00374021,-0.00061140,0.00532587,-0.00368302,0
0.100,-0.00001486,0.78539387,2.35618900,-0.00044399,-0.00012813,-0.00016389,-0.00880517,-0.00254109,-0.00325023,0.00058914,0.77810457,2.35991852,0.00015567,-0.00477602,0.00235797,-0.05699776,-21.88921165,-0.00905903,-0.05699776,-21.88921165,-0.00905903,-0.01026578,0.20562607,-0.05482739,-0.06726355,-21.68358559,-0.06388642,-0.05088093,-21.66635209,-0.06946544,-0.00060400,0.00728930,-0.00372952,-0.00059966,0.00464789,-0.00252186,0
0.110,-0.00001976,0.78539246,2.35618720,-0.00053632,-0.00015478,-0.00019797,-0.00966114,-0.00278811,-0.00356619,0.00058652,0.77808318,2.35989410,0.00005115,-0.00411689,0.00115794,-0.06237777,-21.89203262,-0.00980363,-0.06237777,-21.89203262,-0.00980363,-0.01027615,0.20271140,-0.05162216,-0.07265392,-21.68932122,-0.06142579,-0.05637712,-21.67169865,-0.06704337,-0.00060628,0.00730928,-0.00370690,-0.00058747,0.00396211,-0.00135591,0
0.120,-0.00002562,0.78539077,2.35618503,-0.00063720,-0.00018389,-0.00023521,-0.01051269,-0.00303386,-0.00388052,0.00058249,0.77806840,2.35985790,-0.00006230,-0.00345702,-0.00003653,-0.06772992,-21.89485359,-0.01054639,-0.06772992,-21.89485359,-0.01054639,-0.01027911,0.19960823,-0.04829035,-0.07800903,-21.69524536,-0.05883674,-0.06183810,-21.67731956,-0.06437171,-0.00060811,0.00732237,-0.00367287,-0.00057490,0.00327313,-0.00019868,0
0.130,-0.00003253,0.78538878,2.35618248,-0.00074656,-0.00021545,-0.00027558,-0.01135980,-0.00327833,-0.00419322,0.00057698,0.77806011,2.35981041,-0.00018459,-0.00280010,-0.00121449,-0.07305410,-21.89766884,-0.01128950,-0.07305410,-21.89766884,-0.01128950,-0.01027480,0.19633805,-0.04486587,-0.08332889,-21.70133079,-0.05615537,-0.06726355,-21.68317093,-0.06151224,-0.00060951,0.00732867,-0.00362793,-0.00056197,0.00258465,0.00093891,0
0.140,-0.00004058,0.78538645,2.35617951,-0.00086438,-0.00024945,-0.00031907,-0.01220250,-0.00352153,-0.00450428,0.00056989,0.77805815,2.35975217,-0.00031561,-0.00214910,-0.00236703,-0.07835049,-21.90048790,-0.01203499,-0.07835049,-21.90048790,-0.01203499,-0.01026344,0.19291852,-0.04137823,-0.08861393,-21.70756938,-0.05341322,-0.07265392,-21.68922316,-0.05851347,-0.00061047,0.00732830,-0.00357266,-0.00054877,0.00189965,0.00204796,0
0.150,-0.00004984,0.78538378,2.35617609,-0.00099060,-0.00028588,-0.00036566,-0.01304080,-0.00376345,-0.00481372,0.00056115,0.77806236,2.35968370,-0.00045529,-0.00150646,-0.00348692,-0.08361955,-21.90329933,-0.01278310,-0.08361955,-21.90329933,-0.01278310,-0.01024490,0.18936570,-0.03785289,-0.09386445,-21.71393363,-0.05063599,-0.07800903,-21.69545609,-0.05541344,-0.00061099,0.00732142,-0.00350761,-0.00053531,0.00122058,0.00312126,0
0.160,-0.00006042,0.78538073,2.35617219,-0.00112518,-0.00032472,-0.00041533,-0.01387469,-0.00400410,-0.00512153,0.00055067,0.77807259,2.35960557,-0.00060351,-0.00087415,-0.00456833,-0.08886086,-21.90611839,-0.01353472,-0.08886086,-21.90611839,-0.01353472,-0.01021969,0.18569259,-0.03431203,-0.09908056,-21.72042580,-0.04784674,-0.08332889,-21.70184219,-0.05224908,-0.00061109,0.00730814,-0.00343338,-0.00052167,0.00054943,0.00415300,0
0.170,-0.00007238,0.78537728,2.35616777,-0.00126808,-0.00036596,-0.00046808,-0.01470418,-0.00424349,-0.00542772,0.00053836,0.77808866,2.35951836,-0.00076020,-0.00025377,-0.00560661,-0.09407430,-21.90893173,-0.01428578,-0.09407430,-21.90893173,-0.01428578,-0.01018758,0.18191099,-0.03077524,-0.10426188,-21.72702075,-0.04506102,-0.08861393,-21.70837306,-0.04905251,-0.00061074,0.00728862,-0.00335059,-0.00050788,-0.00011219,0.00513853,0
0.180,-0.00008581,0.78537340,2.35616282,-0.00141925,-0.00040958,-0.00052388,-0.01552929,-0.00448161,-0.00573229,0.00052416,0.77811041,2.35942264,-0.00092527,0.00035336,-0.00659804,-0.09926052,-21.91174889,-0.01503922,-0.09926052,-21.91174889,-0.01503922,-0.01014877,0.17803111,-0.02725935,-0.10940929,-21.73371778,-0.04229858,-0.09386445,-21.71502099,-0.04584982,-0.00060997,0.00726299,-0.00325982,-0.00049398,-0.00076294,0.00607416,0
0.190,-0.00010079,0.78536908,2.35615729,-0.00157865,-0.00045558,-0.00058272,-0.01635002,-0.00471846,-0.00603524,0.00050797,0.77813766,2.35931899,-0.00109864,0.00094614,-0.00753975,-0.10441946,-21.91456604,-0.01579903,-0.10441946,-21.91456604,-0.01579903,-0.01010334,0.17406252,-0.02377981,-0.11452281,-21.74050352,-0.03957884,-0.09908056,-21.72178805,-0.04266431,-0.00060876,0.00723142,-0.00316170,-0.00048001,-0.00140172,0.00695703,0
0.200,-0.00011741,0.78536428,2.35615115,-0.00174623,-0.00050395,-0.00064458,-0.01716638,-0.00495406,-0.00633658,0.00048972,0.77817022,2.35920800,-0.00128021,0.00152370,-0.00842951,-0.10955079,-21.91739273,-0.01656019,-0.10955079,-21.91739273,-0.01656019,-0.01005153,0.17001317,-0.02035010,-0.11960232,-21.74737956,-0.03691029,-0.10426188,-21.72864893,-0.03951163,-0.00060713,0.00719406,-0.00305685,-0.00046602,-0.00202765,0.00778493,0
0.210,-0.00013574,0.78535899,2.35614438,-0.00192196,-0.00055466,-0.00070945,-0.01797837,-0.00518839,-0.00663631,0.00046933,0.77820792,2.35909026,-0.00146991,0.00208530,-0.00926568,-0.11465476,-21.92022705,-0.01732372,-0.11465476,-21.92022705,-0.01732372,-0.00999330,0.16589115,-0.01698216,-0.12464805,-21.75433590,-0.03430589,-0.10940929,-21.73560283,-0.03641148,-0.00060507,0.00715107,-0.00294588,-0.00045205,-0.00263996,0.00855623,0
0.220,-0.00015587,0.78535318,2.35613695,-0.00210579,-0.00060771,-0.00077730,-0.01878601,-0.00542146,-0.00693443,0.00044672,0.77825058,2.35896634,-0.00166765,0.00263035,-0.01004712,-0.11973185,-21.92305756,-0.01809419,-0.11973185,-21.92305756,-0.01809419,-0.00992890,0.16170326,-0.01368671,-0.12966075,-21.76135430,-0.03178090,-0.11452281,-21.74263626,-0.03338311,-0.00060259,0.00710260,-0.00282939,-0.00043814,-0.00323806,0.00926982,0
0.230,-0.00017788,0.78534683,2.35612883,-0.00229767,-0.00066309,-0.00084813,-0.01958929,-0.00565329,-0.00723095,0.00042182,0.77829800,2.35883683,-0.00187335,0.00315835,-0.01077312,-0.12478105,-21.92589951,-0.01886684,-0.12478105,-21.92589951,-0.01886684,-0.00985843,0.15745611,-0.01047342,-0.13463948,-21.76844340,-0.02934026,-0.11960232,-21.74975074,-0.03043474,-0.00059970,0.00704883,-0.00270800,-0.00042432,-0.00382144,0.00992499,0
0.240,-0.00020185,0.78533991,2.35611998,-0.00249756,-0.00072077,-0.00092192,-0.02038824,-0.00588385,-0.00752586,0.00039454,0.77835001,2.35870229,-0.00208693,0.00366891,-0.01144330,-0.12980336,-21.92875481,-0.01964880,-0.12980336,-21.92875481,-0.01964880,-0.00978203,0.15315574,-0.00735106,-0.13958539,-21.77559907,-0.02699987,-0.12464805,-21.75693620,-0.02757896,-0.00059639,0.00698990,-0.00258231,-0.00041063,-0.00438968,0.01052138,0
0.250,-0.00022786,0.78533241,2.35611038,-0.00270542,-0.00078076,-0.00099864,-0.02118285,-0.00611317,-0.00781917,0.00036482,0.77840641,2.35856329,-0.00230832,0.00416171,-0.01205765,-0.13479835,-21.93161392,-0.02043334,-0.13479835,-21.93161392,-0.02043334,-0.00969985,0.14880807,-0.00432716,-0.14449820,-21.78280586,-0.02476051,-0.12966075,-21.76417437,-0.02483056,-0.00059268,0.00692600,-0.00245291,-0.00039710,-0.00494247,0.01105901,0
0.260,-0.00025599,0.78532429,2.35610000,-0.00292120,-0.00084303,-0.00107830,-0.02197313,-0.00634124,-0.00811089,0.00033257,0.77846702,2.35842036,-0.00253743,0.00463652,-0.01261639,-0.13976677,-21.93448067,-0.02122205,-0.13976677,-21.93448067,-0.02122205,-0.00961203,0.14441814,-0.00140867,-0.14937879,-21.79006252,-0.02263072,-0.13463948,-21.77147387,-0.02219394,-0.00058856,0.00685727,-0.00232036,-0.00038377,-0.00547955,0.01153809,0
0.270,-0.00028631,0.78531554,2.35608881,-0.00314487,-0.00090758,-0.00116086,-0.02275910,-0.00656806,-0.00840101,0.00029773,0.77853165,2.35827405,-0.00277418,0.00509315,-0.01312004,-0.14470761,-21.93735886,-0.02201974,-0.14470761,-21.93735886,-0.02201974,-0.00951859,0.13999134,0.00139842,-0.15422619,-21.79736752,-0.02062132,-0.13958539,-21.77883058,-0.01968438,-0.00058404,0.00678389,-0.00218524,-0.00037069,-0.00600073,0.01195918,0
0.280,-0.00031891,0.78530613,2.35607677,-0.00337637,-0.00097439,-0.00124631,-0.02354075,-0.00679364,-0.00868954,0.00026021,0.77860011,2.35812488,-0.00301849,0.00553145,-0.01356929,-0.14962164,-21.94025230,-0.02282367,-0.14962164,-21.94025230,-0.02282367,-0.00941982,0.13553233,0.00408856,-0.15904146,-21.80471998,-0.01873511,-0.14449820,-21.78622904,-0.01730199,-0.00057912,0.00670602,-0.00204811,-0.00035788,-0.00650584,0.01232298,0
0.290,-0.00035386,0.78529604,2.35606387,-0.00361567,-0.00104345,-0.00133464,-0.02431810,-0.00701798,-0.00897648,0.00021996,0.77867222,2.35797336,-0.00327029,0.00595135,-0.01396504,-0.15450914,-21.94315529,-0.02363239,-0.15450914,-21.94315529,-0.02363239,-0.00931579,0.13104577,0.00665730,-0.16382493,-21.81210952,-0.01697509,-0.14937879,-21.79366805,-0.01505457,-0.00057382,0.00662382,-0.00190949,-0.00034538,-0.00699480,0.01263040,0
0.300,-0.00039125,0.78528525,2.35605007,-0.00386272,-0.00111474,-0.00142584,-0.02509115,-0.00724107,-0.00926184,0.00017688,0.77874779,2.35781998,-0.00352950,0.00635280,-0.01430837,-0.15936968,-21.94606781,-0.02445055,-0.15936968,-21.94606781,-0.02445055,-0.00920681,0.12653612,0.00910044,-0.16857649,-21.81953169,-0.01535011,-0.15422619,-21.80114609,-0.01295215,-0.00056813,0.00653746,-0.00176991,-0.00033322,-0.00746754,0.01288253,0
0.310,-0.00043114,0.78527374,2.35603534,-0.00411748,-0.00118826,-0.00151987,-0.02585992,-0.00746293,-0.00954561,0.00013093,0.77882664,2.35766521,-0.00379605,0.00673579,-0.01460050,-0.16420335,-21.94899940,-0.02527490,-0.16420335,-21.94899940,-0.02527490,-0.00909281,0.12200755,0.01141458,-0.17329615,-21.82699185,-0.01386031,-0.15904146,-21.80866235,-0.01099665,-0.00056207,0.00644710,-0.00162987,-0.00032143,-0.00792405,0.01308063,0
0.320,-0.00047362,0.78526148,2.35601966,-0.00437990,-0.00126400,-0.00161674,-0.02662440,-0.00768355,-0.00982780,0.00008201,0.77890858,2.35750951,-0.00406985,0.00710033,-0.01484280,-0.16901021,-21.95194626,-0.02610569,-0.16901021,-21.95194626,-0.02610569,-0.00897411,0.11746385,0.01359689,-0.17798432,-21.83448241,-0.01250881,-0.16382493,-21.81620650,-0.00919024,-0.00055563,0.00635290,-0.00148985,-0.00031005,-0.00836433,0.01322606,0
0.330,-0.00051877,0.78524845,2.35600300,-0.00464995,-0.00134193,-0.00171642,-0.02738461,-0.00790294,-0.01010841,0.00003008,0.77899343,2.35735332,-0.00435083,0.00744649,-0.01503675,-0.17379041,-21.95491028,-0.02694594,-0.17379041,-21.95491028,-0.02694594,-0.00885097,0.11290893,0.01564505,-0.18264138,-21.84200135,-0.01130089,-0.16857649,-21.82377417,-0.00754081,-0.00054885,0.00625502,-0.00135032,-0.00029912,-0.00878842,0.01332033,0
0.340,-0.00056665,0.78523463,2.35598532,-0.00492758,-0.00142205,-0.00181890,-0.02814055,-0.00812110,-0.01038745,-0.00002496,0.77908101,2.35719707,-0.00463893,0.00777434,-0.01518394,-0.17854401,-21.95788383,-0.02779472,-0.17854401,-21.95788383,-0.02779472,-0.00872330,0.10834641,0.01755709,-0.18726732,-21.84953743,-0.01023763,-0.17329615,-21.83137080,-0.00604756,-0.00054169,0.00615362,-0.00121175,-0.00028865,-0.00919639,0.01336504,0
0.350,-0.00061734,0.78522000,2.35596661,-0.00521275,-0.00150435,-0.00192417,-0.02889223,-0.00833803,-0.01066492,-0.00008315,0.77917114,2.35704114,-0.00493406,0.00808398,-0.01528605,-0.18327138,-21.96088219,-0.02865284,-0.18327138,-21.96088219,-0.02865284,-0.00859135,0.10377980,0.01933190,-0.19186273,-21.85710239,-0.00932094,-0.17798432,-21.83898887,-0.00471262,-0.00053419,0.00604886,-0.00107453,-0.00027869,-0.00958833,0.01336188,0
0.360,-0.00067093,0.78520454,2.35594683,-0.00550541,-0.00158881,-0.00203220,-0.02963966,-0.00855373,-0.01094081,-0.00014457,0.77926364,2.35688593,-0.00523615,0.00837555,-0.01534485,-0.18797196,-21.96389771,-0.02952026,-0.18797196,-21.96389771,-0.02952026,-0.00845551,0.09921251,0.02096850,-0.19642747,-21.86468520,-0.00855176,-0.18264138,-21.84662647,-0.00354027,-0.00052636,0.00594090,-0.00093910,-0.00026926,-0.00996436,0.01331265,0
0.370,-0.00072748,0.78518822,2.35592596,-0.00580553,-0.00167542,-0.00214298,-0.03038285,-0.00876820,-0.01121515,-0.00020929,0.77935834,2.35673179,-0.00554513,0.00864918,-0.01536218,-0.19264616,-21.96692657,-0.03039604,-0.19264616,-21.96692657,-0.03039604,-0.00831575,0.09464746,0.02246659,-0.20096191,-21.87227911,-0.00792945,-0.18726732,-21.85427246,-0.00253055,-0.00051819,0.00582988,-0.00080583,-0.00026040,-0.01032460,0.01321920,0
0.380,-0.00078706,0.78517102,2.35590396,-0.00611305,-0.00176417,-0.00225650,-0.03112180,-0.00898146,-0.01148791,-0.00027738,0.77945507,2.35657906,-0.00586093,0.00890503,-0.01533994,-0.19729367,-21.96998215,-0.03128362,-0.19729367,-21.96998215,-0.03128362,-0.00817215,0.09008771,0.02382604,-0.20546582,-21.87989444,-0.00745757,-0.19186273,-21.86193869,-0.00168432,-0.00050968,0.00571595,-0.00067510,-0.00025212,-0.01066920,0.01308344,0
0.390,-0.00084976,0.78515293,2.35588082,-0.00642795,-0.00185505,-0.00237273,-0.03185652,-0.00919349,-0.01175912,-0.00034889,0.77955365,2.35642805,-0.00618347,0.00914329,-0.01528010,-0.20191526,-21.97305489,-0.03217980,-0.20191526,-21.97305489,-0.03217980,-0.00802519,0.08553643,0.02504757,-0.20994046,-21.88751846,-0.00713223,-0.19642747,-21.86961424,-0.00100147,-0.00050087,0.00559928,-0.00054723,-0.00024448,-0.01099834,0.01290737,0
0.400,-0.00091565,0.78513392,2.35585650,-0.00675017,-0.00194804,-0.00249167,-0.03258702,-0.00940431,-0.01202877,-0.00042389,0.77965391,2.35627907,-0.00651270,0.00936416,-0.01518466,-0.20651077,-21.97615242,-0.03308707,-0.20651077,-21.97615242,-0.03308707,-0.00787497,0.08099618,0.02613181,-0.21438573,-21.89515624,-0.00695525,-0.20096191,-21.87729249,-0.00048029,-0.00049176,0.00548001,-0.00042257,-0.00023747,-0.01131220,0.01269299,0
0.410,-0.00098479,0.78511396,2.35583098,-0.00707967,-0.00204313,-0.00261330,-0.03331331,-0.00961391,-0.01229686,-0.00050245,0.77975570,2.35613238,-0.00684853,0.00956783,-0.01505565,-0.21107984,-21.97927094,-0.03400566,-0.21107984,-21.97927094,-0.03400566,-0.00772148,0.07646937,0.02708009,-0.21880131,-21.90280157,-0.00692558,-0.20546582,-21.88498386,-0.00012325,-0.00048234,0.00535826,-0.00030140,-0.00023114,-0.01161096,0.01244235,0
0.420,-0.00105726,0.78509305,2.35580422,-0.00741642,-0.00214031,-0.00273760,-0.03403539,-0.00982229,-0.01256340,-0.00058463,0.77985885,2.35598825,-0.00719091,0.00975453,-0.01489515,-0.21562257,-21.98240852,-0.03493364,-0.21562257,-21.98240852,-0.03493364,-0.00756504,0.07195903,0.02789380,-0.22318761,-21.91044949,-0.00703983,-0.20994046,-21.89267577,0.00007460,-0.00047263,0.00523420,-0.00018403,-0.00022551,-0.01189484,0.01215755,0
0.430,-0.00113314,0.78507115,2.35577622,-0.00776037,-0.00223957,-0.00286457,-0.03475327,-0.01002947,-0.01282839,-0.00067050,0.77996319,2.35584689,-0.00753976,0.00992449,-0.01470525,-0.22013937,-21.98557281,-0.03587341,-0.22013937,-21.98557281,-0.03587341,-0.00740595,0.06746708,0.02857517,-0.22754532,-21.91810573,-0.00729824,-0.21438573,-21.90037342,0.00011251,-0.00046264,0.00510796,-0.00007067,-0.00022061,-0.01216406,0.01184068,0
0.440,-0.00121250,0.78504825,2.35574692,-0.00811147,-0.00234089,-0.00299417,-0.03546696,-0.01023543,-0.01309183,-0.00076010,0.78006858,2.35570853,-0.00789502,0.01007793,-0.01448804,-0.22463021,-21.98876190,-0.03682610,-0.22463021,-21.98876190,-0.03682610,-0.00724437,0.06299613,0.02912601,-0.23187457,-21.92576577,-0.00770009,-0.21880131,-21.90807071,-0.00000737,-0.00045240,0.00497967,0.00003839,-0.00021645,-0.01241882,0.01149387,0
0.450,-0.00129540,0.78502432,2.35571632,-0.00846969,-0.00244427,-0.00312640,-0.03617647,-0.01044019,-0.01335373,-0.00085352,0.78017484,2.35557334,-0.00825662,0.01021512,-0.01424563,-0.22909519,-21.99198341,-0.03779213,-0.22909519,-21.99198341,-0.03779213,-0.00708032,0.05854806,0.02954916,-0.23617552,-21.93343535,-0.00824297,-0.22318761,-21.91576284,-0.00028063,-0.00044188,0.00484948,0.00014298,-0.00021307,-0.01265939,0.01111923,0
0.460,-0.00138191,0.78499936,2.35568439,-0.00883499,-0.00254969,-0.00326124,-0.03688180,-0.01064374,-0.01361409,-0.00095080,0.78028184,2.35544151,-0.00862451,0.01033630,-0.01398013,-0.23353426,-21.99522781,-0.03876747,-0.23353426,-21.99522781,-0.03876747,-0.00691402,0.05412553,0.02984733,-0.24044828,-21.94110228,-0.00892014,-0.22754532,-21.92345566,-0.00070643,-0.00043111,0.00471752,0.00024288,-0.00021048,-0.01288599,0.01071889,0
0.470,-0.00147212,0.78497332,2.35565109,-0.00920731,-0.00265714,-0.00339867,-0.03758296,-0.01084609,-0.01387290,-0.00105201,0.78038942,2.35531316,-0.00899861,0.01044174,-0.01369364,-0.23794691,-21.99849129,-0.03975798,-0.23794691,-21.99849129,-0.03975798,-0.00674589,0.04972978,0.03002341,-0.24469280,-21.94876151,-0.00973457,-0.23187457,-21.93114479,-0.00128300,-0.00042011,0.00458390,0.00033793,-0.00020870,-0.01309888,0.01029497,0
0.480,-0.00156608,0.78494621,2.35561641,-0.00958663,-0.00276661,-0.00353869,-0.03827996,-0.01104724,-0.01413019,-0.00115721,0.78049744,2.35518844,-0.00937886,0.01053168,-0.01338825,-0.24233462,-22.00179482,-0.04076148,-0.24233462,-22.00179482,-0.04076148,-0.00657589,0.04536348,0.03008085,-0.24891051,-21.95643133,-0.01068063,-0.23617552,-21.93883611,-0.00200693,-0.00040887,0.00444877,0.00042797,-0.00020777,-0.01329829,0.00984956,0
0.490,-0.00166387,0.78491798,2.35558031,-0.00997290,-0.00287809,-0.00368127,-0.03897280,-0.01124719,-0.01438593,-0.00126645,0.78060574,2.35506745,-0.00976521,0.01060640,-0.01306603,-0.24669601,-22.00512123,-0.04177767,-0.24669601,-22.00512123,-0.04177767,-0.00640434,0.04102772,0.03002297,-0.25310035,-21.96409351,-0.01175470,-0.24044828,-21.94651756,-0.00287046,-0.00039742,0.00431224,0.00051286,-0.00020769,-0.01348449,0.00938476,0
0.500,-0.00176556,0.78488864,2.35554277,-0.01036608,-0.00299155,-0.00382640,-0.03966150,-0.01144594,-0.01464015,-0.00137980,0.78071420,2.35495027,-0.01015759,0.01066617,-0.01272903,-0.25103217,-22.00847816,-0.04280717,-0.25103217,-22.00847816,-0.04280717,-0.00623146,0.03672506,0.02985355,-0.25726364,-21.97175310,-0.01295362,-0.24469280,-21.95418424,-0.00387556,-0.00038576,0.00417444,0.00059250,-0.00020849,-0.01365772,0.00890263,0
0.510,-0.00187122,0.78485815,2.35550377,-0.01076612,-0.00310700,-0.00397407,-0.04034607,-0.01164350,-0.01489284,-0.00149731,0.78082266,2.35483697,-0.01055595,0.01071125,-0.01237926,-0.25534269,-22.01186371,-0.04385058,-0.25534269,-22.01186371,-0.04385058,-0.00605745,0.03245659,0.02957652,-0.26140014,-21.97940712,-0.01427406,-0.24891051,-21.96185459,-0.00501565,-0.00037391,0.00403549,0.00066680,-0.00021017,-0.01381825,0.00840519,0
0.520,-0.00198091,0.78482649,2.35546328,-0.01117298,-0.00322442,-0.00412426,-0.04102650,-0.01183986,-0.01514401,-0.00161904,0.78093100,2.35472760,-0.01096022,0.01074192,-0.01201871,-0.25962746,-22.01528168,-0.04490977,-0.25962746,-22.01528168,-0.04490977,-0.00588238,0.02822393,0.02919587,-0.26550985,-21.98705775,-0.01571390,-0.25310035,-21.96951048,-0.00628616,-0.00036187,0.00389549,0.00073568,-0.00021276,-0.01396634,0.00789445,0
0.530,-0.00209470,0.78479365,2.35542128,-0.01158663,-0.00334379,-0.00427694,-0.04170280,-0.01203504,-0.01539365,-0.00174504,0.78103908,2.35462219,-0.01137035,0.01075846,-0.01164934,-0.26388684,-22.01873398,-0.04598109,-0.26388684,-22.01873398,-0.04598109,-0.00570651,0.02402892,0.02871590,-0.26959335,-21.99470506,-0.01726520,-0.25726364,-21.97715713,-0.00768301,-0.00034966,0.00375457,0.00079909,-0.00021628,-0.01410225,0.00737240,0
0.540,-0.00221266,0.78475961,2.35537773,-0.01200703,-0.00346511,-0.00443212,-0.04237500,-0.01222903,-0.01564178,-0.00187538,0.78114677,2.35452075,-0.01178629,0.01076112,-0.01127304,-0.26812074,-22.02222061,-0.04707085,-0.26812074,-22.02222061,-0.04707085,-0.00553005,0.01987296,0.02814065,-0.27365079,-22.00234766,-0.01893020,-0.26140014,-21.98479168,-0.00920198,-0.00033728,0.00361284,0.00085698,-0.00022074,-0.01422623,0.00684092,0
0.550,-0.00233486,0.78472434,2.35533263,-0.01243412,-0.00358837,-0.00458978,-0.04304308,-0.01242183,-0.01588838,-0.00201012,0.78125395,2.35442327,-0.01220798,0.01075018,-0.01089169,-0.27232930,-22.02573967,-0.04817308,-0.27232930,-22.02573967,-0.04817308,-0.00535323,0.01575718,0.02747491,-0.27768253,-22.00998249,-0.02069817,-0.26550985,-21.99241643,-0.01084009,-0.00032474,0.00347039,0.00090936,-0.00022614,-0.01433855,0.00630191,0
0.560,-0.00246137,0.78468784,2.35528593,-0.01286787,-0.00371355,-0.00474989,-0.04370706,-0.01261345,-0.01613348,-0.00214929,0.78136048,2.35432974,-0.01263536,0.01072591,-0.01050708,-0.27651250,-22.02929115,-0.04929156,-0.27651250,-22.02929115,-0.04929156,-0.00517630,0.01168350,0.02672289,-0.28168880,-22.01760765,-0.02256867,-0.26959335,-22.00003161,-0.01258857,-0.00031208,0.00332736,0.00095619,-0.00023251,-0.01443946,0.00575719,0
0.570,-0.00259224,0.78465007,2.35523762,-0.01330825,-0.00384063,-0.00491244,-0.04436695,-0.01280388,-0.01637706,-0.00229296,0.78146624,2.35424011,-0.01306839,0.01068858,-0.01012098,-0.28067079,-22.03288269,-0.05042541,-0.28067079,-22.03288269,-0.05042541,-0.00499923,0.00765275,0.02588939,-0.28567002,-22.02522994,-0.02453602,-0.27365079,-22.00763594,-0.01444886,-0.00029928,0.00318383,0.00099751,-0.00023986,-0.01452921,0.00520854,0
0.580,-0.00272756,0.78461102,2.35518767,-0.01375520,-0.00396962,-0.00507742,-0.04502275,-0.01299314,-0.01661914,-0.00244119,0.78157112,2.35415434,-0.01350701,0.01063844,-0.00973510,-0.28480366,-22.03649902,-0.05157743,-0.28480366,-22.03649902,-0.05157743,-0.00482255,0.00366632,0.02497899,-0.28962620,-22.03283271,-0.02659844,-0.27768253,-22.01522650,-0.01640945,-0.00028637,0.00303990,0.00103333,-0.00024819,-0.01460806,0.00465768,0
0.590,-0.00286737,0.78457067,2.35513607,-0.01420869,-0.00410049,-0.00524482,-0.04567448,-0.01318122,-0.01685971,-0.00259403,0.78167500,2.35407235,-0.01395117,0.01057576,-0.00935108,-0.28891146,-22.04016495,-0.05274428,-0.28891146,-22.04016495,-0.05274428,-0.00464607,-0.00027450,0.02399656,-0.29355753,-22.04043945,-0.02874772,-0.28168880,-22.02280151,-0.01846916,-0.00027334,0.00289567,0.00106372,-0.00025752,-0.01467625,0.00410626,0
0.600,-0.00301175,0.78452900,2.35508277,-0.01466867,-0.00423324,-0.00541461,-0.04632213,-0.01336813,-0.01709877,-0.00275153,0.78177776,2.35399406,-0.01440083,0.01050078,-0.00897050,-0.29299432,-22.04385948,-0.05392860,-0.29299432,-22.04385948,-0.05392860,-0.00447021,-0.00416859,0.02294656,-0.29746453,-22.04802807,-0.03098203,-0.28567002,-22.03036787,-0.02062164,-0.00026022,0.00275124,0.00108871,-0.00026784,-0.01473402,0.00355589,0
0.610,-0.00316076,0.78448600,2.35502776,-0.01513512,-0.00436785,-0.00558679,-0.04696572,-0.01355387,-0.01733634,-0.00291374,0.78187929,2.35391938,-0.01485593,0.01041377,-0.00859489,-0.29705200,-22.04759979,-0.05512891,-0.29705200,-22.04759979,-0.05512891,-0.00429511,-0.00801457,0.02183393,-0.30134710,-22.05561436,-0.03329498,-0.28962620,-22.03790908,-0.02286440,-0.00024702,0.00260671,0.00110838,-0.00027919,-0.01478162,0.00300810,0
0.620,-0.00331447,0.78444164,2.35497103,-0.01560798,-0.00450431,-0.00576133,-0.04760525,-0.01373843,-0.01757241,-0.00308072,0.78197947,2.35384820,-0.01531644,0.01031497,-0.00822572,-0.30108467,-22.05137062,-0.05634845,-0.30108467,-22.05137062,-0.05634845,-0.00412101,-0.01181159,0.02066364,-0.30520568,-22.06318221,-0.03568481,-0.29355753,-22.04544874,-0.02518863,-0.00023375,0.00246217,0.00112283,-0.00029154,-0.01481928,0.00246439,0
0.630,-0.00347295,0.78439590,2.35491253,-0.01608721,-0.00464262,-0.00593823,-0.04824074,-0.01392182,-0.01780698,-0.00325252,0.78207821,2.35378039,-0.01578230,0.01020463,-0.00786437,-0.30509293,-22.05518723,-0.05758342,-0.30509293,-22.05518723,-0.05758342,-0.00394819,-0.01555866,0.01944009,-0.30904112,-22.07074589,-0.03814333,-0.29746453,-22.05296487,-0.02759188,-0.00022043,0.00231769,0.00113214,-0.00030491,-0.01484725,0.00192614,0
0.640,-0.00363624,0.78434878,2.35485225,-0.01657278,-0.00478275,-0.00611747,-0.04887218,-0.01410405,-0.01804007,-0.00342919,0.78217539,2.35371584,-0.01625347,0.01008297,-0.00751216,-0.30907616,-22.05903053,-0.05883809,-0.30907616,-22.05903053,-0.05883809,-0.00377650,-0.01925417,0.01816820,-0.31285266,-22.07828471,-0.04066989,-0.30134710,-22.06047336,-0.03006720,-0.00020705,0.00217339,0.00113641,-0.00031931,-0.01486572,0.00139469,0
0.650,-0.00380442,0.78430024,2.35479017,-0.01706464,-0.00492469,-0.00629903,-0.04949960,-0.01428512,-0.01827166,-0.00361078,0.78227091,2.35365439,-0.01672990,0.00995023,-0.00717037,-0.31303462,-22.06293106,-0.06010851,-0.31303462,-22.06293106,-0.06010851,-0.00360636,-0.02289765,0.01685276,-0.31664098,-22.08582871,-0.04325575,-0.30520568,-22.06795822,-0.03261232,-0.00019364,0.00202933,0.00113578,-0.00033474,-0.01487492,0.00087134,0
0.660,-0.00397755,0.78425028,2.35472627,-0.01756275,-0.00506845,-0.00648290,-0.05012298,-0.01446502,-0.01850177,-0.00379735,0.78236467,2.35359589,-0.01721157,0.00980665,-0.00684016,-0.31696826,-22.06687164,-0.06139918,-0.31696826,-22.06687164,-0.06139918,-0.00343790,-0.02648771,0.01549845,-0.32040616,-22.09335936,-0.04590074,-0.30904112,-22.07543383,-0.03521856,-0.00018020,0.00188561,0.00113038,-0.00035118,-0.01487510,0.00035726,0
0.670,-0.00415570,0.78419887,2.35466051,-0.01806708,-0.00521399,-0.00666906,-0.05074235,-0.01464377,-0.01873040,-0.00398894,0.78245656,2.35354019,-0.01769841,0.00965243,-0.00652268,-0.32087767,-22.07084656,-0.06270898,-0.32087767,-22.07084656,-0.06270898,-0.00327144,-0.03002357,0.01410970,-0.32414911,-22.10087013,-0.04859928,-0.31285266,-22.08287961,-0.03788478,-0.00016676,0.00174231,0.00112032,-0.00036867,-0.01486642,-0.00014638,0
0.680,-0.00433892,0.78414599,2.35459288,-0.01857759,-0.00536132,-0.00685750,-0.05135771,-0.01482135,-0.01895754,-0.00418560,0.78254650,2.35348711,-0.01819041,0.00948781,-0.00621895,-0.32476246,-22.07486916,-0.06403747,-0.32476246,-22.07486916,-0.06403747,-0.00310697,-0.03350439,0.01269119,-0.32786943,-22.10837354,-0.05134628,-0.31664098,-22.09032568,-0.04060188,-0.00015332,0.00159949,0.00110577,-0.00038718,-0.01484913,-0.00063855,0
0.690,-0.00452727,0.78409164,2.35452335,-0.01909423,-0.00551041,-0.00704820,-0.05196906,-0.01499778,-0.01918321,-0.00438739,0.78263439,2.35343648,-0.01868751,0.00931298,-0.00592994,-0.32862222,-22.07893372,-0.06538341,-0.32862222,-22.07893372,-0.06538341,-0.00294462,-0.03692865,0.01124730,-0.33156684,-22.11586237,-0.05413611,-0.32040616,-22.09775361,-0.04336928,-0.00013988,0.00145725,0.00108687,-0.00040672,-0.01482339,-0.00111826,0
0.700,-0.00472082,0.78403578,2.35445191,-0.01961696,-0.00566127,-0.00724116,-0.05257642,-0.01517306,-0.01940740,-0.00459435,0.78272013,2.35338812,-0.01918968,0.00912816,-0.00565657,-0.33245817,-22.08304405,-0.06674960,-0.33245817,-22.08304405,-0.06674960,-0.00278469,-0.04029611,0.00978256,-0.33524286,-22.12334016,-0.05696705,-0.32414911,-22.10515697,-0.04618105,-0.00012647,0.00131565,0.00106379,-0.00042728,-0.01478943,-0.00158459,0
0.710,-0.00491963,0.78397840,2.35437852,-0.02014574,-0.00581387,-0.00743635,-0.05317979,-0.01534719,-0.01963012,-0.00480653,0.78280362,2.35334183,-0.01969688,0.00893353,-0.00539967,-0.33626956,-22.08720016,-0.06813700,-0.33626956,-22.08720016,-0.06813700,-0.00262734,-0.04360555,0.00830106,-0.33889689,-22.13080572,-0.05983595,-0.32786943,-22.11254837,-0.04903180,-0.00011310,0.00117478,0.00103669,-0.00044886,-0.01474740,-0.00203668,0
0.720,-0.00512376,0.78391950,2.35430317,-0.02068054,-0.00596821,-0.00763376,-0.05377918,-0.01552017,-0.01985137,-0.00502399,0.78288479,2.35329742,-0.02020908,0.00872930,-0.00515999,-0.34005678,-22.09140396,-0.06954393,-0.34005678,-22.09140396,-0.06954393,-0.00247273,-0.04685569,0.00680713,-0.34252951,-22.13825965,-0.06273680,-0.33156684,-22.11992067,-0.05191563,-0.00009977,0.00103471,0.00100575,-0.00047146,-0.01469751,-0.00247377,0
0.730,-0.00533326,0.78385903,2.35422584,-0.02122131,-0.00612427,-0.00783337,-0.05437460,-0.01569200,-0.02007116,-0.00524677,0.78296354,2.35325469,-0.02072624,0.00851565,-0.00493823,-0.34381944,-22.09565353,-0.07096951,-0.34381944,-22.09565353,-0.07096951,-0.00232087,-0.05004638,0.00530487,-0.34614031,-22.14569991,-0.06566464,-0.33524286,-22.12727752,-0.05483057,-0.00008649,0.00089549,0.00097115,-0.00049507,-0.01463992,-0.00289514,0
0.740,-0.00554820,0.78379700,2.35414650,-0.02176802,-0.00628205,-0.00803517,-0.05496605,-0.01586268,-0.02028948,-0.00547492,0.78303978,2.35321344,-0.02124834,0.00829277,-0.00473502,-0.34755823,-22.09994507,-0.07241783,-0.34755823,-22.09994507,-0.07241783,-0.00217208,-0.05317611,0.00379814,-0.34973031,-22.15312118,-0.06861969,-0.33889689,-22.13461777,-0.05777326,-0.00007328,0.00075722,0.00093306,-0.00051968,-0.01457482,-0.00330015,0
0.750,-0.00576864,0.78373339,2.35406513,-0.02232062,-0.00644152,-0.00823915,-0.05555354,-0.01603223,-0.02050634,-0.00570848,0.78311343,2.35317345,-0.02177534,0.00806082,-0.00455089,-0.35127306,-22.10428810,-0.07388644,-0.35127306,-22.10428810,-0.07388644,-0.00202650,-0.05624399,0.00229078,-0.35329956,-22.16053209,-0.07159566,-0.34252951,-22.14194214,-0.06073754,-0.00006016,0.00061996,0.00089168,-0.00054528,-0.01450234,-0.00368826,0
0.760,-0.00599463,0.78366817,2.35398171,-0.02287908,-0.00660269,-0.00844530,-0.05613708,-0.01620063,-0.02072174,-0.00594751,0.78318440,2.35313452,-0.02230720,0.00781999,-0.00438635,-0.35496339,-22.10867882,-0.07537714,-0.35496339,-22.10867882,-0.07537714,-0.00188416,-0.05924956,0.00078648,-0.35684756,-22.16792838,-0.07459067,-0.34614031,-22.14924865,-0.06371828,-0.00004712,0.00048377,0.00084719,-0.00057188,-0.01442268,-0.00405895,0
0.770,-0.00622624,0.78360133,2.35389621,-0.02344335,-0.00676553,-0.00865358,-0.05671668,-0.01636790,-0.02093569,-0.00619205,0.78325262,2.35309644,-0.02284390,0.00757043,-0.00424181,-0.35862997,-22.11311913,-0.07688901,-0.35862997,-22.11311913,-0.07688901,-0.00174538,-0.06219171,-0.00071121,-0.36037535,-22.17531084,-0.07760022,-0.34973031,-22.15653206,-0.06671560,-0.00003419,0.00034871,0.00079977,-0.00059945,-0.01433596,-0.00441177,0
0.780,-0.00646352,0.78353285,2.35380863,-0.02401340,-0.00693004,-0.00886401,-0.05729235,-0.01653403,-0.02114818,-0.00644215,0.78331800,2.35305899,-0.02338542,0.00731231,-0.00411762,-0.36227259,-22.11760521,-0.07842056,-0.36227259,-22.11760521,-0.07842056,-0.00161018,-0.06506973,-0.00219868,-0.36388277,-22.18267494,-0.08061925,-0.35329956,-22.16380107,-0.06972313,-0.00002137,0.00021485,0.00074964,-0.00062798,-0.01424235,-0.00474639,0
0.790,-0.00670653,0.78346272,2.35371893,-0.02458918,-0.00709621,-0.00907654,-0.05786408,-0.01669903,-0.02135923,-0.00669785,0.78338046,2.35302196,-0.02393172,0.00704579,-0.00401409,-0.36589095,-22.12215042,-0.07997622,-0.36589095,-22.12215042,-0.07997622,-0.00147871,-0.06788262,-0.00367278,-0.36736966,-22.19003304,-0.08364900,-0.35684756,-22.17105149,-0.07273891,-0.00000868,0.00008226,0.00069697,-0.00065746,-0.01414200,-0.00506245,0
0.800,-0.00695532,0.78339092,2.35362709,-0.02517066,-0.00726402,-0.00929118,-0.05843190,-0.01686290,-0.02156882,-0.00695921,0.78343993,2.35298512,-0.02448277,0.00677102,-0.00393145,-0.36948633,-22.12673569,-0.08155248,-0.36948633,-22.12673569,-0.08155248,-0.00135101,-0.07062958,-0.00513041,-0.37083735,-22.19736527,-0.08668289,-0.36037535,-22.17828419,-0.07575846,0.00000389,-0.00004901,0.00064197,-0.00068789,-0.01403504,-0.00535973,0
0.810,-0.00720996,0.78331744,2.35353310,-0.02575781,-0.00743346,-0.00950792,-0.05899580,-0.01702563,-0.02177697,-0.00722627,0.78349632,2.35294827,-0.02503856,0.00648814,-0.00386986,-0.37305754,-22.13138580,-0.08315317,-0.37305754,-22.13138580,-0.08315317,-0.00122744,-0.07330965,-0.00656846,-0.37428498,-22.20469546,-0.08972163,-0.36388277,-22.18549470,-0.07877670,0.00001631,-0.00017888,0.00058483,-0.00071925,-0.01392160,-0.00563806,0
0.820,-0.00747050,0.78324225,2.35343692,-0.02635057,-0.00760453,-0.00972672,-0.05955580,-0.01718724,-0.02198368,-0.00749908,0.78354957,2.35291119,-0.02559905,0.00619731,-0.00382944,-0.37660488,-22.13608170,-0.08477490,-0.37660488,-22.13608170,-0.08477490,-0.00110797,-0.07592240,-0.00798427,-0.37771285,-22.21200410,-0.09275917,-0.36736966,-22.19269544,-0.08179491,0.00002858,-0.00030732,0.00052573,-0.00075152,-0.01380184,-0.00589728,0
0.830,-0.00773699,0.78316534,2.35333855,-0.02694891,-0.00777720,-0.00994758,-0.06011190,-0.01734773,-0.02218896,-0.00777767,0.78359960,2.35287366,-0.02616422,0.00589866,-0.00381023,-0.38012910,-22.14082527,-0.08642057,-0.38012910,-22.14082527,-0.08642057,-0.00099265,-0.07846680,-0.00937493,-0.38112175,-22.21929207,-0.09579549,-0.37083735,-22.19986662,-0.08480658,0.00004068,-0.00043426,0.00046489,-0.00078469,-0.01367586,-0.00613735,0
0.840,-0.00800949,0.78308670,2.35323797,-0.02755279,-0.00795148,-0.01017049,-0.06066411,-0.01750709,-0.02239279,-0.00806211,0.78364633,2.35283548,-0.02673406,0.00559233,-0.00381225,-0.38362908,-22.14562988,-0.08808893,-0.38362908,-22.14562988,-0.08808893,-0.00088165,-0.08094198,-0.01073791,-0.38451074,-22.22657186,-0.09882684,-0.37428498,-22.20703212,-0.08781247,0.00005262,-0.00055963,0.00040249,-0.00081873,-0.01354381,-0.00635824,0
0.850,-0.00828806,0.78300631,2.35313514,-0.02816218,-0.00812734,-0.01039544,-0.06121244,-0.01766533,-0.02259520,-0.00835243,0.78368970,2.35279643,-0.02730853,0.00527844,-0.00383545,-0.38710612,-22.15048790,-0.08978067,-0.38710612,-22.15048790,-0.08978067,-0.00077518,-0.08334718,-0.01207110,-0.38788130,-22.23383508,-0.10185178,-0.37771285,-22.21417250,-0.09080666,0.00006437,-0.00068339,0.00033871,-0.00085365,-0.01340578,-0.00655999,0
0.860,-0.00857276,0.78292415,2.35303005,-0.02877703,-0.00830478,-0.01062239,-0.06175689,-0.01782246,-0.02279617,-0.00864868,0.78372963,2.35275630,-0.02788762,0.00495714,-0.00387971,-0.39055967,-22.15539360,-0.09149791,-0.39055967,-22.15539360,-0.09149791,-0.00067339,-0.08568180,-0.01337209,-0.39123306,-22.24107540,-0.10487000,-0.38112175,-22.22128869,-0.09378925,0.00007592,-0.00080548,0.00027375,-0.00088941,-0.01326192,-0.00674268,0
0.870,-0.00886362,0.78284021,2.35292268,-0.02939730,-0.00848379,-0.01085135,-0.06229747,-0.01797847,-0.02299571,-0.00895090,0.78376606,2.35271490,-0.02847131,0.00462855,-0.00394489,-0.39398959,-22.16036034,-0.09323693,-0.39398959,-22.16036034,-0.09323693,-0.00057601,-0.08794493,-0.01463888,-0.39456560,-22.24830527,-0.10787581,-0.38451074,-22.22839325,-0.09675662,0.00008728,-0.00092585,0.00020778,-0.00092599,-0.01311234,-0.00690646,0
0.880,-0.00916072,0.78275447,2.35281302,-0.03002296,-0.00866435,-0.01108230,-0.06283420,-0.01813336,-0.02319383,-0.00925914,0.78379891,2.35267201,-0.02905957,0.00429279,-0.00403080,-0.39739633,-22.16538239,-0.09499922,-0.39739633,-22.16538239,-0.09499922,-0.00048354,-0.09013591,-0.01586942,-0.39787987,-22.25551829,-0.11086865,-0.38788130,-22.23547784,-0.09970752,0.00009842,-0.00104444,0.00014101,-0.00096339,-0.01295714,-0.00705150,0
0.890,-0.00946410,0.78266691,2.35270103,-0.03065397,-0.00884645,-0.01131523,-0.06336707,-0.01828714,-0.02339053,-0.00957345,0.78382813,2.35262745,-0.02965240,0.00394999,-0.00413719,-0.40077996,-22.17045593,-0.09678723,-0.40077996,-22.17045593,-0.09678723,-0.00039587,-0.09225413,-0.01706223,-0.40117583,-22.26271007,-0.11384946,-0.39123306,-22.24253619,-0.10264181,0.00010935,-0.00116122,0.00007358,-0.00100157,-0.01279644,-0.00717804,0
0.900,-0.00977382,0.78257753,2.35258671,-0.03129029,-0.00903008,-0.01155011,-0.06389609,-0.01843981,-0.02358581,-0.00989387,0.78385364,2.35258101,-0.03024977,0.00360027,-0.00426379,-0.40414035,-22.17559624,-0.09860017,-0.40414035,-22.17559624,-0.09860017,-0.00031317,-0.09429852,-0.01821541,-0.40445352,-22.26989476,-0.11681558,-0.39456560,-22.24958083,-0.10555401,0.00012005,-0.00127611,0.00000570,-0.00104052,-0.01263035,-0.00728632,0
0.910,-0.01008992,0.78248631,2.35247002,-0.03193188,-0.00921524,-0.01178694,-0.06442128,-0.01859138,-0.02377967,-0.01022045,0.78387538,2.35253252,-0.03085167,0.00324375,-0.00441027,-0.40747789,-22.18078995,-0.10043813,-0.40747789,-22.18078995,-0.10043813,-0.00023532,-0.09626854,-0.01932785,-0.40771321,-22.27705849,-0.11976598,-0.39787987,-22.25660539,-0.10844379,0.00013053,-0.00138907,-0.00006250,-0.00108021,-0.01245899,-0.00737667,0
0.920,-0.01041247,0.78239322,2.35235096,-0.03257871,-0.00940191,-0.01202570,-0.06494264,-0.01874184,-0.02397212,-0.01055322,0.78389329,2.35248177,-0.03145807,0.00288055,-0.00457628,-0.41079175,-22.18604088,-0.10230203,-0.41079175,-22.18604088,-0.10230203,-0.00016269,-0.09816387,-0.02039799,-0.41095444,-22.28420475,-0.12270002,-0.40117583,-22.26360554,-0.11131231,0.00014075,-0.00150007,-0.00013081,-0.00112064,-0.01228246,-0.00744942,0
0.930,-0.01074151,0.78229826,2.35222950,-0.03323072,-0.00959007,-0.01226637,-0.06546018,-0.01889119,-0.02416315,-0.01089224,0.78390731,2.35242861,-0.03206897,0.00251078,-0.00476141,-0.41408291,-22.19135094,-0.10418805,-0.41408291,-22.19135094,-0.10418805,-0.00009510,-0.09998341,-0.02142482,-0.41417802,-22.29133435,-0.12561288,-0.40445352,-22.27059549,-0.11415717,0.00015073,-0.00160905,-0.00019911,-0.00116175,-0.01210085,-0.00750496,0
0.940,-0.01107710,0.78220142,2.35210563,-0.03388790,-0.00977973,-0.01250896,-0.06597390,-0.01903945,-0.02435278,-0.01123754,0.78391737,2.35237284,-0.03268436,0.00213456,-0.00496526,-0.41735154,-22.19672585,-0.10610351,-0.41735154,-22.19672585,-0.10610351,-0.00003281,-0.10172653,-0.02240729,-0.41738436,-22.29845238,-0.12851080,-0.40771321,-22.27756144,-0.11697759,0.00016044,-0.00171595,-0.00026721,-0.00120354,-0.01191429,-0.00754370,0
0.950,-0.01141929,0.78210266,2.35197932,-0.03455019,-0.00997086,-0.01275343,-0.06648381,-0.01918660,-0.02454100,-0.01158918,0.78392341,2.35231430,-0.03330420,0.00175201,-0.00518736,-0.42059663,-22.20215607,-0.10804340,-0.42059663,-22.20215607,-0.10804340,0.00002419,-0.10339316,-0.02334460,-0.42057244,-22.30554923,-0.13138800,-0.41095444,-22.28450693,-0.11977320,0.00016989,-0.00182075,-0.00033498,-0.00124599,-0.01172287,-0.00756607,0
0.960,-0.01176812,0.78200199,2.35185055,-0.03521756,-0.01016346,-0.01299977,-0.06698993,-0.01933266,-0.02472782,-0.01194719,0.78392538,2.35225283,-0.03392851,0.00136325,-0.00542722,-0.42381927,-22.20764923,-0.11000766,-0.42381927,-22.20764923,-0.11000766,0.00007600,-0.10498215,-0.02423611,-0.42374328,-22.31263139,-0.13424377,-0.41417802,-22.29143282,-0.12253946,0.00017907,-0.00192339,-0.00040228,-0.00128905,-0.01152671,-0.00757255,0
0.970,-0.01212366,0.78189939,2.35171931,-0.03588997,-0.01035751,-0.01324798,-0.06749225,-0.01947763,-0.02491325,-0.01231163,0.78392322,2.35218827,-0.03455725,0.00096837,-0.00568436,-0.42701900,-22.21319580,-0.11200030,-0.42701900,-22.21319580,-0.11200030,0.00012228,-0.10649304,-0.02508115,-0.42689672,-22.31968884,-0.13708145,-0.41738436,-22.29834426,-0.12528292,0.00018797,-0.00202383,-0.00046896,-0.00133272,-0.01132588,-0.00756362,0
0.980,-0.01248594,0.78179484,2.35158559,-0.03656739,-0.01055301,-0.01349803,-0.06799078,-0.01962150,-0.02509727,-0.01268253,0.78391687,2.35212048,-0.03519043,0.00056752,-0.00595822,-0.43019637,-22.21880913,-0.11401835,-0.43019637,-22.21880913,-0.11401835,0.00016327,-0.10792549,-0.02587913,-0.43003310,-22.32673461,-0.13989748,-0.42057244,-22.30523170,-0.12799809,0.00019659,-0.00212203,-0.00053489,-0.00137696,-0.01112053,-0.00753981,0
0.990,-0.01285502,0.78168832,2.35144935,-0.03724978,-0.01074994,-0.01374992,-0.06848554,-0.01976428,-0.02527990,-0.01305993,0.78390627,2.35204929,-0.03582802,0.00016079,-0.00624827,-0.43335086,-22.22448730,-0.11606477,-0.43335086,-22.22448730,-0.11606477,0.00019880,-0.10927909,-0.02663007,-0.43315206,-22.33376639,-0.14269484,-0.42374328,-22.31210169,-0.13068457,0.00020491,-0.00221795,-0.00059994,-0.00142176,-0.01091073,-0.00750165,0
1.000,-0.01323095,0.78157983,2.35131058,-0.03793709,-0.01094829,-0.01400362,-0.06897653,-0.01990598,-0.02546114,-0.01344389,0.78389138,2.35197458,-0.03647002,-0.00025169,-0.00655393,-0.43648288,-22.23023033,-0.11813667,-0.43648288,-22.23023033,-0.11813667,0.00022885,-0.11055304,-0.02733362,-0.43625403,-22.34078338,-0.14547029,-0.42689672,-22.31894428,-0.13334600,0.00021294,-0.00231155,-0.00066400,-0.00146707,-0.01069660,-0.00744969,0
1.010,-0.01361378,0.78146935,2.35116927,-0.03862930,-0.01114805,-0.01425914,-0.06946376,-0.02004659,-0.02564098,-0.01383445,0.78387214,2.35189622,-0.03711642,-0.00066980,-0.00687461,-0.43959224,-22.23603058,-0.12023658,-0.43959224,-22.23603058,-0.12023658,0.00025334,-0.11174708,-0.02798969,-0.43933890,-22.34777766,-0.14822627,-0.43003310,-22.32577255,-0.13597914,0.00022067,-0.00240279,-0.00072695,-0.00151288,-0.01047825,-0.00738453,0
1.020,-0.01400355,0.78135687,2.35102539,-0.03932635,-0.01134922,-0.01451644,-0.06994723,-0.02018611,-0.02581945,-0.01423165,0.78384850,2.35181407,-0.03776721,-0.00109342,-0.00720973,-0.44267935,-22.24189568,-0.12236306,-0.44267935,-22.24189568,-0.12236306,0.00027243,-0.11286074,-0.02859842,-0.44240692,-22.35475641,-0.15096148,-0.43315206,-22.33258425,-0.13858730,0.00022810,-0.00249163,-0.00078868,-0.00155914,-0.01025580,-0.00730671,0
1.030,-0.01440032,0.78124237,2.35087893,-0.04002823,-0.01155177,-0.01477552,-0.07042695,-0.02032456,-0.02599653,-0.01463553,0.78382040,2.35172801,-0.03842237,-0.00152243,-0.00755867,-0.44574410,-22.24782753,-0.12451681,-0.44574410,-22.24782753,-0.12451681,0.00028587,-0.11389371,-0.02915990,-0.44545823,-22.36172124,-0.15367671,-0.43625403,-22.33937864,-0.14116756,0.00023521,-0.00257803,-0.00084908,-0.00160586,-0.01002934,-0.00721685,0
1.040,-0.01480414,0.78112583,2.35072988,-0.04073488,-0.01175570,-0.01503637,-0.07090294,-0.02046192,-0.02617222,-0.01504613,0.78378781,2.35163794,-0.03908191,-0.00195671,-0.00792080,-0.44878638,-22.25382423,-0.12669927,-0.44878638,-22.25382423,-0.12669927,0.00029366,-0.11484589,-0.02967432,-0.44849272,-22.36867013,-0.15637359,-0.43933890,-22.34614788,-0.14372267,0.00024199,-0.00266198,-0.00090806,-0.00165297,-0.00979899,-0.00711557,0
1.050,-0.01521504,0.78100725,2.35057820,-0.04144627,-0.01196101,-0.01529896,-0.07137519,-0.02059821,-0.02634655,-0.01546351,0.78375066,2.35154374,-0.03974581,-0.00239613,-0.00829549,-0.45180658,-22.25988579,-0.12891078,-0.45180658,-22.25988579,-0.12891078,0.00029606,-0.11571671,-0.03014231,-0.45151052,-22.37560250,-0.15905309,-0.44240692,-22.35289921,-0.14625168,0.00024847,-0.00274341,-0.00096554,-0.00170046,-0.00956488,-0.00700347,0
1.060,-0.01563308,0.78088660,2.35042389,-0.04216237,-0.01216766,-0.01556329,-0.07184372,-0.02073342,-0.02651949,-0.01588769,0.78370892,2.35144532,-0.04041406,-0.00284057,-0.00868212,-0.45480472,-22.26601219,-0.13114968,-0.45480472,-22.26601219,-0.13114968,0.00029284,-0.11650618,-0.03056416,-0.45451188,-22.38251837,-0.16171384,-0.44545823,-22.35963429,-0.14875571,0.00025461,-0.00282232,-0.00102143,-0.00174831,-0.00932709,-0.00688117,0
1.070,-0.01605830,0.78076389,2.35026693,-0.04288314,-0.01237567,-0.01582935,-0.07230853,-0.02086756,-0.02669107,-0.01631874,0.78366255,2.35134259,-0.04108666,-0.00328990,-0.00908003,-0.45778048,-22.27220726,-0.13341661,-0.45778048,-22.27220726,-0.13341661,0.00028414,-0.11721365,-0.03094049,-0.45749634,-22.38942091,-0.16435710,-0.44849272,-22.36635118,-0.15123670,0.00026044,-0.00289866,-0.00107566,-0.00179648,-0.00908577,-0.00674932,0
1.080,-0.01649075,0.78063909,2.35010730,-0.04360853,-0.01258501,-0.01609711,-0.07276963,-0.02100063,-0.02686127,-0.01675668,0.78361148,2.35123544,-0.04176361,-0.00374399,-0.00948860,-0.46073404,-22.27846718,-0.13571338,-0.46073404,-22.27846718,-0.13571338,0.00026992,-0.11783931,-0.03127194,-0.46046412,-22.39630648,-0.16698533,-0.45151052,-22.37304937,-0.15369594,0.00026593,-0.00297239,-0.00112814,-0.00184492,-0.00884102,-0.00660851,0
1.090,-0.01693049,0.78051218,2.34994498,-0.04433852,-0.01279568,-0.01636657,-0.07322703,-0.02113263,-0.02703011,-0.01720157,0.78355569,2.35112381,-0.04244488,-0.00420270,-0.00990717,-0.46366599,-22.28479385,-0.13803563,-0.46366599,-22.28479385,-0.13803563,0.00024997,-0.11838324,-0.03155933,-0.46341602,-22.40317710,-0.16959496,-0.45451188,-22.37972895,-0.15613240,0.00027108,-0.00304351,-0.00117883,-0.00189364,-0.00859298,-0.00645940,0
1.100,-0.01737754,0.78038317,2.34977996,-0.04507306,-0.01300766,-0.01663771,-0.07368073,-0.02126357,-0.02719758,-0.01765344,0.78349514,2.35100763,-0.04313048,-0.00466589,-0.01033510,-0.46657565,-22.29119110,-0.14039175,-0.46657565,-22.29119110,-0.14039175,0.00022471,-0.11884477,-0.03180337,-0.46635094,-22.41003587,-0.17219513,-0.45749634,-22.38639317,-0.15854765,0.00027590,-0.00311197,-0.00122767,-0.00194258,-0.00834177,-0.00630261,0
1.110,-0.01783196,0.78025203,2.34961222,-0.04581212,-0.01322095,-0.01691051,-0.07413075,-0.02139344,-0.02736370,-0.01811234,0.78342978,2.35088681,-0.04382041,-0.00513344,-0.01077176,-0.46946362,-22.29765701,-0.14277446,-0.46946362,-22.29765701,-0.14277446,0.00019394,-0.11922433,-0.03200499,-0.46926967,-22.41688135,-0.17477945,-0.46046412,-22.39303845,-0.16094445,0.00028038,-0.00317775,-0.00127459,-0.00199171,-0.00808751,-0.00613875,0
1.120,-0.01829380,0.78011875,2.34944175,-0.04655566,-0.01343553,-0.01718498,-0.07457708,-0.02152225,-0.02752845,-0.01857832,0.78335958,2.35076130,-0.04451464,-0.00560519,-0.01121651,-0.47232953,-22.30418968,-0.14518753,-0.47232953,-22.30418968,-0.14518753,0.00015762,-0.11952185,-0.03216512,-0.47217190,-22.42371153,-0.17735265,-0.46341602,-22.39966687,-0.16331958,0.00028452,-0.00324083,-0.00131955,-0.00204102,-0.00783034,-0.00596847,0
1.130,-0.01876309,0.77998331,2.34926852,-0.04730365,-0.01365139,-0.01746108,-0.07501975,-0.02164999,-0.02769185,-0.01905141,0.78328449,2.35063105,-0.04521319,-0.00608100,-0.01166872,-0.47517374,-22.31079865,-0.14762813,-0.47517374,-22.31079865,-0.14762813,0.00011600,-0.11973757,-0.03228490,-0.47505774,-22.43053621,-0.17991303,-0.46635094,-22.40628164,-0.16568245,0.00028832,-0.00330118,-0.00136253,-0.00209046,-0.00757039,-0.00579236,0
1.140,-0.01923988,0.77984571,2.34909252,-0.04805604,-0.01386852,-0.01773881,-0.07545875,-0.02177669,-0.02785390,-0.01953165,0.78320449,2.35049600,-0.04591604,-0.00656074,-0.01212777,-0.47799647,-22.31746864,-0.15010145,-0.47799647,-22.31746864,-0.15010145,0.00006905,-0.11987130,-0.03236537,-0.47792742,-22.43733994,-0.18246682,-0.46926967,-22.41288138,-0.16802699,0.00029177,-0.00335878,-0.00140348,-0.00214000,-0.00730778,-0.00561104,0
1.150,-0.01972423,0.77970594,2.34891374,-0.04881281,-0.01408692,-0.01801815,-0.07589409,-0.02190232,-0.02801460,-0.02001910,0.78311954,2.35035611,-0.04662319,-0.00704423,-0.01259305,-0.48079711,-22.32421112,-0.15260254,-0.48079711,-22.32421112,-0.15260254,0.00001654,-0.11992321,-0.03240756,-0.48078057,-22.44413433,-0.18501009,-0.47217190,-22.41946417,-0.17035821,0.00029487,-0.00341360,-0.00144237,-0.00218962,-0.00704269,-0.00542510,0
1.160,-0.02021616,0.77956397,2.34873215,-0.04957391,-0.01430657,-0.01829910,-0.07632579,-0.02202690,-0.02817395,-0.02051379,0.78302962,2.35021134,-0.04733463,-0.00753135,-0.01306394,-0.48357674,-22.33102417,-0.15513679,-0.48357674,-22.33102417,-0.15513679,-0.00004109,-0.11989389,-0.03241289,-0.48361783,-22.45091806,-0.18754969,-0.47505774,-22.42603987,-0.17267473,0.00029763,-0.00346565,-0.00147919,-0.00223928,-0.00677522,-0.00523516,0
1.170,-0.02071572,0.77941980,2.34854775,-0.05033931,-0.01452745,-0.01858163,-0.07675384,-0.02215044,-0.02833195,-0.02101576,0.78293468,2.35006167,-0.04805035,-0.00802192,-0.01353986,-0.48633471,-22.33791542,-0.15770075,-0.48633471,-22.33791542,-0.15770075,-0.00010391,-0.11978330,-0.03238235,-0.48643862,-22.45769872,-0.19008310,-0.47792742,-22.43259312,-0.17498302,0.00030004,-0.00351488,-0.00151392,-0.00228896,-0.00650553,-0.00504177,0
1.180,-0.02122296,0.77927342,2.34836051,-0.05110898,-0.01474957,-0.01886573,-0.07717826,-0.02227292,-0.02848862,-0.02152507,0.78283471,2.34990705,-0.04877036,-0.00851580,-0.01402022,-0.48907092,-22.34487152,-0.16029355,-0.48907092,-22.34487152,-0.16029355,-0.00017197,-0.11959179,-0.03231740,-0.48924289,-22.46446331,-0.19261095,-0.48078057,-22.43913562,-0.17727944,0.00030211,-0.00356129,-0.00154654,-0.00233862,-0.00623377,-0.00484551,0
1.190,-0.02173791,0.77912481,2.34817043,-0.05188287,-0.01497291,-0.01915139,-0.07759905,-0.02239436,-0.02864394,-0.02204174,0.78272967,2.34974748,-0.04949465,-0.00901281,-0.01450446,-0.49178606,-22.35190392,-0.16291721,-0.49178606,-22.35190392,-0.16291721,-0.00024500,-0.11931992,-0.03221913,-0.49203106,-22.47122384,-0.19513634,-0.48361783,-22.44566614,-0.17957110,0.00030383,-0.00360486,-0.00157705,-0.00238822,-0.00596010,-0.00464693,0
1.200,-0.02226063,0.77897396,2.34797748,-0.05266095,-0.01519745,-0.01943860,-0.07801622,-0.02251475,-0.02879793,-0.02256583,0.78261954,2.34958293,-0.05022320,-0.00951280,-0.01499203,-0.49447960,-22.35900688,-0.16557530,-0.49447960,-22.35900688,-0.16557530,-0.00032321,-0.11896802,-0.03208907,-0.49480280,-22.47797490,-0.19766437,-0.48643862,-22.45219233,-0.18185573,0.00030520,-0.00364558,-0.00160545,-0.00243775,-0.00568465,-0.00444657,0
1.210,-0.02279114,0.77882085,2.34778165,-0.05344318,-0.01542320,-0.01972735,-0.07842978,-0.02263410,-0.02895059,-0.02309738,0.78250430,2.34941340,-0.05095603,-0.01001560,-0.01548238,-0.49715224,-22.36618042,-0.16826028,-0.49715224,-22.36618042,-0.16826028,-0.00040619,-0.11853689,-0.03192854,-0.49755843,-22.48471731,-0.20018882,-0.48924289,-22.45870131,-0.18413423,0.00030624,-0.00368345,-0.00163175,-0.00248715,-0.00540760,-0.00424497,0
1.220,-0.02332950,0.77866549,2.34758293,-0.05422953,-0.01565013,-0.02001761,-0.07883973,-0.02275241,-0.02910191,-0.02363642,0.78238393,2.34923887,-0.05169311,-0.01052104,-0.01597499,-0.49980295,-22.37343407,-0.17098013,-0.49980295,-22.37343407,-0.17098013,-0.00049416,-0.11802643,-0.03173883,-0.50029710,-22.49146050,-0.20271895,-0.49203106,-22.46520516,-0.18640993,0.00030692,-0.00371844,-0.00165594,-0.00253642,-0.00512909,-0.00404262,0
1.230,-0.02387575,0.77850785,2.34738129,-0.05501996,-0.01587824,-0.02030938,-0.07924609,-0.02286968,-0.02925191,-0.02418300,0.78225840,2.34905935,-0.05243445,-0.01102895,-0.01646935,-0.50243300,-22.38075447,-0.17372885,-0.50243300,-22.38075447,-0.17372885,-0.00058701,-0.11743777,-0.03152152,-0.50302001,-22.49819224,-0.20525037,-0.49480280,-22.47169856,-0.18868815,0.00030725,-0.00375055,-0.00167806,-0.00258551,-0.00484929,-0.00384003,0
1.240,-0.02442992,0.77834792,2.34717674,-0.05581444,-0.01610752,-0.02060265,-0.07964886,-0.02298591,-0.02940059,-0.02473717,0.78212770,2.34887483,-0.05318004,-0.01153915,-0.01696497,-0.50504160,-22.38815498,-0.17651173,-0.50504160,-22.38815498,-0.17651173,-0.00068450,-0.11677154,-0.03127774,-0.50572610,-22.50492652,-0.20778948,-0.49755843,-22.47818243,-0.19096290,0.00030725,-0.00377978,-0.00169809,-0.00263440,-0.00456837,-0.00363768,0
1.250,-0.02499205,0.77818569,2.34696924,-0.05661293,-0.01633796,-0.02089739,-0.08004805,-0.02310111,-0.02954794,-0.02529897,0.78199182,2.34868532,-0.05392988,-0.01205147,-0.01746139,-0.50762963,-22.39563370,-0.17932597,-0.50762963,-22.39563370,-0.17932597,-0.00078654,-0.11602840,-0.03100919,-0.50841618,-22.51166210,-0.21033516,-0.50029710,-22.48466629,-0.19324363,0.00030692,-0.00380613,-0.00171608,-0.00268305,-0.00428649,-0.00343600,0
1.260,-0.02556219,0.77802116,2.34675878,-0.05741539,-0.01656954,-0.02119360,-0.08044366,-0.02321528,-0.02969397,-0.02586843,0.78185073,2.34849084,-0.05468396,-0.01256572,-0.01795814,-0.51019651,-22.40317535,-0.18216944,-0.51019651,-22.40317535,-0.18216944,-0.00089318,-0.11520881,-0.03071727,-0.51108969,-22.51838417,-0.21288671,-0.50302001,-22.49113800,-0.19552618,0.00030624,-0.00382957,-0.00173206,-0.00273143,-0.00400382,-0.00323546,0
1.270,-0.02614037,0.77785430,2.34654536,-0.05822179,-0.01680226,-0.02149126,-0.08083571,-0.02332843,-0.02983868,-0.02644560,0.78170444,2.34829139,-0.05544227,-0.01308173,-0.01845478,-0.51274240,-22.41079903,-0.18504706,-0.51291964,-22.40814532,-0.18456624,-0.00100417,-0.11431413,-0.03040320,-0.51392382,-22.52245945,-0.21496944,-0.50572610,-22.49761164,-0.19781712,0.00030523,-0.00385014,-0.00174603,-0.00277952,-0.00372053,-0.00303648,1
1.280,-0.02672664,0.77768511,2.34632895,-0.05903209,-0.01703611,-0.02179037,-0.08122419,-0.02344054,-0.02998208,-0.02644560,0.78170444,2.34829139,-0.05544227,-0.01308173,-0.01845478,-0.51526713,-22.41850471,-0.18796030,-0.51544523,-22.41584180,-0.18747748,-0.01141911,-0.11972116,-0.03396626,-0.52686434,-22.53556297,-0.22144375,-0.50572610,-22.49761164,-0.19781712,-0.00028104,-0.00401933,-0.00196244,-0.00358982,-0.00395438,-0.00333559,1
1.290,-0.02732103,0.77751357,2.34610955,-0.05984626,-0.01727107,-0.02209090,-0.08160913,-0.02355163,-0.03012417,-0.02703052,0.78155292,2.34808700,-0.05620480,-0.01359931,-0.01895091,-0.51777142,-22.42628479,-0.19090298,-0.51795037,-22.42361274,-0.19041822,-0.01166465,-0.11881662,-0.03367435,-0.52961502,-22.54242936,-0.22409257,-0.50841618,-22.50408607,-0.20011551,-0.00029051,-0.00403935,-0.00197745,-0.00364146,-0.00367176,-0.00313999,1
1.300,-0.02792358,0.77733968,2.34588713,-0.06066426,-0.01750714,-0.02239285,-0.08199052,-0.02366169,-0.03026496,-0.02762324,0.78139616,2.34787768,-0.05697156,-0.01411828,-0.01944611,-0.52025497,-22.43413544,-0.19387953,-0.52043476,-22.43145432,-0.19339284,-0.01191491,-0.11783870,-0.03336354,-0.53234966,-22.54929302,-0.22675638,-0.51108969,-22.51054658,-0.20242085,-0.00030034,-0.00405648,-0.00199055,-0.00369270,-0.00338886,-0.00294674,1
1.310,-0.02853432,0.77716343,2.34566169,-0.06148606,-0.01774430,-0.02269620,-0.08236837,-0.02377074,-0.03040443,-0.02822376,0.78123423,2.34766364,-0.05774166,-0.01463703,-0.01993552,-0.52271736,-22.44207191,-0.19688921,-0.52289796,-22.43938182,-0.19640062,-0.01217194,-0.11679681,-0.03304864,-0.53506990,-22.55617863,-0.22944926,-0.51108969,-22.51028752,-0.20218484,-0.00031056,-0.00407080,-0.00200195,-0.00374440,-0.00310727,-0.00276068,1
1.320,-0.02915331,0.77698479,2.34543320,-0.06231162,-0.01798255,-0.02300093,-0.08274270,-0.02387877,-0.03054261,-0.02883213,0.78106715,2.34744492,-0.05851546,-0.01515489,-0.02041971,-0.52515978,-22.45008087,-0.19993098,-0.52534119,-22.44738186,-0.19944052,-0.01243509,-0.11569585,-0.03272897,-0.53777627,-22.56307771,-0.23216949,-0.51392382,-22.51410523,-0.20403330,-0.00032118,-0.00408236,-0.00201172,-0.00379616,-0.00282766,-0.00258122,1
1.330,-0.02978057,0.77680377,2.34520166,-0.06314090,-0.01822187,-0.02330704,-0.08311350,-0.02398578,-0.03067948,-0.02944855,0.78089489,2.34722120,-0.05929713,-0.01567253,-0.02090786,-0.52758133,-22.45816422,-0.20300582,-0.52776352,-22.45545639,-0.20251354,-0.01269321,-0.11453152,-0.03237751,-0.54045674,-22.56998791,-0.23489105,-0.52686434,-22.52695023,-0.21025760,-0.00033202,-0.00409112,-0.00201954,-0.00384377,-0.00254934,-0.00239918,1
1.340,-0.03041614,0.77662035,2.34496706,-0.06397388,-0.01846226,-0.02361452,-0.08348079,-0.02409177,-0.03081506,-0.03007307,0.78071746,2.34699251,-0.06008580,-0.01619007,-0.02139821,-0.52998239,-22.46633720,-0.20611666,-0.53016535,-22.46362063,-0.20562258,-0.01294796,-0.11330379,-0.03199916,-0.54311331,-22.57692442,-0.23762174,-0.52961502,-22.53355801,-0.21265794,-0.00034307,-0.00409711,-0.00202545,-0.00388808,-0.00227219,-0.00221631,1
1.350,-0.03106006,0.77643452,2.34472937,-0.06481051,-0.01870370,-0.02392334,-0.08384458,-0.02419676,-0.03094934,-0.03070569,0.78053492,2.34675907,-0.06087991,-0.01670611,-0.02188464,-0.53236282,-22.47458649,-0.20925865,-0.53254654,-22.47186125,-0.20876279,-0.01320283,-0.11202120,-0.03161242,-0.54574937,-22.58388245,-0.24037520,-0.52961502,-22.53330225,-0.21242060,-0.00035437,-0.00410040,-0.00202970,-0.00393060,-0.00199759,-0.00203870,1
1.360,-0.03171236,0.77624627,2.34448858,-0.06565076,-0.01894619,-0.02423350,-0.08420486,-0.02430073,-0.03108233,-0.03134646,0.78034727,2.34652092,-0.06167919,-0.01722097,-0.02236723,-0.53472257,-22.48291016,-0.21243416,-0.53490703,-22.48017631,-0.21193659,-0.01345807,-0.11068243,-0.03121771,-0.54836510,-22.59085875,-0.24315429,-0.53234966,-22.53991025,-0.21484889,-0.00036590,-0.00410100,-0.00203234,-0.00397157,-0.00172522,-0.00186627,1
1.370,-0.03237309,0.77605559,2.34424469,-0.06649459,-0.01918971,-0.02454498,-0.08456166,-0.02440370,-0.03121403,-0.03199543,0.78015450,2.34627809,-0.06248346,-0.01773484,-0.02284599,-0.53706294,-22.49131775,-0.21564798,-0.53724812,-22.48857540,-0.21514869,-0.01371408,-0.10928676,-0.03081541,-0.55096220,-22.59786216,-0.24596411,-0.53506990,-22.54654041,-0.21730812,-0.00037766,-0.00409891,-0.00203340,-0.00401113,-0.00145487,-0.00169899,1
1.380,-0.03304227,0.77586248,2.34399768,-0.06734198,-0.01943426,-0.02485778,-0.08491496,-0.02450566,-0.03134445,-0.03265262,0.77995663,2.34603064,-0.06329257,-0.01824782,-0.02332091,-0.53938228,-22.49980736,-0.21889246,-0.53956818,-22.49705657,-0.21839150,-0.01397076,-0.10783385,-0.03040632,-0.55353894,-22.60489043,-0.24879782,-0.53777627,-22.55318433,-0.21979665,-0.00038965,-0.00409415,-0.00203296,-0.00404941,-0.00118644,-0.00153687,1
1.390,-0.03371994,0.77566691,2.34374753,-0.06819288,-0.01967982,-0.02517187,-0.08526480,-0.02460662,-0.03147358,-0.03331810,0.77975367,2.34577859,-0.06410639,-0.01875994,-0.02379189,-0.54168129,-22.50836945,-0.22217110,-0.54186789,-22.50561029,-0.22166851,-0.01422819,-0.10632438,-0.02999146,-0.55609607,-22.61193466,-0.25165998,-0.54045674,-22.55983975,-0.22228865,-0.00040184,-0.00408676,-0.00203106,-0.00408649,-0.00091988,-0.00137998,1
1.400,-0.03440614,0.77546888,2.34349424,-0.06904726,-0.01992639,-0.02548724,-0.08561116,-0.02470658,-0.03160144,-0.03399190,0.77954562,2.34552200,-0.06492483,-0.01927120,-0.02425874,-0.54396069,-22.51701736,-0.22548530,-0.54414797,-22.51424992,-0.22498109,-0.01448645,-0.10475860,-0.02957184,-0.55863441,-22.61900852,-0.25455293,-0.54311331,-22.56652193,-0.22479209,-0.00041424,-0.00407674,-0.00202776,-0.00412243,-0.00065519,-0.00122850,1
1.410,-0.03510089,0.77526838,2.34323778,-0.06990509,-0.02017395,-0.02580389,-0.08595406,-0.02480553,-0.03172801,-0.03467407,0.77933250,2.34526091,-0.06574783,-0.01978154,-0.02472131,-0.54621953,-22.52574158,-0.22883379,-0.54640747,-22.52296593,-0.22832803,-0.01474527,-0.10313721,-0.02914888,-0.56115275,-22.62610314,-0.25747691,-0.54574937,-22.57322617,-0.22732070,-0.00042682,-0.00406412,-0.00202313,-0.00415726,-0.00039241,-0.00108258,1
1.420,-0.03580425,0.77506539,2.34297816,-0.07076633,-0.02042250,-0.02612180,-0.08629351,-0.02490350,-0.03185331,-0.03536465,0.77911431,2.34499537,-0.06657531,-0.02029087,-0.02517942,-0.54845840,-22.53455925,-0.23221654,-0.54864700,-22.53177547,-0.23170923,-0.01500496,-0.10146144,-0.02872346,-0.56365196,-22.63323692,-0.26043268,-0.54836510,-22.57994932,-0.22987741,-0.00043960,-0.00404892,-0.00201721,-0.00419102,-0.00013163,-0.00094238,1
1.430,-0.03651623,0.77485992,2.34271534,-0.07163095,-0.02067202,-0.02644095,-0.08662951,-0.02500046,-0.03197734,-0.03606368,0.77889107,2.34472543,-0.06740723,-0.02079908,-0.02563295,-0.55067754,-22.54344940,-0.23563573,-0.55086677,-22.54065757,-0.23512690,-0.01526507,-0.09973186,-0.02829702,-0.56613184,-22.64038944,-0.26342392,-0.55096220,-22.58670030,-0.23246734,-0.00045255,-0.00403115,-0.00201009,-0.00422372,0.00012706,-0.00080800,1
1.440,-0.03723688,0.77465195,2.34244933,-0.07249891,-0.02092250,-0.02676134,-0.08696208,-0.02509644,-0.03210010,-0.03677121,0.77866280,2.34445115,-0.06824355,-0.02130605,-0.02608175,-0.55287611,-22.55242920,-0.23908660,-0.55306597,-22.54962937,-0.23857630,-0.01552569,-0.09794996,-0.02787046,-0.56859166,-22.64757933,-0.26644677,-0.55353894,-22.59347695,-0.23508375,-0.00046567,-0.00401085,-0.00200182,-0.00425536,0.00038355,-0.00067959,1
1.450,-0.03796622,0.77444147,2.34218011,-0.07337018,-0.02117394,-0.02708295,-0.08729121,-0.02519142,-0.03222159,-0.03748727,0.77842952,2.34417258,-0.06908423,-0.02181163,-0.02652570,-0.55505550,-22.56147957,-0.24257708,-0.55524597,-22.55867184,-0.24206533,-0.01578651,-0.09611715,-0.02744498,-0.57103248,-22.65478899,-0.26951031,-0.55609607,-22.60027048,-0.23773120,-0.00047895,-0.00398805,-0.00199247,-0.00428595,0.00063769,-0.00055725,1
1.460,-0.03870429,0.77422847,2.34190767,-0.07424472,-0.02142633,-0.02740577,-0.08761692,-0.02528542,-0.03234182,-0.03821191,0.77819124,2.34388976,-0.06992924,-0.02231567,-0.02696470,-0.55721492,-22.57062721,-0.24610084,-0.55740599,-22.56781168,-0.24558769,-0.01604748,-0.09423488,-0.02702163,-0.57345347,-22.66204656,-0.27260933,-0.55863441,-22.60709463,-0.24041209,-0.00049238,-0.00396277,-0.00198209,-0.00431548,0.00088934,-0.00044107,1
1.470,-0.03945113,0.77401294,2.34163199,-0.07512251,-0.02167965,-0.02772978,-0.08793921,-0.02537843,-0.03246078,-0.03894518,0.77794799,2.34360275,-0.07077855,-0.02281800,-0.02739864,-0.55935413,-22.57984924,-0.24966097,-0.55954578,-22.57702594,-0.24914645,-0.01630857,-0.09230467,-0.02660155,-0.57585434,-22.66933061,-0.27574801,-0.56115275,-22.61394063,-0.24312668,-0.00050595,-0.00393505,-0.00197076,-0.00434396,0.00113835,-0.00033114,1
1.480,-0.04020675,0.77379487,2.34135307,-0.07600350,-0.02193389,-0.02805498,-0.08825809,-0.02547046,-0.03257849,-0.03968710,0.77769979,2.34331162,-0.07163214,-0.02331847,-0.02782745,-0.56147373,-22.58915520,-0.25325286,-0.56166595,-22.58632424,-0.25273699,-0.01656926,-0.09032810,-0.02618565,-0.57823521,-22.67665234,-0.27892263,-0.56365196,-22.62082697,-0.24587575,-0.00051965,-0.00390492,-0.00195855,-0.00437136,0.00138458,-0.00022753,1
1.490,-0.04097121,0.77357426,2.34107089,-0.07688766,-0.02218906,-0.02838135,-0.08857358,-0.02556150,-0.03269494,-0.04043774,0.77744667,2.34301640,-0.07248998,-0.02381691,-0.02825106,-0.56357384,-22.59855270,-0.25688577,-0.56376660,-22.59571414,-0.25636858,-0.01682980,-0.08830673,-0.02577497,-0.58059641,-22.68402087,-0.28214355,-0.56613184,-22.62773333,-0.24866296,-0.00053347,-0.00387241,-0.00194551,-0.00439768,0.00162785,-0.00013029,1
1.500,-0.04174452,0.77335109,2.34078544,-0.07777496,-0.02244512,-0.02870888,-0.08888566,-0.02565157,-0.03281014,-0.04119712,0.77718865,2.34271715,-0.07335205,-0.02431313,-0.02866943,-0.56565434,-22.60802841,-0.26055110,-0.56584764,-22.60518233,-0.26003265,-0.01708972,-0.08624237,-0.02537046,-0.58293736,-22.69142470,-0.28540311,-0.56859166,-22.63467842,-0.25148450,-0.00054740,-0.00383756,-0.00193171,-0.00442291,0.00186801,-0.00003945,1
1.510,-0.04252672,0.77312535,2.34049671,-0.07866536,-0.02270208,-0.02903755,-0.08919437,-0.02574066,-0.03292410,-0.04196526,0.77692582,2.34241416,-0.07421756,-0.02480560,-0.02907675,-0.56771547,-22.61758804,-0.26425225,-0.56790930,-22.61473452,-0.26373256,-0.01735095,-0.08414516,-0.02499041,-0.58526025,-22.69887968,-0.28872297,-0.56859166,-22.63443782,-0.25129741,-0.00056146,-0.00380047,-0.00191745,-0.00444780,0.00210352,0.00003920,1
1.520,-0.04331783,0.77289704,2.34020469,-0.07955883,-0.02295993,-0.02936735,-0.08949969,-0.02582877,-0.03303680,-0.04274220,0.77665821,2.34210749,-0.07508669,-0.02529448,-0.02947440,-0.56975675,-22.62723160,-0.26799223,-0.56995109,-22.62437070,-0.26747132,-0.01761274,-0.08201501,-0.02463219,-0.58756383,-22.70638571,-0.29210351,-0.57103248,-22.64140843,-0.25417663,-0.00057563,-0.00376117,-0.00190280,-0.00447214,0.00233455,0.00010705,1
1.530,-0.04411790,0.77266615,2.33990936,-0.08045534,-0.02321866,-0.02969828,-0.08980164,-0.02591591,-0.03314826,-0.04352799,0.77638585,2.34179719,-0.07595957,-0.02577986,-0.02986342,-0.57177889,-22.63696480,-0.27176628,-0.57197374,-22.63409662,-0.27124420,-0.01787491,-0.07985249,-0.02429418,-0.58984865,-22.71394911,-0.29553838,-0.57345347,-22.64842857,-0.25709408,-0.00058991,-0.00371970,-0.00188783,-0.00449577,0.00256120,0.00016514,1
1.540,-0.04492695,0.77243267,2.33961072,-0.08135485,-0.02347825,-0.03003032,-0.09010023,-0.02600208,-0.03325848,-0.04432265,0.77610878,2.34148330,-0.07683629,-0.02626174,-0.03024461,-0.57378125,-22.64678383,-0.27557802,-0.57397658,-22.64390842,-0.27505478,-0.01813688,-0.07765854,-0.02397504,-0.59211346,-22.72156696,-0.29902982,-0.57585434,-22.65547692,-0.26005392,-0.00060430,-0.00367611,-0.00187258,-0.00451856,0.00278349,0.00021429,1
1.550,-0.04574501,0.77219658,2.33930875,-0.08225734,-0.02373869,-0.03036345,-0.09039547,-0.02608728,-0.03336745,-0.04512624,0.77582702,2.34116590,-0.07771691,-0.02674010,-0.03061858,-0.57576448,-22.65668297,-0.27942613,-0.57596026,-22.65380043,-0.27890179,-0.01839831,-0.07543463,-0.02367415,-0.59435857,-22.72923506,-0.30257594,-0.57823521,-22.66256474,-0.26305239,-0.00061877,-0.00363044,-0.00185715,-0.00454043,0.00300141,0.00025513,1
1.560,-0.04657211,0.77195789,2.33900344,-0.08316275,-0.02399999,-0.03069766,-0.09068735,-0.02617152,-0.03347520,-0.04593879,0.77554063,2.34084502,-0.07860149,-0.02721489,-0.03098582,-0.57772839,-22.66667557,-0.28331265,-0.57792464,-22.66378596,-0.28278723,-0.01865883,-0.07318181,-0.02339107,-0.59658347,-22.73696777,-0.30617830,-0.58059641,-22.66970125,-0.26609978,-0.00063332,-0.00358274,-0.00184158,-0.00456126,0.00321490,0.00028816,1
1.570,-0.04740827,0.77171658,2.33869479,-0.08407107,-0.02426212,-0.03103295,-0.09097590,-0.02625479,-0.03358171,-0.04676035,0.77524964,2.34052073,-0.07949003,-0.02768600,-0.03134673,-0.57967341,-22.67675018,-0.28723264,-0.57987009,-22.67385359,-0.28670618,-0.01891808,-0.07090187,-0.02312547,-0.59878818,-22.74475546,-0.30983165,-0.58293736,-22.67687503,-0.26918839,-0.00064792,-0.00353306,-0.00182594,-0.00458104,0.00342388,0.00031378,1
1.580,-0.04825354,0.77147265,2.33838278,-0.08498226,-0.02452508,-0.03136929,-0.09126111,-0.02633710,-0.03368699,-0.04759095,0.77495408,2.34019306,-0.08038256,-0.02815333,-0.03170167,-0.58159870,-22.68691444,-0.29119235,-0.58179582,-22.68401093,-0.29066490,-0.01917609,-0.06859638,-0.02287725,-0.60097190,-22.75260731,-0.31354215,-0.58526025,-22.68410201,-0.27233972,-0.00066259,-0.00348143,-0.00181028,-0.00459970,0.00362825,0.00033238,1
1.590,-0.04910793,0.77122608,2.33806740,-0.08589628,-0.02478886,-0.03170668,-0.09154299,-0.02641845,-0.03379104,-0.04843064,0.77465401,2.33986207,-0.08127908,-0.02861675,-0.03205102,-0.58350521,-22.69716263,-0.29518840,-0.58370274,-22.69425229,-0.29465997,-0.01943231,-0.06626753,-0.02264622,-0.60313506,-22.76051982,-0.31730620,-0.58756383,-22.69138220,-0.27555398,-0.00067729,-0.00342793,-0.00179467,-0.00461720,0.00382789,0.00034434,1
1.600,-0.04997147,0.77097687,2.33774864,-0.08681311,-0.02505345,-0.03204511,-0.09182156,-0.02649884,-0.03389386,-0.04927945,0.77434947,2.33952780,-0.08217959,-0.02907613,-0.03239509,-0.58539248,-22.70750237,-0.29922017,-0.58559040,-22.70458526,-0.29869080,-0.01968658,-0.06391706,-0.02243222,-0.60527698,-22.76850232,-0.32112302,-0.58984865,-22.69872199,-0.27882472,-0.00069202,-0.00337260,-0.00177916,-0.00463352,0.00402268,0.00034998,1
1.610,-0.05084420,0.77072500,2.33742650,-0.08773270,-0.02531883,-0.03238455,-0.09209681,-0.02657827,-0.03399547,-0.05013742,0.77404050,2.33919028,-0.08308408,-0.02953130,-0.03273421,-0.58726096,-22.71792603,-0.30329043,-0.58745927,-22.71500223,-0.30276015,-0.01993881,-0.06154724,-0.02223490,-0.60739809,-22.77654947,-0.32499505,-0.59211346,-22.70611854,-0.28215404,-0.00070678,-0.00331550,-0.00176378,-0.00464862,0.00421247,0.00034966,1
1.620,-0.05172614,0.77047049,2.33710095,-0.08865503,-0.02558501,-0.03272501,-0.09236876,-0.02665676,-0.03409585,-0.05100460,0.77372716,2.33884956,-0.08399253,-0.02998214,-0.03306868,-0.58911103,-22.72843933,-0.30739760,-0.58930971,-22.72550893,-0.30686645,-0.02018871,-0.05915956,-0.02205441,-0.60949842,-22.78466849,-0.32892086,-0.59435857,-22.71356773,-0.28553990,-0.00072154,-0.00325667,-0.00174861,-0.00466250,0.00439713,0.00034367,1
1.630,-0.05261731,0.77021330,2.33677199,-0.08958007,-0.02585197,-0.03306647,-0.09263742,-0.02673429,-0.03419502,-0.05188102,0.77340948,2.33850567,-0.08490493,-0.03042849,-0.03339878,-0.59094077,-22.73904228,-0.31154424,-0.59113981,-22.73610535,-0.31101225,-0.02043595,-0.05675689,-0.02189043,-0.61157577,-22.79286224,-0.33290269,-0.59658347,-22.72108401,-0.28898375,-0.00073629,-0.00319618,-0.00173368,-0.00467514,0.00457652,0.00033231,1
1.640,-0.05351775,0.76995344,2.33643962,-0.09050777,-0.02611969,-0.03340891,-0.09290279,-0.02681087,-0.03429298,-0.05276672,0.77308753,2.33815864,-0.08582126,-0.03087020,-0.03372479,-0.59275293,-22.74972916,-0.31572688,-0.59295231,-22.74678577,-0.31519409,-0.02068051,-0.05434089,-0.02174268,-0.61363282,-22.80112666,-0.33693677,-0.59878818,-22.72865780,-0.29248025,-0.00075103,-0.00313409,-0.00171902,-0.00468651,0.00475051,0.00031588,1
1.650,-0.05442747,0.76969091,2.33610381,-0.09143811,-0.02638818,-0.03375232,-0.09316487,-0.02688651,-0.03438972,-0.05366175,0.77276135,2.33780851,-0.08674150,-0.03130712,-0.03404697,-0.59454542,-22.76050758,-0.31994537,-0.59474513,-22.75755781,-0.31941181,-0.02092196,-0.05191363,-0.02161122,-0.61566709,-22.80947144,-0.34102303,-0.60097190,-22.73629837,-0.29603539,-0.00076572,-0.00307044,-0.00170470,-0.00469661,0.00491894,0.00029465,1
1.660,-0.05534652,0.76942568,2.33576457,-0.09237106,-0.02665742,-0.03409670,-0.09342369,-0.02696120,-0.03448525,-0.05456613,0.77243100,2.33745530,-0.08766561,-0.03173912,-0.03436559,-0.59632003,-22.77137756,-0.32420290,-0.59652006,-22.76842149,-0.32366860,-0.02116046,-0.04947782,-0.02149566,-0.61768052,-22.81789932,-0.34516426,-0.60313506,-22.74400227,-0.29964548,-0.00078039,-0.00300532,-0.00169073,-0.00470545,0.00508170,0.00026889,1
1.670,-0.05627490,0.76915775,2.33542187,-0.09330657,-0.02692740,-0.03444202,-0.09367924,-0.02703495,-0.03457958,-0.05547988,0.77209658,2.33709934,-0.08859297,-0.03216473,-0.03467319,-0.59807527,-22.78233528,-0.32850057,-0.59827560,-22.77937297,-0.32796557,-0.02139699,-0.04704343,-0.02141927,-0.61967259,-22.82641639,-0.34938483,-0.60313506,-22.74379905,-0.29950821,-0.00079502,-0.00293883,-0.00167747,-0.00471360,0.00523733,0.00023117,1
1.680,-0.05721266,0.76888713,2.33507572,-0.09424463,-0.02719811,-0.03478829,-0.09393153,-0.02710776,-0.03467271,-0.05640304,0.77175816,2.33674066,-0.08952371,-0.03258413,-0.03497185,-0.59981203,-22.79338264,-0.33283731,-0.60001265,-22.79041418,-0.33230165,-0.02163145,-0.04461059,-0.02137708,-0.62164411,-22.83502476,-0.35367873,-0.60527698,-22.75158114,-0.30318910,-0.00080962,-0.00287103,-0.00166494,-0.00472092,0.00538602,0.00018356,1
1.690,-0.05815981,0.76861379,2.33472611,-0.09518519,-0.02746955,-0.03513547,-0.09418057,-0.02717963,-0.03476464,-0.05733564,0.77141579,2.33637928,-0.09045793,-0.03299745,-0.03526321,-0.60153031,-22.80451202,-0.33720803,-0.60173121,-22.80153746,-0.33667175,-0.02186313,-0.04218094,-0.02136536,-0.62359434,-22.84371841,-0.35803710,-0.60739809,-22.75943076,-0.30692640,-0.00082417,-0.00280200,-0.00165317,-0.00472726,0.00552790,0.00012774,1
1.700,-0.05911637,0.76833773,2.33437301,-0.09612823,-0.02774170,-0.03548358,-0.09442636,-0.02725056,-0.03485537,-0.05827773,0.77106952,2.33601524,-0.09139569,-0.03340474,-0.03554856,-0.60323036,-22.81574631,-0.34161916,-0.60343152,-22.81276574,-0.34108228,-0.02209159,-0.03975558,-0.02138161,-0.62552311,-22.85252132,-0.36246389,-0.60949842,-22.76735519,-0.31071856,-0.00083864,-0.00273179,-0.00164223,-0.00473254,0.00566304,0.00006498,1
1.710,-0.06008238,0.76805895,2.33401643,-0.09707371,-0.02801456,-0.03583258,-0.09466892,-0.02732056,-0.03494490,-0.05922934,0.77071942,2.33564854,-0.09233702,-0.03380601,-0.03582892,-0.60491145,-22.82706070,-0.34606943,-0.60511285,-22.82407421,-0.34553198,-0.02231673,-0.03733591,-0.02142328,-0.62742958,-22.86141011,-0.36695525,-0.61157577,-22.77535733,-0.31456768,-0.00085304,-0.00266047,-0.00163211,-0.00473669,0.00579145,-0.00000366,1
1.720,-0.06105785,0.76777744,2.33365636,-0.09802160,-0.02828811,-0.03618247,-0.09490825,-0.02738963,-0.03503325,-0.06313178,0.76928177,2.33415445,-0.09613984,-0.03535409,-0.03693909,-0.60657418,-22.83846855,-0.35055614,-0.60677582,-22.83547619,-0.35001815,0.02729975,-0.00206280,-0.00478083,-0.57947607,-22.83753899,-0.35479898,-0.62164411,-22.81677883,-0.33478506,0.00207393,-0.00150433,-0.00049809,-0.00188176,0.00706598,0.00075662,1
1.730,-0.06204282,0.76749319,2.33329278,-0.09897186,-0.02856235,-0.03653324,-0.09514437,-0.02745777,-0.03512040,-0.06514117,0.76854128,2.33338983,-0.09806462,-0.03609595,-0.03751359,-0.60821867,-22.84996414,-0.35508320,-0.60842054,-22.84696601,-0.35454472,0.04461823,0.01167933,0.00099195,-0.56380231,-22.83528668,-0.35355277,-0.62552311,-22.83392124,-0.34327432,0.00309835,-0.00104809,-0.00009705,-0.00090724,0.00753360,0.00098035,1
1.740,-0.06303730,0.76720619,2.33292569,-0.09992448,-0.02883726,-0.03688487,-0.09537726,-0.02752498,-0.03520637,-0.06616054,0.76816583,2.33300307,-0.09903254,-0.03645809,-0.03780421,-0.60984486,-22.86155128,-0.35964695,-0.61004693,-22.85854744,-0.35910801,0.04502520,0.01432468,0.00109505,-0.56502173,-22.84422276,-0.35801296,-0.62742958,-22.84263786,-0.34761723,0.00312324,-0.00095964,-0.00007738,-0.00089194,0.00762083,0.00091934,1
1.750,-0.06404132,0.76691644,2.33255508,-0.10087940,-0.02911285,-0.03723736,-0.09560696,-0.02759127,-0.03529116,-0.06718895,0.76778716,2.33261470,-0.09998465,-0.03681030,-0.03806241,-0.61145270,-22.87323380,-0.36425269,-0.61165497,-22.87022430,-0.36371332,0.04538857,0.01692899,0.00109016,-0.56626639,-22.85329532,-0.36262316,-0.57947607,-22.81860554,-0.33538047,0.00314763,-0.00087072,-0.00005962,-0.00089475,0.00769745,0.00082505,1
1.760,-0.06505489,0.76662393,2.33218094,-0.10183660,-0.02938909,-0.03759069,-0.09583345,-0.02765663,-0.03537476,-0.06822616,0.76740539,2.33222518,-0.10091890,-0.03715208,-0.03828475,-0.61304265,-22.88500786,-0.36889532,-0.61324510,-22.88199279,-0.36835556,0.04570055,0.01948676,0.00096256,-0.56754456,-22.86250603,-0.36739301,-0.56380231,-22.81619796,-0.33407688,0.00317127,-0.00078146,-0.00004424,-0.00091770,0.00776299,0.00069406,1
1.770,-0.06607806,0.76632866,2.33180326,-0.10279606,-0.02966598,-0.03794485,-0.09605676,-0.02772108,-0.03545719,-0.06822616,0.76740539,2.33222518,-0.10091890,-0.03715208,-0.03828475,-0.61461401,-22.89686966,-0.37357607,-0.61481662,-22.89384911,-0.37303596,0.02843623,0.01071841,-0.00483311,-0.58638040,-22.88313070,-0.37786907,-0.56380231,-22.81619796,-0.33407688,0.00214810,-0.00107673,-0.00042192,-0.00187716,0.00748610,0.00033990,1
1.780,-0.06711082,0.76603061,2.33142204,-0.10375773,-0.02994351,-0.03829983,-0.09627688,-0.02778460,-0.03553845,-0.06927221,0.76702058,2.33183451,-0.10184034,-0.03748435,-0.03848038,-0.61616737,-22.90882492,-0.37829655,-0.61637014,-22.90579896,-0.37775611,0.02855723,0.01315917,-0.00510902,-0.58781291,-22.89263979,-0.38286513,-0.56502173,-22.82498218,-0.33847933,0.00216139,-0.00098997,-0.00041247,-0.00191739,0.00754084,0.00018055,1
1.790,-0.06815322,0.76572979,2.33103726,-0.10472158,-0.03022167,-0.03865562,-0.09649382,-0.02784721,-0.03561853,-0.07032711,0.76663280,2.33144266,-0.10275277,-0.03780774,-0.03865649,-0.61770284,-22.92086792,-0.38305837,-0.61790575,-22.91783664,-0.38251764,0.02864406,0.01555749,-0.00546672,-0.58926170,-22.90227915,-0.38798436,-0.56626639,-22.83390636,-0.34303074,0.00217389,-0.00090301,-0.00040540,-0.00196881,0.00758607,0.00000087,1
1.800,-0.06920526,0.76542618,2.33064892,-0.10568759,-0.03050045,-0.03901220,-0.09670760,-0.02790891,-0.03569744,-0.07139089,0.76624212,2.33104960,-0.10365903,-0.03812268,-0.03881888,-0.61922014,-22.93301201,-0.38785735,-0.61942318,-22.92997545,-0.38731638,0.02870281,0.01791329,-0.00589124,-0.59072037,-22.91206216,-0.39320762,-0.56754456,-22.84297228,-0.34773999,0.00218563,-0.00081594,-0.00040068,-0.00202856,0.00762223,-0.00019332,1
1.810,-0.07026698,0.76511977,2.33025702,-0.10665573,-0.03077984,-0.03936956,-0.09691822,-0.02796969,-0.03577518,-0.07246384,0.76584857,2.33065483,-0.10456810,-0.03843085,-0.03898342,-0.62071955,-22.94524002,-0.39269638,-0.62092271,-22.94219826,-0.39215520,0.02875536,0.02023432,-0.00633638,-0.59216735,-22.92196394,-0.39849158,-0.58638040,-22.86345302,-0.35813055,0.00219686,-0.00072880,-0.00039781,-0.00208763,0.00765101,-0.00038614,1
1.820,-0.07133838,0.76481058,2.32986153,-0.10762595,-0.03105984,-0.03972770,-0.09712569,-0.02802956,-0.03585176,-0.07354599,0.76545227,2.33025872,-0.10547966,-0.03873074,-0.03914030,-0.62220079,-22.95756149,-0.39757350,-0.62240405,-22.95451463,-0.39703212,0.02880142,0.02251034,-0.00683188,-0.59360263,-22.93200429,-0.40386400,-0.58638040,-22.86331549,-0.35806360,0.00220761,-0.00064169,-0.00039719,-0.00214629,0.00767090,-0.00058740,1
1.830,-0.07241950,0.76449858,2.32946246,-0.10859823,-0.03134043,-0.04008659,-0.09733001,-0.02808853,-0.03592718,-0.07463735,0.76505329,2.32986122,-0.10639376,-0.03902259,-0.03929272,-0.62366450,-22.96998215,-0.40249255,-0.62386785,-22.96693024,-0.40195104,0.02884088,0.02474004,-0.00736886,-0.59502697,-22.94219020,-0.40931991,-0.58781291,-22.87269073,-0.36299014,0.00221785,-0.00055471,-0.00039876,-0.00220447,0.00768216,-0.00079387,1
1.840,-0.07351035,0.76418377,2.32905980,-0.10957254,-0.03162161,-0.04044624,-0.09753119,-0.02814658,-0.03600145,-0.07573796,0.76465165,2.32946182,-0.10731068,-0.03930792,-0.03945446,-0.62511045,-22.98248863,-0.40744919,-0.62531387,-22.97943176,-0.40690757,0.02887479,0.02693061,-0.00790647,-0.59643907,-22.95250115,-0.41481404,-0.59072037,-22.89198019,-0.37323778,0.00222761,-0.00046788,-0.00040202,-0.00226186,0.00768631,-0.00099178,1
1.850,-0.07461096,0.76386614,2.32865353,-0.11054884,-0.03190336,-0.04080662,-0.09772924,-0.02820374,-0.03607455,-0.07684785,0.76424742,2.32906046,-0.10823037,-0.03958653,-0.03962498,-0.62653893,-22.99509811,-0.41244575,-0.62674242,-22.99203633,-0.41190404,0.02890307,0.02907898,-0.00844528,-0.59783935,-22.96295734,-0.42034932,-0.59216735,-22.90175276,-0.37842330,0.00223689,-0.00038128,-0.00040693,-0.00231847,0.00768317,-0.00118164,1
1.860,-0.07572134,0.76354570,2.32824366,-0.11152711,-0.03218568,-0.04116773,-0.09792417,-0.02825999,-0.03614651,-0.07796705,0.76384069,2.32865704,-0.10915277,-0.03985825,-0.03980403,-0.62794918,-23.00779152,-0.41748270,-0.62815271,-23.00472491,-0.41694096,0.02892589,0.03118273,-0.00898480,-0.59922682,-22.97354218,-0.42592576,-0.59360263,-22.91166759,-0.38369341,0.00224571,-0.00029499,-0.00041338,-0.00237434,0.00767257,-0.00136370,1
1.870,-0.07684151,0.76322243,2.32783018,-0.11250732,-0.03246855,-0.04152955,-0.09811598,-0.02831535,-0.03621731,-0.07909559,0.76343152,2.32825150,-0.11007786,-0.04012295,-0.03999153,-0.62934172,-23.02057838,-0.42256096,-0.62954530,-23.01750702,-0.42201918,0.02894330,0.03323900,-0.00952424,-0.60060200,-22.98426802,-0.43154342,-0.59502697,-22.92173167,-0.38904289,0.00225408,-0.00020909,-0.00042132,-0.00242946,0.00765440,-0.00153802,1
1.880,-0.07797149,0.76289632,2.32741307,-0.11348942,-0.03275198,-0.04189207,-0.09830469,-0.02836981,-0.03628697,-0.08023347,0.76301998,2.32784375,-0.11100557,-0.04038057,-0.04018741,-0.63071716,-23.03346443,-0.42767674,-0.63092075,-23.03038838,-0.42713501,0.02895541,0.03524531,-0.01006292,-0.60196535,-22.99514307,-0.43719793,-0.59643907,-22.93192443,-0.39442650,0.00226198,-0.00012366,-0.00043068,-0.00248385,0.00762859,-0.00170466,1
1.890,-0.07911130,0.76256738,2.32699233,-0.11447340,-0.03303595,-0.04225528,-0.09849029,-0.02842337,-0.03635548,-0.08138074,0.76260616,2.32743371,-0.11193589,-0.04063108,-0.04039162,-0.63207483,-23.04644012,-0.43283424,-0.63227844,-23.04335947,-0.43229256,0.02896222,0.03720005,-0.01059994,-0.60331622,-23.00615942,-0.44289250,-0.59783935,-22.94226605,-0.39984720,0.00226944,-0.00003878,-0.00044138,-0.00253751,0.00759513,-0.00186366,1
1.900,-0.08026096,0.76223560,2.32656796,-0.11545922,-0.03332045,-0.04261917,-0.09867281,-0.02847604,-0.03642285,-0.08253741,0.76219017,2.32702177,-0.11286855,-0.04087292,-0.04059230,-0.63341475,-23.05950928,-0.43802920,-0.63361835,-23.05642410,-0.43748762,0.02896326,0.03909198,-0.01116996,-0.60465509,-23.01733212,-0.44865757,-0.59783935,-22.94215812,-0.39975215,0.00227645,0.00004543,-0.00045381,-0.00259067,0.00755247,-0.00202687,1
1.910,-0.08142049,0.76190097,2.32613995,-0.11644685,-0.03360547,-0.04298373,-0.09885224,-0.02852783,-0.03648908,-0.08370349,0.76177210,2.32660784,-0.11380359,-0.04110647,-0.04079238,-0.63473761,-23.07268143,-0.44326627,-0.63494120,-23.06959178,-0.44272482,0.02895872,0.04092089,-0.01176472,-0.60598248,-23.02867089,-0.45448954,-0.59922682,-22.95263863,-0.40522945,0.00228300,0.00012887,-0.00046789,-0.00264326,0.00750100,-0.00219135,1
1.920,-0.08258991,0.76156349,2.32570828,-0.11743625,-0.03389100,-0.04334895,-0.09902859,-0.02857872,-0.03655418,-0.08487903,0.76135202,2.32619185,-0.11474102,-0.04133201,-0.04099404,-0.63604259,-23.08593750,-0.44854158,-0.63624616,-23.08284345,-0.44800030,0.02894877,0.04268655,-0.01237795,-0.60729738,-23.04015690,-0.46037824,-0.60060200,-22.96326370,-0.41074391,0.00228912,0.00021147,-0.00048357,-0.00269523,0.00744101,-0.00235491,1
1.930,-0.08376922,0.76122315,2.32527296,-0.11842741,-0.03417704,-0.04371481,-0.09920187,-0.02862873,-0.03661814,-0.08606403,0.76092998,2.32577372,-0.11568085,-0.04154981,-0.04119889,-0.63733119,-23.09929085,-0.45385998,-0.63753471,-23.09619249,-0.45331890,0.02893380,0.04438824,-0.01300438,-0.60860091,-23.05180425,-0.46632328,-0.60196535,-22.97404146,-0.41629121,0.00229481,0.00029317,-0.00050076,-0.00274656,0.00737277,-0.00251592,1
1.940,-0.08495846,0.76087995,2.32483398,-0.11942028,-0.03446357,-0.04408131,-0.09937208,-0.02867785,-0.03668097,-0.08725853,0.76050607,2.32535336,-0.11662306,-0.04176008,-0.04140814,-0.63860136,-23.11273956,-0.45921800,-0.63880483,-23.10963695,-0.45867714,0.02891364,0.04602542,-0.01364010,-0.60989119,-23.06361153,-0.47231723,-0.60331622,-22.98496397,-0.42187455,0.00230007,0.00037388,-0.00051938,-0.00279722,0.00729651,-0.00267317,1
1.950,-0.08615763,0.76053388,2.32439134,-0.12041484,-0.03475059,-0.04444843,-0.09953925,-0.02872609,-0.03674267,-0.08846254,0.76008036,2.32493069,-0.11756765,-0.04196302,-0.04162277,-0.63985497,-23.12628555,-0.46461260,-0.64005836,-23.12317879,-0.46407203,0.02888866,0.04759709,-0.01428153,-0.61116970,-23.07558170,-0.47835357,-0.60465509,-22.99604621,-0.42752425,0.00230491,0.00045352,-0.00053935,-0.00284719,0.00721243,-0.00282566,1
1.960,-0.08736676,0.76018494,2.32394501,-0.12141105,-0.03503809,-0.04481616,-0.09970336,-0.02877345,-0.03680325,-0.08967610,0.75965290,2.32450563,-0.11851459,-0.04215877,-0.04184355,-0.64109135,-23.13991928,-0.47005242,-0.64129467,-23.13680841,-0.46951215,0.02885880,0.04910242,-0.01492597,-0.61243587,-23.08770599,-0.48443812,-0.60598248,-23.00729788,-0.43323658,0.00230934,0.00053204,-0.00056062,-0.00289646,0.00712068,-0.00297261,1
1.970,-0.08858586,0.75983312,2.32349501,-0.12240890,-0.03532606,-0.04518449,-0.09986444,-0.02881994,-0.03686271,-0.09089921,0.75922376,2.32407809,-0.11946387,-0.04234749,-0.04207113,-0.64231026,-23.15365791,-0.47553203,-0.64251349,-23.15054302,-0.47499210,0.02882421,0.05054032,-0.01557043,-0.61368928,-23.10000270,-0.49056252,-0.60729738,-23.01870007,-0.43900131,0.00231335,0.00060936,-0.00058308,-0.00294503,0.00702143,-0.00311336,1
1.980,-0.08981495,0.75947841,2.32304132,-0.12340833,-0.03561449,-0.04555341,-0.10002248,-0.02886555,-0.03692105,-0.09213191,0.75879301,2.32364799,-0.12041545,-0.04252932,-0.04230600,-0.64351207,-23.16748619,-0.48104942,-0.64371519,-23.16436732,-0.48050986,0.02878501,0.05190966,-0.01621276,-0.61493018,-23.11245766,-0.49672263,-0.60860091,-23.03026684,-0.44481798,0.00231696,0.00068540,-0.00060667,-0.00299288,0.00691483,-0.00324741,1
1.990,-0.09105403,0.75912082,2.32258394,-0.12440933,-0.03590337,-0.04592291,-0.10017750,-0.02891028,-0.03697827,-0.09337422,0.75836071,2.32321523,-0.12136931,-0.04270441,-0.04254852,-0.64469713,-23.18140984,-0.48661172,-0.64490014,-23.17828710,-0.48607257,0.02874149,0.05320988,-0.01685088,-0.61615864,-23.12507722,-0.50292345,-0.60989119,-23.04199670,-0.45067918,0.00232019,0.00076011,-0.00063129,-0.00304002,0.00680104,-0.00337439,1
2.000,-0.09230314,0.75876035,2.32212286,-0.12541187,-0.03619269,-0.04629297,-0.10032950,-0.02895415,-0.03703438,-0.09462616,0.75792693,2.32277972,-0.12232542,-0.04287289,-0.04279897,-0.64586520,-23.19542694,-0.49221173,-0.64606808,-23.19230039,-0.49167301,0.02869337,0.05444018,-0.01748308,-0.61737471,-23.13786021,-0.50915609,-0.61116970,-23.05389253,-0.45657842,0.00232302,0.00083342,-0.00065686,-0.00308645,0.00668020,-0.00349400,1
2.010,-0.09356228,0.75839697,2.32165808,-0.12641591,-0.03648245,-0.04666359,-0.10047849,-0.02899715,-0.03708937,-0.09588775,0.75749172,2.32234139,-0.12328375,-0.04303491,-0.04305753,-0.64701587,-23.20953751,-0.49785101,-0.64721861,-23.20640722,-0.49731278,0.02864099,0.05559904,-0.01810774,-0.61857762,-23.15080818,-0.51542051,-0.61243587,-23.06594550,-0.46252152,0.00232547,0.00090525,-0.00068331,-0.00313216,0.00655246,-0.00360606,1
2.020,-0.09483146,0.75803069,2.32118959,-0.12742143,-0.03677263,-0.04703476,-0.10062448,-0.02903928,-0.03714326,-0.09715901,0.75705514,2.32190014,-0.12424427,-0.04319062,-0.04332431,-0.64815015,-23.22374916,-0.50353420,-0.64835273,-23.22061519,-0.50299648,0.02858449,0.05668608,-0.01872357,-0.61976824,-23.16392911,-0.52172005,-0.61368928,-23.07817383,-0.46850019,0.00232755,0.00097555,-0.00071055,-0.00317716,0.00641799,-0.00371045,1
2.030,-0.09611071,0.75766152,2.32071738,-0.12842839,-0.03706323,-0.04740645,-0.10076747,-0.02908055,-0.03719605,-0.09843996,0.75661726,2.32145590,-0.12520694,-0.04334018,-0.04359937,-0.64926720,-23.23806000,-0.50925839,-0.64946962,-23.23492245,-0.50872122,0.02852374,0.05770092,-0.01932944,-0.62094588,-23.17722153,-0.52805066,-0.61493018,-23.09056323,-0.47451036,0.00232925,0.00104426,-0.00073852,-0.00322145,0.00627695,-0.00380708,1
2.040,-0.09740003,0.75728943,2.32024146,-0.12943677,-0.03735424,-0.04777867,-0.10090748,-0.02912095,-0.03724773,-0.09973062,0.75617811,2.32100857,-0.12617174,-0.04348374,-0.04388269,-0.65036815,-23.25246048,-0.51501995,-0.65057039,-23.24931940,-0.51448337,0.02845901,0.05864228,-0.01992415,-0.62211137,-23.19067712,-0.53440752,-0.61615864,-23.10312000,-0.48055712,0.00233059,0.00111132,-0.00076711,-0.00326503,0.00612950,-0.00389598,1
2.050,-0.09869945,0.75691443,2.31976181,-0.13044653,-0.03764564,-0.04815141,-0.10104450,-0.02916049,-0.03729831,-0.10103101,0.75573776,2.32055808,-0.12713862,-0.04362148,-0.04417423,-0.65145123,-23.26695824,-0.52082378,-0.65165327,-23.26381369,-0.52028780,0.02839017,0.05951001,-0.02050705,-0.62326310,-23.20430368,-0.54079485,-0.61737471,-23.11584286,-0.48663166,0.00233156,0.00117667,-0.00079627,-0.00330791,0.00597584,-0.00397718,1
2.060,-0.10000897,0.75653651,2.31927843,-0.13145765,-0.03793744,-0.04852464,-0.10117856,-0.02919918,-0.03734779,-0.10234115,0.75529627,2.32010436,-0.12810755,-0.04375357,-0.04447389,-0.65251857,-23.28154945,-0.52667046,-0.65272040,-23.27840152,-0.52613513,0.02831747,0.06030339,-0.02107727,-0.62440293,-23.21809813,-0.54721241,-0.61857762,-23.12873326,-0.49273409,0.00233218,0.00124024,-0.00082593,-0.00335010,0.00581613,-0.00405075,1
2.070,-0.10132861,0.75615568,2.31879131,-0.13247010,-0.03822962,-0.04889836,-0.10130965,-0.02923701,-0.03739618,-0.10366107,0.75485366,2.31964731,-0.12907849,-0.04388019,-0.04478153,-0.65356886,-23.29623985,-0.53255635,-0.65377048,-23.29308861,-0.53202172,0.02824090,0.06102245,-0.02163431,-0.62552958,-23.23206617,-0.55365602,-0.61976824,-23.14179909,-0.49886783,0.00233246,0.00130202,-0.00085600,-0.00339161,0.00565057,-0.00411683,1
2.080,-0.10265838,0.75577192,2.31830046,-0.13348383,-0.03852218,-0.04927256,-0.10143778,-0.02927399,-0.03744347,-0.10499077,0.75441001,2.31918688,-0.13005142,-0.04400153,-0.04509700,-0.65460241,-23.31102753,-0.53848356,-0.65480380,-23.30787303,-0.53794964,0.02816061,0.06166644,-0.02217744,-0.62664319,-23.24620660,-0.56012708,-0.62094588,-23.15503876,-0.50502897,0.00233239,0.00136191,-0.00088642,-0.00343241,0.00547935,-0.00417556,1
2.090,-0.10399829,0.75538523,2.31780586,-0.13449884,-0.03881510,-0.04964722,-0.10156296,-0.02931012,-0.03748968,-0.10633028,0.75396534,2.31872298,-0.13102629,-0.04411777,-0.04542009,-0.65561962,-23.32591438,-0.54445446,-0.65582077,-23.32275672,-0.54392131,0.02807665,0.06223529,-0.02270646,-0.62774412,-23.26052144,-0.56662777,-0.62211137,-23.16844386,-0.51121284,0.00233199,0.00141989,-0.00091712,-0.00347255,0.00530267,-0.00422713,1
2.100,-0.10534836,0.75499562,2.31730751,-0.13551508,-0.03910838,-0.05002235,-0.10168520,-0.02934539,-0.03753481,-0.10767961,0.75351971,2.31825556,-0.13200308,-0.04422913,-0.04575059,-0.65662038,-23.34089088,-0.55046403,-0.65682127,-23.33773011,-0.54993170,0.02798903,0.06272915,-0.02322105,-0.62883224,-23.27500096,-0.57315275,-0.62326310,-23.18202209,-0.51742380,0.00233125,0.00147591,-0.00094805,-0.00351200,0.00512075,-0.00427176,1
2.110,-0.10670859,0.75460307,2.31680541,-0.13653254,-0.03940201,-0.05039792,-0.10180451,-0.02937982,-0.03757884,-0.10903879,0.75307315,2.31778455,-0.13298173,-0.04433579,-0.04608827,-0.65760458,-23.35596275,-0.55651379,-0.65780520,-23.35279895,-0.55598225,0.02789796,0.06314756,-0.02372088,-0.62990724,-23.28965139,-0.57970314,-0.62440293,-23.19577024,-0.52366175,0.00233020,0.00152992,-0.00097914,-0.00355081,0.00493378,-0.00430965,1
2.120,-0.10807901,0.75420758,2.31629955,-0.13755116,-0.03969597,-0.05077392,-0.10192088,-0.02941341,-0.03762180,-0.11040783,0.75262571,2.31730988,-0.13396223,-0.04443796,-0.04643288,-0.65857226,-23.37113571,-0.56260622,-0.65877260,-23.36796896,-0.56207555,0.02780329,0.06349067,-0.02420589,-0.63096930,-23.30447829,-0.58628144,-0.62552958,-23.20969392,-0.52992267,0.00232882,0.00158187,-0.00101033,-0.00358893,0.00474199,-0.00434104,1
2.130,-0.10945962,0.75380915,2.31578993,-0.13857094,-0.03999027,-0.05115035,-0.10203434,-0.02944615,-0.03766368,-0.11178674,0.75217741,2.31683150,-0.13494452,-0.04453586,-0.04678414,-0.65952396,-23.38640213,-0.56873900,-0.65972402,-23.38323247,-0.56820923,0.02770521,0.06375857,-0.02467599,-0.63201881,-23.31947391,-0.59288522,-0.62664319,-23.22379182,-0.53620812,0.00232712,0.00163174,-0.00104157,-0.00362642,0.00454559,-0.00436621,1
2.140,-0.11085043,0.75340777,2.31527654,-0.13959184,-0.04028489,-0.05152719,-0.10214489,-0.02947806,-0.03770449,-0.11317555,0.75172830,2.31634936,-0.13592858,-0.04462970,-0.04714177,-0.66045886,-23.40176582,-0.57491398,-0.66065861,-23.39859334,-0.57438514,0.02760381,0.06395132,-0.02513124,-0.63305480,-23.33464202,-0.59951637,-0.62774412,-23.23806583,-0.54252043,0.00232512,0.00167947,-0.00107282,-0.00366326,0.00434481,-0.00438542,1
2.150,-0.11225146,0.75300345,2.31475939,-0.14061383,-0.04057983,-0.05190443,-0.10225253,-0.02950912,-0.03774422,-0.11457426,0.75127841,2.31586339,-0.13691436,-0.04471969,-0.04750549,-0.66137803,-23.41722870,-0.58113003,-0.66157745,-23.41405346,-0.58060216,0.02749903,0.06406944,-0.02557153,-0.63407842,-23.34998402,-0.60617369,-0.62883224,-23.25250612,-0.54885442,0.00232280,0.00172504,-0.00110400,-0.00369947,0.00413986,-0.00439894,1
2.160,-0.11366271,0.75259617,2.31423845,-0.14163688,-0.04087507,-0.05228207,-0.10235728,-0.02953935,-0.03778289,-0.11598291,0.75082775,2.31537355,-0.13790184,-0.04480606,-0.04787499,-0.66228092,-23.43278694,-0.58738631,-0.66248002,-23.42960904,-0.58685944,0.02739109,0.06411289,-0.02599738,-0.63508893,-23.36549615,-0.61285682,-0.62990724,-23.26711881,-0.55521139,0.00232020,0.00176842,-0.00113510,-0.00373504,0.00393099,-0.00440708,1
2.170,-0.11508420,0.75218594,2.31371374,-0.14266097,-0.04117061,-0.05266009,-0.10245913,-0.02956874,-0.03782049,-0.11740149,0.75037638,2.31487981,-0.13889096,-0.04488901,-0.04824996,-0.66316682,-23.44843864,-0.59368777,-0.66336558,-23.44525813,-0.59316195,0.02727988,0.06408231,-0.02640866,-0.63608570,-23.38117581,-0.61957061,-0.63096930,-23.28190935,-0.56159400,0.00231729,0.00180956,-0.00116607,-0.00377001,0.00371840,-0.00441013,1
2.180,-0.11651594,0.75177276,2.31318525,-0.14368606,-0.04146645,-0.05303848,-0.10255811,-0.02959731,-0.03785702,-0.11883003,0.74992429,2.31438210,-0.13988171,-0.04496879,-0.04863009,-0.66403729,-23.46419334,-0.60002625,-0.66423569,-23.46101028,-0.59950149,0.02716549,0.06397821,-0.02680571,-0.63707020,-23.39703207,-0.62630720,-0.63201881,-23.29686985,-0.56799998,0.00231409,0.00184847,-0.00119685,-0.00380435,0.00350234,-0.00440839,1
2.190,-0.11795793,0.75135661,2.31265297,-0.14471212,-0.04176256,-0.05341723,-0.10265421,-0.02962504,-0.03789249,-0.12026854,0.74947153,2.31388040,-0.14087403,-0.04504560,-0.04901506,-0.66489178,-23.48003769,-0.60641110,-0.66508982,-23.47685214,-0.60588744,0.02704813,0.06380076,-0.02718893,-0.63804169,-23.41305139,-0.63307637,-0.63305480,-23.31200400,-0.57443138,0.00231061,0.00188508,-0.00122743,-0.00383809,0.00328304,-0.00440217,1
2.200,-0.11941018,0.75093751,2.31211691,-0.14573913,-0.04205894,-0.05379632,-0.10274744,-0.02965195,-0.03792691,-0.12171703,0.74901811,2.31337467,-0.14186789,-0.04511968,-0.04940455,-0.66573000,-23.49598312,-0.61283261,-0.66592766,-23.49279518,-0.61231009,0.02692782,0.06355107,-0.02755848,-0.63899984,-23.42924410,-0.63986856,-0.63407842,-23.32731306,-0.58088717,0.00230685,0.00191940,-0.00125776,-0.00387124,0.00306074,-0.00439177,1
2.210,-0.12087271,0.75051543,2.31157705,-0.14676706,-0.04235559,-0.05417576,-0.10283781,-0.02967803,-0.03796027,-0.12317553,0.74856405,2.31286488,-0.14286326,-0.04519125,-0.04979824,-0.66655213,-23.51202393,-0.61929786,-0.66674940,-23.50883362,-0.61877652,0.02680445,0.06322908,-0.02791502,-0.63994494,-23.44560454,-0.64669154,-0.63508893,-23.34279317,-0.58736717,0.00230282,0.00195138,-0.00128783,-0.00390380,0.00283566,-0.00437752,1
2.220,-0.12234553,0.75009039,2.31103339,-0.14779588,-0.04265250,-0.05455553,-0.10292533,-0.02970328,-0.03799257,-0.12464403,0.74810937,2.31235099,-0.14386010,-0.04526054,-0.05019581,-0.66735822,-23.52816772,-0.62580264,-0.66755509,-23.52497517,-0.62528250,0.02667807,0.06283604,-0.02825890,-0.64087702,-23.46213913,-0.65354140,-0.63608570,-23.35844161,-0.59387634,0.00229850,0.00198102,-0.00131760,-0.00393578,0.00260804,-0.00435972,1
2.230,-0.12382863,0.74966238,2.31048593,-0.14882556,-0.04294966,-0.05493561,-0.10301001,-0.02972772,-0.03802383,-0.12612257,0.74765408,2.31183299,-0.14485836,-0.04532778,-0.05059694,-0.66814888,-23.54439735,-0.63235211,-0.66834533,-23.54120260,-0.63183321,0.02654901,0.06237254,-0.02859056,-0.64179632,-23.47883005,-0.66042377,-0.63707020,-23.37426733,-0.60040704,0.00229394,0.00200830,-0.00134706,-0.00396720,0.00237812,-0.00433867,1
2.240,-0.12532204,0.74923140,2.30993468,-0.14985607,-0.04324705,-0.05531600,-0.10309185,-0.02975134,-0.03805404,-0.12761114,0.74719818,2.31131084,-0.14585802,-0.04539318,-0.05100133,-0.66892385,-23.56072998,-0.63894135,-0.66911988,-23.55753309,-0.63842373,0.02641699,0.06183951,-0.02891031,-0.64270289,-23.49569357,-0.66733404,-0.63804169,-23.39025670,-0.60696913,0.00228910,0.00203322,-0.00137616,-0.00399805,0.00214613,-0.00431467,1
2.250,-0.12682576,0.74879744,2.30937961,-0.15088738,-0.04354468,-0.05569669,-0.10317086,-0.02977414,-0.03808320,-0.12910976,0.74674170,2.31078454,-0.14685903,-0.04545697,-0.05140865,-0.66968185,-23.57716179,-0.64557391,-0.66987744,-23.57396283,-0.64505760,0.02628219,0.06123754,-0.02921909,-0.64359525,-23.51272529,-0.67427668,-0.63899984,-23.40641992,-0.61355327,0.00228400,0.00205574,-0.00140493,-0.00402835,0.00191229,-0.00428804,1
2.260,-0.12833979,0.74836051,2.30882074,-0.15191948,-0.04384253,-0.05607766,-0.10324705,-0.02979613,-0.03811133,-0.13061844,0.74628463,2.31025405,-0.14786136,-0.04551938,-0.05181859,-0.67042536,-23.59368515,-0.65224636,-0.67062049,-23.59048419,-0.65173138,0.02614473,0.06056791,-0.02951711,-0.64447576,-23.52991628,-0.68124849,-0.63994494,-23.42275123,-0.62016733,0.00227865,0.00207588,-0.00143331,-0.00405812,0.00167685,-0.00425907,1
2.270,-0.12986415,0.74792059,2.30825806,-0.15295232,-0.04414060,-0.05645891,-0.10332042,-0.02981730,-0.03813841,-0.13213720,0.74582699,2.30971938,-0.14886497,-0.04558064,-0.05223084,-0.67115223,-23.61030960,-0.65896058,-0.67134692,-23.60710672,-0.65844699,0.02600451,0.05983113,-0.02980510,-0.64534241,-23.54727558,-0.68825209,-0.64087702,-23.43925693,-0.62680759,0.00227305,0.00209360,-0.00146132,-0.00408735,0.00144004,-0.00422807,1
2.280,-0.13139884,0.74747769,2.30769156,-0.15398587,-0.04443888,-0.05684042,-0.10339099,-0.02983767,-0.03816446,-0.13366604,0.74536877,2.30918050,-0.14986982,-0.04564096,-0.05264513,-0.67186445,-23.62703133,-0.66571420,-0.67205866,-23.62382659,-0.66520203,0.02586169,0.05902851,-0.03008372,-0.64619697,-23.56479808,-0.69528575,-0.64179632,-23.45591910,-0.63347978,0.00226720,0.00210892,-0.00148894,-0.00411605,0.00120208,-0.00419529,1
2.290,-0.13294387,0.74703181,2.30712125,-0.15502013,-0.04473735,-0.05722219,-0.10345876,-0.02985723,-0.03818948,-0.13520498,0.74490998,2.30863741,-0.15087588,-0.04570056,-0.05306114,-0.67256039,-23.64384842,-0.67251164,-0.67275412,-23.64064190,-0.67200091,0.02571620,0.05816123,-0.03035346,-0.64703792,-23.58248066,-0.70235437,-0.64270289,-23.47275390,-0.64017944,0.00226111,0.00212183,-0.00151616,-0.00414425,0.00096321,-0.00416105,1
2.300,-0.13449924,0.74658295,2.30654712,-0.15605504,-0.04503602,-0.05760421,-0.10352374,-0.02987598,-0.03821346,-0.13675403,0.74445061,2.30809010,-0.15188310,-0.04575965,-0.05347861,-0.67324126,-23.66075897,-0.67935169,-0.67343448,-23.65755073,-0.67884242,0.02556825,0.05723037,-0.03061503,-0.64786624,-23.60032036,-0.70945744,-0.64359525,-23.48975682,-0.64691117,0.00225479,0.00213234,-0.00154298,-0.00417194,0.00072363,-0.00412560,1
2.310,-0.13606497,0.74613109,2.30596917,-0.15709059,-0.04533487,-0.05798646,-0.10358593,-0.02989393,-0.03823642,-0.13831320,0.74399066,2.30753856,-0.15289146,-0.04581846,-0.05389727,-0.67390579,-23.67776871,-0.68623281,-0.67409851,-23.67455880,-0.68572507,0.02541764,0.05623667,-0.03086902,-0.64868087,-23.61832213,-0.71659409,-0.64447576,-23.50691883,-0.65367187,0.00224823,0.00214043,-0.00156939,-0.00419913,0.00048359,-0.00408919,1
2.320,-0.13764106,0.74567625,2.30538739,-0.15812675,-0.04563389,-0.05836893,-0.10364535,-0.02991107,-0.03825835,-0.13988249,0.74353012,2.30698281,-0.15390091,-0.04587720,-0.05431683,-0.67455590,-23.69487762,-0.69315523,-0.67474808,-23.69166614,-0.69264902,0.02526449,0.05518189,-0.03111619,-0.64948359,-23.63648426,-0.72376522,-0.64534241,-23.52424888,-0.66046433,0.00224143,0.00214613,-0.00159542,-0.00422584,0.00024331,-0.00405210,1
2.330,-0.13922751,0.74521841,2.30480179,-0.15916349,-0.04593309,-0.05875162,-0.10370199,-0.02992742,-0.03827926,-0.14146192,0.74306900,2.30642283,-0.15491141,-0.04593607,-0.05473705,-0.67518944,-23.71208572,-0.70012081,-0.67538109,-23.70887271,-0.69961621,0.02510895,0.05406672,-0.03135710,-0.65027214,-23.65480599,-0.73097331,-0.64619697,-23.54174174,-0.66728691,0.00223441,0.00214941,-0.00162104,-0.00425208,0.00000298,-0.00401457,1
2.340,-0.14082433,0.74475759,2.30421236,-0.16020078,-0.04623244,-0.05913452,-0.10375588,-0.02994297,-0.03829915,-0.14305149,0.74260727,2.30585864,-0.15592294,-0.04599529,-0.05515767,-0.67580831,-23.72938728,-0.70712638,-0.67599941,-23.72617283,-0.70662338,0.02495097,0.05289309,-0.03159250,-0.65104844,-23.67327974,-0.73821588,-0.64703792,-23.55939420,-0.67414460,0.00222716,0.00215032,-0.00164628,-0.00427784,-0.00023715,-0.00397685,1
2.350,-0.14243153,0.74429376,2.30361909,-0.16123860,-0.04653194,-0.05951760,-0.10380701,-0.02995773,-0.03831802,-0.14465122,0.74214492,2.30529023,-0.15693544,-0.04605505,-0.05557846,-0.67641187,-23.74678421,-0.71417451,-0.67660242,-23.74356837,-0.71367317,0.02479051,0.05166153,-0.03182309,-0.65181191,-23.69190684,-0.74549625,-0.64786624,-23.57720320,-0.68103702,0.00221969,0.00214884,-0.00167114,-0.00430316,-0.00047689,-0.00393914,1
2.360,-0.14404910,0.74382695,2.30302200,-0.16227691,-0.04683159,-0.05990087,-0.10385540,-0.02997169,-0.03833588,-0.14626111,0.74168195,2.30471761,-0.15794890,-0.04611555,-0.05599921,-0.67699987,-23.76428223,-0.72126472,-0.67718985,-23.76106506,-0.72076505,0.02462784,0.05037412,-0.03204928,-0.65256201,-23.71069094,-0.75281433,-0.64868087,-23.59517359,-0.68796337,0.00221201,0.00214500,-0.00169561,-0.00432801,-0.00071604,-0.00390166,1
2.370,-0.14567707,0.74335713,2.30242108,-0.16331570,-0.04713138,-0.06028432,-0.10390104,-0.02998486,-0.03835273,-0.14788118,0.74121834,2.30414080,-0.15896326,-0.04617700,-0.05641969,-0.67757267,-23.78186989,-0.72839540,-0.67776207,-23.77865147,-0.72789747,0.02446259,0.04903153,-0.03227184,-0.65329948,-23.72961994,-0.76016931,-0.64948359,-23.61330358,-0.69492465,0.00220411,0.00213879,-0.00171972,-0.00435244,-0.00095438,-0.00386463,1
2.380,-0.14731542,0.74288432,2.30181632,-0.16435492,-0.04743129,-0.06066792,-0.10394396,-0.02999725,-0.03836858,-0.14951142,0.74075407,2.30355980,-0.15997849,-0.04623959,-0.05683970,-0.67813033,-23.79956436,-0.73556942,-0.67831913,-23.79634476,-0.73507322,0.02429519,0.04763576,-0.03249146,-0.65402394,-23.74870900,-0.76756469,-0.65027214,-23.63159232,-0.70192344,0.00219600,0.00213025,-0.00174348,-0.00437643,-0.00119170,-0.00382822,1
2.390,-0.14896417,0.74240850,2.30120772,-0.16539457,-0.04773132,-0.06105169,-0.10398415,-0.03000885,-0.03838341,-0.15115185,0.74028911,2.30297463,-0.16099456,-0.04630350,-0.05725906,-0.67867267,-23.81734467,-0.74278277,-0.67886086,-23.81412394,-0.74228836,0.02412538,0.04618771,-0.03270884,-0.65473548,-23.76793623,-0.77499720,-0.65104844,-23.65003212,-0.70895732,0.00218768,0.00211939,-0.00176691,-0.00440001,-0.00142782,-0.00379263,1
2.400,-0.15062331,0.74192969,2.30059528,-0.16643460,-0.04803146,-0.06143559,-0.10402162,-0.03001966,-0.03839724,-0.15280247,0.73982346,2.30238530,-0.16201143,-0.04636892,-0.05767758,-0.67919999,-23.83522606,-0.75003779,-0.67938757,-23.83200429,-0.74954519,0.02395344,0.04468937,-0.03292448,-0.65543413,-23.78731492,-0.78246968,-0.65181191,-23.66862425,-0.71602968,0.00217916,0.00210623,-0.00179002,-0.00442317,-0.00166254,-0.00375801,1
2.410,-0.15229286,0.74144788,2.29997901,-0.16747499,-0.04833171,-0.06181963,-0.10405639,-0.03002970,-0.03841008,-0.15446329,0.73935709,2.30179183,-0.16302906,-0.04643603,-0.05809510,-0.67971230,-23.85320282,-0.75733781,-0.67989925,-23.84998005,-0.75684706,0.02377914,0.04314195,-0.03313891,-0.65612010,-23.80683810,-0.78998597,-0.65256201,-23.68737226,-0.72314050,0.00217043,0.00209079,-0.00181282,-0.00444593,-0.00189568,-0.00372453,1
2.420,-0.15397281,0.74096306,2.29935889,-0.16851572,-0.04863205,-0.06220379,-0.10408845,-0.03003895,-0.03842191,-0.15613431,0.73888997,2.30119422,-0.16404742,-0.04650501,-0.05851146,-0.68020999,-23.87128258,-0.76467794,-0.68039631,-23.86805890,-0.76418909,0.02360269,0.04154678,-0.03335292,-0.65679362,-23.82651212,-0.79754201,-0.65329948,-23.70626396,-0.73028903,0.00216150,0.00207309,-0.00183533,-0.00446830,-0.00212704,-0.00369233,1
2.430,-0.15566317,0.74047523,2.29873493,-0.16955675,-0.04893248,-0.06258806,-0.10411782,-0.03004743,-0.03843275,-0.15781555,0.73842208,2.30059250,-0.16506647,-0.04657603,-0.05892653,-0.68069184,-23.88945007,-0.77205908,-0.68087750,-23.88622554,-0.77157215,0.02342403,0.03990536,-0.03356695,-0.65745347,-23.84632018,-0.80513910,-0.65402394,-23.72531446,-0.73747883,0.00215238,0.00205315,-0.00185757,-0.00449028,-0.00235645,-0.00366153,1
2.440,-0.15736395,0.73998441,2.29810713,-0.17059806,-0.04923300,-0.06297244,-0.10414451,-0.03005513,-0.03844260,-0.15950700,0.73795339,2.29998669,-0.16608618,-0.04664926,-0.05934016,-0.68115896,-23.90771675,-0.77948320,-0.68134396,-23.90449142,-0.77899821,0.02324306,0.03821969,-0.03378156,-0.65810090,-23.86627173,-0.81277977,-0.65473548,-23.74450176,-0.74470667,0.00214305,0.00203102,-0.00187956,-0.00451188,-0.00258374,-0.00363228,1
2.450,-0.15907514,0.73949057,2.29747548,-0.17163963,-0.04953358,-0.06335691,-0.10416851,-0.03006205,-0.03845146,-0.16120868,0.73748387,2.29937681,-0.16710651,-0.04672486,-0.05975224,-0.68161148,-23.92607880,-0.78694808,-0.68179579,-23.92285275,-0.78646509,0.02305998,0.03649071,-0.03399740,-0.65873581,-23.88636204,-0.82046248,-0.65543413,-23.76383909,-0.75197544,0.00213354,0.00200670,-0.00190133,-0.00453312,-0.00280872,-0.00360467,1
2.460,-0.16079674,0.73899373,2.29683999,-0.17268143,-0.04983424,-0.06374147,-0.10418985,-0.03006821,-0.03845934,-0.16292058,0.73701350,2.29876287,-0.16812742,-0.04680299,-0.06016266,-0.68204927,-23.94454384,-0.79445642,-0.68223292,-23.94131713,-0.79397544,0.02287486,0.03472035,-0.03421483,-0.65935806,-23.90659678,-0.82819027,-0.65612010,-23.78331941,-0.75928901,0.00212384,0.00198023,-0.00192288,-0.00455401,-0.00303125,-0.00357881,1
2.470,-0.16252876,0.73849389,2.29620065,-0.17372342,-0.05013495,-0.06412609,-0.10420852,-0.03007360,-0.03846623,-0.16464271,0.73654224,2.29814490,-0.16914888,-0.04688380,-0.06057133,-0.68247169,-23.96309662,-0.80200320,-0.68265463,-23.95986933,-0.80152427,0.02268761,0.03291033,-0.03443442,-0.65996702,-23.92695900,-0.83595869,-0.65679362,-23.80294900,-0.76664334,0.00211395,0.00195165,-0.00194425,-0.00457454,-0.00325115,-0.00355476,1
2.480,-0.16427121,0.73799104,2.29555747,-0.17476559,-0.05043571,-0.06451079,-0.10422453,-0.03007822,-0.03847214,-0.16637508,0.73607005,2.29752291,-0.17017086,-0.04696744,-0.06097816,-0.68287998,-23.98175240,-0.80959517,-0.68306220,-23.97852459,-0.80911833,0.02249810,0.03106194,-0.03465657,-0.66056411,-23.94746265,-0.84377490,-0.65745347,-23.82271099,-0.77403977,0.00210387,0.00192099,-0.00196544,-0.00459473,-0.00346827,-0.00353263,1
2.490,-0.16602408,0.73748517,2.29491043,-0.17580790,-0.05073651,-0.06489553,-0.10423789,-0.03008208,-0.03847708,-0.16811769,0.73559691,2.29689693,-0.17119332,-0.04705407,-0.06138308,-0.68327320,-24.00050163,-0.81722564,-0.68345469,-23.99727337,-0.81675091,0.02230654,0.02917656,-0.03488189,-0.66114815,-23.96809681,-0.85163280,-0.65810090,-23.84261477,-0.78148084,0.00209361,0.00188826,-0.00198650,-0.00461458,-0.00368244,-0.00351245,1
2.500,-0.16778737,0.73697631,2.29425956,-0.17685034,-0.05103735,-0.06528033,-0.10424862,-0.03008517,-0.03848103,-0.16987054,0.73512278,2.29626698,-0.17221622,-0.04714380,-0.06178604,-0.68365145,-24.01934814,-0.82489920,-0.68383222,-24.01611947,-0.82442661,0.02211294,0.02725652,-0.03511047,-0.66171927,-23.98886296,-0.85953708,-0.65873581,-23.86265553,-0.78896502,0.00208317,0.00185353,-0.00200742,-0.00463412,-0.00389355,-0.00349429,1
2.510,-0.16956108,0.73646443,2.29360483,-0.17789286,-0.05133821,-0.06566515,-0.10425671,-0.03008751,-0.03848402,-0.17163363,0.73464762,2.29563308,-0.17323954,-0.04723680,-0.06218699,-0.68401521,-24.03828239,-0.83261687,-0.68419524,-24.03505339,-0.83214648,0.02191738,0.02530275,-0.03534300,-0.66227786,-24.00975064,-0.86748948,-0.65935806,-23.88283890,-0.79649536,0.00207255,0.00181681,-0.00202825,-0.00465332,-0.00410141,-0.00347816,1
2.520,-0.17134523,0.73594954,2.29294625,-0.17893546,-0.05163909,-0.06605000,-0.10426217,-0.03008908,-0.03848604,-0.17340697,0.73417140,2.29499526,-0.17426323,-0.04733317,-0.06258587,-0.68436438,-24.05731964,-0.84037358,-0.68454364,-24.05409037,-0.83990539,0.02171953,0.02331710,-0.03557977,-0.66282410,-24.03077327,-0.87548516,-0.65996702,-23.90314785,-0.80406743,0.00206174,0.00177814,-0.00204901,-0.00467223,-0.00430592,-0.00346413,1
2.530,-0.17313979,0.73543165,2.29228383,-0.17997810,-0.05193999,-0.06643487,-0.10426502,-0.03008990,-0.03848709,-0.17519057,0.73369408,2.29435353,-0.17528727,-0.04743305,-0.06298268,-0.68469912,-24.07644844,-0.84817320,-0.68487762,-24.07321897,-0.84770727,0.02151989,0.02130141,-0.03582096,-0.66335773,-24.05191757,-0.88352823,-0.66056411,-23.92359630,-0.81168836,0.00205078,0.00173757,-0.00206970,-0.00469083,-0.00450694,-0.00345219,1
2.540,-0.17494479,0.73491074,2.29161756,-0.18102075,-0.05224089,-0.06681974,-0.10426525,-0.03008997,-0.03848717,-0.17698441,0.73321560,2.29370791,-0.17631162,-0.04753656,-0.06337737,-0.68501943,-24.09568024,-0.85601193,-0.68519715,-24.09245063,-0.85554828,0.02131803,0.01925687,-0.03606701,-0.66387912,-24.07319375,-0.89161529,-0.66114815,-23.94417326,-0.81935206,0.00203962,0.00169514,-0.00209035,-0.00470913,-0.00470433,-0.00344237,1
2.550,-0.17676021,0.73438683,2.29094743,-0.18206340,-0.05254179,-0.06720461,-0.10426288,-0.03008929,-0.03848630,-0.17878852,0.73273595,2.29305843,-0.17733625,-0.04764382,-0.06376995,-0.68532515,-24.11499977,-0.86389554,-0.68550207,-24.11177009,-0.86343420,0.02111423,0.01718560,-0.03631833,-0.66438785,-24.09458449,-0.89975252,-0.66171927,-23.96488016,-0.82706323,0.00202831,0.00165088,-0.00211100,-0.00472715,-0.00489797,-0.00343466,1
2.560,-0.17858606,0.73385991,2.29027346,-0.18310600,-0.05284267,-0.06758946,-0.10425792,-0.03008786,-0.03848447,-0.18060287,0.73225507,2.29240512,-0.17836112,-0.04775493,-0.06416043,-0.68561578,-24.13441849,-0.87181985,-0.68579191,-24.13118879,-0.87136086,0.02090840,0.01508901,-0.03657486,-0.66488351,-24.11609979,-0.90793572,-0.66227786,-23.98570651,-0.83482355,0.00201681,0.00160484,-0.00213166,-0.00474488,-0.00508774,-0.00342903,1
2.570,-0.18042233,0.73332997,2.28959564,-0.18414855,-0.05314354,-0.06797430,-0.10425037,-0.03008568,-0.03848168,-0.18242749,0.73177291,2.29174798,-0.17938620,-0.04786999,-0.06454881,-0.68589294,-24.15392876,-0.87978309,-0.68606826,-24.15069912,-0.87932647,0.02070063,0.01296840,-0.03683700,-0.66536763,-24.13773072,-0.91616347,-0.66282410,-24.00666568,-0.84262818,0.00200516,0.00155706,-0.00215234,-0.00476235,-0.00527355,-0.00342549,1
2.580,-0.18226903,0.73279704,2.28891398,-0.18519100,-0.05344438,-0.06835909,-0.10424023,-0.03008275,-0.03847794,-0.18426236,0.73128945,2.29108704,-0.18041146,-0.04798911,-0.06493512,-0.68615550,-24.17353821,-0.88778991,-0.68632998,-24.17030868,-0.88733568,0.02049084,0.01082619,-0.03710473,-0.66583915,-24.15948249,-0.92444041,-0.66335773,-24.02774433,-0.85048121,0.00199333,0.00150759,-0.00217306,-0.00477954,-0.00545527,-0.00342397,1
2.590,-0.18412615,0.73226109,2.28822846,-0.18623334,-0.05374519,-0.06874385,-0.10422752,-0.03007908,-0.03847325,-0.18610749,0.73080463,2.29042231,-0.18143687,-0.04811239,-0.06531937,-0.68640310,-24.19324112,-0.89583790,-0.68657675,-24.19001178,-0.89538613,0.02027912,0.00866325,-0.03737858,-0.66629763,-24.18134854,-0.93276471,-0.66387912,-24.04895264,-0.85837923,0.00198134,0.00145646,-0.00219385,-0.00479647,-0.00563280,-0.00342448,1
2.600,-0.18599369,0.73172213,2.28753910,-0.18727554,-0.05404596,-0.06912856,-0.10421225,-0.03007468,-0.03846761,-0.18796288,0.73031840,2.28975383,-0.18246240,-0.04823991,-0.06570161,-0.68663663,-24.21303368,-0.90392858,-0.68680944,-24.20980459,-0.90347929,0.02006549,0.00648143,-0.03765837,-0.66674395,-24.20332316,-0.94113765,-0.66438785,-24.07027325,-0.86632836,0.00196919,0.00140373,-0.00221473,-0.00481314,-0.00580605,-0.00342695,1
2.610,-0.18787166,0.73118017,2.28684589,-0.18831758,-0.05434668,-0.06951320,-0.10419442,-0.03006953,-0.03846103,-0.18982853,0.72983073,2.28908160,-0.18348801,-0.04837176,-0.06608188,-0.68685627,-24.23292923,-0.91205728,-0.68702822,-24.22970046,-0.91161050,0.01984975,0.00428262,-0.03794430,-0.66717847,-24.22541785,-0.94955480,-0.66488351,-24.09171613,-0.87432437,0.00195687,0.00134944,-0.00223571,-0.00482957,-0.00597492,-0.00343132,1
2.620,-0.18976004,0.73063520,2.28614884,-0.18935942,-0.05464735,-0.06989777,-0.10417403,-0.03006365,-0.03845350,-0.19170443,0.72934156,2.28840565,-0.18451367,-0.04850802,-0.06646023,-0.68706137,-24.25291252,-0.92023063,-0.68723245,-24.24968412,-0.91978638,0.01963223,0.00206812,-0.03823639,-0.66760022,-24.24761600,-0.95802276,-0.66536763,-24.11327231,-0.88236584,0.00194439,0.00129364,-0.00225681,-0.00484575,-0.00613933,-0.00343754,1
2.630,-0.19165885,0.73008722,2.28544794,-0.19040105,-0.05494795,-0.07028227,-0.10415111,-0.03005703,-0.03844504,-0.19359060,0.72885085,2.28772599,-0.18553935,-0.04864877,-0.06683671,-0.68725252,-24.27299118,-0.92844582,-0.68742272,-24.26976322,-0.92800414,0.01941258,-0.00016040,-0.03853482,-0.66801014,-24.26992363,-0.96653896,-0.66583915,-24.13494698,-0.89045734,0.00193175,0.00123637,-0.00227805,-0.00486170,-0.00629918,-0.00344556,1
2.640,-0.19356806,0.72953624,2.28474319,-0.19144244,-0.05524849,-0.07066667,-0.10412565,-0.03004968,-0.03843564,-0.19548702,0.72835855,2.28704264,-0.18656502,-0.04879408,-0.06721138,-0.68742907,-24.29316902,-0.93670034,-0.68759837,-24.28994155,-0.93626126,0.01919122,-0.00240120,-0.03883959,-0.66840715,-24.29234275,-0.97510085,-0.66629763,-24.15673353,-0.89859701,0.00191896,0.00117769,-0.00229945,-0.00487742,-0.00645441,-0.00345529,1
2.650,-0.19548769,0.72898225,2.28403460,-0.19248355,-0.05554895,-0.07105098,-0.10409765,-0.03004160,-0.03842531,-0.19739369,0.72786461,2.28635560,-0.18759065,-0.04894402,-0.06758432,-0.68759227,-24.31343460,-0.94499791,-0.68776066,-24.31020769,-0.94456147,0.01896785,-0.00465290,-0.03915060,-0.66879281,-24.31486059,-0.98371207,-0.66674395,-24.17862626,-0.90678608,0.00190600,0.00111764,-0.00232100,-0.00489290,-0.00660493,-0.00346666,1
2.660,-0.19741773,0.72842526,2.28332217,-0.19352438,-0.05584932,-0.07143517,-0.10406714,-0.03003280,-0.03841405,-0.19931062,0.72736899,2.28566491,-0.18861622,-0.04909864,-0.06795559,-0.68774086,-24.33379936,-0.95333606,-0.68790834,-24.33057307,-0.95290228,0.01874255,-0.00691366,-0.03946781,-0.66916579,-24.33748674,-0.99237009,-0.66717847,-24.20063660,-0.91502010,0.00189289,0.00105627,-0.00234274,-0.00490816,-0.00675068,-0.00347958,1
2.670,-0.19935818,0.72786527,2.28260590,-0.19456489,-0.05614960,-0.07181925,-0.10403412,-0.03002327,-0.03840186,-0.20123780,0.72687163,2.28497057,-0.18964168,-0.04925800,-0.06832528,-0.68787569,-24.35425568,-0.96171498,-0.68804224,-24.35103008,-0.96128390,0.01851529,-0.00918199,-0.03979120,-0.66952695,-24.36021207,-1.00107510,-0.66760022,-24.22274796,-0.92330560,0.00187962,0.00099364,-0.00236467,-0.00492321,-0.00689160,-0.00349397,1
2.680,-0.20130903,0.72730227,2.28188579,-0.19560505,-0.05644978,-0.07220321,-0.10399859,-0.03001302,-0.03838874,-0.20317523,0.72637248,2.28427259,-0.19066701,-0.04942216,-0.06869347,-0.68799615,-24.37480545,-0.97013450,-0.68816176,-24.37158062,-0.96970613,0.01828621,-0.01145657,-0.04012070,-0.66987555,-24.38303719,-1.00982683,-0.66801014,-24.24496631,-0.93163994,0.00186620,0.00092979,-0.00238680,-0.00493804,-0.00702762,-0.00350974,1
2.690,-0.20327028,0.72673627,2.28116184,-0.19664485,-0.05674986,-0.07258703,-0.10396056,-0.03000204,-0.03837470,-0.20512291,0.72587150,2.28357098,-0.19169219,-0.04959116,-0.06906024,-0.68810266,-24.39544868,-0.97859782,-0.68826733,-24.39222465,-0.97817221,0.01805522,-0.01373568,-0.04045620,-0.67021210,-24.40596034,-1.01862840,-0.66840715,-24.26729366,-0.94002057,0.00185263,0.00086477,-0.00240914,-0.00495266,-0.00715870,-0.00352679,1
2.700,-0.20524193,0.72616727,2.28043405,-0.19768426,-0.05704982,-0.07297070,-0.10392004,-0.02999035,-0.03835975,-0.20708083,0.72536863,2.28286576,-0.19271718,-0.04976505,-0.06942570,-0.68819541,-24.41618729,-0.98709983,-0.68835911,-24.41296412,-0.98667701,0.01782229,-0.01601775,-0.04079757,-0.67053681,-24.42898187,-1.02747458,-0.66879281,-24.28971723,-0.94845104,0.00183890,0.00079864,-0.00243171,-0.00496708,-0.00728477,-0.00354500,1
2.710,-0.20722396,0.72559527,2.27970242,-0.19872324,-0.05734966,-0.07335422,-0.10387704,-0.02997794,-0.03834387,-0.20904900,0.72486383,2.28215693,-0.19374195,-0.04994387,-0.06978992,-0.68827438,-24.43701935,-0.99564362,-0.68843713,-24.43379712,-0.99522360,0.01758770,-0.01830132,-0.04114471,-0.67084943,-24.45209844,-1.03636832,-0.66916579,-24.31224658,-0.95692879,0.00182504,0.00073144,-0.00245451,-0.00498129,-0.00740579,-0.00356430,1
2.720,-0.20921639,0.72502028,2.27896696,-0.19976179,-0.05764938,-0.07373757,-0.10383156,-0.02996481,-0.03832709,-0.21102740,0.72435704,2.28144451,-0.19476648,-0.05012765,-0.07015301,-0.68833923,-24.45794106,-1.00422859,-0.68850098,-24.45471982,-1.00381145,0.01735103,-0.02058470,-0.04149732,-0.67114995,-24.47530452,-1.04530877,-0.66952695,-24.33487257,-0.96545396,0.00181101,0.00066324,-0.00247755,-0.00499531,-0.00752173,-0.00358456,1
2.730,-0.21121920,0.72444229,2.27822767,-0.20079987,-0.05794896,-0.07412076,-0.10378361,-0.02995098,-0.03830939,-0.21301603,0.72384821,2.28072850,-0.19579074,-0.05031642,-0.07051506,-0.68838966,-24.47895432,-1.01285481,-0.68855041,-24.47573414,-1.01244054,0.01711257,-0.02286661,-0.04185528,-0.67143785,-24.49860075,-1.05429582,-0.66987555,-24.35759582,-0.97402622,0.00179683,0.00059408,-0.00250083,-0.00500913,-0.00763254,-0.00360570,1
2.740,-0.21323239,0.72386130,2.27748455,-0.20183745,-0.05824839,-0.07450376,-0.10373321,-0.02993643,-0.03829078,-0.21501490,0.72333729,2.28000890,-0.19681470,-0.05051022,-0.07087618,-0.68842727,-24.50006104,-1.02152026,-0.68858702,-24.49684199,-1.02110891,0.01687225,-0.02514560,-0.04221834,-0.67171477,-24.52198759,-1.06332725,-0.67021210,-24.38041454,-0.98264864,0.00178251,0.00052401,-0.00252435,-0.00502275,-0.00773817,-0.00362758,1
2.750,-0.21525595,0.72327732,2.27673760,-0.20287452,-0.05854768,-0.07488657,-0.10368035,-0.02992117,-0.03827127,-0.21702399,0.72282424,2.27928573,-0.19783834,-0.05070905,-0.07123646,-0.68845052,-24.52126503,-1.03022778,-0.68860925,-24.51804717,-1.02981938,0.01663013,-0.02742009,-0.04258632,-0.67197912,-24.54546726,-1.07240570,-0.67053681,-24.40332910,-0.99131593,0.00176804,0.00045308,-0.00254813,-0.00503618,-0.00783863,-0.00365011,1
2.760,-0.21728987,0.72269035,2.27598682,-0.20391105,-0.05884681,-0.07526918,-0.10362504,-0.02990521,-0.03825085,-0.21904330,0.72230899,2.27855899,-0.19886162,-0.05091294,-0.07159600,-0.68846017,-24.54255295,-1.03897631,-0.68861789,-24.53933635,-1.03857087,0.01638631,-0.02968859,-0.04295901,-0.67223157,-24.56902494,-1.08152988,-0.67084943,-24.42633613,-1.00003101,0.00175343,0.00038136,-0.00257217,-0.00504943,-0.00793387,-0.00367318,1
2.770,-0.21933416,0.72210038,2.27523221,-0.20494702,-0.05914578,-0.07565158,-0.10356730,-0.02988855,-0.03822954,-0.22107284,0.72179150,2.27782867,-0.19988452,-0.05112191,-0.07195490,-0.68845624,-24.56394386,-1.04776716,-0.68861291,-24.56072856,-1.04736473,0.01614055,-0.03195002,-0.04333617,-0.67247236,-24.59267857,-1.09070090,-0.67114995,-24.44943010,-1.00879297,0.00173868,0.00030888,-0.00259646,-0.00506250,-0.00802387,-0.00369668,1
2.780,-0.22138881,0.72150743,2.27447379,-0.20598239,-0.05944458,-0.07603377,-0.10350712,-0.02987118,-0.03820733,-0.22311258,0.72127172,2.27709479,-0.20090702,-0.05133597,-0.07231327,-0.68843889,-24.58541870,-1.05659664,-0.68859451,-24.58220476,-1.05619724,0.01589296,-0.03420250,-0.04371731,-0.67270155,-24.61640726,-1.09991455,-0.67143785,-24.47261168,-1.01760163,0.00172377,0.00023571,-0.00262100,-0.00507537,-0.00810861,-0.00372050,1
2.790,-0.22345381,0.72091149,2.27371154,-0.20701715,-0.05974320,-0.07641573,-0.10344453,-0.02985312,-0.03818422,-0.22516254,0.72074960,2.27635734,-0.20192909,-0.05155511,-0.07267121,-0.68840754,-24.60698509,-1.06547058,-0.68856210,-24.60377257,-1.06507424,0.01564357,-0.03644492,-0.04410241,-0.67291852,-24.64021749,-1.10917665,-0.67171477,-24.49588132,-1.02645474,0.00170873,0.00016189,-0.00264580,-0.00508806,-0.00818809,-0.00374452,1
2.800,-0.22552915,0.72031257,2.27294547,-0.20805127,-0.06004164,-0.07679745,-0.10337951,-0.02983436,-0.03816022,-0.22722269,0.72022508,2.27561632,-0.20295070,-0.05177935,-0.07302881,-0.68836236,-24.62864494,-1.07438028,-0.68851585,-24.62543390,-1.07398704,0.01539248,-0.03867574,-0.04449108,-0.67312337,-24.66410964,-1.11847811,-0.67197912,-24.51924123,-1.03535489,0.00169354,0.00008749,-0.00267085,-0.00510057,-0.00826229,-0.00376864,1
2.810,-0.22761483,0.71971066,2.27217559,-0.20908473,-0.06033989,-0.07717893,-0.10331209,-0.02981490,-0.03813534,-0.22929304,0.71969811,2.27487174,-0.20397183,-0.05200868,-0.07338618,-0.68830389,-24.65039253,-1.08333325,-0.68845630,-24.64718306,-1.08294313,0.01513957,-0.04089390,-0.04488292,-0.67331673,-24.68807696,-1.12782604,-0.67223157,-24.54267660,-1.04430074,0.00167821,0.00001255,-0.00269615,-0.00511290,-0.00833121,-0.00379275,1
2.820,-0.22971085,0.71910577,2.27140190,-0.21011751,-0.06063794,-0.07756015,-0.10324227,-0.02979475,-0.03810956,-0.23137359,0.71916865,2.27412359,-0.20499245,-0.05224310,-0.07374341,-0.68823177,-24.67223167,-1.09232640,-0.68838308,-24.66902380,-1.09193943,0.01488477,-0.04309786,-0.04527761,-0.67349831,-24.71212166,-1.13721704,-0.67247236,-24.56620540,-1.05329334,0.00166274,-0.00006288,-0.00272169,-0.00512506,-0.00839484,-0.00381674,1
2.830,-0.23181718,0.71849790,2.27062439,-0.21114957,-0.06093578,-0.07794112,-0.10317006,-0.02977391,-0.03808291,-0.23346431,0.71863664,2.27337186,-0.20601254,-0.05248259,-0.07410061,-0.68814623,-24.69416428,-1.10135925,-0.68829644,-24.69095807,-1.10097548,0.01462845,-0.04528634,-0.04567504,-0.67366799,-24.73624441,-1.14665051,-0.67270155,-24.58980672,-1.06232845,0.00164713,-0.00013874,-0.00274747,-0.00513703,-0.00845319,-0.00384051,1
2.840,-0.23393383,0.71788706,2.26984307,-0.21218090,-0.06123341,-0.07832181,-0.10309546,-0.02975238,-0.03805537,-0.23556522,0.71810203,2.27261657,-0.20703208,-0.05272715,-0.07445787,-0.68804693,-24.71619415,-1.11043262,-0.68819602,-24.71298968,-1.11005206,0.01437034,-0.04745791,-0.04607468,-0.67382568,-24.76044759,-1.15612674,-0.67291852,-24.61348708,-1.07141182,0.00163139,-0.00021497,-0.00277350,-0.00514882,-0.00850626,-0.00386394,1
2.850,-0.23606080,0.71727324,2.26905795,-0.21321147,-0.06153083,-0.07870222,-0.10301849,-0.02973017,-0.03802696,-0.23767630,0.71756477,2.27185769,-0.20805103,-0.05297676,-0.07481528,-0.68793410,-24.73830223,-1.11954665,-0.68808207,-24.73509955,-1.11916932,0.01411037,-0.04961165,-0.04647615,-0.67397169,-24.78471120,-1.16564547,-0.67312337,-24.63724684,-1.08053435,0.00161550,-0.00029153,-0.00279974,-0.00516044,-0.00855407,-0.00388694,1
2.860,-0.23819806,0.71665644,2.26826903,-0.21424126,-0.06182802,-0.07908235,-0.10293914,-0.02970727,-0.03799767,-0.23979754,0.71702482,2.27109523,-0.20906939,-0.05323140,-0.07517294,-0.68780828,-24.76050758,-1.12870097,-0.68795510,-24.75730675,-1.12832691,0.01384887,-0.05174631,-0.04687915,-0.67410623,-24.80905306,-1.17520606,-0.67331673,-24.66107930,-1.08970309,0.00159948,-0.00036838,-0.00282620,-0.00517187,-0.00859662,-0.00390941,1
2.870,-0.24034562,0.71603668,2.26747631,-0.21527025,-0.06212497,-0.07946217,-0.10285743,-0.02968369,-0.03796751,-0.24192895,0.71648212,2.27032918,-0.21008712,-0.05349105,-0.07553093,-0.68766934,-24.78280258,-1.13789630,-0.68781502,-24.77960365,-1.13752555,0.01358558,-0.05386023,-0.04728330,-0.67422944,-24.83346387,-1.18480885,-0.67349831,-24.68498666,-1.09891459,0.00158333,-0.00044544,-0.00285287,-0.00518313,-0.00863392,-0.00393124,1
2.880,-0.24250346,0.71541394,2.26667979,-0.21629840,-0.06242169,-0.07984169,-0.10277336,-0.02965943,-0.03793648,-0.24407050,0.71593662,2.26955954,-0.21110420,-0.05375567,-0.07588934,-0.68751574,-24.80518532,-1.14713144,-0.68766025,-24.80198836,-1.14676402,0.01332073,-0.05595284,-0.04768833,-0.67433952,-24.85794121,-1.19445235,-0.67366799,-24.70896963,-1.10816823,0.00156704,-0.00052268,-0.00287975,-0.00519420,-0.00866602,-0.00395235,1
2.890,-0.24467158,0.71478824,2.26587948,-0.21732571,-0.06271816,-0.08022090,-0.10268695,-0.02963449,-0.03790458,-0.24622220,0.71538828,2.26878629,-0.21212062,-0.05402526,-0.07624823,-0.68734956,-24.82765579,-1.15640807,-0.68749291,-24.82446086,-1.15604401,0.01305417,-0.05802247,-0.04809381,-0.67443874,-24.88248334,-1.20413782,-0.67382568,-24.73303059,-1.11746428,0.00155062,-0.00060004,-0.00290681,-0.00520509,-0.00869290,-0.00397267,1
2.900,-0.24684997,0.71415958,2.26507537,-0.21835213,-0.06301437,-0.08059978,-0.10259820,-0.02960888,-0.03787182,-0.24838404,0.71483705,2.26800943,-0.21313634,-0.05429976,-0.07660770,-0.68716991,-24.85021400,-1.16572034,-0.68731209,-24.84702117,-1.16535965,0.01278597,-0.06006803,-0.04849951,-0.67452611,-24.90708920,-1.21385917,-0.67397169,-24.75714956,-1.12680242,0.00153407,-0.00067747,-0.00293406,-0.00521579,-0.00871461,-0.00399208,1
2.910,-0.24903862,0.71352796,2.26426748,-0.21937766,-0.06331033,-0.08097833,-0.10250711,-0.02958259,-0.03783820,-0.25055600,0.71428288,2.26722895,-0.21415134,-0.05457915,-0.07696781,-0.68697715,-24.87286949,-1.17507684,-0.68711813,-24.86967880,-1.17471958,0.01251615,-0.06208855,-0.04890489,-0.67460198,-24.93176734,-1.22362447,-0.67410623,-24.78134439,-1.13618199,0.00151738,-0.00075492,-0.00296147,-0.00522632,-0.00873118,-0.00401052,1
2.920,-0.25123753,0.71289337,2.26345581,-0.22040227,-0.06360602,-0.08135654,-0.10241370,-0.02955563,-0.03780372,-0.25273808,0.71372572,2.26644484,-0.21516561,-0.05486340,-0.07732864,-0.68677098,-24.89560127,-1.18447065,-0.68691075,-24.89241277,-1.18411683,0.01224458,-0.06408317,-0.04930960,-0.67466616,-24.95649594,-1.23342643,-0.67422944,-24.80560581,-1.14560329,0.00150055,-0.00083235,-0.00298903,-0.00523666,-0.00874262,-0.00402790,1
2.930,-0.25344667,0.71225584,2.26264035,-0.22142593,-0.06390144,-0.08173440,-0.10231797,-0.02952801,-0.03776838,-0.25493028,0.71316552,2.26565708,-0.21617913,-0.05515245,-0.07769024,-0.68655169,-24.91843224,-1.19390666,-0.68669025,-24.91524600,-1.19355631,0.01197163,-0.06605019,-0.04971347,-0.67471862,-24.98129619,-1.24326978,-0.67433952,-24.82993141,-1.15506482,0.00148361,-0.00090968,-0.00301673,-0.00524680,-0.00874899,-0.00404416,1
2.940,-0.25566604,0.71161535,2.26182112,-0.22244862,-0.06419658,-0.08211191,-0.10221994,-0.02949971,-0.03773219,-0.25713258,0.71260224,2.26486568,-0.21719186,-0.05544626,-0.07805270,-0.68631893,-24.94134521,-1.20338082,-0.68645627,-24.93816131,-1.20303396,0.01169715,-0.06798912,-0.05011593,-0.67475912,-25.00615043,-1.25314989,-0.67443874,-24.85431949,-1.16456778,0.00146654,-0.00098689,-0.00304456,-0.00525676,-0.00875032,-0.00405921,1
2.950,-0.25789564,0.71097191,2.26099811,-0.22347032,-0.06449143,-0.08248904,-0.10211960,-0.02947076,-0.03769515,-0.25934498,0.71203584,2.26407062,-0.21820380,-0.05574479,-0.07841606,-0.68607348,-24.96435165,-1.21289599,-0.68620959,-24.96117012,-1.21255267,0.01142101,-0.06989876,-0.05051678,-0.67478857,-25.03106888,-1.26306944,-0.67452611,-24.87876901,-1.17410611,0.00144934,-0.00106393,-0.00307251,-0.00526652,-0.00874664,-0.00407298,1
2.960,-0.26013544,0.71032552,2.26017134,-0.22449100,-0.06478599,-0.08286581,-0.10201696,-0.02944114,-0.03765727,-0.26156746,0.71146626,2.26327189,-0.21921492,-0.05604799,-0.07878037,-0.68581432,-24.98744011,-1.22244680,-0.68594918,-24.98426103,-1.22210703,0.01114357,-0.07177820,-0.05091551,-0.67480561,-25.05603923,-1.27302254,-0.67460198,-24.90328855,-1.18368782,0.00143202,-0.00114074,-0.00310055,-0.00527608,-0.00873800,-0.00408544,1
2.970,-0.26238545,0.70967619,2.25934080,-0.22551065,-0.06508026,-0.08324219,-0.10191204,-0.02941086,-0.03761854,-0.26380002,0.71089347,2.26246947,-0.22022520,-0.05635580,-0.07914568,-0.68554235,-25.01062012,-1.23203945,-0.68567595,-25.00744355,-1.23170327,0.01086451,-0.07362637,-0.05131190,-0.67481144,-25.08106992,-1.28301517,-0.67466616,-24.92785633,-1.19330561,0.00141457,-0.00121728,-0.00312867,-0.00528545,-0.00872446,-0.00409651,1
2.980,-0.26464565,0.70902391,2.25850650,-0.22652924,-0.06537421,-0.08361818,-0.10180483,-0.02937992,-0.03757897,-0.26604265,0.71031742,2.26166336,-0.22123463,-0.05666817,-0.07951205,-0.68525726,-25.03388977,-1.24167299,-0.68538958,-25.03071575,-1.24134043,0.01058401,-0.07544254,-0.05170557,-0.67480557,-25.10615828,-1.29304600,-0.67471862,-24.95249355,-1.20296421,0.00139700,-0.00129351,-0.00315686,-0.00529461,-0.00870604,-0.00410613,1
2.990,-0.26691603,0.70836870,2.25766844,-0.22754674,-0.06566785,-0.08399376,-0.10169536,-0.02934832,-0.03753855,-0.26829534,0.70973806,2.26085354,-0.22224318,-0.05698504,-0.07987951,-0.68495882,-25.05723953,-1.25134349,-0.68508988,-25.05406812,-1.25101456,0.01030211,-0.07722545,-0.05209619,-0.67478776,-25.13129356,-1.30311075,-0.67475912,-24.97718260,-1.21265895,0.00137931,-0.00136936,-0.00318510,-0.00530356,-0.00868281,-0.00411425,1
3.000,-0.26919658,0.70771056,2.25682662,-0.22856314,-0.06596117,-0.08436894,-0.10158362,-0.02931608,-0.03749731,-0.27055808,0.70915536,2.26004000,-0.22325083,-0.05730636,-0.08024810,-0.68464774,-25.08067513,-1.26105297,-0.68477750,-25.07750640,-1.26072770,0.01001880,-0.07897429,-0.05248354,-0.67475870,-25.15648069,-1.31321124,-0.67478857,-25.00193373,-1.22239251,0.00136150,-0.00144480,-0.00321338,-0.00531231,-0.00865481,-0.00412084,1
3.010,-0.27148729,0.70704948,2.25598106,-0.22957841,-0.06625417,-0.08474371,-0.10146962,-0.02928318,-0.03745523,-0.27283085,0.70856927,2.25922273,-0.22425757,-0.05763205,-0.08061784,-0.68432325,-25.10420227,-1.27080512,-0.68445172,-25.10103627,-1.27048355,0.00973410,-0.08068856,-0.05286713,-0.67471762,-25.18172483,-1.32335067,-0.67480561,-25.02673466,-1.23215901,0.00134356,-0.00151979,-0.00324167,-0.00532084,-0.00862212,-0.00412587,1
3.020,-0.27378815,0.70638548,2.25513175,-0.23059252,-0.06654684,-0.08511805,-0.10135337,-0.02924963,-0.03741232,-0.27511366,0.70797975,2.25840172,-0.22526338,-0.05796207,-0.08098875,-0.68398577,-25.12780952,-1.28059280,-0.68411293,-25.12464632,-1.28027494,0.00944804,-0.08236701,-0.05324679,-0.67466489,-25.20701333,-1.33352174,-0.67481144,-25.05159387,-1.24196442,0.00132551,-0.00159427,-0.00326997,-0.00532914,-0.00858477,-0.00412930,1
3.030,-0.27609914,0.70571855,2.25427870,-0.23160547,-0.06683916,-0.08549195,-0.10123488,-0.02921544,-0.03736858,-0.27740649,0.70738676,2.25757695,-0.22626823,-0.05829633,-0.08136087,-0.68363512,-25.15150833,-1.29042149,-0.68376096,-25.14834797,-1.29010737,0.00916073,-0.08400910,-0.05362216,-0.67460023,-25.23235707,-1.34372953,-0.67480557,-25.07650873,-1.25180739,0.00130735,-0.00166821,-0.00329825,-0.00533724,-0.00854283,-0.00413108,1
3.040,-0.27842025,0.70504869,2.25342191,-0.23261721,-0.06713114,-0.08586541,-0.10111415,-0.02918060,-0.03732402,-0.27970933,0.70679025,2.25674840,-0.22727212,-0.05863477,-0.08173420,-0.68327159,-25.17529297,-1.30028749,-0.68339609,-25.17213551,-1.29997715,0.00887223,-0.08561425,-0.05399303,-0.67452386,-25.25774976,-1.35397018,-0.67478776,-25.10146851,-1.26168365,0.00128908,-0.00174156,-0.00332649,-0.00534509,-0.00849637,-0.00413121,1
3.050,-0.28075148,0.70437592,2.25256139,-0.23362774,-0.06742277,-0.08623843,-0.10099120,-0.02914511,-0.03727863,-0.28202216,0.70619020,2.25591608,-0.22827502,-0.05897732,-0.08210876,-0.68289524,-25.19916534,-1.31019378,-0.68301841,-25.19601084,-1.30988725,0.00858236,-0.08718128,-0.05435908,-0.67443606,-25.28319211,-1.36424632,-0.67475870,-25.12647820,-1.27159502,0.00127068,-0.00181428,-0.00335469,-0.00535272,-0.00844545,-0.00412967,1
3.060,-0.28309280,0.70370024,2.25169715,-0.23463703,-0.06771404,-0.08661098,-0.10086603,-0.02910899,-0.03723243,-0.28434499,0.70558657,2.25507996,-0.22927692,-0.05932391,-0.08248456,-0.68250602,-25.22311020,-1.32013869,-0.68262784,-25.21995872,-1.31983599,0.00829142,-0.08870956,-0.05471989,-0.67433642,-25.30866827,-1.37455588,-0.67471762,-25.15154300,-1.28154469,0.00125219,-0.00188633,-0.00338281,-0.00536011,-0.00839013,-0.00412642,1
3.070,-0.28544422,0.70302164,2.25082918,-0.23564505,-0.06800495,-0.08698307,-0.10073865,-0.02907223,-0.03718541,-0.28667780,0.70497931,2.25424003,-0.23027780,-0.05967445,-0.08286161,-0.68210447,-25.24715233,-1.33012009,-0.68222492,-25.24400392,-1.32982124,0.00799914,-0.09019880,-0.05507546,-0.67422579,-25.33420272,-1.38489670,-0.67466489,-25.17665030,-1.29152536,0.00123358,-0.00195767,-0.00341085,-0.00536725,-0.00833050,-0.00412146,1
3.080,-0.28780570,0.70234014,2.24995749,-0.23665179,-0.06829548,-0.08735469,-0.10060906,-0.02903483,-0.03713757,-0.28902057,0.70436839,2.25339629,-0.23127764,-0.06002887,-0.08323990,-0.68168956,-25.27126884,-1.34014118,-0.68180863,-25.26812357,-1.33984622,0.00770593,-0.09164786,-0.05542547,-0.67410270,-25.35977144,-1.39527169,-0.67460023,-25.20181100,-1.30154214,0.00121487,-0.00202825,-0.00343880,-0.00537415,-0.00826661,-0.00411479,1
3.090,-0.29017725,0.70165574,2.24908208,-0.23765723,-0.06858564,-0.08772582,-0.10047727,-0.02899680,-0.03708892,-0.29137330,0.70375377,2.25254871,-0.23227643,-0.06038709,-0.08361943,-0.68126142,-25.29547310,-1.35020137,-0.68137912,-25.29233101,-1.34991030,0.00741149,-0.09305631,-0.05576973,-0.67396762,-25.38538732,-1.40568004,-0.67452386,-25.22701887,-1.31159117,0.00119605,-0.00209803,-0.00346663,-0.00538080,-0.00819855,-0.00410639,1
3.100,-0.29255884,0.70096843,2.24820297,-0.23866133,-0.06887542,-0.08809647,-0.10034329,-0.02895813,-0.03703947,-0.29373597,0.70313542,2.25169728,-0.23327415,-0.06074904,-0.08400018,-0.68082064,-25.31976700,-1.36029732,-0.68093694,-25.31662815,-1.36001019,0.00711615,-0.09442386,-0.05610788,-0.67382079,-25.41105201,-1.41611807,-0.67443606,-25.25227468,-1.32167510,0.00117713,-0.00216699,-0.00349431,-0.00538718,-0.00812638,-0.00409629,1
3.110,-0.29495047,0.70027823,2.24732016,-0.23966409,-0.06916480,-0.08846661,-0.10020713,-0.02891884,-0.03698921,-0.29610857,0.70251331,2.25084200,-0.23427078,-0.06111461,-0.08438216,-0.68036735,-25.34413338,-1.37043560,-0.68048225,-25.34099784,-1.37015242,0.00681971,-0.09574951,-0.05643969,-0.67366253,-25.43674734,-1.42659211,-0.67433642,-25.27756260,-1.33179184,0.00115810,-0.00223508,-0.00352184,-0.00539331,-0.00805019,-0.00408445,1
3.120,-0.29735212,0.69958514,2.24643364,-0.24066547,-0.06945379,-0.08883625,-0.10006880,-0.02887892,-0.03693815,-0.29849110,0.70188739,2.24998285,-0.23526632,-0.06148374,-0.08476533,-0.67990100,-25.36859322,-1.38060701,-0.68001449,-25.36546104,-1.38032781,0.00652234,-0.09703289,-0.05676524,-0.67349215,-25.46249393,-1.43709305,-0.67422579,-25.30290716,-1.34193928,0.00113898,-0.00230225,-0.00354921,-0.00539915,-0.00797005,-0.00407092,1
3.130,-0.29976377,0.69888915,2.24554343,-0.24166546,-0.06974238,-0.08920537,-0.09992830,-0.02883837,-0.03688629,-0.30088354,0.70125765,2.24911982,-0.23626073,-0.06185633,-0.08514968,-0.67942202,-25.39313316,-1.39081979,-0.67953408,-25.39000440,-1.39054462,0.00622416,-0.09827386,-0.05708412,-0.67330992,-25.48827827,-1.44762874,-0.67410270,-25.32828439,-1.35212032,0.00111977,-0.00236850,-0.00357639,-0.00540473,-0.00788605,-0.00405569,1
3.140,-0.30218542,0.69819029,2.24464954,-0.24266403,-0.07003056,-0.08957397,-0.09978564,-0.02879720,-0.03683363,-0.30328588,0.70062405,2.24825291,-0.23725401,-0.06223229,-0.08553518,-0.67893034,-25.41774940,-1.40106809,-0.67904096,-25.41462409,-1.40079696,0.00592501,-0.09947129,-0.05739611,-0.67311595,-25.51409538,-1.45819307,-0.67396762,-25.35370723,-1.36233419,0.00110046,-0.00243376,-0.00360337,-0.00541002,-0.00779827,-0.00403879,1
3.150,-0.30461705,0.69748854,2.24375195,-0.24366116,-0.07031832,-0.08994204,-0.09964083,-0.02875541,-0.03678017,-0.30569811,0.69998656,2.24738209,-0.23824615,-0.06261153,-0.08592181,-0.67842591,-25.44245338,-1.41135621,-0.67853508,-25.43933161,-1.41108914,0.00562504,-0.10062530,-0.05770141,-0.67291004,-25.53995690,-1.46879055,-0.67382079,-25.37917737,-1.37257723,0.00108106,-0.00249802,-0.00363014,-0.00541501,-0.00770679,-0.00402023,1
3.160,-0.30705864,0.69678392,2.24285070,-0.24465684,-0.07060566,-0.09030957,-0.09949387,-0.02871300,-0.03672593,-0.30812021,0.69934515,2.24650736,-0.23923712,-0.06299397,-0.08630953,-0.67790860,-25.46723557,-1.42168164,-0.67801631,-25.46411739,-1.42141864,0.00532434,-0.10173514,-0.05799938,-0.67269197,-25.56585253,-1.47941802,-0.67366253,-25.40467671,-1.38285576,0.00106157,-0.00256123,-0.00365666,-0.00541972,-0.00761169,-0.00400004,1
3.170,-0.30951018,0.69607643,2.24194577,-0.24565103,-0.07089258,-0.09067656,-0.09934478,-0.02866997,-0.03667089,-0.31055217,0.69869979,2.24562872,-0.24022692,-0.06337950,-0.08669831,-0.67737931,-25.49210167,-1.43204522,-0.67748556,-25.48898713,-1.43178634,0.00502294,-0.10280057,-0.05829029,-0.67246262,-25.59178769,-1.49007662,-0.67349215,-25.43022589,-1.39316074,0.00104199,-0.00262336,-0.00368295,-0.00542411,-0.00751308,-0.00397825,1
3.180,-0.31197166,0.69536607,2.24103717,-0.24664372,-0.07117906,-0.09104299,-0.09919356,-0.02862633,-0.03661507,-0.31299398,0.69805045,2.24474614,-0.24121552,-0.06376803,-0.08708810,-0.67683679,-25.51704407,-1.44244421,-0.67694155,-25.51393321,-1.44218945,0.00472080,-0.10382127,-0.05857392,-0.67222076,-25.61775448,-1.50076337,-0.67330992,-25.45581146,-1.40350000,0.00102232,-0.00268438,-0.00370897,-0.00542820,-0.00741103,-0.00395489,1
3.190,-0.31444305,0.69465285,2.24012491,-0.24763490,-0.07146510,-0.09140885,-0.09904021,-0.02858207,-0.03655847,-0.31544564,0.69739711,2.24385963,-0.24220292,-0.06415946,-0.08747886,-0.67628139,-25.54207420,-1.45288289,-0.67638468,-25.53896710,-1.45263229,0.00441815,-0.10479683,-0.05885012,-0.67196652,-25.64376393,-1.51148241,-0.67311595,-25.48142850,-1.41386749,0.00100259,-0.00274426,-0.00373472,-0.00543198,-0.00730564,-0.00392999,1
3.200,-0.31692435,0.69393677,2.23920899,-0.24862452,-0.07175070,-0.09177415,-0.09888475,-0.02853721,-0.03650108,-0.31790711,0.69673975,2.24296917,-0.24318910,-0.06455371,-0.08787056,-0.67571390,-25.56718063,-1.46335554,-0.67581569,-25.56407733,-1.46310912,0.00411490,-0.10572711,-0.05911892,-0.67170079,-25.66980444,-1.52222804,-0.67291004,-25.50708868,-1.42426772,0.00098276,-0.00280298,-0.00376018,-0.00543542,-0.00719699,-0.00390359,1
3.210,-0.31941554,0.69321784,2.23828943,-0.24961258,-0.07203585,-0.09213887,-0.09872719,-0.02849174,-0.03644292,-0.32037840,0.69607833,2.24207477,-0.24417404,-0.06495066,-0.08826315,-0.67513382,-25.59236908,-1.47386765,-0.67523411,-25.58926962,-1.47362543,0.00381111,-0.10661171,-0.05938000,-0.67142300,-25.69588133,-1.53300543,-0.67269197,-25.53278178,-1.43469757,0.00096286,-0.00286049,-0.00378534,-0.00543854,-0.00708519,-0.00387572,1
3.220,-0.32191660,0.69249606,2.23736622,-0.25059906,-0.07232053,-0.09250301,-0.09856752,-0.02844566,-0.03638398,-0.32285949,0.69541284,2.24117640,-0.24515774,-0.06535021,-0.08865657,-0.67454076,-25.61763382,-1.48441446,-0.67463952,-25.61453830,-1.48417646,0.00350691,-0.10745046,-0.05963354,-0.67113261,-25.72198876,-1.54381000,-0.67246262,-25.55851326,-1.44515820,0.00094289,-0.00291678,-0.00381018,-0.00544132,-0.00697032,-0.00384644,1
3.230,-0.32442751,0.69177143,2.23643937,-0.25158393,-0.07260476,-0.09286655,-0.09840576,-0.02839898,-0.03632428,-0.32535036,0.69474326,2.24027406,-0.24614017,-0.06575227,-0.08905078,-0.67393553,-25.64298058,-1.49499846,-0.67403276,-25.63988900,-1.49476473,0.00320243,-0.10824341,-0.05987939,-0.67083033,-25.74813242,-1.55464412,-0.67222076,-25.58427526,-1.45564666,0.00092285,-0.00297183,-0.00383469,-0.00544376,-0.00685249,-0.00381577,1
3.240,-0.32694827,0.69104396,2.23550889,-0.25256717,-0.07288851,-0.09322949,-0.09824192,-0.02835170,-0.03626380,-0.32785101,0.69406956,2.23936776,-0.24712133,-0.06615672,-0.08944573,-0.67331791,-25.66840363,-1.50561893,-0.67341360,-25.66531608,-1.50538948,0.00289749,-0.10899017,-0.06011749,-0.67051612,-25.77430625,-1.56550698,-0.67196652,-25.61007888,-1.46616712,0.00090274,-0.00302560,-0.00385887,-0.00544584,-0.00673179,-0.00378376,1
3.250,-0.32947885,0.69031366,2.23457478,-0.25354876,-0.07317179,-0.09359182,-0.09807600,-0.02830381,-0.03620255,-0.33036146,0.69339193,2.23845827,-0.24810209,-0.06655821,-0.08982135,-0.67268729,-25.69390678,-1.51627791,-0.67278144,-25.69082332,-1.51605278,0.00259467,-0.10972214,-0.06040834,-0.67018677,-25.80054547,-1.57646111,-0.67196652,-25.60988260,-1.46600832,0.00088261,-0.00307827,-0.00388349,-0.00544667,-0.00661358,-0.00377047,1
3.260,-0.33201924,0.68958053,2.23363705,-0.25452868,-0.07345459,-0.09395354,-0.09790802,-0.02825533,-0.03614054,-0.33288168,0.69271036,2.23754561,-0.24908223,-0.06695792,-0.09018262,-0.67204428,-25.71948433,-1.52697194,-0.67213687,-25.71640500,-1.52675112,0.00229351,-0.11043283,-0.06073922,-0.66984336,-25.82683782,-1.58749034,-0.67170079,-25.63572591,-1.47659482,0.00086244,-0.00312983,-0.00390856,-0.00544645,-0.00649667,-0.00377092,1
3.270,-0.33456942,0.68884457,2.23269571,-0.25550691,-0.07373689,-0.09431463,-0.09773797,-0.02820626,-0.03607777,-0.33541168,0.69202483,2.23662976,-0.25006157,-0.06735673,-0.09053330,-0.67138928,-25.74514771,-1.53770173,-0.67148031,-25.74207257,-1.53748526,0.00199381,-0.11111731,-0.06110049,-0.66948650,-25.85318988,-1.59858576,-0.67142300,-25.66160474,-1.48721275,0.00084226,-0.00318026,-0.00393405,-0.00544534,-0.00638016,-0.00378133,1
3.280,-0.33712937,0.68810579,2.23175076,-0.25648343,-0.07401871,-0.09467509,-0.09756586,-0.02815659,-0.03601424,-0.33795143,0.69133532,2.23571071,-0.25103998,-0.06775528,-0.09087620,-0.67072135,-25.77088165,-1.54846966,-0.67081079,-25.76781075,-1.54825757,0.00169544,-0.11177189,-0.06148506,-0.66911534,-25.87958264,-1.60974263,-0.67113261,-25.68751329,-1.49785755,0.00082206,-0.00322953,-0.00395995,-0.00544345,-0.00626343,-0.00379889,1
3.290,-0.33969908,0.68736420,2.23080221,-0.25745822,-0.07430002,-0.09503491,-0.09739171,-0.02810633,-0.03594996,-0.34050093,0.69064182,2.23478846,-0.25201735,-0.06815401,-0.09121342,-0.67004114,-25.79668808,-1.55927026,-0.67012900,-25.79362148,-1.55906257,0.00139819,-0.11239354,-0.06188743,-0.66873081,-25.90601502,-1.62095000,-0.67083033,-25.71345731,-1.50853158,0.00080185,-0.00327762,-0.00398625,-0.00544087,-0.00614601,-0.00382149,1
3.300,-0.34227853,0.68661980,2.22985007,-0.25843126,-0.07458083,-0.09539409,-0.09721552,-0.02805549,-0.03588492,-0.34306015,0.68994431,2.23386300,-0.25299362,-0.06855323,-0.09154654,-0.66934860,-25.82258606,-1.57010949,-0.66943485,-25.81952381,-1.56990620,0.00110203,-0.11298042,-0.06230346,-0.66833282,-25.93250423,-1.63220966,-0.67051612,-25.73943080,-1.51923403,0.00078162,-0.00332451,-0.00401293,-0.00543764,-0.00602760,-0.00384755,1
3.310,-0.34486770,0.68587259,2.22889433,-0.25940253,-0.07486113,-0.09575261,-0.09703730,-0.02800405,-0.03581914,-0.34562909,0.68924278,2.23293432,-0.25396870,-0.06895313,-0.09187691,-0.66864347,-25.84854889,-1.58098435,-0.66872811,-25.84549102,-1.58078551,0.00080695,-0.11353124,-0.06272967,-0.66792116,-25.95902226,-1.64351517,-0.67018677,-25.76546906,-1.53002711,0.00076139,-0.00337019,-0.00403999,-0.00543383,-0.00590800,-0.00387570,1
3.320,-0.34746657,0.68512257,2.22793502,-0.26037200,-0.07514091,-0.09611047,-0.09685705,-0.02795204,-0.03575260,-0.34820773,0.68853722,2.23200240,-0.25494254,-0.06935380,-0.09220566,-0.66792589,-25.87459183,-1.59189284,-0.66800892,-25.87153843,-1.59169845,0.00051300,-0.11404517,-0.06316258,-0.66749592,-25.98558360,-1.65486103,-0.66984336,-25.79155992,-1.54089438,0.00074116,-0.00341465,-0.00406738,-0.00542946,-0.00578711,-0.00390481,1
3.330,-0.35007513,0.68436977,2.22697213,-0.26133966,-0.07542017,-0.09646766,-0.09667479,-0.02789944,-0.03568533,-0.35079606,0.68782763,2.23106722,-0.25591510,-0.06975528,-0.09253376,-0.66719604,-25.90070915,-1.60283756,-0.66727743,-25.89766026,-1.60264767,0.00022005,-0.11452102,-0.06359963,-0.66705739,-26.01218128,-1.66624730,-0.66948650,-25.81771001,-1.55182673,0.00072093,-0.00345786,-0.00409509,-0.00542456,-0.00566489,-0.00393390,1
3.340,-0.35269336,0.68361417,2.22600567,-0.26230549,-0.07569890,-0.09682417,-0.09649052,-0.02784626,-0.03561731,-0.35339406,0.68711398,2.23012875,-0.25688634,-0.07015758,-0.09286200,-0.66645372,-25.92689896,-1.61381900,-0.66653347,-25.92385462,-1.61363361,-0.00007188,-0.11495909,-0.06403832,-0.66660535,-26.03881371,-1.67767193,-0.66911534,-25.84390041,-1.56281926,0.00070070,-0.00349981,-0.00412308,-0.00541915,-0.00554132,-0.00396217,1
3.350,-0.35532124,0.68285579,2.22503564,-0.26326946,-0.07597709,-0.09718000,-0.09630425,-0.02779250,-0.03554855,-0.35600172,0.68639628,2.22918697,-0.25785622,-0.07056064,-0.09319105,-0.66570014,-25.95316315,-1.62483275,-0.66577825,-25.95012342,-1.62465189,-0.00036269,-0.11535885,-0.06447666,-0.66614094,-26.06548227,-1.68912854,-0.66873081,-25.87013011,-1.57386091,0.00068048,-0.00354049,-0.00415133,-0.00541324,-0.00541645,-0.00398895,1
3.360,-0.35795874,0.68209463,2.22406207,-0.26423157,-0.07625475,-0.09753514,-0.09611598,-0.02773817,-0.03547905,-0.35861902,0.68567453,2.22824184,-0.25882472,-0.07096441,-0.09352144,-0.66493279,-25.97950363,-1.63588452,-0.66500923,-25.97646857,-1.63570821,-0.00065224,-0.11572050,-0.06491247,-0.66566147,-26.09218907,-1.70062068,-0.66833282,-25.89641637,-1.58495335,0.00066028,-0.00357990,-0.00417977,-0.00540685,-0.00529034,-0.00401370,1
3.370,-0.36060586,0.68133070,2.22308494,-0.26519178,-0.07653186,-0.09788958,-0.09592573,-0.02768326,-0.03540883,-0.36124595,0.68494871,2.22729334,-0.25979180,-0.07136882,-0.09385364,-0.66415381,-26.00591660,-1.64696825,-0.66422860,-26.00288627,-1.64679650,-0.00094070,-0.11604399,-0.06534443,-0.66516930,-26.11893025,-1.71214094,-0.66792116,-25.92273124,-1.59609005,0.00064009,-0.00361801,-0.00420840,-0.00539998,-0.00516304,-0.00403594,1
3.380,-0.36326257,0.68056400,2.22210428,-0.26615007,-0.07680841,-0.09824332,-0.09573349,-0.02762779,-0.03533787,-0.36388249,0.68421882,2.22634143,-0.26075744,-0.07177378,-0.09418801,-0.66336286,-26.03240204,-1.65808797,-0.66343595,-26.02937648,-1.65792082,-0.00122788,-0.11632961,-0.06577085,-0.66466384,-26.14570609,-1.72369166,-0.66749592,-25.94908928,-1.60726548,0.00061992,-0.00365482,-0.00423715,-0.00539263,-0.00503463,-0.00405531,1
3.390,-0.36592886,0.67979453,2.22112008,-0.26710644,-0.07708441,-0.09859634,-0.09553929,-0.02757174,-0.03526618,-0.36652863,0.68348486,2.22538608,-0.26172161,-0.07217918,-0.09452483,-0.66255921,-26.05896187,-1.66924369,-0.66263063,-26.05594114,-1.66908116,-0.00151389,-0.11657785,-0.06619062,-0.66414452,-26.17251899,-1.73527178,-0.66705739,-25.97548357,-1.61847965,0.00059977,-0.00369033,-0.00426600,-0.00538483,-0.00490523,-0.00407151,1
3.400,-0.36860470,0.67902231,2.22013235,-0.26806085,-0.07735984,-0.09894864,-0.09534312,-0.02751513,-0.03519377,-0.36918436,0.68274684,2.22442725,-0.26268431,-0.07258495,-0.09486435,-0.66174376,-26.08559799,-1.68043256,-0.66181346,-26.08258212,-1.68027464,-0.00179849,-0.11678857,-0.06660257,-0.66361195,-26.19937069,-1.74687722,-0.66660535,-26.00191259,-1.62973048,0.00057966,-0.00372453,-0.00429490,-0.00537654,-0.00477489,-0.00408429,1
3.410,-0.37129007,0.67824734,2.21914111,-0.26901330,-0.07763471,-0.09930021,-0.09514500,-0.02745795,-0.03512064,-0.37184965,0.68200475,2.22346491,-0.26364550,-0.07299097,-0.09520674,-0.66091543,-26.11229706,-1.69165516,-0.66098343,-26.10928614,-1.69150191,-0.00208163,-0.11696233,-0.06700555,-0.66306506,-26.22624847,-1.75850746,-0.66614094,-26.02837776,-1.64101159,0.00055958,-0.00375741,-0.00432380,-0.00536780,-0.00464374,-0.00409347,1
3.420,-0.37398496,0.67746962,2.21814635,-0.26996375,-0.07790900,-0.09965105,-0.09494492,-0.02740021,-0.03504678,-0.37452449,0.68125860,2.22249902,-0.26460517,-0.07339714,-0.09555214,-0.66007555,-26.13907433,-1.70291102,-0.66014183,-26.13606839,-1.70276244,-0.00236337,-0.11709958,-0.06739890,-0.66250520,-26.25316797,-1.77016134,-0.66566147,-26.05488124,-1.65232651,0.00053953,-0.00378898,-0.00435267,-0.00535858,-0.00451186,-0.00409891,1
3.430,-0.37668934,0.67668916,2.21714809,-0.27091219,-0.07818271,-0.10000114,-0.09474291,-0.02734191,-0.03497221,-0.37720887,0.68050838,2.22152956,-0.26556330,-0.07380337,-0.09590064,-0.65922320,-26.16592407,-1.71420109,-0.65928776,-26.16292316,-1.71405721,-0.00264351,-0.11720062,-0.06778164,-0.66193127,-26.28012379,-1.78183885,-0.66516930,-26.08141923,-1.66366787,0.00051953,-0.00381922,-0.00438147,-0.00534889,-0.00437934,-0.00410050,1
3.440,-0.37940319,0.67590597,2.21614633,-0.27185860,-0.07845584,-0.10035049,-0.09453896,-0.02728306,-0.03489693,-0.37990276,0.67975409,2.22055649,-0.26651988,-0.07420955,-0.09625229,-0.65835851,-26.19283676,-1.72552764,-0.65842132,-26.18984094,-1.72538847,-0.00292199,-0.11726577,-0.06815324,-0.66134331,-26.30710671,-1.79354171,-0.66466384,-26.10799204,-1.67503804,0.00049957,-0.00384812,-0.00441016,-0.00533872,-0.00424629,-0.00409820,1
3.450,-0.38212650,0.67512005,2.21514108,-0.27280296,-0.07872837,-0.10069908,-0.09433309,-0.02722364,-0.03482094,-0.38260616,0.67899576,2.21957977,-0.26747488,-0.07461559,-0.09660713,-0.65748215,-26.21982765,-1.73688495,-0.65754321,-26.21683697,-1.73675052,-0.00319889,-0.11729553,-0.06851301,-0.66074210,-26.33413251,-1.80526353,-0.66414452,-26.13460213,-1.68643596,0.00047966,-0.00387571,-0.00443869,-0.00532808,-0.00411278,-0.00409195,1
3.460,-0.38485924,0.67433140,2.21413235,-0.27374525,-0.07900031,-0.10104691,-0.09412529,-0.02716367,-0.03474424,-0.38531905,0.67823337,2.21859938,-0.26842829,-0.07502140,-0.09696514,-0.65659308,-26.24688530,-1.74827778,-0.65665239,-26.24389981,-1.74814811,-0.00347401,-0.11729054,-0.06886042,-0.66012640,-26.36119036,-1.81700853,-0.66361195,-26.16125128,-1.69785763,0.00045981,-0.00390197,-0.00446703,-0.00531696,-0.00397891,-0.00408177,1
3.470,-0.38760140,0.67354004,2.21312015,-0.27468546,-0.07927164,-0.10139396,-0.09391559,-0.02710316,-0.03466683,-0.38804140,0.67746694,2.21761529,-0.26938010,-0.07542688,-0.09732630,-0.65569222,-26.27401352,-1.75970209,-0.65574976,-26.27103325,-1.75957718,-0.00374745,-0.11725083,-0.06919497,-0.65949721,-26.38828408,-1.82877214,-0.66306506,-26.18792681,-1.70930257,0.00044000,-0.00392690,-0.00449514,-0.00530536,-0.00384476,-0.00406766,1
3.480,-0.39035295,0.67274597,2.21210448,-0.27562356,-0.07954237,-0.10174024,-0.09370398,-0.02704209,-0.03458872,-0.39077321,0.67669646,2.21662745,-0.27033028,-0.07583194,-0.09769055,-0.65477914,-26.30120850,-1.77116013,-0.65483489,-26.29823352,-1.77104001,-0.00401899,-0.11717704,-0.06951642,-0.65885388,-26.41541057,-1.84055643,-0.66250520,-26.21464441,-1.72076967,0.00042026,-0.00395049,-0.00452297,-0.00529328,-0.00371043,-0.00404969,1
3.490,-0.39311386,0.67194920,2.21108535,-0.27655953,-0.07981248,-0.10208573,-0.09349047,-0.02698047,-0.03450991,-0.39351446,0.67592196,2.21563585,-0.27127883,-0.07623650,-0.09805784,-0.65385389,-26.32847595,-1.78265285,-0.65390787,-26.32550634,-1.78253755,-0.00428842,-0.11706947,-0.06982443,-0.65819630,-26.44257581,-1.85236198,-0.66193127,-26.24139870,-1.73225901,0.00040060,-0.00397276,-0.00455050,-0.00528070,-0.00357598,-0.00402789,1
3.500,-0.39588413,0.67114972,2.21006276,-0.27749336,-0.08008198,-0.10243044,-0.09327508,-0.02691831,-0.03443040,-0.39626512,0.67514344,2.21464047,-0.27222572,-0.07664046,-0.09842806,-0.65291679,-26.35581207,-1.79417443,-0.65296897,-26.35284783,-1.79406396,-0.00455601,-0.11692906,-0.07011884,-0.65752499,-26.46977689,-1.86418280,-0.66134331,-26.26818054,-1.74377233,0.00038099,-0.00399372,-0.00457771,-0.00526764,-0.00344152,-0.00400238,1
3.510,-0.39866372,0.67034756,2.20903674,-0.27842503,-0.08035085,-0.10277434,-0.09305781,-0.02685561,-0.03435020,-0.39902519,0.67436090,2.21364126,-0.27317094,-0.07704375,-0.09880113,-0.65196776,-26.38320351,-1.80573082,-0.65201814,-26.38024471,-1.80562521,-0.00482141,-0.11675560,-0.07039914,-0.65683955,-26.49700031,-1.87602435,-0.66074210,-26.29500570,-1.75530336,0.00036147,-0.00401334,-0.00460452,-0.00525409,-0.00330710,-0.00397321,1
3.520,-0.40145262,0.66954271,2.20800728,-0.27935451,-0.08061909,-0.10311744,-0.09283866,-0.02679236,-0.03426930,-0.40179464,0.67357436,2.21263822,-0.27411447,-0.07744628,-0.09917693,-0.65100598,-26.41067505,-1.81732118,-0.65105454,-26.40772175,-1.81722044,-0.00508470,-0.11654999,-0.07066545,-0.65613924,-26.52427174,-1.88788589,-0.66012640,-26.32186343,-1.76685637,0.00034202,-0.00403165,-0.00463094,-0.00524004,-0.00317281,-0.00394051,1
3.530,-0.40425081,0.66873518,2.20697439,-0.28028180,-0.08088669,-0.10345972,-0.09261764,-0.02672858,-0.03418772,-0.40457345,0.67278383,2.21163132,-0.27505630,-0.07784797,-0.09955532,-0.65003258,-26.43820381,-1.82894158,-0.65007932,-26.43525606,-1.82884572,-0.00534587,-0.11631261,-0.07091762,-0.65542519,-26.55156866,-1.89976335,-0.65949721,-26.34875755,-1.77842689,0.00032264,-0.00404865,-0.00465693,-0.00522550,-0.00303872,-0.00390440,1
3.540,-0.40705825,0.66792498,2.20593809,-0.28120686,-0.08115366,-0.10380119,-0.09239477,-0.02666426,-0.03410545,-0.40736162,0.67198932,2.21062053,-0.27599642,-0.07824875,-0.09993618,-0.64904690,-26.46580315,-1.84059763,-0.64909179,-26.46286099,-1.84050669,-0.00560454,-0.11604390,-0.07115550,-0.65469633,-26.57890490,-1.91166219,-0.65885388,-26.37568502,-1.79001706,0.00030337,-0.00406434,-0.00468244,-0.00521044,-0.00290491,-0.00386501,1
3.550,-0.40987494,0.66711211,2.20489837,-0.28212969,-0.08141998,-0.10414183,-0.09217004,-0.02659941,-0.03402250,-0.41015912,0.67119084,2.20960584,-0.27693480,-0.07864854,-0.10031936,-0.64804977,-26.49347496,-1.85228240,-0.64809283,-26.49053846,-1.85219639,-0.00586100,-0.11574447,-0.07137928,-0.65395383,-26.60628292,-1.92357567,-0.65819630,-26.40265184,-1.80162754,0.00028418,-0.00407873,-0.00470747,-0.00519489,-0.00277144,-0.00382247,1
3.560,-0.41270084,0.66629658,2.20385525,-0.28305025,-0.08168564,-0.10448164,-0.09194348,-0.02653402,-0.03393887,-0.41296597,0.67038862,2.20858814,-0.27787224,-0.07904210,-0.10068196,-0.64704025,-26.52120399,-1.86399853,-0.64708145,-26.51827318,-1.86391744,-0.00611280,-0.11544572,-0.07165752,-0.65319425,-26.63371890,-1.93557496,-0.65752499,-26.40246442,-1.80147709,0.00026513,-0.00409204,-0.00473289,-0.00517801,-0.00264354,-0.00379968,1
3.570,-0.41553593,0.66547840,2.20280874,-0.28396855,-0.08195066,-0.10482061,-0.09171507,-0.02646811,-0.03385456,-0.41578215,0.66958265,2.20756742,-0.27880880,-0.07943061,-0.10102960,-0.64601874,-26.54899597,-1.87574804,-0.64605809,-26.54607091,-1.87567192,-0.00635961,-0.11514194,-0.07197579,-0.65241770,-26.66121285,-1.94764771,-0.65752499,-26.42947882,-1.81314653,0.00024622,-0.00410425,-0.00475868,-0.00515975,-0.00252005,-0.00379101,1
3.580,-0.41838020,0.66465757,2.20175885,-0.28488455,-0.08221500,-0.10515873,-0.09148484,-0.02640167,-0.03376957,-0.41860766,0.66877297,2.20654365,-0.27974425,-0.07981496,-0.10136648,-0.64498562,-26.57685471,-1.88752818,-0.64502308,-26.57393543,-1.88745702,-0.00660194,-0.11482886,-0.07232322,-0.65162502,-26.68876429,-1.95978024,-0.65683955,-26.45651630,-1.82483579,0.00022746,-0.00411540,-0.00478480,-0.00514030,-0.00240004,-0.00379225,1
3.590,-0.42123362,0.66383410,2.20070557,-0.28579824,-0.08247869,-0.10549599,-0.09125279,-0.02633470,-0.03368391,-0.42144247,0.66795959,2.20551681,-0.28067843,-0.08019581,-0.10169572,-0.64394027,-26.60478210,-1.89934063,-0.64397585,-26.60186869,-1.89927448,-0.00683992,-0.11450349,-0.07269189,-0.65081578,-26.71637218,-1.97196637,-0.65613924,-26.48360257,-1.83654418,0.00020885,-0.00412549,-0.00481124,-0.00511981,-0.00228288,-0.00380027,1
3.600,-0.42409616,0.66300800,2.19964893,-0.28670960,-0.08274170,-0.10583240,-0.09101892,-0.02626721,-0.03359759,-0.42428656,0.66714252,2.20448690,-0.28161119,-0.08057362,-0.10201961,-0.64288306,-26.63276482,-1.91118324,-0.64291675,-26.62985728,-1.91112209,-0.00707361,-0.11416347,-0.07307547,-0.64999036,-26.74402075,-1.98419756,-0.65542519,-26.51071513,-1.84826770,0.00019040,-0.00413452,-0.00483797,-0.00509841,-0.00216808,-0.00381279,1
3.610,-0.42696780,0.66217927,2.19858893,-0.28761861,-0.08300403,-0.10616794,-0.09078325,-0.02619919,-0.03351059,-0.42713992,0.66632178,2.20345389,-0.28254243,-0.08094875,-0.10233987,-0.64181376,-26.66081810,-1.92305720,-0.64184555,-26.65791652,-1.92300107,-0.00730315,-0.11380750,-0.07346947,-0.64914870,-26.77172403,-1.99647054,-0.65469633,-26.53786784,-1.86001187,0.00017212,-0.00414251,-0.00486496,-0.00507618,-0.00205528,-0.00382807,1
3.620,-0.42984852,0.66134792,2.19752557,-0.28852526,-0.08326568,-0.10650261,-0.09054578,-0.02613066,-0.03342294,-0.43000253,0.66549738,2.20241778,-0.28347207,-0.08132143,-0.10265772,-0.64073277,-26.68892479,-1.93496108,-0.64076265,-26.68602920,-1.93491000,-0.00752866,-0.11343454,-0.07387063,-0.64829131,-26.79946374,-2.00878062,-0.65395383,-26.56506319,-1.87177003,0.00015401,-0.00414946,-0.00489221,-0.00505319,-0.00194425,-0.00384489,1
3.630,-0.43273830,0.66051396,2.19645888,-0.28942952,-0.08352664,-0.10683640,-0.09030651,-0.02606161,-0.03333462,-0.43287437,0.66466935,2.20137854,-0.28440005,-0.08169181,-0.10297425,-0.63963938,-26.71710205,-1.94689691,-0.63966735,-26.71421249,-1.94685089,-0.00775020,-0.11304401,-0.07427555,-0.64741755,-26.82725650,-2.02112643,-0.65319425,-26.59231743,-1.88361302,0.00013607,-0.00415539,-0.00491966,-0.00502947,-0.00183483,-0.00386215,1
3.640,-0.43563711,0.65967739,2.19538885,-0.29033138,-0.08378691,-0.10716930,-0.09006547,-0.02599205,-0.03324564,-0.43575542,0.66383771,2.20033615,-0.28532629,-0.08205997,-0.10329042,-0.63853461,-26.74533653,-1.95886028,-0.63856064,-26.74245308,-1.95881934,-0.00796770,-0.11263601,-0.07468166,-0.64652834,-26.85508909,-2.03350100,-0.65241770,-26.61963062,-1.89552825,0.00011831,-0.00416032,-0.00494730,-0.00500509,-0.00172694,-0.00387888,1
3.650,-0.43854492,0.65883822,2.19431549,-0.29123082,-0.08404648,-0.10750131,-0.08982265,-0.02592197,-0.03315601,-0.43864567,0.66300247,2.19929058,-0.28625077,-0.08242594,-0.10360701,-0.63741791,-26.77362823,-1.97085655,-0.63744201,-26.77075092,-1.97082070,-0.00818106,-0.11221060,-0.07508648,-0.64562307,-26.88296152,-2.04590718,-0.65162502,-26.64700236,-1.90750185,0.00010075,-0.00416425,-0.00497509,-0.00498005,-0.00162054,-0.00389430,1
3.660,-0.44146171,0.65799646,2.19323882,-0.29212783,-0.08430535,-0.10783242,-0.08957806,-0.02585139,-0.03306573,-0.44154508,0.66216366,2.19824181,-0.28717342,-0.08278974,-0.10392468,-0.63628924,-26.80198669,-1.98288095,-0.63631139,-26.79911556,-1.98285021,-0.00839034,-0.11176805,-0.07548770,-0.64470173,-26.91088361,-2.05833791,-0.65081578,-26.67443162,-1.91952752,0.00008337,-0.00416720,-0.00500299,-0.00495441,-0.00151561,-0.00390774,1
3.670,-0.44438747,0.65715212,2.19215885,-0.29302238,-0.08456351,-0.10816262,-0.08933171,-0.02578029,-0.03297479,-0.44445365,0.66132130,2.19718979,-0.28809421,-0.08315132,-0.10424397,-0.63514847,-26.83039284,-1.99493325,-0.63516865,-26.82752794,-1.99490763,-0.00859570,-0.11130873,-0.07588338,-0.64376435,-26.93883667,-2.07079101,-0.64999036,-26.70190270,-1.93159665,0.00006618,-0.00416918,-0.00503094,-0.00492817,-0.00141219,-0.00391865,1
3.680,-0.44732215,0.65630519,2.19107557,-0.29391446,-0.08482095,-0.10849191,-0.08908360,-0.02570869,-0.03288321,-0.44737134,0.66047541,2.19613450,-0.28901311,-0.08351067,-0.10456531,-0.63399571,-26.85887718,-2.00701952,-0.63401394,-26.85601857,-2.00699905,-0.00879673,-0.11083358,-0.07627213,-0.64281067,-26.96685215,-2.08327119,-0.64914870,-26.72942966,-1.94370587,0.00004919,-0.00417022,-0.00505893,-0.00490135,-0.00131028,-0.00392660,1
3.690,-0.45026575,0.65545570,2.18998901,-0.29480405,-0.08507768,-0.10882029,-0.08883376,-0.02563659,-0.03279098,-0.45029815,0.65962602,2.19507589,-0.28993009,-0.08386775,-0.10488905,-0.63283169,-26.88740540,-2.01913285,-0.63284794,-26.88455313,-2.01911753,-0.00899376,-0.11034271,-0.07665226,-0.64184170,-26.99489585,-2.09576979,-0.64829131,-26.75699426,-1.95585048,0.00003240,-0.00417032,-0.00508688,-0.00487396,-0.00120993,-0.00393124,1
3.700,-0.45321823,0.65460364,2.18889917,-0.29569113,-0.08533368,-0.10914773,-0.08858217,-0.02556398,-0.03269812,-0.45323406,0.65877316,2.19401395,-0.29084512,-0.08422249,-0.10521546,-0.63165569,-26.91600037,-2.03127599,-0.63166996,-26.91315448,-2.03126584,-0.00918652,-0.10983713,-0.07702255,-0.64085648,-27.02299162,-2.10828839,-0.64741755,-26.78461313,-1.96802908,0.00001583,-0.00416952,-0.00511478,-0.00484601,-0.00111119,-0.00393227,1
3.710,-0.45617956,0.65374903,2.18780606,-0.29657568,-0.08558896,-0.10947425,-0.08832885,-0.02549088,-0.03260461,-0.45617903,0.65791684,2.19294862,-0.29175817,-0.08457487,-0.10554474,-0.63046771,-26.94464493,-2.04344630,-0.63047998,-26.94180547,-2.04344135,-0.00937487,-0.10931726,-0.07738199,-0.63985485,-27.05112273,-2.12082333,-0.64652834,-26.81227309,-1.98023471,-0.00000053,-0.00416781,-0.00514256,-0.00481751,-0.00101409,-0.00392951,1
3.720,-0.45914973,0.65289187,2.18670969,-0.29745770,-0.08584350,-0.10979982,-0.08807381,-0.02541727,-0.03251047,-0.45913305,0.65705709,2.19187988,-0.29266922,-0.08492481,-0.10587704,-0.62926829,-26.97335434,-2.05565047,-0.62927856,-26.97052137,-2.05565071,-0.00955903,-0.10878390,-0.07772954,-0.63883760,-27.07930527,-2.13338025,-0.64562307,-26.83997420,-1.99247021,-0.00001668,-0.00416522,-0.00517019,-0.00478848,-0.00091869,-0.00392278,1
3.730,-0.46212871,0.65203216,2.18561007,-0.29833715,-0.08609730,-0.11012445,-0.08781705,-0.02534318,-0.03241569,-0.46209611,0.65619394,2.19080769,-0.29357824,-0.08527228,-0.10621245,-0.62805635,-27.00211525,-2.06787920,-0.62806461,-26.99928880,-2.06788465,-0.00973884,-0.10823795,-0.07806443,-0.63780345,-27.10752676,-2.14594909,-0.64470173,-26.86772627,-2.00472858,-0.00003260,-0.00416178,-0.00519762,-0.00475891,-0.00082502,-0.00391200,1
3.740,-0.46511647,0.65116992,2.18450720,-0.29921403,-0.08635036,-0.11044813,-0.08755859,-0.02526859,-0.03232028,-0.46506817,0.65532742,2.18973203,-0.29448520,-0.08561723,-0.10655100,-0.62683332,-27.03093719,-2.08013725,-0.62683956,-27.02811732,-2.08014792,-0.00991419,-0.10767982,-0.07838611,-0.63675375,-27.13579714,-2.15853403,-0.64376435,-26.89551064,-2.01700767,-0.00004830,-0.00415750,-0.00522483,-0.00472883,-0.00073313,-0.00389713,1
3.750,-0.46811298,0.65030516,2.18340111,-0.30008832,-0.08660267,-0.11077086,-0.08729842,-0.02519350,-0.03222425,-0.46804921,0.65445755,2.18865285,-0.29539010,-0.08595961,-0.10689272,-0.62559819,-27.05980873,-2.09242177,-0.62560241,-27.05699548,-2.09243768,-0.01008498,-0.10711007,-0.07869373,-0.63568739,-27.16410555,-2.17113140,-0.64281067,-26.92335877,-2.02931224,-0.00006377,-0.00415239,-0.00525174,-0.00469822,-0.00064306,-0.00387814,1
3.760,-0.47111822,0.64943787,2.18229179,-0.30096000,-0.08685423,-0.11109262,-0.08703656,-0.02511793,-0.03212759,-0.47103923,0.65358437,2.18757013,-0.29629289,-0.08629939,-0.10723759,-0.62435120,-27.08874130,-2.10473561,-0.62435338,-27.08593471,-2.10475679,-0.01025124,-0.10652986,-0.07898703,-0.63460462,-27.19246456,-2.18374381,-0.64184170,-26.95123649,-2.04163370,-0.00007899,-0.00414650,-0.00527834,-0.00466711,-0.00055484,-0.00385503,1
3.770,-0.47413217,0.64856807,2.18117926,-0.30182905,-0.08710503,-0.11141341,-0.08677302,-0.02504188,-0.03203031,-0.47403818,0.65270789,2.18648383,-0.29719357,-0.08663652,-0.10758553,-0.62309289,-27.11772156,-2.11707759,-0.62309302,-27.11492170,-2.11710403,-0.01041298,-0.10593950,-0.07926551,-0.63350600,-27.22086119,-2.19636954,-0.64085648,-26.97916766,-2.05397370,-0.00009399,-0.00413982,-0.00530457,-0.00463548,-0.00046851,-0.00382788,1
3.780,-0.47715480,0.64769577,2.18006353,-0.30269545,-0.08735506,-0.11173322,-0.08650780,-0.02496534,-0.03193241,-0.47704606,0.65182814,2.18539394,-0.29809211,-0.08697097,-0.10793648,-0.62182277,-27.14676285,-2.12944746,-0.62182084,-27.14396973,-2.12947918,-0.01057010,-0.10533956,-0.07952887,-0.63239094,-27.24930929,-2.20900806,-0.63985485,-27.00713556,-2.06632867,-0.00010874,-0.00413237,-0.00533041,-0.00460334,-0.00038409,-0.00379674,1
3.790,-0.48018607,0.64682098,2.17894460,-0.30355920,-0.08760433,-0.11205205,-0.08624090,-0.02488831,-0.03183389,-0.48006284,0.65094516,2.18430042,-0.29898849,-0.08730272,-0.10829033,-0.62054068,-27.17585373,-2.14184165,-0.62053669,-27.17306742,-2.14187868,-0.01072237,-0.10473068,-0.07977702,-0.63125906,-27.27779811,-2.22165570,-0.63883760,-27.03515629,-2.07870430,-0.00012323,-0.00412418,-0.00535582,-0.00457071,-0.00030161,-0.00376172,1
3.800,-0.48322597,0.64594369,2.17782249,-0.30442026,-0.08785283,-0.11236990,-0.08597235,-0.02481081,-0.03173476,-0.48612300,0.64916961,2.18210241,-0.30077468,-0.08795799,-0.10900622,-0.61924708,-27.20499420,-2.15426445,-0.61924101,-27.20221475,-2.15430678,0.03643467,-0.08024667,-0.06479953,-0.58280634,-27.28246142,-2.21910631,-0.63675375,-27.09132876,-2.10349203,0.00289703,-0.00322592,-0.00427992,-0.00364558,0.00010516,-0.00336368,1
3.810,-0.48627447,0.64506392,2.17669720,-0.30527864,-0.08810055,-0.11268675,-0.08570214,-0.02473283,-0.03163502,-0.48916633,0.64827709,2.18099788,-0.30166445,-0.08828146,-0.10936795,-0.61794168,-27.23419380,-2.16671443,-0.61793353,-27.23142127,-2.16676208,0.03642291,-0.07955558,-0.06496150,-0.58151062,-27.31097685,-2.23172358,-0.63568739,-27.11947960,-2.11590484,0.00289186,-0.00321317,-0.00430068,-0.00361419,0.00018091,-0.00331880,1
3.820,-0.48933153,0.64418168,2.17556876,-0.30613430,-0.08834748,-0.11300259,-0.08543028,-0.02465438,-0.03153467,-0.49527941,0.64648271,2.17877768,-0.30343723,-0.08892003,-0.11009810,-0.61662430,-27.26344109,-2.17919302,-0.61661405,-27.26067549,-2.17924599,0.08410333,-0.05479854,-0.04973599,-0.53251073,-27.31547403,-2.22898198,-0.63350600,-27.17592436,-2.14077130,0.00594788,-0.00230103,-0.00320892,-0.00269707,0.00057255,-0.00290449,1
3.830,-0.49239714,0.64329697,2.17443716,-0.30698724,-0.08859363,-0.11331744,-0.08515678,-0.02457545,-0.03143371,-0.50451396,0.64376826,2.17542068,-0.30606130,-0.08985571,-0.11117297,-0.61529559,-27.29274559,-2.19169641,-0.61528325,-27.28998698,-2.19175473,0.18019174,-0.00560826,-0.01890676,-0.43509151,-27.29559524,-2.21066148,-0.58280634,-27.23707099,-2.16301421,0.01211682,-0.00047129,-0.00098352,-0.00092594,0.00126208,-0.00214447,1
3.840,-0.49547127,0.64240981,2.17330241,-0.30783743,-0.08883899,-0.11363127,-0.08488164,-0.02449605,-0.03133215,-0.50451396,0.64376826,2.17542068,-0.30606130,-0.08985571,-0.11117297,-0.61395520,-27.32209015,-2.20422530,-0.61394075,-27.31933858,-2.20428899,0.13238845,-0.02901678,-0.03444520,-0.48155229,-27.34835535,-2.23873419,-0.58280634,-27.23707099,-2.16301421,0.00904269,-0.00135845,-0.00211827,-0.00177613,0.00101672,-0.00245830,1
3.850,-0.49855388,0.64152020,2.17216453,-0.30868487,-0.08908355,-0.11394408,-0.08460489,-0.02441618,-0.03122999,-0.50760835,0.64285751,2.17429644,-0.30690593,-0.09016046,-0.11148576,-0.61260313,-27.35149384,-2.21677971,-0.61258656,-27.34874935,-2.21684876,0.13256872,-0.02819007,-0.03462468,-0.48001784,-27.37693942,-2.25147344,-0.58151062,-27.26543950,-2.17551151,0.00905447,-0.00133731,-0.00213191,-0.00177894,0.00107691,-0.00245832,1
3.860,-0.50164496,0.64062814,2.17102353,-0.30952952,-0.08932731,-0.11425586,-0.08432651,-0.02433584,-0.03112724,-0.51070998,0.64194390,2.17317117,-0.30772005,-0.09046073,-0.11174596,-0.61123961,-27.38094139,-2.22936082,-0.61122092,-27.37820403,-2.22943524,0.13267487,-0.02737130,-0.03496032,-0.47854604,-27.40557533,-2.26439556,-0.53251073,-27.26979326,-2.17271870,0.00906502,-0.00131576,-0.00214764,-0.00180947,0.00113342,-0.00250990,1
3.870,-0.50474446,0.63973365,2.16987942,-0.31037139,-0.08957027,-0.11456662,-0.08404653,-0.02425504,-0.03102389,-0.51381886,0.64102766,2.17204585,-0.30851198,-0.09075151,-0.11194254,-0.60986394,-27.41044044,-2.24196982,-0.60984311,-27.40771028,-2.24204965,0.13272474,-0.02659107,-0.03549218,-0.47711837,-27.43430134,-2.27754183,-0.53251073,-27.26966210,-2.17271585,0.00907440,-0.00129401,-0.00216643,-0.00185941,0.00118124,-0.00262408,1
3.880,-0.50785238,0.63883674,2.16873220,-0.31121045,-0.08981241,-0.11487634,-0.08376494,-0.02417377,-0.03091994,-0.51693351,0.64010891,2.17092324,-0.30925035,-0.09103232,-0.11202226,-0.60847723,-27.43999481,-2.25460029,-0.60845427,-27.43727187,-2.25468551,0.13263347,-0.02585432,-0.03638924,-0.47582080,-27.46312619,-2.29107476,-0.43509151,-27.24965787,-2.15453077,0.00908113,-0.00127217,-0.00219104,-0.00196010,0.00121991,-0.00285408,1
3.890,-0.51096866,0.63793741,2.16758190,-0.31204668,-0.09005374,-0.11518502,-0.08348175,-0.02409205,-0.03081541,-0.52005464,0.63918765,2.16980190,-0.30996603,-0.09130577,-0.11204998,-0.60707825,-27.46958542,-2.26725745,-0.60705314,-27.46686975,-2.26734810,0.13247420,-0.02514796,-0.03747046,-0.47457894,-27.49201770,-2.30481856,-0.48155229,-27.30229230,-2.18266762,0.00908598,-0.00125024,-0.00222000,-0.00208065,0.00125203,-0.00313504,1
3.900,-0.51409330,0.63703567,2.16642851,-0.31288008,-0.09029425,-0.11549265,-0.08319698,-0.02400987,-0.03071030,-0.52318222,0.63826391,2.16868181,-0.31066400,-0.09157277,-0.11203975,-0.60566837,-27.49923706,-2.27993822,-0.60564109,-27.49652870,-2.28003429,0.13225652,-0.02446803,-0.03870025,-0.47338457,-27.52099673,-2.31873454,-0.48001784,-27.33075254,-2.19546891,0.00908892,-0.00122824,-0.00225330,-0.00221608,0.00127852,-0.00345290,1
3.910,-0.51722626,0.63613153,2.16527205,-0.31371062,-0.09053394,-0.11579922,-0.08291063,-0.02392723,-0.03060460,-0.52631622,0.63733774,2.16756290,-0.31134804,-0.09183392,-0.11200267,-0.60424656,-27.52892303,-2.29264593,-0.60421712,-27.52622204,-2.29274742,0.13198822,-0.02381229,-0.04004978,-0.47222889,-27.55003434,-2.33279720,-0.47854604,-27.35926664,-2.20844986,0.00908996,-0.00120621,-0.00229085,-0.00236258,0.00129998,-0.00379655,1
3.920,-0.52036750,0.63522499,2.16411253,-0.31453829,-0.09077279,-0.11610474,-0.08262271,-0.02384414,-0.03049831,-0.52945662,0.63640917,2.16644507,-0.31202098,-0.09208959,-0.11194769,-0.60281318,-27.55866623,-2.30537724,-0.60278156,-27.55597262,-2.30548419,0.13167523,-0.02317990,-0.04149536,-0.47110633,-27.57915252,-2.34697955,-0.47711837,-27.38787304,-2.22165045,0.00908912,-0.00118418,-0.00233254,-0.00251731,0.00131680,-0.00415705,1
3.930,-0.52351701,0.63431607,2.16294996,-0.31536307,-0.09101082,-0.11640919,-0.08233322,-0.02376059,-0.03039146,-0.53260339,0.63547826,2.16532819,-0.31268501,-0.09233990,-0.11188268,-0.60136855,-27.58844757,-2.31813145,-0.60133473,-27.58576141,-2.31824385,0.13132172,-0.02257114,-0.04301540,-0.47001301,-27.60833255,-2.36125925,-0.47582080,-27.41658078,-2.23523093,0.00908638,-0.00116219,-0.00237823,-0.00267806,0.00132908,-0.00452651,1
3.940,-0.52667475,0.63340478,2.16178435,-0.31618495,-0.09124800,-0.11671256,-0.08204217,-0.02367660,-0.03028402,-0.53575651,0.63454507,2.16421211,-0.31334177,-0.09258483,-0.11181414,-0.59991211,-27.61827850,-2.33090925,-0.59987609,-27.61559983,-2.33102713,0.13093127,-0.02198698,-0.04459142,-0.46894482,-27.63758681,-2.37561855,-0.47457894,-27.44535788,-2.24901429,0.00908176,-0.00114029,-0.00242776,-0.00284318,0.00133683,-0.00489842,1
3.950,-0.52984070,0.63249112,2.16061571,-0.31700391,-0.09148435,-0.11701486,-0.08174957,-0.02359216,-0.03017602,-0.53891596,0.63360964,2.16309664,-0.31399251,-0.09282434,-0.11174742,-0.59844416,-27.64814758,-2.34371352,-0.59840595,-27.64547646,-2.34383687,0.13050639,-0.02142920,-0.04620763,-0.46789957,-27.66690567,-2.39004450,-0.47338457,-27.47422530,-2.26296091,0.00907526,-0.00111852,-0.00248093,-0.00301140,0.00133999,-0.00526744,1
3.960,-0.53301482,0.63157509,2.15944405,-0.31781993,-0.09171985,-0.11731608,-0.08145543,-0.02350727,-0.03006744,-0.54208171,0.63267204,2.16198158,-0.31463820,-0.09305832,-0.11168693,-0.59696430,-27.67806625,-2.35653901,-0.59692388,-27.67540272,-2.35666785,0.13004927,-0.02089967,-0.04785032,-0.46687461,-27.69630238,-2.40451816,-0.47222889,-27.50315420,-2.27704447,0.00906689,-0.00109695,-0.00253753,-0.00318173,0.00133847,-0.00562915,1
3.970,-0.53619709,0.63065672,2.15826939,-0.31863301,-0.09195449,-0.11761621,-0.08115976,-0.02342194,-0.02995830,-0.54525375,0.63173232,2.16086674,-0.31527955,-0.09328668,-0.11163628,-0.59547383,-27.70803070,-2.36938763,-0.59543119,-27.70537478,-2.36952195,0.12956136,-0.02039958,-0.04950749,-0.46586983,-27.72577436,-2.41902944,-0.47110633,-27.53216665,-2.29123739,0.00905666,-0.00107560,-0.00259735,-0.00335346,0.00133219,-0.00597993,1
3.980,-0.53938747,0.62973601,2.15709173,-0.31944312,-0.09218828,-0.11791525,-0.08086256,-0.02333617,-0.02984859,-0.54843204,0.63079055,2.15975189,-0.31591712,-0.09350929,-0.11159841,-0.59397125,-27.73803329,-2.38226247,-0.59392639,-27.73538505,-2.38240229,0.12904409,-0.01993102,-0.05116895,-0.46488230,-27.75531607,-2.43357124,-0.47001301,-27.56124398,-2.30551684,0.00904457,-0.00105454,-0.00266016,-0.00352600,0.00132101,-0.00631684,1
3.990,-0.54258594,0.62881296,2.15591109,-0.32025025,-0.09242121,-0.11821318,-0.08056383,-0.02324997,-0.02973833,-0.55161658,0.62984678,2.15863681,-0.31655132,-0.09372608,-0.11157572,-0.59245688,-27.76807785,-2.39515424,-0.59240978,-27.76543730,-2.39529958,0.12849832,-0.01949593,-0.05282555,-0.46391146,-27.78493322,-2.44812513,-0.46894482,-27.59039858,-2.31986472,0.00903064,-0.00103382,-0.00272572,-0.00369893,0.00130487,-0.00663746,1
4.000,-0.54579247,0.62788759,2.15472747,-0.32105439,-0.09265328,-0.11851001,-0.08026360,-0.02316332,-0.02962750,-0.55480734,0.62890109,2.15752128,-0.31718250,-0.09393697,-0.11157013,-0.59093189,-27.79817009,-2.40807343,-0.59088255,-27.79553732,-2.40822428,0.12792485,-0.01909570,-0.05446953,-0.46295770,-27.81463302,-2.46269381,-0.46789957,-27.61962085,-2.33426782,0.00901487,-0.00101350,-0.00279381,-0.00387189,0.00128369,-0.00693988,1
4.010,-0.54900702,0.62695990,2.15354089,-0.32185552,-0.09288448,-0.11880573,-0.07996186,-0.02307624,-0.02951612,-0.55800430,0.62795352,2.15640506,-0.31781088,-0.09414191,-0.11158314,-0.58939534,-27.82830238,-2.42101216,-0.58934375,-27.82567740,-2.42116855,0.12732451,-0.01873208,-0.05609383,-0.46201924,-27.84440948,-2.47726238,-0.46687461,-27.64892403,-2.34870708,0.00899728,-0.00099362,-0.00286417,-0.00404464,0.00125743,-0.00722259,1
4.020,-0.55222957,0.62602990,2.15235136,-0.32265363,-0.09311480,-0.11910033,-0.07965862,-0.02298873,-0.02940419,-0.56120745,0.62700414,2.15528792,-0.31843667,-0.09434087,-0.11161592,-0.58784693,-27.85847282,-2.43397021,-0.58779308,-27.85585570,-2.43413214,0.12669771,-0.01840638,-0.05769235,-0.46109537,-27.87426208,-2.49182449,-0.46586983,-27.67830549,-2.36317231,0.00897788,-0.00097424,-0.00293656,-0.00421696,0.00122607,-0.00748441,1
4.030,-0.55546008,0.62509760,2.15115889,-0.32344869,-0.09334425,-0.11939381,-0.07935389,-0.02290079,-0.02929171,-0.56441675,0.62605301,2.15416962,-0.31906002,-0.09453385,-0.11166935,-0.58628714,-27.88868141,-2.44695449,-0.58623102,-27.88607216,-2.44712196,0.12604510,-0.01811994,-0.05925975,-0.46018591,-27.90419210,-2.50638170,-0.46488230,-27.70775967,-2.37765642,0.00895667,-0.00095541,-0.00301073,-0.00438867,0.00118960,-0.00772446,1
4.040,-0.55869853,0.62416302,2.14996349,-0.32424070,-0.09357282,-0.11968616,-0.07904769,-0.02281242,-0.02917868,-0.56763219,0.62510020,2.15304994,-0.31968105,-0.09472087,-0.11174404,-0.58471614,-27.91893387,-2.45995927,-0.58465775,-27.91633254,-2.46013229,0.12536694,-0.01787356,-0.06079133,-0.45929081,-27.93420610,-2.52092362,-0.46391146,-27.73729225,-2.39214108,0.00893366,-0.00093718,-0.00308645,-0.00455965,0.00114805,-0.00794212,1
4.050,-0.56194489,0.62322615,2.14876517,-0.32502964,-0.09380050,-0.11997738,-0.07874000,-0.02272362,-0.02906510,-0.57085375,0.62414574,2.15192864,-0.32029984,-0.09490199,-0.11184040,-0.58313376,-27.94923019,-2.47298312,-0.58307308,-27.94663685,-2.47316169,0.12466359,-0.01766865,-0.06228298,-0.45840949,-27.96430550,-2.53544467,-0.46295770,-27.76691036,-2.40662908,0.00890886,-0.00091959,-0.00316347,-0.00472980,0.00110149,-0.00813698,1
4.060,-0.56519911,0.62228701,2.14756394,-0.32581549,-0.09402729,-0.12026746,-0.07843085,-0.02263441,-0.02895098,-0.57408141,0.62318971,2.15080551,-0.32091648,-0.09507726,-0.11195863,-0.58153957,-27.97955513,-2.48602986,-0.58147661,-27.97696979,-2.48621402,0.12393571,-0.01750579,-0.06373111,-0.45754090,-27.99447559,-2.54994513,-0.46201924,-27.79660794,-2.42110572,0.00888230,-0.00090270,-0.00324157,-0.00489901,0.00104997,-0.00830883,1
4.070,-0.56846119,0.62134561,2.14635982,-0.32659825,-0.09425319,-0.12055640,-0.07812024,-0.02254477,-0.02883633,-0.57731516,0.62223216,2.14968032,-0.32153102,-0.09524677,-0.11209877,-0.57993490,-28.00992203,-2.49909472,-0.57986963,-28.00734476,-2.49928445,0.12318313,-0.01738565,-0.06513248,-0.45668651,-28.02473041,-2.56441693,-0.46109537,-27.82638442,-2.43556489,0.00885397,-0.00088655,-0.00332050,-0.00506723,0.00099358,-0.00845763,1
4.080,-0.57173107,0.62040195,2.14515282,-0.32737789,-0.09447818,-0.12084419,-0.07780817,-0.02245471,-0.02872114,-0.58055497,0.62127314,2.14855285,-0.32214352,-0.09541064,-0.11226074,-0.57831788,-28.04032898,-2.51218271,-0.57825030,-28.03775982,-2.51237802,0.12240662,-0.01730895,-0.06648437,-0.45584368,-28.05506877,-2.57886239,-0.46018591,-27.85624098,-2.45000838,0.00882390,-0.00087119,-0.00340003,-0.00523437,0.00093246,-0.00858345,1
4.090,-0.57500873,0.61945605,2.14394294,-0.32815441,-0.09470228,-0.12113082,-0.07749467,-0.02236423,-0.02860541,-0.58380083,0.62031270,2.14742290,-0.32275402,-0.09556898,-0.11244431,-0.57668984,-28.07076836,-2.52529049,-0.57661995,-28.06820732,-2.52549138,0.12160630,-0.01727595,-0.06778457,-0.45501365,-28.08548327,-2.59327595,-0.45929081,-27.88618410,-2.46442610,0.00879210,-0.00085665,-0.00347996,-0.00540039,0.00086670,-0.00868651,1
4.100,-0.57829415,0.61850791,2.14273021,-0.32892778,-0.09492547,-0.12141630,-0.07717972,-0.02227334,-0.02848916,-0.58705271,0.61935089,2.14629027,-0.32336255,-0.09572194,-0.11264916,-0.57505071,-28.10124588,-2.53841519,-0.57497850,-28.09869304,-2.53862168,0.12078231,-0.01728708,-0.06903093,-0.45419619,-28.11598012,-2.60765261,-0.45840949,-27.91621509,-2.47881283,0.00875856,-0.00084298,-0.00356006,-0.00556523,0.00079647,-0.00876714,1
4.110,-0.58158728,0.61755754,2.14151462,-0.32969800,-0.09514774,-0.12170060,-0.07686335,-0.02218204,-0.02837238,-0.59357448,0.61742336,2.14401616,-0.32457385,-0.09601234,-0.11312087,-0.57340008,-28.13176155,-2.55156279,-0.57332554,-28.12921693,-2.55177489,0.17010602,0.00748288,-0.05480416,-0.40321953,-28.12173405,-2.60657905,-0.45668651,-27.97651024,-2.50748746,0.01198720,0.00013418,-0.00250154,-0.00512415,0.00086460,-0.00857973,1
4.120,-0.58488810,0.61660495,2.14029620,-0.33046504,-0.09536911,-0.12198374,-0.07654555,-0.02209033,-0.02825507,-0.60012013,0.61549090,2.14172906,-0.32577761,-0.09628321,-0.11367153,-0.57173848,-28.16230965,-2.56472778,-0.57166160,-28.15977330,-2.56494548,0.21966723,0.03222936,-0.04024394,-0.35199437,-28.12754394,-2.60518942,-0.45501365,-28.03714203,-2.53601286,0.01523203,0.00111405,-0.00143286,-0.00468743,0.00091410,-0.00831221,1
4.130,-0.58819657,0.61565016,2.13907495,-0.33122890,-0.09558955,-0.12226570,-0.07622634,-0.02199820,-0.02813724,-0.60012013,0.61549090,2.14172906,-0.32577761,-0.09628321,-0.11367153,-0.57006550,-28.19289398,-2.57791114,-0.56998628,-28.19036593,-2.57813446,0.16852439,0.00725773,-0.05682774,-0.40146189,-28.18310821,-2.63496221,-0.45501365,-28.03714203,-2.53601286,0.01192356,0.00015926,-0.00265411,-0.00545129,0.00069366,-0.00859417,1
4.140,-0.59151266,0.61469317,2.13785089,-0.33198957,-0.09580907,-0.12254648,-0.07590572,-0.02190568,-0.02801889,-0.60340187,0.61452292,2.14058021,-0.32637673,-0.09641180,-0.11397481,-0.56838053,-28.22351265,-2.59111309,-0.56829895,-28.22099295,-2.59134201,0.16769793,0.00707805,-0.05775200,-0.40060102,-28.21391490,-2.64909401,-0.45419619,-28.06758133,-2.55021029,0.01188921,0.00017025,-0.00272932,-0.00561284,0.00060273,-0.00857167,1
4.150,-0.59483635,0.61373398,2.13662403,-0.33274701,-0.09602766,-0.12282608,-0.07558370,-0.02181274,-0.02790002,-0.60668878,0.61355388,2.13942900,-0.32695520,-0.09653483,-0.11426140,-0.56668532,-28.25416183,-2.60433578,-0.56660137,-28.25165053,-2.60457034,0.16680010,0.00684687,-0.05872075,-0.39980127,-28.24480366,-2.66329109,-0.40321953,-28.07328208,-2.54901846,0.01185243,0.00018010,-0.00280497,-0.00579181,0.00050717,-0.00856468,1
4.160,-0.59816759,0.61277262,2.13539437,-0.33350124,-0.09624532,-0.12310448,-0.07526029,-0.02171941,-0.02778064,-0.61327651,0.61161284,2.13712170,-0.32803489,-0.09676420,-0.11475237,-0.56497830,-28.28484917,-2.61757493,-0.56489199,-28.28234630,-2.61781511,0.21631344,0.03139973,-0.04418181,-0.34857854,-28.25094657,-2.66199692,-0.40146189,-28.13455732,-2.57721364,0.01510892,0.00115978,-0.00172733,-0.00546635,0.00051888,-0.00835211,1
4.170,-0.60150636,0.61180908,2.13416194,-0.33425222,-0.09646205,-0.12338169,-0.07493549,-0.02162568,-0.02766075,-0.61657805,0.61064086,2.13596396,-0.32856472,-0.09687275,-0.11500791,-0.56325978,-28.31556511,-2.63083172,-0.56317110,-28.31307072,-2.63107754,0.21532780,0.03107225,-0.04520870,-0.34784330,-28.28199848,-2.67628624,-0.40060102,-28.16531571,-2.59120675,0.01507169,0.00116822,-0.00180202,-0.00568750,0.00041070,-0.00837378,1
4.180,-0.60485263,0.61084338,2.13292674,-0.33499994,-0.09667784,-0.12365770,-0.07460932,-0.02153155,-0.02754035,-0.61988469,0.60966794,2.13480331,-0.32908949,-0.09697758,-0.11527214,-0.56153113,-28.34631348,-2.64410782,-0.56144006,-28.34382760,-2.64435927,0.21430246,0.03070029,-0.04620919,-0.34713760,-28.31312731,-2.69056846,-0.39980127,-28.19615763,-2.60525866,0.01503206,0.00117544,-0.00187657,-0.00591045,0.00029974,-0.00838556,1
4.190,-0.60820635,0.60987553,2.13168879,-0.33574440,-0.09689268,-0.12393250,-0.07428178,-0.02143702,-0.02741945,-0.61988469,0.60966794,2.13480331,-0.32908949,-0.09697758,-0.11527214,-0.55979037,-28.37709618,-2.65739703,-0.55969692,-28.37461884,-2.65765412,0.16251942,0.00543026,-0.06299265,-0.39717750,-28.36918859,-2.72064677,-0.39980127,-28.19615763,-2.60525866,0.01167834,0.00020759,-0.00311452,-0.00665491,0.00008490,-0.00866036,1
4.200,-0.61156750,0.60890553,2.13044810,-0.33648557,-0.09710657,-0.12420608,-0.07395287,-0.02134210,-0.02729804,-0.62319565,0.60869416,2.13364101,-0.32959116,-0.09707770,-0.11551148,-0.55803877,-28.40790176,-2.67070746,-0.55794291,-28.40543304,-2.67097020,0.16129923,0.00495634,-0.06410058,-0.39664368,-28.40047670,-2.73507079,-0.34857854,-28.20225755,-2.60388217,0.01162815,0.00021137,-0.00319291,-0.00689441,-0.00002887,-0.00869460,1
4.210,-0.61493605,0.60793340,2.12920467,-0.33722345,-0.09731952,-0.12447845,-0.07362261,-0.02124679,-0.02717613,-0.62651092,0.60771955,2.13247693,-0.33007513,-0.09717354,-0.11573568,-0.55627584,-28.43874550,-2.68403244,-0.55617758,-28.43628541,-2.68430083,0.16000377,0.00443325,-0.06525578,-0.39617381,-28.43185217,-2.74955662,-0.34784330,-28.23326794,-2.61808209,0.01157487,0.00021385,-0.00327226,-0.00714832,-0.00014598,-0.00874277,1
4.220,-0.61831196,0.60695914,2.12795853,-0.33795802,-0.09753151,-0.12474960,-0.07329101,-0.02115110,-0.02705373,-0.62983048,0.60674413,2.13131092,-0.33054545,-0.09726547,-0.11595197,-0.55450201,-28.46961594,-2.69737625,-0.55440133,-28.46716452,-2.69765029,0.15864160,0.00386221,-0.06643800,-0.39575974,-28.46330231,-2.76408829,-0.34713760,-28.26435667,-2.63226803,0.01151852,0.00021501,-0.00335239,-0.00741257,-0.00026604,-0.00879763,1
4.230,-0.62169520,0.60598277,2.12670968,-0.33868927,-0.09774254,-0.12501953,-0.07295806,-0.02105501,-0.02693083,-0.63315509,0.60576790,2.13014144,-0.33102415,-0.09735488,-0.11620118,-0.55271685,-28.50052071,-2.71073270,-0.55261375,-28.49807800,-2.71101240,0.15726842,0.00325106,-0.06752493,-0.39534534,-28.49482693,-2.77853733,-0.39717750,-28.32037703,-2.66217237,0.01145989,0.00021487,-0.00343176,-0.00766512,-0.00038766,-0.00881835,1
4.240,-0.62508574,0.60500429,2.12545814,-0.33941718,-0.09795261,-0.12528822,-0.07262379,-0.02095854,-0.02680744,-0.63981936,0.60381309,2.12779146,-0.33199768,-0.09752604,-0.11678070,-0.55092126,-28.53144455,-2.72410655,-0.55081574,-28.52901059,-2.72439192,0.20688033,0.02746723,-0.05247049,-0.34393540,-28.50154336,-2.77686241,-0.39617381,-28.38296269,-2.69071308,0.01473362,0.00119120,-0.00233332,-0.00741950,-0.00042657,-0.00850752,1
4.250,-0.62848353,0.60402372,2.12420392,-0.34014174,-0.09816171,-0.12555567,-0.07228819,-0.02086169,-0.02668356,-0.64315900,0.60283456,2.12661068,-0.33248937,-0.09760780,-0.11710499,-0.54911339,-28.56239891,-2.73749661,-0.54900543,-28.55997376,-2.73778764,0.20555708,0.02678191,-0.05328555,-0.34344835,-28.53319185,-2.79107319,-0.39575974,-28.41437577,-2.70504937,0.01467547,0.00118916,-0.00240676,-0.00765237,-0.00055391,-0.00845068,1
4.260,-0.63188856,0.60304106,2.12294704,-0.34086294,-0.09836984,-0.12582189,-0.07195127,-0.02076446,-0.02655919,-0.64650364,0.60185531,2.12542586,-0.33298291,-0.09768710,-0.11744915,-0.54729557,-28.59338760,-2.75090075,-0.54718516,-28.59097128,-2.75119746,0.20421046,0.02605487,-0.05403001,-0.34297471,-28.56491641,-2.80522748,-0.39534534,-28.44586444,-2.71929652,0.01461508,0.00118575,-0.00247882,-0.00788003,-0.00068274,-0.00837274,1
4.270,-0.63530078,0.60205633,2.12168749,-0.34158076,-0.09857700,-0.12608686,-0.07161304,-0.02066685,-0.02643434,-0.64985249,0.60087540,2.12423834,-0.33345849,-0.09776312,-0.11777487,-0.54546601,-28.62439346,-2.76432133,-0.54535316,-28.62198601,-2.76462371,0.20279002,0.02528111,-0.05481706,-0.34256314,-28.59670490,-2.81944077,-0.34393540,-28.45254776,-2.71748639,0.01455171,0.00118093,-0.00255085,-0.00812227,-0.00081388,-0.00831199,1
4.280,-0.63872016,0.60106953,2.12042530,-0.34229519,-0.09878318,-0.12635057,-0.07127351,-0.02056887,-0.02630902,-0.65320555,0.59989484,2.12304802,-0.33392031,-0.09783630,-0.11808931,-0.54362541,-28.65542984,-2.77775741,-0.54351011,-28.65303129,-2.77806545,0.20130446,0.02446237,-0.05562710,-0.34220566,-28.62856892,-2.83369255,-0.34344835,-28.48416395,-2.73155688,0.01448539,0.00117469,-0.00262272,-0.00837488,-0.00094688,-0.00826126,1
4.290,-0.64214667,0.60008067,2.11916048,-0.34300622,-0.09898837,-0.12661304,-0.07093269,-0.02047051,-0.02618321,-0.65656280,0.59891365,2.12185479,-0.33437153,-0.09790699,-0.11839756,-0.54177421,-28.68648911,-2.79120493,-0.54165645,-28.68409951,-2.79151865,0.19976038,0.02360049,-0.05644608,-0.34189607,-28.66049902,-2.84796473,-0.34297471,-28.51585687,-2.74556631,0.01441613,0.00116702,-0.00269431,-0.00863469,-0.00108138,-0.00821548,1
4.300,-0.64558028,0.59908976,2.11789305,-0.34371384,-0.09919259,-0.12687424,-0.07059058,-0.02037178,-0.02605693,-0.65992423,0.59793184,2.12065858,-0.33481453,-0.09797549,-0.11870358,-0.53991133,-28.71757889,-2.80466604,-0.53979109,-28.71519829,-2.80498543,0.19816287,0.02269673,-0.05726260,-0.34162822,-28.69250155,-2.86224802,-0.34256314,-28.54761439,-2.75962997,0.01434395,0.00115792,-0.00276553,-0.00889931,-0.00121710,-0.00817066,1
4.310,-0.64902094,0.59809682,2.11662300,-0.34441803,-0.09939581,-0.12713417,-0.07024719,-0.02027268,-0.02593017,-0.66328984,0.59694942,2.11945927,-0.33525112,-0.09804204,-0.11901033,-0.53803807,-28.74868584,-2.81814146,-0.53791536,-28.74631426,-2.81846655,0.19651618,0.02175260,-0.05806806,-0.34139918,-28.72456166,-2.87653461,-0.34220566,-28.57944808,-2.77372726,0.01426890,0.00114740,-0.00283627,-0.00916691,-0.00135377,-0.00812384,1
4.320,-0.65246863,0.59710185,2.11535037,-0.34511878,-0.09959804,-0.12739284,-0.06990253,-0.02017321,-0.02580295,-0.66328984,0.59694942,2.11945927,-0.33525112,-0.09804204,-0.11901033,-0.53615355,-28.77981567,-2.83162928,-0.53602836,-28.77745317,-2.83196004,0.14341015,-0.00413249,-0.07526303,-0.39261821,-28.78158566,-2.90722307,-0.34220566,-28.57944808,-2.77372726,0.01082121,0.00015243,-0.00410890,-0.00986766,-0.00155600,-0.00838251,1
4.330,-0.65592330,0.59610486,2.11407515,-0.34581608,-0.09979927,-0.12765023,-0.06955661,-0.02007338,-0.02567526,-0.66665962,0.59596641,2.11825678,-0.33568268,-0.09810684,-0.11932004,-0.53425854,-28.81097794,-2.84513235,-0.53413086,-28.80862454,-2.84546880,0.14161596,-0.00516384,-0.07608188,-0.39251490,-28.81378838,-2.92155067,-0.34189607,-28.61134841,-2.78784014,0.01073632,0.00013845,-0.00418163,-0.01013340,-0.00169243,-0.00833019,1
4.340,-0.65938494,0.59510587,2.11279737,-0.34650991,-0.09999950,-0.12790634,-0.06920942,-0.01997319,-0.02554710,-0.67003355,0.59498281,2.11705101,-0.33611026,-0.09817006,-0.11963433,-0.53235143,-28.84215927,-2.85864711,-0.53222125,-28.83981503,-2.85898924,0.13977843,-0.00623346,-0.07687679,-0.39244282,-28.84604849,-2.93586603,-0.34162822,-28.64332169,-2.80195943,0.01064861,0.00012306,-0.00425364,-0.01039965,-0.00182944,-0.00827201,1
4.350,-0.66285349,0.59410487,2.11151703,-0.34720026,-0.10019873,-0.12816117,-0.06886099,-0.01987264,-0.02541849,-0.67341162,0.59399864,2.11584186,-0.33653464,-0.09823187,-0.11995433,-0.53043473,-28.87336159,-2.87217665,-0.53030204,-28.87102651,-2.87252447,0.13789997,-0.00734101,-0.07764372,-0.39240207,-28.87836752,-2.95016819,-0.34139918,-28.67535301,-2.81607743,0.01055813,0.00010623,-0.00432483,-0.01066562,-0.00196686,-0.00820684,1
4.360,-0.66632893,0.59310190,2.11023415,-0.34788712,-0.10039696,-0.12841471,-0.06851132,-0.01977172,-0.02528941,-0.67679461,0.59301387,2.11462777,-0.33697561,-0.09829321,-0.12031818,-0.52850598,-28.90458107,-2.88571429,-0.52837079,-28.90225520,-2.88606780,0.13603183,-0.00848021,-0.07826652,-0.39233895,-28.91073541,-2.96433432,-0.39261821,-28.73234704,-2.84651820,0.01046568,0.00008803,-0.00439362,-0.01091151,-0.00210375,-0.00809653,1
4.370,-0.66981122,0.59209694,2.10894874,-0.34857048,-0.10059417,-0.12866696,-0.06816042,-0.01967046,-0.02515989,-0.68018249,0.59202850,2.11340863,-0.33742884,-0.09835407,-0.12071693,-0.52656698,-28.93583298,-2.89926744,-0.52642927,-28.93351638,-2.89962664,0.13416589,-0.00965166,-0.07876635,-0.39226338,-28.94316803,-2.97839299,-0.39251490,-28.76452006,-2.86059409,0.01037127,0.00006844,-0.00445989,-0.01114164,-0.00224010,-0.00795003,1
4.380,-0.67330033,0.59109002,2.10766081,-0.34925033,-0.10079036,-0.12891791,-0.06780828,-0.01956883,-0.02502990,-0.68357527,0.59104254,2.11218439,-0.33789111,-0.09841448,-0.12114373,-0.52461714,-28.96709442,-2.91282964,-0.52447690,-28.96478710,-2.91319453,0.13229605,-0.01085456,-0.07915920,-0.39218085,-28.97564166,-2.99235373,-0.39244282,-28.79675064,-2.87465396,0.01027494,0.00004748,-0.00452358,-0.01135922,-0.00237588,-0.00777418,1
4.390,-0.67679622,0.59008113,2.10637038,-0.34992665,-0.10098554,-0.12916755,-0.06745493,-0.01946686,-0.02489947,-0.68697294,0.59005600,2.11095497,-0.33836001,-0.09847449,-0.12159330,-0.52265620,-28.99837685,-2.92640495,-0.52251343,-28.99607886,-2.92677552,0.13041804,-0.01208897,-0.07945708,-0.39209539,-29.00816783,-3.00623260,-0.39240207,-28.82904026,-2.88869718,0.01017672,0.00002513,-0.00458459,-0.01156664,-0.00251105,-0.00757425,1
4.400,-0.68029885,0.58907031,2.10507747,-0.35059942,-0.10117970,-0.12941589,-0.06710037,-0.01936454,-0.02476859,-0.69037549,0.58906886,2.10972032,-0.33883372,-0.09853425,-0.12206118,-0.52068436,-29.02968025,-2.93998885,-0.52053906,-29.02739162,-2.94036511,0.12852876,-0.01335308,-0.07967030,-0.39201031,-29.04074470,-3.02003540,-0.39233895,-28.86137865,-2.90260192,0.01007664,0.00000145,-0.00464285,-0.01176570,-0.00264545,-0.00735471,1
4.410,-0.68380819,0.58805754,2.10378207,-0.35126865,-0.10137283,-0.12966292,-0.06674460,-0.01926186,-0.02463727,-0.69378291,0.58808113,2.10848042,-0.33931086,-0.09859396,-0.12254356,-0.51870215,-29.06100464,-2.95358491,-0.51855430,-29.05872542,-2.95396686,0.12662581,-0.01464623,-0.07980802,-0.39192849,-29.07337165,-3.03377488,-0.39226338,-28.89378150,-2.91639763,0.00997472,-0.00002359,-0.00469835,-0.01195779,-0.00277887,-0.00711936,1
4.420,-0.68732421,0.58704285,2.10248421,-0.35193431,-0.10156494,-0.12990864,-0.06638764,-0.01915885,-0.02450550,-0.69719520,0.58709280,2.10723524,-0.33979043,-0.09865383,-0.12303722,-0.51670867,-29.09233665,-2.96719265,-0.51655828,-29.09006687,-2.96758030,0.12470756,-0.01596641,-0.07987773,-0.39185072,-29.10603328,-3.04745803,-0.39218085,-28.92622493,-2.93009463,0.00987099,-0.00004995,-0.00475103,-0.01214388,-0.00291111,-0.00687142,1
4.430,-0.69084687,0.58602625,2.10118390,-0.35259640,-0.10175601,-0.13015303,-0.06602948,-0.01905549,-0.02437330,-0.70061236,0.58610385,2.10598478,-0.34027163,-0.09871411,-0.12353940,-0.51470423,-29.12369728,-2.98081017,-0.51455129,-29.12143698,-2.98120347,0.12277294,-0.01731179,-0.07988613,-0.39177835,-29.13874877,-3.06108961,-0.39209539,-28.95872036,-2.94370964,0.00976549,-0.00007760,-0.00480088,-0.01232477,-0.00304190,-0.00661363,1
4.440,-0.69437613,0.58500774,2.09988116,-0.35325490,-0.10194604,-0.13039610,-0.06567015,-0.01895179,-0.02424066,-0.70403440,0.58511452,2.10473010,-0.34075479,-0.09876876,-0.12402156,-0.51268923,-29.15507317,-2.99443364,-0.51253373,-29.15282238,-2.99483266,0.12082365,-0.01871849,-0.07991803,-0.39171009,-29.17154087,-3.07475068,-0.39209539,-28.95870148,-2.94349857,0.00965827,-0.00010678,-0.00484894,-0.01250011,-0.00317728,-0.00637454,1
4.450,-0.69791195,0.58398733,2.09857598,-0.35390980,-0.10213504,-0.13063784,-0.06530964,-0.01884775,-0.02410759,-0.70746132,0.58412480,2.10347120,-0.34123924,-0.09881952,-0.12448855,-0.51066357,-29.18646431,-3.00806665,-0.51050550,-29.18422306,-3.00847136,0.11885890,-0.02017726,-0.07996150,-0.39164660,-29.20440033,-3.08843286,-0.39201031,-28.99125880,-2.95709064,0.00954937,-0.00013747,-0.00489522,-0.01267056,-0.00331552,-0.00614929,1
4.460,-0.70145431,0.58296504,2.09726840,-0.35456109,-0.10232300,-0.13087825,-0.06494797,-0.01874337,-0.02397408,-0.71089313,0.58313468,2.10220811,-0.34172452,-0.09886776,-0.12494374,-0.50862712,-29.21786880,-3.02171254,-0.50846648,-29.21563715,-3.02212293,0.11687795,-0.02168031,-0.08000783,-0.39158852,-29.23731747,-3.10213076,-0.39192849,-29.02386541,-2.97062023,0.00943882,-0.00016964,-0.00493971,-0.01283657,-0.00345524,-0.00593451,1
4.470,-0.70500316,0.58194088,2.09595842,-0.35520875,-0.10250991,-0.13111732,-0.06458514,-0.01863866,-0.02384015,-0.71432980,0.58214413,2.10094084,-0.34221025,-0.09891456,-0.12538941,-0.50657958,-29.24929047,-3.03536463,-0.50641635,-29.24706843,-3.03578070,0.11488079,-0.02322152,-0.08005159,-0.39153555,-29.27028994,-3.11583229,-0.39185072,-29.05650579,-2.98409480,0.00932664,-0.00020325,-0.00498242,-0.01299850,-0.00359535,-0.00572791,1
4.480,-0.70855847,0.58091485,2.09464606,-0.35585279,-0.10269577,-0.13135506,-0.06422115,-0.01853362,-0.02370579,-0.71777134,0.58115313,2.09966944,-0.34269617,-0.09896079,-0.12582708,-0.50452143,-29.28072166,-3.04902411,-0.50435561,-29.27850929,-3.04944585,0.11286721,-0.02479606,-0.08008926,-0.39148840,-29.30330535,-3.12953511,-0.39177835,-29.08919904,-2.99751956,0.00921287,-0.00023828,-0.00502338,-0.01315662,-0.00373498,-0.00552798,1
4.490,-0.71212021,0.57988696,2.09333133,-0.35649317,-0.10288058,-0.13159144,-0.06385602,-0.01842825,-0.02357102,-0.72121774,0.58016167,2.09839394,-0.34318208,-0.09900710,-0.12625788,-0.50245249,-29.31217003,-3.06269383,-0.50228409,-29.30996733,-3.06312127,0.11083725,-0.02639983,-0.08011823,-0.39144684,-29.33636716,-3.14323950,-0.39171009,-29.12196785,-3.01097555,0.00909753,-0.00027471,-0.00506261,-0.01331109,-0.00387348,-0.00533356,1
4.500,-0.71568832,0.57885724,2.09201424,-0.35712990,-0.10306433,-0.13182647,-0.06348976,-0.01832255,-0.02343582,-0.72466899,0.57916972,2.09711437,-0.34366784,-0.09905403,-0.12668266,-0.50037324,-29.34363174,-3.07636881,-0.50020224,-29.34143878,-3.07680192,0.10879138,-0.02802884,-0.08013671,-0.39141085,-29.36946762,-3.15693863,-0.39164660,-29.15480291,-3.02445436,0.00898067,-0.00031248,-0.00510013,-0.01346206,-0.00401030,-0.00514381,1
4.510,-0.71926279,0.57782568,2.09069480,-0.35776296,-0.10324703,-0.13206015,-0.06312237,-0.01821652,-0.02330020,-0.72812509,0.57817726,2.09583077,-0.34415331,-0.09910200,-0.12710205,-0.49828273,-29.37511063,-3.09005523,-0.49810913,-29.37292743,-3.09049401,0.10672950,-0.02968075,-0.08014348,-0.39137964,-29.40260818,-3.17063750,-0.39158852,-29.18769452,-3.03795066,0.00886230,-0.00035158,-0.00513597,-0.01360965,-0.00414503,-0.00495810,1
4.520,-0.72284357,0.57679230,2.08937304,-0.35839235,-0.10342866,-0.13229248,-0.06275385,-0.01811017,-0.02316417,-0.73158603,0.57718427,2.09454317,-0.34463844,-0.09915133,-0.12751645,-0.49618185,-29.40658951,-3.10374546,-0.49600564,-29.40441611,-3.10418990,0.10465207,-0.03135265,-0.08013759,-0.39135357,-29.43576876,-3.18432749,-0.39153555,-29.22064027,-3.05145245,0.00874246,-0.00039197,-0.00517013,-0.01375391,-0.00427733,-0.00477603,1
4.530,-0.72643063,0.57575711,2.08804896,-0.35901804,-0.10360923,-0.13252344,-0.06238423,-0.01800350,-0.02302773,-0.73505180,0.57619072,2.09325162,-0.34512314,-0.09920232,-0.12792614,-0.49407047,-29.43809128,-3.11744356,-0.49389164,-29.43592770,-3.11789367,0.10255941,-0.03304236,-0.08011882,-0.39133222,-29.46897007,-3.19801250,-0.39148840,-29.25362771,-3.06495750,0.00862117,-0.00043361,-0.00520266,-0.01389490,-0.00440691,-0.00459730,1
4.540,-0.73002392,0.57472012,2.08672257,-0.35964003,-0.10378873,-0.13275303,-0.06201349,-0.01789651,-0.02289089,-0.73852240,0.57519658,2.09195615,-0.34560739,-0.09925519,-0.12833127,-0.49194780,-29.46959305,-3.13114834,-0.49176635,-29.46743933,-3.13160413,0.10045209,-0.03474777,-0.08008723,-0.39131425,-29.50218710,-3.21169135,-0.39144684,-29.28666026,-3.07846618,0.00849848,-0.00047646,-0.00523358,-0.01403264,-0.00453354,-0.00442176,1
4.550,-0.73362341,0.57368134,2.08539390,-0.36025830,-0.10396716,-0.13298125,-0.06164166,-0.01778920,-0.02275363,-0.74199782,0.57420183,2.09065682,-0.34609114,-0.09931014,-0.12873187,-0.48981488,-29.50111771,-3.14485765,-0.48963081,-29.49897391,-3.14531910,0.09833045,-0.03646697,-0.08004286,-0.39130036,-29.53544088,-3.22536196,-0.39141085,-29.31973013,-3.09197179,0.00837441,-0.00052049,-0.00526292,-0.01416716,-0.00465702,-0.00424938,1
4.560,-0.73722907,0.57264078,2.08406295,-0.36087286,-0.10414452,-0.13320810,-0.06126874,-0.01768158,-0.02261598,-0.74547806,0.57320644,2.08935365,-0.34657438,-0.09936734,-0.12912794,-0.48767143,-29.53264427,-3.15857267,-0.48748473,-29.53051039,-3.15903980,0.09619478,-0.03819818,-0.07998635,-0.39128995,-29.56870857,-3.23902615,-0.39137964,-29.35283871,-3.10547942,0.00824899,-0.00056566,-0.00529070,-0.01429848,-0.00477718,-0.00408016,1
4.570,-0.74084086,0.57159845,2.08272974,-0.36148367,-0.10432079,-0.13343357,-0.06089473,-0.01757365,-0.02247792,-0.74896312,0.57221038,2.08804672,-0.34705710,-0.09942693,-0.12951940,-0.48551691,-29.56417274,-3.17229342,-0.48532756,-29.56204883,-3.17276619,0.09404564,-0.03993962,-0.07991824,-0.39128192,-29.60198845,-3.25268444,-0.39135357,-29.38596591,-3.11898061,0.00812226,-0.00061193,-0.00531698,-0.01442657,-0.00489386,-0.00391417,1
4.580,-0.74445873,0.57055437,2.08139429,-0.36209075,-0.10449599,-0.13365766,-0.06051965,-0.01746540,-0.02233947,-0.75245298,0.57121363,2.08673605,-0.34753927,-0.09948905,-0.12990612,-0.48335215,-29.59572601,-3.18602061,-0.48316017,-29.59361211,-3.18649904,0.09188365,-0.04168949,-0.07983922,-0.39127652,-29.63530160,-3.26633826,-0.39133222,-29.41913236,-3.13247935,0.00799425,-0.00065926,-0.00534176,-0.01455148,-0.00500694,-0.00375154,1
4.590,-0.74808266,0.56950854,2.08005660,-0.36269406,-0.10467010,-0.13388036,-0.06014349,-0.01735685,-0.02220062,-0.75594763,0.57021615,2.08542172,-0.34802091,-0.09955381,-0.13028798,-0.48117647,-29.62727737,-3.19975019,-0.48098182,-29.62517349,-3.20023426,0.08970908,-0.04344638,-0.07975031,-0.39127274,-29.66861987,-3.27998456,-0.39131425,-29.45231306,-3.14597458,0.00786497,-0.00070761,-0.00536512,-0.01467315,-0.00511629,-0.00359238,1
4.600,-0.75171260,0.56846097,2.07871668,-0.36329361,-0.10484312,-0.13410167,-0.05976628,-0.01724799,-0.02206138,-0.75944709,0.56921791,2.08410377,-0.34850199,-0.09962132,-0.13066479,-0.47898981,-29.65883446,-3.21348667,-0.47879251,-29.65674064,-3.21397640,0.08752257,-0.04520875,-0.07965252,-0.39126994,-29.70194939,-3.29362891,-0.39130036,-29.48552896,-3.15946434,0.00773449,-0.00075694,-0.00538709,-0.01479162,-0.00522180,-0.00343688,1
4.610,-0.75534852,0.56741168,2.07737457,-0.36388939,-0.10501506,-0.13432159,-0.05938802,-0.01713882,-0.02192175,-0.76295133,0.56821888,2.08278225,-0.34898253,-0.09969167,-0.13103639,-0.47679347,-29.69040489,-3.22722650,-0.47659351,-29.68832119,-3.22772187,0.08532451,-0.04697487,-0.07954652,-0.39126900,-29.73529606,-3.30726839,-0.39128995,-29.51875721,-3.17295057,0.00760281,-0.00080720,-0.00540768,-0.01490686,-0.00532339,-0.00328520,1
4.620,-0.75899038,0.56636067,2.07603026,-0.36448137,-0.10518590,-0.13454010,-0.05900870,-0.01702936,-0.02178174,-0.76646035,0.56721904,2.08145724,-0.34946252,-0.09976494,-0.13140258,-0.47458616,-29.72197151,-3.24096990,-0.47438354,-29.71989796,-3.24147090,0.08311548,-0.04874347,-0.07943362,-0.39126806,-29.76864143,-3.32090452,-0.39128192,-29.55199606,-3.18643386,0.00746997,-0.00085837,-0.00542698,-0.01501885,-0.00542096,-0.00313752,1
4.630,-0.76263814,0.56530796,2.07468377,-0.36506956,-0.10535564,-0.13475722,-0.05862835,-0.01691959,-0.02164134,-0.76997416,0.56621834,2.08012879,-0.34994197,-0.09984122,-0.13176319,-0.47236842,-29.75354576,-3.25471973,-0.47216313,-29.75148237,-3.25522637,0.08089597,-0.05051282,-0.07931485,-0.39126715,-29.80199519,-3.33454123,-0.39127652,-29.58526657,-3.19991575,0.00733602,-0.00091038,-0.00544502,-0.01512759,-0.00551442,-0.00299403,1
4.640,-0.76629176,0.56425356,2.07333512,-0.36565393,-0.10552429,-0.13497293,-0.05824697,-0.01680953,-0.02150056,-0.77349273,0.56521675,2.07879697,-0.35042087,-0.09992058,-0.13211804,-0.47013956,-29.78512955,-3.26846790,-0.46993160,-29.78307637,-3.26898016,0.07866657,-0.05228155,-0.07919118,-0.39126503,-29.83535792,-3.34817134,-0.39127274,-29.61854055,-3.21339327,0.00720097,-0.00096319,-0.00546185,-0.01523306,-0.00560371,-0.00285489,1
4.650,-0.76995120,0.56319748,2.07198432,-0.36623449,-0.10569183,-0.13518723,-0.05786457,-0.01669917,-0.02135940,-0.77701607,0.56421424,2.07746183,-0.35089923,-0.10000307,-0.13246697,-0.46790051,-29.81671143,-3.28221798,-0.46768986,-29.81466847,-3.28273587,0.07642778,-0.05404820,-0.07906370,-0.39126208,-29.86871667,-3.36179957,-0.39126994,-29.65182412,-3.22687204,0.00706487,-0.00101676,-0.00547751,-0.01533526,-0.00568876,-0.00272026,1
4.660,-0.77361643,0.56213973,2.07063138,-0.36681122,-0.10585827,-0.13540012,-0.05748115,-0.01658852,-0.02121787,-0.78054418,0.56321079,2.07612345,-0.35137705,-0.10008875,-0.13280981,-0.46565056,-29.84830093,-3.29597545,-0.46543723,-29.84626824,-3.29649895,0.07418001,-0.05581142,-0.07893355,-0.39125722,-29.90207967,-3.37543251,-0.39126900,-29.68512316,-3.24034923,0.00692775,-0.00107106,-0.00549207,-0.01543417,-0.00576952,-0.00259031,1
4.670,-0.77728741,0.56108032,2.06927632,-0.36738411,-0.10602360,-0.13561159,-0.05709672,-0.01647758,-0.02107597,-0.78407704,0.56220634,2.07478188,-0.35185432,-0.10017768,-0.13314642,-0.46339041,-29.87988853,-3.30973196,-0.46317440,-29.87786615,-3.31026108,0.07192380,-0.05756985,-0.07880167,-0.39125059,-29.93543600,-3.38906275,-0.39126806,-29.71841920,-3.25382639,0.00678963,-0.00112602,-0.00550556,-0.01552979,-0.00584592,-0.00246517,1
4.680,-0.78096410,0.56001926,2.06791915,-0.36795315,-0.10618782,-0.13582163,-0.05671129,-0.01636635,-0.02093370,-0.78761465,0.56120088,2.07343721,-0.35233107,-0.10026988,-0.13347668,-0.46111944,-29.91147804,-3.32348990,-0.46090072,-29.90946599,-3.32402463,0.06965970,-0.05932219,-0.07866907,-0.39124102,-29.96878819,-3.40269369,-0.39126715,-29.75172195,-3.26730749,0.00665055,-0.00118162,-0.00551806,-0.01562208,-0.00591794,-0.00234495,1
4.690,-0.78464646,0.55895657,2.06655989,-0.36851833,-0.10635093,-0.13603026,-0.05632487,-0.01625483,-0.02079106,-0.79115701,0.56019436,2.07208949,-0.35280727,-0.10036539,-0.13380047,-0.45883843,-29.94306946,-3.33725333,-0.45861701,-29.94106778,-3.33779366,0.06738825,-0.06106690,-0.07853675,-0.39122876,-30.00213467,-3.41633041,-0.39126503,-29.78503195,-3.28078542,0.00651055,-0.00123779,-0.00552960,-0.01571106,-0.00598554,-0.00222979,1
4.700,-0.78833446,0.55789225,2.06519855,-0.36907965,-0.10651292,-0.13623745,-0.05593746,-0.01614302,-0.02064805,-0.79470411,0.55918675,2.07073880,-0.35328295,-0.10046426,-0.13411767,-0.45654610,-29.97466660,-3.35101223,-0.45632197,-29.97267529,-3.35155816,0.06510982,-0.06280290,-0.07840567,-0.39121215,-30.03547820,-3.42996383,-0.39126208,-29.81833624,-3.29426493,0.00636965,-0.00129450,-0.00554025,-0.01579670,-0.00604866,-0.00211978,1
4.710,-0.79202804,0.55682631,2.06383515,-0.36963708,-0.10667379,-0.13644322,-0.05554907,-0.01603094,-0.02050469,-0.79825595,0.55817774,2.06938688,-0.35375825,-0.10057339,-0.13438613,-0.45424381,-30.00626373,-3.36477518,-0.45401697,-30.00428288,-3.36532670,0.06282572,-0.06448761,-0.07840380,-0.39119126,-30.06877048,-3.44373051,-0.39125722,-29.85162928,-3.29420382,0.00622791,-0.00135143,-0.00555173,-0.01587883,-0.00610040,-0.00205709,1
4.720,-0.79572719,0.55575877,2.06246969,-0.37019063,-0.10683354,-0.13664755,-0.05515971,-0.01591857,-0.02036097,-0.80181253,0.55716758,2.06803212,-0.35423298,-0.10068413,-0.13465867,-0.45193085,-30.03785706,-3.37853980,-0.45170131,-30.03588665,-3.37909690,0.06053549,-0.06616986,-0.07837791,-0.39116582,-30.10205651,-3.45747481,-0.39125059,-29.88492782,-3.32132460,0.00608534,-0.00140881,-0.00556243,-0.01595765,-0.00614941,-0.00198888,1
4.730,-0.79943184,0.55468964,2.06110220,-0.37074027,-0.10699216,-0.13685044,-0.05476939,-0.01580593,-0.02021689,-0.80537382,0.55615622,2.06667458,-0.35470715,-0.10079694,-0.13493255,-0.44960752,-30.06944847,-3.39230299,-0.44937525,-30.06748858,-3.39286567,0.05824018,-0.06784624,-0.07833532,-0.39113507,-30.13533482,-3.47120099,-0.39124102,-29.91822050,-3.33481659,0.00594198,-0.00146658,-0.00557238,-0.01603312,-0.00619522,-0.00191789,1
4.740,-0.80314198,0.55361893,2.05973269,-0.37128601,-0.10714965,-0.13705188,-0.05437812,-0.01569301,-0.02007246,-0.80893987,0.55514391,2.06531533,-0.35518158,-0.10090552,-0.13518053,-0.44727346,-30.10103607,-3.40606666,-0.44703847,-30.09908669,-3.40663489,0.05594199,-0.06955383,-0.07835803,-0.39109648,-30.16864052,-3.48499291,-0.39124102,-29.91817257,-3.33473147,0.00579789,-0.00152498,-0.00558264,-0.01610443,-0.00624413,-0.00187135,1
4.750,-0.80685755,0.55254666,2.05836117,-0.37182783,-0.10730602,-0.13725188,-0.05398589,-0.01557982,-0.01992768,-0.81251067,0.55413061,2.06395445,-0.35565608,-0.10101174,-0.13540753,-0.44492906,-30.13262367,-3.41982985,-0.44469134,-30.13068485,-3.42040364,0.05364140,-0.07128187,-0.07843437,-0.39104994,-30.20196672,-3.49883801,-0.39122876,-29.95146946,-3.34828615,0.00565312,-0.00158395,-0.00559328,-0.01617175,-0.00629428,-0.00184435,1
4.760,-0.81057852,0.55147282,2.05698765,-0.37236572,-0.10746125,-0.13745044,-0.05359273,-0.01546636,-0.01978255,-0.81608620,0.55311628,2.06259198,-0.35613051,-0.10111705,-0.13561726,-0.44257382,-30.16420937,-3.43358994,-0.44233336,-30.16228113,-3.43416929,0.05133850,-0.07302253,-0.07855576,-0.39099486,-30.23530367,-3.51272505,-0.39121215,-29.98476171,-3.36184060,0.00550768,-0.00164346,-0.00560433,-0.01623521,-0.00634420,-0.00183318,1
4.770,-0.81430485,0.55039743,2.05561216,-0.37289968,-0.10761534,-0.13764753,-0.05319863,-0.01535262,-0.01963708,-0.81966648,0.55210089,2.06122798,-0.35660474,-0.10122241,-0.13581296,-0.44020873,-30.19578743,-3.44735384,-0.43996554,-30.19386980,-3.44793873,0.04903358,-0.07476968,-0.07871421,-0.39093196,-30.26863948,-3.52665294,-0.39119126,-30.01800123,-3.37553047,0.00536163,-0.00170346,-0.00561582,-0.01629494,-0.00639293,-0.00183457,1
4.780,-0.81803650,0.54932052,2.05423471,-0.37342969,-0.10776830,-0.13784318,-0.05280361,-0.01523862,-0.01949126,-0.82325148,0.55108442,2.05986249,-0.35707871,-0.10132859,-0.13599700,-0.43783259,-30.22736549,-3.46111178,-0.43758665,-30.22545852,-3.46170222,0.04672705,-0.07651811,-0.07890432,-0.39085960,-30.30197663,-3.54060654,-0.39116582,-30.05123296,-3.38920025,0.00521498,-0.00176390,-0.00562778,-0.01635098,-0.00643971,-0.00184618,1
4.790,-0.82177343,0.54824207,2.05285530,-0.37395575,-0.10792012,-0.13803736,-0.05240766,-0.01512436,-0.01934511,-0.82684122,0.55006683,2.05849556,-0.35755233,-0.10143614,-0.13617112,-0.43544585,-30.25893211,-3.47487068,-0.43519717,-30.25703582,-3.47546667,0.04441927,-0.07826468,-0.07912229,-0.39077789,-30.33530050,-3.55458896,-0.39113507,-30.08445543,-3.40285425,0.00506779,-0.00182476,-0.00564026,-0.01640342,-0.00648398,-0.00186624,1
4.800,-0.82551560,0.54716212,2.05147397,-0.37447784,-0.10807079,-0.13823008,-0.05201081,-0.01500983,-0.01919862,-0.83043567,0.54904810,2.05712722,-0.35802556,-0.10154546,-0.13633683,-0.43304920,-30.29050064,-3.48862600,-0.43279776,-30.28861506,-3.48922751,0.04211071,-0.08000556,-0.07936435,-0.39068705,-30.36862063,-3.56859186,-0.39109648,-30.11770380,-3.41657594,0.00492007,-0.00188598,-0.00565325,-0.01645228,-0.00652533,-0.00189325,1
4.810,-0.82926298,0.54608066,2.05009071,-0.37499596,-0.10822031,-0.13842133,-0.05161306,-0.01489504,-0.01905180,-0.83403484,0.54802819,2.05575750,-0.35849836,-0.10165685,-0.13649543,-0.43064147,-30.32205772,-3.50237870,-0.43038728,-30.32018288,-3.50298571,0.03980164,-0.08173886,-0.07962777,-0.39058564,-30.40192175,-3.58261348,-0.39104994,-30.15097121,-3.43035240,0.00477186,-0.00194753,-0.00566679,-0.01649760,-0.00656346,-0.00192590,1
4.820,-0.83301551,0.54499771,2.04870554,-0.37551010,-0.10836869,-0.13861111,-0.05121441,-0.01478000,-0.01890465,-0.83763871,0.54700707,2.05438645,-0.35897067,-0.10177050,-0.13664802,-0.42822415,-30.35361099,-3.51612973,-0.42796720,-30.35174692,-3.51674224,0.03749282,-0.08346242,-0.07990987,-0.39047438,-30.43520934,-3.59665211,-0.39099486,-30.18424794,-3.44417215,0.00462320,-0.00200936,-0.00568091,-0.01653943,-0.00659819,-0.00196309,1
4.830,-0.83677316,0.54391329,2.04731849,-0.37602025,-0.10851591,-0.13879942,-0.05081487,-0.01466469,-0.01875717,-0.84124729,0.54598473,2.05301406,-0.35944249,-0.10188654,-0.13679560,-0.42579585,-30.38515091,-3.52987695,-0.42553614,-30.38329764,-3.53049496,0.03518455,-0.08517431,-0.08020807,-0.39035159,-30.46847195,-3.61070303,-0.39093196,-30.21752215,-3.45803378,0.00447413,-0.00207144,-0.00569557,-0.01657776,-0.00662937,-0.00200382,1
4.840,-0.84053590,0.54282740,2.04592956,-0.37652640,-0.10866198,-0.13898625,-0.05041445,-0.01454914,-0.01860936,-0.84486057,0.54496112,2.05164037,-0.35991377,-0.10200505,-0.13693897,-0.42335731,-30.41668892,-3.54361987,-0.42309483,-30.41484648,-3.54424339,0.03287717,-0.08687346,-0.08052054,-0.39021765,-30.50171994,-3.62476393,-0.39085960,-30.25079633,-3.47192200,0.00432467,-0.00213372,-0.00571081,-0.01661263,-0.00665693,-0.00204728,1
4.850,-0.84430368,0.54174005,2.04453877,-0.37702854,-0.10880689,-0.13917161,-0.05001316,-0.01443333,-0.01846123,-0.84847853,0.54393623,2.05026539,-0.36038449,-0.10212608,-0.13707886,-0.42090833,-30.44821358,-3.55736351,-0.42064307,-30.44638199,-3.55799249,0.03057131,-0.08855871,-0.08084539,-0.39007177,-30.53494070,-3.63883787,-0.39077789,-30.28405591,-3.48583968,0.00417485,-0.00219618,-0.00572662,-0.01664405,-0.00668081,-0.00209275,1
4.860,-0.84807646,0.54065127,2.04314613,-0.37752666,-0.10895065,-0.13935548,-0.04961100,-0.01431727,-0.01831279,-0.85210119,0.54291003,2.04888912,-0.36085463,-0.10224965,-0.13721591,-0.41844866,-30.47973251,-3.57110023,-0.41818063,-30.47791184,-3.57173470,0.02826743,-0.09022857,-0.08118100,-0.38991320,-30.56814041,-3.65291570,-0.39068705,-30.31731044,-3.49977834,0.00402473,-0.00225876,-0.00574299,-0.01667203,-0.00670100,-0.00213957,1
4.870,-0.85185420,0.53956105,2.04175167,-0.37802075,-0.10909324,-0.13953786,-0.04920799,-0.01420096,-0.01816402,-0.85572851,0.54188248,2.04751157,-0.36132417,-0.10237577,-0.13735064,-0.41597813,-30.51123238,-3.58483338,-0.41570732,-30.50942260,-3.58547330,0.02596602,-0.09188257,-0.08152572,-0.38974130,-30.60130517,-3.66699902,-0.39058564,-30.35054469,-3.51373606,0.00387431,-0.00232143,-0.00575990,-0.01669658,-0.00671747,-0.00218722,1
4.880,-0.85563686,0.53846941,2.04035538,-0.37851081,-0.10923466,-0.13971876,-0.04880412,-0.01408441,-0.01801494,-0.85936051,0.54085358,2.04613274,-0.36179309,-0.10250441,-0.13748355,-0.41349801,-30.54272842,-3.59856057,-0.41322442,-30.54092961,-3.59920593,0.02366755,-0.09351966,-0.08187855,-0.38955687,-30.63444927,-3.68108448,-0.39047438,-30.38376418,-3.52771097,0.00372365,-0.00238417,-0.00577736,-0.01671772,-0.00673025,-0.00223521,1
4.890,-0.85942440,0.53737636,2.03895729,-0.37899683,-0.10937492,-0.13989816,-0.04839941,-0.01396762,-0.01786555,-0.86299717,0.53982329,2.04475265,-0.36226137,-0.10263555,-0.13761506,-0.41100717,-30.57420921,-3.61228442,-0.41073078,-30.57242136,-3.61293525,0.02137249,-0.09513915,-0.08223800,-0.38935829,-30.66756051,-3.69517324,-0.39035159,-30.41695746,-3.54169824,0.00357277,-0.00244693,-0.00579536,-0.01673546,-0.00673937,-0.00228310,1
4.900,-0.86321678,0.53628191,2.03755742,-0.37947880,-0.10951402,-0.14007607,-0.04799387,-0.01385058,-0.01771586,-0.86663849,0.53879159,2.04337128,-0.36272900,-0.10276916,-0.13774554,-0.40850604,-30.60568619,-3.62600422,-0.40822686,-30.60390936,-3.62666047,0.01908132,-0.09674034,-0.08260290,-0.38914554,-30.70064970,-3.70926337,-0.39021765,-30.45013494,-3.55569545,0.00342171,-0.00250968,-0.00581386,-0.01674980,-0.00674486,-0.00233053,1
4.910,-0.86701396,0.53518608,2.03615578,-0.37995671,-0.10965194,-0.14025248,-0.04758750,-0.01373330,-0.01756586,-0.87028446,0.53775846,2.04198863,-0.36319596,-0.10290521,-0.13787532,-0.40599397,-30.63714600,-3.63971663,-0.40571199,-30.63538019,-3.64037830,0.01679451,-0.09832226,-0.08297222,-0.38891749,-30.73370245,-3.72335052,-0.39007177,-30.48328402,-3.56970554,0.00327050,-0.00257238,-0.00583285,-0.01676075,-0.00674673,-0.00237716,1
4.920,-0.87081590,0.53408888,2.03475238,-0.38043055,-0.10978868,-0.14042738,-0.04718031,-0.01361579,-0.01741555,-0.87393507,0.53672387,2.04060470,-0.36366223,-0.10304365,-0.13800470,-0.40347236,-30.66858482,-3.65342307,-0.40318759,-30.66683009,-3.65409014,0.01451254,-0.09988427,-0.08334501,-0.38867505,-30.76671437,-3.73743515,-0.38991320,-30.51641092,-3.58371928,0.00311917,-0.00263499,-0.00585232,-0.01676832,-0.00674503,-0.00242268,1
4.930,-0.87462256,0.53299031,2.03334724,-0.38090031,-0.10992425,-0.14060079,-0.04677230,-0.01349805,-0.01726494,-0.87759032,0.53568780,2.03921949,-0.36412779,-0.10318444,-0.13813394,-0.40093988,-30.70001793,-3.66712260,-0.40065230,-30.69827429,-3.66779507,0.01223588,-0.10142612,-0.08372031,-0.38841642,-30.79970041,-3.75151538,-0.38974130,-30.54950177,-3.59773819,0.00296776,-0.00269749,-0.00587225,-0.01677252,-0.00673981,-0.00246685,1
4.940,-0.87843390,0.53189039,2.03194037,-0.38136599,-0.11005864,-0.14077268,-0.04636350,-0.01338007,-0.01711404,-0.88125019,0.53465023,2.03783298,-0.36459263,-0.10332754,-0.13826326,-0.39839685,-30.73142624,-3.68081760,-0.39810648,-30.72969373,-3.68149549,0.00996498,-0.10294692,-0.08409726,-0.38814149,-30.83264065,-3.76559275,-0.38955687,-30.58257086,-3.61175886,0.00281629,-0.00275984,-0.00589261,-0.01677336,-0.00673110,-0.00250942,1
4.950,-0.88224987,0.53078914,2.03053179,-0.38182758,-0.11019185,-0.14094307,-0.04595389,-0.01326186,-0.01696284,-0.88491468,0.53361114,2.03644516,-0.36505673,-0.10347288,-0.13839288,-0.39584392,-30.76282310,-3.69450688,-0.39555074,-30.76110175,-3.69519014,0.00770046,-0.10444588,-0.08447501,-0.38785028,-30.86554763,-3.77966515,-0.38935829,-30.61560604,-3.62578237,0.00266481,-0.00282200,-0.00591337,-0.01677085,-0.00671897,-0.00255019,1
4.960,-0.88607043,0.52968656,2.02912151,-0.38228507,-0.11032388,-0.14111194,-0.04554349,-0.01314342,-0.01681136,-0.88858381,0.53257076,2.03505710,-0.36552092,-0.10361416,-0.13849622,-0.39328045,-30.79421234,-3.70818925,-0.39298445,-30.79250216,-3.70887787,0.00544502,-0.10596043,-0.08493361,-0.38753944,-30.89846259,-3.79381147,-0.38935829,-30.61554152,-3.62577012,0.00251338,-0.00288420,-0.00593559,-0.01676415,-0.00670972,-0.00261572,1
4.970,-0.88989556,0.52858267,2.02770955,-0.38273844,-0.11045472,-0.14127929,-0.04513231,-0.01302476,-0.01665958,-0.89225759,0.53152907,2.03366877,-0.36598500,-0.10375288,-0.13858029,-0.39070678,-30.82557487,-3.72186184,-0.39040797,-30.82387591,-3.72255583,0.00319843,-0.10748191,-0.08545503,-0.38720953,-30.93135782,-3.80801086,-0.38914554,-30.64856517,-3.63984713,0.00236203,-0.00294640,-0.00595922,-0.01675344,-0.00670184,-0.00269900,1
4.980,-0.89372519,0.52747747,2.02629593,-0.38318771,-0.11058437,-0.14144513,-0.04472036,-0.01290588,-0.01650751,-0.89593599,0.53048605,2.03228016,-0.36644879,-0.10389018,-0.13865037,-0.38812283,-30.85692406,-3.73552823,-0.38782119,-30.85523632,-3.73622756,0.00096126,-0.10900417,-0.08602559,-0.38685993,-30.96424049,-3.82225315,-0.38891749,-30.68155141,-3.65392022,0.00221080,-0.00300858,-0.00598423,-0.01673892,-0.00669419,-0.00279476,1
4.990,-0.89755930,0.52637098,2.02488066,-0.38363285,-0.11071284,-0.14160944,-0.04430764,-0.01278677,-0.01635517,-0.89961901,0.52944168,2.03089126,-0.36691216,-0.10402689,-0.13871047,-0.38552850,-30.88825226,-3.74918747,-0.38522406,-30.88657579,-3.74989212,-0.00126655,-0.11052213,-0.08663483,-0.38649061,-30.99709791,-3.83652695,-0.38867505,-30.71449586,-3.66798976,0.00205971,-0.00307070,-0.00601060,-0.01672069,-0.00668595,-0.00289897,1
5.000,-0.90139783,0.52526322,2.02346375,-0.38407386,-0.11084011,-0.14177223,-0.04389416,-0.01266744,-0.01620254,-0.90330664,0.52839594,2.02950203,-0.36737499,-0.10416362,-0.13876363,-0.38292328,-30.91956902,-3.76283646,-0.38261599,-30.91790384,-3.76354644,-0.00348442,-0.11203162,-0.08727478,-0.38610040,-31.02993546,-3.85082122,-0.38841642,-30.74741350,-3.68205383,0.00190881,-0.00313272,-0.00603828,-0.01669887,-0.00667649,-0.00300860,1
5.010,-0.90524076,0.52415419,2.02204522,-0.38451073,-0.11096618,-0.14193349,-0.04347992,-0.01254790,-0.01604964,-0.90699888,0.52734882,2.02811245,-0.36783721,-0.10430083,-0.13881215,-0.38030848,-30.95085907,-3.77647924,-0.37999837,-30.94920521,-3.77719454,-0.00569233,-0.11352996,-0.08793908,-0.38569070,-31.06273517,-3.86513362,-0.38814149,-30.78028443,-3.69611389,0.00175812,-0.00319463,-0.00606723,-0.01667352,-0.00666535,-0.00312134,1
5.020,-0.90908803,0.52304390,2.02062508,-0.38494346,-0.11109106,-0.14209322,-0.04306494,-0.01242814,-0.01589646,-0.91069572,0.52630029,2.02672250,-0.36829874,-0.10443883,-0.13885779,-0.37768340,-30.98213196,-3.79011250,-0.37737046,-30.98048946,-3.79083309,-0.00788967,-0.11501488,-0.08862289,-0.38526013,-31.09550433,-3.87945598,-0.38785028,-30.81312120,-3.71016779,0.00160769,-0.00325639,-0.00609742,-0.01664472,-0.00665223,-0.00323543,1
5.030,-0.91293961,0.52193237,2.01920336,-0.38537203,-0.11121475,-0.14225142,-0.04264923,-0.01230817,-0.01574300,-0.91439714,0.52525034,2.02533215,-0.36875953,-0.10457785,-0.13890214,-0.37504816,-31.01337624,-3.80373788,-0.37473239,-31.01174510,-3.80446376,-0.01007619,-0.11648439,-0.08932146,-0.38480858,-31.12822950,-3.89378522,-0.38753944,-30.84596514,-3.72429389,0.00145753,-0.00331797,-0.00612879,-0.01661250,-0.00663690,-0.00334928,1
5.040,-0.91679546,0.52081961,2.01778006,-0.38579644,-0.11133723,-0.14240808,-0.04223278,-0.01218798,-0.01558928,-0.91810313,0.52419896,2.02394135,-0.36921952,-0.10471801,-0.13894655,-0.37240255,-31.04460716,-3.81735444,-0.37208393,-31.04298743,-3.81808560,-0.01225156,-0.11793716,-0.09003077,-0.38433549,-31.16092459,-3.90811637,-0.38720953,-30.87878858,-3.73847098,0.00130767,-0.00337935,-0.00616129,-0.01657692,-0.00661922,-0.00346153,1
5.050,-0.92065553,0.51970563,2.01635520,-0.38621668,-0.11145850,-0.14256320,-0.04181561,-0.01206759,-0.01543529,-0.92924847,0.52103605,2.01976577,-0.37059423,-0.10514578,-0.13909126,-0.36974680,-31.07580948,-3.83095741,-0.36942535,-31.07420119,-3.83169382,0.09894503,-0.06518418,-0.05430086,-0.27048032,-31.13938537,-3.88599468,-0.38610040,-30.97714683,-3.78119894,0.00859294,-0.00133042,-0.00341057,-0.01562245,-0.00631272,-0.00347194,1
5.060,-0.92451978,0.51859044,2.01492880,-0.38663275,-0.11157858,-0.14271679,-0.04139773,-0.01194699,-0.01528104,-0.93670139,0.51892004,2.01697882,-0.37150594,-0.10543705,-0.13920570,-0.36708048,-31.10699463,-3.84455514,-0.36675619,-31.10539778,-3.84529680,0.15377849,-0.03930823,-0.03671362,-0.21297770,-31.14470601,-3.88201042,-0.38526013,-31.04256647,-3.80976394,0.01218161,-0.00032960,-0.00205002,-0.01512681,-0.00614153,-0.00351109,1
5.070,-0.92838817,0.51747406,2.01350087,-0.38704463,-0.11169744,-0.14286882,-0.04097914,-0.01182619,-0.01512653,-0.94417235,0.51679799,2.01418869,-0.37241351,-0.10573289,-0.13934008,-0.36440387,-31.13815498,-3.85813975,-0.36407673,-31.13656963,-3.85888664,0.20882426,-0.01328027,-0.01904978,-0.15525247,-31.14984990,-3.87793642,-0.38433549,-31.10783544,-3.83834148,0.01578418,0.00067607,-0.00068782,-0.01463112,-0.00596455,-0.00352874,1
5.080,-0.93226066,0.51635650,2.01207143,-0.38745233,-0.11181510,-0.14301932,-0.04055984,-0.01170519,-0.01497175,-0.94791292,0.51573473,2.01279562,-0.37282435,-0.10588102,-0.13933183,-0.36171833,-31.16929436,-3.87171650,-0.36138834,-31.16772051,-3.87246863,0.20686738,-0.01448430,-0.01992018,-0.15452097,-31.18220481,-3.89238881,-0.27048032,-31.08622265,-3.81634114,0.01565226,0.00062177,-0.00072419,-0.01462798,-0.00593408,-0.00368749,1
5.090,-0.93613720,0.51523776,2.01064049,-0.38785583,-0.11193155,-0.14316826,-0.04013986,-0.01158399,-0.01481673,-0.95165548,0.51467003,2.01140657,-0.37318237,-0.10602830,-0.13922505,-0.35902119,-31.20040512,-3.88528275,-0.35868835,-31.19884281,-3.88604008,0.20478230,-0.01568003,-0.02110484,-0.15390605,-31.21452284,-3.90714493,-0.21297770,-31.09147096,-3.81255806,0.01551828,0.00056773,-0.00076608,-0.01467346,-0.00590325,-0.00394321,1
5.100,-0.94001776,0.51411787,2.00920807,-0.38825512,-0.11204678,-0.14331565,-0.03971919,-0.01146259,-0.01466145,-0.95539920,0.51360391,2.01002314,-0.37347971,-0.10617423,-0.13900459,-0.35631463,-31.23149681,-3.89883590,-0.35597893,-31.22994606,-3.89959841,0.20254114,-0.01686971,-0.02266212,-0.15343779,-31.24681578,-3.92226054,-0.15525247,-31.09654388,-3.80876481,0.01538144,0.00051396,-0.00081507,-0.01477541,-0.00587255,-0.00431106,1
5.110,-0.94390229,0.51299683,2.00777418,-0.38865021,-0.11216080,-0.14346149,-0.03929785,-0.01134099,-0.01450592,-0.95914406,0.51253638,2.00864519,-0.37373125,-0.10631901,-0.13870225,-0.35359803,-31.26254654,-3.91237950,-0.35325949,-31.26100738,-3.91314720,0.20017421,-0.01805264,-0.02451063,-0.15308528,-31.27906002,-3.93765783,-0.15452097,-31.12882813,-3.82349119,0.01524177,0.00046045,-0.00087101,-0.01491896,-0.00584179,-0.00475924,1
5.120,-0.94779075,0.51187466,2.00633884,-0.38904108,-0.11227360,-0.14360577,-0.03887583,-0.01121920,-0.01435014,-0.95914406,0.51253638,2.00864519,-0.37373125,-0.10631901,-0.13870225,-0.35087171,-31.29359055,-3.92591000,-0.35053031,-31.29206301,-3.92668286,0.14107692,-0.04667221,-0.04353305,-0.20945339,-31.33873522,-3.97021591,-0.15452097,-31.12882813,-3.82349119,0.01135331,-0.00066172,-0.00230635,-0.01530983,-0.00595459,-0.00490352,1
5.130,-0.95168310,0.51075136,2.00490207,-0.38942772,-0.11238518,-0.14374849,-0.03845316,-0.01109722,-0.01419412,-0.96289005,0.51146744,2.00727254,-0.37394818,-0.10646261,-0.13834294,-0.34813479,-31.32459068,-3.93942928,-0.34779052,-31.32307477,-3.94020730,0.13855331,-0.04787272,-0.04562407,-0.20923721,-31.37094748,-3.98583137,-0.15390605,-31.16107615,-3.83851243,0.01120695,-0.00071608,-0.00237047,-0.01547954,-0.00592257,-0.00540555,1
5.140,-0.95557929,0.50962696,2.00346388,-0.38981014,-0.11249554,-0.14388965,-0.03802983,-0.01097505,-0.01403786,-0.96663716,0.51039713,2.00590496,-0.37413896,-0.10660480,-0.13794653,-0.34538853,-31.35556793,-3.95293665,-0.34504140,-31.35406369,-3.95371981,0.13594494,-0.04906729,-0.04788844,-0.20909646,-31.40313098,-4.00160825,-0.15343779,-31.19330010,-3.85388188,0.01105787,-0.00077017,-0.00244108,-0.01567118,-0.00589074,-0.00594312,1
5.150,-0.95947929,0.50850146,2.00202428,-0.39018832,-0.11260468,-0.14402924,-0.03760585,-0.01085269,-0.01388135,-0.97038539,0.50932546,2.00454220,-0.37430997,-0.10674525,-0.13752892,-0.34263191,-31.38652039,-3.96643543,-0.34228192,-31.38502783,-3.96722370,0.13326495,-0.05025823,-0.05028287,-0.20901697,-31.43528606,-4.01750658,-0.15308528,-31.22547672,-3.86951979,0.01090610,-0.00082400,-0.00251792,-0.01587835,-0.00585943,-0.00650032,1
5.160,-0.96338304,0.50737487,2.00058330,-0.39056225,-0.11271260,-0.14416727,-0.03718123,-0.01073015,-0.01372461,-0.97413556,0.50825242,2.00318245,-0.37448661,-0.10688510,-0.13714060,-0.33986539,-31.41744041,-3.97991657,-0.33951252,-31.41595958,-3.98070997,0.13057735,-0.05143889,-0.05265727,-0.20893517,-31.46739848,-4.03336724,-0.20945339,-31.28508289,-3.90222810,0.01075252,-0.00087755,-0.00259915,-0.01607564,-0.00582750,-0.00702667,1
5.170,-0.96729052,0.50624721,1.99914094,-0.39093194,-0.11281928,-0.14430374,-0.03675598,-0.01060743,-0.01356764,-0.97788765,0.50717802,2.00182541,-0.37466734,-0.10702376,-0.13678144,-0.33708876,-31.44833755,-3.99338722,-0.33673304,-31.44686846,-3.99418573,0.12787926,-0.05261241,-0.05500820,-0.20885378,-31.49948088,-4.04919393,-0.20923721,-31.31722761,-3.91797940,0.01059713,-0.00093081,-0.00268447,-0.01626460,-0.00579552,-0.00752230,1
5.180,-0.97120167,0.50511849,1.99769723,-0.39129737,-0.11292474,-0.14443863,-0.03633010,-0.01048453,-0.01341044,-0.98164167,0.50610231,2.00047077,-0.37485102,-0.10716069,-0.13645189,-0.33430237,-31.47920036,-4.00684547,-0.33394377,-31.47774303,-4.00764906,0.12516926,-0.05378216,-0.05733007,-0.20877450,-31.53152519,-4.06497913,-0.20909646,-31.34934524,-3.93387663,0.01044000,-0.00098382,-0.00277354,-0.01644635,-0.00576405,-0.00798674,1
5.190,-0.97511645,0.50398872,1.99625218,-0.39165854,-0.11302897,-0.14457194,-0.03590361,-0.01036145,-0.01325301,-0.98539762,0.50502531,1.99911822,-0.37503683,-0.10729542,-0.13615271,-0.33150646,-31.51002884,-4.02029037,-0.33114499,-31.50858331,-4.02109904,0.12244625,-0.05495108,-0.05961665,-0.20869873,-31.56353439,-4.08071568,-0.20901697,-31.38143625,-3.94987900,0.01028117,-0.00103659,-0.00286604,-0.01662171,-0.00573355,-0.00841923,1
5.200,-0.97903482,0.50285791,1.99480580,-0.39201544,-0.11313197,-0.14470369,-0.03547651,-0.01023819,-0.01309536,-0.98915548,0.50394707,1.99776743,-0.37522413,-0.10742761,-0.13588437,-0.32870117,-31.54082870,-4.03371954,-0.32833682,-31.53939498,-4.03453325,0.11970954,-0.05612152,-0.06186244,-0.20862728,-31.59551650,-4.09639569,-0.20893517,-31.41348639,-3.96582755,0.01012066,-0.00108916,-0.00296163,-0.01679131,-0.00570436,-0.00881932,1
5.210,-0.98295675,0.50172608,1.99335811,-0.39236807,-0.11323374,-0.14483385,-0.03504881,-0.01011476,-0.01293748,-0.99291525,0.50286762,1.99641807,-0.37541247,-0.10755702,-0.13564717,-0.32588536,-31.57159615,-4.04713869,-0.32551813,-31.57017428,-4.04795746,0.11695858,-0.05729505,-0.06406225,-0.20855955,-31.62746933,-4.11201970,-0.20885378,-31.44550826,-3.98172614,0.00995850,-0.00114154,-0.00305996,-0.01695560,-0.00567672,-0.00918668,1
5.220,-0.98688217,0.50059324,1.99190912,-0.39271641,-0.11333427,-0.14496243,-0.03462051,-0.00999115,-0.01277938,-0.99667694,0.50178699,1.99506984,-0.37560149,-0.10768348,-0.13544122,-0.32306042,-31.60232735,-4.06053972,-0.32269033,-31.60091735,-4.06136351,0.11419371,-0.05847306,-0.06621158,-0.20849662,-31.65939041,-4.12757509,-0.20877450,-31.47749376,-3.99756746,0.00979477,-0.00119375,-0.00316072,-0.01711492,-0.00565079,-0.00952121,1
5.230,-0.99081106,0.49945940,1.99045886,-0.39306048,-0.11343356,-0.14508944,-0.03419162,-0.00986738,-0.01262107,-1.00044053,0.50070522,1.99372242,-0.37579092,-0.10780689,-0.13526647,-0.32022503,-31.63302994,-4.07393026,-0.31985205,-31.63163181,-4.07475905,0.11141460,-0.05965667,-0.06830613,-0.20843745,-31.69128848,-4.14306518,-0.20869873,-31.50944582,-4.01334458,0.00962947,-0.00124582,-0.00326356,-0.01726956,-0.00562667,-0.00982297,1
5.240,-0.99474337,0.49832457,1.98900734,-0.39340025,-0.11353161,-0.14521486,-0.03376216,-0.00974344,-0.01246254,-1.00420602,0.49962233,1.99237550,-0.37598058,-0.10792721,-0.13512273,-0.31738093,-31.66369820,-4.08730650,-0.31700507,-31.66231201,-4.08814028,0.10862163,-0.06084666,-0.07034226,-0.20838344,-31.72315867,-4.15848254,-0.20862728,-31.54137243,-4.02904994,0.00946265,-0.00129776,-0.00336816,-0.01741967,-0.00560440,-0.01009213,1
5.250,-0.99867905,0.49718877,1.98755457,-0.39373572,-0.11362843,-0.14533869,-0.03333212,-0.00961934,-0.01230380,-1.00797342,0.49853837,1.99102880,-0.37617032,-0.10804441,-0.13500970,-0.31452662,-31.69433212,-4.10066509,-0.31414788,-31.69295786,-4.10150385,0.10581518,-0.06204343,-0.07231672,-0.20833269,-31.75500129,-4.17382057,-0.20855955,-31.57327131,-4.04468440,0.00929437,-0.00134960,-0.00347423,-0.01756540,-0.00558402,-0.01032899,1
5.260,-1.00261807,0.49605201,1.98610057,-0.39406689,-0.11372400,-0.14546093,-0.03290152,-0.00949507,-0.01214486,-1.01174271,0.49745336,1.98968201,-0.37636002,-0.10815853,-0.13492694,-0.31166315,-31.72492790,-4.11401176,-0.31128152,-31.72356561,-4.11485551,0.10299546,-0.06324724,-0.07422656,-0.20828606,-31.78681285,-4.18908207,-0.20849662,-31.60513996,-4.06023574,0.00912464,-0.00140135,-0.00358144,-0.01770687,-0.00556547,-0.01053399,1
5.270,-1.00656037,0.49491430,1.98464536,-0.39439375,-0.11381833,-0.14558158,-0.03247037,-0.00937064,-0.01198571,-1.01551390,0.49636734,1.98833486,-0.37654963,-0.10826963,-0.13487395,-0.30879009,-31.75549698,-4.12734127,-0.30840557,-31.75414668,-4.12818994,0.10016316,-0.06445834,-0.07606913,-0.20824241,-31.81860502,-4.20425907,-0.20843745,-31.63698702,-4.07570769,0.00895353,-0.00145304,-0.00368950,-0.01784412,-0.00554870,-0.01070763,1
5.280,-1.01050593,0.49377565,1.98318895,-0.39471629,-0.11391141,-0.14570064,-0.03203866,-0.00924606,-0.01182635,-1.01928697,0.49528031,1.98698707,-0.37673906,-0.10837778,-0.13485011,-0.30590808,-31.78602028,-4.14065504,-0.30552068,-31.78468198,-4.14150865,0.09731844,-0.06567672,-0.07784229,-0.20820224,-31.85035870,-4.21935095,-0.20838344,-31.66880756,-4.09109324,0.00878104,-0.00150466,-0.00379812,-0.01797723,-0.00553363,-0.01085053,1
5.290,-1.01445469,0.49263607,1.98173135,-0.39503452,-0.11400325,-0.14581811,-0.03160641,-0.00912131,-0.01166680,-1.02306193,0.49419232,1.98563839,-0.37692830,-0.10848307,-0.13485473,-0.30301628,-31.81650734,-4.15395355,-0.30262599,-31.81518108,-4.15481208,0.09446205,-0.06690231,-0.07954423,-0.20816394,-31.88208339,-4.23435631,-0.20833269,-31.70060181,-4.10638629,0.00860724,-0.00155625,-0.00390704,-0.01810622,-0.00552018,-0.01096338,1
5.300,-1.01840660,0.49149559,1.98027259,-0.39534842,-0.11409384,-0.14593398,-0.03117363,-0.00899642,-0.01150704,-1.02683877,0.49310339,1.98428855,-0.37711729,-0.10858563,-0.13488703,-0.30011508,-31.84696198,-4.16723728,-0.29972190,-31.84564777,-4.16810072,0.09159467,-0.06813436,-0.08117311,-0.20812723,-31.91378213,-4.24927384,-0.20828606,-31.73236620,-4.12159009,0.00843217,-0.00160780,-0.00401596,-0.01823113,-0.00550821,-0.01104695,1
5.310,-1.02236164,0.49035420,1.97881268,-0.39565799,-0.11418318,-0.14604825,-0.03074032,-0.00887137,-0.01134710,-1.03061750,0.49201354,1.98293731,-0.37730604,-0.10868558,-0.13494620,-0.29720515,-31.87737656,-4.18050337,-0.29680909,-31.87607443,-4.18137169,0.08871652,-0.06937300,-0.08272774,-0.20809257,-31.94544743,-4.26409943,-0.20824241,-31.76411230,-4.13669721,0.00825586,-0.00165934,-0.00412463,-0.01835195,-0.00549760,-0.01110205,1
5.320,-1.02631975,0.48921193,1.97735163,-0.39596322,-0.11427127,-0.14616092,-0.03030649,-0.00874617,-0.01118696,-1.03439809,0.49092278,1.98158444,-0.37749451,-0.10878307,-0.13503134,-0.29428536,-31.90775681,-4.19375277,-0.29388640,-31.90646677,-4.19462595,0.08582842,-0.07061732,-0.08420716,-0.20805798,-31.97708410,-4.27883312,-0.20820224,-31.79582094,-4.15170756,0.00807834,-0.00171085,-0.00423281,-0.01846871,-0.00548820,-0.01112958,1
5.330,-1.03028089,0.48806878,1.97588946,-0.39626412,-0.11435810,-0.14627199,-0.02987215,-0.00862082,-0.01102663,-1.03818057,0.48983114,1.98022972,-0.37768271,-0.10887823,-0.13514153,-0.29135683,-31.93808746,-4.20698595,-0.29095498,-31.93680955,-4.20786399,0.08293092,-0.07186700,-0.08561057,-0.20802406,-32.00867656,-4.29347456,-0.20816394,-31.82750153,-4.16662027,0.00789968,-0.00176236,-0.00434026,-0.01858141,-0.00547987,-0.01113046,1
5.340,-1.03424502,0.48692477,1.97442620,-0.39656066,-0.11444368,-0.14638145,-0.02943731,-0.00849533,-0.01086612,-1.04196494,0.48873885,1.97887414,-0.37787134,-0.10896598,-0.13524574,-0.28841901,-31.96838188,-4.22020435,-0.28801427,-31.96711613,-4.22108724,0.08002646,-0.07315275,-0.08702791,-0.20798781,-32.04026888,-4.30811515,-0.20816394,-31.82746878,-4.16657711,0.00771992,-0.00181408,-0.00444794,-0.01868932,-0.00547770,-0.01113571,1
5.350,-1.03821209,0.48577991,1.97296184,-0.39685286,-0.11452801,-0.14648931,-0.02900197,-0.00836969,-0.01070542,-1.04575121,0.48764592,1.97751747,-0.37806023,-0.10904772,-0.13535095,-0.28547257,-31.99864388,-4.23340511,-0.28506494,-31.99739031,-4.23429282,0.07711536,-0.07446764,-0.08843913,-0.20794958,-32.07185795,-4.32273195,-0.20812723,-31.85913564,-4.18144055,0.00753912,-0.00186601,-0.00455563,-0.01879263,-0.00548029,-0.01113836,1
5.360,-1.04218206,0.48463421,1.97149641,-0.39714070,-0.11461107,-0.14659556,-0.02856614,-0.00824392,-0.01054455,-1.04953937,0.48655237,1.97615952,-0.37824925,-0.10912459,-0.13546208,-0.28251693,-32.02886581,-4.24658489,-0.28210640,-32.02762442,-4.24747740,0.07419796,-0.07580616,-0.08982877,-0.20790844,-32.10343058,-4.33730618,-0.20809257,-31.89076984,-4.19620170,0.00735731,-0.00191816,-0.00466311,-0.01889145,-0.00548648,-0.01113348,1
5.370,-1.04615489,0.48348769,1.97002993,-0.39742418,-0.11469288,-0.14670020,-0.02812982,-0.00811800,-0.01038349,-1.05332943,0.48545821,1.97480008,-0.37843829,-0.10919745,-0.13558256,-0.27955249,-32.05903625,-4.25975132,-0.27913906,-32.05780708,-4.26064863,0.07127463,-0.07716384,-0.09118546,-0.20786444,-32.13497092,-4.35183409,-0.20805798,-31.92237608,-4.21086111,0.00717454,-0.00197052,-0.00477015,-0.01898589,-0.00549543,-0.01111764,1
5.380,-1.05013053,0.48234036,1.96856242,-0.39770330,-0.11477343,-0.14680323,-0.02769304,-0.00799195,-0.01022226,-1.05712137,0.48436345,1.97343897,-0.37862729,-0.10926701,-0.13571470,-0.27657917,-32.08917236,-4.27289772,-0.27616285,-32.08795542,-4.27379981,0.06834592,-0.07853716,-0.09250075,-0.20781693,-32.16649259,-4.36630056,-0.20802406,-31.95393871,-4.22541901,0.00699084,-0.00202309,-0.00487655,-0.01907601,-0.00550642,-0.01108853,1
5.390,-1.05410894,0.48119223,1.96709388,-0.39797804,-0.11485272,-0.14690465,-0.02725579,-0.00786576,-0.01006086,-1.06091520,0.48326811,1.97207600,-0.37881619,-0.10933381,-0.13586021,-0.27359709,-32.11926270,-4.28602886,-0.27317788,-32.11805800,-4.28693569,0.06541233,-0.07992346,-0.09376795,-0.20776555,-32.19798146,-4.38070365,-0.20798781,-31.98550177,-4.23996678,0.00680626,-0.00207588,-0.00498212,-0.01916185,-0.00551891,-0.01104444,1
5.400,-1.05809007,0.48004331,1.96562433,-0.39824841,-0.11493075,-0.14700445,-0.02681807,-0.00773944,-0.00989929,-1.06471091,0.48217219,1.97071099,-0.37900495,-0.10939828,-0.13602030,-0.27060601,-32.14931488,-4.29914093,-0.27018391,-32.14812247,-4.30005252,0.06247445,-0.08132060,-0.09498139,-0.20770945,-32.22944308,-4.39503390,-0.20794958,-32.01706211,-4.25448166,0.00662084,-0.00212888,-0.00508666,-0.01924346,-0.00553247,-0.01098415,1
5.410,-1.06207389,0.47889362,1.96415379,-0.39851440,-0.11500751,-0.14710263,-0.02637991,-0.00761299,-0.00973755,-1.06850850,0.48107571,1.96934377,-0.37919353,-0.10946077,-0.13619575,-0.26760703,-32.17931747,-4.31223106,-0.26718203,-32.17813736,-4.31314737,0.05953266,-0.08272653,-0.09613656,-0.20764937,-32.26086389,-4.40928393,-0.20790844,-32.04860647,-4.26894514,0.00643461,-0.00218209,-0.00518998,-0.01932087,-0.00554674,-0.01090688,1
5.420,-1.06606035,0.47774316,1.96268228,-0.39877601,-0.11508301,-0.14719920,-0.02594131,-0.00748642,-0.00957565,-1.07230797,0.47997867,1.96797417,-0.37938190,-0.10952155,-0.13638699,-0.26459882,-32.20927811,-4.32530546,-0.26417092,-32.20811032,-4.32622650,0.05658760,-0.08414008,-0.09722990,-0.20758332,-32.29225039,-4.42345640,-0.20786444,-32.08011896,-4.28335373,0.00624762,-0.00223551,-0.00529189,-0.01939411,-0.00556146,-0.01081221,1
5.430,-1.07004940,0.47659196,1.96120981,-0.39903323,-0.11515724,-0.14729414,-0.02550226,-0.00735971,-0.00941359,-1.07610932,0.47888108,1.96660201,-0.37957006,-0.10958090,-0.13659417,-0.26158276,-32.23919678,-4.33836031,-0.26115197,-32.23804133,-4.33928603,0.05363995,-0.08555936,-0.09825877,-0.20751201,-32.32360070,-4.43754480,-0.20781693,-32.11161313,-4.29769271,0.00605992,-0.00228912,-0.00539220,-0.01946317,-0.00557634,-0.01069997,1
5.440,-1.07404100,0.47544002,1.95973640,-0.39928605,-0.11523020,-0.14738747,-0.02506279,-0.00723289,-0.00925137,-1.07991256,0.47778317,1.96522829,-0.37975867,-0.10963359,-0.13678865,-0.25855735,-32.26906586,-4.35139751,-0.25812366,-32.26792277,-4.35232792,0.05069208,-0.08701597,-0.09930734,-0.20743158,-32.35493874,-4.45163526,-0.20781693,-32.11159675,-4.29761451,0.00587156,-0.00234315,-0.00549189,-0.01952738,-0.00559661,-0.01059882,1
5.450,-1.07803510,0.47428736,1.95826207,-0.39953448,-0.11530190,-0.14747917,-0.02462290,-0.00710594,-0.00908899,-1.08371771,0.47668493,1.96385284,-0.37994755,-0.10968115,-0.13697768,-0.25552502,-32.29889297,-4.36441374,-0.25508843,-32.29776227,-4.36534879,0.04774430,-0.08850202,-0.10035508,-0.20734413,-32.38626430,-4.46570387,-0.20776555,-32.14306956,-4.31193127,0.00568261,-0.00239757,-0.00559077,-0.01958693,-0.00562075,-0.01050149,1
5.460,-1.08203167,0.47313399,1.95678683,-0.39977851,-0.11537232,-0.14756925,-0.02418259,-0.00697887,-0.00892646,-1.08752474,0.47558637,1.96247551,-0.38013658,-0.10972474,-0.13716647,-0.25248396,-32.32867813,-4.37740946,-0.25204448,-32.32755983,-4.37834917,0.04479679,-0.09001142,-0.10138684,-0.20724769,-32.41757125,-4.47973601,-0.20770945,-32.17451532,-4.32616748,0.00549307,-0.00245238,-0.00568868,-0.01964193,-0.00564758,-0.01040278,1
5.470,-1.08603066,0.47197992,1.95531069,-0.40001813,-0.11544147,-0.14765770,-0.02374188,-0.00685168,-0.00876378,-1.09133367,0.47448750,1.96109616,-0.38032564,-0.10976529,-0.13735871,-0.24943450,-32.35841370,-4.39038849,-0.24899212,-32.35730783,-4.39133281,0.04185004,-0.09153944,-0.10239137,-0.20714207,-32.44884727,-4.49372418,-0.20764937,-32.20592042,-4.34031622,0.00530301,-0.00250758,-0.00578547,-0.01969249,-0.00567618,-0.01029899,1
5.480,-1.09003202,0.47082516,1.95383368,-0.40025334,-0.11550935,-0.14774452,-0.02330076,-0.00672438,-0.00860095,-1.09514449,0.47338832,1.95971464,-0.38051466,-0.10980353,-0.13755694,-0.24637756,-32.38809586,-4.40334797,-0.24593228,-32.38700243,-4.40429691,0.03890463,-0.09308222,-0.10336015,-0.20702765,-32.48008466,-4.50765706,-0.20758332,-32.23729128,-4.35438059,0.00511247,-0.00256316,-0.00588096,-0.01973868,-0.00570582,-0.01018758,1
5.490,-1.09403571,0.46966974,1.95235580,-0.40048414,-0.11557596,-0.14782972,-0.02285926,-0.00659697,-0.00843798,-1.09895722,0.47228905,1.95833194,-0.38070426,-0.10983452,-0.13773518,-0.24331154,-32.41774368,-4.41628504,-0.24286337,-32.41666272,-4.41723858,0.03596277,-0.09466921,-0.10437085,-0.20690060,-32.51133194,-4.52160943,-0.20758332,-32.23728666,-4.35432144,0.00492151,-0.00261931,-0.00597614,-0.01977988,-0.00574144,-0.01009454,1
5.500,-1.09804169,0.46851365,1.95087709,-0.40071053,-0.11564129,-0.14791328,-0.02241737,-0.00646944,-0.00827487,-1.10277186,0.47118968,1.95694793,-0.38089424,-0.10986007,-0.13790178,-0.24023771,-32.44734192,-4.42919970,-0.23978665,-32.44627343,-4.43015780,0.03302460,-0.09629153,-0.10540035,-0.20676205,-32.54256496,-4.53555816,-0.20751201,-32.26863234,-4.36834401,0.00473017,-0.00267603,-0.00607084,-0.01981629,-0.00578122,-0.01001150,1
5.510,-1.10204991,0.46735691,1.94939754,-0.40093249,-0.11570535,-0.14799521,-0.02197511,-0.00634181,-0.00811162,-1.10658841,0.47009022,1.95556246,-0.38108443,-0.10988155,-0.13806301,-0.23715681,-32.47687912,-4.44209576,-0.23670285,-32.47582314,-4.44305843,0.03009054,-0.09794187,-0.10643135,-0.20661231,-32.57376501,-4.54948978,-0.20743158,-32.29996574,-4.38236191,0.00453850,-0.00273331,-0.00616492,-0.01984806,-0.00582380,-0.00993220,1
5.520,-1.10606032,0.46619955,1.94791719,-0.40115003,-0.11576813,-0.14807551,-0.02153248,-0.00621407,-0.00794823,-1.11040689,0.46899089,1.95417651,-0.38127539,-0.10989450,-0.13819594,-0.23406810,-32.50638199,-4.45497131,-0.23361124,-32.50533852,-4.45593853,0.02716282,-0.09964729,-0.10753328,-0.20644842,-32.60498581,-4.56347181,-0.20743158,-32.29997207,-4.38233790,0.00434657,-0.00279134,-0.00625932,-0.01987464,-0.00587363,-0.00987957,1
5.530,-1.11007289,0.46504156,1.94643604,-0.40136314,-0.11582963,-0.14815418,-0.02108948,-0.00608623,-0.00778471,-1.11422730,0.46789168,1.95278994,-0.38146686,-0.10990106,-0.13831114,-0.23097140,-32.53582382,-4.46782541,-0.23051165,-32.53479289,-4.46879716,0.02424135,-0.10139721,-0.10867786,-0.20627030,-32.63619011,-4.57747502,-0.20734413,-32.33130391,-4.39637549,0.00415441,-0.00285012,-0.00635390,-0.01989628,-0.00592857,-0.00984304,1
5.540,-1.11408757,0.46388296,1.94495411,-0.40157182,-0.11588985,-0.14823121,-0.02064614,-0.00595828,-0.00762106,-1.11804965,0.46679259,1.95140262,-0.38165865,-0.10990290,-0.13841648,-0.22786710,-32.56522369,-4.48065948,-0.22740446,-32.56420531,-4.48163574,0.02132643,-0.10318287,-0.10984341,-0.20607803,-32.66738818,-4.59147915,-0.20724769,-32.36261705,-4.41036976,0.00396208,-0.00290963,-0.00644851,-0.01991317,-0.00598695,-0.00981473,1
5.550,-1.11810432,0.46272376,1.94347142,-0.40177606,-0.11594880,-0.14830660,-0.02020244,-0.00583023,-0.00745728,-1.12187391,0.46569363,1.95001440,-0.38185060,-0.10990126,-0.13851774,-0.22475544,-32.59457016,-4.49347210,-0.22428991,-32.59356437,-4.49445286,0.01841833,-0.10499768,-0.11101344,-0.20587158,-32.69856205,-4.60546631,-0.20714207,-32.39389910,-4.42431342,0.00376959,-0.00296987,-0.00654298,-0.01992546,-0.00604754,-0.00978886,1
5.560,-1.12212308,0.46156399,1.94198798,-0.40197586,-0.11600646,-0.14838035,-0.01975841,-0.00570209,-0.00729337,-1.12570009,0.46459478,1.94862517,-0.38204259,-0.10989711,-0.13861914,-0.22163649,-32.62386703,-4.50626135,-0.22116807,-32.62287384,-4.50724659,0.01551767,-0.10683584,-0.11217564,-0.20565041,-32.72970967,-4.61942223,-0.20702765,-32.42514231,-4.43819539,0.00357701,-0.00303079,-0.00663719,-0.01993327,-0.00610935,-0.00976121,1
5.570,-1.12614382,0.46040364,1.94050382,-0.40217123,-0.11606284,-0.14845247,-0.01931405,-0.00557385,-0.00712935,-1.12952820,0.46349605,1.94723479,-0.38223452,-0.10989121,-0.13872392,-0.21851039,-32.65311050,-4.51902914,-0.21803909,-32.65212991,-4.52001885,0.01262463,-0.10869384,-0.11331984,-0.20541446,-32.76082375,-4.63333870,-0.20690060,-32.45639519,-4.45209031,0.00338438,-0.00309241,-0.00673097,-0.01993671,-0.00617163,-0.00972855,1
5.580,-1.13016649,0.45924273,1.93901894,-0.40236214,-0.11611793,-0.14852294,-0.01886936,-0.00544552,-0.00696520,-1.13335822,0.46239742,1.94584312,-0.38242633,-0.10988410,-0.13883451,-0.21537672,-32.68230438,-4.53177404,-0.21490253,-32.68133642,-4.53276820,0.00973983,-0.11056820,-0.11443818,-0.20516270,-32.79190461,-4.64720638,-0.20676205,-32.48763357,-4.46597501,0.00319173,-0.00315469,-0.00682418,-0.01993581,-0.00623383,-0.00968843,1
5.590,-1.13419105,0.45808128,1.93753337,-0.40254861,-0.11617175,-0.14859177,-0.01842436,-0.00531710,-0.00680094,-1.13719014,0.46129890,1.94445005,-0.38261794,-0.10987622,-0.13895274,-0.21223599,-32.71144485,-4.54449844,-0.21175891,-32.71048954,-4.54549704,0.00686364,-0.11245621,-0.11552405,-0.20489528,-32.82294575,-4.66102108,-0.20661231,-32.51883871,-4.47983607,0.00299909,-0.00321762,-0.00691668,-0.01993067,-0.00629553,-0.00963903,1
5.600,-1.13821745,0.45691930,1.93604711,-0.40273063,-0.11622428,-0.14865896,-0.01797905,-0.00518858,-0.00663656,-1.14102398,0.46020047,1.94305543,-0.38280931,-0.10986790,-0.13908012,-0.20908830,-32.74053574,-4.55719852,-0.20860834,-32.73959309,-4.55820153,0.00399666,-0.11435579,-0.11657185,-0.20461168,-32.85394888,-4.67477338,-0.20644842,-32.55006434,-4.49374067,0.00280653,-0.00328117,-0.00700832,-0.01992132,-0.00635638,-0.00957884,1
5.610,-1.14224564,0.45575680,1.93456019,-0.40290819,-0.11627552,-0.14872450,-0.01753343,-0.00505998,-0.00647207,-1.14485971,0.45910213,1.94165912,-0.38300039,-0.10985938,-0.13921789,-0.20593381,-32.76956940,-4.56987524,-0.20545096,-32.76863944,-4.57088264,0.00113950,-0.11626535,-0.11757628,-0.20431146,-32.88490479,-4.68845892,-0.20627030,-32.58127321,-4.50765942,0.00261407,-0.00334533,-0.00709893,-0.01990780,-0.00641614,-0.00950661,1
5.620,-1.14627559,0.45459380,1.93307263,-0.40308130,-0.11632548,-0.14878840,-0.01708753,-0.00493130,-0.00630748,-1.14869735,0.45800388,1.94026097,-0.38319114,-0.10985084,-0.13936699,-0.20277171,-32.79855347,-4.58253098,-0.20228597,-32.79763620,-4.58354276,-0.00170755,-0.11818336,-0.11853290,-0.20399352,-32.91581956,-4.70207566,-0.20607803,-32.61247557,-4.52157201,0.00242176,-0.00341008,-0.00718834,-0.01989016,-0.00647464,-0.00942141,1
5.630,-1.15030725,0.45343030,1.93158443,-0.40324994,-0.11637414,-0.14885065,-0.01664134,-0.00480253,-0.00614278,-1.15253687,0.45690570,1.93886086,-0.38338151,-0.10984244,-0.13952809,-0.19960418,-32.82748032,-4.59516239,-0.19911557,-32.82657576,-4.59617855,-0.00454385,-0.12010877,-0.11943816,-0.20365942,-32.94668453,-4.71561671,-0.20587158,-32.64365342,-4.53546061,0.00222962,-0.00347540,-0.00727643,-0.01986843,-0.00653170,-0.00932256,1
5.640,-1.15434058,0.45226632,1.93009562,-0.40341412,-0.11642153,-0.14891125,-0.01619487,-0.00467369,-0.00597797,-1.15637829,0.45580760,1.93745864,-0.38357149,-0.10983433,-0.13970163,-0.19642849,-32.85635757,-4.60776806,-0.19593701,-32.85546575,-4.60878856,-0.00736896,-0.12204036,-0.12028882,-0.20330597,-32.97750610,-4.72907738,-0.20565041,-32.67480467,-4.54931112,0.00203771,-0.00354128,-0.00736302,-0.01984263,-0.00658720,-0.00920962,1
5.650,-1.15837552,0.45110187,1.92860621,-0.40357384,-0.11646762,-0.14897021,-0.01574813,-0.00454476,-0.00581307,-1.16022161,0.45470979,1.93605526,-0.38376175,-0.10982113,-0.13986060,-0.19324741,-32.88517380,-4.62035418,-0.19275304,-32.88429471,-4.62137901,-0.01018026,-0.12400991,-0.12116469,-0.20293329,-33.00830462,-4.74254370,-0.20565041,-32.67481891,-4.54925347,0.00184609,-0.00360792,-0.00744905,-0.01981209,-0.00664649,-0.00910961,1
5.660,-1.16241204,0.44993697,1.92711622,-0.40372909,-0.11651242,-0.14902751,-0.01530112,-0.00441576,-0.00564806,-1.16406685,0.45361225,1.93465059,-0.38395210,-0.10980430,-0.14001217,-0.19005954,-32.91394043,-4.63291359,-0.18956229,-32.91307411,-4.63394273,-0.01297774,-0.12600947,-0.12204574,-0.20254003,-33.03908358,-4.75598847,-0.20541446,-32.70594685,-4.56310526,0.00165481,-0.00367528,-0.00753437,-0.01977699,-0.00670812,-0.00901534,1
5.670,-1.16645009,0.44877163,1.92562567,-0.40387986,-0.11655593,-0.14908317,-0.01485386,-0.00428668,-0.00548297,-1.16791398,0.45251498,1.93324449,-0.38414238,-0.10978497,-0.14016158,-0.18686514,-32.94264221,-4.64544964,-0.18636502,-32.94178868,-4.64648310,-0.01576101,-0.12803291,-0.12291684,-0.20212603,-33.06982159,-4.76939995,-0.20516270,-32.73704113,-4.57690147,0.00146389,-0.00374335,-0.00761882,-0.01973748,-0.00677096,-0.00892159,1
5.680,-1.17048962,0.44760586,1.92413456,-0.40402616,-0.11659815,-0.14913717,-0.01440635,-0.00415754,-0.00531778,-1.17176300,0.45141797,1.93183684,-0.38433247,-0.10976401,-0.14031266,-0.18366410,-32.97130203,-4.65796089,-0.18316111,-32.97046129,-4.65899865,-0.01852969,-0.13007540,-0.12376672,-0.20169079,-33.10053669,-4.78276536,-0.20489528,-32.76809519,-4.59063814,0.00127338,-0.00381211,-0.00770228,-0.01969369,-0.00683414,-0.00882451,1
5.690,-1.17453060,0.44643967,1.92264293,-0.40416799,-0.11663908,-0.14918953,-0.01395860,-0.00402832,-0.00515250,-1.17561392,0.45032121,1.93042749,-0.38452229,-0.10974211,-0.14046811,-0.18045729,-32.99989319,-4.67044687,-0.17995144,-32.99906527,-4.67148890,-0.02128358,-0.13213296,-0.12458650,-0.20123502,-33.13119823,-4.79607540,-0.20461168,-32.79911067,-4.60430616,0.00108332,-0.00388154,-0.00778456,-0.01964570,-0.00689697,-0.00872142,1
5.700,-1.17857297,0.44527308,1.92115078,-0.40430533,-0.11667872,-0.14924022,-0.01351062,-0.00389904,-0.00498714,-1.17946672,0.44922468,1.92901634,-0.38471174,-0.10971981,-0.14062978,-0.17724432,-33.02843094,-4.68290997,-0.17673560,-33.02761584,-4.68395624,-0.02402200,-0.13420207,-0.12536993,-0.20075760,-33.16181791,-4.80932617,-0.20431146,-32.83007833,-4.61790152,0.00089375,-0.00395160,-0.00786556,-0.01959359,-0.00695891,-0.00861044,1
5.710,-1.18261669,0.44410610,1.91965813,-0.40443820,-0.11671706,-0.14928927,-0.01306241,-0.00376969,-0.00482170,-1.18332140,0.44812837,1.92760328,-0.38490076,-0.10969756,-0.14079891,-0.17402528,-33.05691147,-4.69534588,-0.17351368,-33.05610920,-4.69639640,-0.02674461,-0.13627987,-0.12611230,-0.20025829,-33.19238906,-4.82250870,-0.20399352,-32.86100415,-4.63142251,0.00070471,-0.00402227,-0.00794515,-0.01953744,-0.00701950,-0.00849036,1
5.720,-1.18666172,0.44293874,1.91816500,-0.40456658,-0.11675411,-0.14933666,-0.01261399,-0.00364028,-0.00465617,-1.18717795,0.44703227,1.92618820,-0.38508931,-0.10967572,-0.14097622,-0.17079979,-33.08533478,-4.70775747,-0.17028534,-33.08454537,-4.70881221,-0.02945098,-0.13836394,-0.12681015,-0.19973632,-33.22290931,-4.83562237,-0.20365942,-32.89187942,-4.64486263,0.00051623,-0.00409353,-0.00802320,-0.01947727,-0.00707839,-0.00836044,1
5.730,-1.19070801,0.44177102,1.91667140,-0.40469048,-0.11678987,-0.14938239,-0.01216535,-0.00351081,-0.00449057,-1.19103636,0.44593635,1.92477100,-0.38527732,-0.10965461,-0.14116205,-0.16756955,-33.11370087,-4.72014332,-0.16705224,-33.11292433,-4.72120227,-0.03214056,-0.14045181,-0.12746128,-0.19919280,-33.25337614,-4.84866354,-0.20330597,-32.92271047,-4.65821762,0.00032835,-0.00416533,-0.00809960,-0.01941316,-0.00713526,-0.00822034,1
5.740,-1.19475551,0.44060295,1.91517736,-0.40480989,-0.11682433,-0.14942647,-0.01171651,-0.00338127,-0.00432489,-1.19489664,0.44484061,1.92335160,-0.38546477,-0.10963446,-0.14135669,-0.16433308,-33.14200592,-4.73250151,-0.16381290,-33.14124227,-4.73356465,-0.03481279,-0.14254158,-0.12806330,-0.19862569,-33.28378385,-4.86162795,-0.20293329,-32.95351762,-4.67157340,0.00014113,-0.00423766,-0.00817424,-0.01934512,-0.00718987,-0.00806978,1
5.750,-1.19880419,0.43943454,1.91368288,-0.40492481,-0.11685749,-0.14946889,-0.01126747,-0.00325169,-0.00415913,-1.19875876,0.44374503,1.92192988,-0.38565160,-0.10961547,-0.14156032,-0.16109091,-33.17024994,-4.74483490,-0.16056789,-33.16949918,-4.74590221,-0.03746739,-0.14463159,-0.12861449,-0.19803528,-33.31413077,-4.87451670,-0.20254003,-32.98430433,-4.68490286,-0.00004543,-0.00431049,-0.00824700,-0.01927321,-0.00724202,-0.00790857,1
5.760,-1.20285399,0.43826580,1.91218798,-0.40503524,-0.11688936,-0.14950965,-0.01081825,-0.00312204,-0.00399331,-1.20262272,0.44264958,1.92050577,-0.38583778,-0.10959780,-0.14177303,-0.15784246,-33.19844055,-4.75714254,-0.15731658,-33.19770270,-4.75821403,-0.04010366,-0.14672037,-0.12911320,-0.19742024,-33.34442307,-4.88732722,-0.20212603,-33.01504920,-4.69819438,-0.00023127,-0.00438378,-0.00831779,-0.01919746,-0.00729156,-0.00773662,1
5.770,-1.20690488,0.43709676,1.91069269,-0.40514117,-0.11691994,-0.14954875,-0.01036884,-0.00299235,-0.00382743,-1.20648852,0.44155425,1.91907917,-0.38602328,-0.10958160,-0.14199474,-0.15458967,-33.22656631,-4.76942158,-0.15406093,-33.22584140,-4.77049720,-0.04272133,-0.14880595,-0.12955805,-0.19678226,-33.37464734,-4.90005525,-0.20169079,-33.04577020,-4.71143543,-0.00041636,-0.00445749,-0.00838648,-0.01911789,-0.00733834,-0.00755401,1
5.780,-1.21095680,0.43592741,1.90919701,-0.40524261,-0.11694921,-0.14958620,-0.00991927,-0.00286261,-0.00366147,-1.21035614,0.44045902,1.91765001,-0.38620806,-0.10956700,-0.14222528,-0.15133154,-33.25463104,-4.78167677,-0.15079997,-33.25391906,-4.78275653,-0.04531969,-0.15088731,-0.12994841,-0.19611966,-33.40480637,-4.91270494,-0.20123502,-33.07643663,-4.72461695,-0.00060066,-0.00453161,-0.00845300,-0.01903455,-0.00738221,-0.00736092,1
5.790,-1.21500972,0.43475778,1.90770097,-0.40533956,-0.11697719,-0.14962198,-0.00946952,-0.00273282,-0.00349546,-1.21422561,0.43936409,1.91621921,-0.38639286,-0.10954849,-0.14243896,-0.14806721,-33.28263092,-4.79390192,-0.14753277,-33.28193188,-4.79498579,-0.04789650,-0.15299645,-0.13036030,-0.19542927,-33.43492834,-4.92534609,-0.20123502,-33.07645174,-4.72453540,-0.00078411,-0.00460631,-0.00851824,-0.01894670,-0.00742870,-0.00718302,1
5.800,-1.21906358,0.43358787,1.90620458,-0.40543200,-0.11700387,-0.14965611,-0.00901962,-0.00260298,-0.00332939,-1.21809693,0.43826944,1.91478669,-0.38657746,-0.10952758,-0.14264210,-0.14479853,-33.31058884,-4.80610085,-0.14426127,-33.30990276,-4.80718882,-0.05045135,-0.15512531,-0.13077672,-0.19471263,-33.46502806,-4.93796554,-0.20075760,-33.10708549,-4.73770041,-0.00096665,-0.00468157,-0.00858211,-0.01885454,-0.00747629,-0.00701401,1
5.810,-1.22311834,0.43241770,1.90470785,-0.40551995,-0.11702925,-0.14968857,-0.00856957,-0.00247310,-0.00316326,-1.22197007,0.43717505,1.91335238,-0.38676169,-0.10950542,-0.14283929,-0.14152451,-33.33845901,-4.81827354,-0.14098440,-33.33778592,-4.81936561,-0.05298417,-0.15726704,-0.13118502,-0.19396857,-33.49505296,-4.95055063,-0.20025829,-33.13766960,-4.75079328,-0.00114827,-0.00475735,-0.00864453,-0.01875826,-0.00752383,-0.00684928,1
5.820,-1.22717396,0.43124729,1.90321081,-0.40560339,-0.11705333,-0.14971937,-0.00811938,-0.00234318,-0.00299708,-1.22584504,0.43608090,1.91191621,-0.38694544,-0.10948290,-0.14303380,-0.13824528,-33.36627960,-4.83041525,-0.13770234,-33.36561950,-4.83151138,-0.05549469,-0.15941610,-0.13157572,-0.19319703,-33.52503560,-4.96308710,-0.19973632,-33.16820164,-4.76381370,-0.00132892,-0.00483361,-0.00870540,-0.01865795,-0.00757043,-0.00668557,1
5.830,-1.23123039,0.43007664,1.90171347,-0.40568234,-0.11707611,-0.14974851,-0.00766905,-0.00221321,-0.00283086,-1.23360043,0.43389343,1.90903900,-0.38717446,-0.10945040,-0.14325297,-0.13496113,-33.39403534,-4.84253359,-0.13441535,-33.39338823,-4.84363378,0.00029231,-0.13427964,-0.11316969,-0.13412304,-33.52766787,-4.95680347,-0.19919280,-33.19869970,-4.77670831,0.00237004,-0.00381679,-0.00732553,-0.01850788,-0.00762571,-0.00649554,1
5.840,-1.23528759,0.42890577,1.90021585,-0.40575677,-0.11709759,-0.14977599,-0.00721859,-0.00208322,-0.00266458,-1.23748087,0.43280029,1.90759883,-0.38739188,-0.10941632,-0.14344402,-0.13167216,-33.42172623,-4.85462141,-0.13112356,-33.42109215,-4.85572565,-0.00207090,-0.13650845,-0.11351499,-0.13319446,-33.55760060,-4.96924064,-0.19862569,-33.22912681,-4.78961937,0.00219328,-0.00389452,-0.00738298,-0.01836489,-0.00768127,-0.00633197,1
5.850,-1.23934551,0.42773469,1.89871796,-0.40582671,-0.11711777,-0.14980180,-0.00676801,-0.00195318,-0.00249826,-1.24136313,0.43170751,1.90615753,-0.38760035,-0.10938173,-0.14361544,-0.12837861,-33.44936371,-4.86667824,-0.12782718,-33.44874266,-4.86778649,-0.00442675,-0.13874778,-0.11389410,-0.13225393,-33.58749043,-4.98168059,-0.19803528,-33.25949179,-4.80245184,0.00201762,-0.00397282,-0.00743957,-0.01822636,-0.00773604,-0.00618636,1
5.860,-1.24340411,0.42656342,1.89721982,-0.40589213,-0.11713666,-0.14982596,-0.00631732,-0.00182312,-0.00233190,-1.24913306,0.42952292,1.90327136,-0.38784676,-0.10933983,-0.14380397,-0.12508002,-33.47692490,-4.87870932,-0.12452577,-33.47631688,-4.87982160,0.05161082,-0.11372466,-0.09544484,-0.07291494,-33.59004154,-4.97526644,-0.19678226,-33.32004026,-4.82787047,0.00572895,-0.00295950,-0.00605154,-0.01804537,-0.00779683,-0.00602199,1
5.870,-1.24746334,0.42539196,1.89572144,-0.40595305,-0.11715424,-0.14984844,-0.00586652,-0.00169302,-0.00216549,-1.25302070,0.42843105,1.90182641,-0.38807621,-0.10930156,-0.14397685,-0.12177733,-33.50442505,-4.89071035,-0.12122026,-33.50383009,-4.89182663,0.04937966,-0.11599983,-0.09576947,-0.07184060,-33.61982993,-4.98759610,-0.19611966,-33.35021300,-4.84045720,0.00555736,-0.00303909,-0.00610497,-0.01787684,-0.00785268,-0.00587159,1
5.880,-1.25152316,0.42422034,1.89422285,-0.40600946,-0.11717052,-0.14986927,-0.00541563,-0.00156290,-0.00199906,-1.25691015,0.42733966,1.90038111,-0.38829346,-0.10926101,-0.14411519,-0.11847023,-33.53186035,-4.90268087,-0.11791034,-33.53127845,-4.90380113,0.04715122,-0.11829590,-0.09617459,-0.07075912,-33.64957434,-4.99997572,-0.19611966,-33.35023669,-4.84043983,0.00538699,-0.00311932,-0.00615826,-0.01771600,-0.00790951,-0.00575408,1
5.890,-1.25558352,0.42304856,1.89272406,-0.40606137,-0.11718549,-0.14988842,-0.00496464,-0.00143275,-0.00183259,-1.26080140,0.42624871,1.89893541,-0.38850131,-0.10921950,-0.14422881,-0.11515841,-33.55923080,-4.91462326,-0.11459571,-33.55866198,-4.91574748,0.04493163,-0.12060545,-0.09663485,-0.06966408,-33.67926743,-5.01238233,-0.19542927,-33.38038085,-4.85306126,0.00521788,-0.00320015,-0.00621135,-0.01756006,-0.00796599,-0.00565961,1
5.900,-1.25964437,0.42187663,1.89122509,-0.40610876,-0.11719917,-0.14990592,-0.00451357,-0.00130257,-0.00166608,-1.26858924,0.42406802,1.89604265,-0.38874614,-0.10916848,-0.14433723,-0.11184232,-33.58653641,-4.92653704,-0.11127681,-33.58598065,-4.92766521,0.10124030,-0.09571431,-0.07829305,-0.01003651,-33.68169496,-5.00595826,-0.19396857,-33.44054525,-4.87821937,0.00894487,-0.00219139,-0.00481756,-0.01736262,-0.00803069,-0.00556869,1
5.910,-1.26370568,0.42070458,1.88972595,-0.40615164,-0.11721155,-0.14992175,-0.00406243,-0.00117238,-0.00149955,-1.27248581,0.42297821,1.89459549,-0.38897379,-0.10912144,-0.14443182,-0.10852170,-33.61377716,-4.93841743,-0.10795339,-33.61323451,-4.93954954,0.09914748,-0.09807212,-0.07877682,-0.00880590,-33.71130663,-5.01832636,-0.19319703,-33.47054544,-4.89072931,0.00878013,-0.00227363,-0.00486954,-0.01717785,-0.00809011,-0.00548993,1
5.920,-1.26776739,0.41953241,1.88822666,-0.40619000,-0.11722262,-0.14993591,-0.00361122,-0.00104216,-0.00133300,-1.27638416,0.42188896,1.89314870,-0.38918908,-0.10907245,-0.14449363,-0.10519713,-33.64094925,-4.95027065,-0.10462602,-33.64041971,-4.95140669,0.09705957,-0.10045000,-0.07934510,-0.00756645,-33.74086971,-5.03075179,-0.19319703,-33.47057286,-4.89074756,0.00861677,-0.00235655,-0.00492204,-0.01700092,-0.00815017,-0.00544228,1
5.930,-1.27182946,0.41836013,1.88672724,-0.40622386,-0.11723239,-0.14994840,-0.00315995,-0.00091193,-0.00116642,-1.28028345,0.42080024,1.89170398,-0.38937408,-0.10902225,-0.14448828,-0.10186850,-33.66805649,-4.96209192,-0.10129459,-33.66754007,-4.96323187,0.09492860,-0.10284385,-0.08010575,-0.00636599,-33.77038392,-5.04333762,-0.13412304,-33.47323206,-4.88456736,0.00845399,-0.00244011,-0.00497674,-0.01684978,-0.00821014,-0.00546012,1
5.940,-1.27589185,0.41718776,1.88522770,-0.40625320,-0.11724086,-0.14995924,-0.00270863,-0.00078168,-0.00099983,-1.28418367,0.41971203,1.89026127,-0.38953602,-0.10897192,-0.14443394,-0.09853651,-33.69509506,-4.97388220,-0.09795982,-33.69459176,-4.97502605,0.09276951,-0.10524692,-0.08101255,-0.00519032,-33.79983868,-5.05603860,-0.13319446,-33.50319014,-4.89710519,0.00829182,-0.00252427,-0.00503357,-0.01671718,-0.00826894,-0.00552530,1
5.950,-1.27995451,0.41601532,1.88372806,-0.40627803,-0.11724802,-0.14996840,-0.00225726,-0.00065142,-0.00083322,-1.29198687,0.41753724,1.88738258,-0.38970371,-0.10890543,-0.14427379,-0.09519996,-33.72206879,-4.98564005,-0.09462048,-33.72157861,-4.98678778,0.14917538,-0.08055938,-0.06351185,0.05455489,-33.80213799,-5.05029963,-0.13225393,-33.53313745,-4.90978393,0.01203236,-0.00152192,-0.00365452,-0.01657432,-0.00834259,-0.00569461,1
5.960,-1.28401740,0.41484281,1.88222834,-0.40629835,-0.11725389,-0.14997590,-0.00180585,-0.00052115,-0.00066659,-1.29588903,0.41645084,1.88594916,-0.38983179,-0.10883897,-0.14404088,-0.09185958,-33.74897003,-4.99736643,-0.09127731,-33.74849302,-4.99851802,0.14699182,-0.08307707,-0.06497846,0.05571452,-33.83157009,-5.06349648,-0.07291494,-33.53572174,-4.90359536,0.01187163,-0.00160803,-0.00372082,-0.01646656,-0.00841492,-0.00593502,1
5.970,-1.28808046,0.41367024,1.88072855,-0.40631415,-0.11725845,-0.14998173,-0.00135441,-0.00039087,-0.00049995,-1.29979127,0.41536508,1.88452017,-0.38992979,-0.10877331,-0.14375527,-0.08851628,-33.77580261,-5.00906515,-0.08793123,-33.77533875,-5.01022059,0.14475561,-0.08560176,-0.06663133,0.05682437,-33.86094051,-5.07685193,-0.07184060,-33.56554177,-4.91614689,0.01171081,-0.00169484,-0.00379162,-0.01638436,-0.00848514,-0.00622646,1
5.980,-1.29214366,0.41249764,1.87922871,-0.40632544,-0.11726170,-0.14998590,-0.00090296,-0.00026058,-0.00033331,-1.30759592,0.41319534,1.88167517,-0.39000607,-0.10869459,-0.14332585,-0.08516839,-33.80256271,-5.02072716,-0.08458056,-33.80211201,-5.02188644,0.20102277,-0.06108438,-0.05023056,0.11644221,-33.86319639,-5.07211700,-0.06966408,-33.62503821,-4.94136353,0.01545226,-0.00069770,-0.00244646,-0.01631937,-0.00856711,-0.00666005,1
5.990,-1.29620696,0.41132502,1.87772884,-0.40633221,-0.11726366,-0.14998840,-0.00045148,-0.00013029,-0.00016665,-1.31149833,0.41211153,1.88025988,-0.39006502,-0.10861622,-0.14287655,-0.08181684,-33.82926941,-5.03235865,-0.08122625,-33.82883187,-5.03352178,0.19872922,-0.06370785,-0.05246217,0.11750297,-33.89253972,-5.08598395,-0.06966408,-33.62507688,-4.94161800,0.01529137,-0.00078651,-0.00253104,-0.01626719,-0.00864744,-0.00711185,1
6.000,-1.30027029,0.41015237,1.87622895,-0.40633447,-0.11726431,-0.14998923,-0.00000000,-0.00000000,-0.00000000,-1.31539998,0.41102848,1.87885133,-0.39008984,-0.10853830,-0.14237103,-0.07846235,-33.85588837,-5.04395580,-0.07786898,-33.85546401,-5.04512274,0.19636416,-0.06634253,-0.05491816,0.11849518,-33.92180654,-5.10004090,-0.01003651,-33.62754268,-4.93553102,0.01512969,-0.00087611,-0.00262238,-0.01624463,-0.00872601,-0.00761820,1
6.010,-1.30433363,0.40897973,1.87472906,-0.40633221,-0.11726366,-0.14998840,0.00045148,0.00013029,0.00016665,-1.31930083,0.40994617,1.87744941,-0.39008865,-0.10846140,-0.14182635,-0.07510341,-33.88243866,-5.05552483,-0.07450729,-33.88202751,-5.05669559,0.19394394,-0.06898405,-0.05755407,0.11943665,-33.95101157,-5.11424965,-0.00880590,-33.65719128,-4.94823020,0.01496720,-0.00096644,-0.00272035,-0.01624356,-0.00880226,-0.00816205,1
6.020,-1.30839692,0.40780711,1.87322918,-0.40632544,-0.11726170,-0.14998590,0.00090296,0.00026058,0.00033331,-1.32320087,0.40886458,1.87605398,-0.39006755,-0.10838589,-0.14125564,-0.07174219,-33.90892792,-5.06705761,-0.07114331,-33.90852996,-5.06823213,0.19148137,-0.07162959,-0.06033521,0.12033806,-33.98015955,-5.12856734,-0.00756645,-33.68679004,-4.96098004,0.01480395,-0.00105747,-0.00282480,-0.01625789,-0.00887581,-0.00873026,1
6.030,-1.31246012,0.40663450,1.87172934,-0.40631415,-0.11725845,-0.14998173,0.00135441,0.00039087,0.00049995,-1.33099851,0.40670367,1.87328289,-0.39001107,-0.10828970,-0.14049133,-0.06837714,-33.93534088,-5.07855749,-0.06777550,-33.93495614,-5.07973581,0.24742604,-0.04738686,-0.04571087,0.17965053,-33.98234300,-5.12544667,-0.00636599,-33.71638336,-4.97423842,0.01853839,-0.00006917,-0.00155355,-0.01630308,-0.00896875,-0.00949040,1
6.040,-1.31652319,0.40546194,1.87022955,-0.40629835,-0.11725389,-0.14997590,0.00180585,0.00052115,0.00066659,-1.33489610,0.40562453,1.87190783,-0.38994827,-0.10819576,-0.13974479,-0.06500953,-33.96167374,-5.09002304,-0.06440515,-33.96130221,-5.09120511,0.24486834,-0.05016958,-0.04918592,0.18046319,-34.01147179,-5.14039102,-0.00519032,-33.74588170,-4.98728601,0.01837291,-0.00016259,-0.00167828,-0.01635008,-0.00905813,-0.01023111,1
6.050,-1.32058608,0.40428943,1.86872983,-0.40627803,-0.11724802,-0.14996840,0.00225726,0.00065142,0.00083322,-1.33879204,0.40454627,1.87054124,-0.38985958,-0.10810332,-0.13897356,-0.06163755,-33.98795700,-5.10145664,-0.06103042,-33.98759869,-5.10264246,0.24224547,-0.05295923,-0.05282763,0.18121505,-34.04055791,-5.15547009,0.05455489,-33.74822500,-4.98196970,0.01820596,-0.00025684,-0.00181141,-0.01641845,-0.00914470,-0.01099484,1
6.060,-1.32464874,0.40311698,1.86723019,-0.40625320,-0.11724086,-0.14995924,0.00270863,0.00078168,0.00099983,-1.34268630,0.40346888,1.86918282,-0.38975109,-0.10801217,-0.13819060,-0.05826338,-34.01414871,-5.11285496,-0.05765351,-34.01380363,-5.11404450,0.23957015,-0.05575645,-0.05659998,0.18191663,-34.06956008,-5.17064448,0.05571452,-33.77770073,-4.99557563,0.01803756,-0.00035190,-0.00195263,-0.01650211,-0.00922869,-0.01176864,1
6.070,-1.32871112,0.40194462,1.86573065,-0.40622386,-0.11723239,-0.14994840,0.00315995,0.00091193,0.00116642,-1.34657886,0.40239236,1.86783229,-0.38962741,-0.10792207,-0.13740627,-0.05488583,-34.04028320,-5.12421846,-0.05427323,-34.03995138,-5.12541174,0.23685208,-0.05856152,-0.06047290,0.18257885,-34.09851290,-5.18588464,0.05682437,-33.80711461,-5.00932529,0.01786774,-0.00044774,-0.00210164,-0.01659645,-0.00931032,-0.01254213,1
6.080,-1.33277320,0.40077234,1.86423123,-0.40619000,-0.11722262,-0.14993591,0.00361122,0.00104216,0.00133300,-1.35046975,0.40131691,1.86649039,-0.38949288,-0.10782782,-0.13660206,-0.05150473,-34.06632996,-5.13554764,-0.05088941,-34.06601138,-5.13674463,0.23410065,-0.06140577,-0.06450229,0.18321124,-34.12741715,-5.20124692,0.05682437,-33.80716798,-5.00975721,0.01769655,-0.00054457,-0.00225916,-0.01669712,-0.00939480,-0.01333385,1
6.090,-1.33683491,0.39960017,1.86273194,-0.40615164,-0.11721155,-0.14992175,0.00406243,0.00117238,0.00149955,-1.35824398,0.39916931,1.86383621,-0.38926598,-0.10770205,-0.13550872,-0.04812176,-34.09230804,-5.14684296,-0.04750371,-34.09200273,-5.14804365,0.28943280,-0.03759264,-0.05218776,0.24192909,-34.12959537,-5.20023141,0.11750297,-33.83887735,-5.01986961,0.02140907,0.00043086,-0.00110427,-0.01688566,-0.00950950,-0.01441303,1
6.100,-1.34089622,0.39842811,1.86123280,-0.40610876,-0.11719917,-0.14990592,0.00451357,0.00130257,0.00166608,-1.36212730,0.39809718,1.86252311,-0.38903233,-0.10757976,-0.13445902,-0.04473563,-34.11821365,-5.15809917,-0.04411487,-34.11792160,-5.15930353,0.28640254,-0.04063981,-0.05719224,0.24228767,-34.15856141,-5.21649577,0.11849518,-33.86820010,-5.03438593,0.02123108,0.00033093,-0.00129031,-0.01707643,-0.00961941,-0.01544690,1
6.110,-1.34495707,0.39725619,1.85973383,-0.40606137,-0.11718549,-0.14988842,0.00496464,0.00143275,0.00183259,-1.36600806,0.39702619,1.86121875,-0.38879332,-0.10745967,-0.13345319,-0.04134670,-34.14403915,-5.16932631,-0.04072322,-34.14376036,-5.17053434,0.28333904,-0.04369452,-0.06219452,0.24261582,-34.18745488,-5.23272886,0.11943665,-33.89746186,-5.04903180,0.02105099,0.00023000,-0.00148492,-0.01726805,-0.00972582,-0.01643523,1
6.120,-1.34901743,0.39608441,1.85823504,-0.40600946,-0.11717052,-0.14986927,0.00541563,0.00156290,0.00199906,-1.36988630,0.39595653,1.85992385,-0.38855085,-0.10733632,-0.13246235,-0.03795494,-34.16979599,-5.18051338,-0.03732875,-34.16953049,-5.18172509,0.28024692,-0.04678912,-0.06727603,0.24291817,-34.21631961,-5.24900112,0.11943665,-33.89752844,-5.04950474,0.02086887,0.00012788,-0.00168881,-0.01745861,-0.00983420,-0.01740692,1
6.130,-1.35307724,0.39491278,1.85673645,-0.40595305,-0.11715424,-0.14984844,0.00586652,0.00169302,0.00216549,-1.37763431,0.39382131,1.85736213,-0.38822108,-0.10717473,-0.13124206,-0.03455978,-34.19547653,-5.19166422,-0.03393090,-34.19522431,-5.19287957,0.33504779,-0.02342395,-0.05645455,0.30111689,-34.21864827,-5.24933412,0.17965053,-33.92899803,-5.06165609,0.02455707,0.00109147,-0.00062568,-0.01773197,-0.00997951,-0.01860638,1
6.140,-1.35713647,0.39374133,1.85523807,-0.40589213,-0.11713666,-0.14982596,0.00631732,0.00182312,0.00233190,-1.38150324,0.39275586,1.85609585,-0.38788907,-0.10701741,-0.13008852,-0.03116354,-34.22108078,-5.20278025,-0.03053196,-34.22084185,-5.20399923,0.33167548,-0.02677055,-0.06230037,0.30114352,-34.24761240,-5.26629960,0.18046319,-33.95819906,-5.07707707,0.02436677,0.00098547,-0.00085778,-0.01800306,-0.01011925,-0.01973744,1
6.150,-1.36119507,0.39257006,1.85373993,-0.40582671,-0.11711777,-0.14980180,0.00676801,0.00195318,0.00249826,-1.38536877,0.39169188,1.85483851,-0.38755516,-0.10686244,-0.12899980,-0.02776403,-34.24660873,-5.21385813,-0.02712975,-34.24638309,-5.21508073,0.32826668,-0.03013155,-0.06809331,0.30113693,-34.27651463,-5.28317405,0.18121505,-33.98735914,-5.09260327,0.02417370,0.00087818,-0.00109858,-0.01827155,-0.01025533,-0.02080200,1
6.160,-1.36525299,0.39139898,1.85224204,-0.40575677,-0.11709759,-0.14977599,0.00721859,0.00208322,0.00266458,-1.38923090,0.39062942,1.85358951,-0.38721961,-0.10670832,-0.12797486,-0.02436171,-34.27205658,-5.22490120,-0.02372474,-34.27184426,-5.22612741,0.32482260,-0.03351522,-0.07382805,0.30109786,-34.30535948,-5.29995546,0.18191663,-34.01643710,-5.10819446,0.02397791,0.00076956,-0.00134747,-0.01853716,-0.01038927,-0.02180113,1
6.170,-1.36931019,0.39022811,1.85074442,-0.40568234,-0.11707611,-0.14974851,0.00766905,0.00221321,0.00283086,-1.39308962,0.38956852,1.85234823,-0.38688264,-0.10655389,-0.12701321,-0.02095784,-34.29744339,-5.23590565,-0.02031821,-34.29724437,-5.23713545,0.32134406,-0.03692773,-0.07949747,0.30102586,-34.33417210,-5.31663292,0.18257885,-34.04546760,-5.12382051,0.02377943,0.00065959,-0.00160381,-0.01879970,-0.01052222,-0.02273530,1
6.180,-1.37336662,0.38905746,1.84924708,-0.40560339,-0.11705333,-0.14971937,0.00811938,0.00234318,0.00299708,-1.39694495,0.38850936,1.85111534,-0.38654515,-0.10639443,-0.12608206,-0.01755073,-34.32273102,-5.24687338,-0.01690841,-34.32254533,-5.24810676,0.31783401,-0.04039730,-0.08519225,0.30092560,-34.36294263,-5.33329901,0.18257885,-34.04555489,-5.12424033,0.02357833,0.00054810,-0.00186826,-0.01905824,-0.01065890,-0.02363731,1
6.190,-1.37742224,0.38788705,1.84775004,-0.40551995,-0.11702925,-0.14968857,0.00856957,0.00247310,0.00316326,-1.40079688,0.38745198,1.84989021,-0.38620708,-0.10623019,-0.12518996,-0.01414119,-34.34795380,-5.25780344,-0.01349621,-34.34778142,-5.25904042,0.31429275,-0.04392309,-0.09088238,0.30079654,-34.39170451,-5.34992281,0.18321124,-34.07454841,-5.13999009,0.02337464,0.00043507,-0.00214017,-0.01931287,-0.01079906,-0.02449861,1
6.200,-1.38147701,0.38671688,1.84625331,-0.40543200,-0.11700387,-0.14965611,0.00901962,0.00260298,0.00332939,-1.40464458,0.38639650,1.84867364,-0.38584785,-0.10605982,-0.12430662,-0.01073034,-34.37310028,-5.26869202,-0.01008269,-34.37294124,-5.26993255,0.31066733,-0.04751450,-0.09665415,0.30058464,-34.42045574,-5.36658669,0.24192909,-34.07682102,-5.13940312,0.02316757,0.00032038,-0.00242033,-0.01958415,-0.01094405,-0.02534949,1
6.210,-1.38553087,0.38554697,1.84475692,-0.40533956,-0.11697719,-0.14962198,0.00946952,0.00273282,0.00349546,-1.40848805,0.38534295,1.84746488,-0.38547266,-0.10588342,-0.12344908,-0.00731674,-34.39816666,-5.27954769,-0.00666645,-34.39802095,-5.28079177,0.30696895,-0.05117188,-0.10245450,0.30030250,-34.44919283,-5.38324627,0.24228767,-34.10588430,-5.15605753,0.02295718,0.00020402,-0.00270796,-0.01986690,-0.01109377,-0.02617290,1
6.220,-1.38958378,0.38437734,1.84326088,-0.40524261,-0.11694921,-0.14958620,0.00991927,0.00286261,0.00366147,-1.41232728,0.38429141,1.84626315,-0.38508542,-0.10570110,-0.12263011,-0.00390084,-34.42314911,-5.29036331,-0.00324789,-34.42301674,-5.29161093,0.30320601,-0.05489562,-0.10824148,0.29995812,-34.47791236,-5.39985241,0.24261582,-34.13487781,-5.17264226,0.02274350,0.00008593,-0.00300227,-0.02015719,-0.01124811,-0.02695609,1
6.230,-1.39363571,0.38320799,1.84176520,-0.40514117,-0.11691994,-0.14954875,0.01036884,0.00299235,0.00382743,-1.41616228,0.38324193,1.84506767,-0.38468906,-0.10551295,-0.12185943,-0.00048359,-34.44805145,-5.30114031,0.00017199,-34.44793243,-5.30239145,0.29938475,-0.05868673,-0.11398053,0.29955674,-34.50661916,-5.41637198,0.24291817,-34.16384537,-5.18922743,0.02252657,-0.00003394,-0.00330247,-0.02045211,-0.01140699,-0.02768932,1
6.240,-1.39768659,0.38203895,1.84026991,-0.40503524,-0.11688936,-0.14950965,0.01081825,0.00312204,0.00399331,-1.41999223,0.38219462,1.84387910,-0.38426534,-0.10531730,-0.12110886,0.00293596,-34.47288513,-5.31187868,0.00359418,-34.47277947,-5.31313334,0.29545740,-0.06255579,-0.11975016,0.29905158,-34.53533525,-5.43288350,0.30111689,-34.16628309,-5.18990554,0.02230564,-0.00015567,-0.00360919,-0.02076990,-0.01157206,-0.02840079,1
6.250,-1.40173640,0.38087021,1.83877501,-0.40492481,-0.11685749,-0.14946889,0.01126747,0.00325169,0.00415913,-1.42381711,0.38114957,1.84269656,-0.38382112,-0.10511435,-0.12039506,0.00635795,-34.49763489,-5.32257557,0.00701881,-34.49754257,-5.32383372,0.29143802,-0.06650389,-0.12549742,0.29845682,-34.56404646,-5.44933114,0.30114352,-34.19535966,-5.20717278,0.02208071,-0.00027936,-0.00392155,-0.02110369,-0.01174314,-0.02907383,1
6.260,-1.40578507,0.37970180,1.83728054,-0.40480989,-0.11682433,-0.14942647,0.01171651,0.00338127,0.00432489,-1.42763694,0.38010683,1.84151920,-0.38336155,-0.10490428,-0.11973026,0.00978202,-34.52230072,-5.33323526,0.01044551,-34.52222177,-5.33449691,0.28733796,-0.07053094,-0.13118005,0.29778348,-34.59275272,-5.46567696,0.30113693,-34.22437758,-5.22430611,0.02185187,-0.00040503,-0.00423866,-0.02144834,-0.01192005,-0.02969621,1
6.270,-1.40983258,0.37853373,1.83578649,-0.40469048,-0.11678987,-0.14938239,0.01216535,0.00351081,0.00449057,-1.43526146,0.37802866,1.83917813,-0.38276470,-0.10462336,-0.11899888,0.01320679,-34.54688644,-5.34385395,0.01387289,-34.54682086,-5.34511909,0.34006359,-0.04900975,-0.12189037,0.35393648,-34.59583062,-5.46700946,0.30109786,-34.25346919,-5.24155309,0.02542888,0.00050507,-0.00339164,-0.02192578,-0.01216651,-0.03038351,1
6.280,-1.41387887,0.37736601,1.83429289,-0.40456658,-0.11675411,-0.14933666,0.01261399,0.00364028,0.00465617,-1.43906617,0.37699347,1.83801422,-0.38219128,-0.10434722,-0.11834690,0.01663489,-34.57138824,-5.35443306,0.01730360,-34.57133602,-5.35570166,0.33556605,-0.05352419,-0.12769571,0.35286965,-34.62486021,-5.48339737,0.30102586,-34.28241269,-5.25843745,0.02518730,0.00037254,-0.00372133,-0.02237530,-0.01240689,-0.03098976,1
6.290,-1.41792390,0.37619865,1.83279976,-0.40443820,-0.11671706,-0.14928927,0.01306241,0.00376969,0.00482170,-1.44286585,0.37596096,1.83685361,-0.38163550,-0.10407323,-0.11777545,0.02006350,-34.59582138,-5.36496973,0.02073482,-34.59578254,-5.36624179,0.33105596,-0.05807958,-0.13333265,0.35179078,-34.65386212,-5.49957444,0.30092560,-34.31131700,-5.27526846,0.02494195,0.00023769,-0.00405385,-0.02280270,-0.01264383,-0.03151382,1
6.300,-1.42196762,0.37503167,1.83130711,-0.40430533,-0.11667872,-0.14924022,0.01351062,0.00389904,0.00498714,-1.44666050,0.37493117,1.83569546,-0.38109301,-0.10379948,-0.11728524,0.02349375,-34.62015533,-5.37546921,0.02416767,-34.62012987,-5.37674470,0.32652544,-0.06268642,-0.13878849,0.35069312,-34.68281629,-5.51553319,0.30079654,-34.34021540,-5.29201550,0.02469288,0.00010050,-0.00438835,-0.02321232,-0.01287924,-0.03195498,1
6.310,-1.42600999,0.37386508,1.82981496,-0.40416799,-0.11663908,-0.14918953,0.01395860,0.00402832,0.00515250,-1.45045014,0.37390418,1.83453895,-0.38056058,-0.10352453,-0.11687688,0.02692649,-34.64442825,-5.38592720,0.02760300,-34.64441617,-5.38720614,0.32196864,-0.06735288,-0.14405060,0.34957164,-34.71176904,-5.53125674,0.30058464,-34.36910590,-5.30876079,0.02444015,-0.00003910,-0.00472399,-0.02360741,-0.01311455,-0.03231265,1
6.320,-1.43005096,0.37269889,1.82832333,-0.40402616,-0.11659815,-0.14913717,0.01440635,0.00415754,0.00531778,-1.45423475,0.37288002,1.83338322,-0.38003580,-0.10324736,-0.11655078,0.03036045,-34.66859818,-5.39634180,0.03103954,-34.66859948,-5.39762415,0.31738160,-0.07208523,-0.14910679,0.34842114,-34.74068471,-5.54673094,0.30030250,-34.39798491,-5.32546004,0.02418379,-0.00018113,-0.00505989,-0.02399036,-0.01335079,-0.03258639,1
6.330,-1.43409050,0.37153312,1.82683223,-0.40387986,-0.11655593,-0.14908317,0.01485386,0.00428668,0.00548297,-1.45801435,0.37185875,1.83222746,-0.37951689,-0.10296726,-0.11630701,0.03379568,-34.69269562,-5.40671730,0.03447736,-34.69271032,-5.40800306,0.31276123,-0.07688778,-0.15394605,0.34723859,-34.76959810,-5.56194911,0.29995812,-34.42684888,-5.34206455,0.02392385,-0.00032563,-0.00539523,-0.02436297,-0.01358867,-0.03277616,1
6.340,-1.43812854,0.37036778,1.82534167,-0.40372909,-0.11651242,-0.14902751,0.01530112,0.00441576,0.00564806,-1.46178895,0.37084042,1.83107086,-0.37900253,-0.10268378,-0.11614532,0.03723289,-34.71670914,-5.41705132,0.03791714,-34.71673723,-5.41834050,0.30810604,-0.08176370,-0.15855830,0.34602318,-34.79850094,-5.57689879,0.29955674,-34.45570248,-5.35854185,0.02366041,-0.00047264,-0.00572919,-0.02472656,-0.01382864,-0.03288219,1
6.350,-1.44216506,0.36920288,1.82385168,-0.40357384,-0.11646762,-0.14897021,0.01574813,0.00454476,0.00581307,-1.46555854,0.36982506,1.82991260,-0.37849177,-0.10239665,-0.11606541,0.04067183,-34.74063873,-5.42734194,0.04135865,-34.74068023,-5.42863449,0.30341452,-0.08671529,-0.16293342,0.34477318,-34.82739552,-5.59156792,0.29905158,-34.48456763,-5.37497066,0.02339348,-0.00062218,-0.00606092,-0.02508207,-0.01407097,-0.03290480,1
6.360,-1.44620001,0.36803843,1.82236227,-0.40341412,-0.11642153,-0.14891125,0.01619487,0.00467369,0.00597797,-1.46932314,0.36881273,1.82875190,-0.37798391,-0.10210572,-0.11606677,0.04411189,-34.76448822,-5.43759251,0.04480127,-34.76454312,-5.43888845,0.29868617,-0.09174406,-0.16706213,0.34348744,-34.85628717,-5.60595059,0.29845682,-34.51343000,-5.39129571,0.02312313,-0.00077430,-0.00638963,-0.02543021,-0.01431581,-0.03284448,1
6.370,-1.45023333,0.36687445,1.82087346,-0.40324994,-0.11637414,-0.14885065,0.01664134,0.00480253,0.00614278,-1.47308277,0.36780347,1.82758795,-0.37747846,-0.10181099,-0.11614863,0.04755303,-34.78824997,-5.44780111,0.04824495,-34.78831827,-5.44910041,0.29392100,-0.09685045,-0.17093599,0.34216595,-34.88516872,-5.62003641,0.29778348,-34.54228933,-5.40747986,0.02284944,-0.00092902,-0.00671449,-0.02577148,-0.01456315,-0.03270202,1
6.380,-1.45426499,0.36571095,1.81938527,-0.40308130,-0.11632548,-0.14878840,0.01708753,0.00493130,0.00630748,-1.47683661,0.36679737,1.82642133,-0.37695504,-0.10151058,-0.11627719,0.05099592,-34.81192780,-5.45796490,0.05169039,-34.81200950,-5.45926755,0.28906682,-0.10204651,-0.17464629,0.34075721,-34.91405601,-5.63391384,0.35393648,-34.54552594,-5.40867801,0.02257162,-0.00108642,-0.00703606,-0.02612626,-0.01481490,-0.03251121,1
6.390,-1.45829494,0.36454795,1.81789770,-0.40290819,-0.11627552,-0.14872450,0.01753343,0.00505998,0.00647207,-1.48058471,0.36579462,1.82525267,-0.37641861,-0.10120182,-0.11642430,0.05444004,-34.83552170,-5.46808672,0.05513705,-34.83561683,-5.46939273,0.28413463,-0.10734912,-0.17827201,0.33927168,-34.94296595,-5.64766474,0.35393648,-34.54569285,-5.40857665,0.02228977,-0.00124667,-0.00735497,-0.02648958,-0.01507370,-0.03230020,1
6.400,-1.46232314,0.36338545,1.81641078,-0.40273063,-0.11622428,-0.14865896,0.01797905,0.00518858,0.00663656,-1.48806369,0.36379924,1.82290616,-0.37572972,-0.10080111,-0.11669421,0.05788387,-34.85903549,-5.47816658,0.05858341,-34.85914403,-5.47947593,0.33489948,-0.08827544,-0.16626522,0.39348289,-34.94741947,-5.64574115,0.35179078,-34.60406264,-5.44082247,0.02574055,-0.00041379,-0.00649538,-0.02700091,-0.01542317,-0.03196475,1
6.410,-1.46634954,0.36222346,1.81492453,-0.40254861,-0.11617175,-0.14859177,0.01842436,0.00531710,0.00680094,-1.49179461,0.36280667,1.82172682,-0.37507035,-0.10041517,-0.11700407,0.06133077,-34.88245773,-5.48820353,0.06203284,-34.88257968,-5.48951621,0.32953805,-0.09417906,-0.16931926,0.39157089,-34.97675874,-5.65883547,0.35069312,-34.63318761,-5.45656636,0.02544507,-0.00058321,-0.00680229,-0.02747826,-0.01575658,-0.03158770,1
6.420,-1.47037410,0.36106201,1.81343895,-0.40236214,-0.11611793,-0.14852294,0.01886936,0.00544552,0.00696520,-1.49551984,0.36181753,1.82054250,-0.37443351,-0.10003997,-0.11736125,0.06477864,-34.90579224,-5.49819660,0.06548323,-34.90592761,-5.49951258,0.32417251,-0.10009514,-0.17217761,0.38965574,-35.00602274,-5.67169020,0.34957164,-34.66231186,-5.47204035,0.02514574,-0.00075552,-0.00710355,-0.02792863,-0.01607796,-0.03116169,1
6.430,-1.47439677,0.35990111,1.81195407,-0.40217123,-0.11606284,-0.14845247,0.01931405,0.00557385,0.00712935,-1.49923940,0.36083182,1.81935252,-0.37381398,-0.09967263,-0.11777043,0.06822629,-34.92905045,-5.50814629,0.06893338,-34.92919926,-5.50946559,0.31879336,-0.10603806,-0.17481960,0.38772674,-35.03523731,-5.68428519,0.34842114,-34.69139939,-5.48723196,0.02484263,-0.00093071,-0.00739845,-0.02835725,-0.01639021,-0.03068204,1
6.440,-1.47841751,0.35874076,1.81046991,-0.40197586,-0.11600646,-0.14838035,0.01975841,0.00570209,0.00729337,-1.50295329,0.35984955,1.81815626,-0.37320784,-0.09931119,-0.11823422,0.07167617,-34.95220947,-5.51805353,0.07238577,-34.95237169,-5.51937613,0.31339366,-0.11201761,-0.17723027,0.38577943,-35.06438931,-5.69660640,0.34723859,-34.72048467,-5.50213632,0.02453578,-0.00110879,-0.00768635,-0.02876802,-0.01669527,-0.03014613,1
6.450,-1.48243627,0.35758098,1.80898647,-0.40177606,-0.11594880,-0.14830660,0.02020244,0.00583023,0.00745728,-1.50666154,0.35887071,1.81695314,-0.37261216,-0.09895434,-0.11875366,0.07512549,-34.97529221,-5.52791309,0.07583757,-34.97546787,-5.52923897,0.30796852,-0.11803972,-0.17939942,0.38380609,-35.09350759,-5.70863839,0.34602318,-34.74955905,-5.51674280,0.02422527,-0.00128973,-0.00796667,-0.02916390,-0.01699446,-0.02955294,1
6.460,-1.48645301,0.35642179,1.80750378,-0.40157182,-0.11588985,-0.14823121,0.02064614,0.00595828,0.00762106,-1.51036417,0.35789529,1.81574261,-0.37202478,-0.09860127,-0.11932857,0.07857695,-34.99828339,-5.53773165,0.07929153,-34.99847246,-5.53906080,0.30251443,-0.12410746,-0.18131994,0.38180596,-35.12257992,-5.72038074,0.34477318,-34.77862448,-5.53104126,0.02391116,-0.00147350,-0.00823883,-0.02954704,-0.01728858,-0.02890264,1
6.470,-1.49046769,0.35526319,1.80602185,-0.40136314,-0.11582963,-0.14815418,0.02108948,0.00608623,0.00778471,-1.51406119,0.35692327,1.81452415,-0.37144406,-0.09825159,-0.11995784,0.08202910,-35.02119446,-5.54750443,0.08274616,-35.02139696,-5.54883683,0.29702903,-0.13022246,-0.18298786,0.37977519,-35.15161941,-5.73182469,0.34348744,-34.80768590,-5.54502777,0.02359350,-0.00166008,-0.00850230,-0.02991908,-0.01757804,-0.02819634,1
6.480,-1.49448026,0.35410520,1.80454070,-0.40115003,-0.11576813,-0.14807551,0.02153248,0.00621407,0.00794823,-1.51775262,0.35595461,1.81329730,-0.37086879,-0.09790518,-0.12063961,0.08548221,-35.04401016,-5.55723000,0.08620174,-35.04422610,-5.55856568,0.29151090,-0.13638401,-0.18440142,0.37771263,-35.18061011,-5.74296710,0.34216595,-34.83673576,-5.55869395,0.02327236,-0.00184941,-0.00875660,-0.03028124,-0.01786295,-0.02743590,1
6.490,-1.49849068,0.35294783,1.80306035,-0.40093249,-0.11570535,-0.14799521,0.02197511,0.00634181,0.00811162,-1.52143848,0.35498928,1.81206162,-0.37029811,-0.09756208,-0.12137176,0.08893512,-35.06674194,-5.56691694,0.08965712,-35.06697132,-5.56825587,0.28595917,-0.14259071,-0.18555999,0.37561630,-35.20956204,-5.75381586,0.34075721,-34.86578961,-5.57212974,0.02294780,-0.00204145,-0.00900127,-0.03063438,-0.01814327,-0.02662345,1
6.500,-1.50249890,0.35179110,1.80158080,-0.40071053,-0.11564129,-0.14791328,0.02241737,0.00646944,0.00827487,-1.52511879,0.35402724,1.81081668,-0.36973139,-0.09722247,-0.12215220,0.09238941,-35.08938980,-5.57655478,0.09311386,-35.08963264,-5.57789693,0.28037364,-0.14884030,-0.18646330,0.37348750,-35.23847294,-5.76436023,0.33927168,-34.89486414,-5.58541798,0.02261989,-0.00223614,-0.00923588,-0.03097914,-0.01841882,-0.02576108,1
6.510,-1.50650487,0.35063501,1.80010209,-0.40048414,-0.11557596,-0.14782972,0.02285926,0.00659697,0.00843798,-1.53246050,0.35211320,1.80830279,-0.36899123,-0.09679940,-0.12313208,0.09584428,-35.11194229,-5.58614779,0.09657117,-35.11219857,-5.58749317,0.32940815,-0.13168310,-0.17035556,0.42597932,-35.24388167,-5.75784872,0.39348289,-34.89965436,-5.58270528,0.02595563,-0.00147819,-0.00820070,-0.03149291,-0.01877656,-0.02469764,1
6.520,-1.51050856,0.34947958,1.79862421,-0.40025334,-0.11550935,-0.14774452,0.02330076,0.00672438,0.00860095,-1.53612194,0.35116127,1.80703420,-0.36827946,-0.09639768,-0.12406399,0.09929922,-35.13440704,-5.59569693,0.10002856,-35.13467676,-5.59704553,0.32333809,-0.13844968,-0.17054187,0.42336665,-35.27312644,-5.76758739,0.39157089,-34.92916249,-5.59540561,0.02561338,-0.00168169,-0.00840999,-0.03197388,-0.01911167,-0.02368053,1
6.530,-1.51450993,0.34832483,1.79714720,-0.40001813,-0.11544147,-0.14765770,0.02374188,0.00685168,0.00876378,-1.54342613,0.34926728,1.80447218,-0.36743436,-0.09593266,-0.12517891,0.10275564,-35.15678406,-5.60520077,0.10348742,-35.15706722,-5.60655257,0.37168956,-0.12195620,-0.15343975,0.47517698,-35.27902342,-5.75999232,0.38772674,-34.98796850,-5.62002337,0.02891620,-0.00094245,-0.00732498,-0.03258377,-0.01950881,-0.02247879,1
6.540,-1.51850891,0.34717076,1.79567107,-0.39977851,-0.11537232,-0.14756925,0.02418259,0.00697887,0.00892646,-1.54706894,0.34832507,1.80317825,-0.36664592,-0.09550492,-0.12623237,0.10621138,-35.17907715,-5.61465740,0.10694559,-35.17937374,-5.61601241,0.36527789,-0.12904782,-0.15296111,0.47222347,-35.30842156,-5.76897352,0.38577943,-35.01727847,-5.63191003,0.02856003,-0.00115431,-0.00750718,-0.03313259,-0.01986740,-0.02133688,1
6.550,-1.52250548,0.34601739,1.79419582,-0.39953448,-0.11530190,-0.14747917,0.02462290,0.00710594,0.00908899,-1.55070559,0.34738593,1.80187544,-0.36590070,-0.09510725,-0.12724470,0.10966780,-35.20127106,-5.62406969,0.11040442,-35.20158110,-5.62542788,0.35890490,-0.13604251,-0.15245438,0.46930931,-35.33762360,-5.77788226,0.38380609,-35.04655047,-5.64349753,0.02820011,-0.00136854,-0.00767962,-0.03363378,-0.02019465,-0.02023447,1
6.560,-1.52649959,0.34486473,1.79272149,-0.39928605,-0.11523020,-0.14738747,0.02506279,0.00723289,0.00925137,-1.55433611,0.34644977,1.80056357,-0.36518858,-0.09473442,-0.12823024,0.11312489,-35.22338867,-5.63343525,0.11386393,-35.22371216,-5.63479662,0.35255155,-0.14296382,-0.15188113,0.46641548,-35.36667598,-5.78667775,0.38180596,-35.07577195,-5.65478732,0.02783652,-0.00158504,-0.00784208,-0.03409747,-0.02049578,-0.01915723,1
6.570,-1.53049119,0.34371279,1.79124808,-0.39903323,-0.11515724,-0.14729414,0.02550226,0.00735971,0.00941359,-1.55796054,0.34551649,1.79924252,-0.36450202,-0.09438268,-0.12919877,0.11658178,-35.24540710,-5.64275265,0.11732321,-35.24574404,-5.64411719,0.34620389,-0.14982794,-0.15121524,0.46352710,-35.39557199,-5.79533243,0.37977519,-35.10495568,-5.66577251,0.02746935,-0.00180370,-0.00799444,-0.03453121,-0.02077456,-0.01809537,1
6.580,-1.53448024,0.34256158,1.78977561,-0.39877601,-0.11508301,-0.14719920,0.02594131,0.00748642,0.00957565,-1.56157889,0.34458600,1.79791222,-0.36383536,-0.09404938,-0.13015669,0.12003945,-35.26734161,-5.65202856,0.12078328,-35.26769201,-5.65339627,0.33985166,-0.15664523,-0.15043938,0.46063493,-35.42433724,-5.80383565,0.37771263,-35.13408538,-5.67645188,0.02709865,-0.00202442,-0.00813661,-0.03494065,-0.02103363,-0.01704251,1
6.590,-1.53846669,0.34141113,1.78830410,-0.39851440,-0.11500751,-0.14710263,0.02637991,0.00761299,0.00973755,-1.56519120,0.34365817,1.79657260,-0.36318437,-0.09373268,-0.13110788,0.12349632,-35.28918839,-5.66125536,0.12424254,-35.28955223,-5.66262621,0.33348757,-0.16342132,-0.14954289,0.45773011,-35.45297355,-5.81216911,0.37561630,-35.16317074,-5.68683514,0.02672451,-0.00224704,-0.00826850,-0.03533003,-0.02127483,-0.01599475,1
6.600,-1.54245051,0.34026144,1.78683356,-0.39824841,-0.11493075,-0.14700445,0.02681807,0.00773944,0.00989929,-1.56879749,0.34273315,1.79522438,-0.36254553,-0.09342513,-0.13203644,0.12695438,-35.31093597,-5.67043591,0.12770297,-35.31131326,-5.67180990,0.32710529,-0.17019689,-0.14857457,0.45480826,-35.48151015,-5.82038447,0.37561630,-35.16331081,-5.68640480,0.02634698,-0.00247171,-0.00839082,-0.03570288,-0.02150562,-0.01496801,1
6.610,-1.54643165,0.33911252,1.78536402,-0.39797804,-0.11485272,-0.14690465,0.02725579,0.00786576,0.01006086,-1.57239779,0.34181080,1.79386754,-0.36191658,-0.09312737,-0.13294841,0.13041228,-35.33259964,-5.67956924,0.13116325,-35.33299039,-5.68094639,0.32070144,-0.17696537,-0.14751872,0.45186469,-35.50995576,-5.82846510,0.37348750,-35.19235588,-5.69651808,0.02596614,-0.00269828,-0.00850352,-0.03606146,-0.02172535,-0.01395624,1
6.620,-1.55041006,0.33796439,1.78389548,-0.39770330,-0.11477343,-0.14680323,0.02769304,0.00799195,0.01022226,-1.57599136,0.34089103,1.79250369,-0.36127664,-0.09283991,-0.13380762,0.13386938,-35.35417557,-5.68865395,0.13462272,-35.35457976,-5.69003421,0.31422401,-0.18372096,-0.14648667,0.44884672,-35.53830072,-5.83652088,0.42597932,-35.19789290,-5.68965609,0.02558130,-0.00292664,-0.00860821,-0.03642666,-0.02193352,-0.01299561,1
6.630,-1.55438570,0.33681706,1.78242796,-0.39742418,-0.11469288,-0.14670020,0.02812982,0.00811800,0.01038349,-1.57957824,0.33997368,1.79113291,-0.36062942,-0.09256366,-0.13462519,0.13732652,-35.37564850,-5.69769478,0.13808220,-35.37606614,-5.69907816,0.30768155,-0.19045532,-0.14545152,0.44576375,-35.56652147,-5.84452968,0.42336665,-35.22725900,-5.69904845,0.02519254,-0.00315662,-0.00870495,-0.03679476,-0.02212922,-0.01207501,1
6.640,-1.55835853,0.33567054,1.78096148,-0.39714070,-0.11461107,-0.14659556,0.02856614,0.00824392,0.01054455,-1.58672979,0.33814566,1.78837598,-0.35977426,-0.09224641,-0.13549309,0.14078434,-35.39703751,-5.70668650,0.14154236,-35.39746860,-5.70807299,0.35424736,-0.17460002,-0.12625178,0.49578972,-35.57206862,-5.83432477,0.47222347,-35.26277422,-5.69992512,0.02837126,-0.00247512,-0.00741450,-0.03736644,-0.02236466,-0.01110247,1
6.650,-1.56232850,0.33452484,1.77949605,-0.39685286,-0.11452801,-0.14648931,0.02900197,0.00836969,0.01070542,-1.59029454,0.33723468,1.78699018,-0.35894963,-0.09195931,-0.13626498,0.14424060,-35.41833878,-5.71563244,0.14500097,-35.41878332,-5.71702205,0.34712354,-0.18149365,-0.12509903,0.49212451,-35.60027697,-5.84212108,0.46930931,-35.29207460,-5.70859194,0.02796604,-0.00270984,-0.00749413,-0.03790323,-0.02256870,-0.01022433,1
6.660,-1.56629557,0.33337998,1.77803170,-0.39656066,-0.11444368,-0.14638145,0.02943731,0.00849533,0.01086612,-1.59385199,0.33632580,1.78560020,-0.35814830,-0.09169151,-0.13694803,0.14769816,-35.43954468,-5.72453117,0.14846086,-35.44000266,-5.72592387,0.33998844,-0.18831639,-0.12409623,0.48844930,-35.62831906,-5.85002010,0.46930931,-35.29217956,-5.70838366,0.02755642,-0.00294582,-0.00756850,-0.03841236,-0.02275217,-0.00943342,1
6.670,-1.57025970,0.33223597,1.77656843,-0.39626412,-0.11435810,-0.14627199,0.02987215,0.00862082,0.01102663,-1.59740216,0.33541887,1.78420624,-0.35736550,-0.09144208,-0.13756009,0.15115415,-35.46066284,-5.73338270,0.15191916,-35.46113428,-5.73477849,0.33283369,-0.19506880,-0.12320108,0.48475285,-35.65620308,-5.85797957,0.46641548,-35.32132908,-5.71697963,0.02714246,-0.00318290,-0.00763781,-0.03889862,-0.02291602,-0.00871190,1
6.680,-1.57422084,0.33109282,1.77510626,-0.39596322,-0.11427127,-0.14616092,0.03030649,0.00874617,0.01118696,-1.60094510,0.33451371,1.78280847,-0.35659766,-0.09121036,-0.13811423,0.15460926,-35.48168564,-5.74218416,0.15537659,-35.48217053,-5.74358302,0.32565355,-0.20175003,-0.12238300,0.48103013,-35.68392056,-5.86596603,0.46352710,-35.35031438,-5.72544411,0.02672426,-0.00342089,-0.00770221,-0.03936556,-0.02306091,-0.00804669,1
6.690,-1.57817895,0.32995055,1.77364521,-0.39565799,-0.11418318,-0.14604825,0.03074032,0.00887137,0.01134710,-1.60448085,0.33361019,1.78140710,-0.35584209,-0.09099588,-0.13861994,0.15806432,-35.50261307,-5.75094223,0.15883394,-35.50311141,-5.75234415,0.31844382,-0.20835793,-0.12162064,0.47727776,-35.71146934,-5.87396479,0.46063493,-35.37916102,-5.73376711,0.02630190,-0.00365964,-0.00776189,-0.03981590,-0.02318730,-0.00742831,1
6.700,-1.58213398,0.32880916,1.77218530,-0.39534842,-0.11409384,-0.14593398,0.03117363,0.00899642,0.01150704,-1.60800946,0.33270813,1.78000234,-0.35509678,-0.09079834,-0.13908395,0.16151866,-35.52345657,-5.75964832,0.16229058,-35.52396835,-5.76105331,0.31120189,-0.21489008,-0.12089971,0.47349247,-35.73885843,-5.88195302,0.45773011,-35.40787070,-5.74193112,0.02587548,-0.00389897,-0.00781704,-0.04025164,-0.02329550,-0.00685003,1
6.710,-1.58608590,0.32766868,1.77072654,-0.39503452,-0.11400325,-0.14581811,0.03160641,0.00912131,0.01166680,-1.61153097,0.33180738,1.77859442,-0.35436023,-0.09061752,-0.13951106,0.16497305,-35.54420471,-5.76830673,0.16574726,-35.54472995,-5.76971477,0.30392582,-0.22134272,-0.12021099,0.46967308,-35.76607266,-5.88992576,0.45480826,-35.43647262,-5.74998827,0.02544507,-0.00413870,-0.00786788,-0.04067429,-0.02338573,-0.00630705,1
6.720,-1.59003466,0.32652910,1.76926895,-0.39471629,-0.11391141,-0.14570064,0.03203866,0.00924606,0.01182635,-1.61855284,0.33000915,1.77577002,-0.35345592,-0.09042877,-0.13997194,0.16842538,-35.56486130,-5.77691984,0.16920186,-35.56539998,-5.77833094,0.34887893,-0.20536791,-0.10100311,0.51808080,-35.77076789,-5.87933405,0.44884672,-35.49336945,-5.76584359,0.02851818,-0.00348005,-0.00650107,-0.04126037,-0.02348264,-0.00572870,1
6.730,-1.59398021,0.32539045,1.76781253,-0.39439375,-0.11381833,-0.14558158,0.03247037,0.00937064,0.01198571,-1.62205330,0.32911134,1.77435402,-0.35260342,-0.09026668,-0.14037912,0.17187876,-35.58542633,-5.78548479,0.17265750,-35.58597846,-5.78689894,0.34117072,-0.21174154,-0.10021945,0.51382822,-35.79771999,-5.88711839,0.44576375,-35.52163126,-5.77372936,0.02807309,-0.00372089,-0.00654149,-0.04179033,-0.02355165,-0.00520246,1
6.740,-1.59792252,0.32425274,1.76635732,-0.39406689,-0.11372400,-0.14546093,0.03290152,0.00949507,0.01214486,-1.62554609,0.32821417,1.77293757,-0.35177232,-0.09012948,-0.14069550,0.17532972,-35.60589600,-5.79400015,0.17611072,-35.60646155,-5.79541732,0.33344707,-0.21797709,-0.09963738,0.50955779,-35.82443865,-5.89505470,0.49578972,-35.52720968,-5.76350245,0.02762357,-0.00396143,-0.00658025,-0.04229457,-0.02359452,-0.00476543,1
6.750,-1.60186153,0.32311598,1.76490332,-0.39373572,-0.11362843,-0.14533869,0.03333212,0.00961934,0.01230380,-1.62903123,0.32731774,1.77152131,-0.35095768,-0.09000764,-0.14092811,0.17877975,-35.62628174,-5.80246735,0.17956301,-35.62686075,-5.80388755,0.32569920,-0.22412532,-0.09924749,0.50526221,-35.85098606,-5.90313503,0.49578972,-35.52724756,-5.76351179,0.02716970,-0.00420176,-0.00661799,-0.04277804,-0.02362079,-0.00441058,1
6.760,-1.60579722,0.32198017,1.76345055,-0.39340025,-0.11353161,-0.14521486,0.03376216,0.00974344,0.01246254,-1.63250877,0.32642192,1.77010547,-0.35015671,-0.08990139,-0.14109202,0.18222897,-35.64656067,-5.81088972,0.18301447,-35.64715311,-5.81231295,0.31792263,-0.23018097,-0.09901491,0.50093710,-35.87733408,-5.91132785,0.49212451,-35.55548566,-5.77132920,0.02671155,-0.00444175,-0.00665492,-0.04324354,-0.02363022,-0.00412284,1
6.770,-1.60972953,0.32084535,1.76199903,-0.39306048,-0.11343356,-0.14508944,0.03419162,0.00986738,0.01262107,-1.63597876,0.32552653,1.76869027,-0.34936734,-0.08981077,-0.14119906,0.18567711,-35.66675568,-5.81925917,0.18646484,-35.66736154,-5.82068541,0.31011491,-0.23613896,-0.09891261,0.49657976,-35.90350050,-5.91959802,0.48844930,-35.58354961,-5.77926002,0.02624923,-0.00468118,-0.00669124,-0.04369314,-0.02362279,-0.00389038,1
6.780,-1.61365841,0.31971151,1.76054877,-0.39271641,-0.11333427,-0.14496243,0.03462051,0.00999115,0.01277938,-1.63944126,0.32463142,1.76727590,-0.34858801,-0.08973572,-0.14125846,0.18912371,-35.68685532,-5.82758379,0.18991366,-35.68747463,-5.82901303,0.30227449,-0.24199594,-0.09891991,0.49218815,-35.92947057,-5.92793293,0.48475285,-35.61144778,-5.78726123,0.02578285,-0.00491991,-0.00672713,-0.04412840,-0.02359855,-0.00370397,1
6.790,-1.61758384,0.31857867,1.75909978,-0.39236807,-0.11323374,-0.14483385,0.03504881,0.01011476,0.01293748,-1.64634400,0.32284146,1.76445041,-0.34763300,-0.08967650,-0.14124747,0.19256954,-35.70686340,-5.83585739,0.19336171,-35.70749615,-5.83728962,0.34574960,-0.22536988,-0.08073679,0.53911131,-35.93286603,-5.91802641,0.47727776,-35.66671992,-5.80335754,0.02876016,-0.00426279,-0.00535063,-0.04473507,-0.02355724,-0.00358638,1
6.800,-1.62150576,0.31744684,1.75765210,-0.39201544,-0.11313197,-0.14470369,0.03547651,0.01023819,0.01309536,-1.64978435,0.32194631,1.76303964,-0.34673355,-0.08963609,-0.14120495,0.19601306,-35.72677994,-5.84408426,0.19680744,-35.72742612,-5.84551951,0.33746071,-0.23098911,-0.08100285,0.53426815,-35.95841523,-5.92652235,0.47349247,-35.69410100,-5.81141432,0.02827859,-0.00449947,-0.00538754,-0.04528189,-0.02349588,-0.00349874,1
6.810,-1.62542413,0.31631603,1.75620572,-0.39165854,-0.11302897,-0.14457194,0.03590361,0.01036145,0.01325301,-1.65321743,0.32105086,1.76163040,-0.34587715,-0.08961336,-0.14113466,0.19945584,-35.74660110,-5.85226440,0.20025242,-35.74726070,-5.85370262,0.32921015,-0.23648121,-0.08133747,0.52946257,-35.98374191,-5.93504009,0.46967308,-35.72130009,-5.81946387,0.02779330,-0.00473483,-0.00542468,-0.04578139,-0.02341561,-0.00343728,1
6.820,-1.62933892,0.31518626,1.75476066,-0.39129737,-0.11292474,-0.14443863,0.03633010,0.01048453,0.01341044,-1.65664326,0.32015524,1.76022329,-0.34505342,-0.08960057,-0.14102883,0.20289627,-35.76632309,-5.86039352,0.20369503,-35.76699612,-5.86183471,0.32097782,-0.24188763,-0.08176754,0.52467285,-36.00888374,-5.94360226,0.46967308,-35.72129156,-5.81957010,0.02730434,-0.00496898,-0.00546263,-0.04624395,-0.02332417,-0.00340980,1
6.830,-1.63325007,0.31405754,1.75331695,-0.39093194,-0.11281928,-0.14430374,0.03675598,0.01060743,0.01356764,-1.66006115,0.31925926,1.75882029,-0.34423735,-0.08959990,-0.14084654,0.20633605,-35.78596115,-5.86847353,0.20713700,-35.78664760,-5.86991771,0.31270448,-0.24719262,-0.08242083,0.51984148,-36.03384022,-5.95233854,0.51808080,-35.72596895,-5.80918423,0.02681108,-0.00520172,-0.00550334,-0.04669459,-0.02321938,-0.00345720,1
6.840,-1.63715754,0.31292988,1.75187459,-0.39056225,-0.11271260,-0.14416727,0.03718123,0.01073015,0.01372461,-1.66687339,0.31746568,1.75602724,-0.34323343,-0.08962752,-0.14049304,0.20977300,-35.80550003,-5.87650776,0.21057611,-35.80619989,-5.87795492,0.35503728,-0.22988223,-0.06540860,0.56561339,-36.03608212,-5.94336351,0.50955779,-35.77958346,-5.82533843,0.02971585,-0.00453580,-0.00415265,-0.04732882,-0.02308508,-0.00367423,1
6.850,-1.64106130,0.31180329,1.75043361,-0.39018832,-0.11260468,-0.14402924,0.03760585,0.01085269,0.01388135,-1.67026786,0.31656782,1.75463742,-0.34228690,-0.08966711,-0.14011545,0.21320888,-35.82494736,-5.88449192,0.21401415,-35.82566064,-5.88594203,0.34628198,-0.23487249,-0.06667669,0.56029613,-36.06053313,-5.95261872,0.50526221,-35.80609313,-5.83364369,0.02920656,-0.00476453,-0.00420381,-0.04790142,-0.02293757,-0.00391379,1
6.860,-1.64496129,0.31067779,1.74899401,-0.38981014,-0.11249554,-0.14388965,0.03802983,0.01097505,0.01403786,-1.67365465,0.31566909,1.75325216,-0.34138499,-0.08971870,-0.13971788,0.21664287,-35.84430313,-5.89242744,0.21745029,-35.84502982,-5.89388052,0.33756525,-0.23974796,-0.06803243,0.55501555,-36.08477778,-5.96191294,0.50093710,-35.83239735,-5.84206527,0.02869336,-0.00499130,-0.00425815,-0.04842515,-0.02277684,-0.00417177,1
6.870,-1.64885749,0.30955339,1.74755582,-0.38942772,-0.11238518,-0.14374849,0.03845316,0.01109722,0.01419412,-1.67703383,0.31476936,1.75187155,-0.34051813,-0.08978219,-0.13930387,0.22007370,-35.86357117,-5.90031433,0.22088327,-35.86431126,-5.90177035,0.32886919,-0.24450597,-0.06946729,0.54975245,-36.10881723,-5.97123764,0.49657976,-35.85851417,-5.85056710,0.02817634,-0.00521597,-0.00431573,-0.04890959,-0.02260299,-0.00444462,1
6.880,-1.65274983,0.30843009,1.74611905,-0.38904108,-0.11227360,-0.14360577,0.03887583,0.01121920,0.01435014,-1.68040545,0.31386853,1.75049560,-0.33967917,-0.08985739,-0.13887650,0.22350305,-35.88272858,-5.90815258,0.22431474,-35.88348207,-5.90961155,0.32018143,-0.24914467,-0.07097404,0.54449617,-36.13262674,-5.98058558,0.49218815,-35.88442906,-5.85913574,0.02765562,-0.00543844,-0.00437655,-0.04936191,-0.02241621,-0.00472927,1
6.890,-1.65663829,0.30730792,1.74468371,-0.38865021,-0.11216080,-0.14346149,0.03929785,0.01134099,0.01450592,-1.68712543,0.31206382,1.74776117,-0.33865673,-0.08996586,-0.13824977,0.22693008,-35.90180588,-5.91594362,0.22774390,-35.90257277,-5.91740553,0.36142157,-0.23098436,-0.05529506,0.58916546,-36.13355713,-5.97270059,0.53911131,-35.88772041,-5.84984161,0.03048714,-0.00475590,-0.00307746,-0.04999348,-0.02219494,-0.00521172,1
6.900,-1.66052282,0.30618688,1.74324982,-0.38825512,-0.11204678,-0.14331565,0.03971919,0.01146259,0.01466145,-1.69047321,0.31115970,1.74640450,-0.33768693,-0.09007752,-0.13760418,0.23035456,-35.92078400,-5.92368650,0.23117049,-35.92156428,-5.92515136,0.35225077,-0.23528872,-0.05755142,0.58342126,-36.15685300,-5.98270277,0.53426815,-35.91320896,-5.85868866,0.02995039,-0.00497282,-0.00315468,-0.05056819,-0.02196926,-0.00571147,1
6.910,-1.66440338,0.30506699,1.74181740,-0.38785583,-0.11193155,-0.14316826,0.04013986,0.01158399,0.01481673,-1.69381293,0.31025426,1.74505482,-0.33675836,-0.09019395,-0.13694512,0.23377673,-35.93967438,-5.93137789,0.23459477,-35.94046807,-5.93284567,0.34310910,-0.23950224,-0.05990944,0.57770387,-36.17997031,-5.99275512,0.52946257,-35.93847029,-5.86755611,0.02940955,-0.00518727,-0.00323742,-0.05109747,-0.02173760,-0.00622314,1
6.920,-1.66827993,0.30394825,1.74038646,-0.38745233,-0.11181510,-0.14301932,0.04055984,0.01170519,0.01497175,-1.69714468,0.30934743,1.74371209,-0.33586245,-0.09031621,-0.13627703,0.23719677,-35.95846558,-5.93902302,0.23801690,-35.95927265,-5.94049373,0.33398112,-0.24361727,-0.06235741,0.57199802,-36.20288992,-6.00285114,0.52467285,-35.96354226,-5.87646588,0.02886475,-0.00539918,-0.00332563,-0.05158988,-0.02149889,-0.00674229,1
6.930,-1.67215242,0.30283069,1.73895702,-0.38704463,-0.11169744,-0.14286882,0.04097914,0.01182619,0.01512653,-1.70046846,0.30843934,1.74237681,-0.33499141,-0.09043938,-0.13558972,0.24061388,-35.97716904,-5.94662046,0.24143608,-35.97798949,-5.94809411,0.32485214,-0.24766112,-0.06492697,0.56628823,-36.22565061,-6.01302108,0.52467285,-35.96347930,-5.87683837,0.02831604,-0.00560865,-0.00341979,-0.05205322,-0.02125806,-0.00727910,1
6.940,-1.67602081,0.30171431,1.73752909,-0.38663275,-0.11157858,-0.14271679,0.04139773,0.01194699,0.01528104,-1.70378435,0.30752991,1.74104891,-0.33414078,-0.09056531,-0.13489000,0.24402793,-35.99576950,-5.95416832,0.24485221,-35.99660333,-5.95564489,0.31571488,-0.25162252,-0.06759998,0.56056710,-36.24822585,-6.02324487,0.51984148,-35.98836867,-5.88594311,0.02776354,-0.00581560,-0.00351982,-0.05249197,-0.02101327,-0.00782679,1
6.950,-1.67988506,0.30059912,1.73610269,-0.38621668,-0.11145850,-0.14256320,0.04181561,0.01206759,0.01543529,-1.70709171,0.30661904,1.73973001,-0.33328959,-0.09069593,-0.13413986,0.24743971,-36.01427841,-5.96166897,0.24826606,-36.01512560,-5.96314846,0.30651852,-0.25548883,-0.07049258,0.55478459,-36.27061443,-6.03364104,0.56561339,-35.99053822,-5.87741880,0.02720665,-0.00601992,-0.00362732,-0.05292709,-0.02076257,-0.00842334,1
6.960,-1.68374513,0.29948514,1.73467783,-0.38579644,-0.11133723,-0.14240808,0.04223278,0.01218798,0.01558928,-1.71039062,0.30570665,1.73841996,-0.33243994,-0.09083163,-0.13335627,0.25084850,-36.03270340,-5.96911812,0.25167691,-36.03356396,-5.97060051,0.29726894,-0.25925629,-0.07355994,0.54894584,-36.29282025,-6.04416045,0.56029613,-36.01491377,-5.88711596,0.02664549,-0.00622151,-0.00374213,-0.05335650,-0.02050560,-0.00905181,1
6.970,-1.68760097,0.29837238,1.73325453,-0.38537203,-0.11121475,-0.14225142,0.04264923,0.01230817,0.01574300,-1.71368116,0.30479269,1.73711855,-0.33159336,-0.09097256,-0.13255234,0.25425383,-36.05102158,-5.97651911,0.25508429,-36.05189549,-5.97800443,0.28797112,-0.26292221,-0.07676662,0.54305541,-36.31481770,-6.05477105,0.55501555,-36.03908010,-5.89684268,0.02608019,-0.00642031,-0.00386402,-0.05377867,-0.02024219,-0.00969908,1
6.980,-1.69145255,0.29726085,1.73183281,-0.38494346,-0.11109106,-0.14209322,0.04306494,0.01242814,0.01589646,-1.71696340,0.30387712,1.73582559,-0.33075101,-0.09111878,-0.13173817,0.25765580,-36.06925583,-5.98387337,0.25848828,-36.07014310,-5.98536160,0.27862897,-0.26648482,-0.08008446,0.53711725,-36.33662792,-6.06544606,0.54975245,-36.06303852,-5.90658981,0.02551085,-0.00661627,-0.00399278,-0.05419245,-0.01997228,-0.01035505,1
6.990,-1.69529983,0.29615056,1.73041268,-0.38451073,-0.11096618,-0.14193349,0.04347992,0.01254790,0.01604964,-1.72350260,0.30204090,1.73326584,-0.32969280,-0.09131341,-0.13067949,0.26105550,-36.08739471,-5.99118090,0.26189001,-36.08829532,-5.99267202,0.31778504,-0.24675085,-0.06751954,0.57967505,-36.33504617,-6.06019156,0.58916546,-36.08760848,-5.90894886,0.02820277,-0.00589034,-0.00285316,-0.05481793,-0.01965277,-0.01125400,1
7.000,-1.69914275,0.29504153,1.72899415,-0.38407386,-0.11084011,-0.14177223,0.04389416,0.01266744,0.01620254,-1.72675903,0.30112018,1.73200017,-0.32868030,-0.09150324,-0.12965141,0.26445070,-36.10543442,-5.99843836,0.26528722,-36.10634837,-5.99993238,0.30786400,-0.24989104,-0.07167677,0.57315123,-36.35623940,-6.07160915,0.58342126,-36.11081663,-5.91941919,0.02761628,-0.00607865,-0.00300602,-0.05539356,-0.01933687,-0.01212082,1
7.010,-1.70298129,0.29393376,1.72757724,-0.38363285,-0.11071284,-0.14160944,0.04430764,0.01278677,0.01635517,-1.73000671,0.30019784,1.73074429,-0.32770242,-0.09168593,-0.12863537,0.26784331,-36.12338257,-6.00564766,0.26868184,-36.12430988,-6.00714457,0.29795452,-0.25298952,-0.07590654,0.56663635,-36.37729940,-6.08305111,0.58342126,-36.11073601,-5.91990914,0.02702542,-0.00626408,-0.00316705,-0.05593043,-0.01902691,-0.01297407,1
7.020,-1.70681540,0.29282728,1.72616196,-0.38318771,-0.11058437,-0.14144513,0.04472036,0.01290588,0.01650751,-1.73324575,0.29927386,1.72949788,-0.32675261,-0.09186380,-0.12763699,0.27123150,-36.14124298,-6.01280975,0.27207203,-36.14218360,-6.01430956,0.28804542,-0.25603337,-0.08019027,0.56011745,-36.39821698,-6.09449983,0.57770387,-36.13377160,-5.93043420,0.02643035,-0.00644658,-0.00333592,-0.05643510,-0.01872057,-0.01380814,1
7.030,-1.71064503,0.29172208,1.72474834,-0.38273844,-0.11045472,-0.14127929,0.04513231,0.01302476,0.01665958,-1.73647620,0.29834824,1.72826055,-0.32582592,-0.09203850,-0.12666078,0.27461624,-36.15900803,-6.01992321,0.27545876,-36.15996198,-6.02142590,0.27812883,-0.25901424,-0.08451159,0.55358759,-36.41897621,-6.10593748,0.57199802,-36.15660862,-5.94098507,0.02583117,-0.00662616,-0.00351221,-0.05691252,-0.01841622,-0.01461851,1
7.040,-1.71447015,0.29061819,1.72333638,-0.38228507,-0.11032388,-0.14111194,0.04554349,0.01314342,0.01681136,-1.73969817,0.29742094,1.72703196,-0.32491865,-0.09221117,-0.12571053,0.27799791,-36.17667389,-6.02698851,0.27884240,-36.17764117,-6.02849410,0.26819900,-0.26192524,-0.08885623,0.54704140,-36.43956641,-6.11735034,0.56628823,-36.17928602,-5.95159118,0.02522802,-0.00680275,-0.00369558,-0.05736642,-0.01811271,-0.01540141,1
7.050,-1.71829072,0.28951561,1.72192610,-0.38182758,-0.11019185,-0.14094307,0.04595389,0.01326186,0.01696284,-1.74611697,0.29556133,1.72459936,-0.32381999,-0.09242457,-0.12459135,0.28137538,-36.19425201,-6.03400660,0.28222184,-36.19523260,-6.03551508,0.30591796,-0.24128430,-0.07794454,0.58813980,-36.43651690,-6.11345962,0.55478459,-36.22408205,-5.97302413,0.02782625,-0.00604572,-0.00267326,-0.05800759,-0.01776728,-0.01635172,1
7.060,-1.72210669,0.28841435,1.72051752,-0.38136599,-0.11005864,-0.14077268,0.04636350,0.01338007,0.01711404,-1.74931398,0.29462900,1.72339451,-0.32279006,-0.09262658,-0.12356479,0.28474799,-36.21173859,-6.04097462,0.28559640,-36.21273246,-6.04248598,0.29552398,-0.24384396,-0.08273630,0.58112038,-36.45657643,-6.12522228,0.54894584,-36.24620394,-5.98391788,0.02720729,-0.00621465,-0.00287699,-0.05857593,-0.01743206,-0.01720789,1
7.070,-1.72591802,0.28731444,1.71911066,-0.38090031,-0.10992425,-0.14060079,0.04677230,0.01349805,0.01726494,-1.75250283,0.29369500,1.72219669,-0.32181383,-0.09281990,-0.12261905,0.28811696,-36.22912216,-6.04789877,0.28896732,-36.23012933,-6.04941303,0.28519228,-0.24636598,-0.08739156,0.57415959,-36.47649531,-6.13680459,0.54305541,-36.26811778,-5.99488014,0.02658481,-0.00638056,-0.00308603,-0.05908648,-0.01710435,-0.01798174,1
7.080,-1.72972468,0.28621587,1.71770551,-0.38043055,-0.10978868,-0.14042738,0.04718031,0.01361579,0.01741555,-1.75568361,0.29275934,1.72100544,-0.32088002,-0.09300644,-0.12174559,0.29148173,-36.24641800,-6.05476999,0.29233403,-36.24743845,-6.05628712,0.27490204,-0.24884125,-0.09192566,0.56723606,-36.49627971,-6.14821279,0.53711725,-36.28984489,-6.00588345,0.02595893,-0.00654347,-0.00329993,-0.05955053,-0.01678224,-0.01868179,1
7.090,-1.73352662,0.28511867,1.71630211,-0.37995671,-0.10965194,-0.14025248,0.04758750,0.01373330,0.01756586,-1.75885635,0.29182216,1.71982116,-0.31997836,-0.09318441,-0.12091612,0.29484266,-36.26361847,-6.06159687,0.29569688,-36.26465220,-6.06311689,0.26463362,-0.25128151,-0.09641421,0.56033051,-36.51593371,-6.15953110,0.53711725,-36.28976876,-6.00623221,0.02532973,-0.00670349,-0.00351905,-0.05997835,-0.01646753,-0.01933636,1
7.100,-1.73732380,0.28402284,1.71490047,-0.37947880,-0.10951402,-0.14007607,0.04799387,0.01385058,0.01771586,-1.76202044,0.29088349,1.71864488,-0.31908612,-0.09335501,-0.12009413,0.29819810,-36.28072357,-6.06837702,0.29905424,-36.28177059,-6.06989992,0.25433339,-0.25368169,-0.10096156,0.55338763,-36.53545227,-6.17086147,0.57967505,-36.28811276,-6.00137748,0.02469664,-0.00686065,-0.00374441,-0.06039268,-0.01615901,-0.01998194,1
7.110,-1.74111618,0.28292839,1.71350060,-0.37899683,-0.10937492,-0.13989816,0.04839941,0.01396762,0.01786555,-1.76517599,0.28994338,1.71747600,-0.31820333,-0.09351915,-0.11929254,0.30154961,-36.29774857,-6.07510662,0.30240765,-36.29880884,-6.07663239,0.24400335,-0.25603785,-0.10552764,0.54641100,-36.55484669,-6.18216003,0.57315123,-36.30923361,-6.01316526,0.02405981,-0.00701499,-0.00397540,-0.06079350,-0.01585577,-0.02060562,1
7.120,-1.74490373,0.28183534,1.71210251,-0.37851081,-0.10923466,-0.13971876,0.04880412,0.01408441,0.01801494,-1.76832309,0.28900185,1.71631393,-0.31732999,-0.09367748,-0.11852119,0.30489540,-36.31467056,-6.08179092,0.30575534,-36.31574409,-6.08331957,0.23364538,-0.25834738,-0.11007996,0.53940072,-36.57409147,-6.19339953,0.56663635,-36.33022317,-6.02494753,0.02341936,-0.00716651,-0.00421142,-0.06118082,-0.01555718,-0.02119757,1
7.130,-1.74868639,0.28074370,1.71070623,-0.37802075,-0.10909324,-0.13953786,0.04920799,0.01420096,0.01816402,-1.77146184,0.28805896,1.71515806,-0.31646611,-0.09383043,-0.11778759,0.30823749,-36.33150101,-6.08842802,0.30909931,-36.33258778,-6.08995955,0.22326177,-0.26060886,-0.11459153,0.53236108,-36.59319664,-6.20455108,0.56011745,-36.35107234,-6.03670645,0.02277545,-0.00731526,-0.00445183,-0.06155464,-0.01526281,-0.02175027,1
7.140,-1.75246413,0.27965348,1.70931176,-0.37752666,-0.10895065,-0.13935548,0.04961100,0.01431727,0.01831279,-1.77459232,0.28711474,1.71400779,-0.31561168,-0.09397828,-0.11709740,0.31157428,-36.34823990,-6.09501743,0.31243798,-36.34933989,-6.09655183,0.21285439,-0.26282161,-0.11904036,0.52529237,-36.61216151,-6.21559218,0.55358759,-36.37176529,-6.04842406,0.02212819,-0.00746126,-0.00469603,-0.06191498,-0.01497237,-0.02225808,1
7.150,-1.75623691,0.27856469,1.70791912,-0.37702854,-0.10880689,-0.13917161,0.05001316,0.01443333,0.01846123,-1.78082823,0.28522255,1.71172305,-0.31454845,-0.09415104,-0.11630987,0.31490594,-36.36487198,-6.10156012,0.31577150,-36.36598521,-6.10309739,0.24869565,-0.24116726,-0.10895594,0.56446714,-36.60715247,-6.21205333,0.58813980,-36.38918225,-6.05648599,0.02459132,-0.00665786,-0.00380393,-0.06248009,-0.01465585,-0.02286174,1
7.160,-1.76000468,0.27747735,1.70652833,-0.37652640,-0.10866198,-0.13898625,0.05041445,0.01454914,0.01860936,-1.78393319,0.28427448,1.71059018,-0.31353532,-0.09431506,-0.11555415,0.31823176,-36.38143158,-6.10805464,0.31909917,-36.38255803,-6.10959481,0.23775544,-0.24311792,-0.11373885,0.55685461,-36.62567595,-6.22333365,0.58112038,-36.40917287,-6.05681612,0.02392851,-0.00679713,-0.00406185,-0.06299108,-0.01434692,-0.02343210,1
7.170,-1.76376742,0.27639146,1.70513940,-0.37602025,-0.10851591,-0.13879942,0.05081487,0.01466469,0.01875717,-1.78702953,0.28332541,1.70946281,-0.31256005,-0.09446292,-0.11484971,0.32155335,-36.39788818,-6.11450100,0.32242261,-36.39902784,-6.11604404,0.22684451,-0.24508277,-0.11843755,0.54926711,-36.64411061,-6.23448159,0.58112038,-36.40912318,-6.06885408,0.02326211,-0.00693395,-0.00432341,-0.06346020,-0.01405299,-0.02394971,1
7.180,-1.76752508,0.27530703,1.70375235,-0.37551010,-0.10836869,-0.13861111,0.05121441,0.01478000,0.01890465,-1.79011736,0.28237541,1.70834030,-0.31161571,-0.09459721,-0.11420009,0.32486790,-36.41425705,-6.12090492,0.32573900,-36.41540989,-6.12245084,0.21595121,-0.24705009,-0.12303439,0.54169021,-36.66245997,-6.24548523,0.57415959,-36.42899528,-6.08067897,0.02259228,-0.00706838,-0.00458795,-0.06389439,-0.01377148,-0.02441102,1
7.190,-1.77127761,0.27422409,1.70236718,-0.37499596,-0.10822031,-0.13842133,0.05161306,0.01489504,0.01905180,-1.79319677,0.28142453,1.70722200,-0.31069707,-0.09471993,-0.11360747,0.32817888,-36.43052673,-6.12726068,0.32905179,-36.43169276,-6.12880947,0.20506735,-0.24901046,-0.12751572,0.53411914,-36.68070322,-6.25632520,0.56723606,-36.44873566,-6.09229799,0.02191916,-0.00720044,-0.00485482,-0.06429889,-0.01350038,-0.02481386,1
7.200,-1.77502498,0.27314263,1.70098393,-0.37447784,-0.10807079,-0.13823008,0.05201081,0.01500983,0.01919862,-1.79626786,0.28047282,1.70610730,-0.30980021,-0.09483260,-0.11307324,0.33148339,-36.44670105,-6.13356829,0.33235812,-36.44788027,-6.13511995,0.19418702,-0.25095801,-0.13186937,0.52654514,-36.69883828,-6.26698932,0.56033051,-36.46834841,-6.10379582,0.02124288,-0.00733019,-0.00512337,-0.06467763,-0.01323819,-0.02515684,1
7.210,-1.77876715,0.27206268,1.69960259,-0.37395575,-0.10792012,-0.13803736,0.05240766,0.01512436,0.01934511,-1.80238551,0.27856716,1.70388614,-0.30871938,-0.09495411,-0.11254022,0.33478191,-36.46279526,-6.13982964,0.33565844,-36.46398763,-6.14138418,0.22872537,-0.22896733,-0.12180680,0.56438381,-36.69295495,-6.26319098,0.54641100,-36.50718736,-6.12668945,0.02361836,-0.00650448,-0.00428355,-0.06523637,-0.01296601,-0.02549714,1
7.220,-1.78250408,0.27098423,1.69822318,-0.37342969,-0.10776830,-0.13784318,0.05280361,0.01523862,0.01949126,-1.80543227,0.27761332,1.70277844,-0.30770847,-0.09506161,-0.11209767,0.33807507,-36.47879410,-6.14604568,0.33895339,-36.47999962,-6.14760312,0.21742599,-0.23079924,-0.12596450,0.55637938,-36.71079887,-6.27356761,0.53940072,-36.52639942,-6.13801452,0.02292819,-0.00662909,-0.00455526,-0.06572122,-0.01270669,-0.02574551,1
7.230,-1.78623573,0.26990731,1.69684573,-0.37289968,-0.10761534,-0.13764753,0.05319863,0.01535262,0.01963708,-1.80847112,0.27665888,1.70167184,-0.30675254,-0.09515717,-0.11173830,0.34136185,-36.49469757,-6.15221405,0.34224195,-36.49591625,-6.15377436,0.20620436,-0.23263218,-0.12989965,0.54844631,-36.72854843,-6.28367401,0.53236108,-36.54547471,-6.14922099,0.02223539,-0.00675157,-0.00482611,-0.06614714,-0.01245817,-0.02590923,1
7.240,-1.78996206,0.26883193,1.69547024,-0.37236572,-0.10746125,-0.13745044,0.05359273,0.01546636,0.01978255,-1.81150216,0.27570390,1.70056573,-0.30584041,-0.09524238,-0.11145633,0.34464234,-36.51051331,-6.15833664,0.34552421,-36.51174512,-6.15989983,0.19504021,-0.23445938,-0.13361897,0.54056441,-36.74620450,-6.29351880,0.52529237,-36.56441249,-6.16028698,0.02154010,-0.00687197,-0.00509549,-0.06652531,-0.01221887,-0.02599411,1
7.250,-1.79368304,0.26775809,1.69409673,-0.37182783,-0.10730602,-0.13725188,0.05398589,0.01557982,0.01992768,-1.81753922,0.27379281,1.69835755,-0.30473933,-0.09532401,-0.11117467,0.34791657,-36.52623367,-6.16441393,0.34880020,-36.52747861,-6.16598000,0.22867883,-0.21235592,-0.12298019,0.57747903,-36.73983453,-6.28896018,0.56446714,-36.55936801,-6.15688848,0.02385618,-0.00603472,-0.00426082,-0.06708850,-0.01198201,-0.02607721,1
7.260,-1.79739861,0.26668581,1.69272521,-0.37128601,-0.10714965,-0.13705188,0.05437812,0.01569301,0.02007246,-1.82054535,0.27283690,1.69725519,-0.30370794,-0.09539077,-0.11093986,0.35118490,-36.54186630,-6.17044449,0.35207028,-36.54312434,-6.17201346,0.21708134,-0.21416184,-0.12657089,0.56915162,-36.75728618,-6.29858435,0.55685461,-36.57788043,-6.16821594,0.02314674,-0.00615109,-0.00452998,-0.06757807,-0.01175888,-0.02611202,1
7.270,-1.80110874,0.26561510,1.69135569,-0.37074027,-0.10699216,-0.13685044,0.05476939,0.01580593,0.02021689,-1.82354338,0.27188084,1.69615315,-0.30273155,-0.09544473,-0.11075602,0.35444567,-36.55739975,-6.17642879,0.35533278,-36.55867088,-6.17800064,0.20556088,-0.21598320,-0.13000885,0.56089367,-36.77465408,-6.30800949,0.54926711,-36.59630730,-6.17937933,0.02243464,-0.00626574,-0.00479746,-0.06800872,-0.01154743,-0.02609442,1
7.280,-1.80481340,0.26454597,1.68998820,-0.37019063,-0.10683354,-0.13664755,0.05515971,0.01591857,0.02036097,-1.82653340,0.27092468,1.69505080,-0.30179915,-0.09548753,-0.11062580,0.35770082,-36.57284546,-6.18236876,0.35858966,-36.57412966,-6.18394349,0.19409749,-0.21781312,-0.13327905,0.55268715,-36.79194278,-6.31722254,0.54169021,-36.61465201,-6.19036766,0.02172000,-0.00637871,-0.00506260,-0.06839148,-0.01134601,-0.02602175,1
7.290,-1.80851254,0.26347844,1.68862275,-0.36963708,-0.10667379,-0.13644322,0.05554907,0.01603094,0.02050469,-1.82951552,0.26996848,1.69394754,-0.30090249,-0.09552047,-0.11055068,0.36094829,-36.58819580,-6.18826342,0.36183884,-36.58949310,-6.18984105,0.18267704,-0.21964612,-0.13636991,0.54451588,-36.80913922,-6.32621097,0.53411914,-36.63289358,-6.20116254,0.02100298,-0.00649004,-0.00532479,-0.06873459,-0.01115332,-0.02589254,1
7.300,-1.81220613,0.26241250,1.68725934,-0.36907965,-0.10651292,-0.13623745,0.05593746,0.01614302,0.02064805,-1.83545643,0.26805630,1.69173699,-0.29984101,-0.09554084,-0.11055861,0.36419067,-36.60346222,-6.19411325,0.36508293,-36.60477257,-6.19569376,0.21540191,-0.19759495,-0.12482727,0.58048485,-36.80236751,-6.32052103,0.52654514,-36.65103729,-6.21169812,0.02325030,-0.00564380,-0.00447765,-0.06923864,-0.01097208,-0.02567884,1
7.310,-1.81589412,0.26134818,1.68589800,-0.36851833,-0.10635093,-0.13603026,0.05632487,0.01625483,0.02079106,-1.83841470,0.26710055,1.69063080,-0.29883757,-0.09554923,-0.11057382,0.36742428,-36.61863708,-6.19991732,0.36831823,-36.61996047,-6.20150074,0.20359445,-0.19946898,-0.12759292,0.57191268,-36.81942946,-6.32909366,0.56438381,-36.64516776,-6.20788127,0.02252058,-0.00575237,-0.00473280,-0.06968076,-0.01080170,-0.02545644,1
7.320,-1.81957648,0.26028549,1.68453874,-0.36795315,-0.10618782,-0.13582163,0.05671129,0.01636635,0.02093370,-1.84136479,0.26614514,1.68952368,-0.29788057,-0.09554724,-0.11060829,0.37065056,-36.63372040,-6.20567417,0.37154620,-36.63505682,-6.20726049,0.19184863,-0.20135704,-0.13026800,0.56339483,-36.83641385,-6.33752849,0.55637938,-36.66302823,-6.21821176,0.02178831,-0.00585965,-0.00498494,-0.07007258,-0.01064058,-0.02521334,1
7.330,-1.82325317,0.25922443,1.68318157,-0.36738411,-0.10602360,-0.13561159,0.05709672,0.01647758,0.02107597,-1.84430683,0.26519011,1.68841512,-0.29696126,-0.09553622,-0.11067021,0.37387082,-36.64871216,-6.21138716,0.37476814,-36.65006161,-6.21297638,0.18014928,-0.20325368,-0.13282527,0.55491742,-36.85331529,-6.34580165,0.54844631,-36.68079685,-6.22824602,0.02105366,-0.00596568,-0.00523355,-0.07042285,-0.01048738,-0.02494138,1
7.340,-1.82692415,0.25816502,1.68182651,-0.36681122,-0.10585827,-0.13540012,0.05748115,0.01658852,0.02121787,-1.84724081,0.26423558,1.68730549,-0.29607048,-0.09551534,-0.11074339,0.37708351,-36.66361237,-6.21705627,0.37798249,-36.66497482,-6.21864839,0.16847885,-0.20516566,-0.13530973,0.54646134,-36.87014048,-6.35395812,0.54844631,-36.68082209,-6.22819255,0.02031666,-0.00607056,-0.00547898,-0.07074074,-0.01034293,-0.02465673,1
7.350,-1.83058938,0.25710727,1.68047358,-0.36623449,-0.10569183,-0.13518723,0.05786457,0.01669917,0.02135940,-1.85016685,0.26328160,1.68619430,-0.29520396,-0.09548594,-0.11083730,0.38028902,-36.67842484,-6.22267866,0.38118965,-36.67980027,-6.22427369,0.15683105,-0.20708711,-0.13769105,0.53802070,-36.88688739,-6.36196474,0.54056441,-36.69850563,-6.23795927,0.01957747,-0.00617433,-0.00572072,-0.07103053,-0.01020589,-0.02434993,1
7.360,-1.83424883,0.25605119,1.67912277,-0.36565393,-0.10552429,-0.13497293,0.05824697,0.01680953,0.02150056,-1.85308445,0.26232829,1.68508235,-0.29434299,-0.09544724,-0.11092668,0.38348636,-36.69313812,-6.22825766,0.38438863,-36.69452653,-6.22985560,0.14516133,-0.20902469,-0.14004303,0.52954996,-36.90355122,-6.36989864,0.57747903,-36.69216896,-6.23336279,0.01883562,-0.00627710,-0.00595958,-0.07131094,-0.01007705,-0.02404625,1
7.370,-1.83790245,0.25499679,1.67777412,-0.36506956,-0.10535564,-0.13475722,0.05862835,0.01691959,0.02164134,-1.85599373,0.26137569,1.68396917,-0.29348920,-0.09540048,-0.11102449,0.38667604,-36.70776749,-6.23379421,0.38757995,-36.70916887,-6.23539508,0.13347545,-0.21097293,-0.14232654,0.52105539,-36.92014179,-6.37772162,0.56915162,-36.70965608,-6.24292539,0.01809128,-0.00637890,-0.00619505,-0.07158036,-0.00995516,-0.02373273,1
7.380,-1.84155021,0.25394408,1.67642764,-0.36448137,-0.10518590,-0.13454010,0.05900870,0.01702936,0.02178174,-1.85889481,0.26042384,1.68285431,-0.29264377,-0.09534670,-0.11113989,0.38985690,-36.72230911,-6.23928404,0.39076243,-36.72372343,-6.24088784,0.12177803,-0.21292748,-0.14451273,0.51254046,-36.93665092,-6.38540057,0.56089367,-36.72706140,-6.25226646,0.01734460,-0.00647976,-0.00642667,-0.07183760,-0.00983920,-0.02340021,1
7.390,-1.84519206,0.25289307,1.67508333,-0.36388939,-0.10501506,-0.13432159,0.05938802,0.01713882,0.02192175,-1.86467282,0.25852251,1.68061788,-0.29160840,-0.09526642,-0.11134164,0.39303106,-36.73675156,-6.24473190,0.39393819,-36.73817882,-6.24633863,0.15295317,-0.19122805,-0.13186997,0.54689136,-36.92940687,-6.37820860,0.54451588,-36.76162643,-6.27023751,0.01948076,-0.00562944,-0.00553455,-0.07228099,-0.00974864,-0.02297995,1
7.400,-1.84882798,0.25184378,1.67374121,-0.36329361,-0.10484312,-0.13410167,0.05976628,0.01724799,0.02206138,-1.86754938,0.25757317,1.67949684,-0.29062040,-0.09518344,-0.11153218,0.39619753,-36.75111771,-6.25013065,0.39710626,-36.75255790,-6.25174029,0.14079713,-0.19329336,-0.13372365,0.53790339,-36.94585126,-6.38546394,0.58048485,-36.75490027,-6.26446914,0.01872140,-0.00572939,-0.00575563,-0.07267321,-0.00965968,-0.02256949,1
7.410,-1.85245792,0.25079621,1.67240130,-0.36269406,-0.10467010,-0.13388036,0.06014349,0.01735685,0.02220062,-1.87041750,0.25662485,1.67837459,-0.28966820,-0.09509544,-0.11170531,0.39935505,-36.76539230,-6.25549030,0.40026537,-36.76684538,-6.25710288,0.12868243,-0.19536130,-0.13557312,0.52894780,-36.96220668,-6.39267601,0.58048485,-36.75495179,-6.26440867,0.01795958,-0.00582864,-0.00597329,-0.07302586,-0.00957466,-0.02217505,1
7.420,-1.85608185,0.24975038,1.67106361,-0.36209075,-0.10449599,-0.13365766,0.06051965,0.01746540,0.02233947,-1.87327729,0.25567759,1.67725078,-0.28874594,-0.09500308,-0.11187437,0.40250501,-36.77956390,-6.26080465,0.40341689,-36.78102989,-6.26242016,0.11659964,-0.19742864,-0.13738030,0.52001654,-36.97845853,-6.39980046,0.57191268,-36.77206645,-6.27290289,0.01719544,-0.00592721,-0.00618717,-0.07334481,-0.00949291,-0.02178329,1
7.430,-1.85969973,0.24870630,1.66972815,-0.36148367,-0.10432079,-0.13343357,0.06089473,0.01757365,0.02247792,-1.87612888,0.25473141,1.67612505,-0.28784920,-0.09490692,-0.11204894,0.40564567,-36.79365540,-6.26607418,0.40655912,-36.79513422,-6.26769264,0.10454239,-0.19949286,-0.13911658,0.51110151,-36.99462708,-6.40680922,0.56339483,-36.78910463,-6.28124217,0.01642915,-0.00602511,-0.00639690,-0.07363447,-0.00941387,-0.02138463,1
7.440,-1.86331151,0.24766397,1.66839494,-0.36087286,-0.10414452,-0.13320810,0.06126874,0.01768158,0.02261598,-1.87897239,0.25378632,1.67499709,-0.28697465,-0.09480746,-0.11223575,0.40877807,-36.80766296,-6.27130222,0.40969308,-36.80915464,-6.27292363,0.09250653,-0.20155208,-0.14076069,0.50219961,-37.01070672,-6.41368433,0.55491742,-36.80606076,-6.28940355,0.01566088,-0.00612235,-0.00660215,-0.07389821,-0.00933706,-0.02097235,1
7.450,-1.86691717,0.24662341,1.66706399,-0.36025830,-0.10396716,-0.13298125,0.06164166,0.01778920,0.02275363,-1.88180794,0.25284234,1.67386658,-0.28611980,-0.09470510,-0.11243953,0.41190225,-36.82156754,-6.27648449,0.41281880,-36.82307207,-6.27810885,0.08048923,-0.20360398,-0.14229666,0.49330803,-37.02667604,-6.42040551,0.54646134,-36.82294146,-6.29743268,0.01489077,-0.00621893,-0.00680259,-0.07413850,-0.00926206,-0.02054172,1
7.460,-1.87051667,0.24558463,1.66573532,-0.35964003,-0.10378873,-0.13275303,0.06201349,0.01789651,0.02289089,-1.88463566,0.25189948,1.67273323,-0.28528276,-0.09460025,-0.11266339,0.41501734,-36.83539963,-6.28162813,0.41593542,-36.83691699,-6.28325546,0.06848904,-0.20564682,-0.14371264,0.48442447,-37.04256381,-6.42696810,0.53802070,-36.83974455,-6.30529726,0.01411899,-0.00631485,-0.00699791,-0.07435727,-0.00918848,-0.02008964,1
7.470,-1.87410996,0.24454764,1.66440893,-0.35901804,-0.10360923,-0.13252344,0.06238423,0.01800350,0.02302773,-1.89026807,0.25001718,1.67045688,-0.28427232,-0.09446454,-0.11299449,0.41812292,-36.84913254,-6.28672457,0.41904253,-36.85066269,-6.28835486,0.09831513,-0.18430616,-0.12996740,0.51735766,-37.03496884,-6.41832226,0.52105539,-36.87311308,-6.32072771,0.01615811,-0.00546954,-0.00604795,-0.07474572,-0.00914469,-0.01952895,1
7.480,-1.87769701,0.24351245,1.66308485,-0.35839235,-0.10342866,-0.13229248,0.06275385,0.01811017,0.02316417,-1.89307301,0.24907776,1.66931334,-0.28332775,-0.09433390,-0.11333430,0.42122081,-36.86278534,-6.29177904,0.42214192,-36.86432827,-6.29341229,0.08596111,-0.18646189,-0.13089377,0.50810303,-37.05079016,-6.42430606,0.51254046,-36.88967993,-6.32822371,0.01537600,-0.00556531,-0.00622849,-0.07506460,-0.00909476,-0.01895818,1
7.490,-1.88127779,0.24247907,1.66176309,-0.35776296,-0.10324703,-0.13206015,0.06312237,0.01821652,0.02330020,-1.89587049,0.24813961,1.66816650,-0.28243282,-0.09420426,-0.11367172,0.42430854,-36.87633896,-6.29679012,0.42523116,-36.87789465,-6.29842634,0.07369512,-0.18859393,-0.13174977,0.49892628,-37.06648858,-6.43017612,0.51254046,-36.88974325,-6.32805859,0.01459270,-0.00566054,-0.00640341,-0.07533014,-0.00904277,-0.01838843,1
7.500,-1.88485226,0.24144751,1.66044366,-0.35712990,-0.10306433,-0.13182647,0.06348976,0.01832255,0.02343582,-1.89866004,0.24720279,1.66701746,-0.28156340,-0.09407370,-0.11397988,0.42738757,-36.88982010,-6.30175924,0.42831168,-36.89138854,-6.30339845,0.06146243,-0.19071326,-0.13261677,0.48977411,-37.08210180,-6.43601522,0.54689136,-36.88256587,-6.32075642,0.01380778,-0.00575528,-0.00657380,-0.07556650,-0.00899063,-0.01784659,1
7.510,-1.88842038,0.24041779,1.65912656,-0.35649317,-0.10288058,-0.13159144,0.06385602,0.01842825,0.02357102,-1.90144180,0.24626730,1.66586599,-0.28071633,-0.09394244,-0.11427155,0.43045697,-36.90319824,-6.30668592,0.43138255,-36.90477945,-6.30832811,0.04925925,-0.19281830,-0.13346000,0.48064180,-37.09759775,-6.44178811,0.53790339,-36.89907691,-6.32789065,0.01302142,-0.00584951,-0.00673943,-0.07577684,-0.00893814,-0.01731989,1
7.520,-1.89198211,0.23938990,1.65781183,-0.35585279,-0.10269577,-0.13135506,0.06422115,0.01853362,0.02370579,-1.90698241,0.24440033,1.66355494,-0.27970067,-0.09377740,-0.11462735,0.43351790,-36.91649246,-6.31157255,0.43444495,-36.91808636,-6.31321773,0.07820699,-0.17175230,-0.11903313,0.51265194,-37.08983866,-6.43225086,0.52001654,-36.93181739,-6.34195309,0.01500030,-0.00501043,-0.00574311,-0.07615212,-0.00891837,-0.01672771,1
7.530,-1.89553742,0.23836387,1.65649947,-0.35520875,-0.10250991,-0.13111732,0.06458514,0.01863866,0.02384015,-1.90974153,0.24346883,1.66239495,-0.27875354,-0.09362042,-0.11497017,0.43656808,-36.92970276,-6.31641483,0.43749659,-36.93130935,-6.31806301,0.06567219,-0.17398150,-0.11956846,0.50316878,-37.10529085,-6.43763148,0.51110151,-36.94805234,-6.34880989,0.01420411,-0.00510496,-0.00589548,-0.07645521,-0.00888949,-0.01614715,1
7.540,-1.89908628,0.23733971,1.65518949,-0.35456109,-0.10232300,-0.13087825,0.06494797,0.01874337,0.02397408,-1.91249337,0.24253866,1.66123175,-0.27786100,-0.09346962,-0.11530779,0.43960866,-36.94282150,-6.32121468,0.44053861,-36.94444078,-6.32286587,0.05324045,-0.17616107,-0.12004085,0.49377906,-37.12060185,-6.44290672,0.50219961,-36.96419812,-6.35552401,0.01340709,-0.00519895,-0.00604226,-0.07670009,-0.00885338,-0.01557046,1
7.550,-1.90262863,0.23631742,1.65388191,-0.35390980,-0.10213504,-0.13063784,0.06530964,0.01884775,0.02410759,-1.91523804,0.24160980,1.66006516,-0.27701260,-0.09332364,-0.11564560,0.44263986,-36.95585632,-6.32597017,0.44357124,-36.95748827,-6.32762438,0.04089368,-0.17829759,-0.12043434,0.48446492,-37.13578586,-6.44805872,0.49330803,-36.98023320,-6.36207599,0.01260941,-0.00529238,-0.00618325,-0.07689720,-0.00881140,-0.01499224,1
7.560,-1.90616446,0.23529701,1.65257674,-0.35325490,-0.10194604,-0.13039610,0.06567015,0.01895179,0.02424066,-1.91797568,0.24068225,1.65889503,-0.27620047,-0.09318153,-0.11598724,0.44566101,-36.96879959,-6.33068800,0.44659382,-36.97044417,-6.33234522,0.02861819,-0.18039534,-0.12073785,0.47521201,-37.15083951,-6.45308308,0.48442447,-36.99618620,-6.36846203,0.01181122,-0.00538524,-0.00631829,-0.07705443,-0.00876451,-0.01440886,1
7.570,-1.90969372,0.23427850,1.65127399,-0.35259640,-0.10175601,-0.13015303,0.06602948,0.01905549,0.02437330,-1.92342944,0.23883142,1.65654648,-0.27522894,-0.09300340,-0.11637158,0.44867188,-36.98166275,-6.33536339,0.44960609,-36.98331995,-6.33702364,0.05687338,-0.15953695,-0.10557909,0.50647947,-37.14285690,-6.44260272,0.51735766,-36.98873434,-6.35955996,0.01373572,-0.00455292,-0.00527249,-0.07736746,-0.00875261,-0.01378145,1
7.580,-1.91321638,0.23326189,1.64997368,-0.35193431,-0.10156494,-0.12990864,0.06638764,0.01915885,0.02450550,-1.92614525,0.23790816,1.65536921,-0.27431677,-0.09283408,-0.11671044,0.45167419,-36.99443436,-6.33999872,0.45260981,-36.99610415,-6.34166200,0.04428330,-0.16177119,-0.10572588,0.49689311,-37.15787535,-6.44738788,0.50810303,-37.00462709,-6.36544256,0.01292887,-0.00464627,-0.00539553,-0.07761754,-0.00873086,-0.01319820,1
7.590,-1.91673239,0.23224720,1.64867582,-0.35126865,-0.10137283,-0.12966292,0.06674460,0.01926186,0.02463727,-1.92885384,0.23698630,1.65418983,-0.27345242,-0.09267193,-0.11701718,0.45466536,-37.00711823,-6.34458923,0.45560236,-37.00880060,-6.34625555,0.03178678,-0.16395174,-0.10589055,0.48738914,-37.17275234,-6.45214609,0.49892628,-37.02039584,-6.37120741,0.01212145,-0.00473910,-0.00551401,-0.07781623,-0.00870090,-0.01264574,1
7.600,-1.92024174,0.23123444,1.64738043,-0.35059942,-0.10117970,-0.12941589,0.06710037,0.01936454,0.02476859,-1.93155535,0.23606583,1.65300827,-0.27262719,-0.09251572,-0.11730184,0.45764562,-37.01972580,-6.34913921,0.45858399,-37.02142072,-6.35080857,0.01936857,-0.16608405,-0.10604678,0.47795256,-37.18750477,-6.45685535,0.48977411,-37.03607826,-6.37693732,0.01131361,-0.00483139,-0.00562784,-0.07797223,-0.00866398,-0.01211405,1
7.610,-1.92374437,0.23022361,1.64608751,-0.34992665,-0.10098554,-0.12916755,0.06745493,0.01946686,0.02489947,-1.93693755,0.23422908,1.65063870,-0.27166108,-0.09232784,-0.11762027,0.46061656,-37.03224182,-6.35364962,0.46155630,-37.03394929,-6.35532203,0.04698856,-0.14541263,-0.09063791,0.50854486,-37.17936192,-6.44595995,0.48064180,-37.05171565,-6.38250033,0.01319318,-0.00400547,-0.00455119,-0.07826557,-0.00865770,-0.01154728,1
7.620,-1.92724026,0.22921473,1.64479708,-0.34925033,-0.10079036,-0.12891791,0.06780828,0.01956883,0.02502990,-1.93961780,0.23331293,1.64945235,-0.27075211,-0.09214974,-0.11787393,0.46357632,-37.04467010,-6.35811949,0.46451742,-37.04639009,-6.35979497,0.03430107,-0.14765359,-0.09073738,0.49881849,-37.19404367,-6.45053235,0.51265194,-37.04403095,-6.37293341,0.01237754,-0.00409820,-0.00465527,-0.07849822,-0.00864062,-0.01104398,1
7.630,-1.93072936,0.22820781,1.64350915,-0.34857048,-0.10059417,-0.12866696,0.06816042,0.01967046,0.02515989,-1.94229081,0.23239823,1.64826537,-0.26988938,-0.09197971,-0.11808009,0.46652570,-37.05701828,-6.36254692,0.46746815,-37.05875074,-6.36422545,0.02170554,-0.14983676,-0.09091164,0.48917369,-37.20858750,-6.45513709,0.50316878,-37.05955604,-6.37828219,0.01156145,-0.00419042,-0.00475622,-0.07868110,-0.00861446,-0.01058687,1
7.640,-1.93421166,0.22720285,1.64222374,-0.34788712,-0.10039696,-0.12841471,0.06851132,0.01977172,0.02528941,-1.94495672,0.23148496,1.64707771,-0.26906468,-0.09181649,-0.11825151,0.46946427,-37.06927490,-6.36693573,0.47040804,-37.07101985,-6.36861734,0.00918769,-0.15196768,-0.09112810,0.47959573,-37.22298753,-6.45974544,0.49377906,-37.07493844,-6.38352383,0.01074506,-0.00428211,-0.00485397,-0.07882244,-0.00858047,-0.01016320,1
7.650,-1.93768710,0.22619987,1.64094086,-0.34720026,-0.10019873,-0.12816117,0.06886099,0.01987264,0.02541849,-1.94761565,0.23057309,1.64588935,-0.26827182,-0.09165915,-0.11839750,0.47239238,-37.08144379,-6.37128496,0.47333748,-37.08320119,-6.37296966,-0.00326199,-0.15404966,-0.09136305,0.47007549,-37.23725085,-6.46433271,0.48446492,-37.09019228,-6.38864099,0.00992855,-0.00437322,-0.00494849,-0.07892844,-0.00853958,-0.00976367,1
7.660,-1.94115565,0.22519888,1.63966053,-0.34650991,-0.09999950,-0.12790634,0.06920942,0.01997319,0.02554710,-1.95026762,0.22966272,1.64470060,-0.26750305,-0.09150362,-0.11851693,0.47530860,-37.09353638,-6.37559032,0.47625500,-37.09530619,-6.37727811,-0.01565846,-0.15610556,-0.09162293,0.46059654,-37.25141175,-6.46890104,0.48446492,-37.09026733,-6.38862110,0.00911197,-0.00446384,-0.00504007,-0.07900686,-0.00849588,-0.00938941,1
7.670,-1.94461728,0.22419989,1.63838274,-0.34581608,-0.09979927,-0.12765023,0.06955661,0.02007338,0.02567526,-1.95291275,0.22875382,1.64351143,-0.26675564,-0.09135027,-0.11861691,0.47821465,-37.10554123,-6.37985563,0.47916235,-37.10732346,-6.38154652,-0.02800475,-0.15813250,-0.09188993,0.45115760,-37.26545596,-6.47343645,0.47521201,-37.10539441,-6.39362466,0.00829547,-0.00455393,-0.00512869,-0.07906044,-0.00844900,-0.00903332,1
7.680,-1.94807196,0.22320290,1.63710753,-0.34511878,-0.09959804,-0.12739284,0.06990253,0.02017321,0.02580295,-1.95818138,0.22694040,1.64113615,-0.26583555,-0.09116255,-0.11864100,0.48110974,-37.11745453,-6.38408422,0.48205873,-37.11924914,-6.38577822,-0.00123100,-0.13766154,-0.07688932,0.48082773,-37.25691068,-6.46266753,0.49689311,-37.11257564,-6.38803124,0.01010942,-0.00373750,-0.00402862,-0.07928323,-0.00843549,-0.00875184,1
7.690,-1.95151965,0.22220793,1.63583489,-0.34441803,-0.09939581,-0.12713417,0.07024719,0.02027268,0.02593017,-1.96080515,0.22603580,1.63995003,-0.26497081,-0.09098675,-0.11863379,0.48399368,-37.12928772,-6.38827085,0.48494394,-37.13109469,-6.38996795,-0.01390856,-0.13979646,-0.07738951,0.47103539,-37.27089116,-6.46735746,0.48738914,-37.12752266,-6.39284001,0.00928550,-0.00382787,-0.00411514,-0.07944722,-0.00840906,-0.00850038,1
7.700,-1.95496031,0.22121499,1.63456485,-0.34371384,-0.09919259,-0.12687424,0.07059058,0.02037178,0.02605693,-1.96342206,0.22513257,1.63876491,-0.26415094,-0.09082075,-0.11860323,0.48686582,-37.14104080,-6.39241743,0.48781736,-37.14286012,-6.39411765,-0.02648766,-0.14186101,-0.07792432,0.46132970,-37.28472114,-6.47204198,0.47795256,-37.14234340,-6.39759959,0.00846175,-0.00391758,-0.00420006,-0.07956290,-0.00837184,-0.00827101,1
7.710,-1.95839391,0.22022408,1.63329741,-0.34300622,-0.09898837,-0.12661304,0.07093269,0.02047051,0.02618321,-1.96863409,0.22333032,1.63640236,-0.26317277,-0.09062546,-0.11845025,0.48972663,-37.15270233,-6.39652634,0.49067942,-37.15453397,-6.39822969,-0.00034212,-0.12153885,-0.06342034,0.49033730,-37.27607282,-6.46165003,0.50854486,-37.13434213,-6.38696429,0.01024018,-0.00310624,-0.00310495,-0.07983345,-0.00836291,-0.00816279,1
7.720,-1.96182042,0.21923522,1.63203259,-0.34229519,-0.09878318,-0.12635057,0.07127351,0.02056887,0.02630902,-1.97122935,0.22243135,1.63522517,-0.26226107,-0.09044318,-0.11826743,0.49257606,-37.16428757,-6.40059566,0.49353009,-37.16613150,-6.40230215,-0.01320282,-0.12367808,-0.06436359,0.48032727,-37.28980958,-6.46666574,0.49881849,-37.14909549,-6.39167285,0.00940893,-0.00319613,-0.00319258,-0.08003412,-0.00834000,-0.00808314,1
7.730,-1.96523980,0.21824842,1.63077040,-0.34158076,-0.09857700,-0.12608686,0.07161304,0.02066685,0.02643434,-1.97381762,0.22153379,1.63405068,-0.26140264,-0.09027151,-0.11806270,0.49541339,-37.17578888,-6.40462255,0.49636866,-37.17764507,-6.40633220,-0.02594884,-0.12574303,-0.06535961,0.47041982,-37.30338810,-6.47169181,0.48917369,-37.16370927,-6.39641286,0.00857782,-0.00328537,-0.00328028,-0.08017812,-0.00830549,-0.00802416,1
7.740,-1.96865203,0.21726369,1.62951086,-0.34086294,-0.09836984,-0.12582189,0.07195127,0.02076446,0.02655919,-1.97639904,0.22063759,1.63287888,-0.26058757,-0.09010856,-0.11784213,0.49824038,-37.18720627,-6.40861368,0.49919686,-37.18907470,-6.41032648,-0.03859768,-0.12774200,-0.06639252,0.46059918,-37.31681671,-6.47671900,0.47959573,-37.17817766,-6.40115522,0.00774701,-0.00337390,-0.00336802,-0.08027537,-0.00826128,-0.00797976,1
7.750,-1.97205705,0.21628103,1.62825397,-0.34014174,-0.09816171,-0.12555567,0.07228819,0.02086169,0.02668356,-1.97897375,0.21974273,1.63170973,-0.25980840,-0.08995293,-0.11761040,0.50105447,-37.19854355,-6.41256618,0.50201216,-37.20042420,-6.41428214,-0.05116136,-0.12968145,-0.06745036,0.45085080,-37.33010565,-6.48173250,0.47007549,-37.19250784,-6.40587511,0.00691670,-0.00346170,-0.00345576,-0.08033334,-0.00820878,-0.00794527,1
7.760,-1.97545485,0.21530046,1.62699975,-0.33941718,-0.09795261,-0.12528822,0.07262379,0.02095854,0.02680744,-1.98154188,0.21884918,1.63054320,-0.25905953,-0.08980351,-0.11737105,0.50385696,-37.20978928,-6.41647625,0.50481584,-37.21168213,-6.41819539,-0.06364896,-0.13156559,-0.06852362,0.44116688,-37.34324772,-6.48671901,0.46059654,-37.20673413,-6.41057454,0.00608703,-0.00354872,-0.00354345,-0.08035765,-0.00814910,-0.00791717,1
7.770,-1.97884538,0.21432198,1.62574821,-0.33868927,-0.09774254,-0.12501953,0.07295806,0.02105501,0.02693083,-1.98665855,0.21706627,1.62821869,-0.25817259,-0.08962169,-0.11704925,0.50664806,-37.22096252,-6.42035055,0.50760814,-37.22286754,-6.42207287,-0.03806706,-0.11131918,-0.05471032,0.46954109,-37.33418672,-6.47678318,0.45115760,-37.22091784,-6.41539451,0.00781317,-0.00274429,-0.00247048,-0.08051668,-0.00812085,-0.00797028,1
7.780,-1.98222862,0.21334561,1.62449936,-0.33795802,-0.09753151,-0.12474960,0.07329101,0.02115110,0.02705373,-1.98920683,0.21617689,1.62706208,-0.25733630,-0.08945068,-0.11670216,0.50942695,-37.23204422,-6.42418528,0.51038820,-37.23396138,-6.42591078,-0.05079462,-0.11329957,-0.05610492,0.45959358,-37.34726095,-6.48201570,0.48082773,-37.21244185,-6.40483709,0.00697821,-0.00283128,-0.00256272,-0.08062172,-0.00808083,-0.00804744,1
7.790,-1.98560453,0.21237135,1.62325322,-0.33722345,-0.09731952,-0.12447845,0.07362261,0.02124679,0.02717613,-1.99174840,0.21528888,1.62590963,-0.25654149,-0.08928838,-0.11633788,0.51219314,-37.24305344,-6.42798042,0.51315556,-37.24498272,-6.42970913,-0.06342406,-0.11521309,-0.05755836,0.44973151,-37.36019581,-6.48726749,0.47103539,-37.22649042,-6.40973493,0.00614387,-0.00291753,-0.00265641,-0.08068196,-0.00803114,-0.00814057,1
7.800,-1.98897308,0.21139922,1.62200980,-0.33648557,-0.09710657,-0.12420608,0.07395287,0.02134210,0.02729804,-1.99428340,0.21440221,1.62476126,-0.25578122,-0.08913316,-0.11596263,0.51494741,-37.25396729,-6.43174028,0.51591098,-37.25590866,-6.43347219,-0.07596672,-0.11706681,-0.05905398,0.43994426,-37.37297547,-6.49252617,0.46132970,-37.24038738,-6.41462354,0.00531032,-0.00300299,-0.00275146,-0.08070435,-0.00797341,-0.00824345,1
7.810,-1.99233423,0.21042922,1.62076910,-0.33574440,-0.09689268,-0.12393250,0.07428178,0.02143702,0.02741945,-1.99681145,0.21351688,1.62361831,-0.25503698,-0.08898288,-0.11554576,0.51768959,-37.26481628,-6.43546009,0.51865429,-37.26676973,-6.43719521,-0.08846499,-0.11887196,-0.06068579,0.43018931,-37.38564169,-6.49788100,0.49033730,-37.23180681,-6.40450246,0.00447722,-0.00308766,-0.00284921,-0.08070742,-0.00790980,-0.00838674,1
7.820,-1.99568796,0.20946137,1.61953115,-0.33499994,-0.09667784,-0.12365770,0.07460932,0.02153155,0.02754035,-2.00184681,0.21175060,1.62134914,-0.25413461,-0.08879764,-0.11495542,0.52041990,-37.27557373,-6.43914223,0.52138573,-37.27753922,-6.44088058,-0.06355015,-0.09876771,-0.04807055,0.45783558,-37.37630693,-6.48895113,0.48032727,-37.24568862,-6.41007353,0.00615885,-0.00228923,-0.00181799,-0.08086533,-0.00788020,-0.00870228,1
7.830,-1.99903422,0.20849567,1.61829595,-0.33425222,-0.09646205,-0.12338169,0.07493549,0.02162568,0.02766075,-2.00435441,0.21086962,1.62022263,-0.25329102,-0.08862290,-0.11437922,0.52313793,-37.28624725,-6.44278717,0.52410489,-37.28822476,-6.44452876,-0.07631645,-0.10068506,-0.05023597,0.44778844,-37.38890981,-6.49476473,0.47041982,-37.25933876,-6.41536650,0.00532019,-0.00237395,-0.00192668,-0.08096120,-0.00783915,-0.00900247,1
7.840,-2.00237299,0.20753213,1.61706352,-0.33350124,-0.09624532,-0.12310448,0.07526029,0.02171941,0.02778064,-2.00685548,0.20999005,1.61910131,-0.25249497,-0.08845626,-0.11381742,0.52584231,-37.29684448,-6.44639301,0.52681037,-37.29883396,-6.44813784,-0.08896762,-0.10253892,-0.05239394,0.43784276,-37.40137288,-6.50053178,0.46059918,-37.27283853,-6.42065301,0.00448249,-0.00245792,-0.00203779,-0.08100627,-0.00778906,-0.00928706,1
7.850,-2.00570424,0.20657077,1.61583387,-0.33274701,-0.09602766,-0.12282608,0.07558370,0.02181274,0.02790002,-2.00935015,0.20911190,1.61798502,-0.25173804,-0.08829590,-0.11327029,0.52853453,-37.30736923,-6.44996119,0.52950370,-37.30937068,-6.45170926,-0.10151803,-0.10433779,-0.05454160,0.42798567,-37.41370848,-6.50625086,0.45085080,-37.28619824,-6.42591805,0.00364591,-0.00254113,-0.00215115,-0.08100897,-0.00773176,-0.00955579,1
7.860,-2.00902792,0.20561158,1.61460700,-0.33198957,-0.09580907,-0.12254648,0.07590572,0.02190568,0.02801889,-2.01183857,0.20823516,1.61687361,-0.25101388,-0.08814042,-0.11273810,0.53121424,-37.31779861,-6.45349407,0.53218450,-37.31981200,-6.45524541,-0.11397767,-0.10608875,-0.05667624,0.41820682,-37.42590075,-6.51192165,0.44116688,-37.29941073,-6.43114824,0.00281065,-0.00262358,-0.00226661,-0.08097569,-0.00766865,-0.00980838,1
7.870,-2.01234402,0.20465459,1.61338294,-0.33122890,-0.09558955,-0.12226570,0.07622634,0.02199820,0.02813724,-2.01432073,0.20735993,1.61576726,-0.25031443,-0.08798612,-0.11221240,0.53388035,-37.32815552,-6.45698833,0.53485168,-37.33018081,-6.45874294,-0.12636233,-0.10781199,-0.05882113,0.40848934,-37.43799280,-6.51756407,0.44116688,-37.29948610,-6.43140138,0.00197671,-0.00270534,-0.00238432,-0.08091447,-0.00760343,-0.01005330,1
7.880,-2.01565249,0.20369979,1.61216169,-0.33046504,-0.09536911,-0.12198374,0.07654555,0.02209033,0.02825507,-2.01926527,0.20561408,1.61357325,-0.24946140,-0.08779356,-0.11150824,0.53653419,-37.33842850,-6.46044493,0.53750658,-37.34046567,-6.46220282,-0.10199594,-0.08790005,-0.04723217,0.43551064,-37.42836573,-6.50943499,0.45959358,-37.30365301,-6.42731782,0.00361278,-0.00191429,-0.00141156,-0.08100364,-0.00757555,-0.01047550,1
7.890,-2.01895331,0.20274721,1.61094327,-0.32969800,-0.09514774,-0.12170060,0.07686335,0.02218204,0.02837238,-2.02172794,0.20474346,1.61248517,-0.24866264,-0.08761070,-0.11083312,0.53917569,-37.34862900,-6.46386814,0.54014913,-37.35067802,-6.46562931,-0.11462895,-0.08976052,-0.04990811,0.42552018,-37.44043854,-6.51553742,0.44973151,-37.31666477,-6.43286360,0.00277463,-0.00199625,-0.00154190,-0.08103536,-0.00753704,-0.01086748,1
7.900,-2.02224644,0.20179684,1.60972768,-0.32892778,-0.09492547,-0.12141630,0.07717972,0.02227334,0.02848916,-2.02418438,0.20387438,1.61140275,-0.24790804,-0.08743500,-0.11018530,0.54180318,-37.35874557,-6.46725082,0.54277766,-37.36080641,-6.46901528,-0.12714608,-0.09156405,-0.05254983,0.41563158,-37.45237046,-6.52156510,0.43994426,-37.32952151,-6.43840526,0.00193794,-0.00207754,-0.00167507,-0.08101974,-0.00749047,-0.01123100,1
7.910,-2.02553185,0.20084870,1.60851495,-0.32815441,-0.09470228,-0.12113082,0.07749467,0.02236423,0.02860541,-2.02663474,0.20300685,1.61032575,-0.24719000,-0.08726453,-0.10956385,0.54441857,-37.36878204,-6.47059870,0.54539409,-37.37085468,-6.47236646,-0.13956008,-0.09332000,-0.05515609,0.40583400,-37.46417468,-6.52752255,0.43018931,-37.34226513,-6.44403124,0.00110289,-0.00215815,-0.00181080,-0.08096441,-0.00743775,-0.01156697,1
7.920,-2.02880952,0.19990280,1.60730507,-0.32737789,-0.09447818,-0.12084419,0.07780817,0.02245471,0.02872114,-2.02907902,0.20214096,1.60925435,-0.24649953,-0.08709555,-0.10895803,0.54702121,-37.37873840,-6.47390938,0.54799774,-37.38082280,-6.47568047,-0.15188855,-0.09504926,-0.05775619,0.39610919,-37.47587206,-6.53343666,0.43018931,-37.34234740,-6.44431072,0.00026950,-0.00223816,-0.00194928,-0.08087836,-0.00738263,-0.01188616,1
7.930,-2.03207940,0.19895914,1.60609807,-0.32659825,-0.09425319,-0.12055640,0.07812024,0.02254477,0.02883633,-2.03151685,0.20127677,1.60818962,-0.24582032,-0.08692634,-0.10833681,0.54961014,-37.38862228,-6.47718287,0.55058768,-37.39071842,-6.47895727,-0.16416906,-0.09676176,-0.06044136,0.38641861,-37.48748018,-6.53939863,0.45783558,-37.33309756,-6.43571456,-0.00056255,-0.00231763,-0.00209155,-0.08077793,-0.00732685,-0.01221959,1
7.940,-2.03534147,0.19801774,1.60489395,-0.32581549,-0.09402729,-0.12026746,0.07843085,0.02263441,0.02895098,-2.03394836,0.20041430,1.60713125,-0.24515309,-0.08675656,-0.10771180,0.55218560,-37.39842224,-6.48042107,0.55316413,-37.40053008,-6.48219880,-0.17639773,-0.09845920,-0.06317854,0.37676640,-37.49898929,-6.54537734,0.44778844,-37.34578622,-6.44184634,-0.00139311,-0.00239656,-0.00223730,-0.08066240,-0.00727073,-0.01255566,1
7.950,-2.03859570,0.19707860,1.60369272,-0.32502964,-0.09380050,-0.11997738,0.07874000,0.02272362,0.02906510,-2.03637370,0.19955356,1.60607894,-0.24449835,-0.08658589,-0.10709169,0.55474776,-37.40814590,-6.48362398,0.55572728,-37.41026541,-6.48540507,-0.18857105,-0.10014358,-0.06594192,0.36715623,-37.51040899,-6.55134700,0.43784276,-37.35833594,-6.44791610,-0.00222200,-0.00247496,-0.00238622,-0.08053129,-0.00721461,-0.01288569,1
7.960,-2.04184205,0.19614173,1.60249440,-0.32424070,-0.09357282,-0.11968616,0.07904769,0.02281242,0.02917868,-2.03879301,0.19869457,1.60503237,-0.24385646,-0.08641411,-0.10648292,0.55729693,-37.41778564,-6.48679113,0.55827742,-37.41991680,-6.48857557,-0.20068563,-0.10181621,-0.06871113,0.35759180,-37.52173301,-6.55728670,0.42798567,-37.37075908,-6.45392255,-0.00304904,-0.00255284,-0.00253797,-0.08038424,-0.00715871,-0.01320324,1
7.970,-2.04508050,0.19520715,1.60129900,-0.32344869,-0.09334425,-0.11939381,0.07935389,0.02290079,0.02929171,-2.04120642,0.19783736,1.60399125,-0.24322765,-0.08624105,-0.10589029,0.55983210,-37.42735672,-6.48991823,0.56081355,-37.42949951,-6.49170603,-0.21273867,-0.10347796,-0.07147011,0.34807487,-37.53297747,-6.56317614,0.41820682,-37.38303982,-6.45986545,-0.00387408,-0.00263021,-0.00269225,-0.08022104,-0.00710320,-0.01350352,1
7.980,-2.04831102,0.19427485,1.60010653,-0.32265363,-0.09311480,-0.11910033,0.07965862,0.02298873,0.02940419,-2.04361407,0.19698192,1.60295526,-0.24261207,-0.08606656,-0.10531738,0.56235349,-37.43684769,-6.49301434,0.56333590,-37.43900204,-6.49480550,-0.22472742,-0.10513030,-0.07420581,0.33860848,-37.54413235,-6.56901131,0.40848934,-37.39522126,-6.46576474,-0.00469695,-0.00270707,-0.00284873,-0.08004156,-0.00704824,-0.01378295,1
7.990,-2.05153356,0.19334485,1.59891700,-0.32185552,-0.09288448,-0.11880573,0.07996186,0.02307624,0.02951612,-2.04601597,0.19612838,1.60192456,-0.24200654,-0.08588866,-0.10475559,0.56486183,-37.44625854,-6.49607420,0.56584517,-37.44842447,-6.49786874,-0.23665739,-0.10678501,-0.07694157,0.32918778,-37.55520948,-6.57481031,0.40848934,-37.39531532,-6.46602897,-0.00551759,-0.00278353,-0.00300756,-0.07984898,-0.00699582,-0.01405014,1
8.000,-2.05474812,0.19241716,1.59773042,-0.32105439,-0.09265328,-0.11851001,0.08026360,0.02316332,0.02962750,-2.04841175,0.19527678,1.60090010,-0.24139934,-0.08570642,-0.10417813,0.56735677,-37.45560074,-6.49909878,0.56834105,-37.45777819,-6.50089673,-0.24855759,-0.10844826,-0.07975667,0.31978345,-37.56622644,-6.58065340,0.43551064,-37.38578588,-6.45821211,-0.00633637,-0.00285962,-0.00316968,-0.07965505,-0.00694686,-0.01433188,1
8.010,-2.05795464,0.19149179,1.59654680,-0.32025025,-0.09242121,-0.11821318,0.08056383,0.02324997,0.02973833,-2.05318550,0.19357955,1.59886842,-0.24064836,-0.08547002,-0.10346090,0.56983799,-37.46485901,-6.50208664,0.57082318,-37.46704795,-6.50388797,-0.22494759,-0.08917775,-0.06978520,0.34587559,-37.55622571,-6.57367317,0.41563158,-37.40999006,-6.47091051,-0.00476914,-0.00208776,-0.00232162,-0.07960189,-0.00695119,-0.01475228,1
8.020,-2.06115311,0.19056874,1.59536616,-0.31944312,-0.09218828,-0.11791525,0.08086256,0.02333617,0.02984859,-2.05556375,0.19273398,1.59786046,-0.23994251,-0.08524182,-0.10279465,0.57230419,-37.47404480,-6.50503922,0.57329030,-37.47624521,-6.50684395,-0.23705392,-0.09109537,-0.07295335,0.33623638,-37.56734058,-6.57979730,0.40583400,-37.42189607,-6.47712460,-0.00558936,-0.00216524,-0.00249430,-0.07950061,-0.00694646,-0.01512060,1
8.030,-2.06434350,0.18964803,1.59418850,-0.31863301,-0.09195449,-0.11761621,0.08115976,0.02342194,0.02995830,-2.05793643,0.19189047,1.59685727,-0.23927393,-0.08501909,-0.10217569,0.57475746,-37.48314285,-6.50795984,0.57574446,-37.48535469,-6.50976799,-0.24904289,-0.09297456,-0.07602395,0.32670158,-37.57832925,-6.58579195,0.39610919,-37.43369661,-6.48327725,-0.00640707,-0.00224244,-0.00266877,-0.07935908,-0.00693540,-0.01544052,1
8.040,-2.06752576,0.18872965,1.59301384,-0.31781993,-0.09171985,-0.11731608,0.08145543,0.02350727,0.03006744,-2.06030368,0.19104906,1.59585848,-0.23863671,-0.08479975,-0.10160146,0.57719785,-37.49218750,-6.51084471,0.57818573,-37.49441073,-6.51265627,-0.26092353,-0.09482679,-0.07899839,0.31726221,-37.58923752,-6.59165467,0.38641861,-37.44540932,-6.48945925,-0.00722208,-0.00231941,-0.00284464,-0.07918322,-0.00692010,-0.01571462,1
8.050,-2.07069988,0.18781363,1.59184218,-0.31700391,-0.09148435,-0.11701486,0.08174957,0.02359216,0.03017602,-2.06266564,0.19020976,1.59486372,-0.23802640,-0.08458219,-0.10107014,0.57962233,-37.50113297,-6.51369476,0.58061109,-37.50336757,-6.51550976,-0.27270262,-0.09665997,-0.08187633,0.30790847,-37.60002754,-6.59738610,0.37676640,-37.45702452,-6.49563925,-0.00803424,-0.00239613,-0.00302154,-0.07897751,-0.00690216,-0.01594472,1
8.060,-2.07386583,0.18689997,1.59067355,-0.31618495,-0.09124800,-0.11671256,0.08204217,0.02367660,0.03028402,-2.06737420,0.18853766,1.59288477,-0.23731399,-0.08431067,-0.10049850,0.58203393,-37.51001358,-6.51650953,0.58302356,-37.51225952,-6.51832797,-0.24935684,-0.07787802,-0.07201775,0.33366672,-37.59013754,-6.59034572,0.35759180,-37.47998496,-6.50789490,-0.00649163,-0.00163769,-0.00221122,-0.07887096,-0.00693733,-0.01621406,1
8.070,-2.07702357,0.18598868,1.58950794,-0.31536307,-0.09101082,-0.11640919,0.08233322,0.02376059,0.03039146,-2.06972107,0.18770491,1.59189984,-0.23665736,-0.08405173,-0.09999712,0.58443111,-37.51882553,-6.51928997,0.58542159,-37.52108277,-6.52111187,-0.26119662,-0.07995378,-0.07486403,0.32422497,-37.60103654,-6.59597590,0.34807487,-37.49134001,-6.51392966,-0.00730250,-0.00171623,-0.00239190,-0.07870571,-0.00695909,-0.01641207,1
8.080,-2.08017308,0.18507976,1.58834537,-0.31453829,-0.09077279,-0.11610474,0.08262271,0.02384414,0.03049831,-2.07440068,0.18604616,1.58993725,-0.23593020,-0.08374477,-0.09950302,0.58681417,-37.52755737,-6.52203608,0.58780548,-37.52982589,-6.52386143,-0.23805577,-0.06155464,-0.06493940,0.34974971,-37.59138053,-6.58880083,0.32918778,-37.51379752,-6.52579994,-0.00577240,-0.00096640,-0.00159188,-0.07860809,-0.00702802,-0.01660172,1
8.090,-2.08331433,0.18417322,1.58718585,-0.31371062,-0.09053394,-0.11579922,0.08291063,0.02392723,0.03060460,-2.07673367,0.18522022,1.58895885,-0.23527244,-0.08345709,-0.09908716,0.58918226,-37.53621292,-6.52475071,0.59017441,-37.53849268,-6.52657953,-0.24984641,-0.06381589,-0.06757166,0.34032800,-37.60230857,-6.59415119,0.31978345,-37.52492942,-6.53173362,-0.00658066,-0.00104700,-0.00177300,-0.07843818,-0.00707685,-0.01671206,1
8.100,-2.08644729,0.18326908,1.58602938,-0.31288008,-0.09029425,-0.11549265,0.08319698,0.02400987,0.03071030,-2.08138582,0.18357557,1.58700869,-0.23454565,-0.08311997,-0.09865815,0.59153771,-37.54478836,-6.52743006,0.59253068,-37.54707932,-6.52926236,-0.22685609,-0.04579104,-0.05756073,0.36567459,-37.59287035,-6.58682309,0.34587559,-37.51517140,-6.52498760,-0.00506147,-0.00030649,-0.00097931,-0.07833443,-0.00717428,-0.01683450,1
8.110,-2.08957192,0.18236734,1.58487600,-0.31204668,-0.09005374,-0.11518502,0.08348175,0.02409205,0.03081541,-2.08370476,0.18275699,1.58603731,-0.23388275,-0.08280448,-0.09827818,0.59387845,-37.55330276,-6.53007650,0.59487221,-37.55560489,-6.53191229,-0.23860629,-0.04824568,-0.06010870,0.35626592,-37.60385057,-6.59202099,0.33623638,-37.52641157,-6.53122816,-0.00586716,-0.00038965,-0.00116131,-0.07816393,-0.00724926,-0.01690684,1
8.120,-2.09268821,0.18146801,1.58372569,-0.31121045,-0.08981241,-0.11487634,0.08376494,0.02417377,0.03091994,-2.08601912,0.18194095,1.58506786,-0.23327112,-0.08250445,-0.09794492,0.59620458,-37.56174469,-6.53268576,0.59719915,-37.56405795,-6.53452504,-0.25019269,-0.05062232,-0.06252267,0.34700646,-37.61468027,-6.59704771,0.32670158,-37.53752708,-6.53731939,-0.00666909,-0.00047294,-0.00134217,-0.07793933,-0.00730796,-0.01693142,1
8.130,-2.09579612,0.18057109,1.58257847,-0.31037139,-0.08957027,-0.11456662,0.08404653,0.02425504,0.03102389,-2.09063464,0.18031659,1.58313324,-0.23259335,-0.08215048,-0.09762666,0.59851611,-37.57010651,-6.53526640,0.59951147,-37.57243088,-6.53710917,-0.22726117,-0.03299486,-0.05230835,0.37225030,-37.60542574,-6.58941753,0.30790847,-37.55948325,-6.54905014,-0.00516148,0.00025450,-0.00055477,-0.07777804,-0.00741979,-0.01693996,1
8.140,-2.09889563,0.17967661,1.58143436,-0.30952952,-0.08932731,-0.11425586,0.08432651,0.02433584,0.03112724,-2.09293593,0.17950837,1.58216782,-0.23197724,-0.08181823,-0.09735530,0.60081279,-37.57839203,-6.53781080,0.60180893,-37.58072747,-6.53965709,-0.23878892,-0.03559763,-0.05453366,0.36302000,-37.61632510,-6.59419076,0.30790847,-37.55961681,-6.54911549,-0.00595970,0.00016824,-0.00073346,-0.07755228,-0.00750908,-0.01690056,1
8.150,-2.10198670,0.17878455,1.58029336,-0.30868487,-0.08908355,-0.11394408,0.08460489,0.02441618,0.03122999,-2.09752465,0.17790023,1.58024295,-0.23128532,-0.08143070,-0.09705562,0.60309565,-37.58661270,-6.54032278,0.60409255,-37.58895917,-6.54217259,-0.21602314,-0.01841272,-0.04431300,0.38806940,-37.60737189,-6.58648558,0.32422497,-37.56090249,-6.54789760,-0.00446205,0.00088432,0.00005041,-0.07739955,-0.00765285,-0.01688846,1
8.160,-2.10506932,0.17789494,1.57915548,-0.30783743,-0.08883899,-0.11363127,0.08488164,0.02449605,0.03133215,-2.09981222,0.17710041,1.57928324,-0.23065321,-0.08106866,-0.09678442,0.60536349,-37.59475708,-6.54280233,0.60636114,-37.59711454,-6.54465567,-0.22752352,-0.02124312,-0.04652533,0.37883763,-37.61835766,-6.59118100,0.32422497,-37.56104527,-6.54799049,-0.00525710,0.00079453,-0.00012776,-0.07718422,-0.00777033,-0.01684685,1
8.170,-2.10814344,0.17700777,1.57802074,-0.30698724,-0.08859363,-0.11331744,0.08515678,0.02457545,0.03143371,-2.10209491,0.17630351,1.57832620,-0.23005724,-0.08072382,-0.09651434,0.60761720,-37.60282898,-6.54524803,0.60861560,-37.60519742,-6.54710490,-0.23889252,-0.02399607,-0.04872637,0.36972308,-37.62919349,-6.59583127,0.34974971,-37.55153589,-6.54094879,-0.00604853,0.00070426,-0.00030546,-0.07693000,-0.00786981,-0.01680310,1
8.180,-2.11120905,0.17612307,1.57688914,-0.30613430,-0.08834748,-0.11300259,0.08543028,0.02465438,0.03153467,-2.10437286,0.17550957,1.57737149,-0.22949168,-0.08039150,-0.09625347,0.60985601,-37.61082840,-6.54766417,0.61085514,-37.61320776,-6.54952459,-0.25013950,-0.02669450,-0.05089148,0.36071564,-37.63990227,-6.60041607,0.34032800,-37.56261128,-6.54641576,-0.00683619,0.00061350,-0.00048235,-0.07664262,-0.00795598,-0.01674912,1
8.190,-2.11426612,0.17524083,1.57576069,-0.30527864,-0.08810055,-0.11268675,0.08570214,0.02473283,0.03163502,-2.10891420,0.17393082,1.57547021,-0.22882186,-0.07998934,-0.09591532,0.61207998,-37.61875534,-6.55004501,0.61307983,-37.62114560,-6.55190899,-0.22750922,-0.01005531,-0.04090018,0.38557061,-37.63120091,-6.59280917,0.36567459,-37.55347893,-6.53937265,-0.00535192,0.00131001,0.00029048,-0.07645678,-0.00811121,-0.01677143,1
8.200,-2.11731462,0.17436106,1.57463540,-0.30442026,-0.08785283,-0.11236990,0.08597235,0.02481081,0.03173476,-2.11117737,0.17314609,1.57452414,-0.22819562,-0.07961014,-0.09558828,0.61428934,-37.62662125,-6.55239582,0.61528990,-37.62902237,-6.55426335,-0.23883102,-0.01308635,-0.04325539,0.37645888,-37.64210872,-6.59751874,0.35626592,-37.56461429,-6.54471742,-0.00613725,0.00121497,0.00011126,-0.07622464,-0.00824269,-0.01678162,1
8.210,-2.12035451,0.17348377,1.57351329,-0.30355920,-0.08760433,-0.11205205,0.08624090,0.02488831,0.03183389,-2.11343558,0.17236454,1.57358110,-0.22760217,-0.07924629,-0.09526716,0.61648375,-37.63440704,-6.55471373,0.61748500,-37.63681898,-6.55658481,-0.25002781,-0.01605447,-0.04559155,0.36745719,-37.65287344,-6.60217637,0.35626592,-37.56477321,-6.54486908,-0.00691893,0.00111923,-0.00006781,-0.07595703,-0.00835804,-0.01678489,1
8.220,-2.12338579,0.17260898,1.57239437,-0.30269545,-0.08735506,-0.11173322,0.08650780,0.02496534,0.03193241,-2.11568898,0.17158618,1.57264079,-0.22703653,-0.07889377,-0.09495822,0.61866349,-37.64212036,-6.55699873,0.61966543,-37.64454310,-6.55887341,-0.26110755,-0.01897939,-0.04788896,0.35855789,-37.66352248,-6.60676237,0.34700646,-37.57576217,-6.55003201,-0.00769681,0.00102280,-0.00024642,-0.07565892,-0.00846129,-0.01677500,1
8.230,-2.12640841,0.17173667,1.57127863,-0.30182905,-0.08710503,-0.11141341,0.08677302,0.02504188,0.03203031,-2.11793721,0.17081106,1.57170406,-0.22648313,-0.07854828,-0.09463701,0.62082881,-37.64977264,-6.55925179,0.62183142,-37.65220612,-6.56113005,-0.27210588,-0.02188459,-0.05021997,0.34972554,-37.67409071,-6.61135002,0.37225030,-37.56666982,-6.54258084,-0.00847120,0.00092561,-0.00042543,-0.07534592,-0.00855675,-0.01677640,1
8.240,-2.12942236,0.17086688,1.57016610,-0.30096000,-0.08685423,-0.11109262,0.08703656,0.02511793,0.03212759,-2.12241856,0.16927063,1.56984057,-0.22581625,-0.07812515,-0.09422911,0.62297916,-37.65735245,-6.56147337,0.62398245,-37.65979665,-6.56335522,-0.24969758,-0.00597699,-0.04067494,0.37428487,-37.66577364,-6.60403016,0.36302000,-37.57789722,-6.54768806,-0.00700380,0.00159625,0.00032553,-0.07514375,-0.00872908,-0.01686351,1
8.250,-2.13242761,0.16999959,1.56905678,-0.30008832,-0.08660267,-0.11077086,0.08729842,0.02519350,0.03222425,-2.12465134,0.16850544,1.56891476,-0.22518167,-0.07772359,-0.09381706,0.62511313,-37.66485977,-6.56366587,0.62611706,-37.66731463,-6.56555133,-0.26081823,-0.00927651,-0.04328616,0.36529883,-37.67659115,-6.60883749,0.38806940,-37.56911243,-6.54019513,-0.00777627,0.00149415,0.00014202,-0.07490665,-0.00887908,-0.01695380,1
8.260,-2.13542412,0.16913483,1.56795069,-0.29921403,-0.08635036,-0.11044813,0.08755859,0.02526859,0.03232028,-2.12687887,0.16774362,1.56799291,-0.22457451,-0.07733832,-0.09340895,0.62723291,-37.67229080,-6.56582403,0.62823749,-37.67475631,-6.56771309,-0.27182720,-0.01251193,-0.04589481,0.35641029,-37.68726824,-6.61360790,0.37883763,-37.58026642,-6.54508868,-0.00854525,0.00139121,-0.00004222,-0.07463952,-0.00901204,-0.01703918,1
8.270,-2.13841188,0.16827259,1.56684782,-0.29833715,-0.08609730,-0.11012445,0.08781705,0.02534318,0.03241569,-2.12910128,0.16698515,1.56707475,-0.22399110,-0.07696535,-0.09301080,0.62933820,-37.67966461,-6.56795263,0.63034343,-37.68214072,-6.56984531,-0.28272984,-0.01570330,-0.04848241,0.34761359,-37.69784402,-6.61832773,0.36972308,-37.59127027,-6.54992311,-0.00931060,0.00128744,-0.00022693,-0.07434605,-0.00913195,-0.01711365,1
8.280,-2.14139085,0.16741288,1.56574820,-0.29745770,-0.08584350,-0.10979982,0.08807381,0.02541727,0.03251047,-2.13131869,0.16623005,1.56615999,-0.22342863,-0.07660170,-0.09262696,0.63142848,-37.68696976,-6.57005072,0.63243432,-37.68945643,-6.57194702,-0.29352931,-0.01886525,-0.05103408,0.33890501,-37.70832168,-6.62298110,0.36071564,-37.60214690,-6.55467834,-0.01007216,0.00118283,-0.00041179,-0.07402907,-0.00924180,-0.01717286,1
8.290,-2.14436102,0.16655572,1.56465183,-0.29657568,-0.08558896,-0.10947425,0.08832885,0.02549088,0.03260461,-2.13353111,0.16547837,1.56524872,-0.22288195,-0.07624326,-0.09225199,0.63350236,-37.69420624,-6.57211685,0.63450881,-37.69670344,-6.57401680,-0.30423573,-0.02201962,-0.05356448,0.33027308,-37.71872306,-6.62758128,0.36071564,-37.60231830,-6.55485254,-0.01082991,0.00107735,-0.00059689,-0.07369373,-0.00934570,-0.01722226,1
8.300,-2.14732236,0.16570111,1.56355872,-0.29569113,-0.08533368,-0.10914773,0.08858217,0.02556398,0.03269812,-2.13573819,0.16473016,1.56434178,-0.22233861,-0.07588756,-0.09186255,0.63556230,-37.70135498,-6.57415295,0.63656935,-37.70386267,-6.57605652,-0.31487871,-0.02517990,-0.05614275,0.32169064,-37.72904258,-6.63219927,0.38557061,-37.59379068,-6.54746207,-0.01158417,0.00097095,-0.00078306,-0.07335252,-0.00944612,-0.01728518,1
8.310,-2.15027484,0.16484905,1.56246888,-0.29480405,-0.08507768,-0.10882029,0.08883376,0.02563659,0.03279098,-2.13794007,0.16398543,1.56343887,-0.22180094,-0.07553405,-0.09146964,0.63760585,-37.70846558,-6.57615757,0.63861348,-37.71098372,-6.57806478,-0.32545123,-0.02834883,-0.05873748,0.31316225,-37.73933255,-6.63680226,0.37645888,-37.60487196,-6.55237328,-0.01233477,0.00086362,-0.00096999,-0.07300311,-0.00954363,-0.01735065,1
8.320,-2.15321843,0.16399956,1.56138232,-0.29391446,-0.08482095,-0.10849191,0.08908360,0.02570869,0.03288321,-2.14013687,0.16324416,1.56253970,-0.22127065,-0.07518231,-0.09108145,0.63963431,-37.71549606,-6.57813311,0.64064253,-37.71802462,-6.58004398,-0.33594759,-0.03152786,-0.06132426,0.30469494,-37.74955248,-6.64136824,0.36745719,-37.61580990,-6.55721793,-0.01308156,0.00075540,-0.00115738,-0.07264381,-0.00963864,-0.01741046,1
8.330,-2.15615312,0.16315263,1.56029904,-0.29302238,-0.08456351,-0.10816262,0.08933171,0.02578029,0.03297479,-2.14232871,0.16250634,1.56164399,-0.22074900,-0.07483203,-0.09070393,0.64164853,-37.72245407,-6.58008003,0.64265732,-37.72499301,-6.58199456,-0.34636331,-0.03471870,-0.06388453,0.29629401,-37.75971171,-6.64587909,0.35855789,-37.62663188,-6.56197668,-0.01382441,0.00064629,-0.00134495,-0.07227338,-0.00973148,-0.01745869,1
8.340,-2.15907887,0.16230829,1.55921907,-0.29212783,-0.08430535,-0.10783242,0.08957806,0.02585139,0.03306573,-2.14451572,0.16177199,1.56075144,-0.22023688,-0.07448298,-0.09034162,0.64364719,-37.72935104,-6.58199644,0.64465654,-37.73190030,-6.58391465,-0.35669417,-0.03792166,-0.06640284,0.28796237,-37.76982195,-6.65031748,0.34972554,-37.63737281,-6.56672268,-0.01456315,0.00053630,-0.00153237,-0.07189095,-0.00982237,-0.01749080,1
8.350,-2.16199567,0.16146653,1.55814240,-0.29123082,-0.08404648,-0.10750131,0.08982265,0.02592197,0.03315601,-2.14887434,0.16031376,1.55897796,-0.21959737,-0.07404644,-0.08987899,0.64562994,-37.73617935,-6.58388186,0.64663983,-37.73873892,-6.58580372,-0.33456495,-0.02339598,-0.05767392,0.31207488,-37.76213490,-6.64347764,0.36529883,-37.64022274,-6.56459193,-0.01312133,0.00115277,-0.00083556,-0.07163345,-0.01000004,-0.01762232,1
8.360,-2.16490348,0.16062736,1.55706904,-0.29033138,-0.08378691,-0.10716930,0.09006547,0.02599205,0.03324564,-2.15104608,0.15958995,1.55809677,-0.21899165,-0.07363004,-0.08943906,0.64759690,-37.74295044,-6.58573484,0.64860732,-37.74552026,-6.58766039,-0.34503234,-0.02706209,-0.06044293,0.30357497,-37.77258235,-6.64810332,0.36529883,-37.64040073,-6.56477786,-0.01385740,0.00103741,-0.00102773,-0.07133973,-0.01015687,-0.01773024,1
8.370,-2.16780229,0.15979079,1.55599902,-0.28942952,-0.08352664,-0.10683640,0.09030651,0.02606161,0.03333462,-2.15321291,0.15886970,1.55721897,-0.21841436,-0.07322886,-0.08902408,0.64954835,-37.74964523,-6.58756399,0.65055929,-37.75222526,-6.58949322,-0.35537758,-0.03067268,-0.06314833,0.29518172,-37.78289794,-6.65264155,0.35641029,-37.65125557,-6.56971833,-0.01458938,0.00092109,-0.00121995,-0.07101516,-0.01029778,-0.01781232,1
8.380,-2.17069206,0.15895683,1.55493232,-0.28852526,-0.08326568,-0.10650261,0.09054578,0.02613066,0.03342294,-2.15537493,0.15815299,1.55634427,-0.21786144,-0.07283924,-0.08863563,0.65148598,-37.75627899,-6.58935928,0.65249744,-37.75886920,-6.59129220,-0.36560636,-0.03424581,-0.06578236,0.28689108,-37.79311501,-6.65707456,0.34761359,-37.66200884,-6.57459259,-0.01531713,0.00080384,-0.00141195,-0.07066382,-0.01042644,-0.01786698,1
8.390,-2.17357278,0.15812548,1.55386897,-0.28761861,-0.08300403,-0.10616794,0.09078325,0.02619919,0.03351059,-2.15753228,0.15743983,1.55547235,-0.21732982,-0.07245842,-0.08827473,0.65340596,-37.76285172,-6.59112835,0.65441793,-37.76545206,-6.59306496,-0.37572290,-0.03779505,-0.06833812,0.27869503,-37.80324710,-6.66140308,0.33890501,-37.67266370,-6.57938508,-0.01604050,0.00068565,-0.00160338,-0.07028879,-0.01054561,-0.01789321,1
8.400,-2.17644443,0.15729675,1.55280896,-0.28670960,-0.08274170,-0.10583240,0.09101892,0.02626721,0.03359759,-2.15968508,0.15673021,1.55460291,-0.21681717,-0.07208437,-0.08794202,0.65531105,-37.76934814,-6.59286880,0.65632350,-37.77195858,-6.59480914,-0.38572980,-0.04133021,-0.07081025,0.27059370,-37.81328879,-6.66561939,0.33027308,-37.68324195,-6.58410933,-0.01675935,0.00056654,-0.00179395,-0.06989243,-0.01065733,-0.01789038,1
8.410,-2.17930697,0.15647065,1.55175232,-0.28579824,-0.08247869,-0.10549599,0.09125279,0.02633470,0.03368391,-2.16183343,0.15602412,1.55373565,-0.21632173,-0.07171554,-0.08763807,0.65720129,-37.77579498,-6.59457684,0.65821423,-37.77841548,-6.59652087,-0.39562823,-0.04485866,-0.07319300,0.26258599,-37.82327414,-6.66971387,0.32169064,-37.69373805,-6.58883616,-0.01747354,0.00044653,-0.00198333,-0.06947651,-0.01076315,-0.01785792,1
8.420,-2.18216038,0.15564718,1.55069905,-0.28488455,-0.08221500,-0.10515873,0.09148484,0.02640167,0.03376957,-2.16397746,0.15532155,1.55287026,-0.21584214,-0.07135078,-0.08736326,0.65907484,-37.78216553,-6.59626007,0.66008826,-37.78479604,-6.59820782,-0.40541884,-0.04838596,-0.07548151,0.25466942,-37.83318201,-6.67368933,0.31316225,-37.70420429,-6.59353285,-0.01818292,0.00032563,-0.00217121,-0.06904241,-0.01086422,-0.01779547,1
8.430,-2.18500465,0.15482635,1.54964915,-0.28396855,-0.08195066,-0.10482061,0.09171507,0.02646811,0.03385456,-2.16825304,0.15392697,1.55114392,-0.21527524,-0.07090149,-0.08708577,0.66093278,-37.78847885,-6.59791327,0.66194666,-37.79111934,-6.59986474,-0.38326779,-0.03496508,-0.06653762,0.27867886,-37.82608442,-6.66640236,0.29629401,-37.72493490,-6.60275243,-0.01675161,0.00089938,-0.00149477,-0.06869331,-0.01104917,-0.01773484,1
8.440,-2.18783975,0.15400817,1.54860264,-0.28305025,-0.08168564,-0.10448164,0.09194348,0.02653402,0.03393887,-2.17038482,0.15323494,1.55028238,-0.21475080,-0.07047700,-0.08685276,0.66277552,-37.79472351,-6.59953928,0.66378984,-37.79737394,-6.60149448,-0.39304741,-0.03891450,-0.06867905,0.27074243,-37.83628844,-6.67017354,0.28796237,-37.73522019,-6.60724063,-0.01745493,0.00077323,-0.00167974,-0.06829945,-0.01120864,-0.01762888,1
8.450,-2.19066565,0.15319264,1.54755952,-0.28212969,-0.08141998,-0.10414183,0.09217004,0.02659941,0.03402250,-2.17251229,0.15254644,1.54942259,-0.21424995,-0.07007023,-0.08663417,0.66460204,-37.80090714,-6.60113716,0.66561681,-37.80356745,-6.60309609,-0.40270253,-0.04279453,-0.07076122,0.26291427,-37.84636198,-6.67385731,0.31207488,-37.72770994,-6.60048843,-0.01815336,0.00064620,-0.00186307,-0.06787974,-0.01134975,-0.01750766,1
8.460,-2.19348233,0.15237977,1.54651980,-0.28120686,-0.08115366,-0.10380119,0.09239477,0.02666426,0.03410545,-2.17463547,0.15186153,1.54856462,-0.21376684,-0.06967526,-0.08642507,0.66641378,-37.80703735,-6.60270548,0.66742898,-37.80970752,-6.60466814,-0.41224451,-0.04663589,-0.07279707,0.25518447,-37.85634341,-6.67746521,0.31207488,-37.72788972,-6.60057876,-0.01884686,0.00051824,-0.00204482,-0.06744002,-0.01147840,-0.01737612,1
8.470,-2.19628978,0.15156957,1.54548350,-0.28028180,-0.08088669,-0.10345972,0.09261764,0.02672858,0.03418772,-2.17675446,0.15118021,1.54770814,-0.21329999,-0.06928945,-0.08623080,0.66820854,-37.81309509,-6.60424757,0.66922415,-37.81577507,-6.60621397,-0.42167447,-0.05045135,-0.07476897,0.24754969,-37.86622642,-6.68098294,0.30357497,-37.73851635,-6.60527933,-0.01953532,0.00038936,-0.00222464,-0.06698181,-0.01159724,-0.01722892,1
8.480,-2.19908796,0.15076204,1.54445061,-0.27935451,-0.08061909,-0.10311744,0.09283866,0.02679236,0.03426930,-2.18098037,0.14982827,1.54599848,-0.21274948,-0.06882188,-0.08603243,0.66998732,-37.81909561,-6.60576248,0.67100334,-37.82178535,-6.60773263,-0.39952308,-0.03783904,-0.06561279,0.27148026,-37.85962440,-6.67334543,0.28689108,-37.75940542,-6.61435591,-0.01810759,0.00093377,-0.00154787,-0.06660503,-0.01179721,-0.01708501,1
8.490,-2.20187686,0.14995719,1.54342115,-0.27842503,-0.08035085,-0.10277434,0.09305781,0.02685561,0.03435020,-2.18308751,0.14915762,1.54514474,-0.21224068,-0.06838267,-0.08586784,0.67175102,-37.82502747,-6.60725212,0.67276744,-37.82772694,-6.60922603,-0.40892686,-0.04204729,-0.06745258,0.26384058,-37.86977423,-6.67667860,0.27869503,-37.76971458,-6.61871604,-0.01878935,0.00079957,-0.00172359,-0.06618435,-0.01196818,-0.01690650,1
8.500,-2.20465646,0.14915503,1.54239513,-0.27749336,-0.08008198,-0.10243044,0.09327508,0.02691831,0.03443040,-2.18519093,0.14849050,1.54429137,-0.21176597,-0.06796516,-0.08573520,0.67349905,-37.83090210,-6.60871315,0.67451586,-37.83361124,-6.61069081,-0.41817513,-0.04616502,-0.06917073,0.25634073,-37.87977626,-6.67986154,0.27059370,-37.77993248,-6.62295075,-0.01946553,0.00066453,-0.00189624,-0.06572739,-0.01211682,-0.01669524,1
8.510,-2.20742672,0.14835555,1.54137255,-0.27655953,-0.07981248,-0.10208573,0.09349047,0.02698047,0.03450991,-2.18729073,0.14782687,1.54343811,-0.21131960,-0.06756441,-0.08563277,0.67523003,-37.83672714,-6.61014557,0.67624720,-37.83944595,-6.61212701,-0.42727717,-0.05021663,-0.07076833,0.24897003,-37.88966258,-6.68289534,0.26258599,-37.79009305,-6.62705114,-0.02013599,0.00052868,-0.00206556,-0.06523993,-0.01224807,-0.01645296,1
8.520,-2.21018764,0.14755878,1.54035342,-0.27562356,-0.07954237,-0.10174024,0.09370398,0.02704209,0.03458872,-2.18938704,0.14716673,1.54258474,-0.21089722,-0.06717679,-0.08555890,0.67694521,-37.84248352,-6.61155319,0.67796275,-37.84521192,-6.61353840,-0.43624008,-0.05421920,-0.07224636,0.24172268,-37.89943111,-6.68578476,0.25466942,-37.80017505,-6.63102069,-0.02080060,0.00039205,-0.00223132,-0.06472634,-0.01236558,-0.01618134,1
8.530,-2.21293919,0.14676471,1.53933774,-0.27468546,-0.07927164,-0.10139396,0.09391559,0.02710316,0.03466683,-2.19147983,0.14651013,1.54173130,-0.21049289,-0.06679766,-0.08550508,0.67864555,-37.84817123,-6.61293221,0.67966345,-37.85090916,-6.61492117,-0.44507528,-0.05819735,-0.07362678,0.23458817,-37.90910651,-6.68854795,0.25466942,-37.80035186,-6.63101752,-0.02145936,0.00025458,-0.00239356,-0.06419257,-0.01247398,-0.01588888,1
8.540,-2.21568134,0.14597335,1.53832554,-0.27374525,-0.07900031,-0.10104691,0.09412529,0.02716367,0.03474424,-2.19565405,0.14520753,1.54002649,-0.21000080,-0.06633677,-0.08543222,0.68032873,-37.85381699,-6.61428404,0.68134696,-37.85656443,-6.61627678,-0.42271813,-0.04636267,-0.06393897,0.25862883,-37.90292711,-6.68021575,0.27074243,-37.80381139,-6.62756671,-0.02002729,0.00076582,-0.00170095,-0.06374445,-0.01266354,-0.01561469,1
8.550,-2.21841408,0.14518470,1.53731681,-0.27280296,-0.07872837,-0.10069908,0.09433309,0.02722364,0.03482094,-2.19773568,0.14456148,1.53917469,-0.20954138,-0.06590403,-0.08536909,0.68199492,-37.85939026,-6.61561346,0.68301349,-37.86214717,-6.61760999,-0.43153968,-0.05073025,-0.06526923,0.25147381,-37.91287742,-6.68287922,0.26291427,-37.81405908,-6.63126747,-0.02067840,0.00062322,-0.00185788,-0.06326158,-0.01282434,-0.01532999,1
8.560,-2.22113739,0.14439878,1.53631156,-0.27185860,-0.07845584,-0.10035049,0.09453896,0.02728306,0.03489693,-2.19981380,0.14391887,1.53832304,-0.20910915,-0.06549321,-0.08531815,0.68364578,-37.86491013,-6.61691475,0.68466469,-37.86767645,-6.61891506,-0.44021453,-0.05500353,-0.06652387,0.24445015,-37.92267998,-6.68543893,0.25518447,-37.82421303,-6.63488255,-0.02132359,0.00047991,-0.00201148,-0.06274945,-0.01296263,-0.01503234,1
8.570,-2.22385125,0.14361559,1.53530980,-0.27091219,-0.07818271,-0.10000114,0.09474291,0.02734191,0.03497221,-2.20188853,0.14327968,1.53747134,-0.20869994,-0.06509969,-0.08528103,0.68528152,-37.87036514,-6.61819267,0.68630073,-37.87314086,-6.62019677,-0.44874916,-0.05920482,-0.06769628,0.23755157,-37.93234568,-6.68789305,0.24754969,-37.83426687,-6.63839810,-0.02196272,0.00033591,-0.00216154,-0.06221225,-0.01308302,-0.01472011,1
8.580,-2.22655563,0.14283513,1.53431154,-0.26996375,-0.07790900,-0.09965105,0.09494492,0.02740021,0.03504678,-2.20395985,0.14264395,1.53661965,-0.20830803,-0.06471785,-0.08525310,0.68689990,-37.87576294,-6.61944389,0.68791942,-37.87854798,-6.62145180,-0.45715453,-0.06336348,-0.06879855,0.23076488,-37.94191146,-6.69025034,0.24754969,-37.83444025,-6.63839828,-0.02259578,0.00019118,-0.00230811,-0.06165572,-0.01319115,-0.01439795,1
8.590,-2.22925052,0.14205741,1.53331678,-0.26901330,-0.07763471,-0.09930021,0.09514500,0.02745795,0.03512064,-2.20602744,0.14201169,1.53576882,-0.20792090,-0.06434497,-0.08521042,0.68850267,-37.88111115,-6.62066698,0.68952248,-37.88390547,-6.62267867,-0.46546056,-0.06749275,-0.06990177,0.22406192,-37.95139822,-6.69258044,0.27148026,-37.82801123,-6.63080423,-0.02322308,0.00004572,-0.00245204,-0.06109240,-0.01328974,-0.01408979,1
8.600,-2.23193589,0.14128244,1.53232554,-0.26806085,-0.07735984,-0.09894864,0.09534312,0.02751513,0.03519377,-2.20809142,0.14138285,1.53491870,-0.20753997,-0.06397987,-0.08516084,0.69008833,-37.88639450,-6.62186956,0.69110843,-37.88919808,-6.62388504,-0.47366234,-0.07159721,-0.07098393,0.21744609,-37.96079529,-6.69486898,0.26384058,-37.83833194,-6.63417255,-0.02384447,-0.00010041,-0.00259316,-0.06052088,-0.01337997,-0.01378780,1
8.610,-2.23461173,0.14051022,1.53133781,-0.26710644,-0.07708441,-0.09859634,0.09553929,0.02757174,0.03526618,-2.21015187,0.14075737,1.53406913,-0.20716628,-0.06362170,-0.08510986,0.69165826,-37.89163208,-6.62304115,0.69267862,-37.89444484,-6.62506044,-0.48175617,-0.07568009,-0.07202946,0.21092245,-37.97012493,-6.69708990,0.25634073,-37.84850266,-6.63738308,-0.02445986,-0.00024715,-0.00273132,-0.05994016,-0.01346271,-0.01348648,1
8.620,-2.23727801,0.13974075,1.53035361,-0.26615007,-0.07680841,-0.09824332,0.09573349,0.02762779,0.03533787,-2.21426262,0.13951637,1.53237113,-0.20671761,-0.06318786,-0.08505378,0.69321209,-37.89680099,-6.62419319,0.69423271,-37.89962292,-6.62621628,-0.45909673,-0.06468045,-0.06200962,0.23513598,-37.96430337,-6.68822591,0.24172268,-37.86848795,-6.64334199,-0.02301539,0.00022438,-0.00201752,-0.05943246,-0.01362055,-0.01318954,1
8.630,-2.23993472,0.13897405,1.52937295,-0.26519178,-0.07653186,-0.09788958,0.09592573,0.02768326,0.03540883,-2.21631311,0.13890074,1.53152246,-0.20630062,-0.06278168,-0.08500696,0.69474965,-37.90191269,-6.62532043,0.69577053,-37.90474372,-6.62734734,-0.46713096,-0.06910514,-0.06296041,0.22863957,-37.97384885,-6.69030776,0.23458817,-37.87832493,-6.64611471,-0.02362161,0.00007331,-0.00214951,-0.05889116,-0.01375018,-0.01288262,1
8.640,-2.24258184,0.13821012,1.52839582,-0.26423157,-0.07625475,-0.09753514,0.09611598,0.02773817,0.03547905,-2.21836006,0.13828830,1.53067494,-0.20589912,-0.06239703,-0.08494325,0.69626939,-37.90696716,-6.62642145,0.69729051,-37.90980726,-6.62845217,-0.47504037,-0.07343046,-0.06392077,0.22225013,-37.98323772,-6.69237294,0.25862883,-37.87230556,-6.63783968,-0.02422178,-0.00007818,-0.00227912,-0.05833245,-0.01385772,-0.01259189,1
8.650,-2.24521935,0.13744896,1.52742225,-0.26326946,-0.07597709,-0.09718000,0.09630425,0.02779250,0.03554855,-2.22040346,0.13767912,1.52982859,-0.20550927,-0.06202731,-0.08486613,0.69777381,-37.91197968,-6.62749624,0.69879515,-37.91482878,-6.62953077,-0.48283234,-0.07769073,-0.06488202,0.21596281,-37.99251951,-6.69441280,0.25862883,-37.87246804,-6.63789837,-0.02481589,-0.00023016,-0.00240634,-0.05776019,-0.01394978,-0.01231387,1
8.660,-2.24784722,0.13669058,1.52645223,-0.26230549,-0.07569890,-0.09682417,0.09649052,0.02784626,0.03561731,-2.22244341,0.13707314,1.52898332,-0.20513064,-0.06167017,-0.08478138,0.69926119,-37.91691971,-6.62855101,0.70028275,-37.91977780,-6.63058935,-0.49050592,-0.08189606,-0.06582859,0.20977683,-38.00167386,-6.69641794,0.25147381,-37.88257805,-6.64061566,-0.02540381,-0.00038256,-0.00253109,-0.05717485,-0.01402873,-0.01204279,1
8.670,-2.25046545,0.13593498,1.52548577,-0.26133966,-0.07542017,-0.09646766,0.09667479,0.02789944,0.03568533,-2.22448000,0.13647029,1.52813904,-0.20476282,-0.06132387,-0.08469311,0.70073289,-37.92181396,-6.62957907,0.70175466,-37.92468098,-6.63162123,-0.49806041,-0.08605373,-0.06674895,0.20369424,-38.01073471,-6.69837019,0.24445015,-37.89253749,-6.64322479,-0.02598545,-0.00053531,-0.00265327,-0.05657684,-0.01409630,-0.01177455,1
8.680,-2.25307401,0.13518217,1.52452288,-0.26037200,-0.07514091,-0.09611047,0.09685705,0.02795204,0.03575260,-2.22651333,0.13587052,1.52729566,-0.20440550,-0.06098712,-0.08460415,0.70218694,-37.92666245,-6.63058567,0.70320890,-37.92953833,-6.63263165,-0.50549468,-0.09016861,-0.06763485,0.19771423,-38.01970694,-6.70026651,0.23755157,-37.90235725,-6.64572440,-0.02656068,-0.00068835,-0.00277278,-0.05596650,-0.01415379,-0.01150632,1
8.690,-2.25567289,0.13443216,1.52356356,-0.25940253,-0.07486113,-0.09575261,0.09703730,0.02800405,0.03581914,-2.22854350,0.13527377,1.52645313,-0.20405838,-0.06065896,-0.08451642,0.70362538,-37.93144226,-6.63156796,0.70464753,-37.93432697,-6.63361777,-0.51280776,-0.09424380,-0.06848068,0.19183977,-38.02857077,-6.70209844,0.23076488,-37.91207422,-6.64812374,-0.02712939,-0.00084161,-0.00288957,-0.05534415,-0.01420217,-0.01123619,1
8.700,-2.25826206,0.13368495,1.52260783,-0.25843126,-0.07458083,-0.09539409,0.09721552,0.02805549,0.03588492,-2.23259472,0.13408912,1.52477032,-0.20364666,-0.06026594,-0.08441362,0.70504594,-37.93618011,-6.63252878,0.70606827,-37.93907361,-6.63458242,-0.48978368,-0.08387226,-0.05839149,0.21628459,-38.02294587,-6.69297390,0.21744609,-37.93125184,-6.65281637,-0.02566734,-0.00040417,-0.00216249,-0.05478460,-0.01431489,-0.01098047,1
8.710,-2.26084150,0.13294055,1.52165568,-0.25745822,-0.07430002,-0.09503491,0.09739171,0.02810633,0.03594996,-2.23461594,0.13350111,1.52392992,-0.20326557,-0.05989989,-0.08432032,0.70645136,-37.94085693,-6.63346386,0.70747384,-37.94375917,-6.63552133,-0.49699926,-0.08820918,-0.05918176,0.21047458,-38.03196835,-6.69470309,0.21092245,-37.94072407,-6.65506969,-0.02622556,-0.00056056,-0.00227424,-0.05419265,-0.01440013,-0.01071459,1
8.720,-2.26341121,0.13219895,1.52070713,-0.25648343,-0.07401871,-0.09467509,0.09756586,0.02815659,0.03601424,-2.23663394,0.13291589,1.52309117,-0.20289912,-0.05955531,-0.08420880,0.70783973,-37.94549179,-6.63437843,0.70886238,-37.94840270,-6.63643973,-0.50408505,-0.09243654,-0.05999088,0.20477733,-38.04083923,-6.69643060,0.23513598,-37.93504258,-6.64628878,-0.02677727,-0.00071694,-0.00238404,-0.05358431,-0.01446340,-0.01046629,1
8.730,-2.26597117,0.13146018,1.51976218,-0.25550691,-0.07373689,-0.09431463,0.09773797,0.02820626,0.03607777,-2.23864871,0.13233352,1.52225411,-0.20254368,-0.05922569,-0.08408322,0.70921093,-37.95005798,-6.63526773,0.71023373,-37.95297753,-6.63733286,-0.51104801,-0.09658734,-0.06080867,0.19918572,-38.04956487,-6.69814152,0.23513598,-37.93518496,-6.64637266,-0.02732246,-0.00087334,-0.00249193,-0.05296323,-0.01451120,-0.01023141,1
8.740,-2.26852135,0.13072422,1.51882084,-0.25452868,-0.07345459,-0.09395354,0.09790802,0.02825533,0.03614054,-2.24066035,0.13175394,1.52141868,-0.20219873,-0.05890888,-0.08394827,0.71056581,-37.95458221,-6.63613749,0.71158873,-37.95751037,-6.63820644,-0.51788744,-0.10067132,-0.06162269,0.19370129,-38.05818169,-6.69982912,0.22863957,-37.94486962,-6.64853604,-0.02786100,-0.00102972,-0.00259784,-0.05232995,-0.01454571,-0.01000527,1
8.750,-2.27106174,0.12999109,1.51788311,-0.25354876,-0.07317179,-0.09359182,0.09807600,0.02830381,0.03620255,-2.24266894,0.13117708,1.52058482,-0.20186384,-0.05860325,-0.08380752,0.71190321,-37.95905304,-6.63698292,0.71292627,-37.96198972,-6.63905571,-0.52460274,-0.10469454,-0.06242337,0.18832353,-38.06668426,-6.70147908,0.22225013,-37.95439455,-6.65068030,-0.02839280,-0.00118599,-0.00270171,-0.05168492,-0.01456854,-0.00978430,1
8.760,-2.27359232,0.12926078,1.51694900,-0.25256717,-0.07288851,-0.09322949,0.09824192,0.02835170,0.03626380,-2.24467457,0.13060287,1.51975250,-0.20153865,-0.05830752,-0.08366365,0.71322370,-37.96346283,-6.63780737,0.71424686,-37.96640801,-6.63988399,-0.53119308,-0.10866210,-0.06320331,0.18305378,-38.07507011,-6.70308729,0.21596281,-37.96380933,-6.65279679,-0.02891775,-0.00134209,-0.00280350,-0.05102852,-0.01458099,-0.00956584,1
8.770,-2.27611307,0.12853332,1.51601852,-0.25158393,-0.07260476,-0.09286655,0.09840576,0.02839898,0.03632428,-2.24667733,0.13003127,1.51892167,-0.20122287,-0.05802075,-0.08351863,0.71452802,-37.96783447,-6.63860893,0.71555129,-37.97078811,-6.64068939,-0.53765752,-0.11257661,-0.06395676,0.17789378,-38.08336472,-6.70464615,0.20977683,-37.97309365,-6.65487614,-0.02943574,-0.00149795,-0.00290315,-0.05036106,-0.01458401,-0.00934792,1
8.780,-2.27862399,0.12780869,1.51509168,-0.25059906,-0.07232053,-0.09250301,0.09856752,0.02844566,0.03638398,-2.24867729,0.12946220,1.51809227,-0.20091624,-0.05774220,-0.08337388,0.71581489,-37.97215652,-6.63939047,0.71683826,-37.97511856,-6.64147475,-0.54399535,-0.11644064,-0.06467956,0.17284291,-38.09155920,-6.70615432,0.20369424,-37.98228144,-6.65690037,-0.02994670,-0.00165351,-0.00300059,-0.04968282,-0.01457833,-0.00912913,1
8.790,-2.28112505,0.12708691,1.51416847,-0.24961258,-0.07203585,-0.09213887,0.09872719,0.02849174,0.03644292,-2.25067454,0.12889562,1.51726427,-0.20061851,-0.05747132,-0.08323033,0.71708536,-37.97642136,-6.64015102,0.71810881,-37.97939173,-6.64223915,-0.55020539,-0.12025505,-0.06536896,0.16790342,-38.09964678,-6.70760811,0.19771423,-37.99137759,-6.65886667,-0.03045051,-0.00180871,-0.00309580,-0.04899407,-0.01456453,-0.00890854,1
8.800,-2.28361624,0.12636797,1.51324890,-0.24862452,-0.07175070,-0.09177415,0.09888475,0.02853721,0.03650108,-2.25466083,0.12776963,1.51561341,-0.20025533,-0.05714880,-0.08302857,0.71833855,-37.98063660,-6.64089060,0.71936208,-37.98361529,-6.64298255,-0.52655820,-0.11026871,-0.05545707,0.19280388,-38.09388399,-6.69843962,0.21628459,-37.99485526,-6.65176225,-0.02895541,-0.00140166,-0.00236451,-0.04836919,-0.01460190,-0.00874558,1
8.810,-2.28609753,0.12565190,1.51233298,-0.24763490,-0.07146510,-0.09140885,0.09904021,0.02858207,0.03655847,-2.25664952,0.12721022,1.51479157,-0.19990883,-0.05684686,-0.08281725,0.71957493,-37.98480225,-6.64160728,0.72059852,-37.98778918,-6.64370309,-0.53269036,-0.11427000,-0.05629773,0.18790816,-38.10205919,-6.70000082,0.21628459,-37.99497534,-6.65188227,-0.02944801,-0.00155832,-0.00245859,-0.04772607,-0.01461824,-0.00859160,1
8.820,-2.28856893,0.12493867,1.51142072,-0.24664372,-0.07117906,-0.09104299,0.09919356,0.02862633,0.03661507,-2.25863533,0.12665315,1.51397211,-0.19957683,-0.05656199,-0.08259947,0.72079450,-37.98892975,-6.64230347,0.72181814,-37.99192488,-6.64440309,-0.53868582,-0.11817151,-0.05713646,0.18313232,-38.11009639,-6.70153955,0.21047458,-38.00411467,-6.65373002,-0.02993360,-0.00171448,-0.00255139,-0.04706689,-0.01461707,-0.00844352,1
8.830,-2.29103040,0.12422832,1.51051213,-0.24565103,-0.07089258,-0.09067656,0.09934478,0.02866997,0.03667089,-2.26061833,0.12609835,1.51315499,-0.19925765,-0.05629148,-0.08237767,0.72199595,-37.99300385,-6.64297915,0.72301963,-37.99600713,-6.64508262,-0.54454623,-0.12198413,-0.05796659,0.17847340,-38.11799125,-6.70304921,0.20477733,-38.01309925,-6.65557446,-0.03041207,-0.00187003,-0.00264286,-0.04639338,-0.01460110,-0.00829889,1
8.840,-2.29348194,0.12352082,1.50960720,-0.24465684,-0.07060566,-0.09030957,0.09949387,0.02871300,0.03672593,-2.26259860,0.12554576,1.51234017,-0.19895002,-0.05603328,-0.08215374,0.72318119,-37.99702454,-6.64363623,0.72420490,-38.00003591,-6.64574353,-0.55027304,-0.12571741,-0.05878313,0.17393185,-38.12575332,-6.70452665,0.19918572,-38.02193553,-6.65740056,-0.03088334,-0.00202494,-0.00273297,-0.04570682,-0.01457238,-0.00815583,1
8.850,-2.29592354,0.12281620,1.50870594,-0.24366116,-0.07031832,-0.08994204,0.09964083,0.02875541,0.03678017,-2.26457622,0.12499533,1.51152762,-0.19865292,-0.05578581,-0.08192907,0.72434866,-38.00099945,-6.64427328,0.72537240,-38.00401889,-6.64638442,-0.55586699,-0.12937707,-0.05958201,0.16950541,-38.13339596,-6.70596642,0.19370129,-38.03065999,-6.65920159,-0.03134732,-0.00217913,-0.00282168,-0.04500824,-0.01453251,-0.00801297,1
8.860,-2.29835516,0.12211446,1.50780836,-0.24266403,-0.07003056,-0.08957397,0.09978564,0.02879720,0.03683363,-2.26655125,0.12444699,1.51071730,-0.19836556,-0.05554787,-0.08170471,0.72549891,-38.00492477,-6.64488888,0.72652266,-38.00795221,-6.64700385,-0.56132802,-0.13296762,-0.06036008,0.16519464,-38.14091983,-6.70736394,0.18832353,-38.03926724,-6.66096327,-0.03180391,-0.00233253,-0.00290894,-0.04429847,-0.01448269,-0.00786926,1
8.870,-2.30077681,0.12141559,1.50691446,-0.24166546,-0.06974238,-0.08920537,0.09992830,0.02883837,0.03688629,-2.26852378,0.12390068,1.50990919,-0.19808733,-0.05531854,-0.08148136,0.72663248,-38.00881195,-6.64548588,0.72765623,-38.01184732,-6.64760468,-0.56665646,-0.13649243,-0.06111517,0.16099977,-38.14833976,-6.70871985,0.18305378,-38.04775483,-6.66268163,-0.03225303,-0.00248509,-0.00299473,-0.04357813,-0.01442384,-0.00772401,1
8.880,-2.30318847,0.12071961,1.50602425,-0.24066547,-0.06945379,-0.08883625,0.10006880,0.02887892,0.03693815,-2.27049387,0.12335635,1.50910325,-0.19781770,-0.05509714,-0.08125950,0.72774893,-38.01263809,-6.64606524,0.72877267,-38.01568137,-6.64818787,-0.57185201,-0.13995306,-0.06184562,0.15692066,-38.15563443,-6.71003349,0.17789378,-38.05614826,-6.66434919,-0.03269460,-0.00263674,-0.00307900,-0.04284777,-0.01435665,-0.00757675,1
8.890,-2.30559012,0.12002652,1.50513774,-0.23966409,-0.06916480,-0.08846661,0.10020713,0.02891884,0.03698921,-2.27246158,0.12281394,1.50829946,-0.19755626,-0.05488312,-0.08103938,0.72884774,-38.01643372,-6.64661884,0.72987147,-38.01948483,-6.64874532,-0.57691421,-0.14335074,-0.06255033,0.15295726,-38.16283557,-6.71129565,0.17284291,-38.06443867,-6.66596480,-0.03312854,-0.00278742,-0.00316172,-0.04210783,-0.01428168,-0.00742723,1
8.900,-2.30798174,0.11933632,1.50425492,-0.23866133,-0.06887542,-0.08809647,0.10034329,0.02895813,0.03703947,-2.27442700,0.12227339,1.50749780,-0.19730266,-0.05467610,-0.08082112,0.72992927,-38.02017212,-6.64715958,0.73095296,-38.02323102,-6.64928988,-0.58184247,-0.14668609,-0.06322894,0.14911049,-38.16991711,-6.71251882,0.16790342,-38.07261927,-6.66752495,-0.03355474,-0.00293707,-0.00324288,-0.04135867,-0.01419932,-0.00727535,1
8.910,-2.31036334,0.11864901,1.50337581,-0.23765723,-0.06858564,-0.08772582,0.10047727,0.02899680,0.03708892,-2.27834998,0.12119763,1.50590387,-0.19698193,-0.05443226,-0.08050105,0.73099244,-38.02387619,-6.64767933,0.73201609,-38.02694285,-6.64981344,-0.55738717,-0.13675024,-0.05381243,0.17462892,-38.16369309,-6.70362587,0.18790816,-38.07520881,-6.66023039,-0.03201336,-0.00254862,-0.00252806,-0.04067530,-0.01415338,-0.00722477,1
8.920,-2.31273488,0.11796461,1.50250041,-0.23665179,-0.06829548,-0.08735469,0.10060906,0.02903483,0.03713757,-2.28030760,0.12066241,1.50511156,-0.19667698,-0.05420474,-0.08018378,0.73203927,-38.02752304,-6.64818096,0.73306287,-38.03059740,-6.65031893,-0.56222739,-0.14017190,-0.05476043,0.17083548,-38.17076930,-6.70507936,0.18790816,-38.07529810,-6.66038483,-0.03242728,-0.00269780,-0.00261115,-0.03997481,-0.01409074,-0.00717091,1
8.930,-2.31509637,0.11728310,1.50162872,-0.23564505,-0.06800495,-0.08698307,0.10073865,0.02907223,0.03718541,-2.28226271,0.12012892,1.50432228,-0.19638551,-0.05399083,-0.07986970,0.73306853,-38.03113556,-6.64866161,0.73409206,-38.03421754,-6.65080340,-0.56692537,-0.14349499,-0.05569068,0.16716670,-38.17771253,-6.70649408,0.18313232,-38.08342185,-6.66207582,-0.03283366,-0.00284582,-0.00269356,-0.03925954,-0.01401412,-0.00711337,1
8.940,-2.31744778,0.11660451,1.50076075,-0.23463703,-0.06771404,-0.08661098,0.10086603,0.02910899,0.03723243,-2.28421537,0.11959711,1.50353601,-0.19610574,-0.05378846,-0.07955910,0.73407966,-38.03469467,-6.64912844,0.73510313,-38.03778423,-6.65127405,-0.57148328,-0.14672768,-0.05660177,0.16361985,-38.18451191,-6.70787582,0.17847340,-38.09140058,-6.66373555,-0.03323241,-0.00299260,-0.00277526,-0.03853129,-0.01392558,-0.00705188,1
8.950,-2.31978911,0.11592882,1.49989650,-0.23362774,-0.06742277,-0.08623843,0.10099120,0.02914511,0.03727863,-2.28616565,0.11906692,1.50275269,-0.19583631,-0.05359606,-0.07925221,0.73507404,-38.03821564,-6.64957428,0.73609745,-38.04131273,-6.65172371,-0.57590294,-0.14987715,-0.05749263,0.16019451,-38.19118988,-6.70921635,0.17393185,-38.09924389,-6.66536089,-0.03362346,-0.00313810,-0.00285619,-0.03779143,-0.01382671,-0.00698622,1
8.960,-2.32212033,0.11525605,1.49903598,-0.23261721,-0.06713114,-0.08586541,0.10111415,0.02918060,0.03732402,-2.28811361,0.11853831,1.50197229,-0.19557615,-0.05341242,-0.07894915,0.73605025,-38.04169464,-6.65000486,0.73707355,-38.04479921,-6.65215813,-0.58018516,-0.15294763,-0.05836225,0.15688838,-38.19774684,-6.71052037,0.16950541,-38.10696520,-6.66694645,-0.03400672,-0.00328226,-0.00293631,-0.03704106,-0.01371872,-0.00691626,1
8.970,-2.32444145,0.11458620,1.49817919,-0.23160547,-0.06683916,-0.08549195,0.10123488,0.02921544,0.03736858,-2.29005930,0.11801121,1.50119477,-0.19532441,-0.05323662,-0.07864996,0.73700958,-38.04512405,-6.65041876,0.73803278,-38.04823604,-6.65257584,-0.58433095,-0.15594253,-0.05921006,0.15370183,-38.20417857,-6.71178589,0.16519464,-38.11456522,-6.66848775,-0.03438215,-0.00342501,-0.00301558,-0.03628106,-0.01360254,-0.00684199,1
8.980,-2.32675244,0.11391927,1.49732614,-0.23059252,-0.06654684,-0.08511805,0.10135337,0.02924963,0.03741232,-2.29200279,0.11748559,1.50042008,-0.19508044,-0.05306795,-0.07835461,0.73795056,-38.04851913,-6.65081024,0.73897366,-38.05163848,-6.65297113,-0.58834032,-0.15886419,-0.06003549,0.15063334,-38.21050267,-6.71300662,0.16099977,-38.12205879,-6.66998556,-0.03474965,-0.00356632,-0.00309394,-0.03551208,-0.01347889,-0.00676344,1
8.990,-2.32905329,0.11325527,1.49647683,-0.22957841,-0.06625417,-0.08474371,0.10146962,0.02928318,0.03745523,-2.29588336,0.11643858,1.49887908,-0.19479127,-0.05287148,-0.07799381,0.73887450,-38.05186844,-6.65118790,0.73989746,-38.05499512,-6.65335260,-0.56322777,-0.14881412,-0.05101209,0.17666969,-38.20380924,-6.70436469,0.15295726,-38.13669453,-6.67283994,-0.03316993,-0.00318331,-0.00240225,-0.03478714,-0.01338269,-0.00674990,1
9.000,-2.33134400,0.11259419,1.49563127,-0.22856314,-0.06596117,-0.08436894,0.10158362,0.02931608,0.03749731,-2.29782055,0.11591708,1.49811271,-0.19452331,-0.05269096,-0.07765475,0.73978031,-38.05517578,-6.65154648,0.74080314,-38.05830972,-6.65371498,-0.56706943,-0.15174800,-0.05195472,0.17373371,-38.21005772,-6.70566971,0.14911049,-38.14384240,-6.67420005,-0.03352345,-0.00332289,-0.00248144,-0.03403983,-0.01327021,-0.00671419,1
9.010,-2.33362455,0.11193604,1.49478945,-0.22754674,-0.06566785,-0.08399376,0.10169536,0.02934832,0.03753855,-2.30168846,0.11487815,1.49658906,-0.19421139,-0.05248845,-0.07724080,0.74066764,-38.05844498,-6.65189075,0.74169033,-38.06158611,-6.65406308,-0.54188203,-0.14178021,-0.04318960,0.19980830,-38.20336632,-6.69725268,0.17462892,-38.13775263,-6.66562638,-0.03193609,-0.00294211,-0.00179961,-0.03333535,-0.01317940,-0.00675296,1
9.020,-2.33589493,0.11128083,1.49395139,-0.22652924,-0.06537421,-0.08361818,0.10180483,0.02937992,0.03757897,-2.30361887,0.11436061,1.49583267,-0.19391889,-0.05230469,-0.07684024,0.74153835,-38.06167603,-6.65221882,0.74256089,-38.06482433,-6.65439492,-0.54556379,-0.14467889,-0.04431571,0.19699709,-38.20950322,-6.69871063,0.17083548,-38.14489260,-6.66726008,-0.03227606,-0.00307978,-0.00188128,-0.03261035,-0.01306952,-0.00677794,1
9.030,-2.33815513,0.11062856,1.49311709,-0.22551065,-0.06508026,-0.08324219,0.10191204,0.02941086,0.03761854,-2.30554700,0.11384431,1.49507982,-0.19364221,-0.05213602,-0.07645139,0.74239075,-38.06485748,-6.65252876,0.74341312,-38.06801288,-6.65470868,-0.54909375,-0.14745812,-0.04540871,0.19431937,-38.21547099,-6.70011739,0.16716670,-38.15189751,-6.66885167,-0.03260813,-0.00321575,-0.00196273,-0.03186844,-0.01294424,-0.00679080,1
9.040,-2.34040514,0.10997923,1.49228655,-0.22449100,-0.06478599,-0.08286581,0.10201696,0.02944114,0.03765727,-2.30747287,0.11332921,1.49433045,-0.19337862,-0.05197969,-0.07607297,0.74322486,-38.06800079,-6.65282536,0.74424706,-38.07116323,-6.65500906,-0.55247656,-0.15013070,-0.04647097,0.19177051,-38.22129393,-6.70148003,0.16361985,-38.15875656,-6.67040697,-0.03293227,-0.00334998,-0.00204390,-0.03111238,-0.01280630,-0.00679284,1
9.050,-2.34264495,0.10933284,1.49145978,-0.22347032,-0.06449143,-0.08248904,0.10211960,0.02947076,0.03769515,-2.30939656,0.11281525,1.49358448,-0.19312601,-0.05183359,-0.07570398,0.74404132,-38.07110977,-6.65310192,0.74506335,-38.07427920,-6.65528943,-0.55571559,-0.15270630,-0.04750402,0.18934776,-38.22698550,-6.70279345,0.16019451,-38.16549223,-6.67191783,-0.03324839,-0.00348241,-0.00212470,-0.03034431,-0.01265784,-0.00678506,1
9.060,-2.34487455,0.10868940,1.49063677,-0.22244862,-0.06419658,-0.08211191,0.10221994,0.02949971,0.03773219,-2.31131809,0.11230242,1.49284185,-0.19288277,-0.05169612,-0.07534365,0.74483997,-38.07417679,-6.65336418,0.74586180,-38.07735315,-6.65555547,-0.55881325,-0.15519170,-0.04850922,0.18704855,-38.23254485,-6.70406469,0.15688838,-38.17210498,-6.67338905,-0.03355646,-0.00361302,-0.00220508,-0.02956585,-0.01250046,-0.00676826,1
9.070,-2.34709392,0.10804891,1.48981754,-0.22142593,-0.06390144,-0.08173440,0.10231797,0.02952801,0.03776838,-2.31323751,0.11179066,1.49210251,-0.19264766,-0.05156605,-0.07499134,0.74561989,-38.07720566,-6.65361404,0.74664153,-38.08038888,-6.65580911,-0.56177115,-0.15759210,-0.04948704,0.18487038,-38.23798098,-6.70529615,0.15370183,-38.17859065,-6.67481870,-0.03385641,-0.00374175,-0.00228497,-0.02877827,-0.01233539,-0.00674306,1
9.080,-2.34930306,0.10741137,1.48900209,-0.22040227,-0.06360602,-0.08135654,0.10241370,0.02955563,0.03780372,-2.31707016,0.11077031,1.49063345,-0.19236809,-0.05141542,-0.07456684,0.74638230,-38.08019638,-6.65384674,0.74740371,-38.08338644,-6.65604559,-0.53596252,-0.14730457,-0.04110842,0.21144119,-38.23069101,-6.69715401,0.15063334,-38.18502090,-6.67635994,-0.03223290,-0.00335894,-0.00163136,-0.02803418,-0.01219060,-0.00678970,1
9.090,-2.35150196,0.10677679,1.48819041,-0.21937766,-0.06331033,-0.08097833,0.10250711,0.02958259,0.03783820,-2.31898303,0.11026171,1.48990461,-0.19209783,-0.05127635,-0.07414614,0.74712652,-38.08314514,-6.65406322,0.74814771,-38.08634196,-6.65626586,-0.53877678,-0.14967819,-0.04229327,0.20937094,-38.23602015,-6.69855914,0.17666969,-38.17837968,-6.66792267,-0.03251893,-0.00348492,-0.00171420,-0.02727983,-0.01203398,-0.00683219,1
9.100,-2.35369061,0.10614517,1.48738252,-0.21835213,-0.06301437,-0.08059978,0.10259820,0.02960888,0.03787182,-2.32089352,0.10975413,1.48917979,-0.19183557,-0.05114677,-0.07373025,0.74785304,-38.08606339,-6.65426874,0.74887400,-38.08926692,-6.65647514,-0.54145548,-0.15195447,-0.04346827,0.20741852,-38.24122139,-6.69994341,0.17373371,-38.18467869,-6.66942842,-0.03279709,-0.00360896,-0.00179727,-0.02651656,-0.01186760,-0.00686953,1
9.110,-2.35586900,0.10551651,1.48657842,-0.21732571,-0.06271816,-0.08022090,0.10268695,0.02963449,0.03790458,-2.32280163,0.10924760,1.48845893,-0.19157932,-0.05102332,-0.07331910,0.74856097,-38.08893585,-6.65445614,0.74958168,-38.09214603,-6.65666630,-0.54400247,-0.15415142,-0.04463297,0.20557921,-38.24629745,-6.70129927,0.17373371,-38.18473124,-6.66962687,-0.03306737,-0.00373109,-0.00188051,-0.02574639,-0.01169484,-0.00690180,1
9.120,-2.35803712,0.10489081,1.48577810,-0.21629840,-0.06242169,-0.07984169,0.10277336,0.02965943,0.03793648,-2.32470699,0.10874209,1.48774291,-0.19131860,-0.05090526,-0.07288974,0.74925065,-38.09177780,-6.65463066,0.75027110,-38.09499457,-6.65684459,-0.54644397,-0.15627179,-0.04585627,0.20382713,-38.25126637,-6.70270087,0.19980830,-38.17809078,-6.66145186,-0.03333013,-0.00385128,-0.00196481,-0.02497980,-0.01151643,-0.00695195,1
9.130,-2.36019497,0.10426807,1.48498158,-0.21527025,-0.06212497,-0.07946217,0.10285743,0.02968369,0.03796751,-2.32660965,0.10823757,1.48703163,-0.19105548,-0.05079195,-0.07244939,0.74992239,-38.09458160,-6.65479088,0.75094259,-38.09780491,-6.65700857,-0.54877531,-0.15831817,-0.04711847,0.20216728,-38.25612308,-6.70412704,0.19699709,-38.18427720,-6.66314646,-0.03358532,-0.00396950,-0.00205005,-0.02421477,-0.01133302,-0.00701278,1
9.140,-2.36234252,0.10364831,1.48418886,-0.21424126,-0.06182802,-0.07908235,0.10293914,0.02970727,0.03799767,-2.32850965,0.10773402,1.48632497,-0.19079150,-0.05068287,-0.07200342,0.75057501,-38.09735489,-6.65493631,0.75159493,-38.10058467,-6.65715775,-0.55099245,-0.16029212,-0.04840482,0.20060248,-38.26087679,-6.70556257,0.19431937,-38.19029319,-6.66478463,-0.03383287,-0.00408571,-0.00213611,-0.02344976,-0.01114515,-0.00707893,1
9.150,-2.36447979,0.10303151,1.48339994,-0.21321147,-0.06153083,-0.07870222,0.10301849,0.02973017,0.03802696,-2.33040701,0.10723140,1.48562285,-0.19052773,-0.05057758,-0.07155579,0.75120950,-38.10009384,-6.65506697,0.75222914,-38.10333005,-6.65729215,-0.55309306,-0.16219553,-0.04970406,0.19913608,-38.26552558,-6.70699621,0.19177051,-38.19616306,-6.66637357,-0.03407278,-0.00419989,-0.00222291,-0.02268374,-0.01095325,-0.00714643,1
9.160,-2.36660675,0.10241769,1.48261482,-0.21218090,-0.06123341,-0.07832181,0.10309546,0.02975238,0.03805537,-2.33230178,0.10672970,1.48492514,-0.19026497,-0.05047577,-0.07110941,0.75182557,-38.10278702,-6.65518475,0.75284491,-38.10602959,-6.65741367,-0.55507465,-0.16402904,-0.05100773,0.19777026,-38.27005863,-6.70842140,0.18934776,-38.20190034,-6.66790832,-0.03430497,-0.00431201,-0.00231032,-0.02191593,-0.01075764,-0.00721240,1
9.170,-2.36872340,0.10180685,1.48183350,-0.21114957,-0.06093578,-0.07794112,0.10317006,0.02977391,0.03808291,-2.33419398,0.10622888,1.48423177,-0.19000374,-0.05037715,-0.07066638,0.75242358,-38.10544968,-6.65529251,0.75344262,-38.10869855,-6.65752517,-0.55693570,-0.16579353,-0.05230929,0.19650692,-38.27449209,-6.70983446,0.18704855,-38.20750421,-6.66939604,-0.03452942,-0.00442203,-0.00239827,-0.02114583,-0.01055863,-0.00727474,1
9.180,-2.37082974,0.10119898,1.48105600,-0.21011751,-0.06063794,-0.07756015,0.10324227,0.02979475,0.03810956,-2.33608364,0.10572894,1.48354263,-0.18974443,-0.05028148,-0.07022824,0.75300336,-38.10807419,-6.65538454,0.75402208,-38.11132932,-6.65762094,-0.55867509,-0.16748985,-0.05360340,0.19534699,-38.27881916,-6.71122434,0.18487038,-38.21298374,-6.67083924,-0.03474610,-0.00452996,-0.00248663,-0.02037308,-0.01035646,-0.00733191,1
9.190,-2.37292575,0.10059409,1.48028230,-0.20908473,-0.06033989,-0.07717893,0.10331209,0.02981490,0.03813534,-2.33985427,0.10473164,1.48217945,-0.18940485,-0.05016621,-0.06964856,0.75356370,-38.11067581,-6.65546560,0.75458210,-38.11393712,-6.65770572,-0.53220256,-0.15677405,-0.04643819,0.22237954,-38.27071117,-6.70414391,0.21144119,-38.20578082,-6.66319925,-0.03307148,-0.00413755,-0.00189715,-0.01967988,-0.01017368,-0.00753037,1
9.200,-2.37501143,0.09999218,1.47951242,-0.20805127,-0.06004164,-0.07679745,0.10337951,0.02983436,0.03816022,-2.34173525,0.10423431,1.48150522,-0.18907834,-0.05005791,-0.06909215,0.75410575,-38.11323547,-6.65553093,0.75512382,-38.11650292,-6.65777477,-0.53389230,-0.15844727,-0.04812097,0.22123151,-38.27495018,-6.70589573,0.20937094,-38.21115364,-6.66484767,-0.03327618,-0.00424213,-0.00199280,-0.01897293,-0.00998373,-0.00770530,1
9.210,-2.37708677,0.09939326,1.47874635,-0.20701715,-0.05974320,-0.07641573,0.10344453,0.02985312,0.03818422,-2.34361340,0.10373784,1.48083573,-0.18876231,-0.04995524,-0.06855633,0.75462943,-38.11576462,-6.65558672,0.75564716,-38.11903813,-6.65783425,-0.53544756,-0.16003831,-0.04976386,0.22019960,-38.27907643,-6.70759812,0.20741852,-38.21639778,-6.66646897,-0.03347337,-0.00434458,-0.00208938,-0.01825484,-0.00978796,-0.00785940,1
9.220,-2.37915177,0.09879732,1.47798410,-0.20598239,-0.05944458,-0.07603377,0.10350712,0.02987118,0.03820733,-2.34548872,0.10324221,1.48017086,-0.18845478,-0.04985715,-0.06803907,0.75513422,-38.11825180,-6.65562916,0.75615159,-38.12153132,-6.65788040,-0.53687195,-0.16155233,-0.05137022,0.21927963,-38.28308364,-6.70925062,0.20557921,-38.22151602,-6.66805564,-0.03366305,-0.00444489,-0.00218676,-0.01752761,-0.00958743,-0.00799470,1
9.230,-2.38120642,0.09820436,1.47722568,-0.20494702,-0.05914578,-0.07565158,0.10356730,0.02988855,0.03822954,-2.34736124,0.10274741,1.47951047,-0.18815421,-0.04976280,-0.06753903,0.75562036,-38.12071609,-6.65565872,0.75663736,-38.12400156,-6.65791366,-0.53816805,-0.16299324,-0.05294152,0.21846931,-38.28699480,-6.71085518,0.20382713,-38.22652649,-6.66968141,-0.03384518,-0.00454305,-0.00228479,-0.01679281,-0.00938298,-0.00811255,1
9.240,-2.38325071,0.09761440,1.47647107,-0.20391105,-0.05884681,-0.07526918,0.10362504,0.02990521,0.03825085,-2.35109800,0.10176027,1.47820259,-0.18779066,-0.04965118,-0.06695024,0.75608844,-38.12314987,-6.65567684,0.75710506,-38.12644123,-6.65793549,-0.51146844,-0.15213528,-0.04626669,0.24563662,-38.27857651,-6.70420218,0.20060248,-38.23621862,-6.67297064,-0.03215271,-0.00414587,-0.00173152,-0.01612039,-0.00919563,-0.00831894,1
9.250,-2.38528464,0.09702743,1.47572029,-0.20287452,-0.05854768,-0.07488657,0.10368035,0.02992117,0.03827127,-2.35296226,0.10126791,1.47755481,-0.18744971,-0.04954732,-0.06640710,0.75653708,-38.12554932,-6.65568304,0.75755333,-38.12884651,-6.65794537,-0.51265452,-0.15353270,-0.04800888,0.24489881,-38.28237921,-6.70595426,0.19913608,-38.24090770,-6.67460737,-0.03232238,-0.00424048,-0.00183452,-0.01542481,-0.00900036,-0.00847947,1
9.260,-2.38730820,0.09644345,1.47497334,-0.20183745,-0.05824839,-0.07450376,0.10373321,0.02993643,0.03829078,-2.35482382,0.10077636,1.47691095,-0.18712619,-0.04944943,-0.06590180,0.75696689,-38.12791824,-6.65567827,0.75798273,-38.13122120,-6.65794425,-0.51368996,-0.15484493,-0.04965724,0.24429277,-38.28606614,-6.70760149,0.19777026,-38.24548075,-6.67622845,-0.03248438,-0.00433291,-0.00193761,-0.01471126,-0.00879896,-0.00860196,1
9.270,-2.38932139,0.09586246,1.47423022,-0.20079987,-0.05794896,-0.07412076,0.10378361,0.02995098,0.03830939,-2.35668268,0.10028559,1.47627087,-0.18681618,-0.04935613,-0.06542848,0.75737709,-38.13026047,-6.65566206,0.75839252,-38.13356913,-6.65793173,-0.51458239,-0.15607883,-0.05122452,0.24381013,-38.28964796,-6.70915625,0.19650692,-38.24995398,-6.67783019,-0.03263871,-0.00442313,-0.00204065,-0.01398369,-0.00859283,-0.00869228,1
9.280,-2.39132420,0.09528447,1.47349093,-0.19976179,-0.05764938,-0.07373757,0.10383156,0.02996481,0.03832709,-2.35853887,0.09979562,1.47563441,-0.18651670,-0.04926636,-0.06498274,0.75776970,-38.13256836,-6.65563583,0.75878472,-38.13588268,-6.65790915,-0.51533738,-0.15723927,-0.05271989,0.24344734,-38.29312194,-6.71062904,0.19534699,-38.25432063,-6.67940158,-0.03278533,-0.00451115,-0.00214348,-0.01324509,-0.00838302,-0.00875483,1
9.290,-2.39331662,0.09470947,1.47275547,-0.19872324,-0.05734966,-0.07335422,0.10387704,0.02997794,0.03834387,-2.36039237,0.09930648,1.47500153,-0.18622515,-0.04917832,-0.06455918,0.75814241,-38.13483810,-6.65559721,0.75915701,-38.13815802,-6.65787420,-0.51596004,-0.15833652,-0.05415615,0.24319696,-38.29649453,-6.71203035,0.19534699,-38.25436206,-6.67958010,-0.03292425,-0.00459701,-0.00224606,-0.01249809,-0.00817134,-0.00879504,1
9.300,-2.39529866,0.09413748,1.47202384,-0.19768426,-0.05704982,-0.07297070,0.10392004,0.02999035,0.03835975,-2.36224282,0.09881818,1.47437287,-0.18593023,-0.04909118,-0.06413570,0.75849628,-38.13708496,-6.65554953,0.75951044,-38.14041040,-6.65783016,-0.51647877,-0.15937469,-0.05559710,0.24303168,-38.29978509,-6.71342726,0.22237954,-38.24629629,-6.67271128,-0.03305584,-0.00468070,-0.00234903,-0.01175403,-0.00795864,-0.00883500,1
9.310,-2.39727031,0.09356848,1.47129606,-0.19664485,-0.05674986,-0.07258703,0.10396056,0.03000204,0.03837470,-2.36593465,0.09784414,1.47312749,-0.18555769,-0.04898320,-0.06362102,0.75883156,-38.13930893,-6.65549040,0.75984527,-38.14263984,-6.65777466,-0.48937378,-0.14829735,-0.04919757,0.27047149,-38.29093719,-6.70697224,0.22019960,-38.25474681,-6.67655962,-0.03133566,-0.00427566,-0.00183143,-0.01108716,-0.00776666,-0.00896601,1
9.320,-2.39923155,0.09300248,1.47057210,-0.19560505,-0.05644978,-0.07220321,0.10399859,0.03001302,0.03838874,-2.36777604,0.09735841,1.47251038,-0.18520312,-0.04888067,-0.06314354,0.75914776,-38.14150238,-6.65542126,0.76016102,-38.14483868,-6.65770916,-0.48983246,-0.14932505,-0.05082271,0.27032856,-38.29416373,-6.70853187,0.21927963,-38.25879710,-6.67839508,-0.03145551,-0.00435593,-0.00193828,-0.01040193,-0.00756911,-0.00905967,1
9.330,-2.40118240,0.09243948,1.46985199,-0.19456489,-0.05614960,-0.07181925,0.10403412,0.03002327,0.03840186,-2.36961444,0.09687355,1.47189674,-0.18486232,-0.04878207,-0.06269850,0.75944400,-38.14366531,-6.65534449,0.76045679,-38.14700697,-6.65763602,-0.49015208,-0.15027946,-0.05236165,0.27030470,-38.29728643,-6.70999766,0.21846931,-38.26275167,-6.68017349,-0.03156796,-0.00443407,-0.00204475,-0.00970257,-0.00736753,-0.00912075,1
9.340,-2.40312285,0.09187949,1.46913572,-0.19352438,-0.05584932,-0.07143517,0.10406714,0.03003280,0.03841405,-2.37144947,0.09638959,1.47128719,-0.18452249,-0.04868569,-0.06226281,0.75972134,-38.14579773,-6.65525293,0.76073364,-38.14914466,-6.65754808,-0.49036370,-0.15116959,-0.05388009,0.27036994,-38.30031424,-6.71142817,0.24563662,-38.25437823,-6.67372431,-0.03167338,-0.00451010,-0.00215147,-0.00900189,-0.00716363,-0.00917236,1
9.350,-2.40505289,0.09132250,1.46842329,-0.19248355,-0.05554895,-0.07105098,0.10409765,0.03004160,0.03842531,-2.37328113,0.09590655,1.47068164,-0.18418340,-0.04859006,-0.06183580,0.75997865,-38.14789963,-6.65515518,0.76099048,-38.15125179,-6.65745393,-0.49046767,-0.15200398,-0.05537886,0.27052281,-38.30325577,-6.71283279,0.24563662,-38.25442492,-6.67392479,-0.03177176,-0.00458405,-0.00225835,-0.00830015,-0.00695889,-0.00921518,1
9.360,-2.40697252,0.09076851,1.46771470,-0.19144244,-0.05524849,-0.07066667,0.10412565,0.03004968,0.03843564,-2.37510943,0.09542447,1.47007989,-0.18384513,-0.04849472,-0.06142048,0.76021886,-38.14998245,-6.65504932,0.76123019,-38.15333975,-6.65735167,-0.49046374,-0.15278526,-0.05684774,0.27076644,-38.30612502,-6.71419941,0.24489881,-38.25827486,-6.67586700,-0.03186309,-0.00465596,-0.00236519,-0.00759731,-0.00675377,-0.00924619,1
9.370,-2.40888174,0.09021753,1.46700996,-0.19040105,-0.05494795,-0.07028227,0.10415111,0.03005703,0.03844504,-2.37693439,0.09494333,1.46948176,-0.18350770,-0.04839934,-0.06101880,0.76043761,-38.15203857,-6.65492916,0.76144842,-38.15540098,-6.65723509,-0.49035177,-0.15351516,-0.05827923,0.27109665,-38.30891614,-6.71551431,0.24429277,-38.26200955,-6.67769460,-0.03194735,-0.00472580,-0.00247180,-0.00689335,-0.00654861,-0.00926347,1
9.380,-2.41078054,0.08966955,1.46630906,-0.18935942,-0.05464735,-0.06989777,0.10417403,0.03006365,0.03845350,-2.37875600,0.09446317,1.46888704,-0.18317107,-0.04830366,-0.06063199,0.76063764,-38.15406418,-6.65480375,0.76164794,-38.15743160,-6.65711325,-0.49013162,-0.15419544,-0.05966797,0.27151631,-38.31162704,-6.71678123,0.24381013,-38.26563963,-6.67942046,-0.03202454,-0.00479362,-0.00257798,-0.00618835,-0.00634369,-0.00926578,1
9.390,-2.41266893,0.08912458,1.46561200,-0.18831758,-0.05434668,-0.06951320,0.10419442,0.03006953,0.03846103,-2.38238922,0.09350577,1.46770718,-0.18275183,-0.04818294,-0.06018385,0.76081824,-38.15606689,-6.65467024,0.76182801,-38.15943928,-6.65698332,-0.46274430,-0.14299373,-0.05355254,0.29908371,-38.30243301,-6.71053586,0.24319696,-38.27258415,-6.68261064,-0.03027971,-0.00438119,-0.00209518,-0.00556575,-0.00616374,-0.00932935,1
9.400,-2.41454689,0.08858262,1.46491879,-0.18727554,-0.05404596,-0.06912856,0.10421225,0.03007468,0.03846761,-2.38420083,0.09302856,1.46712169,-0.18235414,-0.04806754,-0.05977509,0.76097947,-38.15803909,-6.65452766,0.76198870,-38.16141639,-6.65684430,-0.46248118,-0.14369468,-0.05501543,0.29950752,-38.30511107,-6.71185973,0.24303168,-38.27592442,-6.68415286,-0.03034606,-0.00444594,-0.00220290,-0.00492140,-0.00597842,-0.00935347,1
9.410,-2.41641444,0.08804366,1.46422943,-0.18623334,-0.05374519,-0.06874385,0.10422752,0.03007908,0.03847325,-2.38781292,0.09207726,1.46596106,-0.18187048,-0.04792850,-0.05929665,0.76112133,-38.15998840,-6.65437555,0.76213001,-38.16337054,-6.65669575,-0.43522451,-0.13258576,-0.04912498,0.32690549,-38.29595631,-6.70582073,0.27047149,-38.26718151,-6.67804157,-0.02860152,-0.00403360,-0.00173163,-0.00436286,-0.00581669,-0.00944720,1
9.420,-2.41827156,0.08750771,1.46354391,-0.18519100,-0.05344438,-0.06835909,0.10424023,0.03008275,0.03847794,-2.38961341,0.09160323,1.46538565,-0.18141509,-0.04779717,-0.05885761,0.76124364,-38.16191864,-6.65421534,0.76225176,-38.16530555,-6.65653908,-0.43492872,-0.13329449,-0.05069402,0.32732304,-38.29860004,-6.70723309,0.27032856,-38.27046214,-6.67976163,-0.02865815,-0.00409552,-0.00184174,-0.00377591,-0.00564721,-0.00950148,1
9.430,-2.42011826,0.08697477,1.46286225,-0.18414855,-0.05314354,-0.06797430,0.10425037,0.03008568,0.03848168,-2.39320328,0.09065847,1.46424373,-0.18088830,-0.04764354,-0.05838169,0.76134574,-38.16381454,-6.65404749,0.76235329,-38.16720615,-6.65637476,-0.40777685,-0.12227024,-0.04493982,0.35457645,-38.28947640,-6.70131458,0.27036994,-38.27672292,-6.68295119,-0.02691498,-0.00368370,-0.00138148,-0.00326025,-0.00550000,-0.00959261,1
9.440,-2.42195453,0.08644484,1.46218443,-0.18310600,-0.05284267,-0.06758946,0.10425792,0.03008786,0.03848447,-2.39499265,0.09018776,1.46367685,-0.18040054,-0.04750020,-0.05795820,0.76142883,-38.16568756,-6.65387106,0.76243581,-38.16908383,-6.65620184,-0.40739769,-0.12297078,-0.04648020,0.35503811,-38.29205460,-6.70268204,0.27052281,-38.27972068,-6.68448892,-0.02696188,-0.00374292,-0.00149242,-0.00270546,-0.00534247,-0.00963126,1
9.450,-2.42378038,0.08591792,1.46151046,-0.18206340,-0.05254179,-0.06720461,0.10426288,0.03008929,0.03848630,-2.39677831,0.08971820,1.46311246,-0.17994197,-0.04736421,-0.05757842,0.76149178,-38.16754913,-6.65368795,0.76249816,-38.17094997,-6.65602225,-0.40685944,-0.12358786,-0.04789366,0.35563871,-38.29453783,-6.70391591,0.27076644,-38.28264689,-6.68597987,-0.02700207,-0.00380028,-0.00160200,-0.00212143,-0.00517758,-0.00962619,1
9.460,-2.42559580,0.08539401,1.46084034,-0.18102075,-0.05224089,-0.06681974,0.10426525,0.03008997,0.03848717,-2.39856026,0.08924979,1.46255039,-0.17950520,-0.04723337,-0.05723568,0.76153553,-38.16937256,-6.65349770,0.76254131,-38.17277790,-6.65583550,-0.40617680,-0.12413282,-0.04919464,0.35636450,-38.29691072,-6.70503015,0.27109665,-38.28549571,-6.68741059,-0.02703554,-0.00385578,-0.00171005,-0.00151555,-0.00500752,-0.00958406,1
9.470,-2.42740079,0.08487310,1.46017406,-0.17997810,-0.05193999,-0.06643487,0.10426502,0.03008990,0.03848709,-2.40033849,0.08878255,1.46199047,-0.17908463,-0.04710603,-0.05692485,0.76155931,-38.17118073,-6.65329790,0.76256448,-38.17459052,-6.65563919,-0.40536112,-0.12461461,-0.05039400,0.35720337,-38.29920513,-6.70603320,0.27151631,-38.28826504,-6.68878505,-0.02706230,-0.00390945,-0.00181641,-0.00089347,-0.00483396,-0.00951002,1
9.480,-2.42919536,0.08435521,1.45951164,-0.17893546,-0.05163909,-0.06605000,0.10426217,0.03008908,0.03848604,-2.40211300,0.08831651,1.46143263,-0.17867623,-0.04698051,-0.05663952,0.76156271,-38.17295837,-6.65309286,0.76256725,-38.17637255,-6.65543763,-0.40442061,-0.12504187,-0.05150665,0.35814664,-38.30141442,-6.70694428,0.27151631,-38.28832506,-6.68888945,-0.02708236,-0.00396130,-0.00192099,-0.00025923,-0.00465858,-0.00941048,1
9.490,-2.43097950,0.08384032,1.45885306,-0.17789286,-0.05133821,-0.06566515,0.10425671,0.03008751,0.03848402,-2.40564972,0.08738819,1.46032464,-0.17816488,-0.04682366,-0.05629893,0.76154703,-38.17471695,-6.65288067,0.76255096,-38.17813545,-6.65522892,-0.37709473,-0.11399298,-0.04555518,0.38545623,-38.29212842,-6.70078410,0.29950752,-38.28193452,-6.68422115,-0.02532978,-0.00354787,-0.00147158,0.00027202,-0.00451455,-0.00936622,1
9.500,-2.43275322,0.08332844,1.45819834,-0.17685034,-0.05103735,-0.06528033,0.10424862,0.03008517,0.03848103,-2.40741193,0.08692595,1.45977425,-0.17767879,-0.04667367,-0.05598405,0.76151031,-38.17646790,-6.65266132,0.76251359,-38.17989065,-6.65501302,-0.37617994,-0.11448689,-0.04673815,0.38633365,-38.29437754,-6.70175117,0.29950752,-38.28199922,-6.68434003,-0.02534129,-0.00359751,-0.00157591,0.00082845,-0.00436368,-0.00929628,1
9.510,-2.43451651,0.08281957,1.45754746,-0.17580790,-0.05073651,-0.06489553,0.10423789,0.03008208,0.03847708,-2.40916965,0.08646506,1.45922674,-0.17720221,-0.04652759,-0.05567584,0.76145428,-38.17818069,-6.65243530,0.76245691,-38.18160763,-6.65479045,-0.37515704,-0.11491978,-0.04789213,0.38729988,-38.29652741,-6.70268258,0.32690549,-38.27291163,-6.67844512,-0.02534686,-0.00364549,-0.00167928,0.00139431,-0.00420892,-0.00921969,1
9.520,-2.43626938,0.08231371,1.45690043,-0.17476559,-0.05043571,-0.06451079,0.10422453,0.03007822,0.03847214,-2.41267164,0.08554739,1.45813972,-0.17662051,-0.04634917,-0.05531186,0.76137882,-38.17987061,-6.65220547,0.76238079,-38.18330166,-6.65456405,-0.34802257,-0.10401910,-0.04212159,0.41435822,-38.28732076,-6.69668565,0.32732304,-38.27569309,-6.68012313,-0.02359774,-0.00323368,-0.00123929,0.00185492,-0.00408654,-0.00919893,1
9.530,-2.43801182,0.08181086,1.45625724,-0.17372342,-0.05013495,-0.06412609,0.10420852,0.03007360,0.03846623,-2.41441554,0.08509069,1.45760063,-0.17606273,-0.04617924,-0.05496115,0.76128280,-38.18154526,-6.65196800,0.76228410,-38.18498037,-6.65433002,-0.34705559,-0.10452536,-0.04339127,0.41522851,-38.28950573,-6.69772130,0.35457645,-38.26664166,-6.67436008,-0.02359628,-0.00327983,-0.00134339,0.00233931,-0.00395571,-0.00916494,1
9.540,-2.43974384,0.08131101,1.45561790,-0.17268143,-0.04983424,-0.06374147,0.10418985,0.03006821,0.03845934,-2.41788872,0.08418171,1.45653103,-0.17540088,-0.04597828,-0.05455645,0.76116610,-38.18320465,-6.65172482,0.76216671,-38.18664373,-6.65409025,-0.32019975,-0.09380396,-0.03784909,0.44196696,-38.28044770,-6.69193934,0.35563871,-38.27185013,-6.67724473,-0.02185512,-0.00287070,-0.00091313,0.00271945,-0.00385596,-0.00918502,1
9.550,-2.44146545,0.08081417,1.45498241,-0.17163963,-0.04953358,-0.06335691,0.10416851,0.03006205,0.03845146,-2.41961799,0.08372945,1.45600020,-0.17478239,-0.04579021,-0.05418827,0.76102978,-38.18484116,-6.65147448,0.76202970,-38.18828416,-6.65384331,-0.31926007,-0.09436134,-0.03916965,0.44276963,-38.28264550,-6.69301297,0.35636450,-38.27429772,-6.67848829,-0.02184746,-0.00291528,-0.00101779,0.00314276,-0.00374337,-0.00916864,1
9.560,-2.44317664,0.08032034,1.45435076,-0.17059806,-0.04923300,-0.06297244,0.10414451,0.03005513,0.03844260,-2.42134236,0.08327869,1.45547180,-0.17419615,-0.04561146,-0.05385115,0.76087332,-38.18645859,-6.65121889,0.76187253,-38.18990544,-6.65359112,-0.31817348,-0.09483503,-0.04039466,0.44369905,-38.28474047,-6.69398578,0.35720337,-38.27666751,-6.67961329,-0.02183428,-0.00295835,-0.00112104,0.00359809,-0.00362154,-0.00912129,1
9.570,-2.44487741,0.07982951,1.45372296,-0.16955675,-0.04893248,-0.06258806,0.10411782,0.03004743,0.03843275,-2.42306183,0.08282946,1.45494570,-0.17363378,-0.04543939,-0.05354076,0.76069647,-38.18805313,-6.65095901,0.76169498,-38.19150377,-6.65333463,-0.31695698,-0.09523877,-0.04153307,0.44473800,-38.28674254,-6.69486769,0.35814664,-38.27895285,-6.68063949,-0.02181558,-0.00299995,-0.00122274,0.00407703,-0.00349309,-0.00904730,1
9.580,-2.44656777,0.07934169,1.45309900,-0.16851572,-0.04863205,-0.06220379,0.10408845,0.03003895,0.03842191,-2.42477601,0.08238180,1.45442242,-0.17307990,-0.04527113,-0.05323756,0.76049930,-38.18962860,-6.65068865,0.76149707,-38.19308295,-6.65306763,-0.31564712,-0.09558792,-0.04264057,0.44584996,-38.28867087,-6.69570819,0.38545623,-38.26974525,-6.67462012,-0.02179176,-0.00304011,-0.00132342,0.00456418,-0.00336092,-0.00896623,1
9.590,-2.44824773,0.07885687,1.45247889,-0.16747499,-0.04833171,-0.06181963,0.10405639,0.03002970,0.03841008,-2.42648491,0.08193573,1.45390189,-0.17253241,-0.04510497,-0.05294156,0.76028180,-38.19119263,-6.65042019,0.76127884,-38.19465063,-6.65280253,-0.31424831,-0.09589201,-0.04371605,0.44703053,-38.29054263,-6.69651858,0.38545623,-38.26982516,-6.67475732,-0.02176282,-0.00307886,-0.00142300,0.00505742,-0.00322674,-0.00887807,1
9.600,-2.44991727,0.07837506,1.45186261,-0.16643460,-0.04803146,-0.06143559,0.10402162,0.03001966,0.03839724,-2.42818851,0.08149128,1.45338395,-0.17198942,-0.04494007,-0.05265461,0.76004380,-38.19272614,-6.65014505,0.76104009,-38.19618771,-6.65253071,-0.31276429,-0.09615539,-0.04475330,0.44827580,-38.29234310,-6.69728401,0.38633365,-38.27215485,-6.67585428,-0.02172876,-0.00311622,-0.00152134,0.00555482,-0.00309139,-0.00878098,1
9.610,-2.45157642,0.07789624,1.45125017,-0.16539457,-0.04773132,-0.06105169,0.10398415,0.03000885,0.03838341,-2.43157980,0.08060728,1.45235537,-0.17131677,-0.04473441,-0.05231842,0.75978518,-38.19425583,-6.64986229,0.76078072,-38.19772091,-6.65225129,-0.28606750,-0.08555886,-0.03922530,0.47471322,-38.28327976,-6.69147659,0.38729988,-38.27446870,-6.67702766,-0.01999662,-0.00271104,-0.00110520,0.00592220,-0.00299691,-0.00873327,1
9.620,-2.45322517,0.07742043,1.45064158,-0.16435492,-0.04743129,-0.06066792,0.10394396,0.02999725,0.03836858,-2.43326711,0.08016781,1.45184515,-0.17067028,-0.04453759,-0.05199434,0.75950688,-38.19575500,-6.64957809,0.76050166,-38.19922354,-6.65197042,-0.28472278,-0.08595680,-0.04035608,0.47577889,-38.28518034,-6.69232650,0.41435822,-38.26534720,-6.67117460,-0.01995806,-0.00274738,-0.00120357,0.00631536,-0.00289370,-0.00867358,1
9.630,-2.45486352,0.07694762,1.45003681,-0.16331570,-0.04713138,-0.06028432,0.10390104,0.02998486,0.03835273,-2.43494872,0.07973005,1.45133765,-0.17004311,-0.04434701,-0.05168328,0.75920773,-38.19724655,-6.64928722,0.76020173,-38.20071845,-6.65168285,-0.28326960,-0.08629212,-0.04144052,0.47693212,-38.28701057,-6.69312336,0.41522851,-38.26761809,-6.67234624,-0.01991480,-0.00278243,-0.00130084,0.00672741,-0.00278437,-0.00860104,1
9.640,-2.45649148,0.07647780,1.44943589,-0.16227691,-0.04683159,-0.05990087,0.10385540,0.02997169,0.03833588,-2.43829451,0.07885984,1.45033105,-0.16927894,-0.04411546,-0.05130599,0.75888735,-38.19871521,-6.64899445,0.75988057,-38.20219040,-6.65139336,-0.25697113,-0.07594585,-0.03615223,0.50290945,-38.27813625,-6.68754559,0.44196696,-38.25873729,-6.66685228,-0.01819697,-0.00238204,-0.00089516,0.00700203,-0.00271613,-0.00859488,1
9.650,-2.45810906,0.07601099,1.44883880,-0.16123860,-0.04653194,-0.05951760,0.10380701,0.02995773,0.03831802,-2.43995831,0.07842745,1.44983226,-0.16855405,-0.04389647,-0.05094929,0.75854659,-38.20016098,-6.64869642,0.75953901,-38.20363942,-6.65109861,-0.25566924,-0.07640777,-0.03736467,0.50386977,-38.28004719,-6.68846328,0.44276963,-38.26102576,-6.66807337,-0.01815075,-0.00241646,-0.00099346,0.00731545,-0.00263547,-0.00856831,1
9.660,-2.45971626,0.07554716,1.44824554,-0.16020078,-0.04623244,-0.05913452,0.10375588,0.02994297,0.03829915,-2.44161602,0.07799688,1.44933626,-0.16785830,-0.04368653,-0.05061186,0.75818545,-38.20159912,-6.64839506,0.75917706,-38.20508073,-6.65080052,-0.25424554,-0.07679641,-0.03851606,0.50493152,-38.28187714,-6.68931658,0.44369905,-38.26321211,-6.66918599,-0.01810024,-0.00244972,-0.00109072,0.00765752,-0.00254591,-0.00852266,1
9.670,-2.46131308,0.07508634,1.44765611,-0.15916349,-0.04593309,-0.05875162,0.10370199,0.02992742,0.03827926,-2.44326763,0.07756815,1.44884292,-0.16718405,-0.04348305,-0.05029246,0.75780350,-38.20302582,-6.64808846,0.75879429,-38.20651051,-6.65049716,-0.25271559,-0.07712441,-0.03960764,0.50607869,-38.28363492,-6.69010480,0.44473800,-38.26530625,-6.67020057,-0.01804545,-0.00248181,-0.00118681,0.00802056,-0.00245004,-0.00845916,1
9.680,-2.46289953,0.07462850,1.44707050,-0.15812675,-0.04563389,-0.05836893,0.10364535,0.02991107,0.03825835,-2.44491313,0.07714128,1.44835209,-0.16652556,-0.04328405,-0.04999004,0.75740111,-38.20442963,-6.64778090,0.75839108,-38.20791734,-6.65019286,-0.25109132,-0.07740265,-0.04064042,0.50729976,-38.28531999,-6.69083327,0.44584996,-38.26732734,-6.67116680,-0.01798640,-0.00251278,-0.00128159,0.00839881,-0.00234984,-0.00837889,1
9.690,-2.46447561,0.07417366,1.44648873,-0.15709059,-0.04533487,-0.05798646,0.10358593,0.02989393,0.03823642,-2.44655250,0.07671628,1.44786364,-0.16587848,-0.04308808,-0.04970374,0.75697732,-38.20582581,-6.64746761,0.75796645,-38.20931648,-6.64988278,-0.24938170,-0.07763843,-0.04161455,0.50858475,-38.28695491,-6.69149733,0.44703053,-38.26929254,-6.67209616,-0.01792311,-0.00254262,-0.00137491,0.00878789,-0.00224679,-0.00828272,1
9.700,-2.46604134,0.07372180,1.44591077,-0.15605504,-0.04503602,-0.05760421,0.10352374,0.02987598,0.03821346,-2.44818573,0.07629316,1.44737744,-0.16523954,-0.04289404,-0.04943279,0.75653315,-38.20719147,-6.64715195,0.75752143,-38.21068501,-6.64957033,-0.24759388,-0.07783803,-0.04253065,0.50992755,-38.28852305,-6.69210098,0.44827580,-38.27118714,-6.67297404,-0.01785561,-0.00257136,-0.00146667,0.00918450,-0.00214198,-0.00817142,1
9.710,-2.46759672,0.07327294,1.44533664,-0.15502013,-0.04473735,-0.05722219,0.10345876,0.02985723,0.03818948,-2.44981281,0.07587195,1.44689342,-0.16460671,-0.04270079,-0.04917516,0.75606811,-38.20855331,-6.64683199,0.75705554,-38.21204967,-6.64925357,-0.24573197,-0.07800741,-0.04339263,0.51132356,-38.29005708,-6.69264620,0.44827580,-38.27128260,-6.67308288,-0.01778391,-0.00259901,-0.00155678,0.00958658,-0.00203656,-0.00804703,1
9.720,-2.46914175,0.07282706,1.44476633,-0.15398587,-0.04443888,-0.05684042,0.10339099,0.02983767,0.03816446,-2.45143338,0.07545270,1.44641205,-0.16396936,-0.04250690,-0.04891572,0.75558192,-38.20990753,-6.64651060,0.75656847,-38.21340664,-6.64893539,-0.24382272,-0.07815541,-0.04424462,0.51274575,-38.29156205,-6.69318000,0.47471322,-38.26231713,-6.66740788,-0.01770837,-0.00262564,-0.00164572,0.00998349,-0.00193198,-0.00792470,1
9.730,-2.47067644,0.07238416,1.44419983,-0.15295232,-0.04414060,-0.05645891,0.10332042,0.02981730,0.03813841,-2.45465494,0.07462012,1.44545669,-0.16316477,-0.04226262,-0.04859915,0.75507385,-38.21123886,-6.64618587,0.75605952,-38.21474065,-6.64861381,-0.21807777,-0.06814794,-0.03902832,0.53798175,-38.28288858,-6.68764213,0.47693212,-38.26624569,-6.66929864,-0.01602150,-0.00223596,-0.00125686,0.01021245,-0.00187798,-0.00785976,1
9.740,-2.47220080,0.07194424,1.44363715,-0.15191948,-0.04384253,-0.05607766,0.10324705,0.02979613,0.03811133,-2.45625592,0.07420683,1.44498249,-0.16239786,-0.04202915,-0.04830427,0.75454688,-38.21255493,-6.64585972,0.75553167,-38.21605930,-6.64829082,-0.21641270,-0.06849527,-0.03996405,0.53911897,-38.28455457,-6.68825487,0.47693212,-38.26634620,-6.66941356,-0.01594488,-0.00226259,-0.00134534,0.01047838,-0.00181338,-0.00777339,1
9.750,-2.47371483,0.07150731,1.44307828,-0.15088738,-0.04354468,-0.05569669,0.10317086,0.02977414,0.03808320,-2.45784999,0.07379560,1.44451104,-0.16165025,-0.04180256,-0.04801450,0.75399697,-38.21386337,-6.64552927,0.75498086,-38.21737027,-6.64796350,-0.21465891,-0.06878612,-0.04087392,0.54032194,-38.28615639,-6.68883742,0.50290945,-38.25757486,-6.66397300,-0.01586484,-0.00228829,-0.00143276,0.01076287,-0.00174212,-0.00768219,1
9.760,-2.47521855,0.07107335,1.44252321,-0.14985607,-0.04324705,-0.05531600,0.10309185,0.02975134,0.03805404,-2.45943715,0.07338645,1.44404218,-0.16091680,-0.04158077,-0.04773233,0.75342637,-38.21515274,-6.64519978,0.75440935,-38.21866210,-6.64763712,-0.21282731,-0.06903167,-0.04174988,0.54158204,-38.28769377,-6.68938700,0.50386977,-38.25958948,-6.66502036,-0.01578140,-0.00231310,-0.00151897,0.01106073,-0.00166628,-0.00758367,1
9.770,-2.47671195,0.07064236,1.44197196,-0.14882556,-0.04294966,-0.05493561,0.10301001,0.02972772,0.03802383,-2.46101739,0.07297938,1.44357577,-0.16019360,-0.04136225,-0.04745945,0.75283539,-38.21643448,-6.64486504,0.75381744,-38.21994621,-6.64730550,-0.21092578,-0.06924008,-0.04258564,0.54289167,-38.28918629,-6.68989115,0.50493152,-38.26152379,-6.66599617,-0.01569456,-0.00233702,-0.00160381,0.01136804,-0.00158741,-0.00747616,1
9.780,-2.47819506,0.07021435,1.44142450,-0.14779588,-0.04265250,-0.05455553,0.10292533,0.02970328,0.03799257,-2.46415704,0.07217156,1.44264977,-0.15930379,-0.04109303,-0.04714232,0.75222218,-38.21770096,-6.64452791,0.75320330,-38.22121499,-6.64697147,-0.18581206,-0.05960904,-0.03750845,0.56739124,-38.28082404,-6.68447993,0.50729976,-38.26517731,-6.66773782,-0.01403802,-0.00195721,-0.00122527,0.01150791,-0.00155947,-0.00741321,1
9.790,-2.47966787,0.06978931,1.44088085,-0.14676706,-0.04235559,-0.05417576,0.10283781,0.02967803,0.03796027,-2.46571641,0.07177083,1.44218992,-0.15846208,-0.04083800,-0.04685288,0.75158882,-38.21895599,-6.64419127,0.75256900,-38.22247227,-6.64663791,-0.18415340,-0.06001139,-0.03837339,0.56841561,-38.28248366,-6.68501130,0.50858475,-38.26691846,-6.66850505,-0.01395146,-0.00198152,-0.00130907,0.01169502,-0.00151759,-0.00732288,1
9.800,-2.48113040,0.06936724,1.44034099,-0.14573913,-0.04205894,-0.05379632,0.10274744,0.02965195,0.03792691,-2.46726878,0.07137224,1.44173203,-0.15765599,-0.04059333,-0.04658708,0.75093377,-38.22020340,-6.64384937,0.75191300,-38.22372185,-6.64629909,-0.18237588,-0.06034242,-0.03915620,0.56953712,-38.28406427,-6.68545529,0.50992755,-38.26859339,-6.66920614,-0.01386162,-0.00200500,-0.00139104,0.01191686,-0.00146561,-0.00720924,1
9.810,-2.48258266,0.06894813,1.43980492,-0.14471212,-0.04176256,-0.05341723,0.10265421,0.02962504,0.03789249,-2.46881415,0.07097579,1.44127597,-0.15687614,-0.04035617,-0.04634170,0.75025654,-38.22143173,-6.64351034,0.75123481,-38.22495227,-6.64596310,-0.18049875,-0.06061693,-0.03986359,0.57073605,-38.28556920,-6.68582668,0.51132356,-38.27023473,-6.66984343,-0.01376851,-0.00202766,-0.00147105,0.01216402,-0.00140639,-0.00707553,1
9.820,-2.48402465,0.06853199,1.43927264,-0.14368606,-0.04146645,-0.05303848,0.10255811,0.02959731,0.03785702,-2.47035249,0.07058150,1.44082165,-0.15611547,-0.04012440,-0.04611428,0.74955791,-38.22265244,-6.64316940,0.75053521,-38.22617500,-6.64562520,-0.17853647,-0.06084558,-0.04050028,0.57199874,-38.28702058,-6.68612548,0.51274575,-38.27184752,-6.67046399,-0.01367216,-0.00204951,-0.00154901,0.01242941,-0.00134205,-0.00692420,1
9.830,-2.48545638,0.06811880,1.43874415,-0.14266097,-0.04117061,-0.05266009,0.10245913,0.02956874,0.03782049,-2.47188344,0.07018941,1.44036951,-0.15536050,-0.03989553,-0.04588915,0.74883920,-38.22386169,-6.64282465,0.74981551,-38.22738619,-6.64528347,-0.17652141,-0.06104235,-0.04111132,0.57329410,-38.28842854,-6.68639479,0.53798175,-38.26328411,-6.66503524,-0.01357294,-0.00207061,-0.00162536,0.01269953,-0.00127508,-0.00677094,1
9.840,-2.48687787,0.06770858,1.43821944,-0.14163688,-0.04087507,-0.05228207,0.10235728,0.02953935,0.03778289,-2.47340702,0.06979955,1.43991948,-0.15460981,-0.03966826,-0.04566758,0.74809766,-38.22506332,-6.64247751,0.74907298,-38.22858969,-6.64493933,-0.17445677,-0.06121407,-0.04169276,0.57461622,-38.28980376,-6.68663208,0.53798175,-38.26339536,-6.66514069,-0.01347085,-0.00209097,-0.00170004,0.01297293,-0.00120681,-0.00661449,1
9.850,-2.48828912,0.06730130,1.43769850,-0.14061383,-0.04057983,-0.05190443,0.10225253,0.02950912,0.03774422,-2.47643197,0.06902653,1.43902530,-0.15367668,-0.03938589,-0.04540447,0.74733526,-38.22625732,-6.64213371,0.74830957,-38.22978548,-6.64459851,-0.15008320,-0.05200973,-0.03655559,0.59822638,-38.28179521,-6.68115410,0.54032194,-38.26688700,-6.66652986,-0.01185715,-0.00172523,-0.00132680,0.01306285,-0.00119394,-0.00649996,1
9.860,-2.48969015,0.06689698,1.43718135,-0.13959184,-0.04028489,-0.05152719,0.10214489,0.02947806,0.03770449,-2.47793332,0.06864339,1.43858092,-0.15279114,-0.03911781,-0.04516275,0.74655098,-38.22743225,-6.64179039,0.74752428,-38.23096213,-6.64425815,-0.14831733,-0.05240852,-0.03716425,0.59920695,-38.28337065,-6.68142239,0.54158204,-38.26853698,-6.66716820,-0.01175683,-0.00174641,-0.00139957,0.01319930,-0.00116708,-0.00636444,1
9.870,-2.49108097,0.06649560,1.43666796,-0.13857094,-0.03999027,-0.05115035,0.10203434,0.02944615,0.03766368,-2.47942724,0.06826253,1.43813825,-0.15194129,-0.03885989,-0.04493886,0.74574530,-38.22859955,-6.64144087,0.74671758,-38.23213110,-6.64391159,-0.14644042,-0.05274152,-0.03770267,0.60027716,-38.28487262,-6.68161426,0.54158204,-38.26865071,-6.66725340,-0.01165373,-0.00176693,-0.00147029,0.01337035,-0.00113038,-0.00621149,1
9.880,-2.49246157,0.06609717,1.43615834,-0.13755116,-0.03969597,-0.05077392,0.10192088,0.02941341,0.03762180,-2.48091371,0.06788395,1.43769718,-0.15111776,-0.03860939,-0.04473090,0.74491805,-38.22976303,-6.64109325,0.74588929,-38.23329614,-6.64356691,-0.14447138,-0.05302241,-0.03817417,0.60141791,-38.28631855,-6.68174109,0.54289167,-38.27025735,-6.66783763,-0.01154786,-0.00178678,-0.00153884,0.01356660,-0.00108658,-0.00604302,1
9.890,-2.49383199,0.06570168,1.43565248,-0.13653254,-0.03940201,-0.05039792,0.10180451,0.02937982,0.03757884,-2.48386329,0.06713377,1.43682106,-0.15011061,-0.03830516,-0.04447554,0.74406916,-38.23091507,-6.64074612,0.74503936,-38.23444968,-6.64322270,-0.12077102,-0.04420937,-0.03306031,0.62426833,-38.27865905,-6.67628301,0.56841561,-38.26378742,-6.66315658,-0.00996870,-0.00143209,-0.00116858,0.01357807,-0.00109685,-0.00592238,1
9.900,-2.49519223,0.06530913,1.43515038,-0.13551508,-0.03910838,-0.05002235,0.10168520,0.02934539,0.03753481,-2.48532637,0.06676219,1.43638580,-0.14915992,-0.03801861,-0.04423798,0.74319839,-38.23205185,-6.64039660,0.74416753,-38.23558788,-6.64287608,-0.11910476,-0.04470090,-0.03358552,0.62506278,-38.28028878,-6.67646160,0.56953712,-38.26548479,-6.66369263,-0.00986586,-0.00145306,-0.00123542,0.01364484,-0.00108977,-0.00578437,1
9.910,-2.49654230,0.06491951,1.43465203,-0.13449884,-0.03881510,-0.04964722,0.10156296,0.02931012,0.03748968,-2.48822902,0.06602603,1.43552048,-0.14805501,-0.03768660,-0.04397402,0.74230587,-38.23319244,-6.64004946,0.74327395,-38.23672983,-6.64253183,-0.09600167,-0.03623334,-0.02853788,0.64727228,-38.27296317,-6.67106971,0.57199874,-38.26867529,-6.66453442,-0.00831328,-0.00110652,-0.00086845,0.01355617,-0.00112850,-0.00567320,1
9.920,-2.49788221,0.06453283,1.43415743,-0.13348383,-0.03852218,-0.04927256,0.10143778,0.02927399,0.03744347,-2.48966856,0.06566147,1.43509026,-0.14702972,-0.03737892,-0.04373598,0.74139154,-38.23431778,-6.63970041,0.74235854,-38.23785644,-6.64218567,-0.09453602,-0.03686244,-0.02903420,0.64782251,-38.27471888,-6.67121987,0.57329410,-38.27020060,-6.66488385,-0.00821365,-0.00112864,-0.00093283,0.01354589,-0.00114326,-0.00553658,1
9.930,-2.49921198,0.06414907,1.43366658,-0.13247010,-0.03822962,-0.04889836,0.10130965,0.02923701,0.03739618,-2.49252366,0.06493944,1.43423488,-0.14585848,-0.03702982,-0.04346952,0.74045491,-38.23543167,-6.63935280,0.74142081,-38.23897152,-6.64184090,-0.07197773,-0.02868990,-0.02402642,0.66944308,-38.26766142,-6.66586733,0.59822638,-38.26380395,-6.65981904,-0.00668832,-0.00079037,-0.00056830,0.01338838,-0.00119980,-0.00542884,1
9.940,-2.50053162,0.06376823,1.43317946,-0.13145765,-0.03793744,-0.04852464,0.10117856,0.02919918,0.03734779,-2.49393890,0.06458202,1.43381009,-0.14477485,-0.03670789,-0.04322185,0.73949677,-38.23654175,-6.63900471,0.74046157,-38.24008273,-6.64149565,-0.07069270,-0.02942574,-0.02452225,0.66976887,-38.26950846,-6.66601791,0.59822638,-38.26392416,-6.65991469,-0.00659272,-0.00081379,-0.00063063,0.01331720,-0.00122955,-0.00530279,1
9.950,-2.50184114,0.06339032,1.43269608,-0.13044653,-0.03764564,-0.04815141,0.10104450,0.02916049,0.03729831,-2.49674470,0.06387439,1.43296597,-0.14355067,-0.03634623,-0.04294566,0.73851645,-38.23764801,-6.63865519,0.73948014,-38.24119002,-6.64114894,-0.04867973,-0.02153301,-0.01959031,0.69080041,-38.26272303,-6.66073925,0.60027716,-38.26724199,-6.66055571,-0.00509644,-0.00048407,-0.00026989,0.01310414,-0.00129941,-0.00520575,1
9.960,-2.50314055,0.06301532,1.43221643,-0.12943677,-0.03735424,-0.04777867,0.10090748,0.02912095,0.03724773,-2.49813523,0.06352418,1.43254652,-0.14242623,-0.03601491,-0.04269552,0.73751402,-38.23873901,-6.63830900,0.73847659,-38.24228201,-6.64080556,-0.04754731,-0.02235338,-0.02006672,0.69092927,-38.26463539,-6.66087229,0.60141791,-38.26880807,-6.66076853,-0.00500532,-0.00050886,-0.00033009,0.01298946,-0.00133933,-0.00508315,1
9.970,-2.50442988,0.06264323,1.43174051,-0.12842839,-0.03706323,-0.04740645,0.10076747,0.02908055,0.03719605,-2.49951751,0.06317639,1.43212872,-0.14137659,-0.03570586,-0.04246669,0.73648983,-38.23983002,-6.63796377,0.73745127,-38.24337390,-6.64046312,-0.04624053,-0.02305226,-0.02046417,0.69121074,-38.26642616,-6.66092729,0.60141791,-38.26892921,-6.66085098,-0.00491237,-0.00053316,-0.00038821,0.01294820,-0.00135737,-0.00493976,1
9.980,-2.50570912,0.06227405,1.43126830,-0.12742143,-0.03677263,-0.04703476,0.10062448,0.02903928,0.03714326,-2.50225635,0.06248816,1.43129937,-0.14016072,-0.03535166,-0.04219124,0.73544306,-38.24090958,-6.63761711,0.73640335,-38.24445426,-6.64011924,-0.02476781,-0.01539447,-0.01558088,0.71163554,-38.25984874,-6.65570012,0.62506278,-38.26314424,-6.65577917,-0.00345277,-0.00021411,-0.00003107,0.01273929,-0.00142097,-0.00484352,1
9.990,-2.50697831,0.06190778,1.43079981,-0.12641591,-0.03648245,-0.04666359,0.10047849,0.02899715,0.03708937,-2.50361290,0.06214774,1.43088770,-0.13903435,-0.03502436,-0.04193531,0.73437434,-38.24198532,-6.63727379,0.73533349,-38.24553077,-6.63977866,-0.02370243,-0.01622668,-0.01603145,0.71163106,-38.26175745,-6.65581011,0.62506278,-38.26326754,-6.65587783,-0.00336541,-0.00023996,-0.00008789,0.01261844,-0.00145809,-0.00472828,1
10.000,-2.50823745,0.06154440,1.43033503,-0.12541187,-0.03619269,-0.04629297,0.10032950,0.02895415,0.03703438,-2.50496057,0.06180980,1.43047845,-0.13796745,-0.03471667,-0.04168266,0.73328382,-38.24304581,-6.63692951,0.73424179,-38.24659190,-6.63943712,-0.02250351,-0.01695297,-0.01645860,0.71173828,-38.26354487,-6.65589572,0.64727228,-38.25606637,-6.65060736,-0.00327688,-0.00026540,-0.00014342,0.01255558,-0.00147602,-0.00461031,1
10.010,-2.50948655,0.06118392,1.42987395,-0.12440933,-0.03590337,-0.04592291,0.10017750,0.02891028,0.03697827,-2.50762924,0.06114145,1.42966696,-0.13672284,-0.03436064,-0.04137691,0.73216981,-38.24411392,-6.63658476,0.73312661,-38.24766061,-6.63909508,-0.00169591,-0.00958960,-0.01174227,0.73143070,-38.25725020,-6.65083735,0.64782251,-38.25807261,-6.65099003,-0.00185731,0.00004247,0.00020699,0.01231351,-0.00154273,-0.00454600,1
10.020,-2.51072564,0.06082633,1.42941657,-0.12340833,-0.03561449,-0.04555341,0.10002248,0.02886555,0.03692105,-2.50894994,0.06081104,1.42926511,-0.13555961,-0.03403059,-0.04107883,0.73103505,-38.24516678,-6.63624716,0.73199068,-38.24871399,-6.63876018,-0.00079802,-0.01047506,-0.01228551,0.73119265,-38.25918905,-6.65104569,0.66944308,-38.25114120,-6.64577503,-0.00177570,0.00001529,0.00015146,0.01215128,-0.00158390,-0.00447458,1
10.030,-2.51195472,0.06047163,1.42896288,-0.12240890,-0.03532606,-0.04518449,0.09986444,0.02881994,0.03686271,-2.51156375,0.06015780,1.42846943,-0.13422739,-0.03365690,-0.04072248,0.72987705,-38.24621964,-6.63590479,0.73083148,-38.24976727,-6.63842049,0.01930698,-0.00343703,-0.00780766,0.75013847,-38.25320430,-6.64622815,0.66976887,-38.25324056,-6.64619120,-0.00039097,0.00031383,0.00049345,0.01181849,-0.00166916,-0.00446201,1
10.040,-2.51317382,0.06011981,1.42851288,-0.12141105,-0.03503809,-0.04481616,0.09970336,0.02877345,0.03680325,-2.51285657,0.05983499,1.42807596,-0.13299108,-0.03331291,-0.04037855,0.72869658,-38.24726868,-6.63556767,0.72964981,-38.25081667,-6.63808602,0.01993556,-0.00444183,-0.00848113,0.74958537,-38.25525850,-6.64656715,0.69080041,-38.24658256,-6.64106586,-0.00031725,0.00028482,0.00043692,0.01158003,-0.00172518,-0.00443761,1
10.050,-2.51438295,0.05977087,1.42806656,-0.12041484,-0.03475059,-0.04444843,0.09953925,0.02872609,0.03674267,-2.51541375,0.05919698,1.42729801,-0.13158934,-0.03292816,-0.03997120,0.72749424,-38.24831009,-6.63523102,0.72844625,-38.25185835,-6.63775202,0.03934619,0.00229982,-0.00426824,0.76779244,-38.24955853,-6.64202026,0.69121074,-38.25053920,-6.64155270,0.00103080,0.00057389,0.00076855,0.01117450,-0.00182243,-0.00447723,1
10.060,-2.51558212,0.05942480,1.42762391,-0.11942028,-0.03446357,-0.04408131,0.09937208,0.02867785,0.03668097,-2.51667781,0.05888178,1.42691393,-0.13029367,-0.03257600,-0.03958047,0.72626877,-38.24934387,-6.63489342,0.72721954,-38.25289234,-6.63741706,0.03971853,0.00120331,-0.00508796,0.76693807,-38.25168902,-6.64250502,0.71163554,-38.24408898,-6.63649600,0.00109569,0.00054302,0.00070998,0.01087339,-0.00188757,-0.00450084,1
10.070,-2.51677136,0.05908160,1.42718493,-0.11842741,-0.03417704,-0.04371481,0.09920187,0.02862873,0.03661814,-2.51793210,0.05856915,1.42653318,-0.12907756,-0.03224780,-0.03920417,0.72502100,-38.25038147,-6.63456059,0.72597054,-38.25393005,-6.63708682,0.04024900,0.00023177,-0.00586874,0.76621954,-38.25369828,-6.64295555,0.71163554,-38.24421714,-6.63666247,0.00116074,0.00051245,0.00065175,0.01065015,-0.00192924,-0.00451064,1
10.080,-2.51795068,0.05874126,1.42674961,-0.11743625,-0.03389100,-0.04334895,0.09902859,0.02857872,0.03655418,-2.51917662,0.05825907,1.42615570,-0.12792112,-0.03193781,-0.03884004,0.72375101,-38.25141144,-6.63423157,0.72469930,-38.25496005,-6.63676038,0.04089762,-0.00064350,-0.00661579,0.76559692,-38.25560355,-6.64337617,0.71163106,-38.24625351,-6.63693628,0.00122594,0.00048219,0.00059391,0.01048487,-0.00195319,-0.00450891,1
10.090,-2.51912009,0.05840377,1.42631795,-0.11644685,-0.03360547,-0.04298373,0.09885224,0.02852783,0.03648908,-2.52041136,0.05795154,1.42578145,-0.12680938,-0.03164172,-0.03848633,0.72245824,-38.25243378,-6.63390064,0.72340526,-38.25598235,-6.63643202,0.04163420,-0.00144431,-0.00733280,0.76503947,-38.25742666,-6.64376482,0.71173828,-38.24816815,-6.63718313,0.00129127,0.00045223,0.00053650,0.01036253,-0.00196375,-0.00449740,1
10.100,-2.52027962,0.05806915,1.42588993,-0.11545922,-0.03332045,-0.04261917,0.09867281,0.02847604,0.03642285,-2.52163633,0.05764657,1.42541034,-0.12573116,-0.03135558,-0.03814237,0.72114295,-38.25345993,-6.63357162,0.72208871,-38.25700838,-6.63610555,0.04243592,-0.00219025,-0.00802071,0.76452462,-38.25919863,-6.64412626,0.71173828,-38.24829628,-6.63734047,0.00135671,0.00042258,0.00047959,0.01027194,-0.00196487,-0.00447680,1
10.110,-2.52142928,0.05773736,1.42546556,-0.11447340,-0.03303595,-0.04225528,0.09849029,0.02842337,0.03635548,-2.52405612,0.05704434,1.42467880,-0.12442016,-0.03101247,-0.03770722,0.71980494,-38.25446701,-6.63324833,0.72074942,-38.25801527,-6.63578479,0.06084011,0.00427903,-0.00420477,0.78158953,-38.25373624,-6.63998956,0.73119265,-38.24419748,-6.63284480,0.00262684,0.00069302,0.00078676,0.00994676,-0.00202348,-0.00454806,1
10.120,-2.52256910,0.05740842,1.42504482,-0.11348942,-0.03275198,-0.04189207,0.09830469,0.02836981,0.03628697,-2.52525094,0.05674709,1.42431821,-0.12318577,-0.03069054,-0.03729506,0.71844351,-38.25548935,-6.63292551,0.71938670,-38.25903735,-6.63546447,0.06116707,0.00329824,-0.00510842,0.78055377,-38.25573911,-6.64057289,0.73119265,-38.24432667,-6.63301640,0.00268184,0.00066133,0.00072661,0.00969635,-0.00206144,-0.00459701,1
10.130,-2.52369908,0.05708232,1.42462772,-0.11250732,-0.03246855,-0.04152955,0.09811598,0.02831535,0.03621731,-2.52643546,0.05645244,1.42396146,-0.12200231,-0.03038420,-0.03689003,0.71705937,-38.25650024,-6.63260365,0.71800126,-38.26004786,-6.63514510,0.06158515,0.00239873,-0.00599859,0.77958642,-38.25764913,-6.64114369,0.75013847,-38.23847171,-6.62839069,0.00273638,0.00062988,0.00066626,0.00949499,-0.00208435,-0.00463952,1
10.140,-2.52481925,0.05675905,1.42421423,-0.11152711,-0.03218568,-0.04116773,0.09792417,0.02825999,0.03614651,-2.52760968,0.05616037,1.42360847,-0.12085721,-0.03008975,-0.03649234,0.71565330,-38.25750732,-6.63228512,0.71659387,-38.26105451,-6.63482904,0.06206891,0.00156191,-0.00687413,0.77866278,-38.25949260,-6.64170316,0.74958537,-38.24065529,-6.62891752,0.00279043,0.00059868,0.00060576,0.00933010,-0.00209593,-0.00467539,1
10.150,-2.52592963,0.05643861,1.42380436,-0.11054884,-0.03190336,-0.04080662,0.09772924,0.02820374,0.03607455,-2.52877360,0.05587091,1.42325915,-0.11974090,-0.02980379,-0.03610215,0.71422404,-38.25850677,-6.63197136,0.71516329,-38.26205344,-6.63451773,0.06259876,0.00077029,-0.00773349,0.77776205,-38.26128315,-6.64225122,0.74958537,-38.24078555,-6.62910137,0.00284397,0.00056770,0.00054521,0.00919206,-0.00209957,-0.00470447,1
10.160,-2.52703023,0.05612098,1.42339810,-0.10957254,-0.03162161,-0.04044624,0.09753119,0.02814658,0.03600145,-2.52992697,0.05558407,1.42291389,-0.11863987,-0.02952386,-0.03570818,0.71277118,-38.25951385,-6.63166142,0.71370909,-38.26305992,-6.63421022,0.06314373,0.00001076,-0.00860994,0.77685282,-38.26304917,-6.64282017,0.76779244,-38.23521648,-6.62475712,0.00289674,0.00053691,0.00048421,0.00906733,-0.00209775,-0.00473806,1
10.170,-2.52812108,0.05580617,1.42299543,-0.10859823,-0.03134043,-0.04008659,0.09733001,0.02808853,0.03592718,-2.53220210,0.05501822,1.42223514,-0.11728736,-0.02918349,-0.03521727,0.71129560,-38.26052094,-6.63134956,0.71223217,-38.26406634,-6.63390078,0.08015555,0.00599247,-0.00534826,0.79238772,-38.25807387,-6.63924905,0.76621954,-38.23961709,-6.62608328,0.00408102,0.00078795,0.00076029,0.00868913,-0.00215694,-0.00486932,1
10.180,-2.52920220,0.05549417,1.42259636,-0.10762595,-0.03105984,-0.03972770,0.09712569,0.02802956,0.03585176,-2.53332387,0.05473920,1.42190146,-0.11600993,-0.02886320,-0.03475485,0.70979720,-38.26151657,-6.63104105,0.71073241,-38.26506121,-6.63359466,0.08015922,0.00497104,-0.00645653,0.79089163,-38.26009016,-6.64005119,0.76559692,-38.24165239,-6.62669238,0.00412167,0.00075497,0.00069490,0.00838398,-0.00219664,-0.00497285,1
10.190,-2.53027361,0.05518497,1.42220088,-0.10665573,-0.03077984,-0.03936956,0.09691822,0.02796969,0.03577518,-2.53443513,0.05446277,1.42157147,-0.11478900,-0.02855808,-0.03431600,0.70827591,-38.26250839,-6.63074112,0.70920976,-38.26605219,-6.63329710,0.08025974,0.00402756,-0.00750896,0.78946950,-38.26202463,-6.64080607,0.76503947,-38.24360530,-6.62726509,0.00416152,0.00072220,0.00062941,0.00813327,-0.00222176,-0.00505356,1
10.200,-2.53133532,0.05487857,1.42180897,-0.10568759,-0.03050045,-0.03901220,0.09670760,0.02790891,0.03569744,-2.53553589,0.05418893,1.42124507,-0.11361062,-0.02826445,-0.03389698,0.70673108,-38.26351547,-6.63043880,0.70766355,-38.26705835,-6.63299714,0.08042913,0.00314364,-0.00851421,0.78809268,-38.26391471,-6.64151135,0.76452462,-38.24550685,-6.62780631,0.00420057,0.00068964,0.00056390,0.00792303,-0.00223600,-0.00511522,1
10.210,-2.53238737,0.05457496,1.42142063,-0.10472158,-0.03022167,-0.03865562,0.09649382,0.02784721,0.03561853,-2.53770564,0.05364910,1.42060316,-0.11219556,-0.02791343,-0.03339841,0.70516348,-38.26450729,-6.63014364,0.70609456,-38.26804918,-6.63270431,0.09630188,0.00868981,-0.00557200,0.80239644,-38.25935937,-6.63827631,0.78158953,-38.24030606,-6.62403820,0.00531827,0.00092586,0.00081747,0.00747398,-0.00230824,-0.00525721,1
10.220,-2.53342976,0.05427414,1.42103585,-0.10375773,-0.02994351,-0.03829983,0.09627688,0.02778460,0.03553845,-2.53877442,0.05338312,1.42028788,-0.11086604,-0.02758466,-0.03293088,0.70357180,-38.26549530,-6.62984896,0.70450147,-38.26903609,-6.63241193,0.09597166,0.00756762,-0.00675405,0.80047313,-38.26146847,-6.63916598,0.78055377,-38.24243994,-6.62480874,0.00534466,0.00089102,0.00074797,0.00710831,-0.00235885,-0.00536895,1
10.230,-2.53446253,0.05397609,1.42065463,-0.10279606,-0.02966598,-0.03794485,0.09605676,0.02772108,0.03545719,-2.53983247,0.05311975,1.41997623,-0.10960100,-0.02727265,-0.03248933,0.70195770,-38.26649094,-6.62955856,0.70288597,-38.27003056,-6.63212382,0.09574962,0.00652985,-0.00787426,0.79863559,-38.26350071,-6.63999808,0.77958642,-38.24448082,-6.62556136,0.00536994,0.00085634,0.00067840,0.00680494,-0.00239333,-0.00545552,1
10.240,-2.53548569,0.05368082,1.42027695,-0.10183660,-0.02938909,-0.03759069,0.09583345,0.02765663,0.03537476,-2.54191649,0.05260086,1.41936342,-0.10811736,-0.02690796,-0.03198431,0.70032036,-38.26748657,-6.62926912,0.70124721,-38.27102496,-6.63183665,0.11062058,0.01168353,-0.00519382,0.81186779,-38.25934143,-6.63703047,0.77776205,-38.24837621,-6.62701661,0.00643080,0.00107996,0.00091353,0.00628076,-0.00248113,-0.00560638,1
10.250,-2.53649927,0.05338831,1.41990281,-0.10087940,-0.02911285,-0.03723736,0.09560696,0.02759127,0.03529116,-2.54294248,0.05234534,1.41906205,-0.10673766,-0.02656917,-0.03152261,0.69865912,-38.26847458,-6.62898588,0.69958453,-38.27201162,-6.63155566,0.10996810,0.01044831,-0.00640985,0.80955263,-38.26156332,-6.63796551,0.77685282,-38.25027277,-6.62775141,0.00644321,0.00104297,0.00084076,0.00585826,-0.00254368,-0.00571475,1
10.260,-2.53750329,0.05309856,1.41953220,-0.09992448,-0.02883726,-0.03688487,0.09537726,0.02752498,0.03520637,-2.54496220,0.05184218,1.41846931,-0.10516357,-0.02618330,-0.03100714,0.69697469,-38.26947403,-6.62870789,0.69789866,-38.27300965,-6.63127989,0.12397272,0.01523468,-0.00392857,0.82187139,-38.25777497,-6.63520846,0.79238772,-38.24556101,-6.62451867,0.00745891,0.00125638,0.00106289,0.00523909,-0.00265396,-0.00587773,1
10.270,-2.53849777,0.05281156,1.41916511,-0.09897186,-0.02856235,-0.03653324,0.09514437,0.02745777,0.03512040,-2.54595574,0.05159456,1.41817809,-0.10371118,-0.02582781,-0.03053577,0.69526708,-38.27045822,-6.62843227,0.69618960,-38.27399237,-6.63100648,0.12296655,0.01384955,-0.00521330,0.81915615,-38.26014282,-6.63621978,0.79089163,-38.24770949,-6.62549037,0.00745797,0.00121700,0.00098702,0.00473932,-0.00273454,-0.00599747,1
10.280,-2.53948273,0.05252731,1.41880154,-0.09802160,-0.02828811,-0.03618247,0.09490825,0.02738963,0.03503325,-2.54791026,0.05110728,1.41760539,-0.10207922,-0.02542871,-0.03002069,0.69353533,-38.27144623,-6.62816048,0.69445638,-38.27497878,-6.63073687,0.13615496,0.01830392,-0.00290412,0.83061134,-38.25667486,-6.63364098,0.78946950,-38.24990893,-6.62656834,0.00842753,0.00142003,0.00119615,0.00405762,-0.00285940,-0.00616178,1
10.290,-2.54045821,0.05224579,1.41844146,-0.09707371,-0.02801456,-0.03583258,0.09466892,0.02732056,0.03494490,-2.54887126,0.05086762,1.41732371,-0.10058437,-0.02506300,-0.02955743,0.69178087,-38.27244568,-6.62789297,0.69270044,-38.27597657,-6.63047153,0.13485225,0.01679939,-0.00420567,0.82755268,-38.25917718,-6.63467720,0.78809268,-38.25193176,-6.62742752,0.00841305,0.00137817,0.00111775,0.00351066,-0.00295156,-0.00627515,1
10.300,-2.54142421,0.05196701,1.41808488,-0.09612823,-0.02774170,-0.03548358,0.09442636,0.02725056,0.03485537,-2.54982122,0.05063063,1.41704536,-0.09918743,-0.02472190,-0.02912689,0.69000196,-38.27344131,-6.62762833,0.69092005,-38.27697047,-6.63020902,0.13371722,0.01541597,-0.00542544,0.82463727,-38.26155450,-6.63563446,0.80239644,-38.24751008,-6.62435868,0.00839701,0.00133638,0.00103952,0.00305920,-0.00301980,-0.00635669,1
10.310,-2.54238078,0.05169096,1.41773179,-0.09518519,-0.02746955,-0.03513547,0.09418057,0.02717963,0.03476464,-2.55076018,0.05039632,1.41677020,-0.09786458,-0.02439928,-0.02872430,0.68820024,-38.27443314,-6.62736940,0.68911683,-38.27796047,-6.62995221,0.13270182,0.01412283,-0.00657370,0.82181865,-38.26383764,-6.63652591,0.80047313,-38.24975275,-6.62540771,0.00837940,0.00129464,0.00096159,0.00267939,-0.00307027,-0.00641117,1
10.320,-2.54332793,0.05141762,1.41738217,-0.09424463,-0.02719811,-0.03478829,0.09393153,0.02710776,0.03467271,-2.55260511,0.04993574,1.41622909,-0.09632277,-0.02402313,-0.02826959,0.68637443,-38.27542114,-6.62711334,0.68728950,-38.27894656,-6.62969826,0.14497527,0.01828316,-0.00435212,0.83226477,-38.26066339,-6.63405038,0.79863559,-38.25205336,-6.62654534,0.00927718,0.00148188,0.00115308,0.00207814,-0.00317498,-0.00651870,1
10.330,-2.54426568,0.05114699,1.41703602,-0.09330657,-0.02692740,-0.03444202,0.09367924,0.02703495,0.03457958,-2.55351092,0.04970950,1.41596325,-0.09488732,-0.02367354,-0.02784822,0.68452477,-38.27642441,-6.62686062,0.68543834,-38.27994784,-6.62944761,0.14351063,0.01678204,-0.00558281,0.82894898,-38.26316580,-6.63503042,0.81186779,-38.24802905,-6.62373841,0.00924524,0.00143749,0.00107277,0.00158075,-0.00325386,-0.00659380,1
10.340,-2.54519407,0.05087907,1.41669332,-0.09237106,-0.02665742,-0.03409670,0.09342369,0.02696120,0.03448525,-2.55440560,0.04948594,1.41570049,-0.09353244,-0.02334394,-0.02745530,0.68265152,-38.27741623,-6.62661457,0.68356355,-38.28093757,-6.62920362,0.14217542,0.01537752,-0.00673998,0.82573897,-38.26556005,-6.63594360,0.80955263,-38.25038575,-6.62482725,0.00921153,0.00139313,0.00099283,0.00116138,-0.00331348,-0.00664140,1
10.350,-2.54611311,0.05061384,1.41635408,-0.09143811,-0.02638818,-0.03375232,0.09316487,0.02688651,0.03438972,-2.55616139,0.04904698,1.41518420,-0.09195543,-0.02296093,-0.02700494,0.68075413,-38.27840805,-6.62637138,0.68166461,-38.28192725,-6.62896246,0.15344860,0.01915514,-0.00470207,0.83511321,-38.26277211,-6.63366453,0.82187139,-38.24686901,-6.62238153,0.01004828,0.00156686,0.00116988,0.00051732,-0.00342725,-0.00674738,1
10.360,-2.54702284,0.05035130,1.41601827,-0.09050777,-0.02611969,-0.03340891,0.09290279,0.02681087,0.03429298,-2.55702237,0.04883158,1.41493073,-0.09049106,-0.02260571,-0.02659035,0.67883289,-38.27940750,-6.62613297,0.67974182,-38.28292443,-6.62872607,0.15165926,0.01754600,-0.00594942,0.83140109,-38.26537843,-6.63467548,0.81915615,-38.24937281,-6.62354650,0.00999953,0.00151972,0.00108754,-0.00001671,-0.00351398,-0.00681856,1
10.370,-2.54792327,0.05009145,1.41568590,-0.08958007,-0.02585197,-0.03306647,0.09263742,0.02673429,0.03419502,-2.55871006,0.04840899,1.41443352,-0.08882161,-0.02220237,-0.02611788,0.67688793,-38.28041077,-6.62589741,0.67779530,-38.28392538,-6.62849250,0.16199545,0.02093984,-0.00413034,0.83979075,-38.26298554,-6.63262285,0.83061134,-38.24617868,-6.62129074,0.01078679,0.00168246,0.00125238,-0.00075846,-0.00364960,-0.00694859,1
10.380,-2.54881445,0.04983426,1.41535694,-0.08865503,-0.02558501,-0.03272501,0.09236876,0.02665676,0.03409585,-2.55953681,0.04820180,1.41418957,-0.08728500,-0.02183143,-0.02568711,0.67491913,-38.28141785,-6.62566948,0.67582493,-38.28493004,-6.62826654,0.15981661,0.01917311,-0.00545759,0.83564154,-38.26575693,-6.63372413,0.82755268,-38.24881787,-6.62247978,0.01072236,0.00163246,0.00116737,-0.00137003,-0.00375358,-0.00703790,1
10.390,-2.54969638,0.04957974,1.41503140,-0.08773270,-0.02531883,-0.03238455,0.09209681,0.02657827,0.03399547,-2.56035222,0.04799735,1.41394855,-0.08584902,-0.02148496,-0.02529096,0.67292678,-38.28243256,-6.62544298,0.67383100,-38.28594225,-6.62804198,0.15780216,0.01752317,-0.00669444,0.83163316,-38.26841908,-6.63473642,0.82463727,-38.25133174,-6.62358322,0.01065584,0.00158239,0.00108285,-0.00188368,-0.00383387,-0.00709359,1
10.400,-2.55056911,0.04932788,1.41470925,-0.08681311,-0.02505345,-0.03204511,0.09182156,0.02649884,0.03389386,-2.56194906,0.04759666,1.41347496,-0.08420593,-0.02108816,-0.02485383,0.67090976,-38.28343201,-6.62522268,0.67181238,-38.28693911,-6.62782361,0.16722815,0.02059034,-0.00496876,0.83904053,-38.26634876,-6.63279237,0.82181865,-38.25388875,-6.62475469,0.01137995,0.00173122,0.00123429,-0.00260718,-0.00396529,-0.00719128,1
10.410,-2.55143266,0.04907867,1.41439049,-0.08589628,-0.02478886,-0.03170668,0.09154299,0.02641845,0.03379104,-2.56273038,0.04740042,1.41324246,-0.08268745,-0.02072195,-0.02445284,0.66886824,-38.28445053,-6.62500668,0.66976926,-38.28795497,-6.62760951,0.16480268,0.01876118,-0.00624539,0.83457194,-38.26919379,-6.63385489,0.83226477,-38.25085173,-6.62242544,0.01129772,0.00167825,0.00114803,-0.00320883,-0.00406691,-0.00725384,1
10.420,-2.55228705,0.04883210,1.41407511,-0.08498226,-0.02452508,-0.03136929,0.09126111,0.02633710,0.03368699,-2.56350030,0.04720693,1.41301276,-0.08126355,-0.02037890,-0.02408224,0.66680324,-38.28545761,-6.62479591,0.66770264,-38.28895929,-6.62740061,0.16252707,0.01704127,-0.00744115,0.83022971,-38.27191802,-6.63484176,0.82894898,-38.25349092,-6.62354521,0.01121325,0.00162517,0.00106235,-0.00371871,-0.00414618,-0.00728705,1
10.430,-2.55313231,0.04858817,1.41376310,-0.08407107,-0.02426212,-0.03103295,0.09097590,0.02625479,0.03358171,-2.56425881,0.04701618,1.41278579,-0.07991059,-0.02005296,-0.02373587,0.66471356,-38.28647232,-6.62459087,0.66561133,-38.28997115,-6.62719744,0.16035352,0.01540003,-0.00857079,0.82596485,-38.27457112,-6.63576824,0.82894898,-38.25362823,-6.62368203,0.01112650,0.00157199,0.00097731,-0.00416048,-0.00420916,-0.00729708,1
10.440,-2.55396848,0.04834686,1.41345445,-0.08316275,-0.02399999,-0.03069766,0.09068735,0.02617152,0.03347520,-2.56574164,0.04664289,1.41233987,-0.07832477,-0.01967148,-0.02334106,0.66259986,-38.28749466,-6.62439108,0.66349599,-38.29099057,-6.62699948,0.16871022,0.01810606,-0.00693398,0.83220621,-38.27288451,-6.63393346,0.83511321,-38.25350859,-6.62258623,0.01177316,0.00170397,0.00111458,-0.00483798,-0.00432851,-0.00735660,1
10.450,-2.55479558,0.04810817,1.41314914,-0.08225734,-0.02373869,-0.03036345,0.09039547,0.02608728,0.03336745,-2.56646588,0.04646035,1.41212096,-0.07684950,-0.01931704,-0.02297850,0.66046166,-38.28851318,-6.62419319,0.66135614,-38.29200608,-6.62680339,0.16603923,0.01623985,-0.00812703,0.82739537,-38.27576623,-6.63493042,0.83140109,-38.25625156,-6.62373006,0.01167030,0.00164782,0.00102818,-0.00540784,-0.00442165,-0.00738495,1
10.460,-2.55561363,0.04787208,1.41284718,-0.08135485,-0.02347825,-0.03003032,0.09010023,0.02600208,0.03325848,-2.56717868,0.04628056,1.41190466,-0.07545715,-0.01898264,-0.02264153,0.65829915,-38.28953934,-6.62400484,0.65919197,-38.29302914,-6.62661684,0.16349233,0.01446584,-0.00924919,0.82268430,-38.27856330,-6.63586604,0.83140109,-38.25638871,-6.62386017,0.01156505,0.00159152,0.00094252,-0.00589770,-0.00449561,-0.00738879,1
10.470,-2.55642268,0.04763860,1.41254853,-0.08045534,-0.02321866,-0.02969828,0.08980164,0.02591591,0.03314826,-2.56856969,0.04592920,1.41148018,-0.07383671,-0.01859476,-0.02225436,0.65611237,-38.29056168,-6.62381792,0.65700351,-38.29404829,-6.62643170,0.17079191,0.01677475,-0.00775019,0.82779542,-38.27727354,-6.63418189,0.83564154,-38.25704137,-6.62317770,0.01214701,0.00170940,0.00106835,-0.00661863,-0.00462390,-0.00744392,1
10.480,-2.55722275,0.04740771,1.41225321,-0.07955883,-0.02295993,-0.02936735,0.08949969,0.02582877,0.03303680,-2.56924800,0.04575761,1.41127175,-0.07233538,-0.01823577,-0.02190161,0.65390104,-38.29159546,-6.62363958,0.65479049,-38.29507879,-6.62625508,0.16776796,0.01479418,-0.00893327,0.82255845,-38.28028461,-6.63518835,0.83163316,-38.25983968,-6.62431473,0.01202525,0.00165010,0.00098146,-0.00722345,-0.00472416,-0.00746574,1
10.490,-2.55801387,0.04717940,1.41196118,-0.07866536,-0.02270208,-0.02903755,0.08919437,0.02574066,0.03292410,-2.56991487,0.04558876,1.41106575,-0.07092338,-0.01789822,-0.02157599,0.65166515,-38.29264450,-6.62346506,0.65255290,-38.29612447,-6.62608228,0.16487911,0.01291249,-0.01004043,0.81743202,-38.28321199,-6.63612271,0.83163316,-38.25997630,-6.62443685,0.01190100,0.00159064,0.00089543,-0.00774198,-0.00480386,-0.00746156,1
10.500,-2.55879607,0.04695366,1.41167245,-0.07777496,-0.02244512,-0.02870888,0.08888566,0.02565157,0.03281014,-2.57057020,0.04542264,1.41086236,-0.06957582,-0.01757672,-0.02126696,0.64940512,-38.29367447,-6.62329388,0.65029118,-38.29715098,-6.62591279,0.16207354,0.01110240,-0.01109984,0.81236472,-38.28604859,-6.63701263,0.83904053,-38.25804266,-6.62262244,0.01177413,0.00153102,0.00081009,-0.00819914,-0.00486840,-0.00744192,1
10.510,-2.55956938,0.04673049,1.41138700,-0.07688766,-0.02218906,-0.02838135,0.08857358,0.02556150,0.03269494,-2.57184648,0.04509853,1.41046284,-0.06799259,-0.01720002,-0.02091486,0.64711994,-38.29471970,-6.62312984,0.64800428,-38.29819269,-6.62575042,0.16823850,0.01302579,-0.00967746,0.81624278,-38.28516690,-6.63542788,0.83022971,-38.26388306,-6.62491249,0.01227710,0.00163196,0.00092416,-0.00889507,-0.00498904,-0.00746649,1
10.520,-2.56033383,0.04650988,1.41110482,-0.07600350,-0.02193389,-0.02805498,0.08825809,0.02547046,0.03257849,-2.57246755,0.04494052,1.41026649,-0.06652110,-0.01685026,-0.02059489,0.64481038,-38.29576874,-6.62296820,0.64569300,-38.29923810,-6.62559043,0.16492522,0.01099100,-0.01077642,0.81061821,-38.28824710,-6.63636685,0.82596485,-38.26667062,-6.62595075,0.01213372,0.00156936,0.00083833,-0.00948240,-0.00508363,-0.00746009,1
10.530,-2.56108946,0.04629181,1.41082590,-0.07512251,-0.02167965,-0.02772978,0.08793921,0.02537843,0.03246078,-2.57307725,0.04478521,1.41007233,-0.06513342,-0.01652051,-0.02030022,0.64247578,-38.29681396,-6.62281609,0.64335666,-38.30027962,-6.62543994,0.16173491,0.00904754,-0.01180117,0.80509157,-38.29123208,-6.63724111,0.82596485,-38.26680548,-6.62606012,0.01198779,0.00150660,0.00075357,-0.00998909,-0.00515914,-0.00742956,1
10.540,-2.56183629,0.04607628,1.41055022,-0.07424472,-0.02142633,-0.02740577,0.08761692,0.02528542,0.03234182,-2.57367551,0.04463259,1.40988050,-0.06380642,-0.01620586,-0.02002083,0.64011657,-38.29787445,-6.62266827,0.64099569,-38.30133631,-6.62529372,0.15861971,0.00717099,-0.01277905,0.79961540,-38.29416532,-6.63807277,0.83220621,-38.26525356,-6.62434213,0.01183922,0.00144369,0.00066972,-0.01043830,-0.00522047,-0.00738494,1
10.550,-2.56257436,0.04586328,1.41027778,-0.07337018,-0.02117394,-0.02708295,0.08729121,0.02519142,0.03222159,-2.57483793,0.04433536,1.40950340,-0.06224364,-0.01583651,-0.01970288,0.63773328,-38.29893875,-6.62252569,0.63861064,-38.30239671,-6.62515272,0.16362079,0.00869494,-0.01140557,0.80223143,-38.29370177,-6.63655829,0.82268430,-38.27119907,-6.62649152,0.01226357,0.00152792,0.00077438,-0.01112654,-0.00533743,-0.00738007,1
10.560,-2.56330371,0.04565280,1.41000856,-0.07249891,-0.02092250,-0.02676134,0.08696208,0.02509644,0.03210010,-2.57540210,0.04419073,1.40931817,-0.06078682,-0.01549322,-0.01940808,0.63532424,-38.30000687,-6.62238836,0.63619983,-38.30346086,-6.62501696,0.15998400,0.00659247,-0.01242966,0.79618383,-38.29686839,-6.63744663,0.82779542,-38.27004186,-6.62492006,0.01209839,0.00146207,0.00069039,-0.01171209,-0.00542928,-0.00735326,1
10.570,-2.56402435,0.04544483,1.40974255,-0.07163095,-0.02067202,-0.02644095,0.08662951,0.02500046,0.03197734,-2.57595487,0.04404875,1.40913514,-0.05940947,-0.01516930,-0.01913178,0.63289070,-38.30107880,-6.62225914,0.63376451,-38.30452872,-6.62488926,0.15645918,0.00457816,-0.01339758,0.79022368,-38.29995057,-6.63828684,0.82779542,-38.27017479,-6.62503044,0.01193052,0.00139608,0.00060741,-0.01222148,-0.00550272,-0.00730917,1
10.580,-2.56473634,0.04523935,1.40947973,-0.07076633,-0.02042250,-0.02612180,0.08629351,0.02490350,0.03185331,-2.57649633,0.04390942,1.40895421,-0.05809353,-0.01486039,-0.01887211,0.63043195,-38.30215073,-6.62213182,0.63130396,-38.30559651,-6.62476344,0.15301030,0.00263031,-0.01431290,0.78431426,-38.30296620,-6.63907634,0.82255845,-38.27331777,-6.62614179,0.01175999,0.00132993,0.00052552,-0.01267280,-0.00556211,-0.00724969,1
10.590,-2.56543969,0.04503637,1.40922011,-0.06990509,-0.02017395,-0.02580389,0.08595406,0.02480553,0.03172801,-2.57702654,0.04377270,1.40877527,-0.05682541,-0.01456326,-0.01862747,0.62794822,-38.30323029,-6.62201262,0.62881843,-38.30667181,-6.62464571,0.14961102,0.00073342,-0.01517820,0.77842945,-38.30593840,-6.63982391,0.81743202,-38.27637605,-6.62717595,0.01158685,0.00126367,0.00044484,-0.01307968,-0.00561069,-0.00717642,1
10.600,-2.56613445,0.04483587,1.40896365,-0.06904726,-0.01992639,-0.02548724,0.08561116,0.02470658,0.03160144,-2.57754557,0.04363858,1.40859824,-0.05559489,-0.01427547,-0.01839650,0.62543976,-38.30431747,-6.62189770,0.62630815,-38.30775468,-6.62453226,0.14624115,-0.00112481,-0.01599613,0.77254931,-38.30887949,-6.64052839,0.81236472,-38.27934253,-6.62816083,0.01141112,0.00119729,0.00036541,-0.01345237,-0.00565092,-0.00709074,1
10.610,-2.56682065,0.04463784,1.40871036,-0.06819288,-0.01967982,-0.02517187,0.08526480,0.02460662,0.03147358,-2.57805343,0.04350706,1.40842306,-0.05439257,-0.01399452,-0.01817685,0.62290627,-38.30541229,-6.62178946,0.62377283,-38.30884507,-6.62442544,0.14288135,-0.00295729,-0.01677198,0.76665418,-38.31180237,-6.64119742,0.81236472,-38.27947275,-6.62825368,0.01123278,0.00113078,0.00028730,-0.01380031,-0.00568530,-0.00699502,1
10.620,-2.56749832,0.04444227,1.40846021,-0.06734198,-0.01943426,-0.02485778,0.08491496,0.02450566,0.03134445,-2.57855005,0.04337814,1.40824987,-0.05321005,-0.01371902,-0.01796221,0.62034768,-38.30650330,-6.62168837,0.62121240,-38.30993155,-6.62432575,0.13951349,-0.00477100,-0.01752374,0.76072589,-38.31470256,-6.64184949,0.81624278,-38.27872065,-6.62676874,0.01105173,0.00106413,0.00021034,-0.01413193,-0.00571524,-0.00689557,1
10.630,-2.56816750,0.04424915,1.40821320,-0.06649459,-0.01918971,-0.02454498,0.08456166,0.02440370,0.03121403,-2.57903552,0.04325178,1.40807859,-0.05204432,-0.01344819,-0.01775373,0.61776304,-38.30760956,-6.62159014,0.61862592,-38.31103323,-6.62422892,0.13613205,-0.00656950,-0.01824724,0.75475796,-38.31760273,-6.64247615,0.81061821,-38.28192925,-6.62780269,0.01086802,0.00099737,0.00013461,-0.01445027,-0.00574152,-0.00679125,1
10.640,-2.56882822,0.04405847,1.40796931,-0.06565076,-0.01894619,-0.02423350,0.08420486,0.02430073,0.03108233,-2.57997331,0.04300668,1.40774137,-0.05061802,-0.01311841,-0.01750898,0.61515361,-38.30872345,-6.62150049,0.61601463,-38.31214243,-6.62414063,0.13913422,-0.00563808,-0.01686688,0.75514884,-38.31778051,-6.64100751,0.79961540,-38.28810077,-6.62968540,0.01114509,0.00105179,0.00022794,-0.01503274,-0.00582778,-0.00672452,1
10.650,-2.56948053,0.04387023,1.40772852,-0.06481051,-0.01870370,-0.02392334,0.08384458,0.02419676,0.03094934,-2.58042566,0.04288789,1.40757549,-0.04927232,-0.01280852,-0.01727874,0.61251920,-38.30984116,-6.62141466,0.61337834,-38.31325535,-6.62405612,0.13513489,-0.00770942,-0.01764076,0.74851323,-38.32096477,-6.64169688,0.80223143,-38.28776235,-6.62826428,0.01094513,0.00098234,0.00015303,-0.01553819,-0.00589518,-0.00664460,1
10.660,-2.57012445,0.04368440,1.40749084,-0.06397388,-0.01846226,-0.02361452,0.08348079,0.02409177,0.03081506,-2.58086706,0.04277158,1.40741139,-0.04798914,-0.01251420,-0.01706154,0.60985887,-38.31095123,-6.62133694,0.61071612,-38.31436056,-6.62397970,0.13121469,-0.00970996,-0.01836818,0.74193081,-38.32407052,-6.64234788,0.79618383,-38.29105278,-6.62924166,0.01074261,0.00091282,0.00007945,-0.01598474,-0.00594806,-0.00655298,1
10.670,-2.57076002,0.04350098,1.40725623,-0.06314090,-0.01822187,-0.02330704,0.08311350,0.02398578,0.03067948,-2.58129750,0.04265774,1.40724903,-0.04675287,-0.01223141,-0.01685508,0.60717374,-38.31207657,-6.62126303,0.60802910,-38.31548093,-6.62390709,0.12734170,-0.01166001,-0.01905493,0.73537080,-38.32714094,-6.64296202,0.79618383,-38.29117687,-6.62932879,0.01053748,0.00084324,0.00000720,-0.01638803,-0.00599046,-0.00645196,1
10.680,-2.57138728,0.04331996,1.40702469,-0.06231162,-0.01798255,-0.02300093,0.08274270,0.02387877,0.03054261,-2.58171706,0.04254637,1.40708834,-0.04555381,-0.01195793,-0.01665867,0.60446262,-38.31322098,-6.62119579,0.60531608,-38.31662028,-6.62384111,0.12349707,-0.01357039,-0.01970172,0.72881315,-38.33019067,-6.64354283,0.79022368,-38.29438182,-6.63025211,0.01032978,0.00077359,-0.00006365,-0.01675781,-0.00602462,-0.00634226,1
10.690,-2.57200626,0.04314132,1.40679621,-0.06148606,-0.01774430,-0.02269620,0.08236837,0.02377074,0.03040443,-2.58212584,0.04243742,1.40692923,-0.04438470,-0.01169210,-0.01647167,0.60172629,-38.31435013,-6.62113476,0.60257783,-38.31774431,-6.62378131,0.11966700,-0.01544924,-0.02030938,0.72224483,-38.33319354,-6.64409068,0.78431426,-38.29751890,-6.63112100,0.01011958,0.00070390,-0.00013302,-0.01710136,-0.00605220,-0.00622453,1
10.700,-2.57261701,0.04296507,1.40657076,-0.06066426,-0.01750714,-0.02239285,0.08199052,0.02366169,0.03026496,-2.58252390,0.04233088,1.40677164,-0.04324008,-0.01143267,-0.01629346,0.59896427,-38.31550217,-6.62108278,0.59981388,-38.31889111,-6.62373053,0.11584094,-0.01730194,-0.02087894,0.71565482,-38.33619305,-6.64460947,0.77842945,-38.30061120,-6.63194450,0.00990689,0.00063419,-0.00020088,-0.01742418,-0.00607447,-0.00609939,1
10.710,-2.57321956,0.04279118,1.40634834,-0.05984626,-0.01727107,-0.02209090,0.08160913,0.02355163,0.03012417,-2.58328821,0.04212489,1.40646077,-0.04185209,-0.01112008,-0.01608853,0.59617656,-38.31665039,-6.62103224,0.59702424,-38.32003399,-6.62368117,0.11713746,-0.01688067,-0.01948665,0.71416170,-38.33691466,-6.64316782,0.76665418,-38.30671122,-6.63346056,0.01006865,0.00066629,-0.00011243,-0.01799417,-0.00615099,-0.00600237,1
10.720,-2.57381395,0.04261964,1.40612894,-0.05903209,-0.01703611,-0.02179037,0.08122419,0.02344054,0.02998208,-2.58365462,0.04202538,1.40630738,-0.04054939,-0.01082768,-0.01590134,0.59336334,-38.31781387,-6.62099028,0.59420907,-38.32119206,-6.62364037,0.11275059,-0.01896758,-0.02006151,0.70695965,-38.34015963,-6.64370187,0.76072589,-38.30972733,-6.63417960,0.00984067,0.00059426,-0.00017844,-0.01848270,-0.00620843,-0.00588903,1
10.730,-2.57440021,0.04245045,1.40591253,-0.05822179,-0.01680226,-0.02149126,0.08083571,0.02332843,0.02983868,-2.58401065,0.04192817,1.40615527,-0.03931270,-0.01055114,-0.01572877,0.59052426,-38.31897354,-6.62095261,0.59136802,-38.32234621,-6.62360382,0.10845392,-0.02097934,-0.02058128,0.69982195,-38.34332555,-6.64418510,0.75475796,-38.31274197,-6.63487062,0.00961044,0.00052228,-0.00024274,-0.01890909,-0.00625112,-0.00576249,1
10.740,-2.57497840,0.04228359,1.40569911,-0.05741539,-0.01656954,-0.02119360,0.08044366,0.02321528,0.02969397,-2.58435629,0.04183325,1.40600441,-0.03812553,-0.01028639,-0.01556797,0.58765996,-38.32015610,-6.62092495,0.58850174,-38.32352316,-6.62357727,0.10421351,-0.02293704,-0.02105277,0.69271525,-38.34646020,-6.64463004,0.75475796,-38.31285665,-6.63493336,0.00937789,0.00045034,-0.00030530,-0.01928986,-0.00628315,-0.00562563,1
10.750,-2.57554853,0.04211906,1.40548866,-0.05661293,-0.01633796,-0.02089739,0.08004805,0.02310111,0.02954794,-2.58469154,0.04174059,1.40585496,-0.03697534,-0.01003122,-0.01541211,0.58476901,-38.32132339,-6.62090158,0.58560881,-38.32468477,-6.62355499,0.10000396,-0.02485106,-0.02149533,0.68561277,-38.34953583,-6.64505032,0.75514884,-38.31314766,-6.63353525,0.00914301,0.00037847,-0.00036630,-0.01963759,-0.00630674,-0.00548528,1
10.760,-2.57611067,0.04195683,1.40528116,-0.05581444,-0.01610752,-0.02060265,0.07964886,0.02298591,0.02940059,-2.58501649,0.04165016,1.40570688,-0.03585517,-0.00978404,-0.01526130,0.58185261,-38.32252121,-6.62088299,0.58269043,-38.32587680,-6.62353745,0.09581160,-0.02672928,-0.02190829,0.67850203,-38.35260608,-6.64544574,0.74851323,-38.31644352,-6.63429245,0.00890582,0.00030667,-0.00042572,-0.01995927,-0.00632348,-0.00534135,1
10.770,-2.57666484,0.04179690,1.40507660,-0.05501996,-0.01587824,-0.02030938,0.07924609,0.02286968,0.02925191,-2.58533122,0.04156194,1.40556009,-0.03475978,-0.00954365,-0.01511553,0.57891035,-38.32370377,-6.62087297,0.57974615,-38.32705348,-6.62352846,0.09162693,-0.02857698,-0.02229113,0.67137308,-38.35563046,-6.64581959,0.74193081,-38.31965928,-6.63500877,0.00866638,0.00023496,-0.00048349,-0.02026018,-0.00633459,-0.00519385,1
10.780,-2.57721108,0.04163926,1.40487496,-0.05422953,-0.01565013,-0.02001761,0.07883973,0.02275241,0.02910191,-2.58563584,0.04147588,1.40541457,-0.03368522,-0.00930916,-0.01497468,0.57594180,-38.32491302,-6.62086868,0.57677560,-38.32825676,-6.62352517,0.08744274,-0.03039811,-0.02264391,0.66421833,-38.35865487,-6.64616908,0.73537080,-38.32283809,-6.63568595,0.00842476,0.00016338,-0.00053961,-0.02054431,-0.00634097,-0.00504293,1
10.790,-2.57774944,0.04148390,1.40467624,-0.05344318,-0.01542320,-0.01972735,0.07842978,0.02263410,0.02895059,-2.58621507,0.04131014,1.40512715,-0.03238005,-0.00902737,-0.01480901,0.57294780,-38.32612610,-6.62086868,0.57377956,-38.32946377,-6.62352615,0.08702661,-0.03041254,-0.02117977,0.66080617,-38.35987630,-6.64470592,0.72224483,-38.32910255,-6.63693469,0.00846563,0.00017376,-0.00045091,-0.02106313,-0.00639583,-0.00491834,1
10.800,-2.57827996,0.04133079,1.40448041,-0.05266095,-0.01519745,-0.01943860,0.07801622,0.02251475,0.02879793,-2.58648986,0.04123039,1.40498518,-0.03115493,-0.00876431,-0.01465604,0.56992728,-38.32733536,-6.62087584,0.57075700,-38.33066686,-6.62353425,0.08231318,-0.03243286,-0.02154099,0.65307018,-38.36309973,-6.64507523,0.71565482,-38.33220549,-6.63751091,0.00820990,0.00010040,-0.00050477,-0.02150602,-0.00643314,-0.00478256,1
10.810,-2.57880267,0.04117994,1.40428746,-0.05188287,-0.01497291,-0.01915139,0.07759905,0.02239436,0.02864394,-2.58675483,0.04115267,1.40484452,-0.02999035,-0.00851625,-0.01450844,0.56688064,-38.32856369,-6.62089205,0.56770831,-38.33188894,-6.62355138,0.07768199,-0.03437865,-0.02187232,0.64539030,-38.36626759,-6.64542371,0.71416170,-38.33302863,-6.63613499,0.00795216,0.00002727,-0.00055706,-0.02189252,-0.00645666,-0.00464295,1
10.820,-2.57931763,0.04103133,1.40409738,-0.05110898,-0.01474957,-0.01886573,0.07717826,0.02227292,0.02848862,-2.58700997,0.04107698,1.40470515,-0.02887118,-0.00827934,-0.01436560,0.56380761,-38.32979584,-6.62091255,0.56463321,-38.33311472,-6.62357279,0.07310177,-0.03626964,-0.02217509,0.63773498,-38.36938436,-6.64574788,0.71416170,-38.33313034,-6.63619927,0.00769234,-0.00004565,-0.00060777,-0.02223780,-0.00647023,-0.00450013,1
10.830,-2.57982487,0.04088495,1.40391014,-0.05033931,-0.01452745,-0.01858163,0.07675384,0.02215044,0.02833195,-2.58725537,0.04100329,1.40456704,-0.02778854,-0.00805174,-0.01422708,0.56070894,-38.33102798,-6.62093925,0.56153248,-38.33434042,-6.62360036,0.06855575,-0.03811456,-0.02245042,0.63008823,-38.37245498,-6.64605078,0.70695965,-38.33647517,-6.63679611,0.00743050,-0.00011834,-0.00065690,-0.02255077,-0.00647571,-0.00435455,1
10.840,-2.58032443,0.04074078,1.40372574,-0.04957391,-0.01430657,-0.01829910,0.07632579,0.02202690,0.02817395,-2.58771739,0.04086176,1.40429448,-0.02649738,-0.00778398,-0.01406216,0.55758357,-38.33227921,-6.62097263,0.55840502,-38.33558512,-6.62363458,0.06694842,-0.03841503,-0.02101092,0.62535343,-38.37400015,-6.64464550,0.69271525,-38.34296985,-6.63784635,0.00739296,-0.00012098,-0.00056874,-0.02307653,-0.00652259,-0.00423694,1
10.850,-2.58081636,0.04059881,1.40354416,-0.04881281,-0.01408692,-0.01801815,0.07589409,0.02190232,0.02801460,-2.58793419,0.04079383,1.40416000,-0.02529308,-0.00753603,-0.01390864,0.55443168,-38.33353424,-6.62101221,0.55525103,-38.33683352,-6.62367497,0.06194221,-0.04040813,-0.02130523,0.61719324,-38.37724165,-6.64498021,0.68561277,-38.34613974,-6.63832627,0.00711783,-0.00019502,-0.00061584,-0.02351973,-0.00655089,-0.00410951,1
10.860,-2.58130070,0.04045904,1.40336537,-0.04805604,-0.01386852,-0.01773881,0.07545875,0.02177669,0.02785390,-2.58814165,0.04072776,1.40402669,-0.02415637,-0.00730388,-0.01376405,0.55125338,-38.33479309,-6.62105894,0.55207063,-38.33808564,-6.62372248,0.05703601,-0.04231983,-0.02156035,0.60910663,-38.38040548,-6.64528283,0.67850203,-38.34930237,-6.63878060,0.00684095,-0.00026872,-0.00066132,-0.02389967,-0.00656464,-0.00397476,1
10.870,-2.58177750,0.04032144,1.40318937,-0.04730365,-0.01365139,-0.01746108,0.07501975,0.02164999,0.02769185,-2.58833987,0.04066350,1.40389456,-0.02307280,-0.00708451,-0.01362646,0.54804915,-38.33606339,-6.62111187,0.54886428,-38.33934913,-6.62377619,0.05220153,-0.04416512,-0.02178093,0.60106580,-38.38351425,-6.64555712,0.67137308,-38.35241726,-6.63921274,0.00656237,-0.00034206,-0.00070519,-0.02423085,-0.00656688,-0.00383462,1
10.880,-2.58224679,0.04018600,1.40301615,-0.04655566,-0.01343553,-0.01718498,0.07457708,0.02152225,0.02752845,-2.58852895,0.04060100,1.40376358,-0.02203155,-0.00687567,-0.01349435,0.54481786,-38.33734512,-6.62116861,0.54563087,-38.34062392,-6.62383365,0.04741809,-0.04595452,-0.02197084,0.59304896,-38.38657844,-6.64580449,0.66421833,-38.35553028,-6.63962008,0.00628216,-0.00041500,-0.00074743,-0.02452411,-0.00655986,-0.00369063,1
10.890,-2.58270862,0.04005272,1.40284567,-0.04581212,-0.01322095,-0.01691051,0.07413075,0.02139344,0.02736370,-2.58870893,0.04054024,1.40363394,-0.02102318,-0.00667592,-0.01336180,0.54156053,-38.33863449,-6.62123537,0.54237140,-38.34190629,-6.62390111,0.04266671,-0.04769421,-0.02214771,0.58503811,-38.38960051,-6.64604883,0.66080617,-38.35683798,-6.63822383,0.00600031,-0.00048752,-0.00078827,-0.02478894,-0.00654503,-0.00354871,1
10.900,-2.58316305,0.03992158,1.40267793,-0.04507306,-0.01300766,-0.01663771,0.07368073,0.02126357,0.02719758,-2.58904171,0.04042385,1.40337858,-0.01981473,-0.00644070,-0.01319698,0.53827566,-38.33993530,-6.62130833,0.53908437,-38.34319998,-6.62397476,0.03990901,-0.04817363,-0.02073946,0.57899338,-38.39137360,-6.64471422,0.65307018,-38.36023220,-6.63872397,0.00587866,-0.00050227,-0.00070065,-0.02525833,-0.00656696,-0.00344073,1
10.910,-2.58361010,0.03979256,1.40251291,-0.04433852,-0.01279568,-0.01636657,0.07322703,0.02113263,0.02703011,-2.58919472,0.04036815,1.40325285,-0.01868626,-0.00622311,-0.01304090,0.53496528,-38.34123611,-6.62138748,0.53577183,-38.34449358,-6.62405457,0.03471613,-0.05003576,-0.02096337,0.57048795,-38.39452934,-6.64501794,0.64539030,-38.36348242,-6.63913738,0.00558462,-0.00057559,-0.00073994,-0.02565226,-0.00657257,-0.00332567,1
10.920,-2.58404983,0.03966566,1.40235059,-0.04360853,-0.01258501,-0.01609711,0.07276963,0.02100063,0.02686127,-2.58933894,0.04031405,1.40312842,-0.01762042,-0.00601974,-0.01289146,0.53162748,-38.34255219,-6.62147093,0.53243186,-38.34580236,-6.62413863,0.02961719,-0.05182066,-0.02115667,0.56204905,-38.39762302,-6.64529530,0.63773498,-38.36667955,-6.63952632,0.00528911,-0.00064839,-0.00077783,-0.02598811,-0.00656527,-0.00320565,1
10.930,-2.58448229,0.03954086,1.40219096,-0.04288314,-0.01237567,-0.01582935,0.07230853,0.02086756,0.02669107,-2.58947450,0.04026152,1.40300529,-0.01660417,-0.00582803,-0.01274702,0.52826309,-38.34387207,-6.62156248,0.52906529,-38.34711484,-6.62423078,0.02458688,-0.05354074,-0.02132357,0.55365217,-38.40065557,-6.64555435,0.63008823,-38.36982853,-6.63989392,0.00499221,-0.00072066,-0.00081433,-0.02627897,-0.00654764,-0.00308233,1
10.940,-2.58490751,0.03941814,1.40203400,-0.04216237,-0.01216766,-0.01556329,0.07184372,0.02073342,0.02651949,-2.58960144,0.04021051,1.40288362,-0.01562673,-0.00564634,-0.01260181,0.52487183,-38.34520340,-6.62165976,0.52567183,-38.34843867,-6.62432862,0.01960409,-0.05520340,-0.02148117,0.54527592,-38.40364207,-6.64580979,0.62535343,-38.37144952,-6.63856240,0.00469393,-0.00079237,-0.00084962,-0.02653564,-0.00652132,-0.00296148,1
10.950,-2.58532555,0.03929750,1.40187969,-0.04144627,-0.01196101,-0.01529896,0.07137519,0.02059821,0.02634655,-2.58971978,0.04016101,1.40276341,-0.01467839,-0.00547209,-0.01245666,0.52145344,-38.34653854,-6.62176657,0.52225124,-38.34976621,-6.62443596,0.01464843,-0.05682178,-0.02162739,0.53689967,-38.40658799,-6.64606335,0.62535343,-38.37152548,-6.63863490,0.00439423,-0.00086351,-0.00088372,-0.02676788,-0.00648892,-0.00284230,1
10.960,-2.58573645,0.03917892,1.40172802,-0.04073488,-0.01175570,-0.01503637,0.07090294,0.02046192,0.02617222,-2.58982961,0.04011300,1.40264465,-0.01375469,-0.00530447,-0.01231160,0.51800847,-38.34789658,-6.62187815,0.51880405,-38.35111655,-6.62454806,0.00971194,-0.05839930,-0.02176225,0.52851599,-38.40951584,-6.64631031,0.61719324,-38.37484085,-6.63904199,0.00409316,-0.00093408,-0.00091663,-0.02698019,-0.00645123,-0.00272477,1
10.970,-2.58614026,0.03906238,1.40157896,-0.04002823,-0.01155177,-0.01477552,0.07042695,0.02032456,0.02599653,-2.59002423,0.04002123,1.40241147,-0.01264534,-0.00510798,-0.01213030,0.51453644,-38.34924698,-6.62199450,0.51532980,-38.35245916,-6.62466489,0.00577260,-0.05898337,-0.02047065,0.52110239,-38.41144253,-6.64513553,0.60106580,-38.38125499,-6.63976392,0.00388397,-0.00095885,-0.00083251,-0.02738289,-0.00644379,-0.00264522,1
10.980,-2.58653703,0.03894788,1.40143250,-0.03932635,-0.01134922,-0.01451644,0.06994723,0.02018611,0.02581945,-2.59010924,0.03997740,1.40229706,-0.01160917,-0.00492677,-0.01195788,0.51103759,-38.35061646,-6.62211847,0.51182869,-38.35382075,-6.62478932,0.00043114,-0.06064547,-0.02067155,0.51225984,-38.41446622,-6.64546087,0.59304896,-38.38438688,-6.64008417,0.00357221,-0.00102952,-0.00086456,-0.02771718,-0.00642245,-0.00255856,1
10.990,-2.58692681,0.03883539,1.40128862,-0.03862930,-0.01114805,-0.01425914,0.06946376,0.02004659,0.02564098,-2.59018619,0.03993488,1.40218412,-0.01063065,-0.00475801,-0.01179198,0.50751108,-38.35198593,-6.62224722,0.50829994,-38.35518223,-6.62491849,-0.00482099,-0.06223489,-0.02084613,0.50347894,-38.41741712,-6.64576463,0.58503811,-38.38747463,-6.64040169,0.00325938,-0.00109949,-0.00089550,-0.02799865,-0.00639004,-0.00246716,1
11.000,-2.58730963,0.03872491,1.40114731,-0.03793709,-0.01094829,-0.01400362,0.06897653,0.01990598,0.02546114,-2.59025517,0.03989363,1.40207282,-0.00969742,-0.00459994,-0.01162653,0.50395739,-38.35337448,-6.62238550,0.50474400,-38.35656270,-6.62505715,-0.01000773,-0.06375938,-0.02101201,0.49473627,-38.42032208,-6.64606916,0.57899338,-38.38931075,-6.63914914,0.00294554,-0.00116872,-0.00092551,-0.02823967,-0.00634835,-0.00237709,1
11.010,-2.58768556,0.03861642,1.40100854,-0.03724978,-0.01074994,-0.01374992,0.06848554,0.01976428,0.02527990,-2.59031617,0.03985363,1.40196313,-0.00879816,-0.00444980,-0.01146202,0.50037664,-38.35477066,-6.62252855,0.50116097,-38.35795069,-6.62520058,-0.01515289,-0.06523320,-0.02116809,0.48600808,-38.42318389,-6.64636867,0.57899338,-38.38937391,-6.63922997,0.00263061,-0.00123721,-0.00095459,-0.02845162,-0.00630014,-0.00228790,1
11.020,-2.58805464,0.03850991,1.40087231,-0.03656739,-0.01055301,-0.01349803,0.06799078,0.01962150,0.02509727,-2.59041473,0.03977727,1.40174862,-0.00773379,-0.00427711,-0.01125770,0.49676889,-38.35616684,-6.62267923,0.49755093,-38.35933858,-6.62535161,-0.01997237,-0.06586824,-0.02003235,0.47757856,-38.42520682,-6.64538396,0.56204905,-38.39574350,-6.63997294,0.00236009,-0.00126736,-0.00087631,-0.02883360,-0.00627590,-0.00224033,1
11.030,-2.58841693,0.03840536,1.40073858,-0.03588997,-0.01035751,-0.01324798,0.06749225,0.01947763,0.02491325,-2.59045251,0.03974082,1.40164379,-0.00674489,-0.00411906,-0.01106383,0.49313378,-38.35758591,-6.62283564,0.49391353,-38.36074927,-6.62550831,-0.02546092,-0.06738618,-0.02026858,0.46845261,-38.42813544,-6.64577689,0.55365217,-38.39883312,-6.64031323,0.00203558,-0.00133546,-0.00090521,-0.02914508,-0.00623845,-0.00218415,1
11.040,-2.58877246,0.03830276,1.40060734,-0.03521756,-0.01016346,-0.01299977,0.06698993,0.01933266,0.02472782,-2.59048278,0.03970547,1.40154060,-0.00581546,-0.00397298,-0.01087772,0.48947102,-38.35900116,-6.62299919,0.49024845,-38.36215603,-6.62567214,-0.03085211,-0.06883044,-0.02047889,0.45939634,-38.43098647,-6.64615102,0.54527592,-38.40187470,-6.64065011,0.00171032,-0.00140271,-0.00093326,-0.02940210,-0.00619048,-0.00212205,1
11.050,-2.58912130,0.03820208,1.40047858,-0.03455019,-0.00997086,-0.01275343,0.06648381,0.01918660,0.02454100,-2.59050566,0.03967119,1.40143904,-0.00493353,-0.00383685,-0.01069732,0.48578081,-38.36043930,-6.62316942,0.48655592,-38.36358560,-6.62584264,-0.03616930,-0.07021091,-0.02066858,0.45038663,-38.43379651,-6.64651121,0.53689967,-38.40487376,-6.64098529,0.00138436,-0.00146911,-0.00096046,-0.02961666,-0.00613401,-0.00205611,1
11.060,-2.58946348,0.03810333,1.40035227,-0.03388790,-0.00977973,-0.01250896,0.06597390,0.01903945,0.02435278,-2.59052126,0.03963793,1.40133912,-0.00409009,-0.00370916,-0.01052110,0.48206294,-38.36188126,-6.62334585,0.48283572,-38.36501887,-6.62601928,-0.04142927,-0.07153405,-0.02084194,0.44140645,-38.43655291,-6.64686123,0.52851599,-38.40785281,-6.64131408,0.00105778,-0.00153460,-0.00098685,-0.02979781,-0.00607057,-0.00198786,1
11.070,-2.58979907,0.03800649,1.40022839,-0.03323072,-0.00959007,-0.01226637,0.06546018,0.01889119,0.02416315,-2.59052968,0.03960564,1.40124099,-0.00327807,-0.00358909,-0.01034398,0.47831827,-38.36332321,-6.62352753,0.47908872,-38.36645204,-6.62620115,-0.04664578,-0.07280306,-0.02101408,0.43244294,-38.43925509,-6.64721523,0.52110239,-38.40982809,-6.64022922,0.00073061,-0.00159915,-0.00101260,-0.02995265,-0.00600098,-0.00192239,1
11.080,-2.59012811,0.03791153,1.40010693,-0.03257871,-0.00940191,-0.01202570,0.06494264,0.01874184,0.02397212,-2.59053092,0.03957433,1.40114464,-0.00248960,-0.00347467,-0.01016677,0.47454557,-38.36478806,-6.62371683,0.47531366,-38.36790799,-6.62639061,-0.05183526,-0.07402880,-0.02118287,0.42347839,-38.44193679,-6.64757348,0.52110239,-38.40987682,-6.64031796,0.00040281,-0.00166280,-0.00103771,-0.03008911,-0.00592724,-0.00185893,1
11.090,-2.59045066,0.03781844,1.39998787,-0.03193188,-0.00921524,-0.01178694,0.06442128,0.01859138,0.02377967,-2.59052510,0.03954395,1.40105006,-0.00172184,-0.00336546,-0.00998959,0.47074485,-38.36625290,-6.62391090,0.47151059,-38.36936384,-6.62658481,-0.05700251,-0.07521275,-0.02134822,0.41450808,-38.44457659,-6.64793302,0.51225984,-38.41294731,-6.64073185,0.00007444,-0.00172551,-0.00106219,-0.03021004,-0.00584978,-0.00179735,1
11.100,-2.59076677,0.03772722,1.39987119,-0.03129029,-0.00903008,-0.01155011,0.06389609,0.01843981,0.02358581,-2.59049279,0.03948585,1.40086620,-0.00080225,-0.00323958,-0.00976835,0.46691728,-38.36773300,-6.62411356,0.46768063,-38.37083485,-6.62678756,-0.06278515,-0.07574792,-0.02043693,0.40489548,-38.44658277,-6.64722449,0.49473627,-38.41889112,-6.64151685,-0.00027398,-0.00175863,-0.00099501,-0.03048804,-0.00579050,-0.00178176,1
11.110,-2.59107649,0.03763784,1.39975686,-0.03065397,-0.00884645,-0.01131523,0.06336707,0.01828714,0.02339053,-2.59046653,0.03945805,1.40077692,0.00005482,-0.00312455,-0.00955835,0.46306074,-38.36922836,-6.62432337,0.46382170,-38.37232102,-6.62699745,-0.06826697,-0.07694818,-0.02070135,0.39555472,-38.44926920,-6.64769879,0.48600808,-38.42179415,-6.64190449,-0.00060996,-0.00182021,-0.00102006,-0.03070879,-0.00572190,-0.00175688,1
11.120,-2.59137987,0.03755028,1.39964488,-0.03002296,-0.00866435,-0.01108230,0.06283420,0.01813336,0.02319383,-2.59043369,0.03943103,1.40068953,0.00086211,-0.00301891,-0.00935329,0.45917749,-38.37072372,-6.62453794,0.45993606,-38.37380708,-6.62721204,-0.07366379,-0.07808314,-0.02095251,0.38627227,-38.45189022,-6.64816455,0.47757856,-38.42385582,-6.64101491,-0.00094618,-0.00188075,-0.00104465,-0.03088507,-0.00564544,-0.00172901,1
11.130,-2.59167696,0.03746454,1.39953521,-0.02939730,-0.00848379,-0.01085135,0.06229747,0.01797847,0.02299571,-2.59039427,0.03940479,1.40060403,0.00163208,-0.00292024,-0.00915249,0.45526552,-38.37223053,-6.62475824,0.45602169,-38.37530449,-6.62743237,-0.07900132,-0.07916500,-0.02119239,0.37702037,-38.45446949,-6.64862476,0.47757856,-38.42389470,-6.64110890,-0.00128269,-0.00194025,-0.00106882,-0.03102938,-0.00556355,-0.00169886,1
11.140,-2.59196783,0.03738060,1.39942784,-0.02877703,-0.00830478,-0.01062239,0.06175689,0.01782246,0.02279617,-2.59034839,0.03937929,1.40052040,0.00237090,-0.00282769,-0.00895523,0.45132598,-38.37374878,-6.62498760,0.45207974,-38.37681324,-6.62766170,-0.08429120,-0.08019769,-0.02142279,0.36778853,-38.45701093,-6.64908449,0.46845261,-38.42686042,-6.64159516,-0.00161944,-0.00199869,-0.00109256,-0.03114793,-0.00547709,-0.00166716,1
11.150,-2.59225252,0.03729844,1.39932275,-0.02816218,-0.00812734,-0.01039544,0.06121244,0.01766533,0.02259520,-2.59029619,0.03935450,1.40043862,0.00308325,-0.00274060,-0.00876094,0.44735870,-38.37527847,-6.62522125,0.44811002,-38.37833334,-6.62789527,-0.08954156,-0.08118424,-0.02164529,0.35856846,-38.45951758,-6.64954057,0.45939634,-38.42974681,-6.64206200,-0.00195633,-0.00205606,-0.00111587,-0.03124543,-0.00538674,-0.00163450,1
11.160,-2.59253109,0.03721805,1.39921993,-0.02755279,-0.00795148,-0.01017049,0.06066411,0.01750709,0.02239279,-2.59023778,0.03933038,1.40035868,0.00377266,-0.00265846,-0.00856915,0.44336292,-38.37681961,-6.62546062,0.44411180,-38.37986476,-6.62813456,-0.09475856,-0.08212661,-0.02186101,0.34935324,-38.46199137,-6.64999557,0.45038663,-38.43259049,-6.64251433,-0.00229331,-0.00211233,-0.00113875,-0.03132545,-0.00529302,-0.00160134,1
11.170,-2.59280360,0.03713941,1.39911934,-0.02694891,-0.00777720,-0.00994758,0.06011190,0.01734773,0.02218896,-2.59010284,0.03928402,1.40020429,0.00459072,-0.00256572,-0.00833400,0.43933874,-38.37837601,-6.62570763,0.44008517,-38.38141134,-6.62838147,-0.10130138,-0.08253028,-0.02119327,0.33878379,-38.46394162,-6.64957474,0.43244294,-38.43811134,-6.64340095,-0.00270076,-0.00214461,-0.00108495,-0.03153963,-0.00521148,-0.00161358,1
11.180,-2.59307009,0.03706250,1.39902097,-0.02635057,-0.00760453,-0.00972672,0.05955580,0.01718724,0.02198368,-2.59002656,0.03926172,1.40012981,0.00535015,-0.00248182,-0.00811246,0.43528727,-38.37993240,-6.62596083,0.43603123,-38.38295781,-6.62863450,-0.10676822,-0.08345604,-0.02150668,0.32926301,-38.46641385,-6.65014118,0.42347839,-38.44082173,-6.64384956,-0.00304353,-0.00219922,-0.00110884,-0.03170072,-0.00512271,-0.00161426,1
11.190,-2.59333063,0.03698731,1.39892480,-0.02575781,-0.00743346,-0.00950792,0.05899580,0.01702563,0.02177697,-2.58994456,0.03923996,1.40005713,0.00606252,-0.00240534,-0.00790146,0.43120658,-38.38150024,-6.62621975,0.43194807,-38.38451565,-6.62889323,-0.11214886,-0.08432335,-0.02179362,0.31979921,-38.46883900,-6.65068685,0.41450808,-38.44348863,-6.64429879,-0.00338607,-0.00225265,-0.00113233,-0.03182033,-0.00502812,-0.00160646,1
11.200,-2.59358526,0.03691383,1.39883080,-0.02517066,-0.00726402,-0.00929118,0.05843190,0.01686290,0.02156882,-2.58985685,0.03921875,1.39998622,0.00673959,-0.00233437,-0.00769887,0.42709857,-38.38308716,-6.62648773,0.42783757,-38.38609243,-6.62916102,-0.11746749,-0.08514227,-0.02205955,0.31037008,-38.47123470,-6.65122056,0.41450808,-38.44351587,-6.64438747,-0.00372841,-0.00230492,-0.00115542,-0.03191025,-0.00492965,-0.00159231,1
11.210,-2.59383406,0.03684203,1.39873897,-0.02458918,-0.00709621,-0.00907654,0.05786408,0.01669903,0.02135923,-2.58976357,0.03919803,1.39991719,0.00738688,-0.00226861,-0.00749992,0.42296192,-38.38467026,-6.62676191,0.42369843,-38.38766530,-6.62943494,-0.12273451,-0.08591387,-0.02231790,0.30096391,-38.47357918,-6.65175284,0.40489548,-38.44554710,-6.64377296,-0.00407049,-0.00235600,-0.00117822,-0.03197606,-0.00482760,-0.00157662,1
11.220,-2.59407707,0.03677190,1.39864926,-0.02401340,-0.00693004,-0.00886401,0.05729235,0.01653403,0.02114818,-2.58966483,0.03917779,1.39985001,0.00800863,-0.00220752,-0.00730436,0.41879687,-38.38627625,-6.62703848,0.41953086,-38.38926096,-6.62971123,-0.12795710,-0.08664049,-0.02256960,0.29157376,-38.47590144,-6.65228084,0.39555472,-38.44825707,-6.64433995,-0.00441224,-0.00240589,-0.00120075,-0.03202203,-0.00472252,-0.00155965,1
11.230,-2.59431434,0.03670342,1.39856168,-0.02344335,-0.00676553,-0.00865358,0.05671668,0.01636790,0.02093569,-2.58956077,0.03915799,1.39978466,0.00860803,-0.00215066,-0.00711202,0.41460285,-38.38788223,-6.62732553,0.41533432,-38.39085650,-6.62999798,-0.13314054,-0.08732415,-0.02281460,0.28219379,-38.47818065,-6.65281258,0.38627227,-38.45090019,-6.64489706,-0.00475357,-0.00245457,-0.00122298,-0.03205138,-0.00461487,-0.00154156,1
11.240,-2.59454595,0.03663658,1.39847619,-0.02287908,-0.00660269,-0.00844530,0.05613708,0.01620063,0.02072174,-2.58933718,0.03911960,1.39965933,0.00931420,-0.00208805,-0.00687841,0.41038105,-38.38950348,-6.62761450,0.41111000,-38.39246720,-6.63028660,-0.14025748,-0.08753921,-0.02236124,0.27085251,-38.48000641,-6.65264784,0.36778853,-38.45606081,-6.64599569,-0.00520877,-0.00248302,-0.00118314,-0.03219328,-0.00451464,-0.00156689,1
11.250,-2.59477195,0.03657136,1.39839277,-0.02232062,-0.00644152,-0.00823915,0.05555354,0.01603223,0.02050634,-2.58921791,0.03910096,1.39959930,0.00996738,-0.00203216,-0.00665954,0.40613016,-38.39113998,-6.62791157,0.40685657,-38.39409304,-6.63058328,-0.14563151,-0.08818227,-0.02269833,0.26122506,-38.48227531,-6.65328161,0.35856846,-38.45858534,-6.64653911,-0.00555404,-0.00252960,-0.00120653,-0.03228800,-0.00440936,-0.00157961,1
11.260,-2.59499238,0.03650774,1.39831140,-0.02176802,-0.00628205,-0.00803517,0.05496605,0.01586268,0.02028948,-2.58909383,0.03908264,1.39954099,0.01057764,-0.00198198,-0.00645239,0.40185094,-38.39278412,-6.62821579,0.40257479,-38.39572641,-6.63088709,-0.15092045,-0.08877361,-0.02300727,0.25165434,-38.48450002,-6.65389436,0.34935324,-38.46107565,-6.64708010,-0.00589855,-0.00257490,-0.00122959,-0.03234566,-0.00430007,-0.00158278,1
11.270,-2.59520733,0.03644571,1.39823205,-0.02122131,-0.00612427,-0.00783337,0.05437460,0.01569200,0.02007116,-2.58896507,0.03906462,1.39948448,0.01115209,-0.00193700,-0.00625226,0.39754307,-38.39443207,-6.62852287,0.39826436,-38.39736349,-6.63119372,-0.15613771,-0.08931506,-0.02330116,0.24212665,-38.48667856,-6.65449488,0.33878379,-38.46304059,-6.64674881,-0.00624226,-0.00261891,-0.00125243,-0.03237340,-0.00418727,-0.00158111,1
11.280,-2.59541683,0.03638525,1.39815472,-0.02068054,-0.00596821,-0.00763376,0.05377918,0.01552017,0.01985137,-2.58883165,0.03904690,1.39942973,0.01169966,-0.00189586,-0.00605785,0.39320639,-38.39610291,-6.62884140,0.39392510,-38.39902336,-6.63151176,-0.16130176,-0.08981417,-0.02358303,0.23262333,-38.48883754,-6.65509479,0.33878379,-38.46305540,-6.64683743,-0.00658518,-0.00266165,-0.00127501,-0.03238020,-0.00407235,-0.00157591,1
11.290,-2.59562096,0.03632634,1.39807937,-0.02014574,-0.00581387,-0.00743635,0.05317979,0.01534719,0.01963012,-2.58869369,0.03902944,1.39937672,0.01222381,-0.00185822,-0.00586874,0.38884059,-38.39777756,-6.62916470,0.38955671,-38.40068692,-6.63183454,-0.16641877,-0.09027252,-0.02385392,0.22313793,-38.49095944,-6.65568846,0.32926301,-38.46554121,-6.64749046,-0.00692727,-0.00270310,-0.00129735,-0.03236955,-0.00395565,-0.00156761,1
11.300,-2.59581976,0.03626897,1.39800599,-0.01961696,-0.00566127,-0.00724116,0.05257642,0.01517306,0.01940740,-2.58840467,0.03899525,1.39927573,0.01283409,-0.00181824,-0.00564320,0.38444668,-38.39946365,-6.62949181,0.38516020,-38.40236183,-6.63216110,-0.17390649,-0.09029441,-0.02357219,0.21125371,-38.49265624,-6.65573330,0.31037008,-38.47038555,-6.64873728,-0.00741509,-0.00272628,-0.00126974,-0.03245105,-0.00384303,-0.00159796,1
11.310,-2.59601332,0.03621311,1.39793454,-0.01909423,-0.00551041,-0.00704820,0.05196906,0.01499778,0.01918321,-2.58825387,0.03897847,1.39922768,0.01339552,-0.00178327,-0.00543359,0.38002357,-38.40116501,-6.62982655,0.38073448,-38.40405188,-6.63249526,-0.17915702,-0.09069739,-0.02391934,0.20157746,-38.49474927,-6.65641460,0.30096391,-38.47274000,-6.64935046,-0.00775945,-0.00276536,-0.00129314,-0.03248975,-0.00372714,-0.00161461,1
11.320,-2.59620167,0.03615876,1.39786501,-0.01857759,-0.00536132,-0.00685750,0.05135771,0.01482135,0.01895754,-2.58809905,0.03896186,1.39918121,0.01391708,-0.00175264,-0.00523687,0.37557146,-38.40287399,-6.63016701,0.37627976,-38.40574946,-6.63283511,-0.18432248,-0.09105426,-0.02423552,0.19195728,-38.49680372,-6.65707063,0.29157376,-38.47507106,-6.64995748,-0.00810262,-0.00280310,-0.00131620,-0.03249467,-0.00360868,-0.00162063,1
11.330,-2.59638489,0.03610588,1.39779738,-0.01806708,-0.00521399,-0.00666906,0.05074235,0.01464377,0.01873040,-2.58794034,0.03894541,1.39913629,0.01440551,-0.00172583,-0.00505078,0.37109008,-38.40458298,-6.63051367,0.37179574,-38.40744691,-6.63318110,-0.18941569,-0.09136800,-0.02452616,0.18238006,-38.49881491,-6.65770726,0.28219379,-38.47735795,-6.65056633,-0.00844455,-0.00283953,-0.00133891,-0.03247259,-0.00348816,-0.00161828,1
11.340,-2.59656303,0.03605447,1.39773163,-0.01756275,-0.00506845,-0.00648290,0.05012298,0.01446502,0.01850177,-2.58777774,0.03892911,1.39909289,0.01486909,-0.00170182,-0.00487305,0.36657980,-38.40631104,-6.63086796,0.36728282,-38.40916335,-6.63353471,-0.19445405,-0.09164388,-0.02479701,0.17282878,-38.50080723,-6.65833171,0.28219379,-38.47736575,-6.65064264,-0.00878529,-0.00287464,-0.00136126,-0.03243184,-0.00336663,-0.00160985,1
11.350,-2.59673616,0.03600451,1.39766772,-0.01706464,-0.00492469,-0.00629903,0.04949960,0.01428512,0.01827166,-2.58761141,0.03891294,1.39905106,0.01531013,-0.00168066,-0.00470062,0.36204034,-38.40805054,-6.63122749,0.36274071,-38.41089111,-6.63389353,-0.19944097,-0.09188143,-0.02505679,0.16329973,-38.50277254,-6.65895032,0.27085251,-38.47919783,-6.65055618,-0.00912475,-0.00290843,-0.00138334,-0.03237477,-0.00324403,-0.00159841,1
11.360,-2.59690435,0.03595597,1.39760564,-0.01657278,-0.00478275,-0.00611747,0.04887218,0.01410405,0.01804007,-2.58726807,0.03888090,1.39897189,0.01581770,-0.00165997,-0.00449679,0.35747138,-38.40980530,-6.63159132,0.35816908,-38.41263402,-6.63425658,-0.20715494,-0.09169339,-0.02489164,0.15101413,-38.50432741,-6.65914822,0.25165434,-38.48370106,-6.65195171,-0.00963628,-0.00292493,-0.00136625,-0.03239048,-0.00312278,-0.00162068,1
11.370,-2.59706764,0.03590884,1.39754536,-0.01608721,-0.00464262,-0.00593823,0.04824074,0.01392182,0.01780698,-2.58709133,0.03886498,1.39893445,0.01628184,-0.00164279,-0.00430846,0.35287350,-38.41156769,-6.63195992,0.35356853,-38.41438444,-6.63462437,-0.21222254,-0.09186500,-0.02521273,0.14134599,-38.50624944,-6.65983710,0.24212665,-38.48588293,-6.65262314,-0.00997631,-0.00295614,-0.00138909,-0.03236905,-0.00299983,-0.00162977,1
11.380,-2.59722611,0.03586311,1.39748687,-0.01560798,-0.00450431,-0.00576133,0.04760525,0.01373843,0.01757241,-2.58691138,0.03884912,1.39889839,0.01671013,-0.00162872,-0.00413296,0.34824660,-38.41333771,-6.63233900,0.34893895,-38.41614238,-6.63500263,-0.21720728,-0.09199641,-0.02550219,0.13173167,-38.50813879,-6.66050482,0.23262333,-38.48804428,-6.65329157,-0.01031473,-0.00298601,-0.00141152,-0.03231811,-0.00287559,-0.00162837,1
11.390,-2.59737982,0.03581875,1.39743013,-0.01513512,-0.00436785,-0.00558679,0.04696572,0.01355387,0.01733634,-2.58672835,0.03883328,1.39886364,0.01710827,-0.00161745,-0.00396824,0.34359017,-38.41512680,-6.63271952,0.34427981,-38.41791929,-6.63538226,-0.22211955,-0.09208957,-0.02576504,0.12216027,-38.51000885,-6.66114729,0.22313793,-38.49016762,-6.65395141,-0.01065147,-0.00301453,-0.00143351,-0.03224339,-0.00275040,-0.00161855,1
11.400,-2.59752883,0.03577575,1.39737512,-0.01466867,-0.00423324,-0.00541461,0.04632213,0.01336813,0.01709877,-2.58654241,0.03881745,1.39883024,0.01747970,-0.00160886,-0.00381133,0.33890402,-38.41691208,-6.63311100,0.33959096,-38.41969226,-6.63577283,-0.22696476,-0.09214476,-0.02600918,0.11262620,-38.51183702,-6.66178202,0.21125371,-38.49186469,-6.65406301,-0.01098642,-0.00304170,-0.00145512,-0.03214837,-0.00262438,-0.00160328,1
11.410,-2.59767322,0.03573408,1.39732183,-0.01420869,-0.00410049,-0.00524482,0.04567448,0.01318122,0.01685971,-2.58616193,0.03878580,1.39876733,0.01790061,-0.00160245,-0.00362901,0.33418879,-38.41872406,-6.63350439,0.33487299,-38.42149182,-6.63616528,-0.23477127,-0.09176951,-0.02591696,0.10010173,-38.51326133,-6.66208224,0.20157746,-38.49395766,-6.65487357,-0.01151129,-0.00305172,-0.00144550,-0.03210930,-0.00249804,-0.00161581,1
11.420,-2.59781303,0.03569373,1.39727022,-0.01375520,-0.00396962,-0.00507742,0.04502275,0.01299314,0.01661914,-2.58596765,0.03876994,1.39873772,0.01828247,-0.00159829,-0.00346207,0.32944348,-38.42053986,-6.63390398,0.33012496,-38.42329510,-6.63656387,-0.23965121,-0.09175446,-0.02620325,0.09047375,-38.51504956,-6.66276712,0.19195728,-38.49601083,-6.65559001,-0.01184538,-0.00307621,-0.00146750,-0.03203767,-0.00237133,-0.00161535,1
11.430,-2.59794834,0.03565468,1.39722027,-0.01330825,-0.00384063,-0.00491244,0.04436695,0.01280388,0.01637706,-2.58577085,0.03875404,1.39870926,0.01863175,-0.00159620,-0.00330799,0.32466918,-38.42237473,-6.63431168,0.32534791,-38.42511733,-6.63697055,-0.24444963,-0.09170488,-0.02645688,0.08089828,-38.51682221,-6.66342743,0.18238006,-38.49801993,-6.65628438,-0.01217749,-0.00309936,-0.00148899,-0.03194000,-0.00224443,-0.00160445,1
11.440,-2.59807922,0.03561691,1.39717196,-0.01286787,-0.00371355,-0.00474989,0.04370706,0.01261345,0.01613348,-2.58557167,0.03873808,1.39868191,0.01895330,-0.00159609,-0.00316486,0.31986526,-38.42420959,-6.63472223,0.32054124,-38.42693944,-6.63738005,-0.24917537,-0.09162159,-0.02668226,0.07136586,-38.51856103,-6.66406231,0.17282878,-38.50000935,-6.65696398,-0.01250755,-0.00312117,-0.00150995,-0.03182117,-0.00211746,-0.00158503,1
11.450,-2.59820572,0.03558040,1.39712526,-0.01243412,-0.00358837,-0.00458978,0.04304308,0.01242183,0.01588838,-2.58537024,0.03872205,1.39865561,0.01925077,-0.00159786,-0.00303122,0.31503120,-38.42606354,-6.63513947,0.31570442,-38.42878050,-6.63779619,-0.25383463,-0.09150510,-0.02688278,0.06186979,-38.52028560,-6.66467897,0.16329973,-38.50197096,-6.65763517,-0.01283548,-0.00314165,-0.00153035,-0.03168489,-0.00199051,-0.00155856,1
11.460,-2.59832792,0.03554514,1.39708016,-0.01200703,-0.00346511,-0.00443212,0.04237500,0.01222903,0.01564178,-2.58516656,0.03870594,1.39863034,0.01953018,-0.00160099,-0.00290498,0.31016755,-38.42792892,-6.63556242,0.31083800,-38.43063290,-6.63821799,-0.25844070,-0.09135839,-0.02706367,0.05239730,-38.52199129,-6.66528166,0.16329973,-38.50196735,-6.65768719,-0.01316136,-0.00316080,-0.00155018,-0.03153721,-0.00186412,-0.00152714,1
11.470,-2.59844588,0.03551110,1.39703661,-0.01158663,-0.00334379,-0.00427694,0.04170280,0.01203504,0.01539365,-2.58496079,0.03868975,1.39860611,0.01979182,-0.00160558,-0.00278448,0.30527389,-38.42980194,-6.63599205,0.30594154,-38.43249281,-6.63864643,-0.26299257,-0.09118133,-0.02722970,0.04294898,-38.52367414,-6.66587613,0.15101413,-38.50351773,-6.65793673,-0.01348509,-0.00317865,-0.00156950,-0.03137845,-0.00173821,-0.00149246,1
11.480,-2.59855968,0.03547826,1.39699461,-0.01117298,-0.00322442,-0.00412426,0.04102650,0.01183986,0.01514401,-2.58454354,0.03865704,1.39856051,0.02008223,-0.00161457,-0.00264694,0.30035073,-38.43169022,-6.63642645,0.30101558,-38.43436787,-6.63907961,-0.27072588,-0.09054910,-0.02714662,0.03028970,-38.52491697,-6.66622623,0.13173167,-38.50731803,-6.65938767,-0.01401614,-0.00317878,-0.00156590,-0.03125521,-0.00160985,-0.00147732,1
11.490,-2.59866937,0.03544660,1.39695412,-0.01076612,-0.00310700,-0.00397407,0.04034607,0.01164350,0.01489284,-2.58433232,0.03864049,1.39853903,0.02034217,-0.00162460,-0.00252229,0.29539749,-38.43358994,-6.63686609,0.29605952,-38.43625426,-6.63951801,-0.27526003,-0.09029606,-0.02733144,0.02079950,-38.52655032,-6.66684945,0.12216027,-38.50918151,-6.66007313,-0.01433705,-0.00319389,-0.00158491,-0.03110829,-0.00148240,-0.00145178,1
11.500,-2.59877502,0.03541611,1.39691512,-0.01036608,-0.00299155,-0.00382640,0.03966150,0.01144594,0.01464015,-2.58411954,0.03862380,1.39851835,0.02057598,-0.00163575,-0.00240866,0.29041389,-38.43549728,-6.63731289,0.29107310,-38.43814816,-6.63996350,-0.27971857,-0.09001438,-0.02748612,0.01135453,-38.52816254,-6.66744962,0.11262620,-38.51100240,-6.66074812,-0.01465548,-0.00320769,-0.00160323,-0.03094206,-0.00135580,-0.00141774,1
11.510,-2.59887671,0.03538676,1.39687758,-0.00997290,-0.00287809,-0.00368127,0.03897280,0.01124719,0.01438593,-2.58390539,0.03860695,1.39849846,0.02078587,-0.00164810,-0.00230385,0.28540072,-38.43741608,-6.63776255,0.28605710,-38.44005337,-6.64041180,-0.28410465,-0.08970425,-0.02761634,0.00195245,-38.52975762,-6.66802815,0.10010173,-38.51241876,-6.66108754,-0.01497132,-0.00322019,-0.00162088,-0.03075877,-0.00122999,-0.00137742,1
11.520,-2.59897450,0.03535854,1.39684149,-0.00958663,-0.00276661,-0.00353869,0.03827996,0.01104724,0.01413019,-2.58368985,0.03858994,1.39847934,0.02097782,-0.00166130,-0.00220587,0.28035751,-38.43933868,-6.63821936,0.28101104,-38.44196229,-6.64086722,-0.28843121,-0.08936762,-0.02772709,-0.00742017,-38.53132991,-6.66859431,0.10010173,-38.51241089,-6.66112627,-0.01528465,-0.00323140,-0.00163785,-0.03056445,-0.00110531,-0.00133282,1
11.530,-2.59906847,0.03533142,1.39680680,-0.00920731,-0.00265714,-0.00339867,0.03758296,0.01084609,0.01387290,-2.58325516,0.03855540,1.39844318,0.02118093,-0.00167997,-0.00209813,0.27528393,-38.44128418,-6.63867998,0.27593461,-38.44389399,-6.64132643,-0.29602446,-0.08854789,-0.02762898,-0.02008985,-38.53244188,-6.66895541,0.08089828,-38.51595422,-6.66253997,-0.01581331,-0.00322398,-0.00163638,-0.03038824,-0.00097717,-0.00130054,1
11.540,-2.59915867,0.03530539,1.39677350,-0.00883499,-0.00254969,-0.00326124,0.03688180,0.01064374,0.01361409,-2.58303627,0.03853785,1.39842604,0.02135789,-0.00169883,-0.00200229,0.27017993,-38.44324493,-6.63914871,0.27082775,-38.44584080,-6.64179368,-0.30028618,-0.08813473,-0.02773665,-0.02945843,-38.53397553,-6.66953033,0.07136586,-38.51768333,-6.66320493,-0.01612240,-0.00323246,-0.00165254,-0.03019288,-0.00085086,-0.00125895,1
11.550,-2.59924519,0.03528042,1.39674157,-0.00846969,-0.00244427,-0.00312640,0.03617647,0.01044019,0.01335373,-2.58281653,0.03852009,1.39840944,0.02151197,-0.00171813,-0.00191668,0.26504579,-38.44520950,-6.63962173,0.26569073,-38.44779133,-6.64226520,-0.30447411,-0.08769782,-0.02781456,-0.03878338,-38.53548915,-6.67007976,0.06186979,-38.51939758,-6.66384905,-0.01642866,-0.00323967,-0.00166787,-0.02998166,-0.00072614,-0.00120972,1
11.560,-2.59932809,0.03525650,1.39671097,-0.00811147,-0.00234089,-0.00299417,0.03546696,0.01023543,0.01309183,-2.58259607,0.03850211,1.39839334,0.02164563,-0.00173809,-0.00184000,0.25988144,-38.44719315,-6.64009905,0.26052348,-38.44976081,-6.64274096,-0.30859221,-0.08723614,-0.02786586,-0.04806873,-38.53699695,-6.67060682,0.05239730,-38.52109231,-6.66447667,-0.01673202,-0.00324561,-0.00168237,-0.02975710,-0.00060280,-0.00115417,1
11.570,-2.59940744,0.03523360,1.39668168,-0.00776037,-0.00223957,-0.00286457,0.03475327,0.01002947,0.01282839,-2.58237501,0.03848390,1.39837769,0.02176072,-0.00175884,-0.00177128,0.25468683,-38.44918060,-6.64058352,0.25532598,-38.45173398,-6.64322383,-0.31264336,-0.08674949,-0.02789268,-0.05731739,-38.53848347,-6.67111651,0.04294898,-38.52276359,-6.66509358,-0.01703243,-0.00325030,-0.00169601,-0.02952109,-0.00048073,-0.00109329,1
11.580,-2.59948332,0.03521170,1.39665367,-0.00741642,-0.00214031,-0.00273760,0.03403539,0.00982229,0.01256340,-2.58215335,0.03846545,1.39836248,0.02186187,-0.00178016,-0.00170869,0.24946164,-38.45117569,-6.64107180,0.25009787,-38.45371465,-6.64371046,-0.31663811,-0.08623959,-0.02789984,-0.06654024,-38.53995425,-6.67161030,0.04294898,-38.52275209,-6.66511567,-0.01732997,-0.00325375,-0.00170881,-0.02927829,-0.00036015,-0.00102891,1
11.590,-2.59955580,0.03519079,1.39662691,-0.00707967,-0.00204313,-0.00261330,0.03331331,0.00961391,0.01229686,-2.58170892,0.03842784,1.39833324,0.02195543,-0.00180842,-0.00164247,0.24420576,-38.45318985,-6.64156532,0.24483907,-38.45571429,-6.64420230,-0.32392328,-0.08520127,-0.02772417,-0.07908421,-38.54091555,-6.67192647,0.02079950,-38.52560371,-6.66612754,-0.01784688,-0.00323705,-0.00170633,-0.02903510,-0.00023471,-0.00097083,1
11.600,-2.59962494,0.03517083,1.39660139,-0.00675017,-0.00194804,-0.00249167,0.03258702,0.00940431,0.01202877,-2.58148640,0.03840865,1.39831911,0.02202956,-0.00183618,-0.00158512,0.23891973,-38.45521545,-6.64206696,0.23955011,-38.45772523,-6.64470220,-0.32780555,-0.08461267,-0.02771326,-0.08825544,-38.54233789,-6.67241545,0.01135453,-38.52720282,-6.66674308,-0.01813854,-0.00323782,-0.00171772,-0.02877973,-0.00011186,-0.00090655,1
11.610,-2.59969082,0.03515182,1.39657707,-0.00642795,-0.00185505,-0.00237273,0.03185652,0.00919349,0.01175912,-2.58126385,0.03838918,1.39830524,0.02208587,-0.00186383,-0.00153563,0.23360220,-38.45724869,-6.64257193,0.23422963,-38.45974369,-6.64520539,-0.33161858,-0.08400446,-0.02767718,-0.09738895,-38.54374814,-6.67288257,0.00195245,-38.52878421,-6.66733456,-0.01842697,-0.00323736,-0.00172817,-0.02851382,0.00000878,-0.00083710,1
11.620,-2.59975352,0.03513372,1.39655393,-0.00611305,-0.00176417,-0.00225650,0.03112180,0.00898146,0.01148791,-2.58104140,0.03836943,1.39829158,0.02212558,-0.00189170,-0.00149322,0.22825508,-38.45930099,-6.64308167,0.22887954,-38.46178111,-6.64571329,-0.33536414,-0.08337586,-0.02761762,-0.10648459,-38.54515697,-6.67333091,-0.00742017,-38.53034226,-6.66791132,-0.01871212,-0.00323571,-0.00173765,-0.02823863,0.00012753,-0.00076328,1
11.630,-2.59981311,0.03511653,1.39653193,-0.00580553,-0.00167542,-0.00214298,0.03038285,0.00876820,0.01121515,-2.58081906,0.03834939,1.39827813,0.02215286,-0.00191969,-0.00145625,0.22287685,-38.46136093,-6.64359760,0.22349835,-38.46382601,-6.64622737,-0.33905169,-0.08272745,-0.02753908,-0.11555334,-38.54655345,-6.67376646,-0.00742017,-38.53032807,-6.66792163,-0.01899405,-0.00323286,-0.00174620,-0.02795839,0.00024427,-0.00068673,1
11.640,-2.59986966,0.03510021,1.39651106,-0.00550541,-0.00158881,-0.00203220,0.02963966,0.00855373,0.01094081,-2.58037532,0.03830843,1.39825169,0.02215633,-0.00195553,-0.00142103,0.21746765,-38.46342087,-6.64411831,0.21808617,-38.46587080,-6.64674617,-0.34598222,-0.08150569,-0.02727960,-0.12789606,-38.54737649,-6.67402576,-0.02945843,-38.53294402,-6.66887264,-0.01949434,-0.00320822,-0.00174063,-0.02766174,0.00036672,-0.00061117,1
11.650,-2.59992324,0.03508474,1.39649128,-0.00521275,-0.00150435,-0.00192417,0.02889223,0.00833803,0.01066492,-2.58015418,0.03828749,1.39823862,0.02214561,-0.00199022,-0.00139262,0.21202791,-38.46550751,-6.64464092,0.21264344,-38.46794216,-6.64726681,-0.34951596,-0.08077948,-0.02716949,-0.13687251,-38.54872165,-6.67443630,-0.03878338,-38.53444199,-6.66942607,-0.01976906,-0.00320275,-0.00174734,-0.02735836,0.00048587,-0.00053155,1
11.660,-2.59997394,0.03507011,1.39647257,-0.00492758,-0.00142205,-0.00181890,0.02814055,0.00812110,0.01038745,-2.57993371,0.03826622,1.39822558,0.02212105,-0.00202435,-0.00137037,0.20655675,-38.46760559,-6.64517117,0.20716928,-38.47002485,-6.64779504,-0.35298415,-0.08003783,-0.02703744,-0.14581487,-38.55006267,-6.67483247,-0.04806873,-38.53593359,-6.66995500,-0.02004023,-0.00319611,-0.00175301,-0.02704863,0.00060230,-0.00044853,1
11.670,-2.60002182,0.03505630,1.39645489,-0.00464995,-0.00134193,-0.00171642,0.02738461,0.00790294,0.01010841,-2.57971402,0.03824462,1.39821254,0.02208293,-0.00205832,-0.00135377,0.20105518,-38.46971512,-6.64570475,0.20166469,-38.47211884,-6.64832656,-0.35638643,-0.07927891,-0.02688483,-0.15472174,-38.55139775,-6.67521139,-0.05731739,-38.53740334,-6.67046453,-0.02030780,-0.00318832,-0.00175765,-0.02673288,0.00071639,-0.00036265,1
11.680,-2.60006696,0.03504327,1.39643823,-0.00437990,-0.00126400,-0.00161674,0.02662440,0.00768355,0.00982780,-2.57949525,0.03822267,1.39819946,0.02203145,-0.00209247,-0.00134237,0.19552237,-38.47183228,-6.64624643,0.19612885,-38.47422034,-6.64886614,-0.35972261,-0.07850189,-0.02671240,-0.16359376,-38.55272223,-6.67557854,-0.06654024,-38.53885679,-6.67095621,-0.02057171,-0.00317940,-0.00176123,-0.02641135,0.00082847,-0.00027437,1
11.690,-2.60010944,0.03503101,1.39642255,-0.00411748,-0.00118826,-0.00151987,0.02585992,0.00746293,0.00954561,-2.57906063,0.03817773,1.39817313,0.02194276,-0.00213552,-0.00133686,0.18995823,-38.47397232,-6.64678860,0.19056167,-38.47634460,-6.64940614,-0.36619794,-0.07709721,-0.02634729,-0.17563627,-38.55344181,-6.67575343,-0.07908421,-38.53978322,-6.67126632,-0.02104881,-0.00314672,-0.00175058,-0.02606024,0.00094726,-0.00018301,1
11.700,-2.60014934,0.03501950,1.39640782,-0.00386272,-0.00111474,-0.00142584,0.02509115,0.00724107,0.00926184,-2.57884508,0.03815472,1.39815981,0.02184587,-0.00217687,-0.00133557,0.18436328,-38.47610474,-6.64733839,0.18496367,-38.47846111,-6.64995372,-0.36934773,-0.07624165,-0.02613556,-0.18438406,-38.55470276,-6.67608929,-0.08825544,-38.54118743,-6.67174960,-0.02130426,-0.00313522,-0.00175199,-0.02570859,0.00106213,-0.00009027,1
11.710,-2.60018672,0.03500871,1.39639402,-0.00361567,-0.00104345,-0.00133464,0.02431810,0.00701798,0.00897648,-2.57863087,0.03813134,1.39814635,0.02173969,-0.00221722,-0.00133835,0.17873698,-38.47826767,-6.64789391,0.17933433,-38.48060800,-6.65050700,-0.37243671,-0.07537486,-0.02590668,-0.19310238,-38.55598286,-6.67641367,-0.09738895,-38.54257900,-6.67220921,-0.02155585,-0.00312263,-0.00175233,-0.02535536,0.00117377,0.00000371,1
11.720,-2.60022168,0.03499862,1.39638112,-0.00337637,-0.00097439,-0.00124631,0.02354075,0.00679364,0.00868954,-2.57841812,0.03810757,1.39813270,0.02162341,-0.00225711,-0.00134504,0.17307933,-38.48043442,-6.64845181,0.17367360,-38.48275858,-6.65106259,-0.37546294,-0.07449439,-0.02566112,-0.20178935,-38.55725298,-6.67672371,-0.10648459,-38.54396858,-6.67264836,-0.02180356,-0.00310895,-0.00175158,-0.02499978,0.00128272,0.00009873,1
11.730,-2.60025428,0.03498921,1.39636909,-0.00314487,-0.00090758,-0.00116086,0.02275910,0.00656806,0.00840101,-2.57820697,0.03808340,1.39811883,0.02149644,-0.00229694,-0.00135547,0.16739081,-38.48260498,-6.64901733,0.16798200,-38.48491286,-6.65162575,-0.37842436,-0.07359855,-0.02539929,-0.21044236,-38.55851141,-6.67702504,-0.11555334,-38.54534525,-6.67307309,-0.02204731,-0.00309419,-0.00174974,-0.02464131,0.00138936,0.00019461,1
11.740,-2.60028460,0.03498046,1.39635789,-0.00292120,-0.00084303,-0.00107830,0.02197313,0.00634124,0.00811089,-2.57799740,0.03805884,1.39810474,0.02136143,-0.00233669,-0.00136879,0.16167045,-38.48479843,-6.64958620,0.16225854,-38.48708987,-6.65219221,-0.38132756,-0.07268797,-0.02512379,-0.21906903,-38.55977784,-6.67731601,-0.11555334,-38.54532549,-6.67306208,-0.02228720,-0.00307838,-0.00174685,-0.02428263,0.00149366,0.00029049,1
11.750,-2.60031273,0.03497234,1.39634751,-0.00270542,-0.00078076,-0.00099864,0.02118285,0.00611317,0.00781917,-2.57758368,0.03800851,1.39807581,0.02116904,-0.00238681,-0.00139172,0.15591931,-38.48700333,-6.65015841,0.15650430,-38.48927821,-6.65276194,-0.38716174,-0.07107678,-0.02462783,-0.23065744,-38.56035499,-6.67738978,-0.13687251,-38.54745306,-6.67370606,-0.02272905,-0.00303617,-0.00172830,-0.02387446,0.00160605,0.00039308,1
11.760,-2.60033873,0.03496484,1.39633791,-0.00249756,-0.00072077,-0.00092192,0.02038824,0.00588385,0.00752586,-2.57737977,0.03798272,1.39806090,0.02097456,-0.00243498,-0.00141646,0.15013652,-38.48921585,-6.65073490,0.15071838,-38.49147402,-6.65333592,-0.38982867,-0.07008463,-0.02430690,-0.23911029,-38.56155865,-6.67764282,-0.14581487,-38.54877292,-6.67408713,-0.02295896,-0.00301788,-0.00172299,-0.02347212,0.00171421,0.00049454,1
11.770,-2.60036270,0.03495792,1.39632906,-0.00229767,-0.00066309,-0.00084813,0.01958929,0.00565329,0.00723095,-2.57717799,0.03795649,1.39804566,0.02077543,-0.00248198,-0.00144323,0.14432126,-38.49144363,-6.65131664,0.14490001,-38.49368498,-6.65391510,-0.39244008,-0.06908448,-0.02397422,-0.24754007,-38.56276947,-6.67788932,-0.15472174,-38.55008626,-6.67444962,-0.02318471,-0.00299857,-0.00171660,-0.02307310,0.00181889,0.00059510,1
11.780,-2.60038471,0.03495157,1.39632094,-0.00210579,-0.00060771,-0.00077730,0.01878601,0.00542146,0.00693443,-2.57697846,0.03792981,1.39803007,0.02056977,-0.00252840,-0.00147213,0.13847560,-38.49368668,-6.65190411,0.13905119,-38.49591106,-6.65449993,-0.39499147,-0.06807332,-0.02362949,-0.25594028,-38.56398438,-6.67812943,-0.16359376,-38.55138842,-6.67479911,-0.02340625,-0.00297824,-0.00170913,-0.02267556,0.00192069,0.00069483,1
11.790,-2.60040485,0.03494576,1.39631351,-0.00192196,-0.00055466,-0.00070945,0.01797837,0.00518839,0.00663631,-2.57678119,0.03790269,1.39801413,0.02035920,-0.00257434,-0.00150273,0.13259798,-38.49593735,-6.65249443,0.13317043,-38.49814465,-6.65508758,-0.39748752,-0.06705146,-0.02327437,-0.26431710,-38.56519611,-6.67836195,-0.16359376,-38.55136615,-6.67478127,-0.02362366,-0.00295693,-0.00170062,-0.02228116,0.00201968,0.00079328,1
11.800,-2.60042318,0.03494047,1.39630674,-0.00174623,-0.00050395,-0.00064458,0.01716638,0.00495406,0.00633658,-2.57658633,0.03787512,1.39799781,0.02014081,-0.00262007,-0.00153497,0.12668844,-38.49819946,-6.65309095,0.12725771,-38.50038954,-6.65568137,-0.39992091,-0.06601806,-0.02290919,-0.27266321,-38.56640760,-6.67859056,-0.17563627,-38.55206318,-6.67493759,-0.02383685,-0.00293465,-0.00169107,-0.02188704,0.00211612,0.00089039,1
11.810,-2.60043980,0.03493567,1.39630061,-0.00157865,-0.00045558,-0.00058272,0.01635002,0.00471846,0.00603524,-2.57620436,0.03781857,1.39796398,0.01984705,-0.00267778,-0.00157935,0.12074727,-38.50047302,-6.65368843,0.12131337,-38.50264574,-6.65627605,-0.40500140,-0.06419984,-0.02228508,-0.28368803,-38.56684558,-6.67856113,-0.19310238,-38.55455741,-6.67555743,-0.02423544,-0.00288290,-0.00166337,-0.02142570,0.00222220,0.00099663,1
11.820,-2.60045478,0.03493135,1.39629507,-0.00141925,-0.00040958,-0.00052388,0.01552929,0.00448161,0.00573229,-2.57601748,0.03778958,1.39794642,0.01955726,-0.00273321,-0.00162347,0.11477449,-38.50276566,-6.65429258,0.11533740,-38.50492086,-6.65687737,-0.40715533,-0.06308150,-0.02187310,-0.29181793,-38.56800237,-6.67875047,-0.20178935,-38.55580322,-6.67584580,-0.02443730,-0.00285823,-0.00165135,-0.02097651,0.00232363,0.00109959,1
11.830,-2.60046821,0.03492747,1.39629012,-0.00126808,-0.00036596,-0.00046808,0.01470418,0.00424349,0.00542772,-2.57583350,0.03776008,1.39792841,0.01926746,-0.00278724,-0.00166783,0.10876949,-38.50506210,-6.65490198,0.10932920,-38.50719967,-6.65748387,-0.40925919,-0.06195859,-0.02145455,-0.29992999,-38.56915826,-6.67893842,-0.21044236,-38.55703674,-6.67612458,-0.02463471,-0.00283261,-0.00163829,-0.02053554,0.00242128,0.00119975,1
11.840,-2.60048017,0.03492402,1.39628570,-0.00112518,-0.00032472,-0.00041533,0.01387469,0.00400410,0.00512153,-2.57565253,0.03773008,1.39790993,0.01897469,-0.00284053,-0.00171281,0.10273255,-38.50737762,-6.65551329,0.10328906,-38.50949741,-6.65809219,-0.41130652,-0.06082774,-0.02102913,-0.30801746,-38.57032515,-6.67912132,-0.21906903,-38.55827766,-6.67639215,-0.02482764,-0.00280606,-0.00162423,-0.02009987,0.00251581,0.00129748,1
11.850,-2.60049074,0.03492097,1.39628180,-0.00099060,-0.00028588,-0.00036566,0.01304080,0.00376345,0.00481372,-2.57547459,0.03769957,1.39789098,0.01867968,-0.00289322,-0.00175832,0.09666402,-38.50970459,-6.65613031,0.09721730,-38.51180648,-6.65870620,-0.41330011,-0.05968906,-0.02059714,-0.31608281,-38.57149554,-6.67930335,-0.21906903,-38.55825219,-6.67636857,-0.02501615,-0.00277860,-0.00160918,-0.01967028,0.00260734,0.00139266,1
11.860,-2.60050001,0.03491829,1.39627838,-0.00086438,-0.00024945,-0.00031907,0.01220250,0.00352153,0.00450428,-2.57529982,0.03766854,1.39787156,0.01837900,-0.00294560,-0.00180437,0.09056302,-38.51204300,-6.65674877,0.09111307,-38.51412684,-6.65932158,-0.41523212,-0.05854180,-0.02015908,-0.32411905,-38.57266864,-6.67948066,-0.23065744,-38.55880361,-6.67641852,-0.02520019,-0.00275025,-0.00159318,-0.01924338,0.00269615,0.00148530,1
11.870,-2.60050806,0.03491597,1.39627541,-0.00074656,-0.00021545,-0.00027558,0.01135980,0.00327833,0.00419322,-2.57496027,0.03760489,1.39783123,0.01798594,-0.00301153,-0.00186370,0.08443014,-38.51438522,-6.65737486,0.08497694,-38.51645087,-6.65994453,-0.41944980,-0.05651437,-0.01941787,-0.33447286,-38.57296524,-6.67936239,-0.24754007,-38.56116482,-6.67686847,-0.02554779,-0.00268892,-0.00155582,-0.01873250,0.00279608,0.00158812,1
11.880,-2.60051497,0.03491398,1.39627286,-0.00063720,-0.00018389,-0.00023521,0.01051269,0.00303386,0.00388052,-2.57479573,0.03757225,1.39781030,0.01760301,-0.00307476,-0.00192105,0.07826521,-38.51675034,-6.65800476,0.07880875,-38.51879765,-6.66057124,-0.42106274,-0.05527938,-0.01893617,-0.34225398,-38.57407703,-6.67950741,-0.25594028,-38.56235216,-6.67708289,-0.02571924,-0.00265827,-0.00153744,-0.01824021,0.00289087,0.00168584,1
11.890,-2.60052083,0.03491229,1.39627069,-0.00053632,-0.00015478,-0.00019797,0.00966114,0.00278811,0.00356619,-2.57463483,0.03753904,1.39778884,0.01722481,-0.00313628,-0.00197717,0.07206790,-38.51912308,-6.65863371,0.07260817,-38.52115192,-6.66119692,-0.42263189,-0.05404352,-0.01845358,-0.35002372,-38.57519543,-6.67965050,-0.26431710,-38.56353569,-6.67728919,-0.02588600,-0.00262675,-0.00151815,-0.01776113,0.00298150,0.00177920,1
11.900,-2.60052572,0.03491087,1.39626889,-0.00044399,-0.00012813,-0.00016389,0.00880517,0.00254109,0.00325023,-2.57447768,0.03750526,1.39776685,0.01684727,-0.00319684,-0.00203263,0.06583858,-38.52151108,-6.65927219,0.06637556,-38.52352131,-6.66183209,-0.42414875,-0.05280355,-0.01796876,-0.35777319,-38.57632486,-6.67980084,-0.27266321,-38.56471835,-6.67749106,-0.02604804,-0.00259439,-0.00149796,-0.01729126,0.00306871,0.00186874,1
11.910,-2.60052974,0.03490972,1.39626741,-0.00036024,-0.00010396,-0.00013297,0.00794475,0.00229278,0.00293263,-2.57432444,0.03747089,1.39774433,0.01646644,-0.00325680,-0.00208747,0.05957652,-38.52390671,-6.65991259,0.06011022,-38.52589817,-6.66246909,-0.42560469,-0.05155760,-0.01748230,-0.36549447,-38.57745577,-6.67995139,-0.28368803,-38.56512724,-6.67743513,-0.02620530,-0.00256117,-0.00147692,-0.01682668,0.00315284,0.00195450,1
11.920,-2.60053296,0.03490879,1.39626622,-0.00028511,-0.00008228,-0.00010524,0.00707989,0.00204319,0.00261338,-2.57402980,0.03740040,1.39769768,0.01598266,-0.00333110,-0.00215550,0.05328272,-38.52631760,-6.66055679,0.05381310,-38.52829016,-6.66310984,-0.42898134,-0.04934376,-0.01665336,-0.37516824,-38.57763392,-6.67976320,-0.29181793,-38.56622537,-6.67757068,-0.02650316,-0.00249161,-0.00143146,-0.01626777,0.00324882,0.00205026,1
11.930,-2.60053547,0.03490806,1.39626529,-0.00021865,-0.00006310,-0.00008071,0.00621058,0.00179231,0.00229249,-2.57388862,0.03736426,1.39767354,0.01551654,-0.00340195,-0.00222022,0.04695635,-38.52873993,-6.66120577,0.04748341,-38.53069344,-6.66375531,-0.43009822,-0.04801310,-0.01612986,-0.38261481,-38.57870654,-6.67988517,-0.29992999,-38.56735099,-6.67773123,-0.02664685,-0.00245620,-0.00140825,-0.01573519,0.00333885,0.00213951,1
11.940,-2.60053736,0.03490752,1.39626459,-0.00016091,-0.00004644,-0.00005940,0.00533680,0.00154015,0.00196996,-2.57375168,0.03732749,1.39764884,0.01506090,-0.00347055,-0.00228261,0.04059726,-38.53118134,-6.66185808,0.04112099,-38.53311567,-6.66440403,-0.43118068,-0.04668607,-0.01561002,-0.39005969,-38.57980174,-6.68001405,-0.30801746,-38.56848698,-6.67788643,-0.02678568,-0.00241997,-0.00138425,-0.01522181,0.00342411,0.00222321,1
11.950,-2.60053872,0.03490712,1.39626409,-0.00011193,-0.00003230,-0.00004132,0.00445855,0.00128670,0.00164577,-2.57361909,0.03729010,1.39762358,0.01461033,-0.00353777,-0.00234340,0.03420549,-38.53362274,-6.66251040,0.03472590,-38.53553773,-6.66505271,-0.43221770,-0.04535917,-0.01509234,-0.39749180,-38.58089690,-6.68014505,-0.31608281,-38.56962582,-6.67804045,-0.02691963,-0.00238298,-0.00135949,-0.01472226,0.00350547,0.00230208,1
11.960,-2.60053963,0.03490686,1.39626376,-0.00007176,-0.00002071,-0.00002649,0.00357582,0.00103195,0.00131993,-2.57349097,0.03725206,1.39759776,0.01416080,-0.00360428,-0.00240314,0.02778190,-38.53609085,-6.66316891,0.02829894,-38.53798638,-6.66570752,-0.43320083,-0.04402890,-0.01457585,-0.40490189,-38.58201528,-6.68028337,-0.32411905,-38.57076673,-6.67818949,-0.02704866,-0.00234520,-0.00133400,-0.01423256,0.00358357,0.00237665,1
11.970,-2.60054018,0.03490670,1.39626355,-0.00004043,-0.00001167,-0.00001492,0.00268861,0.00077591,0.00099244,-2.57336731,0.03721338,1.39757136,0.01371205,-0.00367022,-0.00246220,0.02132478,-38.53856277,-6.66383314,0.02183846,-38.54043866,-6.66636797,-0.43413096,-0.04269560,-0.01406019,-0.41229251,-38.58313426,-6.68042816,-0.32411905,-38.57073462,-6.67816097,-0.02717287,-0.00230668,-0.00130781,-0.01375248,0.00365855,0.00244728,1
11.980,-2.60054047,0.03490662,1.39626345,-0.00001800,-0.00000519,-0.00000664,0.00179691,0.00051857,0.00066329,-2.57313392,0.03713407,1.39751690,0.01314247,-0.00375233,-0.00253449,0.01483553,-38.54104996,-6.66449976,0.01534582,-38.54290608,-6.66703074,-0.43647953,-0.04027626,-0.01315327,-0.42113370,-38.58318234,-6.68018401,-0.34225398,-38.57207770,-6.67813173,-0.02740655,-0.00222745,-0.00125345,-0.01316047,0.00374714,0.00252785,1
11.990,-2.60054057,0.03490659,1.39626341,-0.00000451,-0.00000130,-0.00000166,0.00090071,0.00025994,0.00033248,-2.57302440,0.03709341,1.39748882,0.01259476,-0.00383071,-0.00260281,0.00831359,-38.54354477,-6.66516733,0.00882049,-38.54538096,-6.66769439,-0.43702889,-0.03885356,-0.01260675,-0.42820840,-38.58423452,-6.68030114,-0.35002372,-38.57316250,-6.67824662,-0.02751617,-0.00218682,-0.00122541,-0.01259927,0.00382941,0.00260115,1
12.000,-2.60054059,0.03490659,1.39626340,-0.00000000,-0.00000000,-0.00000000,-0.00000000,-0.00000000,-0.00000000,-2.57291982,0.03705206,1.39746017,0.01206079,-0.00390662,-0.00266824,0.00175859,-38.54605484,-6.66584015,0.00226210,-38.54787096,-6.66836324,-0.43754867,-0.03743826,-0.01206795,-0.43528657,-38.58530921,-6.68043118,-0.35777319,-38.57425770,-6.67836857,-0.02762077,-0.00214547,-0.00119677,-0.01206079,0.00390662,0.00266824,1
